Unnamed: 0,location_id,date,relative_humidity_2m_previous_day1,relative_humidity_2m_previous_day2,relative_humidity_2m_previous_day3,relative_humidity_2m_previous_day4,relative_humidity_2m_previous_day5,relative_humidity_2m_previous_day6,relative_humidity_2m_previous_day7,month,weekday,hour,average_humidity
0,2,2024-02-01 00:00:00+00:00,86.0,88.0,88.0,86.0,90.0,58.0,59.0,2,3,0,79.28571428571429
1,2,2024-02-01 01:00:00+00:00,85.0,88.0,89.0,88.0,90.0,58.0,61.0,2,3,1,79.85714285714286
2,2,2024-02-01 02:00:00+00:00,85.0,89.0,89.0,89.0,89.0,60.0,64.0,2,3,2,80.71428571428571
3,2,2024-02-01 03:00:00+00:00,86.0,90.0,88.0,89.0,87.0,60.0,66.0,2,3,3,80.85714285714286
4,2,2024-02-01 04:00:00+00:00,88.0,91.0,87.0,87.0,83.0,56.0,63.0,2,3,4,79.28571428571429
5,2,2024-02-01 05:00:00+00:00,84.0,86.0,84.0,83.0,79.0,50.0,59.0,2,3,5,75.0
6,2,2024-02-01 06:00:00+00:00,74.0,74.0,75.0,80.0,75.0,45.0,61.0,2,3,6,69.14285714285714
7,2,2024-02-01 07:00:00+00:00,69.0,63.0,67.0,75.0,72.0,44.0,60.0,2,3,7,64.28571428571429
8,2,2024-02-01 08:00:00+00:00,66.0,55.0,68.0,70.0,71.0,44.0,60.0,2,3,8,62.0
9,2,2024-02-01 09:00:00+00:00,67.0,49.0,69.0,67.0,70.0,44.0,60.0,2,3,9,60.857142857142854
10,2,2024-02-01 10:00:00+00:00,65.0,48.0,68.0,65.0,70.0,44.0,59.0,2,3,10,59.857142857142854
11,2,2024-02-01 11:00:00+00:00,63.0,52.0,69.0,65.0,72.0,44.0,58.0,2,3,11,60.42857142857143
12,2,2024-02-01 12:00:00+00:00,67.0,64.0,65.0,69.0,66.0,54.0,53.0,2,3,12,62.57142857142857
13,2,2024-02-01 13:00:00+00:00,70.0,69.0,72.0,74.0,70.0,54.0,54.0,2,3,13,66.14285714285714
14,2,2024-02-01 14:00:00+00:00,77.0,77.0,75.0,81.0,76.0,54.0,56.0,2,3,14,70.85714285714286
15,2,2024-02-01 15:00:00+00:00,82.0,83.0,77.0,86.0,81.0,55.0,56.0,2,3,15,74.28571428571429
16,2,2024-02-01 16:00:00+00:00,81.0,85.0,81.0,88.0,85.0,56.0,54.0,2,3,16,75.71428571428571
17,2,2024-02-01 17:00:00+00:00,81.0,85.0,83.0,88.0,88.0,57.0,52.0,2,3,17,76.28571428571429
18,2,2024-02-01 18:00:00+00:00,84.0,82.0,84.0,90.0,91.0,58.0,59.0,2,3,18,78.28571428571429
19,2,2024-02-01 19:00:00+00:00,86.0,85.0,86.0,92.0,93.0,61.0,58.0,2,3,19,80.14285714285714
20,2,2024-02-01 20:00:00+00:00,88.0,89.0,86.0,93.0,94.0,64.0,56.0,2,3,20,81.42857142857143
21,2,2024-02-01 21:00:00+00:00,91.0,92.0,86.0,94.0,95.0,65.0,54.0,2,3,21,82.42857142857143
22,2,2024-02-01 22:00:00+00:00,55.0,93.0,88.0,96.0,96.0,62.0,53.0,2,3,22,77.57142857142857
23,2,2024-02-01 23:00:00+00:00,26.0,95.0,90.0,98.0,97.0,58.0,52.0,2,3,23,73.71428571428571
24,2,2024-02-02 00:00:00+00:00,29.0,35.0,91.0,95.0,94.0,96.0,63.0,2,4,0,71.85714285714286
25,2,2024-02-02 01:00:00+00:00,31.0,30.0,47.0,78.0,95.0,84.0,63.0,2,4,1,61.142857142857146
26,2,2024-02-02 02:00:00+00:00,43.0,33.0,39.0,56.0,95.0,67.0,62.0,2,4,2,56.42857142857143
27,2,2024-02-02 03:00:00+00:00,75.0,37.0,39.0,39.0,94.0,54.0,61.0,2,4,3,57.0
28,2,2024-02-02 04:00:00+00:00,65.0,42.0,42.0,35.0,93.0,50.0,59.0,2,4,4,55.142857142857146
29,2,2024-02-02 05:00:00+00:00,64.0,54.0,41.0,36.0,90.0,51.0,56.0,2,4,5,56.0
30,2,2024-02-02 06:00:00+00:00,61.0,56.0,34.0,40.0,88.0,52.0,57.0,2,4,6,55.42857142857143
31,2,2024-02-02 07:00:00+00:00,60.0,58.0,34.0,39.0,86.0,52.0,56.0,2,4,7,55.0
32,2,2024-02-02 08:00:00+00:00,58.0,59.0,33.0,38.0,83.0,51.0,55.0,2,4,8,53.857142857142854
33,2,2024-02-02 09:00:00+00:00,56.0,58.0,38.0,37.0,80.0,51.0,55.0,2,4,9,53.57142857142857
34,2,2024-02-02 10:00:00+00:00,55.0,56.0,46.0,38.0,76.0,50.0,56.0,2,4,10,53.857142857142854
35,2,2024-02-02 11:00:00+00:00,53.0,55.0,50.0,39.0,70.0,48.0,57.0,2,4,11,53.142857142857146
36,2,2024-02-02 12:00:00+00:00,52.0,56.0,52.0,53.0,38.0,65.0,52.0,2,4,12,52.57142857142857
37,2,2024-02-02 13:00:00+00:00,55.0,56.0,56.0,56.0,42.0,64.0,54.0,2,4,13,54.714285714285715
38,2,2024-02-02 14:00:00+00:00,53.0,61.0,57.0,58.0,48.0,63.0,56.0,2,4,14,56.57142857142857
39,2,2024-02-02 15:00:00+00:00,54.0,59.0,56.0,60.0,52.0,62.0,57.0,2,4,15,57.142857142857146
40,2,2024-02-02 16:00:00+00:00,53.0,56.0,57.0,61.0,53.0,59.0,57.0,2,4,16,56.57142857142857
41,2,2024-02-02 17:00:00+00:00,56.0,54.0,60.0,61.0,53.0,56.0,57.0,2,4,17,56.714285714285715
42,2,2024-02-02 18:00:00+00:00,59.0,52.0,57.0,58.0,53.0,54.0,53.0,2,4,18,55.142857142857146
43,2,2024-02-02 19:00:00+00:00,59.0,54.0,57.0,56.0,54.0,57.0,54.0,2,4,19,55.857142857142854
44,2,2024-02-02 20:00:00+00:00,58.0,55.0,56.0,54.0,56.0,61.0,56.0,2,4,20,56.57142857142857
45,2,2024-02-02 21:00:00+00:00,55.0,53.0,56.0,53.0,57.0,62.0,57.0,2,4,21,56.142857142857146
46,2,2024-02-02 22:00:00+00:00,54.0,55.0,56.0,53.0,57.0,56.0,57.0,2,4,22,55.42857142857143
47,2,2024-02-02 23:00:00+00:00,52.0,53.0,57.0,55.0,57.0,47.0,57.0,2,4,23,54.0
48,2,2024-02-03 00:00:00+00:00,53.0,54.0,71.0,55.0,58.0,46.0,61.0,2,5,0,56.857142857142854
49,2,2024-02-03 01:00:00+00:00,52.0,54.0,72.0,58.0,64.0,48.0,63.0,2,5,1,58.714285714285715
50,2,2024-02-03 02:00:00+00:00,53.0,65.0,61.0,62.0,72.0,50.0,66.0,2,5,2,61.285714285714285
51,2,2024-02-03 03:00:00+00:00,52.0,72.0,58.0,64.0,75.0,51.0,66.0,2,5,3,62.57142857142857
52,2,2024-02-03 04:00:00+00:00,58.0,68.0,55.0,64.0,71.0,52.0,63.0,2,5,4,61.57142857142857
53,2,2024-02-03 05:00:00+00:00,59.0,60.0,58.0,62.0,62.0,52.0,58.0,2,5,5,58.714285714285715
54,2,2024-02-03 06:00:00+00:00,55.0,58.0,56.0,51.0,54.0,50.0,49.0,2,5,6,53.285714285714285
55,2,2024-02-03 07:00:00+00:00,51.0,52.0,53.0,50.0,47.0,45.0,50.0,2,5,7,49.714285714285715
56,2,2024-02-03 08:00:00+00:00,47.0,43.0,51.0,49.0,41.0,39.0,51.0,2,5,8,45.857142857142854
57,2,2024-02-03 09:00:00+00:00,43.0,44.0,49.0,49.0,36.0,35.0,53.0,2,5,9,44.142857142857146
58,2,2024-02-03 10:00:00+00:00,42.0,45.0,48.0,49.0,34.0,34.0,55.0,2,5,10,43.857142857142854
59,2,2024-02-03 11:00:00+00:00,42.0,47.0,48.0,49.0,35.0,35.0,56.0,2,5,11,44.57142857142857
60,2,2024-02-03 12:00:00+00:00,44.0,48.0,46.0,50.0,49.0,28.0,51.0,2,5,12,45.142857142857146
61,2,2024-02-03 13:00:00+00:00,44.0,49.0,47.0,52.0,50.0,32.0,54.0,2,5,13,46.857142857142854
62,2,2024-02-03 14:00:00+00:00,47.0,52.0,50.0,53.0,51.0,38.0,57.0,2,5,14,49.714285714285715
63,2,2024-02-03 15:00:00+00:00,49.0,55.0,53.0,55.0,52.0,43.0,58.0,2,5,15,52.142857142857146
64,2,2024-02-03 16:00:00+00:00,51.0,55.0,53.0,56.0,53.0,44.0,57.0,2,5,16,52.714285714285715
65,2,2024-02-03 17:00:00+00:00,52.0,55.0,55.0,56.0,53.0,43.0,55.0,2,5,17,52.714285714285715
66,2,2024-02-03 18:00:00+00:00,53.0,56.0,56.0,55.0,53.0,43.0,65.0,2,5,18,54.42857142857143
67,2,2024-02-03 19:00:00+00:00,53.0,55.0,54.0,53.0,52.0,43.0,63.0,2,5,19,53.285714285714285
68,2,2024-02-03 20:00:00+00:00,49.0,51.0,54.0,51.0,50.0,44.0,61.0,2,5,20,51.42857142857143
69,2,2024-02-03 21:00:00+00:00,47.0,48.0,54.0,50.0,50.0,46.0,59.0,2,5,21,50.57142857142857
70,2,2024-02-03 22:00:00+00:00,46.0,48.0,53.0,50.0,55.0,51.0,56.0,2,5,22,51.285714285714285
71,2,2024-02-03 23:00:00+00:00,48.0,49.0,50.0,51.0,62.0,57.0,54.0,2,5,23,53.0
72,2,2024-02-04 00:00:00+00:00,48.0,52.0,52.0,64.0,63.0,68.0,46.0,2,6,0,56.142857142857146
73,2,2024-02-04 01:00:00+00:00,50.0,54.0,60.0,68.0,67.0,69.0,46.0,2,6,1,59.142857142857146
74,2,2024-02-04 02:00:00+00:00,50.0,58.0,66.0,71.0,70.0,68.0,47.0,2,6,2,61.42857142857143
75,2,2024-02-04 03:00:00+00:00,53.0,63.0,69.0,72.0,71.0,65.0,47.0,2,6,3,62.857142857142854
76,2,2024-02-04 04:00:00+00:00,60.0,69.0,73.0,71.0,67.0,59.0,46.0,2,6,4,63.57142857142857
77,2,2024-02-04 05:00:00+00:00,60.0,69.0,68.0,67.0,60.0,52.0,46.0,2,6,5,60.285714285714285
78,2,2024-02-04 06:00:00+00:00,62.0,61.0,65.0,67.0,54.0,47.0,50.0,2,6,6,58.0
79,2,2024-02-04 07:00:00+00:00,58.0,59.0,58.0,60.0,52.0,45.0,48.0,2,6,7,54.285714285714285
80,2,2024-02-04 08:00:00+00:00,55.0,54.0,56.0,51.0,51.0,46.0,46.0,2,6,8,51.285714285714285
81,2,2024-02-04 09:00:00+00:00,49.0,51.0,53.0,44.0,50.0,46.0,45.0,2,6,9,48.285714285714285
82,2,2024-02-04 10:00:00+00:00,43.0,46.0,47.0,43.0,48.0,46.0,45.0,2,6,10,45.42857142857143
83,2,2024-02-04 11:00:00+00:00,41.0,44.0,43.0,44.0,45.0,46.0,45.0,2,6,11,44.0
84,2,2024-02-04 12:00:00+00:00,50.0,46.0,44.0,46.0,47.0,46.0,48.0,2,6,12,46.714285714285715
85,2,2024-02-04 13:00:00+00:00,51.0,48.0,46.0,48.0,49.0,48.0,50.0,2,6,13,48.57142857142857
86,2,2024-02-04 14:00:00+00:00,53.0,51.0,51.0,50.0,51.0,51.0,52.0,2,6,14,51.285714285714285
87,2,2024-02-04 15:00:00+00:00,56.0,54.0,54.0,53.0,53.0,54.0,54.0,2,6,15,54.0
88,2,2024-02-04 16:00:00+00:00,60.0,57.0,53.0,55.0,53.0,56.0,55.0,2,6,16,55.57142857142857
89,2,2024-02-04 17:00:00+00:00,64.0,58.0,54.0,58.0,52.0,59.0,55.0,2,6,17,57.142857142857146
90,2,2024-02-04 18:00:00+00:00,65.0,60.0,56.0,55.0,52.0,60.0,55.0,2,6,18,57.57142857142857
91,2,2024-02-04 19:00:00+00:00,67.0,62.0,57.0,55.0,52.0,60.0,55.0,2,6,19,58.285714285714285
92,2,2024-02-04 20:00:00+00:00,68.0,64.0,60.0,56.0,53.0,60.0,54.0,2,6,20,59.285714285714285
93,2,2024-02-04 21:00:00+00:00,67.0,64.0,63.0,58.0,55.0,60.0,53.0,2,6,21,60.0
94,2,2024-02-04 22:00:00+00:00,67.0,65.0,63.0,63.0,59.0,62.0,52.0,2,6,22,61.57142857142857
95,2,2024-02-04 23:00:00+00:00,67.0,67.0,63.0,69.0,63.0,64.0,52.0,2,6,23,63.57142857142857
96,2,2024-02-05 00:00:00+00:00,74.0,67.0,67.0,63.0,62.0,71.0,54.0,2,0,0,65.42857142857143
97,2,2024-02-05 01:00:00+00:00,74.0,67.0,68.0,66.0,65.0,73.0,54.0,2,0,1,66.71428571428571
98,2,2024-02-05 02:00:00+00:00,74.0,67.0,68.0,69.0,67.0,73.0,55.0,2,0,2,67.57142857142857
99,2,2024-02-05 03:00:00+00:00,74.0,67.0,69.0,69.0,67.0,71.0,55.0,2,0,3,67.42857142857143
100,2,2024-02-05 04:00:00+00:00,78.0,66.0,79.0,66.0,64.0,67.0,53.0,2,0,4,67.57142857142857
101,2,2024-02-05 05:00:00+00:00,79.0,58.0,75.0,60.0,59.0,62.0,51.0,2,0,5,63.42857142857143
102,2,2024-02-05 06:00:00+00:00,67.0,53.0,58.0,60.0,55.0,58.0,47.0,2,0,6,56.857142857142854
103,2,2024-02-05 07:00:00+00:00,59.0,54.0,53.0,56.0,53.0,56.0,46.0,2,0,7,53.857142857142854
104,2,2024-02-05 08:00:00+00:00,52.0,52.0,51.0,53.0,53.0,55.0,46.0,2,0,8,51.714285714285715
105,2,2024-02-05 09:00:00+00:00,51.0,49.0,49.0,51.0,52.0,54.0,46.0,2,0,9,50.285714285714285
106,2,2024-02-05 10:00:00+00:00,52.0,48.0,50.0,50.0,51.0,54.0,46.0,2,0,10,50.142857142857146
107,2,2024-02-05 11:00:00+00:00,52.0,47.0,52.0,49.0,51.0,54.0,46.0,2,0,11,50.142857142857146
108,2,2024-02-05 12:00:00+00:00,52.0,50.0,49.0,55.0,48.0,44.0,48.0,2,0,12,49.42857142857143
109,2,2024-02-05 13:00:00+00:00,55.0,49.0,50.0,57.0,50.0,48.0,52.0,2,0,13,51.57142857142857
110,2,2024-02-05 14:00:00+00:00,55.0,53.0,53.0,58.0,54.0,52.0,57.0,2,0,14,54.57142857142857
111,2,2024-02-05 15:00:00+00:00,60.0,59.0,56.0,60.0,57.0,56.0,60.0,2,0,15,58.285714285714285
112,2,2024-02-05 16:00:00+00:00,65.0,64.0,61.0,64.0,60.0,57.0,61.0,2,0,16,61.714285714285715
113,2,2024-02-05 17:00:00+00:00,68.0,67.0,65.0,68.0,63.0,58.0,61.0,2,0,17,64.28571428571429
114,2,2024-02-05 18:00:00+00:00,67.0,70.0,65.0,70.0,65.0,58.0,59.0,2,0,18,64.85714285714286
115,2,2024-02-05 19:00:00+00:00,69.0,72.0,65.0,71.0,66.0,58.0,59.0,2,0,19,65.71428571428571
116,2,2024-02-05 20:00:00+00:00,72.0,73.0,63.0,71.0,66.0,57.0,60.0,2,0,20,66.0
117,2,2024-02-05 21:00:00+00:00,74.0,73.0,62.0,71.0,66.0,58.0,60.0,2,0,21,66.28571428571429
118,2,2024-02-05 22:00:00+00:00,74.0,71.0,61.0,71.0,67.0,60.0,59.0,2,0,22,66.14285714285714
119,2,2024-02-05 23:00:00+00:00,73.0,69.0,61.0,70.0,68.0,63.0,59.0,2,0,23,66.14285714285714
120,2,2024-02-06 00:00:00+00:00,72.0,71.0,63.0,64.0,81.0,71.0,60.0,2,1,0,68.85714285714286
121,2,2024-02-06 01:00:00+00:00,72.0,70.0,58.0,68.0,83.0,73.0,62.0,2,1,1,69.42857142857143
122,2,2024-02-06 02:00:00+00:00,74.0,71.0,55.0,73.0,85.0,75.0,64.0,2,1,2,71.0
123,2,2024-02-06 03:00:00+00:00,78.0,73.0,55.0,75.0,85.0,75.0,65.0,2,1,3,72.28571428571429
124,2,2024-02-06 04:00:00+00:00,81.0,74.0,53.0,73.0,81.0,72.0,62.0,2,1,4,70.85714285714286
125,2,2024-02-06 05:00:00+00:00,72.0,67.0,47.0,69.0,75.0,67.0,57.0,2,1,5,64.85714285714286
126,2,2024-02-06 06:00:00+00:00,51.0,48.0,52.0,61.0,69.0,63.0,54.0,2,1,6,56.857142857142854
127,2,2024-02-06 07:00:00+00:00,48.0,45.0,52.0,55.0,63.0,60.0,52.0,2,1,7,53.57142857142857
128,2,2024-02-06 08:00:00+00:00,46.0,45.0,52.0,50.0,56.0,57.0,51.0,2,1,8,51.0
129,2,2024-02-06 09:00:00+00:00,45.0,46.0,48.0,45.0,51.0,55.0,50.0,2,1,9,48.57142857142857
130,2,2024-02-06 10:00:00+00:00,43.0,44.0,47.0,39.0,47.0,52.0,50.0,2,1,10,46.0
131,2,2024-02-06 11:00:00+00:00,42.0,42.0,44.0,34.0,45.0,49.0,51.0,2,1,11,43.857142857142854
132,2,2024-02-06 12:00:00+00:00,46.0,41.0,38.0,48.0,42.0,45.0,52.0,2,1,12,44.57142857142857
133,2,2024-02-06 13:00:00+00:00,46.0,44.0,39.0,48.0,45.0,47.0,55.0,2,1,13,46.285714285714285
134,2,2024-02-06 14:00:00+00:00,54.0,51.0,43.0,46.0,50.0,50.0,58.0,2,1,14,50.285714285714285
135,2,2024-02-06 15:00:00+00:00,66.0,62.0,46.0,45.0,54.0,52.0,61.0,2,1,15,55.142857142857146
136,2,2024-02-06 16:00:00+00:00,70.0,70.0,48.0,46.0,58.0,52.0,62.0,2,1,16,58.0
137,2,2024-02-06 17:00:00+00:00,67.0,73.0,49.0,48.0,61.0,51.0,61.0,2,1,17,58.57142857142857
138,2,2024-02-06 18:00:00+00:00,60.0,67.0,60.0,51.0,64.0,50.0,58.0,2,1,18,58.57142857142857
139,2,2024-02-06 19:00:00+00:00,61.0,68.0,62.0,53.0,66.0,49.0,58.0,2,1,19,59.57142857142857
140,2,2024-02-06 20:00:00+00:00,63.0,68.0,65.0,55.0,66.0,48.0,58.0,2,1,20,60.42857142857143
141,2,2024-02-06 21:00:00+00:00,64.0,67.0,65.0,57.0,67.0,49.0,58.0,2,1,21,61.0
142,2,2024-02-06 22:00:00+00:00,64.0,65.0,63.0,58.0,67.0,53.0,58.0,2,1,22,61.142857142857146
143,2,2024-02-06 23:00:00+00:00,64.0,67.0,65.0,59.0,68.0,58.0,58.0,2,1,23,62.714285714285715
144,2,2024-02-07 00:00:00+00:00,67.0,66.0,71.0,75.0,61.0,63.0,57.0,2,2,0,65.71428571428571
145,2,2024-02-07 01:00:00+00:00,67.0,76.0,71.0,75.0,66.0,67.0,58.0,2,2,1,68.57142857142857
146,2,2024-02-07 02:00:00+00:00,63.0,72.0,68.0,73.0,71.0,71.0,59.0,2,2,2,68.14285714285714
147,2,2024-02-07 03:00:00+00:00,65.0,68.0,68.0,69.0,72.0,72.0,59.0,2,2,3,67.57142857142857
148,2,2024-02-07 04:00:00+00:00,62.0,65.0,64.0,63.0,66.0,66.0,57.0,2,2,4,63.285714285714285
149,2,2024-02-07 05:00:00+00:00,51.0,54.0,55.0,56.0,56.0,56.0,55.0,2,2,5,54.714285714285715
150,2,2024-02-07 06:00:00+00:00,41.0,43.0,44.0,47.0,48.0,49.0,51.0,2,2,6,46.142857142857146
151,2,2024-02-07 07:00:00+00:00,34.0,38.0,39.0,42.0,43.0,47.0,50.0,2,2,7,41.857142857142854
152,2,2024-02-07 08:00:00+00:00,31.0,34.0,36.0,38.0,38.0,47.0,49.0,2,2,8,39.0
153,2,2024-02-07 09:00:00+00:00,30.0,32.0,36.0,37.0,37.0,47.0,48.0,2,2,9,38.142857142857146
154,2,2024-02-07 10:00:00+00:00,30.0,35.0,38.0,39.0,39.0,47.0,48.0,2,2,10,39.42857142857143
155,2,2024-02-07 11:00:00+00:00,31.0,41.0,40.0,44.0,44.0,47.0,48.0,2,2,11,42.142857142857146
156,2,2024-02-07 12:00:00+00:00,32.0,45.0,47.0,47.0,53.0,30.0,51.0,2,2,12,43.57142857142857
157,2,2024-02-07 13:00:00+00:00,42.0,60.0,56.0,52.0,55.0,34.0,55.0,2,2,13,50.57142857142857
158,2,2024-02-07 14:00:00+00:00,63.0,65.0,61.0,58.0,57.0,39.0,59.0,2,2,14,57.42857142857143
159,2,2024-02-07 15:00:00+00:00,70.0,70.0,68.0,62.0,59.0,45.0,62.0,2,2,15,62.285714285714285
160,2,2024-02-07 16:00:00+00:00,70.0,71.0,70.0,63.0,61.0,51.0,62.0,2,2,16,64.0
161,2,2024-02-07 17:00:00+00:00,72.0,71.0,70.0,62.0,63.0,56.0,62.0,2,2,17,65.14285714285714
162,2,2024-02-07 18:00:00+00:00,70.0,74.0,70.0,66.0,64.0,61.0,62.0,2,2,18,66.71428571428571
163,2,2024-02-07 19:00:00+00:00,72.0,74.0,72.0,66.0,65.0,64.0,63.0,2,2,19,68.0
164,2,2024-02-07 20:00:00+00:00,72.0,72.0,72.0,65.0,65.0,66.0,63.0,2,2,20,67.85714285714286
165,2,2024-02-07 21:00:00+00:00,71.0,74.0,73.0,65.0,66.0,67.0,63.0,2,2,21,68.42857142857143
166,2,2024-02-07 22:00:00+00:00,75.0,79.0,79.0,69.0,70.0,68.0,63.0,2,2,22,71.85714285714286
167,2,2024-02-07 23:00:00+00:00,83.0,81.0,83.0,75.0,75.0,69.0,63.0,2,2,23,75.57142857142857
168,2,2024-02-08 00:00:00+00:00,81.0,83.0,79.0,84.0,79.0,82.0,63.0,2,3,0,78.71428571428571
169,2,2024-02-08 01:00:00+00:00,80.0,84.0,79.0,85.0,80.0,85.0,64.0,2,3,1,79.57142857142857
170,2,2024-02-08 02:00:00+00:00,80.0,83.0,80.0,84.0,79.0,85.0,66.0,2,3,2,79.57142857142857
171,2,2024-02-08 03:00:00+00:00,81.0,82.0,81.0,81.0,77.0,83.0,66.0,2,3,3,78.71428571428571
172,2,2024-02-08 04:00:00+00:00,79.0,80.0,80.0,76.0,73.0,75.0,64.0,2,3,4,75.28571428571429
173,2,2024-02-08 05:00:00+00:00,69.0,71.0,71.0,69.0,66.0,63.0,61.0,2,3,5,67.14285714285714
174,2,2024-02-08 06:00:00+00:00,61.0,62.0,64.0,61.0,60.0,54.0,57.0,2,3,6,59.857142857142854
175,2,2024-02-08 07:00:00+00:00,57.0,57.0,59.0,54.0,53.0,50.0,55.0,2,3,7,55.0
176,2,2024-02-08 08:00:00+00:00,52.0,54.0,51.0,48.0,45.0,49.0,53.0,2,3,8,50.285714285714285
177,2,2024-02-08 09:00:00+00:00,50.0,55.0,47.0,44.0,41.0,49.0,52.0,2,3,9,48.285714285714285
178,2,2024-02-08 10:00:00+00:00,47.0,56.0,48.0,45.0,42.0,50.0,51.0,2,3,10,48.42857142857143
179,2,2024-02-08 11:00:00+00:00,48.0,54.0,50.0,49.0,46.0,51.0,51.0,2,3,11,49.857142857142854
180,2,2024-02-08 12:00:00+00:00,52.0,55.0,54.0,49.0,54.0,53.0,49.0,2,3,12,52.285714285714285
181,2,2024-02-08 13:00:00+00:00,54.0,56.0,54.0,54.0,58.0,55.0,52.0,2,3,13,54.714285714285715
182,2,2024-02-08 14:00:00+00:00,58.0,57.0,59.0,59.0,61.0,57.0,57.0,2,3,14,58.285714285714285
183,2,2024-02-08 15:00:00+00:00,62.0,61.0,65.0,64.0,64.0,58.0,61.0,2,3,15,62.142857142857146
184,2,2024-02-08 16:00:00+00:00,67.0,66.0,69.0,66.0,65.0,59.0,63.0,2,3,16,65.0
185,2,2024-02-08 17:00:00+00:00,71.0,70.0,71.0,67.0,65.0,59.0,63.0,2,3,17,66.57142857142857
186,2,2024-02-08 18:00:00+00:00,67.0,70.0,71.0,68.0,65.0,60.0,58.0,2,3,18,65.57142857142857
187,2,2024-02-08 19:00:00+00:00,69.0,69.0,71.0,70.0,67.0,61.0,58.0,2,3,19,66.42857142857143
188,2,2024-02-08 20:00:00+00:00,72.0,68.0,72.0,74.0,69.0,63.0,58.0,2,3,20,68.0
189,2,2024-02-08 21:00:00+00:00,76.0,66.0,74.0,76.0,71.0,65.0,58.0,2,3,21,69.42857142857143
190,2,2024-02-08 22:00:00+00:00,75.0,68.0,76.0,75.0,72.0,68.0,57.0,2,3,22,70.14285714285714
191,2,2024-02-08 23:00:00+00:00,73.0,72.0,77.0,71.0,73.0,72.0,56.0,2,3,23,70.57142857142857
192,2,2024-02-09 00:00:00+00:00,66.0,75.0,79.0,71.0,75.0,71.0,62.0,2,4,0,71.28571428571429
193,2,2024-02-09 01:00:00+00:00,65.0,71.0,77.0,71.0,76.0,72.0,62.0,2,4,1,70.57142857142857
194,2,2024-02-09 02:00:00+00:00,67.0,67.0,74.0,71.0,75.0,72.0,63.0,2,4,2,69.85714285714286
195,2,2024-02-09 03:00:00+00:00,69.0,67.0,73.0,69.0,73.0,70.0,62.0,2,4,3,69.0
196,2,2024-02-09 04:00:00+00:00,67.0,68.0,71.0,64.0,67.0,65.0,60.0,2,4,4,66.0
197,2,2024-02-09 05:00:00+00:00,57.0,64.0,62.0,57.0,59.0,57.0,56.0,2,4,5,58.857142857142854
198,2,2024-02-09 06:00:00+00:00,50.0,52.0,51.0,50.0,52.0,51.0,59.0,2,4,6,52.142857142857146
199,2,2024-02-09 07:00:00+00:00,41.0,44.0,46.0,46.0,46.0,47.0,56.0,2,4,7,46.57142857142857
200,2,2024-02-09 08:00:00+00:00,35.0,39.0,41.0,44.0,41.0,43.0,52.0,2,4,8,42.142857142857146
201,2,2024-02-09 09:00:00+00:00,32.0,35.0,39.0,42.0,38.0,41.0,50.0,2,4,9,39.57142857142857
202,2,2024-02-09 10:00:00+00:00,31.0,33.0,38.0,40.0,37.0,40.0,50.0,2,4,10,38.42857142857143
203,2,2024-02-09 11:00:00+00:00,32.0,33.0,38.0,39.0,37.0,41.0,50.0,2,4,11,38.57142857142857
204,2,2024-02-09 12:00:00+00:00,36.0,31.0,40.0,42.0,52.0,58.0,54.0,2,4,12,44.714285714285715
205,2,2024-02-09 13:00:00+00:00,40.0,33.0,43.0,52.0,60.0,62.0,58.0,2,4,13,49.714285714285715
206,2,2024-02-09 14:00:00+00:00,49.0,39.0,49.0,65.0,71.0,66.0,63.0,2,4,14,57.42857142857143
207,2,2024-02-09 15:00:00+00:00,64.0,53.0,60.0,75.0,79.0,69.0,66.0,2,4,15,66.57142857142857
208,2,2024-02-09 16:00:00+00:00,75.0,65.0,70.0,80.0,82.0,70.0,67.0,2,4,16,72.71428571428571
209,2,2024-02-09 17:00:00+00:00,79.0,73.0,76.0,83.0,83.0,70.0,67.0,2,4,17,75.85714285714286
210,2,2024-02-09 18:00:00+00:00,81.0,78.0,76.0,83.0,83.0,70.0,68.0,2,4,18,77.0
211,2,2024-02-09 19:00:00+00:00,82.0,79.0,78.0,84.0,83.0,70.0,68.0,2,4,19,77.71428571428571
212,2,2024-02-09 20:00:00+00:00,84.0,81.0,79.0,83.0,84.0,70.0,67.0,2,4,20,78.28571428571429
213,2,2024-02-09 21:00:00+00:00,86.0,82.0,79.0,83.0,84.0,71.0,67.0,2,4,21,78.85714285714286
214,2,2024-02-09 22:00:00+00:00,88.0,83.0,80.0,84.0,85.0,75.0,67.0,2,4,22,80.28571428571429
215,2,2024-02-09 23:00:00+00:00,90.0,82.0,80.0,86.0,87.0,80.0,67.0,2,4,23,81.71428571428571
216,2,2024-02-10 00:00:00+00:00,91.0,88.0,81.0,86.0,87.0,85.0,67.0,2,5,0,83.57142857142857
217,2,2024-02-10 01:00:00+00:00,92.0,89.0,82.0,86.0,88.0,86.0,68.0,2,5,1,84.42857142857143
218,2,2024-02-10 02:00:00+00:00,91.0,89.0,83.0,85.0,88.0,87.0,68.0,2,5,2,84.42857142857143
219,2,2024-02-10 03:00:00+00:00,90.0,89.0,82.0,83.0,86.0,85.0,68.0,2,5,3,83.28571428571429
220,2,2024-02-10 04:00:00+00:00,88.0,89.0,82.0,81.0,81.0,80.0,66.0,2,5,4,81.0
221,2,2024-02-10 05:00:00+00:00,86.0,88.0,82.0,79.0,74.0,74.0,62.0,2,5,5,77.85714285714286
222,2,2024-02-10 06:00:00+00:00,69.0,77.0,64.0,75.0,67.0,68.0,57.0,2,5,6,68.14285714285714
223,2,2024-02-10 07:00:00+00:00,54.0,62.0,50.0,68.0,62.0,63.0,55.0,2,5,7,59.142857142857146
224,2,2024-02-10 08:00:00+00:00,45.0,52.0,47.0,61.0,57.0,58.0,54.0,2,5,8,53.42857142857143
225,2,2024-02-10 09:00:00+00:00,41.0,46.0,42.0,55.0,53.0,55.0,53.0,2,5,9,49.285714285714285
226,2,2024-02-10 10:00:00+00:00,39.0,43.0,40.0,51.0,50.0,53.0,52.0,2,5,10,46.857142857142854
227,2,2024-02-10 11:00:00+00:00,40.0,44.0,40.0,50.0,49.0,53.0,53.0,2,5,11,47.0
228,2,2024-02-10 12:00:00+00:00,39.0,50.0,34.0,44.0,50.0,51.0,52.0,2,5,12,45.714285714285715
229,2,2024-02-10 13:00:00+00:00,40.0,53.0,36.0,49.0,55.0,55.0,56.0,2,5,13,49.142857142857146
230,2,2024-02-10 14:00:00+00:00,44.0,62.0,44.0,56.0,63.0,62.0,62.0,2,5,14,56.142857142857146
231,2,2024-02-10 15:00:00+00:00,54.0,66.0,52.0,62.0,70.0,68.0,67.0,2,5,15,62.714285714285715
232,2,2024-02-10 16:00:00+00:00,69.0,70.0,52.0,67.0,77.0,74.0,69.0,2,5,16,68.28571428571429
233,2,2024-02-10 17:00:00+00:00,80.0,75.0,60.0,72.0,83.0,80.0,69.0,2,5,17,74.14285714285714
234,2,2024-02-10 18:00:00+00:00,77.0,73.0,76.0,67.0,88.0,85.0,69.0,2,5,18,76.42857142857143
235,2,2024-02-10 19:00:00+00:00,83.0,75.0,76.0,69.0,89.0,88.0,69.0,2,5,19,78.42857142857143
236,2,2024-02-10 20:00:00+00:00,74.0,81.0,77.0,70.0,89.0,89.0,70.0,2,5,20,78.57142857142857
237,2,2024-02-10 21:00:00+00:00,69.0,87.0,78.0,71.0,88.0,89.0,70.0,2,5,21,78.85714285714286
238,2,2024-02-10 22:00:00+00:00,73.0,88.0,77.0,73.0,88.0,88.0,71.0,2,5,22,79.71428571428571
239,2,2024-02-10 23:00:00+00:00,77.0,85.0,82.0,74.0,89.0,86.0,72.0,2,5,23,80.71428571428571
240,2,2024-02-11 00:00:00+00:00,78.0,80.0,79.0,79.0,78.0,89.0,69.0,2,6,0,78.85714285714286
241,2,2024-02-11 01:00:00+00:00,79.0,84.0,78.0,78.0,80.0,91.0,69.0,2,6,1,79.85714285714286
242,2,2024-02-11 02:00:00+00:00,85.0,77.0,75.0,74.0,84.0,93.0,70.0,2,6,2,79.71428571428571
243,2,2024-02-11 03:00:00+00:00,83.0,70.0,65.0,71.0,84.0,93.0,69.0,2,6,3,76.42857142857143
244,2,2024-02-11 04:00:00+00:00,78.0,71.0,64.0,68.0,79.0,89.0,65.0,2,6,4,73.42857142857143
245,2,2024-02-11 05:00:00+00:00,70.0,67.0,67.0,64.0,71.0,83.0,59.0,2,6,5,68.71428571428571
246,2,2024-02-11 06:00:00+00:00,62.0,63.0,54.0,66.0,65.0,76.0,54.0,2,6,6,62.857142857142854
247,2,2024-02-11 07:00:00+00:00,65.0,54.0,53.0,63.0,62.0,68.0,50.0,2,6,7,59.285714285714285
248,2,2024-02-11 08:00:00+00:00,71.0,58.0,57.0,62.0,60.0,59.0,47.0,2,6,8,59.142857142857146
249,2,2024-02-11 09:00:00+00:00,68.0,62.0,62.0,61.0,59.0,51.0,46.0,2,6,9,58.42857142857143
250,2,2024-02-11 10:00:00+00:00,65.0,62.0,71.0,61.0,60.0,44.0,48.0,2,6,10,58.714285714285715
251,2,2024-02-11 11:00:00+00:00,66.0,64.0,69.0,61.0,62.0,39.0,52.0,2,6,11,59.0
252,2,2024-02-11 12:00:00+00:00,68.0,60.0,63.0,71.0,69.0,54.0,43.0,2,6,12,61.142857142857146
253,2,2024-02-11 13:00:00+00:00,71.0,68.0,65.0,75.0,72.0,58.0,50.0,2,6,13,65.57142857142857
254,2,2024-02-11 14:00:00+00:00,79.0,71.0,71.0,79.0,73.0,63.0,61.0,2,6,14,71.0
255,2,2024-02-11 15:00:00+00:00,82.0,75.0,78.0,81.0,75.0,68.0,68.0,2,6,15,75.28571428571429
256,2,2024-02-11 16:00:00+00:00,85.0,79.0,81.0,82.0,77.0,74.0,69.0,2,6,16,78.14285714285714
257,2,2024-02-11 17:00:00+00:00,86.0,82.0,83.0,82.0,80.0,79.0,68.0,2,6,17,80.0
258,2,2024-02-11 18:00:00+00:00,83.0,86.0,84.0,84.0,82.0,83.0,67.0,2,6,18,81.28571428571429
259,2,2024-02-11 19:00:00+00:00,87.0,89.0,86.0,85.0,84.0,84.0,66.0,2,6,19,83.0
260,2,2024-02-11 20:00:00+00:00,89.0,89.0,89.0,86.0,85.0,83.0,65.0,2,6,20,83.71428571428571
261,2,2024-02-11 21:00:00+00:00,91.0,88.0,90.0,87.0,87.0,82.0,65.0,2,6,21,84.28571428571429
262,2,2024-02-11 22:00:00+00:00,93.0,92.0,88.0,88.0,89.0,80.0,65.0,2,6,22,85.0
263,2,2024-02-11 23:00:00+00:00,93.0,94.0,88.0,90.0,92.0,77.0,66.0,2,6,23,85.71428571428571
264,2,2024-02-12 00:00:00+00:00,91.0,90.0,95.0,86.0,90.0,87.0,71.0,2,0,0,87.14285714285714
265,2,2024-02-12 01:00:00+00:00,90.0,90.0,95.0,88.0,89.0,89.0,73.0,2,0,1,87.71428571428571
266,2,2024-02-12 02:00:00+00:00,93.0,93.0,96.0,89.0,88.0,91.0,75.0,2,0,2,89.28571428571429
267,2,2024-02-12 03:00:00+00:00,94.0,93.0,95.0,89.0,87.0,91.0,75.0,2,0,3,89.14285714285714
268,2,2024-02-12 04:00:00+00:00,93.0,90.0,90.0,86.0,85.0,88.0,73.0,2,0,4,86.42857142857143
269,2,2024-02-12 05:00:00+00:00,86.0,84.0,87.0,82.0,83.0,82.0,70.0,2,0,5,82.0
270,2,2024-02-12 06:00:00+00:00,82.0,83.0,80.0,80.0,80.0,78.0,74.0,2,0,6,79.57142857142857
271,2,2024-02-12 07:00:00+00:00,78.0,78.0,78.0,76.0,77.0,76.0,72.0,2,0,7,76.42857142857143
272,2,2024-02-12 08:00:00+00:00,71.0,73.0,74.0,73.0,74.0,74.0,68.0,2,0,8,72.42857142857143
273,2,2024-02-12 09:00:00+00:00,74.0,69.0,70.0,70.0,72.0,73.0,66.0,2,0,9,70.57142857142857
274,2,2024-02-12 10:00:00+00:00,75.0,67.0,69.0,69.0,70.0,72.0,67.0,2,0,10,69.85714285714286
275,2,2024-02-12 11:00:00+00:00,69.0,70.0,68.0,69.0,68.0,72.0,70.0,2,0,11,69.42857142857143
276,2,2024-02-12 12:00:00+00:00,73.0,75.0,70.0,72.0,74.0,70.0,81.0,2,0,12,73.57142857142857
277,2,2024-02-12 13:00:00+00:00,76.0,77.0,76.0,76.0,76.0,72.0,81.0,2,0,13,76.28571428571429
278,2,2024-02-12 14:00:00+00:00,78.0,77.0,80.0,81.0,79.0,74.0,81.0,2,0,14,78.57142857142857
279,2,2024-02-12 15:00:00+00:00,78.0,81.0,86.0,85.0,81.0,76.0,81.0,2,0,15,81.14285714285714
280,2,2024-02-12 16:00:00+00:00,78.0,85.0,91.0,86.0,83.0,77.0,81.0,2,0,16,83.0
281,2,2024-02-12 17:00:00+00:00,80.0,86.0,92.0,86.0,85.0,78.0,82.0,2,0,17,84.14285714285714
282,2,2024-02-12 18:00:00+00:00,81.0,82.0,91.0,88.0,86.0,79.0,85.0,2,0,18,84.57142857142857
283,2,2024-02-12 19:00:00+00:00,83.0,85.0,91.0,89.0,87.0,80.0,83.0,2,0,19,85.42857142857143
284,2,2024-02-12 20:00:00+00:00,86.0,88.0,90.0,89.0,88.0,81.0,79.0,2,0,20,85.85714285714286
285,2,2024-02-12 21:00:00+00:00,88.0,89.0,85.0,90.0,89.0,82.0,77.0,2,0,21,85.71428571428571
286,2,2024-02-12 22:00:00+00:00,90.0,91.0,85.0,92.0,90.0,84.0,78.0,2,0,22,87.14285714285714
287,2,2024-02-12 23:00:00+00:00,91.0,91.0,91.0,94.0,91.0,86.0,80.0,2,0,23,89.14285714285714
288,2,2024-02-13 00:00:00+00:00,89.0,93.0,89.0,93.0,90.0,93.0,84.0,2,1,0,90.14285714285714
289,2,2024-02-13 01:00:00+00:00,86.0,93.0,94.0,93.0,92.0,94.0,84.0,2,1,1,90.85714285714286
290,2,2024-02-13 02:00:00+00:00,87.0,93.0,95.0,92.0,93.0,94.0,83.0,2,1,2,91.0
291,2,2024-02-13 03:00:00+00:00,91.0,93.0,94.0,90.0,93.0,94.0,82.0,2,1,3,91.0
292,2,2024-02-13 04:00:00+00:00,92.0,92.0,93.0,86.0,89.0,92.0,79.0,2,1,4,89.0
293,2,2024-02-13 05:00:00+00:00,86.0,86.0,87.0,80.0,82.0,88.0,76.0,2,1,5,83.57142857142857
294,2,2024-02-13 06:00:00+00:00,78.0,77.0,71.0,86.0,76.0,84.0,73.0,2,1,6,77.85714285714286
295,2,2024-02-13 07:00:00+00:00,72.0,72.0,68.0,81.0,71.0,78.0,70.0,2,1,7,73.14285714285714
296,2,2024-02-13 08:00:00+00:00,67.0,68.0,66.0,75.0,65.0,72.0,68.0,2,1,8,68.71428571428571
297,2,2024-02-13 09:00:00+00:00,63.0,66.0,66.0,70.0,61.0,67.0,67.0,2,1,9,65.71428571428571
298,2,2024-02-13 10:00:00+00:00,59.0,64.0,64.0,67.0,57.0,65.0,67.0,2,1,10,63.285714285714285
299,2,2024-02-13 11:00:00+00:00,58.0,63.0,62.0,65.0,55.0,64.0,68.0,2,1,11,62.142857142857146
300,2,2024-02-13 12:00:00+00:00,65.0,70.0,64.0,61.0,62.0,59.0,65.0,2,1,12,63.714285714285715
301,2,2024-02-13 13:00:00+00:00,66.0,71.0,66.0,66.0,66.0,63.0,67.0,2,1,13,66.42857142857143
302,2,2024-02-13 14:00:00+00:00,72.0,74.0,72.0,73.0,72.0,70.0,70.0,2,1,14,71.85714285714286
303,2,2024-02-13 15:00:00+00:00,82.0,82.0,81.0,80.0,78.0,76.0,72.0,2,1,15,78.71428571428571
304,2,2024-02-13 16:00:00+00:00,89.0,88.0,89.0,85.0,83.0,83.0,74.0,2,1,16,84.42857142857143
305,2,2024-02-13 17:00:00+00:00,92.0,91.0,92.0,89.0,88.0,89.0,75.0,2,1,17,88.0
306,2,2024-02-13 18:00:00+00:00,91.0,92.0,93.0,92.0,92.0,94.0,75.0,2,1,18,89.85714285714286
307,2,2024-02-13 19:00:00+00:00,90.0,94.0,93.0,93.0,94.0,96.0,76.0,2,1,19,90.85714285714286
308,2,2024-02-13 20:00:00+00:00,90.0,95.0,94.0,94.0,94.0,95.0,77.0,2,1,20,91.28571428571429
309,2,2024-02-13 21:00:00+00:00,92.0,96.0,94.0,94.0,94.0,95.0,78.0,2,1,21,91.85714285714286
310,2,2024-02-13 22:00:00+00:00,93.0,96.0,94.0,95.0,94.0,95.0,79.0,2,1,22,92.28571428571429
311,2,2024-02-13 23:00:00+00:00,95.0,97.0,94.0,95.0,95.0,95.0,79.0,2,1,23,92.85714285714286
312,2,2024-02-14 00:00:00+00:00,95.0,96.0,95.0,95.0,96.0,94.0,78.0,2,2,0,92.71428571428571
313,2,2024-02-14 01:00:00+00:00,96.0,96.0,94.0,96.0,98.0,95.0,80.0,2,2,1,93.57142857142857
314,2,2024-02-14 02:00:00+00:00,96.0,96.0,94.0,97.0,100.0,96.0,81.0,2,2,2,94.28571428571429
315,2,2024-02-14 03:00:00+00:00,96.0,97.0,94.0,96.0,100.0,95.0,81.0,2,2,3,94.14285714285714
316,2,2024-02-14 04:00:00+00:00,96.0,97.0,94.0,92.0,96.0,92.0,77.0,2,2,4,92.0
317,2,2024-02-14 05:00:00+00:00,92.0,93.0,89.0,86.0,91.0,87.0,72.0,2,2,5,87.14285714285714
318,2,2024-02-14 06:00:00+00:00,84.0,82.0,80.0,80.0,84.0,82.0,68.0,2,2,6,80.0
319,2,2024-02-14 07:00:00+00:00,75.0,73.0,73.0,73.0,76.0,77.0,64.0,2,2,7,73.0
320,2,2024-02-14 08:00:00+00:00,71.0,69.0,68.0,65.0,68.0,73.0,61.0,2,2,8,67.85714285714286
321,2,2024-02-14 09:00:00+00:00,69.0,65.0,60.0,60.0,61.0,69.0,58.0,2,2,9,63.142857142857146
322,2,2024-02-14 10:00:00+00:00,67.0,63.0,65.0,59.0,57.0,66.0,56.0,2,2,10,61.857142857142854
323,2,2024-02-14 11:00:00+00:00,64.0,61.0,65.0,60.0,54.0,63.0,55.0,2,2,11,60.285714285714285
324,2,2024-02-14 12:00:00+00:00,68.0,66.0,65.0,60.0,59.0,60.0,54.0,2,2,12,61.714285714285715
325,2,2024-02-14 13:00:00+00:00,71.0,72.0,65.0,67.0,66.0,65.0,58.0,2,2,13,66.28571428571429
326,2,2024-02-14 14:00:00+00:00,74.0,77.0,70.0,77.0,76.0,74.0,64.0,2,2,14,73.14285714285714
327,2,2024-02-14 15:00:00+00:00,80.0,82.0,76.0,85.0,83.0,80.0,68.0,2,2,15,79.14285714285714
328,2,2024-02-14 16:00:00+00:00,87.0,84.0,81.0,87.0,85.0,81.0,70.0,2,2,16,82.14285714285714
329,2,2024-02-14 17:00:00+00:00,93.0,87.0,85.0,88.0,85.0,81.0,72.0,2,2,17,84.42857142857143
330,2,2024-02-14 18:00:00+00:00,90.0,87.0,89.0,89.0,86.0,81.0,77.0,2,2,18,85.57142857142857
331,2,2024-02-14 19:00:00+00:00,92.0,90.0,91.0,91.0,88.0,84.0,79.0,2,2,19,87.85714285714286
332,2,2024-02-14 20:00:00+00:00,93.0,93.0,91.0,93.0,91.0,87.0,79.0,2,2,20,89.57142857142857
333,2,2024-02-14 21:00:00+00:00,94.0,93.0,91.0,94.0,93.0,90.0,79.0,2,2,21,90.57142857142857
334,2,2024-02-14 22:00:00+00:00,93.0,93.0,89.0,94.0,94.0,92.0,78.0,2,2,22,90.42857142857143
335,2,2024-02-14 23:00:00+00:00,93.0,93.0,88.0,94.0,95.0,92.0,76.0,2,2,23,90.14285714285714
336,2,2024-02-15 00:00:00+00:00,94.0,94.0,86.0,93.0,96.0,97.0,85.0,2,3,0,92.14285714285714
337,2,2024-02-15 01:00:00+00:00,94.0,94.0,87.0,93.0,96.0,97.0,87.0,2,3,1,92.57142857142857
338,2,2024-02-15 02:00:00+00:00,93.0,94.0,90.0,93.0,97.0,97.0,89.0,2,3,2,93.28571428571429
339,2,2024-02-15 03:00:00+00:00,93.0,94.0,91.0,92.0,95.0,95.0,89.0,2,3,3,92.71428571428571
340,2,2024-02-15 04:00:00+00:00,93.0,94.0,90.0,89.0,91.0,91.0,86.0,2,3,4,90.57142857142857
341,2,2024-02-15 05:00:00+00:00,87.0,89.0,83.0,84.0,85.0,85.0,81.0,2,3,5,84.85714285714286
342,2,2024-02-15 06:00:00+00:00,80.0,79.0,77.0,77.0,79.0,79.0,72.0,2,3,6,77.57142857142857
343,2,2024-02-15 07:00:00+00:00,75.0,73.0,72.0,73.0,74.0,73.0,66.0,2,3,7,72.28571428571429
344,2,2024-02-15 08:00:00+00:00,73.0,68.0,70.0,69.0,69.0,68.0,60.0,2,3,8,68.14285714285714
345,2,2024-02-15 09:00:00+00:00,69.0,67.0,66.0,66.0,65.0,63.0,56.0,2,3,9,64.57142857142857
346,2,2024-02-15 10:00:00+00:00,68.0,63.0,59.0,63.0,61.0,59.0,53.0,2,3,10,60.857142857142854
347,2,2024-02-15 11:00:00+00:00,65.0,58.0,57.0,60.0,59.0,56.0,51.0,2,3,11,58.0
348,2,2024-02-15 12:00:00+00:00,60.0,57.0,56.0,62.0,53.0,52.0,58.0,2,3,12,56.857142857142854
349,2,2024-02-15 13:00:00+00:00,62.0,59.0,58.0,65.0,56.0,56.0,63.0,2,3,13,59.857142857142854
350,2,2024-02-15 14:00:00+00:00,66.0,67.0,63.0,69.0,62.0,64.0,69.0,2,3,14,65.71428571428571
351,2,2024-02-15 15:00:00+00:00,72.0,71.0,71.0,73.0,68.0,70.0,74.0,2,3,15,71.28571428571429
352,2,2024-02-15 16:00:00+00:00,77.0,77.0,77.0,76.0,72.0,73.0,76.0,2,3,16,75.42857142857143
353,2,2024-02-15 17:00:00+00:00,77.0,80.0,80.0,78.0,76.0,74.0,78.0,2,3,17,77.57142857142857
354,2,2024-02-15 18:00:00+00:00,77.0,78.0,81.0,77.0,79.0,75.0,70.0,2,3,18,76.71428571428571
355,2,2024-02-15 19:00:00+00:00,78.0,76.0,81.0,77.0,80.0,77.0,71.0,2,3,19,77.14285714285714
356,2,2024-02-15 20:00:00+00:00,80.0,76.0,81.0,76.0,79.0,78.0,71.0,2,3,20,77.28571428571429
357,2,2024-02-15 21:00:00+00:00,81.0,75.0,81.0,76.0,79.0,79.0,72.0,2,3,21,77.57142857142857
358,2,2024-02-15 22:00:00+00:00,81.0,75.0,80.0,77.0,80.0,79.0,72.0,2,3,22,77.71428571428571
359,2,2024-02-15 23:00:00+00:00,82.0,78.0,80.0,78.0,81.0,79.0,71.0,2,3,23,78.42857142857143
360,2,2024-02-16 00:00:00+00:00,82.0,76.0,83.0,80.0,80.0,82.0,83.0,2,4,0,80.85714285714286
361,2,2024-02-16 01:00:00+00:00,85.0,79.0,84.0,81.0,81.0,83.0,84.0,2,4,1,82.42857142857143
362,2,2024-02-16 02:00:00+00:00,87.0,81.0,84.0,81.0,82.0,84.0,85.0,2,4,2,83.42857142857143
363,2,2024-02-16 03:00:00+00:00,87.0,83.0,85.0,80.0,82.0,83.0,84.0,2,4,3,83.42857142857143
364,2,2024-02-16 04:00:00+00:00,86.0,83.0,84.0,77.0,79.0,79.0,81.0,2,4,4,81.28571428571429
365,2,2024-02-16 05:00:00+00:00,81.0,80.0,79.0,73.0,74.0,74.0,77.0,2,4,5,76.85714285714286
366,2,2024-02-16 06:00:00+00:00,77.0,71.0,73.0,73.0,70.0,68.0,59.0,2,4,6,70.14285714285714
367,2,2024-02-16 07:00:00+00:00,71.0,66.0,68.0,68.0,66.0,63.0,55.0,2,4,7,65.28571428571429
368,2,2024-02-16 08:00:00+00:00,66.0,63.0,65.0,63.0,63.0,57.0,51.0,2,4,8,61.142857142857146
369,2,2024-02-16 09:00:00+00:00,62.0,60.0,61.0,59.0,60.0,53.0,47.0,2,4,9,57.42857142857143
370,2,2024-02-16 10:00:00+00:00,59.0,57.0,57.0,56.0,57.0,49.0,42.0,2,4,10,53.857142857142854
371,2,2024-02-16 11:00:00+00:00,57.0,56.0,56.0,53.0,55.0,45.0,37.0,2,4,11,51.285714285714285
372,2,2024-02-16 12:00:00+00:00,55.0,55.0,56.0,55.0,57.0,50.0,44.0,2,4,12,53.142857142857146
373,2,2024-02-16 13:00:00+00:00,56.0,58.0,60.0,58.0,62.0,54.0,52.0,2,4,13,57.142857142857146
374,2,2024-02-16 14:00:00+00:00,61.0,66.0,64.0,63.0,69.0,60.0,63.0,2,4,14,63.714285714285715
375,2,2024-02-16 15:00:00+00:00,66.0,72.0,68.0,67.0,74.0,66.0,72.0,2,4,15,69.28571428571429
376,2,2024-02-16 16:00:00+00:00,69.0,73.0,70.0,71.0,76.0,69.0,74.0,2,4,16,71.71428571428571
377,2,2024-02-16 17:00:00+00:00,70.0,75.0,72.0,74.0,76.0,71.0,73.0,2,4,17,73.0
378,2,2024-02-16 18:00:00+00:00,73.0,75.0,77.0,75.0,77.0,74.0,66.0,2,4,18,73.85714285714286
379,2,2024-02-16 19:00:00+00:00,74.0,77.0,79.0,76.0,79.0,78.0,67.0,2,4,19,75.71428571428571
380,2,2024-02-16 20:00:00+00:00,75.0,79.0,80.0,77.0,81.0,84.0,68.0,2,4,20,77.71428571428571
381,2,2024-02-16 21:00:00+00:00,76.0,79.0,80.0,78.0,83.0,87.0,69.0,2,4,21,78.85714285714286
382,2,2024-02-16 22:00:00+00:00,76.0,80.0,80.0,80.0,86.0,88.0,72.0,2,4,22,80.28571428571429
383,2,2024-02-16 23:00:00+00:00,77.0,81.0,80.0,81.0,88.0,87.0,76.0,2,4,23,81.42857142857143
384,2,2024-02-17 00:00:00+00:00,76.0,79.0,82.0,86.0,94.0,82.0,57.0,2,5,0,79.42857142857143
385,2,2024-02-17 01:00:00+00:00,77.0,80.0,86.0,89.0,94.0,84.0,57.0,2,5,1,81.0
386,2,2024-02-17 02:00:00+00:00,76.0,81.0,90.0,92.0,91.0,86.0,61.0,2,5,2,82.42857142857143
387,2,2024-02-17 03:00:00+00:00,75.0,81.0,91.0,92.0,88.0,87.0,64.0,2,5,3,82.57142857142857
388,2,2024-02-17 04:00:00+00:00,76.0,81.0,91.0,88.0,86.0,86.0,66.0,2,5,4,82.0
389,2,2024-02-17 05:00:00+00:00,73.0,79.0,85.0,82.0,85.0,82.0,67.0,2,5,5,79.0
390,2,2024-02-17 06:00:00+00:00,79.0,73.0,84.0,78.0,82.0,78.0,78.0,2,5,6,78.85714285714286
391,2,2024-02-17 07:00:00+00:00,74.0,68.0,79.0,74.0,78.0,71.0,75.0,2,5,7,74.14285714285714
392,2,2024-02-17 08:00:00+00:00,71.0,66.0,79.0,70.0,73.0,62.0,73.0,2,5,8,70.57142857142857
393,2,2024-02-17 09:00:00+00:00,69.0,67.0,76.0,69.0,68.0,56.0,71.0,2,5,9,68.0
394,2,2024-02-17 10:00:00+00:00,73.0,72.0,72.0,71.0,63.0,56.0,70.0,2,5,10,68.14285714285714
395,2,2024-02-17 11:00:00+00:00,81.0,80.0,72.0,76.0,58.0,58.0,70.0,2,5,11,70.71428571428571
396,2,2024-02-17 12:00:00+00:00,83.0,84.0,72.0,63.0,63.0,59.0,57.0,2,5,12,68.71428571428571
397,2,2024-02-17 13:00:00+00:00,86.0,87.0,83.0,72.0,68.0,63.0,61.0,2,5,13,74.28571428571429
398,2,2024-02-17 14:00:00+00:00,90.0,91.0,89.0,83.0,75.0,69.0,66.0,2,5,14,80.42857142857143
399,2,2024-02-17 15:00:00+00:00,93.0,90.0,92.0,91.0,78.0,73.0,71.0,2,5,15,84.0
400,2,2024-02-17 16:00:00+00:00,92.0,91.0,92.0,91.0,76.0,73.0,75.0,2,5,16,84.28571428571429
401,2,2024-02-17 17:00:00+00:00,89.0,90.0,90.0,87.0,70.0,72.0,79.0,2,5,17,82.42857142857143
402,2,2024-02-17 18:00:00+00:00,89.0,88.0,91.0,87.0,65.0,71.0,72.0,2,5,18,80.42857142857143
403,2,2024-02-17 19:00:00+00:00,86.0,85.0,92.0,82.0,62.0,72.0,72.0,2,5,19,78.71428571428571
404,2,2024-02-17 20:00:00+00:00,84.0,81.0,91.0,76.0,60.0,73.0,73.0,2,5,20,76.85714285714286
405,2,2024-02-17 21:00:00+00:00,83.0,76.0,88.0,71.0,58.0,75.0,72.0,2,5,21,74.71428571428571
406,2,2024-02-17 22:00:00+00:00,76.0,71.0,85.0,67.0,56.0,77.0,69.0,2,5,22,71.57142857142857
407,2,2024-02-17 23:00:00+00:00,75.0,68.0,82.0,64.0,54.0,78.0,65.0,2,5,23,69.42857142857143
408,2,2024-02-18 00:00:00+00:00,63.0,70.0,71.0,77.0,59.0,61.0,66.0,2,6,0,66.71428571428571
409,2,2024-02-18 01:00:00+00:00,62.0,70.0,66.0,72.0,65.0,65.0,67.0,2,6,1,66.71428571428571
410,2,2024-02-18 02:00:00+00:00,64.0,69.0,60.0,67.0,74.0,73.0,68.0,2,6,2,67.85714285714286
411,2,2024-02-18 03:00:00+00:00,62.0,69.0,60.0,62.0,79.0,77.0,68.0,2,6,3,68.14285714285714
412,2,2024-02-18 04:00:00+00:00,61.0,64.0,62.0,59.0,76.0,73.0,65.0,2,6,4,65.71428571428571
413,2,2024-02-18 05:00:00+00:00,58.0,60.0,59.0,56.0,68.0,64.0,61.0,2,6,5,60.857142857142854
414,2,2024-02-18 06:00:00+00:00,53.0,51.0,54.0,52.0,60.0,58.0,55.0,2,6,6,54.714285714285715
415,2,2024-02-18 07:00:00+00:00,51.0,54.0,52.0,49.0,53.0,57.0,53.0,2,6,7,52.714285714285715
416,2,2024-02-18 08:00:00+00:00,50.0,52.0,50.0,47.0,45.0,58.0,52.0,2,6,8,50.57142857142857
417,2,2024-02-18 09:00:00+00:00,49.0,50.0,50.0,46.0,41.0,59.0,51.0,2,6,9,49.42857142857143
418,2,2024-02-18 10:00:00+00:00,48.0,47.0,50.0,45.0,42.0,59.0,51.0,2,6,10,48.857142857142854
419,2,2024-02-18 11:00:00+00:00,48.0,46.0,49.0,45.0,45.0,59.0,51.0,2,6,11,49.0
420,2,2024-02-18 12:00:00+00:00,42.0,51.0,52.0,52.0,44.0,49.0,52.0,2,6,12,48.857142857142854
421,2,2024-02-18 13:00:00+00:00,46.0,52.0,52.0,58.0,45.0,53.0,56.0,2,6,13,51.714285714285715
422,2,2024-02-18 14:00:00+00:00,49.0,54.0,51.0,65.0,48.0,57.0,61.0,2,6,14,55.0
423,2,2024-02-18 15:00:00+00:00,50.0,56.0,52.0,69.0,51.0,60.0,65.0,2,6,15,57.57142857142857
424,2,2024-02-18 16:00:00+00:00,49.0,55.0,55.0,66.0,54.0,62.0,66.0,2,6,16,58.142857142857146
425,2,2024-02-18 17:00:00+00:00,49.0,53.0,56.0,60.0,57.0,63.0,65.0,2,6,17,57.57142857142857
426,2,2024-02-18 18:00:00+00:00,48.0,52.0,54.0,53.0,59.0,64.0,61.0,2,6,18,55.857142857142854
427,2,2024-02-18 19:00:00+00:00,52.0,53.0,55.0,53.0,60.0,66.0,62.0,2,6,19,57.285714285714285
428,2,2024-02-18 20:00:00+00:00,53.0,55.0,58.0,53.0,61.0,69.0,63.0,2,6,20,58.857142857142854
429,2,2024-02-18 21:00:00+00:00,54.0,57.0,59.0,53.0,63.0,72.0,64.0,2,6,21,60.285714285714285
430,2,2024-02-18 22:00:00+00:00,55.0,57.0,60.0,53.0,67.0,76.0,64.0,2,6,22,61.714285714285715
431,2,2024-02-18 23:00:00+00:00,60.0,59.0,59.0,53.0,71.0,79.0,65.0,2,6,23,63.714285714285715
432,2,2024-02-19 00:00:00+00:00,59.0,65.0,52.0,72.0,76.0,68.0,69.0,2,0,0,65.85714285714286
433,2,2024-02-19 01:00:00+00:00,69.0,73.0,64.0,76.0,75.0,67.0,68.0,2,0,1,70.28571428571429
434,2,2024-02-19 02:00:00+00:00,76.0,79.0,73.0,79.0,72.0,66.0,67.0,2,0,2,73.14285714285714
435,2,2024-02-19 03:00:00+00:00,77.0,79.0,77.0,79.0,67.0,64.0,64.0,2,0,3,72.42857142857143
436,2,2024-02-19 04:00:00+00:00,73.0,72.0,76.0,74.0,61.0,60.0,59.0,2,0,4,67.85714285714286
437,2,2024-02-19 05:00:00+00:00,65.0,62.0,70.0,65.0,54.0,56.0,54.0,2,0,5,60.857142857142854
438,2,2024-02-19 06:00:00+00:00,60.0,62.0,56.0,54.0,48.0,51.0,58.0,2,0,6,55.57142857142857
439,2,2024-02-19 07:00:00+00:00,55.0,55.0,51.0,52.0,45.0,46.0,55.0,2,0,7,51.285714285714285
440,2,2024-02-19 08:00:00+00:00,51.0,49.0,48.0,52.0,44.0,42.0,53.0,2,0,8,48.42857142857143
441,2,2024-02-19 09:00:00+00:00,47.0,44.0,47.0,51.0,43.0,40.0,52.0,2,0,9,46.285714285714285
442,2,2024-02-19 10:00:00+00:00,47.0,44.0,46.0,49.0,43.0,43.0,51.0,2,0,10,46.142857142857146
443,2,2024-02-19 11:00:00+00:00,48.0,46.0,46.0,46.0,43.0,48.0,52.0,2,0,11,47.0
444,2,2024-02-19 12:00:00+00:00,48.0,49.0,44.0,43.0,48.0,43.0,49.0,2,0,12,46.285714285714285
445,2,2024-02-19 13:00:00+00:00,47.0,47.0,47.0,45.0,54.0,48.0,52.0,2,0,13,48.57142857142857
446,2,2024-02-19 14:00:00+00:00,48.0,48.0,54.0,48.0,61.0,53.0,56.0,2,0,14,52.57142857142857
447,2,2024-02-19 15:00:00+00:00,52.0,53.0,62.0,52.0,66.0,57.0,59.0,2,0,15,57.285714285714285
448,2,2024-02-19 16:00:00+00:00,56.0,59.0,67.0,56.0,66.0,59.0,60.0,2,0,16,60.42857142857143
449,2,2024-02-19 17:00:00+00:00,59.0,61.0,69.0,60.0,64.0,61.0,61.0,2,0,17,62.142857142857146
450,2,2024-02-19 18:00:00+00:00,66.0,66.0,73.0,63.0,62.0,62.0,65.0,2,0,18,65.28571428571429
451,2,2024-02-19 19:00:00+00:00,67.0,68.0,75.0,64.0,62.0,63.0,66.0,2,0,19,66.42857142857143
452,2,2024-02-19 20:00:00+00:00,66.0,68.0,74.0,63.0,62.0,65.0,67.0,2,0,20,66.42857142857143
453,2,2024-02-19 21:00:00+00:00,66.0,68.0,73.0,63.0,64.0,67.0,68.0,2,0,21,67.0
454,2,2024-02-19 22:00:00+00:00,67.0,69.0,72.0,62.0,69.0,70.0,69.0,2,0,22,68.28571428571429
455,2,2024-02-19 23:00:00+00:00,66.0,67.0,71.0,61.0,76.0,74.0,69.0,2,0,23,69.14285714285714
456,2,2024-02-20 00:00:00+00:00,64.0,67.0,70.0,76.0,70.0,81.0,66.0,2,1,0,70.57142857142857
457,2,2024-02-20 01:00:00+00:00,63.0,65.0,71.0,78.0,73.0,83.0,66.0,2,1,1,71.28571428571429
458,2,2024-02-20 02:00:00+00:00,61.0,65.0,75.0,80.0,77.0,83.0,66.0,2,1,2,72.42857142857143
459,2,2024-02-20 03:00:00+00:00,61.0,66.0,78.0,79.0,77.0,81.0,65.0,2,1,3,72.42857142857143
460,2,2024-02-20 04:00:00+00:00,61.0,68.0,78.0,75.0,71.0,75.0,63.0,2,1,4,70.14285714285714
461,2,2024-02-20 05:00:00+00:00,55.0,65.0,69.0,69.0,62.0,67.0,60.0,2,1,5,63.857142857142854
462,2,2024-02-20 06:00:00+00:00,47.0,59.0,55.0,66.0,54.0,60.0,61.0,2,1,6,57.42857142857143
463,2,2024-02-20 07:00:00+00:00,47.0,54.0,53.0,62.0,49.0,56.0,58.0,2,1,7,54.142857142857146
464,2,2024-02-20 08:00:00+00:00,45.0,51.0,52.0,57.0,44.0,53.0,56.0,2,1,8,51.142857142857146
465,2,2024-02-20 09:00:00+00:00,46.0,47.0,50.0,54.0,43.0,51.0,54.0,2,1,9,49.285714285714285
466,2,2024-02-20 10:00:00+00:00,47.0,46.0,48.0,52.0,46.0,49.0,53.0,2,1,10,48.714285714285715
467,2,2024-02-20 11:00:00+00:00,46.0,46.0,47.0,50.0,51.0,47.0,52.0,2,1,11,48.42857142857143
468,2,2024-02-20 12:00:00+00:00,46.0,46.0,45.0,53.0,54.0,58.0,56.0,2,1,12,51.142857142857146
469,2,2024-02-20 13:00:00+00:00,50.0,52.0,50.0,58.0,58.0,60.0,59.0,2,1,13,55.285714285714285
470,2,2024-02-20 14:00:00+00:00,55.0,57.0,57.0,65.0,64.0,61.0,62.0,2,1,14,60.142857142857146
471,2,2024-02-20 15:00:00+00:00,61.0,60.0,63.0,71.0,68.0,61.0,65.0,2,1,15,64.14285714285714
472,2,2024-02-20 16:00:00+00:00,66.0,63.0,66.0,74.0,69.0,62.0,67.0,2,1,16,66.71428571428571
473,2,2024-02-20 17:00:00+00:00,68.0,65.0,67.0,75.0,69.0,63.0,68.0,2,1,17,67.85714285714286
474,2,2024-02-20 18:00:00+00:00,69.0,65.0,65.0,66.0,68.0,64.0,64.0,2,1,18,65.85714285714286
475,2,2024-02-20 19:00:00+00:00,70.0,66.0,66.0,67.0,67.0,66.0,63.0,2,1,19,66.42857142857143
476,2,2024-02-20 20:00:00+00:00,71.0,67.0,69.0,69.0,66.0,69.0,61.0,2,1,20,67.42857142857143
477,2,2024-02-20 21:00:00+00:00,71.0,68.0,70.0,70.0,66.0,72.0,60.0,2,1,21,68.14285714285714
478,2,2024-02-20 22:00:00+00:00,71.0,68.0,70.0,71.0,68.0,74.0,60.0,2,1,22,68.85714285714286
479,2,2024-02-20 23:00:00+00:00,70.0,69.0,70.0,73.0,71.0,77.0,60.0,2,1,23,70.0
480,2,2024-02-21 00:00:00+00:00,75.0,67.0,68.0,69.0,72.0,66.0,60.0,2,2,0,68.14285714285714
481,2,2024-02-21 01:00:00+00:00,72.0,68.0,67.0,73.0,75.0,66.0,61.0,2,2,1,68.85714285714286
482,2,2024-02-21 02:00:00+00:00,72.0,69.0,68.0,79.0,79.0,67.0,63.0,2,2,2,71.0
483,2,2024-02-21 03:00:00+00:00,74.0,70.0,70.0,81.0,81.0,67.0,63.0,2,2,3,72.28571428571429
484,2,2024-02-21 04:00:00+00:00,79.0,67.0,70.0,77.0,79.0,67.0,61.0,2,2,4,71.42857142857143
485,2,2024-02-21 05:00:00+00:00,80.0,56.0,70.0,69.0,75.0,66.0,58.0,2,2,5,67.71428571428571
486,2,2024-02-21 06:00:00+00:00,69.0,51.0,52.0,57.0,70.0,64.0,60.0,2,2,6,60.42857142857143
487,2,2024-02-21 07:00:00+00:00,63.0,50.0,50.0,54.0,65.0,61.0,58.0,2,2,7,57.285714285714285
488,2,2024-02-21 08:00:00+00:00,57.0,51.0,49.0,50.0,59.0,58.0,56.0,2,2,8,54.285714285714285
489,2,2024-02-21 09:00:00+00:00,54.0,50.0,47.0,48.0,55.0,55.0,55.0,2,2,9,52.0
490,2,2024-02-21 10:00:00+00:00,52.0,45.0,46.0,47.0,54.0,53.0,54.0,2,2,10,50.142857142857146
491,2,2024-02-21 11:00:00+00:00,49.0,43.0,45.0,47.0,54.0,52.0,54.0,2,2,11,49.142857142857146
492,2,2024-02-21 12:00:00+00:00,49.0,49.0,47.0,54.0,61.0,55.0,55.0,2,2,12,52.857142857142854
493,2,2024-02-21 13:00:00+00:00,54.0,52.0,51.0,58.0,63.0,57.0,58.0,2,2,13,56.142857142857146
494,2,2024-02-21 14:00:00+00:00,58.0,58.0,57.0,64.0,67.0,60.0,62.0,2,2,14,60.857142857142854
495,2,2024-02-21 15:00:00+00:00,63.0,63.0,63.0,68.0,69.0,62.0,65.0,2,2,15,64.71428571428571
496,2,2024-02-21 16:00:00+00:00,69.0,64.0,66.0,70.0,70.0,63.0,67.0,2,2,16,67.0
497,2,2024-02-21 17:00:00+00:00,71.0,68.0,68.0,72.0,70.0,65.0,68.0,2,2,17,68.85714285714286
498,2,2024-02-21 18:00:00+00:00,71.0,70.0,69.0,62.0,71.0,65.0,67.0,2,2,18,67.85714285714286
499,2,2024-02-21 19:00:00+00:00,74.0,72.0,69.0,61.0,72.0,64.0,67.0,2,2,19,68.42857142857143
500,2,2024-02-21 20:00:00+00:00,76.0,71.0,68.0,60.0,73.0,63.0,67.0,2,2,20,68.28571428571429
501,2,2024-02-21 21:00:00+00:00,77.0,70.0,66.0,60.0,74.0,63.0,67.0,2,2,21,68.14285714285714
502,2,2024-02-21 22:00:00+00:00,76.0,73.0,65.0,62.0,74.0,64.0,67.0,2,2,22,68.71428571428571
503,2,2024-02-21 23:00:00+00:00,75.0,82.0,66.0,66.0,73.0,65.0,66.0,2,2,23,70.42857142857143
504,2,2024-02-22 00:00:00+00:00,76.0,78.0,78.0,77.0,74.0,82.0,70.0,2,3,0,76.42857142857143
505,2,2024-02-22 01:00:00+00:00,80.0,83.0,80.0,79.0,75.0,83.0,70.0,2,3,1,78.57142857142857
506,2,2024-02-22 02:00:00+00:00,80.0,83.0,81.0,81.0,75.0,83.0,71.0,2,3,2,79.14285714285714
507,2,2024-02-22 03:00:00+00:00,82.0,81.0,82.0,80.0,74.0,82.0,70.0,2,3,3,78.71428571428571
508,2,2024-02-22 04:00:00+00:00,82.0,79.0,79.0,74.0,72.0,78.0,67.0,2,3,4,75.85714285714286
509,2,2024-02-22 05:00:00+00:00,73.0,73.0,67.0,66.0,69.0,73.0,63.0,2,3,5,69.14285714285714
510,2,2024-02-22 06:00:00+00:00,60.0,58.0,68.0,58.0,66.0,68.0,59.0,2,3,6,62.42857142857143
511,2,2024-02-22 07:00:00+00:00,57.0,56.0,63.0,54.0,62.0,65.0,57.0,2,3,7,59.142857142857146
512,2,2024-02-22 08:00:00+00:00,55.0,52.0,58.0,53.0,58.0,63.0,56.0,2,3,8,56.42857142857143
513,2,2024-02-22 09:00:00+00:00,52.0,49.0,56.0,52.0,54.0,61.0,55.0,2,3,9,54.142857142857146
514,2,2024-02-22 10:00:00+00:00,51.0,46.0,53.0,51.0,52.0,58.0,55.0,2,3,10,52.285714285714285
515,2,2024-02-22 11:00:00+00:00,51.0,46.0,52.0,51.0,50.0,56.0,55.0,2,3,11,51.57142857142857
516,2,2024-02-22 12:00:00+00:00,48.0,49.0,52.0,50.0,60.0,58.0,52.0,2,3,12,52.714285714285715
517,2,2024-02-22 13:00:00+00:00,52.0,51.0,52.0,53.0,62.0,60.0,55.0,2,3,13,55.0
518,2,2024-02-22 14:00:00+00:00,57.0,57.0,56.0,57.0,63.0,64.0,60.0,2,3,14,59.142857142857146
519,2,2024-02-22 15:00:00+00:00,63.0,62.0,61.0,62.0,65.0,67.0,63.0,2,3,15,63.285714285714285
520,2,2024-02-22 16:00:00+00:00,68.0,66.0,65.0,66.0,68.0,70.0,65.0,2,3,16,66.85714285714286
521,2,2024-02-22 17:00:00+00:00,72.0,71.0,69.0,71.0,72.0,72.0,66.0,2,3,17,70.42857142857143
522,2,2024-02-22 18:00:00+00:00,73.0,73.0,73.0,71.0,75.0,74.0,67.0,2,3,18,72.28571428571429
523,2,2024-02-22 19:00:00+00:00,76.0,74.0,74.0,73.0,76.0,75.0,66.0,2,3,19,73.42857142857143
524,2,2024-02-22 20:00:00+00:00,77.0,74.0,76.0,74.0,76.0,75.0,65.0,2,3,20,73.85714285714286
525,2,2024-02-22 21:00:00+00:00,77.0,75.0,75.0,76.0,77.0,76.0,64.0,2,3,21,74.28571428571429
526,2,2024-02-22 22:00:00+00:00,75.0,77.0,76.0,78.0,80.0,77.0,63.0,2,3,22,75.14285714285714
527,2,2024-02-22 23:00:00+00:00,79.0,79.0,78.0,80.0,84.0,78.0,62.0,2,3,23,77.14285714285714
528,2,2024-02-23 00:00:00+00:00,74.0,81.0,87.0,82.0,75.0,86.0,66.0,2,4,0,78.71428571428571
529,2,2024-02-23 01:00:00+00:00,75.0,83.0,88.0,82.0,77.0,86.0,67.0,2,4,1,79.71428571428571
530,2,2024-02-23 02:00:00+00:00,80.0,85.0,87.0,82.0,80.0,83.0,68.0,2,4,2,80.71428571428571
531,2,2024-02-23 03:00:00+00:00,86.0,86.0,88.0,80.0,80.0,80.0,68.0,2,4,3,81.14285714285714
532,2,2024-02-23 04:00:00+00:00,86.0,84.0,87.0,77.0,77.0,76.0,65.0,2,4,4,78.85714285714286
533,2,2024-02-23 05:00:00+00:00,77.0,76.0,78.0,73.0,72.0,71.0,60.0,2,4,5,72.42857142857143
534,2,2024-02-23 06:00:00+00:00,68.0,70.0,71.0,70.0,67.0,66.0,49.0,2,4,6,65.85714285714286
535,2,2024-02-23 07:00:00+00:00,64.0,63.0,64.0,65.0,61.0,63.0,45.0,2,4,7,60.714285714285715
536,2,2024-02-23 08:00:00+00:00,61.0,58.0,56.0,58.0,56.0,60.0,40.0,2,4,8,55.57142857142857
537,2,2024-02-23 09:00:00+00:00,58.0,52.0,53.0,54.0,51.0,58.0,37.0,2,4,9,51.857142857142854
538,2,2024-02-23 10:00:00+00:00,57.0,45.0,48.0,52.0,48.0,56.0,35.0,2,4,10,48.714285714285715
539,2,2024-02-23 11:00:00+00:00,51.0,45.0,52.0,52.0,46.0,55.0,34.0,2,4,11,47.857142857142854
540,2,2024-02-23 12:00:00+00:00,56.0,55.0,54.0,54.0,54.0,53.0,45.0,2,4,12,53.0
541,2,2024-02-23 13:00:00+00:00,58.0,60.0,61.0,58.0,58.0,57.0,48.0,2,4,13,57.142857142857146
542,2,2024-02-23 14:00:00+00:00,67.0,66.0,64.0,63.0,64.0,64.0,51.0,2,4,14,62.714285714285715
543,2,2024-02-23 15:00:00+00:00,76.0,74.0,70.0,68.0,69.0,70.0,54.0,2,4,15,68.71428571428571
544,2,2024-02-23 16:00:00+00:00,81.0,80.0,75.0,72.0,73.0,74.0,56.0,2,4,16,73.0
545,2,2024-02-23 17:00:00+00:00,85.0,83.0,79.0,77.0,77.0,78.0,58.0,2,4,17,76.71428571428571
546,2,2024-02-23 18:00:00+00:00,85.0,85.0,86.0,82.0,80.0,82.0,60.0,2,4,18,80.0
547,2,2024-02-23 19:00:00+00:00,85.0,86.0,87.0,84.0,83.0,86.0,58.0,2,4,19,81.28571428571429
548,2,2024-02-23 20:00:00+00:00,85.0,88.0,88.0,85.0,85.0,89.0,55.0,2,4,20,82.14285714285714
549,2,2024-02-23 21:00:00+00:00,88.0,89.0,90.0,86.0,86.0,91.0,53.0,2,4,21,83.28571428571429
550,2,2024-02-23 22:00:00+00:00,86.0,88.0,88.0,86.0,86.0,90.0,52.0,2,4,22,82.28571428571429
551,2,2024-02-23 23:00:00+00:00,82.0,88.0,85.0,86.0,84.0,87.0,52.0,2,4,23,80.57142857142857
552,2,2024-02-24 00:00:00+00:00,79.0,86.0,90.0,83.0,84.0,78.0,60.0,2,5,0,80.0
553,2,2024-02-24 01:00:00+00:00,80.0,87.0,91.0,84.0,84.0,80.0,60.0,2,5,1,80.85714285714286
554,2,2024-02-24 02:00:00+00:00,83.0,88.0,90.0,86.0,85.0,84.0,62.0,2,5,2,82.57142857142857
555,2,2024-02-24 03:00:00+00:00,85.0,88.0,91.0,85.0,83.0,85.0,62.0,2,5,3,82.71428571428571
556,2,2024-02-24 04:00:00+00:00,83.0,88.0,90.0,79.0,78.0,84.0,61.0,2,5,4,80.42857142857143
557,2,2024-02-24 05:00:00+00:00,77.0,81.0,86.0,70.0,72.0,81.0,59.0,2,5,5,75.14285714285714
558,2,2024-02-24 06:00:00+00:00,65.0,68.0,71.0,70.0,65.0,75.0,54.0,2,5,6,66.85714285714286
559,2,2024-02-24 07:00:00+00:00,62.0,57.0,63.0,60.0,59.0,64.0,53.0,2,5,7,59.714285714285715
560,2,2024-02-24 08:00:00+00:00,64.0,48.0,51.0,48.0,52.0,50.0,53.0,2,5,8,52.285714285714285
561,2,2024-02-24 09:00:00+00:00,57.0,45.0,44.0,40.0,47.0,39.0,53.0,2,5,9,46.42857142857143
562,2,2024-02-24 10:00:00+00:00,49.0,43.0,43.0,38.0,43.0,34.0,53.0,2,5,10,43.285714285714285
563,2,2024-02-24 11:00:00+00:00,35.0,38.0,41.0,40.0,40.0,32.0,52.0,2,5,11,39.714285714285715
564,2,2024-02-24 12:00:00+00:00,37.0,36.0,38.0,58.0,51.0,48.0,53.0,2,5,12,45.857142857142854
565,2,2024-02-24 13:00:00+00:00,44.0,41.0,39.0,60.0,56.0,57.0,57.0,2,5,13,50.57142857142857
566,2,2024-02-24 14:00:00+00:00,51.0,53.0,47.0,62.0,61.0,69.0,61.0,2,5,14,57.714285714285715
567,2,2024-02-24 15:00:00+00:00,65.0,65.0,61.0,64.0,64.0,77.0,64.0,2,5,15,65.71428571428571
568,2,2024-02-24 16:00:00+00:00,74.0,72.0,70.0,65.0,64.0,77.0,65.0,2,5,16,69.57142857142857
569,2,2024-02-24 17:00:00+00:00,80.0,75.0,80.0,65.0,63.0,72.0,65.0,2,5,17,71.42857142857143
570,2,2024-02-24 18:00:00+00:00,83.0,71.0,85.0,71.0,63.0,70.0,59.0,2,5,18,71.71428571428571
571,2,2024-02-24 19:00:00+00:00,85.0,80.0,77.0,73.0,65.0,74.0,60.0,2,5,19,73.42857142857143
572,2,2024-02-24 20:00:00+00:00,85.0,75.0,72.0,74.0,69.0,80.0,61.0,2,5,20,73.71428571428571
573,2,2024-02-24 21:00:00+00:00,85.0,68.0,72.0,75.0,73.0,85.0,61.0,2,5,21,74.14285714285714
574,2,2024-02-24 22:00:00+00:00,84.0,67.0,72.0,76.0,77.0,86.0,60.0,2,5,22,74.57142857142857
575,2,2024-02-24 23:00:00+00:00,82.0,71.0,72.0,77.0,82.0,84.0,57.0,2,5,23,75.0
576,2,2024-02-25 00:00:00+00:00,81.0,75.0,71.0,84.0,74.0,73.0,61.0,2,6,0,74.14285714285714
577,2,2024-02-25 01:00:00+00:00,83.0,80.0,72.0,85.0,75.0,73.0,63.0,2,6,1,75.85714285714286
578,2,2024-02-25 02:00:00+00:00,85.0,80.0,72.0,85.0,75.0,74.0,66.0,2,6,2,76.71428571428571
579,2,2024-02-25 03:00:00+00:00,81.0,81.0,72.0,84.0,75.0,75.0,67.0,2,6,3,76.42857142857143
580,2,2024-02-25 04:00:00+00:00,78.0,81.0,76.0,83.0,73.0,76.0,66.0,2,6,4,76.14285714285714
581,2,2024-02-25 05:00:00+00:00,73.0,77.0,76.0,82.0,70.0,76.0,64.0,2,6,5,74.0
582,2,2024-02-25 06:00:00+00:00,71.0,74.0,70.0,80.0,68.0,76.0,59.0,2,6,6,71.14285714285714
583,2,2024-02-25 07:00:00+00:00,63.0,71.0,69.0,78.0,68.0,75.0,56.0,2,6,7,68.57142857142857
584,2,2024-02-25 08:00:00+00:00,64.0,70.0,66.0,76.0,69.0,73.0,54.0,2,6,8,67.42857142857143
585,2,2024-02-25 09:00:00+00:00,60.0,71.0,65.0,74.0,70.0,71.0,52.0,2,6,9,66.14285714285714
586,2,2024-02-25 10:00:00+00:00,64.0,70.0,69.0,73.0,70.0,69.0,52.0,2,6,10,66.71428571428571
587,2,2024-02-25 11:00:00+00:00,68.0,70.0,69.0,72.0,71.0,67.0,52.0,2,6,11,67.0
588,2,2024-02-25 12:00:00+00:00,64.0,70.0,72.0,72.0,67.0,66.0,51.0,2,6,12,66.0
589,2,2024-02-25 13:00:00+00:00,74.0,72.0,71.0,72.0,73.0,68.0,52.0,2,6,13,68.85714285714286
590,2,2024-02-25 14:00:00+00:00,76.0,73.0,73.0,72.0,80.0,71.0,53.0,2,6,14,71.14285714285714
591,2,2024-02-25 15:00:00+00:00,79.0,76.0,73.0,73.0,85.0,73.0,54.0,2,6,15,73.28571428571429
592,2,2024-02-25 16:00:00+00:00,76.0,79.0,73.0,74.0,85.0,72.0,56.0,2,6,16,73.57142857142857
593,2,2024-02-25 17:00:00+00:00,77.0,81.0,70.0,75.0,82.0,69.0,58.0,2,6,17,73.14285714285714
594,2,2024-02-25 18:00:00+00:00,77.0,77.0,71.0,76.0,80.0,67.0,68.0,2,6,18,73.71428571428571
595,2,2024-02-25 19:00:00+00:00,77.0,76.0,69.0,78.0,80.0,64.0,67.0,2,6,19,73.0
596,2,2024-02-25 20:00:00+00:00,78.0,76.0,70.0,79.0,80.0,61.0,66.0,2,6,20,72.85714285714286
597,2,2024-02-25 21:00:00+00:00,75.0,78.0,72.0,80.0,80.0,61.0,64.0,2,6,21,72.85714285714286
598,2,2024-02-25 22:00:00+00:00,76.0,77.0,72.0,78.0,80.0,65.0,62.0,2,6,22,72.85714285714286
599,2,2024-02-25 23:00:00+00:00,79.0,79.0,76.0,75.0,79.0,71.0,60.0,2,6,23,74.14285714285714
600,2,2024-02-26 00:00:00+00:00,75.0,78.0,79.0,78.0,73.0,75.0,63.0,2,0,0,74.42857142857143
601,2,2024-02-26 01:00:00+00:00,75.0,77.0,79.0,79.0,75.0,77.0,63.0,2,0,1,75.0
602,2,2024-02-26 02:00:00+00:00,73.0,79.0,79.0,80.0,77.0,80.0,63.0,2,0,2,75.85714285714286
603,2,2024-02-26 03:00:00+00:00,77.0,80.0,77.0,80.0,77.0,82.0,62.0,2,0,3,76.42857142857143
604,2,2024-02-26 04:00:00+00:00,74.0,77.0,72.0,78.0,74.0,81.0,58.0,2,0,4,73.42857142857143
605,2,2024-02-26 05:00:00+00:00,65.0,74.0,67.0,74.0,70.0,78.0,53.0,2,0,5,68.71428571428571
606,2,2024-02-26 06:00:00+00:00,62.0,66.0,61.0,76.0,66.0,74.0,53.0,2,0,6,65.42857142857143
607,2,2024-02-26 07:00:00+00:00,58.0,58.0,57.0,73.0,63.0,70.0,50.0,2,0,7,61.285714285714285
608,2,2024-02-26 08:00:00+00:00,56.0,54.0,56.0,68.0,61.0,64.0,47.0,2,0,8,58.0
609,2,2024-02-26 09:00:00+00:00,55.0,52.0,54.0,64.0,59.0,61.0,45.0,2,0,9,55.714285714285715
610,2,2024-02-26 10:00:00+00:00,54.0,51.0,52.0,62.0,59.0,60.0,44.0,2,0,10,54.57142857142857
611,2,2024-02-26 11:00:00+00:00,57.0,53.0,52.0,61.0,59.0,61.0,45.0,2,0,11,55.42857142857143
612,2,2024-02-26 12:00:00+00:00,57.0,55.0,53.0,59.0,61.0,64.0,37.0,2,0,12,55.142857142857146
613,2,2024-02-26 13:00:00+00:00,58.0,60.0,55.0,61.0,62.0,65.0,42.0,2,0,13,57.57142857142857
614,2,2024-02-26 14:00:00+00:00,61.0,61.0,60.0,63.0,64.0,67.0,48.0,2,0,14,60.57142857142857
615,2,2024-02-26 15:00:00+00:00,68.0,65.0,63.0,65.0,65.0,69.0,52.0,2,0,15,63.857142857142854
616,2,2024-02-26 16:00:00+00:00,71.0,67.0,66.0,66.0,66.0,72.0,52.0,2,0,16,65.71428571428571
617,2,2024-02-26 17:00:00+00:00,71.0,68.0,69.0,66.0,66.0,74.0,50.0,2,0,17,66.28571428571429
618,2,2024-02-26 18:00:00+00:00,72.0,67.0,66.0,58.0,67.0,76.0,59.0,2,0,18,66.42857142857143
619,2,2024-02-26 19:00:00+00:00,73.0,68.0,69.0,59.0,68.0,75.0,59.0,2,0,19,67.28571428571429
620,2,2024-02-26 20:00:00+00:00,74.0,67.0,72.0,59.0,69.0,73.0,59.0,2,0,20,67.57142857142857
621,2,2024-02-26 21:00:00+00:00,76.0,65.0,72.0,60.0,70.0,71.0,59.0,2,0,21,67.57142857142857
622,2,2024-02-26 22:00:00+00:00,76.0,63.0,73.0,62.0,68.0,70.0,60.0,2,0,22,67.42857142857143
623,2,2024-02-26 23:00:00+00:00,78.0,63.0,73.0,65.0,66.0,69.0,60.0,2,0,23,67.71428571428571
624,2,2024-02-27 00:00:00+00:00,67.0,65.0,71.0,66.0,78.0,76.0,70.0,2,1,0,70.42857142857143
625,2,2024-02-27 01:00:00+00:00,64.0,64.0,75.0,60.0,81.0,78.0,71.0,2,1,1,70.42857142857143
626,2,2024-02-27 02:00:00+00:00,64.0,61.0,79.0,51.0,85.0,80.0,71.0,2,1,2,70.14285714285714
627,2,2024-02-27 03:00:00+00:00,62.0,61.0,80.0,44.0,85.0,79.0,70.0,2,1,3,68.71428571428571
628,2,2024-02-27 04:00:00+00:00,58.0,61.0,78.0,40.0,79.0,72.0,66.0,2,1,4,64.85714285714286
629,2,2024-02-27 05:00:00+00:00,49.0,50.0,67.0,38.0,70.0,62.0,60.0,2,1,5,56.57142857142857
630,2,2024-02-27 06:00:00+00:00,46.0,42.0,51.0,38.0,61.0,54.0,49.0,2,1,6,48.714285714285715
631,2,2024-02-27 07:00:00+00:00,44.0,41.0,45.0,30.0,54.0,49.0,44.0,2,1,7,43.857142857142854
632,2,2024-02-27 08:00:00+00:00,43.0,40.0,40.0,23.0,48.0,45.0,40.0,2,1,8,39.857142857142854
633,2,2024-02-27 09:00:00+00:00,41.0,40.0,38.0,18.0,44.0,43.0,38.0,2,1,9,37.42857142857143
634,2,2024-02-27 10:00:00+00:00,41.0,40.0,37.0,16.0,43.0,41.0,39.0,2,1,10,36.714285714285715
635,2,2024-02-27 11:00:00+00:00,41.0,40.0,37.0,15.0,44.0,41.0,41.0,2,1,11,37.0
636,2,2024-02-27 12:00:00+00:00,44.0,40.0,38.0,33.0,46.0,37.0,45.0,2,1,12,40.42857142857143
637,2,2024-02-27 13:00:00+00:00,46.0,42.0,39.0,37.0,48.0,40.0,47.0,2,1,13,42.714285714285715
638,2,2024-02-27 14:00:00+00:00,50.0,47.0,42.0,44.0,50.0,46.0,50.0,2,1,14,47.0
639,2,2024-02-27 15:00:00+00:00,56.0,53.0,48.0,50.0,53.0,52.0,53.0,2,1,15,52.142857142857146
640,2,2024-02-27 16:00:00+00:00,60.0,57.0,54.0,55.0,55.0,57.0,55.0,2,1,16,56.142857142857146
641,2,2024-02-27 17:00:00+00:00,61.0,59.0,59.0,60.0,58.0,62.0,57.0,2,1,17,59.42857142857143
642,2,2024-02-27 18:00:00+00:00,57.0,61.0,60.0,65.0,60.0,66.0,57.0,2,1,18,60.857142857142854
643,2,2024-02-27 19:00:00+00:00,57.0,60.0,63.0,66.0,61.0,69.0,58.0,2,1,19,62.0
644,2,2024-02-27 20:00:00+00:00,58.0,61.0,61.0,66.0,62.0,70.0,60.0,2,1,20,62.57142857142857
645,2,2024-02-27 21:00:00+00:00,60.0,60.0,61.0,66.0,63.0,72.0,61.0,2,1,21,63.285714285714285
646,2,2024-02-27 22:00:00+00:00,63.0,59.0,63.0,66.0,63.0,74.0,62.0,2,1,22,64.28571428571429
647,2,2024-02-27 23:00:00+00:00,66.0,58.0,65.0,66.0,62.0,76.0,63.0,2,1,23,65.14285714285714
648,2,2024-02-28 00:00:00+00:00,70.0,60.0,58.0,72.0,61.0,66.0,65.0,2,2,0,64.57142857142857
649,2,2024-02-28 01:00:00+00:00,71.0,57.0,62.0,70.0,67.0,67.0,67.0,2,2,1,65.85714285714286
650,2,2024-02-28 02:00:00+00:00,70.0,57.0,63.0,66.0,75.0,69.0,71.0,2,2,2,67.28571428571429
651,2,2024-02-28 03:00:00+00:00,71.0,60.0,59.0,63.0,81.0,71.0,72.0,2,2,3,68.14285714285714
652,2,2024-02-28 04:00:00+00:00,68.0,65.0,62.0,62.0,81.0,72.0,69.0,2,2,4,68.42857142857143
653,2,2024-02-28 05:00:00+00:00,62.0,66.0,71.0,63.0,79.0,73.0,63.0,2,2,5,68.14285714285714
654,2,2024-02-28 06:00:00+00:00,53.0,57.0,66.0,69.0,76.0,71.0,60.0,2,2,6,64.57142857142857
655,2,2024-02-28 07:00:00+00:00,51.0,52.0,61.0,67.0,74.0,64.0,55.0,2,2,7,60.57142857142857
656,2,2024-02-28 08:00:00+00:00,52.0,52.0,58.0,62.0,71.0,55.0,51.0,2,2,8,57.285714285714285
657,2,2024-02-28 09:00:00+00:00,49.0,51.0,60.0,59.0,68.0,48.0,48.0,2,2,9,54.714285714285715
658,2,2024-02-28 10:00:00+00:00,45.0,48.0,61.0,58.0,64.0,46.0,47.0,2,2,10,52.714285714285715
659,2,2024-02-28 11:00:00+00:00,42.0,51.0,63.0,59.0,61.0,46.0,48.0,2,2,11,52.857142857142854
660,2,2024-02-28 12:00:00+00:00,44.0,57.0,65.0,52.0,56.0,64.0,54.0,2,2,12,56.0
661,2,2024-02-28 13:00:00+00:00,48.0,59.0,62.0,53.0,60.0,65.0,57.0,2,2,13,57.714285714285715
662,2,2024-02-28 14:00:00+00:00,56.0,65.0,60.0,56.0,66.0,66.0,61.0,2,2,14,61.42857142857143
663,2,2024-02-28 15:00:00+00:00,58.0,66.0,58.0,59.0,71.0,68.0,64.0,2,2,15,63.42857142857143
664,2,2024-02-28 16:00:00+00:00,58.0,63.0,58.0,62.0,73.0,70.0,65.0,2,2,16,64.14285714285714
665,2,2024-02-28 17:00:00+00:00,61.0,72.0,63.0,66.0,73.0,73.0,66.0,2,2,17,67.71428571428571
666,2,2024-02-28 18:00:00+00:00,60.0,69.0,57.0,74.0,72.0,75.0,59.0,2,2,18,66.57142857142857
667,2,2024-02-28 19:00:00+00:00,60.0,67.0,54.0,75.0,69.0,75.0,60.0,2,2,19,65.71428571428571
668,2,2024-02-28 20:00:00+00:00,62.0,66.0,55.0,74.0,65.0,75.0,61.0,2,2,20,65.42857142857143
669,2,2024-02-28 21:00:00+00:00,60.0,68.0,54.0,73.0,63.0,73.0,62.0,2,2,21,64.71428571428571
670,2,2024-02-28 22:00:00+00:00,64.0,70.0,44.0,72.0,66.0,70.0,65.0,2,2,22,64.42857142857143
671,2,2024-02-28 23:00:00+00:00,69.0,74.0,48.0,71.0,71.0,66.0,68.0,2,2,23,66.71428571428571
672,2,2024-02-29 00:00:00+00:00,70.0,75.0,63.0,70.0,80.0,33.0,86.0,2,3,0,68.14285714285714
673,2,2024-02-29 01:00:00+00:00,72.0,68.0,65.0,73.0,79.0,35.0,86.0,2,3,1,68.28571428571429
674,2,2024-02-29 02:00:00+00:00,72.0,63.0,68.0,77.0,77.0,38.0,84.0,2,3,2,68.42857142857143
675,2,2024-02-29 03:00:00+00:00,77.0,71.0,73.0,78.0,73.0,40.0,81.0,2,3,3,70.42857142857143
676,2,2024-02-29 04:00:00+00:00,74.0,69.0,69.0,74.0,68.0,40.0,77.0,2,3,4,67.28571428571429
677,2,2024-02-29 05:00:00+00:00,64.0,67.0,60.0,68.0,61.0,40.0,71.0,2,3,5,61.57142857142857
678,2,2024-02-29 06:00:00+00:00,59.0,61.0,56.0,41.0,56.0,39.0,64.0,2,3,6,53.714285714285715
679,2,2024-02-29 07:00:00+00:00,53.0,54.0,48.0,37.0,53.0,37.0,62.0,2,3,7,49.142857142857146
680,2,2024-02-29 08:00:00+00:00,47.0,51.0,43.0,37.0,51.0,35.0,62.0,2,3,8,46.57142857142857
681,2,2024-02-29 09:00:00+00:00,43.0,47.0,43.0,36.0,48.0,33.0,61.0,2,3,9,44.42857142857143
682,2,2024-02-29 10:00:00+00:00,44.0,42.0,45.0,34.0,41.0,32.0,60.0,2,3,10,42.57142857142857
683,2,2024-02-29 11:00:00+00:00,45.0,40.0,50.0,31.0,32.0,31.0,60.0,2,3,11,41.285714285714285
684,2,2024-02-29 12:00:00+00:00,39.0,37.0,50.0,48.0,30.0,33.0,54.0,2,3,12,41.57142857142857
685,2,2024-02-29 13:00:00+00:00,41.0,36.0,52.0,48.0,32.0,37.0,53.0,2,3,13,42.714285714285715
686,2,2024-02-29 14:00:00+00:00,39.0,37.0,56.0,47.0,36.0,41.0,53.0,2,3,14,44.142857142857146
687,2,2024-02-29 15:00:00+00:00,39.0,43.0,49.0,45.0,39.0,44.0,53.0,2,3,15,44.57142857142857
688,2,2024-02-29 16:00:00+00:00,39.0,44.0,47.0,43.0,40.0,44.0,53.0,2,3,16,44.285714285714285
689,2,2024-02-29 17:00:00+00:00,39.0,42.0,45.0,40.0,39.0,43.0,52.0,2,3,17,42.857142857142854
690,2,2024-02-29 18:00:00+00:00,40.0,38.0,42.0,39.0,40.0,43.0,51.0,2,3,18,41.857142857142854
691,2,2024-02-29 19:00:00+00:00,39.0,38.0,42.0,41.0,43.0,44.0,50.0,2,3,19,42.42857142857143
692,2,2024-02-29 20:00:00+00:00,36.0,42.0,47.0,44.0,47.0,47.0,48.0,2,3,20,44.42857142857143
693,2,2024-02-29 21:00:00+00:00,42.0,48.0,46.0,46.0,51.0,50.0,47.0,2,3,21,47.142857142857146
694,2,2024-02-29 22:00:00+00:00,48.0,50.0,51.0,46.0,53.0,55.0,47.0,2,3,22,50.0
695,2,2024-02-29 23:00:00+00:00,54.0,53.0,51.0,45.0,55.0,61.0,47.0,2,3,23,52.285714285714285
696,2,2024-03-01 00:00:00+00:00,53.0,54.0,54.0,45.0,49.0,37.0,43.0,3,4,0,47.857142857142854
697,2,2024-03-01 01:00:00+00:00,43.0,51.0,40.0,49.0,51.0,39.0,43.0,3,4,1,45.142857142857146
698,2,2024-03-01 02:00:00+00:00,42.0,48.0,51.0,55.0,54.0,41.0,43.0,3,4,2,47.714285714285715
699,2,2024-03-01 03:00:00+00:00,46.0,48.0,55.0,58.0,54.0,43.0,43.0,3,4,3,49.57142857142857
700,2,2024-03-01 04:00:00+00:00,48.0,51.0,56.0,57.0,51.0,44.0,42.0,3,4,4,49.857142857142854
701,2,2024-03-01 05:00:00+00:00,46.0,49.0,53.0,54.0,46.0,44.0,41.0,3,4,5,47.57142857142857
702,2,2024-03-01 06:00:00+00:00,45.0,43.0,44.0,53.0,43.0,45.0,47.0,3,4,6,45.714285714285715
703,2,2024-03-01 07:00:00+00:00,43.0,43.0,45.0,51.0,43.0,46.0,46.0,3,4,7,45.285714285714285
704,2,2024-03-01 08:00:00+00:00,42.0,42.0,46.0,49.0,44.0,47.0,46.0,3,4,8,45.142857142857146
705,2,2024-03-01 09:00:00+00:00,43.0,44.0,48.0,47.0,45.0,47.0,46.0,3,4,9,45.714285714285715
706,2,2024-03-01 10:00:00+00:00,47.0,47.0,48.0,46.0,43.0,46.0,46.0,3,4,10,46.142857142857146
707,2,2024-03-01 11:00:00+00:00,48.0,49.0,45.0,46.0,41.0,44.0,47.0,3,4,11,45.714285714285715
708,2,2024-03-01 12:00:00+00:00,52.0,48.0,42.0,54.0,47.0,39.0,50.0,3,4,12,47.42857142857143
709,2,2024-03-01 13:00:00+00:00,52.0,48.0,45.0,56.0,49.0,40.0,51.0,3,4,13,48.714285714285715
710,2,2024-03-01 14:00:00+00:00,56.0,50.0,49.0,57.0,52.0,43.0,53.0,3,4,14,51.42857142857143
711,2,2024-03-01 15:00:00+00:00,57.0,56.0,52.0,59.0,55.0,46.0,54.0,3,4,15,54.142857142857146
712,2,2024-03-01 16:00:00+00:00,57.0,59.0,55.0,62.0,58.0,50.0,55.0,3,4,16,56.57142857142857
713,2,2024-03-01 17:00:00+00:00,58.0,59.0,59.0,65.0,61.0,54.0,57.0,3,4,17,59.0
714,2,2024-03-01 18:00:00+00:00,59.0,58.0,56.0,67.0,63.0,57.0,51.0,3,4,18,58.714285714285715
715,2,2024-03-01 19:00:00+00:00,58.0,63.0,57.0,69.0,64.0,57.0,51.0,3,4,19,59.857142857142854
716,2,2024-03-01 20:00:00+00:00,57.0,65.0,59.0,70.0,65.0,56.0,52.0,3,4,20,60.57142857142857
717,2,2024-03-01 21:00:00+00:00,57.0,64.0,60.0,71.0,65.0,55.0,52.0,3,4,21,60.57142857142857
718,2,2024-03-01 22:00:00+00:00,57.0,63.0,63.0,72.0,65.0,56.0,51.0,3,4,22,61.0
719,2,2024-03-01 23:00:00+00:00,59.0,64.0,65.0,73.0,65.0,59.0,49.0,3,4,23,62.0
720,2,2024-03-02 00:00:00+00:00,58.0,61.0,57.0,68.0,71.0,71.0,50.0,3,5,0,62.285714285714285
721,2,2024-03-02 01:00:00+00:00,62.0,64.0,60.0,72.0,71.0,72.0,50.0,3,5,1,64.42857142857143
722,2,2024-03-02 02:00:00+00:00,73.0,68.0,67.0,77.0,70.0,73.0,51.0,3,5,2,68.42857142857143
723,2,2024-03-02 03:00:00+00:00,75.0,75.0,71.0,78.0,68.0,72.0,51.0,3,5,3,70.0
724,2,2024-03-02 04:00:00+00:00,63.0,71.0,61.0,71.0,64.0,68.0,49.0,3,5,4,63.857142857142854
725,2,2024-03-02 05:00:00+00:00,53.0,55.0,53.0,59.0,59.0,62.0,46.0,3,5,5,55.285714285714285
726,2,2024-03-02 06:00:00+00:00,48.0,47.0,47.0,47.0,54.0,57.0,45.0,3,5,6,49.285714285714285
727,2,2024-03-02 07:00:00+00:00,45.0,45.0,44.0,42.0,50.0,53.0,43.0,3,5,7,46.0
728,2,2024-03-02 08:00:00+00:00,43.0,44.0,40.0,38.0,46.0,48.0,41.0,3,5,8,42.857142857142854
729,2,2024-03-02 09:00:00+00:00,38.0,42.0,38.0,35.0,43.0,45.0,40.0,3,5,9,40.142857142857146
730,2,2024-03-02 10:00:00+00:00,35.0,41.0,36.0,33.0,41.0,42.0,40.0,3,5,10,38.285714285714285
731,2,2024-03-02 11:00:00+00:00,35.0,41.0,35.0,31.0,40.0,40.0,40.0,3,5,11,37.42857142857143
732,2,2024-03-02 12:00:00+00:00,34.0,36.0,43.0,37.0,39.0,31.0,40.0,3,5,12,37.142857142857146
733,2,2024-03-02 13:00:00+00:00,42.0,37.0,46.0,41.0,39.0,34.0,41.0,3,5,13,40.0
734,2,2024-03-02 14:00:00+00:00,54.0,40.0,52.0,48.0,41.0,40.0,42.0,3,5,14,45.285714285714285
735,2,2024-03-02 15:00:00+00:00,61.0,47.0,58.0,54.0,47.0,45.0,43.0,3,5,15,50.714285714285715
736,2,2024-03-02 16:00:00+00:00,66.0,57.0,66.0,60.0,59.0,50.0,44.0,3,5,16,57.42857142857143
737,2,2024-03-02 17:00:00+00:00,69.0,63.0,70.0,67.0,75.0,56.0,46.0,3,5,17,63.714285714285715
738,2,2024-03-02 18:00:00+00:00,69.0,66.0,67.0,66.0,85.0,60.0,44.0,3,5,18,65.28571428571429
739,2,2024-03-02 19:00:00+00:00,70.0,69.0,70.0,69.0,85.0,63.0,46.0,3,5,19,67.42857142857143
740,2,2024-03-02 20:00:00+00:00,73.0,71.0,73.0,70.0,81.0,64.0,48.0,3,5,20,68.57142857142857
741,2,2024-03-02 21:00:00+00:00,79.0,72.0,74.0,71.0,77.0,66.0,50.0,3,5,21,69.85714285714286
742,2,2024-03-02 22:00:00+00:00,77.0,75.0,75.0,72.0,76.0,68.0,52.0,3,5,22,70.71428571428571
743,2,2024-03-02 23:00:00+00:00,78.0,80.0,77.0,72.0,76.0,69.0,54.0,3,5,23,72.28571428571429
744,2,2024-03-03 00:00:00+00:00,80.0,88.0,78.0,80.0,75.0,70.0,57.0,3,6,0,75.42857142857143
745,2,2024-03-03 01:00:00+00:00,82.0,89.0,82.0,83.0,74.0,73.0,58.0,3,6,1,77.28571428571429
746,2,2024-03-03 02:00:00+00:00,82.0,88.0,85.0,86.0,73.0,75.0,59.0,3,6,2,78.28571428571429
747,2,2024-03-03 03:00:00+00:00,82.0,87.0,87.0,85.0,70.0,75.0,60.0,3,6,3,78.0
748,2,2024-03-03 04:00:00+00:00,79.0,84.0,85.0,77.0,63.0,71.0,60.0,3,6,4,74.14285714285714
749,2,2024-03-03 05:00:00+00:00,69.0,74.0,73.0,65.0,54.0,66.0,60.0,3,6,5,65.85714285714286
750,2,2024-03-03 06:00:00+00:00,54.0,59.0,59.0,56.0,48.0,60.0,52.0,3,6,6,55.42857142857143
751,2,2024-03-03 07:00:00+00:00,41.0,47.0,53.0,50.0,46.0,55.0,49.0,3,6,7,48.714285714285715
752,2,2024-03-03 08:00:00+00:00,35.0,42.0,48.0,46.0,47.0,51.0,47.0,3,6,8,45.142857142857146
753,2,2024-03-03 09:00:00+00:00,33.0,38.0,43.0,42.0,47.0,47.0,44.0,3,6,9,42.0
754,2,2024-03-03 10:00:00+00:00,30.0,35.0,41.0,37.0,44.0,43.0,40.0,3,6,10,38.57142857142857
755,2,2024-03-03 11:00:00+00:00,29.0,31.0,38.0,33.0,40.0,40.0,35.0,3,6,11,35.142857142857146
756,2,2024-03-03 12:00:00+00:00,29.0,30.0,32.0,36.0,39.0,41.0,36.0,3,6,12,34.714285714285715
757,2,2024-03-03 13:00:00+00:00,33.0,31.0,31.0,41.0,40.0,47.0,36.0,3,6,13,37.0
758,2,2024-03-03 14:00:00+00:00,44.0,41.0,42.0,49.0,42.0,55.0,36.0,3,6,14,44.142857142857146
759,2,2024-03-03 15:00:00+00:00,60.0,60.0,59.0,56.0,46.0,61.0,38.0,3,6,15,54.285714285714285
760,2,2024-03-03 16:00:00+00:00,64.0,68.0,66.0,61.0,52.0,63.0,40.0,3,6,16,59.142857142857146
761,2,2024-03-03 17:00:00+00:00,59.0,59.0,63.0,66.0,58.0,64.0,44.0,3,6,17,59.0
762,2,2024-03-03 18:00:00+00:00,59.0,64.0,64.0,68.0,64.0,64.0,52.0,3,6,18,62.142857142857146
763,2,2024-03-03 19:00:00+00:00,62.0,67.0,62.0,69.0,68.0,65.0,55.0,3,6,19,64.0
764,2,2024-03-03 20:00:00+00:00,67.0,71.0,62.0,69.0,70.0,65.0,58.0,3,6,20,66.0
765,2,2024-03-03 21:00:00+00:00,67.0,73.0,66.0,70.0,72.0,66.0,60.0,3,6,21,67.71428571428571
766,2,2024-03-03 22:00:00+00:00,69.0,77.0,67.0,73.0,74.0,67.0,61.0,3,6,22,69.71428571428571
767,2,2024-03-03 23:00:00+00:00,72.0,78.0,68.0,77.0,76.0,67.0,62.0,3,6,23,71.42857142857143
768,2,2024-03-04 00:00:00+00:00,74.0,65.0,68.0,73.0,73.0,72.0,61.0,3,0,0,69.42857142857143
769,2,2024-03-04 01:00:00+00:00,77.0,71.0,70.0,76.0,74.0,73.0,59.0,3,0,1,71.42857142857143
770,2,2024-03-04 02:00:00+00:00,79.0,75.0,73.0,79.0,75.0,73.0,57.0,3,0,2,73.0
771,2,2024-03-04 03:00:00+00:00,80.0,79.0,77.0,80.0,75.0,72.0,54.0,3,0,3,73.85714285714286
772,2,2024-03-04 04:00:00+00:00,79.0,80.0,76.0,78.0,72.0,69.0,51.0,3,0,4,72.14285714285714
773,2,2024-03-04 05:00:00+00:00,75.0,76.0,73.0,74.0,68.0,65.0,47.0,3,0,5,68.28571428571429
774,2,2024-03-04 06:00:00+00:00,68.0,69.0,67.0,66.0,64.0,61.0,46.0,3,0,6,63.0
775,2,2024-03-04 07:00:00+00:00,62.0,64.0,60.0,61.0,59.0,56.0,42.0,3,0,7,57.714285714285715
776,2,2024-03-04 08:00:00+00:00,55.0,55.0,51.0,55.0,54.0,50.0,40.0,3,0,8,51.42857142857143
777,2,2024-03-04 09:00:00+00:00,48.0,47.0,42.0,50.0,49.0,46.0,38.0,3,0,9,45.714285714285715
778,2,2024-03-04 10:00:00+00:00,41.0,37.0,35.0,48.0,45.0,44.0,37.0,3,0,10,41.0
779,2,2024-03-04 11:00:00+00:00,33.0,33.0,36.0,46.0,41.0,43.0,36.0,3,0,11,38.285714285714285
780,2,2024-03-04 12:00:00+00:00,34.0,36.0,35.0,34.0,35.0,54.0,33.0,3,0,12,37.285714285714285
781,2,2024-03-04 13:00:00+00:00,33.0,35.0,34.0,42.0,39.0,56.0,37.0,3,0,13,39.42857142857143
782,2,2024-03-04 14:00:00+00:00,36.0,37.0,35.0,55.0,45.0,58.0,43.0,3,0,14,44.142857142857146
783,2,2024-03-04 15:00:00+00:00,45.0,45.0,43.0,65.0,49.0,60.0,48.0,3,0,15,50.714285714285715
784,2,2024-03-04 16:00:00+00:00,55.0,70.0,64.0,70.0,51.0,63.0,50.0,3,0,16,60.42857142857143
785,2,2024-03-04 17:00:00+00:00,64.0,73.0,74.0,74.0,52.0,66.0,50.0,3,0,17,64.71428571428571
786,2,2024-03-04 18:00:00+00:00,80.0,50.0,64.0,56.0,54.0,69.0,62.0,3,0,18,62.142857142857146
787,2,2024-03-04 19:00:00+00:00,80.0,52.0,67.0,58.0,58.0,72.0,61.0,3,0,19,64.0
788,2,2024-03-04 20:00:00+00:00,82.0,59.0,67.0,58.0,64.0,74.0,60.0,3,0,20,66.28571428571429
789,2,2024-03-04 21:00:00+00:00,83.0,66.0,68.0,59.0,68.0,76.0,59.0,3,0,21,68.42857142857143
790,2,2024-03-04 22:00:00+00:00,83.0,69.0,71.0,60.0,70.0,78.0,58.0,3,0,22,69.85714285714286
791,2,2024-03-04 23:00:00+00:00,82.0,69.0,74.0,62.0,71.0,80.0,58.0,3,0,23,70.85714285714286
792,2,2024-03-05 00:00:00+00:00,70.0,75.0,77.0,70.0,74.0,86.0,69.0,3,1,0,74.42857142857143
793,2,2024-03-05 01:00:00+00:00,69.0,76.0,79.0,73.0,74.0,86.0,70.0,3,1,1,75.28571428571429
794,2,2024-03-05 02:00:00+00:00,71.0,77.0,80.0,81.0,72.0,84.0,71.0,3,1,2,76.57142857142857
795,2,2024-03-05 03:00:00+00:00,75.0,77.0,83.0,84.0,69.0,80.0,71.0,3,1,3,77.0
796,2,2024-03-05 04:00:00+00:00,76.0,78.0,81.0,79.0,62.0,73.0,68.0,3,1,4,73.85714285714286
797,2,2024-03-05 05:00:00+00:00,68.0,74.0,71.0,70.0,53.0,63.0,64.0,3,1,5,66.14285714285714
798,2,2024-03-05 06:00:00+00:00,58.0,62.0,61.0,55.0,47.0,55.0,62.0,3,1,6,57.142857142857146
799,2,2024-03-05 07:00:00+00:00,60.0,62.0,56.0,52.0,46.0,49.0,58.0,3,1,7,54.714285714285715
800,2,2024-03-05 08:00:00+00:00,58.0,61.0,54.0,50.0,47.0,45.0,55.0,3,1,8,52.857142857142854
801,2,2024-03-05 09:00:00+00:00,54.0,62.0,52.0,49.0,48.0,42.0,52.0,3,1,9,51.285714285714285
802,2,2024-03-05 10:00:00+00:00,52.0,60.0,49.0,47.0,48.0,41.0,51.0,3,1,10,49.714285714285715
803,2,2024-03-05 11:00:00+00:00,53.0,56.0,46.0,47.0,49.0,42.0,51.0,3,1,11,49.142857142857146
804,2,2024-03-05 12:00:00+00:00,54.0,60.0,47.0,50.0,47.0,52.0,46.0,3,1,12,50.857142857142854
805,2,2024-03-05 13:00:00+00:00,63.0,70.0,47.0,56.0,51.0,52.0,50.0,3,1,13,55.57142857142857
806,2,2024-03-05 14:00:00+00:00,60.0,74.0,53.0,64.0,58.0,52.0,55.0,3,1,14,59.42857142857143
807,2,2024-03-05 15:00:00+00:00,62.0,78.0,65.0,72.0,63.0,53.0,59.0,3,1,15,64.57142857142857
808,2,2024-03-05 16:00:00+00:00,64.0,79.0,76.0,77.0,68.0,55.0,60.0,3,1,16,68.42857142857143
809,2,2024-03-05 17:00:00+00:00,62.0,80.0,82.0,82.0,71.0,57.0,59.0,3,1,17,70.42857142857143
810,2,2024-03-05 18:00:00+00:00,73.0,68.0,89.0,78.0,73.0,59.0,67.0,3,1,18,72.42857142857143
811,2,2024-03-05 19:00:00+00:00,71.0,67.0,89.0,78.0,71.0,60.0,65.0,3,1,19,71.57142857142857
812,2,2024-03-05 20:00:00+00:00,67.0,66.0,88.0,76.0,67.0,61.0,62.0,3,1,20,69.57142857142857
813,2,2024-03-05 21:00:00+00:00,64.0,65.0,83.0,74.0,63.0,62.0,60.0,3,1,21,67.28571428571429
814,2,2024-03-05 22:00:00+00:00,62.0,64.0,76.0,72.0,60.0,61.0,60.0,3,1,22,65.0
815,2,2024-03-05 23:00:00+00:00,57.0,63.0,67.0,69.0,58.0,60.0,60.0,3,1,23,62.0
816,2,2024-03-06 00:00:00+00:00,53.0,55.0,66.0,59.0,69.0,56.0,60.0,3,2,0,59.714285714285715
817,2,2024-03-06 01:00:00+00:00,50.0,56.0,64.0,58.0,68.0,62.0,61.0,3,2,1,59.857142857142854
818,2,2024-03-06 02:00:00+00:00,49.0,55.0,65.0,59.0,68.0,72.0,62.0,3,2,2,61.42857142857143
819,2,2024-03-06 03:00:00+00:00,50.0,53.0,66.0,59.0,66.0,76.0,62.0,3,2,3,61.714285714285715
820,2,2024-03-06 04:00:00+00:00,50.0,50.0,67.0,56.0,61.0,71.0,59.0,3,2,4,59.142857142857146
821,2,2024-03-06 05:00:00+00:00,51.0,44.0,60.0,52.0,55.0,62.0,55.0,3,2,5,54.142857142857146
822,2,2024-03-06 06:00:00+00:00,53.0,57.0,57.0,50.0,51.0,53.0,56.0,3,2,6,53.857142857142854
823,2,2024-03-06 07:00:00+00:00,51.0,54.0,54.0,48.0,51.0,47.0,53.0,3,2,7,51.142857142857146
824,2,2024-03-06 08:00:00+00:00,46.0,49.0,51.0,47.0,53.0,42.0,49.0,3,2,8,48.142857142857146
825,2,2024-03-06 09:00:00+00:00,45.0,47.0,47.0,46.0,54.0,39.0,46.0,3,2,9,46.285714285714285
826,2,2024-03-06 10:00:00+00:00,44.0,46.0,45.0,44.0,53.0,40.0,44.0,3,2,10,45.142857142857146
827,2,2024-03-06 11:00:00+00:00,43.0,44.0,47.0,42.0,52.0,44.0,44.0,3,2,11,45.142857142857146
828,2,2024-03-06 12:00:00+00:00,41.0,46.0,48.0,40.0,44.0,47.0,43.0,3,2,12,44.142857142857146
829,2,2024-03-06 13:00:00+00:00,44.0,50.0,54.0,45.0,49.0,51.0,47.0,3,2,13,48.57142857142857
830,2,2024-03-06 14:00:00+00:00,51.0,56.0,64.0,53.0,56.0,56.0,52.0,3,2,14,55.42857142857143
831,2,2024-03-06 15:00:00+00:00,59.0,61.0,71.0,59.0,62.0,60.0,57.0,3,2,15,61.285714285714285
832,2,2024-03-06 16:00:00+00:00,63.0,65.0,75.0,64.0,66.0,60.0,60.0,3,2,16,64.71428571428571
833,2,2024-03-06 17:00:00+00:00,66.0,67.0,76.0,67.0,69.0,59.0,62.0,3,2,17,66.57142857142857
834,2,2024-03-06 18:00:00+00:00,68.0,70.0,74.0,67.0,71.0,59.0,60.0,3,2,18,67.0
835,2,2024-03-06 19:00:00+00:00,73.0,73.0,75.0,65.0,73.0,61.0,61.0,3,2,19,68.71428571428571
836,2,2024-03-06 20:00:00+00:00,75.0,75.0,77.0,63.0,73.0,63.0,61.0,3,2,20,69.57142857142857
837,2,2024-03-06 21:00:00+00:00,76.0,75.0,75.0,62.0,74.0,65.0,62.0,3,2,21,69.85714285714286
838,2,2024-03-06 22:00:00+00:00,75.0,77.0,74.0,65.0,74.0,65.0,63.0,3,2,22,70.42857142857143
839,2,2024-03-06 23:00:00+00:00,74.0,79.0,73.0,69.0,74.0,65.0,65.0,3,2,23,71.28571428571429
840,2,2024-03-07 00:00:00+00:00,77.0,77.0,74.0,68.0,72.0,73.0,64.0,3,3,0,72.14285714285714
841,2,2024-03-07 01:00:00+00:00,81.0,79.0,75.0,73.0,74.0,78.0,64.0,3,3,1,74.85714285714286
842,2,2024-03-07 02:00:00+00:00,81.0,80.0,75.0,78.0,75.0,83.0,65.0,3,3,2,76.71428571428571
843,2,2024-03-07 03:00:00+00:00,83.0,81.0,75.0,79.0,75.0,84.0,64.0,3,3,3,77.28571428571429
844,2,2024-03-07 04:00:00+00:00,80.0,80.0,74.0,73.0,71.0,79.0,60.0,3,3,4,73.85714285714286
845,2,2024-03-07 05:00:00+00:00,71.0,76.0,67.0,64.0,65.0,71.0,53.0,3,3,5,66.71428571428571
846,2,2024-03-07 06:00:00+00:00,62.0,63.0,59.0,60.0,58.0,63.0,48.0,3,3,6,59.0
847,2,2024-03-07 07:00:00+00:00,47.0,48.0,53.0,50.0,50.0,56.0,45.0,3,3,7,49.857142857142854
848,2,2024-03-07 08:00:00+00:00,36.0,43.0,43.0,39.0,41.0,50.0,43.0,3,3,8,42.142857142857146
849,2,2024-03-07 09:00:00+00:00,33.0,39.0,38.0,33.0,35.0,47.0,41.0,3,3,9,38.0
850,2,2024-03-07 10:00:00+00:00,31.0,39.0,35.0,36.0,34.0,47.0,40.0,3,3,10,37.42857142857143
851,2,2024-03-07 11:00:00+00:00,29.0,39.0,35.0,43.0,35.0,50.0,39.0,3,3,11,38.57142857142857
852,2,2024-03-07 12:00:00+00:00,37.0,36.0,36.0,40.0,43.0,34.0,40.0,3,3,12,38.0
853,2,2024-03-07 13:00:00+00:00,36.0,34.0,38.0,44.0,45.0,36.0,44.0,3,3,13,39.57142857142857
854,2,2024-03-07 14:00:00+00:00,38.0,35.0,40.0,49.0,48.0,39.0,49.0,3,3,14,42.57142857142857
855,2,2024-03-07 15:00:00+00:00,52.0,45.0,44.0,54.0,53.0,42.0,53.0,3,3,15,49.0
856,2,2024-03-07 16:00:00+00:00,62.0,56.0,55.0,58.0,61.0,44.0,54.0,3,3,16,55.714285714285715
857,2,2024-03-07 17:00:00+00:00,70.0,65.0,61.0,62.0,70.0,46.0,54.0,3,3,17,61.142857142857146
858,2,2024-03-07 18:00:00+00:00,66.0,66.0,71.0,73.0,77.0,50.0,59.0,3,3,18,66.0
859,2,2024-03-07 19:00:00+00:00,55.0,60.0,73.0,75.0,81.0,58.0,60.0,3,3,19,66.0
860,2,2024-03-07 20:00:00+00:00,53.0,63.0,73.0,75.0,82.0,67.0,61.0,3,3,20,67.71428571428571
861,2,2024-03-07 21:00:00+00:00,56.0,62.0,71.0,76.0,83.0,73.0,62.0,3,3,21,69.0
862,2,2024-03-07 22:00:00+00:00,63.0,61.0,70.0,79.0,82.0,73.0,63.0,3,3,22,70.14285714285714
863,2,2024-03-07 23:00:00+00:00,69.0,65.0,69.0,82.0,80.0,71.0,63.0,3,3,23,71.28571428571429
864,2,2024-03-08 00:00:00+00:00,64.0,61.0,74.0,84.0,84.0,76.0,53.0,3,4,0,70.85714285714286
865,2,2024-03-08 01:00:00+00:00,68.0,66.0,75.0,88.0,87.0,75.0,56.0,3,4,1,73.57142857142857
866,2,2024-03-08 02:00:00+00:00,72.0,69.0,74.0,91.0,90.0,74.0,59.0,3,4,2,75.57142857142857
867,2,2024-03-08 03:00:00+00:00,76.0,75.0,75.0,90.0,89.0,71.0,60.0,3,4,3,76.57142857142857
868,2,2024-03-08 04:00:00+00:00,76.0,78.0,72.0,82.0,81.0,67.0,55.0,3,4,4,73.0
869,2,2024-03-08 05:00:00+00:00,68.0,68.0,63.0,70.0,70.0,61.0,47.0,3,4,5,63.857142857142854
870,2,2024-03-08 06:00:00+00:00,60.0,58.0,57.0,56.0,60.0,55.0,40.0,3,4,6,55.142857142857146
871,2,2024-03-08 07:00:00+00:00,53.0,49.0,50.0,50.0,53.0,48.0,37.0,3,4,7,48.57142857142857
872,2,2024-03-08 08:00:00+00:00,45.0,45.0,46.0,44.0,47.0,42.0,36.0,3,4,8,43.57142857142857
873,2,2024-03-08 09:00:00+00:00,42.0,41.0,45.0,40.0,43.0,37.0,36.0,3,4,9,40.57142857142857
874,2,2024-03-08 10:00:00+00:00,42.0,37.0,44.0,40.0,40.0,35.0,37.0,3,4,10,39.285714285714285
875,2,2024-03-08 11:00:00+00:00,44.0,34.0,43.0,42.0,39.0,36.0,38.0,3,4,11,39.42857142857143
876,2,2024-03-08 12:00:00+00:00,44.0,37.0,31.0,46.0,40.0,31.0,29.0,3,4,12,36.857142857142854
877,2,2024-03-08 13:00:00+00:00,59.0,49.0,34.0,52.0,48.0,41.0,35.0,3,4,13,45.42857142857143
878,2,2024-03-08 14:00:00+00:00,67.0,64.0,51.0,59.0,60.0,55.0,42.0,3,4,14,56.857142857142854
879,2,2024-03-08 15:00:00+00:00,66.0,67.0,67.0,64.0,69.0,65.0,48.0,3,4,15,63.714285714285715
880,2,2024-03-08 16:00:00+00:00,70.0,70.0,72.0,67.0,72.0,68.0,50.0,3,4,16,67.0
881,2,2024-03-08 17:00:00+00:00,71.0,70.0,76.0,69.0,73.0,67.0,51.0,3,4,17,68.14285714285714
882,2,2024-03-08 18:00:00+00:00,77.0,77.0,73.0,70.0,73.0,66.0,69.0,3,4,18,72.14285714285714
883,2,2024-03-08 19:00:00+00:00,78.0,75.0,72.0,73.0,73.0,67.0,67.0,3,4,19,72.14285714285714
884,2,2024-03-08 20:00:00+00:00,83.0,77.0,67.0,75.0,72.0,69.0,62.0,3,4,20,72.14285714285714
885,2,2024-03-08 21:00:00+00:00,85.0,79.0,70.0,77.0,73.0,71.0,60.0,3,4,21,73.57142857142857
886,2,2024-03-08 22:00:00+00:00,91.0,86.0,79.0,76.0,76.0,74.0,61.0,3,4,22,77.57142857142857
887,2,2024-03-08 23:00:00+00:00,93.0,92.0,87.0,74.0,81.0,77.0,63.0,3,4,23,81.0
888,2,2024-03-09 00:00:00+00:00,92.0,90.0,96.0,68.0,82.0,74.0,70.0,3,5,0,81.71428571428571
889,2,2024-03-09 01:00:00+00:00,93.0,92.0,96.0,77.0,80.0,76.0,73.0,3,5,1,83.85714285714286
890,2,2024-03-09 02:00:00+00:00,93.0,92.0,95.0,89.0,77.0,77.0,76.0,3,5,2,85.57142857142857
891,2,2024-03-09 03:00:00+00:00,92.0,94.0,95.0,94.0,74.0,77.0,77.0,3,5,3,86.14285714285714
892,2,2024-03-09 04:00:00+00:00,87.0,93.0,94.0,86.0,72.0,73.0,73.0,3,5,4,82.57142857142857
893,2,2024-03-09 05:00:00+00:00,75.0,84.0,85.0,71.0,71.0,66.0,66.0,3,5,5,74.0
894,2,2024-03-09 06:00:00+00:00,73.0,74.0,77.0,63.0,68.0,60.0,53.0,3,5,6,66.85714285714286
895,2,2024-03-09 07:00:00+00:00,72.0,65.0,73.0,56.0,63.0,54.0,50.0,3,5,7,61.857142857142854
896,2,2024-03-09 08:00:00+00:00,65.0,63.0,74.0,50.0,57.0,49.0,47.0,3,5,8,57.857142857142854
897,2,2024-03-09 09:00:00+00:00,64.0,66.0,70.0,47.0,54.0,47.0,46.0,3,5,9,56.285714285714285
898,2,2024-03-09 10:00:00+00:00,61.0,68.0,67.0,49.0,54.0,50.0,45.0,3,5,10,56.285714285714285
899,2,2024-03-09 11:00:00+00:00,61.0,68.0,67.0,55.0,57.0,56.0,46.0,3,5,11,58.57142857142857
900,2,2024-03-09 12:00:00+00:00,62.0,66.0,74.0,66.0,68.0,44.0,67.0,3,5,12,63.857142857142854
901,2,2024-03-09 13:00:00+00:00,62.0,71.0,78.0,70.0,71.0,46.0,74.0,3,5,13,67.42857142857143
902,2,2024-03-09 14:00:00+00:00,69.0,74.0,82.0,76.0,75.0,50.0,81.0,3,5,14,72.42857142857143
903,2,2024-03-09 15:00:00+00:00,75.0,78.0,88.0,82.0,79.0,54.0,87.0,3,5,15,77.57142857142857
904,2,2024-03-09 16:00:00+00:00,79.0,80.0,90.0,86.0,83.0,60.0,90.0,3,5,16,81.14285714285714
905,2,2024-03-09 17:00:00+00:00,81.0,80.0,91.0,90.0,86.0,66.0,91.0,3,5,17,83.57142857142857
906,2,2024-03-09 18:00:00+00:00,79.0,88.0,80.0,91.0,89.0,72.0,82.0,3,5,18,83.0
907,2,2024-03-09 19:00:00+00:00,81.0,88.0,81.0,92.0,90.0,76.0,87.0,3,5,19,85.0
908,2,2024-03-09 20:00:00+00:00,82.0,88.0,83.0,91.0,91.0,80.0,90.0,3,5,20,86.42857142857143
909,2,2024-03-09 21:00:00+00:00,83.0,88.0,82.0,91.0,91.0,82.0,92.0,3,5,21,87.0
910,2,2024-03-09 22:00:00+00:00,83.0,88.0,82.0,92.0,92.0,82.0,93.0,3,5,22,87.42857142857143
911,2,2024-03-09 23:00:00+00:00,84.0,88.0,82.0,94.0,92.0,82.0,93.0,3,5,23,87.85714285714286
912,2,2024-03-10 00:00:00+00:00,85.0,85.0,92.0,93.0,90.0,89.0,83.0,3,6,0,88.14285714285714
913,2,2024-03-10 01:00:00+00:00,86.0,86.0,92.0,94.0,92.0,90.0,83.0,3,6,1,89.0
914,2,2024-03-10 02:00:00+00:00,89.0,85.0,92.0,95.0,93.0,91.0,83.0,3,6,2,89.71428571428571
915,2,2024-03-10 03:00:00+00:00,89.0,88.0,91.0,93.0,92.0,90.0,81.0,3,6,3,89.14285714285714
916,2,2024-03-10 04:00:00+00:00,88.0,88.0,90.0,87.0,85.0,86.0,74.0,3,6,4,85.42857142857143
917,2,2024-03-10 05:00:00+00:00,81.0,78.0,82.0,77.0,75.0,79.0,65.0,3,6,5,76.71428571428571
918,2,2024-03-10 06:00:00+00:00,59.0,70.0,69.0,76.0,67.0,72.0,50.0,3,6,6,66.14285714285714
919,2,2024-03-10 07:00:00+00:00,49.0,58.0,54.0,67.0,63.0,64.0,48.0,3,6,7,57.57142857142857
920,2,2024-03-10 08:00:00+00:00,42.0,50.0,44.0,58.0,61.0,55.0,47.0,3,6,8,51.0
921,2,2024-03-10 09:00:00+00:00,36.0,44.0,38.0,50.0,59.0,49.0,47.0,3,6,9,46.142857142857146
922,2,2024-03-10 10:00:00+00:00,29.0,37.0,31.0,43.0,56.0,48.0,46.0,3,6,10,41.42857142857143
923,2,2024-03-10 11:00:00+00:00,27.0,36.0,28.0,38.0,52.0,51.0,46.0,3,6,11,39.714285714285715
924,2,2024-03-10 12:00:00+00:00,26.0,33.0,39.0,51.0,58.0,43.0,72.0,3,6,12,46.0
925,2,2024-03-10 13:00:00+00:00,27.0,35.0,44.0,54.0,65.0,54.0,75.0,3,6,13,50.57142857142857
926,2,2024-03-10 14:00:00+00:00,33.0,41.0,44.0,60.0,75.0,72.0,79.0,3,6,14,57.714285714285715
927,2,2024-03-10 15:00:00+00:00,41.0,51.0,50.0,66.0,82.0,84.0,82.0,3,6,15,65.14285714285714
928,2,2024-03-10 16:00:00+00:00,43.0,59.0,59.0,73.0,83.0,86.0,84.0,3,6,16,69.57142857142857
929,2,2024-03-10 17:00:00+00:00,43.0,61.0,62.0,81.0,82.0,83.0,86.0,3,6,17,71.14285714285714
930,2,2024-03-10 18:00:00+00:00,58.0,73.0,67.0,66.0,81.0,81.0,64.0,3,6,18,70.0
931,2,2024-03-10 19:00:00+00:00,61.0,72.0,71.0,69.0,82.0,82.0,64.0,3,6,19,71.57142857142857
932,2,2024-03-10 20:00:00+00:00,70.0,73.0,83.0,69.0,84.0,83.0,64.0,3,6,20,75.14285714285714
933,2,2024-03-10 21:00:00+00:00,77.0,76.0,87.0,70.0,86.0,85.0,64.0,3,6,21,77.85714285714286
934,2,2024-03-10 22:00:00+00:00,75.0,83.0,85.0,71.0,88.0,86.0,63.0,3,6,22,78.71428571428571
935,2,2024-03-10 23:00:00+00:00,74.0,86.0,83.0,73.0,90.0,87.0,62.0,3,6,23,79.28571428571429
936,2,2024-03-11 00:00:00+00:00,80.0,68.0,74.0,83.0,82.0,81.0,91.0,3,0,0,79.85714285714286
937,2,2024-03-11 01:00:00+00:00,78.0,68.0,70.0,83.0,84.0,83.0,91.0,3,0,1,79.57142857142857
938,2,2024-03-11 02:00:00+00:00,76.0,68.0,72.0,82.0,86.0,84.0,89.0,3,0,2,79.57142857142857
939,2,2024-03-11 03:00:00+00:00,74.0,64.0,81.0,79.0,87.0,84.0,87.0,3,0,3,79.42857142857143
940,2,2024-03-11 04:00:00+00:00,70.0,62.0,84.0,74.0,85.0,82.0,84.0,3,0,4,77.28571428571429
941,2,2024-03-11 05:00:00+00:00,60.0,54.0,77.0,67.0,80.0,79.0,80.0,3,0,5,71.0
942,2,2024-03-11 06:00:00+00:00,70.0,52.0,52.0,68.0,76.0,75.0,50.0,3,0,6,63.285714285714285
943,2,2024-03-11 07:00:00+00:00,64.0,47.0,49.0,61.0,73.0,71.0,46.0,3,0,7,58.714285714285715
944,2,2024-03-11 08:00:00+00:00,61.0,38.0,51.0,52.0,69.0,67.0,43.0,3,0,8,54.42857142857143
945,2,2024-03-11 09:00:00+00:00,59.0,34.0,45.0,45.0,65.0,63.0,41.0,3,0,9,50.285714285714285
946,2,2024-03-11 10:00:00+00:00,57.0,36.0,38.0,39.0,59.0,59.0,40.0,3,0,10,46.857142857142854
947,2,2024-03-11 11:00:00+00:00,56.0,38.0,37.0,34.0,52.0,56.0,40.0,3,0,11,44.714285714285715
948,2,2024-03-11 12:00:00+00:00,56.0,42.0,47.0,35.0,45.0,51.0,37.0,3,0,12,44.714285714285715
949,2,2024-03-11 13:00:00+00:00,54.0,40.0,51.0,37.0,55.0,54.0,41.0,3,0,13,47.42857142857143
950,2,2024-03-11 14:00:00+00:00,55.0,45.0,52.0,40.0,70.0,62.0,46.0,3,0,14,52.857142857142854
951,2,2024-03-11 15:00:00+00:00,56.0,52.0,55.0,45.0,82.0,68.0,50.0,3,0,15,58.285714285714285
952,2,2024-03-11 16:00:00+00:00,58.0,58.0,60.0,56.0,87.0,72.0,52.0,3,0,16,63.285714285714285
953,2,2024-03-11 17:00:00+00:00,62.0,68.0,70.0,69.0,88.0,75.0,52.0,3,0,17,69.14285714285714
954,2,2024-03-11 18:00:00+00:00,64.0,56.0,78.0,66.0,89.0,78.0,66.0,3,0,18,71.0
955,2,2024-03-11 19:00:00+00:00,55.0,63.0,75.0,74.0,93.0,82.0,66.0,3,0,19,72.57142857142857
956,2,2024-03-11 20:00:00+00:00,68.0,68.0,73.0,80.0,98.0,87.0,66.0,3,0,20,77.14285714285714
957,2,2024-03-11 21:00:00+00:00,65.0,71.0,74.0,84.0,97.0,89.0,66.0,3,0,21,78.0
958,2,2024-03-11 22:00:00+00:00,74.0,78.0,78.0,84.0,87.0,88.0,65.0,3,0,22,79.14285714285714
959,2,2024-03-11 23:00:00+00:00,77.0,81.0,78.0,81.0,71.0,85.0,63.0,3,0,23,76.57142857142857
960,2,2024-03-12 00:00:00+00:00,82.0,80.0,89.0,91.0,82.0,88.0,68.0,3,1,0,82.85714285714286
961,2,2024-03-12 01:00:00+00:00,74.0,73.0,87.0,89.0,79.0,89.0,68.0,3,1,1,79.85714285714286
962,2,2024-03-12 02:00:00+00:00,71.0,72.0,84.0,84.0,74.0,90.0,69.0,3,1,2,77.71428571428571
963,2,2024-03-12 03:00:00+00:00,70.0,73.0,81.0,79.0,71.0,89.0,68.0,3,1,3,75.85714285714286
964,2,2024-03-12 04:00:00+00:00,69.0,70.0,75.0,74.0,70.0,86.0,64.0,3,1,4,72.57142857142857
965,2,2024-03-12 05:00:00+00:00,63.0,65.0,60.0,69.0,69.0,81.0,58.0,3,1,5,66.42857142857143
966,2,2024-03-12 06:00:00+00:00,62.0,63.0,64.0,69.0,68.0,76.0,62.0,3,1,6,66.28571428571429
967,2,2024-03-12 07:00:00+00:00,59.0,60.0,65.0,65.0,64.0,71.0,62.0,3,1,7,63.714285714285715
968,2,2024-03-12 08:00:00+00:00,56.0,61.0,66.0,62.0,59.0,66.0,62.0,3,1,8,61.714285714285715
969,2,2024-03-12 09:00:00+00:00,54.0,61.0,66.0,60.0,56.0,62.0,64.0,3,1,9,60.42857142857143
970,2,2024-03-12 10:00:00+00:00,55.0,62.0,62.0,59.0,55.0,59.0,66.0,3,1,10,59.714285714285715
971,2,2024-03-12 11:00:00+00:00,55.0,62.0,61.0,59.0,56.0,58.0,70.0,3,1,11,60.142857142857146
972,2,2024-03-12 12:00:00+00:00,55.0,63.0,58.0,60.0,53.0,55.0,58.0,3,1,12,57.42857142857143
973,2,2024-03-12 13:00:00+00:00,57.0,66.0,62.0,64.0,56.0,59.0,60.0,3,1,13,60.57142857142857
974,2,2024-03-12 14:00:00+00:00,64.0,66.0,61.0,69.0,61.0,64.0,63.0,3,1,14,64.0
975,2,2024-03-12 15:00:00+00:00,64.0,69.0,64.0,72.0,65.0,67.0,65.0,3,1,15,66.57142857142857
976,2,2024-03-12 16:00:00+00:00,66.0,71.0,64.0,71.0,66.0,67.0,65.0,3,1,16,67.14285714285714
977,2,2024-03-12 17:00:00+00:00,63.0,70.0,61.0,68.0,65.0,64.0,64.0,3,1,17,65.0
978,2,2024-03-12 18:00:00+00:00,60.0,67.0,57.0,53.0,64.0,62.0,60.0,3,1,18,60.42857142857143
979,2,2024-03-12 19:00:00+00:00,61.0,64.0,55.0,55.0,62.0,60.0,59.0,3,1,19,59.42857142857143
980,2,2024-03-12 20:00:00+00:00,63.0,67.0,56.0,58.0,61.0,59.0,57.0,3,1,20,60.142857142857146
981,2,2024-03-12 21:00:00+00:00,62.0,66.0,53.0,60.0,61.0,58.0,56.0,3,1,21,59.42857142857143
982,2,2024-03-12 22:00:00+00:00,58.0,63.0,52.0,62.0,65.0,58.0,55.0,3,1,22,59.0
983,2,2024-03-12 23:00:00+00:00,59.0,62.0,55.0,63.0,72.0,59.0,55.0,3,1,23,60.714285714285715
984,2,2024-03-13 00:00:00+00:00,61.0,61.0,72.0,64.0,66.0,75.0,58.0,3,2,0,65.28571428571429
985,2,2024-03-13 01:00:00+00:00,59.0,61.0,71.0,66.0,70.0,78.0,58.0,3,2,1,66.14285714285714
986,2,2024-03-13 02:00:00+00:00,61.0,58.0,73.0,70.0,73.0,82.0,59.0,3,2,2,68.0
987,2,2024-03-13 03:00:00+00:00,64.0,57.0,75.0,71.0,73.0,82.0,58.0,3,2,3,68.57142857142857
988,2,2024-03-13 04:00:00+00:00,70.0,53.0,73.0,69.0,69.0,75.0,54.0,3,2,4,66.14285714285714
989,2,2024-03-13 05:00:00+00:00,62.0,50.0,62.0,66.0,62.0,64.0,48.0,3,2,5,59.142857142857146
990,2,2024-03-13 06:00:00+00:00,54.0,51.0,56.0,43.0,56.0,55.0,50.0,3,2,6,52.142857142857146
991,2,2024-03-13 07:00:00+00:00,52.0,48.0,52.0,40.0,54.0,52.0,46.0,3,2,7,49.142857142857146
992,2,2024-03-13 08:00:00+00:00,49.0,47.0,49.0,39.0,53.0,51.0,44.0,3,2,8,47.42857142857143
993,2,2024-03-13 09:00:00+00:00,44.0,45.0,44.0,38.0,52.0,50.0,42.0,3,2,9,45.0
994,2,2024-03-13 10:00:00+00:00,43.0,44.0,43.0,39.0,50.0,48.0,41.0,3,2,10,44.0
995,2,2024-03-13 11:00:00+00:00,40.0,43.0,43.0,42.0,48.0,46.0,42.0,3,2,11,43.42857142857143
996,2,2024-03-13 12:00:00+00:00,42.0,42.0,48.0,46.0,47.0,52.0,36.0,3,2,12,44.714285714285715
997,2,2024-03-13 13:00:00+00:00,46.0,46.0,54.0,51.0,52.0,55.0,38.0,3,2,13,48.857142857142854
998,2,2024-03-13 14:00:00+00:00,49.0,53.0,60.0,58.0,59.0,61.0,41.0,3,2,14,54.42857142857143
999,2,2024-03-13 15:00:00+00:00,57.0,59.0,66.0,65.0,67.0,67.0,44.0,3,2,15,60.714285714285715
1000,2,2024-03-13 16:00:00+00:00,65.0,65.0,72.0,71.0,75.0,75.0,48.0,3,2,16,67.28571428571429
1001,2,2024-03-13 17:00:00+00:00,71.0,69.0,77.0,77.0,84.0,84.0,52.0,3,2,17,73.42857142857143
1002,2,2024-03-13 18:00:00+00:00,75.0,78.0,82.0,78.0,90.0,91.0,67.0,3,2,18,80.14285714285714
1003,2,2024-03-13 19:00:00+00:00,78.0,77.0,85.0,82.0,92.0,93.0,69.0,3,2,19,82.28571428571429
1004,2,2024-03-13 20:00:00+00:00,81.0,80.0,88.0,85.0,92.0,93.0,71.0,3,2,20,84.28571428571429
1005,2,2024-03-13 21:00:00+00:00,84.0,85.0,90.0,87.0,92.0,92.0,73.0,3,2,21,86.14285714285714
1006,2,2024-03-13 22:00:00+00:00,87.0,88.0,91.0,88.0,93.0,92.0,75.0,3,2,22,87.71428571428571
1007,2,2024-03-13 23:00:00+00:00,89.0,90.0,92.0,89.0,93.0,91.0,76.0,3,2,23,88.57142857142857
1008,2,2024-03-14 00:00:00+00:00,88.0,87.0,88.0,91.0,91.0,93.0,67.0,3,3,0,86.42857142857143
1009,2,2024-03-14 01:00:00+00:00,91.0,89.0,89.0,92.0,93.0,94.0,67.0,3,3,1,87.85714285714286
1010,2,2024-03-14 02:00:00+00:00,91.0,90.0,90.0,94.0,95.0,95.0,67.0,3,3,2,88.85714285714286
1011,2,2024-03-14 03:00:00+00:00,92.0,89.0,92.0,92.0,94.0,93.0,66.0,3,3,3,88.28571428571429
1012,2,2024-03-14 04:00:00+00:00,91.0,86.0,93.0,85.0,89.0,87.0,63.0,3,3,4,84.85714285714286
1013,2,2024-03-14 05:00:00+00:00,79.0,75.0,82.0,75.0,81.0,79.0,60.0,3,3,5,75.85714285714286
1014,2,2024-03-14 06:00:00+00:00,62.0,69.0,67.0,72.0,72.0,72.0,52.0,3,3,6,66.57142857142857
1015,2,2024-03-14 07:00:00+00:00,51.0,61.0,52.0,60.0,60.0,67.0,48.0,3,3,7,57.0
1016,2,2024-03-14 08:00:00+00:00,45.0,57.0,46.0,47.0,46.0,62.0,44.0,3,3,8,49.57142857142857
1017,2,2024-03-14 09:00:00+00:00,48.0,51.0,40.0,37.0,36.0,59.0,42.0,3,3,9,44.714285714285715
1018,2,2024-03-14 10:00:00+00:00,45.0,48.0,36.0,32.0,33.0,57.0,41.0,3,3,10,41.714285714285715
1019,2,2024-03-14 11:00:00+00:00,43.0,44.0,34.0,32.0,34.0,55.0,42.0,3,3,11,40.57142857142857
1020,2,2024-03-14 12:00:00+00:00,44.0,41.0,38.0,46.0,48.0,34.0,44.0,3,3,12,42.142857142857146
1021,2,2024-03-14 13:00:00+00:00,45.0,43.0,53.0,50.0,55.0,42.0,47.0,3,3,13,47.857142857142854
1022,2,2024-03-14 14:00:00+00:00,38.0,47.0,57.0,54.0,64.0,52.0,51.0,3,3,14,51.857142857142854
1023,2,2024-03-14 15:00:00+00:00,41.0,70.0,70.0,59.0,71.0,60.0,54.0,3,3,15,60.714285714285715
1024,2,2024-03-14 16:00:00+00:00,50.0,81.0,80.0,64.0,75.0,61.0,56.0,3,3,16,66.71428571428571
1025,2,2024-03-14 17:00:00+00:00,56.0,84.0,82.0,69.0,78.0,60.0,57.0,3,3,17,69.42857142857143
1026,2,2024-03-14 18:00:00+00:00,74.0,82.0,75.0,74.0,80.0,61.0,56.0,3,3,18,71.71428571428571
1027,2,2024-03-14 19:00:00+00:00,77.0,80.0,74.0,75.0,83.0,68.0,57.0,3,3,19,73.42857142857143
1028,2,2024-03-14 20:00:00+00:00,77.0,77.0,77.0,75.0,85.0,78.0,57.0,3,3,20,75.14285714285714
1029,2,2024-03-14 21:00:00+00:00,77.0,73.0,81.0,75.0,87.0,85.0,57.0,3,3,21,76.42857142857143
1030,2,2024-03-14 22:00:00+00:00,81.0,72.0,84.0,76.0,88.0,88.0,57.0,3,3,22,78.0
1031,2,2024-03-14 23:00:00+00:00,81.0,71.0,85.0,77.0,89.0,90.0,56.0,3,3,23,78.42857142857143
1032,2,2024-03-15 00:00:00+00:00,79.0,76.0,77.0,88.0,79.0,87.0,62.0,3,4,0,78.28571428571429
1033,2,2024-03-15 01:00:00+00:00,82.0,81.0,78.0,89.0,81.0,88.0,61.0,3,4,1,80.0
1034,2,2024-03-15 02:00:00+00:00,84.0,82.0,80.0,91.0,83.0,89.0,59.0,3,4,2,81.14285714285714
1035,2,2024-03-15 03:00:00+00:00,79.0,81.0,81.0,90.0,84.0,87.0,56.0,3,4,3,79.71428571428571
1036,2,2024-03-15 04:00:00+00:00,73.0,81.0,80.0,86.0,82.0,79.0,53.0,3,4,4,76.28571428571429
1037,2,2024-03-15 05:00:00+00:00,70.0,70.0,78.0,81.0,78.0,67.0,49.0,3,4,5,70.42857142857143
1038,2,2024-03-15 06:00:00+00:00,69.0,64.0,67.0,71.0,74.0,57.0,48.0,3,4,6,64.28571428571429
1039,2,2024-03-15 07:00:00+00:00,63.0,57.0,60.0,64.0,70.0,49.0,47.0,3,4,7,58.57142857142857
1040,2,2024-03-15 08:00:00+00:00,55.0,53.0,64.0,58.0,65.0,42.0,46.0,3,4,8,54.714285714285715
1041,2,2024-03-15 09:00:00+00:00,57.0,51.0,66.0,54.0,61.0,37.0,45.0,3,4,9,53.0
1042,2,2024-03-15 10:00:00+00:00,50.0,53.0,64.0,53.0,58.0,35.0,42.0,3,4,10,50.714285714285715
1043,2,2024-03-15 11:00:00+00:00,53.0,53.0,64.0,55.0,57.0,35.0,38.0,3,4,11,50.714285714285715
1044,2,2024-03-15 12:00:00+00:00,51.0,43.0,44.0,56.0,43.0,48.0,47.0,3,4,12,47.42857142857143
1045,2,2024-03-15 13:00:00+00:00,56.0,55.0,51.0,62.0,46.0,48.0,50.0,3,4,13,52.57142857142857
1046,2,2024-03-15 14:00:00+00:00,58.0,60.0,60.0,67.0,51.0,48.0,54.0,3,4,14,56.857142857142854
1047,2,2024-03-15 15:00:00+00:00,61.0,63.0,69.0,72.0,55.0,49.0,56.0,3,4,15,60.714285714285715
1048,2,2024-03-15 16:00:00+00:00,56.0,66.0,76.0,74.0,57.0,55.0,56.0,3,4,16,62.857142857142854
1049,2,2024-03-15 17:00:00+00:00,55.0,70.0,73.0,75.0,59.0,64.0,55.0,3,4,17,64.42857142857143
1050,2,2024-03-15 18:00:00+00:00,59.0,74.0,65.0,75.0,60.0,70.0,51.0,3,4,18,64.85714285714286
1051,2,2024-03-15 19:00:00+00:00,64.0,74.0,66.0,76.0,61.0,72.0,49.0,3,4,19,66.0
1052,2,2024-03-15 20:00:00+00:00,69.0,75.0,70.0,76.0,62.0,71.0,47.0,3,4,20,67.14285714285714
1053,2,2024-03-15 21:00:00+00:00,74.0,77.0,75.0,76.0,64.0,71.0,45.0,3,4,21,68.85714285714286
1054,2,2024-03-15 22:00:00+00:00,78.0,79.0,79.0,77.0,67.0,73.0,44.0,3,4,22,71.0
1055,2,2024-03-15 23:00:00+00:00,81.0,81.0,81.0,79.0,69.0,75.0,44.0,3,4,23,72.85714285714286
1056,2,2024-03-16 00:00:00+00:00,83.0,75.0,85.0,80.0,87.0,84.0,44.0,3,5,0,76.85714285714286
1057,2,2024-03-16 01:00:00+00:00,81.0,75.0,85.0,82.0,88.0,84.0,44.0,3,5,1,77.0
1058,2,2024-03-16 02:00:00+00:00,78.0,73.0,84.0,84.0,89.0,84.0,45.0,3,5,2,76.71428571428571
1059,2,2024-03-16 03:00:00+00:00,76.0,71.0,85.0,84.0,87.0,82.0,44.0,3,5,3,75.57142857142857
1060,2,2024-03-16 04:00:00+00:00,70.0,65.0,84.0,83.0,82.0,75.0,41.0,3,5,4,71.42857142857143
1061,2,2024-03-16 05:00:00+00:00,66.0,57.0,76.0,80.0,74.0,66.0,37.0,3,5,5,65.14285714285714
1062,2,2024-03-16 06:00:00+00:00,56.0,51.0,62.0,75.0,67.0,57.0,40.0,3,5,6,58.285714285714285
1063,2,2024-03-16 07:00:00+00:00,48.0,47.0,55.0,69.0,60.0,47.0,37.0,3,5,7,51.857142857142854
1064,2,2024-03-16 08:00:00+00:00,43.0,43.0,49.0,61.0,52.0,38.0,34.0,3,5,8,45.714285714285715
1065,2,2024-03-16 09:00:00+00:00,40.0,43.0,43.0,56.0,47.0,31.0,32.0,3,5,9,41.714285714285715
1066,2,2024-03-16 10:00:00+00:00,37.0,43.0,41.0,56.0,44.0,29.0,32.0,3,5,10,40.285714285714285
1067,2,2024-03-16 11:00:00+00:00,35.0,43.0,41.0,58.0,43.0,30.0,32.0,3,5,11,40.285714285714285
1068,2,2024-03-16 12:00:00+00:00,41.0,45.0,51.0,50.0,43.0,39.0,26.0,3,5,12,42.142857142857146
1069,2,2024-03-16 13:00:00+00:00,44.0,48.0,62.0,55.0,48.0,43.0,33.0,3,5,13,47.57142857142857
1070,2,2024-03-16 14:00:00+00:00,47.0,50.0,71.0,61.0,56.0,48.0,42.0,3,5,14,53.57142857142857
1071,2,2024-03-16 15:00:00+00:00,51.0,54.0,77.0,67.0,62.0,52.0,49.0,3,5,15,58.857142857142854
1072,2,2024-03-16 16:00:00+00:00,55.0,59.0,78.0,71.0,65.0,55.0,49.0,3,5,16,61.714285714285715
1073,2,2024-03-16 17:00:00+00:00,59.0,62.0,81.0,73.0,66.0,58.0,47.0,3,5,17,63.714285714285715
1074,2,2024-03-16 18:00:00+00:00,71.0,77.0,83.0,71.0,68.0,60.0,49.0,3,5,18,68.42857142857143
1075,2,2024-03-16 19:00:00+00:00,82.0,80.0,83.0,73.0,71.0,62.0,49.0,3,5,19,71.42857142857143
1076,2,2024-03-16 20:00:00+00:00,85.0,82.0,83.0,75.0,73.0,63.0,49.0,3,5,20,72.85714285714286
1077,2,2024-03-16 21:00:00+00:00,89.0,84.0,83.0,77.0,75.0,65.0,49.0,3,5,21,74.57142857142857
1078,2,2024-03-16 22:00:00+00:00,92.0,87.0,83.0,78.0,75.0,68.0,49.0,3,5,22,76.0
1079,2,2024-03-16 23:00:00+00:00,94.0,93.0,84.0,79.0,75.0,71.0,50.0,3,5,23,78.0
1080,2,2024-03-17 00:00:00+00:00,92.0,86.0,90.0,86.0,69.0,70.0,47.0,3,6,0,77.14285714285714
1081,2,2024-03-17 01:00:00+00:00,91.0,89.0,90.0,89.0,72.0,71.0,50.0,3,6,1,78.85714285714286
1082,2,2024-03-17 02:00:00+00:00,92.0,89.0,89.0,92.0,76.0,72.0,53.0,3,6,2,80.42857142857143
1083,2,2024-03-17 03:00:00+00:00,93.0,90.0,89.0,92.0,77.0,71.0,53.0,3,6,3,80.71428571428571
1084,2,2024-03-17 04:00:00+00:00,90.0,89.0,85.0,86.0,72.0,65.0,48.0,3,6,4,76.42857142857143
1085,2,2024-03-17 05:00:00+00:00,83.0,80.0,77.0,77.0,65.0,57.0,41.0,3,6,5,68.57142857142857
1086,2,2024-03-17 06:00:00+00:00,75.0,73.0,72.0,65.0,57.0,49.0,46.0,3,6,6,62.42857142857143
1087,2,2024-03-17 07:00:00+00:00,69.0,67.0,65.0,56.0,49.0,43.0,42.0,3,6,7,55.857142857142854
1088,2,2024-03-17 08:00:00+00:00,65.0,60.0,62.0,48.0,42.0,39.0,38.0,3,6,8,50.57142857142857
1089,2,2024-03-17 09:00:00+00:00,63.0,57.0,60.0,43.0,37.0,35.0,36.0,3,6,9,47.285714285714285
1090,2,2024-03-17 10:00:00+00:00,59.0,56.0,58.0,41.0,36.0,32.0,36.0,3,6,10,45.42857142857143
1091,2,2024-03-17 11:00:00+00:00,61.0,57.0,58.0,41.0,38.0,30.0,38.0,3,6,11,46.142857142857146
1092,2,2024-03-17 12:00:00+00:00,55.0,65.0,67.0,56.0,47.0,47.0,40.0,3,6,12,53.857142857142854
1093,2,2024-03-17 13:00:00+00:00,64.0,70.0,69.0,59.0,49.0,51.0,47.0,3,6,13,58.42857142857143
1094,2,2024-03-17 14:00:00+00:00,68.0,73.0,73.0,63.0,52.0,57.0,56.0,3,6,14,63.142857142857146
1095,2,2024-03-17 15:00:00+00:00,75.0,79.0,78.0,66.0,56.0,62.0,62.0,3,6,15,68.28571428571429
1096,2,2024-03-17 16:00:00+00:00,79.0,80.0,80.0,69.0,61.0,65.0,61.0,3,6,16,70.71428571428571
1097,2,2024-03-17 17:00:00+00:00,79.0,82.0,81.0,72.0,67.0,67.0,56.0,3,6,17,72.0
1098,2,2024-03-17 18:00:00+00:00,88.0,79.0,78.0,68.0,72.0,68.0,50.0,3,6,18,71.85714285714286
1099,2,2024-03-17 19:00:00+00:00,87.0,80.0,78.0,70.0,74.0,69.0,51.0,3,6,19,72.71428571428571
1100,2,2024-03-17 20:00:00+00:00,87.0,82.0,80.0,74.0,76.0,70.0,51.0,3,6,20,74.28571428571429
1101,2,2024-03-17 21:00:00+00:00,86.0,84.0,80.0,77.0,77.0,71.0,51.0,3,6,21,75.14285714285714
1102,2,2024-03-17 22:00:00+00:00,85.0,85.0,78.0,80.0,79.0,72.0,51.0,3,6,22,75.71428571428571
1103,2,2024-03-17 23:00:00+00:00,83.0,86.0,77.0,83.0,82.0,73.0,50.0,3,6,23,76.28571428571429
1104,2,2024-03-18 00:00:00+00:00,76.0,80.0,79.0,87.0,85.0,71.0,49.0,3,0,0,75.28571428571429
1105,2,2024-03-18 01:00:00+00:00,75.0,79.0,80.0,85.0,88.0,73.0,49.0,3,0,1,75.57142857142857
1106,2,2024-03-18 02:00:00+00:00,74.0,79.0,78.0,82.0,90.0,75.0,48.0,3,0,2,75.14285714285714
1107,2,2024-03-18 03:00:00+00:00,73.0,80.0,76.0,77.0,89.0,74.0,47.0,3,0,3,73.71428571428571
1108,2,2024-03-18 04:00:00+00:00,72.0,80.0,74.0,70.0,82.0,68.0,44.0,3,0,4,70.0
1109,2,2024-03-18 05:00:00+00:00,68.0,75.0,67.0,61.0,71.0,59.0,39.0,3,0,5,62.857142857142854
1110,2,2024-03-18 06:00:00+00:00,61.0,56.0,58.0,50.0,61.0,50.0,34.0,3,0,6,52.857142857142854
1111,2,2024-03-18 07:00:00+00:00,53.0,48.0,50.0,44.0,53.0,43.0,32.0,3,0,7,46.142857142857146
1112,2,2024-03-18 08:00:00+00:00,47.0,44.0,50.0,38.0,46.0,36.0,32.0,3,0,8,41.857142857142854
1113,2,2024-03-18 09:00:00+00:00,39.0,42.0,45.0,35.0,41.0,32.0,32.0,3,0,9,38.0
1114,2,2024-03-18 10:00:00+00:00,40.0,40.0,43.0,36.0,39.0,32.0,32.0,3,0,10,37.42857142857143
1115,2,2024-03-18 11:00:00+00:00,37.0,36.0,44.0,40.0,39.0,34.0,33.0,3,0,11,37.57142857142857
1116,2,2024-03-18 12:00:00+00:00,31.0,33.0,43.0,48.0,39.0,32.0,44.0,3,0,12,38.57142857142857
1117,2,2024-03-18 13:00:00+00:00,30.0,35.0,42.0,49.0,43.0,35.0,47.0,3,0,13,40.142857142857146
1118,2,2024-03-18 14:00:00+00:00,39.0,45.0,46.0,50.0,49.0,41.0,53.0,3,0,14,46.142857142857146
1119,2,2024-03-18 15:00:00+00:00,53.0,54.0,53.0,52.0,53.0,46.0,57.0,3,0,15,52.57142857142857
1120,2,2024-03-18 16:00:00+00:00,66.0,61.0,61.0,56.0,57.0,50.0,59.0,3,0,16,58.57142857142857
1121,2,2024-03-18 17:00:00+00:00,67.0,64.0,64.0,61.0,60.0,53.0,60.0,3,0,17,61.285714285714285
1122,2,2024-03-18 18:00:00+00:00,57.0,57.0,68.0,58.0,62.0,57.0,67.0,3,0,18,60.857142857142854
1123,2,2024-03-18 19:00:00+00:00,56.0,55.0,71.0,61.0,63.0,62.0,68.0,3,0,19,62.285714285714285
1124,2,2024-03-18 20:00:00+00:00,65.0,56.0,69.0,64.0,63.0,67.0,68.0,3,0,20,64.57142857142857
1125,2,2024-03-18 21:00:00+00:00,67.0,62.0,71.0,66.0,63.0,70.0,68.0,3,0,21,66.71428571428571
1126,2,2024-03-18 22:00:00+00:00,68.0,69.0,74.0,65.0,63.0,70.0,67.0,3,0,22,68.0
1127,2,2024-03-18 23:00:00+00:00,67.0,69.0,74.0,62.0,64.0,69.0,65.0,3,0,23,67.14285714285714
1128,2,2024-03-19 00:00:00+00:00,75.0,62.0,63.0,60.0,68.0,77.0,62.0,3,1,0,66.71428571428571
1129,2,2024-03-19 01:00:00+00:00,70.0,64.0,64.0,57.0,71.0,80.0,65.0,3,1,1,67.28571428571429
1130,2,2024-03-19 02:00:00+00:00,69.0,71.0,65.0,53.0,73.0,83.0,69.0,3,1,2,69.0
1131,2,2024-03-19 03:00:00+00:00,68.0,75.0,68.0,52.0,73.0,83.0,70.0,3,1,3,69.85714285714286
1132,2,2024-03-19 04:00:00+00:00,69.0,80.0,66.0,55.0,70.0,77.0,66.0,3,1,4,69.0
1133,2,2024-03-19 05:00:00+00:00,73.0,77.0,60.0,60.0,65.0,68.0,59.0,3,1,5,66.0
1134,2,2024-03-19 06:00:00+00:00,73.0,71.0,68.0,72.0,61.0,60.0,43.0,3,1,6,64.0
1135,2,2024-03-19 07:00:00+00:00,70.0,69.0,66.0,72.0,57.0,56.0,37.0,3,1,7,61.0
1136,2,2024-03-19 08:00:00+00:00,70.0,69.0,66.0,73.0,53.0,53.0,31.0,3,1,8,59.285714285714285
1137,2,2024-03-19 09:00:00+00:00,71.0,72.0,67.0,74.0,51.0,52.0,28.0,3,1,9,59.285714285714285
1138,2,2024-03-19 10:00:00+00:00,77.0,73.0,69.0,77.0,51.0,52.0,28.0,3,1,10,61.0
1139,2,2024-03-19 11:00:00+00:00,82.0,73.0,70.0,81.0,53.0,54.0,31.0,3,1,11,63.42857142857143
1140,2,2024-03-19 12:00:00+00:00,84.0,75.0,73.0,83.0,58.0,49.0,33.0,3,1,12,65.0
1141,2,2024-03-19 13:00:00+00:00,87.0,77.0,78.0,85.0,61.0,53.0,41.0,3,1,13,68.85714285714286
1142,2,2024-03-19 14:00:00+00:00,89.0,80.0,85.0,86.0,64.0,56.0,54.0,3,1,14,73.42857142857143
1143,2,2024-03-19 15:00:00+00:00,88.0,83.0,89.0,87.0,67.0,56.0,63.0,3,1,15,76.14285714285714
1144,2,2024-03-19 16:00:00+00:00,84.0,85.0,90.0,86.0,67.0,51.0,67.0,3,1,16,75.71428571428571
1145,2,2024-03-19 17:00:00+00:00,79.0,85.0,88.0,84.0,66.0,43.0,67.0,3,1,17,73.14285714285714
1146,2,2024-03-19 18:00:00+00:00,71.0,75.0,89.0,81.0,65.0,38.0,83.0,3,1,18,71.71428571428571
1147,2,2024-03-19 19:00:00+00:00,69.0,72.0,89.0,77.0,64.0,38.0,78.0,3,1,19,69.57142857142857
1148,2,2024-03-19 20:00:00+00:00,68.0,69.0,86.0,72.0,62.0,41.0,71.0,3,1,20,67.0
1149,2,2024-03-19 21:00:00+00:00,75.0,64.0,83.0,70.0,62.0,44.0,66.0,3,1,21,66.28571428571429
1150,2,2024-03-19 22:00:00+00:00,80.0,70.0,82.0,74.0,64.0,46.0,64.0,3,1,22,68.57142857142857
1151,2,2024-03-19 23:00:00+00:00,86.0,78.0,85.0,81.0,67.0,48.0,63.0,3,1,23,72.57142857142857
1152,2,2024-03-20 00:00:00+00:00,85.0,89.0,90.0,81.0,79.0,48.0,65.0,3,2,0,76.71428571428571
1153,2,2024-03-20 01:00:00+00:00,86.0,90.0,91.0,83.0,82.0,56.0,68.0,3,2,1,79.42857142857143
1154,2,2024-03-20 02:00:00+00:00,87.0,90.0,92.0,83.0,84.0,68.0,72.0,3,2,2,82.28571428571429
1155,2,2024-03-20 03:00:00+00:00,85.0,88.0,94.0,82.0,84.0,76.0,74.0,3,2,3,83.28571428571429
1156,2,2024-03-20 04:00:00+00:00,83.0,86.0,90.0,78.0,83.0,78.0,72.0,3,2,4,81.42857142857143
1157,2,2024-03-20 05:00:00+00:00,81.0,78.0,86.0,72.0,81.0,76.0,69.0,3,2,5,77.57142857142857
1158,2,2024-03-20 06:00:00+00:00,75.0,74.0,79.0,71.0,76.0,74.0,74.0,3,2,6,74.71428571428571
1159,2,2024-03-20 07:00:00+00:00,68.0,75.0,75.0,68.0,67.0,71.0,74.0,3,2,7,71.14285714285714
1160,2,2024-03-20 08:00:00+00:00,62.0,69.0,72.0,64.0,55.0,68.0,72.0,3,2,8,66.0
1161,2,2024-03-20 09:00:00+00:00,59.0,69.0,72.0,62.0,46.0,66.0,70.0,3,2,9,63.42857142857143
1162,2,2024-03-20 10:00:00+00:00,70.0,70.0,74.0,61.0,43.0,66.0,70.0,3,2,10,64.85714285714286
1163,2,2024-03-20 11:00:00+00:00,69.0,72.0,77.0,60.0,43.0,66.0,71.0,3,2,11,65.42857142857143
1164,2,2024-03-20 12:00:00+00:00,74.0,72.0,75.0,71.0,71.0,59.0,67.0,3,2,12,69.85714285714286
1165,2,2024-03-20 13:00:00+00:00,75.0,73.0,77.0,72.0,71.0,61.0,69.0,3,2,13,71.14285714285714
1166,2,2024-03-20 14:00:00+00:00,76.0,73.0,81.0,74.0,70.0,66.0,71.0,3,2,14,73.0
1167,2,2024-03-20 15:00:00+00:00,78.0,74.0,83.0,75.0,71.0,69.0,74.0,3,2,15,74.85714285714286
1168,2,2024-03-20 16:00:00+00:00,78.0,73.0,81.0,76.0,73.0,70.0,76.0,3,2,16,75.28571428571429
1169,2,2024-03-20 17:00:00+00:00,77.0,70.0,77.0,77.0,75.0,70.0,78.0,3,2,17,74.85714285714286
1170,2,2024-03-20 18:00:00+00:00,69.0,75.0,78.0,76.0,76.0,70.0,75.0,3,2,18,74.14285714285714
1171,2,2024-03-20 19:00:00+00:00,64.0,73.0,78.0,74.0,76.0,70.0,75.0,3,2,19,72.85714285714286
1172,2,2024-03-20 20:00:00+00:00,64.0,68.0,75.0,71.0,75.0,71.0,74.0,3,2,20,71.14285714285714
1173,2,2024-03-20 21:00:00+00:00,61.0,67.0,69.0,69.0,74.0,71.0,73.0,3,2,21,69.14285714285714
1174,2,2024-03-20 22:00:00+00:00,57.0,60.0,65.0,67.0,71.0,71.0,72.0,3,2,22,66.14285714285714
1175,2,2024-03-20 23:00:00+00:00,55.0,57.0,63.0,66.0,68.0,72.0,71.0,3,2,23,64.57142857142857
1176,2,2024-03-21 00:00:00+00:00,58.0,52.0,60.0,70.0,76.0,74.0,71.0,3,3,0,65.85714285714286
1177,2,2024-03-21 01:00:00+00:00,60.0,50.0,55.0,73.0,75.0,72.0,72.0,3,3,1,65.28571428571429
1178,2,2024-03-21 02:00:00+00:00,60.0,48.0,49.0,76.0,74.0,69.0,74.0,3,3,2,64.28571428571429
1179,2,2024-03-21 03:00:00+00:00,57.0,53.0,50.0,77.0,71.0,65.0,73.0,3,3,3,63.714285714285715
1180,2,2024-03-21 04:00:00+00:00,55.0,53.0,50.0,73.0,67.0,60.0,68.0,3,3,4,60.857142857142854
1181,2,2024-03-21 05:00:00+00:00,52.0,51.0,51.0,66.0,63.0,54.0,60.0,3,3,5,56.714285714285715
1182,2,2024-03-21 06:00:00+00:00,50.0,46.0,46.0,49.0,59.0,50.0,55.0,3,3,6,50.714285714285715
1183,2,2024-03-21 07:00:00+00:00,51.0,45.0,47.0,47.0,56.0,49.0,53.0,3,3,7,49.714285714285715
1184,2,2024-03-21 08:00:00+00:00,49.0,44.0,49.0,46.0,53.0,49.0,53.0,3,3,8,49.0
1185,2,2024-03-21 09:00:00+00:00,48.0,44.0,47.0,45.0,52.0,50.0,52.0,3,3,9,48.285714285714285
1186,2,2024-03-21 10:00:00+00:00,45.0,43.0,47.0,45.0,52.0,49.0,51.0,3,3,10,47.42857142857143
1187,2,2024-03-21 11:00:00+00:00,48.0,45.0,47.0,46.0,53.0,49.0,51.0,3,3,11,48.42857142857143
1188,2,2024-03-21 12:00:00+00:00,49.0,49.0,48.0,48.0,51.0,50.0,54.0,3,3,12,49.857142857142854
1189,2,2024-03-21 13:00:00+00:00,52.0,51.0,54.0,50.0,54.0,51.0,57.0,3,3,13,52.714285714285715
1190,2,2024-03-21 14:00:00+00:00,57.0,52.0,53.0,52.0,58.0,54.0,60.0,3,3,14,55.142857142857146
1191,2,2024-03-21 15:00:00+00:00,60.0,56.0,53.0,54.0,61.0,56.0,63.0,3,3,15,57.57142857142857
1192,2,2024-03-21 16:00:00+00:00,61.0,58.0,61.0,55.0,63.0,59.0,64.0,3,3,16,60.142857142857146
1193,2,2024-03-21 17:00:00+00:00,62.0,59.0,64.0,56.0,65.0,63.0,63.0,3,3,17,61.714285714285715
1194,2,2024-03-21 18:00:00+00:00,64.0,64.0,63.0,64.0,67.0,66.0,61.0,3,3,18,64.14285714285714
1195,2,2024-03-21 19:00:00+00:00,63.0,63.0,62.0,65.0,68.0,68.0,60.0,3,3,19,64.14285714285714
1196,2,2024-03-21 20:00:00+00:00,63.0,64.0,67.0,66.0,69.0,71.0,60.0,3,3,20,65.71428571428571
1197,2,2024-03-21 21:00:00+00:00,63.0,63.0,67.0,67.0,70.0,72.0,60.0,3,3,21,66.0
1198,2,2024-03-21 22:00:00+00:00,62.0,63.0,66.0,69.0,72.0,73.0,61.0,3,3,22,66.57142857142857
1199,2,2024-03-21 23:00:00+00:00,63.0,63.0,70.0,71.0,75.0,72.0,63.0,3,3,23,68.14285714285714
1200,2,2024-03-22 00:00:00+00:00,66.0,60.0,66.0,69.0,73.0,77.0,65.0,3,4,0,68.0
1201,2,2024-03-22 01:00:00+00:00,62.0,62.0,65.0,69.0,73.0,76.0,66.0,3,4,1,67.57142857142857
1202,2,2024-03-22 02:00:00+00:00,65.0,66.0,65.0,67.0,73.0,74.0,68.0,3,4,2,68.28571428571429
1203,2,2024-03-22 03:00:00+00:00,67.0,72.0,66.0,66.0,71.0,71.0,68.0,3,4,3,68.71428571428571
1204,2,2024-03-22 04:00:00+00:00,68.0,73.0,65.0,64.0,66.0,65.0,64.0,3,4,4,66.42857142857143
1205,2,2024-03-22 05:00:00+00:00,64.0,66.0,61.0,63.0,60.0,58.0,59.0,3,4,5,61.57142857142857
1206,2,2024-03-22 06:00:00+00:00,65.0,55.0,58.0,59.0,56.0,52.0,54.0,3,4,6,57.0
1207,2,2024-03-22 07:00:00+00:00,63.0,57.0,57.0,57.0,55.0,48.0,51.0,3,4,7,55.42857142857143
1208,2,2024-03-22 08:00:00+00:00,60.0,63.0,54.0,54.0,57.0,46.0,49.0,3,4,8,54.714285714285715
1209,2,2024-03-22 09:00:00+00:00,60.0,55.0,53.0,53.0,59.0,47.0,48.0,3,4,9,53.57142857142857
1210,2,2024-03-22 10:00:00+00:00,55.0,54.0,52.0,53.0,62.0,54.0,48.0,3,4,10,54.0
1211,2,2024-03-22 11:00:00+00:00,59.0,57.0,56.0,54.0,66.0,64.0,49.0,3,4,11,57.857142857142854
1212,2,2024-03-22 12:00:00+00:00,58.0,62.0,65.0,66.0,62.0,57.0,45.0,3,4,12,59.285714285714285
1213,2,2024-03-22 13:00:00+00:00,57.0,59.0,65.0,66.0,63.0,58.0,49.0,3,4,13,59.57142857142857
1214,2,2024-03-22 14:00:00+00:00,63.0,61.0,66.0,66.0,64.0,59.0,53.0,3,4,14,61.714285714285715
1215,2,2024-03-22 15:00:00+00:00,68.0,65.0,72.0,66.0,66.0,62.0,57.0,3,4,15,65.14285714285714
1216,2,2024-03-22 16:00:00+00:00,70.0,67.0,72.0,68.0,69.0,66.0,59.0,3,4,16,67.28571428571429
1217,2,2024-03-22 17:00:00+00:00,71.0,67.0,71.0,70.0,72.0,72.0,59.0,3,4,17,68.85714285714286
1218,2,2024-03-22 18:00:00+00:00,73.0,74.0,76.0,72.0,75.0,76.0,58.0,3,4,18,72.0
1219,2,2024-03-22 19:00:00+00:00,77.0,74.0,74.0,75.0,76.0,78.0,57.0,3,4,19,73.0
1220,2,2024-03-22 20:00:00+00:00,81.0,75.0,71.0,79.0,75.0,80.0,55.0,3,4,20,73.71428571428571
1221,2,2024-03-22 21:00:00+00:00,79.0,76.0,69.0,82.0,75.0,81.0,54.0,3,4,21,73.71428571428571
1222,2,2024-03-22 22:00:00+00:00,80.0,80.0,72.0,84.0,75.0,83.0,54.0,3,4,22,75.42857142857143
1223,2,2024-03-22 23:00:00+00:00,80.0,82.0,72.0,85.0,76.0,86.0,54.0,3,4,23,76.42857142857143
1224,2,2024-03-23 00:00:00+00:00,79.0,83.0,83.0,79.0,80.0,85.0,64.0,3,5,0,79.0
1225,2,2024-03-23 01:00:00+00:00,83.0,85.0,85.0,81.0,82.0,87.0,66.0,3,5,1,81.28571428571429
1226,2,2024-03-23 02:00:00+00:00,85.0,86.0,86.0,84.0,83.0,89.0,69.0,3,5,2,83.14285714285714
1227,2,2024-03-23 03:00:00+00:00,85.0,86.0,87.0,84.0,82.0,88.0,69.0,3,5,3,83.0
1228,2,2024-03-23 04:00:00+00:00,81.0,81.0,81.0,80.0,78.0,84.0,65.0,3,5,4,78.57142857142857
1229,2,2024-03-23 05:00:00+00:00,74.0,73.0,70.0,73.0,71.0,77.0,58.0,3,5,5,70.85714285714286
1230,2,2024-03-23 06:00:00+00:00,58.0,65.0,73.0,65.0,67.0,72.0,54.0,3,5,6,64.85714285714286
1231,2,2024-03-23 07:00:00+00:00,50.0,56.0,71.0,59.0,66.0,68.0,48.0,3,5,7,59.714285714285715
1232,2,2024-03-23 08:00:00+00:00,47.0,56.0,70.0,54.0,67.0,65.0,42.0,3,5,8,57.285714285714285
1233,2,2024-03-23 09:00:00+00:00,45.0,56.0,69.0,51.0,68.0,64.0,39.0,3,5,9,56.0
1234,2,2024-03-23 10:00:00+00:00,43.0,55.0,69.0,53.0,67.0,67.0,41.0,3,5,10,56.42857142857143
1235,2,2024-03-23 11:00:00+00:00,41.0,54.0,70.0,58.0,66.0,72.0,46.0,3,5,11,58.142857142857146
1236,2,2024-03-23 12:00:00+00:00,48.0,61.0,68.0,62.0,64.0,60.0,53.0,3,5,12,59.42857142857143
1237,2,2024-03-23 13:00:00+00:00,52.0,65.0,70.0,65.0,68.0,66.0,58.0,3,5,13,63.42857142857143
1238,2,2024-03-23 14:00:00+00:00,57.0,68.0,73.0,69.0,74.0,73.0,64.0,3,5,14,68.28571428571429
1239,2,2024-03-23 15:00:00+00:00,61.0,75.0,79.0,72.0,78.0,78.0,70.0,3,5,15,73.28571428571429
1240,2,2024-03-23 16:00:00+00:00,69.0,80.0,83.0,74.0,80.0,79.0,74.0,3,5,16,77.0
1241,2,2024-03-23 17:00:00+00:00,73.0,81.0,86.0,74.0,82.0,78.0,76.0,3,5,17,78.57142857142857
1242,2,2024-03-23 18:00:00+00:00,76.0,74.0,81.0,76.0,83.0,78.0,76.0,3,5,18,77.71428571428571
1243,2,2024-03-23 19:00:00+00:00,77.0,74.0,83.0,77.0,84.0,79.0,76.0,3,5,19,78.57142857142857
1244,2,2024-03-23 20:00:00+00:00,80.0,77.0,83.0,77.0,84.0,81.0,76.0,3,5,20,79.71428571428571
1245,2,2024-03-23 21:00:00+00:00,83.0,79.0,85.0,78.0,84.0,82.0,76.0,3,5,21,81.0
1246,2,2024-03-23 22:00:00+00:00,83.0,81.0,87.0,79.0,85.0,83.0,75.0,3,5,22,81.85714285714286
1247,2,2024-03-23 23:00:00+00:00,82.0,81.0,89.0,81.0,86.0,85.0,74.0,3,5,23,82.57142857142857
1248,2,2024-03-24 00:00:00+00:00,81.0,79.0,90.0,88.0,70.0,84.0,75.0,3,6,0,81.0
1249,2,2024-03-24 01:00:00+00:00,81.0,80.0,88.0,86.0,72.0,85.0,78.0,3,6,1,81.42857142857143
1250,2,2024-03-24 02:00:00+00:00,78.0,79.0,83.0,83.0,76.0,86.0,82.0,3,6,2,81.0
1251,2,2024-03-24 03:00:00+00:00,76.0,76.0,82.0,81.0,78.0,84.0,83.0,3,6,3,80.0
1252,2,2024-03-24 04:00:00+00:00,76.0,73.0,78.0,80.0,75.0,78.0,81.0,3,6,4,77.28571428571429
1253,2,2024-03-24 05:00:00+00:00,74.0,70.0,75.0,79.0,70.0,69.0,76.0,3,6,5,73.28571428571429
1254,2,2024-03-24 06:00:00+00:00,75.0,71.0,75.0,72.0,67.0,62.0,68.0,3,6,6,70.0
1255,2,2024-03-24 07:00:00+00:00,71.0,68.0,72.0,69.0,68.0,57.0,62.0,3,6,7,66.71428571428571
1256,2,2024-03-24 08:00:00+00:00,69.0,69.0,70.0,67.0,70.0,53.0,56.0,3,6,8,64.85714285714286
1257,2,2024-03-24 09:00:00+00:00,67.0,66.0,68.0,65.0,72.0,51.0,51.0,3,6,9,62.857142857142854
1258,2,2024-03-24 10:00:00+00:00,66.0,64.0,67.0,64.0,71.0,52.0,48.0,3,6,10,61.714285714285715
1259,2,2024-03-24 11:00:00+00:00,67.0,61.0,67.0,65.0,69.0,55.0,46.0,3,6,11,61.42857142857143
1260,2,2024-03-24 12:00:00+00:00,66.0,57.0,69.0,69.0,76.0,56.0,48.0,3,6,12,63.0
1261,2,2024-03-24 13:00:00+00:00,66.0,57.0,67.0,70.0,77.0,62.0,53.0,3,6,13,64.57142857142857
1262,2,2024-03-24 14:00:00+00:00,65.0,59.0,67.0,72.0,77.0,71.0,60.0,3,6,14,67.28571428571429
1263,2,2024-03-24 15:00:00+00:00,67.0,62.0,69.0,73.0,78.0,77.0,64.0,3,6,15,70.0
1264,2,2024-03-24 16:00:00+00:00,69.0,65.0,75.0,74.0,79.0,78.0,64.0,3,6,16,72.0
1265,2,2024-03-24 17:00:00+00:00,71.0,68.0,77.0,76.0,80.0,77.0,62.0,3,6,17,73.0
1266,2,2024-03-24 18:00:00+00:00,75.0,70.0,69.0,78.0,81.0,76.0,68.0,3,6,18,73.85714285714286
1267,2,2024-03-24 19:00:00+00:00,71.0,69.0,67.0,76.0,81.0,77.0,66.0,3,6,19,72.42857142857143
1268,2,2024-03-24 20:00:00+00:00,72.0,69.0,68.0,74.0,80.0,79.0,62.0,3,6,20,72.0
1269,2,2024-03-24 21:00:00+00:00,72.0,70.0,68.0,73.0,80.0,80.0,60.0,3,6,21,71.85714285714286
1270,2,2024-03-24 22:00:00+00:00,71.0,66.0,66.0,74.0,83.0,81.0,61.0,3,6,22,71.71428571428571
1271,2,2024-03-24 23:00:00+00:00,72.0,71.0,71.0,76.0,87.0,82.0,63.0,3,6,23,74.57142857142857
1272,2,2024-03-25 00:00:00+00:00,72.0,81.0,70.0,79.0,81.0,85.0,61.0,3,0,0,75.57142857142857
1273,2,2024-03-25 01:00:00+00:00,79.0,83.0,69.0,81.0,82.0,86.0,66.0,3,0,1,78.0
1274,2,2024-03-25 02:00:00+00:00,82.0,81.0,70.0,82.0,82.0,87.0,74.0,3,0,2,79.71428571428571
1275,2,2024-03-25 03:00:00+00:00,69.0,78.0,71.0,82.0,82.0,87.0,80.0,3,0,3,78.42857142857143
1276,2,2024-03-25 04:00:00+00:00,78.0,75.0,71.0,78.0,81.0,86.0,81.0,3,0,4,78.57142857142857
1277,2,2024-03-25 05:00:00+00:00,78.0,73.0,70.0,73.0,79.0,85.0,79.0,3,0,5,76.71428571428571
1278,2,2024-03-25 06:00:00+00:00,76.0,79.0,77.0,73.0,77.0,82.0,80.0,3,0,6,77.71428571428571
1279,2,2024-03-25 07:00:00+00:00,73.0,77.0,76.0,70.0,75.0,78.0,81.0,3,0,7,75.71428571428571
1280,2,2024-03-25 08:00:00+00:00,71.0,78.0,74.0,68.0,72.0,73.0,84.0,3,0,8,74.28571428571429
1281,2,2024-03-25 09:00:00+00:00,69.0,80.0,74.0,64.0,70.0,69.0,85.0,3,0,9,73.0
1282,2,2024-03-25 10:00:00+00:00,67.0,78.0,76.0,58.0,69.0,67.0,84.0,3,0,10,71.28571428571429
1283,2,2024-03-25 11:00:00+00:00,62.0,75.0,75.0,51.0,69.0,66.0,82.0,3,0,11,68.57142857142857
1284,2,2024-03-25 12:00:00+00:00,29.0,66.0,45.0,78.0,67.0,72.0,66.0,3,0,12,60.42857142857143
1285,2,2024-03-25 13:00:00+00:00,27.0,67.0,44.0,77.0,69.0,65.0,70.0,3,0,13,59.857142857142854
1286,2,2024-03-25 14:00:00+00:00,32.0,67.0,55.0,77.0,74.0,56.0,75.0,3,0,14,62.285714285714285
1287,2,2024-03-25 15:00:00+00:00,48.0,72.0,64.0,79.0,78.0,49.0,79.0,3,0,15,67.0
1288,2,2024-03-25 16:00:00+00:00,54.0,78.0,70.0,83.0,82.0,49.0,79.0,3,0,16,70.71428571428571
1289,2,2024-03-25 17:00:00+00:00,65.0,87.0,78.0,89.0,87.0,53.0,78.0,3,0,17,76.71428571428571
1290,2,2024-03-25 18:00:00+00:00,78.0,72.0,71.0,73.0,91.0,55.0,82.0,3,0,18,74.57142857142857
1291,2,2024-03-25 19:00:00+00:00,78.0,75.0,74.0,75.0,94.0,54.0,82.0,3,0,19,76.0
1292,2,2024-03-25 20:00:00+00:00,79.0,75.0,76.0,79.0,97.0,52.0,83.0,3,0,20,77.28571428571429
1293,2,2024-03-25 21:00:00+00:00,80.0,75.0,78.0,82.0,97.0,51.0,83.0,3,0,21,78.0
1294,2,2024-03-25 22:00:00+00:00,76.0,73.0,79.0,84.0,94.0,51.0,84.0,3,0,22,77.28571428571429
1295,2,2024-03-25 23:00:00+00:00,77.0,73.0,81.0,85.0,89.0,53.0,85.0,3,0,23,77.57142857142857
1296,2,2024-03-26 00:00:00+00:00,68.0,71.0,77.0,90.0,63.0,77.0,61.0,3,1,0,72.42857142857143
1297,2,2024-03-26 01:00:00+00:00,69.0,70.0,75.0,87.0,64.0,78.0,61.0,3,1,1,72.0
1298,2,2024-03-26 02:00:00+00:00,65.0,69.0,74.0,82.0,64.0,81.0,62.0,3,1,2,71.0
1299,2,2024-03-26 03:00:00+00:00,60.0,67.0,69.0,77.0,63.0,81.0,62.0,3,1,3,68.42857142857143
1300,2,2024-03-26 04:00:00+00:00,58.0,61.0,64.0,72.0,60.0,77.0,60.0,3,1,4,64.57142857142857
1301,2,2024-03-26 05:00:00+00:00,53.0,54.0,57.0,66.0,55.0,70.0,57.0,3,1,5,58.857142857142854
1302,2,2024-03-26 06:00:00+00:00,52.0,57.0,58.0,71.0,52.0,65.0,72.0,3,1,6,61.0
1303,2,2024-03-26 07:00:00+00:00,51.0,55.0,56.0,68.0,50.0,63.0,67.0,3,1,7,58.57142857142857
1304,2,2024-03-26 08:00:00+00:00,50.0,53.0,56.0,66.0,49.0,63.0,61.0,3,1,8,56.857142857142854
1305,2,2024-03-26 09:00:00+00:00,50.0,49.0,53.0,64.0,49.0,63.0,57.0,3,1,9,55.0
1306,2,2024-03-26 10:00:00+00:00,48.0,47.0,50.0,64.0,49.0,63.0,58.0,3,1,10,54.142857142857146
1307,2,2024-03-26 11:00:00+00:00,51.0,49.0,53.0,64.0,49.0,64.0,61.0,3,1,11,55.857142857142854
1308,2,2024-03-26 12:00:00+00:00,49.0,49.0,43.0,52.0,52.0,65.0,48.0,3,1,12,51.142857142857146
1309,2,2024-03-26 13:00:00+00:00,48.0,49.0,44.0,52.0,53.0,67.0,52.0,3,1,13,52.142857142857146
1310,2,2024-03-26 14:00:00+00:00,48.0,49.0,44.0,54.0,53.0,70.0,57.0,3,1,14,53.57142857142857
1311,2,2024-03-26 15:00:00+00:00,49.0,51.0,50.0,56.0,54.0,71.0,60.0,3,1,15,55.857142857142854
1312,2,2024-03-26 16:00:00+00:00,49.0,52.0,50.0,58.0,55.0,71.0,61.0,3,1,16,56.57142857142857
1313,2,2024-03-26 17:00:00+00:00,50.0,53.0,48.0,60.0,56.0,69.0,60.0,3,1,17,56.57142857142857
1314,2,2024-03-26 18:00:00+00:00,52.0,53.0,56.0,62.0,57.0,68.0,56.0,3,1,18,57.714285714285715
1315,2,2024-03-26 19:00:00+00:00,52.0,53.0,59.0,64.0,59.0,67.0,56.0,3,1,19,58.57142857142857
1316,2,2024-03-26 20:00:00+00:00,50.0,53.0,59.0,66.0,62.0,66.0,55.0,3,1,20,58.714285714285715
1317,2,2024-03-26 21:00:00+00:00,52.0,57.0,61.0,68.0,64.0,65.0,55.0,3,1,21,60.285714285714285
1318,2,2024-03-26 22:00:00+00:00,56.0,60.0,64.0,68.0,65.0,63.0,54.0,3,1,22,61.42857142857143
1319,2,2024-03-26 23:00:00+00:00,60.0,64.0,68.0,68.0,66.0,62.0,52.0,3,1,23,62.857142857142854
1320,2,2024-03-27 00:00:00+00:00,63.0,64.0,69.0,71.0,67.0,65.0,55.0,3,2,0,64.85714285714286
1321,2,2024-03-27 01:00:00+00:00,67.0,67.0,73.0,74.0,73.0,68.0,55.0,3,2,1,68.14285714285714
1322,2,2024-03-27 02:00:00+00:00,67.0,67.0,77.0,76.0,78.0,71.0,54.0,3,2,2,70.0
1323,2,2024-03-27 03:00:00+00:00,66.0,66.0,78.0,75.0,79.0,71.0,53.0,3,2,3,69.71428571428571
1324,2,2024-03-27 04:00:00+00:00,60.0,62.0,71.0,67.0,71.0,67.0,49.0,3,2,4,63.857142857142854
1325,2,2024-03-27 05:00:00+00:00,52.0,56.0,59.0,54.0,59.0,61.0,44.0,3,2,5,55.0
1326,2,2024-03-27 06:00:00+00:00,44.0,46.0,48.0,48.0,48.0,54.0,43.0,3,2,6,47.285714285714285
1327,2,2024-03-27 07:00:00+00:00,37.0,42.0,42.0,43.0,42.0,47.0,40.0,3,2,7,41.857142857142854
1328,2,2024-03-27 08:00:00+00:00,34.0,37.0,36.0,39.0,38.0,40.0,38.0,3,2,8,37.42857142857143
1329,2,2024-03-27 09:00:00+00:00,32.0,34.0,35.0,36.0,35.0,35.0,37.0,3,2,9,34.857142857142854
1330,2,2024-03-27 10:00:00+00:00,31.0,33.0,35.0,34.0,34.0,31.0,35.0,3,2,10,33.285714285714285
1331,2,2024-03-27 11:00:00+00:00,31.0,33.0,34.0,33.0,33.0,29.0,33.0,3,2,11,32.285714285714285
1332,2,2024-03-27 12:00:00+00:00,32.0,33.0,33.0,30.0,34.0,34.0,30.0,3,2,12,32.285714285714285
1333,2,2024-03-27 13:00:00+00:00,35.0,34.0,35.0,34.0,38.0,36.0,32.0,3,2,13,34.857142857142854
1334,2,2024-03-27 14:00:00+00:00,39.0,39.0,40.0,40.0,44.0,40.0,35.0,3,2,14,39.57142857142857
1335,2,2024-03-27 15:00:00+00:00,46.0,46.0,49.0,47.0,50.0,45.0,39.0,3,2,15,46.0
1336,2,2024-03-27 16:00:00+00:00,54.0,54.0,59.0,54.0,57.0,51.0,43.0,3,2,16,53.142857142857146
1337,2,2024-03-27 17:00:00+00:00,60.0,59.0,66.0,61.0,65.0,58.0,47.0,3,2,17,59.42857142857143
1338,2,2024-03-27 18:00:00+00:00,60.0,65.0,66.0,62.0,71.0,64.0,53.0,3,2,18,63.0
1339,2,2024-03-27 19:00:00+00:00,61.0,67.0,69.0,65.0,74.0,68.0,55.0,3,2,19,65.57142857142857
1340,2,2024-03-27 20:00:00+00:00,62.0,69.0,69.0,66.0,76.0,72.0,57.0,3,2,20,67.28571428571429
1341,2,2024-03-27 21:00:00+00:00,64.0,69.0,70.0,67.0,78.0,74.0,58.0,3,2,21,68.57142857142857
1342,2,2024-03-27 22:00:00+00:00,65.0,68.0,72.0,68.0,81.0,76.0,58.0,3,2,22,69.71428571428571
1343,2,2024-03-27 23:00:00+00:00,65.0,70.0,74.0,69.0,85.0,76.0,57.0,3,2,23,70.85714285714286
1344,2,2024-03-28 00:00:00+00:00,72.0,66.0,68.0,74.0,75.0,74.0,71.0,3,3,0,71.42857142857143
1345,2,2024-03-28 01:00:00+00:00,72.0,67.0,70.0,74.0,80.0,76.0,72.0,3,3,1,73.0
1346,2,2024-03-28 02:00:00+00:00,73.0,67.0,69.0,74.0,87.0,78.0,73.0,3,3,2,74.42857142857143
1347,2,2024-03-28 03:00:00+00:00,73.0,67.0,65.0,71.0,89.0,76.0,71.0,3,3,3,73.14285714285714
1348,2,2024-03-28 04:00:00+00:00,67.0,64.0,61.0,64.0,82.0,67.0,66.0,3,3,4,67.28571428571429
1349,2,2024-03-28 05:00:00+00:00,51.0,58.0,52.0,54.0,69.0,55.0,58.0,3,3,5,56.714285714285715
1350,2,2024-03-28 06:00:00+00:00,41.0,52.0,44.0,52.0,58.0,45.0,44.0,3,3,6,48.0
1351,2,2024-03-28 07:00:00+00:00,34.0,45.0,39.0,45.0,49.0,39.0,43.0,3,3,7,42.0
1352,2,2024-03-28 08:00:00+00:00,30.0,41.0,35.0,39.0,41.0,35.0,43.0,3,3,8,37.714285714285715
1353,2,2024-03-28 09:00:00+00:00,27.0,38.0,32.0,34.0,37.0,33.0,44.0,3,3,9,35.0
1354,2,2024-03-28 10:00:00+00:00,27.0,35.0,31.0,31.0,41.0,32.0,44.0,3,3,10,34.42857142857143
1355,2,2024-03-28 11:00:00+00:00,26.0,31.0,29.0,29.0,50.0,32.0,44.0,3,3,11,34.42857142857143
1356,2,2024-03-28 12:00:00+00:00,32.0,33.0,33.0,30.0,32.0,45.0,56.0,3,3,12,37.285714285714285
1357,2,2024-03-28 13:00:00+00:00,39.0,41.0,39.0,37.0,39.0,55.0,59.0,3,3,13,44.142857142857146
1358,2,2024-03-28 14:00:00+00:00,46.0,49.0,45.0,46.0,48.0,67.0,62.0,3,3,14,51.857142857142854
1359,2,2024-03-28 15:00:00+00:00,50.0,53.0,52.0,55.0,56.0,75.0,64.0,3,3,15,57.857142857142854
1360,2,2024-03-28 16:00:00+00:00,55.0,54.0,55.0,62.0,61.0,75.0,64.0,3,3,16,60.857142857142854
1361,2,2024-03-28 17:00:00+00:00,59.0,57.0,56.0,69.0,66.0,70.0,62.0,3,3,17,62.714285714285715
1362,2,2024-03-28 18:00:00+00:00,69.0,61.0,64.0,70.0,69.0,65.0,61.0,3,3,18,65.57142857142857
1363,2,2024-03-28 19:00:00+00:00,68.0,62.0,66.0,73.0,71.0,61.0,59.0,3,3,19,65.71428571428571
1364,2,2024-03-28 20:00:00+00:00,64.0,59.0,67.0,75.0,72.0,56.0,57.0,3,3,20,64.28571428571429
1365,2,2024-03-28 21:00:00+00:00,62.0,61.0,67.0,75.0,73.0,53.0,56.0,3,3,21,63.857142857142854
1366,2,2024-03-28 22:00:00+00:00,64.0,61.0,68.0,74.0,73.0,53.0,56.0,3,3,22,64.14285714285714
1367,2,2024-03-28 23:00:00+00:00,65.0,61.0,68.0,72.0,72.0,56.0,57.0,3,3,23,64.42857142857143
1368,2,2024-03-29 00:00:00+00:00,64.0,73.0,64.0,66.0,72.0,65.0,52.0,3,4,0,65.14285714285714
1369,2,2024-03-29 01:00:00+00:00,61.0,71.0,62.0,65.0,73.0,65.0,54.0,3,4,1,64.42857142857143
1370,2,2024-03-29 02:00:00+00:00,61.0,67.0,61.0,65.0,73.0,63.0,56.0,3,4,2,63.714285714285715
1371,2,2024-03-29 03:00:00+00:00,61.0,64.0,60.0,62.0,71.0,59.0,57.0,3,4,3,62.0
1372,2,2024-03-29 04:00:00+00:00,58.0,54.0,56.0,56.0,66.0,53.0,55.0,3,4,4,56.857142857142854
1373,2,2024-03-29 05:00:00+00:00,52.0,53.0,48.0,49.0,59.0,47.0,51.0,3,4,5,51.285714285714285
1374,2,2024-03-29 06:00:00+00:00,42.0,49.0,42.0,45.0,52.0,42.0,41.0,3,4,6,44.714285714285715
1375,2,2024-03-29 07:00:00+00:00,38.0,41.0,40.0,41.0,47.0,41.0,40.0,3,4,7,41.142857142857146
1376,2,2024-03-29 08:00:00+00:00,35.0,36.0,40.0,38.0,42.0,42.0,40.0,3,4,8,39.0
1377,2,2024-03-29 09:00:00+00:00,35.0,35.0,39.0,36.0,38.0,43.0,40.0,3,4,9,38.0
1378,2,2024-03-29 10:00:00+00:00,38.0,36.0,38.0,34.0,35.0,42.0,40.0,3,4,10,37.57142857142857
1379,2,2024-03-29 11:00:00+00:00,39.0,37.0,38.0,34.0,33.0,40.0,41.0,3,4,11,37.42857142857143
1380,2,2024-03-29 12:00:00+00:00,40.0,39.0,41.0,43.0,37.0,43.0,39.0,3,4,12,40.285714285714285
1381,2,2024-03-29 13:00:00+00:00,41.0,41.0,43.0,45.0,43.0,46.0,43.0,3,4,13,43.142857142857146
1382,2,2024-03-29 14:00:00+00:00,44.0,45.0,47.0,47.0,50.0,51.0,49.0,3,4,14,47.57142857142857
1383,2,2024-03-29 15:00:00+00:00,47.0,48.0,51.0,49.0,57.0,55.0,53.0,3,4,15,51.42857142857143
1384,2,2024-03-29 16:00:00+00:00,50.0,51.0,53.0,52.0,60.0,58.0,55.0,3,4,16,54.142857142857146
1385,2,2024-03-29 17:00:00+00:00,52.0,55.0,55.0,54.0,62.0,61.0,56.0,3,4,17,56.42857142857143
1386,2,2024-03-29 18:00:00+00:00,57.0,58.0,61.0,61.0,64.0,64.0,56.0,3,4,18,60.142857142857146
1387,2,2024-03-29 19:00:00+00:00,62.0,60.0,68.0,62.0,65.0,66.0,56.0,3,4,19,62.714285714285715
1388,2,2024-03-29 20:00:00+00:00,66.0,64.0,71.0,63.0,66.0,67.0,55.0,3,4,20,64.57142857142857
1389,2,2024-03-29 21:00:00+00:00,67.0,67.0,72.0,64.0,68.0,69.0,55.0,3,4,21,66.0
1390,2,2024-03-29 22:00:00+00:00,69.0,68.0,71.0,65.0,71.0,71.0,55.0,3,4,22,67.14285714285714
1391,2,2024-03-29 23:00:00+00:00,71.0,69.0,71.0,67.0,74.0,74.0,55.0,3,4,23,68.71428571428571
1392,2,2024-03-30 00:00:00+00:00,74.0,73.0,75.0,66.0,75.0,69.0,56.0,3,5,0,69.71428571428571
1393,2,2024-03-30 01:00:00+00:00,72.0,74.0,76.0,65.0,74.0,70.0,56.0,3,5,1,69.57142857142857
1394,2,2024-03-30 02:00:00+00:00,70.0,76.0,78.0,64.0,72.0,71.0,57.0,3,5,2,69.71428571428571
1395,2,2024-03-30 03:00:00+00:00,67.0,75.0,80.0,61.0,68.0,68.0,56.0,3,5,3,67.85714285714286
1396,2,2024-03-30 04:00:00+00:00,60.0,69.0,78.0,56.0,62.0,59.0,52.0,3,5,4,62.285714285714285
1397,2,2024-03-30 05:00:00+00:00,53.0,59.0,66.0,50.0,55.0,47.0,46.0,3,5,5,53.714285714285715
1398,2,2024-03-30 06:00:00+00:00,51.0,46.0,50.0,48.0,49.0,38.0,44.0,3,5,6,46.57142857142857
1399,2,2024-03-30 07:00:00+00:00,40.0,41.0,46.0,40.0,45.0,34.0,41.0,3,5,7,41.0
1400,2,2024-03-30 08:00:00+00:00,33.0,37.0,46.0,32.0,41.0,34.0,38.0,3,5,8,37.285714285714285
1401,2,2024-03-30 09:00:00+00:00,32.0,33.0,40.0,26.0,40.0,33.0,37.0,3,5,9,34.42857142857143
1402,2,2024-03-30 10:00:00+00:00,30.0,33.0,35.0,23.0,41.0,31.0,37.0,3,5,10,32.857142857142854
1403,2,2024-03-30 11:00:00+00:00,32.0,37.0,35.0,22.0,45.0,29.0,38.0,3,5,11,34.0
1404,2,2024-03-30 12:00:00+00:00,35.0,40.0,34.0,27.0,46.0,27.0,35.0,3,5,12,34.857142857142854
1405,2,2024-03-30 13:00:00+00:00,41.0,45.0,37.0,34.0,52.0,33.0,38.0,3,5,13,40.0
1406,2,2024-03-30 14:00:00+00:00,45.0,50.0,44.0,44.0,58.0,42.0,43.0,3,5,14,46.57142857142857
1407,2,2024-03-30 15:00:00+00:00,55.0,60.0,54.0,54.0,65.0,52.0,47.0,3,5,15,55.285714285714285
1408,2,2024-03-30 16:00:00+00:00,64.0,71.0,64.0,62.0,71.0,61.0,50.0,3,5,16,63.285714285714285
1409,2,2024-03-30 17:00:00+00:00,67.0,74.0,71.0,69.0,77.0,70.0,53.0,3,5,17,68.71428571428571
1410,2,2024-03-30 18:00:00+00:00,68.0,71.0,77.0,82.0,81.0,77.0,50.0,3,5,18,72.28571428571429
1411,2,2024-03-30 19:00:00+00:00,70.0,74.0,79.0,86.0,83.0,81.0,49.0,3,5,19,74.57142857142857
1412,2,2024-03-30 20:00:00+00:00,73.0,71.0,81.0,89.0,85.0,82.0,48.0,3,5,20,75.57142857142857
1413,2,2024-03-30 21:00:00+00:00,73.0,76.0,81.0,91.0,86.0,83.0,46.0,3,5,21,76.57142857142857
1414,2,2024-03-30 22:00:00+00:00,74.0,81.0,83.0,92.0,89.0,84.0,44.0,3,5,22,78.14285714285714
1415,2,2024-03-30 23:00:00+00:00,75.0,83.0,84.0,91.0,92.0,86.0,43.0,3,5,23,79.14285714285714
1416,2,2024-03-31 00:00:00+00:00,76.0,82.0,87.0,78.0,68.0,90.0,66.0,3,6,0,78.14285714285714
1417,2,2024-03-31 01:00:00+00:00,77.0,85.0,89.0,79.0,71.0,93.0,66.0,3,6,1,80.0
1418,2,2024-03-31 02:00:00+00:00,79.0,86.0,92.0,80.0,74.0,95.0,66.0,3,6,2,81.71428571428571
1419,2,2024-03-31 03:00:00+00:00,81.0,87.0,93.0,79.0,74.0,95.0,64.0,3,6,3,81.85714285714286
1420,2,2024-03-31 04:00:00+00:00,77.0,82.0,90.0,74.0,68.0,90.0,60.0,3,6,4,77.28571428571429
1421,2,2024-03-31 05:00:00+00:00,65.0,69.0,82.0,66.0,58.0,82.0,54.0,3,6,5,68.0
1422,2,2024-03-31 06:00:00+00:00,51.0,70.0,68.0,74.0,50.0,75.0,46.0,3,6,6,62.0
1423,2,2024-03-31 07:00:00+00:00,43.0,66.0,59.0,66.0,45.0,70.0,43.0,3,6,7,56.0
1424,2,2024-03-31 08:00:00+00:00,39.0,55.0,52.0,58.0,43.0,66.0,41.0,3,6,8,50.57142857142857
1425,2,2024-03-31 09:00:00+00:00,37.0,48.0,47.0,51.0,41.0,62.0,40.0,3,6,9,46.57142857142857
1426,2,2024-03-31 10:00:00+00:00,34.0,48.0,43.0,48.0,40.0,59.0,42.0,3,6,10,44.857142857142854
1427,2,2024-03-31 11:00:00+00:00,33.0,48.0,47.0,47.0,41.0,57.0,46.0,3,6,11,45.57142857142857
1428,2,2024-03-31 12:00:00+00:00,31.0,43.0,47.0,55.0,53.0,44.0,48.0,3,6,12,45.857142857142854
1429,2,2024-03-31 13:00:00+00:00,43.0,47.0,52.0,60.0,59.0,51.0,50.0,3,6,13,51.714285714285715
1430,2,2024-03-31 14:00:00+00:00,52.0,52.0,56.0,67.0,67.0,61.0,52.0,3,6,14,58.142857142857146
1431,2,2024-03-31 15:00:00+00:00,59.0,59.0,66.0,74.0,74.0,70.0,54.0,3,6,15,65.14285714285714
1432,2,2024-03-31 16:00:00+00:00,65.0,67.0,76.0,79.0,80.0,76.0,54.0,3,6,16,71.0
1433,2,2024-03-31 17:00:00+00:00,69.0,72.0,83.0,84.0,86.0,82.0,54.0,3,6,17,75.71428571428571
1434,2,2024-03-31 18:00:00+00:00,77.0,75.0,81.0,84.0,90.0,85.0,49.0,3,6,18,77.28571428571429
1435,2,2024-03-31 19:00:00+00:00,78.0,76.0,81.0,86.0,91.0,86.0,51.0,3,6,19,78.42857142857143
1436,2,2024-03-31 20:00:00+00:00,77.0,76.0,81.0,88.0,91.0,85.0,53.0,3,6,20,78.71428571428571
1437,2,2024-03-31 21:00:00+00:00,77.0,77.0,81.0,90.0,91.0,84.0,55.0,3,6,21,79.28571428571429
1438,2,2024-03-31 22:00:00+00:00,79.0,80.0,81.0,91.0,91.0,82.0,56.0,3,6,22,80.0
1439,2,2024-03-31 23:00:00+00:00,82.0,81.0,80.0,92.0,91.0,78.0,56.0,3,6,23,80.0
1440,2,2024-04-01 00:00:00+00:00,76.0,75.0,80.0,92.0,91.0,74.0,57.0,4,0,0,77.85714285714286
1441,2,2024-04-01 01:00:00+00:00,75.0,74.0,81.0,93.0,92.0,75.0,57.0,4,0,1,78.14285714285714
1442,2,2024-04-01 02:00:00+00:00,75.0,73.0,79.0,93.0,93.0,75.0,57.0,4,0,2,77.85714285714286
1443,2,2024-04-01 03:00:00+00:00,75.0,71.0,77.0,91.0,92.0,74.0,56.0,4,0,3,76.57142857142857
1444,2,2024-04-01 04:00:00+00:00,72.0,65.0,68.0,83.0,87.0,69.0,53.0,4,0,4,71.0
1445,2,2024-04-01 05:00:00+00:00,58.0,54.0,54.0,73.0,81.0,62.0,50.0,4,0,5,61.714285714285715
1446,2,2024-04-01 06:00:00+00:00,46.0,42.0,45.0,61.0,74.0,56.0,44.0,4,0,6,52.57142857142857
1447,2,2024-04-01 07:00:00+00:00,38.0,35.0,37.0,53.0,68.0,51.0,41.0,4,0,7,46.142857142857146
1448,2,2024-04-01 08:00:00+00:00,33.0,32.0,33.0,47.0,61.0,46.0,39.0,4,0,8,41.57142857142857
1449,2,2024-04-01 09:00:00+00:00,30.0,31.0,31.0,42.0,57.0,43.0,39.0,4,0,9,39.0
1450,2,2024-04-01 10:00:00+00:00,27.0,30.0,28.0,37.0,56.0,43.0,40.0,4,0,10,37.285714285714285
1451,2,2024-04-01 11:00:00+00:00,25.0,30.0,29.0,33.0,56.0,45.0,42.0,4,0,11,37.142857142857146
1452,2,2024-04-01 12:00:00+00:00,30.0,34.0,32.0,36.0,39.0,47.0,46.0,4,0,12,37.714285714285715
1453,2,2024-04-01 13:00:00+00:00,37.0,41.0,35.0,39.0,43.0,50.0,49.0,4,0,13,42.0
1454,2,2024-04-01 14:00:00+00:00,48.0,51.0,41.0,44.0,49.0,55.0,53.0,4,0,14,48.714285714285715
1455,2,2024-04-01 15:00:00+00:00,56.0,60.0,49.0,49.0,55.0,60.0,57.0,4,0,15,55.142857142857146
1456,2,2024-04-01 16:00:00+00:00,62.0,66.0,60.0,54.0,60.0,64.0,59.0,4,0,16,60.714285714285715
1457,2,2024-04-01 17:00:00+00:00,65.0,69.0,69.0,59.0,65.0,67.0,60.0,4,0,17,64.85714285714286
1458,2,2024-04-01 18:00:00+00:00,66.0,62.0,63.0,62.0,68.0,70.0,59.0,4,0,18,64.28571428571429
1459,2,2024-04-01 19:00:00+00:00,67.0,64.0,64.0,66.0,70.0,72.0,59.0,4,0,19,66.0
1460,2,2024-04-01 20:00:00+00:00,70.0,66.0,67.0,70.0,71.0,73.0,58.0,4,0,20,67.85714285714286
1461,2,2024-04-01 21:00:00+00:00,74.0,71.0,71.0,72.0,71.0,74.0,57.0,4,0,21,70.0
1462,2,2024-04-01 22:00:00+00:00,72.0,74.0,75.0,73.0,71.0,75.0,56.0,4,0,22,70.85714285714286
1463,2,2024-04-01 23:00:00+00:00,76.0,74.0,75.0,73.0,70.0,75.0,54.0,4,0,23,71.0
1464,2,2024-04-02 00:00:00+00:00,80.0,70.0,74.0,69.0,76.0,80.0,51.0,4,1,0,71.42857142857143
1465,2,2024-04-02 01:00:00+00:00,78.0,70.0,72.0,70.0,76.0,81.0,53.0,4,1,1,71.42857142857143
1466,2,2024-04-02 02:00:00+00:00,76.0,67.0,71.0,71.0,76.0,82.0,55.0,4,1,2,71.14285714285714
1467,2,2024-04-02 03:00:00+00:00,74.0,65.0,70.0,69.0,73.0,81.0,55.0,4,1,3,69.57142857142857
1468,2,2024-04-02 04:00:00+00:00,68.0,59.0,64.0,60.0,65.0,75.0,51.0,4,1,4,63.142857142857146
1469,2,2024-04-02 05:00:00+00:00,55.0,48.0,51.0,48.0,54.0,66.0,45.0,4,1,5,52.42857142857143
1470,2,2024-04-02 06:00:00+00:00,47.0,39.0,38.0,37.0,45.0,59.0,33.0,4,1,6,42.57142857142857
1471,2,2024-04-02 07:00:00+00:00,37.0,34.0,33.0,32.0,39.0,58.0,31.0,4,1,7,37.714285714285715
1472,2,2024-04-02 08:00:00+00:00,31.0,31.0,29.0,30.0,34.0,59.0,30.0,4,1,8,34.857142857142854
1473,2,2024-04-02 09:00:00+00:00,26.0,26.0,26.0,29.0,31.0,59.0,30.0,4,1,9,32.42857142857143
1474,2,2024-04-02 10:00:00+00:00,22.0,22.0,23.0,30.0,31.0,57.0,30.0,4,1,10,30.714285714285715
1475,2,2024-04-02 11:00:00+00:00,23.0,21.0,22.0,32.0,32.0,55.0,30.0,4,1,11,30.714285714285715
1476,2,2024-04-02 12:00:00+00:00,24.0,26.0,26.0,27.0,32.0,41.0,36.0,4,1,12,30.285714285714285
1477,2,2024-04-02 13:00:00+00:00,30.0,31.0,34.0,33.0,37.0,47.0,39.0,4,1,13,35.857142857142854
1478,2,2024-04-02 14:00:00+00:00,37.0,37.0,38.0,41.0,44.0,54.0,42.0,4,1,14,41.857142857142854
1479,2,2024-04-02 15:00:00+00:00,44.0,45.0,45.0,48.0,50.0,61.0,46.0,4,1,15,48.42857142857143
1480,2,2024-04-02 16:00:00+00:00,54.0,52.0,54.0,53.0,55.0,65.0,50.0,4,1,16,54.714285714285715
1481,2,2024-04-02 17:00:00+00:00,59.0,56.0,59.0,57.0,58.0,67.0,54.0,4,1,17,58.57142857142857
1482,2,2024-04-02 18:00:00+00:00,60.0,59.0,61.0,67.0,61.0,69.0,53.0,4,1,18,61.42857142857143
1483,2,2024-04-02 19:00:00+00:00,61.0,61.0,61.0,70.0,61.0,69.0,54.0,4,1,19,62.42857142857143
1484,2,2024-04-02 20:00:00+00:00,61.0,61.0,57.0,73.0,60.0,68.0,55.0,4,1,20,62.142857142857146
1485,2,2024-04-02 21:00:00+00:00,60.0,60.0,59.0,75.0,60.0,68.0,56.0,4,1,21,62.57142857142857
1486,2,2024-04-02 22:00:00+00:00,61.0,58.0,59.0,75.0,64.0,69.0,56.0,4,1,22,63.142857142857146
1487,2,2024-04-02 23:00:00+00:00,65.0,58.0,61.0,75.0,69.0,70.0,55.0,4,1,23,64.71428571428571
1488,2,2024-04-03 00:00:00+00:00,67.0,64.0,66.0,66.0,74.0,76.0,50.0,4,2,0,66.14285714285714
1489,2,2024-04-03 01:00:00+00:00,69.0,66.0,72.0,71.0,77.0,77.0,51.0,4,2,1,69.0
1490,2,2024-04-03 02:00:00+00:00,69.0,69.0,76.0,76.0,80.0,77.0,52.0,4,2,2,71.28571428571429
1491,2,2024-04-03 03:00:00+00:00,69.0,73.0,77.0,77.0,79.0,74.0,51.0,4,2,3,71.42857142857143
1492,2,2024-04-03 04:00:00+00:00,67.0,71.0,74.0,70.0,71.0,66.0,47.0,4,2,4,66.57142857142857
1493,2,2024-04-03 05:00:00+00:00,63.0,58.0,61.0,59.0,59.0,54.0,41.0,4,2,5,56.42857142857143
1494,2,2024-04-03 06:00:00+00:00,48.0,46.0,38.0,40.0,49.0,45.0,63.0,4,2,6,47.0
1495,2,2024-04-03 07:00:00+00:00,39.0,37.0,32.0,32.0,43.0,40.0,62.0,4,2,7,40.714285714285715
1496,2,2024-04-03 08:00:00+00:00,33.0,30.0,28.0,27.0,38.0,37.0,61.0,4,2,8,36.285714285714285
1497,2,2024-04-03 09:00:00+00:00,31.0,26.0,23.0,25.0,35.0,35.0,62.0,4,2,9,33.857142857142854
1498,2,2024-04-03 10:00:00+00:00,29.0,23.0,21.0,27.0,33.0,33.0,64.0,4,2,10,32.857142857142854
1499,2,2024-04-03 11:00:00+00:00,25.0,26.0,24.0,32.0,32.0,31.0,67.0,4,2,11,33.857142857142854
1500,2,2024-04-03 12:00:00+00:00,20.0,36.0,34.0,42.0,27.0,37.0,64.0,4,2,12,37.142857142857146
1501,2,2024-04-03 13:00:00+00:00,38.0,47.0,38.0,45.0,32.0,36.0,67.0,4,2,13,43.285714285714285
1502,2,2024-04-03 14:00:00+00:00,42.0,48.0,40.0,47.0,40.0,34.0,70.0,4,2,14,45.857142857142854
1503,2,2024-04-03 15:00:00+00:00,51.0,55.0,47.0,51.0,47.0,34.0,73.0,4,2,15,51.142857142857146
1504,2,2024-04-03 16:00:00+00:00,60.0,61.0,54.0,57.0,51.0,38.0,75.0,4,2,16,56.57142857142857
1505,2,2024-04-03 17:00:00+00:00,61.0,65.0,55.0,64.0,55.0,44.0,75.0,4,2,17,59.857142857142854
1506,2,2024-04-03 18:00:00+00:00,73.0,72.0,62.0,69.0,57.0,50.0,76.0,4,2,18,65.57142857142857
1507,2,2024-04-03 19:00:00+00:00,73.0,74.0,64.0,69.0,58.0,54.0,75.0,4,2,19,66.71428571428571
1508,2,2024-04-03 20:00:00+00:00,69.0,73.0,64.0,66.0,57.0,58.0,74.0,4,2,20,65.85714285714286
1509,2,2024-04-03 21:00:00+00:00,68.0,71.0,63.0,65.0,58.0,61.0,74.0,4,2,21,65.71428571428571
1510,2,2024-04-03 22:00:00+00:00,67.0,71.0,61.0,65.0,62.0,64.0,75.0,4,2,22,66.42857142857143
1511,2,2024-04-03 23:00:00+00:00,66.0,71.0,61.0,67.0,67.0,67.0,76.0,4,2,23,67.85714285714286
1512,2,2024-04-04 00:00:00+00:00,57.0,72.0,68.0,64.0,59.0,67.0,79.0,4,3,0,66.57142857142857
1513,2,2024-04-04 01:00:00+00:00,60.0,76.0,69.0,68.0,64.0,70.0,78.0,4,3,1,69.28571428571429
1514,2,2024-04-04 02:00:00+00:00,64.0,78.0,73.0,72.0,71.0,72.0,76.0,4,3,2,72.28571428571429
1515,2,2024-04-04 03:00:00+00:00,69.0,79.0,78.0,73.0,73.0,72.0,74.0,4,3,3,74.0
1516,2,2024-04-04 04:00:00+00:00,71.0,75.0,80.0,66.0,69.0,67.0,71.0,4,3,4,71.28571428571429
1517,2,2024-04-04 05:00:00+00:00,61.0,63.0,69.0,54.0,60.0,59.0,67.0,4,3,5,61.857142857142854
1518,2,2024-04-04 06:00:00+00:00,50.0,52.0,57.0,37.0,51.0,52.0,68.0,4,3,6,52.42857142857143
1519,2,2024-04-04 07:00:00+00:00,37.0,48.0,53.0,29.0,41.0,47.0,64.0,4,3,7,45.57142857142857
1520,2,2024-04-04 08:00:00+00:00,31.0,48.0,49.0,23.0,31.0,43.0,60.0,4,3,8,40.714285714285715
1521,2,2024-04-04 09:00:00+00:00,25.0,48.0,45.0,20.0,24.0,40.0,57.0,4,3,9,37.0
1522,2,2024-04-04 10:00:00+00:00,22.0,51.0,42.0,19.0,24.0,39.0,56.0,4,3,10,36.142857142857146
1523,2,2024-04-04 11:00:00+00:00,22.0,51.0,44.0,21.0,28.0,38.0,55.0,4,3,11,37.0
1524,2,2024-04-04 12:00:00+00:00,19.0,28.0,46.0,29.0,28.0,46.0,45.0,4,3,12,34.42857142857143
1525,2,2024-04-04 13:00:00+00:00,21.0,29.0,44.0,33.0,33.0,49.0,47.0,4,3,13,36.57142857142857
1526,2,2024-04-04 14:00:00+00:00,26.0,33.0,45.0,37.0,40.0,54.0,50.0,4,3,14,40.714285714285715
1527,2,2024-04-04 15:00:00+00:00,35.0,40.0,51.0,41.0,46.0,59.0,53.0,4,3,15,46.42857142857143
1528,2,2024-04-04 16:00:00+00:00,45.0,49.0,58.0,44.0,51.0,64.0,57.0,4,3,16,52.57142857142857
1529,2,2024-04-04 17:00:00+00:00,51.0,54.0,60.0,47.0,56.0,70.0,62.0,4,3,17,57.142857142857146
1530,2,2024-04-04 18:00:00+00:00,52.0,57.0,58.0,57.0,60.0,74.0,54.0,4,3,18,58.857142857142854
1531,2,2024-04-04 19:00:00+00:00,52.0,60.0,59.0,62.0,62.0,75.0,50.0,4,3,19,60.0
1532,2,2024-04-04 20:00:00+00:00,51.0,62.0,63.0,67.0,64.0,74.0,45.0,4,3,20,60.857142857142854
1533,2,2024-04-04 21:00:00+00:00,53.0,65.0,61.0,71.0,66.0,75.0,42.0,4,3,21,61.857142857142854
1534,2,2024-04-04 22:00:00+00:00,62.0,67.0,64.0,72.0,69.0,79.0,43.0,4,3,22,65.14285714285714
1535,2,2024-04-04 23:00:00+00:00,68.0,73.0,72.0,72.0,73.0,85.0,45.0,4,3,23,69.71428571428571
1536,2,2024-04-05 00:00:00+00:00,69.0,70.0,76.0,70.0,73.0,72.0,48.0,4,4,0,68.28571428571429
1537,2,2024-04-05 01:00:00+00:00,65.0,70.0,80.0,70.0,72.0,71.0,49.0,4,4,1,68.14285714285714
1538,2,2024-04-05 02:00:00+00:00,61.0,67.0,81.0,69.0,70.0,69.0,49.0,4,4,2,66.57142857142857
1539,2,2024-04-05 03:00:00+00:00,59.0,65.0,78.0,66.0,66.0,64.0,47.0,4,4,3,63.57142857142857
1540,2,2024-04-05 04:00:00+00:00,55.0,61.0,70.0,57.0,58.0,55.0,43.0,4,4,4,57.0
1541,2,2024-04-05 05:00:00+00:00,46.0,50.0,55.0,45.0,48.0,43.0,38.0,4,4,5,46.42857142857143
1542,2,2024-04-05 06:00:00+00:00,33.0,34.0,37.0,35.0,39.0,33.0,38.0,4,4,6,35.57142857142857
1543,2,2024-04-05 07:00:00+00:00,30.0,29.0,32.0,29.0,33.0,27.0,36.0,4,4,7,30.857142857142858
1544,2,2024-04-05 08:00:00+00:00,24.0,27.0,26.0,26.0,28.0,24.0,35.0,4,4,8,27.142857142857142
1545,2,2024-04-05 09:00:00+00:00,21.0,21.0,24.0,24.0,25.0,21.0,34.0,4,4,9,24.285714285714285
1546,2,2024-04-05 10:00:00+00:00,16.0,17.0,19.0,23.0,23.0,19.0,33.0,4,4,10,21.428571428571427
1547,2,2024-04-05 11:00:00+00:00,15.0,16.0,17.0,23.0,22.0,17.0,32.0,4,4,11,20.285714285714285
1548,2,2024-04-05 12:00:00+00:00,17.0,19.0,20.0,27.0,15.0,16.0,34.0,4,4,12,21.142857142857142
1549,2,2024-04-05 13:00:00+00:00,25.0,32.0,25.0,32.0,22.0,24.0,37.0,4,4,13,28.142857142857142
1550,2,2024-04-05 14:00:00+00:00,31.0,33.0,32.0,37.0,33.0,36.0,41.0,4,4,14,34.714285714285715
1551,2,2024-04-05 15:00:00+00:00,38.0,40.0,43.0,43.0,42.0,46.0,43.0,4,4,15,42.142857142857146
1552,2,2024-04-05 16:00:00+00:00,47.0,49.0,53.0,48.0,47.0,51.0,43.0,4,4,16,48.285714285714285
1553,2,2024-04-05 17:00:00+00:00,52.0,54.0,56.0,52.0,50.0,53.0,41.0,4,4,17,51.142857142857146
1554,2,2024-04-05 18:00:00+00:00,50.0,51.0,57.0,57.0,52.0,55.0,52.0,4,4,18,53.42857142857143
1555,2,2024-04-05 19:00:00+00:00,51.0,51.0,58.0,58.0,54.0,58.0,49.0,4,4,19,54.142857142857146
1556,2,2024-04-05 20:00:00+00:00,50.0,51.0,57.0,58.0,55.0,61.0,46.0,4,4,20,54.0
1557,2,2024-04-05 21:00:00+00:00,53.0,53.0,58.0,59.0,57.0,64.0,43.0,4,4,21,55.285714285714285
1558,2,2024-04-05 22:00:00+00:00,57.0,55.0,59.0,63.0,60.0,66.0,42.0,4,4,22,57.42857142857143
1559,2,2024-04-05 23:00:00+00:00,63.0,57.0,62.0,68.0,63.0,68.0,42.0,4,4,23,60.42857142857143
1560,2,2024-04-06 00:00:00+00:00,68.0,62.0,61.0,66.0,76.0,74.0,45.0,4,5,0,64.57142857142857
1561,2,2024-04-06 01:00:00+00:00,70.0,67.0,62.0,68.0,79.0,77.0,46.0,4,5,1,67.0
1562,2,2024-04-06 02:00:00+00:00,73.0,65.0,62.0,70.0,79.0,77.0,47.0,4,5,2,67.57142857142857
1563,2,2024-04-06 03:00:00+00:00,73.0,79.0,61.0,68.0,76.0,74.0,47.0,4,5,3,68.28571428571429
1564,2,2024-04-06 04:00:00+00:00,67.0,69.0,60.0,58.0,65.0,63.0,44.0,4,5,4,60.857142857142854
1565,2,2024-04-06 05:00:00+00:00,61.0,55.0,52.0,44.0,50.0,48.0,39.0,4,5,5,49.857142857142854
1566,2,2024-04-06 06:00:00+00:00,36.0,32.0,32.0,33.0,37.0,36.0,32.0,4,5,6,34.0
1567,2,2024-04-06 07:00:00+00:00,23.0,24.0,25.0,26.0,28.0,29.0,30.0,4,5,7,26.428571428571427
1568,2,2024-04-06 08:00:00+00:00,19.0,21.0,21.0,22.0,22.0,25.0,28.0,4,5,8,22.571428571428573
1569,2,2024-04-06 09:00:00+00:00,18.0,17.0,17.0,19.0,19.0,22.0,27.0,4,5,9,19.857142857142858
1570,2,2024-04-06 10:00:00+00:00,16.0,14.0,14.0,18.0,23.0,20.0,26.0,4,5,10,18.714285714285715
1571,2,2024-04-06 11:00:00+00:00,14.0,12.0,13.0,18.0,31.0,19.0,26.0,4,5,11,19.0
1572,2,2024-04-06 12:00:00+00:00,13.0,22.0,18.0,31.0,23.0,22.0,30.0,4,5,12,22.714285714285715
1573,2,2024-04-06 13:00:00+00:00,33.0,35.0,27.0,36.0,27.0,27.0,34.0,4,5,13,31.285714285714285
1574,2,2024-04-06 14:00:00+00:00,41.0,33.0,32.0,42.0,32.0,32.0,41.0,4,5,14,36.142857142857146
1575,2,2024-04-06 15:00:00+00:00,50.0,39.0,36.0,46.0,37.0,38.0,45.0,4,5,15,41.57142857142857
1576,2,2024-04-06 16:00:00+00:00,55.0,43.0,42.0,49.0,43.0,43.0,46.0,4,5,16,45.857142857142854
1577,2,2024-04-06 17:00:00+00:00,54.0,43.0,44.0,51.0,49.0,47.0,46.0,4,5,17,47.714285714285715
1578,2,2024-04-06 18:00:00+00:00,49.0,48.0,42.0,46.0,53.0,51.0,43.0,4,5,18,47.42857142857143
1579,2,2024-04-06 19:00:00+00:00,53.0,51.0,46.0,51.0,54.0,54.0,43.0,4,5,19,50.285714285714285
1580,2,2024-04-06 20:00:00+00:00,66.0,53.0,49.0,56.0,53.0,57.0,42.0,4,5,20,53.714285714285715
1581,2,2024-04-06 21:00:00+00:00,72.0,53.0,51.0,59.0,52.0,58.0,41.0,4,5,21,55.142857142857146
1582,2,2024-04-06 22:00:00+00:00,71.0,54.0,52.0,59.0,53.0,57.0,41.0,4,5,22,55.285714285714285
1583,2,2024-04-06 23:00:00+00:00,69.0,55.0,51.0,57.0,55.0,54.0,40.0,4,5,23,54.42857142857143
1584,2,2024-04-07 00:00:00+00:00,67.0,54.0,50.0,59.0,57.0,55.0,42.0,4,6,0,54.857142857142854
1585,2,2024-04-07 01:00:00+00:00,63.0,55.0,55.0,60.0,58.0,57.0,40.0,4,6,1,55.42857142857143
1586,2,2024-04-07 02:00:00+00:00,60.0,56.0,56.0,62.0,60.0,59.0,38.0,4,6,2,55.857142857142854
1587,2,2024-04-07 03:00:00+00:00,59.0,56.0,55.0,61.0,60.0,59.0,36.0,4,6,3,55.142857142857146
1588,2,2024-04-07 04:00:00+00:00,55.0,53.0,57.0,56.0,56.0,57.0,34.0,4,6,4,52.57142857142857
1589,2,2024-04-07 05:00:00+00:00,47.0,46.0,53.0,48.0,49.0,52.0,32.0,4,6,5,46.714285714285715
1590,2,2024-04-07 06:00:00+00:00,38.0,37.0,35.0,43.0,43.0,47.0,29.0,4,6,6,38.857142857142854
1591,2,2024-04-07 07:00:00+00:00,30.0,33.0,28.0,35.0,38.0,40.0,28.0,4,6,7,33.142857142857146
1592,2,2024-04-07 08:00:00+00:00,26.0,29.0,22.0,26.0,34.0,32.0,27.0,4,6,8,28.0
1593,2,2024-04-07 09:00:00+00:00,23.0,22.0,19.0,19.0,32.0,26.0,27.0,4,6,9,24.0
1594,2,2024-04-07 10:00:00+00:00,18.0,19.0,16.0,15.0,32.0,24.0,27.0,4,6,10,21.571428571428573
1595,2,2024-04-07 11:00:00+00:00,17.0,18.0,15.0,14.0,33.0,24.0,28.0,4,6,11,21.285714285714285
1596,2,2024-04-07 12:00:00+00:00,17.0,19.0,14.0,16.0,18.0,31.0,27.0,4,6,12,20.285714285714285
1597,2,2024-04-07 13:00:00+00:00,26.0,20.0,15.0,21.0,27.0,34.0,33.0,4,6,13,25.142857142857142
1598,2,2024-04-07 14:00:00+00:00,48.0,23.0,23.0,29.0,40.0,38.0,41.0,4,6,14,34.57142857142857
1599,2,2024-04-07 15:00:00+00:00,56.0,40.0,33.0,37.0,48.0,42.0,47.0,4,6,15,43.285714285714285
1600,2,2024-04-07 16:00:00+00:00,62.0,59.0,43.0,44.0,48.0,46.0,49.0,4,6,16,50.142857142857146
1601,2,2024-04-07 17:00:00+00:00,61.0,60.0,49.0,50.0,44.0,50.0,48.0,4,6,17,51.714285714285715
1602,2,2024-04-07 18:00:00+00:00,55.0,63.0,55.0,57.0,40.0,54.0,48.0,4,6,18,53.142857142857146
1603,2,2024-04-07 19:00:00+00:00,53.0,61.0,51.0,56.0,39.0,59.0,48.0,4,6,19,52.42857142857143
1604,2,2024-04-07 20:00:00+00:00,49.0,62.0,49.0,53.0,38.0,64.0,48.0,4,6,20,51.857142857142854
1605,2,2024-04-07 21:00:00+00:00,50.0,59.0,48.0,50.0,39.0,69.0,47.0,4,6,21,51.714285714285715
1606,2,2024-04-07 22:00:00+00:00,47.0,58.0,45.0,49.0,41.0,72.0,46.0,4,6,22,51.142857142857146
1607,2,2024-04-07 23:00:00+00:00,49.0,57.0,47.0,49.0,44.0,75.0,44.0,4,6,23,52.142857142857146
1608,2,2024-04-08 00:00:00+00:00,55.0,55.0,50.0,45.0,50.0,63.0,67.0,4,0,0,55.0
1609,2,2024-04-08 01:00:00+00:00,57.0,55.0,53.0,48.0,50.0,63.0,68.0,4,0,1,56.285714285714285
1610,2,2024-04-08 02:00:00+00:00,56.0,52.0,54.0,50.0,50.0,62.0,69.0,4,0,2,56.142857142857146
1611,2,2024-04-08 03:00:00+00:00,52.0,56.0,55.0,51.0,49.0,59.0,67.0,4,0,3,55.57142857142857
1612,2,2024-04-08 04:00:00+00:00,51.0,56.0,53.0,48.0,47.0,53.0,61.0,4,0,4,52.714285714285715
1613,2,2024-04-08 05:00:00+00:00,42.0,52.0,47.0,42.0,43.0,46.0,53.0,4,0,5,46.42857142857143
1614,2,2024-04-08 06:00:00+00:00,45.0,44.0,49.0,39.0,40.0,39.0,53.0,4,0,6,44.142857142857146
1615,2,2024-04-08 07:00:00+00:00,38.0,42.0,38.0,35.0,36.0,35.0,48.0,4,0,7,38.857142857142854
1616,2,2024-04-08 08:00:00+00:00,31.0,37.0,32.0,30.0,32.0,32.0,43.0,4,0,8,33.857142857142854
1617,2,2024-04-08 09:00:00+00:00,29.0,34.0,30.0,28.0,29.0,29.0,40.0,4,0,9,31.285714285714285
1618,2,2024-04-08 10:00:00+00:00,31.0,30.0,31.0,30.0,27.0,26.0,38.0,4,0,10,30.428571428571427
1619,2,2024-04-08 11:00:00+00:00,34.0,29.0,37.0,35.0,25.0,24.0,38.0,4,0,11,31.714285714285715
1620,2,2024-04-08 12:00:00+00:00,26.0,25.0,27.0,30.0,39.0,37.0,27.0,4,0,12,30.142857142857142
1621,2,2024-04-08 13:00:00+00:00,33.0,26.0,30.0,35.0,45.0,42.0,33.0,4,0,13,34.857142857142854
1622,2,2024-04-08 14:00:00+00:00,44.0,33.0,35.0,40.0,53.0,47.0,41.0,4,0,14,41.857142857142854
1623,2,2024-04-08 15:00:00+00:00,46.0,38.0,45.0,44.0,58.0,51.0,46.0,4,0,15,46.857142857142854
1624,2,2024-04-08 16:00:00+00:00,43.0,43.0,50.0,45.0,59.0,51.0,46.0,4,0,16,48.142857142857146
1625,2,2024-04-08 17:00:00+00:00,40.0,50.0,53.0,45.0,58.0,49.0,43.0,4,0,17,48.285714285714285
1626,2,2024-04-08 18:00:00+00:00,51.0,36.0,43.0,52.0,57.0,48.0,42.0,4,0,18,47.0
1627,2,2024-04-08 19:00:00+00:00,54.0,37.0,41.0,55.0,58.0,48.0,42.0,4,0,19,47.857142857142854
1628,2,2024-04-08 20:00:00+00:00,53.0,41.0,40.0,57.0,59.0,49.0,42.0,4,0,20,48.714285714285715
1629,2,2024-04-08 21:00:00+00:00,56.0,42.0,42.0,58.0,61.0,50.0,42.0,4,0,21,50.142857142857146
1630,2,2024-04-08 22:00:00+00:00,61.0,45.0,44.0,57.0,63.0,53.0,42.0,4,0,22,52.142857142857146
1631,2,2024-04-08 23:00:00+00:00,59.0,47.0,46.0,55.0,65.0,56.0,41.0,4,0,23,52.714285714285715
1632,2,2024-04-09 00:00:00+00:00,60.0,50.0,51.0,56.0,64.0,48.0,49.0,4,1,0,54.0
1633,2,2024-04-09 01:00:00+00:00,58.0,51.0,53.0,61.0,66.0,51.0,48.0,4,1,1,55.42857142857143
1634,2,2024-04-09 02:00:00+00:00,62.0,56.0,53.0,65.0,66.0,55.0,46.0,4,1,2,57.57142857142857
1635,2,2024-04-09 03:00:00+00:00,64.0,59.0,56.0,67.0,66.0,56.0,45.0,4,1,3,59.0
1636,2,2024-04-09 04:00:00+00:00,65.0,57.0,52.0,63.0,65.0,52.0,44.0,4,1,4,56.857142857142854
1637,2,2024-04-09 05:00:00+00:00,63.0,52.0,54.0,57.0,63.0,45.0,43.0,4,1,5,53.857142857142854
1638,2,2024-04-09 06:00:00+00:00,49.0,53.0,53.0,50.0,60.0,40.0,43.0,4,1,6,49.714285714285715
1639,2,2024-04-09 07:00:00+00:00,50.0,49.0,45.0,46.0,56.0,39.0,40.0,4,1,7,46.42857142857143
1640,2,2024-04-09 08:00:00+00:00,55.0,50.0,43.0,42.0,52.0,41.0,37.0,4,1,8,45.714285714285715
1641,2,2024-04-09 09:00:00+00:00,53.0,49.0,38.0,39.0,50.0,42.0,37.0,4,1,9,44.0
1642,2,2024-04-09 10:00:00+00:00,53.0,45.0,33.0,36.0,52.0,42.0,44.0,4,1,10,43.57142857142857
1643,2,2024-04-09 11:00:00+00:00,50.0,47.0,31.0,34.0,56.0,41.0,55.0,4,1,11,44.857142857142854
1644,2,2024-04-09 12:00:00+00:00,43.0,51.0,40.0,33.0,40.0,51.0,45.0,4,1,12,43.285714285714285
1645,2,2024-04-09 13:00:00+00:00,49.0,50.0,54.0,37.0,41.0,52.0,46.0,4,1,13,47.0
1646,2,2024-04-09 14:00:00+00:00,55.0,50.0,57.0,42.0,43.0,53.0,49.0,4,1,14,49.857142857142854
1647,2,2024-04-09 15:00:00+00:00,55.0,52.0,60.0,48.0,45.0,55.0,51.0,4,1,15,52.285714285714285
1648,2,2024-04-09 16:00:00+00:00,57.0,56.0,65.0,55.0,48.0,58.0,52.0,4,1,16,55.857142857142854
1649,2,2024-04-09 17:00:00+00:00,60.0,60.0,67.0,62.0,52.0,61.0,53.0,4,1,17,59.285714285714285
1650,2,2024-04-09 18:00:00+00:00,72.0,66.0,64.0,69.0,56.0,64.0,47.0,4,1,18,62.57142857142857
1651,2,2024-04-09 19:00:00+00:00,76.0,67.0,63.0,70.0,61.0,65.0,48.0,4,1,19,64.28571428571429
1652,2,2024-04-09 20:00:00+00:00,78.0,68.0,64.0,69.0,66.0,65.0,50.0,4,1,20,65.71428571428571
1653,2,2024-04-09 21:00:00+00:00,78.0,70.0,64.0,69.0,70.0,64.0,52.0,4,1,21,66.71428571428571
1654,2,2024-04-09 22:00:00+00:00,78.0,71.0,65.0,69.0,72.0,62.0,54.0,4,1,22,67.28571428571429
1655,2,2024-04-09 23:00:00+00:00,78.0,72.0,66.0,69.0,74.0,59.0,56.0,4,1,23,67.71428571428571
1656,2,2024-04-10 00:00:00+00:00,62.0,71.0,64.0,74.0,68.0,69.0,48.0,4,2,0,65.14285714285714
1657,2,2024-04-10 01:00:00+00:00,63.0,73.0,66.0,78.0,70.0,70.0,52.0,4,2,1,67.42857142857143
1658,2,2024-04-10 02:00:00+00:00,65.0,75.0,70.0,82.0,71.0,71.0,58.0,4,2,2,70.28571428571429
1659,2,2024-04-10 03:00:00+00:00,67.0,76.0,73.0,82.0,70.0,71.0,62.0,4,2,3,71.57142857142857
1660,2,2024-04-10 04:00:00+00:00,64.0,73.0,66.0,74.0,65.0,68.0,64.0,4,2,4,67.71428571428571
1661,2,2024-04-10 05:00:00+00:00,57.0,63.0,50.0,61.0,57.0,63.0,64.0,4,2,5,59.285714285714285
1662,2,2024-04-10 06:00:00+00:00,49.0,54.0,50.0,46.0,50.0,58.0,49.0,4,2,6,50.857142857142854
1663,2,2024-04-10 07:00:00+00:00,42.0,44.0,43.0,40.0,44.0,53.0,46.0,4,2,7,44.57142857142857
1664,2,2024-04-10 08:00:00+00:00,41.0,39.0,37.0,36.0,39.0,48.0,43.0,4,2,8,40.42857142857143
1665,2,2024-04-10 09:00:00+00:00,40.0,38.0,35.0,33.0,35.0,45.0,42.0,4,2,9,38.285714285714285
1666,2,2024-04-10 10:00:00+00:00,48.0,35.0,33.0,29.0,32.0,45.0,43.0,4,2,10,37.857142857142854
1667,2,2024-04-10 11:00:00+00:00,50.0,36.0,34.0,27.0,30.0,47.0,44.0,4,2,11,38.285714285714285
1668,2,2024-04-10 12:00:00+00:00,44.0,41.0,42.0,29.0,32.0,40.0,48.0,4,2,12,39.42857142857143
1669,2,2024-04-10 13:00:00+00:00,46.0,42.0,44.0,34.0,39.0,43.0,49.0,4,2,13,42.42857142857143
1670,2,2024-04-10 14:00:00+00:00,54.0,50.0,54.0,40.0,49.0,47.0,52.0,4,2,14,49.42857142857143
1671,2,2024-04-10 15:00:00+00:00,57.0,53.0,56.0,46.0,56.0,50.0,53.0,4,2,15,53.0
1672,2,2024-04-10 16:00:00+00:00,61.0,56.0,59.0,51.0,57.0,53.0,51.0,4,2,16,55.42857142857143
1673,2,2024-04-10 17:00:00+00:00,66.0,59.0,60.0,56.0,54.0,57.0,49.0,4,2,17,57.285714285714285
1674,2,2024-04-10 18:00:00+00:00,68.0,65.0,56.0,62.0,53.0,58.0,63.0,4,2,18,60.714285714285715
1675,2,2024-04-10 19:00:00+00:00,70.0,63.0,57.0,63.0,54.0,56.0,61.0,4,2,19,60.57142857142857
1676,2,2024-04-10 20:00:00+00:00,71.0,61.0,61.0,62.0,55.0,53.0,58.0,4,2,20,60.142857142857146
1677,2,2024-04-10 21:00:00+00:00,72.0,64.0,63.0,62.0,57.0,51.0,56.0,4,2,21,60.714285714285715
1678,2,2024-04-10 22:00:00+00:00,73.0,67.0,65.0,62.0,59.0,51.0,58.0,4,2,22,62.142857142857146
1679,2,2024-04-10 23:00:00+00:00,76.0,69.0,67.0,62.0,61.0,52.0,62.0,4,2,23,64.14285714285714
1680,2,2024-04-11 00:00:00+00:00,75.0,70.0,67.0,61.0,60.0,59.0,61.0,4,3,0,64.71428571428571
1681,2,2024-04-11 01:00:00+00:00,76.0,71.0,74.0,63.0,62.0,59.0,65.0,4,3,1,67.14285714285714
1682,2,2024-04-11 02:00:00+00:00,77.0,72.0,79.0,65.0,64.0,60.0,70.0,4,3,2,69.57142857142857
1683,2,2024-04-11 03:00:00+00:00,77.0,75.0,79.0,66.0,64.0,61.0,71.0,4,3,3,70.42857142857143
1684,2,2024-04-11 04:00:00+00:00,72.0,74.0,75.0,63.0,59.0,65.0,67.0,4,3,4,67.85714285714286
1685,2,2024-04-11 05:00:00+00:00,64.0,67.0,68.0,59.0,52.0,69.0,59.0,4,3,5,62.57142857142857
1686,2,2024-04-11 06:00:00+00:00,56.0,62.0,59.0,45.0,47.0,72.0,42.0,4,3,6,54.714285714285715
1687,2,2024-04-11 07:00:00+00:00,51.0,54.0,51.0,40.0,47.0,71.0,40.0,4,3,7,50.57142857142857
1688,2,2024-04-11 08:00:00+00:00,48.0,55.0,49.0,37.0,49.0,68.0,41.0,4,3,8,49.57142857142857
1689,2,2024-04-11 09:00:00+00:00,49.0,53.0,53.0,38.0,52.0,66.0,41.0,4,3,9,50.285714285714285
1690,2,2024-04-11 10:00:00+00:00,49.0,51.0,52.0,45.0,54.0,65.0,39.0,4,3,10,50.714285714285715
1691,2,2024-04-11 11:00:00+00:00,51.0,49.0,53.0,55.0,56.0,64.0,37.0,4,3,11,52.142857142857146
1692,2,2024-04-11 12:00:00+00:00,49.0,42.0,52.0,56.0,68.0,62.0,54.0,4,3,12,54.714285714285715
1693,2,2024-04-11 13:00:00+00:00,52.0,43.0,51.0,61.0,66.0,65.0,58.0,4,3,13,56.57142857142857
1694,2,2024-04-11 14:00:00+00:00,55.0,46.0,51.0,69.0,63.0,70.0,64.0,4,3,14,59.714285714285715
1695,2,2024-04-11 15:00:00+00:00,61.0,63.0,55.0,74.0,60.0,72.0,67.0,4,3,15,64.57142857142857
1696,2,2024-04-11 16:00:00+00:00,67.0,69.0,67.0,76.0,59.0,71.0,67.0,4,3,16,68.0
1697,2,2024-04-11 17:00:00+00:00,70.0,66.0,78.0,75.0,58.0,69.0,65.0,4,3,17,68.71428571428571
1698,2,2024-04-11 18:00:00+00:00,78.0,75.0,68.0,67.0,57.0,66.0,66.0,4,3,18,68.14285714285714
1699,2,2024-04-11 19:00:00+00:00,78.0,75.0,68.0,66.0,56.0,63.0,65.0,4,3,19,67.28571428571429
1700,2,2024-04-11 20:00:00+00:00,76.0,72.0,67.0,66.0,56.0,60.0,65.0,4,3,20,66.0
1701,2,2024-04-11 21:00:00+00:00,75.0,70.0,67.0,66.0,56.0,57.0,64.0,4,3,21,65.0
1702,2,2024-04-11 22:00:00+00:00,76.0,68.0,68.0,64.0,59.0,55.0,63.0,4,3,22,64.71428571428571
1703,2,2024-04-11 23:00:00+00:00,76.0,67.0,69.0,61.0,62.0,53.0,62.0,4,3,23,64.28571428571429
1704,2,2024-04-12 00:00:00+00:00,74.0,60.0,62.0,70.0,66.0,68.0,58.0,4,4,0,65.42857142857143
1705,2,2024-04-12 01:00:00+00:00,71.0,59.0,58.0,70.0,67.0,67.0,59.0,4,4,1,64.42857142857143
1706,2,2024-04-12 02:00:00+00:00,70.0,61.0,58.0,69.0,68.0,68.0,61.0,4,4,2,65.0
1707,2,2024-04-12 03:00:00+00:00,68.0,62.0,60.0,67.0,66.0,66.0,61.0,4,4,3,64.28571428571429
1708,2,2024-04-12 04:00:00+00:00,64.0,59.0,57.0,60.0,59.0,61.0,58.0,4,4,4,59.714285714285715
1709,2,2024-04-12 05:00:00+00:00,54.0,48.0,55.0,51.0,48.0,54.0,54.0,4,4,5,52.0
1710,2,2024-04-12 06:00:00+00:00,42.0,41.0,46.0,45.0,41.0,48.0,49.0,4,4,6,44.57142857142857
1711,2,2024-04-12 07:00:00+00:00,35.0,37.0,42.0,40.0,39.0,45.0,45.0,4,4,7,40.42857142857143
1712,2,2024-04-12 08:00:00+00:00,31.0,36.0,40.0,37.0,39.0,44.0,42.0,4,4,8,38.42857142857143
1713,2,2024-04-12 09:00:00+00:00,28.0,34.0,35.0,35.0,40.0,44.0,41.0,4,4,9,36.714285714285715
1714,2,2024-04-12 10:00:00+00:00,26.0,35.0,33.0,35.0,41.0,45.0,41.0,4,4,10,36.57142857142857
1715,2,2024-04-12 11:00:00+00:00,27.0,38.0,32.0,36.0,42.0,47.0,43.0,4,4,11,37.857142857142854
1716,2,2024-04-12 12:00:00+00:00,36.0,38.0,49.0,28.0,40.0,39.0,46.0,4,4,12,39.42857142857143
1717,2,2024-04-12 13:00:00+00:00,41.0,42.0,48.0,34.0,46.0,41.0,49.0,4,4,13,43.0
1718,2,2024-04-12 14:00:00+00:00,48.0,49.0,51.0,42.0,54.0,44.0,52.0,4,4,14,48.57142857142857
1719,2,2024-04-12 15:00:00+00:00,54.0,58.0,58.0,50.0,61.0,47.0,55.0,4,4,15,54.714285714285715
1720,2,2024-04-12 16:00:00+00:00,61.0,64.0,61.0,56.0,65.0,52.0,57.0,4,4,16,59.42857142857143
1721,2,2024-04-12 17:00:00+00:00,67.0,68.0,61.0,60.0,67.0,58.0,58.0,4,4,17,62.714285714285715
1722,2,2024-04-12 18:00:00+00:00,68.0,60.0,64.0,70.0,68.0,62.0,59.0,4,4,18,64.42857142857143
1723,2,2024-04-12 19:00:00+00:00,69.0,62.0,67.0,72.0,69.0,63.0,59.0,4,4,19,65.85714285714286
1724,2,2024-04-12 20:00:00+00:00,69.0,64.0,67.0,73.0,69.0,63.0,58.0,4,4,20,66.14285714285714
1725,2,2024-04-12 21:00:00+00:00,69.0,66.0,65.0,73.0,69.0,62.0,57.0,4,4,21,65.85714285714286
1726,2,2024-04-12 22:00:00+00:00,68.0,67.0,63.0,72.0,69.0,60.0,56.0,4,4,22,65.0
1727,2,2024-04-12 23:00:00+00:00,67.0,68.0,62.0,70.0,68.0,57.0,54.0,4,4,23,63.714285714285715
1728,2,2024-04-13 00:00:00+00:00,69.0,68.0,57.0,63.0,67.0,58.0,60.0,4,5,0,63.142857142857146
1729,2,2024-04-13 01:00:00+00:00,69.0,67.0,57.0,63.0,67.0,59.0,61.0,4,5,1,63.285714285714285
1730,2,2024-04-13 02:00:00+00:00,67.0,67.0,58.0,64.0,66.0,61.0,63.0,4,5,2,63.714285714285715
1731,2,2024-04-13 03:00:00+00:00,64.0,65.0,56.0,62.0,63.0,60.0,63.0,4,5,3,61.857142857142854
1732,2,2024-04-13 04:00:00+00:00,58.0,58.0,53.0,55.0,55.0,54.0,59.0,4,5,4,56.0
1733,2,2024-04-13 05:00:00+00:00,52.0,50.0,44.0,46.0,45.0,44.0,53.0,4,5,5,47.714285714285715
1734,2,2024-04-13 06:00:00+00:00,46.0,46.0,43.0,38.0,37.0,37.0,48.0,4,5,6,42.142857142857146
1735,2,2024-04-13 07:00:00+00:00,42.0,44.0,37.0,33.0,32.0,33.0,46.0,4,5,7,38.142857142857146
1736,2,2024-04-13 08:00:00+00:00,40.0,41.0,36.0,30.0,30.0,30.0,44.0,4,5,8,35.857142857142854
1737,2,2024-04-13 09:00:00+00:00,35.0,38.0,37.0,28.0,28.0,29.0,43.0,4,5,9,34.0
1738,2,2024-04-13 10:00:00+00:00,29.0,37.0,37.0,27.0,27.0,29.0,42.0,4,5,10,32.57142857142857
1739,2,2024-04-13 11:00:00+00:00,29.0,34.0,40.0,26.0,26.0,30.0,41.0,4,5,11,32.285714285714285
1740,2,2024-04-13 12:00:00+00:00,31.0,41.0,28.0,28.0,28.0,30.0,41.0,4,5,12,32.42857142857143
1741,2,2024-04-13 13:00:00+00:00,35.0,43.0,35.0,33.0,30.0,35.0,46.0,4,5,13,36.714285714285715
1742,2,2024-04-13 14:00:00+00:00,40.0,48.0,43.0,40.0,35.0,43.0,52.0,4,5,14,43.0
1743,2,2024-04-13 15:00:00+00:00,50.0,54.0,48.0,46.0,40.0,50.0,57.0,4,5,15,49.285714285714285
1744,2,2024-04-13 16:00:00+00:00,58.0,60.0,55.0,51.0,47.0,56.0,59.0,4,5,16,55.142857142857146
1745,2,2024-04-13 17:00:00+00:00,64.0,66.0,61.0,56.0,56.0,62.0,59.0,4,5,17,60.57142857142857
1746,2,2024-04-13 18:00:00+00:00,66.0,66.0,63.0,62.0,63.0,66.0,59.0,4,5,18,63.57142857142857
1747,2,2024-04-13 19:00:00+00:00,67.0,70.0,66.0,64.0,66.0,69.0,59.0,4,5,19,65.85714285714286
1748,2,2024-04-13 20:00:00+00:00,67.0,74.0,67.0,65.0,68.0,70.0,58.0,4,5,20,67.0
1749,2,2024-04-13 21:00:00+00:00,65.0,75.0,67.0,65.0,69.0,71.0,56.0,4,5,21,66.85714285714286
1750,2,2024-04-13 22:00:00+00:00,65.0,76.0,67.0,65.0,70.0,71.0,53.0,4,5,22,66.71428571428571
1751,2,2024-04-13 23:00:00+00:00,62.0,78.0,64.0,66.0,70.0,70.0,49.0,4,5,23,65.57142857142857
1752,2,2024-04-14 00:00:00+00:00,62.0,73.0,64.0,63.0,55.0,66.0,46.0,4,6,0,61.285714285714285
1753,2,2024-04-14 01:00:00+00:00,66.0,74.0,63.0,65.0,56.0,67.0,46.0,4,6,1,62.42857142857143
1754,2,2024-04-14 02:00:00+00:00,67.0,73.0,60.0,68.0,58.0,69.0,47.0,4,6,2,63.142857142857146
1755,2,2024-04-14 03:00:00+00:00,69.0,74.0,63.0,68.0,58.0,67.0,46.0,4,6,3,63.57142857142857
1756,2,2024-04-14 04:00:00+00:00,69.0,73.0,62.0,63.0,54.0,59.0,43.0,4,6,4,60.42857142857143
1757,2,2024-04-14 05:00:00+00:00,58.0,59.0,58.0,54.0,48.0,49.0,39.0,4,6,5,52.142857142857146
1758,2,2024-04-14 06:00:00+00:00,41.0,43.0,39.0,44.0,42.0,39.0,35.0,4,6,6,40.42857142857143
1759,2,2024-04-14 07:00:00+00:00,33.0,32.0,30.0,38.0,36.0,32.0,32.0,4,6,7,33.285714285714285
1760,2,2024-04-14 08:00:00+00:00,26.0,27.0,27.0,32.0,29.0,27.0,31.0,4,6,8,28.428571428571427
1761,2,2024-04-14 09:00:00+00:00,22.0,26.0,26.0,28.0,24.0,23.0,30.0,4,6,9,25.571428571428573
1762,2,2024-04-14 10:00:00+00:00,22.0,24.0,26.0,27.0,22.0,21.0,30.0,4,6,10,24.571428571428573
1763,2,2024-04-14 11:00:00+00:00,29.0,24.0,28.0,27.0,21.0,21.0,30.0,4,6,11,25.714285714285715
1764,2,2024-04-14 12:00:00+00:00,37.0,32.0,32.0,28.0,25.0,36.0,30.0,4,6,12,31.428571428571427
1765,2,2024-04-14 13:00:00+00:00,32.0,35.0,28.0,32.0,29.0,40.0,32.0,4,6,13,32.57142857142857
1766,2,2024-04-14 14:00:00+00:00,37.0,43.0,32.0,37.0,33.0,45.0,36.0,4,6,14,37.57142857142857
1767,2,2024-04-14 15:00:00+00:00,49.0,48.0,41.0,42.0,38.0,49.0,40.0,4,6,15,43.857142857142854
1768,2,2024-04-14 16:00:00+00:00,53.0,55.0,50.0,48.0,43.0,53.0,44.0,4,6,16,49.42857142857143
1769,2,2024-04-14 17:00:00+00:00,58.0,59.0,55.0,54.0,47.0,57.0,49.0,4,6,17,54.142857142857146
1770,2,2024-04-14 18:00:00+00:00,52.0,62.0,63.0,59.0,52.0,60.0,47.0,4,6,18,56.42857142857143
1771,2,2024-04-14 19:00:00+00:00,54.0,63.0,64.0,62.0,57.0,63.0,50.0,4,6,19,59.0
1772,2,2024-04-14 20:00:00+00:00,61.0,63.0,64.0,63.0,61.0,64.0,53.0,4,6,20,61.285714285714285
1773,2,2024-04-14 21:00:00+00:00,65.0,62.0,64.0,65.0,65.0,66.0,55.0,4,6,21,63.142857142857146
1774,2,2024-04-14 22:00:00+00:00,62.0,62.0,63.0,67.0,68.0,67.0,53.0,4,6,22,63.142857142857146
1775,2,2024-04-14 23:00:00+00:00,59.0,64.0,64.0,68.0,70.0,68.0,50.0,4,6,23,63.285714285714285
1776,2,2024-04-15 00:00:00+00:00,55.0,63.0,65.0,63.0,63.0,43.0,61.0,4,0,0,59.0
1777,2,2024-04-15 01:00:00+00:00,58.0,64.0,66.0,67.0,65.0,44.0,60.0,4,0,1,60.57142857142857
1778,2,2024-04-15 02:00:00+00:00,63.0,62.0,68.0,71.0,66.0,47.0,59.0,4,0,2,62.285714285714285
1779,2,2024-04-15 03:00:00+00:00,66.0,63.0,69.0,71.0,65.0,50.0,57.0,4,0,3,63.0
1780,2,2024-04-15 04:00:00+00:00,60.0,63.0,68.0,63.0,59.0,50.0,55.0,4,0,4,59.714285714285715
1781,2,2024-04-15 05:00:00+00:00,47.0,55.0,62.0,51.0,51.0,49.0,53.0,4,0,5,52.57142857142857
1782,2,2024-04-15 06:00:00+00:00,37.0,36.0,39.0,41.0,45.0,48.0,39.0,4,0,6,40.714285714285715
1783,2,2024-04-15 07:00:00+00:00,32.0,31.0,35.0,38.0,44.0,46.0,36.0,4,0,7,37.42857142857143
1784,2,2024-04-15 08:00:00+00:00,28.0,31.0,35.0,38.0,46.0,44.0,35.0,4,0,8,36.714285714285715
1785,2,2024-04-15 09:00:00+00:00,26.0,33.0,40.0,39.0,48.0,43.0,36.0,4,0,9,37.857142857142854
1786,2,2024-04-15 10:00:00+00:00,35.0,38.0,40.0,41.0,50.0,46.0,39.0,4,0,10,41.285714285714285
1787,2,2024-04-15 11:00:00+00:00,46.0,38.0,41.0,44.0,52.0,50.0,43.0,4,0,11,44.857142857142854
1788,2,2024-04-15 12:00:00+00:00,54.0,46.0,45.0,43.0,55.0,42.0,43.0,4,0,12,46.857142857142854
1789,2,2024-04-15 13:00:00+00:00,59.0,56.0,54.0,48.0,59.0,47.0,49.0,4,0,13,53.142857142857146
1790,2,2024-04-15 14:00:00+00:00,68.0,62.0,58.0,53.0,63.0,52.0,58.0,4,0,14,59.142857142857146
1791,2,2024-04-15 15:00:00+00:00,68.0,65.0,62.0,58.0,67.0,56.0,63.0,4,0,15,62.714285714285715
1792,2,2024-04-15 16:00:00+00:00,74.0,70.0,67.0,60.0,70.0,58.0,61.0,4,0,16,65.71428571428571
1793,2,2024-04-15 17:00:00+00:00,75.0,72.0,70.0,60.0,73.0,59.0,55.0,4,0,17,66.28571428571429
1794,2,2024-04-15 18:00:00+00:00,79.0,62.0,74.0,71.0,74.0,60.0,74.0,4,0,18,70.57142857142857
1795,2,2024-04-15 19:00:00+00:00,81.0,65.0,75.0,72.0,73.0,63.0,75.0,4,0,19,72.0
1796,2,2024-04-15 20:00:00+00:00,78.0,67.0,67.0,73.0,72.0,66.0,76.0,4,0,20,71.28571428571429
1797,2,2024-04-15 21:00:00+00:00,80.0,75.0,72.0,74.0,71.0,68.0,77.0,4,0,21,73.85714285714286
1798,2,2024-04-15 22:00:00+00:00,81.0,78.0,73.0,74.0,73.0,69.0,78.0,4,0,22,75.14285714285714
1799,2,2024-04-15 23:00:00+00:00,80.0,79.0,79.0,73.0,75.0,70.0,79.0,4,0,23,76.42857142857143
1800,2,2024-04-16 00:00:00+00:00,80.0,81.0,76.0,73.0,74.0,78.0,83.0,4,1,0,77.85714285714286
1801,2,2024-04-16 01:00:00+00:00,81.0,83.0,74.0,74.0,75.0,78.0,83.0,4,1,1,78.28571428571429
1802,2,2024-04-16 02:00:00+00:00,82.0,82.0,76.0,76.0,76.0,77.0,82.0,4,1,2,78.71428571428571
1803,2,2024-04-16 03:00:00+00:00,80.0,84.0,77.0,77.0,76.0,75.0,81.0,4,1,3,78.57142857142857
1804,2,2024-04-16 04:00:00+00:00,81.0,87.0,77.0,77.0,72.0,72.0,80.0,4,1,4,78.0
1805,2,2024-04-16 05:00:00+00:00,81.0,87.0,77.0,75.0,66.0,67.0,78.0,4,1,5,75.85714285714286
1806,2,2024-04-16 06:00:00+00:00,79.0,78.0,79.0,78.0,62.0,64.0,81.0,4,1,6,74.42857142857143
1807,2,2024-04-16 07:00:00+00:00,75.0,74.0,72.0,76.0,64.0,63.0,80.0,4,1,7,72.0
1808,2,2024-04-16 08:00:00+00:00,78.0,75.0,78.0,73.0,68.0,63.0,79.0,4,1,8,73.42857142857143
1809,2,2024-04-16 09:00:00+00:00,74.0,74.0,79.0,71.0,70.0,63.0,79.0,4,1,9,72.85714285714286
1810,2,2024-04-16 10:00:00+00:00,78.0,75.0,79.0,71.0,68.0,62.0,79.0,4,1,10,73.14285714285714
1811,2,2024-04-16 11:00:00+00:00,74.0,72.0,78.0,71.0,65.0,61.0,79.0,4,1,11,71.42857142857143
1812,2,2024-04-16 12:00:00+00:00,72.0,67.0,72.0,73.0,67.0,78.0,72.0,4,1,12,71.57142857142857
1813,2,2024-04-16 13:00:00+00:00,75.0,75.0,72.0,75.0,67.0,77.0,75.0,4,1,13,73.71428571428571
1814,2,2024-04-16 14:00:00+00:00,76.0,68.0,70.0,76.0,67.0,75.0,79.0,4,1,14,73.0
1815,2,2024-04-16 15:00:00+00:00,76.0,69.0,73.0,77.0,67.0,74.0,81.0,4,1,15,73.85714285714286
1816,2,2024-04-16 16:00:00+00:00,75.0,69.0,73.0,78.0,68.0,75.0,81.0,4,1,16,74.14285714285714
1817,2,2024-04-16 17:00:00+00:00,74.0,73.0,75.0,79.0,70.0,76.0,79.0,4,1,17,75.14285714285714
1818,2,2024-04-16 18:00:00+00:00,74.0,75.0,77.0,83.0,72.0,78.0,68.0,4,1,18,75.28571428571429
1819,2,2024-04-16 19:00:00+00:00,73.0,75.0,73.0,82.0,75.0,79.0,70.0,4,1,19,75.28571428571429
1820,2,2024-04-16 20:00:00+00:00,76.0,74.0,75.0,80.0,77.0,80.0,75.0,4,1,20,76.71428571428571
1821,2,2024-04-16 21:00:00+00:00,79.0,77.0,76.0,79.0,79.0,81.0,78.0,4,1,21,78.42857142857143
1822,2,2024-04-16 22:00:00+00:00,79.0,80.0,75.0,78.0,79.0,80.0,78.0,4,1,22,78.42857142857143
1823,2,2024-04-16 23:00:00+00:00,80.0,83.0,78.0,78.0,77.0,79.0,77.0,4,1,23,78.85714285714286
1824,2,2024-04-17 00:00:00+00:00,79.0,81.0,82.0,79.0,75.0,75.0,78.0,4,2,0,78.42857142857143
1825,2,2024-04-17 01:00:00+00:00,83.0,80.0,81.0,79.0,74.0,77.0,78.0,4,2,1,78.85714285714286
1826,2,2024-04-17 02:00:00+00:00,79.0,82.0,79.0,80.0,73.0,78.0,77.0,4,2,2,78.28571428571429
1827,2,2024-04-17 03:00:00+00:00,74.0,81.0,79.0,78.0,71.0,76.0,75.0,4,2,3,76.28571428571429
1828,2,2024-04-17 04:00:00+00:00,68.0,75.0,74.0,73.0,67.0,68.0,70.0,4,2,4,70.71428571428571
1829,2,2024-04-17 05:00:00+00:00,64.0,67.0,66.0,67.0,62.0,56.0,63.0,4,2,5,63.57142857142857
1830,2,2024-04-17 06:00:00+00:00,53.0,59.0,59.0,63.0,57.0,47.0,59.0,4,2,6,56.714285714285715
1831,2,2024-04-17 07:00:00+00:00,50.0,53.0,53.0,57.0,54.0,41.0,55.0,4,2,7,51.857142857142854
1832,2,2024-04-17 08:00:00+00:00,46.0,49.0,48.0,51.0,52.0,37.0,51.0,4,2,8,47.714285714285715
1833,2,2024-04-17 09:00:00+00:00,42.0,46.0,45.0,47.0,50.0,36.0,48.0,4,2,9,44.857142857142854
1834,2,2024-04-17 10:00:00+00:00,39.0,44.0,41.0,45.0,47.0,38.0,47.0,4,2,10,43.0
1835,2,2024-04-17 11:00:00+00:00,38.0,43.0,37.0,44.0,43.0,42.0,47.0,4,2,11,42.0
1836,2,2024-04-17 12:00:00+00:00,41.0,42.0,39.0,54.0,42.0,53.0,40.0,4,2,12,44.42857142857143
1837,2,2024-04-17 13:00:00+00:00,43.0,42.0,39.0,55.0,44.0,53.0,41.0,4,2,13,45.285714285714285
1838,2,2024-04-17 14:00:00+00:00,47.0,43.0,41.0,58.0,47.0,53.0,44.0,4,2,14,47.57142857142857
1839,2,2024-04-17 15:00:00+00:00,51.0,46.0,45.0,61.0,50.0,54.0,47.0,4,2,15,50.57142857142857
1840,2,2024-04-17 16:00:00+00:00,60.0,53.0,56.0,66.0,53.0,59.0,49.0,4,2,16,56.57142857142857
1841,2,2024-04-17 17:00:00+00:00,66.0,60.0,64.0,71.0,56.0,65.0,51.0,4,2,17,61.857142857142854
1842,2,2024-04-17 18:00:00+00:00,74.0,63.0,72.0,71.0,59.0,70.0,48.0,4,2,18,65.28571428571429
1843,2,2024-04-17 19:00:00+00:00,75.0,65.0,74.0,75.0,62.0,73.0,48.0,4,2,19,67.42857142857143
1844,2,2024-04-17 20:00:00+00:00,76.0,64.0,75.0,78.0,66.0,75.0,47.0,4,2,20,68.71428571428571
1845,2,2024-04-17 21:00:00+00:00,79.0,68.0,76.0,81.0,69.0,76.0,47.0,4,2,21,70.85714285714286
1846,2,2024-04-17 22:00:00+00:00,77.0,71.0,77.0,83.0,73.0,77.0,50.0,4,2,22,72.57142857142857
1847,2,2024-04-17 23:00:00+00:00,75.0,73.0,80.0,84.0,76.0,78.0,53.0,4,2,23,74.14285714285714
1848,2,2024-04-18 00:00:00+00:00,76.0,75.0,77.0,86.0,89.0,81.0,68.0,4,3,0,78.85714285714286
1849,2,2024-04-18 01:00:00+00:00,78.0,77.0,79.0,89.0,91.0,83.0,66.0,4,3,1,80.42857142857143
1850,2,2024-04-18 02:00:00+00:00,79.0,78.0,80.0,91.0,92.0,85.0,65.0,4,3,2,81.42857142857143
1851,2,2024-04-18 03:00:00+00:00,78.0,76.0,80.0,90.0,88.0,84.0,62.0,4,3,3,79.71428571428571
1852,2,2024-04-18 04:00:00+00:00,72.0,67.0,74.0,82.0,73.0,76.0,58.0,4,3,4,71.71428571428571
1853,2,2024-04-18 05:00:00+00:00,56.0,55.0,59.0,69.0,53.0,65.0,54.0,4,3,5,58.714285714285715
1854,2,2024-04-18 06:00:00+00:00,49.0,50.0,52.0,59.0,38.0,56.0,44.0,4,3,6,49.714285714285715
1855,2,2024-04-18 07:00:00+00:00,47.0,46.0,46.0,52.0,33.0,51.0,41.0,4,3,7,45.142857142857146
1856,2,2024-04-18 08:00:00+00:00,43.0,43.0,44.0,46.0,33.0,47.0,39.0,4,3,8,42.142857142857146
1857,2,2024-04-18 09:00:00+00:00,42.0,43.0,38.0,42.0,34.0,44.0,37.0,4,3,9,40.0
1858,2,2024-04-18 10:00:00+00:00,38.0,41.0,36.0,39.0,34.0,40.0,36.0,4,3,10,37.714285714285715
1859,2,2024-04-18 11:00:00+00:00,39.0,40.0,33.0,37.0,36.0,36.0,36.0,4,3,11,36.714285714285715
1860,2,2024-04-18 12:00:00+00:00,39.0,41.0,40.0,47.0,35.0,32.0,35.0,4,3,12,38.42857142857143
1861,2,2024-04-18 13:00:00+00:00,43.0,45.0,43.0,51.0,37.0,36.0,40.0,4,3,13,42.142857142857146
1862,2,2024-04-18 14:00:00+00:00,49.0,46.0,49.0,56.0,42.0,41.0,46.0,4,3,14,47.0
1863,2,2024-04-18 15:00:00+00:00,59.0,56.0,58.0,60.0,48.0,46.0,51.0,4,3,15,54.0
1864,2,2024-04-18 16:00:00+00:00,69.0,62.0,68.0,64.0,55.0,50.0,53.0,4,3,16,60.142857142857146
1865,2,2024-04-18 17:00:00+00:00,73.0,66.0,71.0,67.0,63.0,53.0,53.0,4,3,17,63.714285714285715
1866,2,2024-04-18 18:00:00+00:00,77.0,68.0,68.0,72.0,69.0,55.0,42.0,4,3,18,64.42857142857143
1867,2,2024-04-18 19:00:00+00:00,78.0,69.0,70.0,74.0,71.0,56.0,43.0,4,3,19,65.85714285714286
1868,2,2024-04-18 20:00:00+00:00,77.0,69.0,71.0,75.0,71.0,55.0,45.0,4,3,20,66.14285714285714
1869,2,2024-04-18 21:00:00+00:00,75.0,70.0,69.0,76.0,72.0,56.0,46.0,4,3,21,66.28571428571429
1870,2,2024-04-18 22:00:00+00:00,76.0,74.0,71.0,78.0,74.0,59.0,46.0,4,3,22,68.28571428571429
1871,2,2024-04-18 23:00:00+00:00,78.0,76.0,74.0,81.0,76.0,64.0,45.0,4,3,23,70.57142857142857
1872,2,2024-04-19 00:00:00+00:00,75.0,84.0,85.0,77.0,76.0,87.0,49.0,4,4,0,76.14285714285714
1873,2,2024-04-19 01:00:00+00:00,78.0,87.0,88.0,80.0,80.0,90.0,49.0,4,4,1,78.85714285714286
1874,2,2024-04-19 02:00:00+00:00,83.0,88.0,88.0,83.0,84.0,93.0,48.0,4,4,2,81.0
1875,2,2024-04-19 03:00:00+00:00,84.0,89.0,86.0,81.0,83.0,91.0,46.0,4,4,3,80.0
1876,2,2024-04-19 04:00:00+00:00,81.0,84.0,85.0,70.0,73.0,81.0,43.0,4,4,4,73.85714285714286
1877,2,2024-04-19 05:00:00+00:00,69.0,71.0,70.0,55.0,57.0,67.0,39.0,4,4,5,61.142857142857146
1878,2,2024-04-19 06:00:00+00:00,52.0,58.0,55.0,49.0,45.0,54.0,37.0,4,4,6,50.0
1879,2,2024-04-19 07:00:00+00:00,43.0,48.0,48.0,41.0,39.0,43.0,34.0,4,4,7,42.285714285714285
1880,2,2024-04-19 08:00:00+00:00,39.0,39.0,39.0,34.0,35.0,33.0,32.0,4,4,8,35.857142857142854
1881,2,2024-04-19 09:00:00+00:00,38.0,34.0,35.0,30.0,32.0,28.0,30.0,4,4,9,32.42857142857143
1882,2,2024-04-19 10:00:00+00:00,33.0,31.0,31.0,31.0,26.0,30.0,28.0,4,4,10,30.0
1883,2,2024-04-19 11:00:00+00:00,29.0,34.0,29.0,35.0,20.0,36.0,27.0,4,4,11,30.0
1884,2,2024-04-19 12:00:00+00:00,38.0,26.0,31.0,32.0,35.0,23.0,27.0,4,4,12,30.285714285714285
1885,2,2024-04-19 13:00:00+00:00,48.0,46.0,44.0,37.0,38.0,30.0,30.0,4,4,13,39.0
1886,2,2024-04-19 14:00:00+00:00,49.0,53.0,44.0,44.0,42.0,41.0,34.0,4,4,14,43.857142857142854
1887,2,2024-04-19 15:00:00+00:00,49.0,51.0,53.0,51.0,45.0,50.0,38.0,4,4,15,48.142857142857146
1888,2,2024-04-19 16:00:00+00:00,57.0,57.0,60.0,57.0,47.0,54.0,39.0,4,4,16,53.0
1889,2,2024-04-19 17:00:00+00:00,59.0,61.0,66.0,62.0,49.0,55.0,38.0,4,4,17,55.714285714285715
1890,2,2024-04-19 18:00:00+00:00,66.0,71.0,70.0,57.0,52.0,57.0,42.0,4,4,18,59.285714285714285
1891,2,2024-04-19 19:00:00+00:00,68.0,71.0,72.0,60.0,55.0,60.0,42.0,4,4,19,61.142857142857146
1892,2,2024-04-19 20:00:00+00:00,67.0,70.0,68.0,63.0,59.0,63.0,42.0,4,4,20,61.714285714285715
1893,2,2024-04-19 21:00:00+00:00,66.0,68.0,66.0,67.0,63.0,66.0,43.0,4,4,21,62.714285714285715
1894,2,2024-04-19 22:00:00+00:00,65.0,68.0,67.0,71.0,67.0,71.0,46.0,4,4,22,65.0
1895,2,2024-04-19 23:00:00+00:00,66.0,69.0,68.0,74.0,71.0,77.0,51.0,4,4,23,68.0
1896,2,2024-04-20 00:00:00+00:00,69.0,68.0,76.0,70.0,64.0,71.0,53.0,4,5,0,67.28571428571429
1897,2,2024-04-20 01:00:00+00:00,70.0,70.0,78.0,73.0,67.0,73.0,53.0,4,5,1,69.14285714285714
1898,2,2024-04-20 02:00:00+00:00,74.0,72.0,80.0,76.0,72.0,76.0,53.0,4,5,2,71.85714285714286
1899,2,2024-04-20 03:00:00+00:00,78.0,72.0,80.0,76.0,72.0,75.0,51.0,4,5,3,72.0
1900,2,2024-04-20 04:00:00+00:00,75.0,68.0,77.0,70.0,65.0,66.0,46.0,4,5,4,66.71428571428571
1901,2,2024-04-20 05:00:00+00:00,64.0,57.0,64.0,60.0,53.0,53.0,40.0,4,5,5,55.857142857142854
1902,2,2024-04-20 06:00:00+00:00,52.0,47.0,51.0,51.0,43.0,42.0,35.0,4,5,6,45.857142857142854
1903,2,2024-04-20 07:00:00+00:00,44.0,42.0,46.0,43.0,35.0,36.0,33.0,4,5,7,39.857142857142854
1904,2,2024-04-20 08:00:00+00:00,38.0,36.0,41.0,35.0,27.0,32.0,33.0,4,5,8,34.57142857142857
1905,2,2024-04-20 09:00:00+00:00,35.0,32.0,36.0,31.0,23.0,29.0,32.0,4,5,9,31.142857142857142
1906,2,2024-04-20 10:00:00+00:00,34.0,32.0,36.0,32.0,23.0,24.0,29.0,4,5,10,30.0
1907,2,2024-04-20 11:00:00+00:00,34.0,36.0,34.0,36.0,26.0,19.0,25.0,4,5,11,30.0
1908,2,2024-04-20 12:00:00+00:00,27.0,42.0,33.0,42.0,35.0,26.0,27.0,4,5,12,33.142857142857146
1909,2,2024-04-20 13:00:00+00:00,36.0,35.0,42.0,45.0,40.0,30.0,36.0,4,5,13,37.714285714285715
1910,2,2024-04-20 14:00:00+00:00,38.0,40.0,51.0,49.0,46.0,36.0,49.0,4,5,14,44.142857142857146
1911,2,2024-04-20 15:00:00+00:00,43.0,47.0,55.0,54.0,52.0,43.0,58.0,4,5,15,50.285714285714285
1912,2,2024-04-20 16:00:00+00:00,50.0,58.0,60.0,60.0,58.0,52.0,61.0,4,5,16,57.0
1913,2,2024-04-20 17:00:00+00:00,60.0,62.0,61.0,66.0,64.0,63.0,60.0,4,5,17,62.285714285714285
1914,2,2024-04-20 18:00:00+00:00,62.0,65.0,68.0,70.0,68.0,69.0,57.0,4,5,18,65.57142857142857
1915,2,2024-04-20 19:00:00+00:00,63.0,65.0,67.0,71.0,69.0,68.0,57.0,4,5,19,65.71428571428571
1916,2,2024-04-20 20:00:00+00:00,65.0,66.0,66.0,70.0,68.0,64.0,56.0,4,5,20,65.0
1917,2,2024-04-20 21:00:00+00:00,68.0,67.0,67.0,70.0,67.0,61.0,55.0,4,5,21,65.0
1918,2,2024-04-20 22:00:00+00:00,67.0,67.0,69.0,71.0,68.0,61.0,55.0,4,5,22,65.42857142857143
1919,2,2024-04-20 23:00:00+00:00,67.0,67.0,70.0,72.0,70.0,62.0,54.0,4,5,23,66.0
1920,2,2024-04-21 00:00:00+00:00,68.0,69.0,70.0,72.0,71.0,61.0,52.0,4,6,0,66.14285714285714
1921,2,2024-04-21 01:00:00+00:00,69.0,70.0,69.0,75.0,72.0,63.0,52.0,4,6,1,67.14285714285714
1922,2,2024-04-21 02:00:00+00:00,68.0,71.0,66.0,78.0,74.0,66.0,52.0,4,6,2,67.85714285714286
1923,2,2024-04-21 03:00:00+00:00,68.0,69.0,65.0,77.0,72.0,65.0,50.0,4,6,3,66.57142857142857
1924,2,2024-04-21 04:00:00+00:00,65.0,65.0,59.0,70.0,65.0,59.0,45.0,4,6,4,61.142857142857146
1925,2,2024-04-21 05:00:00+00:00,58.0,55.0,48.0,59.0,55.0,50.0,39.0,4,6,5,52.0
1926,2,2024-04-21 06:00:00+00:00,49.0,48.0,42.0,48.0,47.0,42.0,41.0,4,6,6,45.285714285714285
1927,2,2024-04-21 07:00:00+00:00,47.0,42.0,36.0,42.0,42.0,36.0,37.0,4,6,7,40.285714285714285
1928,2,2024-04-21 08:00:00+00:00,43.0,40.0,34.0,38.0,39.0,32.0,34.0,4,6,8,37.142857142857146
1929,2,2024-04-21 09:00:00+00:00,36.0,37.0,41.0,36.0,37.0,29.0,32.0,4,6,9,35.42857142857143
1930,2,2024-04-21 10:00:00+00:00,28.0,41.0,43.0,38.0,36.0,28.0,31.0,4,6,10,35.0
1931,2,2024-04-21 11:00:00+00:00,30.0,40.0,44.0,42.0,36.0,29.0,30.0,4,6,11,35.857142857142854
1932,2,2024-04-21 12:00:00+00:00,45.0,45.0,42.0,51.0,43.0,42.0,32.0,4,6,12,42.857142857142854
1933,2,2024-04-21 13:00:00+00:00,44.0,59.0,58.0,54.0,48.0,46.0,35.0,4,6,13,49.142857142857146
1934,2,2024-04-21 14:00:00+00:00,47.0,52.0,58.0,55.0,54.0,50.0,39.0,4,6,14,50.714285714285715
1935,2,2024-04-21 15:00:00+00:00,52.0,50.0,56.0,55.0,58.0,53.0,43.0,4,6,15,52.42857142857143
1936,2,2024-04-21 16:00:00+00:00,65.0,53.0,54.0,55.0,58.0,53.0,48.0,4,6,16,55.142857142857146
1937,2,2024-04-21 17:00:00+00:00,63.0,56.0,50.0,54.0,57.0,51.0,53.0,4,6,17,54.857142857142854
1938,2,2024-04-21 18:00:00+00:00,54.0,57.0,53.0,54.0,56.0,50.0,46.0,4,6,18,52.857142857142854
1939,2,2024-04-21 19:00:00+00:00,57.0,59.0,53.0,54.0,56.0,51.0,46.0,4,6,19,53.714285714285715
1940,2,2024-04-21 20:00:00+00:00,57.0,62.0,53.0,54.0,56.0,53.0,48.0,4,6,20,54.714285714285715
1941,2,2024-04-21 21:00:00+00:00,57.0,64.0,53.0,54.0,57.0,55.0,49.0,4,6,21,55.57142857142857
1942,2,2024-04-21 22:00:00+00:00,57.0,66.0,52.0,54.0,58.0,58.0,50.0,4,6,22,56.42857142857143
1943,2,2024-04-21 23:00:00+00:00,58.0,67.0,52.0,53.0,59.0,63.0,50.0,4,6,23,57.42857142857143
1944,2,2024-04-22 00:00:00+00:00,60.0,60.0,60.0,57.0,66.0,58.0,52.0,4,0,0,59.0
1945,2,2024-04-22 01:00:00+00:00,61.0,61.0,63.0,60.0,69.0,59.0,53.0,4,0,1,60.857142857142854
1946,2,2024-04-22 02:00:00+00:00,63.0,63.0,64.0,63.0,72.0,61.0,53.0,4,0,2,62.714285714285715
1947,2,2024-04-22 03:00:00+00:00,64.0,63.0,65.0,63.0,72.0,60.0,51.0,4,0,3,62.57142857142857
1948,2,2024-04-22 04:00:00+00:00,61.0,57.0,59.0,59.0,66.0,56.0,45.0,4,0,4,57.57142857142857
1949,2,2024-04-22 05:00:00+00:00,56.0,51.0,50.0,54.0,56.0,50.0,38.0,4,0,5,50.714285714285715
1950,2,2024-04-22 06:00:00+00:00,50.0,49.0,55.0,53.0,48.0,46.0,31.0,4,0,6,47.42857142857143
1951,2,2024-04-22 07:00:00+00:00,44.0,47.0,48.0,48.0,42.0,47.0,29.0,4,0,7,43.57142857142857
1952,2,2024-04-22 08:00:00+00:00,40.0,44.0,38.0,41.0,36.0,50.0,30.0,4,0,8,39.857142857142854
1953,2,2024-04-22 09:00:00+00:00,36.0,39.0,34.0,37.0,33.0,52.0,30.0,4,0,9,37.285714285714285
1954,2,2024-04-22 10:00:00+00:00,31.0,29.0,29.0,37.0,32.0,52.0,28.0,4,0,10,34.0
1955,2,2024-04-22 11:00:00+00:00,26.0,24.0,26.0,39.0,32.0,51.0,26.0,4,0,11,32.0
1956,2,2024-04-22 12:00:00+00:00,25.0,24.0,27.0,29.0,54.0,46.0,38.0,4,0,12,34.714285714285715
1957,2,2024-04-22 13:00:00+00:00,26.0,24.0,39.0,33.0,54.0,48.0,42.0,4,0,13,38.0
1958,2,2024-04-22 14:00:00+00:00,29.0,28.0,45.0,38.0,52.0,50.0,47.0,4,0,14,41.285714285714285
1959,2,2024-04-22 15:00:00+00:00,39.0,39.0,50.0,43.0,52.0,52.0,50.0,4,0,15,46.42857142857143
1960,2,2024-04-22 16:00:00+00:00,47.0,51.0,56.0,47.0,55.0,54.0,50.0,4,0,16,51.42857142857143
1961,2,2024-04-22 17:00:00+00:00,54.0,57.0,59.0,52.0,60.0,55.0,47.0,4,0,17,54.857142857142854
1962,2,2024-04-22 18:00:00+00:00,58.0,61.0,75.0,70.0,65.0,57.0,66.0,4,0,18,64.57142857142857
1963,2,2024-04-22 19:00:00+00:00,62.0,64.0,84.0,73.0,70.0,59.0,65.0,4,0,19,68.14285714285714
1964,2,2024-04-22 20:00:00+00:00,78.0,75.0,88.0,75.0,75.0,62.0,62.0,4,0,20,73.57142857142857
1965,2,2024-04-22 21:00:00+00:00,86.0,75.0,87.0,75.0,78.0,65.0,59.0,4,0,21,75.0
1966,2,2024-04-22 22:00:00+00:00,84.0,86.0,85.0,73.0,79.0,70.0,56.0,4,0,22,76.14285714285714
1967,2,2024-04-22 23:00:00+00:00,83.0,85.0,83.0,70.0,78.0,77.0,53.0,4,0,23,75.57142857142857
1968,2,2024-04-23 00:00:00+00:00,85.0,83.0,83.0,82.0,87.0,74.0,64.0,4,1,0,79.71428571428571
1969,2,2024-04-23 01:00:00+00:00,83.0,81.0,90.0,80.0,86.0,76.0,63.0,4,1,1,79.85714285714286
1970,2,2024-04-23 02:00:00+00:00,79.0,77.0,87.0,77.0,85.0,75.0,60.0,4,1,2,77.14285714285714
1971,2,2024-04-23 03:00:00+00:00,73.0,74.0,84.0,73.0,82.0,72.0,56.0,4,1,3,73.42857142857143
1972,2,2024-04-23 04:00:00+00:00,66.0,71.0,79.0,68.0,78.0,63.0,52.0,4,1,4,68.14285714285714
1973,2,2024-04-23 05:00:00+00:00,61.0,69.0,71.0,62.0,73.0,50.0,47.0,4,1,5,61.857142857142854
1974,2,2024-04-23 06:00:00+00:00,60.0,55.0,63.0,61.0,69.0,40.0,45.0,4,1,6,56.142857142857146
1975,2,2024-04-23 07:00:00+00:00,53.0,51.0,54.0,56.0,65.0,37.0,44.0,4,1,7,51.42857142857143
1976,2,2024-04-23 08:00:00+00:00,46.0,47.0,49.0,51.0,62.0,36.0,44.0,4,1,8,47.857142857142854
1977,2,2024-04-23 09:00:00+00:00,44.0,43.0,49.0,48.0,58.0,36.0,44.0,4,1,9,46.0
1978,2,2024-04-23 10:00:00+00:00,40.0,38.0,47.0,47.0,53.0,34.0,43.0,4,1,10,43.142857142857146
1979,2,2024-04-23 11:00:00+00:00,37.0,38.0,44.0,46.0,48.0,32.0,43.0,4,1,11,41.142857142857146
1980,2,2024-04-23 12:00:00+00:00,35.0,37.0,41.0,36.0,41.0,50.0,42.0,4,1,12,40.285714285714285
1981,2,2024-04-23 13:00:00+00:00,36.0,37.0,41.0,37.0,44.0,50.0,43.0,4,1,13,41.142857142857146
1982,2,2024-04-23 14:00:00+00:00,39.0,40.0,41.0,40.0,47.0,50.0,44.0,4,1,14,43.0
1983,2,2024-04-23 15:00:00+00:00,45.0,44.0,42.0,43.0,52.0,51.0,46.0,4,1,15,46.142857142857146
1984,2,2024-04-23 16:00:00+00:00,53.0,51.0,47.0,48.0,58.0,53.0,48.0,4,1,16,51.142857142857146
1985,2,2024-04-23 17:00:00+00:00,59.0,55.0,52.0,53.0,65.0,55.0,51.0,4,1,17,55.714285714285715
1986,2,2024-04-23 18:00:00+00:00,60.0,59.0,58.0,57.0,70.0,59.0,59.0,4,1,18,60.285714285714285
1987,2,2024-04-23 19:00:00+00:00,61.0,59.0,60.0,59.0,73.0,65.0,58.0,4,1,19,62.142857142857146
1988,2,2024-04-23 20:00:00+00:00,60.0,57.0,59.0,59.0,76.0,72.0,57.0,4,1,20,62.857142857142854
1989,2,2024-04-23 21:00:00+00:00,58.0,54.0,54.0,58.0,76.0,77.0,56.0,4,1,21,61.857142857142854
1990,2,2024-04-23 22:00:00+00:00,59.0,54.0,51.0,54.0,74.0,78.0,55.0,4,1,22,60.714285714285715
1991,2,2024-04-23 23:00:00+00:00,57.0,54.0,47.0,49.0,70.0,77.0,53.0,4,1,23,58.142857142857146
1992,2,2024-04-24 00:00:00+00:00,52.0,49.0,47.0,43.0,45.0,74.0,53.0,4,2,0,51.857142857142854
1993,2,2024-04-24 01:00:00+00:00,48.0,46.0,45.0,41.0,42.0,73.0,53.0,4,2,1,49.714285714285715
1994,2,2024-04-24 02:00:00+00:00,43.0,43.0,41.0,39.0,40.0,71.0,53.0,4,2,2,47.142857142857146
1995,2,2024-04-24 03:00:00+00:00,39.0,39.0,39.0,36.0,37.0,66.0,51.0,4,2,3,43.857142857142854
1996,2,2024-04-24 04:00:00+00:00,35.0,35.0,35.0,32.0,34.0,54.0,46.0,4,2,4,38.714285714285715
1997,2,2024-04-24 05:00:00+00:00,29.0,28.0,29.0,28.0,30.0,37.0,40.0,4,2,5,31.571428571428573
1998,2,2024-04-24 06:00:00+00:00,26.0,26.0,24.0,26.0,27.0,25.0,32.0,4,2,6,26.571428571428573
1999,2,2024-04-24 07:00:00+00:00,22.0,23.0,21.0,23.0,25.0,20.0,29.0,4,2,7,23.285714285714285
2000,2,2024-04-24 08:00:00+00:00,20.0,21.0,20.0,20.0,23.0,18.0,28.0,4,2,8,21.428571428571427
2001,2,2024-04-24 09:00:00+00:00,20.0,20.0,20.0,19.0,23.0,18.0,28.0,4,2,9,21.142857142857142
2002,2,2024-04-24 10:00:00+00:00,20.0,21.0,20.0,18.0,26.0,17.0,29.0,4,2,10,21.571428571428573
2003,2,2024-04-24 11:00:00+00:00,19.0,21.0,20.0,19.0,31.0,17.0,30.0,4,2,11,22.428571428571427
2004,2,2024-04-24 12:00:00+00:00,25.0,25.0,22.0,24.0,23.0,23.0,36.0,4,2,12,25.428571428571427
2005,2,2024-04-24 13:00:00+00:00,28.0,28.0,28.0,29.0,30.0,29.0,41.0,4,2,13,30.428571428571427
2006,2,2024-04-24 14:00:00+00:00,32.0,31.0,33.0,35.0,40.0,37.0,47.0,4,2,14,36.42857142857143
2007,2,2024-04-24 15:00:00+00:00,39.0,38.0,36.0,40.0,48.0,45.0,51.0,4,2,15,42.42857142857143
2008,2,2024-04-24 16:00:00+00:00,48.0,45.0,45.0,43.0,54.0,55.0,53.0,4,2,16,49.0
2009,2,2024-04-24 17:00:00+00:00,53.0,47.0,47.0,46.0,59.0,65.0,54.0,4,2,17,53.0
2010,2,2024-04-24 18:00:00+00:00,44.0,56.0,51.0,63.0,63.0,73.0,49.0,4,2,18,57.0
2011,2,2024-04-24 19:00:00+00:00,43.0,53.0,45.0,67.0,65.0,78.0,46.0,4,2,19,56.714285714285715
2012,2,2024-04-24 20:00:00+00:00,44.0,52.0,45.0,70.0,66.0,81.0,41.0,4,2,20,57.0
2013,2,2024-04-24 21:00:00+00:00,48.0,57.0,47.0,72.0,68.0,84.0,38.0,4,2,21,59.142857142857146
2014,2,2024-04-24 22:00:00+00:00,52.0,59.0,46.0,74.0,71.0,86.0,39.0,4,2,22,61.0
2015,2,2024-04-24 23:00:00+00:00,60.0,63.0,45.0,76.0,74.0,88.0,42.0,4,2,23,64.0
2016,2,2024-04-25 00:00:00+00:00,68.0,69.0,67.0,54.0,75.0,83.0,43.0,4,3,0,65.57142857142857
2017,2,2024-04-25 01:00:00+00:00,67.0,71.0,69.0,56.0,78.0,85.0,42.0,4,3,1,66.85714285714286
2018,2,2024-04-25 02:00:00+00:00,65.0,72.0,68.0,59.0,81.0,88.0,41.0,4,3,2,67.71428571428571
2019,2,2024-04-25 03:00:00+00:00,66.0,73.0,66.0,59.0,80.0,86.0,40.0,4,3,3,67.14285714285714
2020,2,2024-04-25 04:00:00+00:00,62.0,65.0,60.0,53.0,73.0,78.0,38.0,4,3,4,61.285714285714285
2021,2,2024-04-25 05:00:00+00:00,55.0,56.0,47.0,44.0,62.0,66.0,37.0,4,3,5,52.42857142857143
2022,2,2024-04-25 06:00:00+00:00,59.0,53.0,55.0,39.0,53.0,56.0,31.0,4,3,6,49.42857142857143
2023,2,2024-04-25 07:00:00+00:00,56.0,47.0,53.0,33.0,46.0,49.0,30.0,4,3,7,44.857142857142854
2024,2,2024-04-25 08:00:00+00:00,57.0,46.0,47.0,29.0,41.0,44.0,29.0,4,3,8,41.857142857142854
2025,2,2024-04-25 09:00:00+00:00,58.0,43.0,44.0,28.0,37.0,41.0,29.0,4,3,9,40.0
2026,2,2024-04-25 10:00:00+00:00,58.0,44.0,43.0,31.0,35.0,39.0,28.0,4,3,10,39.714285714285715
2027,2,2024-04-25 11:00:00+00:00,58.0,44.0,44.0,38.0,35.0,39.0,27.0,4,3,11,40.714285714285715
2028,2,2024-04-25 12:00:00+00:00,55.0,42.0,41.0,40.0,46.0,35.0,44.0,4,3,12,43.285714285714285
2029,2,2024-04-25 13:00:00+00:00,57.0,43.0,44.0,43.0,49.0,40.0,48.0,4,3,13,46.285714285714285
2030,2,2024-04-25 14:00:00+00:00,60.0,46.0,49.0,46.0,52.0,47.0,53.0,4,3,14,50.42857142857143
2031,2,2024-04-25 15:00:00+00:00,64.0,53.0,59.0,51.0,56.0,54.0,57.0,4,3,15,56.285714285714285
2032,2,2024-04-25 16:00:00+00:00,71.0,64.0,65.0,57.0,61.0,59.0,59.0,4,3,16,62.285714285714285
2033,2,2024-04-25 17:00:00+00:00,77.0,69.0,70.0,65.0,66.0,63.0,60.0,4,3,17,67.14285714285714
2034,2,2024-04-25 18:00:00+00:00,79.0,74.0,70.0,65.0,71.0,67.0,66.0,4,3,18,70.28571428571429
2035,2,2024-04-25 19:00:00+00:00,84.0,73.0,70.0,68.0,77.0,72.0,66.0,4,3,19,72.85714285714286
2036,2,2024-04-25 20:00:00+00:00,84.0,73.0,72.0,71.0,82.0,77.0,65.0,4,3,20,74.85714285714286
2037,2,2024-04-25 21:00:00+00:00,85.0,77.0,77.0,74.0,87.0,82.0,65.0,4,3,21,78.14285714285714
2038,2,2024-04-25 22:00:00+00:00,87.0,82.0,81.0,79.0,90.0,85.0,68.0,4,3,22,81.71428571428571
2039,2,2024-04-25 23:00:00+00:00,88.0,84.0,87.0,84.0,91.0,88.0,73.0,4,3,23,85.0
2040,2,2024-04-26 00:00:00+00:00,86.0,91.0,85.0,79.0,80.0,70.0,66.0,4,4,0,79.57142857142857
2041,2,2024-04-26 01:00:00+00:00,85.0,91.0,87.0,83.0,83.0,73.0,67.0,4,4,1,81.28571428571429
2042,2,2024-04-26 02:00:00+00:00,84.0,92.0,88.0,87.0,86.0,76.0,67.0,4,4,2,82.85714285714286
2043,2,2024-04-26 03:00:00+00:00,84.0,92.0,89.0,86.0,85.0,75.0,65.0,4,4,3,82.28571428571429
2044,2,2024-04-26 04:00:00+00:00,82.0,88.0,85.0,76.0,76.0,66.0,59.0,4,4,4,76.0
2045,2,2024-04-26 05:00:00+00:00,68.0,69.0,70.0,61.0,63.0,53.0,51.0,4,4,5,62.142857142857146
2046,2,2024-04-26 06:00:00+00:00,54.0,53.0,47.0,52.0,52.0,42.0,42.0,4,4,6,48.857142857142854
2047,2,2024-04-26 07:00:00+00:00,44.0,46.0,39.0,44.0,45.0,36.0,41.0,4,4,7,42.142857142857146
2048,2,2024-04-26 08:00:00+00:00,37.0,41.0,35.0,37.0,41.0,33.0,42.0,4,4,8,38.0
2049,2,2024-04-26 09:00:00+00:00,38.0,40.0,33.0,33.0,38.0,31.0,43.0,4,4,9,36.57142857142857
2050,2,2024-04-26 10:00:00+00:00,38.0,37.0,33.0,33.0,38.0,28.0,43.0,4,4,10,35.714285714285715
2051,2,2024-04-26 11:00:00+00:00,37.0,36.0,33.0,35.0,39.0,26.0,43.0,4,4,11,35.57142857142857
2052,2,2024-04-26 12:00:00+00:00,40.0,42.0,35.0,41.0,35.0,39.0,31.0,4,4,12,37.57142857142857
2053,2,2024-04-26 13:00:00+00:00,41.0,42.0,38.0,46.0,42.0,42.0,34.0,4,4,13,40.714285714285715
2054,2,2024-04-26 14:00:00+00:00,44.0,47.0,45.0,52.0,51.0,47.0,38.0,4,4,14,46.285714285714285
2055,2,2024-04-26 15:00:00+00:00,51.0,56.0,51.0,57.0,59.0,53.0,42.0,4,4,15,52.714285714285715
2056,2,2024-04-26 16:00:00+00:00,61.0,67.0,63.0,60.0,64.0,60.0,45.0,4,4,16,60.0
2057,2,2024-04-26 17:00:00+00:00,67.0,70.0,65.0,63.0,68.0,67.0,47.0,4,4,17,63.857142857142854
2058,2,2024-04-26 18:00:00+00:00,70.0,65.0,68.0,65.0,71.0,73.0,56.0,4,4,18,66.85714285714286
2059,2,2024-04-26 19:00:00+00:00,70.0,67.0,68.0,69.0,74.0,77.0,55.0,4,4,19,68.57142857142857
2060,2,2024-04-26 20:00:00+00:00,71.0,69.0,69.0,72.0,76.0,80.0,54.0,4,4,20,70.14285714285714
2061,2,2024-04-26 21:00:00+00:00,72.0,71.0,69.0,75.0,79.0,82.0,52.0,4,4,21,71.42857142857143
2062,2,2024-04-26 22:00:00+00:00,77.0,74.0,72.0,80.0,82.0,84.0,52.0,4,4,22,74.42857142857143
2063,2,2024-04-26 23:00:00+00:00,80.0,80.0,77.0,85.0,85.0,87.0,52.0,4,4,23,78.0
2064,2,2024-04-27 00:00:00+00:00,86.0,81.0,80.0,87.0,84.0,90.0,44.0,4,5,0,78.85714285714286
2065,2,2024-04-27 01:00:00+00:00,91.0,86.0,83.0,88.0,85.0,93.0,45.0,4,5,1,81.57142857142857
2066,2,2024-04-27 02:00:00+00:00,92.0,88.0,86.0,85.0,85.0,96.0,46.0,4,5,2,82.57142857142857
2067,2,2024-04-27 03:00:00+00:00,91.0,86.0,86.0,80.0,81.0,94.0,46.0,4,5,3,80.57142857142857
2068,2,2024-04-27 04:00:00+00:00,77.0,76.0,79.0,72.0,72.0,84.0,43.0,4,5,4,71.85714285714286
2069,2,2024-04-27 05:00:00+00:00,60.0,61.0,65.0,61.0,60.0,70.0,40.0,4,5,5,59.57142857142857
2070,2,2024-04-27 06:00:00+00:00,50.0,49.0,51.0,50.0,50.0,58.0,35.0,4,5,6,49.0
2071,2,2024-04-27 07:00:00+00:00,38.0,37.0,40.0,42.0,43.0,50.0,32.0,4,5,7,40.285714285714285
2072,2,2024-04-27 08:00:00+00:00,33.0,33.0,34.0,35.0,38.0,44.0,30.0,4,5,8,35.285714285714285
2073,2,2024-04-27 09:00:00+00:00,32.0,33.0,31.0,31.0,35.0,40.0,29.0,4,5,9,33.0
2074,2,2024-04-27 10:00:00+00:00,30.0,32.0,30.0,30.0,36.0,39.0,28.0,4,5,10,32.142857142857146
2075,2,2024-04-27 11:00:00+00:00,29.0,29.0,29.0,33.0,41.0,41.0,27.0,4,5,11,32.714285714285715
2076,2,2024-04-27 12:00:00+00:00,31.0,38.0,33.0,45.0,41.0,43.0,34.0,4,5,12,37.857142857142854
2077,2,2024-04-27 13:00:00+00:00,45.0,45.0,41.0,48.0,46.0,47.0,39.0,4,5,13,44.42857142857143
2078,2,2024-04-27 14:00:00+00:00,50.0,43.0,51.0,50.0,51.0,51.0,44.0,4,5,14,48.57142857142857
2079,2,2024-04-27 15:00:00+00:00,56.0,53.0,57.0,53.0,56.0,55.0,49.0,4,5,15,54.142857142857146
2080,2,2024-04-27 16:00:00+00:00,60.0,60.0,61.0,57.0,61.0,60.0,51.0,4,5,16,58.57142857142857
2081,2,2024-04-27 17:00:00+00:00,62.0,60.0,67.0,61.0,67.0,65.0,52.0,4,5,17,62.0
2082,2,2024-04-27 18:00:00+00:00,65.0,63.0,69.0,70.0,71.0,69.0,59.0,4,5,18,66.57142857142857
2083,2,2024-04-27 19:00:00+00:00,70.0,65.0,71.0,73.0,74.0,72.0,58.0,4,5,19,69.0
2084,2,2024-04-27 20:00:00+00:00,76.0,70.0,73.0,76.0,76.0,75.0,57.0,4,5,20,71.85714285714286
2085,2,2024-04-27 21:00:00+00:00,77.0,75.0,75.0,77.0,78.0,77.0,57.0,4,5,21,73.71428571428571
2086,2,2024-04-27 22:00:00+00:00,75.0,77.0,78.0,78.0,81.0,79.0,61.0,4,5,22,75.57142857142857
2087,2,2024-04-27 23:00:00+00:00,76.0,77.0,82.0,78.0,85.0,82.0,66.0,4,5,23,78.0
2088,2,2024-04-28 00:00:00+00:00,75.0,79.0,81.0,76.0,86.0,86.0,57.0,4,6,0,77.14285714285714
2089,2,2024-04-28 01:00:00+00:00,77.0,80.0,81.0,80.0,88.0,87.0,58.0,4,6,1,78.71428571428571
2090,2,2024-04-28 02:00:00+00:00,79.0,79.0,82.0,85.0,88.0,87.0,59.0,4,6,2,79.85714285714286
2091,2,2024-04-28 03:00:00+00:00,79.0,78.0,80.0,85.0,85.0,83.0,59.0,4,6,3,78.42857142857143
2092,2,2024-04-28 04:00:00+00:00,74.0,74.0,75.0,76.0,75.0,71.0,56.0,4,6,4,71.57142857142857
2093,2,2024-04-28 05:00:00+00:00,57.0,57.0,58.0,62.0,62.0,54.0,50.0,4,6,5,57.142857142857146
2094,2,2024-04-28 06:00:00+00:00,46.0,45.0,50.0,51.0,51.0,41.0,45.0,4,6,6,47.0
2095,2,2024-04-28 07:00:00+00:00,38.0,42.0,45.0,47.0,43.0,34.0,42.0,4,6,7,41.57142857142857
2096,2,2024-04-28 08:00:00+00:00,34.0,43.0,40.0,46.0,38.0,30.0,40.0,4,6,8,38.714285714285715
2097,2,2024-04-28 09:00:00+00:00,31.0,42.0,34.0,46.0,34.0,28.0,39.0,4,6,9,36.285714285714285
2098,2,2024-04-28 10:00:00+00:00,36.0,36.0,33.0,46.0,32.0,27.0,39.0,4,6,10,35.57142857142857
2099,2,2024-04-28 11:00:00+00:00,41.0,35.0,40.0,46.0,33.0,28.0,39.0,4,6,11,37.42857142857143
2100,2,2024-04-28 12:00:00+00:00,35.0,37.0,46.0,42.0,36.0,35.0,42.0,4,6,12,39.0
2101,2,2024-04-28 13:00:00+00:00,43.0,36.0,53.0,47.0,41.0,37.0,45.0,4,6,13,43.142857142857146
2102,2,2024-04-28 14:00:00+00:00,51.0,39.0,55.0,53.0,47.0,39.0,48.0,4,6,14,47.42857142857143
2103,2,2024-04-28 15:00:00+00:00,58.0,47.0,58.0,58.0,52.0,43.0,52.0,4,6,15,52.57142857142857
2104,2,2024-04-28 16:00:00+00:00,63.0,53.0,57.0,62.0,56.0,50.0,56.0,4,6,16,56.714285714285715
2105,2,2024-04-28 17:00:00+00:00,61.0,56.0,58.0,66.0,59.0,59.0,60.0,4,6,17,59.857142857142854
2106,2,2024-04-28 18:00:00+00:00,57.0,63.0,59.0,60.0,62.0,66.0,58.0,4,6,18,60.714285714285715
2107,2,2024-04-28 19:00:00+00:00,57.0,61.0,61.0,64.0,64.0,71.0,60.0,4,6,19,62.57142857142857
2108,2,2024-04-28 20:00:00+00:00,58.0,60.0,64.0,69.0,65.0,75.0,61.0,4,6,20,64.57142857142857
2109,2,2024-04-28 21:00:00+00:00,63.0,70.0,66.0,73.0,68.0,79.0,63.0,4,6,21,68.85714285714286
2110,2,2024-04-28 22:00:00+00:00,72.0,76.0,65.0,75.0,75.0,82.0,66.0,4,6,22,73.0
2111,2,2024-04-28 23:00:00+00:00,78.0,77.0,70.0,76.0,83.0,84.0,69.0,4,6,23,76.71428571428571
2112,2,2024-04-29 00:00:00+00:00,80.0,81.0,80.0,80.0,80.0,88.0,70.0,4,0,0,79.85714285714286
2113,2,2024-04-29 01:00:00+00:00,80.0,85.0,80.0,82.0,83.0,90.0,69.0,4,0,1,81.28571428571429
2114,2,2024-04-29 02:00:00+00:00,82.0,89.0,81.0,83.0,85.0,89.0,67.0,4,0,2,82.28571428571429
2115,2,2024-04-29 03:00:00+00:00,84.0,90.0,82.0,81.0,83.0,84.0,64.0,4,0,3,81.14285714285714
2116,2,2024-04-29 04:00:00+00:00,77.0,82.0,75.0,71.0,73.0,73.0,58.0,4,0,4,72.71428571428571
2117,2,2024-04-29 05:00:00+00:00,69.0,70.0,62.0,58.0,59.0,58.0,50.0,4,0,5,60.857142857142854
2118,2,2024-04-29 06:00:00+00:00,61.0,56.0,46.0,50.0,47.0,45.0,50.0,4,0,6,50.714285714285715
2119,2,2024-04-29 07:00:00+00:00,55.0,46.0,40.0,44.0,40.0,36.0,46.0,4,0,7,43.857142857142854
2120,2,2024-04-29 08:00:00+00:00,50.0,42.0,39.0,38.0,36.0,30.0,43.0,4,0,8,39.714285714285715
2121,2,2024-04-29 09:00:00+00:00,47.0,39.0,35.0,35.0,34.0,27.0,42.0,4,0,9,37.0
2122,2,2024-04-29 10:00:00+00:00,45.0,39.0,32.0,34.0,35.0,29.0,42.0,4,0,10,36.57142857142857
2123,2,2024-04-29 11:00:00+00:00,47.0,41.0,31.0,35.0,37.0,34.0,43.0,4,0,11,38.285714285714285
2124,2,2024-04-29 12:00:00+00:00,46.0,45.0,44.0,39.0,41.0,41.0,51.0,4,0,12,43.857142857142854
2125,2,2024-04-29 13:00:00+00:00,46.0,48.0,45.0,43.0,44.0,45.0,57.0,4,0,13,46.857142857142854
2126,2,2024-04-29 14:00:00+00:00,49.0,53.0,48.0,49.0,49.0,48.0,63.0,4,0,14,51.285714285714285
2127,2,2024-04-29 15:00:00+00:00,58.0,59.0,53.0,54.0,53.0,52.0,68.0,4,0,15,56.714285714285715
2128,2,2024-04-29 16:00:00+00:00,63.0,64.0,57.0,59.0,58.0,56.0,70.0,4,0,16,61.0
2129,2,2024-04-29 17:00:00+00:00,64.0,67.0,60.0,63.0,64.0,60.0,71.0,4,0,17,64.14285714285714
2130,2,2024-04-29 18:00:00+00:00,64.0,70.0,75.0,66.0,69.0,63.0,67.0,4,0,18,67.71428571428571
2131,2,2024-04-29 19:00:00+00:00,66.0,74.0,77.0,66.0,72.0,66.0,67.0,4,0,19,69.71428571428571
2132,2,2024-04-29 20:00:00+00:00,67.0,77.0,79.0,65.0,75.0,68.0,68.0,4,0,20,71.28571428571429
2133,2,2024-04-29 21:00:00+00:00,68.0,79.0,80.0,66.0,77.0,70.0,68.0,4,0,21,72.57142857142857
2134,2,2024-04-29 22:00:00+00:00,72.0,81.0,80.0,71.0,78.0,74.0,68.0,4,0,22,74.85714285714286
2135,2,2024-04-29 23:00:00+00:00,75.0,80.0,81.0,77.0,79.0,78.0,67.0,4,0,23,76.71428571428571
2136,2,2024-04-30 00:00:00+00:00,75.0,77.0,78.0,83.0,75.0,77.0,74.0,4,1,0,77.0
2137,2,2024-04-30 01:00:00+00:00,74.0,79.0,77.0,84.0,75.0,78.0,73.0,4,1,1,77.14285714285714
2138,2,2024-04-30 02:00:00+00:00,75.0,81.0,76.0,82.0,75.0,77.0,71.0,4,1,2,76.71428571428571
2139,2,2024-04-30 03:00:00+00:00,75.0,83.0,75.0,77.0,72.0,73.0,67.0,4,1,3,74.57142857142857
2140,2,2024-04-30 04:00:00+00:00,61.0,80.0,71.0,68.0,63.0,63.0,62.0,4,1,4,66.85714285714286
2141,2,2024-04-30 05:00:00+00:00,60.0,68.0,64.0,55.0,52.0,51.0,56.0,4,1,5,58.0
2142,2,2024-04-30 06:00:00+00:00,58.0,69.0,59.0,56.0,44.0,41.0,59.0,4,1,6,55.142857142857146
2143,2,2024-04-30 07:00:00+00:00,60.0,63.0,49.0,51.0,42.0,37.0,58.0,4,1,7,51.42857142857143
2144,2,2024-04-30 08:00:00+00:00,63.0,59.0,44.0,47.0,42.0,35.0,60.0,4,1,8,50.0
2145,2,2024-04-30 09:00:00+00:00,63.0,55.0,44.0,45.0,44.0,35.0,62.0,4,1,9,49.714285714285715
2146,2,2024-04-30 10:00:00+00:00,63.0,52.0,44.0,46.0,46.0,35.0,64.0,4,1,10,50.0
2147,2,2024-04-30 11:00:00+00:00,60.0,51.0,46.0,48.0,49.0,37.0,68.0,4,1,11,51.285714285714285
2148,2,2024-04-30 12:00:00+00:00,59.0,64.0,49.0,49.0,46.0,46.0,70.0,4,1,12,54.714285714285715
2149,2,2024-04-30 13:00:00+00:00,65.0,66.0,57.0,55.0,51.0,53.0,73.0,4,1,13,60.0
2150,2,2024-04-30 14:00:00+00:00,70.0,70.0,67.0,61.0,56.0,60.0,73.0,4,1,14,65.28571428571429
2151,2,2024-04-30 15:00:00+00:00,73.0,67.0,72.0,67.0,61.0,67.0,74.0,4,1,15,68.71428571428571
2152,2,2024-04-30 16:00:00+00:00,74.0,64.0,76.0,71.0,65.0,71.0,76.0,4,1,16,71.0
2153,2,2024-04-30 17:00:00+00:00,75.0,67.0,75.0,75.0,68.0,74.0,77.0,4,1,17,73.0
2154,2,2024-04-30 18:00:00+00:00,59.0,61.0,70.0,79.0,71.0,76.0,74.0,4,1,18,70.0
2155,2,2024-04-30 19:00:00+00:00,61.0,61.0,70.0,81.0,74.0,77.0,78.0,4,1,19,71.71428571428571
2156,2,2024-04-30 20:00:00+00:00,63.0,60.0,70.0,82.0,77.0,78.0,84.0,4,1,20,73.42857142857143
2157,2,2024-04-30 21:00:00+00:00,65.0,61.0,67.0,82.0,79.0,78.0,86.0,4,1,21,74.0
2158,2,2024-04-30 22:00:00+00:00,74.0,65.0,66.0,81.0,79.0,77.0,83.0,4,1,22,75.0
2159,2,2024-04-30 23:00:00+00:00,71.0,68.0,67.0,79.0,78.0,76.0,76.0,4,1,23,73.57142857142857
2160,2,2024-05-01 00:00:00+00:00,66.0,71.0,72.0,70.0,78.0,74.0,77.0,5,2,0,72.57142857142857
2161,2,2024-05-01 01:00:00+00:00,68.0,63.0,71.0,72.0,79.0,76.0,77.0,5,2,1,72.28571428571429
2162,2,2024-05-01 02:00:00+00:00,73.0,75.0,75.0,76.0,80.0,78.0,78.0,5,2,2,76.42857142857143
2163,2,2024-05-01 03:00:00+00:00,79.0,79.0,73.0,77.0,79.0,78.0,78.0,5,2,3,77.57142857142857
2164,2,2024-05-01 04:00:00+00:00,80.0,78.0,73.0,73.0,77.0,76.0,78.0,5,2,4,76.42857142857143
2165,2,2024-05-01 05:00:00+00:00,78.0,78.0,71.0,66.0,73.0,71.0,79.0,5,2,5,73.71428571428571
2166,2,2024-05-01 06:00:00+00:00,77.0,85.0,67.0,67.0,70.0,68.0,81.0,5,2,6,73.57142857142857
2167,2,2024-05-01 07:00:00+00:00,78.0,85.0,59.0,67.0,68.0,66.0,78.0,5,2,7,71.57142857142857
2168,2,2024-05-01 08:00:00+00:00,73.0,82.0,58.0,67.0,67.0,64.0,76.0,5,2,8,69.57142857142857
2169,2,2024-05-01 09:00:00+00:00,70.0,82.0,59.0,67.0,66.0,63.0,74.0,5,2,9,68.71428571428571
2170,2,2024-05-01 10:00:00+00:00,71.0,84.0,59.0,68.0,64.0,63.0,74.0,5,2,10,69.0
2171,2,2024-05-01 11:00:00+00:00,71.0,87.0,64.0,68.0,62.0,64.0,76.0,5,2,11,70.28571428571429
2172,2,2024-05-01 12:00:00+00:00,79.0,85.0,71.0,72.0,68.0,77.0,60.0,5,2,12,73.14285714285714
2173,2,2024-05-01 13:00:00+00:00,80.0,87.0,72.0,73.0,69.0,79.0,64.0,5,2,13,74.85714285714286
2174,2,2024-05-01 14:00:00+00:00,93.0,91.0,72.0,73.0,70.0,82.0,72.0,5,2,14,79.0
2175,2,2024-05-01 15:00:00+00:00,90.0,89.0,76.0,74.0,72.0,84.0,77.0,5,2,15,80.28571428571429
2176,2,2024-05-01 16:00:00+00:00,90.0,87.0,78.0,75.0,74.0,84.0,77.0,5,2,16,80.71428571428571
2177,2,2024-05-01 17:00:00+00:00,84.0,86.0,86.0,76.0,76.0,83.0,75.0,5,2,17,80.85714285714286
2178,2,2024-05-01 18:00:00+00:00,85.0,82.0,81.0,92.0,78.0,83.0,79.0,5,2,18,82.85714285714286
2179,2,2024-05-01 19:00:00+00:00,86.0,83.0,80.0,92.0,81.0,86.0,75.0,5,2,19,83.28571428571429
2180,2,2024-05-01 20:00:00+00:00,87.0,85.0,81.0,91.0,85.0,89.0,69.0,5,2,20,83.85714285714286
2181,2,2024-05-01 21:00:00+00:00,87.0,86.0,82.0,90.0,88.0,91.0,66.0,5,2,21,84.28571428571429
2182,2,2024-05-01 22:00:00+00:00,85.0,85.0,80.0,90.0,88.0,90.0,67.0,5,2,22,83.57142857142857
2183,2,2024-05-01 23:00:00+00:00,84.0,86.0,83.0,90.0,87.0,87.0,71.0,5,2,23,84.0
2184,2,2024-05-02 00:00:00+00:00,87.0,91.0,86.0,89.0,84.0,88.0,77.0,5,3,0,86.0
2185,2,2024-05-02 01:00:00+00:00,87.0,85.0,85.0,87.0,81.0,87.0,78.0,5,3,1,84.28571428571429
2186,2,2024-05-02 02:00:00+00:00,85.0,85.0,86.0,85.0,79.0,84.0,79.0,5,3,2,83.28571428571429
2187,2,2024-05-02 03:00:00+00:00,82.0,83.0,85.0,82.0,76.0,80.0,78.0,5,3,3,80.85714285714286
2188,2,2024-05-02 04:00:00+00:00,78.0,79.0,82.0,80.0,75.0,76.0,74.0,5,3,4,77.71428571428571
2189,2,2024-05-02 05:00:00+00:00,73.0,75.0,80.0,77.0,73.0,71.0,69.0,5,3,5,74.0
2190,2,2024-05-02 06:00:00+00:00,71.0,71.0,74.0,80.0,71.0,67.0,65.0,5,3,6,71.28571428571429
2191,2,2024-05-02 07:00:00+00:00,67.0,66.0,71.0,77.0,66.0,62.0,61.0,5,3,7,67.14285714285714
2192,2,2024-05-02 08:00:00+00:00,64.0,64.0,69.0,73.0,59.0,58.0,57.0,5,3,8,63.42857142857143
2193,2,2024-05-02 09:00:00+00:00,59.0,61.0,67.0,70.0,54.0,55.0,53.0,5,3,9,59.857142857142854
2194,2,2024-05-02 10:00:00+00:00,56.0,57.0,63.0,66.0,53.0,56.0,49.0,5,3,10,57.142857142857146
2195,2,2024-05-02 11:00:00+00:00,53.0,55.0,60.0,63.0,53.0,59.0,47.0,5,3,11,55.714285714285715
2196,2,2024-05-02 12:00:00+00:00,59.0,51.0,59.0,53.0,61.0,61.0,54.0,5,3,12,56.857142857142854
2197,2,2024-05-02 13:00:00+00:00,57.0,49.0,60.0,55.0,65.0,65.0,61.0,5,3,13,58.857142857142854
2198,2,2024-05-02 14:00:00+00:00,58.0,50.0,65.0,58.0,70.0,69.0,71.0,5,3,14,63.0
2199,2,2024-05-02 15:00:00+00:00,64.0,56.0,70.0,63.0,75.0,74.0,79.0,5,3,15,68.71428571428571
2200,2,2024-05-02 16:00:00+00:00,76.0,65.0,73.0,69.0,78.0,78.0,81.0,5,3,16,74.28571428571429
2201,2,2024-05-02 17:00:00+00:00,79.0,70.0,76.0,76.0,80.0,82.0,81.0,5,3,17,77.71428571428571
2202,2,2024-05-02 18:00:00+00:00,83.0,79.0,78.0,82.0,82.0,85.0,79.0,5,3,18,81.14285714285714
2203,2,2024-05-02 19:00:00+00:00,85.0,82.0,79.0,84.0,83.0,86.0,81.0,5,3,19,82.85714285714286
2204,2,2024-05-02 20:00:00+00:00,86.0,87.0,78.0,84.0,85.0,87.0,83.0,5,3,20,84.28571428571429
2205,2,2024-05-02 21:00:00+00:00,87.0,91.0,80.0,84.0,86.0,87.0,84.0,5,3,21,85.57142857142857
2206,2,2024-05-02 22:00:00+00:00,88.0,92.0,83.0,85.0,88.0,88.0,84.0,5,3,22,86.85714285714286
2207,2,2024-05-02 23:00:00+00:00,90.0,92.0,85.0,87.0,90.0,88.0,84.0,5,3,23,88.0
2208,2,2024-05-03 00:00:00+00:00,89.0,92.0,82.0,87.0,92.0,89.0,83.0,5,4,0,87.71428571428571
2209,2,2024-05-03 01:00:00+00:00,92.0,93.0,81.0,90.0,94.0,91.0,83.0,5,4,1,89.14285714285714
2210,2,2024-05-03 02:00:00+00:00,94.0,93.0,83.0,92.0,95.0,93.0,83.0,5,4,2,90.42857142857143
2211,2,2024-05-03 03:00:00+00:00,93.0,91.0,83.0,92.0,93.0,92.0,82.0,5,4,3,89.42857142857143
2212,2,2024-05-03 04:00:00+00:00,83.0,82.0,80.0,86.0,84.0,86.0,78.0,5,4,4,82.71428571428571
2213,2,2024-05-03 05:00:00+00:00,68.0,71.0,75.0,77.0,72.0,76.0,73.0,5,4,5,73.14285714285714
2214,2,2024-05-03 06:00:00+00:00,65.0,57.0,64.0,71.0,61.0,68.0,67.0,5,4,6,64.71428571428571
2215,2,2024-05-03 07:00:00+00:00,61.0,52.0,61.0,66.0,55.0,63.0,61.0,5,4,7,59.857142857142854
2216,2,2024-05-03 08:00:00+00:00,57.0,48.0,60.0,62.0,50.0,59.0,55.0,5,4,8,55.857142857142854
2217,2,2024-05-03 09:00:00+00:00,56.0,48.0,59.0,59.0,47.0,56.0,50.0,5,4,9,53.57142857142857
2218,2,2024-05-03 10:00:00+00:00,55.0,49.0,58.0,57.0,44.0,54.0,44.0,5,4,10,51.57142857142857
2219,2,2024-05-03 11:00:00+00:00,53.0,48.0,54.0,56.0,41.0,53.0,39.0,5,4,11,49.142857142857146
2220,2,2024-05-03 12:00:00+00:00,48.0,56.0,48.0,58.0,49.0,69.0,65.0,5,4,12,56.142857142857146
2221,2,2024-05-03 13:00:00+00:00,49.0,53.0,49.0,63.0,58.0,69.0,69.0,5,4,13,58.57142857142857
2222,2,2024-05-03 14:00:00+00:00,61.0,64.0,67.0,69.0,69.0,70.0,73.0,5,4,14,67.57142857142857
2223,2,2024-05-03 15:00:00+00:00,72.0,75.0,72.0,74.0,78.0,71.0,76.0,5,4,15,74.0
2224,2,2024-05-03 16:00:00+00:00,74.0,80.0,77.0,76.0,81.0,74.0,77.0,5,4,16,77.0
2225,2,2024-05-03 17:00:00+00:00,73.0,81.0,74.0,76.0,80.0,78.0,78.0,5,4,17,77.14285714285714
2226,2,2024-05-03 18:00:00+00:00,71.0,77.0,79.0,81.0,80.0,81.0,76.0,5,4,18,77.85714285714286
2227,2,2024-05-03 19:00:00+00:00,71.0,78.0,79.0,81.0,80.0,82.0,77.0,5,4,19,78.28571428571429
2228,2,2024-05-03 20:00:00+00:00,67.0,77.0,79.0,80.0,80.0,83.0,77.0,5,4,20,77.57142857142857
2229,2,2024-05-03 21:00:00+00:00,68.0,75.0,77.0,80.0,80.0,84.0,77.0,5,4,21,77.28571428571429
2230,2,2024-05-03 22:00:00+00:00,71.0,75.0,78.0,80.0,80.0,85.0,77.0,5,4,22,78.0
2231,2,2024-05-03 23:00:00+00:00,74.0,77.0,79.0,80.0,79.0,87.0,77.0,5,4,23,79.0
2232,2,2024-05-04 00:00:00+00:00,76.0,75.0,72.0,81.0,79.0,91.0,78.0,5,5,0,78.85714285714286
2233,2,2024-05-04 01:00:00+00:00,79.0,76.0,74.0,83.0,81.0,90.0,78.0,5,5,1,80.14285714285714
2234,2,2024-05-04 02:00:00+00:00,80.0,77.0,77.0,86.0,82.0,88.0,78.0,5,5,2,81.14285714285714
2235,2,2024-05-04 03:00:00+00:00,75.0,77.0,79.0,86.0,81.0,84.0,76.0,5,5,3,79.71428571428571
2236,2,2024-05-04 04:00:00+00:00,66.0,74.0,77.0,81.0,75.0,78.0,73.0,5,5,4,74.85714285714286
2237,2,2024-05-04 05:00:00+00:00,59.0,67.0,69.0,73.0,67.0,71.0,68.0,5,5,5,67.71428571428571
2238,2,2024-05-04 06:00:00+00:00,67.0,51.0,62.0,61.0,60.0,65.0,61.0,5,5,6,61.0
2239,2,2024-05-04 07:00:00+00:00,64.0,49.0,58.0,56.0,56.0,60.0,56.0,5,5,7,57.0
2240,2,2024-05-04 08:00:00+00:00,60.0,50.0,56.0,51.0,52.0,56.0,51.0,5,5,8,53.714285714285715
2241,2,2024-05-04 09:00:00+00:00,56.0,47.0,53.0,48.0,50.0,53.0,47.0,5,5,9,50.57142857142857
2242,2,2024-05-04 10:00:00+00:00,52.0,46.0,49.0,46.0,48.0,50.0,45.0,5,5,10,48.0
2243,2,2024-05-04 11:00:00+00:00,48.0,46.0,46.0,45.0,46.0,48.0,45.0,5,5,11,46.285714285714285
2244,2,2024-05-04 12:00:00+00:00,56.0,66.0,53.0,44.0,45.0,62.0,43.0,5,5,12,52.714285714285715
2245,2,2024-05-04 13:00:00+00:00,59.0,68.0,59.0,50.0,49.0,65.0,45.0,5,5,13,56.42857142857143
2246,2,2024-05-04 14:00:00+00:00,63.0,71.0,68.0,60.0,56.0,67.0,47.0,5,5,14,61.714285714285715
2247,2,2024-05-04 15:00:00+00:00,74.0,77.0,76.0,68.0,63.0,69.0,50.0,5,5,15,68.14285714285714
2248,2,2024-05-04 16:00:00+00:00,82.0,83.0,79.0,74.0,70.0,73.0,56.0,5,5,16,73.85714285714286
2249,2,2024-05-04 17:00:00+00:00,85.0,87.0,80.0,78.0,78.0,78.0,62.0,5,5,17,78.28571428571429
2250,2,2024-05-04 18:00:00+00:00,87.0,88.0,85.0,86.0,84.0,82.0,56.0,5,5,18,81.14285714285714
2251,2,2024-05-04 19:00:00+00:00,89.0,90.0,89.0,88.0,86.0,83.0,56.0,5,5,19,83.0
2252,2,2024-05-04 20:00:00+00:00,91.0,91.0,91.0,89.0,86.0,83.0,54.0,5,5,20,83.57142857142857
2253,2,2024-05-04 21:00:00+00:00,92.0,92.0,93.0,90.0,86.0,83.0,53.0,5,5,21,84.14285714285714
2254,2,2024-05-04 22:00:00+00:00,91.0,92.0,95.0,90.0,87.0,82.0,52.0,5,5,22,84.14285714285714
2255,2,2024-05-04 23:00:00+00:00,91.0,92.0,96.0,90.0,89.0,81.0,50.0,5,5,23,84.14285714285714
2256,2,2024-05-05 00:00:00+00:00,93.0,92.0,94.0,92.0,90.0,89.0,65.0,5,6,0,87.85714285714286
2257,2,2024-05-05 01:00:00+00:00,94.0,93.0,92.0,93.0,91.0,87.0,67.0,5,6,1,88.14285714285714
2258,2,2024-05-05 02:00:00+00:00,94.0,93.0,92.0,92.0,92.0,86.0,69.0,5,6,2,88.28571428571429
2259,2,2024-05-05 03:00:00+00:00,92.0,91.0,90.0,89.0,90.0,83.0,69.0,5,6,3,86.28571428571429
2260,2,2024-05-05 04:00:00+00:00,84.0,80.0,83.0,81.0,84.0,80.0,66.0,5,6,4,79.71428571428571
2261,2,2024-05-05 05:00:00+00:00,66.0,67.0,71.0,70.0,75.0,75.0,62.0,5,6,5,69.42857142857143
2262,2,2024-05-05 06:00:00+00:00,52.0,63.0,62.0,64.0,66.0,72.0,62.0,5,6,6,63.0
2263,2,2024-05-05 07:00:00+00:00,37.0,56.0,53.0,55.0,59.0,69.0,57.0,5,6,7,55.142857142857146
2264,2,2024-05-05 08:00:00+00:00,35.0,43.0,38.0,46.0,52.0,67.0,53.0,5,6,8,47.714285714285715
2265,2,2024-05-05 09:00:00+00:00,34.0,37.0,34.0,40.0,47.0,66.0,49.0,5,6,9,43.857142857142854
2266,2,2024-05-05 10:00:00+00:00,33.0,30.0,32.0,38.0,43.0,65.0,47.0,5,6,10,41.142857142857146
2267,2,2024-05-05 11:00:00+00:00,37.0,30.0,34.0,39.0,41.0,65.0,46.0,5,6,11,41.714285714285715
2268,2,2024-05-05 12:00:00+00:00,29.0,38.0,31.0,42.0,29.0,37.0,44.0,5,6,12,35.714285714285715
2269,2,2024-05-05 13:00:00+00:00,38.0,44.0,39.0,46.0,32.0,38.0,48.0,5,6,13,40.714285714285715
2270,2,2024-05-05 14:00:00+00:00,45.0,48.0,48.0,51.0,38.0,41.0,54.0,5,6,14,46.42857142857143
2271,2,2024-05-05 15:00:00+00:00,54.0,50.0,58.0,56.0,43.0,45.0,59.0,5,6,15,52.142857142857146
2272,2,2024-05-05 16:00:00+00:00,62.0,59.0,66.0,61.0,47.0,51.0,61.0,5,6,16,58.142857142857146
2273,2,2024-05-05 17:00:00+00:00,66.0,62.0,69.0,67.0,52.0,58.0,62.0,5,6,17,62.285714285714285
2274,2,2024-05-05 18:00:00+00:00,67.0,71.0,68.0,78.0,55.0,64.0,62.0,5,6,18,66.42857142857143
2275,2,2024-05-05 19:00:00+00:00,65.0,71.0,71.0,80.0,57.0,66.0,61.0,5,6,19,67.28571428571429
2276,2,2024-05-05 20:00:00+00:00,63.0,72.0,71.0,81.0,58.0,67.0,59.0,5,6,20,67.28571428571429
2277,2,2024-05-05 21:00:00+00:00,64.0,72.0,74.0,82.0,59.0,67.0,57.0,5,6,21,67.85714285714286
2278,2,2024-05-05 22:00:00+00:00,66.0,69.0,75.0,84.0,59.0,66.0,57.0,5,6,22,68.0
2279,2,2024-05-05 23:00:00+00:00,64.0,64.0,74.0,87.0,58.0,65.0,57.0,5,6,23,67.0
2280,2,2024-05-06 00:00:00+00:00,68.0,62.0,74.0,73.0,67.0,66.0,58.0,5,0,0,66.85714285714286
2281,2,2024-05-06 01:00:00+00:00,67.0,59.0,75.0,72.0,67.0,70.0,57.0,5,0,1,66.71428571428571
2282,2,2024-05-06 02:00:00+00:00,65.0,59.0,76.0,69.0,67.0,74.0,56.0,5,0,2,66.57142857142857
2283,2,2024-05-06 03:00:00+00:00,64.0,59.0,73.0,64.0,63.0,74.0,54.0,5,0,3,64.42857142857143
2284,2,2024-05-06 04:00:00+00:00,55.0,53.0,62.0,55.0,53.0,64.0,49.0,5,0,4,55.857142857142854
2285,2,2024-05-06 05:00:00+00:00,45.0,45.0,48.0,44.0,41.0,50.0,42.0,5,0,5,45.0
2286,2,2024-05-06 06:00:00+00:00,44.0,34.0,40.0,34.0,31.0,42.0,38.0,5,0,6,37.57142857142857
2287,2,2024-05-06 07:00:00+00:00,38.0,32.0,39.0,30.0,28.0,45.0,35.0,5,0,7,35.285714285714285
2288,2,2024-05-06 08:00:00+00:00,37.0,30.0,38.0,29.0,28.0,54.0,34.0,5,0,8,35.714285714285715
2289,2,2024-05-06 09:00:00+00:00,35.0,31.0,38.0,29.0,28.0,60.0,33.0,5,0,9,36.285714285714285
2290,2,2024-05-06 10:00:00+00:00,33.0,28.0,37.0,30.0,27.0,60.0,32.0,5,0,10,35.285714285714285
2291,2,2024-05-06 11:00:00+00:00,31.0,28.0,37.0,33.0,27.0,58.0,31.0,5,0,11,35.0
2292,2,2024-05-06 12:00:00+00:00,30.0,29.0,34.0,34.0,32.0,31.0,46.0,5,0,12,33.714285714285715
2293,2,2024-05-06 13:00:00+00:00,35.0,34.0,49.0,40.0,41.0,33.0,57.0,5,0,13,41.285714285714285
2294,2,2024-05-06 14:00:00+00:00,47.0,43.0,57.0,49.0,53.0,36.0,70.0,5,0,14,50.714285714285715
2295,2,2024-05-06 15:00:00+00:00,55.0,54.0,58.0,56.0,61.0,42.0,78.0,5,0,15,57.714285714285715
2296,2,2024-05-06 16:00:00+00:00,57.0,61.0,56.0,62.0,62.0,52.0,78.0,5,0,16,61.142857142857146
2297,2,2024-05-06 17:00:00+00:00,53.0,63.0,57.0,66.0,60.0,65.0,73.0,5,0,17,62.42857142857143
2298,2,2024-05-06 18:00:00+00:00,54.0,67.0,66.0,62.0,60.0,74.0,56.0,5,0,18,62.714285714285715
2299,2,2024-05-06 19:00:00+00:00,57.0,66.0,66.0,62.0,64.0,78.0,56.0,5,0,19,64.14285714285714
2300,2,2024-05-06 20:00:00+00:00,61.0,64.0,66.0,63.0,70.0,79.0,58.0,5,0,20,65.85714285714286
2301,2,2024-05-06 21:00:00+00:00,60.0,65.0,69.0,64.0,74.0,79.0,60.0,5,0,21,67.28571428571429
2302,2,2024-05-06 22:00:00+00:00,62.0,63.0,68.0,65.0,73.0,77.0,62.0,5,0,22,67.14285714285714
2303,2,2024-05-06 23:00:00+00:00,63.0,65.0,69.0,65.0,70.0,74.0,65.0,5,0,23,67.28571428571429
2304,2,2024-05-07 00:00:00+00:00,64.0,66.0,65.0,66.0,66.0,78.0,63.0,5,1,0,66.85714285714286
2305,2,2024-05-07 01:00:00+00:00,65.0,69.0,72.0,68.0,69.0,80.0,64.0,5,1,1,69.57142857142857
2306,2,2024-05-07 02:00:00+00:00,69.0,72.0,80.0,71.0,71.0,81.0,66.0,5,1,2,72.85714285714286
2307,2,2024-05-07 03:00:00+00:00,73.0,75.0,82.0,71.0,71.0,80.0,65.0,5,1,3,73.85714285714286
2308,2,2024-05-07 04:00:00+00:00,67.0,69.0,77.0,65.0,66.0,76.0,60.0,5,1,4,68.57142857142857
2309,2,2024-05-07 05:00:00+00:00,58.0,61.0,64.0,56.0,57.0,69.0,54.0,5,1,5,59.857142857142854
2310,2,2024-05-07 06:00:00+00:00,45.0,48.0,41.0,53.0,50.0,64.0,44.0,5,1,6,49.285714285714285
2311,2,2024-05-07 07:00:00+00:00,40.0,38.0,35.0,47.0,44.0,60.0,42.0,5,1,7,43.714285714285715
2312,2,2024-05-07 08:00:00+00:00,36.0,35.0,33.0,41.0,39.0,57.0,41.0,5,1,8,40.285714285714285
2313,2,2024-05-07 09:00:00+00:00,35.0,33.0,31.0,37.0,36.0,56.0,40.0,5,1,9,38.285714285714285
2314,2,2024-05-07 10:00:00+00:00,30.0,33.0,29.0,34.0,35.0,59.0,39.0,5,1,10,37.0
2315,2,2024-05-07 11:00:00+00:00,27.0,35.0,28.0,31.0,35.0,64.0,37.0,5,1,11,36.714285714285715
2316,2,2024-05-07 12:00:00+00:00,46.0,38.0,42.0,40.0,53.0,52.0,46.0,5,1,12,45.285714285714285
2317,2,2024-05-07 13:00:00+00:00,48.0,44.0,44.0,49.0,58.0,55.0,52.0,5,1,13,50.0
2318,2,2024-05-07 14:00:00+00:00,54.0,53.0,53.0,61.0,64.0,56.0,62.0,5,1,14,57.57142857142857
2319,2,2024-05-07 15:00:00+00:00,57.0,58.0,55.0,71.0,69.0,58.0,68.0,5,1,15,62.285714285714285
2320,2,2024-05-07 16:00:00+00:00,57.0,66.0,60.0,78.0,73.0,60.0,69.0,5,1,16,66.14285714285714
2321,2,2024-05-07 17:00:00+00:00,54.0,71.0,63.0,83.0,75.0,63.0,68.0,5,1,17,68.14285714285714
2322,2,2024-05-07 18:00:00+00:00,75.0,69.0,60.0,77.0,78.0,65.0,67.0,5,1,18,70.14285714285714
2323,2,2024-05-07 19:00:00+00:00,83.0,71.0,59.0,78.0,81.0,68.0,69.0,5,1,19,72.71428571428571
2324,2,2024-05-07 20:00:00+00:00,78.0,69.0,60.0,78.0,83.0,71.0,71.0,5,1,20,72.85714285714286
2325,2,2024-05-07 21:00:00+00:00,79.0,68.0,61.0,78.0,84.0,73.0,72.0,5,1,21,73.57142857142857
2326,2,2024-05-07 22:00:00+00:00,76.0,71.0,63.0,80.0,84.0,73.0,71.0,5,1,22,74.0
2327,2,2024-05-07 23:00:00+00:00,77.0,75.0,65.0,82.0,83.0,71.0,69.0,5,1,23,74.57142857142857
2328,2,2024-05-08 00:00:00+00:00,73.0,72.0,75.0,93.0,82.0,64.0,64.0,5,2,0,74.71428571428571
2329,2,2024-05-08 01:00:00+00:00,75.0,75.0,80.0,93.0,81.0,68.0,62.0,5,2,1,76.28571428571429
2330,2,2024-05-08 02:00:00+00:00,74.0,80.0,84.0,92.0,80.0,73.0,61.0,5,2,2,77.71428571428571
2331,2,2024-05-08 03:00:00+00:00,73.0,75.0,87.0,88.0,77.0,77.0,59.0,5,2,3,76.57142857142857
2332,2,2024-05-08 04:00:00+00:00,67.0,76.0,80.0,79.0,72.0,77.0,57.0,5,2,4,72.57142857142857
2333,2,2024-05-08 05:00:00+00:00,60.0,65.0,68.0,68.0,65.0,74.0,55.0,5,2,5,65.0
2334,2,2024-05-08 06:00:00+00:00,68.0,69.0,53.0,61.0,59.0,72.0,66.0,5,2,6,64.0
2335,2,2024-05-08 07:00:00+00:00,60.0,62.0,54.0,57.0,56.0,70.0,63.0,5,2,7,60.285714285714285
2336,2,2024-05-08 08:00:00+00:00,57.0,59.0,57.0,56.0,55.0,69.0,61.0,5,2,8,59.142857142857146
2337,2,2024-05-08 09:00:00+00:00,58.0,62.0,63.0,56.0,53.0,68.0,59.0,5,2,9,59.857142857142854
2338,2,2024-05-08 10:00:00+00:00,60.0,62.0,63.0,57.0,50.0,69.0,58.0,5,2,10,59.857142857142854
2339,2,2024-05-08 11:00:00+00:00,62.0,62.0,61.0,59.0,46.0,71.0,57.0,5,2,11,59.714285714285715
2340,2,2024-05-08 12:00:00+00:00,62.0,63.0,62.0,64.0,62.0,45.0,62.0,5,2,12,60.0
2341,2,2024-05-08 13:00:00+00:00,65.0,65.0,67.0,69.0,62.0,47.0,65.0,5,2,13,62.857142857142854
2342,2,2024-05-08 14:00:00+00:00,64.0,69.0,72.0,74.0,61.0,50.0,69.0,5,2,14,65.57142857142857
2343,2,2024-05-08 15:00:00+00:00,62.0,66.0,76.0,77.0,60.0,54.0,72.0,5,2,15,66.71428571428571
2344,2,2024-05-08 16:00:00+00:00,61.0,64.0,76.0,77.0,59.0,57.0,74.0,5,2,16,66.85714285714286
2345,2,2024-05-08 17:00:00+00:00,61.0,64.0,79.0,76.0,59.0,60.0,74.0,5,2,17,67.57142857142857
2346,2,2024-05-08 18:00:00+00:00,62.0,64.0,76.0,60.0,58.0,62.0,60.0,5,2,18,63.142857142857146
2347,2,2024-05-08 19:00:00+00:00,58.0,61.0,70.0,58.0,57.0,64.0,60.0,5,2,19,61.142857142857146
2348,2,2024-05-08 20:00:00+00:00,55.0,59.0,64.0,57.0,56.0,65.0,59.0,5,2,20,59.285714285714285
2349,2,2024-05-08 21:00:00+00:00,54.0,57.0,61.0,56.0,55.0,65.0,58.0,5,2,21,58.0
2350,2,2024-05-08 22:00:00+00:00,53.0,56.0,59.0,56.0,54.0,64.0,57.0,5,2,22,57.0
2351,2,2024-05-08 23:00:00+00:00,52.0,56.0,59.0,56.0,53.0,61.0,56.0,5,2,23,56.142857142857146
2352,2,2024-05-09 00:00:00+00:00,53.0,58.0,61.0,56.0,55.0,58.0,66.0,5,3,0,58.142857142857146
2353,2,2024-05-09 01:00:00+00:00,59.0,56.0,59.0,54.0,53.0,55.0,66.0,5,3,1,57.42857142857143
2354,2,2024-05-09 02:00:00+00:00,57.0,56.0,58.0,52.0,51.0,51.0,67.0,5,3,2,56.0
2355,2,2024-05-09 03:00:00+00:00,54.0,56.0,51.0,49.0,48.0,47.0,66.0,5,3,3,53.0
2356,2,2024-05-09 04:00:00+00:00,48.0,53.0,45.0,44.0,43.0,42.0,62.0,5,3,4,48.142857142857146
2357,2,2024-05-09 05:00:00+00:00,40.0,47.0,43.0,39.0,38.0,37.0,58.0,5,3,5,43.142857142857146
2358,2,2024-05-09 06:00:00+00:00,43.0,46.0,43.0,39.0,34.0,33.0,41.0,5,3,6,39.857142857142854
2359,2,2024-05-09 07:00:00+00:00,37.0,40.0,33.0,36.0,32.0,31.0,39.0,5,3,7,35.42857142857143
2360,2,2024-05-09 08:00:00+00:00,32.0,35.0,32.0,34.0,30.0,30.0,38.0,5,3,8,33.0
2361,2,2024-05-09 09:00:00+00:00,30.0,34.0,30.0,32.0,30.0,30.0,38.0,5,3,9,32.0
2362,2,2024-05-09 10:00:00+00:00,32.0,32.0,28.0,31.0,31.0,30.0,39.0,5,3,10,31.857142857142858
2363,2,2024-05-09 11:00:00+00:00,32.0,31.0,28.0,32.0,32.0,31.0,40.0,5,3,11,32.285714285714285
2364,2,2024-05-09 12:00:00+00:00,31.0,30.0,30.0,35.0,33.0,33.0,52.0,5,3,12,34.857142857142854
2365,2,2024-05-09 13:00:00+00:00,31.0,31.0,32.0,38.0,34.0,35.0,53.0,5,3,13,36.285714285714285
2366,2,2024-05-09 14:00:00+00:00,34.0,34.0,36.0,42.0,37.0,38.0,54.0,5,3,14,39.285714285714285
2367,2,2024-05-09 15:00:00+00:00,39.0,39.0,41.0,45.0,40.0,40.0,55.0,5,3,15,42.714285714285715
2368,2,2024-05-09 16:00:00+00:00,44.0,37.0,42.0,46.0,44.0,41.0,56.0,5,3,16,44.285714285714285
2369,2,2024-05-09 17:00:00+00:00,42.0,42.0,44.0,46.0,48.0,42.0,57.0,5,3,17,45.857142857142854
2370,2,2024-05-09 18:00:00+00:00,50.0,40.0,43.0,42.0,51.0,43.0,58.0,5,3,18,46.714285714285715
2371,2,2024-05-09 19:00:00+00:00,48.0,41.0,41.0,44.0,53.0,46.0,56.0,5,3,19,47.0
2372,2,2024-05-09 20:00:00+00:00,49.0,42.0,41.0,46.0,55.0,49.0,52.0,5,3,20,47.714285714285715
2373,2,2024-05-09 21:00:00+00:00,52.0,44.0,43.0,49.0,57.0,52.0,50.0,5,3,21,49.57142857142857
2374,2,2024-05-09 22:00:00+00:00,55.0,48.0,46.0,51.0,59.0,54.0,51.0,5,3,22,52.0
2375,2,2024-05-09 23:00:00+00:00,57.0,50.0,49.0,54.0,60.0,55.0,53.0,5,3,23,54.0
2376,2,2024-05-10 00:00:00+00:00,54.0,56.0,53.0,57.0,60.0,54.0,59.0,5,4,0,56.142857142857146
2377,2,2024-05-10 01:00:00+00:00,54.0,57.0,55.0,57.0,62.0,52.0,60.0,5,4,1,56.714285714285715
2378,2,2024-05-10 02:00:00+00:00,57.0,60.0,56.0,56.0,63.0,49.0,62.0,5,4,2,57.57142857142857
2379,2,2024-05-10 03:00:00+00:00,55.0,60.0,57.0,54.0,62.0,47.0,61.0,5,4,3,56.57142857142857
2380,2,2024-05-10 04:00:00+00:00,49.0,56.0,53.0,50.0,56.0,45.0,56.0,5,4,4,52.142857142857146
2381,2,2024-05-10 05:00:00+00:00,45.0,49.0,47.0,45.0,48.0,43.0,49.0,5,4,5,46.57142857142857
2382,2,2024-05-10 06:00:00+00:00,44.0,43.0,44.0,47.0,41.0,41.0,40.0,5,4,6,42.857142857142854
2383,2,2024-05-10 07:00:00+00:00,39.0,38.0,40.0,42.0,35.0,39.0,37.0,5,4,7,38.57142857142857
2384,2,2024-05-10 08:00:00+00:00,36.0,33.0,36.0,37.0,31.0,37.0,35.0,5,4,8,35.0
2385,2,2024-05-10 09:00:00+00:00,28.0,33.0,32.0,34.0,28.0,36.0,33.0,5,4,9,32.0
2386,2,2024-05-10 10:00:00+00:00,27.0,34.0,33.0,33.0,29.0,36.0,31.0,5,4,10,31.857142857142858
2387,2,2024-05-10 11:00:00+00:00,28.0,34.0,33.0,34.0,32.0,36.0,30.0,5,4,11,32.42857142857143
2388,2,2024-05-10 12:00:00+00:00,29.0,30.0,32.0,37.0,34.0,38.0,36.0,5,4,12,33.714285714285715
2389,2,2024-05-10 13:00:00+00:00,32.0,32.0,35.0,39.0,37.0,40.0,40.0,5,4,13,36.42857142857143
2390,2,2024-05-10 14:00:00+00:00,34.0,37.0,36.0,41.0,40.0,44.0,45.0,5,4,14,39.57142857142857
2391,2,2024-05-10 15:00:00+00:00,38.0,38.0,39.0,43.0,43.0,47.0,50.0,5,4,15,42.57142857142857
2392,2,2024-05-10 16:00:00+00:00,42.0,39.0,41.0,43.0,43.0,50.0,55.0,5,4,16,44.714285714285715
2393,2,2024-05-10 17:00:00+00:00,45.0,42.0,42.0,43.0,42.0,52.0,59.0,5,4,17,46.42857142857143
2394,2,2024-05-10 18:00:00+00:00,46.0,46.0,46.0,42.0,43.0,54.0,61.0,5,4,18,48.285714285714285
2395,2,2024-05-10 19:00:00+00:00,49.0,48.0,48.0,45.0,47.0,56.0,61.0,5,4,19,50.57142857142857
2396,2,2024-05-10 20:00:00+00:00,52.0,51.0,50.0,48.0,52.0,57.0,61.0,5,4,20,53.0
2397,2,2024-05-10 21:00:00+00:00,54.0,55.0,52.0,51.0,55.0,58.0,60.0,5,4,21,55.0
2398,2,2024-05-10 22:00:00+00:00,55.0,60.0,57.0,53.0,55.0,59.0,60.0,5,4,22,57.0
2399,2,2024-05-10 23:00:00+00:00,54.0,62.0,62.0,54.0,54.0,60.0,59.0,5,4,23,57.857142857142854
2400,2,2024-05-11 00:00:00+00:00,59.0,65.0,65.0,53.0,55.0,52.0,50.0,5,5,0,57.0
2401,2,2024-05-11 01:00:00+00:00,58.0,63.0,68.0,52.0,59.0,50.0,50.0,5,5,1,57.142857142857146
2402,2,2024-05-11 02:00:00+00:00,55.0,61.0,64.0,51.0,65.0,47.0,51.0,5,5,2,56.285714285714285
2403,2,2024-05-11 03:00:00+00:00,46.0,59.0,58.0,48.0,67.0,44.0,50.0,5,5,3,53.142857142857146
2404,2,2024-05-11 04:00:00+00:00,39.0,50.0,53.0,42.0,61.0,40.0,46.0,5,5,4,47.285714285714285
2405,2,2024-05-11 05:00:00+00:00,33.0,41.0,45.0,34.0,51.0,36.0,41.0,5,5,5,40.142857142857146
2406,2,2024-05-11 06:00:00+00:00,30.0,41.0,37.0,45.0,43.0,33.0,42.0,5,5,6,38.714285714285715
2407,2,2024-05-11 07:00:00+00:00,28.0,36.0,38.0,40.0,38.0,32.0,40.0,5,5,7,36.0
2408,2,2024-05-11 08:00:00+00:00,28.0,34.0,33.0,34.0,35.0,32.0,40.0,5,5,8,33.714285714285715
2409,2,2024-05-11 09:00:00+00:00,25.0,33.0,32.0,31.0,33.0,32.0,40.0,5,5,9,32.285714285714285
2410,2,2024-05-11 10:00:00+00:00,24.0,32.0,30.0,30.0,33.0,33.0,40.0,5,5,10,31.714285714285715
2411,2,2024-05-11 11:00:00+00:00,28.0,35.0,32.0,31.0,34.0,34.0,41.0,5,5,11,33.57142857142857
2412,2,2024-05-11 12:00:00+00:00,32.0,37.0,35.0,30.0,33.0,34.0,41.0,5,5,12,34.57142857142857
2413,2,2024-05-11 13:00:00+00:00,35.0,39.0,39.0,35.0,38.0,38.0,44.0,5,5,13,38.285714285714285
2414,2,2024-05-11 14:00:00+00:00,40.0,42.0,41.0,41.0,45.0,43.0,48.0,5,5,14,42.857142857142854
2415,2,2024-05-11 15:00:00+00:00,48.0,45.0,46.0,48.0,52.0,49.0,51.0,5,5,15,48.42857142857143
2416,2,2024-05-11 16:00:00+00:00,57.0,52.0,56.0,54.0,60.0,56.0,52.0,5,5,16,55.285714285714285
2417,2,2024-05-11 17:00:00+00:00,63.0,56.0,62.0,60.0,68.0,63.0,53.0,5,5,17,60.714285714285715
2418,2,2024-05-11 18:00:00+00:00,68.0,63.0,62.0,69.0,75.0,69.0,68.0,5,5,18,67.71428571428571
2419,2,2024-05-11 19:00:00+00:00,70.0,66.0,65.0,74.0,80.0,72.0,68.0,5,5,19,70.71428571428571
2420,2,2024-05-11 20:00:00+00:00,72.0,69.0,65.0,77.0,84.0,73.0,66.0,5,5,20,72.28571428571429
2421,2,2024-05-11 21:00:00+00:00,73.0,69.0,65.0,80.0,87.0,75.0,64.0,5,5,21,73.28571428571429
2422,2,2024-05-11 22:00:00+00:00,73.0,69.0,65.0,83.0,89.0,79.0,62.0,5,5,22,74.28571428571429
2423,2,2024-05-11 23:00:00+00:00,74.0,70.0,66.0,87.0,91.0,84.0,61.0,5,5,23,76.14285714285714
2424,2,2024-05-12 00:00:00+00:00,73.0,78.0,80.0,73.0,66.0,76.0,56.0,5,6,0,71.71428571428571
2425,2,2024-05-12 01:00:00+00:00,74.0,78.0,82.0,76.0,68.0,77.0,55.0,5,6,1,72.85714285714286
2426,2,2024-05-12 02:00:00+00:00,77.0,78.0,85.0,79.0,69.0,77.0,54.0,5,6,2,74.14285714285714
2427,2,2024-05-12 03:00:00+00:00,78.0,80.0,86.0,77.0,67.0,75.0,52.0,5,6,3,73.57142857142857
2428,2,2024-05-12 04:00:00+00:00,75.0,78.0,79.0,66.0,59.0,69.0,47.0,5,6,4,67.57142857142857
2429,2,2024-05-12 05:00:00+00:00,50.0,54.0,60.0,50.0,48.0,61.0,41.0,5,6,5,52.0
2430,2,2024-05-12 06:00:00+00:00,44.0,34.0,53.0,50.0,38.0,52.0,35.0,5,6,6,43.714285714285715
2431,2,2024-05-12 07:00:00+00:00,32.0,28.0,39.0,41.0,32.0,43.0,31.0,5,6,7,35.142857142857146
2432,2,2024-05-12 08:00:00+00:00,25.0,24.0,32.0,34.0,28.0,35.0,28.0,5,6,8,29.428571428571427
2433,2,2024-05-12 09:00:00+00:00,20.0,21.0,29.0,28.0,24.0,28.0,26.0,5,6,9,25.142857142857142
2434,2,2024-05-12 10:00:00+00:00,17.0,22.0,23.0,21.0,20.0,23.0,25.0,5,6,10,21.571428571428573
2435,2,2024-05-12 11:00:00+00:00,15.0,20.0,20.0,16.0,17.0,20.0,25.0,5,6,11,19.0
2436,2,2024-05-12 12:00:00+00:00,14.0,19.0,19.0,20.0,19.0,24.0,26.0,5,6,12,20.142857142857142
2437,2,2024-05-12 13:00:00+00:00,15.0,20.0,18.0,25.0,25.0,30.0,28.0,5,6,13,23.0
2438,2,2024-05-12 14:00:00+00:00,23.0,31.0,26.0,34.0,36.0,38.0,31.0,5,6,14,31.285714285714285
2439,2,2024-05-12 15:00:00+00:00,38.0,45.0,43.0,42.0,45.0,46.0,35.0,5,6,15,42.0
2440,2,2024-05-12 16:00:00+00:00,50.0,50.0,50.0,48.0,52.0,54.0,40.0,5,6,16,49.142857142857146
2441,2,2024-05-12 17:00:00+00:00,55.0,53.0,53.0,54.0,57.0,61.0,45.0,5,6,17,54.0
2442,2,2024-05-12 18:00:00+00:00,61.0,59.0,61.0,55.0,60.0,66.0,48.0,5,6,18,58.57142857142857
2443,2,2024-05-12 19:00:00+00:00,54.0,61.0,54.0,53.0,59.0,67.0,48.0,5,6,19,56.57142857142857
2444,2,2024-05-12 20:00:00+00:00,53.0,58.0,50.0,48.0,56.0,66.0,47.0,5,6,20,54.0
2445,2,2024-05-12 21:00:00+00:00,54.0,56.0,50.0,45.0,54.0,65.0,46.0,5,6,21,52.857142857142854
2446,2,2024-05-12 22:00:00+00:00,54.0,54.0,50.0,46.0,54.0,65.0,45.0,5,6,22,52.57142857142857
2447,2,2024-05-12 23:00:00+00:00,57.0,58.0,53.0,50.0,56.0,66.0,44.0,5,6,23,54.857142857142854
2448,2,2024-05-13 00:00:00+00:00,59.0,59.0,63.0,59.0,57.0,58.0,44.0,5,0,0,57.0
2449,2,2024-05-13 01:00:00+00:00,61.0,62.0,65.0,61.0,59.0,58.0,43.0,5,0,1,58.42857142857143
2450,2,2024-05-13 02:00:00+00:00,62.0,64.0,69.0,63.0,61.0,58.0,43.0,5,0,2,60.0
2451,2,2024-05-13 03:00:00+00:00,61.0,63.0,68.0,62.0,60.0,56.0,41.0,5,0,3,58.714285714285715
2452,2,2024-05-13 04:00:00+00:00,55.0,53.0,55.0,55.0,52.0,48.0,38.0,5,0,4,50.857142857142854
2453,2,2024-05-13 05:00:00+00:00,43.0,40.0,40.0,46.0,41.0,38.0,34.0,5,0,5,40.285714285714285
2454,2,2024-05-13 06:00:00+00:00,32.0,39.0,38.0,36.0,32.0,30.0,29.0,5,0,6,33.714285714285715
2455,2,2024-05-13 07:00:00+00:00,30.0,36.0,35.0,31.0,26.0,26.0,27.0,5,0,7,30.142857142857142
2456,2,2024-05-13 08:00:00+00:00,26.0,31.0,29.0,28.0,23.0,23.0,26.0,5,0,8,26.571428571428573
2457,2,2024-05-13 09:00:00+00:00,23.0,28.0,27.0,25.0,20.0,21.0,25.0,5,0,9,24.142857142857142
2458,2,2024-05-13 10:00:00+00:00,22.0,24.0,25.0,23.0,17.0,19.0,24.0,5,0,10,22.0
2459,2,2024-05-13 11:00:00+00:00,20.0,22.0,23.0,22.0,16.0,17.0,22.0,5,0,11,20.285714285714285
2460,2,2024-05-13 12:00:00+00:00,18.0,20.0,17.0,17.0,17.0,18.0,26.0,5,0,12,19.0
2461,2,2024-05-13 13:00:00+00:00,18.0,20.0,18.0,24.0,22.0,26.0,34.0,5,0,13,23.142857142857142
2462,2,2024-05-13 14:00:00+00:00,21.0,26.0,22.0,35.0,31.0,39.0,43.0,5,0,14,31.0
2463,2,2024-05-13 15:00:00+00:00,34.0,41.0,42.0,44.0,38.0,49.0,50.0,5,0,15,42.57142857142857
2464,2,2024-05-13 16:00:00+00:00,47.0,54.0,56.0,48.0,43.0,55.0,50.0,5,0,16,50.42857142857143
2465,2,2024-05-13 17:00:00+00:00,54.0,54.0,56.0,51.0,46.0,59.0,46.0,5,0,17,52.285714285714285
2466,2,2024-05-13 18:00:00+00:00,49.0,50.0,53.0,52.0,49.0,61.0,48.0,5,0,18,51.714285714285715
2467,2,2024-05-13 19:00:00+00:00,49.0,49.0,48.0,53.0,51.0,60.0,48.0,5,0,19,51.142857142857146
2468,2,2024-05-13 20:00:00+00:00,49.0,50.0,46.0,52.0,52.0,57.0,48.0,5,0,20,50.57142857142857
2469,2,2024-05-13 21:00:00+00:00,51.0,52.0,49.0,52.0,53.0,54.0,48.0,5,0,21,51.285714285714285
2470,2,2024-05-13 22:00:00+00:00,53.0,57.0,53.0,54.0,56.0,53.0,48.0,5,0,22,53.42857142857143
2471,2,2024-05-13 23:00:00+00:00,54.0,63.0,57.0,56.0,59.0,54.0,48.0,5,0,23,55.857142857142854
2472,2,2024-05-14 00:00:00+00:00,67.0,71.0,65.0,68.0,65.0,50.0,47.0,5,1,0,61.857142857142854
2473,2,2024-05-14 01:00:00+00:00,69.0,71.0,66.0,70.0,68.0,55.0,47.0,5,1,1,63.714285714285715
2474,2,2024-05-14 02:00:00+00:00,68.0,73.0,67.0,72.0,70.0,60.0,47.0,5,1,2,65.28571428571429
2475,2,2024-05-14 03:00:00+00:00,64.0,72.0,67.0,70.0,69.0,62.0,45.0,5,1,3,64.14285714285714
2476,2,2024-05-14 04:00:00+00:00,57.0,64.0,60.0,62.0,65.0,57.0,41.0,5,1,4,58.0
2477,2,2024-05-14 05:00:00+00:00,46.0,53.0,47.0,51.0,58.0,49.0,35.0,5,1,5,48.42857142857143
2478,2,2024-05-14 06:00:00+00:00,37.0,35.0,38.0,29.0,51.0,41.0,33.0,5,1,6,37.714285714285715
2479,2,2024-05-14 07:00:00+00:00,30.0,27.0,28.0,24.0,43.0,33.0,30.0,5,1,7,30.714285714285715
2480,2,2024-05-14 08:00:00+00:00,26.0,24.0,24.0,22.0,35.0,26.0,29.0,5,1,8,26.571428571428573
2481,2,2024-05-14 09:00:00+00:00,24.0,23.0,21.0,20.0,28.0,20.0,28.0,5,1,9,23.428571428571427
2482,2,2024-05-14 10:00:00+00:00,23.0,22.0,20.0,17.0,22.0,16.0,27.0,5,1,10,21.0
2483,2,2024-05-14 11:00:00+00:00,22.0,20.0,19.0,15.0,18.0,14.0,27.0,5,1,11,19.285714285714285
2484,2,2024-05-14 12:00:00+00:00,21.0,19.0,19.0,15.0,21.0,24.0,36.0,5,1,12,22.142857142857142
2485,2,2024-05-14 13:00:00+00:00,20.0,21.0,19.0,26.0,29.0,37.0,43.0,5,1,13,27.857142857142858
2486,2,2024-05-14 14:00:00+00:00,25.0,26.0,22.0,42.0,42.0,54.0,52.0,5,1,14,37.57142857142857
2487,2,2024-05-14 15:00:00+00:00,47.0,48.0,40.0,53.0,50.0,67.0,57.0,5,1,15,51.714285714285715
2488,2,2024-05-14 16:00:00+00:00,54.0,57.0,60.0,53.0,48.0,70.0,57.0,5,1,16,57.0
2489,2,2024-05-14 17:00:00+00:00,53.0,53.0,56.0,49.0,42.0,69.0,54.0,5,1,17,53.714285714285715
2490,2,2024-05-14 18:00:00+00:00,54.0,51.0,49.0,46.0,41.0,67.0,57.0,5,1,18,52.142857142857146
2491,2,2024-05-14 19:00:00+00:00,60.0,55.0,48.0,48.0,50.0,65.0,57.0,5,1,19,54.714285714285715
2492,2,2024-05-14 20:00:00+00:00,60.0,59.0,51.0,53.0,64.0,62.0,57.0,5,1,20,58.0
2493,2,2024-05-14 21:00:00+00:00,62.0,62.0,53.0,56.0,75.0,60.0,57.0,5,1,21,60.714285714285715
2494,2,2024-05-14 22:00:00+00:00,64.0,65.0,52.0,57.0,79.0,58.0,56.0,5,1,22,61.57142857142857
2495,2,2024-05-14 23:00:00+00:00,64.0,66.0,54.0,57.0,81.0,57.0,56.0,5,1,23,62.142857142857146
2496,2,2024-05-15 00:00:00+00:00,63.0,56.0,62.0,55.0,68.0,78.0,73.0,5,2,0,65.0
2497,2,2024-05-15 01:00:00+00:00,65.0,58.0,65.0,58.0,76.0,85.0,72.0,5,2,1,68.42857142857143
2498,2,2024-05-15 02:00:00+00:00,69.0,58.0,66.0,62.0,83.0,88.0,69.0,5,2,2,70.71428571428571
2499,2,2024-05-15 03:00:00+00:00,72.0,58.0,65.0,62.0,85.0,87.0,65.0,5,2,3,70.57142857142857
2500,2,2024-05-15 04:00:00+00:00,63.0,56.0,60.0,57.0,76.0,78.0,58.0,5,2,4,64.0
2501,2,2024-05-15 05:00:00+00:00,54.0,51.0,52.0,48.0,62.0,64.0,49.0,5,2,5,54.285714285714285
2502,2,2024-05-15 06:00:00+00:00,46.0,45.0,44.0,41.0,49.0,52.0,35.0,5,2,6,44.57142857142857
2503,2,2024-05-15 07:00:00+00:00,41.0,39.0,35.0,35.0,41.0,42.0,33.0,5,2,7,38.0
2504,2,2024-05-15 08:00:00+00:00,37.0,34.0,30.0,29.0,35.0,34.0,34.0,5,2,8,33.285714285714285
2505,2,2024-05-15 09:00:00+00:00,33.0,31.0,26.0,24.0,32.0,30.0,35.0,5,2,9,30.142857142857142
2506,2,2024-05-15 10:00:00+00:00,29.0,27.0,23.0,19.0,35.0,34.0,37.0,5,2,10,29.142857142857142
2507,2,2024-05-15 11:00:00+00:00,26.0,25.0,21.0,15.0,41.0,42.0,39.0,5,2,11,29.857142857142858
2508,2,2024-05-15 12:00:00+00:00,25.0,25.0,21.0,17.0,16.0,29.0,31.0,5,2,12,23.428571428571427
2509,2,2024-05-15 13:00:00+00:00,25.0,25.0,21.0,25.0,26.0,39.0,38.0,5,2,13,28.428571428571427
2510,2,2024-05-15 14:00:00+00:00,28.0,41.0,27.0,37.0,40.0,53.0,46.0,5,2,14,38.857142857142854
2511,2,2024-05-15 15:00:00+00:00,46.0,51.0,43.0,46.0,50.0,63.0,52.0,5,2,15,50.142857142857146
2512,2,2024-05-15 16:00:00+00:00,56.0,53.0,50.0,50.0,52.0,65.0,52.0,5,2,16,54.0
2513,2,2024-05-15 17:00:00+00:00,56.0,53.0,44.0,51.0,49.0,63.0,50.0,5,2,17,52.285714285714285
2514,2,2024-05-15 18:00:00+00:00,55.0,47.0,47.0,50.0,47.0,61.0,56.0,5,2,18,51.857142857142854
2515,2,2024-05-15 19:00:00+00:00,57.0,47.0,49.0,50.0,47.0,61.0,60.0,5,2,19,53.0
2516,2,2024-05-15 20:00:00+00:00,62.0,49.0,48.0,51.0,47.0,61.0,63.0,5,2,20,54.42857142857143
2517,2,2024-05-15 21:00:00+00:00,62.0,56.0,49.0,52.0,48.0,62.0,67.0,5,2,21,56.57142857142857
2518,2,2024-05-15 22:00:00+00:00,61.0,60.0,50.0,52.0,49.0,64.0,71.0,5,2,22,58.142857142857146
2519,2,2024-05-15 23:00:00+00:00,59.0,62.0,53.0,52.0,50.0,67.0,74.0,5,2,23,59.57142857142857
2520,2,2024-05-16 00:00:00+00:00,64.0,66.0,58.0,60.0,51.0,78.0,60.0,5,3,0,62.42857142857143
2521,2,2024-05-16 01:00:00+00:00,65.0,67.0,59.0,61.0,54.0,79.0,60.0,5,3,1,63.57142857142857
2522,2,2024-05-16 02:00:00+00:00,67.0,68.0,63.0,62.0,58.0,78.0,59.0,5,3,2,65.0
2523,2,2024-05-16 03:00:00+00:00,66.0,68.0,66.0,61.0,59.0,75.0,56.0,5,3,3,64.42857142857143
2524,2,2024-05-16 04:00:00+00:00,61.0,62.0,63.0,57.0,55.0,68.0,50.0,5,3,4,59.42857142857143
2525,2,2024-05-16 05:00:00+00:00,55.0,57.0,57.0,51.0,49.0,59.0,42.0,5,3,5,52.857142857142854
2526,2,2024-05-16 06:00:00+00:00,47.0,47.0,49.0,47.0,43.0,51.0,35.0,5,3,6,45.57142857142857
2527,2,2024-05-16 07:00:00+00:00,39.0,38.0,42.0,40.0,37.0,44.0,31.0,5,3,7,38.714285714285715
2528,2,2024-05-16 08:00:00+00:00,33.0,32.0,37.0,33.0,31.0,37.0,30.0,5,3,8,33.285714285714285
2529,2,2024-05-16 09:00:00+00:00,29.0,28.0,35.0,29.0,26.0,33.0,29.0,5,3,9,29.857142857142858
2530,2,2024-05-16 10:00:00+00:00,26.0,24.0,35.0,29.0,21.0,32.0,29.0,5,3,10,28.0
2531,2,2024-05-16 11:00:00+00:00,24.0,21.0,46.0,32.0,18.0,32.0,31.0,5,3,11,29.142857142857142
2532,2,2024-05-16 12:00:00+00:00,25.0,28.0,51.0,52.0,49.0,20.0,48.0,5,3,12,39.0
2533,2,2024-05-16 13:00:00+00:00,39.0,44.0,60.0,54.0,48.0,25.0,50.0,5,3,13,45.714285714285715
2534,2,2024-05-16 14:00:00+00:00,55.0,48.0,61.0,54.0,46.0,34.0,51.0,5,3,14,49.857142857142854
2535,2,2024-05-16 15:00:00+00:00,58.0,55.0,64.0,53.0,45.0,40.0,53.0,5,3,15,52.57142857142857
2536,2,2024-05-16 16:00:00+00:00,59.0,53.0,64.0,52.0,47.0,41.0,56.0,5,3,16,53.142857142857146
2537,2,2024-05-16 17:00:00+00:00,62.0,53.0,64.0,50.0,50.0,40.0,60.0,5,3,17,54.142857142857146
2538,2,2024-05-16 18:00:00+00:00,61.0,53.0,62.0,56.0,52.0,40.0,56.0,5,3,18,54.285714285714285
2539,2,2024-05-16 19:00:00+00:00,61.0,55.0,61.0,55.0,51.0,40.0,58.0,5,3,19,54.42857142857143
2540,2,2024-05-16 20:00:00+00:00,64.0,58.0,58.0,54.0,50.0,41.0,59.0,5,3,20,54.857142857142854
2541,2,2024-05-16 21:00:00+00:00,66.0,60.0,53.0,55.0,49.0,45.0,61.0,5,3,21,55.57142857142857
2542,2,2024-05-16 22:00:00+00:00,68.0,62.0,55.0,60.0,51.0,56.0,63.0,5,3,22,59.285714285714285
2543,2,2024-05-16 23:00:00+00:00,70.0,66.0,57.0,68.0,53.0,70.0,64.0,5,3,23,64.0
2544,2,2024-05-17 00:00:00+00:00,70.0,68.0,66.0,62.0,60.0,77.0,65.0,5,4,0,66.85714285714286
2545,2,2024-05-17 01:00:00+00:00,69.0,70.0,70.0,68.0,67.0,77.0,69.0,5,4,1,70.0
2546,2,2024-05-17 02:00:00+00:00,67.0,69.0,75.0,74.0,74.0,76.0,73.0,5,4,2,72.57142857142857
2547,2,2024-05-17 03:00:00+00:00,66.0,66.0,75.0,75.0,76.0,74.0,74.0,5,4,3,72.28571428571429
2548,2,2024-05-17 04:00:00+00:00,59.0,60.0,66.0,67.0,67.0,70.0,69.0,5,4,4,65.42857142857143
2549,2,2024-05-17 05:00:00+00:00,53.0,51.0,56.0,55.0,53.0,65.0,62.0,5,4,5,56.42857142857143
2550,2,2024-05-17 06:00:00+00:00,46.0,48.0,50.0,48.0,42.0,60.0,53.0,5,4,6,49.57142857142857
2551,2,2024-05-17 07:00:00+00:00,43.0,48.0,46.0,42.0,37.0,56.0,49.0,5,4,7,45.857142857142854
2552,2,2024-05-17 08:00:00+00:00,42.0,46.0,41.0,37.0,36.0,52.0,45.0,5,4,8,42.714285714285715
2553,2,2024-05-17 09:00:00+00:00,43.0,44.0,37.0,34.0,35.0,49.0,42.0,5,4,9,40.57142857142857
2554,2,2024-05-17 10:00:00+00:00,39.0,42.0,37.0,33.0,35.0,47.0,40.0,5,4,10,39.0
2555,2,2024-05-17 11:00:00+00:00,38.0,41.0,35.0,33.0,37.0,47.0,39.0,5,4,11,38.57142857142857
2556,2,2024-05-17 12:00:00+00:00,31.0,41.0,38.0,40.0,43.0,36.0,42.0,5,4,12,38.714285714285715
2557,2,2024-05-17 13:00:00+00:00,41.0,44.0,41.0,46.0,45.0,39.0,44.0,5,4,13,42.857142857142854
2558,2,2024-05-17 14:00:00+00:00,46.0,48.0,46.0,53.0,48.0,42.0,46.0,5,4,14,47.0
2559,2,2024-05-17 15:00:00+00:00,55.0,55.0,54.0,59.0,52.0,45.0,48.0,5,4,15,52.57142857142857
2560,2,2024-05-17 16:00:00+00:00,59.0,62.0,60.0,63.0,57.0,46.0,48.0,5,4,16,56.42857142857143
2561,2,2024-05-17 17:00:00+00:00,63.0,70.0,65.0,65.0,64.0,47.0,47.0,5,4,17,60.142857142857146
2562,2,2024-05-17 18:00:00+00:00,72.0,68.0,68.0,67.0,68.0,48.0,54.0,5,4,18,63.57142857142857
2563,2,2024-05-17 19:00:00+00:00,71.0,69.0,73.0,69.0,69.0,49.0,54.0,5,4,19,64.85714285714286
2564,2,2024-05-17 20:00:00+00:00,73.0,72.0,73.0,70.0,67.0,49.0,53.0,5,4,20,65.28571428571429
2565,2,2024-05-17 21:00:00+00:00,71.0,74.0,69.0,71.0,66.0,50.0,53.0,5,4,21,64.85714285714286
2566,2,2024-05-17 22:00:00+00:00,70.0,74.0,66.0,71.0,65.0,52.0,53.0,5,4,22,64.42857142857143
2567,2,2024-05-17 23:00:00+00:00,70.0,73.0,65.0,71.0,64.0,56.0,54.0,5,4,23,64.71428571428571
2568,2,2024-05-18 00:00:00+00:00,73.0,71.0,70.0,72.0,73.0,74.0,64.0,5,5,0,71.0
2569,2,2024-05-18 01:00:00+00:00,75.0,71.0,69.0,71.0,74.0,77.0,64.0,5,5,1,71.57142857142857
2570,2,2024-05-18 02:00:00+00:00,73.0,71.0,70.0,70.0,75.0,79.0,64.0,5,5,2,71.71428571428571
2571,2,2024-05-18 03:00:00+00:00,66.0,68.0,67.0,67.0,73.0,76.0,62.0,5,5,3,68.42857142857143
2572,2,2024-05-18 04:00:00+00:00,59.0,59.0,58.0,63.0,68.0,66.0,55.0,5,5,4,61.142857142857146
2573,2,2024-05-18 05:00:00+00:00,55.0,52.0,52.0,58.0,60.0,51.0,45.0,5,5,5,53.285714285714285
2574,2,2024-05-18 06:00:00+00:00,54.0,55.0,51.0,51.0,54.0,39.0,41.0,5,5,6,49.285714285714285
2575,2,2024-05-18 07:00:00+00:00,52.0,50.0,49.0,46.0,50.0,31.0,39.0,5,5,7,45.285714285714285
2576,2,2024-05-18 08:00:00+00:00,51.0,44.0,47.0,43.0,46.0,26.0,38.0,5,5,8,42.142857142857146
2577,2,2024-05-18 09:00:00+00:00,51.0,46.0,49.0,42.0,44.0,24.0,37.0,5,5,9,41.857142857142854
2578,2,2024-05-18 10:00:00+00:00,49.0,47.0,53.0,44.0,43.0,26.0,36.0,5,5,10,42.57142857142857
2579,2,2024-05-18 11:00:00+00:00,49.0,47.0,54.0,48.0,43.0,30.0,36.0,5,5,11,43.857142857142854
2580,2,2024-05-18 12:00:00+00:00,43.0,51.0,49.0,45.0,45.0,42.0,34.0,5,5,12,44.142857142857146
2581,2,2024-05-18 13:00:00+00:00,48.0,50.0,46.0,45.0,48.0,45.0,38.0,5,5,13,45.714285714285715
2582,2,2024-05-18 14:00:00+00:00,52.0,52.0,48.0,46.0,53.0,49.0,43.0,5,5,14,49.0
2583,2,2024-05-18 15:00:00+00:00,52.0,51.0,52.0,47.0,56.0,53.0,47.0,5,5,15,51.142857142857146
2584,2,2024-05-18 16:00:00+00:00,55.0,51.0,54.0,50.0,58.0,57.0,50.0,5,5,16,53.57142857142857
2585,2,2024-05-18 17:00:00+00:00,51.0,50.0,52.0,53.0,59.0,62.0,53.0,5,5,17,54.285714285714285
2586,2,2024-05-18 18:00:00+00:00,48.0,53.0,50.0,56.0,59.0,64.0,49.0,5,5,18,54.142857142857146
2587,2,2024-05-18 19:00:00+00:00,50.0,54.0,48.0,58.0,58.0,63.0,50.0,5,5,19,54.42857142857143
2588,2,2024-05-18 20:00:00+00:00,50.0,54.0,49.0,58.0,56.0,59.0,52.0,5,5,20,54.0
2589,2,2024-05-18 21:00:00+00:00,49.0,54.0,50.0,58.0,53.0,56.0,53.0,5,5,21,53.285714285714285
2590,2,2024-05-18 22:00:00+00:00,47.0,52.0,48.0,55.0,50.0,55.0,54.0,5,5,22,51.57142857142857
2591,2,2024-05-18 23:00:00+00:00,46.0,47.0,44.0,51.0,47.0,54.0,55.0,5,5,23,49.142857142857146
2592,2,2024-05-19 00:00:00+00:00,46.0,45.0,45.0,41.0,47.0,44.0,44.0,5,6,0,44.57142857142857
2593,2,2024-05-19 01:00:00+00:00,49.0,43.0,41.0,40.0,46.0,43.0,48.0,5,6,1,44.285714285714285
2594,2,2024-05-19 02:00:00+00:00,52.0,42.0,40.0,40.0,45.0,42.0,54.0,5,6,2,45.0
2595,2,2024-05-19 03:00:00+00:00,50.0,40.0,39.0,40.0,43.0,41.0,57.0,5,6,3,44.285714285714285
2596,2,2024-05-19 04:00:00+00:00,44.0,37.0,37.0,39.0,40.0,39.0,55.0,5,6,4,41.57142857142857
2597,2,2024-05-19 05:00:00+00:00,40.0,35.0,37.0,38.0,36.0,37.0,51.0,5,6,5,39.142857142857146
2598,2,2024-05-19 06:00:00+00:00,36.0,42.0,40.0,36.0,33.0,35.0,46.0,5,6,6,38.285714285714285
2599,2,2024-05-19 07:00:00+00:00,35.0,40.0,40.0,33.0,31.0,33.0,43.0,5,6,7,36.42857142857143
2600,2,2024-05-19 08:00:00+00:00,32.0,32.0,33.0,30.0,30.0,30.0,40.0,5,6,8,32.42857142857143
2601,2,2024-05-19 09:00:00+00:00,29.0,30.0,30.0,28.0,30.0,29.0,38.0,5,6,9,30.571428571428573
2602,2,2024-05-19 10:00:00+00:00,29.0,30.0,29.0,27.0,30.0,29.0,36.0,5,6,10,30.0
2603,2,2024-05-19 11:00:00+00:00,30.0,32.0,29.0,28.0,30.0,29.0,36.0,5,6,11,30.571428571428573
2604,2,2024-05-19 12:00:00+00:00,35.0,32.0,33.0,37.0,31.0,31.0,38.0,5,6,12,33.857142857142854
2605,2,2024-05-19 13:00:00+00:00,36.0,36.0,37.0,37.0,35.0,35.0,40.0,5,6,13,36.57142857142857
2606,2,2024-05-19 14:00:00+00:00,41.0,41.0,39.0,37.0,39.0,39.0,43.0,5,6,14,39.857142857142854
2607,2,2024-05-19 15:00:00+00:00,45.0,46.0,44.0,37.0,44.0,44.0,46.0,5,6,15,43.714285714285715
2608,2,2024-05-19 16:00:00+00:00,51.0,51.0,50.0,39.0,49.0,49.0,48.0,5,6,16,48.142857142857146
2609,2,2024-05-19 17:00:00+00:00,55.0,55.0,53.0,42.0,53.0,53.0,50.0,5,6,17,51.57142857142857
2610,2,2024-05-19 18:00:00+00:00,54.0,55.0,56.0,47.0,56.0,57.0,52.0,5,6,18,53.857142857142854
2611,2,2024-05-19 19:00:00+00:00,53.0,55.0,56.0,48.0,57.0,59.0,53.0,5,6,19,54.42857142857143
2612,2,2024-05-19 20:00:00+00:00,52.0,55.0,55.0,49.0,56.0,61.0,53.0,5,6,20,54.42857142857143
2613,2,2024-05-19 21:00:00+00:00,51.0,54.0,55.0,50.0,55.0,61.0,52.0,5,6,21,54.0
2614,2,2024-05-19 22:00:00+00:00,51.0,53.0,53.0,50.0,54.0,60.0,50.0,5,6,22,53.0
2615,2,2024-05-19 23:00:00+00:00,50.0,53.0,54.0,49.0,52.0,59.0,47.0,5,6,23,52.0
2616,2,2024-05-20 00:00:00+00:00,51.0,56.0,56.0,54.0,50.0,52.0,43.0,5,0,0,51.714285714285715
2617,2,2024-05-20 01:00:00+00:00,52.0,55.0,55.0,55.0,52.0,53.0,44.0,5,0,1,52.285714285714285
2618,2,2024-05-20 02:00:00+00:00,55.0,54.0,56.0,56.0,54.0,53.0,47.0,5,0,2,53.57142857142857
2619,2,2024-05-20 03:00:00+00:00,55.0,54.0,55.0,54.0,53.0,52.0,47.0,5,0,3,52.857142857142854
2620,2,2024-05-20 04:00:00+00:00,46.0,45.0,47.0,47.0,46.0,46.0,42.0,5,0,4,45.57142857142857
2621,2,2024-05-20 05:00:00+00:00,36.0,35.0,36.0,37.0,37.0,37.0,35.0,5,0,5,36.142857142857146
2622,2,2024-05-20 06:00:00+00:00,32.0,29.0,34.0,30.0,29.0,30.0,30.0,5,0,6,30.571428571428573
2623,2,2024-05-20 07:00:00+00:00,29.0,25.0,30.0,26.0,25.0,26.0,27.0,5,0,7,26.857142857142858
2624,2,2024-05-20 08:00:00+00:00,24.0,22.0,29.0,24.0,22.0,23.0,27.0,5,0,8,24.428571428571427
2625,2,2024-05-20 09:00:00+00:00,21.0,20.0,26.0,24.0,21.0,21.0,27.0,5,0,9,22.857142857142858
2626,2,2024-05-20 10:00:00+00:00,18.0,18.0,26.0,24.0,20.0,20.0,28.0,5,0,10,22.0
2627,2,2024-05-20 11:00:00+00:00,18.0,18.0,28.0,25.0,21.0,20.0,30.0,5,0,11,22.857142857142858
2628,2,2024-05-20 12:00:00+00:00,24.0,24.0,24.0,30.0,29.0,23.0,30.0,5,0,12,26.285714285714285
2629,2,2024-05-20 13:00:00+00:00,27.0,28.0,28.0,33.0,32.0,26.0,34.0,5,0,13,29.714285714285715
2630,2,2024-05-20 14:00:00+00:00,32.0,32.0,34.0,36.0,37.0,31.0,39.0,5,0,14,34.42857142857143
2631,2,2024-05-20 15:00:00+00:00,38.0,38.0,41.0,40.0,42.0,35.0,44.0,5,0,15,39.714285714285715
2632,2,2024-05-20 16:00:00+00:00,46.0,46.0,48.0,45.0,47.0,39.0,48.0,5,0,16,45.57142857142857
2633,2,2024-05-20 17:00:00+00:00,50.0,50.0,52.0,51.0,53.0,42.0,51.0,5,0,17,49.857142857142854
2634,2,2024-05-20 18:00:00+00:00,49.0,50.0,54.0,63.0,57.0,46.0,58.0,5,0,18,53.857142857142854
2635,2,2024-05-20 19:00:00+00:00,49.0,51.0,54.0,67.0,59.0,52.0,53.0,5,0,19,55.0
2636,2,2024-05-20 20:00:00+00:00,48.0,50.0,51.0,70.0,60.0,58.0,46.0,5,0,20,54.714285714285715
2637,2,2024-05-20 21:00:00+00:00,45.0,53.0,49.0,72.0,61.0,63.0,41.0,5,0,21,54.857142857142854
2638,2,2024-05-20 22:00:00+00:00,44.0,60.0,50.0,74.0,64.0,65.0,41.0,5,0,22,56.857142857142854
2639,2,2024-05-20 23:00:00+00:00,52.0,60.0,57.0,75.0,66.0,65.0,44.0,5,0,23,59.857142857142854
2640,2,2024-05-21 00:00:00+00:00,56.0,62.0,63.0,72.0,74.0,66.0,40.0,5,1,0,61.857142857142854
2641,2,2024-05-21 01:00:00+00:00,56.0,66.0,66.0,74.0,74.0,66.0,41.0,5,1,1,63.285714285714285
2642,2,2024-05-21 02:00:00+00:00,62.0,70.0,66.0,75.0,70.0,65.0,44.0,5,1,2,64.57142857142857
2643,2,2024-05-21 03:00:00+00:00,70.0,71.0,64.0,71.0,64.0,61.0,44.0,5,1,3,63.57142857142857
2644,2,2024-05-21 04:00:00+00:00,63.0,63.0,54.0,60.0,52.0,52.0,40.0,5,1,4,54.857142857142854
2645,2,2024-05-21 05:00:00+00:00,43.0,45.0,36.0,44.0,38.0,40.0,35.0,5,1,5,40.142857142857146
2646,2,2024-05-21 06:00:00+00:00,34.0,30.0,31.0,32.0,26.0,30.0,33.0,5,1,6,30.857142857142858
2647,2,2024-05-21 07:00:00+00:00,25.0,22.0,23.0,24.0,20.0,25.0,31.0,5,1,7,24.285714285714285
2648,2,2024-05-21 08:00:00+00:00,18.0,18.0,19.0,18.0,16.0,23.0,30.0,5,1,8,20.285714285714285
2649,2,2024-05-21 09:00:00+00:00,15.0,15.0,15.0,15.0,14.0,22.0,30.0,5,1,9,18.0
2650,2,2024-05-21 10:00:00+00:00,14.0,13.0,15.0,14.0,13.0,23.0,30.0,5,1,10,17.428571428571427
2651,2,2024-05-21 11:00:00+00:00,14.0,13.0,16.0,16.0,14.0,25.0,30.0,5,1,11,18.285714285714285
2652,2,2024-05-21 12:00:00+00:00,15.0,19.0,13.0,17.0,29.0,20.0,32.0,5,1,12,20.714285714285715
2653,2,2024-05-21 13:00:00+00:00,16.0,26.0,16.0,22.0,33.0,25.0,35.0,5,1,13,24.714285714285715
2654,2,2024-05-21 14:00:00+00:00,20.0,26.0,20.0,28.0,38.0,31.0,40.0,5,1,14,29.0
2655,2,2024-05-21 15:00:00+00:00,29.0,36.0,28.0,35.0,44.0,38.0,43.0,5,1,15,36.142857142857146
2656,2,2024-05-21 16:00:00+00:00,37.0,42.0,36.0,43.0,50.0,44.0,45.0,5,1,16,42.42857142857143
2657,2,2024-05-21 17:00:00+00:00,46.0,43.0,51.0,51.0,57.0,49.0,45.0,5,1,17,48.857142857142854
2658,2,2024-05-21 18:00:00+00:00,45.0,48.0,47.0,45.0,62.0,54.0,36.0,5,1,18,48.142857142857146
2659,2,2024-05-21 19:00:00+00:00,46.0,47.0,52.0,49.0,65.0,57.0,35.0,5,1,19,50.142857142857146
2660,2,2024-05-21 20:00:00+00:00,45.0,50.0,51.0,54.0,66.0,59.0,34.0,5,1,20,51.285714285714285
2661,2,2024-05-21 21:00:00+00:00,45.0,52.0,53.0,58.0,67.0,61.0,34.0,5,1,21,52.857142857142854
2662,2,2024-05-21 22:00:00+00:00,47.0,51.0,54.0,61.0,69.0,65.0,36.0,5,1,22,54.714285714285715
2663,2,2024-05-21 23:00:00+00:00,49.0,52.0,55.0,62.0,71.0,69.0,40.0,5,1,23,56.857142857142854
2664,2,2024-05-22 00:00:00+00:00,51.0,50.0,56.0,50.0,57.0,70.0,38.0,5,2,0,53.142857142857146
2665,2,2024-05-22 01:00:00+00:00,52.0,53.0,56.0,54.0,60.0,71.0,38.0,5,2,1,54.857142857142854
2666,2,2024-05-22 02:00:00+00:00,52.0,56.0,57.0,58.0,63.0,72.0,38.0,5,2,2,56.57142857142857
2667,2,2024-05-22 03:00:00+00:00,58.0,57.0,56.0,57.0,62.0,69.0,37.0,5,2,3,56.57142857142857
2668,2,2024-05-22 04:00:00+00:00,55.0,51.0,51.0,47.0,55.0,59.0,35.0,5,2,4,50.42857142857143
2669,2,2024-05-22 05:00:00+00:00,46.0,43.0,47.0,33.0,45.0,45.0,32.0,5,2,5,41.57142857142857
2670,2,2024-05-22 06:00:00+00:00,33.0,31.0,31.0,31.0,37.0,33.0,26.0,5,2,6,31.714285714285715
2671,2,2024-05-22 07:00:00+00:00,27.0,25.0,24.0,24.0,31.0,27.0,25.0,5,2,7,26.142857142857142
2672,2,2024-05-22 08:00:00+00:00,27.0,20.0,20.0,19.0,27.0,23.0,26.0,5,2,8,23.142857142857142
2673,2,2024-05-22 09:00:00+00:00,24.0,21.0,17.0,17.0,25.0,21.0,26.0,5,2,9,21.571428571428573
2674,2,2024-05-22 10:00:00+00:00,22.0,27.0,16.0,22.0,27.0,19.0,25.0,5,2,10,22.571428571428573
2675,2,2024-05-22 11:00:00+00:00,20.0,31.0,16.0,30.0,31.0,18.0,23.0,5,2,11,24.142857142857142
2676,2,2024-05-22 12:00:00+00:00,14.0,33.0,17.0,30.0,29.0,36.0,35.0,5,2,12,27.714285714285715
2677,2,2024-05-22 13:00:00+00:00,17.0,34.0,20.0,37.0,33.0,41.0,43.0,5,2,13,32.142857142857146
2678,2,2024-05-22 14:00:00+00:00,29.0,42.0,33.0,44.0,39.0,47.0,54.0,5,2,14,41.142857142857146
2679,2,2024-05-22 15:00:00+00:00,44.0,55.0,47.0,52.0,46.0,52.0,62.0,5,2,15,51.142857142857146
2680,2,2024-05-22 16:00:00+00:00,50.0,62.0,58.0,59.0,54.0,56.0,65.0,5,2,16,57.714285714285715
2681,2,2024-05-22 17:00:00+00:00,56.0,67.0,59.0,65.0,64.0,59.0,66.0,5,2,17,62.285714285714285
2682,2,2024-05-22 18:00:00+00:00,63.0,61.0,63.0,54.0,70.0,61.0,57.0,5,2,18,61.285714285714285
2683,2,2024-05-22 19:00:00+00:00,63.0,63.0,66.0,56.0,72.0,63.0,58.0,5,2,19,63.0
2684,2,2024-05-22 20:00:00+00:00,63.0,64.0,68.0,58.0,71.0,63.0,60.0,5,2,20,63.857142857142854
2685,2,2024-05-22 21:00:00+00:00,65.0,66.0,67.0,60.0,70.0,64.0,61.0,5,2,21,64.71428571428571
2686,2,2024-05-22 22:00:00+00:00,65.0,69.0,66.0,63.0,71.0,65.0,61.0,5,2,22,65.71428571428571
2687,2,2024-05-22 23:00:00+00:00,66.0,71.0,65.0,66.0,72.0,65.0,60.0,5,2,23,66.42857142857143
2688,2,2024-05-23 00:00:00+00:00,64.0,69.0,71.0,67.0,75.0,65.0,54.0,5,3,0,66.42857142857143
2689,2,2024-05-23 01:00:00+00:00,66.0,73.0,79.0,72.0,71.0,63.0,54.0,5,3,1,68.28571428571429
2690,2,2024-05-23 02:00:00+00:00,77.0,73.0,84.0,77.0,66.0,61.0,54.0,5,3,2,70.28571428571429
2691,2,2024-05-23 03:00:00+00:00,80.0,71.0,86.0,78.0,59.0,56.0,52.0,5,3,3,68.85714285714286
2692,2,2024-05-23 04:00:00+00:00,70.0,60.0,79.0,70.0,51.0,48.0,47.0,5,3,4,60.714285714285715
2693,2,2024-05-23 05:00:00+00:00,55.0,49.0,66.0,57.0,42.0,39.0,41.0,5,3,5,49.857142857142854
2694,2,2024-05-23 06:00:00+00:00,35.0,60.0,52.0,36.0,35.0,32.0,31.0,5,3,6,40.142857142857146
2695,2,2024-05-23 07:00:00+00:00,29.0,46.0,47.0,30.0,31.0,29.0,29.0,5,3,7,34.42857142857143
2696,2,2024-05-23 08:00:00+00:00,29.0,35.0,41.0,27.0,29.0,28.0,29.0,5,3,8,31.142857142857142
2697,2,2024-05-23 09:00:00+00:00,30.0,28.0,32.0,26.0,28.0,28.0,28.0,5,3,9,28.571428571428573
2698,2,2024-05-23 10:00:00+00:00,30.0,27.0,34.0,28.0,27.0,29.0,27.0,5,3,10,28.857142857142858
2699,2,2024-05-23 11:00:00+00:00,31.0,32.0,34.0,32.0,28.0,31.0,25.0,5,3,11,30.428571428571427
2700,2,2024-05-23 12:00:00+00:00,41.0,42.0,33.0,35.0,41.0,33.0,30.0,5,3,12,36.42857142857143
2701,2,2024-05-23 13:00:00+00:00,44.0,45.0,35.0,40.0,43.0,37.0,35.0,5,3,13,39.857142857142854
2702,2,2024-05-23 14:00:00+00:00,42.0,42.0,40.0,46.0,45.0,42.0,43.0,5,3,14,42.857142857142854
2703,2,2024-05-23 15:00:00+00:00,45.0,45.0,47.0,51.0,48.0,46.0,50.0,5,3,15,47.42857142857143
2704,2,2024-05-23 16:00:00+00:00,48.0,48.0,50.0,53.0,52.0,50.0,54.0,5,3,16,50.714285714285715
2705,2,2024-05-23 17:00:00+00:00,52.0,52.0,51.0,53.0,56.0,55.0,57.0,5,3,17,53.714285714285715
2706,2,2024-05-23 18:00:00+00:00,51.0,50.0,51.0,54.0,59.0,57.0,52.0,5,3,18,53.42857142857143
2707,2,2024-05-23 19:00:00+00:00,52.0,53.0,52.0,58.0,59.0,57.0,53.0,5,3,19,54.857142857142854
2708,2,2024-05-23 20:00:00+00:00,52.0,54.0,52.0,61.0,58.0,55.0,54.0,5,3,20,55.142857142857146
2709,2,2024-05-23 21:00:00+00:00,53.0,56.0,53.0,63.0,58.0,53.0,54.0,5,3,21,55.714285714285715
2710,2,2024-05-23 22:00:00+00:00,54.0,59.0,55.0,64.0,60.0,53.0,54.0,5,3,22,57.0
2711,2,2024-05-23 23:00:00+00:00,57.0,60.0,59.0,63.0,62.0,53.0,55.0,5,3,23,58.42857142857143
2712,2,2024-05-24 00:00:00+00:00,66.0,66.0,65.0,65.0,65.0,59.0,53.0,5,4,0,62.714285714285715
2713,2,2024-05-24 01:00:00+00:00,65.0,64.0,72.0,65.0,64.0,58.0,56.0,5,4,1,63.42857142857143
2714,2,2024-05-24 02:00:00+00:00,63.0,60.0,73.0,63.0,60.0,57.0,61.0,5,4,2,62.42857142857143
2715,2,2024-05-24 03:00:00+00:00,60.0,56.0,68.0,60.0,55.0,53.0,62.0,5,4,3,59.142857142857146
2716,2,2024-05-24 04:00:00+00:00,53.0,48.0,58.0,54.0,47.0,44.0,57.0,5,4,4,51.57142857142857
2717,2,2024-05-24 05:00:00+00:00,42.0,39.0,44.0,47.0,38.0,33.0,48.0,5,4,5,41.57142857142857
2718,2,2024-05-24 06:00:00+00:00,40.0,34.0,35.0,37.0,30.0,25.0,33.0,5,4,6,33.42857142857143
2719,2,2024-05-24 07:00:00+00:00,36.0,32.0,31.0,32.0,25.0,21.0,29.0,5,4,7,29.428571428571427
2720,2,2024-05-24 08:00:00+00:00,33.0,29.0,31.0,28.0,21.0,20.0,28.0,5,4,8,27.142857142857142
2721,2,2024-05-24 09:00:00+00:00,30.0,28.0,30.0,26.0,20.0,20.0,27.0,5,4,9,25.857142857142858
2722,2,2024-05-24 10:00:00+00:00,29.0,26.0,28.0,25.0,21.0,20.0,26.0,5,4,10,25.0
2723,2,2024-05-24 11:00:00+00:00,30.0,26.0,30.0,26.0,25.0,21.0,26.0,5,4,11,26.285714285714285
2724,2,2024-05-24 12:00:00+00:00,31.0,27.0,26.0,33.0,35.0,25.0,33.0,5,4,12,30.0
2725,2,2024-05-24 13:00:00+00:00,34.0,31.0,32.0,37.0,39.0,28.0,38.0,5,4,13,34.142857142857146
2726,2,2024-05-24 14:00:00+00:00,36.0,38.0,39.0,41.0,44.0,32.0,45.0,5,4,14,39.285714285714285
2727,2,2024-05-24 15:00:00+00:00,41.0,43.0,45.0,46.0,47.0,36.0,50.0,5,4,15,44.0
2728,2,2024-05-24 16:00:00+00:00,49.0,49.0,49.0,50.0,48.0,41.0,53.0,5,4,16,48.42857142857143
2729,2,2024-05-24 17:00:00+00:00,53.0,51.0,51.0,54.0,48.0,46.0,54.0,5,4,17,51.0
2730,2,2024-05-24 18:00:00+00:00,49.0,54.0,54.0,58.0,49.0,50.0,41.0,5,4,18,50.714285714285715
2731,2,2024-05-24 19:00:00+00:00,50.0,55.0,55.0,59.0,51.0,52.0,41.0,5,4,19,51.857142857142854
2732,2,2024-05-24 20:00:00+00:00,52.0,57.0,56.0,58.0,54.0,52.0,42.0,5,4,20,53.0
2733,2,2024-05-24 21:00:00+00:00,55.0,57.0,56.0,59.0,56.0,53.0,43.0,5,4,21,54.142857142857146
2734,2,2024-05-24 22:00:00+00:00,57.0,56.0,57.0,63.0,55.0,55.0,45.0,5,4,22,55.42857142857143
2735,2,2024-05-24 23:00:00+00:00,60.0,56.0,57.0,67.0,52.0,56.0,47.0,5,4,23,56.42857142857143
2736,2,2024-05-25 00:00:00+00:00,66.0,60.0,65.0,70.0,52.0,64.0,46.0,5,5,0,60.42857142857143
2737,2,2024-05-25 01:00:00+00:00,67.0,61.0,66.0,68.0,54.0,62.0,50.0,5,5,1,61.142857142857146
2738,2,2024-05-25 02:00:00+00:00,64.0,61.0,63.0,63.0,56.0,60.0,54.0,5,5,2,60.142857142857146
2739,2,2024-05-25 03:00:00+00:00,58.0,57.0,56.0,57.0,55.0,55.0,55.0,5,5,3,56.142857142857146
2740,2,2024-05-25 04:00:00+00:00,48.0,48.0,45.0,49.0,47.0,47.0,49.0,5,5,4,47.57142857142857
2741,2,2024-05-25 05:00:00+00:00,39.0,35.0,34.0,39.0,35.0,36.0,40.0,5,5,5,36.857142857142854
2742,2,2024-05-25 06:00:00+00:00,31.0,27.0,26.0,30.0,25.0,28.0,35.0,5,5,6,28.857142857142858
2743,2,2024-05-25 07:00:00+00:00,25.0,23.0,25.0,26.0,20.0,24.0,32.0,5,5,7,25.0
2744,2,2024-05-25 08:00:00+00:00,22.0,22.0,21.0,25.0,18.0,21.0,30.0,5,5,8,22.714285714285715
2745,2,2024-05-25 09:00:00+00:00,19.0,19.0,18.0,25.0,18.0,20.0,29.0,5,5,9,21.142857142857142
2746,2,2024-05-25 10:00:00+00:00,17.0,19.0,19.0,28.0,19.0,19.0,27.0,5,5,10,21.142857142857142
2747,2,2024-05-25 11:00:00+00:00,19.0,22.0,22.0,32.0,22.0,18.0,26.0,5,5,11,23.0
2748,2,2024-05-25 12:00:00+00:00,26.0,29.0,24.0,30.0,24.0,22.0,30.0,5,5,12,26.428571428571427
2749,2,2024-05-25 13:00:00+00:00,32.0,34.0,28.0,34.0,29.0,27.0,34.0,5,5,13,31.142857142857142
2750,2,2024-05-25 14:00:00+00:00,36.0,37.0,31.0,38.0,34.0,34.0,39.0,5,5,14,35.57142857142857
2751,2,2024-05-25 15:00:00+00:00,41.0,42.0,37.0,41.0,39.0,40.0,43.0,5,5,15,40.42857142857143
2752,2,2024-05-25 16:00:00+00:00,47.0,49.0,44.0,44.0,42.0,44.0,44.0,5,5,16,44.857142857142854
2753,2,2024-05-25 17:00:00+00:00,51.0,51.0,48.0,47.0,43.0,46.0,42.0,5,5,17,46.857142857142854
2754,2,2024-05-25 18:00:00+00:00,54.0,51.0,51.0,47.0,45.0,48.0,49.0,5,5,18,49.285714285714285
2755,2,2024-05-25 19:00:00+00:00,50.0,52.0,52.0,50.0,46.0,49.0,47.0,5,5,19,49.42857142857143
2756,2,2024-05-25 20:00:00+00:00,50.0,51.0,52.0,52.0,47.0,50.0,43.0,5,5,20,49.285714285714285
2757,2,2024-05-25 21:00:00+00:00,52.0,49.0,54.0,54.0,49.0,51.0,41.0,5,5,21,50.0
2758,2,2024-05-25 22:00:00+00:00,58.0,50.0,58.0,55.0,54.0,55.0,42.0,5,5,22,53.142857142857146
2759,2,2024-05-25 23:00:00+00:00,58.0,52.0,61.0,55.0,60.0,59.0,45.0,5,5,23,55.714285714285715
2760,2,2024-05-26 00:00:00+00:00,61.0,54.0,64.0,61.0,60.0,53.0,50.0,5,6,0,57.57142857142857
2761,2,2024-05-26 01:00:00+00:00,60.0,57.0,68.0,62.0,60.0,56.0,52.0,5,6,1,59.285714285714285
2762,2,2024-05-26 02:00:00+00:00,62.0,58.0,71.0,61.0,59.0,58.0,54.0,5,6,2,60.42857142857143
2763,2,2024-05-26 03:00:00+00:00,63.0,59.0,68.0,58.0,56.0,58.0,53.0,5,6,3,59.285714285714285
2764,2,2024-05-26 04:00:00+00:00,59.0,56.0,61.0,50.0,48.0,53.0,48.0,5,6,4,53.57142857142857
2765,2,2024-05-26 05:00:00+00:00,46.0,47.0,47.0,40.0,37.0,45.0,40.0,5,6,5,43.142857142857146
2766,2,2024-05-26 06:00:00+00:00,33.0,37.0,28.0,31.0,30.0,38.0,36.0,5,6,6,33.285714285714285
2767,2,2024-05-26 07:00:00+00:00,32.0,36.0,24.0,28.0,30.0,34.0,35.0,5,6,7,31.285714285714285
2768,2,2024-05-26 08:00:00+00:00,24.0,36.0,23.0,28.0,32.0,31.0,37.0,5,6,8,30.142857142857142
2769,2,2024-05-26 09:00:00+00:00,26.0,39.0,19.0,29.0,35.0,29.0,39.0,5,6,9,30.857142857142858
2770,2,2024-05-26 10:00:00+00:00,25.0,38.0,21.0,32.0,35.0,29.0,41.0,5,6,10,31.571428571428573
2771,2,2024-05-26 11:00:00+00:00,30.0,37.0,24.0,36.0,35.0,30.0,43.0,5,6,11,33.57142857142857
2772,2,2024-05-26 12:00:00+00:00,34.0,29.0,28.0,31.0,45.0,41.0,47.0,5,6,12,36.42857142857143
2773,2,2024-05-26 13:00:00+00:00,34.0,31.0,33.0,36.0,47.0,45.0,50.0,5,6,13,39.42857142857143
2774,2,2024-05-26 14:00:00+00:00,41.0,38.0,36.0,42.0,49.0,49.0,53.0,5,6,14,44.0
2775,2,2024-05-26 15:00:00+00:00,45.0,47.0,42.0,47.0,51.0,52.0,56.0,5,6,15,48.57142857142857
2776,2,2024-05-26 16:00:00+00:00,53.0,60.0,49.0,52.0,55.0,53.0,57.0,5,6,16,54.142857142857146
2777,2,2024-05-26 17:00:00+00:00,61.0,65.0,55.0,56.0,59.0,53.0,57.0,5,6,17,58.0
2778,2,2024-05-26 18:00:00+00:00,65.0,67.0,54.0,62.0,62.0,52.0,56.0,5,6,18,59.714285714285715
2779,2,2024-05-26 19:00:00+00:00,68.0,71.0,56.0,64.0,64.0,51.0,57.0,5,6,19,61.57142857142857
2780,2,2024-05-26 20:00:00+00:00,68.0,69.0,59.0,64.0,64.0,51.0,57.0,5,6,20,61.714285714285715
2781,2,2024-05-26 21:00:00+00:00,67.0,63.0,68.0,64.0,64.0,50.0,58.0,5,6,21,62.0
2782,2,2024-05-26 22:00:00+00:00,64.0,61.0,78.0,64.0,63.0,50.0,59.0,5,6,22,62.714285714285715
2783,2,2024-05-26 23:00:00+00:00,63.0,60.0,79.0,64.0,61.0,50.0,60.0,5,6,23,62.42857142857143
2784,2,2024-05-27 00:00:00+00:00,64.0,66.0,64.0,77.0,56.0,58.0,61.0,5,0,0,63.714285714285715
2785,2,2024-05-27 01:00:00+00:00,64.0,66.0,62.0,75.0,56.0,59.0,59.0,5,0,1,63.0
2786,2,2024-05-27 02:00:00+00:00,63.0,64.0,65.0,70.0,57.0,59.0,57.0,5,0,2,62.142857142857146
2787,2,2024-05-27 03:00:00+00:00,58.0,59.0,62.0,65.0,57.0,58.0,54.0,5,0,3,59.0
2788,2,2024-05-27 04:00:00+00:00,56.0,56.0,56.0,59.0,54.0,54.0,50.0,5,0,4,55.0
2789,2,2024-05-27 05:00:00+00:00,49.0,52.0,52.0,52.0,49.0,49.0,46.0,5,0,5,49.857142857142854
2790,2,2024-05-27 06:00:00+00:00,47.0,45.0,46.0,46.0,45.0,45.0,48.0,5,0,6,46.0
2791,2,2024-05-27 07:00:00+00:00,44.0,43.0,43.0,43.0,43.0,43.0,46.0,5,0,7,43.57142857142857
2792,2,2024-05-27 08:00:00+00:00,42.0,44.0,42.0,42.0,41.0,43.0,44.0,5,0,8,42.57142857142857
2793,2,2024-05-27 09:00:00+00:00,39.0,43.0,41.0,42.0,40.0,43.0,43.0,5,0,9,41.57142857142857
2794,2,2024-05-27 10:00:00+00:00,38.0,41.0,40.0,42.0,39.0,43.0,42.0,5,0,10,40.714285714285715
2795,2,2024-05-27 11:00:00+00:00,38.0,40.0,39.0,42.0,39.0,43.0,41.0,5,0,11,40.285714285714285
2796,2,2024-05-27 12:00:00+00:00,38.0,38.0,41.0,44.0,44.0,43.0,44.0,5,0,12,41.714285714285715
2797,2,2024-05-27 13:00:00+00:00,39.0,39.0,41.0,45.0,45.0,45.0,49.0,5,0,13,43.285714285714285
2798,2,2024-05-27 14:00:00+00:00,44.0,45.0,43.0,47.0,46.0,47.0,54.0,5,0,14,46.57142857142857
2799,2,2024-05-27 15:00:00+00:00,46.0,49.0,48.0,48.0,47.0,48.0,58.0,5,0,15,49.142857142857146
2800,2,2024-05-27 16:00:00+00:00,52.0,52.0,50.0,49.0,49.0,49.0,60.0,5,0,16,51.57142857142857
2801,2,2024-05-27 17:00:00+00:00,53.0,55.0,50.0,51.0,51.0,49.0,61.0,5,0,17,52.857142857142854
2802,2,2024-05-27 18:00:00+00:00,53.0,52.0,52.0,53.0,52.0,50.0,54.0,5,0,18,52.285714285714285
2803,2,2024-05-27 19:00:00+00:00,53.0,55.0,53.0,53.0,52.0,51.0,53.0,5,0,19,52.857142857142854
2804,2,2024-05-27 20:00:00+00:00,53.0,59.0,52.0,53.0,52.0,52.0,52.0,5,0,20,53.285714285714285
2805,2,2024-05-27 21:00:00+00:00,53.0,60.0,51.0,53.0,52.0,53.0,52.0,5,0,21,53.42857142857143
2806,2,2024-05-27 22:00:00+00:00,53.0,61.0,50.0,54.0,52.0,55.0,53.0,5,0,22,54.0
2807,2,2024-05-27 23:00:00+00:00,51.0,60.0,50.0,55.0,52.0,56.0,55.0,5,0,23,54.142857142857146
2808,2,2024-05-28 00:00:00+00:00,53.0,56.0,57.0,55.0,48.0,53.0,54.0,5,1,0,53.714285714285715
2809,2,2024-05-28 01:00:00+00:00,55.0,58.0,58.0,56.0,49.0,53.0,55.0,5,1,1,54.857142857142854
2810,2,2024-05-28 02:00:00+00:00,59.0,59.0,58.0,57.0,51.0,53.0,56.0,5,1,2,56.142857142857146
2811,2,2024-05-28 03:00:00+00:00,56.0,56.0,58.0,56.0,52.0,51.0,55.0,5,1,3,54.857142857142854
2812,2,2024-05-28 04:00:00+00:00,53.0,52.0,54.0,52.0,50.0,47.0,52.0,5,1,4,51.42857142857143
2813,2,2024-05-28 05:00:00+00:00,48.0,48.0,48.0,47.0,46.0,42.0,47.0,5,1,5,46.57142857142857
2814,2,2024-05-28 06:00:00+00:00,44.0,43.0,44.0,41.0,42.0,37.0,44.0,5,1,6,42.142857142857146
2815,2,2024-05-28 07:00:00+00:00,40.0,40.0,39.0,39.0,38.0,33.0,42.0,5,1,7,38.714285714285715
2816,2,2024-05-28 08:00:00+00:00,37.0,38.0,36.0,38.0,35.0,29.0,40.0,5,1,8,36.142857142857146
2817,2,2024-05-28 09:00:00+00:00,37.0,36.0,36.0,37.0,32.0,26.0,38.0,5,1,9,34.57142857142857
2818,2,2024-05-28 10:00:00+00:00,36.0,35.0,35.0,37.0,31.0,26.0,37.0,5,1,10,33.857142857142854
2819,2,2024-05-28 11:00:00+00:00,36.0,33.0,35.0,37.0,32.0,27.0,36.0,5,1,11,33.714285714285715
2820,2,2024-05-28 12:00:00+00:00,37.0,35.0,34.0,34.0,34.0,31.0,37.0,5,1,12,34.57142857142857
2821,2,2024-05-28 13:00:00+00:00,37.0,37.0,36.0,34.0,36.0,33.0,40.0,5,1,13,36.142857142857146
2822,2,2024-05-28 14:00:00+00:00,40.0,38.0,39.0,35.0,40.0,36.0,43.0,5,1,14,38.714285714285715
2823,2,2024-05-28 15:00:00+00:00,40.0,38.0,41.0,36.0,42.0,38.0,46.0,5,1,15,40.142857142857146
2824,2,2024-05-28 16:00:00+00:00,39.0,38.0,41.0,37.0,43.0,38.0,47.0,5,1,16,40.42857142857143
2825,2,2024-05-28 17:00:00+00:00,39.0,39.0,43.0,39.0,43.0,38.0,48.0,5,1,17,41.285714285714285
2826,2,2024-05-28 18:00:00+00:00,36.0,42.0,41.0,46.0,44.0,38.0,52.0,5,1,18,42.714285714285715
2827,2,2024-05-28 19:00:00+00:00,37.0,43.0,41.0,46.0,45.0,38.0,53.0,5,1,19,43.285714285714285
2828,2,2024-05-28 20:00:00+00:00,40.0,44.0,42.0,47.0,47.0,39.0,53.0,5,1,20,44.57142857142857
2829,2,2024-05-28 21:00:00+00:00,43.0,44.0,45.0,47.0,48.0,39.0,53.0,5,1,21,45.57142857142857
2830,2,2024-05-28 22:00:00+00:00,46.0,47.0,46.0,47.0,48.0,38.0,53.0,5,1,22,46.42857142857143
2831,2,2024-05-28 23:00:00+00:00,47.0,50.0,48.0,48.0,48.0,37.0,54.0,5,1,23,47.42857142857143
2832,2,2024-05-29 00:00:00+00:00,52.0,42.0,42.0,53.0,44.0,40.0,52.0,5,2,0,46.42857142857143
2833,2,2024-05-29 01:00:00+00:00,54.0,43.0,40.0,54.0,45.0,40.0,52.0,5,2,1,46.857142857142854
2834,2,2024-05-29 02:00:00+00:00,55.0,47.0,41.0,56.0,46.0,40.0,52.0,5,2,2,48.142857142857146
2835,2,2024-05-29 03:00:00+00:00,52.0,51.0,42.0,55.0,46.0,39.0,51.0,5,2,3,48.0
2836,2,2024-05-29 04:00:00+00:00,48.0,49.0,42.0,51.0,45.0,37.0,47.0,5,2,4,45.57142857142857
2837,2,2024-05-29 05:00:00+00:00,46.0,46.0,41.0,44.0,43.0,35.0,42.0,5,2,5,42.42857142857143
2838,2,2024-05-29 06:00:00+00:00,42.0,44.0,42.0,40.0,40.0,33.0,40.0,5,2,6,40.142857142857146
2839,2,2024-05-29 07:00:00+00:00,41.0,40.0,39.0,37.0,37.0,30.0,38.0,5,2,7,37.42857142857143
2840,2,2024-05-29 08:00:00+00:00,38.0,37.0,34.0,35.0,34.0,27.0,36.0,5,2,8,34.42857142857143
2841,2,2024-05-29 09:00:00+00:00,34.0,36.0,32.0,33.0,31.0,25.0,35.0,5,2,9,32.285714285714285
2842,2,2024-05-29 10:00:00+00:00,32.0,36.0,32.0,32.0,29.0,25.0,33.0,5,2,10,31.285714285714285
2843,2,2024-05-29 11:00:00+00:00,33.0,35.0,32.0,31.0,27.0,26.0,32.0,5,2,11,30.857142857142858
2844,2,2024-05-29 12:00:00+00:00,37.0,36.0,35.0,37.0,33.0,28.0,41.0,5,2,12,35.285714285714285
2845,2,2024-05-29 13:00:00+00:00,36.0,34.0,34.0,39.0,33.0,29.0,42.0,5,2,13,35.285714285714285
2846,2,2024-05-29 14:00:00+00:00,38.0,37.0,36.0,41.0,34.0,31.0,43.0,5,2,14,37.142857142857146
2847,2,2024-05-29 15:00:00+00:00,41.0,40.0,38.0,43.0,36.0,33.0,44.0,5,2,15,39.285714285714285
2848,2,2024-05-29 16:00:00+00:00,45.0,43.0,42.0,46.0,39.0,35.0,44.0,5,2,16,42.0
2849,2,2024-05-29 17:00:00+00:00,49.0,44.0,45.0,48.0,43.0,38.0,44.0,5,2,17,44.42857142857143
2850,2,2024-05-29 18:00:00+00:00,50.0,45.0,46.0,49.0,47.0,40.0,46.0,5,2,18,46.142857142857146
2851,2,2024-05-29 19:00:00+00:00,50.0,44.0,43.0,51.0,49.0,42.0,47.0,5,2,19,46.57142857142857
2852,2,2024-05-29 20:00:00+00:00,51.0,44.0,40.0,52.0,51.0,43.0,47.0,5,2,20,46.857142857142854
2853,2,2024-05-29 21:00:00+00:00,53.0,45.0,38.0,53.0,52.0,44.0,48.0,5,2,21,47.57142857142857
2854,2,2024-05-29 22:00:00+00:00,52.0,44.0,38.0,52.0,51.0,43.0,49.0,5,2,22,47.0
2855,2,2024-05-29 23:00:00+00:00,50.0,42.0,39.0,50.0,50.0,42.0,50.0,5,2,23,46.142857142857146
2856,2,2024-05-30 00:00:00+00:00,48.0,42.0,43.0,44.0,48.0,45.0,58.0,5,3,0,46.857142857142854
2857,2,2024-05-30 01:00:00+00:00,48.0,41.0,45.0,48.0,49.0,46.0,59.0,5,3,1,48.0
2858,2,2024-05-30 02:00:00+00:00,47.0,40.0,47.0,52.0,51.0,48.0,58.0,5,3,2,49.0
2859,2,2024-05-30 03:00:00+00:00,45.0,42.0,46.0,53.0,51.0,48.0,56.0,5,3,3,48.714285714285715
2860,2,2024-05-30 04:00:00+00:00,42.0,45.0,42.0,46.0,47.0,47.0,52.0,5,3,4,45.857142857142854
2861,2,2024-05-30 05:00:00+00:00,40.0,44.0,38.0,36.0,40.0,44.0,46.0,5,3,5,41.142857142857146
2862,2,2024-05-30 06:00:00+00:00,32.0,35.0,43.0,39.0,35.0,42.0,46.0,5,3,6,38.857142857142854
2863,2,2024-05-30 07:00:00+00:00,34.0,36.0,38.0,35.0,32.0,39.0,42.0,5,3,7,36.57142857142857
2864,2,2024-05-30 08:00:00+00:00,33.0,30.0,33.0,32.0,30.0,37.0,38.0,5,3,8,33.285714285714285
2865,2,2024-05-30 09:00:00+00:00,28.0,26.0,29.0,31.0,29.0,35.0,35.0,5,3,9,30.428571428571427
2866,2,2024-05-30 10:00:00+00:00,25.0,25.0,29.0,31.0,27.0,35.0,33.0,5,3,10,29.285714285714285
2867,2,2024-05-30 11:00:00+00:00,27.0,25.0,33.0,33.0,26.0,36.0,32.0,5,3,11,30.285714285714285
2868,2,2024-05-30 12:00:00+00:00,34.0,30.0,35.0,29.0,22.0,33.0,21.0,5,3,12,29.142857142857142
2869,2,2024-05-30 13:00:00+00:00,40.0,36.0,40.0,32.0,25.0,37.0,27.0,5,3,13,33.857142857142854
2870,2,2024-05-30 14:00:00+00:00,42.0,41.0,42.0,36.0,29.0,42.0,35.0,5,3,14,38.142857142857146
2871,2,2024-05-30 15:00:00+00:00,50.0,48.0,49.0,41.0,33.0,47.0,42.0,5,3,15,44.285714285714285
2872,2,2024-05-30 16:00:00+00:00,57.0,57.0,54.0,46.0,37.0,51.0,47.0,5,3,16,49.857142857142854
2873,2,2024-05-30 17:00:00+00:00,62.0,61.0,58.0,51.0,40.0,54.0,50.0,5,3,17,53.714285714285715
2874,2,2024-05-30 18:00:00+00:00,63.0,64.0,62.0,51.0,43.0,57.0,65.0,5,3,18,57.857142857142854
2875,2,2024-05-30 19:00:00+00:00,64.0,65.0,62.0,54.0,45.0,58.0,65.0,5,3,19,59.0
2876,2,2024-05-30 20:00:00+00:00,65.0,66.0,62.0,56.0,47.0,59.0,64.0,5,3,20,59.857142857142854
2877,2,2024-05-30 21:00:00+00:00,66.0,68.0,60.0,58.0,48.0,59.0,64.0,5,3,21,60.42857142857143
2878,2,2024-05-30 22:00:00+00:00,66.0,68.0,60.0,60.0,48.0,59.0,65.0,5,3,22,60.857142857142854
2879,2,2024-05-30 23:00:00+00:00,68.0,67.0,67.0,63.0,49.0,59.0,66.0,5,3,23,62.714285714285715
2880,2,2024-05-31 00:00:00+00:00,64.0,74.0,61.0,63.0,58.0,48.0,58.0,5,4,0,60.857142857142854
2881,2,2024-05-31 01:00:00+00:00,63.0,76.0,60.0,65.0,60.0,49.0,60.0,5,4,1,61.857142857142854
2882,2,2024-05-31 02:00:00+00:00,60.0,77.0,60.0,67.0,62.0,50.0,62.0,5,4,2,62.57142857142857
2883,2,2024-05-31 03:00:00+00:00,60.0,75.0,62.0,66.0,62.0,49.0,61.0,5,4,3,62.142857142857146
2884,2,2024-05-31 04:00:00+00:00,60.0,69.0,60.0,59.0,57.0,43.0,56.0,5,4,4,57.714285714285715
2885,2,2024-05-31 05:00:00+00:00,48.0,56.0,52.0,50.0,49.0,34.0,48.0,5,4,5,48.142857142857146
2886,2,2024-05-31 06:00:00+00:00,36.0,48.0,36.0,42.0,43.0,27.0,38.0,5,4,6,38.57142857142857
2887,2,2024-05-31 07:00:00+00:00,29.0,39.0,33.0,38.0,39.0,23.0,34.0,5,4,7,33.57142857142857
2888,2,2024-05-31 08:00:00+00:00,28.0,35.0,33.0,36.0,37.0,21.0,33.0,5,4,8,31.857142857142858
2889,2,2024-05-31 09:00:00+00:00,28.0,33.0,32.0,35.0,36.0,21.0,32.0,5,4,9,31.0
2890,2,2024-05-31 10:00:00+00:00,29.0,31.0,33.0,34.0,37.0,22.0,33.0,5,4,10,31.285714285714285
2891,2,2024-05-31 11:00:00+00:00,30.0,27.0,36.0,33.0,38.0,25.0,35.0,5,4,11,32.0
2892,2,2024-05-31 12:00:00+00:00,33.0,25.0,33.0,35.0,45.0,36.0,47.0,5,4,12,36.285714285714285
2893,2,2024-05-31 13:00:00+00:00,39.0,28.0,40.0,41.0,49.0,39.0,52.0,5,4,13,41.142857142857146
2894,2,2024-05-31 14:00:00+00:00,46.0,38.0,44.0,51.0,53.0,44.0,56.0,5,4,14,47.42857142857143
2895,2,2024-05-31 15:00:00+00:00,51.0,50.0,53.0,58.0,57.0,48.0,59.0,5,4,15,53.714285714285715
2896,2,2024-05-31 16:00:00+00:00,58.0,55.0,62.0,62.0,59.0,51.0,60.0,5,4,16,58.142857142857146
2897,2,2024-05-31 17:00:00+00:00,63.0,58.0,67.0,65.0,61.0,54.0,60.0,5,4,17,61.142857142857146
2898,2,2024-05-31 18:00:00+00:00,70.0,64.0,68.0,65.0,62.0,56.0,51.0,5,4,18,62.285714285714285
2899,2,2024-05-31 19:00:00+00:00,71.0,66.0,67.0,66.0,62.0,56.0,52.0,5,4,19,62.857142857142854
2900,2,2024-05-31 20:00:00+00:00,72.0,67.0,65.0,66.0,61.0,56.0,53.0,5,4,20,62.857142857142854
2901,2,2024-05-31 21:00:00+00:00,72.0,70.0,63.0,65.0,61.0,55.0,54.0,5,4,21,62.857142857142854
2902,2,2024-05-31 22:00:00+00:00,72.0,73.0,66.0,64.0,62.0,54.0,55.0,5,4,22,63.714285714285715
2903,2,2024-05-31 23:00:00+00:00,74.0,74.0,66.0,64.0,65.0,52.0,55.0,5,4,23,64.28571428571429
2904,2,2024-06-01 00:00:00+00:00,82.0,77.0,71.0,68.0,67.0,62.0,55.0,6,5,0,68.85714285714286
2905,2,2024-06-01 01:00:00+00:00,83.0,78.0,71.0,69.0,65.0,63.0,55.0,6,5,1,69.14285714285714
2906,2,2024-06-01 02:00:00+00:00,82.0,78.0,70.0,70.0,60.0,64.0,55.0,6,5,2,68.42857142857143
2907,2,2024-06-01 03:00:00+00:00,80.0,73.0,62.0,68.0,56.0,63.0,54.0,6,5,3,65.14285714285714
2908,2,2024-06-01 04:00:00+00:00,74.0,65.0,48.0,59.0,51.0,59.0,53.0,6,5,4,58.42857142857143
2909,2,2024-06-01 05:00:00+00:00,56.0,47.0,44.0,46.0,47.0,52.0,51.0,6,5,5,49.0
2910,2,2024-06-01 06:00:00+00:00,41.0,37.0,29.0,49.0,43.0,47.0,44.0,6,5,6,41.42857142857143
2911,2,2024-06-01 07:00:00+00:00,34.0,29.0,28.0,45.0,41.0,44.0,42.0,6,5,7,37.57142857142857
2912,2,2024-06-01 08:00:00+00:00,36.0,25.0,39.0,42.0,40.0,42.0,41.0,6,5,8,37.857142857142854
2913,2,2024-06-01 09:00:00+00:00,41.0,25.0,43.0,40.0,40.0,41.0,41.0,6,5,9,38.714285714285715
2914,2,2024-06-01 10:00:00+00:00,46.0,30.0,41.0,39.0,39.0,40.0,41.0,6,5,10,39.42857142857143
2915,2,2024-06-01 11:00:00+00:00,49.0,41.0,43.0,39.0,39.0,39.0,41.0,6,5,11,41.57142857142857
2916,2,2024-06-01 12:00:00+00:00,51.0,47.0,41.0,40.0,43.0,40.0,41.0,6,5,12,43.285714285714285
2917,2,2024-06-01 13:00:00+00:00,55.0,48.0,45.0,41.0,44.0,41.0,42.0,6,5,13,45.142857142857146
2918,2,2024-06-01 14:00:00+00:00,58.0,48.0,48.0,43.0,45.0,43.0,44.0,6,5,14,47.0
2919,2,2024-06-01 15:00:00+00:00,62.0,50.0,49.0,44.0,46.0,44.0,46.0,6,5,15,48.714285714285715
2920,2,2024-06-01 16:00:00+00:00,65.0,55.0,52.0,44.0,47.0,44.0,48.0,6,5,16,50.714285714285715
2921,2,2024-06-01 17:00:00+00:00,68.0,58.0,49.0,44.0,48.0,44.0,49.0,6,5,17,51.42857142857143
2922,2,2024-06-01 18:00:00+00:00,63.0,61.0,62.0,44.0,49.0,44.0,50.0,6,5,18,53.285714285714285
2923,2,2024-06-01 19:00:00+00:00,64.0,62.0,61.0,45.0,50.0,45.0,51.0,6,5,19,54.0
2924,2,2024-06-01 20:00:00+00:00,64.0,63.0,58.0,45.0,50.0,47.0,51.0,6,5,20,54.0
2925,2,2024-06-01 21:00:00+00:00,63.0,64.0,56.0,46.0,50.0,48.0,51.0,6,5,21,54.0
2926,2,2024-06-01 22:00:00+00:00,62.0,64.0,56.0,47.0,49.0,47.0,52.0,6,5,22,53.857142857142854
2927,2,2024-06-01 23:00:00+00:00,63.0,63.0,52.0,48.0,46.0,45.0,52.0,6,5,23,52.714285714285715
2928,2,2024-06-02 00:00:00+00:00,66.0,64.0,61.0,47.0,50.0,47.0,53.0,6,6,0,55.42857142857143
2929,2,2024-06-02 01:00:00+00:00,63.0,59.0,54.0,47.0,50.0,47.0,53.0,6,6,1,53.285714285714285
2930,2,2024-06-02 02:00:00+00:00,57.0,54.0,51.0,47.0,50.0,47.0,54.0,6,6,2,51.42857142857143
2931,2,2024-06-02 03:00:00+00:00,51.0,49.0,48.0,45.0,49.0,46.0,53.0,6,6,3,48.714285714285715
2932,2,2024-06-02 04:00:00+00:00,45.0,46.0,44.0,42.0,46.0,44.0,50.0,6,6,4,45.285714285714285
2933,2,2024-06-02 05:00:00+00:00,42.0,44.0,41.0,38.0,43.0,41.0,47.0,6,6,5,42.285714285714285
2934,2,2024-06-02 06:00:00+00:00,42.0,40.0,39.0,38.0,39.0,38.0,48.0,6,6,6,40.57142857142857
2935,2,2024-06-02 07:00:00+00:00,41.0,39.0,39.0,35.0,36.0,36.0,47.0,6,6,7,39.0
2936,2,2024-06-02 08:00:00+00:00,41.0,40.0,39.0,33.0,32.0,35.0,46.0,6,6,8,38.0
2937,2,2024-06-02 09:00:00+00:00,40.0,40.0,39.0,32.0,30.0,35.0,46.0,6,6,9,37.42857142857143
2938,2,2024-06-02 10:00:00+00:00,39.0,40.0,40.0,31.0,29.0,35.0,46.0,6,6,10,37.142857142857146
2939,2,2024-06-02 11:00:00+00:00,37.0,41.0,41.0,31.0,29.0,36.0,47.0,6,6,11,37.42857142857143
2940,2,2024-06-02 12:00:00+00:00,37.0,41.0,37.0,30.0,32.0,29.0,47.0,6,6,12,36.142857142857146
2941,2,2024-06-02 13:00:00+00:00,41.0,39.0,35.0,31.0,33.0,30.0,48.0,6,6,13,36.714285714285715
2942,2,2024-06-02 14:00:00+00:00,43.0,42.0,34.0,33.0,34.0,32.0,50.0,6,6,14,38.285714285714285
2943,2,2024-06-02 15:00:00+00:00,42.0,44.0,37.0,36.0,35.0,35.0,52.0,6,6,15,40.142857142857146
2944,2,2024-06-02 16:00:00+00:00,44.0,44.0,40.0,40.0,36.0,40.0,53.0,6,6,16,42.42857142857143
2945,2,2024-06-02 17:00:00+00:00,46.0,47.0,44.0,44.0,38.0,45.0,55.0,6,6,17,45.57142857142857
2946,2,2024-06-02 18:00:00+00:00,51.0,48.0,49.0,46.0,40.0,49.0,59.0,6,6,18,48.857142857142854
2947,2,2024-06-02 19:00:00+00:00,54.0,52.0,52.0,49.0,43.0,50.0,57.0,6,6,19,51.0
2948,2,2024-06-02 20:00:00+00:00,55.0,53.0,53.0,51.0,46.0,51.0,55.0,6,6,20,52.0
2949,2,2024-06-02 21:00:00+00:00,55.0,52.0,53.0,52.0,48.0,50.0,53.0,6,6,21,51.857142857142854
2950,2,2024-06-02 22:00:00+00:00,53.0,49.0,51.0,51.0,48.0,49.0,54.0,6,6,22,50.714285714285715
2951,2,2024-06-02 23:00:00+00:00,50.0,45.0,48.0,48.0,47.0,48.0,56.0,6,6,23,48.857142857142854
2952,2,2024-06-03 00:00:00+00:00,47.0,43.0,47.0,49.0,49.0,46.0,58.0,6,0,0,48.42857142857143
2953,2,2024-06-03 01:00:00+00:00,45.0,41.0,45.0,48.0,47.0,46.0,60.0,6,0,1,47.42857142857143
2954,2,2024-06-03 02:00:00+00:00,42.0,40.0,44.0,46.0,45.0,46.0,61.0,6,0,2,46.285714285714285
2955,2,2024-06-03 03:00:00+00:00,39.0,39.0,43.0,44.0,42.0,45.0,61.0,6,0,3,44.714285714285715
2956,2,2024-06-03 04:00:00+00:00,35.0,35.0,39.0,40.0,39.0,42.0,57.0,6,0,4,41.0
2957,2,2024-06-03 05:00:00+00:00,30.0,30.0,33.0,35.0,36.0,38.0,51.0,6,0,5,36.142857142857146
2958,2,2024-06-03 06:00:00+00:00,28.0,32.0,29.0,29.0,34.0,35.0,44.0,6,0,6,33.0
2959,2,2024-06-03 07:00:00+00:00,27.0,32.0,27.0,28.0,32.0,33.0,41.0,6,0,7,31.428571428571427
2960,2,2024-06-03 08:00:00+00:00,27.0,30.0,27.0,28.0,31.0,31.0,37.0,6,0,8,30.142857142857142
2961,2,2024-06-03 09:00:00+00:00,26.0,28.0,26.0,29.0,30.0,30.0,35.0,6,0,9,29.142857142857142
2962,2,2024-06-03 10:00:00+00:00,25.0,26.0,25.0,29.0,29.0,30.0,33.0,6,0,10,28.142857142857142
2963,2,2024-06-03 11:00:00+00:00,25.0,26.0,25.0,28.0,29.0,31.0,32.0,6,0,11,28.0
2964,2,2024-06-03 12:00:00+00:00,29.0,25.0,26.0,26.0,30.0,36.0,34.0,6,0,12,29.428571428571427
2965,2,2024-06-03 13:00:00+00:00,30.0,29.0,27.0,28.0,32.0,39.0,39.0,6,0,13,32.0
2966,2,2024-06-03 14:00:00+00:00,35.0,31.0,30.0,31.0,35.0,42.0,45.0,6,0,14,35.57142857142857
2967,2,2024-06-03 15:00:00+00:00,39.0,35.0,33.0,35.0,39.0,45.0,50.0,6,0,15,39.42857142857143
2968,2,2024-06-03 16:00:00+00:00,45.0,41.0,39.0,39.0,43.0,49.0,51.0,6,0,16,43.857142857142854
2969,2,2024-06-03 17:00:00+00:00,50.0,45.0,43.0,43.0,48.0,52.0,51.0,6,0,17,47.42857142857143
2970,2,2024-06-03 18:00:00+00:00,55.0,52.0,51.0,54.0,51.0,55.0,50.0,6,0,18,52.57142857142857
2971,2,2024-06-03 19:00:00+00:00,57.0,54.0,54.0,57.0,52.0,56.0,50.0,6,0,19,54.285714285714285
2972,2,2024-06-03 20:00:00+00:00,59.0,56.0,57.0,59.0,51.0,56.0,49.0,6,0,20,55.285714285714285
2973,2,2024-06-03 21:00:00+00:00,62.0,59.0,58.0,60.0,52.0,56.0,48.0,6,0,21,56.42857142857143
2974,2,2024-06-03 22:00:00+00:00,63.0,62.0,58.0,61.0,55.0,56.0,47.0,6,0,22,57.42857142857143
2975,2,2024-06-03 23:00:00+00:00,62.0,59.0,59.0,61.0,59.0,56.0,46.0,6,0,23,57.42857142857143
2976,2,2024-06-04 00:00:00+00:00,58.0,53.0,57.0,53.0,54.0,57.0,40.0,6,1,0,53.142857142857146
2977,2,2024-06-04 01:00:00+00:00,56.0,53.0,55.0,53.0,57.0,61.0,40.0,6,1,1,53.57142857142857
2978,2,2024-06-04 02:00:00+00:00,56.0,52.0,55.0,52.0,60.0,65.0,42.0,6,1,2,54.57142857142857
2979,2,2024-06-04 03:00:00+00:00,55.0,50.0,54.0,51.0,61.0,65.0,44.0,6,1,3,54.285714285714285
2980,2,2024-06-04 04:00:00+00:00,51.0,43.0,49.0,49.0,57.0,56.0,45.0,6,1,4,50.0
2981,2,2024-06-04 05:00:00+00:00,47.0,35.0,41.0,45.0,51.0,43.0,45.0,6,1,5,43.857142857142854
2982,2,2024-06-04 06:00:00+00:00,41.0,38.0,42.0,40.0,45.0,32.0,44.0,6,1,6,40.285714285714285
2983,2,2024-06-04 07:00:00+00:00,41.0,40.0,39.0,36.0,41.0,27.0,45.0,6,1,7,38.42857142857143
2984,2,2024-06-04 08:00:00+00:00,37.0,38.0,35.0,32.0,38.0,25.0,45.0,6,1,8,35.714285714285715
2985,2,2024-06-04 09:00:00+00:00,33.0,36.0,32.0,30.0,36.0,24.0,46.0,6,1,9,33.857142857142854
2986,2,2024-06-04 10:00:00+00:00,33.0,36.0,33.0,31.0,36.0,25.0,47.0,6,1,10,34.42857142857143
2987,2,2024-06-04 11:00:00+00:00,37.0,38.0,34.0,33.0,38.0,27.0,48.0,6,1,11,36.42857142857143
2988,2,2024-06-04 12:00:00+00:00,39.0,41.0,35.0,37.0,36.0,34.0,26.0,6,1,12,35.42857142857143
2989,2,2024-06-04 13:00:00+00:00,41.0,43.0,38.0,40.0,39.0,38.0,34.0,6,1,13,39.0
2990,2,2024-06-04 14:00:00+00:00,47.0,49.0,40.0,44.0,43.0,44.0,44.0,6,1,14,44.42857142857143
2991,2,2024-06-04 15:00:00+00:00,51.0,52.0,45.0,48.0,47.0,49.0,52.0,6,1,15,49.142857142857146
2992,2,2024-06-04 16:00:00+00:00,59.0,59.0,51.0,53.0,52.0,54.0,55.0,6,1,16,54.714285714285715
2993,2,2024-06-04 17:00:00+00:00,65.0,63.0,52.0,58.0,58.0,59.0,56.0,6,1,17,58.714285714285715
2994,2,2024-06-04 18:00:00+00:00,62.0,66.0,54.0,56.0,61.0,62.0,55.0,6,1,18,59.42857142857143
2995,2,2024-06-04 19:00:00+00:00,61.0,66.0,53.0,55.0,60.0,60.0,54.0,6,1,19,58.42857142857143
2996,2,2024-06-04 20:00:00+00:00,61.0,68.0,54.0,53.0,58.0,56.0,51.0,6,1,20,57.285714285714285
2997,2,2024-06-04 21:00:00+00:00,64.0,66.0,52.0,51.0,56.0,53.0,49.0,6,1,21,55.857142857142854
2998,2,2024-06-04 22:00:00+00:00,64.0,67.0,53.0,50.0,57.0,52.0,48.0,6,1,22,55.857142857142854
2999,2,2024-06-04 23:00:00+00:00,66.0,68.0,56.0,50.0,59.0,51.0,48.0,6,1,23,56.857142857142854
3000,2,2024-06-05 00:00:00+00:00,69.0,67.0,72.0,59.0,58.0,57.0,54.0,6,2,0,62.285714285714285
3001,2,2024-06-05 01:00:00+00:00,70.0,67.0,73.0,62.0,60.0,56.0,51.0,6,2,1,62.714285714285715
3002,2,2024-06-05 02:00:00+00:00,69.0,67.0,72.0,66.0,62.0,55.0,49.0,6,2,2,62.857142857142854
3003,2,2024-06-05 03:00:00+00:00,65.0,65.0,66.0,66.0,61.0,51.0,45.0,6,2,3,59.857142857142854
3004,2,2024-06-05 04:00:00+00:00,58.0,61.0,56.0,58.0,54.0,43.0,39.0,6,2,4,52.714285714285715
3005,2,2024-06-05 05:00:00+00:00,43.0,45.0,39.0,45.0,45.0,32.0,33.0,6,2,5,40.285714285714285
3006,2,2024-06-05 06:00:00+00:00,31.0,37.0,33.0,33.0,36.0,24.0,26.0,6,2,6,31.428571428571427
3007,2,2024-06-05 07:00:00+00:00,27.0,30.0,27.0,27.0,30.0,20.0,23.0,6,2,7,26.285714285714285
3008,2,2024-06-05 08:00:00+00:00,22.0,24.0,22.0,21.0,24.0,18.0,22.0,6,2,8,21.857142857142858
3009,2,2024-06-05 09:00:00+00:00,19.0,21.0,21.0,19.0,21.0,18.0,22.0,6,2,9,20.142857142857142
3010,2,2024-06-05 10:00:00+00:00,15.0,20.0,18.0,20.0,21.0,20.0,23.0,6,2,10,19.571428571428573
3011,2,2024-06-05 11:00:00+00:00,17.0,20.0,20.0,24.0,23.0,24.0,25.0,6,2,11,21.857142857142858
3012,2,2024-06-05 12:00:00+00:00,23.0,24.0,29.0,30.0,18.0,22.0,20.0,6,2,12,23.714285714285715
3013,2,2024-06-05 13:00:00+00:00,27.0,25.0,36.0,35.0,24.0,27.0,22.0,6,2,13,28.0
3014,2,2024-06-05 14:00:00+00:00,33.0,27.0,45.0,40.0,31.0,35.0,26.0,6,2,14,33.857142857142854
3015,2,2024-06-05 15:00:00+00:00,39.0,34.0,50.0,44.0,39.0,41.0,29.0,6,2,15,39.42857142857143
3016,2,2024-06-05 16:00:00+00:00,48.0,44.0,55.0,47.0,46.0,46.0,33.0,6,2,16,45.57142857142857
3017,2,2024-06-05 17:00:00+00:00,53.0,50.0,56.0,50.0,52.0,49.0,38.0,6,2,17,49.714285714285715
3018,2,2024-06-05 18:00:00+00:00,58.0,56.0,53.0,49.0,56.0,52.0,42.0,6,2,18,52.285714285714285
3019,2,2024-06-05 19:00:00+00:00,60.0,53.0,50.0,48.0,57.0,53.0,42.0,6,2,19,51.857142857142854
3020,2,2024-06-05 20:00:00+00:00,62.0,53.0,55.0,46.0,56.0,52.0,39.0,6,2,20,51.857142857142854
3021,2,2024-06-05 21:00:00+00:00,63.0,56.0,56.0,46.0,55.0,52.0,38.0,6,2,21,52.285714285714285
3022,2,2024-06-05 22:00:00+00:00,61.0,55.0,61.0,50.0,55.0,52.0,40.0,6,2,22,53.42857142857143
3023,2,2024-06-05 23:00:00+00:00,62.0,60.0,65.0,56.0,56.0,53.0,43.0,6,2,23,56.42857142857143
3024,2,2024-06-06 00:00:00+00:00,59.0,70.0,70.0,62.0,67.0,48.0,50.0,6,3,0,60.857142857142854
3025,2,2024-06-06 01:00:00+00:00,64.0,71.0,73.0,64.0,72.0,53.0,50.0,6,3,1,63.857142857142854
3026,2,2024-06-06 02:00:00+00:00,67.0,74.0,75.0,65.0,77.0,60.0,50.0,6,3,2,66.85714285714286
3027,2,2024-06-06 03:00:00+00:00,66.0,73.0,72.0,63.0,76.0,62.0,48.0,6,3,3,65.71428571428571
3028,2,2024-06-06 04:00:00+00:00,61.0,65.0,63.0,54.0,65.0,55.0,43.0,6,3,4,58.0
3029,2,2024-06-06 05:00:00+00:00,47.0,48.0,46.0,42.0,49.0,43.0,35.0,6,3,5,44.285714285714285
3030,2,2024-06-06 06:00:00+00:00,35.0,32.0,43.0,32.0,35.0,33.0,34.0,6,3,6,34.857142857142854
3031,2,2024-06-06 07:00:00+00:00,25.0,25.0,30.0,25.0,26.0,26.0,31.0,6,3,7,26.857142857142858
3032,2,2024-06-06 08:00:00+00:00,18.0,19.0,23.0,21.0,19.0,19.0,30.0,6,3,8,21.285714285714285
3033,2,2024-06-06 09:00:00+00:00,21.0,16.0,20.0,19.0,16.0,16.0,30.0,6,3,9,19.714285714285715
3034,2,2024-06-06 10:00:00+00:00,22.0,14.0,19.0,22.0,19.0,16.0,34.0,6,3,10,20.857142857142858
3035,2,2024-06-06 11:00:00+00:00,20.0,15.0,20.0,27.0,25.0,19.0,40.0,6,3,11,23.714285714285715
3036,2,2024-06-06 12:00:00+00:00,21.0,24.0,24.0,23.0,15.0,22.0,37.0,6,3,12,23.714285714285715
3037,2,2024-06-06 13:00:00+00:00,23.0,25.0,29.0,28.0,21.0,27.0,41.0,6,3,13,27.714285714285715
3038,2,2024-06-06 14:00:00+00:00,27.0,26.0,35.0,34.0,29.0,33.0,46.0,6,3,14,32.857142857142854
3039,2,2024-06-06 15:00:00+00:00,35.0,33.0,36.0,40.0,37.0,38.0,50.0,6,3,15,38.42857142857143
3040,2,2024-06-06 16:00:00+00:00,45.0,46.0,43.0,47.0,42.0,42.0,54.0,6,3,16,45.57142857142857
3041,2,2024-06-06 17:00:00+00:00,49.0,53.0,49.0,53.0,47.0,45.0,58.0,6,3,17,50.57142857142857
3042,2,2024-06-06 18:00:00+00:00,49.0,54.0,49.0,65.0,51.0,48.0,60.0,6,3,18,53.714285714285715
3043,2,2024-06-06 19:00:00+00:00,49.0,52.0,50.0,69.0,55.0,51.0,60.0,6,3,19,55.142857142857146
3044,2,2024-06-06 20:00:00+00:00,50.0,52.0,52.0,69.0,59.0,54.0,58.0,6,3,20,56.285714285714285
3045,2,2024-06-06 21:00:00+00:00,54.0,55.0,56.0,70.0,62.0,57.0,56.0,6,3,21,58.57142857142857
3046,2,2024-06-06 22:00:00+00:00,61.0,60.0,61.0,73.0,66.0,60.0,52.0,6,3,22,61.857142857142854
3047,2,2024-06-06 23:00:00+00:00,63.0,66.0,70.0,75.0,69.0,62.0,46.0,6,3,23,64.42857142857143
3048,2,2024-06-07 00:00:00+00:00,61.0,60.0,76.0,70.0,83.0,57.0,47.0,6,4,0,64.85714285714286
3049,2,2024-06-07 01:00:00+00:00,61.0,68.0,79.0,70.0,85.0,59.0,47.0,6,4,1,67.0
3050,2,2024-06-07 02:00:00+00:00,62.0,72.0,79.0,70.0,84.0,63.0,46.0,6,4,2,68.0
3051,2,2024-06-07 03:00:00+00:00,63.0,74.0,73.0,68.0,80.0,63.0,45.0,6,4,3,66.57142857142857
3052,2,2024-06-07 04:00:00+00:00,59.0,70.0,61.0,61.0,72.0,58.0,42.0,6,4,4,60.42857142857143
3053,2,2024-06-07 05:00:00+00:00,46.0,53.0,47.0,51.0,61.0,50.0,37.0,6,4,5,49.285714285714285
3054,2,2024-06-07 06:00:00+00:00,38.0,40.0,40.0,43.0,50.0,41.0,28.0,6,4,6,40.0
3055,2,2024-06-07 07:00:00+00:00,29.0,32.0,30.0,35.0,38.0,32.0,25.0,6,4,7,31.571428571428573
3056,2,2024-06-07 08:00:00+00:00,22.0,22.0,23.0,27.0,26.0,23.0,22.0,6,4,8,23.571428571428573
3057,2,2024-06-07 09:00:00+00:00,21.0,16.0,20.0,21.0,20.0,16.0,23.0,6,4,9,19.571428571428573
3058,2,2024-06-07 10:00:00+00:00,23.0,19.0,17.0,16.0,23.0,12.0,30.0,6,4,10,20.0
3059,2,2024-06-07 11:00:00+00:00,26.0,26.0,18.0,13.0,31.0,11.0,41.0,6,4,11,23.714285714285715
3060,2,2024-06-07 12:00:00+00:00,32.0,24.0,35.0,29.0,18.0,21.0,43.0,6,4,12,28.857142857142858
3061,2,2024-06-07 13:00:00+00:00,27.0,21.0,35.0,34.0,21.0,25.0,50.0,6,4,13,30.428571428571427
3062,2,2024-06-07 14:00:00+00:00,30.0,24.0,36.0,40.0,26.0,31.0,57.0,6,4,14,34.857142857142854
3063,2,2024-06-07 15:00:00+00:00,34.0,31.0,47.0,46.0,33.0,38.0,62.0,6,4,15,41.57142857142857
3064,2,2024-06-07 16:00:00+00:00,40.0,38.0,59.0,52.0,43.0,45.0,62.0,6,4,16,48.42857142857143
3065,2,2024-06-07 17:00:00+00:00,45.0,44.0,65.0,58.0,54.0,53.0,58.0,6,4,17,53.857142857142854
3066,2,2024-06-07 18:00:00+00:00,45.0,51.0,63.0,58.0,61.0,60.0,51.0,6,4,18,55.57142857142857
3067,2,2024-06-07 19:00:00+00:00,47.0,54.0,66.0,62.0,61.0,66.0,50.0,6,4,19,58.0
3068,2,2024-06-07 20:00:00+00:00,48.0,55.0,69.0,66.0,58.0,72.0,50.0,6,4,20,59.714285714285715
3069,2,2024-06-07 21:00:00+00:00,49.0,51.0,70.0,69.0,56.0,76.0,50.0,6,4,21,60.142857142857146
3070,2,2024-06-07 22:00:00+00:00,49.0,49.0,70.0,72.0,58.0,79.0,49.0,6,4,22,60.857142857142854
3071,2,2024-06-07 23:00:00+00:00,49.0,50.0,70.0,76.0,62.0,82.0,48.0,6,4,23,62.42857142857143
3072,2,2024-06-08 00:00:00+00:00,59.0,57.0,67.0,82.0,64.0,78.0,47.0,6,5,0,64.85714285714286
3073,2,2024-06-08 01:00:00+00:00,60.0,64.0,70.0,85.0,65.0,81.0,46.0,6,5,1,67.28571428571429
3074,2,2024-06-08 02:00:00+00:00,60.0,70.0,70.0,88.0,67.0,83.0,45.0,6,5,2,69.0
3075,2,2024-06-08 03:00:00+00:00,59.0,71.0,69.0,85.0,65.0,81.0,43.0,6,5,3,67.57142857142857
3076,2,2024-06-08 04:00:00+00:00,53.0,67.0,65.0,73.0,58.0,72.0,38.0,6,5,4,60.857142857142854
3077,2,2024-06-08 05:00:00+00:00,45.0,53.0,47.0,55.0,49.0,58.0,32.0,6,5,5,48.42857142857143
3078,2,2024-06-08 06:00:00+00:00,41.0,41.0,36.0,41.0,41.0,46.0,32.0,6,5,6,39.714285714285715
3079,2,2024-06-08 07:00:00+00:00,42.0,39.0,40.0,32.0,37.0,38.0,28.0,6,5,7,36.57142857142857
3080,2,2024-06-08 08:00:00+00:00,32.0,34.0,40.0,25.0,34.0,31.0,25.0,6,5,8,31.571428571428573
3081,2,2024-06-08 09:00:00+00:00,25.0,31.0,34.0,22.0,33.0,27.0,24.0,6,5,9,28.0
3082,2,2024-06-08 10:00:00+00:00,28.0,26.0,30.0,25.0,33.0,26.0,25.0,6,5,10,27.571428571428573
3083,2,2024-06-08 11:00:00+00:00,37.0,31.0,33.0,33.0,34.0,27.0,28.0,6,5,11,31.857142857142858
3084,2,2024-06-08 12:00:00+00:00,26.0,36.0,31.0,30.0,48.0,32.0,29.0,6,5,12,33.142857142857146
3085,2,2024-06-08 13:00:00+00:00,28.0,41.0,33.0,35.0,48.0,35.0,36.0,6,5,13,36.57142857142857
3086,2,2024-06-08 14:00:00+00:00,33.0,40.0,38.0,40.0,46.0,40.0,44.0,6,5,14,40.142857142857146
3087,2,2024-06-08 15:00:00+00:00,35.0,40.0,42.0,45.0,45.0,44.0,50.0,6,5,15,43.0
3088,2,2024-06-08 16:00:00+00:00,39.0,45.0,46.0,50.0,48.0,48.0,51.0,6,5,16,46.714285714285715
3089,2,2024-06-08 17:00:00+00:00,42.0,49.0,47.0,54.0,52.0,51.0,50.0,6,5,17,49.285714285714285
3090,2,2024-06-08 18:00:00+00:00,44.0,48.0,53.0,57.0,55.0,54.0,48.0,6,5,18,51.285714285714285
3091,2,2024-06-08 19:00:00+00:00,47.0,47.0,53.0,58.0,56.0,55.0,50.0,6,5,19,52.285714285714285
3092,2,2024-06-08 20:00:00+00:00,52.0,45.0,55.0,58.0,56.0,56.0,53.0,6,5,20,53.57142857142857
3093,2,2024-06-08 21:00:00+00:00,59.0,44.0,59.0,59.0,58.0,57.0,56.0,6,5,21,56.0
3094,2,2024-06-08 22:00:00+00:00,66.0,44.0,61.0,60.0,63.0,58.0,61.0,6,5,22,59.0
3095,2,2024-06-08 23:00:00+00:00,69.0,47.0,65.0,61.0,71.0,60.0,68.0,6,5,23,63.0
3096,2,2024-06-09 00:00:00+00:00,56.0,49.0,67.0,71.0,64.0,62.0,61.0,6,6,0,61.42857142857143
3097,2,2024-06-09 01:00:00+00:00,56.0,59.0,69.0,69.0,66.0,64.0,57.0,6,6,1,62.857142857142854
3098,2,2024-06-09 02:00:00+00:00,60.0,70.0,69.0,65.0,68.0,67.0,49.0,6,6,2,64.0
3099,2,2024-06-09 03:00:00+00:00,66.0,65.0,66.0,60.0,67.0,66.0,42.0,6,6,3,61.714285714285715
3100,2,2024-06-09 04:00:00+00:00,61.0,55.0,59.0,55.0,59.0,60.0,39.0,6,6,4,55.42857142857143
3101,2,2024-06-09 05:00:00+00:00,53.0,48.0,50.0,50.0,48.0,52.0,36.0,6,6,5,48.142857142857146
3102,2,2024-06-09 06:00:00+00:00,42.0,42.0,42.0,43.0,39.0,46.0,34.0,6,6,6,41.142857142857146
3103,2,2024-06-09 07:00:00+00:00,39.0,39.0,39.0,39.0,34.0,44.0,30.0,6,6,7,37.714285714285715
3104,2,2024-06-09 08:00:00+00:00,39.0,35.0,38.0,39.0,31.0,44.0,28.0,6,6,8,36.285714285714285
3105,2,2024-06-09 09:00:00+00:00,41.0,34.0,34.0,38.0,30.0,45.0,29.0,6,6,9,35.857142857142854
3106,2,2024-06-09 10:00:00+00:00,42.0,35.0,32.0,36.0,29.0,46.0,34.0,6,6,10,36.285714285714285
3107,2,2024-06-09 11:00:00+00:00,41.0,35.0,31.0,34.0,30.0,47.0,42.0,6,6,11,37.142857142857146
3108,2,2024-06-09 12:00:00+00:00,42.0,40.0,38.0,41.0,36.0,34.0,56.0,6,6,12,41.0
3109,2,2024-06-09 13:00:00+00:00,44.0,44.0,44.0,43.0,40.0,37.0,60.0,6,6,13,44.57142857142857
3110,2,2024-06-09 14:00:00+00:00,47.0,52.0,49.0,45.0,45.0,41.0,60.0,6,6,14,48.42857142857143
3111,2,2024-06-09 15:00:00+00:00,53.0,61.0,53.0,47.0,50.0,46.0,60.0,6,6,15,52.857142857142854
3112,2,2024-06-09 16:00:00+00:00,58.0,64.0,59.0,50.0,55.0,50.0,61.0,6,6,16,56.714285714285715
3113,2,2024-06-09 17:00:00+00:00,63.0,68.0,62.0,53.0,59.0,55.0,61.0,6,6,17,60.142857142857146
3114,2,2024-06-09 18:00:00+00:00,70.0,72.0,66.0,64.0,64.0,59.0,64.0,6,6,18,65.57142857142857
3115,2,2024-06-09 19:00:00+00:00,71.0,75.0,69.0,66.0,68.0,64.0,62.0,6,6,19,67.85714285714286
3116,2,2024-06-09 20:00:00+00:00,72.0,79.0,73.0,68.0,73.0,68.0,59.0,6,6,20,70.28571428571429
3117,2,2024-06-09 21:00:00+00:00,72.0,83.0,75.0,70.0,76.0,72.0,57.0,6,6,21,72.14285714285714
3118,2,2024-06-09 22:00:00+00:00,74.0,84.0,77.0,72.0,79.0,75.0,56.0,6,6,22,73.85714285714286
3119,2,2024-06-09 23:00:00+00:00,75.0,86.0,80.0,75.0,80.0,78.0,55.0,6,6,23,75.57142857142857
3120,2,2024-06-10 00:00:00+00:00,78.0,81.0,81.0,77.0,76.0,82.0,61.0,6,0,0,76.57142857142857
3121,2,2024-06-10 01:00:00+00:00,80.0,83.0,82.0,77.0,77.0,82.0,63.0,6,0,1,77.71428571428571
3122,2,2024-06-10 02:00:00+00:00,82.0,87.0,83.0,76.0,78.0,80.0,66.0,6,0,2,78.85714285714286
3123,2,2024-06-10 03:00:00+00:00,81.0,85.0,80.0,73.0,76.0,75.0,65.0,6,0,3,76.42857142857143
3124,2,2024-06-10 04:00:00+00:00,70.0,77.0,72.0,65.0,67.0,65.0,57.0,6,0,4,67.57142857142857
3125,2,2024-06-10 05:00:00+00:00,61.0,67.0,63.0,55.0,54.0,51.0,46.0,6,0,5,56.714285714285715
3126,2,2024-06-10 06:00:00+00:00,48.0,54.0,45.0,45.0,43.0,40.0,35.0,6,0,6,44.285714285714285
3127,2,2024-06-10 07:00:00+00:00,42.0,48.0,36.0,37.0,36.0,34.0,31.0,6,0,7,37.714285714285715
3128,2,2024-06-10 08:00:00+00:00,34.0,42.0,39.0,30.0,31.0,30.0,29.0,6,0,8,33.57142857142857
3129,2,2024-06-10 09:00:00+00:00,27.0,41.0,45.0,25.0,28.0,28.0,30.0,6,0,9,32.0
3130,2,2024-06-10 10:00:00+00:00,23.0,38.0,48.0,23.0,26.0,26.0,37.0,6,0,10,31.571428571428573
3131,2,2024-06-10 11:00:00+00:00,20.0,35.0,49.0,22.0,25.0,25.0,47.0,6,0,11,31.857142857142858
3132,2,2024-06-10 12:00:00+00:00,23.0,30.0,35.0,28.0,26.0,23.0,56.0,6,0,12,31.571428571428573
3133,2,2024-06-10 13:00:00+00:00,33.0,35.0,39.0,35.0,34.0,30.0,62.0,6,0,13,38.285714285714285
3134,2,2024-06-10 14:00:00+00:00,50.0,46.0,51.0,44.0,44.0,42.0,66.0,6,0,14,49.0
3135,2,2024-06-10 15:00:00+00:00,58.0,54.0,60.0,52.0,53.0,51.0,68.0,6,0,15,56.57142857142857
3136,2,2024-06-10 16:00:00+00:00,57.0,59.0,63.0,58.0,57.0,55.0,67.0,6,0,16,59.42857142857143
3137,2,2024-06-10 17:00:00+00:00,59.0,63.0,67.0,62.0,59.0,56.0,65.0,6,0,17,61.57142857142857
3138,2,2024-06-10 18:00:00+00:00,65.0,70.0,64.0,69.0,60.0,56.0,57.0,6,0,18,63.0
3139,2,2024-06-10 19:00:00+00:00,69.0,71.0,67.0,72.0,62.0,54.0,52.0,6,0,19,63.857142857142854
3140,2,2024-06-10 20:00:00+00:00,69.0,70.0,69.0,74.0,63.0,51.0,47.0,6,0,20,63.285714285714285
3141,2,2024-06-10 21:00:00+00:00,70.0,67.0,71.0,75.0,65.0,50.0,46.0,6,0,21,63.42857142857143
3142,2,2024-06-10 22:00:00+00:00,70.0,66.0,72.0,76.0,68.0,53.0,52.0,6,0,22,65.28571428571429
3143,2,2024-06-10 23:00:00+00:00,69.0,69.0,73.0,75.0,70.0,58.0,61.0,6,0,23,67.85714285714286
3144,2,2024-06-11 00:00:00+00:00,75.0,68.0,78.0,74.0,74.0,59.0,51.0,6,1,0,68.42857142857143
3145,2,2024-06-11 01:00:00+00:00,81.0,69.0,78.0,75.0,75.0,59.0,49.0,6,1,1,69.42857142857143
3146,2,2024-06-11 02:00:00+00:00,83.0,68.0,79.0,75.0,76.0,60.0,47.0,6,1,2,69.71428571428571
3147,2,2024-06-11 03:00:00+00:00,82.0,66.0,75.0,72.0,74.0,58.0,44.0,6,1,3,67.28571428571429
3148,2,2024-06-11 04:00:00+00:00,72.0,57.0,65.0,65.0,67.0,52.0,38.0,6,1,4,59.42857142857143
3149,2,2024-06-11 05:00:00+00:00,56.0,46.0,54.0,55.0,56.0,43.0,31.0,6,1,5,48.714285714285715
3150,2,2024-06-11 06:00:00+00:00,40.0,41.0,44.0,48.0,46.0,35.0,28.0,6,1,6,40.285714285714285
3151,2,2024-06-11 07:00:00+00:00,35.0,34.0,38.0,41.0,37.0,29.0,26.0,6,1,7,34.285714285714285
3152,2,2024-06-11 08:00:00+00:00,30.0,29.0,36.0,35.0,29.0,24.0,27.0,6,1,8,30.0
3153,2,2024-06-11 09:00:00+00:00,24.0,26.0,30.0,29.0,23.0,20.0,27.0,6,1,9,25.571428571428573
3154,2,2024-06-11 10:00:00+00:00,21.0,23.0,27.0,23.0,19.0,16.0,27.0,6,1,10,22.285714285714285
3155,2,2024-06-11 11:00:00+00:00,18.0,21.0,25.0,18.0,18.0,13.0,26.0,6,1,11,19.857142857142858
3156,2,2024-06-11 12:00:00+00:00,17.0,16.0,23.0,21.0,19.0,14.0,35.0,6,1,12,20.714285714285715
3157,2,2024-06-11 13:00:00+00:00,20.0,16.0,23.0,25.0,23.0,20.0,40.0,6,1,13,23.857142857142858
3158,2,2024-06-11 14:00:00+00:00,26.0,23.0,26.0,31.0,28.0,29.0,45.0,6,1,14,29.714285714285715
3159,2,2024-06-11 15:00:00+00:00,31.0,39.0,32.0,38.0,34.0,37.0,48.0,6,1,15,37.0
3160,2,2024-06-11 16:00:00+00:00,34.0,51.0,36.0,46.0,38.0,40.0,48.0,6,1,16,41.857142857142854
3161,2,2024-06-11 17:00:00+00:00,40.0,53.0,39.0,55.0,42.0,41.0,46.0,6,1,17,45.142857142857146
3162,2,2024-06-11 18:00:00+00:00,59.0,59.0,50.0,43.0,46.0,43.0,45.0,6,1,18,49.285714285714285
3163,2,2024-06-11 19:00:00+00:00,62.0,63.0,61.0,49.0,53.0,46.0,50.0,6,1,19,54.857142857142854
3164,2,2024-06-11 20:00:00+00:00,63.0,61.0,67.0,56.0,61.0,50.0,57.0,6,1,20,59.285714285714285
3165,2,2024-06-11 21:00:00+00:00,63.0,61.0,67.0,61.0,66.0,53.0,61.0,6,1,21,61.714285714285715
3166,2,2024-06-11 22:00:00+00:00,65.0,61.0,67.0,62.0,67.0,55.0,59.0,6,1,22,62.285714285714285
3167,2,2024-06-11 23:00:00+00:00,67.0,62.0,68.0,61.0,65.0,57.0,53.0,6,1,23,61.857142857142854
3168,2,2024-06-12 00:00:00+00:00,66.0,69.0,69.0,63.0,67.0,58.0,45.0,6,2,0,62.42857142857143
3169,2,2024-06-12 01:00:00+00:00,66.0,71.0,71.0,64.0,69.0,60.0,43.0,6,2,1,63.42857142857143
3170,2,2024-06-12 02:00:00+00:00,66.0,74.0,69.0,64.0,72.0,61.0,43.0,6,2,2,64.14285714285714
3171,2,2024-06-12 03:00:00+00:00,63.0,74.0,65.0,62.0,71.0,60.0,41.0,6,2,3,62.285714285714285
3172,2,2024-06-12 04:00:00+00:00,60.0,63.0,56.0,55.0,64.0,56.0,36.0,6,2,4,55.714285714285715
3173,2,2024-06-12 05:00:00+00:00,53.0,54.0,46.0,46.0,54.0,49.0,30.0,6,2,5,47.42857142857143
3174,2,2024-06-12 06:00:00+00:00,44.0,38.0,38.0,35.0,44.0,43.0,27.0,6,2,6,38.42857142857143
3175,2,2024-06-12 07:00:00+00:00,36.0,29.0,29.0,29.0,35.0,36.0,25.0,6,2,7,31.285714285714285
3176,2,2024-06-12 08:00:00+00:00,25.0,21.0,26.0,24.0,27.0,30.0,24.0,6,2,8,25.285714285714285
3177,2,2024-06-12 09:00:00+00:00,21.0,21.0,24.0,21.0,23.0,26.0,24.0,6,2,9,22.857142857142858
3178,2,2024-06-12 10:00:00+00:00,41.0,26.0,23.0,21.0,25.0,26.0,24.0,6,2,10,26.571428571428573
3179,2,2024-06-12 11:00:00+00:00,39.0,43.0,24.0,23.0,31.0,29.0,23.0,6,2,11,30.285714285714285
3180,2,2024-06-12 12:00:00+00:00,25.0,32.0,33.0,16.0,17.0,31.0,39.0,6,2,12,27.571428571428573
3181,2,2024-06-12 13:00:00+00:00,36.0,42.0,37.0,21.0,22.0,33.0,43.0,6,2,13,33.42857142857143
3182,2,2024-06-12 14:00:00+00:00,56.0,50.0,42.0,28.0,31.0,35.0,47.0,6,2,14,41.285714285714285
3183,2,2024-06-12 15:00:00+00:00,55.0,54.0,52.0,33.0,37.0,38.0,49.0,6,2,15,45.42857142857143
3184,2,2024-06-12 16:00:00+00:00,58.0,61.0,60.0,33.0,39.0,41.0,48.0,6,2,16,48.57142857142857
3185,2,2024-06-12 17:00:00+00:00,58.0,64.0,66.0,32.0,38.0,45.0,46.0,6,2,17,49.857142857142854
3186,2,2024-06-12 18:00:00+00:00,62.0,62.0,67.0,68.0,40.0,49.0,43.0,6,2,18,55.857142857142854
3187,2,2024-06-12 19:00:00+00:00,62.0,62.0,68.0,69.0,47.0,52.0,42.0,6,2,19,57.42857142857143
3188,2,2024-06-12 20:00:00+00:00,62.0,63.0,69.0,66.0,55.0,54.0,41.0,6,2,20,58.57142857142857
3189,2,2024-06-12 21:00:00+00:00,62.0,64.0,68.0,63.0,63.0,57.0,40.0,6,2,21,59.57142857142857
3190,2,2024-06-12 22:00:00+00:00,63.0,65.0,68.0,62.0,68.0,62.0,39.0,6,2,22,61.0
3191,2,2024-06-12 23:00:00+00:00,64.0,67.0,68.0,62.0,72.0,67.0,38.0,6,2,23,62.57142857142857
3192,2,2024-06-13 00:00:00+00:00,63.0,67.0,73.0,64.0,60.0,61.0,41.0,6,3,0,61.285714285714285
3193,2,2024-06-13 01:00:00+00:00,63.0,65.0,71.0,65.0,64.0,60.0,42.0,6,3,1,61.42857142857143
3194,2,2024-06-13 02:00:00+00:00,63.0,62.0,67.0,65.0,68.0,58.0,43.0,6,3,2,60.857142857142854
3195,2,2024-06-13 03:00:00+00:00,61.0,60.0,61.0,63.0,68.0,55.0,42.0,6,3,3,58.57142857142857
3196,2,2024-06-13 04:00:00+00:00,54.0,54.0,52.0,57.0,60.0,49.0,37.0,6,3,4,51.857142857142854
3197,2,2024-06-13 05:00:00+00:00,47.0,47.0,42.0,50.0,48.0,40.0,31.0,6,3,5,43.57142857142857
3198,2,2024-06-13 06:00:00+00:00,42.0,43.0,41.0,47.0,38.0,34.0,30.0,6,3,6,39.285714285714285
3199,2,2024-06-13 07:00:00+00:00,36.0,38.0,35.0,41.0,35.0,31.0,27.0,6,3,7,34.714285714285715
3200,2,2024-06-13 08:00:00+00:00,34.0,38.0,32.0,34.0,34.0,30.0,26.0,6,3,8,32.57142857142857
3201,2,2024-06-13 09:00:00+00:00,27.0,34.0,32.0,30.0,33.0,29.0,26.0,6,3,9,30.142857142857142
3202,2,2024-06-13 10:00:00+00:00,35.0,34.0,30.0,30.0,30.0,29.0,27.0,6,3,10,30.714285714285715
3203,2,2024-06-13 11:00:00+00:00,39.0,36.0,30.0,33.0,26.0,29.0,29.0,6,3,11,31.714285714285715
3204,2,2024-06-13 12:00:00+00:00,41.0,28.0,35.0,32.0,44.0,37.0,29.0,6,3,12,35.142857142857146
3205,2,2024-06-13 13:00:00+00:00,41.0,30.0,37.0,35.0,48.0,36.0,29.0,6,3,13,36.57142857142857
3206,2,2024-06-13 14:00:00+00:00,42.0,33.0,39.0,39.0,53.0,36.0,29.0,6,3,14,38.714285714285715
3207,2,2024-06-13 15:00:00+00:00,44.0,38.0,42.0,43.0,56.0,39.0,30.0,6,3,15,41.714285714285715
3208,2,2024-06-13 16:00:00+00:00,49.0,46.0,48.0,47.0,57.0,47.0,31.0,6,3,16,46.42857142857143
3209,2,2024-06-13 17:00:00+00:00,54.0,51.0,49.0,50.0,57.0,59.0,33.0,6,3,17,50.42857142857143
3210,2,2024-06-13 18:00:00+00:00,53.0,51.0,48.0,49.0,56.0,66.0,64.0,6,3,18,55.285714285714285
3211,2,2024-06-13 19:00:00+00:00,54.0,51.0,47.0,49.0,56.0,66.0,65.0,6,3,19,55.42857142857143
3212,2,2024-06-13 20:00:00+00:00,57.0,51.0,49.0,48.0,55.0,61.0,64.0,6,3,20,55.0
3213,2,2024-06-13 21:00:00+00:00,57.0,52.0,51.0,48.0,55.0,57.0,62.0,6,3,21,54.57142857142857
3214,2,2024-06-13 22:00:00+00:00,58.0,51.0,53.0,50.0,54.0,54.0,59.0,6,3,22,54.142857142857146
3215,2,2024-06-13 23:00:00+00:00,59.0,49.0,54.0,52.0,53.0,51.0,56.0,6,3,23,53.42857142857143
3216,2,2024-06-14 00:00:00+00:00,63.0,54.0,50.0,61.0,54.0,48.0,57.0,6,4,0,55.285714285714285
3217,2,2024-06-14 01:00:00+00:00,61.0,56.0,55.0,59.0,53.0,51.0,58.0,6,4,1,56.142857142857146
3218,2,2024-06-14 02:00:00+00:00,56.0,58.0,63.0,56.0,52.0,56.0,59.0,6,4,2,57.142857142857146
3219,2,2024-06-14 03:00:00+00:00,51.0,54.0,51.0,51.0,48.0,57.0,58.0,6,4,3,52.857142857142854
3220,2,2024-06-14 04:00:00+00:00,42.0,41.0,40.0,44.0,42.0,51.0,53.0,6,4,4,44.714285714285715
3221,2,2024-06-14 05:00:00+00:00,34.0,33.0,33.0,37.0,34.0,41.0,45.0,6,4,5,36.714285714285715
3222,2,2024-06-14 06:00:00+00:00,28.0,27.0,27.0,27.0,27.0,33.0,48.0,6,4,6,31.0
3223,2,2024-06-14 07:00:00+00:00,27.0,25.0,24.0,21.0,22.0,27.0,42.0,6,4,7,26.857142857142858
3224,2,2024-06-14 08:00:00+00:00,20.0,21.0,20.0,18.0,18.0,23.0,35.0,6,4,8,22.142857142857142
3225,2,2024-06-14 09:00:00+00:00,18.0,15.0,14.0,16.0,16.0,19.0,30.0,6,4,9,18.285714285714285
3226,2,2024-06-14 10:00:00+00:00,17.0,12.0,12.0,15.0,15.0,16.0,29.0,6,4,10,16.571428571428573
3227,2,2024-06-14 11:00:00+00:00,14.0,12.0,11.0,15.0,14.0,13.0,31.0,6,4,11,15.714285714285714
3228,2,2024-06-14 12:00:00+00:00,15.0,18.0,20.0,17.0,22.0,18.0,37.0,6,4,12,21.0
3229,2,2024-06-14 13:00:00+00:00,25.0,20.0,21.0,19.0,24.0,20.0,43.0,6,4,13,24.571428571428573
3230,2,2024-06-14 14:00:00+00:00,30.0,23.0,22.0,21.0,26.0,24.0,50.0,6,4,14,28.0
3231,2,2024-06-14 15:00:00+00:00,36.0,29.0,26.0,25.0,29.0,29.0,55.0,6,4,15,32.714285714285715
3232,2,2024-06-14 16:00:00+00:00,42.0,39.0,35.0,31.0,33.0,34.0,55.0,6,4,16,38.42857142857143
3233,2,2024-06-14 17:00:00+00:00,46.0,43.0,40.0,37.0,39.0,40.0,52.0,6,4,17,42.42857142857143
3234,2,2024-06-14 18:00:00+00:00,44.0,41.0,42.0,41.0,43.0,45.0,45.0,6,4,18,43.0
3235,2,2024-06-14 19:00:00+00:00,50.0,41.0,42.0,41.0,45.0,48.0,44.0,6,4,19,44.42857142857143
3236,2,2024-06-14 20:00:00+00:00,52.0,37.0,43.0,40.0,47.0,49.0,44.0,6,4,20,44.57142857142857
3237,2,2024-06-14 21:00:00+00:00,55.0,38.0,53.0,40.0,49.0,50.0,43.0,6,4,21,46.857142857142854
3238,2,2024-06-14 22:00:00+00:00,57.0,46.0,48.0,44.0,55.0,50.0,42.0,6,4,22,48.857142857142854
3239,2,2024-06-14 23:00:00+00:00,53.0,51.0,47.0,49.0,61.0,49.0,41.0,6,4,23,50.142857142857146
3240,2,2024-06-15 00:00:00+00:00,55.0,54.0,53.0,50.0,61.0,56.0,29.0,6,5,0,51.142857142857146
3241,2,2024-06-15 01:00:00+00:00,58.0,56.0,59.0,55.0,64.0,59.0,30.0,6,5,1,54.42857142857143
3242,2,2024-06-15 02:00:00+00:00,62.0,58.0,64.0,59.0,65.0,61.0,33.0,6,5,2,57.42857142857143
3243,2,2024-06-15 03:00:00+00:00,64.0,62.0,64.0,59.0,62.0,59.0,34.0,6,5,3,57.714285714285715
3244,2,2024-06-15 04:00:00+00:00,57.0,60.0,56.0,51.0,53.0,51.0,32.0,6,5,4,51.42857142857143
3245,2,2024-06-15 05:00:00+00:00,40.0,42.0,44.0,39.0,40.0,40.0,30.0,6,5,5,39.285714285714285
3246,2,2024-06-15 06:00:00+00:00,34.0,32.0,29.0,31.0,29.0,31.0,23.0,6,5,6,29.857142857142858
3247,2,2024-06-15 07:00:00+00:00,31.0,25.0,23.0,24.0,23.0,25.0,21.0,6,5,7,24.571428571428573
3248,2,2024-06-15 08:00:00+00:00,27.0,21.0,20.0,19.0,20.0,21.0,22.0,6,5,8,21.428571428571427
3249,2,2024-06-15 09:00:00+00:00,27.0,20.0,18.0,16.0,19.0,19.0,23.0,6,5,9,20.285714285714285
3250,2,2024-06-15 10:00:00+00:00,29.0,21.0,28.0,18.0,19.0,18.0,22.0,6,5,10,22.142857142857142
3251,2,2024-06-15 11:00:00+00:00,28.0,30.0,29.0,23.0,21.0,18.0,22.0,6,5,11,24.428571428571427
3252,2,2024-06-15 12:00:00+00:00,35.0,26.0,21.0,36.0,23.0,23.0,26.0,6,5,12,27.142857142857142
3253,2,2024-06-15 13:00:00+00:00,32.0,32.0,36.0,41.0,28.0,26.0,34.0,6,5,13,32.714285714285715
3254,2,2024-06-15 14:00:00+00:00,40.0,42.0,50.0,47.0,34.0,29.0,44.0,6,5,14,40.857142857142854
3255,2,2024-06-15 15:00:00+00:00,47.0,46.0,51.0,51.0,40.0,33.0,51.0,6,5,15,45.57142857142857
3256,2,2024-06-15 16:00:00+00:00,52.0,51.0,58.0,53.0,47.0,40.0,51.0,6,5,16,50.285714285714285
3257,2,2024-06-15 17:00:00+00:00,54.0,53.0,62.0,55.0,55.0,49.0,49.0,6,5,17,53.857142857142854
3258,2,2024-06-15 18:00:00+00:00,58.0,56.0,63.0,60.0,60.0,55.0,56.0,6,5,18,58.285714285714285
3259,2,2024-06-15 19:00:00+00:00,61.0,60.0,63.0,62.0,61.0,56.0,55.0,6,5,19,59.714285714285715
3260,2,2024-06-15 20:00:00+00:00,65.0,64.0,65.0,65.0,59.0,54.0,54.0,6,5,20,60.857142857142854
3261,2,2024-06-15 21:00:00+00:00,67.0,67.0,66.0,67.0,58.0,53.0,52.0,6,5,21,61.42857142857143
3262,2,2024-06-15 22:00:00+00:00,71.0,68.0,66.0,70.0,59.0,52.0,50.0,6,5,22,62.285714285714285
3263,2,2024-06-15 23:00:00+00:00,76.0,69.0,66.0,73.0,62.0,52.0,48.0,6,5,23,63.714285714285715
3264,2,2024-06-16 00:00:00+00:00,82.0,77.0,64.0,82.0,76.0,54.0,47.0,6,6,0,68.85714285714286
3265,2,2024-06-16 01:00:00+00:00,82.0,78.0,70.0,86.0,82.0,54.0,46.0,6,6,1,71.14285714285714
3266,2,2024-06-16 02:00:00+00:00,83.0,78.0,78.0,88.0,86.0,55.0,45.0,6,6,2,73.28571428571429
3267,2,2024-06-16 03:00:00+00:00,81.0,78.0,83.0,85.0,85.0,55.0,42.0,6,6,3,72.71428571428571
3268,2,2024-06-16 04:00:00+00:00,72.0,68.0,77.0,74.0,74.0,52.0,38.0,6,6,4,65.0
3269,2,2024-06-16 05:00:00+00:00,64.0,60.0,66.0,59.0,58.0,48.0,32.0,6,6,5,55.285714285714285
3270,2,2024-06-16 06:00:00+00:00,49.0,42.0,44.0,45.0,44.0,43.0,28.0,6,6,6,42.142857142857146
3271,2,2024-06-16 07:00:00+00:00,39.0,36.0,32.0,37.0,34.0,36.0,26.0,6,6,7,34.285714285714285
3272,2,2024-06-16 08:00:00+00:00,32.0,30.0,31.0,31.0,26.0,27.0,26.0,6,6,8,29.0
3273,2,2024-06-16 09:00:00+00:00,30.0,25.0,31.0,27.0,22.0,22.0,27.0,6,6,9,26.285714285714285
3274,2,2024-06-16 10:00:00+00:00,29.0,21.0,29.0,25.0,26.0,22.0,28.0,6,6,10,25.714285714285715
3275,2,2024-06-16 11:00:00+00:00,30.0,20.0,24.0,24.0,35.0,26.0,29.0,6,6,11,26.857142857142858
3276,2,2024-06-16 12:00:00+00:00,30.0,18.0,24.0,25.0,37.0,23.0,38.0,6,6,12,27.857142857142858
3277,2,2024-06-16 13:00:00+00:00,38.0,22.0,32.0,33.0,39.0,29.0,42.0,6,6,13,33.57142857142857
3278,2,2024-06-16 14:00:00+00:00,45.0,30.0,42.0,44.0,41.0,37.0,47.0,6,6,14,40.857142857142854
3279,2,2024-06-16 15:00:00+00:00,51.0,40.0,48.0,53.0,44.0,43.0,49.0,6,6,15,46.857142857142854
3280,2,2024-06-16 16:00:00+00:00,58.0,58.0,47.0,56.0,50.0,46.0,47.0,6,6,16,51.714285714285715
3281,2,2024-06-16 17:00:00+00:00,62.0,62.0,53.0,56.0,58.0,49.0,43.0,6,6,17,54.714285714285715
3282,2,2024-06-16 18:00:00+00:00,64.0,66.0,51.0,53.0,64.0,51.0,58.0,6,6,18,58.142857142857146
3283,2,2024-06-16 19:00:00+00:00,71.0,65.0,55.0,57.0,69.0,54.0,56.0,6,6,19,61.0
3284,2,2024-06-16 20:00:00+00:00,77.0,64.0,61.0,61.0,72.0,58.0,52.0,6,6,20,63.57142857142857
3285,2,2024-06-16 21:00:00+00:00,80.0,62.0,67.0,65.0,75.0,61.0,50.0,6,6,21,65.71428571428571
3286,2,2024-06-16 22:00:00+00:00,81.0,61.0,70.0,70.0,76.0,65.0,53.0,6,6,22,68.0
3287,2,2024-06-16 23:00:00+00:00,81.0,61.0,71.0,75.0,75.0,69.0,57.0,6,6,23,69.85714285714286
3288,2,2024-06-17 00:00:00+00:00,88.0,77.0,72.0,83.0,75.0,70.0,54.0,6,0,0,74.14285714285714
3289,2,2024-06-17 01:00:00+00:00,88.0,77.0,73.0,83.0,76.0,71.0,54.0,6,0,1,74.57142857142857
3290,2,2024-06-17 02:00:00+00:00,89.0,74.0,73.0,82.0,77.0,70.0,54.0,6,0,2,74.14285714285714
3291,2,2024-06-17 03:00:00+00:00,86.0,70.0,70.0,78.0,75.0,68.0,52.0,6,0,3,71.28571428571429
3292,2,2024-06-17 04:00:00+00:00,74.0,61.0,66.0,70.0,68.0,63.0,46.0,6,0,4,64.0
3293,2,2024-06-17 05:00:00+00:00,61.0,51.0,49.0,58.0,58.0,56.0,39.0,6,0,5,53.142857142857146
3294,2,2024-06-17 06:00:00+00:00,43.0,46.0,42.0,40.0,49.0,48.0,31.0,6,0,6,42.714285714285715
3295,2,2024-06-17 07:00:00+00:00,31.0,36.0,38.0,35.0,40.0,39.0,27.0,6,0,7,35.142857142857146
3296,2,2024-06-17 08:00:00+00:00,24.0,30.0,31.0,31.0,31.0,29.0,25.0,6,0,8,28.714285714285715
3297,2,2024-06-17 09:00:00+00:00,21.0,23.0,30.0,29.0,25.0,21.0,24.0,6,0,9,24.714285714285715
3298,2,2024-06-17 10:00:00+00:00,19.0,21.0,25.0,27.0,23.0,17.0,25.0,6,0,10,22.428571428571427
3299,2,2024-06-17 11:00:00+00:00,21.0,20.0,23.0,27.0,23.0,16.0,27.0,6,0,11,22.428571428571427
3300,2,2024-06-17 12:00:00+00:00,23.0,24.0,17.0,25.0,20.0,23.0,30.0,6,0,12,23.142857142857142
3301,2,2024-06-17 13:00:00+00:00,28.0,27.0,20.0,28.0,23.0,27.0,36.0,6,0,13,27.0
3302,2,2024-06-17 14:00:00+00:00,32.0,30.0,24.0,31.0,29.0,32.0,43.0,6,0,14,31.571428571428573
3303,2,2024-06-17 15:00:00+00:00,37.0,35.0,29.0,36.0,34.0,38.0,48.0,6,0,15,36.714285714285715
3304,2,2024-06-17 16:00:00+00:00,46.0,44.0,38.0,42.0,39.0,45.0,47.0,6,0,16,43.0
3305,2,2024-06-17 17:00:00+00:00,53.0,48.0,43.0,49.0,44.0,52.0,43.0,6,0,17,47.42857142857143
3306,2,2024-06-17 18:00:00+00:00,57.0,53.0,46.0,54.0,49.0,57.0,39.0,6,0,18,50.714285714285715
3307,2,2024-06-17 19:00:00+00:00,59.0,56.0,50.0,56.0,53.0,59.0,47.0,6,0,19,54.285714285714285
3308,2,2024-06-17 20:00:00+00:00,61.0,57.0,51.0,57.0,57.0,58.0,57.0,6,0,20,56.857142857142854
3309,2,2024-06-17 21:00:00+00:00,62.0,56.0,53.0,58.0,60.0,59.0,64.0,6,0,21,58.857142857142854
3310,2,2024-06-17 22:00:00+00:00,64.0,56.0,57.0,60.0,64.0,62.0,63.0,6,0,22,60.857142857142854
3311,2,2024-06-17 23:00:00+00:00,66.0,56.0,57.0,63.0,68.0,65.0,57.0,6,0,23,61.714285714285715
3312,2,2024-06-18 00:00:00+00:00,69.0,59.0,59.0,64.0,59.0,68.0,51.0,6,1,0,61.285714285714285
3313,2,2024-06-18 01:00:00+00:00,68.0,63.0,63.0,65.0,62.0,70.0,49.0,6,1,1,62.857142857142854
3314,2,2024-06-18 02:00:00+00:00,65.0,69.0,72.0,66.0,65.0,71.0,47.0,6,1,2,65.0
3315,2,2024-06-18 03:00:00+00:00,63.0,69.0,71.0,64.0,65.0,69.0,44.0,6,1,3,63.57142857142857
3316,2,2024-06-18 04:00:00+00:00,61.0,64.0,61.0,58.0,58.0,60.0,40.0,6,1,4,57.42857142857143
3317,2,2024-06-18 05:00:00+00:00,46.0,48.0,46.0,50.0,48.0,47.0,35.0,6,1,5,45.714285714285715
3318,2,2024-06-18 06:00:00+00:00,37.0,35.0,33.0,37.0,39.0,36.0,33.0,6,1,6,35.714285714285715
3319,2,2024-06-18 07:00:00+00:00,32.0,27.0,27.0,30.0,32.0,30.0,31.0,6,1,7,29.857142857142858
3320,2,2024-06-18 08:00:00+00:00,27.0,23.0,24.0,26.0,26.0,27.0,31.0,6,1,8,26.285714285714285
3321,2,2024-06-18 09:00:00+00:00,25.0,21.0,23.0,23.0,21.0,25.0,31.0,6,1,9,24.142857142857142
3322,2,2024-06-18 10:00:00+00:00,23.0,19.0,21.0,20.0,19.0,22.0,29.0,6,1,10,21.857142857142858
3323,2,2024-06-18 11:00:00+00:00,21.0,18.0,20.0,18.0,19.0,21.0,28.0,6,1,11,20.714285714285715
3324,2,2024-06-18 12:00:00+00:00,19.0,24.0,23.0,27.0,21.0,21.0,30.0,6,1,12,23.571428571428573
3325,2,2024-06-18 13:00:00+00:00,23.0,27.0,27.0,28.0,24.0,24.0,33.0,6,1,13,26.571428571428573
3326,2,2024-06-18 14:00:00+00:00,28.0,30.0,33.0,30.0,29.0,30.0,37.0,6,1,14,31.0
3327,2,2024-06-18 15:00:00+00:00,34.0,39.0,42.0,32.0,35.0,35.0,39.0,6,1,15,36.57142857142857
3328,2,2024-06-18 16:00:00+00:00,43.0,48.0,55.0,37.0,42.0,41.0,37.0,6,1,16,43.285714285714285
3329,2,2024-06-18 17:00:00+00:00,49.0,54.0,63.0,43.0,49.0,47.0,32.0,6,1,17,48.142857142857146
3330,2,2024-06-18 18:00:00+00:00,58.0,57.0,51.0,50.0,55.0,52.0,32.0,6,1,18,50.714285714285715
3331,2,2024-06-18 19:00:00+00:00,60.0,59.0,50.0,52.0,57.0,56.0,31.0,6,1,19,52.142857142857146
3332,2,2024-06-18 20:00:00+00:00,62.0,57.0,49.0,53.0,57.0,59.0,30.0,6,1,20,52.42857142857143
3333,2,2024-06-18 21:00:00+00:00,65.0,55.0,50.0,55.0,58.0,61.0,29.0,6,1,21,53.285714285714285
3334,2,2024-06-18 22:00:00+00:00,68.0,57.0,52.0,58.0,61.0,63.0,30.0,6,1,22,55.57142857142857
3335,2,2024-06-18 23:00:00+00:00,67.0,59.0,55.0,61.0,65.0,65.0,32.0,6,1,23,57.714285714285715
3336,2,2024-06-19 00:00:00+00:00,61.0,61.0,66.0,67.0,63.0,58.0,44.0,6,2,0,60.0
3337,2,2024-06-19 01:00:00+00:00,61.0,59.0,72.0,71.0,65.0,56.0,46.0,6,2,1,61.42857142857143
3338,2,2024-06-19 02:00:00+00:00,60.0,62.0,71.0,75.0,68.0,53.0,47.0,6,2,2,62.285714285714285
3339,2,2024-06-19 03:00:00+00:00,65.0,63.0,66.0,73.0,66.0,48.0,46.0,6,2,3,61.0
3340,2,2024-06-19 04:00:00+00:00,64.0,59.0,54.0,62.0,57.0,41.0,42.0,6,2,4,54.142857142857146
3341,2,2024-06-19 05:00:00+00:00,53.0,52.0,44.0,45.0,44.0,34.0,36.0,6,2,5,44.0
3342,2,2024-06-19 06:00:00+00:00,38.0,38.0,36.0,45.0,33.0,29.0,35.0,6,2,6,36.285714285714285
3343,2,2024-06-19 07:00:00+00:00,32.0,22.0,26.0,36.0,26.0,29.0,32.0,6,2,7,29.0
3344,2,2024-06-19 08:00:00+00:00,27.0,18.0,21.0,26.0,22.0,32.0,28.0,6,2,8,24.857142857142858
3345,2,2024-06-19 09:00:00+00:00,24.0,15.0,17.0,20.0,20.0,35.0,26.0,6,2,9,22.428571428571427
3346,2,2024-06-19 10:00:00+00:00,22.0,15.0,15.0,17.0,21.0,38.0,26.0,6,2,10,22.0
3347,2,2024-06-19 11:00:00+00:00,20.0,13.0,13.0,17.0,24.0,40.0,26.0,6,2,11,21.857142857142858
3348,2,2024-06-19 12:00:00+00:00,16.0,16.0,20.0,21.0,34.0,25.0,42.0,6,2,12,24.857142857142858
3349,2,2024-06-19 13:00:00+00:00,17.0,20.0,24.0,23.0,39.0,29.0,46.0,6,2,13,28.285714285714285
3350,2,2024-06-19 14:00:00+00:00,24.0,23.0,27.0,26.0,44.0,35.0,50.0,6,2,14,32.714285714285715
3351,2,2024-06-19 15:00:00+00:00,32.0,28.0,34.0,31.0,49.0,40.0,53.0,6,2,15,38.142857142857146
3352,2,2024-06-19 16:00:00+00:00,42.0,39.0,45.0,38.0,53.0,46.0,52.0,6,2,16,45.0
3353,2,2024-06-19 17:00:00+00:00,46.0,47.0,49.0,46.0,56.0,52.0,49.0,6,2,17,49.285714285714285
3354,2,2024-06-19 18:00:00+00:00,47.0,48.0,56.0,52.0,58.0,56.0,24.0,6,2,18,48.714285714285715
3355,2,2024-06-19 19:00:00+00:00,50.0,51.0,57.0,56.0,59.0,57.0,25.0,6,2,19,50.714285714285715
3356,2,2024-06-19 20:00:00+00:00,51.0,53.0,58.0,59.0,60.0,57.0,25.0,6,2,20,51.857142857142854
3357,2,2024-06-19 21:00:00+00:00,51.0,56.0,58.0,61.0,60.0,56.0,27.0,6,2,21,52.714285714285715
3358,2,2024-06-19 22:00:00+00:00,54.0,52.0,57.0,62.0,61.0,55.0,30.0,6,2,22,53.0
3359,2,2024-06-19 23:00:00+00:00,57.0,50.0,58.0,62.0,61.0,54.0,33.0,6,2,23,53.57142857142857
3360,2,2024-06-20 00:00:00+00:00,60.0,71.0,54.0,57.0,60.0,59.0,44.0,6,3,0,57.857142857142854
3361,2,2024-06-20 01:00:00+00:00,60.0,67.0,53.0,52.0,59.0,56.0,41.0,6,3,1,55.42857142857143
3362,2,2024-06-20 02:00:00+00:00,60.0,60.0,50.0,46.0,57.0,51.0,37.0,6,3,2,51.57142857142857
3363,2,2024-06-20 03:00:00+00:00,58.0,52.0,42.0,41.0,54.0,45.0,32.0,6,3,3,46.285714285714285
3364,2,2024-06-20 04:00:00+00:00,54.0,44.0,35.0,38.0,49.0,37.0,28.0,6,3,4,40.714285714285715
3365,2,2024-06-20 05:00:00+00:00,39.0,31.0,35.0,35.0,44.0,29.0,24.0,6,3,5,33.857142857142854
3366,2,2024-06-20 06:00:00+00:00,27.0,25.0,35.0,32.0,38.0,24.0,26.0,6,3,6,29.571428571428573
3367,2,2024-06-20 07:00:00+00:00,22.0,24.0,37.0,29.0,33.0,25.0,25.0,6,3,7,27.857142857142858
3368,2,2024-06-20 08:00:00+00:00,19.0,21.0,33.0,30.0,27.0,30.0,25.0,6,3,8,26.428571428571427
3369,2,2024-06-20 09:00:00+00:00,18.0,18.0,27.0,30.0,24.0,34.0,25.0,6,3,9,25.142857142857142
3370,2,2024-06-20 10:00:00+00:00,17.0,15.0,24.0,29.0,23.0,36.0,26.0,6,3,10,24.285714285714285
3371,2,2024-06-20 11:00:00+00:00,15.0,17.0,24.0,28.0,25.0,38.0,28.0,6,3,11,25.0
3372,2,2024-06-20 12:00:00+00:00,22.0,17.0,32.0,27.0,27.0,34.0,28.0,6,3,12,26.714285714285715
3373,2,2024-06-20 13:00:00+00:00,31.0,18.0,37.0,31.0,30.0,37.0,31.0,6,3,13,30.714285714285715
3374,2,2024-06-20 14:00:00+00:00,36.0,24.0,41.0,37.0,34.0,40.0,35.0,6,3,14,35.285714285714285
3375,2,2024-06-20 15:00:00+00:00,45.0,34.0,46.0,43.0,38.0,43.0,39.0,6,3,15,41.142857142857146
3376,2,2024-06-20 16:00:00+00:00,56.0,42.0,56.0,50.0,43.0,46.0,41.0,6,3,16,47.714285714285715
3377,2,2024-06-20 17:00:00+00:00,62.0,47.0,62.0,57.0,48.0,48.0,43.0,6,3,17,52.42857142857143
3378,2,2024-06-20 18:00:00+00:00,66.0,57.0,56.0,54.0,52.0,50.0,39.0,6,3,18,53.42857142857143
3379,2,2024-06-20 19:00:00+00:00,68.0,58.0,57.0,57.0,54.0,50.0,38.0,6,3,19,54.57142857142857
3380,2,2024-06-20 20:00:00+00:00,69.0,61.0,61.0,58.0,55.0,50.0,37.0,6,3,20,55.857142857142854
3381,2,2024-06-20 21:00:00+00:00,79.0,67.0,65.0,61.0,57.0,53.0,36.0,6,3,21,59.714285714285715
3382,2,2024-06-20 22:00:00+00:00,83.0,71.0,70.0,66.0,62.0,61.0,36.0,6,3,22,64.14285714285714
3383,2,2024-06-20 23:00:00+00:00,93.0,75.0,69.0,72.0,68.0,71.0,37.0,6,3,23,69.28571428571429
3384,2,2024-06-21 00:00:00+00:00,85.0,72.0,81.0,75.0,74.0,83.0,70.0,6,4,0,77.14285714285714
3385,2,2024-06-21 01:00:00+00:00,86.0,86.0,80.0,81.0,79.0,86.0,66.0,6,4,1,80.57142857142857
3386,2,2024-06-21 02:00:00+00:00,88.0,90.0,79.0,87.0,84.0,89.0,58.0,6,4,2,82.14285714285714
3387,2,2024-06-21 03:00:00+00:00,89.0,91.0,84.0,87.0,83.0,87.0,50.0,6,4,3,81.57142857142857
3388,2,2024-06-21 04:00:00+00:00,76.0,79.0,80.0,75.0,71.0,74.0,43.0,6,4,4,71.14285714285714
3389,2,2024-06-21 05:00:00+00:00,60.0,60.0,61.0,55.0,52.0,56.0,37.0,6,4,5,54.42857142857143
3390,2,2024-06-21 06:00:00+00:00,51.0,40.0,35.0,39.0,37.0,41.0,23.0,6,4,6,38.0
3391,2,2024-06-21 07:00:00+00:00,47.0,35.0,27.0,32.0,30.0,34.0,23.0,6,4,7,32.57142857142857
3392,2,2024-06-21 08:00:00+00:00,46.0,28.0,25.0,29.0,26.0,31.0,25.0,6,4,8,30.0
3393,2,2024-06-21 09:00:00+00:00,42.0,27.0,23.0,27.0,24.0,29.0,28.0,6,4,9,28.571428571428573
3394,2,2024-06-21 10:00:00+00:00,35.0,32.0,21.0,26.0,23.0,28.0,32.0,6,4,10,28.142857142857142
3395,2,2024-06-21 11:00:00+00:00,32.0,33.0,22.0,26.0,24.0,28.0,36.0,6,4,11,28.714285714285715
3396,2,2024-06-21 12:00:00+00:00,32.0,26.0,28.0,27.0,28.0,23.0,42.0,6,4,12,29.428571428571427
3397,2,2024-06-21 13:00:00+00:00,36.0,29.0,34.0,30.0,31.0,25.0,47.0,6,4,13,33.142857142857146
3398,2,2024-06-21 14:00:00+00:00,43.0,36.0,36.0,34.0,36.0,29.0,52.0,6,4,14,38.0
3399,2,2024-06-21 15:00:00+00:00,47.0,41.0,43.0,39.0,41.0,34.0,56.0,6,4,15,43.0
3400,2,2024-06-21 16:00:00+00:00,55.0,54.0,55.0,48.0,47.0,41.0,57.0,6,4,16,51.0
3401,2,2024-06-21 17:00:00+00:00,59.0,58.0,62.0,58.0,53.0,50.0,57.0,6,4,17,56.714285714285715
3402,2,2024-06-21 18:00:00+00:00,63.0,58.0,60.0,66.0,59.0,57.0,54.0,6,4,18,59.57142857142857
3403,2,2024-06-21 19:00:00+00:00,63.0,59.0,64.0,71.0,63.0,59.0,60.0,6,4,19,62.714285714285715
3404,2,2024-06-21 20:00:00+00:00,65.0,62.0,74.0,73.0,67.0,59.0,66.0,6,4,20,66.57142857142857
3405,2,2024-06-21 21:00:00+00:00,67.0,66.0,78.0,75.0,71.0,61.0,70.0,6,4,21,69.71428571428571
3406,2,2024-06-21 22:00:00+00:00,63.0,69.0,77.0,76.0,75.0,66.0,71.0,6,4,22,71.0
3407,2,2024-06-21 23:00:00+00:00,61.0,65.0,75.0,76.0,79.0,73.0,69.0,6,4,23,71.14285714285714
3408,2,2024-06-22 00:00:00+00:00,73.0,82.0,81.0,62.0,75.0,78.0,46.0,6,5,0,71.0
3409,2,2024-06-22 01:00:00+00:00,74.0,86.0,80.0,65.0,79.0,80.0,46.0,6,5,1,72.85714285714286
3410,2,2024-06-22 02:00:00+00:00,75.0,89.0,82.0,69.0,81.0,82.0,44.0,6,5,2,74.57142857142857
3411,2,2024-06-22 03:00:00+00:00,76.0,89.0,82.0,68.0,78.0,80.0,41.0,6,5,3,73.42857142857143
3412,2,2024-06-22 04:00:00+00:00,72.0,80.0,75.0,58.0,66.0,72.0,36.0,6,5,4,65.57142857142857
3413,2,2024-06-22 05:00:00+00:00,56.0,64.0,55.0,42.0,48.0,60.0,29.0,6,5,5,50.57142857142857
3414,2,2024-06-22 06:00:00+00:00,38.0,38.0,33.0,32.0,34.0,49.0,22.0,6,5,6,35.142857142857146
3415,2,2024-06-22 07:00:00+00:00,28.0,31.0,27.0,26.0,28.0,40.0,20.0,6,5,7,28.571428571428573
3416,2,2024-06-22 08:00:00+00:00,21.0,21.0,22.0,23.0,26.0,33.0,20.0,6,5,8,23.714285714285715
3417,2,2024-06-22 09:00:00+00:00,20.0,18.0,18.0,21.0,25.0,27.0,20.0,6,5,9,21.285714285714285
3418,2,2024-06-22 10:00:00+00:00,27.0,15.0,16.0,19.0,23.0,23.0,21.0,6,5,10,20.571428571428573
3419,2,2024-06-22 11:00:00+00:00,28.0,15.0,18.0,18.0,21.0,21.0,23.0,6,5,11,20.571428571428573
3420,2,2024-06-22 12:00:00+00:00,23.0,18.0,19.0,17.0,20.0,26.0,25.0,6,5,12,21.142857142857142
3421,2,2024-06-22 13:00:00+00:00,27.0,26.0,19.0,19.0,25.0,29.0,31.0,6,5,13,25.142857142857142
3422,2,2024-06-22 14:00:00+00:00,37.0,26.0,21.0,23.0,32.0,34.0,40.0,6,5,14,30.428571428571427
3423,2,2024-06-22 15:00:00+00:00,44.0,29.0,28.0,28.0,39.0,39.0,46.0,6,5,15,36.142857142857146
3424,2,2024-06-22 16:00:00+00:00,48.0,37.0,38.0,36.0,46.0,45.0,47.0,6,5,16,42.42857142857143
3425,2,2024-06-22 17:00:00+00:00,53.0,48.0,47.0,47.0,54.0,50.0,45.0,6,5,17,49.142857142857146
3426,2,2024-06-22 18:00:00+00:00,58.0,50.0,50.0,58.0,60.0,54.0,39.0,6,5,18,52.714285714285715
3427,2,2024-06-22 19:00:00+00:00,64.0,51.0,50.0,60.0,65.0,53.0,39.0,6,5,19,54.57142857142857
3428,2,2024-06-22 20:00:00+00:00,68.0,52.0,51.0,59.0,69.0,50.0,38.0,6,5,20,55.285714285714285
3429,2,2024-06-22 21:00:00+00:00,70.0,55.0,50.0,58.0,71.0,49.0,39.0,6,5,21,56.0
3430,2,2024-06-22 22:00:00+00:00,70.0,67.0,52.0,59.0,72.0,53.0,43.0,6,5,22,59.42857142857143
3431,2,2024-06-22 23:00:00+00:00,68.0,73.0,54.0,59.0,71.0,59.0,49.0,6,5,23,61.857142857142854
3432,2,2024-06-23 00:00:00+00:00,70.0,75.0,62.0,60.0,64.0,72.0,55.0,6,6,0,65.42857142857143
3433,2,2024-06-23 01:00:00+00:00,70.0,80.0,67.0,62.0,62.0,74.0,56.0,6,6,1,67.28571428571429
3434,2,2024-06-23 02:00:00+00:00,69.0,85.0,64.0,61.0,59.0,74.0,57.0,6,6,2,67.0
3435,2,2024-06-23 03:00:00+00:00,65.0,85.0,63.0,58.0,55.0,70.0,55.0,6,6,3,64.42857142857143
3436,2,2024-06-23 04:00:00+00:00,60.0,74.0,58.0,51.0,47.0,60.0,47.0,6,6,4,56.714285714285715
3437,2,2024-06-23 05:00:00+00:00,52.0,58.0,43.0,41.0,38.0,46.0,36.0,6,6,5,44.857142857142854
3438,2,2024-06-23 06:00:00+00:00,41.0,48.0,49.0,34.0,30.0,34.0,24.0,6,6,6,37.142857142857146
3439,2,2024-06-23 07:00:00+00:00,27.0,38.0,37.0,28.0,24.0,27.0,23.0,6,6,7,29.142857142857142
3440,2,2024-06-23 08:00:00+00:00,19.0,32.0,29.0,22.0,20.0,23.0,25.0,6,6,8,24.285714285714285
3441,2,2024-06-23 09:00:00+00:00,14.0,26.0,26.0,19.0,17.0,20.0,27.0,6,6,9,21.285714285714285
3442,2,2024-06-23 10:00:00+00:00,12.0,25.0,23.0,18.0,14.0,19.0,29.0,6,6,10,20.0
3443,2,2024-06-23 11:00:00+00:00,14.0,26.0,21.0,19.0,13.0,20.0,31.0,6,6,11,20.571428571428573
3444,2,2024-06-23 12:00:00+00:00,18.0,22.0,22.0,19.0,21.0,25.0,24.0,6,6,12,21.571428571428573
3445,2,2024-06-23 13:00:00+00:00,29.0,27.0,27.0,25.0,24.0,25.0,29.0,6,6,13,26.571428571428573
3446,2,2024-06-23 14:00:00+00:00,42.0,37.0,38.0,36.0,28.0,24.0,35.0,6,6,14,34.285714285714285
3447,2,2024-06-23 15:00:00+00:00,43.0,45.0,46.0,45.0,32.0,26.0,40.0,6,6,15,39.57142857142857
3448,2,2024-06-23 16:00:00+00:00,44.0,45.0,52.0,51.0,38.0,34.0,41.0,6,6,16,43.57142857142857
3449,2,2024-06-23 17:00:00+00:00,51.0,47.0,56.0,55.0,44.0,44.0,41.0,6,6,17,48.285714285714285
3450,2,2024-06-23 18:00:00+00:00,56.0,52.0,52.0,47.0,49.0,52.0,42.0,6,6,18,50.0
3451,2,2024-06-23 19:00:00+00:00,59.0,52.0,54.0,49.0,51.0,55.0,40.0,6,6,19,51.42857142857143
3452,2,2024-06-23 20:00:00+00:00,60.0,54.0,54.0,49.0,51.0,57.0,36.0,6,6,20,51.57142857142857
3453,2,2024-06-23 21:00:00+00:00,62.0,58.0,56.0,52.0,51.0,57.0,35.0,6,6,21,53.0
3454,2,2024-06-23 22:00:00+00:00,67.0,67.0,60.0,58.0,52.0,57.0,37.0,6,6,22,56.857142857142854
3455,2,2024-06-23 23:00:00+00:00,74.0,74.0,64.0,66.0,53.0,56.0,42.0,6,6,23,61.285714285714285
3456,2,2024-06-24 00:00:00+00:00,72.0,51.0,74.0,62.0,57.0,61.0,42.0,6,0,0,59.857142857142854
3457,2,2024-06-24 01:00:00+00:00,71.0,66.0,75.0,65.0,59.0,62.0,48.0,6,0,1,63.714285714285715
3458,2,2024-06-24 02:00:00+00:00,73.0,72.0,76.0,69.0,62.0,65.0,58.0,6,0,2,67.85714285714286
3459,2,2024-06-24 03:00:00+00:00,76.0,71.0,76.0,69.0,62.0,65.0,63.0,6,0,3,68.85714285714286
3460,2,2024-06-24 04:00:00+00:00,73.0,61.0,69.0,62.0,56.0,58.0,60.0,6,0,4,62.714285714285715
3461,2,2024-06-24 05:00:00+00:00,57.0,51.0,53.0,51.0,47.0,48.0,52.0,6,0,5,51.285714285714285
3462,2,2024-06-24 06:00:00+00:00,41.0,39.0,41.0,42.0,40.0,41.0,39.0,6,0,6,40.42857142857143
3463,2,2024-06-24 07:00:00+00:00,32.0,27.0,32.0,37.0,39.0,38.0,38.0,6,0,7,34.714285714285715
3464,2,2024-06-24 08:00:00+00:00,26.0,21.0,24.0,35.0,40.0,38.0,39.0,6,0,8,31.857142857142858
3465,2,2024-06-24 09:00:00+00:00,20.0,17.0,19.0,33.0,41.0,38.0,40.0,6,0,9,29.714285714285715
3466,2,2024-06-24 10:00:00+00:00,19.0,15.0,26.0,31.0,42.0,38.0,42.0,6,0,10,30.428571428571427
3467,2,2024-06-24 11:00:00+00:00,36.0,16.0,37.0,29.0,43.0,38.0,44.0,6,0,11,34.714285714285715
3468,2,2024-06-24 12:00:00+00:00,28.0,21.0,36.0,36.0,39.0,42.0,48.0,6,0,12,35.714285714285715
3469,2,2024-06-24 13:00:00+00:00,28.0,23.0,36.0,41.0,48.0,42.0,51.0,6,0,13,38.42857142857143
3470,2,2024-06-24 14:00:00+00:00,31.0,28.0,35.0,47.0,60.0,43.0,54.0,6,0,14,42.57142857142857
3471,2,2024-06-24 15:00:00+00:00,40.0,43.0,44.0,51.0,68.0,44.0,57.0,6,0,15,49.57142857142857
3472,2,2024-06-24 16:00:00+00:00,43.0,46.0,45.0,54.0,69.0,46.0,58.0,6,0,16,51.57142857142857
3473,2,2024-06-24 17:00:00+00:00,47.0,50.0,48.0,57.0,66.0,49.0,59.0,6,0,17,53.714285714285715
3474,2,2024-06-24 18:00:00+00:00,53.0,57.0,48.0,57.0,64.0,51.0,68.0,6,0,18,56.857142857142854
3475,2,2024-06-24 19:00:00+00:00,56.0,57.0,52.0,62.0,63.0,53.0,66.0,6,0,19,58.42857142857143
3476,2,2024-06-24 20:00:00+00:00,58.0,58.0,53.0,66.0,63.0,54.0,63.0,6,0,20,59.285714285714285
3477,2,2024-06-24 21:00:00+00:00,59.0,60.0,52.0,69.0,62.0,55.0,61.0,6,0,21,59.714285714285715
3478,2,2024-06-24 22:00:00+00:00,58.0,63.0,51.0,68.0,59.0,56.0,61.0,6,0,22,59.42857142857143
3479,2,2024-06-24 23:00:00+00:00,56.0,68.0,61.0,66.0,55.0,56.0,62.0,6,0,23,60.57142857142857
3480,2,2024-06-25 00:00:00+00:00,60.0,66.0,71.0,66.0,63.0,56.0,52.0,6,1,0,62.0
3481,2,2024-06-25 01:00:00+00:00,56.0,61.0,74.0,63.0,60.0,55.0,57.0,6,1,1,60.857142857142854
3482,2,2024-06-25 02:00:00+00:00,61.0,59.0,71.0,57.0,57.0,53.0,61.0,6,1,2,59.857142857142854
3483,2,2024-06-25 03:00:00+00:00,63.0,49.0,67.0,52.0,53.0,49.0,62.0,6,1,3,56.42857142857143
3484,2,2024-06-25 04:00:00+00:00,56.0,38.0,63.0,49.0,47.0,42.0,56.0,6,1,4,50.142857142857146
3485,2,2024-06-25 05:00:00+00:00,48.0,33.0,55.0,46.0,41.0,34.0,46.0,6,1,5,43.285714285714285
3486,2,2024-06-25 06:00:00+00:00,33.0,35.0,46.0,44.0,36.0,28.0,52.0,6,1,6,39.142857142857146
3487,2,2024-06-25 07:00:00+00:00,25.0,35.0,43.0,42.0,35.0,25.0,51.0,6,1,7,36.57142857142857
3488,2,2024-06-25 08:00:00+00:00,25.0,36.0,39.0,41.0,36.0,24.0,50.0,6,1,8,35.857142857142854
3489,2,2024-06-25 09:00:00+00:00,30.0,37.0,38.0,40.0,36.0,24.0,49.0,6,1,9,36.285714285714285
3490,2,2024-06-25 10:00:00+00:00,30.0,40.0,40.0,40.0,35.0,23.0,47.0,6,1,10,36.42857142857143
3491,2,2024-06-25 11:00:00+00:00,38.0,43.0,41.0,40.0,34.0,22.0,44.0,6,1,11,37.42857142857143
3492,2,2024-06-25 12:00:00+00:00,39.0,38.0,41.0,42.0,41.0,28.0,46.0,6,1,12,39.285714285714285
3493,2,2024-06-25 13:00:00+00:00,45.0,41.0,43.0,42.0,42.0,30.0,47.0,6,1,13,41.42857142857143
3494,2,2024-06-25 14:00:00+00:00,46.0,43.0,46.0,41.0,44.0,33.0,48.0,6,1,14,43.0
3495,2,2024-06-25 15:00:00+00:00,43.0,45.0,45.0,42.0,46.0,37.0,49.0,6,1,15,43.857142857142854
3496,2,2024-06-25 16:00:00+00:00,47.0,53.0,48.0,44.0,48.0,42.0,50.0,6,1,16,47.42857142857143
3497,2,2024-06-25 17:00:00+00:00,47.0,53.0,49.0,47.0,50.0,47.0,51.0,6,1,17,49.142857142857146
3498,2,2024-06-25 18:00:00+00:00,48.0,49.0,53.0,51.0,52.0,52.0,51.0,6,1,18,50.857142857142854
3499,2,2024-06-25 19:00:00+00:00,51.0,52.0,55.0,54.0,52.0,56.0,52.0,6,1,19,53.142857142857146
3500,2,2024-06-25 20:00:00+00:00,54.0,55.0,57.0,56.0,51.0,60.0,54.0,6,1,20,55.285714285714285
3501,2,2024-06-25 21:00:00+00:00,58.0,56.0,59.0,58.0,51.0,61.0,55.0,6,1,21,56.857142857142854
3502,2,2024-06-25 22:00:00+00:00,62.0,59.0,61.0,58.0,52.0,59.0,56.0,6,1,22,58.142857142857146
3503,2,2024-06-25 23:00:00+00:00,63.0,61.0,60.0,57.0,54.0,55.0,56.0,6,1,23,58.0
3504,2,2024-06-26 00:00:00+00:00,66.0,60.0,60.0,54.0,57.0,56.0,55.0,6,2,0,58.285714285714285
3505,2,2024-06-26 01:00:00+00:00,68.0,59.0,56.0,52.0,54.0,53.0,54.0,6,2,1,56.57142857142857
3506,2,2024-06-26 02:00:00+00:00,56.0,57.0,52.0,50.0,51.0,47.0,51.0,6,2,2,52.0
3507,2,2024-06-26 03:00:00+00:00,45.0,55.0,48.0,46.0,46.0,41.0,48.0,6,2,3,47.0
3508,2,2024-06-26 04:00:00+00:00,40.0,47.0,39.0,40.0,40.0,34.0,44.0,6,2,4,40.57142857142857
3509,2,2024-06-26 05:00:00+00:00,30.0,39.0,31.0,32.0,34.0,26.0,40.0,6,2,5,33.142857142857146
3510,2,2024-06-26 06:00:00+00:00,25.0,27.0,29.0,27.0,28.0,21.0,31.0,6,2,6,26.857142857142858
3511,2,2024-06-26 07:00:00+00:00,22.0,23.0,22.0,23.0,24.0,23.0,30.0,6,2,7,23.857142857142858
3512,2,2024-06-26 08:00:00+00:00,20.0,19.0,19.0,20.0,20.0,27.0,31.0,6,2,8,22.285714285714285
3513,2,2024-06-26 09:00:00+00:00,20.0,18.0,19.0,18.0,19.0,31.0,32.0,6,2,9,22.428571428571427
3514,2,2024-06-26 10:00:00+00:00,22.0,19.0,16.0,18.0,21.0,31.0,32.0,6,2,10,22.714285714285715
3515,2,2024-06-26 11:00:00+00:00,23.0,23.0,17.0,20.0,25.0,30.0,33.0,6,2,11,24.428571428571427
3516,2,2024-06-26 12:00:00+00:00,27.0,27.0,21.0,22.0,27.0,30.0,32.0,6,2,12,26.571428571428573
3517,2,2024-06-26 13:00:00+00:00,31.0,32.0,25.0,24.0,30.0,32.0,35.0,6,2,13,29.857142857142858
3518,2,2024-06-26 14:00:00+00:00,36.0,37.0,31.0,27.0,32.0,33.0,38.0,6,2,14,33.42857142857143
3519,2,2024-06-26 15:00:00+00:00,40.0,40.0,36.0,30.0,36.0,36.0,41.0,6,2,15,37.0
3520,2,2024-06-26 16:00:00+00:00,45.0,47.0,44.0,35.0,41.0,41.0,41.0,6,2,16,42.0
3521,2,2024-06-26 17:00:00+00:00,50.0,52.0,46.0,41.0,47.0,47.0,39.0,6,2,17,46.0
3522,2,2024-06-26 18:00:00+00:00,54.0,43.0,41.0,51.0,51.0,51.0,37.0,6,2,18,46.857142857142854
3523,2,2024-06-26 19:00:00+00:00,55.0,46.0,45.0,54.0,53.0,52.0,37.0,6,2,19,48.857142857142854
3524,2,2024-06-26 20:00:00+00:00,55.0,54.0,47.0,57.0,54.0,51.0,38.0,6,2,20,50.857142857142854
3525,2,2024-06-26 21:00:00+00:00,55.0,62.0,51.0,59.0,54.0,50.0,38.0,6,2,21,52.714285714285715
3526,2,2024-06-26 22:00:00+00:00,55.0,58.0,51.0,60.0,54.0,52.0,37.0,6,2,22,52.42857142857143
3527,2,2024-06-26 23:00:00+00:00,52.0,56.0,53.0,59.0,53.0,54.0,36.0,6,2,23,51.857142857142854
3528,2,2024-06-27 00:00:00+00:00,51.0,46.0,57.0,59.0,51.0,44.0,41.0,6,3,0,49.857142857142854
3529,2,2024-06-27 01:00:00+00:00,44.0,45.0,57.0,56.0,47.0,40.0,43.0,6,3,1,47.42857142857143
3530,2,2024-06-27 02:00:00+00:00,46.0,44.0,53.0,52.0,43.0,37.0,45.0,6,3,2,45.714285714285715
3531,2,2024-06-27 03:00:00+00:00,45.0,42.0,45.0,47.0,38.0,33.0,46.0,6,3,3,42.285714285714285
3532,2,2024-06-27 04:00:00+00:00,39.0,33.0,34.0,40.0,34.0,28.0,44.0,6,3,4,36.0
3533,2,2024-06-27 05:00:00+00:00,28.0,28.0,28.0,31.0,29.0,23.0,41.0,6,3,5,29.714285714285715
3534,2,2024-06-27 06:00:00+00:00,24.0,24.0,26.0,25.0,26.0,21.0,37.0,6,3,6,26.142857142857142
3535,2,2024-06-27 07:00:00+00:00,20.0,22.0,32.0,23.0,24.0,23.0,41.0,6,3,7,26.428571428571427
3536,2,2024-06-27 08:00:00+00:00,21.0,26.0,37.0,22.0,23.0,27.0,46.0,6,3,8,28.857142857142858
3537,2,2024-06-27 09:00:00+00:00,24.0,31.0,36.0,24.0,23.0,32.0,50.0,6,3,9,31.428571428571427
3538,2,2024-06-27 10:00:00+00:00,26.0,30.0,34.0,28.0,24.0,36.0,51.0,6,3,10,32.714285714285715
3539,2,2024-06-27 11:00:00+00:00,31.0,32.0,33.0,34.0,25.0,40.0,50.0,6,3,11,35.0
3540,2,2024-06-27 12:00:00+00:00,32.0,37.0,30.0,39.0,31.0,29.0,49.0,6,3,12,35.285714285714285
3541,2,2024-06-27 13:00:00+00:00,34.0,34.0,32.0,41.0,36.0,34.0,52.0,6,3,13,37.57142857142857
3542,2,2024-06-27 14:00:00+00:00,33.0,40.0,35.0,42.0,42.0,39.0,56.0,6,3,14,41.0
3543,2,2024-06-27 15:00:00+00:00,39.0,45.0,39.0,44.0,48.0,45.0,60.0,6,3,15,45.714285714285715
3544,2,2024-06-27 16:00:00+00:00,44.0,50.0,44.0,46.0,54.0,51.0,65.0,6,3,16,50.57142857142857
3545,2,2024-06-27 17:00:00+00:00,46.0,53.0,50.0,47.0,61.0,58.0,69.0,6,3,17,54.857142857142854
3546,2,2024-06-27 18:00:00+00:00,48.0,59.0,51.0,49.0,67.0,63.0,64.0,6,3,18,57.285714285714285
3547,2,2024-06-27 19:00:00+00:00,51.0,64.0,58.0,53.0,72.0,67.0,63.0,6,3,19,61.142857142857146
3548,2,2024-06-27 20:00:00+00:00,56.0,61.0,61.0,58.0,75.0,70.0,61.0,6,3,20,63.142857142857146
3549,2,2024-06-27 21:00:00+00:00,65.0,63.0,65.0,61.0,78.0,72.0,59.0,6,3,21,66.14285714285714
3550,2,2024-06-27 22:00:00+00:00,68.0,63.0,67.0,62.0,79.0,73.0,57.0,6,3,22,67.0
3551,2,2024-06-27 23:00:00+00:00,72.0,64.0,67.0,62.0,80.0,73.0,56.0,6,3,23,67.71428571428571
3552,2,2024-06-28 00:00:00+00:00,64.0,66.0,58.0,70.0,80.0,72.0,55.0,6,4,0,66.42857142857143
3553,2,2024-06-28 01:00:00+00:00,64.0,64.0,52.0,72.0,79.0,73.0,54.0,6,4,1,65.42857142857143
3554,2,2024-06-28 02:00:00+00:00,64.0,62.0,47.0,74.0,78.0,75.0,54.0,6,4,2,64.85714285714286
3555,2,2024-06-28 03:00:00+00:00,61.0,47.0,44.0,71.0,74.0,73.0,53.0,6,4,3,60.42857142857143
3556,2,2024-06-28 04:00:00+00:00,50.0,35.0,50.0,61.0,64.0,66.0,49.0,6,4,4,53.57142857142857
3557,2,2024-06-28 05:00:00+00:00,34.0,36.0,42.0,46.0,52.0,55.0,44.0,6,4,5,44.142857142857146
3558,2,2024-06-28 06:00:00+00:00,25.0,40.0,38.0,26.0,41.0,46.0,33.0,6,4,6,35.57142857142857
3559,2,2024-06-28 07:00:00+00:00,22.0,40.0,34.0,32.0,34.0,39.0,30.0,6,4,7,33.0
3560,2,2024-06-28 08:00:00+00:00,29.0,37.0,36.0,45.0,29.0,33.0,29.0,6,4,8,34.0
3561,2,2024-06-28 09:00:00+00:00,33.0,37.0,37.0,56.0,25.0,29.0,29.0,6,4,9,35.142857142857146
3562,2,2024-06-28 10:00:00+00:00,39.0,36.0,37.0,59.0,23.0,27.0,33.0,6,4,10,36.285714285714285
3563,2,2024-06-28 11:00:00+00:00,39.0,36.0,37.0,58.0,23.0,26.0,39.0,6,4,11,36.857142857142854
3564,2,2024-06-28 12:00:00+00:00,39.0,40.0,48.0,41.0,26.0,37.0,36.0,6,4,12,38.142857142857146
3565,2,2024-06-28 13:00:00+00:00,37.0,40.0,48.0,42.0,35.0,37.0,43.0,6,4,13,40.285714285714285
3566,2,2024-06-28 14:00:00+00:00,37.0,44.0,47.0,44.0,46.0,37.0,52.0,6,4,14,43.857142857142854
3567,2,2024-06-28 15:00:00+00:00,47.0,53.0,48.0,47.0,56.0,40.0,57.0,6,4,15,49.714285714285715
3568,2,2024-06-28 16:00:00+00:00,57.0,59.0,52.0,50.0,64.0,46.0,56.0,6,4,16,54.857142857142854
3569,2,2024-06-28 17:00:00+00:00,63.0,65.0,56.0,54.0,70.0,55.0,52.0,6,4,17,59.285714285714285
3570,2,2024-06-28 18:00:00+00:00,56.0,75.0,59.0,61.0,75.0,63.0,57.0,6,4,18,63.714285714285715
3571,2,2024-06-28 19:00:00+00:00,57.0,77.0,60.0,63.0,78.0,70.0,56.0,6,4,19,65.85714285714286
3572,2,2024-06-28 20:00:00+00:00,59.0,79.0,59.0,65.0,80.0,77.0,54.0,6,4,20,67.57142857142857
3573,2,2024-06-28 21:00:00+00:00,59.0,80.0,62.0,65.0,82.0,80.0,53.0,6,4,21,68.71428571428571
3574,2,2024-06-28 22:00:00+00:00,64.0,78.0,62.0,65.0,84.0,78.0,54.0,6,4,22,69.28571428571429
3575,2,2024-06-28 23:00:00+00:00,68.0,75.0,57.0,63.0,86.0,74.0,56.0,6,4,23,68.42857142857143
3576,2,2024-06-29 00:00:00+00:00,71.0,80.0,59.0,58.0,84.0,67.0,67.0,6,5,0,69.42857142857143
3577,2,2024-06-29 01:00:00+00:00,73.0,74.0,61.0,57.0,85.0,63.0,68.0,6,5,1,68.71428571428571
3578,2,2024-06-29 02:00:00+00:00,74.0,67.0,66.0,56.0,84.0,58.0,68.0,6,5,2,67.57142857142857
3579,2,2024-06-29 03:00:00+00:00,70.0,62.0,62.0,53.0,81.0,53.0,66.0,6,5,3,63.857142857142854
3580,2,2024-06-29 04:00:00+00:00,61.0,58.0,48.0,48.0,71.0,50.0,58.0,6,5,4,56.285714285714285
3581,2,2024-06-29 05:00:00+00:00,44.0,45.0,38.0,42.0,59.0,47.0,47.0,6,5,5,46.0
3582,2,2024-06-29 06:00:00+00:00,31.0,34.0,28.0,26.0,49.0,45.0,42.0,6,5,6,36.42857142857143
3583,2,2024-06-29 07:00:00+00:00,24.0,28.0,23.0,21.0,46.0,42.0,40.0,6,5,7,32.0
3584,2,2024-06-29 08:00:00+00:00,20.0,22.0,20.0,18.0,45.0,39.0,40.0,6,5,8,29.142857142857142
3585,2,2024-06-29 09:00:00+00:00,18.0,16.0,15.0,17.0,45.0,37.0,40.0,6,5,9,26.857142857142858
3586,2,2024-06-29 10:00:00+00:00,14.0,14.0,12.0,17.0,43.0,36.0,40.0,6,5,10,25.142857142857142
3587,2,2024-06-29 11:00:00+00:00,12.0,17.0,8.0,18.0,42.0,35.0,41.0,6,5,11,24.714285714285715
3588,2,2024-06-29 12:00:00+00:00,19.0,21.0,21.0,24.0,27.0,45.0,46.0,6,5,12,29.0
3589,2,2024-06-29 13:00:00+00:00,20.0,23.0,28.0,28.0,31.0,47.0,49.0,6,5,13,32.285714285714285
3590,2,2024-06-29 14:00:00+00:00,23.0,25.0,33.0,34.0,37.0,50.0,53.0,6,5,14,36.42857142857143
3591,2,2024-06-29 15:00:00+00:00,30.0,31.0,41.0,40.0,43.0,54.0,56.0,6,5,15,42.142857142857146
3592,2,2024-06-29 16:00:00+00:00,42.0,42.0,50.0,46.0,48.0,59.0,57.0,6,5,16,49.142857142857146
3593,2,2024-06-29 17:00:00+00:00,51.0,47.0,57.0,53.0,53.0,64.0,56.0,6,5,17,54.42857142857143
3594,2,2024-06-29 18:00:00+00:00,51.0,49.0,48.0,56.0,57.0,67.0,59.0,6,5,18,55.285714285714285
3595,2,2024-06-29 19:00:00+00:00,51.0,50.0,51.0,57.0,61.0,68.0,58.0,6,5,19,56.57142857142857
3596,2,2024-06-29 20:00:00+00:00,49.0,56.0,53.0,56.0,64.0,66.0,55.0,6,5,20,57.0
3597,2,2024-06-29 21:00:00+00:00,45.0,64.0,54.0,56.0,65.0,66.0,54.0,6,5,21,57.714285714285715
3598,2,2024-06-29 22:00:00+00:00,45.0,62.0,56.0,61.0,61.0,68.0,54.0,6,5,22,58.142857142857146
3599,2,2024-06-29 23:00:00+00:00,49.0,63.0,54.0,67.0,55.0,70.0,55.0,6,5,23,59.0
3600,2,2024-06-30 00:00:00+00:00,63.0,68.0,65.0,65.0,59.0,67.0,55.0,6,6,0,63.142857142857146
3601,2,2024-06-30 01:00:00+00:00,66.0,73.0,61.0,66.0,60.0,64.0,52.0,6,6,1,63.142857142857146
3602,2,2024-06-30 02:00:00+00:00,72.0,68.0,58.0,65.0,62.0,60.0,48.0,6,6,2,61.857142857142854
3603,2,2024-06-30 03:00:00+00:00,72.0,60.0,55.0,61.0,60.0,55.0,43.0,6,6,3,58.0
3604,2,2024-06-30 04:00:00+00:00,63.0,51.0,50.0,50.0,51.0,50.0,36.0,6,6,4,50.142857142857146
3605,2,2024-06-30 05:00:00+00:00,41.0,37.0,38.0,36.0,39.0,44.0,29.0,6,6,5,37.714285714285715
3606,2,2024-06-30 06:00:00+00:00,31.0,31.0,25.0,25.0,30.0,39.0,44.0,6,6,6,32.142857142857146
3607,2,2024-06-30 07:00:00+00:00,26.0,22.0,20.0,20.0,26.0,36.0,42.0,6,6,7,27.428571428571427
3608,2,2024-06-30 08:00:00+00:00,21.0,18.0,16.0,17.0,24.0,33.0,39.0,6,6,8,24.0
3609,2,2024-06-30 09:00:00+00:00,21.0,15.0,13.0,15.0,24.0,32.0,38.0,6,6,9,22.571428571428573
3610,2,2024-06-30 10:00:00+00:00,17.0,12.0,12.0,13.0,24.0,32.0,40.0,6,6,10,21.428571428571427
3611,2,2024-06-30 11:00:00+00:00,16.0,11.0,10.0,12.0,26.0,32.0,44.0,6,6,11,21.571428571428573
3612,2,2024-06-30 12:00:00+00:00,20.0,17.0,11.0,13.0,30.0,28.0,45.0,6,6,12,23.428571428571427
3613,2,2024-06-30 13:00:00+00:00,23.0,18.0,12.0,17.0,35.0,31.0,49.0,6,6,13,26.428571428571427
3614,2,2024-06-30 14:00:00+00:00,27.0,19.0,16.0,24.0,41.0,35.0,53.0,6,6,14,30.714285714285715
3615,2,2024-06-30 15:00:00+00:00,31.0,22.0,22.0,31.0,46.0,39.0,57.0,6,6,15,35.42857142857143
3616,2,2024-06-30 16:00:00+00:00,39.0,31.0,30.0,38.0,48.0,43.0,60.0,6,6,16,41.285714285714285
3617,2,2024-06-30 17:00:00+00:00,48.0,36.0,33.0,45.0,50.0,48.0,62.0,6,6,17,46.0
3618,2,2024-06-30 18:00:00+00:00,58.0,42.0,37.0,50.0,51.0,51.0,52.0,6,6,18,48.714285714285715
3619,2,2024-06-30 19:00:00+00:00,59.0,47.0,37.0,51.0,54.0,53.0,52.0,6,6,19,50.42857142857143
3620,2,2024-06-30 20:00:00+00:00,56.0,48.0,38.0,50.0,57.0,54.0,51.0,6,6,20,50.57142857142857
3621,2,2024-06-30 21:00:00+00:00,61.0,57.0,41.0,50.0,59.0,54.0,52.0,6,6,21,53.42857142857143
3622,2,2024-06-30 22:00:00+00:00,66.0,64.0,49.0,52.0,61.0,53.0,54.0,6,6,22,57.0
3623,2,2024-06-30 23:00:00+00:00,63.0,64.0,52.0,54.0,63.0,52.0,57.0,6,6,23,57.857142857142854
3624,2,2024-07-01 00:00:00+00:00,69.0,63.0,58.0,57.0,48.0,50.0,60.0,7,0,0,57.857142857142854
3625,2,2024-07-01 01:00:00+00:00,65.0,65.0,57.0,56.0,46.0,47.0,59.0,7,0,1,56.42857142857143
3626,2,2024-07-01 02:00:00+00:00,62.0,61.0,57.0,53.0,44.0,43.0,58.0,7,0,2,54.0
3627,2,2024-07-01 03:00:00+00:00,58.0,56.0,55.0,49.0,41.0,38.0,56.0,7,0,3,50.42857142857143
3628,2,2024-07-01 04:00:00+00:00,51.0,49.0,51.0,41.0,36.0,32.0,52.0,7,0,4,44.57142857142857
3629,2,2024-07-01 05:00:00+00:00,39.0,38.0,39.0,31.0,29.0,25.0,47.0,7,0,5,35.42857142857143
3630,2,2024-07-01 06:00:00+00:00,26.0,27.0,32.0,23.0,24.0,21.0,48.0,7,0,6,28.714285714285715
3631,2,2024-07-01 07:00:00+00:00,22.0,21.0,24.0,19.0,21.0,21.0,47.0,7,0,7,25.0
3632,2,2024-07-01 08:00:00+00:00,19.0,17.0,21.0,16.0,19.0,23.0,44.0,7,0,8,22.714285714285715
3633,2,2024-07-01 09:00:00+00:00,17.0,16.0,18.0,15.0,18.0,25.0,42.0,7,0,9,21.571428571428573
3634,2,2024-07-01 10:00:00+00:00,16.0,17.0,14.0,15.0,16.0,26.0,41.0,7,0,10,20.714285714285715
3635,2,2024-07-01 11:00:00+00:00,19.0,21.0,11.0,16.0,15.0,26.0,41.0,7,0,11,21.285714285714285
3636,2,2024-07-01 12:00:00+00:00,25.0,31.0,13.0,13.0,17.0,25.0,43.0,7,0,12,23.857142857142858
3637,2,2024-07-01 13:00:00+00:00,26.0,37.0,18.0,17.0,22.0,31.0,46.0,7,0,13,28.142857142857142
3638,2,2024-07-01 14:00:00+00:00,29.0,41.0,26.0,24.0,29.0,38.0,50.0,7,0,14,33.857142857142854
3639,2,2024-07-01 15:00:00+00:00,35.0,45.0,35.0,30.0,36.0,44.0,52.0,7,0,15,39.57142857142857
3640,2,2024-07-01 16:00:00+00:00,42.0,52.0,42.0,36.0,42.0,49.0,52.0,7,0,16,45.0
3641,2,2024-07-01 17:00:00+00:00,49.0,57.0,47.0,43.0,47.0,54.0,50.0,7,0,17,49.57142857142857
3642,2,2024-07-01 18:00:00+00:00,48.0,62.0,52.0,41.0,50.0,57.0,44.0,7,0,18,50.57142857142857
3643,2,2024-07-01 19:00:00+00:00,50.0,63.0,52.0,45.0,51.0,59.0,47.0,7,0,19,52.42857142857143
3644,2,2024-07-01 20:00:00+00:00,51.0,63.0,51.0,49.0,51.0,59.0,51.0,7,0,20,53.57142857142857
3645,2,2024-07-01 21:00:00+00:00,52.0,64.0,53.0,52.0,50.0,60.0,54.0,7,0,21,55.0
3646,2,2024-07-01 22:00:00+00:00,51.0,64.0,58.0,53.0,49.0,62.0,56.0,7,0,22,56.142857142857146
3647,2,2024-07-01 23:00:00+00:00,50.0,65.0,63.0,53.0,49.0,65.0,58.0,7,0,23,57.57142857142857
3648,2,2024-07-02 00:00:00+00:00,48.0,59.0,65.0,47.0,50.0,41.0,51.0,7,1,0,51.57142857142857
3649,2,2024-07-02 01:00:00+00:00,47.0,59.0,64.0,48.0,50.0,48.0,55.0,7,1,1,53.0
3650,2,2024-07-02 02:00:00+00:00,46.0,60.0,60.0,47.0,50.0,58.0,59.0,7,1,2,54.285714285714285
3651,2,2024-07-02 03:00:00+00:00,48.0,60.0,53.0,45.0,48.0,63.0,60.0,7,1,3,53.857142857142854
3652,2,2024-07-02 04:00:00+00:00,49.0,57.0,46.0,38.0,41.0,58.0,55.0,7,1,4,49.142857142857146
3653,2,2024-07-02 05:00:00+00:00,48.0,40.0,36.0,29.0,31.0,49.0,47.0,7,1,5,40.0
3654,2,2024-07-02 06:00:00+00:00,42.0,34.0,21.0,20.0,23.0,40.0,41.0,7,1,6,31.571428571428573
3655,2,2024-07-02 07:00:00+00:00,40.0,36.0,20.0,16.0,20.0,34.0,39.0,7,1,7,29.285714285714285
3656,2,2024-07-02 08:00:00+00:00,37.0,35.0,18.0,15.0,18.0,30.0,37.0,7,1,8,27.142857142857142
3657,2,2024-07-02 09:00:00+00:00,33.0,28.0,19.0,14.0,18.0,27.0,36.0,7,1,9,25.0
3658,2,2024-07-02 10:00:00+00:00,34.0,32.0,20.0,14.0,18.0,26.0,37.0,7,1,10,25.857142857142858
3659,2,2024-07-02 11:00:00+00:00,37.0,32.0,24.0,16.0,18.0,26.0,39.0,7,1,11,27.428571428571427
3660,2,2024-07-02 12:00:00+00:00,36.0,38.0,38.0,24.0,20.0,20.0,34.0,7,1,12,30.0
3661,2,2024-07-02 13:00:00+00:00,38.0,44.0,43.0,26.0,24.0,22.0,39.0,7,1,13,33.714285714285715
3662,2,2024-07-02 14:00:00+00:00,39.0,45.0,47.0,28.0,29.0,26.0,44.0,7,1,14,36.857142857142854
3663,2,2024-07-02 15:00:00+00:00,45.0,48.0,50.0,31.0,34.0,30.0,48.0,7,1,15,40.857142857142854
3664,2,2024-07-02 16:00:00+00:00,47.0,52.0,55.0,35.0,37.0,34.0,47.0,7,1,16,43.857142857142854
3665,2,2024-07-02 17:00:00+00:00,48.0,53.0,59.0,41.0,40.0,38.0,44.0,7,1,17,46.142857142857146
3666,2,2024-07-02 18:00:00+00:00,48.0,52.0,66.0,59.0,43.0,43.0,57.0,7,1,18,52.57142857142857
3667,2,2024-07-02 19:00:00+00:00,51.0,54.0,68.0,62.0,48.0,49.0,56.0,7,1,19,55.42857142857143
3668,2,2024-07-02 20:00:00+00:00,52.0,55.0,68.0,65.0,54.0,56.0,53.0,7,1,20,57.57142857142857
3669,2,2024-07-02 21:00:00+00:00,53.0,55.0,68.0,66.0,58.0,59.0,53.0,7,1,21,58.857142857142854
3670,2,2024-07-02 22:00:00+00:00,55.0,55.0,70.0,66.0,59.0,57.0,56.0,7,1,22,59.714285714285715
3671,2,2024-07-02 23:00:00+00:00,54.0,56.0,71.0,65.0,58.0,52.0,62.0,7,1,23,59.714285714285715
3672,2,2024-07-03 00:00:00+00:00,54.0,56.0,66.0,65.0,51.0,59.0,51.0,7,2,0,57.42857142857143
3673,2,2024-07-03 01:00:00+00:00,51.0,55.0,54.0,56.0,51.0,56.0,51.0,7,2,1,53.42857142857143
3674,2,2024-07-03 02:00:00+00:00,48.0,54.0,46.0,44.0,51.0,50.0,51.0,7,2,2,49.142857142857146
3675,2,2024-07-03 03:00:00+00:00,47.0,49.0,44.0,36.0,51.0,45.0,51.0,7,2,3,46.142857142857146
3676,2,2024-07-03 04:00:00+00:00,43.0,49.0,50.0,36.0,49.0,42.0,50.0,7,2,4,45.57142857142857
3677,2,2024-07-03 05:00:00+00:00,41.0,45.0,48.0,40.0,46.0,41.0,48.0,7,2,5,44.142857142857146
3678,2,2024-07-03 06:00:00+00:00,38.0,38.0,40.0,44.0,43.0,40.0,33.0,7,2,6,39.42857142857143
3679,2,2024-07-03 07:00:00+00:00,36.0,39.0,39.0,43.0,41.0,40.0,31.0,7,2,7,38.42857142857143
3680,2,2024-07-03 08:00:00+00:00,38.0,40.0,40.0,41.0,39.0,42.0,31.0,7,2,8,38.714285714285715
3681,2,2024-07-03 09:00:00+00:00,38.0,39.0,38.0,40.0,38.0,43.0,31.0,7,2,9,38.142857142857146
3682,2,2024-07-03 10:00:00+00:00,38.0,39.0,37.0,40.0,38.0,44.0,31.0,7,2,10,38.142857142857146
3683,2,2024-07-03 11:00:00+00:00,37.0,39.0,37.0,40.0,39.0,45.0,31.0,7,2,11,38.285714285714285
3684,2,2024-07-03 12:00:00+00:00,33.0,36.0,38.0,39.0,37.0,45.0,38.0,7,2,12,38.0
3685,2,2024-07-03 13:00:00+00:00,34.0,36.0,38.0,40.0,38.0,46.0,41.0,7,2,13,39.0
3686,2,2024-07-03 14:00:00+00:00,38.0,38.0,42.0,41.0,40.0,46.0,47.0,7,2,14,41.714285714285715
3687,2,2024-07-03 15:00:00+00:00,41.0,41.0,47.0,42.0,42.0,46.0,50.0,7,2,15,44.142857142857146
3688,2,2024-07-03 16:00:00+00:00,42.0,42.0,45.0,42.0,45.0,45.0,50.0,7,2,16,44.42857142857143
3689,2,2024-07-03 17:00:00+00:00,45.0,42.0,42.0,41.0,48.0,44.0,49.0,7,2,17,44.42857142857143
3690,2,2024-07-03 18:00:00+00:00,43.0,43.0,46.0,41.0,50.0,44.0,50.0,7,2,18,45.285714285714285
3691,2,2024-07-03 19:00:00+00:00,46.0,43.0,46.0,43.0,49.0,44.0,50.0,7,2,19,45.857142857142854
3692,2,2024-07-03 20:00:00+00:00,47.0,45.0,47.0,46.0,47.0,46.0,50.0,7,2,20,46.857142857142854
3693,2,2024-07-03 21:00:00+00:00,47.0,47.0,48.0,48.0,44.0,47.0,49.0,7,2,21,47.142857142857146
3694,2,2024-07-03 22:00:00+00:00,46.0,47.0,49.0,49.0,41.0,49.0,48.0,7,2,22,47.0
3695,2,2024-07-03 23:00:00+00:00,42.0,45.0,49.0,49.0,37.0,52.0,46.0,7,2,23,45.714285714285715
3696,2,2024-07-04 00:00:00+00:00,40.0,43.0,52.0,48.0,42.0,45.0,58.0,7,3,0,46.857142857142854
3697,2,2024-07-04 01:00:00+00:00,38.0,42.0,55.0,44.0,41.0,45.0,61.0,7,3,1,46.57142857142857
3698,2,2024-07-04 02:00:00+00:00,38.0,39.0,56.0,38.0,40.0,45.0,64.0,7,3,2,45.714285714285715
3699,2,2024-07-04 03:00:00+00:00,37.0,37.0,56.0,35.0,39.0,44.0,63.0,7,3,3,44.42857142857143
3700,2,2024-07-04 04:00:00+00:00,31.0,37.0,54.0,35.0,39.0,43.0,58.0,7,3,4,42.42857142857143
3701,2,2024-07-04 05:00:00+00:00,38.0,44.0,49.0,38.0,40.0,41.0,51.0,7,3,5,43.0
3702,2,2024-07-04 06:00:00+00:00,41.0,45.0,44.0,43.0,39.0,39.0,44.0,7,3,6,42.142857142857146
3703,2,2024-07-04 07:00:00+00:00,35.0,38.0,38.0,40.0,35.0,36.0,38.0,7,3,7,37.142857142857146
3704,2,2024-07-04 08:00:00+00:00,34.0,35.0,35.0,36.0,29.0,34.0,33.0,7,3,8,33.714285714285715
3705,2,2024-07-04 09:00:00+00:00,33.0,34.0,36.0,33.0,25.0,31.0,30.0,7,3,9,31.714285714285715
3706,2,2024-07-04 10:00:00+00:00,30.0,33.0,36.0,32.0,23.0,28.0,29.0,7,3,10,30.142857142857142
3707,2,2024-07-04 11:00:00+00:00,29.0,32.0,36.0,33.0,22.0,26.0,29.0,7,3,11,29.571428571428573
3708,2,2024-07-04 12:00:00+00:00,29.0,34.0,28.0,33.0,25.0,28.0,32.0,7,3,12,29.857142857142858
3709,2,2024-07-04 13:00:00+00:00,31.0,34.0,31.0,34.0,26.0,30.0,35.0,7,3,13,31.571428571428573
3710,2,2024-07-04 14:00:00+00:00,35.0,40.0,33.0,36.0,27.0,33.0,40.0,7,3,14,34.857142857142854
3711,2,2024-07-04 15:00:00+00:00,37.0,41.0,39.0,38.0,30.0,36.0,44.0,7,3,15,37.857142857142854
3712,2,2024-07-04 16:00:00+00:00,44.0,43.0,41.0,41.0,34.0,40.0,46.0,7,3,16,41.285714285714285
3713,2,2024-07-04 17:00:00+00:00,49.0,48.0,44.0,44.0,38.0,43.0,48.0,7,3,17,44.857142857142854
3714,2,2024-07-04 18:00:00+00:00,51.0,48.0,49.0,50.0,42.0,46.0,48.0,7,3,18,47.714285714285715
3715,2,2024-07-04 19:00:00+00:00,49.0,46.0,48.0,50.0,45.0,47.0,47.0,7,3,19,47.42857142857143
3716,2,2024-07-04 20:00:00+00:00,45.0,41.0,45.0,48.0,48.0,46.0,46.0,7,3,20,45.57142857142857
3717,2,2024-07-04 21:00:00+00:00,37.0,38.0,42.0,46.0,48.0,46.0,44.0,7,3,21,43.0
3718,2,2024-07-04 22:00:00+00:00,35.0,37.0,39.0,43.0,45.0,46.0,42.0,7,3,22,41.0
3719,2,2024-07-04 23:00:00+00:00,36.0,37.0,38.0,40.0,39.0,46.0,40.0,7,3,23,39.42857142857143
3720,2,2024-07-05 00:00:00+00:00,37.0,37.0,37.0,35.0,36.0,43.0,42.0,7,4,0,38.142857142857146
3721,2,2024-07-05 01:00:00+00:00,38.0,36.0,37.0,34.0,33.0,39.0,41.0,7,4,1,36.857142857142854
3722,2,2024-07-05 02:00:00+00:00,38.0,33.0,39.0,33.0,29.0,33.0,41.0,7,4,2,35.142857142857146
3723,2,2024-07-05 03:00:00+00:00,35.0,28.0,39.0,33.0,26.0,28.0,40.0,7,4,3,32.714285714285715
3724,2,2024-07-05 04:00:00+00:00,27.0,25.0,34.0,34.0,24.0,25.0,37.0,7,4,4,29.428571428571427
3725,2,2024-07-05 05:00:00+00:00,23.0,23.0,26.0,36.0,23.0,22.0,34.0,7,4,5,26.714285714285715
3726,2,2024-07-05 06:00:00+00:00,21.0,20.0,24.0,25.0,22.0,20.0,35.0,7,4,6,23.857142857142858
3727,2,2024-07-05 07:00:00+00:00,19.0,18.0,22.0,25.0,21.0,18.0,36.0,7,4,7,22.714285714285715
3728,2,2024-07-05 08:00:00+00:00,18.0,18.0,21.0,25.0,21.0,17.0,38.0,7,4,8,22.571428571428573
3729,2,2024-07-05 09:00:00+00:00,18.0,19.0,22.0,26.0,22.0,17.0,39.0,7,4,9,23.285714285714285
3730,2,2024-07-05 10:00:00+00:00,20.0,21.0,23.0,26.0,23.0,18.0,38.0,7,4,10,24.142857142857142
3731,2,2024-07-05 11:00:00+00:00,20.0,23.0,22.0,25.0,25.0,19.0,36.0,7,4,11,24.285714285714285
3732,2,2024-07-05 12:00:00+00:00,23.0,24.0,21.0,25.0,25.0,30.0,37.0,7,4,12,26.428571428571427
3733,2,2024-07-05 13:00:00+00:00,27.0,28.0,27.0,28.0,28.0,33.0,41.0,7,4,13,30.285714285714285
3734,2,2024-07-05 14:00:00+00:00,33.0,32.0,32.0,32.0,32.0,37.0,47.0,7,4,14,35.0
3735,2,2024-07-05 15:00:00+00:00,36.0,35.0,35.0,36.0,37.0,40.0,51.0,7,4,15,38.57142857142857
3736,2,2024-07-05 16:00:00+00:00,41.0,40.0,40.0,39.0,42.0,44.0,53.0,7,4,16,42.714285714285715
3737,2,2024-07-05 17:00:00+00:00,47.0,45.0,43.0,42.0,48.0,49.0,53.0,7,4,17,46.714285714285715
3738,2,2024-07-05 18:00:00+00:00,52.0,47.0,48.0,48.0,52.0,52.0,49.0,7,4,18,49.714285714285715
3739,2,2024-07-05 19:00:00+00:00,54.0,48.0,49.0,50.0,53.0,54.0,44.0,7,4,19,50.285714285714285
3740,2,2024-07-05 20:00:00+00:00,56.0,51.0,50.0,52.0,53.0,56.0,38.0,7,4,20,50.857142857142854
3741,2,2024-07-05 21:00:00+00:00,57.0,55.0,53.0,53.0,53.0,56.0,34.0,7,4,21,51.57142857142857
3742,2,2024-07-05 22:00:00+00:00,59.0,59.0,61.0,54.0,54.0,55.0,36.0,7,4,22,54.0
3743,2,2024-07-05 23:00:00+00:00,59.0,57.0,62.0,54.0,55.0,54.0,42.0,7,4,23,54.714285714285715
3744,2,2024-07-06 00:00:00+00:00,55.0,55.0,60.0,55.0,51.0,55.0,47.0,7,5,0,54.0
3745,2,2024-07-06 01:00:00+00:00,54.0,53.0,56.0,50.0,47.0,54.0,48.0,7,5,1,51.714285714285715
3746,2,2024-07-06 02:00:00+00:00,55.0,44.0,55.0,41.0,40.0,52.0,46.0,7,5,2,47.57142857142857
3747,2,2024-07-06 03:00:00+00:00,51.0,35.0,51.0,34.0,34.0,48.0,43.0,7,5,3,42.285714285714285
3748,2,2024-07-06 04:00:00+00:00,37.0,29.0,33.0,29.0,29.0,40.0,37.0,7,5,4,33.42857142857143
3749,2,2024-07-06 05:00:00+00:00,25.0,24.0,23.0,25.0,24.0,29.0,30.0,7,5,5,25.714285714285715
3750,2,2024-07-06 06:00:00+00:00,21.0,20.0,20.0,22.0,20.0,21.0,24.0,7,5,6,21.142857142857142
3751,2,2024-07-06 07:00:00+00:00,18.0,17.0,18.0,19.0,17.0,17.0,26.0,7,5,7,18.857142857142858
3752,2,2024-07-06 08:00:00+00:00,17.0,18.0,17.0,16.0,15.0,16.0,30.0,7,5,8,18.428571428571427
3753,2,2024-07-06 09:00:00+00:00,19.0,20.0,17.0,15.0,15.0,16.0,34.0,7,5,9,19.428571428571427
3754,2,2024-07-06 10:00:00+00:00,23.0,25.0,20.0,15.0,17.0,19.0,37.0,7,5,10,22.285714285714285
3755,2,2024-07-06 11:00:00+00:00,27.0,28.0,24.0,17.0,20.0,23.0,41.0,7,5,11,25.714285714285715
3756,2,2024-07-06 12:00:00+00:00,34.0,41.0,28.0,28.0,20.0,24.0,41.0,7,5,12,30.857142857142858
3757,2,2024-07-06 13:00:00+00:00,41.0,49.0,35.0,33.0,24.0,29.0,43.0,7,5,13,36.285714285714285
3758,2,2024-07-06 14:00:00+00:00,49.0,55.0,44.0,39.0,30.0,35.0,46.0,7,5,14,42.57142857142857
3759,2,2024-07-06 15:00:00+00:00,58.0,66.0,49.0,44.0,35.0,41.0,49.0,7,5,15,48.857142857142854
3760,2,2024-07-06 16:00:00+00:00,64.0,72.0,56.0,49.0,39.0,48.0,52.0,7,5,16,54.285714285714285
3761,2,2024-07-06 17:00:00+00:00,70.0,78.0,65.0,53.0,42.0,56.0,56.0,7,5,17,60.0
3762,2,2024-07-06 18:00:00+00:00,77.0,80.0,78.0,66.0,45.0,62.0,54.0,7,5,18,66.0
3763,2,2024-07-06 19:00:00+00:00,85.0,86.0,83.0,71.0,49.0,65.0,56.0,7,5,19,70.71428571428571
3764,2,2024-07-06 20:00:00+00:00,89.0,90.0,87.0,74.0,52.0,67.0,58.0,7,5,20,73.85714285714286
3765,2,2024-07-06 21:00:00+00:00,92.0,91.0,90.0,76.0,56.0,68.0,59.0,7,5,21,76.0
3766,2,2024-07-06 22:00:00+00:00,93.0,93.0,92.0,76.0,60.0,71.0,59.0,7,5,22,77.71428571428571
3767,2,2024-07-06 23:00:00+00:00,93.0,93.0,92.0,73.0,63.0,73.0,58.0,7,5,23,77.85714285714286
3768,2,2024-07-07 00:00:00+00:00,93.0,94.0,91.0,83.0,71.0,69.0,52.0,7,6,0,79.0
3769,2,2024-07-07 01:00:00+00:00,92.0,90.0,89.0,79.0,73.0,70.0,52.0,7,6,1,77.85714285714286
3770,2,2024-07-07 02:00:00+00:00,91.0,87.0,86.0,74.0,74.0,70.0,52.0,7,6,2,76.28571428571429
3771,2,2024-07-07 03:00:00+00:00,87.0,81.0,84.0,69.0,71.0,66.0,52.0,7,6,3,72.85714285714286
3772,2,2024-07-07 04:00:00+00:00,74.0,70.0,81.0,64.0,63.0,56.0,50.0,7,6,4,65.42857142857143
3773,2,2024-07-07 05:00:00+00:00,61.0,60.0,73.0,58.0,51.0,43.0,46.0,7,6,5,56.0
3774,2,2024-07-07 06:00:00+00:00,53.0,59.0,63.0,54.0,42.0,34.0,37.0,7,6,6,48.857142857142854
3775,2,2024-07-07 07:00:00+00:00,54.0,56.0,56.0,52.0,37.0,31.0,39.0,7,6,7,46.42857142857143
3776,2,2024-07-07 08:00:00+00:00,56.0,56.0,54.0,51.0,34.0,31.0,42.0,7,6,8,46.285714285714285
3777,2,2024-07-07 09:00:00+00:00,56.0,56.0,54.0,50.0,34.0,33.0,44.0,7,6,9,46.714285714285715
3778,2,2024-07-07 10:00:00+00:00,57.0,54.0,54.0,48.0,38.0,38.0,43.0,7,6,10,47.42857142857143
3779,2,2024-07-07 11:00:00+00:00,57.0,55.0,55.0,46.0,44.0,46.0,42.0,7,6,11,49.285714285714285
3780,2,2024-07-07 12:00:00+00:00,48.0,52.0,48.0,51.0,40.0,30.0,37.0,7,6,12,43.714285714285715
3781,2,2024-07-07 13:00:00+00:00,49.0,49.0,51.0,51.0,42.0,39.0,40.0,7,6,13,45.857142857142854
3782,2,2024-07-07 14:00:00+00:00,48.0,50.0,51.0,51.0,44.0,50.0,43.0,7,6,14,48.142857142857146
3783,2,2024-07-07 15:00:00+00:00,54.0,55.0,55.0,52.0,46.0,59.0,46.0,7,6,15,52.42857142857143
3784,2,2024-07-07 16:00:00+00:00,60.0,60.0,57.0,56.0,48.0,64.0,48.0,7,6,16,56.142857142857146
3785,2,2024-07-07 17:00:00+00:00,64.0,63.0,61.0,62.0,50.0,68.0,51.0,7,6,17,59.857142857142854
3786,2,2024-07-07 18:00:00+00:00,64.0,69.0,80.0,64.0,52.0,70.0,65.0,7,6,18,66.28571428571429
3787,2,2024-07-07 19:00:00+00:00,66.0,72.0,82.0,66.0,54.0,73.0,66.0,7,6,19,68.42857142857143
3788,2,2024-07-07 20:00:00+00:00,67.0,75.0,83.0,66.0,55.0,74.0,66.0,7,6,20,69.42857142857143
3789,2,2024-07-07 21:00:00+00:00,67.0,78.0,83.0,66.0,55.0,74.0,66.0,7,6,21,69.85714285714286
3790,2,2024-07-07 22:00:00+00:00,69.0,79.0,81.0,64.0,51.0,70.0,66.0,7,6,22,68.57142857142857
3791,2,2024-07-07 23:00:00+00:00,73.0,81.0,79.0,61.0,46.0,65.0,65.0,7,6,23,67.14285714285714
3792,2,2024-07-08 00:00:00+00:00,73.0,76.0,85.0,67.0,57.0,66.0,51.0,7,0,0,67.85714285714286
3793,2,2024-07-08 01:00:00+00:00,73.0,77.0,82.0,63.0,59.0,60.0,52.0,7,0,1,66.57142857142857
3794,2,2024-07-08 02:00:00+00:00,73.0,75.0,78.0,59.0,63.0,53.0,55.0,7,0,2,65.14285714285714
3795,2,2024-07-08 03:00:00+00:00,72.0,71.0,72.0,55.0,64.0,48.0,56.0,7,0,3,62.57142857142857
3796,2,2024-07-08 04:00:00+00:00,63.0,65.0,63.0,54.0,60.0,47.0,54.0,7,0,4,58.0
3797,2,2024-07-08 05:00:00+00:00,54.0,61.0,54.0,55.0,54.0,49.0,49.0,7,0,5,53.714285714285715
3798,2,2024-07-08 06:00:00+00:00,51.0,51.0,50.0,52.0,48.0,49.0,47.0,7,0,6,49.714285714285715
3799,2,2024-07-08 07:00:00+00:00,47.0,47.0,50.0,49.0,43.0,45.0,44.0,7,0,7,46.42857142857143
3800,2,2024-07-08 08:00:00+00:00,43.0,43.0,50.0,46.0,39.0,40.0,43.0,7,0,8,43.42857142857143
3801,2,2024-07-08 09:00:00+00:00,42.0,43.0,49.0,44.0,37.0,37.0,42.0,7,0,9,42.0
3802,2,2024-07-08 10:00:00+00:00,42.0,43.0,48.0,43.0,38.0,37.0,41.0,7,0,10,41.714285714285715
3803,2,2024-07-08 11:00:00+00:00,43.0,43.0,49.0,42.0,42.0,38.0,40.0,7,0,11,42.42857142857143
3804,2,2024-07-08 12:00:00+00:00,41.0,43.0,45.0,42.0,41.0,40.0,51.0,7,0,12,43.285714285714285
3805,2,2024-07-08 13:00:00+00:00,43.0,48.0,45.0,44.0,45.0,42.0,53.0,7,0,13,45.714285714285715
3806,2,2024-07-08 14:00:00+00:00,50.0,54.0,48.0,48.0,50.0,44.0,56.0,7,0,14,50.0
3807,2,2024-07-08 15:00:00+00:00,56.0,58.0,52.0,52.0,55.0,46.0,58.0,7,0,15,53.857142857142854
3808,2,2024-07-08 16:00:00+00:00,60.0,62.0,59.0,57.0,58.0,48.0,61.0,7,0,16,57.857142857142854
3809,2,2024-07-08 17:00:00+00:00,63.0,65.0,65.0,63.0,59.0,50.0,63.0,7,0,17,61.142857142857146
3810,2,2024-07-08 18:00:00+00:00,65.0,68.0,72.0,67.0,61.0,52.0,63.0,7,0,18,64.0
3811,2,2024-07-08 19:00:00+00:00,67.0,69.0,73.0,69.0,63.0,52.0,61.0,7,0,19,64.85714285714286
3812,2,2024-07-08 20:00:00+00:00,67.0,70.0,74.0,70.0,65.0,52.0,58.0,7,0,20,65.14285714285714
3813,2,2024-07-08 21:00:00+00:00,67.0,70.0,74.0,70.0,66.0,52.0,55.0,7,0,21,64.85714285714286
3814,2,2024-07-08 22:00:00+00:00,67.0,70.0,74.0,70.0,67.0,53.0,54.0,7,0,22,65.0
3815,2,2024-07-08 23:00:00+00:00,67.0,70.0,76.0,70.0,68.0,55.0,53.0,7,0,23,65.57142857142857
3816,2,2024-07-09 00:00:00+00:00,67.0,69.0,77.0,73.0,71.0,68.0,55.0,7,1,0,68.57142857142857
3817,2,2024-07-09 01:00:00+00:00,68.0,70.0,78.0,72.0,72.0,70.0,57.0,7,1,1,69.57142857142857
3818,2,2024-07-09 02:00:00+00:00,69.0,71.0,78.0,72.0,73.0,72.0,59.0,7,1,2,70.57142857142857
3819,2,2024-07-09 03:00:00+00:00,71.0,72.0,75.0,69.0,71.0,71.0,59.0,7,1,3,69.71428571428571
3820,2,2024-07-09 04:00:00+00:00,67.0,67.0,68.0,62.0,65.0,64.0,53.0,7,1,4,63.714285714285715
3821,2,2024-07-09 05:00:00+00:00,57.0,57.0,57.0,53.0,56.0,54.0,43.0,7,1,5,53.857142857142854
3822,2,2024-07-09 06:00:00+00:00,50.0,49.0,46.0,45.0,49.0,46.0,39.0,7,1,6,46.285714285714285
3823,2,2024-07-09 07:00:00+00:00,48.0,48.0,44.0,41.0,44.0,42.0,40.0,7,1,7,43.857142857142854
3824,2,2024-07-09 08:00:00+00:00,45.0,43.0,39.0,38.0,40.0,39.0,44.0,7,1,8,41.142857142857146
3825,2,2024-07-09 09:00:00+00:00,44.0,43.0,38.0,37.0,38.0,38.0,46.0,7,1,9,40.57142857142857
3826,2,2024-07-09 10:00:00+00:00,42.0,41.0,37.0,38.0,38.0,38.0,46.0,7,1,10,40.0
3827,2,2024-07-09 11:00:00+00:00,41.0,36.0,37.0,41.0,40.0,39.0,45.0,7,1,11,39.857142857142854
3828,2,2024-07-09 12:00:00+00:00,39.0,40.0,43.0,41.0,45.0,46.0,44.0,7,1,12,42.57142857142857
3829,2,2024-07-09 13:00:00+00:00,41.0,43.0,46.0,46.0,53.0,51.0,48.0,7,1,13,46.857142857142854
3830,2,2024-07-09 14:00:00+00:00,46.0,48.0,52.0,51.0,64.0,58.0,53.0,7,1,14,53.142857142857146
3831,2,2024-07-09 15:00:00+00:00,52.0,53.0,59.0,57.0,73.0,64.0,57.0,7,1,15,59.285714285714285
3832,2,2024-07-09 16:00:00+00:00,58.0,60.0,65.0,62.0,77.0,68.0,62.0,7,1,16,64.57142857142857
3833,2,2024-07-09 17:00:00+00:00,61.0,64.0,67.0,68.0,79.0,70.0,66.0,7,1,17,67.85714285714286
3834,2,2024-07-09 18:00:00+00:00,68.0,64.0,71.0,70.0,81.0,72.0,62.0,7,1,18,69.71428571428571
3835,2,2024-07-09 19:00:00+00:00,70.0,63.0,72.0,71.0,83.0,72.0,60.0,7,1,19,70.14285714285714
3836,2,2024-07-09 20:00:00+00:00,71.0,63.0,72.0,72.0,85.0,71.0,57.0,7,1,20,70.14285714285714
3837,2,2024-07-09 21:00:00+00:00,71.0,62.0,72.0,72.0,86.0,70.0,54.0,7,1,21,69.57142857142857
3838,2,2024-07-09 22:00:00+00:00,67.0,61.0,72.0,73.0,88.0,71.0,53.0,7,1,22,69.28571428571429
3839,2,2024-07-09 23:00:00+00:00,68.0,62.0,72.0,74.0,90.0,72.0,52.0,7,1,23,70.0
3840,2,2024-07-10 00:00:00+00:00,72.0,64.0,66.0,70.0,71.0,89.0,50.0,7,2,0,68.85714285714286
3841,2,2024-07-10 01:00:00+00:00,71.0,66.0,67.0,71.0,71.0,87.0,51.0,7,2,1,69.14285714285714
3842,2,2024-07-10 02:00:00+00:00,70.0,67.0,68.0,71.0,71.0,82.0,53.0,7,2,2,68.85714285714286
3843,2,2024-07-10 03:00:00+00:00,70.0,68.0,67.0,68.0,69.0,76.0,52.0,7,2,3,67.14285714285714
3844,2,2024-07-10 04:00:00+00:00,66.0,64.0,63.0,60.0,62.0,66.0,46.0,7,2,4,61.0
3845,2,2024-07-10 05:00:00+00:00,52.0,54.0,50.0,50.0,53.0,54.0,38.0,7,2,5,50.142857142857146
3846,2,2024-07-10 06:00:00+00:00,44.0,42.0,43.0,40.0,46.0,45.0,35.0,7,2,6,42.142857142857146
3847,2,2024-07-10 07:00:00+00:00,37.0,38.0,39.0,36.0,44.0,41.0,33.0,7,2,7,38.285714285714285
3848,2,2024-07-10 08:00:00+00:00,32.0,35.0,39.0,36.0,44.0,41.0,32.0,7,2,8,37.0
3849,2,2024-07-10 09:00:00+00:00,30.0,34.0,37.0,37.0,44.0,41.0,32.0,7,2,9,36.42857142857143
3850,2,2024-07-10 10:00:00+00:00,28.0,34.0,36.0,38.0,42.0,41.0,31.0,7,2,10,35.714285714285715
3851,2,2024-07-10 11:00:00+00:00,31.0,33.0,36.0,40.0,39.0,43.0,31.0,7,2,11,36.142857142857146
3852,2,2024-07-10 12:00:00+00:00,42.0,41.0,45.0,45.0,41.0,42.0,33.0,7,2,12,41.285714285714285
3853,2,2024-07-10 13:00:00+00:00,47.0,44.0,49.0,49.0,46.0,45.0,37.0,7,2,13,45.285714285714285
3854,2,2024-07-10 14:00:00+00:00,50.0,48.0,54.0,55.0,53.0,51.0,44.0,7,2,14,50.714285714285715
3855,2,2024-07-10 15:00:00+00:00,53.0,53.0,58.0,60.0,60.0,57.0,50.0,7,2,15,55.857142857142854
3856,2,2024-07-10 16:00:00+00:00,56.0,58.0,64.0,66.0,67.0,65.0,57.0,7,2,16,61.857142857142854
3857,2,2024-07-10 17:00:00+00:00,59.0,62.0,68.0,71.0,73.0,73.0,65.0,7,2,17,67.28571428571429
3858,2,2024-07-10 18:00:00+00:00,66.0,66.0,67.0,74.0,78.0,80.0,66.0,7,2,18,71.0
3859,2,2024-07-10 19:00:00+00:00,65.0,65.0,67.0,75.0,80.0,84.0,64.0,7,2,19,71.42857142857143
3860,2,2024-07-10 20:00:00+00:00,65.0,65.0,66.0,75.0,80.0,87.0,61.0,7,2,20,71.28571428571429
3861,2,2024-07-10 21:00:00+00:00,66.0,65.0,66.0,74.0,81.0,89.0,59.0,7,2,21,71.42857142857143
3862,2,2024-07-10 22:00:00+00:00,66.0,68.0,66.0,73.0,83.0,89.0,59.0,7,2,22,72.0
3863,2,2024-07-10 23:00:00+00:00,66.0,67.0,65.0,73.0,85.0,88.0,61.0,7,2,23,72.14285714285714
3864,2,2024-07-11 00:00:00+00:00,65.0,66.0,59.0,75.0,82.0,78.0,67.0,7,3,0,70.28571428571429
3865,2,2024-07-11 01:00:00+00:00,67.0,65.0,59.0,75.0,82.0,80.0,69.0,7,3,1,71.0
3866,2,2024-07-11 02:00:00+00:00,68.0,64.0,60.0,74.0,83.0,83.0,70.0,7,3,2,71.71428571428571
3867,2,2024-07-11 03:00:00+00:00,67.0,63.0,63.0,71.0,79.0,80.0,70.0,7,3,3,70.42857142857143
3868,2,2024-07-11 04:00:00+00:00,62.0,59.0,61.0,63.0,69.0,67.0,67.0,7,3,4,64.0
3869,2,2024-07-11 05:00:00+00:00,47.0,50.0,50.0,51.0,55.0,49.0,62.0,7,3,5,52.0
3870,2,2024-07-11 06:00:00+00:00,44.0,38.0,38.0,40.0,44.0,35.0,46.0,7,3,6,40.714285714285715
3871,2,2024-07-11 07:00:00+00:00,42.0,35.0,35.0,34.0,39.0,30.0,45.0,7,3,7,37.142857142857146
3872,2,2024-07-11 08:00:00+00:00,38.0,32.0,30.0,31.0,37.0,29.0,47.0,7,3,8,34.857142857142854
3873,2,2024-07-11 09:00:00+00:00,34.0,30.0,27.0,29.0,37.0,29.0,50.0,7,3,9,33.714285714285715
3874,2,2024-07-11 10:00:00+00:00,34.0,27.0,25.0,29.0,38.0,29.0,53.0,7,3,10,33.57142857142857
3875,2,2024-07-11 11:00:00+00:00,36.0,29.0,27.0,32.0,41.0,31.0,56.0,7,3,11,36.0
3876,2,2024-07-11 12:00:00+00:00,41.0,38.0,30.0,33.0,38.0,38.0,38.0,7,3,12,36.57142857142857
3877,2,2024-07-11 13:00:00+00:00,48.0,42.0,35.0,37.0,42.0,42.0,45.0,7,3,13,41.57142857142857
3878,2,2024-07-11 14:00:00+00:00,53.0,46.0,39.0,42.0,47.0,47.0,53.0,7,3,14,46.714285714285715
3879,2,2024-07-11 15:00:00+00:00,56.0,50.0,44.0,46.0,52.0,52.0,59.0,7,3,15,51.285714285714285
3880,2,2024-07-11 16:00:00+00:00,61.0,56.0,52.0,48.0,59.0,58.0,61.0,7,3,16,56.42857142857143
3881,2,2024-07-11 17:00:00+00:00,63.0,57.0,56.0,50.0,66.0,64.0,60.0,7,3,17,59.42857142857143
3882,2,2024-07-11 18:00:00+00:00,60.0,53.0,56.0,59.0,71.0,69.0,72.0,7,3,18,62.857142857142854
3883,2,2024-07-11 19:00:00+00:00,60.0,54.0,56.0,59.0,73.0,71.0,66.0,7,3,19,62.714285714285715
3884,2,2024-07-11 20:00:00+00:00,60.0,55.0,55.0,58.0,74.0,71.0,59.0,7,3,20,61.714285714285715
3885,2,2024-07-11 21:00:00+00:00,59.0,54.0,55.0,57.0,74.0,71.0,53.0,7,3,21,60.42857142857143
3886,2,2024-07-11 22:00:00+00:00,58.0,53.0,55.0,56.0,74.0,73.0,51.0,7,3,22,60.0
3887,2,2024-07-11 23:00:00+00:00,59.0,53.0,52.0,54.0,73.0,75.0,51.0,7,3,23,59.57142857142857
3888,2,2024-07-12 00:00:00+00:00,60.0,54.0,58.0,49.0,60.0,73.0,52.0,7,4,0,58.0
3889,2,2024-07-12 01:00:00+00:00,57.0,52.0,56.0,50.0,63.0,74.0,51.0,7,4,1,57.57142857142857
3890,2,2024-07-12 02:00:00+00:00,57.0,51.0,54.0,52.0,67.0,76.0,50.0,7,4,2,58.142857142857146
3891,2,2024-07-12 03:00:00+00:00,56.0,50.0,51.0,51.0,67.0,73.0,48.0,7,4,3,56.57142857142857
3892,2,2024-07-12 04:00:00+00:00,53.0,45.0,47.0,44.0,58.0,64.0,43.0,7,4,4,50.57142857142857
3893,2,2024-07-12 05:00:00+00:00,39.0,35.0,36.0,34.0,46.0,51.0,37.0,7,4,5,39.714285714285715
3894,2,2024-07-12 06:00:00+00:00,28.0,24.0,26.0,27.0,35.0,40.0,35.0,7,4,6,30.714285714285715
3895,2,2024-07-12 07:00:00+00:00,21.0,21.0,22.0,22.0,29.0,33.0,34.0,7,4,7,26.0
3896,2,2024-07-12 08:00:00+00:00,18.0,18.0,19.0,20.0,25.0,27.0,34.0,7,4,8,23.0
3897,2,2024-07-12 09:00:00+00:00,15.0,17.0,17.0,19.0,23.0,24.0,34.0,7,4,9,21.285714285714285
3898,2,2024-07-12 10:00:00+00:00,14.0,15.0,15.0,18.0,22.0,24.0,33.0,7,4,10,20.142857142857142
3899,2,2024-07-12 11:00:00+00:00,15.0,16.0,16.0,19.0,22.0,26.0,32.0,7,4,11,20.857142857142858
3900,2,2024-07-12 12:00:00+00:00,16.0,18.0,18.0,21.0,20.0,35.0,31.0,7,4,12,22.714285714285715
3901,2,2024-07-12 13:00:00+00:00,20.0,21.0,21.0,24.0,24.0,36.0,38.0,7,4,13,26.285714285714285
3902,2,2024-07-12 14:00:00+00:00,26.0,25.0,25.0,27.0,29.0,37.0,46.0,7,4,14,30.714285714285715
3903,2,2024-07-12 15:00:00+00:00,34.0,30.0,31.0,31.0,34.0,39.0,52.0,7,4,15,35.857142857142854
3904,2,2024-07-12 16:00:00+00:00,43.0,36.0,37.0,35.0,38.0,43.0,54.0,7,4,16,40.857142857142854
3905,2,2024-07-12 17:00:00+00:00,48.0,39.0,41.0,39.0,42.0,49.0,53.0,7,4,17,44.42857142857143
3906,2,2024-07-12 18:00:00+00:00,38.0,45.0,41.0,46.0,45.0,54.0,47.0,7,4,18,45.142857142857146
3907,2,2024-07-12 19:00:00+00:00,39.0,46.0,49.0,47.0,47.0,57.0,45.0,7,4,19,47.142857142857146
3908,2,2024-07-12 20:00:00+00:00,46.0,49.0,51.0,48.0,49.0,59.0,41.0,7,4,20,49.0
3909,2,2024-07-12 21:00:00+00:00,53.0,54.0,58.0,48.0,50.0,61.0,39.0,7,4,21,51.857142857142854
3910,2,2024-07-12 22:00:00+00:00,51.0,56.0,57.0,49.0,52.0,65.0,42.0,7,4,22,53.142857142857146
3911,2,2024-07-12 23:00:00+00:00,51.0,54.0,53.0,49.0,54.0,70.0,48.0,7,4,23,54.142857142857146
3912,2,2024-07-13 00:00:00+00:00,51.0,53.0,50.0,48.0,49.0,52.0,41.0,7,5,0,49.142857142857146
3913,2,2024-07-13 01:00:00+00:00,49.0,53.0,48.0,48.0,49.0,52.0,44.0,7,5,1,49.0
3914,2,2024-07-13 02:00:00+00:00,48.0,51.0,50.0,49.0,49.0,53.0,48.0,7,5,2,49.714285714285715
3915,2,2024-07-13 03:00:00+00:00,47.0,49.0,46.0,47.0,48.0,51.0,50.0,7,5,3,48.285714285714285
3916,2,2024-07-13 04:00:00+00:00,40.0,46.0,39.0,40.0,46.0,43.0,49.0,7,5,4,43.285714285714285
3917,2,2024-07-13 05:00:00+00:00,30.0,37.0,30.0,32.0,43.0,32.0,46.0,7,5,5,35.714285714285715
3918,2,2024-07-13 06:00:00+00:00,24.0,21.0,25.0,25.0,40.0,24.0,43.0,7,5,6,28.857142857142858
3919,2,2024-07-13 07:00:00+00:00,19.0,22.0,24.0,22.0,37.0,21.0,40.0,7,5,7,26.428571428571427
3920,2,2024-07-13 08:00:00+00:00,20.0,26.0,26.0,22.0,33.0,21.0,37.0,7,5,8,26.428571428571427
3921,2,2024-07-13 09:00:00+00:00,23.0,28.0,26.0,23.0,31.0,21.0,36.0,7,5,9,26.857142857142858
3922,2,2024-07-13 10:00:00+00:00,27.0,29.0,25.0,26.0,31.0,21.0,35.0,7,5,10,27.714285714285715
3923,2,2024-07-13 11:00:00+00:00,30.0,32.0,28.0,30.0,32.0,21.0,36.0,7,5,11,29.857142857142858
3924,2,2024-07-13 12:00:00+00:00,30.0,38.0,35.0,23.0,31.0,27.0,34.0,7,5,12,31.142857142857142
3925,2,2024-07-13 13:00:00+00:00,37.0,41.0,36.0,27.0,34.0,30.0,38.0,7,5,13,34.714285714285715
3926,2,2024-07-13 14:00:00+00:00,40.0,42.0,37.0,32.0,38.0,34.0,43.0,7,5,14,38.0
3927,2,2024-07-13 15:00:00+00:00,41.0,45.0,40.0,37.0,42.0,37.0,47.0,7,5,15,41.285714285714285
3928,2,2024-07-13 16:00:00+00:00,44.0,48.0,46.0,41.0,45.0,39.0,47.0,7,5,16,44.285714285714285
3929,2,2024-07-13 17:00:00+00:00,46.0,51.0,51.0,44.0,47.0,41.0,44.0,7,5,17,46.285714285714285
3930,2,2024-07-13 18:00:00+00:00,54.0,52.0,53.0,49.0,49.0,43.0,64.0,7,5,18,52.0
3931,2,2024-07-13 19:00:00+00:00,57.0,55.0,56.0,50.0,51.0,44.0,65.0,7,5,19,54.0
3932,2,2024-07-13 20:00:00+00:00,58.0,59.0,58.0,51.0,52.0,45.0,65.0,7,5,20,55.42857142857143
3933,2,2024-07-13 21:00:00+00:00,56.0,58.0,55.0,51.0,54.0,46.0,64.0,7,5,21,54.857142857142854
3934,2,2024-07-13 22:00:00+00:00,53.0,53.0,53.0,50.0,56.0,46.0,59.0,7,5,22,52.857142857142854
3935,2,2024-07-13 23:00:00+00:00,51.0,48.0,52.0,48.0,57.0,46.0,52.0,7,5,23,50.57142857142857
3936,2,2024-07-14 00:00:00+00:00,52.0,62.0,62.0,54.0,52.0,55.0,52.0,7,6,0,55.57142857142857
3937,2,2024-07-14 01:00:00+00:00,54.0,58.0,66.0,54.0,52.0,59.0,50.0,7,6,1,56.142857142857146
3938,2,2024-07-14 02:00:00+00:00,48.0,58.0,65.0,54.0,52.0,66.0,50.0,7,6,2,56.142857142857146
3939,2,2024-07-14 03:00:00+00:00,49.0,58.0,60.0,53.0,51.0,67.0,48.0,7,6,3,55.142857142857146
3940,2,2024-07-14 04:00:00+00:00,49.0,51.0,51.0,49.0,49.0,60.0,44.0,7,6,4,50.42857142857143
3941,2,2024-07-14 05:00:00+00:00,46.0,44.0,44.0,43.0,47.0,48.0,39.0,7,6,5,44.42857142857143
3942,2,2024-07-14 06:00:00+00:00,41.0,36.0,41.0,43.0,44.0,38.0,41.0,7,6,6,40.57142857142857
3943,2,2024-07-14 07:00:00+00:00,34.0,34.0,38.0,39.0,40.0,32.0,39.0,7,6,7,36.57142857142857
3944,2,2024-07-14 08:00:00+00:00,32.0,30.0,35.0,35.0,36.0,28.0,36.0,7,6,8,33.142857142857146
3945,2,2024-07-14 09:00:00+00:00,26.0,27.0,34.0,33.0,33.0,26.0,35.0,7,6,9,30.571428571428573
3946,2,2024-07-14 10:00:00+00:00,25.0,29.0,35.0,32.0,31.0,26.0,36.0,7,6,10,30.571428571428573
3947,2,2024-07-14 11:00:00+00:00,27.0,32.0,35.0,33.0,29.0,29.0,38.0,7,6,11,31.857142857142858
3948,2,2024-07-14 12:00:00+00:00,30.0,31.0,35.0,34.0,35.0,34.0,36.0,7,6,12,33.57142857142857
3949,2,2024-07-14 13:00:00+00:00,32.0,32.0,35.0,36.0,37.0,37.0,43.0,7,6,13,36.0
3950,2,2024-07-14 14:00:00+00:00,37.0,36.0,37.0,39.0,39.0,40.0,53.0,7,6,14,40.142857142857146
3951,2,2024-07-14 15:00:00+00:00,40.0,41.0,42.0,42.0,42.0,44.0,60.0,7,6,15,44.42857142857143
3952,2,2024-07-14 16:00:00+00:00,44.0,45.0,46.0,46.0,45.0,48.0,64.0,7,6,16,48.285714285714285
3953,2,2024-07-14 17:00:00+00:00,51.0,51.0,49.0,51.0,48.0,52.0,66.0,7,6,17,52.57142857142857
3954,2,2024-07-14 18:00:00+00:00,55.0,53.0,58.0,52.0,50.0,54.0,60.0,7,6,18,54.57142857142857
3955,2,2024-07-14 19:00:00+00:00,58.0,56.0,59.0,54.0,50.0,54.0,61.0,7,6,19,56.0
3956,2,2024-07-14 20:00:00+00:00,60.0,59.0,58.0,56.0,49.0,52.0,61.0,7,6,20,56.42857142857143
3957,2,2024-07-14 21:00:00+00:00,61.0,61.0,58.0,56.0,48.0,51.0,61.0,7,6,21,56.57142857142857
3958,2,2024-07-14 22:00:00+00:00,59.0,61.0,56.0,55.0,48.0,52.0,61.0,7,6,22,56.0
3959,2,2024-07-14 23:00:00+00:00,55.0,59.0,54.0,53.0,48.0,53.0,60.0,7,6,23,54.57142857142857
3960,2,2024-07-15 00:00:00+00:00,49.0,54.0,51.0,55.0,59.0,62.0,52.0,7,0,0,54.57142857142857
3961,2,2024-07-15 01:00:00+00:00,45.0,51.0,49.0,55.0,61.0,61.0,54.0,7,0,1,53.714285714285715
3962,2,2024-07-15 02:00:00+00:00,44.0,46.0,47.0,56.0,63.0,57.0,57.0,7,0,2,52.857142857142854
3963,2,2024-07-15 03:00:00+00:00,43.0,43.0,45.0,54.0,61.0,52.0,58.0,7,0,3,50.857142857142854
3964,2,2024-07-15 04:00:00+00:00,37.0,36.0,40.0,49.0,53.0,44.0,55.0,7,0,4,44.857142857142854
3965,2,2024-07-15 05:00:00+00:00,28.0,31.0,34.0,43.0,42.0,35.0,50.0,7,0,5,37.57142857142857
3966,2,2024-07-15 06:00:00+00:00,25.0,26.0,29.0,46.0,33.0,28.0,44.0,7,0,6,33.0
3967,2,2024-07-15 07:00:00+00:00,23.0,28.0,30.0,41.0,29.0,25.0,42.0,7,0,7,31.142857142857142
3968,2,2024-07-15 08:00:00+00:00,25.0,29.0,31.0,36.0,27.0,24.0,40.0,7,0,8,30.285714285714285
3969,2,2024-07-15 09:00:00+00:00,25.0,30.0,30.0,32.0,26.0,25.0,39.0,7,0,9,29.571428571428573
3970,2,2024-07-15 10:00:00+00:00,27.0,30.0,32.0,30.0,27.0,27.0,39.0,7,0,10,30.285714285714285
3971,2,2024-07-15 11:00:00+00:00,29.0,34.0,34.0,29.0,29.0,30.0,39.0,7,0,11,32.0
3972,2,2024-07-15 12:00:00+00:00,36.0,32.0,37.0,33.0,29.0,25.0,45.0,7,0,12,33.857142857142854
3973,2,2024-07-15 13:00:00+00:00,36.0,33.0,37.0,35.0,32.0,29.0,49.0,7,0,13,35.857142857142854
3974,2,2024-07-15 14:00:00+00:00,41.0,38.0,40.0,38.0,37.0,34.0,55.0,7,0,14,40.42857142857143
3975,2,2024-07-15 15:00:00+00:00,42.0,40.0,42.0,42.0,41.0,40.0,59.0,7,0,15,43.714285714285715
3976,2,2024-07-15 16:00:00+00:00,48.0,48.0,48.0,45.0,45.0,45.0,62.0,7,0,16,48.714285714285715
3977,2,2024-07-15 17:00:00+00:00,53.0,55.0,54.0,49.0,50.0,50.0,65.0,7,0,17,53.714285714285715
3978,2,2024-07-15 18:00:00+00:00,58.0,59.0,60.0,53.0,54.0,54.0,56.0,7,0,18,56.285714285714285
3979,2,2024-07-15 19:00:00+00:00,60.0,60.0,61.0,56.0,58.0,54.0,55.0,7,0,19,57.714285714285715
3980,2,2024-07-15 20:00:00+00:00,60.0,62.0,62.0,60.0,61.0,53.0,55.0,7,0,20,59.0
3981,2,2024-07-15 21:00:00+00:00,61.0,64.0,62.0,62.0,63.0,53.0,55.0,7,0,21,60.0
3982,2,2024-07-15 22:00:00+00:00,65.0,69.0,60.0,61.0,63.0,56.0,56.0,7,0,22,61.42857142857143
3983,2,2024-07-15 23:00:00+00:00,68.0,67.0,56.0,59.0,62.0,61.0,58.0,7,0,23,61.57142857142857
3984,2,2024-07-16 00:00:00+00:00,61.0,69.0,59.0,53.0,65.0,58.0,41.0,7,1,0,58.0
3985,2,2024-07-16 01:00:00+00:00,61.0,68.0,55.0,51.0,63.0,58.0,43.0,7,1,1,57.0
3986,2,2024-07-16 02:00:00+00:00,55.0,65.0,52.0,48.0,60.0,58.0,47.0,7,1,2,55.0
3987,2,2024-07-16 03:00:00+00:00,49.0,61.0,49.0,45.0,56.0,55.0,50.0,7,1,3,52.142857142857146
3988,2,2024-07-16 04:00:00+00:00,43.0,51.0,43.0,40.0,48.0,47.0,50.0,7,1,4,46.0
3989,2,2024-07-16 05:00:00+00:00,34.0,36.0,33.0,34.0,38.0,37.0,49.0,7,1,5,37.285714285714285
3990,2,2024-07-16 06:00:00+00:00,26.0,29.0,28.0,31.0,30.0,29.0,47.0,7,1,6,31.428571428571427
3991,2,2024-07-16 07:00:00+00:00,23.0,23.0,24.0,30.0,24.0,24.0,47.0,7,1,7,27.857142857142858
3992,2,2024-07-16 08:00:00+00:00,22.0,21.0,25.0,30.0,21.0,20.0,47.0,7,1,8,26.571428571428573
3993,2,2024-07-16 09:00:00+00:00,24.0,22.0,23.0,31.0,19.0,18.0,47.0,7,1,9,26.285714285714285
3994,2,2024-07-16 10:00:00+00:00,27.0,26.0,25.0,34.0,21.0,19.0,47.0,7,1,10,28.428571428571427
3995,2,2024-07-16 11:00:00+00:00,33.0,33.0,30.0,37.0,24.0,22.0,46.0,7,1,11,32.142857142857146
3996,2,2024-07-16 12:00:00+00:00,41.0,45.0,39.0,40.0,35.0,31.0,52.0,7,1,12,40.42857142857143
3997,2,2024-07-16 13:00:00+00:00,48.0,50.0,43.0,44.0,38.0,34.0,54.0,7,1,13,44.42857142857143
3998,2,2024-07-16 14:00:00+00:00,50.0,52.0,46.0,47.0,42.0,38.0,56.0,7,1,14,47.285714285714285
3999,2,2024-07-16 15:00:00+00:00,53.0,58.0,53.0,51.0,46.0,43.0,58.0,7,1,15,51.714285714285715
4000,2,2024-07-16 16:00:00+00:00,59.0,63.0,58.0,56.0,51.0,50.0,60.0,7,1,16,56.714285714285715
4001,2,2024-07-16 17:00:00+00:00,63.0,67.0,63.0,60.0,56.0,59.0,61.0,7,1,17,61.285714285714285
4002,2,2024-07-16 18:00:00+00:00,68.0,72.0,69.0,63.0,61.0,66.0,58.0,7,1,18,65.28571428571429
4003,2,2024-07-16 19:00:00+00:00,70.0,73.0,70.0,66.0,64.0,71.0,57.0,7,1,19,67.28571428571429
4004,2,2024-07-16 20:00:00+00:00,71.0,72.0,70.0,68.0,67.0,74.0,54.0,7,1,20,68.0
4005,2,2024-07-16 21:00:00+00:00,72.0,69.0,70.0,69.0,68.0,77.0,52.0,7,1,21,68.14285714285714
4006,2,2024-07-16 22:00:00+00:00,74.0,69.0,71.0,67.0,68.0,80.0,49.0,7,1,22,68.28571428571429
4007,2,2024-07-16 23:00:00+00:00,77.0,71.0,74.0,64.0,68.0,82.0,46.0,7,1,23,68.85714285714286
4008,2,2024-07-17 00:00:00+00:00,72.0,72.0,77.0,59.0,59.0,63.0,51.0,7,2,0,64.71428571428571
4009,2,2024-07-17 01:00:00+00:00,69.0,69.0,78.0,57.0,57.0,63.0,52.0,7,2,1,63.57142857142857
4010,2,2024-07-17 02:00:00+00:00,66.0,65.0,78.0,55.0,54.0,62.0,53.0,7,2,2,61.857142857142854
4011,2,2024-07-17 03:00:00+00:00,63.0,61.0,75.0,52.0,51.0,59.0,52.0,7,2,3,59.0
4012,2,2024-07-17 04:00:00+00:00,54.0,54.0,63.0,46.0,45.0,52.0,48.0,7,2,4,51.714285714285715
4013,2,2024-07-17 05:00:00+00:00,43.0,44.0,45.0,40.0,38.0,42.0,42.0,7,2,5,42.0
4014,2,2024-07-17 06:00:00+00:00,39.0,35.0,35.0,32.0,32.0,34.0,40.0,7,2,6,35.285714285714285
4015,2,2024-07-17 07:00:00+00:00,37.0,31.0,31.0,29.0,29.0,30.0,40.0,7,2,7,32.42857142857143
4016,2,2024-07-17 08:00:00+00:00,35.0,30.0,31.0,28.0,27.0,28.0,42.0,7,2,8,31.571428571428573
4017,2,2024-07-17 09:00:00+00:00,35.0,33.0,29.0,28.0,27.0,28.0,44.0,7,2,9,32.0
4018,2,2024-07-17 10:00:00+00:00,38.0,34.0,32.0,30.0,30.0,30.0,46.0,7,2,10,34.285714285714285
4019,2,2024-07-17 11:00:00+00:00,43.0,38.0,38.0,33.0,34.0,34.0,47.0,7,2,11,38.142857142857146
4020,2,2024-07-17 12:00:00+00:00,42.0,41.0,37.0,37.0,39.0,36.0,51.0,7,2,12,40.42857142857143
4021,2,2024-07-17 13:00:00+00:00,41.0,40.0,40.0,40.0,42.0,39.0,55.0,7,2,13,42.42857142857143
4022,2,2024-07-17 14:00:00+00:00,44.0,43.0,44.0,44.0,44.0,43.0,59.0,7,2,14,45.857142857142854
4023,2,2024-07-17 15:00:00+00:00,47.0,48.0,47.0,47.0,47.0,46.0,62.0,7,2,15,49.142857142857146
4024,2,2024-07-17 16:00:00+00:00,52.0,52.0,53.0,51.0,50.0,49.0,63.0,7,2,16,52.857142857142854
4025,2,2024-07-17 17:00:00+00:00,54.0,55.0,55.0,54.0,54.0,52.0,63.0,7,2,17,55.285714285714285
4026,2,2024-07-17 18:00:00+00:00,59.0,57.0,57.0,56.0,56.0,55.0,56.0,7,2,18,56.57142857142857
4027,2,2024-07-17 19:00:00+00:00,59.0,59.0,59.0,55.0,57.0,57.0,53.0,7,2,19,57.0
4028,2,2024-07-17 20:00:00+00:00,57.0,60.0,60.0,53.0,56.0,58.0,48.0,7,2,20,56.0
4029,2,2024-07-17 21:00:00+00:00,54.0,58.0,57.0,50.0,55.0,58.0,44.0,7,2,21,53.714285714285715
4030,2,2024-07-17 22:00:00+00:00,50.0,52.0,51.0,48.0,52.0,57.0,42.0,7,2,22,50.285714285714285
4031,2,2024-07-17 23:00:00+00:00,48.0,49.0,47.0,46.0,49.0,55.0,41.0,7,2,23,47.857142857142854
4032,2,2024-07-18 00:00:00+00:00,49.0,45.0,44.0,43.0,47.0,45.0,46.0,7,3,0,45.57142857142857
4033,2,2024-07-18 01:00:00+00:00,47.0,41.0,42.0,40.0,44.0,43.0,47.0,7,3,1,43.42857142857143
4034,2,2024-07-18 02:00:00+00:00,44.0,42.0,41.0,37.0,40.0,42.0,50.0,7,3,2,42.285714285714285
4035,2,2024-07-18 03:00:00+00:00,40.0,39.0,39.0,36.0,38.0,41.0,51.0,7,3,3,40.57142857142857
4036,2,2024-07-18 04:00:00+00:00,34.0,29.0,36.0,39.0,39.0,42.0,47.0,7,3,4,38.0
4037,2,2024-07-18 05:00:00+00:00,29.0,32.0,42.0,44.0,42.0,43.0,41.0,7,3,5,39.0
4038,2,2024-07-18 06:00:00+00:00,38.0,36.0,43.0,47.0,43.0,44.0,38.0,7,3,6,41.285714285714285
4039,2,2024-07-18 07:00:00+00:00,41.0,39.0,42.0,45.0,41.0,44.0,38.0,7,3,7,41.42857142857143
4040,2,2024-07-18 08:00:00+00:00,38.0,35.0,36.0,41.0,38.0,43.0,39.0,7,3,8,38.57142857142857
4041,2,2024-07-18 09:00:00+00:00,37.0,34.0,33.0,38.0,36.0,42.0,40.0,7,3,9,37.142857142857146
4042,2,2024-07-18 10:00:00+00:00,34.0,32.0,32.0,36.0,35.0,42.0,39.0,7,3,10,35.714285714285715
4043,2,2024-07-18 11:00:00+00:00,32.0,31.0,30.0,35.0,35.0,42.0,38.0,7,3,11,34.714285714285715
4044,2,2024-07-18 12:00:00+00:00,35.0,32.0,30.0,34.0,35.0,38.0,49.0,7,3,12,36.142857142857146
4045,2,2024-07-18 13:00:00+00:00,37.0,35.0,31.0,35.0,36.0,39.0,51.0,7,3,13,37.714285714285715
4046,2,2024-07-18 14:00:00+00:00,33.0,36.0,33.0,37.0,37.0,41.0,54.0,7,3,14,38.714285714285715
4047,2,2024-07-18 15:00:00+00:00,37.0,37.0,35.0,39.0,39.0,43.0,56.0,7,3,15,40.857142857142854
4048,2,2024-07-18 16:00:00+00:00,41.0,43.0,42.0,43.0,42.0,46.0,57.0,7,3,16,44.857142857142854
4049,2,2024-07-18 17:00:00+00:00,45.0,48.0,46.0,47.0,46.0,50.0,58.0,7,3,17,48.57142857142857
4050,2,2024-07-18 18:00:00+00:00,46.0,48.0,49.0,50.0,49.0,52.0,49.0,7,3,18,49.0
4051,2,2024-07-18 19:00:00+00:00,45.0,46.0,49.0,50.0,50.0,51.0,46.0,7,3,19,48.142857142857146
4052,2,2024-07-18 20:00:00+00:00,45.0,45.0,47.0,49.0,49.0,49.0,42.0,7,3,20,46.57142857142857
4053,2,2024-07-18 21:00:00+00:00,47.0,45.0,46.0,47.0,48.0,46.0,40.0,7,3,21,45.57142857142857
4054,2,2024-07-18 22:00:00+00:00,48.0,44.0,44.0,47.0,47.0,43.0,42.0,7,3,22,45.0
4055,2,2024-07-18 23:00:00+00:00,47.0,41.0,41.0,47.0,46.0,40.0,47.0,7,3,23,44.142857142857146
4056,2,2024-07-19 00:00:00+00:00,43.0,40.0,40.0,46.0,40.0,51.0,54.0,7,4,0,44.857142857142854
4057,2,2024-07-19 01:00:00+00:00,40.0,39.0,37.0,44.0,39.0,51.0,55.0,7,4,1,43.57142857142857
4058,2,2024-07-19 02:00:00+00:00,35.0,37.0,37.0,41.0,39.0,51.0,56.0,7,4,2,42.285714285714285
4059,2,2024-07-19 03:00:00+00:00,36.0,36.0,39.0,39.0,39.0,50.0,56.0,7,4,3,42.142857142857146
4060,2,2024-07-19 04:00:00+00:00,41.0,34.0,40.0,39.0,41.0,46.0,53.0,7,4,4,42.0
4061,2,2024-07-19 05:00:00+00:00,46.0,35.0,39.0,41.0,45.0,40.0,49.0,7,4,5,42.142857142857146
4062,2,2024-07-19 06:00:00+00:00,41.0,38.0,32.0,35.0,46.0,36.0,44.0,7,4,6,38.857142857142854
4063,2,2024-07-19 07:00:00+00:00,40.0,40.0,32.0,32.0,44.0,34.0,42.0,7,4,7,37.714285714285715
4064,2,2024-07-19 08:00:00+00:00,35.0,35.0,28.0,30.0,39.0,33.0,41.0,7,4,8,34.42857142857143
4065,2,2024-07-19 09:00:00+00:00,32.0,30.0,25.0,28.0,36.0,33.0,40.0,7,4,9,32.0
4066,2,2024-07-19 10:00:00+00:00,30.0,28.0,25.0,29.0,35.0,32.0,38.0,7,4,10,31.0
4067,2,2024-07-19 11:00:00+00:00,28.0,26.0,25.0,31.0,34.0,31.0,37.0,7,4,11,30.285714285714285
4068,2,2024-07-19 12:00:00+00:00,27.0,26.0,25.0,27.0,44.0,38.0,33.0,7,4,12,31.428571428571427
4069,2,2024-07-19 13:00:00+00:00,27.0,27.0,27.0,29.0,47.0,42.0,36.0,7,4,13,33.57142857142857
4070,2,2024-07-19 14:00:00+00:00,30.0,30.0,30.0,32.0,51.0,47.0,40.0,7,4,14,37.142857142857146
4071,2,2024-07-19 15:00:00+00:00,35.0,36.0,36.0,36.0,56.0,53.0,44.0,7,4,15,42.285714285714285
4072,2,2024-07-19 16:00:00+00:00,41.0,43.0,44.0,40.0,62.0,59.0,46.0,7,4,16,47.857142857142854
4073,2,2024-07-19 17:00:00+00:00,45.0,49.0,51.0,45.0,69.0,65.0,47.0,7,4,17,53.0
4074,2,2024-07-19 18:00:00+00:00,49.0,54.0,53.0,47.0,74.0,70.0,45.0,7,4,18,56.0
4075,2,2024-07-19 19:00:00+00:00,51.0,55.0,53.0,49.0,76.0,74.0,45.0,7,4,19,57.57142857142857
4076,2,2024-07-19 20:00:00+00:00,54.0,54.0,53.0,50.0,77.0,77.0,46.0,7,4,20,58.714285714285715
4077,2,2024-07-19 21:00:00+00:00,55.0,53.0,54.0,51.0,78.0,78.0,46.0,7,4,21,59.285714285714285
4078,2,2024-07-19 22:00:00+00:00,55.0,54.0,56.0,54.0,81.0,77.0,45.0,7,4,22,60.285714285714285
4079,2,2024-07-19 23:00:00+00:00,55.0,57.0,59.0,59.0,83.0,74.0,43.0,7,4,23,61.42857142857143
4080,2,2024-07-20 00:00:00+00:00,56.0,55.0,50.0,53.0,69.0,75.0,51.0,7,5,0,58.42857142857143
4081,2,2024-07-20 01:00:00+00:00,52.0,53.0,47.0,55.0,70.0,74.0,57.0,7,5,1,58.285714285714285
4082,2,2024-07-20 02:00:00+00:00,51.0,53.0,47.0,57.0,70.0,72.0,63.0,7,5,2,59.0
4083,2,2024-07-20 03:00:00+00:00,49.0,54.0,50.0,56.0,67.0,67.0,64.0,7,5,3,58.142857142857146
4084,2,2024-07-20 04:00:00+00:00,44.0,48.0,48.0,49.0,57.0,56.0,56.0,7,5,4,51.142857142857146
4085,2,2024-07-20 05:00:00+00:00,32.0,32.0,36.0,39.0,43.0,42.0,43.0,7,5,5,38.142857142857146
4086,2,2024-07-20 06:00:00+00:00,28.0,32.0,28.0,28.0,32.0,31.0,35.0,7,5,6,30.571428571428573
4087,2,2024-07-20 07:00:00+00:00,23.0,37.0,28.0,28.0,27.0,26.0,34.0,7,5,7,29.0
4088,2,2024-07-20 08:00:00+00:00,26.0,36.0,30.0,32.0,26.0,25.0,34.0,7,5,8,29.857142857142858
4089,2,2024-07-20 09:00:00+00:00,31.0,33.0,30.0,36.0,26.0,25.0,35.0,7,5,9,30.857142857142858
4090,2,2024-07-20 10:00:00+00:00,34.0,34.0,31.0,40.0,28.0,26.0,38.0,7,5,10,33.0
4091,2,2024-07-20 11:00:00+00:00,38.0,36.0,34.0,44.0,32.0,28.0,41.0,7,5,11,36.142857142857146
4092,2,2024-07-20 12:00:00+00:00,32.0,40.0,38.0,49.0,38.0,27.0,31.0,7,5,12,36.42857142857143
4093,2,2024-07-20 13:00:00+00:00,40.0,41.0,41.0,53.0,44.0,30.0,36.0,7,5,13,40.714285714285715
4094,2,2024-07-20 14:00:00+00:00,46.0,47.0,44.0,57.0,52.0,35.0,42.0,7,5,14,46.142857142857146
4095,2,2024-07-20 15:00:00+00:00,46.0,50.0,51.0,61.0,59.0,41.0,47.0,7,5,15,50.714285714285715
4096,2,2024-07-20 16:00:00+00:00,52.0,54.0,57.0,66.0,65.0,49.0,49.0,7,5,16,56.0
4097,2,2024-07-20 17:00:00+00:00,58.0,58.0,61.0,72.0,71.0,58.0,49.0,7,5,17,61.0
4098,2,2024-07-20 18:00:00+00:00,58.0,62.0,64.0,71.0,76.0,65.0,44.0,7,5,18,62.857142857142854
4099,2,2024-07-20 19:00:00+00:00,60.0,65.0,66.0,74.0,79.0,70.0,44.0,7,5,19,65.42857142857143
4100,2,2024-07-20 20:00:00+00:00,61.0,66.0,68.0,76.0,81.0,73.0,43.0,7,5,20,66.85714285714286
4101,2,2024-07-20 21:00:00+00:00,62.0,67.0,68.0,77.0,83.0,75.0,43.0,7,5,21,67.85714285714286
4102,2,2024-07-20 22:00:00+00:00,63.0,65.0,69.0,79.0,84.0,76.0,43.0,7,5,22,68.42857142857143
4103,2,2024-07-20 23:00:00+00:00,62.0,62.0,72.0,80.0,85.0,76.0,43.0,7,5,23,68.57142857142857
4104,2,2024-07-21 00:00:00+00:00,60.0,64.0,59.0,74.0,79.0,79.0,49.0,7,6,0,66.28571428571429
4105,2,2024-07-21 01:00:00+00:00,55.0,65.0,58.0,75.0,80.0,79.0,49.0,7,6,1,65.85714285714286
4106,2,2024-07-21 02:00:00+00:00,50.0,61.0,56.0,76.0,81.0,80.0,50.0,7,6,2,64.85714285714286
4107,2,2024-07-21 03:00:00+00:00,49.0,56.0,57.0,72.0,78.0,77.0,50.0,7,6,3,62.714285714285715
4108,2,2024-07-21 04:00:00+00:00,44.0,46.0,54.0,60.0,67.0,68.0,47.0,7,6,4,55.142857142857146
4109,2,2024-07-21 05:00:00+00:00,38.0,40.0,46.0,44.0,52.0,56.0,43.0,7,6,5,45.57142857142857
4110,2,2024-07-21 06:00:00+00:00,34.0,41.0,45.0,34.0,40.0,45.0,46.0,7,6,6,40.714285714285715
4111,2,2024-07-21 07:00:00+00:00,32.0,41.0,36.0,31.0,32.0,38.0,44.0,7,6,7,36.285714285714285
4112,2,2024-07-21 08:00:00+00:00,31.0,38.0,31.0,32.0,27.0,33.0,42.0,7,6,8,33.42857142857143
4113,2,2024-07-21 09:00:00+00:00,28.0,33.0,29.0,34.0,23.0,30.0,40.0,7,6,9,31.0
4114,2,2024-07-21 10:00:00+00:00,27.0,37.0,32.0,34.0,21.0,30.0,38.0,7,6,10,31.285714285714285
4115,2,2024-07-21 11:00:00+00:00,26.0,36.0,32.0,34.0,21.0,31.0,37.0,7,6,11,31.0
4116,2,2024-07-21 12:00:00+00:00,28.0,36.0,35.0,39.0,30.0,23.0,52.0,7,6,12,34.714285714285715
4117,2,2024-07-21 13:00:00+00:00,32.0,40.0,40.0,44.0,32.0,28.0,54.0,7,6,13,38.57142857142857
4118,2,2024-07-21 14:00:00+00:00,36.0,44.0,45.0,50.0,37.0,35.0,56.0,7,6,14,43.285714285714285
4119,2,2024-07-21 15:00:00+00:00,41.0,47.0,49.0,55.0,43.0,42.0,58.0,7,6,15,47.857142857142854
4120,2,2024-07-21 16:00:00+00:00,47.0,50.0,53.0,59.0,52.0,49.0,61.0,7,6,16,53.0
4121,2,2024-07-21 17:00:00+00:00,51.0,53.0,55.0,62.0,63.0,56.0,65.0,7,6,17,57.857142857142854
4122,2,2024-07-21 18:00:00+00:00,52.0,52.0,60.0,69.0,71.0,62.0,50.0,7,6,18,59.42857142857143
4123,2,2024-07-21 19:00:00+00:00,54.0,53.0,60.0,70.0,72.0,65.0,48.0,7,6,19,60.285714285714285
4124,2,2024-07-21 20:00:00+00:00,55.0,52.0,60.0,68.0,70.0,66.0,45.0,7,6,20,59.42857142857143
4125,2,2024-07-21 21:00:00+00:00,55.0,51.0,59.0,68.0,69.0,67.0,44.0,7,6,21,59.0
4126,2,2024-07-21 22:00:00+00:00,55.0,50.0,58.0,69.0,70.0,69.0,45.0,7,6,22,59.42857142857143
4127,2,2024-07-21 23:00:00+00:00,53.0,51.0,55.0,71.0,72.0,72.0,47.0,7,6,23,60.142857142857146
4128,2,2024-07-22 00:00:00+00:00,53.0,52.0,55.0,60.0,75.0,76.0,46.0,7,0,0,59.57142857142857
4129,2,2024-07-22 01:00:00+00:00,51.0,51.0,55.0,64.0,73.0,75.0,50.0,7,0,1,59.857142857142854
4130,2,2024-07-22 02:00:00+00:00,50.0,51.0,59.0,69.0,70.0,73.0,56.0,7,0,2,61.142857142857146
4131,2,2024-07-22 03:00:00+00:00,49.0,50.0,64.0,70.0,65.0,68.0,58.0,7,0,3,60.57142857142857
4132,2,2024-07-22 04:00:00+00:00,41.0,45.0,59.0,65.0,57.0,57.0,54.0,7,0,4,54.0
4133,2,2024-07-22 05:00:00+00:00,35.0,40.0,52.0,55.0,48.0,44.0,46.0,7,0,5,45.714285714285715
4134,2,2024-07-22 06:00:00+00:00,30.0,33.0,44.0,45.0,40.0,33.0,45.0,7,0,6,38.57142857142857
4135,2,2024-07-22 07:00:00+00:00,28.0,30.0,38.0,38.0,35.0,28.0,41.0,7,0,7,34.0
4136,2,2024-07-22 08:00:00+00:00,27.0,28.0,32.0,32.0,33.0,25.0,39.0,7,0,8,30.857142857142858
4137,2,2024-07-22 09:00:00+00:00,25.0,29.0,31.0,28.0,31.0,25.0,37.0,7,0,9,29.428571428571427
4138,2,2024-07-22 10:00:00+00:00,23.0,29.0,29.0,26.0,30.0,28.0,35.0,7,0,10,28.571428571428573
4139,2,2024-07-22 11:00:00+00:00,23.0,30.0,30.0,27.0,30.0,33.0,34.0,7,0,11,29.571428571428573
4140,2,2024-07-22 12:00:00+00:00,24.0,26.0,31.0,26.0,29.0,31.0,33.0,7,0,12,28.571428571428573
4141,2,2024-07-22 13:00:00+00:00,26.0,30.0,32.0,28.0,32.0,37.0,37.0,7,0,13,31.714285714285715
4142,2,2024-07-22 14:00:00+00:00,30.0,35.0,35.0,33.0,36.0,46.0,41.0,7,0,14,36.57142857142857
4143,2,2024-07-22 15:00:00+00:00,35.0,42.0,39.0,37.0,41.0,53.0,44.0,7,0,15,41.57142857142857
4144,2,2024-07-22 16:00:00+00:00,43.0,49.0,48.0,42.0,46.0,59.0,43.0,7,0,16,47.142857142857146
4145,2,2024-07-22 17:00:00+00:00,48.0,55.0,52.0,47.0,50.0,64.0,41.0,7,0,17,51.0
4146,2,2024-07-22 18:00:00+00:00,51.0,55.0,51.0,48.0,54.0,68.0,39.0,7,0,18,52.285714285714285
4147,2,2024-07-22 19:00:00+00:00,56.0,56.0,54.0,50.0,56.0,69.0,38.0,7,0,19,54.142857142857146
4148,2,2024-07-22 20:00:00+00:00,56.0,59.0,57.0,51.0,56.0,69.0,38.0,7,0,20,55.142857142857146
4149,2,2024-07-22 21:00:00+00:00,60.0,60.0,58.0,52.0,57.0,68.0,38.0,7,0,21,56.142857142857146
4150,2,2024-07-22 22:00:00+00:00,63.0,61.0,60.0,54.0,59.0,68.0,39.0,7,0,22,57.714285714285715
4151,2,2024-07-22 23:00:00+00:00,63.0,59.0,59.0,57.0,62.0,68.0,39.0,7,0,23,58.142857142857146
4152,2,2024-07-23 00:00:00+00:00,59.0,61.0,60.0,58.0,60.0,59.0,42.0,7,1,0,57.0
4153,2,2024-07-23 01:00:00+00:00,56.0,60.0,58.0,58.0,58.0,57.0,43.0,7,1,1,55.714285714285715
4154,2,2024-07-23 02:00:00+00:00,53.0,57.0,56.0,57.0,54.0,54.0,45.0,7,1,2,53.714285714285715
4155,2,2024-07-23 03:00:00+00:00,50.0,54.0,51.0,53.0,49.0,49.0,44.0,7,1,3,50.0
4156,2,2024-07-23 04:00:00+00:00,42.0,45.0,46.0,45.0,40.0,41.0,40.0,7,1,4,42.714285714285715
4157,2,2024-07-23 05:00:00+00:00,36.0,34.0,34.0,34.0,30.0,32.0,35.0,7,1,5,33.57142857142857
4158,2,2024-07-23 06:00:00+00:00,32.0,30.0,27.0,26.0,23.0,25.0,47.0,7,1,6,30.0
4159,2,2024-07-23 07:00:00+00:00,26.0,24.0,22.0,24.0,22.0,23.0,42.0,7,1,7,26.142857142857142
4160,2,2024-07-23 08:00:00+00:00,20.0,22.0,20.0,23.0,25.0,25.0,38.0,7,1,8,24.714285714285715
4161,2,2024-07-23 09:00:00+00:00,17.0,23.0,20.0,24.0,28.0,26.0,35.0,7,1,9,24.714285714285715
4162,2,2024-07-23 10:00:00+00:00,16.0,19.0,21.0,25.0,30.0,27.0,34.0,7,1,10,24.571428571428573
4163,2,2024-07-23 11:00:00+00:00,19.0,18.0,24.0,27.0,33.0,28.0,34.0,7,1,11,26.142857142857142
4164,2,2024-07-23 12:00:00+00:00,20.0,27.0,23.0,27.0,27.0,33.0,36.0,7,1,12,27.571428571428573
4165,2,2024-07-23 13:00:00+00:00,23.0,29.0,26.0,29.0,29.0,34.0,40.0,7,1,13,30.0
4166,2,2024-07-23 14:00:00+00:00,26.0,31.0,30.0,31.0,33.0,35.0,45.0,7,1,14,33.0
4167,2,2024-07-23 15:00:00+00:00,31.0,34.0,35.0,35.0,37.0,37.0,50.0,7,1,15,37.0
4168,2,2024-07-23 16:00:00+00:00,41.0,40.0,42.0,41.0,42.0,42.0,54.0,7,1,16,43.142857142857146
4169,2,2024-07-23 17:00:00+00:00,46.0,44.0,45.0,48.0,47.0,47.0,57.0,7,1,17,47.714285714285715
4170,2,2024-07-23 18:00:00+00:00,49.0,50.0,51.0,55.0,51.0,52.0,45.0,7,1,18,50.42857142857143
4171,2,2024-07-23 19:00:00+00:00,47.0,50.0,50.0,58.0,55.0,55.0,46.0,7,1,19,51.57142857142857
4172,2,2024-07-23 20:00:00+00:00,47.0,52.0,52.0,60.0,58.0,56.0,46.0,7,1,20,53.0
4173,2,2024-07-23 21:00:00+00:00,50.0,58.0,55.0,61.0,60.0,58.0,46.0,7,1,21,55.42857142857143
4174,2,2024-07-23 22:00:00+00:00,54.0,63.0,56.0,61.0,61.0,61.0,44.0,7,1,22,57.142857142857146
4175,2,2024-07-23 23:00:00+00:00,58.0,64.0,54.0,60.0,62.0,65.0,42.0,7,1,23,57.857142857142854
4176,2,2024-07-24 00:00:00+00:00,57.0,60.0,46.0,53.0,64.0,60.0,45.0,7,2,0,55.0
4177,2,2024-07-24 01:00:00+00:00,57.0,60.0,46.0,54.0,63.0,57.0,44.0,7,2,1,54.42857142857143
4178,2,2024-07-24 02:00:00+00:00,59.0,60.0,47.0,56.0,59.0,52.0,41.0,7,2,2,53.42857142857143
4179,2,2024-07-24 03:00:00+00:00,61.0,53.0,46.0,54.0,54.0,47.0,38.0,7,2,3,50.42857142857143
4180,2,2024-07-24 04:00:00+00:00,54.0,44.0,36.0,45.0,44.0,40.0,34.0,7,2,4,42.42857142857143
4181,2,2024-07-24 05:00:00+00:00,40.0,34.0,29.0,33.0,32.0,32.0,30.0,7,2,5,32.857142857142854
4182,2,2024-07-24 06:00:00+00:00,32.0,23.0,23.0,23.0,23.0,26.0,32.0,7,2,6,26.0
4183,2,2024-07-24 07:00:00+00:00,23.0,19.0,22.0,19.0,20.0,22.0,32.0,7,2,7,22.428571428571427
4184,2,2024-07-24 08:00:00+00:00,20.0,18.0,23.0,18.0,21.0,19.0,34.0,7,2,8,21.857142857142858
4185,2,2024-07-24 09:00:00+00:00,22.0,19.0,22.0,18.0,22.0,17.0,35.0,7,2,9,22.142857142857142
4186,2,2024-07-24 10:00:00+00:00,23.0,23.0,21.0,19.0,22.0,14.0,35.0,7,2,10,22.428571428571427
4187,2,2024-07-24 11:00:00+00:00,30.0,27.0,23.0,20.0,21.0,12.0,34.0,7,2,11,23.857142857142858
4188,2,2024-07-24 12:00:00+00:00,32.0,29.0,26.0,25.0,25.0,22.0,30.0,7,2,12,27.0
4189,2,2024-07-24 13:00:00+00:00,36.0,31.0,29.0,28.0,29.0,26.0,33.0,7,2,13,30.285714285714285
4190,2,2024-07-24 14:00:00+00:00,39.0,34.0,33.0,32.0,35.0,32.0,37.0,7,2,14,34.57142857142857
4191,2,2024-07-24 15:00:00+00:00,41.0,39.0,37.0,36.0,39.0,37.0,40.0,7,2,15,38.42857142857143
4192,2,2024-07-24 16:00:00+00:00,45.0,45.0,42.0,40.0,42.0,42.0,42.0,7,2,16,42.57142857142857
4193,2,2024-07-24 17:00:00+00:00,50.0,50.0,47.0,43.0,45.0,46.0,43.0,7,2,17,46.285714285714285
4194,2,2024-07-24 18:00:00+00:00,48.0,53.0,51.0,43.0,47.0,49.0,29.0,7,2,18,45.714285714285715
4195,2,2024-07-24 19:00:00+00:00,50.0,54.0,51.0,45.0,48.0,50.0,30.0,7,2,19,46.857142857142854
4196,2,2024-07-24 20:00:00+00:00,51.0,58.0,54.0,46.0,49.0,51.0,33.0,7,2,20,48.857142857142854
4197,2,2024-07-24 21:00:00+00:00,55.0,62.0,59.0,47.0,51.0,52.0,36.0,7,2,21,51.714285714285715
4198,2,2024-07-24 22:00:00+00:00,59.0,61.0,61.0,48.0,55.0,56.0,37.0,7,2,22,53.857142857142854
4199,2,2024-07-24 23:00:00+00:00,66.0,58.0,60.0,49.0,61.0,61.0,38.0,7,2,23,56.142857142857146
4200,2,2024-07-25 00:00:00+00:00,68.0,57.0,54.0,56.0,58.0,68.0,41.0,7,3,0,57.42857142857143
4201,2,2024-07-25 01:00:00+00:00,64.0,49.0,50.0,53.0,53.0,65.0,41.0,7,3,1,53.57142857142857
4202,2,2024-07-25 02:00:00+00:00,59.0,46.0,49.0,48.0,45.0,58.0,39.0,7,3,2,49.142857142857146
4203,2,2024-07-25 03:00:00+00:00,55.0,46.0,47.0,43.0,38.0,50.0,37.0,7,3,3,45.142857142857146
4204,2,2024-07-25 04:00:00+00:00,46.0,39.0,37.0,36.0,33.0,41.0,36.0,7,3,4,38.285714285714285
4205,2,2024-07-25 05:00:00+00:00,31.0,29.0,29.0,29.0,28.0,30.0,36.0,7,3,5,30.285714285714285
4206,2,2024-07-25 06:00:00+00:00,26.0,25.0,23.0,23.0,24.0,22.0,31.0,7,3,6,24.857142857142858
4207,2,2024-07-25 07:00:00+00:00,28.0,24.0,20.0,20.0,22.0,18.0,30.0,7,3,7,23.142857142857142
4208,2,2024-07-25 08:00:00+00:00,29.0,28.0,20.0,18.0,21.0,17.0,30.0,7,3,8,23.285714285714285
4209,2,2024-07-25 09:00:00+00:00,33.0,27.0,19.0,18.0,20.0,18.0,30.0,7,3,9,23.571428571428573
4210,2,2024-07-25 10:00:00+00:00,31.0,25.0,18.0,20.0,20.0,22.0,30.0,7,3,10,23.714285714285715
4211,2,2024-07-25 11:00:00+00:00,26.0,24.0,22.0,25.0,20.0,27.0,31.0,7,3,11,25.0
4212,2,2024-07-25 12:00:00+00:00,27.0,28.0,27.0,26.0,22.0,26.0,30.0,7,3,12,26.571428571428573
4213,2,2024-07-25 13:00:00+00:00,30.0,31.0,31.0,30.0,25.0,29.0,35.0,7,3,13,30.142857142857142
4214,2,2024-07-25 14:00:00+00:00,29.0,33.0,32.0,35.0,29.0,33.0,41.0,7,3,14,33.142857142857146
4215,2,2024-07-25 15:00:00+00:00,33.0,36.0,35.0,40.0,34.0,36.0,46.0,7,3,15,37.142857142857146
4216,2,2024-07-25 16:00:00+00:00,39.0,37.0,43.0,43.0,43.0,40.0,47.0,7,3,16,41.714285714285715
4217,2,2024-07-25 17:00:00+00:00,45.0,42.0,50.0,46.0,53.0,43.0,46.0,7,3,17,46.42857142857143
4218,2,2024-07-25 18:00:00+00:00,48.0,49.0,52.0,49.0,60.0,46.0,51.0,7,3,18,50.714285714285715
4219,2,2024-07-25 19:00:00+00:00,50.0,55.0,50.0,53.0,61.0,48.0,45.0,7,3,19,51.714285714285715
4220,2,2024-07-25 20:00:00+00:00,52.0,59.0,55.0,56.0,60.0,50.0,38.0,7,3,20,52.857142857142854
4221,2,2024-07-25 21:00:00+00:00,55.0,62.0,56.0,58.0,58.0,51.0,33.0,7,3,21,53.285714285714285
4222,2,2024-07-25 22:00:00+00:00,55.0,65.0,57.0,56.0,58.0,53.0,35.0,7,3,22,54.142857142857146
4223,2,2024-07-25 23:00:00+00:00,53.0,63.0,57.0,52.0,58.0,54.0,41.0,7,3,23,54.0
4224,2,2024-07-26 00:00:00+00:00,57.0,58.0,56.0,51.0,67.0,59.0,46.0,7,4,0,56.285714285714285
4225,2,2024-07-26 01:00:00+00:00,61.0,54.0,53.0,50.0,67.0,58.0,46.0,7,4,1,55.57142857142857
4226,2,2024-07-26 02:00:00+00:00,58.0,56.0,48.0,50.0,64.0,56.0,45.0,7,4,2,53.857142857142854
4227,2,2024-07-26 03:00:00+00:00,52.0,55.0,47.0,47.0,59.0,53.0,42.0,7,4,3,50.714285714285715
4228,2,2024-07-26 04:00:00+00:00,43.0,45.0,44.0,40.0,51.0,46.0,38.0,7,4,4,43.857142857142854
4229,2,2024-07-26 05:00:00+00:00,34.0,34.0,32.0,31.0,40.0,36.0,32.0,7,4,5,34.142857142857146
4230,2,2024-07-26 06:00:00+00:00,25.0,25.0,25.0,27.0,31.0,29.0,27.0,7,4,6,27.0
4231,2,2024-07-26 07:00:00+00:00,23.0,21.0,22.0,23.0,24.0,25.0,26.0,7,4,7,23.428571428571427
4232,2,2024-07-26 08:00:00+00:00,18.0,20.0,19.0,20.0,19.0,24.0,27.0,7,4,8,21.0
4233,2,2024-07-26 09:00:00+00:00,17.0,21.0,19.0,19.0,17.0,24.0,28.0,7,4,9,20.714285714285715
4234,2,2024-07-26 10:00:00+00:00,15.0,20.0,17.0,22.0,19.0,27.0,30.0,7,4,10,21.428571428571427
4235,2,2024-07-26 11:00:00+00:00,16.0,20.0,19.0,28.0,23.0,32.0,32.0,7,4,11,24.285714285714285
4236,2,2024-07-26 12:00:00+00:00,21.0,22.0,26.0,31.0,28.0,37.0,34.0,7,4,12,28.428571428571427
4237,2,2024-07-26 13:00:00+00:00,25.0,25.0,32.0,36.0,33.0,43.0,42.0,7,4,13,33.714285714285715
4238,2,2024-07-26 14:00:00+00:00,30.0,29.0,36.0,41.0,39.0,49.0,51.0,7,4,14,39.285714285714285
4239,2,2024-07-26 15:00:00+00:00,35.0,37.0,39.0,46.0,45.0,53.0,58.0,7,4,15,44.714285714285715
4240,2,2024-07-26 16:00:00+00:00,44.0,49.0,44.0,50.0,50.0,56.0,61.0,7,4,16,50.57142857142857
4241,2,2024-07-26 17:00:00+00:00,51.0,59.0,49.0,54.0,55.0,58.0,61.0,7,4,17,55.285714285714285
4242,2,2024-07-26 18:00:00+00:00,58.0,60.0,57.0,48.0,59.0,59.0,44.0,7,4,18,55.0
4243,2,2024-07-26 19:00:00+00:00,61.0,59.0,57.0,50.0,61.0,58.0,44.0,7,4,19,55.714285714285715
4244,2,2024-07-26 20:00:00+00:00,64.0,62.0,57.0,50.0,62.0,56.0,44.0,7,4,20,56.42857142857143
4245,2,2024-07-26 21:00:00+00:00,66.0,63.0,57.0,50.0,62.0,54.0,44.0,7,4,21,56.57142857142857
4246,2,2024-07-26 22:00:00+00:00,63.0,66.0,60.0,51.0,62.0,52.0,44.0,7,4,22,56.857142857142854
4247,2,2024-07-26 23:00:00+00:00,60.0,71.0,61.0,53.0,61.0,50.0,45.0,7,4,23,57.285714285714285
4248,2,2024-07-27 00:00:00+00:00,62.0,59.0,62.0,53.0,55.0,54.0,45.0,7,5,0,55.714285714285715
4249,2,2024-07-27 01:00:00+00:00,63.0,60.0,56.0,51.0,53.0,52.0,44.0,7,5,1,54.142857142857146
4250,2,2024-07-27 02:00:00+00:00,65.0,59.0,51.0,47.0,51.0,50.0,43.0,7,5,2,52.285714285714285
4251,2,2024-07-27 03:00:00+00:00,61.0,55.0,47.0,45.0,48.0,46.0,41.0,7,5,3,49.0
4252,2,2024-07-27 04:00:00+00:00,48.0,44.0,41.0,46.0,43.0,40.0,38.0,7,5,4,42.857142857142854
4253,2,2024-07-27 05:00:00+00:00,34.0,34.0,39.0,47.0,36.0,33.0,34.0,7,5,5,36.714285714285715
4254,2,2024-07-27 06:00:00+00:00,29.0,30.0,35.0,45.0,32.0,28.0,31.0,7,5,6,32.857142857142854
4255,2,2024-07-27 07:00:00+00:00,35.0,35.0,37.0,42.0,32.0,28.0,29.0,7,5,7,34.0
4256,2,2024-07-27 08:00:00+00:00,38.0,39.0,36.0,38.0,34.0,31.0,27.0,7,5,8,34.714285714285715
4257,2,2024-07-27 09:00:00+00:00,38.0,36.0,33.0,36.0,36.0,33.0,28.0,7,5,9,34.285714285714285
4258,2,2024-07-27 10:00:00+00:00,37.0,36.0,32.0,36.0,36.0,34.0,32.0,7,5,10,34.714285714285715
4259,2,2024-07-27 11:00:00+00:00,36.0,35.0,33.0,37.0,36.0,34.0,39.0,7,5,11,35.714285714285715
4260,2,2024-07-27 12:00:00+00:00,35.0,41.0,34.0,39.0,43.0,36.0,47.0,7,5,12,39.285714285714285
4261,2,2024-07-27 13:00:00+00:00,35.0,41.0,34.0,41.0,45.0,39.0,51.0,7,5,13,40.857142857142854
4262,2,2024-07-27 14:00:00+00:00,39.0,40.0,38.0,44.0,48.0,42.0,54.0,7,5,14,43.57142857142857
4263,2,2024-07-27 15:00:00+00:00,43.0,44.0,42.0,46.0,50.0,45.0,56.0,7,5,15,46.57142857142857
4264,2,2024-07-27 16:00:00+00:00,46.0,46.0,42.0,49.0,52.0,47.0,57.0,7,5,16,48.42857142857143
4265,2,2024-07-27 17:00:00+00:00,48.0,47.0,44.0,51.0,53.0,49.0,57.0,7,5,17,49.857142857142854
4266,2,2024-07-27 18:00:00+00:00,48.0,44.0,46.0,50.0,54.0,50.0,56.0,7,5,18,49.714285714285715
4267,2,2024-07-27 19:00:00+00:00,48.0,43.0,45.0,50.0,54.0,50.0,56.0,7,5,19,49.42857142857143
4268,2,2024-07-27 20:00:00+00:00,46.0,40.0,45.0,50.0,52.0,50.0,57.0,7,5,20,48.57142857142857
4269,2,2024-07-27 21:00:00+00:00,42.0,37.0,42.0,48.0,51.0,49.0,57.0,7,5,21,46.57142857142857
4270,2,2024-07-27 22:00:00+00:00,39.0,36.0,39.0,45.0,50.0,47.0,55.0,7,5,22,44.42857142857143
4271,2,2024-07-27 23:00:00+00:00,38.0,36.0,38.0,41.0,49.0,45.0,51.0,7,5,23,42.57142857142857
4272,2,2024-07-28 00:00:00+00:00,37.0,36.0,41.0,38.0,43.0,45.0,41.0,7,6,0,40.142857142857146
4273,2,2024-07-28 01:00:00+00:00,37.0,36.0,40.0,37.0,46.0,43.0,40.0,7,6,1,39.857142857142854
4274,2,2024-07-28 02:00:00+00:00,36.0,36.0,40.0,36.0,50.0,40.0,40.0,7,6,2,39.714285714285715
4275,2,2024-07-28 03:00:00+00:00,35.0,36.0,37.0,37.0,52.0,38.0,40.0,7,6,3,39.285714285714285
4276,2,2024-07-28 04:00:00+00:00,33.0,37.0,34.0,41.0,51.0,35.0,40.0,7,6,4,38.714285714285715
4277,2,2024-07-28 05:00:00+00:00,34.0,39.0,36.0,47.0,47.0,32.0,39.0,7,6,5,39.142857142857146
4278,2,2024-07-28 06:00:00+00:00,35.0,39.0,41.0,44.0,44.0,31.0,48.0,7,6,6,40.285714285714285
4279,2,2024-07-28 07:00:00+00:00,38.0,38.0,43.0,41.0,41.0,33.0,46.0,7,6,7,40.0
4280,2,2024-07-28 08:00:00+00:00,37.0,33.0,37.0,36.0,39.0,38.0,43.0,7,6,8,37.57142857142857
4281,2,2024-07-28 09:00:00+00:00,36.0,33.0,36.0,33.0,37.0,41.0,41.0,7,6,9,36.714285714285715
4282,2,2024-07-28 10:00:00+00:00,33.0,34.0,35.0,33.0,37.0,42.0,39.0,7,6,10,36.142857142857146
4283,2,2024-07-28 11:00:00+00:00,32.0,32.0,34.0,34.0,39.0,42.0,36.0,7,6,11,35.57142857142857
4284,2,2024-07-28 12:00:00+00:00,33.0,32.0,35.0,35.0,40.0,40.0,36.0,7,6,12,35.857142857142854
4285,2,2024-07-28 13:00:00+00:00,33.0,33.0,36.0,36.0,40.0,41.0,40.0,7,6,13,37.0
4286,2,2024-07-28 14:00:00+00:00,36.0,36.0,37.0,38.0,40.0,42.0,46.0,7,6,14,39.285714285714285
4287,2,2024-07-28 15:00:00+00:00,40.0,40.0,42.0,41.0,42.0,44.0,51.0,7,6,15,42.857142857142854
4288,2,2024-07-28 16:00:00+00:00,44.0,43.0,47.0,45.0,46.0,49.0,53.0,7,6,16,46.714285714285715
4289,2,2024-07-28 17:00:00+00:00,48.0,48.0,48.0,50.0,52.0,54.0,54.0,7,6,17,50.57142857142857
4290,2,2024-07-28 18:00:00+00:00,49.0,53.0,52.0,54.0,56.0,58.0,54.0,7,6,18,53.714285714285715
4291,2,2024-07-28 19:00:00+00:00,51.0,55.0,54.0,55.0,57.0,58.0,54.0,7,6,19,54.857142857142854
4292,2,2024-07-28 20:00:00+00:00,51.0,54.0,53.0,54.0,55.0,55.0,52.0,7,6,20,53.42857142857143
4293,2,2024-07-28 21:00:00+00:00,48.0,49.0,48.0,53.0,53.0,53.0,51.0,7,6,21,50.714285714285715
4294,2,2024-07-28 22:00:00+00:00,46.0,46.0,46.0,54.0,50.0,51.0,49.0,7,6,22,48.857142857142854
4295,2,2024-07-28 23:00:00+00:00,46.0,46.0,46.0,56.0,46.0,49.0,46.0,7,6,23,47.857142857142854
4296,2,2024-07-29 00:00:00+00:00,41.0,44.0,37.0,46.0,51.0,46.0,39.0,7,0,0,43.42857142857143
4297,2,2024-07-29 01:00:00+00:00,31.0,34.0,33.0,41.0,47.0,45.0,43.0,7,0,1,39.142857142857146
4298,2,2024-07-29 02:00:00+00:00,31.0,32.0,33.0,34.0,42.0,44.0,49.0,7,0,2,37.857142857142854
4299,2,2024-07-29 03:00:00+00:00,31.0,36.0,36.0,30.0,39.0,42.0,52.0,7,0,3,38.0
4300,2,2024-07-29 04:00:00+00:00,30.0,37.0,39.0,30.0,39.0,38.0,50.0,7,0,4,37.57142857142857
4301,2,2024-07-29 05:00:00+00:00,28.0,35.0,39.0,31.0,41.0,33.0,45.0,7,0,5,36.0
4302,2,2024-07-29 06:00:00+00:00,28.0,28.0,36.0,35.0,42.0,30.0,42.0,7,0,6,34.42857142857143
4303,2,2024-07-29 07:00:00+00:00,26.0,31.0,35.0,35.0,41.0,30.0,41.0,7,0,7,34.142857142857146
4304,2,2024-07-29 08:00:00+00:00,25.0,31.0,33.0,34.0,40.0,33.0,40.0,7,0,8,33.714285714285715
4305,2,2024-07-29 09:00:00+00:00,26.0,31.0,32.0,34.0,39.0,35.0,39.0,7,0,9,33.714285714285715
4306,2,2024-07-29 10:00:00+00:00,28.0,30.0,32.0,35.0,38.0,37.0,37.0,7,0,10,33.857142857142854
4307,2,2024-07-29 11:00:00+00:00,30.0,28.0,29.0,37.0,37.0,40.0,36.0,7,0,11,33.857142857142854
4308,2,2024-07-29 12:00:00+00:00,32.0,28.0,32.0,29.0,41.0,40.0,37.0,7,0,12,34.142857142857146
4309,2,2024-07-29 13:00:00+00:00,32.0,28.0,29.0,29.0,40.0,40.0,40.0,7,0,13,34.0
4310,2,2024-07-29 14:00:00+00:00,33.0,32.0,31.0,30.0,39.0,39.0,45.0,7,0,14,35.57142857142857
4311,2,2024-07-29 15:00:00+00:00,37.0,36.0,35.0,32.0,40.0,40.0,49.0,7,0,15,38.42857142857143
4312,2,2024-07-29 16:00:00+00:00,42.0,41.0,41.0,38.0,45.0,43.0,51.0,7,0,16,43.0
4313,2,2024-07-29 17:00:00+00:00,47.0,46.0,47.0,46.0,51.0,47.0,51.0,7,0,17,47.857142857142854
4314,2,2024-07-29 18:00:00+00:00,50.0,51.0,49.0,52.0,57.0,50.0,53.0,7,0,18,51.714285714285715
4315,2,2024-07-29 19:00:00+00:00,50.0,52.0,52.0,54.0,60.0,51.0,50.0,7,0,19,52.714285714285715
4316,2,2024-07-29 20:00:00+00:00,54.0,53.0,54.0,56.0,62.0,52.0,46.0,7,0,20,53.857142857142854
4317,2,2024-07-29 21:00:00+00:00,55.0,55.0,55.0,57.0,63.0,51.0,43.0,7,0,21,54.142857142857146
4318,2,2024-07-29 22:00:00+00:00,58.0,59.0,54.0,59.0,63.0,49.0,43.0,7,0,22,55.0
4319,2,2024-07-29 23:00:00+00:00,57.0,57.0,58.0,61.0,61.0,47.0,44.0,7,0,23,55.0
4320,2,2024-07-30 00:00:00+00:00,55.0,53.0,57.0,56.0,55.0,45.0,42.0,7,1,0,51.857142857142854
4321,2,2024-07-30 01:00:00+00:00,54.0,52.0,51.0,56.0,57.0,44.0,42.0,7,1,1,50.857142857142854
4322,2,2024-07-30 02:00:00+00:00,54.0,55.0,51.0,55.0,59.0,43.0,41.0,7,1,2,51.142857142857146
4323,2,2024-07-30 03:00:00+00:00,56.0,54.0,51.0,53.0,58.0,42.0,40.0,7,1,3,50.57142857142857
4324,2,2024-07-30 04:00:00+00:00,57.0,46.0,42.0,46.0,48.0,41.0,38.0,7,1,4,45.42857142857143
4325,2,2024-07-30 05:00:00+00:00,47.0,35.0,30.0,38.0,35.0,39.0,35.0,7,1,5,37.0
4326,2,2024-07-30 06:00:00+00:00,38.0,27.0,27.0,31.0,26.0,39.0,25.0,7,1,6,30.428571428571427
4327,2,2024-07-30 07:00:00+00:00,29.0,25.0,26.0,34.0,27.0,40.0,23.0,7,1,7,29.142857142857142
4328,2,2024-07-30 08:00:00+00:00,25.0,29.0,26.0,40.0,32.0,42.0,23.0,7,1,8,31.0
4329,2,2024-07-30 09:00:00+00:00,24.0,35.0,28.0,46.0,38.0,43.0,25.0,7,1,9,34.142857142857146
4330,2,2024-07-30 10:00:00+00:00,28.0,38.0,30.0,49.0,42.0,42.0,29.0,7,1,10,36.857142857142854
4331,2,2024-07-30 11:00:00+00:00,28.0,41.0,35.0,51.0,46.0,41.0,35.0,7,1,11,39.57142857142857
4332,2,2024-07-30 12:00:00+00:00,30.0,37.0,40.0,48.0,52.0,49.0,28.0,7,1,12,40.57142857142857
4333,2,2024-07-30 13:00:00+00:00,35.0,41.0,43.0,52.0,54.0,50.0,34.0,7,1,13,44.142857142857146
4334,2,2024-07-30 14:00:00+00:00,40.0,46.0,50.0,55.0,56.0,52.0,41.0,7,1,14,48.57142857142857
4335,2,2024-07-30 15:00:00+00:00,45.0,50.0,57.0,59.0,59.0,54.0,47.0,7,1,15,53.0
4336,2,2024-07-30 16:00:00+00:00,52.0,56.0,63.0,63.0,64.0,56.0,49.0,7,1,16,57.57142857142857
4337,2,2024-07-30 17:00:00+00:00,59.0,62.0,69.0,68.0,69.0,58.0,50.0,7,1,17,62.142857142857146
4338,2,2024-07-30 18:00:00+00:00,64.0,69.0,74.0,71.0,74.0,61.0,51.0,7,1,18,66.28571428571429
4339,2,2024-07-30 19:00:00+00:00,69.0,71.0,77.0,74.0,77.0,64.0,48.0,7,1,19,68.57142857142857
4340,2,2024-07-30 20:00:00+00:00,72.0,72.0,80.0,76.0,78.0,68.0,44.0,7,1,20,70.0
4341,2,2024-07-30 21:00:00+00:00,75.0,73.0,80.0,77.0,79.0,71.0,42.0,7,1,21,71.0
4342,2,2024-07-30 22:00:00+00:00,76.0,75.0,80.0,79.0,80.0,74.0,44.0,7,1,22,72.57142857142857
4343,2,2024-07-30 23:00:00+00:00,78.0,77.0,84.0,80.0,80.0,76.0,48.0,7,1,23,74.71428571428571
4344,2,2024-07-31 00:00:00+00:00,81.0,80.0,84.0,80.0,86.0,59.0,48.0,7,2,0,74.0
4345,2,2024-07-31 01:00:00+00:00,81.0,82.0,86.0,80.0,86.0,58.0,48.0,7,2,1,74.42857142857143
4346,2,2024-07-31 02:00:00+00:00,82.0,84.0,87.0,80.0,86.0,57.0,48.0,7,2,2,74.85714285714286
4347,2,2024-07-31 03:00:00+00:00,83.0,84.0,87.0,77.0,84.0,54.0,45.0,7,2,3,73.42857142857143
4348,2,2024-07-31 04:00:00+00:00,78.0,80.0,82.0,68.0,79.0,47.0,38.0,7,2,4,67.42857142857143
4349,2,2024-07-31 05:00:00+00:00,70.0,60.0,70.0,57.0,72.0,37.0,30.0,7,2,5,56.57142857142857
4350,2,2024-07-31 06:00:00+00:00,65.0,47.0,46.0,57.0,66.0,30.0,29.0,7,2,6,48.57142857142857
4351,2,2024-07-31 07:00:00+00:00,59.0,38.0,41.0,53.0,62.0,27.0,25.0,7,2,7,43.57142857142857
4352,2,2024-07-31 08:00:00+00:00,54.0,35.0,40.0,50.0,58.0,27.0,22.0,7,2,8,40.857142857142854
4353,2,2024-07-31 09:00:00+00:00,55.0,37.0,39.0,48.0,56.0,28.0,21.0,7,2,9,40.57142857142857
4354,2,2024-07-31 10:00:00+00:00,53.0,38.0,39.0,47.0,54.0,31.0,21.0,7,2,10,40.42857142857143
4355,2,2024-07-31 11:00:00+00:00,49.0,40.0,39.0,47.0,54.0,36.0,22.0,7,2,11,41.0
4356,2,2024-07-31 12:00:00+00:00,50.0,46.0,37.0,45.0,52.0,46.0,26.0,7,2,12,43.142857142857146
4357,2,2024-07-31 13:00:00+00:00,51.0,47.0,40.0,51.0,55.0,51.0,30.0,7,2,13,46.42857142857143
4358,2,2024-07-31 14:00:00+00:00,58.0,52.0,46.0,58.0,59.0,58.0,37.0,7,2,14,52.57142857142857
4359,2,2024-07-31 15:00:00+00:00,66.0,56.0,52.0,65.0,63.0,64.0,43.0,7,2,15,58.42857142857143
4360,2,2024-07-31 16:00:00+00:00,73.0,65.0,63.0,70.0,68.0,68.0,49.0,7,2,16,65.14285714285714
4361,2,2024-07-31 17:00:00+00:00,76.0,71.0,68.0,75.0,72.0,71.0,54.0,7,2,17,69.57142857142857
4362,2,2024-07-31 18:00:00+00:00,79.0,71.0,71.0,76.0,76.0,73.0,60.0,7,2,18,72.28571428571429
4363,2,2024-07-31 19:00:00+00:00,81.0,76.0,73.0,78.0,77.0,74.0,61.0,7,2,19,74.28571428571429
4364,2,2024-07-31 20:00:00+00:00,84.0,78.0,74.0,78.0,77.0,75.0,60.0,7,2,20,75.14285714285714
4365,2,2024-07-31 21:00:00+00:00,86.0,80.0,75.0,79.0,77.0,76.0,59.0,7,2,21,76.0
4366,2,2024-07-31 22:00:00+00:00,88.0,81.0,76.0,81.0,79.0,77.0,58.0,7,2,22,77.14285714285714
4367,2,2024-07-31 23:00:00+00:00,89.0,82.0,76.0,84.0,82.0,79.0,57.0,7,2,23,78.42857142857143
4368,2,2024-08-01 00:00:00+00:00,91.0,82.0,73.0,83.0,82.0,81.0,57.0,8,3,0,78.42857142857143
4369,2,2024-08-01 01:00:00+00:00,90.0,84.0,71.0,84.0,83.0,80.0,53.0,8,3,1,77.85714285714286
4370,2,2024-08-01 02:00:00+00:00,87.0,84.0,69.0,85.0,84.0,79.0,47.0,8,3,2,76.42857142857143
4371,2,2024-08-01 03:00:00+00:00,83.0,80.0,66.0,84.0,83.0,77.0,42.0,8,3,3,73.57142857142857
4372,2,2024-08-01 04:00:00+00:00,73.0,70.0,58.0,79.0,80.0,74.0,40.0,8,3,4,67.71428571428571
4373,2,2024-08-01 05:00:00+00:00,63.0,60.0,44.0,72.0,75.0,71.0,38.0,8,3,5,60.42857142857143
4374,2,2024-08-01 06:00:00+00:00,50.0,50.0,44.0,65.0,69.0,68.0,41.0,8,3,6,55.285714285714285
4375,2,2024-08-01 07:00:00+00:00,43.0,41.0,42.0,58.0,62.0,64.0,40.0,8,3,7,50.0
4376,2,2024-08-01 08:00:00+00:00,39.0,35.0,43.0,50.0,54.0,60.0,40.0,8,3,8,45.857142857142854
4377,2,2024-08-01 09:00:00+00:00,40.0,34.0,41.0,46.0,48.0,57.0,41.0,8,3,9,43.857142857142854
4378,2,2024-08-01 10:00:00+00:00,41.0,34.0,41.0,46.0,46.0,57.0,43.0,8,3,10,44.0
4379,2,2024-08-01 11:00:00+00:00,46.0,36.0,41.0,48.0,46.0,58.0,45.0,8,3,11,45.714285714285715
4380,2,2024-08-01 12:00:00+00:00,44.0,35.0,47.0,59.0,40.0,58.0,44.0,8,3,12,46.714285714285715
4381,2,2024-08-01 13:00:00+00:00,49.0,45.0,48.0,60.0,45.0,61.0,46.0,8,3,13,50.57142857142857
4382,2,2024-08-01 14:00:00+00:00,55.0,53.0,48.0,60.0,53.0,65.0,49.0,8,3,14,54.714285714285715
4383,2,2024-08-01 15:00:00+00:00,57.0,62.0,51.0,60.0,61.0,69.0,51.0,8,3,15,58.714285714285715
4384,2,2024-08-01 16:00:00+00:00,58.0,70.0,55.0,62.0,68.0,73.0,53.0,8,3,16,62.714285714285715
4385,2,2024-08-01 17:00:00+00:00,58.0,71.0,57.0,65.0,75.0,77.0,54.0,8,3,17,65.28571428571429
4386,2,2024-08-01 18:00:00+00:00,57.0,66.0,64.0,59.0,80.0,80.0,53.0,8,3,18,65.57142857142857
4387,2,2024-08-01 19:00:00+00:00,59.0,66.0,64.0,60.0,83.0,81.0,52.0,8,3,19,66.42857142857143
4388,2,2024-08-01 20:00:00+00:00,59.0,65.0,65.0,61.0,85.0,81.0,49.0,8,3,20,66.42857142857143
4389,2,2024-08-01 21:00:00+00:00,57.0,64.0,65.0,61.0,86.0,81.0,47.0,8,3,21,65.85714285714286
4390,2,2024-08-01 22:00:00+00:00,54.0,62.0,62.0,58.0,87.0,80.0,44.0,8,3,22,63.857142857142854
4391,2,2024-08-01 23:00:00+00:00,53.0,59.0,59.0,54.0,87.0,79.0,42.0,8,3,23,61.857142857142854
4392,2,2024-08-02 00:00:00+00:00,56.0,53.0,56.0,53.0,90.0,76.0,43.0,8,4,0,61.0
4393,2,2024-08-02 01:00:00+00:00,53.0,51.0,52.0,50.0,93.0,75.0,50.0,8,4,1,60.57142857142857
4394,2,2024-08-02 02:00:00+00:00,51.0,49.0,50.0,47.0,96.0,74.0,59.0,8,4,2,60.857142857142854
4395,2,2024-08-02 03:00:00+00:00,47.0,47.0,47.0,45.0,94.0,71.0,64.0,8,4,3,59.285714285714285
4396,2,2024-08-02 04:00:00+00:00,40.0,43.0,43.0,46.0,82.0,63.0,61.0,8,4,4,54.0
4397,2,2024-08-02 05:00:00+00:00,34.0,41.0,39.0,47.0,65.0,53.0,55.0,8,4,5,47.714285714285715
4398,2,2024-08-02 06:00:00+00:00,30.0,39.0,46.0,49.0,51.0,46.0,48.0,8,4,6,44.142857142857146
4399,2,2024-08-02 07:00:00+00:00,34.0,42.0,44.0,46.0,44.0,45.0,45.0,8,4,7,42.857142857142854
4400,2,2024-08-02 08:00:00+00:00,37.0,36.0,39.0,42.0,40.0,47.0,42.0,8,4,8,40.42857142857143
4401,2,2024-08-02 09:00:00+00:00,36.0,34.0,37.0,38.0,38.0,49.0,41.0,8,4,9,39.0
4402,2,2024-08-02 10:00:00+00:00,38.0,34.0,37.0,38.0,39.0,50.0,40.0,8,4,10,39.42857142857143
4403,2,2024-08-02 11:00:00+00:00,40.0,36.0,35.0,38.0,43.0,51.0,40.0,8,4,11,40.42857142857143
4404,2,2024-08-02 12:00:00+00:00,40.0,35.0,37.0,40.0,45.0,51.0,36.0,8,4,12,40.57142857142857
4405,2,2024-08-02 13:00:00+00:00,39.0,35.0,39.0,41.0,47.0,55.0,40.0,8,4,13,42.285714285714285
4406,2,2024-08-02 14:00:00+00:00,40.0,35.0,43.0,42.0,51.0,59.0,46.0,8,4,14,45.142857142857146
4407,2,2024-08-02 15:00:00+00:00,40.0,36.0,43.0,42.0,54.0,63.0,51.0,8,4,15,47.0
4408,2,2024-08-02 16:00:00+00:00,43.0,37.0,45.0,42.0,58.0,66.0,53.0,8,4,16,49.142857142857146
4409,2,2024-08-02 17:00:00+00:00,48.0,40.0,44.0,41.0,61.0,68.0,53.0,8,4,17,50.714285714285715
4410,2,2024-08-02 18:00:00+00:00,51.0,44.0,46.0,44.0,63.0,68.0,48.0,8,4,18,52.0
4411,2,2024-08-02 19:00:00+00:00,54.0,48.0,47.0,46.0,61.0,66.0,49.0,8,4,19,53.0
4412,2,2024-08-02 20:00:00+00:00,54.0,50.0,48.0,47.0,58.0,61.0,49.0,8,4,20,52.42857142857143
4413,2,2024-08-02 21:00:00+00:00,53.0,51.0,47.0,49.0,55.0,58.0,50.0,8,4,21,51.857142857142854
4414,2,2024-08-02 22:00:00+00:00,50.0,51.0,47.0,51.0,54.0,56.0,50.0,8,4,22,51.285714285714285
4415,2,2024-08-02 23:00:00+00:00,46.0,48.0,47.0,52.0,55.0,54.0,50.0,8,4,23,50.285714285714285
4416,2,2024-08-03 00:00:00+00:00,43.0,47.0,42.0,50.0,51.0,50.0,58.0,8,5,0,48.714285714285715
4417,2,2024-08-03 01:00:00+00:00,38.0,42.0,40.0,51.0,50.0,56.0,59.0,8,5,1,48.0
4418,2,2024-08-03 02:00:00+00:00,36.0,40.0,40.0,52.0,49.0,65.0,60.0,8,5,2,48.857142857142854
4419,2,2024-08-03 03:00:00+00:00,42.0,45.0,41.0,52.0,47.0,69.0,60.0,8,5,3,50.857142857142854
4420,2,2024-08-03 04:00:00+00:00,51.0,46.0,41.0,49.0,45.0,64.0,57.0,8,5,4,50.42857142857143
4421,2,2024-08-03 05:00:00+00:00,46.0,43.0,40.0,44.0,43.0,55.0,52.0,8,5,5,46.142857142857146
4422,2,2024-08-03 06:00:00+00:00,43.0,43.0,39.0,38.0,41.0,47.0,46.0,8,5,6,42.42857142857143
4423,2,2024-08-03 07:00:00+00:00,40.0,43.0,36.0,36.0,40.0,44.0,45.0,8,5,7,40.57142857142857
4424,2,2024-08-03 08:00:00+00:00,37.0,33.0,33.0,35.0,40.0,43.0,45.0,8,5,8,38.0
4425,2,2024-08-03 09:00:00+00:00,35.0,27.0,34.0,34.0,39.0,42.0,46.0,8,5,9,36.714285714285715
4426,2,2024-08-03 10:00:00+00:00,30.0,28.0,33.0,33.0,38.0,42.0,46.0,8,5,10,35.714285714285715
4427,2,2024-08-03 11:00:00+00:00,33.0,33.0,33.0,33.0,37.0,42.0,45.0,8,5,11,36.57142857142857
4428,2,2024-08-03 12:00:00+00:00,30.0,34.0,35.0,33.0,37.0,48.0,47.0,8,5,12,37.714285714285715
4429,2,2024-08-03 13:00:00+00:00,32.0,36.0,38.0,33.0,38.0,49.0,51.0,8,5,13,39.57142857142857
4430,2,2024-08-03 14:00:00+00:00,36.0,36.0,38.0,33.0,39.0,50.0,55.0,8,5,14,41.0
4431,2,2024-08-03 15:00:00+00:00,39.0,42.0,41.0,35.0,41.0,51.0,58.0,8,5,15,43.857142857142854
4432,2,2024-08-03 16:00:00+00:00,43.0,48.0,45.0,40.0,44.0,54.0,58.0,8,5,16,47.42857142857143
4433,2,2024-08-03 17:00:00+00:00,50.0,54.0,49.0,46.0,47.0,57.0,57.0,8,5,17,51.42857142857143
4434,2,2024-08-03 18:00:00+00:00,53.0,58.0,53.0,49.0,49.0,60.0,61.0,8,5,18,54.714285714285715
4435,2,2024-08-03 19:00:00+00:00,53.0,58.0,53.0,51.0,51.0,61.0,59.0,8,5,19,55.142857142857146
4436,2,2024-08-03 20:00:00+00:00,53.0,56.0,53.0,52.0,52.0,61.0,55.0,8,5,20,54.57142857142857
4437,2,2024-08-03 21:00:00+00:00,54.0,53.0,52.0,52.0,52.0,60.0,52.0,8,5,21,53.57142857142857
4438,2,2024-08-03 22:00:00+00:00,51.0,51.0,49.0,49.0,50.0,57.0,50.0,8,5,22,51.0
4439,2,2024-08-03 23:00:00+00:00,47.0,47.0,44.0,46.0,46.0,53.0,49.0,8,5,23,47.42857142857143
4440,2,2024-08-04 00:00:00+00:00,44.0,46.0,42.0,48.0,50.0,42.0,51.0,8,6,0,46.142857142857146
4441,2,2024-08-04 01:00:00+00:00,41.0,44.0,42.0,50.0,48.0,40.0,49.0,8,6,1,44.857142857142854
4442,2,2024-08-04 02:00:00+00:00,39.0,44.0,40.0,52.0,46.0,38.0,45.0,8,6,2,43.42857142857143
4443,2,2024-08-04 03:00:00+00:00,37.0,41.0,39.0,53.0,44.0,38.0,41.0,8,6,3,41.857142857142854
4444,2,2024-08-04 04:00:00+00:00,34.0,37.0,37.0,51.0,44.0,39.0,37.0,8,6,4,39.857142857142854
4445,2,2024-08-04 05:00:00+00:00,27.0,29.0,41.0,47.0,45.0,42.0,32.0,8,6,5,37.57142857142857
4446,2,2024-08-04 06:00:00+00:00,25.0,25.0,46.0,42.0,45.0,43.0,34.0,8,6,6,37.142857142857146
4447,2,2024-08-04 07:00:00+00:00,23.0,23.0,43.0,39.0,43.0,42.0,32.0,8,6,7,35.0
4448,2,2024-08-04 08:00:00+00:00,22.0,24.0,38.0,37.0,40.0,40.0,31.0,8,6,8,33.142857142857146
4449,2,2024-08-04 09:00:00+00:00,24.0,27.0,38.0,35.0,37.0,38.0,31.0,8,6,9,32.857142857142854
4450,2,2024-08-04 10:00:00+00:00,25.0,28.0,38.0,35.0,35.0,37.0,33.0,8,6,10,33.0
4451,2,2024-08-04 11:00:00+00:00,28.0,29.0,40.0,35.0,33.0,36.0,37.0,8,6,11,34.0
4452,2,2024-08-04 12:00:00+00:00,30.0,30.0,33.0,36.0,26.0,34.0,43.0,8,6,12,33.142857142857146
4453,2,2024-08-04 13:00:00+00:00,35.0,31.0,32.0,37.0,28.0,35.0,47.0,8,6,13,35.0
4454,2,2024-08-04 14:00:00+00:00,37.0,35.0,36.0,39.0,32.0,35.0,52.0,8,6,14,38.0
4455,2,2024-08-04 15:00:00+00:00,37.0,39.0,41.0,42.0,36.0,37.0,56.0,8,6,15,41.142857142857146
4456,2,2024-08-04 16:00:00+00:00,45.0,44.0,46.0,45.0,41.0,42.0,57.0,8,6,16,45.714285714285715
4457,2,2024-08-04 17:00:00+00:00,52.0,51.0,52.0,48.0,46.0,49.0,57.0,8,6,17,50.714285714285715
4458,2,2024-08-04 18:00:00+00:00,56.0,56.0,51.0,48.0,50.0,53.0,64.0,8,6,18,54.0
4459,2,2024-08-04 19:00:00+00:00,58.0,57.0,51.0,50.0,51.0,54.0,65.0,8,6,19,55.142857142857146
4460,2,2024-08-04 20:00:00+00:00,56.0,56.0,50.0,52.0,50.0,52.0,66.0,8,6,20,54.57142857142857
4461,2,2024-08-04 21:00:00+00:00,54.0,53.0,49.0,54.0,49.0,51.0,66.0,8,6,21,53.714285714285715
4462,2,2024-08-04 22:00:00+00:00,51.0,49.0,48.0,55.0,46.0,50.0,64.0,8,6,22,51.857142857142854
4463,2,2024-08-04 23:00:00+00:00,49.0,45.0,45.0,56.0,43.0,49.0,62.0,8,6,23,49.857142857142854
4464,2,2024-08-05 00:00:00+00:00,46.0,48.0,44.0,52.0,50.0,37.0,57.0,8,0,0,47.714285714285715
4465,2,2024-08-05 01:00:00+00:00,47.0,48.0,42.0,52.0,50.0,35.0,56.0,8,0,1,47.142857142857146
4466,2,2024-08-05 02:00:00+00:00,43.0,42.0,40.0,53.0,50.0,34.0,54.0,8,0,2,45.142857142857146
4467,2,2024-08-05 03:00:00+00:00,40.0,36.0,36.0,52.0,49.0,33.0,51.0,8,0,3,42.42857142857143
4468,2,2024-08-05 04:00:00+00:00,39.0,32.0,29.0,50.0,46.0,34.0,46.0,8,0,4,39.42857142857143
4469,2,2024-08-05 05:00:00+00:00,38.0,26.0,27.0,47.0,43.0,35.0,39.0,8,0,5,36.42857142857143
4470,2,2024-08-05 06:00:00+00:00,39.0,26.0,28.0,45.0,39.0,36.0,46.0,8,0,6,37.0
4471,2,2024-08-05 07:00:00+00:00,35.0,26.0,28.0,42.0,36.0,36.0,45.0,8,0,7,35.42857142857143
4472,2,2024-08-05 08:00:00+00:00,33.0,26.0,29.0,39.0,32.0,36.0,44.0,8,0,8,34.142857142857146
4473,2,2024-08-05 09:00:00+00:00,30.0,27.0,32.0,37.0,31.0,37.0,44.0,8,0,9,34.0
4474,2,2024-08-05 10:00:00+00:00,28.0,28.0,34.0,37.0,32.0,40.0,47.0,8,0,10,35.142857142857146
4475,2,2024-08-05 11:00:00+00:00,29.0,30.0,36.0,39.0,35.0,43.0,51.0,8,0,11,37.57142857142857
4476,2,2024-08-05 12:00:00+00:00,30.0,36.0,36.0,36.0,36.0,37.0,48.0,8,0,12,37.0
4477,2,2024-08-05 13:00:00+00:00,35.0,37.0,41.0,37.0,38.0,39.0,53.0,8,0,13,40.0
4478,2,2024-08-05 14:00:00+00:00,41.0,39.0,42.0,38.0,41.0,41.0,60.0,8,0,14,43.142857142857146
4479,2,2024-08-05 15:00:00+00:00,44.0,44.0,45.0,40.0,44.0,43.0,65.0,8,0,15,46.42857142857143
4480,2,2024-08-05 16:00:00+00:00,51.0,49.0,50.0,45.0,48.0,47.0,66.0,8,0,16,50.857142857142854
4481,2,2024-08-05 17:00:00+00:00,57.0,56.0,56.0,51.0,52.0,51.0,66.0,8,0,17,55.57142857142857
4482,2,2024-08-05 18:00:00+00:00,63.0,61.0,57.0,58.0,55.0,55.0,73.0,8,0,18,60.285714285714285
4483,2,2024-08-05 19:00:00+00:00,65.0,64.0,62.0,63.0,57.0,59.0,75.0,8,0,19,63.57142857142857
4484,2,2024-08-05 20:00:00+00:00,69.0,67.0,67.0,69.0,59.0,63.0,75.0,8,0,20,67.0
4485,2,2024-08-05 21:00:00+00:00,70.0,69.0,73.0,73.0,60.0,66.0,75.0,8,0,21,69.42857142857143
4486,2,2024-08-05 22:00:00+00:00,67.0,71.0,77.0,76.0,60.0,66.0,75.0,8,0,22,70.28571428571429
4487,2,2024-08-05 23:00:00+00:00,65.0,70.0,80.0,77.0,58.0,65.0,74.0,8,0,23,69.85714285714286
4488,2,2024-08-06 00:00:00+00:00,66.0,60.0,74.0,78.0,56.0,58.0,63.0,8,1,0,65.0
4489,2,2024-08-06 01:00:00+00:00,64.0,60.0,76.0,81.0,54.0,58.0,63.0,8,1,1,65.14285714285714
4490,2,2024-08-06 02:00:00+00:00,65.0,63.0,77.0,83.0,50.0,58.0,63.0,8,1,2,65.57142857142857
4491,2,2024-08-06 03:00:00+00:00,64.0,67.0,75.0,82.0,46.0,56.0,62.0,8,1,3,64.57142857142857
4492,2,2024-08-06 04:00:00+00:00,53.0,58.0,70.0,74.0,42.0,49.0,56.0,8,1,4,57.42857142857143
4493,2,2024-08-06 05:00:00+00:00,39.0,43.0,55.0,63.0,37.0,40.0,49.0,8,1,5,46.57142857142857
4494,2,2024-08-06 06:00:00+00:00,37.0,35.0,35.0,43.0,34.0,33.0,52.0,8,1,6,38.42857142857143
4495,2,2024-08-06 07:00:00+00:00,33.0,28.0,29.0,38.0,34.0,32.0,52.0,8,1,7,35.142857142857146
4496,2,2024-08-06 08:00:00+00:00,29.0,26.0,27.0,35.0,37.0,33.0,54.0,8,1,8,34.42857142857143
4497,2,2024-08-06 09:00:00+00:00,25.0,23.0,29.0,34.0,39.0,35.0,55.0,8,1,9,34.285714285714285
4498,2,2024-08-06 10:00:00+00:00,24.0,22.0,29.0,34.0,40.0,37.0,55.0,8,1,10,34.42857142857143
4499,2,2024-08-06 11:00:00+00:00,25.0,27.0,29.0,35.0,41.0,39.0,54.0,8,1,11,35.714285714285715
4500,2,2024-08-06 12:00:00+00:00,27.0,35.0,26.0,31.0,34.0,43.0,52.0,8,1,12,35.42857142857143
4501,2,2024-08-06 13:00:00+00:00,32.0,45.0,34.0,34.0,40.0,47.0,52.0,8,1,13,40.57142857142857
4502,2,2024-08-06 14:00:00+00:00,36.0,51.0,40.0,40.0,47.0,51.0,52.0,8,1,14,45.285714285714285
4503,2,2024-08-06 15:00:00+00:00,43.0,53.0,47.0,46.0,54.0,56.0,51.0,8,1,15,50.0
4504,2,2024-08-06 16:00:00+00:00,52.0,62.0,58.0,51.0,61.0,62.0,50.0,8,1,16,56.57142857142857
4505,2,2024-08-06 17:00:00+00:00,60.0,68.0,61.0,55.0,68.0,69.0,48.0,8,1,17,61.285714285714285
4506,2,2024-08-06 18:00:00+00:00,67.0,67.0,68.0,80.0,73.0,74.0,64.0,8,1,18,70.42857142857143
4507,2,2024-08-06 19:00:00+00:00,68.0,69.0,73.0,82.0,76.0,78.0,63.0,8,1,19,72.71428571428571
4508,2,2024-08-06 20:00:00+00:00,71.0,71.0,77.0,80.0,77.0,80.0,62.0,8,1,20,74.0
4509,2,2024-08-06 21:00:00+00:00,71.0,74.0,80.0,79.0,79.0,82.0,61.0,8,1,21,75.14285714285714
4510,2,2024-08-06 22:00:00+00:00,70.0,74.0,81.0,80.0,82.0,83.0,61.0,8,1,22,75.85714285714286
4511,2,2024-08-06 23:00:00+00:00,71.0,74.0,83.0,80.0,85.0,84.0,61.0,8,1,23,76.85714285714286
4512,2,2024-08-07 00:00:00+00:00,80.0,71.0,74.0,79.0,84.0,67.0,60.0,8,2,0,73.57142857142857
4513,2,2024-08-07 01:00:00+00:00,79.0,73.0,70.0,80.0,83.0,67.0,58.0,8,2,1,72.85714285714286
4514,2,2024-08-07 02:00:00+00:00,76.0,71.0,69.0,81.0,79.0,67.0,54.0,8,2,2,71.0
4515,2,2024-08-07 03:00:00+00:00,72.0,68.0,67.0,79.0,74.0,64.0,51.0,8,2,3,67.85714285714286
4516,2,2024-08-07 04:00:00+00:00,65.0,61.0,63.0,74.0,66.0,54.0,48.0,8,2,4,61.57142857142857
4517,2,2024-08-07 05:00:00+00:00,52.0,46.0,52.0,68.0,56.0,41.0,45.0,8,2,5,51.42857142857143
4518,2,2024-08-07 06:00:00+00:00,48.0,39.0,43.0,57.0,48.0,31.0,55.0,8,2,6,45.857142857142854
4519,2,2024-08-07 07:00:00+00:00,40.0,32.0,35.0,52.0,44.0,25.0,53.0,8,2,7,40.142857142857146
4520,2,2024-08-07 08:00:00+00:00,37.0,29.0,32.0,49.0,42.0,23.0,50.0,8,2,8,37.42857142857143
4521,2,2024-08-07 09:00:00+00:00,37.0,27.0,27.0,47.0,40.0,23.0,49.0,8,2,9,35.714285714285715
4522,2,2024-08-07 10:00:00+00:00,34.0,25.0,27.0,45.0,38.0,28.0,53.0,8,2,10,35.714285714285715
4523,2,2024-08-07 11:00:00+00:00,33.0,26.0,28.0,43.0,37.0,36.0,60.0,8,2,11,37.57142857142857
4524,2,2024-08-07 12:00:00+00:00,34.0,32.0,32.0,41.0,36.0,34.0,64.0,8,2,12,39.0
4525,2,2024-08-07 13:00:00+00:00,37.0,42.0,39.0,45.0,39.0,37.0,66.0,8,2,13,43.57142857142857
4526,2,2024-08-07 14:00:00+00:00,41.0,49.0,44.0,52.0,43.0,44.0,67.0,8,2,14,48.57142857142857
4527,2,2024-08-07 15:00:00+00:00,47.0,57.0,52.0,58.0,49.0,52.0,68.0,8,2,15,54.714285714285715
4528,2,2024-08-07 16:00:00+00:00,57.0,66.0,63.0,63.0,56.0,63.0,68.0,8,2,16,62.285714285714285
4529,2,2024-08-07 17:00:00+00:00,64.0,70.0,70.0,68.0,64.0,77.0,67.0,8,2,17,68.57142857142857
4530,2,2024-08-07 18:00:00+00:00,66.0,72.0,75.0,72.0,71.0,85.0,66.0,8,2,18,72.42857142857143
4531,2,2024-08-07 19:00:00+00:00,68.0,72.0,77.0,74.0,76.0,84.0,65.0,8,2,19,73.71428571428571
4532,2,2024-08-07 20:00:00+00:00,68.0,71.0,76.0,75.0,80.0,79.0,64.0,8,2,20,73.28571428571429
4533,2,2024-08-07 21:00:00+00:00,65.0,70.0,74.0,76.0,82.0,75.0,63.0,8,2,21,72.14285714285714
4534,2,2024-08-07 22:00:00+00:00,66.0,69.0,73.0,78.0,83.0,74.0,63.0,8,2,22,72.28571428571429
4535,2,2024-08-07 23:00:00+00:00,67.0,69.0,74.0,80.0,83.0,75.0,64.0,8,2,23,73.14285714285714
4536,2,2024-08-08 00:00:00+00:00,65.0,73.0,75.0,69.0,81.0,73.0,73.0,8,3,0,72.71428571428571
4537,2,2024-08-08 01:00:00+00:00,67.0,72.0,78.0,67.0,82.0,74.0,73.0,8,3,1,73.28571428571429
4538,2,2024-08-08 02:00:00+00:00,68.0,71.0,78.0,63.0,84.0,75.0,72.0,8,3,2,73.0
4539,2,2024-08-08 03:00:00+00:00,68.0,71.0,79.0,57.0,82.0,74.0,70.0,8,3,3,71.57142857142857
4540,2,2024-08-08 04:00:00+00:00,65.0,66.0,76.0,47.0,76.0,70.0,65.0,8,3,4,66.42857142857143
4541,2,2024-08-08 05:00:00+00:00,50.0,48.0,58.0,36.0,67.0,64.0,60.0,8,3,5,54.714285714285715
4542,2,2024-08-08 06:00:00+00:00,31.0,42.0,38.0,28.0,59.0,58.0,56.0,8,3,6,44.57142857142857
4543,2,2024-08-08 07:00:00+00:00,25.0,34.0,30.0,24.0,51.0,53.0,53.0,8,3,7,38.57142857142857
4544,2,2024-08-08 08:00:00+00:00,22.0,28.0,26.0,24.0,44.0,48.0,51.0,8,3,8,34.714285714285715
4545,2,2024-08-08 09:00:00+00:00,21.0,28.0,26.0,25.0,38.0,44.0,50.0,8,3,9,33.142857142857146
4546,2,2024-08-08 10:00:00+00:00,22.0,32.0,29.0,28.0,35.0,42.0,50.0,8,3,10,34.0
4547,2,2024-08-08 11:00:00+00:00,26.0,35.0,32.0,32.0,35.0,41.0,50.0,8,3,11,35.857142857142854
4548,2,2024-08-08 12:00:00+00:00,34.0,42.0,38.0,41.0,29.0,39.0,55.0,8,3,12,39.714285714285715
4549,2,2024-08-08 13:00:00+00:00,42.0,47.0,42.0,47.0,38.0,46.0,59.0,8,3,13,45.857142857142854
4550,2,2024-08-08 14:00:00+00:00,48.0,55.0,51.0,55.0,52.0,57.0,64.0,8,3,14,54.57142857142857
4551,2,2024-08-08 15:00:00+00:00,57.0,64.0,61.0,62.0,63.0,65.0,67.0,8,3,15,62.714285714285715
4552,2,2024-08-08 16:00:00+00:00,67.0,71.0,70.0,68.0,67.0,68.0,68.0,8,3,16,68.42857142857143
4553,2,2024-08-08 17:00:00+00:00,73.0,74.0,79.0,73.0,69.0,69.0,69.0,8,3,17,72.28571428571429
4554,2,2024-08-08 18:00:00+00:00,72.0,78.0,82.0,77.0,70.0,70.0,63.0,8,3,18,73.14285714285714
4555,2,2024-08-08 19:00:00+00:00,74.0,81.0,84.0,81.0,72.0,71.0,63.0,8,3,19,75.14285714285714
4556,2,2024-08-08 20:00:00+00:00,76.0,84.0,86.0,83.0,74.0,73.0,62.0,8,3,20,76.85714285714286
4557,2,2024-08-08 21:00:00+00:00,79.0,86.0,88.0,84.0,76.0,74.0,62.0,8,3,21,78.42857142857143
4558,2,2024-08-08 22:00:00+00:00,79.0,87.0,88.0,83.0,78.0,76.0,63.0,8,3,22,79.14285714285714
4559,2,2024-08-08 23:00:00+00:00,81.0,88.0,85.0,81.0,80.0,78.0,64.0,8,3,23,79.57142857142857
4560,2,2024-08-09 00:00:00+00:00,81.0,87.0,80.0,85.0,87.0,75.0,67.0,8,4,0,80.28571428571429
4561,2,2024-08-09 01:00:00+00:00,85.0,86.0,83.0,87.0,89.0,76.0,66.0,8,4,1,81.71428571428571
4562,2,2024-08-09 02:00:00+00:00,89.0,85.0,86.0,88.0,92.0,78.0,64.0,8,4,2,83.14285714285714
4563,2,2024-08-09 03:00:00+00:00,89.0,84.0,87.0,87.0,91.0,77.0,61.0,8,4,3,82.28571428571429
4564,2,2024-08-09 04:00:00+00:00,80.0,77.0,81.0,79.0,85.0,72.0,57.0,8,4,4,75.85714285714286
4565,2,2024-08-09 05:00:00+00:00,67.0,69.0,71.0,69.0,76.0,66.0,53.0,8,4,5,67.28571428571429
4566,2,2024-08-09 06:00:00+00:00,58.0,57.0,63.0,60.0,67.0,59.0,52.0,8,4,6,59.42857142857143
4567,2,2024-08-09 07:00:00+00:00,50.0,52.0,56.0,51.0,58.0,53.0,49.0,8,4,7,52.714285714285715
4568,2,2024-08-09 08:00:00+00:00,43.0,42.0,51.0,42.0,48.0,48.0,47.0,8,4,8,45.857142857142854
4569,2,2024-08-09 09:00:00+00:00,37.0,35.0,44.0,37.0,42.0,44.0,46.0,8,4,9,40.714285714285715
4570,2,2024-08-09 10:00:00+00:00,32.0,35.0,42.0,37.0,41.0,42.0,44.0,8,4,10,39.0
4571,2,2024-08-09 11:00:00+00:00,30.0,41.0,48.0,41.0,44.0,42.0,43.0,8,4,11,41.285714285714285
4572,2,2024-08-09 12:00:00+00:00,37.0,30.0,41.0,62.0,55.0,45.0,45.0,8,4,12,45.0
4573,2,2024-08-09 13:00:00+00:00,47.0,37.0,55.0,65.0,58.0,49.0,47.0,8,4,13,51.142857142857146
4574,2,2024-08-09 14:00:00+00:00,62.0,51.0,68.0,68.0,61.0,55.0,49.0,8,4,14,59.142857142857146
4575,2,2024-08-09 15:00:00+00:00,71.0,67.0,73.0,71.0,64.0,60.0,51.0,8,4,15,65.28571428571429
4576,2,2024-08-09 16:00:00+00:00,75.0,77.0,79.0,75.0,68.0,64.0,54.0,8,4,16,70.28571428571429
4577,2,2024-08-09 17:00:00+00:00,78.0,82.0,81.0,80.0,73.0,68.0,57.0,8,4,17,74.14285714285714
4578,2,2024-08-09 18:00:00+00:00,81.0,83.0,84.0,83.0,77.0,71.0,54.0,8,4,18,76.14285714285714
4579,2,2024-08-09 19:00:00+00:00,82.0,84.0,84.0,86.0,80.0,73.0,55.0,8,4,19,77.71428571428571
4580,2,2024-08-09 20:00:00+00:00,84.0,85.0,84.0,88.0,84.0,75.0,56.0,8,4,20,79.42857142857143
4581,2,2024-08-09 21:00:00+00:00,86.0,86.0,84.0,89.0,86.0,76.0,57.0,8,4,21,80.57142857142857
4582,2,2024-08-09 22:00:00+00:00,89.0,86.0,84.0,89.0,88.0,77.0,58.0,8,4,22,81.57142857142857
4583,2,2024-08-09 23:00:00+00:00,92.0,85.0,86.0,89.0,89.0,79.0,59.0,8,4,23,82.71428571428571
4584,2,2024-08-10 00:00:00+00:00,91.0,89.0,90.0,89.0,89.0,93.0,61.0,8,5,0,86.0
4585,2,2024-08-10 01:00:00+00:00,91.0,91.0,90.0,90.0,90.0,94.0,61.0,8,5,1,86.71428571428571
4586,2,2024-08-10 02:00:00+00:00,91.0,90.0,91.0,92.0,90.0,93.0,61.0,8,5,2,86.85714285714286
4587,2,2024-08-10 03:00:00+00:00,90.0,88.0,90.0,90.0,88.0,90.0,60.0,8,5,3,85.14285714285714
4588,2,2024-08-10 04:00:00+00:00,83.0,81.0,82.0,82.0,82.0,82.0,56.0,8,5,4,78.28571428571429
4589,2,2024-08-10 05:00:00+00:00,76.0,75.0,75.0,71.0,73.0,72.0,50.0,8,5,5,70.28571428571429
4590,2,2024-08-10 06:00:00+00:00,69.0,66.0,67.0,63.0,64.0,62.0,47.0,8,5,6,62.57142857142857
4591,2,2024-08-10 07:00:00+00:00,55.0,54.0,56.0,54.0,54.0,53.0,44.0,8,5,7,52.857142857142854
4592,2,2024-08-10 08:00:00+00:00,49.0,47.0,47.0,46.0,44.0,44.0,42.0,8,5,8,45.57142857142857
4593,2,2024-08-10 09:00:00+00:00,44.0,41.0,41.0,41.0,38.0,39.0,43.0,8,5,9,41.0
4594,2,2024-08-10 10:00:00+00:00,40.0,37.0,39.0,41.0,40.0,41.0,47.0,8,5,10,40.714285714285715
4595,2,2024-08-10 11:00:00+00:00,39.0,38.0,40.0,43.0,46.0,47.0,54.0,8,5,11,43.857142857142854
4596,2,2024-08-10 12:00:00+00:00,44.0,39.0,50.0,45.0,50.0,45.0,57.0,8,5,12,47.142857142857146
4597,2,2024-08-10 13:00:00+00:00,46.0,38.0,59.0,52.0,56.0,51.0,63.0,8,5,13,52.142857142857146
4598,2,2024-08-10 14:00:00+00:00,52.0,41.0,64.0,60.0,62.0,59.0,69.0,8,5,14,58.142857142857146
4599,2,2024-08-10 15:00:00+00:00,64.0,50.0,68.0,67.0,68.0,66.0,73.0,8,5,15,65.14285714285714
4600,2,2024-08-10 16:00:00+00:00,74.0,63.0,71.0,71.0,73.0,71.0,74.0,8,5,16,71.0
4601,2,2024-08-10 17:00:00+00:00,77.0,70.0,76.0,75.0,76.0,76.0,73.0,8,5,17,74.71428571428571
4602,2,2024-08-10 18:00:00+00:00,82.0,79.0,82.0,75.0,80.0,80.0,80.0,8,5,18,79.71428571428571
4603,2,2024-08-10 19:00:00+00:00,84.0,83.0,83.0,77.0,84.0,83.0,79.0,8,5,19,81.85714285714286
4604,2,2024-08-10 20:00:00+00:00,86.0,86.0,84.0,78.0,87.0,86.0,78.0,8,5,20,83.57142857142857
4605,2,2024-08-10 21:00:00+00:00,88.0,90.0,86.0,80.0,90.0,88.0,77.0,8,5,21,85.57142857142857
4606,2,2024-08-10 22:00:00+00:00,89.0,92.0,87.0,82.0,91.0,89.0,78.0,8,5,22,86.85714285714286
4607,2,2024-08-10 23:00:00+00:00,91.0,94.0,87.0,83.0,92.0,90.0,79.0,8,5,23,88.0
4608,2,2024-08-11 00:00:00+00:00,92.0,89.0,89.0,87.0,90.0,94.0,75.0,8,6,0,88.0
4609,2,2024-08-11 01:00:00+00:00,93.0,90.0,89.0,90.0,92.0,94.0,75.0,8,6,1,89.0
4610,2,2024-08-11 02:00:00+00:00,93.0,91.0,90.0,92.0,94.0,94.0,74.0,8,6,2,89.71428571428571
4611,2,2024-08-11 03:00:00+00:00,93.0,90.0,90.0,91.0,92.0,91.0,70.0,8,6,3,88.14285714285714
4612,2,2024-08-11 04:00:00+00:00,86.0,81.0,84.0,82.0,83.0,85.0,62.0,8,6,4,80.42857142857143
4613,2,2024-08-11 05:00:00+00:00,81.0,71.0,74.0,69.0,71.0,76.0,52.0,8,6,5,70.57142857142857
4614,2,2024-08-11 06:00:00+00:00,70.0,60.0,67.0,57.0,60.0,68.0,49.0,8,6,6,61.57142857142857
4615,2,2024-08-11 07:00:00+00:00,59.0,52.0,59.0,49.0,52.0,59.0,46.0,8,6,7,53.714285714285715
4616,2,2024-08-11 08:00:00+00:00,52.0,47.0,50.0,42.0,45.0,49.0,44.0,8,6,8,47.0
4617,2,2024-08-11 09:00:00+00:00,49.0,46.0,43.0,37.0,40.0,44.0,43.0,8,6,9,43.142857142857146
4618,2,2024-08-11 10:00:00+00:00,50.0,44.0,46.0,32.0,39.0,46.0,44.0,8,6,10,43.0
4619,2,2024-08-11 11:00:00+00:00,57.0,49.0,48.0,29.0,40.0,51.0,46.0,8,6,11,45.714285714285715
4620,2,2024-08-11 12:00:00+00:00,43.0,56.0,34.0,37.0,30.0,37.0,35.0,8,6,12,38.857142857142854
4621,2,2024-08-11 13:00:00+00:00,43.0,45.0,37.0,39.0,33.0,39.0,38.0,8,6,13,39.142857142857146
4622,2,2024-08-11 14:00:00+00:00,45.0,40.0,41.0,44.0,40.0,43.0,43.0,8,6,14,42.285714285714285
4623,2,2024-08-11 15:00:00+00:00,50.0,44.0,46.0,49.0,47.0,48.0,47.0,8,6,15,47.285714285714285
4624,2,2024-08-11 16:00:00+00:00,59.0,51.0,55.0,56.0,54.0,56.0,50.0,8,6,16,54.42857142857143
4625,2,2024-08-11 17:00:00+00:00,68.0,59.0,65.0,64.0,62.0,65.0,53.0,8,6,17,62.285714285714285
4626,2,2024-08-11 18:00:00+00:00,73.0,69.0,68.0,71.0,68.0,72.0,55.0,8,6,18,68.0
4627,2,2024-08-11 19:00:00+00:00,77.0,74.0,70.0,75.0,71.0,76.0,55.0,8,6,19,71.14285714285714
4628,2,2024-08-11 20:00:00+00:00,80.0,77.0,73.0,78.0,72.0,78.0,56.0,8,6,20,73.42857142857143
4629,2,2024-08-11 21:00:00+00:00,81.0,78.0,75.0,80.0,73.0,79.0,55.0,8,6,21,74.42857142857143
4630,2,2024-08-11 22:00:00+00:00,82.0,79.0,76.0,81.0,73.0,80.0,52.0,8,6,22,74.71428571428571
4631,2,2024-08-11 23:00:00+00:00,82.0,80.0,79.0,81.0,73.0,80.0,49.0,8,6,23,74.85714285714286
4632,2,2024-08-12 00:00:00+00:00,84.0,86.0,91.0,77.0,72.0,76.0,49.0,8,0,0,76.42857142857143
4633,2,2024-08-12 01:00:00+00:00,84.0,84.0,93.0,77.0,72.0,79.0,48.0,8,0,1,76.71428571428571
4634,2,2024-08-12 02:00:00+00:00,84.0,83.0,94.0,75.0,72.0,82.0,47.0,8,0,2,76.71428571428571
4635,2,2024-08-12 03:00:00+00:00,84.0,79.0,89.0,71.0,68.0,81.0,45.0,8,0,3,73.85714285714286
4636,2,2024-08-12 04:00:00+00:00,79.0,70.0,74.0,61.0,58.0,71.0,42.0,8,0,4,65.0
4637,2,2024-08-12 05:00:00+00:00,69.0,53.0,63.0,49.0,45.0,56.0,39.0,8,0,5,53.42857142857143
4638,2,2024-08-12 06:00:00+00:00,53.0,51.0,50.0,43.0,35.0,43.0,33.0,8,0,6,44.0
4639,2,2024-08-12 07:00:00+00:00,43.0,41.0,38.0,36.0,29.0,33.0,32.0,8,0,7,36.0
4640,2,2024-08-12 08:00:00+00:00,40.0,34.0,31.0,32.0,26.0,26.0,32.0,8,0,8,31.571428571428573
4641,2,2024-08-12 09:00:00+00:00,35.0,29.0,28.0,28.0,26.0,22.0,33.0,8,0,9,28.714285714285715
4642,2,2024-08-12 10:00:00+00:00,32.0,25.0,25.0,24.0,29.0,25.0,34.0,8,0,10,27.714285714285715
4643,2,2024-08-12 11:00:00+00:00,30.0,24.0,25.0,22.0,34.0,32.0,37.0,8,0,11,29.142857142857142
4644,2,2024-08-12 12:00:00+00:00,33.0,28.0,25.0,31.0,28.0,39.0,47.0,8,0,12,33.0
4645,2,2024-08-12 13:00:00+00:00,35.0,31.0,35.0,38.0,34.0,43.0,52.0,8,0,13,38.285714285714285
4646,2,2024-08-12 14:00:00+00:00,41.0,36.0,44.0,47.0,42.0,48.0,58.0,8,0,14,45.142857142857146
4647,2,2024-08-12 15:00:00+00:00,47.0,44.0,56.0,55.0,50.0,53.0,61.0,8,0,15,52.285714285714285
4648,2,2024-08-12 16:00:00+00:00,56.0,58.0,66.0,62.0,58.0,58.0,61.0,8,0,16,59.857142857142854
4649,2,2024-08-12 17:00:00+00:00,66.0,67.0,73.0,68.0,65.0,62.0,60.0,8,0,17,65.85714285714286
4650,2,2024-08-12 18:00:00+00:00,72.0,70.0,77.0,77.0,71.0,66.0,60.0,8,0,18,70.42857142857143
4651,2,2024-08-12 19:00:00+00:00,75.0,73.0,80.0,80.0,74.0,68.0,59.0,8,0,19,72.71428571428571
4652,2,2024-08-12 20:00:00+00:00,77.0,75.0,83.0,80.0,75.0,70.0,57.0,8,0,20,73.85714285714286
4653,2,2024-08-12 21:00:00+00:00,80.0,77.0,84.0,81.0,76.0,71.0,55.0,8,0,21,74.85714285714286
4654,2,2024-08-12 22:00:00+00:00,82.0,79.0,86.0,82.0,78.0,72.0,54.0,8,0,22,76.14285714285714
4655,2,2024-08-12 23:00:00+00:00,81.0,80.0,85.0,83.0,79.0,72.0,53.0,8,0,23,76.14285714285714
4656,2,2024-08-13 00:00:00+00:00,85.0,83.0,81.0,86.0,83.0,75.0,52.0,8,1,0,77.85714285714286
4657,2,2024-08-13 01:00:00+00:00,85.0,83.0,81.0,86.0,84.0,76.0,52.0,8,1,1,78.14285714285714
4658,2,2024-08-13 02:00:00+00:00,86.0,84.0,82.0,85.0,85.0,75.0,51.0,8,1,2,78.28571428571429
4659,2,2024-08-13 03:00:00+00:00,86.0,85.0,84.0,81.0,82.0,72.0,49.0,8,1,3,77.0
4660,2,2024-08-13 04:00:00+00:00,78.0,78.0,79.0,70.0,72.0,63.0,44.0,8,1,4,69.14285714285714
4661,2,2024-08-13 05:00:00+00:00,70.0,65.0,62.0,56.0,58.0,51.0,38.0,8,1,5,57.142857142857146
4662,2,2024-08-13 06:00:00+00:00,53.0,52.0,48.0,51.0,46.0,40.0,29.0,8,1,6,45.57142857142857
4663,2,2024-08-13 07:00:00+00:00,42.0,41.0,40.0,44.0,37.0,32.0,27.0,8,1,7,37.57142857142857
4664,2,2024-08-13 08:00:00+00:00,36.0,34.0,36.0,40.0,30.0,25.0,27.0,8,1,8,32.57142857142857
4665,2,2024-08-13 09:00:00+00:00,34.0,28.0,37.0,38.0,25.0,21.0,27.0,8,1,9,30.0
4666,2,2024-08-13 10:00:00+00:00,35.0,27.0,34.0,38.0,23.0,20.0,27.0,8,1,10,29.142857142857142
4667,2,2024-08-13 11:00:00+00:00,35.0,26.0,35.0,41.0,23.0,22.0,28.0,8,1,11,30.0
4668,2,2024-08-13 12:00:00+00:00,34.0,29.0,30.0,31.0,28.0,25.0,35.0,8,1,12,30.285714285714285
4669,2,2024-08-13 13:00:00+00:00,37.0,34.0,33.0,38.0,35.0,34.0,39.0,8,1,13,35.714285714285715
4670,2,2024-08-13 14:00:00+00:00,41.0,39.0,40.0,48.0,45.0,47.0,44.0,8,1,14,43.42857142857143
4671,2,2024-08-13 15:00:00+00:00,48.0,47.0,51.0,57.0,55.0,58.0,48.0,8,1,15,52.0
4672,2,2024-08-13 16:00:00+00:00,58.0,56.0,60.0,65.0,63.0,65.0,50.0,8,1,16,59.57142857142857
4673,2,2024-08-13 17:00:00+00:00,67.0,63.0,68.0,73.0,71.0,71.0,50.0,8,1,17,66.14285714285714
4674,2,2024-08-13 18:00:00+00:00,71.0,70.0,76.0,75.0,77.0,74.0,53.0,8,1,18,70.85714285714286
4675,2,2024-08-13 19:00:00+00:00,74.0,73.0,80.0,80.0,81.0,75.0,55.0,8,1,19,74.0
4676,2,2024-08-13 20:00:00+00:00,76.0,75.0,82.0,82.0,83.0,74.0,58.0,8,1,20,75.71428571428571
4677,2,2024-08-13 21:00:00+00:00,77.0,77.0,82.0,84.0,84.0,73.0,60.0,8,1,21,76.71428571428571
4678,2,2024-08-13 22:00:00+00:00,77.0,78.0,83.0,84.0,85.0,71.0,60.0,8,1,22,76.85714285714286
4679,2,2024-08-13 23:00:00+00:00,77.0,80.0,83.0,83.0,86.0,68.0,58.0,8,1,23,76.42857142857143
4680,2,2024-08-14 00:00:00+00:00,81.0,85.0,86.0,86.0,84.0,82.0,57.0,8,2,0,80.14285714285714
4681,2,2024-08-14 01:00:00+00:00,82.0,84.0,86.0,86.0,83.0,84.0,57.0,8,2,1,80.28571428571429
4682,2,2024-08-14 02:00:00+00:00,82.0,83.0,84.0,84.0,81.0,86.0,56.0,8,2,2,79.42857142857143
4683,2,2024-08-14 03:00:00+00:00,80.0,83.0,82.0,80.0,75.0,83.0,55.0,8,2,3,76.85714285714286
4684,2,2024-08-14 04:00:00+00:00,72.0,75.0,73.0,71.0,63.0,73.0,51.0,8,2,4,68.28571428571429
4685,2,2024-08-14 05:00:00+00:00,56.0,52.0,57.0,59.0,48.0,59.0,47.0,8,2,5,54.0
4686,2,2024-08-14 06:00:00+00:00,49.0,41.0,44.0,43.0,37.0,47.0,40.0,8,2,6,43.0
4687,2,2024-08-14 07:00:00+00:00,39.0,34.0,36.0,36.0,32.0,39.0,36.0,8,2,7,36.0
4688,2,2024-08-14 08:00:00+00:00,35.0,28.0,32.0,32.0,31.0,34.0,32.0,8,2,8,32.0
4689,2,2024-08-14 09:00:00+00:00,33.0,25.0,32.0,30.0,32.0,31.0,29.0,8,2,9,30.285714285714285
4690,2,2024-08-14 10:00:00+00:00,34.0,24.0,32.0,32.0,36.0,32.0,27.0,8,2,10,31.0
4691,2,2024-08-14 11:00:00+00:00,36.0,26.0,35.0,37.0,42.0,36.0,27.0,8,2,11,34.142857142857146
4692,2,2024-08-14 12:00:00+00:00,43.0,39.0,34.0,39.0,41.0,42.0,30.0,8,2,12,38.285714285714285
4693,2,2024-08-14 13:00:00+00:00,47.0,49.0,41.0,46.0,48.0,46.0,34.0,8,2,13,44.42857142857143
4694,2,2024-08-14 14:00:00+00:00,58.0,52.0,50.0,55.0,57.0,52.0,40.0,8,2,14,52.0
4695,2,2024-08-14 15:00:00+00:00,68.0,63.0,57.0,63.0,64.0,58.0,45.0,8,2,15,59.714285714285715
4696,2,2024-08-14 16:00:00+00:00,76.0,68.0,66.0,69.0,69.0,65.0,49.0,8,2,16,66.0
4697,2,2024-08-14 17:00:00+00:00,79.0,68.0,73.0,74.0,72.0,72.0,51.0,8,2,17,69.85714285714286
4698,2,2024-08-14 18:00:00+00:00,70.0,66.0,78.0,64.0,74.0,77.0,67.0,8,2,18,70.85714285714286
4699,2,2024-08-14 19:00:00+00:00,67.0,64.0,78.0,65.0,75.0,80.0,67.0,8,2,19,70.85714285714286
4700,2,2024-08-14 20:00:00+00:00,65.0,64.0,77.0,65.0,75.0,81.0,65.0,8,2,20,70.28571428571429
4701,2,2024-08-14 21:00:00+00:00,65.0,66.0,77.0,65.0,74.0,83.0,63.0,8,2,21,70.42857142857143
4702,2,2024-08-14 22:00:00+00:00,65.0,68.0,77.0,64.0,74.0,85.0,62.0,8,2,22,70.71428571428571
4703,2,2024-08-14 23:00:00+00:00,64.0,71.0,77.0,63.0,73.0,88.0,60.0,8,2,23,70.85714285714286
4704,2,2024-08-15 00:00:00+00:00,74.0,65.0,66.0,66.0,62.0,69.0,50.0,8,3,0,64.57142857142857
4705,2,2024-08-15 01:00:00+00:00,72.0,66.0,64.0,65.0,64.0,69.0,48.0,8,3,1,64.0
4706,2,2024-08-15 02:00:00+00:00,70.0,68.0,63.0,63.0,65.0,69.0,46.0,8,3,2,63.42857142857143
4707,2,2024-08-15 03:00:00+00:00,67.0,71.0,60.0,61.0,65.0,67.0,43.0,8,3,3,62.0
4708,2,2024-08-15 04:00:00+00:00,62.0,68.0,53.0,58.0,60.0,62.0,40.0,8,3,4,57.57142857142857
4709,2,2024-08-15 05:00:00+00:00,48.0,61.0,45.0,55.0,53.0,55.0,36.0,8,3,5,50.42857142857143
4710,2,2024-08-15 06:00:00+00:00,44.0,53.0,46.0,50.0,47.0,49.0,36.0,8,3,6,46.42857142857143
4711,2,2024-08-15 07:00:00+00:00,38.0,50.0,46.0,45.0,43.0,44.0,34.0,8,3,7,42.857142857142854
4712,2,2024-08-15 08:00:00+00:00,38.0,46.0,45.0,41.0,40.0,40.0,35.0,8,3,8,40.714285714285715
4713,2,2024-08-15 09:00:00+00:00,37.0,43.0,44.0,38.0,38.0,37.0,36.0,8,3,9,39.0
4714,2,2024-08-15 10:00:00+00:00,36.0,43.0,44.0,37.0,37.0,37.0,37.0,8,3,10,38.714285714285715
4715,2,2024-08-15 11:00:00+00:00,39.0,43.0,49.0,37.0,36.0,38.0,38.0,8,3,11,40.0
4716,2,2024-08-15 12:00:00+00:00,42.0,42.0,48.0,49.0,43.0,34.0,47.0,8,3,12,43.57142857142857
4717,2,2024-08-15 13:00:00+00:00,47.0,45.0,51.0,52.0,46.0,38.0,51.0,8,3,13,47.142857142857146
4718,2,2024-08-15 14:00:00+00:00,50.0,48.0,57.0,56.0,50.0,43.0,56.0,8,3,14,51.42857142857143
4719,2,2024-08-15 15:00:00+00:00,57.0,53.0,62.0,60.0,54.0,48.0,60.0,8,3,15,56.285714285714285
4720,2,2024-08-15 16:00:00+00:00,63.0,58.0,66.0,63.0,58.0,54.0,62.0,8,3,16,60.57142857142857
4721,2,2024-08-15 17:00:00+00:00,64.0,59.0,66.0,65.0,62.0,60.0,62.0,8,3,17,62.57142857142857
4722,2,2024-08-15 18:00:00+00:00,60.0,63.0,70.0,64.0,64.0,65.0,58.0,8,3,18,63.42857142857143
4723,2,2024-08-15 19:00:00+00:00,58.0,62.0,70.0,64.0,63.0,68.0,58.0,8,3,19,63.285714285714285
4724,2,2024-08-15 20:00:00+00:00,57.0,62.0,70.0,64.0,61.0,70.0,56.0,8,3,20,62.857142857142854
4725,2,2024-08-15 21:00:00+00:00,56.0,62.0,70.0,63.0,59.0,71.0,56.0,8,3,21,62.42857142857143
4726,2,2024-08-15 22:00:00+00:00,56.0,62.0,73.0,62.0,58.0,71.0,57.0,8,3,22,62.714285714285715
4727,2,2024-08-15 23:00:00+00:00,55.0,62.0,72.0,62.0,58.0,69.0,59.0,8,3,23,62.42857142857143
4728,2,2024-08-16 00:00:00+00:00,60.0,58.0,63.0,57.0,75.0,65.0,53.0,8,4,0,61.57142857142857
4729,2,2024-08-16 01:00:00+00:00,60.0,58.0,62.0,58.0,75.0,68.0,52.0,8,4,1,61.857142857142854
4730,2,2024-08-16 02:00:00+00:00,61.0,59.0,61.0,60.0,74.0,71.0,49.0,8,4,2,62.142857142857146
4731,2,2024-08-16 03:00:00+00:00,61.0,60.0,59.0,59.0,70.0,71.0,46.0,8,4,3,60.857142857142854
4732,2,2024-08-16 04:00:00+00:00,57.0,56.0,53.0,53.0,61.0,65.0,40.0,8,4,4,55.0
4733,2,2024-08-16 05:00:00+00:00,49.0,45.0,46.0,45.0,49.0,55.0,33.0,8,4,5,46.0
4734,2,2024-08-16 06:00:00+00:00,43.0,39.0,40.0,48.0,38.0,47.0,33.0,8,4,6,41.142857142857146
4735,2,2024-08-16 07:00:00+00:00,38.0,34.0,37.0,42.0,30.0,41.0,33.0,8,4,7,36.42857142857143
4736,2,2024-08-16 08:00:00+00:00,36.0,33.0,36.0,36.0,25.0,36.0,35.0,8,4,8,33.857142857142854
4737,2,2024-08-16 09:00:00+00:00,31.0,30.0,32.0,31.0,21.0,33.0,37.0,8,4,9,30.714285714285715
4738,2,2024-08-16 10:00:00+00:00,29.0,29.0,30.0,27.0,20.0,31.0,36.0,8,4,10,28.857142857142858
4739,2,2024-08-16 11:00:00+00:00,30.0,29.0,30.0,25.0,22.0,31.0,34.0,8,4,11,28.714285714285715
4740,2,2024-08-16 12:00:00+00:00,33.0,34.0,33.0,31.0,33.0,39.0,36.0,8,4,12,34.142857142857146
4741,2,2024-08-16 13:00:00+00:00,38.0,38.0,38.0,35.0,38.0,43.0,40.0,8,4,13,38.57142857142857
4742,2,2024-08-16 14:00:00+00:00,40.0,40.0,39.0,39.0,45.0,48.0,45.0,8,4,14,42.285714285714285
4743,2,2024-08-16 15:00:00+00:00,46.0,45.0,43.0,44.0,52.0,53.0,48.0,8,4,15,47.285714285714285
4744,2,2024-08-16 16:00:00+00:00,53.0,53.0,51.0,48.0,59.0,58.0,49.0,8,4,16,53.0
4745,2,2024-08-16 17:00:00+00:00,59.0,58.0,55.0,51.0,66.0,63.0,50.0,8,4,17,57.42857142857143
4746,2,2024-08-16 18:00:00+00:00,61.0,60.0,58.0,57.0,72.0,67.0,52.0,8,4,18,61.0
4747,2,2024-08-16 19:00:00+00:00,62.0,61.0,58.0,59.0,75.0,68.0,50.0,8,4,19,61.857142857142854
4748,2,2024-08-16 20:00:00+00:00,65.0,61.0,57.0,61.0,78.0,69.0,48.0,8,4,20,62.714285714285715
4749,2,2024-08-16 21:00:00+00:00,68.0,60.0,56.0,62.0,79.0,69.0,47.0,8,4,21,63.0
4750,2,2024-08-16 22:00:00+00:00,70.0,59.0,57.0,64.0,80.0,70.0,48.0,8,4,22,64.0
4751,2,2024-08-16 23:00:00+00:00,69.0,58.0,59.0,65.0,80.0,72.0,49.0,8,4,23,64.57142857142857
4752,2,2024-08-17 00:00:00+00:00,68.0,69.0,67.0,61.0,73.0,84.0,54.0,8,5,0,68.0
4753,2,2024-08-17 01:00:00+00:00,67.0,70.0,66.0,62.0,75.0,87.0,53.0,8,5,1,68.57142857142857
4754,2,2024-08-17 02:00:00+00:00,68.0,71.0,65.0,62.0,75.0,89.0,51.0,8,5,2,68.71428571428571
4755,2,2024-08-17 03:00:00+00:00,70.0,69.0,65.0,59.0,73.0,88.0,49.0,8,5,3,67.57142857142857
4756,2,2024-08-17 04:00:00+00:00,70.0,64.0,61.0,51.0,66.0,80.0,46.0,8,5,4,62.57142857142857
4757,2,2024-08-17 05:00:00+00:00,55.0,45.0,46.0,39.0,55.0,69.0,41.0,8,5,5,50.0
4758,2,2024-08-17 06:00:00+00:00,41.0,35.0,34.0,28.0,46.0,59.0,32.0,8,5,6,39.285714285714285
4759,2,2024-08-17 07:00:00+00:00,28.0,31.0,26.0,23.0,38.0,51.0,33.0,8,5,7,32.857142857142854
4760,2,2024-08-17 08:00:00+00:00,23.0,32.0,25.0,20.0,31.0,45.0,37.0,8,5,8,30.428571428571427
4761,2,2024-08-17 09:00:00+00:00,21.0,28.0,24.0,19.0,26.0,42.0,40.0,8,5,9,28.571428571428573
4762,2,2024-08-17 10:00:00+00:00,21.0,28.0,26.0,19.0,22.0,44.0,41.0,8,5,10,28.714285714285715
4763,2,2024-08-17 11:00:00+00:00,22.0,29.0,28.0,20.0,20.0,50.0,41.0,8,5,11,30.0
4764,2,2024-08-17 12:00:00+00:00,30.0,28.0,29.0,22.0,25.0,51.0,41.0,8,5,12,32.285714285714285
4765,2,2024-08-17 13:00:00+00:00,29.0,32.0,35.0,28.0,29.0,58.0,48.0,8,5,13,37.0
4766,2,2024-08-17 14:00:00+00:00,33.0,36.0,42.0,35.0,33.0,66.0,58.0,8,5,14,43.285714285714285
4767,2,2024-08-17 15:00:00+00:00,43.0,47.0,49.0,43.0,38.0,73.0,65.0,8,5,15,51.142857142857146
4768,2,2024-08-17 16:00:00+00:00,57.0,60.0,59.0,52.0,43.0,77.0,69.0,8,5,16,59.57142857142857
4769,2,2024-08-17 17:00:00+00:00,62.0,69.0,66.0,61.0,49.0,80.0,72.0,8,5,17,65.57142857142857
4770,2,2024-08-17 18:00:00+00:00,69.0,69.0,76.0,70.0,54.0,82.0,75.0,8,5,18,70.71428571428571
4771,2,2024-08-17 19:00:00+00:00,75.0,74.0,77.0,74.0,57.0,83.0,75.0,8,5,19,73.57142857142857
4772,2,2024-08-17 20:00:00+00:00,81.0,77.0,78.0,77.0,60.0,83.0,75.0,8,5,20,75.85714285714286
4773,2,2024-08-17 21:00:00+00:00,88.0,77.0,79.0,78.0,62.0,83.0,75.0,8,5,21,77.42857142857143
4774,2,2024-08-17 22:00:00+00:00,83.0,77.0,81.0,79.0,64.0,84.0,77.0,8,5,22,77.85714285714286
4775,2,2024-08-17 23:00:00+00:00,78.0,80.0,81.0,79.0,66.0,84.0,80.0,8,5,23,78.28571428571429
4776,2,2024-08-18 00:00:00+00:00,83.0,83.0,85.0,76.0,66.0,81.0,80.0,8,6,0,79.14285714285714
4777,2,2024-08-18 01:00:00+00:00,85.0,85.0,88.0,78.0,74.0,84.0,81.0,8,6,1,82.14285714285714
4778,2,2024-08-18 02:00:00+00:00,86.0,86.0,94.0,80.0,83.0,87.0,83.0,8,6,2,85.57142857142857
4779,2,2024-08-18 03:00:00+00:00,87.0,87.0,99.0,78.0,85.0,88.0,82.0,8,6,3,86.57142857142857
4780,2,2024-08-18 04:00:00+00:00,82.0,76.0,92.0,70.0,75.0,84.0,77.0,8,6,4,79.42857142857143
4781,2,2024-08-18 05:00:00+00:00,71.0,69.0,78.0,59.0,59.0,77.0,71.0,8,6,5,69.14285714285714
4782,2,2024-08-18 06:00:00+00:00,67.0,56.0,60.0,56.0,46.0,71.0,60.0,8,6,6,59.42857142857143
4783,2,2024-08-18 07:00:00+00:00,64.0,45.0,46.0,48.0,42.0,66.0,58.0,8,6,7,52.714285714285715
4784,2,2024-08-18 08:00:00+00:00,62.0,40.0,44.0,43.0,42.0,62.0,58.0,8,6,8,50.142857142857146
4785,2,2024-08-18 09:00:00+00:00,54.0,43.0,42.0,39.0,42.0,59.0,59.0,8,6,9,48.285714285714285
4786,2,2024-08-18 10:00:00+00:00,48.0,42.0,42.0,35.0,39.0,59.0,62.0,8,6,10,46.714285714285715
4787,2,2024-08-18 11:00:00+00:00,54.0,43.0,45.0,31.0,37.0,60.0,66.0,8,6,11,48.0
4788,2,2024-08-18 12:00:00+00:00,56.0,44.0,41.0,40.0,34.0,39.0,71.0,8,6,12,46.42857142857143
4789,2,2024-08-18 13:00:00+00:00,60.0,52.0,46.0,44.0,37.0,46.0,75.0,8,6,13,51.42857142857143
4790,2,2024-08-18 14:00:00+00:00,69.0,62.0,52.0,49.0,41.0,55.0,79.0,8,6,14,58.142857142857146
4791,2,2024-08-18 15:00:00+00:00,76.0,74.0,60.0,54.0,47.0,63.0,82.0,8,6,15,65.14285714285714
4792,2,2024-08-18 16:00:00+00:00,77.0,75.0,69.0,60.0,56.0,70.0,84.0,8,6,16,70.14285714285714
4793,2,2024-08-18 17:00:00+00:00,78.0,77.0,77.0,67.0,66.0,77.0,85.0,8,6,17,75.28571428571429
4794,2,2024-08-18 18:00:00+00:00,81.0,81.0,80.0,75.0,74.0,82.0,85.0,8,6,18,79.71428571428571
4795,2,2024-08-18 19:00:00+00:00,80.0,84.0,83.0,79.0,79.0,84.0,85.0,8,6,19,82.0
4796,2,2024-08-18 20:00:00+00:00,79.0,88.0,86.0,82.0,82.0,85.0,84.0,8,6,20,83.71428571428571
4797,2,2024-08-18 21:00:00+00:00,79.0,89.0,89.0,84.0,84.0,86.0,83.0,8,6,21,84.85714285714286
4798,2,2024-08-18 22:00:00+00:00,82.0,91.0,91.0,86.0,83.0,88.0,82.0,8,6,22,86.14285714285714
4799,2,2024-08-18 23:00:00+00:00,85.0,93.0,91.0,87.0,80.0,90.0,81.0,8,6,23,86.71428571428571
4800,2,2024-08-19 00:00:00+00:00,88.0,89.0,88.0,84.0,82.0,89.0,79.0,8,0,0,85.57142857142857
4801,2,2024-08-19 01:00:00+00:00,88.0,87.0,88.0,87.0,84.0,90.0,80.0,8,0,1,86.28571428571429
4802,2,2024-08-19 02:00:00+00:00,88.0,85.0,87.0,90.0,85.0,90.0,80.0,8,0,2,86.42857142857143
4803,2,2024-08-19 03:00:00+00:00,87.0,86.0,86.0,88.0,83.0,88.0,79.0,8,0,3,85.28571428571429
4804,2,2024-08-19 04:00:00+00:00,80.0,77.0,80.0,77.0,72.0,82.0,75.0,8,0,4,77.57142857142857
4805,2,2024-08-19 05:00:00+00:00,74.0,69.0,66.0,62.0,58.0,74.0,69.0,8,0,5,67.42857142857143
4806,2,2024-08-19 06:00:00+00:00,66.0,68.0,56.0,46.0,46.0,67.0,59.0,8,0,6,58.285714285714285
4807,2,2024-08-19 07:00:00+00:00,62.0,64.0,51.0,39.0,41.0,61.0,57.0,8,0,7,53.57142857142857
4808,2,2024-08-19 08:00:00+00:00,59.0,58.0,50.0,37.0,40.0,56.0,57.0,8,0,8,51.0
4809,2,2024-08-19 09:00:00+00:00,57.0,57.0,52.0,36.0,39.0,53.0,57.0,8,0,9,50.142857142857146
4810,2,2024-08-19 10:00:00+00:00,57.0,57.0,49.0,38.0,38.0,53.0,58.0,8,0,10,50.0
4811,2,2024-08-19 11:00:00+00:00,59.0,53.0,46.0,42.0,37.0,56.0,59.0,8,0,11,50.285714285714285
4812,2,2024-08-19 12:00:00+00:00,64.0,55.0,47.0,48.0,47.0,42.0,59.0,8,0,12,51.714285714285715
4813,2,2024-08-19 13:00:00+00:00,64.0,57.0,50.0,52.0,53.0,46.0,62.0,8,0,13,54.857142857142854
4814,2,2024-08-19 14:00:00+00:00,65.0,60.0,51.0,56.0,61.0,53.0,65.0,8,0,14,58.714285714285715
4815,2,2024-08-19 15:00:00+00:00,69.0,65.0,57.0,60.0,67.0,59.0,68.0,8,0,15,63.57142857142857
4816,2,2024-08-19 16:00:00+00:00,74.0,72.0,64.0,63.0,72.0,65.0,71.0,8,0,16,68.71428571428571
4817,2,2024-08-19 17:00:00+00:00,79.0,77.0,70.0,66.0,75.0,71.0,74.0,8,0,17,73.14285714285714
4818,2,2024-08-19 18:00:00+00:00,81.0,82.0,76.0,70.0,77.0,76.0,76.0,8,0,18,76.85714285714286
4819,2,2024-08-19 19:00:00+00:00,84.0,85.0,78.0,71.0,76.0,79.0,75.0,8,0,19,78.28571428571429
4820,2,2024-08-19 20:00:00+00:00,86.0,87.0,79.0,71.0,74.0,81.0,74.0,8,0,20,78.85714285714286
4821,2,2024-08-19 21:00:00+00:00,87.0,90.0,78.0,72.0,73.0,83.0,73.0,8,0,21,79.42857142857143
4822,2,2024-08-19 22:00:00+00:00,84.0,92.0,76.0,75.0,76.0,85.0,72.0,8,0,22,80.0
4823,2,2024-08-19 23:00:00+00:00,85.0,94.0,75.0,79.0,80.0,86.0,71.0,8,0,23,81.42857142857143
4824,2,2024-08-20 00:00:00+00:00,84.0,94.0,89.0,70.0,77.0,85.0,75.0,8,1,0,82.0
4825,2,2024-08-20 01:00:00+00:00,83.0,95.0,93.0,74.0,80.0,86.0,75.0,8,1,1,83.71428571428571
4826,2,2024-08-20 02:00:00+00:00,84.0,96.0,92.0,78.0,85.0,86.0,75.0,8,1,2,85.14285714285714
4827,2,2024-08-20 03:00:00+00:00,86.0,96.0,91.0,79.0,87.0,85.0,74.0,8,1,3,85.42857142857143
4828,2,2024-08-20 04:00:00+00:00,80.0,88.0,80.0,72.0,84.0,81.0,70.0,8,1,4,79.28571428571429
4829,2,2024-08-20 05:00:00+00:00,72.0,78.0,73.0,61.0,78.0,74.0,64.0,8,1,5,71.42857142857143
4830,2,2024-08-20 06:00:00+00:00,66.0,63.0,58.0,49.0,73.0,69.0,50.0,8,1,6,61.142857142857146
4831,2,2024-08-20 07:00:00+00:00,63.0,54.0,51.0,43.0,69.0,65.0,48.0,8,1,7,56.142857142857146
4832,2,2024-08-20 08:00:00+00:00,59.0,49.0,50.0,40.0,65.0,63.0,47.0,8,1,8,53.285714285714285
4833,2,2024-08-20 09:00:00+00:00,54.0,50.0,54.0,39.0,61.0,61.0,46.0,8,1,9,52.142857142857146
4834,2,2024-08-20 10:00:00+00:00,49.0,53.0,52.0,39.0,58.0,60.0,45.0,8,1,10,50.857142857142854
4835,2,2024-08-20 11:00:00+00:00,49.0,52.0,48.0,40.0,55.0,60.0,43.0,8,1,11,49.57142857142857
4836,2,2024-08-20 12:00:00+00:00,50.0,52.0,39.0,33.0,33.0,60.0,56.0,8,1,12,46.142857142857146
4837,2,2024-08-20 13:00:00+00:00,58.0,53.0,45.0,35.0,40.0,64.0,60.0,8,1,13,50.714285714285715
4838,2,2024-08-20 14:00:00+00:00,68.0,56.0,54.0,38.0,50.0,68.0,65.0,8,1,14,57.0
4839,2,2024-08-20 15:00:00+00:00,73.0,59.0,64.0,44.0,58.0,71.0,68.0,8,1,15,62.42857142857143
4840,2,2024-08-20 16:00:00+00:00,76.0,63.0,72.0,54.0,63.0,72.0,68.0,8,1,16,66.85714285714286
4841,2,2024-08-20 17:00:00+00:00,77.0,74.0,74.0,65.0,67.0,73.0,67.0,8,1,17,71.0
4842,2,2024-08-20 18:00:00+00:00,77.0,76.0,80.0,77.0,70.0,73.0,72.0,8,1,18,75.0
4843,2,2024-08-20 19:00:00+00:00,74.0,81.0,80.0,79.0,73.0,74.0,72.0,8,1,19,76.14285714285714
4844,2,2024-08-20 20:00:00+00:00,78.0,85.0,78.0,80.0,75.0,76.0,72.0,8,1,20,77.71428571428571
4845,2,2024-08-20 21:00:00+00:00,78.0,85.0,77.0,80.0,77.0,77.0,72.0,8,1,21,78.0
4846,2,2024-08-20 22:00:00+00:00,78.0,83.0,79.0,81.0,79.0,77.0,71.0,8,1,22,78.28571428571429
4847,2,2024-08-20 23:00:00+00:00,79.0,82.0,82.0,82.0,81.0,77.0,70.0,8,1,23,79.0
4848,2,2024-08-21 00:00:00+00:00,79.0,85.0,79.0,83.0,76.0,75.0,71.0,8,2,0,78.28571428571429
4849,2,2024-08-21 01:00:00+00:00,80.0,82.0,82.0,82.0,77.0,75.0,71.0,8,2,1,78.42857142857143
4850,2,2024-08-21 02:00:00+00:00,82.0,81.0,85.0,81.0,79.0,76.0,71.0,8,2,2,79.28571428571429
4851,2,2024-08-21 03:00:00+00:00,79.0,82.0,84.0,78.0,78.0,75.0,69.0,8,2,3,77.85714285714286
4852,2,2024-08-21 04:00:00+00:00,73.0,79.0,79.0,74.0,73.0,72.0,65.0,8,2,4,73.57142857142857
4853,2,2024-08-21 05:00:00+00:00,69.0,73.0,75.0,70.0,66.0,69.0,60.0,8,2,5,68.85714285714286
4854,2,2024-08-21 06:00:00+00:00,65.0,68.0,68.0,65.0,61.0,64.0,53.0,8,2,6,63.42857142857143
4855,2,2024-08-21 07:00:00+00:00,61.0,63.0,63.0,61.0,60.0,57.0,49.0,8,2,7,59.142857142857146
4856,2,2024-08-21 08:00:00+00:00,56.0,56.0,56.0,57.0,60.0,49.0,46.0,8,2,8,54.285714285714285
4857,2,2024-08-21 09:00:00+00:00,53.0,52.0,52.0,52.0,60.0,44.0,46.0,8,2,9,51.285714285714285
4858,2,2024-08-21 10:00:00+00:00,52.0,48.0,51.0,46.0,58.0,43.0,50.0,8,2,10,49.714285714285715
4859,2,2024-08-21 11:00:00+00:00,53.0,47.0,46.0,40.0,56.0,43.0,56.0,8,2,11,48.714285714285715
4860,2,2024-08-21 12:00:00+00:00,55.0,48.0,45.0,54.0,50.0,55.0,58.0,8,2,12,52.142857142857146
4861,2,2024-08-21 13:00:00+00:00,61.0,58.0,58.0,53.0,50.0,58.0,62.0,8,2,13,57.142857142857146
4862,2,2024-08-21 14:00:00+00:00,64.0,62.0,66.0,51.0,51.0,60.0,66.0,8,2,14,60.0
4863,2,2024-08-21 15:00:00+00:00,70.0,65.0,65.0,51.0,52.0,63.0,69.0,8,2,15,62.142857142857146
4864,2,2024-08-21 16:00:00+00:00,69.0,65.0,65.0,53.0,54.0,65.0,72.0,8,2,16,63.285714285714285
4865,2,2024-08-21 17:00:00+00:00,62.0,68.0,66.0,55.0,58.0,67.0,74.0,8,2,17,64.28571428571429
4866,2,2024-08-21 18:00:00+00:00,65.0,61.0,62.0,64.0,60.0,69.0,74.0,8,2,18,65.0
4867,2,2024-08-21 19:00:00+00:00,64.0,64.0,61.0,65.0,61.0,70.0,76.0,8,2,19,65.85714285714286
4868,2,2024-08-21 20:00:00+00:00,69.0,65.0,62.0,65.0,61.0,71.0,78.0,8,2,20,67.28571428571429
4869,2,2024-08-21 21:00:00+00:00,73.0,67.0,66.0,65.0,62.0,71.0,78.0,8,2,21,68.85714285714286
4870,2,2024-08-21 22:00:00+00:00,72.0,67.0,67.0,66.0,64.0,71.0,77.0,8,2,22,69.14285714285714
4871,2,2024-08-21 23:00:00+00:00,73.0,68.0,68.0,67.0,67.0,70.0,76.0,8,2,23,69.85714285714286
4872,2,2024-08-22 00:00:00+00:00,73.0,65.0,69.0,76.0,71.0,72.0,78.0,8,3,0,72.0
4873,2,2024-08-22 01:00:00+00:00,72.0,67.0,71.0,77.0,72.0,73.0,78.0,8,3,1,72.85714285714286
4874,2,2024-08-22 02:00:00+00:00,72.0,70.0,72.0,79.0,73.0,74.0,76.0,8,3,2,73.71428571428571
4875,2,2024-08-22 03:00:00+00:00,74.0,71.0,74.0,78.0,72.0,74.0,73.0,8,3,3,73.71428571428571
4876,2,2024-08-22 04:00:00+00:00,70.0,68.0,72.0,75.0,68.0,71.0,67.0,8,3,4,70.14285714285714
4877,2,2024-08-22 05:00:00+00:00,66.0,64.0,68.0,70.0,63.0,67.0,59.0,8,3,5,65.28571428571429
4878,2,2024-08-22 06:00:00+00:00,60.0,60.0,61.0,62.0,58.0,63.0,53.0,8,3,6,59.57142857142857
4879,2,2024-08-22 07:00:00+00:00,56.0,53.0,53.0,56.0,53.0,61.0,50.0,8,3,7,54.57142857142857
4880,2,2024-08-22 08:00:00+00:00,53.0,47.0,47.0,49.0,47.0,59.0,48.0,8,3,8,50.0
4881,2,2024-08-22 09:00:00+00:00,48.0,43.0,42.0,44.0,44.0,57.0,47.0,8,3,9,46.42857142857143
4882,2,2024-08-22 10:00:00+00:00,45.0,41.0,40.0,39.0,44.0,55.0,48.0,8,3,10,44.57142857142857
4883,2,2024-08-22 11:00:00+00:00,43.0,39.0,38.0,36.0,47.0,52.0,50.0,8,3,11,43.57142857142857
4884,2,2024-08-22 12:00:00+00:00,44.0,41.0,39.0,43.0,51.0,57.0,62.0,8,3,12,48.142857142857146
4885,2,2024-08-22 13:00:00+00:00,52.0,59.0,54.0,49.0,56.0,59.0,64.0,8,3,13,56.142857142857146
4886,2,2024-08-22 14:00:00+00:00,64.0,66.0,63.0,57.0,62.0,61.0,65.0,8,3,14,62.57142857142857
4887,2,2024-08-22 15:00:00+00:00,70.0,68.0,68.0,63.0,66.0,62.0,65.0,8,3,15,66.0
4888,2,2024-08-22 16:00:00+00:00,73.0,66.0,67.0,64.0,66.0,62.0,64.0,8,3,16,66.0
4889,2,2024-08-22 17:00:00+00:00,74.0,64.0,63.0,63.0,64.0,62.0,62.0,8,3,17,64.57142857142857
4890,2,2024-08-22 18:00:00+00:00,80.0,67.0,60.0,66.0,63.0,62.0,67.0,8,3,18,66.42857142857143
4891,2,2024-08-22 19:00:00+00:00,79.0,66.0,61.0,66.0,63.0,62.0,68.0,8,3,19,66.42857142857143
4892,2,2024-08-22 20:00:00+00:00,78.0,65.0,64.0,65.0,64.0,63.0,68.0,8,3,20,66.71428571428571
4893,2,2024-08-22 21:00:00+00:00,79.0,65.0,67.0,65.0,65.0,64.0,69.0,8,3,21,67.71428571428571
4894,2,2024-08-22 22:00:00+00:00,81.0,64.0,68.0,66.0,65.0,66.0,69.0,8,3,22,68.42857142857143
4895,2,2024-08-22 23:00:00+00:00,82.0,63.0,68.0,67.0,65.0,69.0,69.0,8,3,23,69.0
4896,2,2024-08-23 00:00:00+00:00,79.0,77.0,68.0,69.0,68.0,71.0,71.0,8,4,0,71.85714285714286
4897,2,2024-08-23 01:00:00+00:00,79.0,78.0,70.0,71.0,71.0,74.0,73.0,8,4,1,73.71428571428571
4898,2,2024-08-23 02:00:00+00:00,79.0,79.0,73.0,72.0,74.0,77.0,77.0,8,4,2,75.85714285714286
4899,2,2024-08-23 03:00:00+00:00,79.0,79.0,75.0,71.0,75.0,76.0,77.0,8,4,3,76.0
4900,2,2024-08-23 04:00:00+00:00,73.0,71.0,69.0,66.0,71.0,69.0,72.0,8,4,4,70.14285714285714
4901,2,2024-08-23 05:00:00+00:00,67.0,63.0,60.0,60.0,63.0,59.0,63.0,8,4,5,62.142857142857146
4902,2,2024-08-23 06:00:00+00:00,60.0,55.0,53.0,53.0,56.0,51.0,53.0,8,4,6,54.42857142857143
4903,2,2024-08-23 07:00:00+00:00,54.0,51.0,45.0,45.0,49.0,46.0,49.0,8,4,7,48.42857142857143
4904,2,2024-08-23 08:00:00+00:00,47.0,48.0,40.0,39.0,43.0,42.0,46.0,8,4,8,43.57142857142857
4905,2,2024-08-23 09:00:00+00:00,39.0,44.0,41.0,35.0,39.0,39.0,45.0,8,4,9,40.285714285714285
4906,2,2024-08-23 10:00:00+00:00,40.0,42.0,49.0,37.0,38.0,38.0,46.0,8,4,10,41.42857142857143
4907,2,2024-08-23 11:00:00+00:00,47.0,41.0,52.0,43.0,39.0,38.0,49.0,8,4,11,44.142857142857146
4908,2,2024-08-23 12:00:00+00:00,52.0,44.0,40.0,47.0,41.0,43.0,55.0,8,4,12,46.0
4909,2,2024-08-23 13:00:00+00:00,47.0,45.0,41.0,47.0,45.0,46.0,58.0,8,4,13,47.0
4910,2,2024-08-23 14:00:00+00:00,50.0,53.0,45.0,45.0,50.0,50.0,61.0,8,4,14,50.57142857142857
4911,2,2024-08-23 15:00:00+00:00,57.0,62.0,51.0,45.0,56.0,55.0,64.0,8,4,15,55.714285714285715
4912,2,2024-08-23 16:00:00+00:00,67.0,69.0,59.0,49.0,63.0,61.0,66.0,8,4,16,62.0
4913,2,2024-08-23 17:00:00+00:00,74.0,71.0,63.0,54.0,70.0,68.0,67.0,8,4,17,66.71428571428571
4914,2,2024-08-23 18:00:00+00:00,70.0,73.0,67.0,66.0,75.0,73.0,63.0,8,4,18,69.57142857142857
4915,2,2024-08-23 19:00:00+00:00,70.0,77.0,72.0,69.0,76.0,73.0,63.0,8,4,19,71.42857142857143
4916,2,2024-08-23 20:00:00+00:00,71.0,81.0,75.0,70.0,75.0,70.0,62.0,8,4,20,72.0
4917,2,2024-08-23 21:00:00+00:00,72.0,83.0,78.0,71.0,75.0,69.0,62.0,8,4,21,72.85714285714286
4918,2,2024-08-23 22:00:00+00:00,72.0,84.0,81.0,71.0,76.0,70.0,61.0,8,4,22,73.57142857142857
4919,2,2024-08-23 23:00:00+00:00,73.0,86.0,83.0,69.0,78.0,72.0,61.0,8,4,23,74.57142857142857
4920,2,2024-08-24 00:00:00+00:00,83.0,86.0,87.0,79.0,72.0,75.0,61.0,8,5,0,77.57142857142857
4921,2,2024-08-24 01:00:00+00:00,85.0,86.0,87.0,80.0,75.0,77.0,61.0,8,5,1,78.71428571428571
4922,2,2024-08-24 02:00:00+00:00,85.0,85.0,90.0,80.0,78.0,79.0,60.0,8,5,2,79.57142857142857
4923,2,2024-08-24 03:00:00+00:00,84.0,84.0,94.0,77.0,78.0,77.0,59.0,8,5,3,79.0
4924,2,2024-08-24 04:00:00+00:00,77.0,77.0,81.0,67.0,72.0,70.0,56.0,8,5,4,71.42857142857143
4925,2,2024-08-24 05:00:00+00:00,69.0,68.0,63.0,53.0,61.0,61.0,51.0,8,5,5,60.857142857142854
4926,2,2024-08-24 06:00:00+00:00,62.0,59.0,61.0,62.0,52.0,52.0,45.0,8,5,6,56.142857142857146
4927,2,2024-08-24 07:00:00+00:00,50.0,51.0,54.0,54.0,43.0,46.0,42.0,8,5,7,48.57142857142857
4928,2,2024-08-24 08:00:00+00:00,45.0,46.0,47.0,46.0,36.0,41.0,40.0,8,5,8,43.0
4929,2,2024-08-24 09:00:00+00:00,41.0,41.0,43.0,42.0,31.0,37.0,39.0,8,5,9,39.142857142857146
4930,2,2024-08-24 10:00:00+00:00,43.0,43.0,42.0,45.0,32.0,34.0,39.0,8,5,10,39.714285714285715
4931,2,2024-08-24 11:00:00+00:00,52.0,57.0,56.0,52.0,37.0,32.0,41.0,8,5,11,46.714285714285715
4932,2,2024-08-24 12:00:00+00:00,44.0,46.0,44.0,54.0,36.0,49.0,53.0,8,5,12,46.57142857142857
4933,2,2024-08-24 13:00:00+00:00,48.0,43.0,47.0,57.0,40.0,52.0,57.0,8,5,13,49.142857142857146
4934,2,2024-08-24 14:00:00+00:00,54.0,48.0,54.0,61.0,45.0,54.0,62.0,8,5,14,54.0
4935,2,2024-08-24 15:00:00+00:00,57.0,59.0,66.0,64.0,50.0,58.0,65.0,8,5,15,59.857142857142854
4936,2,2024-08-24 16:00:00+00:00,61.0,65.0,76.0,68.0,55.0,64.0,66.0,8,5,16,65.0
4937,2,2024-08-24 17:00:00+00:00,65.0,65.0,77.0,72.0,61.0,71.0,65.0,8,5,17,68.0
4938,2,2024-08-24 18:00:00+00:00,68.0,70.0,72.0,70.0,66.0,76.0,67.0,8,5,18,69.85714285714286
4939,2,2024-08-24 19:00:00+00:00,68.0,71.0,74.0,74.0,70.0,77.0,66.0,8,5,19,71.42857142857143
4940,2,2024-08-24 20:00:00+00:00,69.0,73.0,77.0,78.0,73.0,77.0,64.0,8,5,20,73.0
4941,2,2024-08-24 21:00:00+00:00,71.0,76.0,79.0,81.0,76.0,76.0,63.0,8,5,21,74.57142857142857
4942,2,2024-08-24 22:00:00+00:00,74.0,79.0,79.0,82.0,78.0,75.0,64.0,8,5,22,75.85714285714286
4943,2,2024-08-24 23:00:00+00:00,75.0,74.0,77.0,81.0,79.0,74.0,67.0,8,5,23,75.28571428571429
4944,2,2024-08-25 00:00:00+00:00,75.0,78.0,78.0,78.0,77.0,75.0,71.0,8,6,0,76.0
4945,2,2024-08-25 01:00:00+00:00,73.0,79.0,77.0,79.0,79.0,78.0,70.0,8,6,1,76.42857142857143
4946,2,2024-08-25 02:00:00+00:00,74.0,78.0,76.0,81.0,80.0,82.0,70.0,8,6,2,77.28571428571429
4947,2,2024-08-25 03:00:00+00:00,75.0,75.0,75.0,81.0,79.0,81.0,67.0,8,6,3,76.14285714285714
4948,2,2024-08-25 04:00:00+00:00,70.0,73.0,69.0,76.0,73.0,73.0,61.0,8,6,4,70.71428571428571
4949,2,2024-08-25 05:00:00+00:00,65.0,65.0,60.0,68.0,65.0,61.0,54.0,8,6,5,62.57142857142857
4950,2,2024-08-25 06:00:00+00:00,52.0,52.0,55.0,59.0,57.0,50.0,46.0,8,6,6,53.0
4951,2,2024-08-25 07:00:00+00:00,43.0,43.0,45.0,50.0,51.0,43.0,42.0,8,6,7,45.285714285714285
4952,2,2024-08-25 08:00:00+00:00,38.0,37.0,39.0,42.0,47.0,38.0,40.0,8,6,8,40.142857142857146
4953,2,2024-08-25 09:00:00+00:00,34.0,35.0,35.0,39.0,44.0,35.0,41.0,8,6,9,37.57142857142857
4954,2,2024-08-25 10:00:00+00:00,39.0,31.0,33.0,43.0,43.0,36.0,45.0,8,6,10,38.57142857142857
4955,2,2024-08-25 11:00:00+00:00,48.0,32.0,37.0,52.0,43.0,39.0,52.0,8,6,11,43.285714285714285
4956,2,2024-08-25 12:00:00+00:00,51.0,50.0,39.0,50.0,47.0,48.0,46.0,8,6,12,47.285714285714285
4957,2,2024-08-25 13:00:00+00:00,53.0,48.0,41.0,55.0,52.0,54.0,53.0,8,6,13,50.857142857142854
4958,2,2024-08-25 14:00:00+00:00,52.0,50.0,43.0,60.0,58.0,60.0,63.0,8,6,14,55.142857142857146
4959,2,2024-08-25 15:00:00+00:00,58.0,57.0,50.0,64.0,63.0,66.0,69.0,8,6,15,61.0
4960,2,2024-08-25 16:00:00+00:00,66.0,67.0,64.0,67.0,65.0,70.0,70.0,8,6,16,67.0
4961,2,2024-08-25 17:00:00+00:00,69.0,69.0,71.0,69.0,66.0,72.0,69.0,8,6,17,69.28571428571429
4962,2,2024-08-25 18:00:00+00:00,67.0,68.0,73.0,64.0,67.0,74.0,66.0,8,6,18,68.42857142857143
4963,2,2024-08-25 19:00:00+00:00,68.0,73.0,76.0,69.0,69.0,75.0,65.0,8,6,19,70.71428571428571
4964,2,2024-08-25 20:00:00+00:00,72.0,76.0,78.0,74.0,72.0,76.0,65.0,8,6,20,73.28571428571429
4965,2,2024-08-25 21:00:00+00:00,76.0,78.0,82.0,78.0,75.0,77.0,64.0,8,6,21,75.71428571428571
4966,2,2024-08-25 22:00:00+00:00,79.0,82.0,86.0,82.0,79.0,78.0,64.0,8,6,22,78.57142857142857
4967,2,2024-08-25 23:00:00+00:00,80.0,85.0,88.0,85.0,82.0,80.0,64.0,8,6,23,80.57142857142857
4968,2,2024-08-26 00:00:00+00:00,83.0,83.0,83.0,88.0,88.0,86.0,58.0,8,0,0,81.28571428571429
4969,2,2024-08-26 01:00:00+00:00,83.0,88.0,85.0,90.0,90.0,88.0,59.0,8,0,1,83.28571428571429
4970,2,2024-08-26 02:00:00+00:00,82.0,88.0,87.0,92.0,92.0,89.0,60.0,8,0,2,84.28571428571429
4971,2,2024-08-26 03:00:00+00:00,82.0,84.0,86.0,90.0,89.0,88.0,59.0,8,0,3,82.57142857142857
4972,2,2024-08-26 04:00:00+00:00,75.0,78.0,80.0,81.0,79.0,82.0,55.0,8,0,4,75.71428571428571
4973,2,2024-08-26 05:00:00+00:00,66.0,65.0,73.0,68.0,65.0,74.0,49.0,8,0,5,65.71428571428571
4974,2,2024-08-26 06:00:00+00:00,63.0,52.0,63.0,56.0,53.0,66.0,44.0,8,0,6,56.714285714285715
4975,2,2024-08-26 07:00:00+00:00,54.0,44.0,46.0,48.0,45.0,59.0,41.0,8,0,7,48.142857142857146
4976,2,2024-08-26 08:00:00+00:00,48.0,42.0,39.0,40.0,40.0,52.0,40.0,8,0,8,43.0
4977,2,2024-08-26 09:00:00+00:00,47.0,37.0,38.0,36.0,37.0,49.0,39.0,8,0,9,40.42857142857143
4978,2,2024-08-26 10:00:00+00:00,44.0,33.0,38.0,36.0,38.0,52.0,39.0,8,0,10,40.0
4979,2,2024-08-26 11:00:00+00:00,38.0,34.0,40.0,38.0,42.0,59.0,40.0,8,0,11,41.57142857142857
4980,2,2024-08-26 12:00:00+00:00,30.0,45.0,36.0,37.0,45.0,45.0,40.0,8,0,12,39.714285714285715
4981,2,2024-08-26 13:00:00+00:00,36.0,53.0,38.0,39.0,45.0,46.0,44.0,8,0,13,43.0
4982,2,2024-08-26 14:00:00+00:00,43.0,59.0,44.0,42.0,46.0,48.0,49.0,8,0,14,47.285714285714285
4983,2,2024-08-26 15:00:00+00:00,51.0,64.0,57.0,46.0,48.0,50.0,53.0,8,0,15,52.714285714285715
4984,2,2024-08-26 16:00:00+00:00,59.0,72.0,65.0,53.0,54.0,55.0,54.0,8,0,16,58.857142857142854
4985,2,2024-08-26 17:00:00+00:00,66.0,78.0,73.0,61.0,62.0,62.0,54.0,8,0,17,65.14285714285714
4986,2,2024-08-26 18:00:00+00:00,75.0,74.0,75.0,74.0,69.0,67.0,57.0,8,0,18,70.14285714285714
4987,2,2024-08-26 19:00:00+00:00,78.0,77.0,79.0,77.0,73.0,70.0,58.0,8,0,19,73.14285714285714
4988,2,2024-08-26 20:00:00+00:00,80.0,81.0,81.0,78.0,76.0,72.0,58.0,8,0,20,75.14285714285714
4989,2,2024-08-26 21:00:00+00:00,80.0,83.0,82.0,80.0,78.0,74.0,58.0,8,0,21,76.42857142857143
4990,2,2024-08-26 22:00:00+00:00,82.0,84.0,85.0,83.0,81.0,75.0,57.0,8,0,22,78.14285714285714
4991,2,2024-08-26 23:00:00+00:00,85.0,87.0,88.0,85.0,83.0,76.0,55.0,8,0,23,79.85714285714286
4992,2,2024-08-27 00:00:00+00:00,83.0,80.0,91.0,82.0,88.0,80.0,55.0,8,1,0,79.85714285714286
4993,2,2024-08-27 01:00:00+00:00,81.0,81.0,92.0,85.0,90.0,80.0,57.0,8,1,1,80.85714285714286
4994,2,2024-08-27 02:00:00+00:00,79.0,84.0,91.0,87.0,92.0,81.0,61.0,8,1,2,82.14285714285714
4995,2,2024-08-27 03:00:00+00:00,79.0,84.0,89.0,86.0,89.0,78.0,61.0,8,1,3,80.85714285714286
4996,2,2024-08-27 04:00:00+00:00,68.0,76.0,80.0,78.0,80.0,70.0,55.0,8,1,4,72.42857142857143
4997,2,2024-08-27 05:00:00+00:00,53.0,59.0,72.0,66.0,66.0,60.0,47.0,8,1,5,60.42857142857143
4998,2,2024-08-27 06:00:00+00:00,42.0,53.0,60.0,60.0,54.0,50.0,41.0,8,1,6,51.42857142857143
4999,2,2024-08-27 07:00:00+00:00,35.0,45.0,49.0,51.0,44.0,43.0,39.0,8,1,7,43.714285714285715
5000,2,2024-08-27 08:00:00+00:00,34.0,40.0,44.0,42.0,35.0,36.0,38.0,8,1,8,38.42857142857143
5001,2,2024-08-27 09:00:00+00:00,36.0,35.0,41.0,36.0,31.0,31.0,37.0,8,1,9,35.285714285714285
5002,2,2024-08-27 10:00:00+00:00,38.0,33.0,45.0,35.0,35.0,27.0,38.0,8,1,10,35.857142857142854
5003,2,2024-08-27 11:00:00+00:00,42.0,34.0,51.0,37.0,43.0,24.0,39.0,8,1,11,38.57142857142857
5004,2,2024-08-27 12:00:00+00:00,53.0,41.0,36.0,38.0,46.0,47.0,39.0,8,1,12,42.857142857142854
5005,2,2024-08-27 13:00:00+00:00,59.0,48.0,42.0,39.0,47.0,49.0,42.0,8,1,13,46.57142857142857
5006,2,2024-08-27 14:00:00+00:00,61.0,58.0,47.0,39.0,46.0,50.0,46.0,8,1,14,49.57142857142857
5007,2,2024-08-27 15:00:00+00:00,70.0,67.0,54.0,42.0,48.0,52.0,49.0,8,1,15,54.57142857142857
5008,2,2024-08-27 16:00:00+00:00,74.0,75.0,61.0,47.0,55.0,58.0,51.0,8,1,16,60.142857142857146
5009,2,2024-08-27 17:00:00+00:00,77.0,78.0,69.0,55.0,64.0,66.0,53.0,8,1,17,66.0
5010,2,2024-08-27 18:00:00+00:00,77.0,85.0,76.0,68.0,71.0,71.0,49.0,8,1,18,71.0
5011,2,2024-08-27 19:00:00+00:00,78.0,88.0,81.0,71.0,75.0,71.0,48.0,8,1,19,73.14285714285714
5012,2,2024-08-27 20:00:00+00:00,79.0,91.0,84.0,73.0,77.0,68.0,47.0,8,1,20,74.14285714285714
5013,2,2024-08-27 21:00:00+00:00,82.0,93.0,85.0,75.0,78.0,66.0,47.0,8,1,21,75.14285714285714
5014,2,2024-08-27 22:00:00+00:00,86.0,95.0,85.0,78.0,77.0,66.0,47.0,8,1,22,76.28571428571429
5015,2,2024-08-27 23:00:00+00:00,88.0,91.0,85.0,82.0,75.0,68.0,47.0,8,1,23,76.57142857142857
5016,2,2024-08-28 00:00:00+00:00,80.0,87.0,86.0,92.0,85.0,80.0,68.0,8,2,0,82.57142857142857
5017,2,2024-08-28 01:00:00+00:00,64.0,82.0,88.0,95.0,89.0,81.0,69.0,8,2,1,81.14285714285714
5018,2,2024-08-28 02:00:00+00:00,57.0,88.0,89.0,97.0,93.0,82.0,67.0,8,2,2,81.85714285714286
5019,2,2024-08-28 03:00:00+00:00,57.0,89.0,88.0,95.0,93.0,80.0,63.0,8,2,3,80.71428571428571
5020,2,2024-08-28 04:00:00+00:00,58.0,78.0,75.0,86.0,85.0,73.0,55.0,8,2,4,72.85714285714286
5021,2,2024-08-28 05:00:00+00:00,58.0,58.0,63.0,72.0,73.0,62.0,44.0,8,2,5,61.42857142857143
5022,2,2024-08-28 06:00:00+00:00,56.0,55.0,54.0,53.0,62.0,52.0,32.0,8,2,6,52.0
5023,2,2024-08-28 07:00:00+00:00,55.0,57.0,49.0,45.0,53.0,43.0,30.0,8,2,7,47.42857142857143
5024,2,2024-08-28 08:00:00+00:00,55.0,51.0,44.0,39.0,44.0,35.0,29.0,8,2,8,42.42857142857143
5025,2,2024-08-28 09:00:00+00:00,55.0,50.0,41.0,35.0,38.0,30.0,29.0,8,2,9,39.714285714285715
5026,2,2024-08-28 10:00:00+00:00,57.0,52.0,43.0,34.0,35.0,31.0,27.0,8,2,10,39.857142857142854
5027,2,2024-08-28 11:00:00+00:00,59.0,54.0,46.0,36.0,35.0,36.0,26.0,8,2,11,41.714285714285715
5028,2,2024-08-28 12:00:00+00:00,61.0,57.0,55.0,57.0,37.0,45.0,33.0,8,2,12,49.285714285714285
5029,2,2024-08-28 13:00:00+00:00,65.0,62.0,59.0,58.0,40.0,46.0,35.0,8,2,13,52.142857142857146
5030,2,2024-08-28 14:00:00+00:00,71.0,65.0,61.0,59.0,44.0,48.0,38.0,8,2,14,55.142857142857146
5031,2,2024-08-28 15:00:00+00:00,76.0,66.0,64.0,60.0,48.0,52.0,40.0,8,2,15,58.0
5032,2,2024-08-28 16:00:00+00:00,81.0,70.0,68.0,63.0,53.0,60.0,39.0,8,2,16,62.0
5033,2,2024-08-28 17:00:00+00:00,85.0,72.0,70.0,66.0,58.0,69.0,36.0,8,2,17,65.14285714285714
5034,2,2024-08-28 18:00:00+00:00,82.0,84.0,77.0,80.0,63.0,76.0,47.0,8,2,18,72.71428571428571
5035,2,2024-08-28 19:00:00+00:00,83.0,85.0,78.0,84.0,69.0,77.0,45.0,8,2,19,74.42857142857143
5036,2,2024-08-28 20:00:00+00:00,84.0,86.0,80.0,86.0,74.0,76.0,44.0,8,2,20,75.71428571428571
5037,2,2024-08-28 21:00:00+00:00,85.0,87.0,79.0,86.0,79.0,74.0,44.0,8,2,21,76.28571428571429
5038,2,2024-08-28 22:00:00+00:00,84.0,87.0,78.0,82.0,82.0,73.0,46.0,8,2,22,76.0
5039,2,2024-08-28 23:00:00+00:00,78.0,83.0,75.0,75.0,83.0,71.0,49.0,8,2,23,73.42857142857143
5040,2,2024-08-29 00:00:00+00:00,74.0,86.0,73.0,67.0,79.0,88.0,58.0,8,3,0,75.0
5041,2,2024-08-29 01:00:00+00:00,72.0,83.0,71.0,66.0,84.0,88.0,56.0,8,3,1,74.28571428571429
5042,2,2024-08-29 02:00:00+00:00,69.0,81.0,73.0,66.0,90.0,88.0,55.0,8,3,2,74.57142857142857
5043,2,2024-08-29 03:00:00+00:00,70.0,72.0,78.0,65.0,89.0,84.0,52.0,8,3,3,72.85714285714286
5044,2,2024-08-29 04:00:00+00:00,70.0,59.0,63.0,60.0,77.0,75.0,47.0,8,3,4,64.42857142857143
5045,2,2024-08-29 05:00:00+00:00,65.0,57.0,55.0,54.0,58.0,63.0,41.0,8,3,5,56.142857142857146
5046,2,2024-08-29 06:00:00+00:00,59.0,57.0,49.0,49.0,43.0,51.0,26.0,8,3,6,47.714285714285715
5047,2,2024-08-29 07:00:00+00:00,54.0,51.0,45.0,47.0,34.0,41.0,24.0,8,3,7,42.285714285714285
5048,2,2024-08-29 08:00:00+00:00,50.0,48.0,45.0,47.0,28.0,31.0,23.0,8,3,8,38.857142857142854
5049,2,2024-08-29 09:00:00+00:00,47.0,48.0,46.0,47.0,25.0,25.0,24.0,8,3,9,37.42857142857143
5050,2,2024-08-29 10:00:00+00:00,50.0,48.0,45.0,46.0,24.0,23.0,25.0,8,3,10,37.285714285714285
5051,2,2024-08-29 11:00:00+00:00,53.0,48.0,44.0,46.0,27.0,25.0,27.0,8,3,11,38.57142857142857
5052,2,2024-08-29 12:00:00+00:00,48.0,48.0,45.0,41.0,45.0,48.0,38.0,8,3,12,44.714285714285715
5053,2,2024-08-29 13:00:00+00:00,50.0,51.0,45.0,42.0,46.0,53.0,46.0,8,3,13,47.57142857142857
5054,2,2024-08-29 14:00:00+00:00,57.0,52.0,51.0,44.0,48.0,58.0,55.0,8,3,14,52.142857142857146
5055,2,2024-08-29 15:00:00+00:00,55.0,53.0,50.0,46.0,49.0,62.0,61.0,8,3,15,53.714285714285715
5056,2,2024-08-29 16:00:00+00:00,55.0,53.0,47.0,47.0,49.0,64.0,59.0,8,3,16,53.42857142857143
5057,2,2024-08-29 17:00:00+00:00,57.0,49.0,44.0,48.0,48.0,66.0,54.0,8,3,17,52.285714285714285
5058,2,2024-08-29 18:00:00+00:00,57.0,49.0,48.0,47.0,47.0,67.0,48.0,8,3,18,51.857142857142854
5059,2,2024-08-29 19:00:00+00:00,60.0,53.0,52.0,48.0,46.0,68.0,48.0,8,3,19,53.57142857142857
5060,2,2024-08-29 20:00:00+00:00,62.0,55.0,55.0,50.0,46.0,70.0,48.0,8,3,20,55.142857142857146
5061,2,2024-08-29 21:00:00+00:00,63.0,56.0,57.0,51.0,45.0,70.0,48.0,8,3,21,55.714285714285715
5062,2,2024-08-29 22:00:00+00:00,64.0,55.0,57.0,50.0,44.0,70.0,49.0,8,3,22,55.57142857142857
5063,2,2024-08-29 23:00:00+00:00,65.0,54.0,56.0,48.0,44.0,68.0,51.0,8,3,23,55.142857142857146
5064,2,2024-08-30 00:00:00+00:00,57.0,52.0,58.0,47.0,45.0,85.0,68.0,8,4,0,58.857142857142854
5065,2,2024-08-30 01:00:00+00:00,55.0,47.0,56.0,48.0,46.0,86.0,67.0,8,4,1,57.857142857142854
5066,2,2024-08-30 02:00:00+00:00,48.0,46.0,56.0,49.0,49.0,86.0,65.0,8,4,2,57.0
5067,2,2024-08-30 03:00:00+00:00,43.0,51.0,57.0,50.0,50.0,83.0,62.0,8,4,3,56.57142857142857
5068,2,2024-08-30 04:00:00+00:00,44.0,54.0,50.0,50.0,50.0,73.0,58.0,8,4,4,54.142857142857146
5069,2,2024-08-30 05:00:00+00:00,48.0,51.0,48.0,49.0,49.0,60.0,54.0,8,4,5,51.285714285714285
5070,2,2024-08-30 06:00:00+00:00,50.0,48.0,46.0,47.0,47.0,51.0,43.0,8,4,6,47.42857142857143
5071,2,2024-08-30 07:00:00+00:00,48.0,46.0,45.0,43.0,45.0,50.0,43.0,8,4,7,45.714285714285715
5072,2,2024-08-30 08:00:00+00:00,46.0,44.0,43.0,39.0,43.0,52.0,47.0,8,4,8,44.857142857142854
5073,2,2024-08-30 09:00:00+00:00,43.0,44.0,42.0,36.0,41.0,55.0,49.0,8,4,9,44.285714285714285
5074,2,2024-08-30 10:00:00+00:00,44.0,43.0,42.0,35.0,40.0,56.0,47.0,8,4,10,43.857142857142854
5075,2,2024-08-30 11:00:00+00:00,47.0,45.0,44.0,36.0,39.0,57.0,43.0,8,4,11,44.42857142857143
5076,2,2024-08-30 12:00:00+00:00,46.0,50.0,46.0,50.0,37.0,41.0,47.0,8,4,12,45.285714285714285
5077,2,2024-08-30 13:00:00+00:00,43.0,48.0,45.0,51.0,38.0,44.0,53.0,8,4,13,46.0
5078,2,2024-08-30 14:00:00+00:00,47.0,55.0,49.0,52.0,40.0,50.0,61.0,8,4,14,50.57142857142857
5079,2,2024-08-30 15:00:00+00:00,51.0,54.0,52.0,53.0,42.0,54.0,66.0,8,4,15,53.142857142857146
5080,2,2024-08-30 16:00:00+00:00,53.0,57.0,54.0,54.0,46.0,56.0,65.0,8,4,16,55.0
5081,2,2024-08-30 17:00:00+00:00,57.0,55.0,57.0,55.0,50.0,57.0,62.0,8,4,17,56.142857142857146
5082,2,2024-08-30 18:00:00+00:00,54.0,57.0,57.0,51.0,54.0,58.0,64.0,8,4,18,56.42857142857143
5083,2,2024-08-30 19:00:00+00:00,57.0,56.0,60.0,54.0,56.0,58.0,65.0,8,4,19,58.0
5084,2,2024-08-30 20:00:00+00:00,61.0,56.0,59.0,57.0,56.0,58.0,67.0,8,4,20,59.142857142857146
5085,2,2024-08-30 21:00:00+00:00,62.0,52.0,59.0,58.0,56.0,59.0,69.0,8,4,21,59.285714285714285
5086,2,2024-08-30 22:00:00+00:00,63.0,47.0,54.0,57.0,56.0,62.0,70.0,8,4,22,58.42857142857143
5087,2,2024-08-30 23:00:00+00:00,59.0,46.0,50.0,54.0,56.0,66.0,70.0,8,4,23,57.285714285714285
5088,2,2024-08-31 00:00:00+00:00,51.0,54.0,49.0,50.0,49.0,52.0,71.0,8,5,0,53.714285714285715
5089,2,2024-08-31 01:00:00+00:00,47.0,54.0,48.0,49.0,46.0,51.0,70.0,8,5,1,52.142857142857146
5090,2,2024-08-31 02:00:00+00:00,45.0,52.0,46.0,48.0,43.0,51.0,69.0,8,5,2,50.57142857142857
5091,2,2024-08-31 03:00:00+00:00,41.0,49.0,43.0,47.0,42.0,49.0,67.0,8,5,3,48.285714285714285
5092,2,2024-08-31 04:00:00+00:00,44.0,42.0,45.0,46.0,44.0,45.0,64.0,8,5,4,47.142857142857146
5093,2,2024-08-31 05:00:00+00:00,53.0,46.0,50.0,45.0,47.0,39.0,61.0,8,5,5,48.714285714285715
5094,2,2024-08-31 06:00:00+00:00,53.0,53.0,46.0,42.0,49.0,36.0,46.0,8,5,6,46.42857142857143
5095,2,2024-08-31 07:00:00+00:00,47.0,50.0,43.0,43.0,49.0,37.0,43.0,8,5,7,44.57142857142857
5096,2,2024-08-31 08:00:00+00:00,46.0,50.0,43.0,45.0,47.0,40.0,42.0,8,5,8,44.714285714285715
5097,2,2024-08-31 09:00:00+00:00,48.0,55.0,45.0,47.0,47.0,42.0,42.0,8,5,9,46.57142857142857
5098,2,2024-08-31 10:00:00+00:00,48.0,56.0,47.0,49.0,48.0,42.0,43.0,8,5,10,47.57142857142857
5099,2,2024-08-31 11:00:00+00:00,50.0,56.0,50.0,50.0,50.0,41.0,46.0,8,5,11,49.0
5100,2,2024-08-31 12:00:00+00:00,46.0,56.0,57.0,58.0,51.0,54.0,51.0,8,5,12,53.285714285714285
5101,2,2024-08-31 13:00:00+00:00,53.0,57.0,57.0,62.0,54.0,58.0,55.0,8,5,13,56.57142857142857
5102,2,2024-08-31 14:00:00+00:00,56.0,61.0,62.0,67.0,58.0,63.0,59.0,8,5,14,60.857142857142854
5103,2,2024-08-31 15:00:00+00:00,56.0,63.0,64.0,70.0,62.0,66.0,63.0,8,5,15,63.42857142857143
5104,2,2024-08-31 16:00:00+00:00,60.0,65.0,67.0,72.0,65.0,68.0,65.0,8,5,16,66.0
5105,2,2024-08-31 17:00:00+00:00,65.0,67.0,69.0,74.0,67.0,70.0,65.0,8,5,17,68.14285714285714
5106,2,2024-08-31 18:00:00+00:00,66.0,68.0,70.0,67.0,69.0,71.0,66.0,8,5,18,68.14285714285714
5107,2,2024-08-31 19:00:00+00:00,68.0,70.0,71.0,69.0,70.0,73.0,65.0,8,5,19,69.42857142857143
5108,2,2024-08-31 20:00:00+00:00,70.0,74.0,72.0,72.0,71.0,75.0,64.0,8,5,20,71.14285714285714
5109,2,2024-08-31 21:00:00+00:00,71.0,77.0,73.0,74.0,71.0,77.0,63.0,8,5,21,72.28571428571429
5110,2,2024-08-31 22:00:00+00:00,70.0,78.0,74.0,76.0,71.0,77.0,63.0,8,5,22,72.71428571428571
5111,2,2024-08-31 23:00:00+00:00,68.0,81.0,75.0,77.0,70.0,77.0,64.0,8,5,23,73.14285714285714
5112,2,2024-09-01 00:00:00+00:00,71.0,76.0,74.0,75.0,76.0,70.0,68.0,9,6,0,72.85714285714286
5113,2,2024-09-01 01:00:00+00:00,68.0,78.0,75.0,77.0,78.0,69.0,68.0,9,6,1,73.28571428571429
5114,2,2024-09-01 02:00:00+00:00,68.0,77.0,75.0,78.0,79.0,68.0,67.0,9,6,2,73.14285714285714
5115,2,2024-09-01 03:00:00+00:00,69.0,73.0,73.0,78.0,78.0,66.0,64.0,9,6,3,71.57142857142857
5116,2,2024-09-01 04:00:00+00:00,63.0,66.0,66.0,74.0,71.0,62.0,58.0,9,6,4,65.71428571428571
5117,2,2024-09-01 05:00:00+00:00,57.0,60.0,58.0,68.0,61.0,57.0,50.0,9,6,5,58.714285714285715
5118,2,2024-09-01 06:00:00+00:00,56.0,58.0,56.0,51.0,53.0,53.0,50.0,9,6,6,53.857142857142854
5119,2,2024-09-01 07:00:00+00:00,53.0,53.0,51.0,48.0,49.0,52.0,46.0,9,6,7,50.285714285714285
5120,2,2024-09-01 08:00:00+00:00,50.0,53.0,51.0,46.0,46.0,52.0,42.0,9,6,8,48.57142857142857
5121,2,2024-09-01 09:00:00+00:00,50.0,51.0,49.0,45.0,45.0,52.0,40.0,9,6,9,47.42857142857143
5122,2,2024-09-01 10:00:00+00:00,50.0,51.0,46.0,45.0,45.0,51.0,39.0,9,6,10,46.714285714285715
5123,2,2024-09-01 11:00:00+00:00,50.0,50.0,51.0,47.0,47.0,50.0,39.0,9,6,11,47.714285714285715
5124,2,2024-09-01 12:00:00+00:00,52.0,54.0,55.0,55.0,54.0,48.0,34.0,9,6,12,50.285714285714285
5125,2,2024-09-01 13:00:00+00:00,55.0,56.0,55.0,58.0,57.0,52.0,42.0,9,6,13,53.57142857142857
5126,2,2024-09-01 14:00:00+00:00,55.0,61.0,57.0,61.0,60.0,57.0,53.0,9,6,14,57.714285714285715
5127,2,2024-09-01 15:00:00+00:00,60.0,63.0,60.0,64.0,63.0,62.0,61.0,9,6,15,61.857142857142854
5128,2,2024-09-01 16:00:00+00:00,65.0,67.0,64.0,67.0,67.0,67.0,64.0,9,6,16,65.85714285714286
5129,2,2024-09-01 17:00:00+00:00,67.0,69.0,69.0,71.0,71.0,71.0,64.0,9,6,17,68.85714285714286
5130,2,2024-09-01 18:00:00+00:00,72.0,71.0,76.0,70.0,74.0,75.0,67.0,9,6,18,72.14285714285714
5131,2,2024-09-01 19:00:00+00:00,74.0,74.0,79.0,72.0,76.0,77.0,67.0,9,6,19,74.14285714285714
5132,2,2024-09-01 20:00:00+00:00,76.0,75.0,80.0,73.0,77.0,77.0,67.0,9,6,20,75.0
5133,2,2024-09-01 21:00:00+00:00,77.0,74.0,79.0,74.0,78.0,78.0,67.0,9,6,21,75.28571428571429
5134,2,2024-09-01 22:00:00+00:00,78.0,74.0,78.0,73.0,80.0,80.0,66.0,9,6,22,75.57142857142857
5135,2,2024-09-01 23:00:00+00:00,80.0,75.0,81.0,70.0,82.0,83.0,65.0,9,6,23,76.57142857142857
5136,2,2024-09-02 00:00:00+00:00,78.0,81.0,81.0,76.0,78.0,79.0,61.0,9,0,0,76.28571428571429
5137,2,2024-09-02 01:00:00+00:00,80.0,80.0,81.0,75.0,79.0,82.0,61.0,9,0,1,76.85714285714286
5138,2,2024-09-02 02:00:00+00:00,81.0,81.0,83.0,74.0,80.0,84.0,60.0,9,0,2,77.57142857142857
5139,2,2024-09-02 03:00:00+00:00,81.0,81.0,85.0,72.0,78.0,84.0,58.0,9,0,3,77.0
5140,2,2024-09-02 04:00:00+00:00,72.0,75.0,78.0,69.0,72.0,77.0,55.0,9,0,4,71.14285714285714
5141,2,2024-09-02 05:00:00+00:00,70.0,71.0,73.0,66.0,63.0,67.0,51.0,9,0,5,65.85714285714286
5142,2,2024-09-02 06:00:00+00:00,66.0,64.0,64.0,63.0,56.0,59.0,49.0,9,0,6,60.142857142857146
5143,2,2024-09-02 07:00:00+00:00,64.0,59.0,58.0,59.0,51.0,54.0,46.0,9,0,7,55.857142857142854
5144,2,2024-09-02 08:00:00+00:00,59.0,55.0,55.0,57.0,47.0,50.0,43.0,9,0,8,52.285714285714285
5145,2,2024-09-02 09:00:00+00:00,58.0,53.0,53.0,55.0,45.0,47.0,41.0,9,0,9,50.285714285714285
5146,2,2024-09-02 10:00:00+00:00,57.0,55.0,50.0,53.0,46.0,46.0,38.0,9,0,10,49.285714285714285
5147,2,2024-09-02 11:00:00+00:00,54.0,54.0,48.0,52.0,48.0,47.0,36.0,9,0,11,48.42857142857143
5148,2,2024-09-02 12:00:00+00:00,56.0,45.0,54.0,47.0,51.0,44.0,41.0,9,0,12,48.285714285714285
5149,2,2024-09-02 13:00:00+00:00,60.0,46.0,57.0,51.0,53.0,48.0,47.0,9,0,13,51.714285714285715
5150,2,2024-09-02 14:00:00+00:00,61.0,54.0,57.0,55.0,56.0,53.0,55.0,9,0,14,55.857142857142854
5151,2,2024-09-02 15:00:00+00:00,63.0,61.0,61.0,59.0,58.0,58.0,61.0,9,0,15,60.142857142857146
5152,2,2024-09-02 16:00:00+00:00,67.0,68.0,66.0,63.0,59.0,64.0,63.0,9,0,16,64.28571428571429
5153,2,2024-09-02 17:00:00+00:00,69.0,71.0,70.0,67.0,60.0,70.0,62.0,9,0,17,67.0
5154,2,2024-09-02 18:00:00+00:00,71.0,74.0,71.0,74.0,62.0,75.0,59.0,9,0,18,69.42857142857143
5155,2,2024-09-02 19:00:00+00:00,71.0,75.0,78.0,78.0,65.0,78.0,56.0,9,0,19,71.57142857142857
5156,2,2024-09-02 20:00:00+00:00,71.0,76.0,80.0,81.0,69.0,80.0,51.0,9,0,20,72.57142857142857
5157,2,2024-09-02 21:00:00+00:00,73.0,74.0,80.0,83.0,72.0,81.0,49.0,9,0,21,73.14285714285714
5158,2,2024-09-02 22:00:00+00:00,75.0,74.0,81.0,85.0,74.0,81.0,51.0,9,0,22,74.42857142857143
5159,2,2024-09-02 23:00:00+00:00,76.0,77.0,83.0,87.0,76.0,81.0,55.0,9,0,23,76.42857142857143
5160,2,2024-09-03 00:00:00+00:00,76.0,77.0,89.0,84.0,81.0,78.0,64.0,9,1,0,78.42857142857143
5161,2,2024-09-03 01:00:00+00:00,72.0,70.0,90.0,85.0,81.0,80.0,65.0,9,1,1,77.57142857142857
5162,2,2024-09-03 02:00:00+00:00,70.0,65.0,88.0,85.0,81.0,82.0,67.0,9,1,2,76.85714285714286
5163,2,2024-09-03 03:00:00+00:00,66.0,63.0,86.0,82.0,78.0,81.0,65.0,9,1,3,74.42857142857143
5164,2,2024-09-03 04:00:00+00:00,53.0,51.0,78.0,72.0,73.0,73.0,57.0,9,1,4,65.28571428571429
5165,2,2024-09-03 05:00:00+00:00,45.0,44.0,68.0,59.0,66.0,61.0,46.0,9,1,5,55.57142857142857
5166,2,2024-09-03 06:00:00+00:00,39.0,40.0,43.0,58.0,59.0,51.0,39.0,9,1,6,47.0
5167,2,2024-09-03 07:00:00+00:00,45.0,44.0,38.0,50.0,51.0,46.0,37.0,9,1,7,44.42857142857143
5168,2,2024-09-03 08:00:00+00:00,52.0,53.0,38.0,41.0,43.0,43.0,37.0,9,1,8,43.857142857142854
5169,2,2024-09-03 09:00:00+00:00,53.0,55.0,41.0,35.0,37.0,41.0,38.0,9,1,9,42.857142857142854
5170,2,2024-09-03 10:00:00+00:00,56.0,56.0,47.0,33.0,34.0,40.0,39.0,9,1,10,43.57142857142857
5171,2,2024-09-03 11:00:00+00:00,58.0,56.0,48.0,35.0,33.0,39.0,42.0,9,1,11,44.42857142857143
5172,2,2024-09-03 12:00:00+00:00,57.0,58.0,57.0,36.0,43.0,36.0,41.0,9,1,12,46.857142857142854
5173,2,2024-09-03 13:00:00+00:00,62.0,60.0,57.0,40.0,50.0,40.0,47.0,9,1,13,50.857142857142854
5174,2,2024-09-03 14:00:00+00:00,65.0,64.0,60.0,45.0,59.0,46.0,54.0,9,1,14,56.142857142857146
5175,2,2024-09-03 15:00:00+00:00,69.0,73.0,63.0,51.0,67.0,52.0,59.0,9,1,15,62.0
5176,2,2024-09-03 16:00:00+00:00,76.0,77.0,70.0,57.0,72.0,58.0,62.0,9,1,16,67.42857142857143
5177,2,2024-09-03 17:00:00+00:00,82.0,80.0,75.0,64.0,76.0,64.0,62.0,9,1,17,71.85714285714286
5178,2,2024-09-03 18:00:00+00:00,87.0,84.0,79.0,71.0,79.0,69.0,62.0,9,1,18,75.85714285714286
5179,2,2024-09-03 19:00:00+00:00,90.0,87.0,82.0,76.0,82.0,72.0,62.0,9,1,19,78.71428571428571
5180,2,2024-09-03 20:00:00+00:00,92.0,90.0,85.0,80.0,83.0,73.0,61.0,9,1,20,80.57142857142857
5181,2,2024-09-03 21:00:00+00:00,94.0,92.0,86.0,83.0,85.0,74.0,60.0,9,1,21,82.0
5182,2,2024-09-03 22:00:00+00:00,93.0,95.0,87.0,84.0,87.0,76.0,60.0,9,1,22,83.14285714285714
5183,2,2024-09-03 23:00:00+00:00,94.0,95.0,88.0,85.0,88.0,78.0,61.0,9,1,23,84.14285714285714
5184,2,2024-09-04 00:00:00+00:00,92.0,94.0,90.0,79.0,88.0,83.0,60.0,9,2,0,83.71428571428571
5185,2,2024-09-04 01:00:00+00:00,92.0,94.0,89.0,81.0,89.0,84.0,61.0,9,2,1,84.28571428571429
5186,2,2024-09-04 02:00:00+00:00,93.0,93.0,86.0,83.0,89.0,85.0,62.0,9,2,2,84.42857142857143
5187,2,2024-09-04 03:00:00+00:00,92.0,91.0,86.0,82.0,87.0,82.0,61.0,9,2,3,83.0
5188,2,2024-09-04 04:00:00+00:00,87.0,86.0,82.0,75.0,80.0,73.0,56.0,9,2,4,77.0
5189,2,2024-09-04 05:00:00+00:00,81.0,79.0,73.0,65.0,70.0,62.0,48.0,9,2,5,68.28571428571429
5190,2,2024-09-04 06:00:00+00:00,67.0,65.0,59.0,60.0,61.0,51.0,42.0,9,2,6,57.857142857142854
5191,2,2024-09-04 07:00:00+00:00,52.0,52.0,50.0,52.0,54.0,43.0,39.0,9,2,7,48.857142857142854
5192,2,2024-09-04 08:00:00+00:00,47.0,47.0,45.0,45.0,48.0,36.0,36.0,9,2,8,43.42857142857143
5193,2,2024-09-04 09:00:00+00:00,46.0,45.0,45.0,41.0,45.0,32.0,36.0,9,2,9,41.42857142857143
5194,2,2024-09-04 10:00:00+00:00,48.0,44.0,47.0,39.0,45.0,33.0,38.0,9,2,10,42.0
5195,2,2024-09-04 11:00:00+00:00,49.0,46.0,47.0,40.0,47.0,36.0,42.0,9,2,11,43.857142857142854
5196,2,2024-09-04 12:00:00+00:00,42.0,51.0,42.0,44.0,44.0,37.0,46.0,9,2,12,43.714285714285715
5197,2,2024-09-04 13:00:00+00:00,45.0,51.0,45.0,47.0,51.0,44.0,50.0,9,2,13,47.57142857142857
5198,2,2024-09-04 14:00:00+00:00,51.0,56.0,58.0,50.0,59.0,53.0,53.0,9,2,14,54.285714285714285
5199,2,2024-09-04 15:00:00+00:00,58.0,69.0,74.0,55.0,66.0,61.0,56.0,9,2,15,62.714285714285715
5200,2,2024-09-04 16:00:00+00:00,66.0,77.0,76.0,63.0,69.0,66.0,58.0,9,2,16,67.85714285714286
5201,2,2024-09-04 17:00:00+00:00,74.0,81.0,74.0,73.0,69.0,69.0,60.0,9,2,17,71.42857142857143
5202,2,2024-09-04 18:00:00+00:00,79.0,84.0,80.0,72.0,69.0,72.0,53.0,9,2,18,72.71428571428571
5203,2,2024-09-04 19:00:00+00:00,82.0,86.0,81.0,74.0,69.0,74.0,53.0,9,2,19,74.14285714285714
5204,2,2024-09-04 20:00:00+00:00,83.0,87.0,83.0,76.0,68.0,75.0,53.0,9,2,20,75.0
5205,2,2024-09-04 21:00:00+00:00,84.0,87.0,83.0,78.0,69.0,77.0,53.0,9,2,21,75.85714285714286
5206,2,2024-09-04 22:00:00+00:00,86.0,87.0,85.0,79.0,72.0,79.0,53.0,9,2,22,77.28571428571429
5207,2,2024-09-04 23:00:00+00:00,88.0,88.0,87.0,81.0,75.0,81.0,52.0,9,2,23,78.85714285714286
5208,2,2024-09-05 00:00:00+00:00,84.0,87.0,96.0,84.0,71.0,90.0,58.0,9,3,0,81.42857142857143
5209,2,2024-09-05 01:00:00+00:00,85.0,88.0,95.0,87.0,72.0,91.0,58.0,9,3,1,82.28571428571429
5210,2,2024-09-05 02:00:00+00:00,86.0,87.0,93.0,90.0,74.0,93.0,57.0,9,3,2,82.85714285714286
5211,2,2024-09-05 03:00:00+00:00,86.0,85.0,90.0,89.0,72.0,91.0,55.0,9,3,3,81.14285714285714
5212,2,2024-09-05 04:00:00+00:00,77.0,74.0,76.0,83.0,66.0,84.0,49.0,9,3,4,72.71428571428571
5213,2,2024-09-05 05:00:00+00:00,70.0,61.0,62.0,73.0,56.0,75.0,41.0,9,3,5,62.57142857142857
5214,2,2024-09-05 06:00:00+00:00,50.0,54.0,54.0,60.0,48.0,65.0,43.0,9,3,6,53.42857142857143
5215,2,2024-09-05 07:00:00+00:00,40.0,44.0,48.0,52.0,41.0,56.0,40.0,9,3,7,45.857142857142854
5216,2,2024-09-05 08:00:00+00:00,35.0,38.0,39.0,46.0,35.0,46.0,39.0,9,3,8,39.714285714285715
5217,2,2024-09-05 09:00:00+00:00,34.0,34.0,34.0,40.0,32.0,41.0,39.0,9,3,9,36.285714285714285
5218,2,2024-09-05 10:00:00+00:00,36.0,32.0,33.0,35.0,35.0,42.0,39.0,9,3,10,36.0
5219,2,2024-09-05 11:00:00+00:00,38.0,30.0,32.0,31.0,41.0,48.0,40.0,9,3,11,37.142857142857146
5220,2,2024-09-05 12:00:00+00:00,35.0,52.0,46.0,25.0,32.0,36.0,35.0,9,3,12,37.285714285714285
5221,2,2024-09-05 13:00:00+00:00,43.0,54.0,61.0,29.0,36.0,41.0,41.0,9,3,13,43.57142857142857
5222,2,2024-09-05 14:00:00+00:00,50.0,54.0,63.0,36.0,43.0,47.0,50.0,9,3,14,49.0
5223,2,2024-09-05 15:00:00+00:00,60.0,60.0,66.0,43.0,49.0,54.0,56.0,9,3,15,55.42857142857143
5224,2,2024-09-05 16:00:00+00:00,69.0,66.0,73.0,50.0,56.0,60.0,59.0,9,3,16,61.857142857142854
5225,2,2024-09-05 17:00:00+00:00,76.0,67.0,78.0,58.0,62.0,66.0,60.0,9,3,17,66.71428571428571
5226,2,2024-09-05 18:00:00+00:00,72.0,69.0,80.0,78.0,68.0,71.0,64.0,9,3,18,71.71428571428571
5227,2,2024-09-05 19:00:00+00:00,71.0,70.0,78.0,82.0,72.0,73.0,64.0,9,3,19,72.85714285714286
5228,2,2024-09-05 20:00:00+00:00,71.0,69.0,77.0,84.0,76.0,74.0,64.0,9,3,20,73.57142857142857
5229,2,2024-09-05 21:00:00+00:00,70.0,67.0,76.0,85.0,78.0,75.0,63.0,9,3,21,73.42857142857143
5230,2,2024-09-05 22:00:00+00:00,67.0,64.0,71.0,83.0,79.0,77.0,62.0,9,3,22,71.85714285714286
5231,2,2024-09-05 23:00:00+00:00,66.0,64.0,67.0,80.0,80.0,79.0,60.0,9,3,23,70.85714285714286
5232,2,2024-09-06 00:00:00+00:00,67.0,59.0,58.0,76.0,91.0,80.0,58.0,9,4,0,69.85714285714286
5233,2,2024-09-06 01:00:00+00:00,62.0,55.0,56.0,77.0,92.0,83.0,57.0,9,4,1,68.85714285714286
5234,2,2024-09-06 02:00:00+00:00,61.0,53.0,53.0,79.0,93.0,85.0,57.0,9,4,2,68.71428571428571
5235,2,2024-09-06 03:00:00+00:00,59.0,52.0,50.0,77.0,90.0,84.0,55.0,9,4,3,66.71428571428571
5236,2,2024-09-06 04:00:00+00:00,51.0,49.0,47.0,65.0,83.0,77.0,50.0,9,4,4,60.285714285714285
5237,2,2024-09-06 05:00:00+00:00,42.0,53.0,53.0,49.0,74.0,66.0,43.0,9,4,5,54.285714285714285
5238,2,2024-09-06 06:00:00+00:00,46.0,53.0,52.0,47.0,64.0,56.0,36.0,9,4,6,50.57142857142857
5239,2,2024-09-06 07:00:00+00:00,50.0,51.0,52.0,39.0,52.0,48.0,32.0,9,4,7,46.285714285714285
5240,2,2024-09-06 08:00:00+00:00,40.0,50.0,53.0,32.0,40.0,40.0,29.0,9,4,8,40.57142857142857
5241,2,2024-09-06 09:00:00+00:00,38.0,41.0,45.0,28.0,33.0,35.0,28.0,9,4,9,35.42857142857143
5242,2,2024-09-06 10:00:00+00:00,41.0,44.0,43.0,27.0,34.0,34.0,27.0,9,4,10,35.714285714285715
5243,2,2024-09-06 11:00:00+00:00,47.0,44.0,42.0,28.0,40.0,37.0,28.0,9,4,11,38.0
5244,2,2024-09-06 12:00:00+00:00,47.0,49.0,46.0,49.0,32.0,49.0,38.0,9,4,12,44.285714285714285
5245,2,2024-09-06 13:00:00+00:00,47.0,51.0,52.0,52.0,35.0,51.0,44.0,9,4,13,47.42857142857143
5246,2,2024-09-06 14:00:00+00:00,51.0,53.0,52.0,57.0,39.0,51.0,52.0,9,4,14,50.714285714285715
5247,2,2024-09-06 15:00:00+00:00,58.0,57.0,57.0,62.0,45.0,52.0,59.0,9,4,15,55.714285714285715
5248,2,2024-09-06 16:00:00+00:00,62.0,64.0,60.0,67.0,54.0,57.0,63.0,9,4,16,61.0
5249,2,2024-09-06 17:00:00+00:00,66.0,68.0,63.0,72.0,64.0,62.0,65.0,9,4,17,65.71428571428571
5250,2,2024-09-06 18:00:00+00:00,72.0,67.0,70.0,72.0,73.0,68.0,59.0,9,4,18,68.71428571428571
5251,2,2024-09-06 19:00:00+00:00,73.0,67.0,71.0,74.0,80.0,72.0,60.0,9,4,19,71.0
5252,2,2024-09-06 20:00:00+00:00,73.0,68.0,74.0,76.0,86.0,76.0,60.0,9,4,20,73.28571428571429
5253,2,2024-09-06 21:00:00+00:00,77.0,68.0,79.0,78.0,90.0,80.0,60.0,9,4,21,76.0
5254,2,2024-09-06 22:00:00+00:00,87.0,67.0,83.0,80.0,92.0,84.0,60.0,9,4,22,79.0
5255,2,2024-09-06 23:00:00+00:00,87.0,68.0,83.0,81.0,93.0,87.0,60.0,9,4,23,79.85714285714286
5256,2,2024-09-07 00:00:00+00:00,65.0,71.0,73.0,76.0,100.0,92.0,56.0,9,5,0,76.14285714285714
5257,2,2024-09-07 01:00:00+00:00,62.0,72.0,71.0,73.0,100.0,94.0,59.0,9,5,1,75.85714285714286
5258,2,2024-09-07 02:00:00+00:00,61.0,71.0,67.0,70.0,99.0,95.0,62.0,9,5,2,75.0
5259,2,2024-09-07 03:00:00+00:00,61.0,70.0,64.0,66.0,95.0,93.0,62.0,9,5,3,73.0
5260,2,2024-09-07 04:00:00+00:00,60.0,66.0,62.0,62.0,86.0,83.0,57.0,9,5,4,68.0
5261,2,2024-09-07 05:00:00+00:00,59.0,54.0,53.0,58.0,75.0,69.0,48.0,9,5,5,59.42857142857143
5262,2,2024-09-07 06:00:00+00:00,60.0,43.0,56.0,54.0,64.0,58.0,40.0,9,5,6,53.57142857142857
5263,2,2024-09-07 07:00:00+00:00,53.0,42.0,51.0,51.0,55.0,52.0,36.0,9,5,7,48.57142857142857
5264,2,2024-09-07 08:00:00+00:00,50.0,43.0,47.0,51.0,47.0,49.0,33.0,9,5,8,45.714285714285715
5265,2,2024-09-07 09:00:00+00:00,44.0,46.0,46.0,50.0,42.0,46.0,31.0,9,5,9,43.57142857142857
5266,2,2024-09-07 10:00:00+00:00,45.0,46.0,45.0,48.0,40.0,43.0,30.0,9,5,10,42.42857142857143
5267,2,2024-09-07 11:00:00+00:00,45.0,45.0,43.0,47.0,40.0,42.0,31.0,9,5,11,41.857142857142854
5268,2,2024-09-07 12:00:00+00:00,49.0,53.0,50.0,49.0,40.0,31.0,41.0,9,5,12,44.714285714285715
5269,2,2024-09-07 13:00:00+00:00,49.0,56.0,54.0,53.0,44.0,43.0,44.0,9,5,13,49.0
5270,2,2024-09-07 14:00:00+00:00,58.0,61.0,64.0,59.0,50.0,62.0,46.0,9,5,14,57.142857142857146
5271,2,2024-09-07 15:00:00+00:00,62.0,66.0,73.0,64.0,57.0,76.0,48.0,9,5,15,63.714285714285715
5272,2,2024-09-07 16:00:00+00:00,68.0,72.0,75.0,69.0,66.0,80.0,49.0,9,5,16,68.42857142857143
5273,2,2024-09-07 17:00:00+00:00,74.0,76.0,79.0,73.0,76.0,80.0,48.0,9,5,17,72.28571428571429
5274,2,2024-09-07 18:00:00+00:00,82.0,79.0,84.0,78.0,84.0,80.0,53.0,9,5,18,77.14285714285714
5275,2,2024-09-07 19:00:00+00:00,83.0,82.0,86.0,81.0,88.0,80.0,53.0,9,5,19,79.0
5276,2,2024-09-07 20:00:00+00:00,84.0,85.0,88.0,82.0,90.0,81.0,52.0,9,5,20,80.28571428571429
5277,2,2024-09-07 21:00:00+00:00,86.0,87.0,90.0,83.0,91.0,81.0,51.0,9,5,21,81.28571428571429
5278,2,2024-09-07 22:00:00+00:00,87.0,90.0,92.0,84.0,91.0,82.0,49.0,9,5,22,82.14285714285714
5279,2,2024-09-07 23:00:00+00:00,89.0,91.0,95.0,84.0,91.0,84.0,46.0,9,5,23,82.85714285714286
5280,2,2024-09-08 00:00:00+00:00,84.0,94.0,84.0,93.0,97.0,99.0,46.0,9,6,0,85.28571428571429
5281,2,2024-09-08 01:00:00+00:00,85.0,94.0,85.0,94.0,98.0,100.0,51.0,9,6,1,86.71428571428571
5282,2,2024-09-08 02:00:00+00:00,87.0,95.0,87.0,94.0,97.0,100.0,58.0,9,6,2,88.28571428571429
5283,2,2024-09-08 03:00:00+00:00,89.0,95.0,89.0,92.0,93.0,96.0,61.0,9,6,3,87.85714285714286
5284,2,2024-09-08 04:00:00+00:00,89.0,88.0,85.0,85.0,82.0,86.0,56.0,9,6,4,81.57142857142857
5285,2,2024-09-08 05:00:00+00:00,75.0,68.0,73.0,74.0,68.0,73.0,48.0,9,6,5,68.42857142857143
5286,2,2024-09-08 06:00:00+00:00,57.0,61.0,69.0,62.0,56.0,61.0,38.0,9,6,6,57.714285714285715
5287,2,2024-09-08 07:00:00+00:00,47.0,53.0,58.0,56.0,49.0,51.0,35.0,9,6,7,49.857142857142854
5288,2,2024-09-08 08:00:00+00:00,44.0,47.0,53.0,51.0,45.0,42.0,31.0,9,6,8,44.714285714285715
5289,2,2024-09-08 09:00:00+00:00,46.0,45.0,47.0,48.0,43.0,36.0,29.0,9,6,9,42.0
5290,2,2024-09-08 10:00:00+00:00,45.0,46.0,47.0,47.0,43.0,35.0,28.0,9,6,10,41.57142857142857
5291,2,2024-09-08 11:00:00+00:00,45.0,45.0,48.0,48.0,44.0,37.0,28.0,9,6,11,42.142857142857146
5292,2,2024-09-08 12:00:00+00:00,50.0,52.0,47.0,46.0,47.0,46.0,25.0,9,6,12,44.714285714285715
5293,2,2024-09-08 13:00:00+00:00,52.0,58.0,54.0,52.0,53.0,52.0,31.0,9,6,13,50.285714285714285
5294,2,2024-09-08 14:00:00+00:00,57.0,66.0,58.0,61.0,60.0,59.0,38.0,9,6,14,57.0
5295,2,2024-09-08 15:00:00+00:00,65.0,69.0,68.0,69.0,67.0,67.0,44.0,9,6,15,64.14285714285714
5296,2,2024-09-08 16:00:00+00:00,75.0,73.0,76.0,75.0,73.0,74.0,45.0,9,6,16,70.14285714285714
5297,2,2024-09-08 17:00:00+00:00,81.0,78.0,81.0,80.0,78.0,81.0,45.0,9,6,17,74.85714285714286
5298,2,2024-09-08 18:00:00+00:00,86.0,81.0,82.0,81.0,83.0,86.0,45.0,9,6,18,77.71428571428571
5299,2,2024-09-08 19:00:00+00:00,89.0,82.0,85.0,83.0,87.0,90.0,44.0,9,6,19,80.0
5300,2,2024-09-08 20:00:00+00:00,91.0,84.0,87.0,84.0,90.0,92.0,44.0,9,6,20,81.71428571428571
5301,2,2024-09-08 21:00:00+00:00,93.0,85.0,87.0,85.0,92.0,94.0,45.0,9,6,21,83.0
5302,2,2024-09-08 22:00:00+00:00,94.0,86.0,88.0,86.0,92.0,96.0,48.0,9,6,22,84.28571428571429
5303,2,2024-09-08 23:00:00+00:00,95.0,85.0,89.0,86.0,90.0,98.0,53.0,9,6,23,85.14285714285714
5304,2,2024-09-09 00:00:00+00:00,93.0,87.0,85.0,91.0,90.0,90.0,54.0,9,0,0,84.28571428571429
5305,2,2024-09-09 01:00:00+00:00,90.0,86.0,83.0,90.0,88.0,92.0,51.0,9,0,1,82.85714285714286
5306,2,2024-09-09 02:00:00+00:00,90.0,83.0,83.0,89.0,86.0,95.0,46.0,9,0,2,81.71428571428571
5307,2,2024-09-09 03:00:00+00:00,89.0,82.0,83.0,85.0,81.0,93.0,40.0,9,0,3,79.0
5308,2,2024-09-09 04:00:00+00:00,81.0,81.0,81.0,77.0,72.0,82.0,35.0,9,0,4,72.71428571428571
5309,2,2024-09-09 05:00:00+00:00,62.0,67.0,69.0,66.0,60.0,66.0,29.0,9,0,5,59.857142857142854
5310,2,2024-09-09 06:00:00+00:00,60.0,58.0,49.0,61.0,50.0,52.0,26.0,9,0,6,50.857142857142854
5311,2,2024-09-09 07:00:00+00:00,46.0,48.0,38.0,52.0,42.0,42.0,24.0,9,0,7,41.714285714285715
5312,2,2024-09-09 08:00:00+00:00,35.0,38.0,32.0,44.0,35.0,33.0,23.0,9,0,8,34.285714285714285
5313,2,2024-09-09 09:00:00+00:00,28.0,33.0,27.0,38.0,30.0,27.0,22.0,9,0,9,29.285714285714285
5314,2,2024-09-09 10:00:00+00:00,24.0,30.0,24.0,33.0,28.0,24.0,22.0,9,0,10,26.428571428571427
5315,2,2024-09-09 11:00:00+00:00,21.0,27.0,23.0,29.0,27.0,25.0,22.0,9,0,11,24.857142857142858
5316,2,2024-09-09 12:00:00+00:00,18.0,25.0,32.0,26.0,28.0,23.0,24.0,9,0,12,25.142857142857142
5317,2,2024-09-09 13:00:00+00:00,23.0,29.0,37.0,31.0,35.0,31.0,29.0,9,0,13,30.714285714285715
5318,2,2024-09-09 14:00:00+00:00,34.0,36.0,40.0,39.0,44.0,42.0,35.0,9,0,14,38.57142857142857
5319,2,2024-09-09 15:00:00+00:00,48.0,47.0,48.0,47.0,52.0,51.0,39.0,9,0,15,47.42857142857143
5320,2,2024-09-09 16:00:00+00:00,61.0,54.0,58.0,53.0,59.0,57.0,40.0,9,0,16,54.57142857142857
5321,2,2024-09-09 17:00:00+00:00,66.0,61.0,61.0,59.0,65.0,61.0,39.0,9,0,17,58.857142857142854
5322,2,2024-09-09 18:00:00+00:00,70.0,71.0,62.0,60.0,69.0,64.0,43.0,9,0,18,62.714285714285715
5323,2,2024-09-09 19:00:00+00:00,70.0,75.0,63.0,63.0,71.0,64.0,41.0,9,0,19,63.857142857142854
5324,2,2024-09-09 20:00:00+00:00,71.0,79.0,63.0,65.0,72.0,63.0,38.0,9,0,20,64.42857142857143
5325,2,2024-09-09 21:00:00+00:00,75.0,79.0,63.0,67.0,72.0,61.0,37.0,9,0,21,64.85714285714286
5326,2,2024-09-09 22:00:00+00:00,74.0,81.0,64.0,68.0,71.0,59.0,39.0,9,0,22,65.14285714285714
5327,2,2024-09-09 23:00:00+00:00,73.0,82.0,66.0,69.0,69.0,58.0,42.0,9,0,23,65.57142857142857
5328,2,2024-09-10 00:00:00+00:00,80.0,69.0,68.0,73.0,62.0,60.0,49.0,9,1,0,65.85714285714286
5329,2,2024-09-10 01:00:00+00:00,84.0,72.0,71.0,70.0,62.0,60.0,49.0,9,1,1,66.85714285714286
5330,2,2024-09-10 02:00:00+00:00,87.0,75.0,82.0,66.0,62.0,60.0,49.0,9,1,2,68.71428571428571
5331,2,2024-09-10 03:00:00+00:00,87.0,74.0,83.0,60.0,60.0,58.0,47.0,9,1,3,67.0
5332,2,2024-09-10 04:00:00+00:00,77.0,64.0,71.0,52.0,52.0,50.0,42.0,9,1,4,58.285714285714285
5333,2,2024-09-10 05:00:00+00:00,57.0,46.0,52.0,43.0,41.0,39.0,34.0,9,1,5,44.57142857142857
5334,2,2024-09-10 06:00:00+00:00,48.0,35.0,40.0,34.0,33.0,31.0,30.0,9,1,6,35.857142857142854
5335,2,2024-09-10 07:00:00+00:00,36.0,29.0,28.0,28.0,30.0,29.0,27.0,9,1,7,29.571428571428573
5336,2,2024-09-10 08:00:00+00:00,27.0,22.0,25.0,25.0,29.0,29.0,26.0,9,1,8,26.142857142857142
5337,2,2024-09-10 09:00:00+00:00,21.0,19.0,20.0,22.0,30.0,31.0,26.0,9,1,9,24.142857142857142
5338,2,2024-09-10 10:00:00+00:00,17.0,18.0,20.0,20.0,32.0,33.0,28.0,9,1,10,24.0
5339,2,2024-09-10 11:00:00+00:00,16.0,19.0,18.0,20.0,35.0,35.0,31.0,9,1,11,24.857142857142858
5340,2,2024-09-10 12:00:00+00:00,36.0,27.0,22.0,28.0,21.0,34.0,36.0,9,1,12,29.142857142857142
5341,2,2024-09-10 13:00:00+00:00,41.0,33.0,30.0,34.0,29.0,40.0,43.0,9,1,13,35.714285714285715
5342,2,2024-09-10 14:00:00+00:00,46.0,39.0,36.0,42.0,39.0,48.0,53.0,9,1,14,43.285714285714285
5343,2,2024-09-10 15:00:00+00:00,56.0,49.0,44.0,49.0,48.0,54.0,60.0,9,1,15,51.42857142857143
5344,2,2024-09-10 16:00:00+00:00,65.0,56.0,51.0,55.0,54.0,58.0,63.0,9,1,16,57.42857142857143
5345,2,2024-09-10 17:00:00+00:00,71.0,58.0,53.0,60.0,57.0,60.0,64.0,9,1,17,60.42857142857143
5346,2,2024-09-10 18:00:00+00:00,72.0,60.0,58.0,62.0,60.0,62.0,52.0,9,1,18,60.857142857142854
5347,2,2024-09-10 19:00:00+00:00,75.0,61.0,58.0,63.0,61.0,63.0,51.0,9,1,19,61.714285714285715
5348,2,2024-09-10 20:00:00+00:00,74.0,63.0,59.0,63.0,60.0,63.0,51.0,9,1,20,61.857142857142854
5349,2,2024-09-10 21:00:00+00:00,74.0,67.0,61.0,62.0,61.0,64.0,51.0,9,1,21,62.857142857142854
5350,2,2024-09-10 22:00:00+00:00,75.0,72.0,64.0,62.0,64.0,67.0,50.0,9,1,22,64.85714285714286
5351,2,2024-09-10 23:00:00+00:00,79.0,78.0,70.0,62.0,68.0,71.0,49.0,9,1,23,68.14285714285714
5352,2,2024-09-11 00:00:00+00:00,72.0,85.0,74.0,65.0,66.0,70.0,47.0,9,2,0,68.42857142857143
5353,2,2024-09-11 01:00:00+00:00,75.0,87.0,73.0,66.0,64.0,72.0,46.0,9,2,1,69.0
5354,2,2024-09-11 02:00:00+00:00,78.0,88.0,74.0,67.0,61.0,72.0,45.0,9,2,2,69.28571428571429
5355,2,2024-09-11 03:00:00+00:00,82.0,92.0,74.0,65.0,56.0,68.0,43.0,9,2,3,68.57142857142857
5356,2,2024-09-11 04:00:00+00:00,79.0,88.0,70.0,59.0,46.0,57.0,38.0,9,2,4,62.42857142857143
5357,2,2024-09-11 05:00:00+00:00,64.0,70.0,58.0,50.0,34.0,43.0,31.0,9,2,5,50.0
5358,2,2024-09-11 06:00:00+00:00,57.0,59.0,42.0,41.0,25.0,31.0,29.0,9,2,6,40.57142857142857
5359,2,2024-09-11 07:00:00+00:00,53.0,53.0,44.0,40.0,22.0,26.0,28.0,9,2,7,38.0
5360,2,2024-09-11 08:00:00+00:00,49.0,54.0,44.0,41.0,21.0,23.0,28.0,9,2,8,37.142857142857146
5361,2,2024-09-11 09:00:00+00:00,47.0,46.0,45.0,43.0,22.0,22.0,29.0,9,2,9,36.285714285714285
5362,2,2024-09-11 10:00:00+00:00,45.0,41.0,45.0,43.0,23.0,21.0,30.0,9,2,10,35.42857142857143
5363,2,2024-09-11 11:00:00+00:00,44.0,38.0,45.0,42.0,25.0,21.0,31.0,9,2,11,35.142857142857146
5364,2,2024-09-11 12:00:00+00:00,40.0,29.0,47.0,44.0,52.0,23.0,50.0,9,2,12,40.714285714285715
5365,2,2024-09-11 13:00:00+00:00,42.0,33.0,51.0,47.0,58.0,29.0,56.0,9,2,13,45.142857142857146
5366,2,2024-09-11 14:00:00+00:00,46.0,39.0,53.0,52.0,64.0,38.0,63.0,9,2,14,50.714285714285715
5367,2,2024-09-11 15:00:00+00:00,55.0,52.0,59.0,57.0,69.0,46.0,67.0,9,2,15,57.857142857142854
5368,2,2024-09-11 16:00:00+00:00,64.0,62.0,68.0,64.0,75.0,52.0,67.0,9,2,16,64.57142857142857
5369,2,2024-09-11 17:00:00+00:00,71.0,66.0,73.0,71.0,81.0,57.0,65.0,9,2,17,69.14285714285714
5370,2,2024-09-11 18:00:00+00:00,77.0,68.0,75.0,85.0,85.0,61.0,66.0,9,2,18,73.85714285714286
5371,2,2024-09-11 19:00:00+00:00,79.0,68.0,76.0,88.0,87.0,63.0,62.0,9,2,19,74.71428571428571
5372,2,2024-09-11 20:00:00+00:00,82.0,69.0,81.0,90.0,87.0,64.0,58.0,9,2,20,75.85714285714286
5373,2,2024-09-11 21:00:00+00:00,87.0,73.0,87.0,90.0,87.0,65.0,55.0,9,2,21,77.71428571428571
5374,2,2024-09-11 22:00:00+00:00,91.0,82.0,91.0,90.0,87.0,67.0,57.0,9,2,22,80.71428571428571
5375,2,2024-09-11 23:00:00+00:00,92.0,89.0,91.0,90.0,87.0,69.0,62.0,9,2,23,82.85714285714286
5376,2,2024-09-12 00:00:00+00:00,90.0,94.0,94.0,92.0,87.0,85.0,65.0,9,3,0,86.71428571428571
5377,2,2024-09-12 01:00:00+00:00,90.0,95.0,92.0,94.0,91.0,80.0,66.0,9,3,1,86.85714285714286
5378,2,2024-09-12 02:00:00+00:00,92.0,96.0,92.0,96.0,94.0,74.0,67.0,9,3,2,87.28571428571429
5379,2,2024-09-12 03:00:00+00:00,97.0,98.0,93.0,95.0,93.0,66.0,66.0,9,3,3,86.85714285714286
5380,2,2024-09-12 04:00:00+00:00,96.0,94.0,85.0,88.0,85.0,54.0,62.0,9,3,4,80.57142857142857
5381,2,2024-09-12 05:00:00+00:00,80.0,76.0,61.0,78.0,74.0,41.0,56.0,9,3,5,66.57142857142857
5382,2,2024-09-12 06:00:00+00:00,63.0,61.0,54.0,53.0,63.0,31.0,43.0,9,3,6,52.57142857142857
5383,2,2024-09-12 07:00:00+00:00,51.0,52.0,43.0,45.0,54.0,28.0,41.0,9,3,7,44.857142857142854
5384,2,2024-09-12 08:00:00+00:00,46.0,45.0,37.0,39.0,46.0,30.0,41.0,9,3,8,40.57142857142857
5385,2,2024-09-12 09:00:00+00:00,48.0,39.0,35.0,34.0,41.0,32.0,42.0,9,3,9,38.714285714285715
5386,2,2024-09-12 10:00:00+00:00,48.0,37.0,40.0,29.0,40.0,33.0,44.0,9,3,10,38.714285714285715
5387,2,2024-09-12 11:00:00+00:00,45.0,37.0,44.0,26.0,41.0,35.0,46.0,9,3,11,39.142857142857146
5388,2,2024-09-12 12:00:00+00:00,44.0,50.0,39.0,39.0,49.0,50.0,45.0,9,3,12,45.142857142857146
5389,2,2024-09-12 13:00:00+00:00,50.0,56.0,42.0,45.0,50.0,54.0,51.0,9,3,13,49.714285714285715
5390,2,2024-09-12 14:00:00+00:00,56.0,65.0,51.0,54.0,51.0,58.0,60.0,9,3,14,56.42857142857143
5391,2,2024-09-12 15:00:00+00:00,60.0,72.0,60.0,62.0,54.0,63.0,66.0,9,3,15,62.42857142857143
5392,2,2024-09-12 16:00:00+00:00,66.0,77.0,69.0,70.0,60.0,68.0,69.0,9,3,16,68.42857142857143
5393,2,2024-09-12 17:00:00+00:00,73.0,80.0,76.0,79.0,69.0,72.0,69.0,9,3,17,74.0
5394,2,2024-09-12 18:00:00+00:00,82.0,84.0,80.0,84.0,76.0,75.0,62.0,9,3,18,77.57142857142857
5395,2,2024-09-12 19:00:00+00:00,81.0,84.0,83.0,85.0,81.0,76.0,59.0,9,3,19,78.42857142857143
5396,2,2024-09-12 20:00:00+00:00,81.0,83.0,85.0,84.0,84.0,74.0,55.0,9,3,20,78.0
5397,2,2024-09-12 21:00:00+00:00,81.0,81.0,88.0,82.0,87.0,72.0,53.0,9,3,21,77.71428571428571
5398,2,2024-09-12 22:00:00+00:00,80.0,79.0,92.0,81.0,91.0,68.0,54.0,9,3,22,77.85714285714286
5399,2,2024-09-12 23:00:00+00:00,79.0,80.0,91.0,80.0,94.0,62.0,58.0,9,3,23,77.71428571428571
5400,2,2024-09-13 00:00:00+00:00,74.0,78.0,88.0,91.0,94.0,95.0,49.0,9,4,0,81.28571428571429
5401,2,2024-09-13 01:00:00+00:00,71.0,77.0,87.0,92.0,90.0,97.0,49.0,9,4,1,80.42857142857143
5402,2,2024-09-13 02:00:00+00:00,69.0,76.0,87.0,92.0,84.0,98.0,50.0,9,4,2,79.42857142857143
5403,2,2024-09-13 03:00:00+00:00,70.0,76.0,87.0,88.0,77.0,95.0,49.0,9,4,3,77.42857142857143
5404,2,2024-09-13 04:00:00+00:00,69.0,72.0,84.0,77.0,67.0,84.0,45.0,9,4,4,71.14285714285714
5405,2,2024-09-13 05:00:00+00:00,60.0,63.0,70.0,62.0,54.0,68.0,39.0,9,4,5,59.42857142857143
5406,2,2024-09-13 06:00:00+00:00,53.0,58.0,47.0,58.0,45.0,55.0,48.0,9,4,6,52.0
5407,2,2024-09-13 07:00:00+00:00,48.0,54.0,40.0,51.0,40.0,47.0,42.0,9,4,7,46.0
5408,2,2024-09-13 08:00:00+00:00,38.0,41.0,39.0,46.0,37.0,41.0,35.0,9,4,8,39.57142857142857
5409,2,2024-09-13 09:00:00+00:00,33.0,32.0,37.0,43.0,37.0,37.0,32.0,9,4,9,35.857142857142854
5410,2,2024-09-13 10:00:00+00:00,37.0,29.0,40.0,44.0,39.0,35.0,34.0,9,4,10,36.857142857142854
5411,2,2024-09-13 11:00:00+00:00,41.0,31.0,41.0,47.0,44.0,34.0,39.0,9,4,11,39.57142857142857
5412,2,2024-09-13 12:00:00+00:00,37.0,29.0,29.0,43.0,42.0,47.0,28.0,9,4,12,36.42857142857143
5413,2,2024-09-13 13:00:00+00:00,40.0,32.0,30.0,46.0,49.0,51.0,36.0,9,4,13,40.57142857142857
5414,2,2024-09-13 14:00:00+00:00,44.0,32.0,34.0,49.0,57.0,55.0,48.0,9,4,14,45.57142857142857
5415,2,2024-09-13 15:00:00+00:00,46.0,38.0,42.0,53.0,64.0,58.0,56.0,9,4,15,51.0
5416,2,2024-09-13 16:00:00+00:00,50.0,43.0,45.0,57.0,68.0,61.0,58.0,9,4,16,54.57142857142857
5417,2,2024-09-13 17:00:00+00:00,56.0,50.0,50.0,61.0,69.0,63.0,56.0,9,4,17,57.857142857142854
5418,2,2024-09-13 18:00:00+00:00,58.0,57.0,51.0,60.0,70.0,64.0,68.0,9,4,18,61.142857142857146
5419,2,2024-09-13 19:00:00+00:00,60.0,57.0,54.0,61.0,69.0,64.0,66.0,9,4,19,61.57142857142857
5420,2,2024-09-13 20:00:00+00:00,64.0,58.0,56.0,62.0,67.0,62.0,63.0,9,4,20,61.714285714285715
5421,2,2024-09-13 21:00:00+00:00,66.0,59.0,58.0,61.0,66.0,61.0,61.0,9,4,21,61.714285714285715
5422,2,2024-09-13 22:00:00+00:00,69.0,58.0,57.0,59.0,68.0,60.0,60.0,9,4,22,61.57142857142857
5423,2,2024-09-13 23:00:00+00:00,72.0,54.0,53.0,55.0,70.0,58.0,59.0,9,4,23,60.142857142857146
5424,2,2024-09-14 00:00:00+00:00,70.0,54.0,55.0,57.0,61.0,57.0,58.0,9,5,0,58.857142857142854
5425,2,2024-09-14 01:00:00+00:00,63.0,52.0,54.0,55.0,62.0,58.0,56.0,9,5,1,57.142857142857146
5426,2,2024-09-14 02:00:00+00:00,57.0,51.0,52.0,52.0,64.0,59.0,53.0,9,5,2,55.42857142857143
5427,2,2024-09-14 03:00:00+00:00,57.0,49.0,53.0,50.0,63.0,59.0,48.0,9,5,3,54.142857142857146
5428,2,2024-09-14 04:00:00+00:00,57.0,48.0,56.0,48.0,55.0,54.0,42.0,9,5,4,51.42857142857143
5429,2,2024-09-14 05:00:00+00:00,64.0,57.0,57.0,46.0,44.0,48.0,35.0,9,5,5,50.142857142857146
5430,2,2024-09-14 06:00:00+00:00,60.0,54.0,54.0,51.0,35.0,41.0,36.0,9,5,6,47.285714285714285
5431,2,2024-09-14 07:00:00+00:00,57.0,48.0,49.0,49.0,29.0,35.0,32.0,9,5,7,42.714285714285715
5432,2,2024-09-14 08:00:00+00:00,54.0,42.0,40.0,45.0,25.0,29.0,28.0,9,5,8,37.57142857142857
5433,2,2024-09-14 09:00:00+00:00,55.0,37.0,38.0,42.0,24.0,25.0,26.0,9,5,9,35.285714285714285
5434,2,2024-09-14 10:00:00+00:00,51.0,33.0,36.0,40.0,26.0,23.0,25.0,9,5,10,33.42857142857143
5435,2,2024-09-14 11:00:00+00:00,42.0,33.0,35.0,38.0,30.0,22.0,25.0,9,5,11,32.142857142857146
5436,2,2024-09-14 12:00:00+00:00,38.0,36.0,32.0,29.0,37.0,28.0,43.0,9,5,12,34.714285714285715
5437,2,2024-09-14 13:00:00+00:00,38.0,37.0,30.0,31.0,38.0,31.0,50.0,9,5,13,36.42857142857143
5438,2,2024-09-14 14:00:00+00:00,41.0,40.0,34.0,35.0,41.0,36.0,57.0,9,5,14,40.57142857142857
5439,2,2024-09-14 15:00:00+00:00,48.0,46.0,41.0,39.0,44.0,41.0,63.0,9,5,15,46.0
5440,2,2024-09-14 16:00:00+00:00,54.0,53.0,48.0,43.0,48.0,47.0,66.0,9,5,16,51.285714285714285
5441,2,2024-09-14 17:00:00+00:00,59.0,56.0,54.0,47.0,52.0,53.0,68.0,9,5,17,55.57142857142857
5442,2,2024-09-14 18:00:00+00:00,63.0,59.0,58.0,58.0,56.0,58.0,61.0,9,5,18,59.0
5443,2,2024-09-14 19:00:00+00:00,68.0,64.0,61.0,62.0,59.0,61.0,61.0,9,5,19,62.285714285714285
5444,2,2024-09-14 20:00:00+00:00,69.0,68.0,65.0,65.0,61.0,64.0,61.0,9,5,20,64.71428571428571
5445,2,2024-09-14 21:00:00+00:00,69.0,70.0,65.0,68.0,63.0,66.0,60.0,9,5,21,65.85714285714286
5446,2,2024-09-14 22:00:00+00:00,69.0,71.0,65.0,70.0,65.0,68.0,59.0,9,5,22,66.71428571428571
5447,2,2024-09-14 23:00:00+00:00,72.0,69.0,63.0,72.0,67.0,69.0,59.0,9,5,23,67.28571428571429
5448,2,2024-09-15 00:00:00+00:00,76.0,74.0,69.0,71.0,73.0,83.0,52.0,9,6,0,71.14285714285714
5449,2,2024-09-15 01:00:00+00:00,79.0,75.0,68.0,72.0,74.0,85.0,52.0,9,6,1,72.14285714285714
5450,2,2024-09-15 02:00:00+00:00,80.0,73.0,67.0,72.0,74.0,85.0,52.0,9,6,2,71.85714285714286
5451,2,2024-09-15 03:00:00+00:00,76.0,76.0,64.0,69.0,71.0,82.0,51.0,9,6,3,69.85714285714286
5452,2,2024-09-15 04:00:00+00:00,64.0,71.0,57.0,59.0,64.0,73.0,47.0,9,6,4,62.142857142857146
5453,2,2024-09-15 05:00:00+00:00,47.0,54.0,45.0,46.0,54.0,61.0,41.0,9,6,5,49.714285714285715
5454,2,2024-09-15 06:00:00+00:00,41.0,43.0,34.0,37.0,46.0,51.0,33.0,9,6,6,40.714285714285715
5455,2,2024-09-15 07:00:00+00:00,32.0,36.0,26.0,29.0,40.0,45.0,29.0,9,6,7,33.857142857142854
5456,2,2024-09-15 08:00:00+00:00,27.0,29.0,29.0,23.0,36.0,42.0,26.0,9,6,8,30.285714285714285
5457,2,2024-09-15 09:00:00+00:00,23.0,24.0,34.0,20.0,33.0,39.0,26.0,9,6,9,28.428571428571427
5458,2,2024-09-15 10:00:00+00:00,20.0,20.0,36.0,22.0,31.0,36.0,30.0,9,6,10,27.857142857142858
5459,2,2024-09-15 11:00:00+00:00,17.0,17.0,38.0,28.0,31.0,35.0,37.0,9,6,11,29.0
5460,2,2024-09-15 12:00:00+00:00,18.0,17.0,17.0,36.0,34.0,33.0,42.0,9,6,12,28.142857142857142
5461,2,2024-09-15 13:00:00+00:00,36.0,38.0,24.0,44.0,36.0,39.0,48.0,9,6,13,37.857142857142854
5462,2,2024-09-15 14:00:00+00:00,36.0,42.0,40.0,53.0,37.0,46.0,54.0,9,6,14,44.0
5463,2,2024-09-15 15:00:00+00:00,42.0,45.0,42.0,61.0,39.0,52.0,59.0,9,6,15,48.57142857142857
5464,2,2024-09-15 16:00:00+00:00,51.0,55.0,47.0,66.0,42.0,56.0,62.0,9,6,16,54.142857142857146
5465,2,2024-09-15 17:00:00+00:00,53.0,59.0,53.0,70.0,46.0,58.0,64.0,9,6,17,57.57142857142857
5466,2,2024-09-15 18:00:00+00:00,55.0,56.0,64.0,71.0,51.0,60.0,61.0,9,6,18,59.714285714285715
5467,2,2024-09-15 19:00:00+00:00,57.0,59.0,68.0,75.0,57.0,61.0,61.0,9,6,19,62.57142857142857
5468,2,2024-09-15 20:00:00+00:00,59.0,69.0,71.0,78.0,64.0,60.0,59.0,9,6,20,65.71428571428571
5469,2,2024-09-15 21:00:00+00:00,60.0,72.0,73.0,81.0,70.0,61.0,58.0,9,6,21,67.85714285714286
5470,2,2024-09-15 22:00:00+00:00,67.0,71.0,74.0,83.0,74.0,63.0,57.0,9,6,22,69.85714285714286
5471,2,2024-09-15 23:00:00+00:00,74.0,72.0,77.0,83.0,76.0,65.0,56.0,9,6,23,71.85714285714286
5472,2,2024-09-16 00:00:00+00:00,68.0,77.0,81.0,95.0,73.0,64.0,46.0,9,0,0,72.0
5473,2,2024-09-16 01:00:00+00:00,72.0,79.0,83.0,97.0,74.0,67.0,49.0,9,0,1,74.42857142857143
5474,2,2024-09-16 02:00:00+00:00,73.0,81.0,85.0,97.0,74.0,70.0,53.0,9,0,2,76.14285714285714
5475,2,2024-09-16 03:00:00+00:00,74.0,83.0,87.0,93.0,72.0,70.0,54.0,9,0,3,76.14285714285714
5476,2,2024-09-16 04:00:00+00:00,71.0,79.0,85.0,81.0,67.0,66.0,48.0,9,0,4,71.0
5477,2,2024-09-16 05:00:00+00:00,59.0,67.0,69.0,65.0,60.0,59.0,39.0,9,0,5,59.714285714285715
5478,2,2024-09-16 06:00:00+00:00,47.0,50.0,61.0,49.0,52.0,53.0,40.0,9,0,6,50.285714285714285
5479,2,2024-09-16 07:00:00+00:00,38.0,40.0,49.0,42.0,44.0,50.0,36.0,9,0,7,42.714285714285715
5480,2,2024-09-16 08:00:00+00:00,37.0,34.0,41.0,37.0,35.0,49.0,33.0,9,0,8,38.0
5481,2,2024-09-16 09:00:00+00:00,37.0,31.0,35.0,34.0,30.0,49.0,31.0,9,0,9,35.285714285714285
5482,2,2024-09-16 10:00:00+00:00,36.0,29.0,31.0,34.0,30.0,51.0,31.0,9,0,10,34.57142857142857
5483,2,2024-09-16 11:00:00+00:00,36.0,29.0,30.0,36.0,33.0,54.0,33.0,9,0,11,35.857142857142854
5484,2,2024-09-16 12:00:00+00:00,29.0,32.0,33.0,32.0,48.0,33.0,37.0,9,0,12,34.857142857142854
5485,2,2024-09-16 13:00:00+00:00,37.0,44.0,34.0,35.0,50.0,39.0,43.0,9,0,13,40.285714285714285
5486,2,2024-09-16 14:00:00+00:00,50.0,53.0,44.0,41.0,52.0,47.0,51.0,9,0,14,48.285714285714285
5487,2,2024-09-16 15:00:00+00:00,55.0,54.0,56.0,47.0,54.0,54.0,56.0,9,0,15,53.714285714285715
5488,2,2024-09-16 16:00:00+00:00,60.0,56.0,59.0,54.0,58.0,56.0,57.0,9,0,16,57.142857142857146
5489,2,2024-09-16 17:00:00+00:00,60.0,57.0,61.0,62.0,63.0,57.0,56.0,9,0,17,59.42857142857143
5490,2,2024-09-16 18:00:00+00:00,59.0,60.0,63.0,66.0,67.0,58.0,56.0,9,0,18,61.285714285714285
5491,2,2024-09-16 19:00:00+00:00,62.0,62.0,65.0,68.0,70.0,61.0,56.0,9,0,19,63.42857142857143
5492,2,2024-09-16 20:00:00+00:00,64.0,62.0,66.0,68.0,71.0,64.0,57.0,9,0,20,64.57142857142857
5493,2,2024-09-16 21:00:00+00:00,66.0,64.0,69.0,68.0,73.0,66.0,57.0,9,0,21,66.14285714285714
5494,2,2024-09-16 22:00:00+00:00,68.0,69.0,71.0,70.0,75.0,66.0,58.0,9,0,22,68.14285714285714
5495,2,2024-09-16 23:00:00+00:00,71.0,73.0,73.0,72.0,76.0,64.0,60.0,9,0,23,69.85714285714286
5496,2,2024-09-17 00:00:00+00:00,78.0,75.0,71.0,69.0,78.0,72.0,59.0,9,1,0,71.71428571428571
5497,2,2024-09-17 01:00:00+00:00,83.0,78.0,72.0,71.0,80.0,75.0,59.0,9,1,1,74.0
5498,2,2024-09-17 02:00:00+00:00,89.0,80.0,73.0,74.0,83.0,78.0,57.0,9,1,2,76.28571428571429
5499,2,2024-09-17 03:00:00+00:00,90.0,81.0,74.0,73.0,82.0,77.0,54.0,9,1,3,75.85714285714286
5500,2,2024-09-17 04:00:00+00:00,83.0,78.0,72.0,66.0,75.0,71.0,49.0,9,1,4,70.57142857142857
5501,2,2024-09-17 05:00:00+00:00,70.0,61.0,58.0,56.0,65.0,61.0,43.0,9,1,5,59.142857142857146
5502,2,2024-09-17 06:00:00+00:00,63.0,56.0,52.0,53.0,57.0,53.0,32.0,9,1,6,52.285714285714285
5503,2,2024-09-17 07:00:00+00:00,50.0,44.0,45.0,48.0,52.0,47.0,29.0,9,1,7,45.0
5504,2,2024-09-17 08:00:00+00:00,41.0,39.0,37.0,43.0,48.0,42.0,29.0,9,1,8,39.857142857142854
5505,2,2024-09-17 09:00:00+00:00,38.0,41.0,30.0,39.0,46.0,40.0,29.0,9,1,9,37.57142857142857
5506,2,2024-09-17 10:00:00+00:00,45.0,42.0,32.0,36.0,45.0,41.0,30.0,9,1,10,38.714285714285715
5507,2,2024-09-17 11:00:00+00:00,53.0,42.0,42.0,33.0,45.0,45.0,32.0,9,1,11,41.714285714285715
5508,2,2024-09-17 12:00:00+00:00,34.0,39.0,53.0,34.0,34.0,50.0,38.0,9,1,12,40.285714285714285
5509,2,2024-09-17 13:00:00+00:00,39.0,45.0,50.0,40.0,43.0,52.0,44.0,9,1,13,44.714285714285715
5510,2,2024-09-17 14:00:00+00:00,48.0,53.0,54.0,47.0,57.0,55.0,50.0,9,1,14,52.0
5511,2,2024-09-17 15:00:00+00:00,54.0,59.0,61.0,54.0,67.0,58.0,55.0,9,1,15,58.285714285714285
5512,2,2024-09-17 16:00:00+00:00,62.0,64.0,65.0,61.0,70.0,63.0,57.0,9,1,16,63.142857142857146
5513,2,2024-09-17 17:00:00+00:00,66.0,65.0,65.0,68.0,70.0,68.0,56.0,9,1,17,65.42857142857143
5514,2,2024-09-17 18:00:00+00:00,69.0,68.0,60.0,65.0,70.0,73.0,53.0,9,1,18,65.42857142857143
5515,2,2024-09-17 19:00:00+00:00,73.0,68.0,63.0,67.0,70.0,76.0,52.0,9,1,19,67.0
5516,2,2024-09-17 20:00:00+00:00,77.0,68.0,63.0,69.0,69.0,78.0,52.0,9,1,20,68.0
5517,2,2024-09-17 21:00:00+00:00,81.0,71.0,65.0,71.0,69.0,80.0,51.0,9,1,21,69.71428571428571
5518,2,2024-09-17 22:00:00+00:00,85.0,76.0,67.0,73.0,71.0,81.0,51.0,9,1,22,72.0
5519,2,2024-09-17 23:00:00+00:00,85.0,80.0,69.0,75.0,73.0,81.0,50.0,9,1,23,73.28571428571429
5520,2,2024-09-18 00:00:00+00:00,88.0,87.0,72.0,83.0,76.0,81.0,49.0,9,2,0,76.57142857142857
5521,2,2024-09-18 01:00:00+00:00,86.0,87.0,73.0,85.0,79.0,83.0,50.0,9,2,1,77.57142857142857
5522,2,2024-09-18 02:00:00+00:00,86.0,88.0,75.0,85.0,81.0,84.0,53.0,9,2,2,78.85714285714286
5523,2,2024-09-18 03:00:00+00:00,81.0,91.0,77.0,83.0,80.0,83.0,53.0,9,2,3,78.28571428571429
5524,2,2024-09-18 04:00:00+00:00,65.0,85.0,75.0,75.0,74.0,76.0,50.0,9,2,4,71.42857142857143
5525,2,2024-09-18 05:00:00+00:00,56.0,69.0,61.0,64.0,65.0,66.0,45.0,9,2,5,60.857142857142854
5526,2,2024-09-18 06:00:00+00:00,44.0,55.0,56.0,51.0,58.0,58.0,47.0,9,2,6,52.714285714285715
5527,2,2024-09-18 07:00:00+00:00,34.0,49.0,53.0,46.0,57.0,55.0,46.0,9,2,7,48.57142857142857
5528,2,2024-09-18 08:00:00+00:00,29.0,37.0,54.0,43.0,58.0,54.0,46.0,9,2,8,45.857142857142854
5529,2,2024-09-18 09:00:00+00:00,27.0,35.0,49.0,41.0,58.0,53.0,47.0,9,2,9,44.285714285714285
5530,2,2024-09-18 10:00:00+00:00,23.0,31.0,43.0,40.0,56.0,50.0,48.0,9,2,10,41.57142857142857
5531,2,2024-09-18 11:00:00+00:00,24.0,35.0,40.0,40.0,53.0,47.0,50.0,9,2,11,41.285714285714285
5532,2,2024-09-18 12:00:00+00:00,29.0,37.0,47.0,47.0,48.0,44.0,48.0,9,2,12,42.857142857142854
5533,2,2024-09-18 13:00:00+00:00,33.0,42.0,50.0,50.0,52.0,49.0,53.0,9,2,13,47.0
5534,2,2024-09-18 14:00:00+00:00,40.0,45.0,52.0,53.0,59.0,57.0,58.0,9,2,14,52.0
5535,2,2024-09-18 15:00:00+00:00,51.0,55.0,56.0,57.0,64.0,64.0,62.0,9,2,15,58.42857142857143
5536,2,2024-09-18 16:00:00+00:00,59.0,65.0,61.0,61.0,66.0,68.0,62.0,9,2,16,63.142857142857146
5537,2,2024-09-18 17:00:00+00:00,65.0,70.0,64.0,66.0,67.0,70.0,60.0,9,2,17,66.0
5538,2,2024-09-18 18:00:00+00:00,58.0,74.0,66.0,69.0,67.0,72.0,58.0,9,2,18,66.28571428571429
5539,2,2024-09-18 19:00:00+00:00,59.0,76.0,68.0,71.0,67.0,73.0,57.0,9,2,19,67.28571428571429
5540,2,2024-09-18 20:00:00+00:00,63.0,77.0,71.0,71.0,66.0,74.0,55.0,9,2,20,68.14285714285714
5541,2,2024-09-18 21:00:00+00:00,65.0,79.0,74.0,70.0,65.0,74.0,55.0,9,2,21,68.85714285714286
5542,2,2024-09-18 22:00:00+00:00,66.0,79.0,75.0,68.0,65.0,74.0,56.0,9,2,22,69.0
5543,2,2024-09-18 23:00:00+00:00,67.0,78.0,76.0,65.0,65.0,74.0,58.0,9,2,23,69.0
5544,2,2024-09-19 00:00:00+00:00,70.0,75.0,74.0,70.0,65.0,72.0,66.0,9,3,0,70.28571428571429
5545,2,2024-09-19 01:00:00+00:00,75.0,77.0,77.0,70.0,66.0,64.0,67.0,9,3,1,70.85714285714286
5546,2,2024-09-19 02:00:00+00:00,77.0,78.0,81.0,69.0,68.0,53.0,69.0,9,3,2,70.71428571428571
5547,2,2024-09-19 03:00:00+00:00,75.0,73.0,83.0,67.0,68.0,45.0,68.0,9,3,3,68.42857142857143
5548,2,2024-09-19 04:00:00+00:00,74.0,61.0,78.0,62.0,64.0,42.0,62.0,9,3,4,63.285714285714285
5549,2,2024-09-19 05:00:00+00:00,61.0,64.0,62.0,55.0,57.0,41.0,55.0,9,3,5,56.42857142857143
5550,2,2024-09-19 06:00:00+00:00,51.0,61.0,58.0,60.0,52.0,40.0,48.0,9,3,6,52.857142857142854
5551,2,2024-09-19 07:00:00+00:00,45.0,56.0,51.0,57.0,49.0,38.0,46.0,9,3,7,48.857142857142854
5552,2,2024-09-19 08:00:00+00:00,44.0,50.0,51.0,53.0,46.0,37.0,46.0,9,3,8,46.714285714285715
5553,2,2024-09-19 09:00:00+00:00,40.0,45.0,51.0,51.0,45.0,36.0,46.0,9,3,9,44.857142857142854
5554,2,2024-09-19 10:00:00+00:00,38.0,47.0,51.0,52.0,44.0,36.0,46.0,9,3,10,44.857142857142854
5555,2,2024-09-19 11:00:00+00:00,40.0,48.0,53.0,54.0,44.0,38.0,47.0,9,3,11,46.285714285714285
5556,2,2024-09-19 12:00:00+00:00,40.0,48.0,54.0,45.0,44.0,43.0,47.0,9,3,12,45.857142857142854
5557,2,2024-09-19 13:00:00+00:00,40.0,54.0,55.0,50.0,48.0,46.0,50.0,9,3,13,49.0
5558,2,2024-09-19 14:00:00+00:00,41.0,53.0,55.0,58.0,53.0,50.0,55.0,9,3,14,52.142857142857146
5559,2,2024-09-19 15:00:00+00:00,41.0,59.0,51.0,64.0,57.0,52.0,59.0,9,3,15,54.714285714285715
5560,2,2024-09-19 16:00:00+00:00,42.0,66.0,44.0,67.0,58.0,51.0,61.0,9,3,16,55.57142857142857
5561,2,2024-09-19 17:00:00+00:00,42.0,64.0,47.0,69.0,58.0,49.0,61.0,9,3,17,55.714285714285715
5562,2,2024-09-19 18:00:00+00:00,45.0,49.0,51.0,50.0,58.0,48.0,59.0,9,3,18,51.42857142857143
5563,2,2024-09-19 19:00:00+00:00,49.0,48.0,53.0,51.0,58.0,48.0,59.0,9,3,19,52.285714285714285
5564,2,2024-09-19 20:00:00+00:00,49.0,47.0,55.0,53.0,58.0,49.0,59.0,9,3,20,52.857142857142854
5565,2,2024-09-19 21:00:00+00:00,49.0,46.0,56.0,55.0,58.0,50.0,60.0,9,3,21,53.42857142857143
5566,2,2024-09-19 22:00:00+00:00,49.0,45.0,56.0,55.0,58.0,51.0,61.0,9,3,22,53.57142857142857
5567,2,2024-09-19 23:00:00+00:00,48.0,49.0,54.0,54.0,57.0,52.0,62.0,9,3,23,53.714285714285715
5568,2,2024-09-20 00:00:00+00:00,51.0,45.0,44.0,62.0,45.0,54.0,55.0,9,4,0,50.857142857142854
5569,2,2024-09-20 01:00:00+00:00,53.0,47.0,45.0,64.0,48.0,57.0,58.0,9,4,1,53.142857142857146
5570,2,2024-09-20 02:00:00+00:00,56.0,49.0,45.0,66.0,52.0,60.0,62.0,9,4,2,55.714285714285715
5571,2,2024-09-20 03:00:00+00:00,59.0,53.0,50.0,66.0,55.0,60.0,63.0,9,4,3,58.0
5572,2,2024-09-20 04:00:00+00:00,56.0,52.0,51.0,60.0,54.0,55.0,59.0,9,4,4,55.285714285714285
5573,2,2024-09-20 05:00:00+00:00,50.0,47.0,47.0,51.0,52.0,47.0,52.0,9,4,5,49.42857142857143
5574,2,2024-09-20 06:00:00+00:00,45.0,45.0,48.0,52.0,49.0,40.0,42.0,9,4,6,45.857142857142854
5575,2,2024-09-20 07:00:00+00:00,45.0,41.0,44.0,45.0,45.0,34.0,39.0,9,4,7,41.857142857142854
5576,2,2024-09-20 08:00:00+00:00,43.0,41.0,42.0,39.0,40.0,29.0,36.0,9,4,8,38.57142857142857
5577,2,2024-09-20 09:00:00+00:00,39.0,38.0,39.0,34.0,37.0,26.0,34.0,9,4,9,35.285714285714285
5578,2,2024-09-20 10:00:00+00:00,37.0,35.0,36.0,32.0,38.0,26.0,34.0,9,4,10,34.0
5579,2,2024-09-20 11:00:00+00:00,37.0,38.0,34.0,32.0,40.0,27.0,34.0,9,4,11,34.57142857142857
5580,2,2024-09-20 12:00:00+00:00,38.0,44.0,39.0,34.0,36.0,45.0,39.0,9,4,12,39.285714285714285
5581,2,2024-09-20 13:00:00+00:00,41.0,46.0,44.0,37.0,39.0,49.0,46.0,9,4,13,43.142857142857146
5582,2,2024-09-20 14:00:00+00:00,42.0,53.0,47.0,43.0,44.0,54.0,54.0,9,4,14,48.142857142857146
5583,2,2024-09-20 15:00:00+00:00,49.0,56.0,51.0,48.0,48.0,58.0,60.0,9,4,15,52.857142857142854
5584,2,2024-09-20 16:00:00+00:00,56.0,58.0,54.0,54.0,52.0,60.0,62.0,9,4,16,56.57142857142857
5585,2,2024-09-20 17:00:00+00:00,61.0,62.0,56.0,60.0,56.0,61.0,61.0,9,4,17,59.57142857142857
5586,2,2024-09-20 18:00:00+00:00,60.0,62.0,59.0,65.0,59.0,62.0,58.0,9,4,18,60.714285714285715
5587,2,2024-09-20 19:00:00+00:00,61.0,64.0,62.0,67.0,61.0,62.0,57.0,9,4,19,62.0
5588,2,2024-09-20 20:00:00+00:00,64.0,67.0,64.0,67.0,63.0,62.0,56.0,9,4,20,63.285714285714285
5589,2,2024-09-20 21:00:00+00:00,66.0,70.0,66.0,68.0,65.0,62.0,55.0,9,4,21,64.57142857142857
5590,2,2024-09-20 22:00:00+00:00,68.0,72.0,66.0,69.0,67.0,61.0,54.0,9,4,22,65.28571428571429
5591,2,2024-09-20 23:00:00+00:00,69.0,72.0,67.0,70.0,68.0,59.0,53.0,9,4,23,65.42857142857143
5592,2,2024-09-21 00:00:00+00:00,77.0,70.0,64.0,72.0,79.0,66.0,54.0,9,5,0,68.85714285714286
5593,2,2024-09-21 01:00:00+00:00,78.0,69.0,66.0,76.0,81.0,69.0,52.0,9,5,1,70.14285714285714
5594,2,2024-09-21 02:00:00+00:00,80.0,70.0,69.0,79.0,82.0,72.0,50.0,9,5,2,71.71428571428571
5595,2,2024-09-21 03:00:00+00:00,79.0,73.0,70.0,80.0,79.0,71.0,47.0,9,5,3,71.28571428571429
5596,2,2024-09-21 04:00:00+00:00,81.0,72.0,65.0,75.0,69.0,64.0,43.0,9,5,4,67.0
5597,2,2024-09-21 05:00:00+00:00,72.0,59.0,54.0,68.0,56.0,54.0,39.0,9,5,5,57.42857142857143
5598,2,2024-09-21 06:00:00+00:00,61.0,53.0,53.0,61.0,45.0,45.0,42.0,9,5,6,51.42857142857143
5599,2,2024-09-21 07:00:00+00:00,52.0,53.0,52.0,55.0,38.0,37.0,39.0,9,5,7,46.57142857142857
5600,2,2024-09-21 08:00:00+00:00,49.0,57.0,52.0,48.0,33.0,30.0,37.0,9,5,8,43.714285714285715
5601,2,2024-09-21 09:00:00+00:00,51.0,55.0,50.0,42.0,30.0,25.0,37.0,9,5,9,41.42857142857143
5602,2,2024-09-21 10:00:00+00:00,51.0,54.0,51.0,37.0,28.0,23.0,38.0,9,5,10,40.285714285714285
5603,2,2024-09-21 11:00:00+00:00,53.0,54.0,53.0,32.0,28.0,24.0,41.0,9,5,11,40.714285714285715
5604,2,2024-09-21 12:00:00+00:00,53.0,58.0,50.0,45.0,18.0,41.0,42.0,9,5,12,43.857142857142854
5605,2,2024-09-21 13:00:00+00:00,57.0,56.0,51.0,51.0,24.0,48.0,48.0,9,5,13,47.857142857142854
5606,2,2024-09-21 14:00:00+00:00,61.0,58.0,53.0,61.0,34.0,56.0,56.0,9,5,14,54.142857142857146
5607,2,2024-09-21 15:00:00+00:00,69.0,64.0,60.0,68.0,44.0,61.0,61.0,9,5,15,61.0
5608,2,2024-09-21 16:00:00+00:00,73.0,68.0,66.0,71.0,52.0,63.0,62.0,9,5,16,65.0
5609,2,2024-09-21 17:00:00+00:00,77.0,73.0,70.0,72.0,59.0,62.0,61.0,9,5,17,67.71428571428571
5610,2,2024-09-21 18:00:00+00:00,80.0,80.0,79.0,71.0,65.0,62.0,59.0,9,5,18,70.85714285714286
5611,2,2024-09-21 19:00:00+00:00,82.0,81.0,80.0,73.0,68.0,62.0,60.0,9,5,19,72.28571428571429
5612,2,2024-09-21 20:00:00+00:00,82.0,82.0,80.0,75.0,70.0,62.0,61.0,9,5,20,73.14285714285714
5613,2,2024-09-21 21:00:00+00:00,84.0,83.0,80.0,76.0,72.0,62.0,61.0,9,5,21,74.0
5614,2,2024-09-21 22:00:00+00:00,86.0,86.0,81.0,77.0,75.0,63.0,60.0,9,5,22,75.42857142857143
5615,2,2024-09-21 23:00:00+00:00,86.0,90.0,80.0,77.0,78.0,64.0,59.0,9,5,23,76.28571428571429
5616,2,2024-09-22 00:00:00+00:00,82.0,93.0,87.0,74.0,85.0,68.0,60.0,9,6,0,78.42857142857143
5617,2,2024-09-22 01:00:00+00:00,83.0,93.0,87.0,78.0,87.0,74.0,60.0,9,6,1,80.28571428571429
5618,2,2024-09-22 02:00:00+00:00,83.0,94.0,90.0,84.0,90.0,80.0,59.0,9,6,2,82.85714285714286
5619,2,2024-09-22 03:00:00+00:00,85.0,93.0,92.0,86.0,90.0,81.0,58.0,9,6,3,83.57142857142857
5620,2,2024-09-22 04:00:00+00:00,84.0,84.0,90.0,82.0,85.0,70.0,56.0,9,6,4,78.71428571428571
5621,2,2024-09-22 05:00:00+00:00,71.0,75.0,66.0,74.0,77.0,53.0,52.0,9,6,5,66.85714285714286
5622,2,2024-09-22 06:00:00+00:00,58.0,62.0,51.0,66.0,68.0,39.0,44.0,9,6,6,55.42857142857143
5623,2,2024-09-22 07:00:00+00:00,57.0,58.0,46.0,62.0,57.0,32.0,39.0,9,6,7,50.142857142857146
5624,2,2024-09-22 08:00:00+00:00,56.0,59.0,44.0,58.0,45.0,29.0,36.0,9,6,8,46.714285714285715
5625,2,2024-09-22 09:00:00+00:00,53.0,58.0,41.0,55.0,36.0,30.0,34.0,9,6,9,43.857142857142854
5626,2,2024-09-22 10:00:00+00:00,54.0,57.0,42.0,52.0,29.0,38.0,34.0,9,6,10,43.714285714285715
5627,2,2024-09-22 11:00:00+00:00,54.0,54.0,45.0,50.0,25.0,51.0,36.0,9,6,11,45.0
5628,2,2024-09-22 12:00:00+00:00,57.0,53.0,56.0,55.0,45.0,51.0,42.0,9,6,12,51.285714285714285
5629,2,2024-09-22 13:00:00+00:00,58.0,59.0,59.0,57.0,50.0,58.0,48.0,9,6,13,55.57142857142857
5630,2,2024-09-22 14:00:00+00:00,69.0,64.0,62.0,59.0,55.0,67.0,56.0,9,6,14,61.714285714285715
5631,2,2024-09-22 15:00:00+00:00,74.0,74.0,68.0,62.0,61.0,74.0,62.0,9,6,15,67.85714285714286
5632,2,2024-09-22 16:00:00+00:00,77.0,78.0,73.0,66.0,68.0,77.0,65.0,9,6,16,72.0
5633,2,2024-09-22 17:00:00+00:00,80.0,83.0,75.0,71.0,74.0,78.0,66.0,9,6,17,75.28571428571429
5634,2,2024-09-22 18:00:00+00:00,81.0,85.0,80.0,83.0,79.0,78.0,68.0,9,6,18,79.14285714285714
5635,2,2024-09-22 19:00:00+00:00,83.0,89.0,82.0,85.0,80.0,76.0,67.0,9,6,19,80.28571428571429
5636,2,2024-09-22 20:00:00+00:00,84.0,90.0,84.0,85.0,79.0,73.0,66.0,9,6,20,80.14285714285714
5637,2,2024-09-22 21:00:00+00:00,86.0,92.0,86.0,86.0,79.0,72.0,64.0,9,6,21,80.71428571428571
5638,2,2024-09-22 22:00:00+00:00,88.0,94.0,87.0,88.0,81.0,73.0,63.0,9,6,22,82.0
5639,2,2024-09-22 23:00:00+00:00,92.0,95.0,89.0,90.0,83.0,76.0,62.0,9,6,23,83.85714285714286
5640,2,2024-09-23 00:00:00+00:00,91.0,87.0,96.0,91.0,79.0,86.0,65.0,9,0,0,85.0
5641,2,2024-09-23 01:00:00+00:00,91.0,89.0,92.0,91.0,82.0,87.0,67.0,9,0,1,85.57142857142857
5642,2,2024-09-23 02:00:00+00:00,88.0,92.0,89.0,91.0,86.0,87.0,69.0,9,0,2,86.0
5643,2,2024-09-23 03:00:00+00:00,86.0,91.0,90.0,87.0,85.0,84.0,69.0,9,0,3,84.57142857142857
5644,2,2024-09-23 04:00:00+00:00,87.0,81.0,87.0,78.0,76.0,77.0,64.0,9,0,4,78.57142857142857
5645,2,2024-09-23 05:00:00+00:00,75.0,63.0,72.0,66.0,64.0,67.0,57.0,9,0,5,66.28571428571429
5646,2,2024-09-23 06:00:00+00:00,66.0,67.0,65.0,49.0,53.0,57.0,47.0,9,0,6,57.714285714285715
5647,2,2024-09-23 07:00:00+00:00,57.0,58.0,54.0,44.0,47.0,47.0,44.0,9,0,7,50.142857142857146
5648,2,2024-09-23 08:00:00+00:00,49.0,56.0,48.0,41.0,44.0,37.0,43.0,9,0,8,45.42857142857143
5649,2,2024-09-23 09:00:00+00:00,49.0,50.0,47.0,41.0,42.0,31.0,42.0,9,0,9,43.142857142857146
5650,2,2024-09-23 10:00:00+00:00,51.0,49.0,48.0,43.0,42.0,29.0,41.0,9,0,10,43.285714285714285
5651,2,2024-09-23 11:00:00+00:00,53.0,49.0,48.0,47.0,43.0,31.0,41.0,9,0,11,44.57142857142857
5652,2,2024-09-23 12:00:00+00:00,47.0,46.0,50.0,53.0,50.0,45.0,45.0,9,0,12,48.0
5653,2,2024-09-23 13:00:00+00:00,49.0,49.0,58.0,59.0,55.0,50.0,50.0,9,0,13,52.857142857142854
5654,2,2024-09-23 14:00:00+00:00,54.0,59.0,65.0,66.0,61.0,57.0,56.0,9,0,14,59.714285714285715
5655,2,2024-09-23 15:00:00+00:00,65.0,71.0,75.0,72.0,67.0,62.0,60.0,9,0,15,67.42857142857143
5656,2,2024-09-23 16:00:00+00:00,74.0,80.0,80.0,77.0,71.0,65.0,61.0,9,0,16,72.57142857142857
5657,2,2024-09-23 17:00:00+00:00,81.0,87.0,84.0,80.0,75.0,67.0,60.0,9,0,17,76.28571428571429
5658,2,2024-09-23 18:00:00+00:00,85.0,89.0,90.0,83.0,78.0,68.0,61.0,9,0,18,79.14285714285714
5659,2,2024-09-23 19:00:00+00:00,86.0,91.0,92.0,85.0,81.0,69.0,61.0,9,0,19,80.71428571428571
5660,2,2024-09-23 20:00:00+00:00,87.0,91.0,91.0,85.0,83.0,71.0,61.0,9,0,20,81.28571428571429
5661,2,2024-09-23 21:00:00+00:00,86.0,92.0,92.0,86.0,84.0,72.0,61.0,9,0,21,81.85714285714286
5662,2,2024-09-23 22:00:00+00:00,85.0,91.0,93.0,87.0,84.0,74.0,62.0,9,0,22,82.28571428571429
5663,2,2024-09-23 23:00:00+00:00,85.0,92.0,92.0,87.0,84.0,76.0,64.0,9,0,23,82.85714285714286
