,location_id,date,temperature_2m_previous_day1,temperature_2m_previous_day2,temperature_2m_previous_day3,temperature_2m_previous_day4,temperature_2m_previous_day5,temperature_2m_previous_day6,temperature_2m_previous_day7,relative_humidity_2m_previous_day1,relative_humidity_2m_previous_day2,relative_humidity_2m_previous_day3,relative_humidity_2m_previous_day4,relative_humidity_2m_previous_day5,relative_humidity_2m_previous_day6,relative_humidity_2m_previous_day7
0,1,2024-02-01 00:00:00+00:00,18.947,18.897,18.497,17.296999,17.546999,16.947,16.845499,94,95,95,96,88,91,90
1,1,2024-02-01 01:00:00+00:00,18.546999,18.647,17.347,16.447,16.597,16.047,16.2455,96,95,97,96,91,91,91
2,1,2024-02-01 02:00:00+00:00,18.046999,18.447,16.597,15.646999,15.646999,15.396999,15.4955,98,96,97,94,93,90,93
3,1,2024-02-01 03:00:00+00:00,17.647,17.796999,15.747,15.497,15.447,15.347,15.3455,99,98,96,92,93,88,93
4,1,2024-02-01 04:00:00+00:00,17.046999,17.347,15.047,16.397,16.447,16.296999,16.2955,100,98,94,89,89,85,90
5,1,2024-02-01 05:00:00+00:00,17.997,18.447,16.597,17.947,18.247,17.897,17.8955,96,95,90,84,83,81,86
6,1,2024-02-01 06:00:00+00:00,20.197,19.997,19.897,19.796999,20.197,19.697,18.2955,85,82,80,79,76,76,90
7,1,2024-02-01 07:00:00+00:00,22.197,22.197,21.997,21.747,22.296999,21.847,20.4455,73,72,71,72,68,68,79
8,1,2024-02-01 08:00:00+00:00,23.796999,24.046999,23.597,23.947,24.546999,24.197,23.2455,66,64,65,63,59,59,64
9,1,2024-02-01 09:00:00+00:00,25.347,25.697,25.247,25.647,26.347,26.097,25.595499,58,55,56,55,51,51,52
10,1,2024-02-01 10:00:00+00:00,26.747,26.997,26.497,26.597,27.497,27.247,27.1955,50,48,49,50,46,46,45
11,1,2024-02-01 11:00:00+00:00,27.296999,27.397,27.247,27.046999,28.197,27.897,28.2955,46,45,46,46,43,43,41
12,1,2024-02-01 12:00:00+00:00,27.847,27.847,28.247,28.447,27.296999,27.796999,22.9955,44,42,42,38,46,41,73
13,1,2024-02-01 13:00:00+00:00,28.046999,28.147,28.447,28.497,27.296999,27.447,22.095499,42,40,41,37,45,43,77
14,1,2024-02-01 14:00:00+00:00,27.847,27.897,28.046999,28.197,27.046999,26.597,20.9455,42,38,40,39,45,47,83
15,1,2024-02-01 15:00:00+00:00,27.247,26.997,27.247,27.347,26.296999,25.497,19.845499,42,42,43,43,48,54,87
16,1,2024-02-01 16:00:00+00:00,24.997,24.947,24.997,25.597,24.796999,23.997,18.9455,52,52,54,51,56,64,89
17,1,2024-02-01 17:00:00+00:00,22.997,22.897,23.097,23.296999,22.847,22.197,18.1455,59,52,64,61,66,76,91
18,1,2024-02-01 18:00:00+00:00,21.546999,21.747,21.597,21.046999,21.247,20.796999,17.1455,63,63,64,84,75,85,94
19,1,2024-02-01 19:00:00+00:00,20.546999,20.947,20.747,20.247,20.397,20.046999,17.1455,74,68,72,88,82,89,93
20,1,2024-02-01 20:00:00+00:00,20.097,20.397,19.897,19.897,19.947,19.647,17.595499,87,72,81,87,87,90,91
21,1,2024-02-01 21:00:00+00:00,19.697,19.397,19.497,19.546999,19.546999,19.296999,17.8955,92,77,87,87,91,90,90
22,1,2024-02-01 22:00:00+00:00,19.397,18.997,19.097,19.046999,19.147,18.997,17.845499,91,83,91,89,93,91,90
23,1,2024-02-01 23:00:00+00:00,19.347,18.897,18.597,18.546999,18.796999,18.747,17.6455,90,85,94,91,93,91,91
24,1,2024-02-02 00:00:00+00:00,18.546999,19.097,18.647,18.747,18.597,18.296999,15.6455,90,92,87,94,89,93,94
25,1,2024-02-02 01:00:00+00:00,18.247,18.697,17.647,18.347,17.697,17.796999,15.195499,93,94,93,96,93,95,95
26,1,2024-02-02 02:00:00+00:00,18.147,17.847,16.796999,17.947,16.747,17.247,14.695499,94,96,96,97,96,98,97
27,1,2024-02-02 03:00:00+00:00,17.497,17.296999,16.047,17.847,16.397,17.147,14.7955,97,97,97,97,97,98,96
28,1,2024-02-02 04:00:00+00:00,16.997,16.796999,15.597,18.247,17.147,17.697,15.8455,98,96,96,96,92,96,93
29,1,2024-02-02 05:00:00+00:00,18.097,17.947,16.947,18.947,18.497,18.747,17.4955,95,90,91,93,85,91,88
30,1,2024-02-02 06:00:00+00:00,19.997,20.097,19.397,20.397,19.997,19.997,19.4955,74,77,78,84,77,85,82
31,1,2024-02-02 07:00:00+00:00,22.097,22.447,21.847,21.847,21.546999,21.597,21.6455,65,68,68,77,70,76,73
32,1,2024-02-02 08:00:00+00:00,23.647,24.247,23.597,23.447,23.147,23.447,23.8955,61,63,62,67,63,66,62
33,1,2024-02-02 09:00:00+00:00,25.046999,25.847,25.197,24.847,24.497,25.046999,25.6955,57,55,57,60,58,58,54
34,1,2024-02-02 10:00:00+00:00,26.347,27.046999,26.347,25.947,25.497,26.397,27.0455,52,49,52,55,55,52,47
35,1,2024-02-02 11:00:00+00:00,27.296999,27.897,27.046999,26.747,26.197,27.447,27.9455,48,44,49,51,53,47,43
36,1,2024-02-02 12:00:00+00:00,27.697,27.897,28.097,27.546999,26.046999,26.997,25.8955,44,44,42,47,55,53,57
37,1,2024-02-02 13:00:00+00:00,27.847,28.046999,28.046999,26.847,25.447,26.447,24.4955,42,43,42,52,58,55,65
38,1,2024-02-02 14:00:00+00:00,27.597,27.747,27.796999,25.397,24.347,25.397,22.5455,43,44,43,62,62,60,77
39,1,2024-02-02 15:00:00+00:00,26.897,27.046999,27.247,23.997,23.247,24.247,20.6455,43,45,44,70,67,65,86
40,1,2024-02-02 16:00:00+00:00,24.697,23.697,25.197,22.796999,22.247,23.147,18.7455,54,71,57,76,73,72,91
41,1,2024-02-02 17:00:00+00:00,22.647,21.897,23.197,21.597,21.247,21.947,16.8955,63,78,63,82,79,79,94
42,1,2024-02-02 18:00:00+00:00,21.046999,21.796999,21.546999,21.647,20.347,20.997,16.7955,83,77,72,80,84,85,95
43,1,2024-02-02 19:00:00+00:00,20.247,20.747,20.397,20.697,19.546999,20.397,16.3955,85,86,86,84,88,88,95
44,1,2024-02-02 20:00:00+00:00,20.296999,20.147,19.697,20.147,18.796999,20.046999,16.1455,83,90,90,86,91,90,95
45,1,2024-02-02 21:00:00+00:00,19.347,19.546999,18.747,19.546999,18.197,19.697,15.8955,87,92,90,88,94,91,95
46,1,2024-02-02 22:00:00+00:00,18.647,18.796999,17.647,18.796999,17.796999,19.247,15.5455,92,93,91,91,96,92,95
47,1,2024-02-02 23:00:00+00:00,18.546999,18.397,16.897,18.097,17.597,18.847,15.1455,93,92,92,95,96,93,94
48,1,2024-02-03 00:00:00+00:00,18.697,18.247,17.447,16.947,18.046999,18.347,15.5955,92,96,94,93,96,95,93
49,1,2024-02-03 01:00:00+00:00,18.147,18.046999,17.247,16.197,17.747,18.046999,14.945499,94,97,94,93,96,95,94
50,1,2024-02-03 02:00:00+00:00,17.647,17.697,16.897,15.597,17.497,17.747,14.2455,94,98,93,91,96,95,95
51,1,2024-02-03 03:00:00+00:00,16.847,17.197,15.947,15.547,17.597,17.697,14.2455,96,99,94,89,95,95,94
52,1,2024-02-03 04:00:00+00:00,16.047,16.947,15.747,16.397,18.247,17.847,15.2455,96,99,91,85,92,95,91
53,1,2024-02-03 05:00:00+00:00,17.197,18.197,17.197,17.897,19.247,18.247,16.845499,93,95,88,80,89,95,87
54,1,2024-02-03 06:00:00+00:00,20.097,20.247,20.247,19.947,20.296999,19.046999,18.4955,81,80,75,77,85,92,79
55,1,2024-02-03 07:00:00+00:00,21.947,22.647,22.247,21.947,21.397,20.546999,20.6955,75,69,69,71,81,84,69
56,1,2024-02-03 08:00:00+00:00,23.796999,24.697,23.997,23.997,22.597,22.497,23.1455,64,60,64,64,76,74,58
57,1,2024-02-03 09:00:00+00:00,25.397,26.247,25.647,25.647,23.647,24.147,25.095499,57,53,57,58,72,66,49
58,1,2024-02-03 10:00:00+00:00,26.597,27.097,27.046999,26.796999,24.647,25.397,26.2955,52,50,50,52,67,61,44
59,1,2024-02-03 11:00:00+00:00,27.397,27.947,27.897,27.546999,25.546999,26.296999,26.9955,48,46,46,48,63,57,41
60,1,2024-02-03 12:00:00+00:00,27.697,27.447,28.546999,28.747,27.597,28.147,28.7455,47,48,45,42,50,47,40
61,1,2024-02-03 13:00:00+00:00,27.597,27.197,28.347,28.197,26.847,28.647,26.9955,48,49,44,44,54,43,49
62,1,2024-02-03 14:00:00+00:00,27.197,26.697,27.796999,27.046999,25.397,28.796999,24.1955,49,49,45,49,61,39,62
63,1,2024-02-03 15:00:00+00:00,26.046999,24.796999,24.197,25.697,23.947,28.147,21.7955,50,61,67,55,68,41,73
64,1,2024-02-03 16:00:00+00:00,23.296999,22.397,21.747,24.097,22.697,26.046999,20.4955,66,76,79,64,74,53,79
65,1,2024-02-03 17:00:00+00:00,21.597,21.397,21.546999,22.296999,21.497,23.147,19.595499,79,83,81,75,81,70,82
66,1,2024-02-03 18:00:00+00:00,20.947,20.647,20.447,20.447,20.497,20.847,17.595499,83,87,82,85,86,84,89
67,1,2024-02-03 19:00:00+00:00,20.497,20.397,19.397,19.947,19.796999,19.747,16.9455,86,87,88,86,89,89,91
68,1,2024-02-03 20:00:00+00:00,19.247,19.747,19.097,19.546999,19.296999,19.247,16.595499,91,89,89,86,91,91,91
69,1,2024-02-03 21:00:00+00:00,18.647,19.347,18.497,19.097,18.847,18.897,16.1955,93,89,93,87,93,92,91
70,1,2024-02-03 22:00:00+00:00,18.147,18.897,17.997,18.546999,18.546999,18.597,15.5955,95,89,96,90,94,93,91
71,1,2024-02-03 23:00:00+00:00,17.197,18.046999,17.847,17.897,18.296999,18.447,14.9955,98,94,94,93,94,94,90
72,1,2024-02-04 00:00:00+00:00,16.546999,17.347,17.397,18.046999,17.747,18.097,15.695499,100,98,95,95,95,96,89
73,1,2024-02-04 01:00:00+00:00,15.997,17.097,16.897,17.296999,17.097,17.647,14.9955,100,98,94,97,97,96,90
74,1,2024-02-04 02:00:00+00:00,15.547,16.947,16.347,16.546999,16.397,17.247,14.3955,99,98,94,99,99,96,91
75,1,2024-02-04 03:00:00+00:00,14.997,15.997,15.697,16.397,16.296999,17.247,14.4955,98,99,95,98,99,95,90
76,1,2024-02-04 04:00:00+00:00,14.497,15.347,15.197,17.147,17.046999,17.897,15.5955,98,99,96,94,97,93,87
77,1,2024-02-04 05:00:00+00:00,16.047,16.697,16.697,18.447,18.296999,18.947,17.3955,94,96,92,89,93,89,82
78,1,2024-02-04 06:00:00+00:00,19.597,20.097,20.147,19.947,19.747,20.147,19.345499,82,79,76,82,87,85,77
79,1,2024-02-04 07:00:00+00:00,22.397,22.697,22.647,21.796999,21.397,21.546999,21.9955,71,68,65,74,79,78,67
80,1,2024-02-04 08:00:00+00:00,24.647,24.997,24.597,23.796999,23.247,23.046999,24.9955,59,59,59,65,69,70,54
81,1,2024-02-04 09:00:00+00:00,26.046999,26.897,26.347,25.497,24.697,24.347,27.2955,52,51,53,57,62,64,45
82,1,2024-02-04 10:00:00+00:00,27.147,28.097,27.747,26.897,25.597,25.296999,28.7955,47,46,47,51,59,61,39
83,1,2024-02-04 11:00:00+00:00,27.947,28.796999,28.597,27.997,26.147,25.997,29.6455,43,45,44,45,58,60,35
84,1,2024-02-04 12:00:00+00:00,28.647,28.497,28.447,27.597,27.947,25.347,26.4955,37,42,43,49,48,63,49
85,1,2024-02-04 13:00:00+00:00,29.097,28.597,28.796999,27.397,27.997,25.247,25.1455,34,40,41,49,46,62,57
86,1,2024-02-04 14:00:00+00:00,28.597,28.296999,28.897,26.747,27.647,24.747,23.095499,36,37,34,51,46,62,68
87,1,2024-02-04 15:00:00+00:00,27.097,27.046999,27.647,25.796999,26.747,23.947,21.1455,42,42,35,55,49,65,78
88,1,2024-02-04 16:00:00+00:00,24.647,24.296999,24.597,24.296999,24.897,22.697,19.345499,51,52,44,64,58,71,85
89,1,2024-02-04 17:00:00+00:00,22.647,21.897,22.097,22.447,22.546999,21.197,17.6455,58,60,54,76,71,80,91
90,1,2024-02-04 18:00:00+00:00,21.046999,20.546999,20.447,21.296999,20.647,20.046999,17.4455,64,66,70,81,81,87,93
91,1,2024-02-04 19:00:00+00:00,20.247,19.546999,19.697,20.546999,19.747,19.597,17.1955,70,69,77,86,86,90,93
92,1,2024-02-04 20:00:00+00:00,19.546999,19.447,19.247,20.397,19.347,19.447,17.595499,73,71,82,88,88,91,91
93,1,2024-02-04 21:00:00+00:00,18.097,19.347,18.947,20.197,19.046999,19.296999,17.6955,79,72,83,89,89,92,89
94,1,2024-02-04 22:00:00+00:00,17.497,19.097,18.796999,19.747,18.796999,18.897,16.9955,81,74,82,91,90,94,90
95,1,2024-02-04 23:00:00+00:00,17.097,18.697,18.397,19.296999,18.697,18.497,16.0455,83,77,84,93,90,96,93
96,1,2024-02-05 00:00:00+00:00,16.997,17.647,17.197,18.447,18.997,18.046999,16.9455,88,82,89,82,93,94,91
97,1,2024-02-05 01:00:00+00:00,15.997,17.147,16.647,17.747,17.997,17.447,16.2455,91,84,92,85,95,96,92
98,1,2024-02-05 02:00:00+00:00,15.146999,16.597,16.497,16.947,16.796999,16.847,15.195499,93,86,92,88,97,98,94
99,1,2024-02-05 03:00:00+00:00,14.497,16.047,16.197,16.796999,16.296999,16.747,14.8955,96,87,92,89,97,98,93
100,1,2024-02-05 04:00:00+00:00,14.297,15.597,15.646999,17.597,16.997,17.397,15.695499,95,89,94,87,95,95,90
101,1,2024-02-05 05:00:00+00:00,16.047,16.597,17.097,19.046999,18.447,18.497,17.2455,91,89,90,82,91,91,84
102,1,2024-02-05 06:00:00+00:00,19.697,19.647,20.447,20.796999,20.097,19.847,19.4955,78,79,78,76,85,85,77
103,1,2024-02-05 07:00:00+00:00,22.097,21.947,22.697,22.747,21.897,21.497,22.1955,69,70,68,70,77,77,67
104,1,2024-02-05 08:00:00+00:00,23.997,23.747,24.546999,24.897,23.947,23.397,25.1955,64,65,63,63,67,68,55
105,1,2024-02-05 09:00:00+00:00,25.796999,25.397,26.097,26.647,25.597,24.997,27.3955,55,58,58,57,58,60,46
106,1,2024-02-05 10:00:00+00:00,26.747,26.597,27.197,27.997,26.747,26.197,28.4955,50,52,54,50,52,54,41
107,1,2024-02-05 11:00:00+00:00,27.597,27.296999,27.597,28.947,27.597,27.097,28.845499,47,48,50,43,48,49,38
108,1,2024-02-05 12:00:00+00:00,27.747,28.546999,28.597,28.697,27.397,28.296999,27.8955,47,43,44,46,53,42,42
109,1,2024-02-05 13:00:00+00:00,27.947,28.897,28.847,28.247,26.497,28.497,25.595499,47,40,42,47,58,40,53
110,1,2024-02-05 14:00:00+00:00,27.897,28.897,28.897,27.247,24.847,28.397,22.2455,48,38,41,51,66,40,69
111,1,2024-02-05 15:00:00+00:00,26.997,28.147,28.147,26.046999,23.347,27.647,19.6455,51,40,43,56,73,43,81
112,1,2024-02-05 16:00:00+00:00,24.097,24.647,25.847,24.546999,22.247,25.897,18.6955,65,58,57,64,78,52,86
113,1,2024-02-05 17:00:00+00:00,21.397,22.046999,23.197,22.796999,21.247,23.597,18.4455,76,77,71,75,83,66,87
114,1,2024-02-05 18:00:00+00:00,19.897,21.397,20.597,21.046999,20.447,21.747,17.345499,78,79,86,82,87,76,95
115,1,2024-02-05 19:00:00+00:00,19.647,20.697,20.197,20.247,19.997,20.847,17.345499,91,83,87,86,89,81,94
116,1,2024-02-05 20:00:00+00:00,19.197,20.147,19.546999,19.747,19.697,20.447,17.595499,90,87,89,88,90,84,92
117,1,2024-02-05 21:00:00+00:00,18.647,19.347,19.197,19.296999,19.447,20.046999,17.5455,91,91,89,90,91,86,90
118,1,2024-02-05 22:00:00+00:00,18.247,18.747,18.697,18.796999,19.097,19.546999,16.7955,94,93,90,92,93,88,90
119,1,2024-02-05 23:00:00+00:00,17.947,18.347,18.147,18.296999,18.697,19.097,15.695499,95,95,93,94,96,90,90
120,1,2024-02-06 00:00:00+00:00,18.147,18.147,17.097,17.947,18.447,17.947,14.695499,95,96,97,97,93,97,92
121,1,2024-02-06 01:00:00+00:00,17.847,17.847,16.597,17.697,17.897,17.247,14.195499,96,96,98,98,95,99,93
122,1,2024-02-06 02:00:00+00:00,17.447,17.447,16.197,17.647,17.397,16.597,13.7955,97,97,99,99,97,100,94
123,1,2024-02-06 03:00:00+00:00,17.247,16.647,15.896999,17.847,17.296999,16.497,14.0955,97,100,99,98,97,99,93
124,1,2024-02-06 04:00:00+00:00,16.697,16.647,15.597,18.347,17.747,17.247,15.3455,97,99,99,96,95,95,89
125,1,2024-02-06 05:00:00+00:00,17.347,17.796999,16.997,19.097,18.546999,18.546999,17.2455,95,96,95,92,92,89,83
126,1,2024-02-06 06:00:00+00:00,19.147,19.546999,20.397,20.347,19.697,20.046999,19.3955,85,87,86,86,87,82,74
127,1,2024-02-06 07:00:00+00:00,20.697,21.497,21.997,21.747,21.296999,21.796999,21.8955,79,78,74,78,78,74,63
128,1,2024-02-06 08:00:00+00:00,22.447,23.347,23.597,23.397,23.197,23.697,24.595499,69,68,67,68,67,66,50
129,1,2024-02-06 09:00:00+00:00,24.147,24.997,25.197,24.796999,24.847,25.296999,26.7455,63,59,57,60,57,58,40
130,1,2024-02-06 10:00:00+00:00,25.697,26.296999,26.347,25.847,26.046999,26.447,28.0455,56,51,50,54,51,51,35
131,1,2024-02-06 11:00:00+00:00,26.347,27.197,27.296999,26.647,26.997,27.247,28.6955,50,47,46,49,46,46,32
132,1,2024-02-06 12:00:00+00:00,27.447,27.247,27.546999,27.497,27.046999,27.497,29.7455,46,45,47,44,48,47,27
133,1,2024-02-06 13:00:00+00:00,27.497,27.546999,27.747,27.247,26.997,27.597,28.845499,45,44,45,45,47,45,34
134,1,2024-02-06 14:00:00+00:00,27.097,27.197,27.497,26.546999,26.497,27.247,27.1955,46,44,46,48,48,45,46
135,1,2024-02-06 15:00:00+00:00,26.147,25.597,26.897,25.546999,25.647,26.597,25.2955,49,50,46,54,52,47,56
136,1,2024-02-06 16:00:00+00:00,24.097,22.897,24.697,24.147,24.296999,25.397,23.095499,65,66,57,63,60,54,63
137,1,2024-02-06 17:00:00+00:00,21.397,21.247,22.546999,22.447,22.647,23.796999,20.6455,75,79,66,73,70,63,68
138,1,2024-02-06 18:00:00+00:00,20.597,20.697,21.347,21.347,21.296999,22.397,20.9455,87,81,79,79,79,71,60
139,1,2024-02-06 19:00:00+00:00,19.997,19.947,20.497,20.497,20.546999,21.397,19.7955,88,85,84,84,83,77,62
140,1,2024-02-06 20:00:00+00:00,19.447,19.296999,20.097,19.997,20.097,20.597,18.595499,90,88,86,87,86,81,64
141,1,2024-02-06 21:00:00+00:00,18.847,18.197,19.447,19.497,19.697,19.897,17.6455,91,93,88,89,88,85,66
142,1,2024-02-06 22:00:00+00:00,18.447,17.447,18.046999,18.897,19.247,19.397,17.2455,92,95,95,91,90,87,68
143,1,2024-02-06 23:00:00+00:00,17.847,16.897,17.447,18.347,18.847,19.046999,17.1455,94,96,96,93,93,89,70
144,1,2024-02-07 00:00:00+00:00,16.847,16.397,17.796999,17.197,18.296999,18.097,16.4955,96,95,96,94,94,92,72
145,1,2024-02-07 01:00:00+00:00,16.347,15.997,17.747,16.747,17.997,17.847,15.5955,98,96,96,95,95,93,77
146,1,2024-02-07 02:00:00+00:00,16.247,15.697,17.497,16.447,17.796999,17.747,14.3955,98,96,97,94,96,92,83
147,1,2024-02-07 03:00:00+00:00,16.597,15.497,17.197,16.647,17.897,17.947,14.1455,96,95,99,93,96,91,85
148,1,2024-02-07 04:00:00+00:00,16.697,14.997,17.097,17.447,18.397,18.497,15.4955,96,96,98,91,95,90,80
149,1,2024-02-07 05:00:00+00:00,17.947,16.546999,17.997,18.747,19.197,19.397,17.845499,94,92,96,88,93,87,70
150,1,2024-02-07 06:00:00+00:00,19.747,19.147,20.097,20.647,20.247,20.546999,20.2455,84,82,86,85,88,83,66
151,1,2024-02-07 07:00:00+00:00,21.647,21.347,21.747,22.296999,21.747,22.247,22.3955,78,76,78,77,79,75,58
152,1,2024-02-07 08:00:00+00:00,23.546999,23.546999,22.847,24.147,23.447,24.247,24.5455,69,66,72,67,67,65,50
153,1,2024-02-07 09:00:00+00:00,25.197,25.147,24.447,25.647,24.947,25.897,26.2455,60,60,63,58,58,56,43
154,1,2024-02-07 10:00:00+00:00,26.447,26.546999,25.897,26.697,25.997,27.046999,27.4455,52,51,58,52,53,49,37
155,1,2024-02-07 11:00:00+00:00,27.296999,27.197,26.947,27.447,26.796999,27.847,28.2455,47,47,48,47,50,44,31
156,1,2024-02-07 12:00:00+00:00,28.397,27.497,27.747,27.847,27.447,28.197,28.6455,40,48,44,42,47,42,30
157,1,2024-02-07 13:00:00+00:00,28.697,27.447,27.947,27.997,27.647,28.247,27.7455,40,48,44,40,45,41,35
158,1,2024-02-07 14:00:00+00:00,28.247,27.097,27.747,27.796999,27.497,27.897,26.1455,42,50,45,40,43,42,45
159,1,2024-02-07 15:00:00+00:00,26.397,24.247,27.197,27.046999,26.747,27.097,24.2955,49,58,44,43,45,45,52
160,1,2024-02-07 16:00:00+00:00,24.247,22.997,24.597,25.397,24.997,25.597,22.1455,63,67,56,51,53,52,56
161,1,2024-02-07 17:00:00+00:00,22.647,21.397,22.296999,23.247,22.697,23.597,19.7455,70,76,69,62,65,62,58
162,1,2024-02-07 18:00:00+00:00,21.747,21.197,21.247,21.397,20.897,21.997,18.9955,75,75,71,69,74,71,55
163,1,2024-02-07 19:00:00+00:00,21.397,20.697,19.947,20.546999,20.296999,21.097,17.595499,75,77,81,74,77,77,57
164,1,2024-02-07 20:00:00+00:00,20.097,19.397,18.897,20.046999,20.197,20.546999,16.4455,81,85,90,76,77,81,59
165,1,2024-02-07 21:00:00+00:00,19.397,18.447,18.296999,19.597,19.796999,20.097,15.4955,84,91,94,79,78,85,61
166,1,2024-02-07 22:00:00+00:00,19.147,17.897,17.897,18.947,18.597,19.647,14.7955,83,93,94,82,84,88,64
167,1,2024-02-07 23:00:00+00:00,18.147,17.747,17.997,18.247,17.147,19.247,14.3455,88,93,90,84,90,90,68
168,1,2024-02-08 00:00:00+00:00,17.046999,16.796999,17.046999,18.546999,17.647,15.447,14.1455,91,97,97,88,97,86,69
169,1,2024-02-08 01:00:00+00:00,16.747,16.047,16.546999,17.997,17.097,14.597,13.7955,87,95,95,90,96,87,72
170,1,2024-02-08 02:00:00+00:00,16.497,15.797,15.997,17.347,16.546999,13.797,13.6455,85,91,91,91,93,89,75
171,1,2024-02-08 03:00:00+00:00,16.147,15.597,15.497,17.247,16.597,13.847,14.1455,85,86,89,91,90,89,75
172,1,2024-02-08 04:00:00+00:00,15.847,15.097,15.047,17.947,17.397,15.297,15.5455,87,87,90,87,86,83,72
173,1,2024-02-08 05:00:00+00:00,17.296999,16.447,16.546999,19.097,18.747,17.597,17.5455,87,87,89,82,81,75,66
174,1,2024-02-08 06:00:00+00:00,20.347,19.997,20.147,20.296999,20.296999,19.897,20.1455,77,78,73,70,76,67,59
175,1,2024-02-08 07:00:00+00:00,22.947,22.447,22.947,22.247,22.147,21.997,22.7455,68,70,65,64,70,61,51
176,1,2024-02-08 08:00:00+00:00,24.897,24.296999,25.046999,24.397,24.247,24.046999,25.345499,60,62,59,57,64,57,42
177,1,2024-02-08 09:00:00+00:00,26.497,25.796999,26.597,26.147,25.947,25.697,27.1955,52,55,51,52,58,52,36
178,1,2024-02-08 10:00:00+00:00,27.347,27.046999,27.597,27.247,27.097,26.897,27.8955,47,49,45,48,52,47,33
179,1,2024-02-08 11:00:00+00:00,28.147,27.796999,28.347,27.897,27.897,27.647,27.845499,43,46,42,44,47,43,33
180,1,2024-02-08 12:00:00+00:00,28.897,28.796999,28.197,28.247,28.097,28.097,28.845499,38,41,43,43,45,43,32
181,1,2024-02-08 13:00:00+00:00,28.997,28.847,28.347,27.847,27.897,27.597,26.6955,38,40,42,44,45,45,41
182,1,2024-02-08 14:00:00+00:00,28.796999,28.397,28.147,26.947,27.296999,26.546999,23.4455,38,39,43,48,46,50,53
183,1,2024-02-08 15:00:00+00:00,28.197,27.546999,27.097,25.796999,26.296999,25.296999,20.6955,38,41,46,54,50,57,65
184,1,2024-02-08 16:00:00+00:00,25.397,24.546999,24.747,24.347,24.747,23.897,18.9455,51,60,57,63,59,65,76
185,1,2024-02-08 17:00:00+00:00,23.497,22.647,22.997,22.697,22.796999,22.347,17.6455,58,71,65,75,71,75,85
186,1,2024-02-08 18:00:00+00:00,21.397,21.296999,22.147,20.697,21.247,21.046999,16.6955,67,79,64,87,81,83,86
187,1,2024-02-08 19:00:00+00:00,20.147,20.397,21.197,19.747,20.397,20.097,16.3955,73,85,75,89,86,88,88
188,1,2024-02-08 20:00:00+00:00,18.897,19.097,20.197,18.997,19.897,19.397,16.9955,81,93,80,89,89,90,85
189,1,2024-02-08 21:00:00+00:00,17.697,18.197,19.296999,18.296999,19.497,18.796999,17.2955,88,97,86,89,91,92,84
190,1,2024-02-08 22:00:00+00:00,17.546999,18.197,18.697,17.647,19.197,18.296999,16.7455,87,94,90,91,92,93,86
191,1,2024-02-08 23:00:00+00:00,17.296999,18.597,18.546999,17.147,19.046999,17.897,15.945499,87,92,88,94,92,94,89
192,1,2024-02-09 00:00:00+00:00,17.447,16.947,16.546999,17.847,17.847,17.147,16.6955,85,90,86,91,94,93,71
193,1,2024-02-09 01:00:00+00:00,17.296999,16.497,16.047,17.197,17.497,16.847,15.695499,86,90,87,92,94,93,76
194,1,2024-02-09 02:00:00+00:00,16.897,15.997,15.597,16.447,17.147,16.597,14.695499,89,91,90,93,95,93,81
195,1,2024-02-09 03:00:00+00:00,16.296999,15.447,15.247,16.347,17.247,16.847,14.695499,92,94,92,93,94,92,83
196,1,2024-02-09 04:00:00+00:00,15.797,15.047,15.247,17.247,18.097,17.747,16.4455,94,95,92,90,90,90,78
197,1,2024-02-09 05:00:00+00:00,17.347,16.747,16.897,18.796999,19.397,19.147,19.1955,91,91,90,86,85,86,70
198,1,2024-02-09 06:00:00+00:00,21.046999,20.497,20.247,20.747,20.947,20.747,21.3955,77,79,79,79,79,81,65
199,1,2024-02-09 07:00:00+00:00,23.247,22.947,22.847,22.747,22.796999,22.747,24.095499,67,69,69,74,72,74,55
200,1,2024-02-09 08:00:00+00:00,25.347,24.997,24.897,24.947,24.847,24.947,26.8955,59,62,61,68,64,65,46
201,1,2024-02-09 09:00:00+00:00,27.197,26.796999,26.647,26.697,26.497,26.747,28.595499,50,56,56,62,57,57,40
202,1,2024-02-09 10:00:00+00:00,28.046999,28.147,27.747,27.747,27.546999,27.947,28.5455,45,49,49,56,52,51,40
203,1,2024-02-09 11:00:00+00:00,28.747,28.997,28.647,28.397,28.247,28.747,27.3955,44,45,46,51,49,46,44
204,1,2024-02-09 12:00:00+00:00,29.397,29.546999,29.247,28.447,28.597,27.997,28.8955,39,40,41,47,47,50,34
205,1,2024-02-09 13:00:00+00:00,29.546999,29.497,29.097,27.897,27.847,26.546999,25.4455,39,39,41,49,50,57,50
206,1,2024-02-09 14:00:00+00:00,29.147,29.046999,28.597,26.747,26.497,24.197,20.6455,37,39,43,53,56,67,72
207,1,2024-02-09 15:00:00+00:00,27.447,27.497,27.847,25.397,25.046999,22.247,17.095499,45,46,44,59,63,76,89
208,1,2024-02-09 16:00:00+00:00,24.197,24.897,23.397,23.697,23.546999,21.296999,15.9955,68,59,67,68,71,81,94
209,1,2024-02-09 17:00:00+00:00,22.897,22.747,22.147,21.747,21.997,20.796999,16.1455,74,71,79,78,79,84,93
210,1,2024-02-09 18:00:00+00:00,21.097,22.447,21.247,21.347,20.796999,20.296999,19.1455,82,75,85,84,86,87,83
211,1,2024-02-09 19:00:00+00:00,20.347,21.647,20.796999,20.447,20.197,19.697,18.8955,85,80,86,87,89,90,84
212,1,2024-02-09 20:00:00+00:00,19.447,20.447,19.546999,19.897,19.997,19.097,18.7455,85,85,89,87,90,92,84
213,1,2024-02-09 21:00:00+00:00,19.046999,19.796999,19.897,19.397,19.747,18.697,18.4455,88,86,85,87,91,93,85
214,1,2024-02-09 22:00:00+00:00,18.747,19.697,19.097,18.947,19.397,18.497,17.845499,91,87,88,89,92,94,87
215,1,2024-02-09 23:00:00+00:00,18.296999,18.897,18.447,18.597,19.097,18.497,17.095499,94,91,92,91,94,94,89
216,1,2024-02-10 00:00:00+00:00,18.046999,18.046999,18.397,17.947,17.947,17.847,16.1955,92,93,93,94,95,92,91
217,1,2024-02-10 01:00:00+00:00,17.897,17.697,17.796999,17.397,17.296999,17.647,15.6455,94,91,94,94,97,93,93
218,1,2024-02-10 02:00:00+00:00,17.796999,17.097,16.897,16.947,16.697,17.597,15.2455,94,92,95,93,98,94,94
219,1,2024-02-10 03:00:00+00:00,17.697,16.497,16.296999,16.997,16.697,17.796999,15.5455,93,93,95,91,97,94,93
220,1,2024-02-10 04:00:00+00:00,17.347,15.997,15.747,17.747,17.647,18.397,16.8955,93,95,96,89,94,93,87
221,1,2024-02-10 05:00:00+00:00,18.247,17.447,17.296999,18.997,19.147,19.347,18.9455,92,92,91,85,88,90,79
222,1,2024-02-10 06:00:00+00:00,19.847,20.647,21.097,20.897,20.847,20.546999,19.845499,84,82,77,83,82,86,76
223,1,2024-02-10 07:00:00+00:00,21.697,22.847,23.397,22.546999,22.796999,22.347,22.7955,79,74,70,76,74,79,65
224,1,2024-02-10 08:00:00+00:00,24.147,24.796999,25.397,24.397,24.947,24.447,26.1955,69,68,62,67,65,69,51
225,1,2024-02-10 09:00:00+00:00,25.647,26.546999,26.296999,25.897,26.546999,26.046999,28.4955,63,60,57,60,58,62,42
226,1,2024-02-10 10:00:00+00:00,26.847,27.597,27.347,27.046999,27.447,26.947,29.1955,58,55,54,55,53,58,39
227,1,2024-02-10 11:00:00+00:00,27.296999,28.247,27.847,27.897,27.847,27.347,28.845499,56,52,54,52,51,55,41
228,1,2024-02-10 12:00:00+00:00,28.197,28.546999,29.647,29.447,27.997,27.447,28.5455,51,49,41,44,52,53,39
229,1,2024-02-10 13:00:00+00:00,27.897,28.147,29.897,29.546999,27.247,26.796999,26.6955,52,51,40,42,55,58,47
230,1,2024-02-10 14:00:00+00:00,25.546999,27.747,29.497,29.197,25.947,25.647,24.095499,59,53,39,41,62,66,58
231,1,2024-02-10 15:00:00+00:00,23.397,25.247,27.897,28.247,24.597,24.447,21.6455,75,63,47,45,69,74,68
232,1,2024-02-10 16:00:00+00:00,22.046999,23.497,23.697,26.197,23.397,23.247,19.3955,79,71,72,56,76,79,77
233,1,2024-02-10 17:00:00+00:00,21.197,22.046999,22.147,23.546999,22.147,21.997,17.1955,84,81,78,70,83,84,85
234,1,2024-02-10 18:00:00+00:00,21.097,20.597,21.597,21.497,21.097,20.997,16.1955,87,89,83,85,88,87,93
235,1,2024-02-10 19:00:00+00:00,20.597,20.197,21.046999,20.897,20.347,20.447,15.6455,89,91,87,88,91,89,95
236,1,2024-02-10 20:00:00+00:00,20.197,19.897,20.296999,20.447,19.747,20.147,15.8455,91,93,89,91,92,90,94
237,1,2024-02-10 21:00:00+00:00,19.897,19.647,19.796999,19.997,19.347,19.897,15.9955,92,94,92,93,93,91,93
238,1,2024-02-10 22:00:00+00:00,19.647,19.097,19.647,19.647,19.147,19.697,15.7455,93,95,92,95,94,92,93
239,1,2024-02-10 23:00:00+00:00,19.296999,18.347,18.897,19.347,19.147,19.497,15.445499,94,96,96,96,95,93,94
240,1,2024-02-11 00:00:00+00:00,18.897,18.897,18.647,18.947,18.897,18.796999,15.0455,96,96,92,95,97,96,94
241,1,2024-02-11 01:00:00+00:00,18.397,18.597,18.347,18.397,18.347,18.097,14.5955,97,97,93,96,99,97,95
242,1,2024-02-11 02:00:00+00:00,18.097,18.197,18.247,17.747,17.697,17.296999,14.195499,98,97,93,97,100,98,96
243,1,2024-02-11 03:00:00+00:00,17.697,17.747,17.796999,17.647,17.546999,17.097,14.4955,99,97,94,96,100,97,95
244,1,2024-02-11 04:00:00+00:00,17.247,17.097,17.147,18.296999,18.147,17.796999,15.8955,100,98,93,92,96,93,91
245,1,2024-02-11 05:00:00+00:00,17.997,17.947,18.097,19.397,19.197,19.046999,17.9955,100,97,91,87,90,88,84
246,1,2024-02-11 06:00:00+00:00,20.147,20.197,20.747,21.097,20.546999,20.546999,20.7955,88,85,80,78,83,81,70
247,1,2024-02-11 07:00:00+00:00,21.847,22.447,22.796999,23.046999,22.347,22.397,22.9455,80,74,68,70,75,72,61
248,1,2024-02-11 08:00:00+00:00,23.397,24.296999,24.447,25.247,24.447,24.546999,25.095499,71,66,63,61,65,62,53
249,1,2024-02-11 09:00:00+00:00,25.097,25.796999,26.046999,27.046999,26.197,26.296999,26.7455,62,58,56,53,57,54,46
250,1,2024-02-11 10:00:00+00:00,26.347,26.997,27.197,28.247,27.447,27.497,27.7955,54,51,50,47,51,48,42
251,1,2024-02-11 11:00:00+00:00,27.197,27.897,28.097,29.046999,28.347,28.347,28.2955,50,47,46,43,45,44,39
252,1,2024-02-11 12:00:00+00:00,27.147,28.747,29.046999,29.897,29.247,28.597,29.1455,54,43,41,38,40,45,36
253,1,2024-02-11 13:00:00+00:00,27.447,28.947,29.197,30.097,29.147,28.796999,27.7455,53,42,41,35,39,43,40
254,1,2024-02-11 14:00:00+00:00,26.897,28.796999,28.997,29.897,28.647,28.647,25.4455,52,42,41,33,40,43,48
255,1,2024-02-11 15:00:00+00:00,24.497,28.397,28.597,29.046999,27.697,27.947,23.345499,63,43,41,36,44,46,56
256,1,2024-02-11 16:00:00+00:00,23.147,25.897,26.046999,27.097,26.046999,26.347,21.845499,73,55,55,47,53,53,64
257,1,2024-02-11 17:00:00+00:00,21.947,23.597,23.847,24.497,23.897,24.197,20.5455,81,67,63,61,66,62,72
258,1,2024-02-11 18:00:00+00:00,20.597,21.546999,22.347,22.697,22.247,22.497,21.345499,85,80,67,73,76,71,60
259,1,2024-02-11 19:00:00+00:00,19.897,20.997,21.546999,21.747,21.447,21.647,20.595499,89,81,71,77,81,78,60
260,1,2024-02-11 20:00:00+00:00,19.397,20.397,21.097,21.247,21.046999,21.197,19.8955,91,85,75,78,83,84,60
261,1,2024-02-11 21:00:00+00:00,18.847,20.097,20.097,20.697,20.697,20.747,19.2955,94,86,81,80,85,89,60
262,1,2024-02-11 22:00:00+00:00,18.447,19.597,19.796999,19.947,20.247,20.097,18.7455,95,88,85,84,88,94,63
263,1,2024-02-11 23:00:00+00:00,18.046999,19.397,19.447,19.097,19.796999,19.397,18.2955,97,90,85,87,90,97,67
264,1,2024-02-12 00:00:00+00:00,17.147,18.747,18.796999,17.546999,18.796999,18.947,18.095499,99,94,93,91,91,93,70
265,1,2024-02-12 01:00:00+00:00,17.397,18.347,18.147,16.747,17.597,17.947,17.4455,95,95,96,92,94,96,73
266,1,2024-02-12 02:00:00+00:00,17.497,17.447,17.447,16.047,16.296999,16.796999,16.595499,93,98,98,91,97,99,76
267,1,2024-02-12 03:00:00+00:00,17.147,16.697,16.747,16.047,15.797,16.296999,16.4955,93,99,99,89,97,99,76
268,1,2024-02-12 04:00:00+00:00,16.647,16.197,16.397,16.997,16.647,16.947,17.6455,95,98,97,87,91,93,73
269,1,2024-02-12 05:00:00+00:00,17.796999,17.597,17.947,18.597,18.296999,18.247,19.5455,90,94,91,83,83,83,67
270,1,2024-02-12 06:00:00+00:00,20.296999,20.296999,20.747,20.497,20.147,19.847,21.095499,81,88,77,76,74,74,63
271,1,2024-02-12 07:00:00+00:00,22.697,22.546999,22.796999,22.397,22.097,21.796999,23.2955,71,74,70,68,66,68,55
272,1,2024-02-12 08:00:00+00:00,24.647,24.347,24.347,24.397,24.247,24.046999,25.6455,63,67,64,59,59,63,46
273,1,2024-02-12 09:00:00+00:00,26.147,25.796999,25.647,26.097,25.997,25.847,27.4955,59,61,60,51,53,59,39
274,1,2024-02-12 10:00:00+00:00,27.347,27.147,26.796999,27.447,27.296999,27.046999,28.595499,52,50,54,46,48,54,34
275,1,2024-02-12 11:00:00+00:00,28.197,27.947,27.697,28.497,28.197,27.847,29.1955,45,45,48,43,44,49,32
276,1,2024-02-12 12:00:00+00:00,28.447,28.997,28.647,29.296999,29.447,28.647,29.7955,43,40,45,40,39,44,34
277,1,2024-02-12 13:00:00+00:00,28.597,29.046999,28.647,29.296999,29.497,28.647,28.3955,42,40,46,39,37,43,38
278,1,2024-02-12 14:00:00+00:00,28.347,28.747,28.046999,28.847,29.097,28.247,26.095499,44,42,46,40,37,43,46
279,1,2024-02-12 15:00:00+00:00,27.647,28.097,27.296999,27.897,28.247,27.397,23.8955,45,42,47,44,40,46,54
280,1,2024-02-12 16:00:00+00:00,25.697,25.697,24.847,26.147,26.647,25.997,22.1455,56,53,60,51,48,52,63
281,1,2024-02-12 17:00:00+00:00,23.447,23.147,22.897,23.847,24.546999,24.197,20.5455,65,70,69,61,58,60,73
282,1,2024-02-12 18:00:00+00:00,21.697,21.847,22.447,22.197,22.796999,22.647,17.7455,78,76,70,73,68,68,94
283,1,2024-02-12 19:00:00+00:00,21.147,21.097,21.347,21.296999,21.747,21.597,17.4955,82,80,78,78,76,74,95
284,1,2024-02-12 20:00:00+00:00,20.647,20.397,21.046999,20.847,21.046999,20.796999,17.7955,86,83,80,82,82,80,93
285,1,2024-02-12 21:00:00+00:00,20.147,19.747,20.447,20.447,20.447,20.147,18.0455,89,86,83,84,87,85,92
286,1,2024-02-12 22:00:00+00:00,19.647,19.296999,20.247,20.097,19.997,19.697,17.9955,91,88,84,86,90,87,92
287,1,2024-02-12 23:00:00+00:00,19.497,18.897,19.897,19.796999,19.647,19.447,17.845499,90,91,87,86,91,89,93
288,1,2024-02-13 00:00:00+00:00,18.747,18.546999,19.197,19.546999,18.647,19.147,16.7955,90,93,88,90,78,83,81
289,1,2024-02-13 01:00:00+00:00,18.397,18.347,18.546999,18.847,18.197,18.397,16.845499,89,93,90,91,81,85,81
290,1,2024-02-13 02:00:00+00:00,18.197,18.046999,17.997,18.046999,17.647,17.497,17.2955,89,93,90,93,85,88,79
291,1,2024-02-13 03:00:00+00:00,18.147,17.747,17.897,17.796999,17.697,17.247,17.9455,89,93,88,92,86,89,77
292,1,2024-02-13 04:00:00+00:00,17.997,17.247,17.897,18.497,18.597,18.046999,18.7455,89,93,85,89,83,86,75
293,1,2024-02-13 05:00:00+00:00,18.747,18.546999,18.997,19.796999,20.046999,19.447,19.7955,89,89,84,84,77,81,72
294,1,2024-02-13 06:00:00+00:00,20.597,21.497,21.597,21.296999,21.647,21.046999,20.9955,84,77,76,77,71,75,67
295,1,2024-02-13 07:00:00+00:00,22.296999,23.447,23.397,22.947,23.497,22.796999,23.345499,77,68,69,71,65,69,59
296,1,2024-02-13 08:00:00+00:00,24.097,25.147,24.997,24.796999,25.497,24.747,25.8955,68,62,61,64,59,62,51
297,1,2024-02-13 09:00:00+00:00,25.697,26.647,26.447,26.296999,27.147,26.397,27.7955,62,56,57,58,53,56,44
298,1,2024-02-13 10:00:00+00:00,26.897,27.897,27.647,27.447,28.347,27.647,29.1455,55,50,49,53,48,51,38
299,1,2024-02-13 11:00:00+00:00,27.546999,28.147,28.197,28.247,29.197,28.597,29.845499,51,46,46,48,44,46,34
300,1,2024-02-13 12:00:00+00:00,27.747,29.197,29.897,28.897,29.097,27.997,30.2955,50,40,38,43,43,51,34
301,1,2024-02-13 13:00:00+00:00,27.546999,29.046999,29.947,28.796999,28.447,27.897,28.4455,51,40,37,42,47,51,40
302,1,2024-02-13 14:00:00+00:00,26.897,28.397,29.447,28.296999,27.147,27.347,25.5455,52,41,40,43,54,52,50
303,1,2024-02-13 15:00:00+00:00,23.897,27.497,27.897,27.347,25.897,26.497,22.9455,72,46,45,47,61,56,61
304,1,2024-02-13 16:00:00+00:00,22.747,25.647,24.997,25.647,24.847,25.197,20.8955,76,60,64,57,66,63,73
305,1,2024-02-13 17:00:00+00:00,21.697,23.847,21.997,23.447,23.847,23.597,19.1455,83,68,76,71,70,72,85
306,1,2024-02-13 18:00:00+00:00,20.796999,21.497,22.347,22.046999,22.847,22.197,16.7455,85,85,74,81,75,80,95
307,1,2024-02-13 19:00:00+00:00,20.197,20.997,21.747,21.147,21.847,21.197,16.2455,89,87,82,85,80,85,98
308,1,2024-02-13 20:00:00+00:00,19.647,20.546999,21.197,20.597,20.897,20.397,16.595499,92,90,87,87,85,88,97
309,1,2024-02-13 21:00:00+00:00,19.747,20.147,20.397,20.147,20.147,19.796999,16.9455,92,89,91,89,89,91,96
310,1,2024-02-13 22:00:00+00:00,19.397,19.997,20.147,19.847,19.647,19.397,17.1455,91,90,91,90,92,93,94
311,1,2024-02-13 23:00:00+00:00,19.197,19.747,19.897,19.647,19.347,19.147,17.345499,91,92,92,91,93,93,92
312,1,2024-02-14 00:00:00+00:00,18.897,18.747,19.347,19.747,19.747,19.247,16.595499,95,93,93,93,93,95,93
313,1,2024-02-14 01:00:00+00:00,18.597,18.447,19.247,19.497,19.447,18.897,16.1455,96,94,94,94,94,96,94
314,1,2024-02-14 02:00:00+00:00,18.097,18.296999,18.897,19.296999,19.147,18.497,15.7455,98,93,96,95,96,97,94
315,1,2024-02-14 03:00:00+00:00,18.046999,18.296999,18.947,19.347,19.197,18.497,15.8955,96,93,94,94,96,97,93
316,1,2024-02-14 04:00:00+00:00,17.697,17.997,18.697,19.796999,19.697,19.046999,16.9955,96,94,94,92,94,95,90
317,1,2024-02-14 05:00:00+00:00,18.647,18.847,19.546999,20.597,20.447,19.997,18.6955,93,93,92,88,92,92,84
318,1,2024-02-14 06:00:00+00:00,20.847,21.147,21.546999,21.447,21.347,21.197,21.095499,85,82,81,88,88,87,72
319,1,2024-02-14 07:00:00+00:00,22.796999,23.147,23.497,22.897,22.347,22.747,23.4955,75,70,70,79,83,79,61
320,1,2024-02-14 08:00:00+00:00,24.447,24.697,24.697,24.697,23.397,24.497,26.2955,67,65,65,68,78,70,48
321,1,2024-02-14 09:00:00+00:00,25.747,26.397,25.796999,26.197,24.397,25.997,28.4455,62,59,61,59,73,62,39
322,1,2024-02-14 10:00:00+00:00,26.947,27.697,27.097,27.247,25.347,27.097,30.0455,56,53,55,53,67,55,33
323,1,2024-02-14 11:00:00+00:00,27.447,28.247,28.097,27.997,26.247,27.897,31.0455,52,50,50,50,62,50,30
324,1,2024-02-14 12:00:00+00:00,27.497,27.697,28.597,28.347,28.147,28.497,30.3955,54,52,46,50,48,47,35
325,1,2024-02-14 13:00:00+00:00,24.397,27.747,28.597,27.796999,27.796999,27.597,26.7455,70,53,47,52,50,52,51
326,1,2024-02-14 14:00:00+00:00,25.197,25.546999,28.147,26.597,26.997,25.997,21.345499,69,59,48,57,55,62,75
327,1,2024-02-14 15:00:00+00:00,23.747,23.046999,25.397,25.296999,26.046999,24.546999,17.4455,72,70,56,63,61,70,92
328,1,2024-02-14 16:00:00+00:00,22.947,22.546999,23.697,23.897,24.897,23.397,16.5455,77,74,67,71,67,76,97
329,1,2024-02-14 17:00:00+00:00,21.997,21.546999,22.397,22.397,23.546999,22.397,17.1455,82,80,74,80,74,82,97
330,1,2024-02-14 18:00:00+00:00,21.296999,20.546999,21.997,20.997,22.447,21.546999,16.6955,82,87,80,86,80,86,93
331,1,2024-02-14 19:00:00+00:00,20.847,20.046999,20.897,20.447,21.796999,20.997,16.7955,85,89,86,87,84,89,93
332,1,2024-02-14 20:00:00+00:00,20.247,19.347,20.447,20.447,21.447,20.597,17.0455,89,92,88,85,86,91,93
333,1,2024-02-14 21:00:00+00:00,20.147,19.197,20.046999,20.397,21.097,20.296999,17.1955,90,93,90,84,88,92,93
334,1,2024-02-14 22:00:00+00:00,19.997,19.247,20.097,20.147,20.747,20.046999,17.0455,90,92,89,86,90,93,93
335,1,2024-02-14 23:00:00+00:00,19.397,18.847,19.546999,19.897,20.397,19.847,16.845499,93,94,92,90,91,93,93
336,1,2024-02-15 00:00:00+00:00,18.796999,19.147,19.046999,19.447,19.847,19.147,17.9455,96,94,92,92,90,94,91
337,1,2024-02-15 01:00:00+00:00,18.497,18.847,18.997,18.947,19.647,18.897,17.3955,97,94,92,94,91,95,92
338,1,2024-02-15 02:00:00+00:00,18.097,18.647,19.046999,18.447,19.497,18.747,16.6955,98,94,89,95,93,95,94
339,1,2024-02-15 03:00:00+00:00,17.847,18.397,18.897,18.347,19.647,18.847,16.595499,98,95,87,94,93,95,94
340,1,2024-02-15 04:00:00+00:00,17.447,18.247,18.697,18.847,20.046999,19.197,17.3955,99,95,86,91,92,94,91
341,1,2024-02-15 05:00:00+00:00,18.597,18.947,19.347,19.796999,20.647,19.747,18.7955,96,90,88,86,90,92,85
342,1,2024-02-15 06:00:00+00:00,20.497,20.647,20.897,20.947,21.546999,20.597,19.9955,90,82,80,82,86,88,82
343,1,2024-02-15 07:00:00+00:00,22.247,22.197,22.747,22.597,22.897,21.796999,22.3955,81,75,71,75,78,82,71
344,1,2024-02-15 08:00:00+00:00,24.296999,23.997,24.597,24.546999,24.497,23.296999,25.1455,68,70,65,66,67,76,57
345,1,2024-02-15 09:00:00+00:00,25.697,25.796999,26.247,26.197,25.897,24.597,27.345499,61,62,58,59,59,69,47
346,1,2024-02-15 10:00:00+00:00,26.747,27.247,27.447,27.296999,26.997,25.697,29.1455,53,53,50,54,53,63,40
347,1,2024-02-15 11:00:00+00:00,27.697,28.397,28.347,28.046999,27.897,26.647,30.4455,47,47,45,50,50,57,37
348,1,2024-02-15 12:00:00+00:00,27.647,28.046999,28.147,29.247,28.046999,27.397,30.095499,46,49,48,44,47,55,37
349,1,2024-02-15 13:00:00+00:00,25.647,28.197,28.447,29.347,28.147,26.747,26.3955,64,48,47,42,45,57,53
350,1,2024-02-15 14:00:00+00:00,25.497,27.947,28.397,29.046999,27.947,25.447,20.9955,62,50,48,41,44,61,76
351,1,2024-02-15 15:00:00+00:00,25.046999,27.147,27.997,28.247,27.347,24.197,16.9955,61,51,48,43,46,66,93
352,1,2024-02-15 16:00:00+00:00,23.447,24.447,25.647,26.546999,26.097,23.296999,15.945499,69,65,61,51,52,71,98
353,1,2024-02-15 17:00:00+00:00,22.097,23.197,23.997,24.347,24.447,22.447,16.2955,77,73,67,63,61,76,96
354,1,2024-02-15 18:00:00+00:00,20.546999,22.197,22.697,22.796999,22.997,21.697,16.9455,85,82,70,75,69,81,98
355,1,2024-02-15 19:00:00+00:00,20.097,21.847,22.296999,21.947,22.097,21.046999,16.9955,86,84,71,80,75,85,98
356,1,2024-02-15 20:00:00+00:00,18.747,21.197,21.997,21.447,21.397,20.447,17.345499,93,88,75,83,81,89,96
357,1,2024-02-15 21:00:00+00:00,18.447,20.497,21.747,20.997,20.796999,19.997,17.595499,95,91,75,85,85,92,95
358,1,2024-02-15 22:00:00+00:00,18.097,20.046999,20.847,20.546999,20.247,19.697,17.5455,97,93,79,86,88,93,95
359,1,2024-02-15 23:00:00+00:00,18.046999,19.597,19.897,20.197,19.747,19.497,17.3955,96,95,86,87,90,93,96
360,1,2024-02-16 00:00:00+00:00,17.147,18.947,18.947,19.697,19.847,19.697,17.3955,96,94,92,89,90,91,94
361,1,2024-02-16 01:00:00+00:00,16.897,18.296999,18.597,19.046999,19.497,19.347,16.845499,95,97,91,91,92,92,94
362,1,2024-02-16 02:00:00+00:00,16.447,17.897,18.397,18.347,19.147,18.997,16.1455,96,98,90,94,94,93,95
363,1,2024-02-16 03:00:00+00:00,16.047,17.597,17.497,18.097,19.097,18.947,16.095499,96,97,94,95,94,93,93
364,1,2024-02-16 04:00:00+00:00,15.747,17.147,16.947,18.546999,19.447,19.347,16.9955,95,97,93,94,93,92,89
365,1,2024-02-16 05:00:00+00:00,17.197,18.147,17.997,19.447,20.097,20.097,18.5455,92,95,90,92,90,89,83
366,1,2024-02-16 06:00:00+00:00,20.447,20.897,20.347,20.497,21.046999,21.046999,20.4455,75,85,71,85,85,85,77
367,1,2024-02-16 07:00:00+00:00,22.697,22.497,22.397,22.147,22.497,22.397,22.5455,68,77,63,77,77,78,68
368,1,2024-02-16 08:00:00+00:00,24.747,24.147,24.197,24.046999,24.247,23.997,24.8955,62,67,60,66,67,69,57
369,1,2024-02-16 09:00:00+00:00,26.497,25.647,25.697,25.647,25.747,25.397,26.6955,57,59,52,57,59,62,49
370,1,2024-02-16 10:00:00+00:00,28.097,27.046999,26.847,26.847,26.897,26.546999,27.7955,46,50,45,50,54,56,44
371,1,2024-02-16 11:00:00+00:00,29.097,27.997,27.597,27.697,27.747,27.546999,28.2955,39,45,41,45,50,51,42
372,1,2024-02-16 12:00:00+00:00,28.947,28.447,28.497,28.046999,28.397,28.046999,27.595499,41,43,41,45,45,43,47
373,1,2024-02-16 13:00:00+00:00,29.147,28.546999,28.597,28.147,28.447,28.147,25.6955,39,43,42,44,44,41,58
374,1,2024-02-16 14:00:00+00:00,28.897,28.296999,28.247,27.947,28.097,27.847,22.6455,41,45,44,44,44,42,74
375,1,2024-02-16 15:00:00+00:00,28.097,27.497,27.397,27.247,27.397,27.147,20.095499,41,45,46,46,46,45,87
376,1,2024-02-16 16:00:00+00:00,25.447,25.197,25.247,25.847,26.147,25.897,18.595499,55,55,54,52,51,51,93
377,1,2024-02-16 17:00:00+00:00,23.647,23.197,23.796999,23.947,24.597,24.247,17.5455,63,61,59,60,58,59,96
378,1,2024-02-16 18:00:00+00:00,22.147,22.997,22.046999,21.847,23.197,22.796999,17.1455,68,68,68,66,65,67,94
379,1,2024-02-16 19:00:00+00:00,20.796999,22.247,21.697,20.947,22.247,21.697,16.9455,76,67,69,71,71,73,94
380,1,2024-02-16 20:00:00+00:00,19.597,20.347,20.397,20.397,21.497,20.747,17.1455,83,78,76,74,76,78,93
381,1,2024-02-16 21:00:00+00:00,19.747,19.447,19.647,19.947,20.897,20.046999,17.345499,77,82,81,77,80,82,92
382,1,2024-02-16 22:00:00+00:00,19.147,18.796999,19.897,19.546999,20.447,19.597,17.345499,79,84,79,80,82,85,92
383,1,2024-02-16 23:00:00+00:00,18.796999,18.197,19.647,19.247,20.147,19.347,17.345499,81,85,82,83,82,86,92
384,1,2024-02-17 00:00:00+00:00,17.546999,17.097,18.247,18.546999,18.847,19.597,17.0455,85,81,82,94,86,88,94
385,1,2024-02-17 01:00:00+00:00,17.197,16.796999,17.796999,18.247,18.546999,18.997,16.7455,86,81,86,95,87,90,94
386,1,2024-02-17 02:00:00+00:00,16.997,16.647,16.947,17.997,18.247,18.347,16.3955,87,81,89,96,88,93,94
387,1,2024-02-17 03:00:00+00:00,16.697,16.347,16.597,18.097,18.247,18.147,16.4955,89,84,89,95,88,93,93
388,1,2024-02-17 04:00:00+00:00,16.097,15.947,16.347,18.597,18.647,18.647,17.1455,91,86,89,94,88,91,90
389,1,2024-02-17 05:00:00+00:00,17.697,17.597,17.697,19.397,19.397,19.546999,18.1955,88,85,88,91,86,88,85
390,1,2024-02-17 06:00:00+00:00,21.397,21.296999,20.796999,20.747,20.497,20.796999,19.1955,75,75,74,86,83,83,86
391,1,2024-02-17 07:00:00+00:00,23.847,23.897,22.647,22.397,22.197,22.447,21.595499,65,66,74,78,75,75,76
392,1,2024-02-17 08:00:00+00:00,25.647,25.997,24.447,24.347,24.197,24.397,24.4455,60,59,65,68,66,65,63
393,1,2024-02-17 09:00:00+00:00,27.296999,27.647,25.947,25.947,25.897,26.046999,26.7955,54,53,58,59,57,56,52
394,1,2024-02-17 10:00:00+00:00,28.597,28.947,27.296999,27.097,27.046999,27.197,28.4455,47,46,52,53,51,50,44
395,1,2024-02-17 11:00:00+00:00,29.296999,29.697,28.197,27.947,27.847,27.997,29.5455,43,41,43,48,46,46,39
396,1,2024-02-17 12:00:00+00:00,29.597,30.546999,28.997,28.697,28.397,28.546999,27.845499,41,35,40,44,43,43,44
397,1,2024-02-17 13:00:00+00:00,29.597,30.447,29.147,28.597,28.497,28.546999,27.1455,40,34,40,44,42,42,48
398,1,2024-02-17 14:00:00+00:00,29.296999,30.147,28.947,28.046999,28.197,28.046999,26.0455,41,36,39,46,43,44,55
399,1,2024-02-17 15:00:00+00:00,28.296999,29.046999,27.897,27.097,27.397,27.197,24.5455,44,39,43,50,46,47,63
400,1,2024-02-17 16:00:00+00:00,25.897,26.296999,25.397,25.546999,25.847,25.747,22.345499,54,51,57,56,53,53,73
401,1,2024-02-17 17:00:00+00:00,24.247,24.647,23.497,23.647,23.847,23.947,19.7955,63,62,64,64,63,60,84
402,1,2024-02-17 18:00:00+00:00,22.397,23.546999,22.247,22.397,22.247,22.447,18.095499,74,61,70,71,71,67,90
403,1,2024-02-17 19:00:00+00:00,21.997,22.197,21.697,21.597,21.397,21.546999,17.6455,76,76,79,76,75,72,92
404,1,2024-02-17 20:00:00+00:00,21.947,22.097,20.697,21.147,20.947,20.997,17.845499,78,79,85,79,77,76,91
405,1,2024-02-17 21:00:00+00:00,20.947,20.897,20.497,20.747,20.546999,20.546999,17.9955,83,84,86,82,79,80,91
406,1,2024-02-17 22:00:00+00:00,20.247,20.597,19.947,20.197,20.247,20.197,17.6955,85,87,89,85,81,83,92
407,1,2024-02-17 23:00:00+00:00,19.697,20.347,19.697,19.697,19.997,19.897,17.2955,87,91,92,87,82,85,93
408,1,2024-02-18 00:00:00+00:00,19.296999,19.647,19.546999,18.997,19.497,18.697,16.5455,90,91,91,90,87,89,94
409,1,2024-02-18 01:00:00+00:00,18.347,19.097,18.796999,18.447,18.647,17.947,15.9955,91,92,94,92,91,92,95
410,1,2024-02-18 02:00:00+00:00,18.197,18.847,18.397,17.897,17.697,17.197,15.445499,92,93,95,94,95,95,95
411,1,2024-02-18 03:00:00+00:00,17.796999,18.347,18.247,17.796999,17.447,17.046999,15.5455,95,96,95,95,96,95,94
412,1,2024-02-18 04:00:00+00:00,17.497,18.296999,17.597,18.546999,18.296999,17.897,16.6455,97,96,98,93,93,91,90
413,1,2024-02-18 05:00:00+00:00,18.647,19.197,18.947,19.796999,19.796999,19.447,18.3955,96,93,94,89,88,85,83
414,1,2024-02-18 06:00:00+00:00,21.097,21.397,21.397,21.397,21.397,21.046999,19.9955,84,84,85,83,82,79,79
415,1,2024-02-18 07:00:00+00:00,22.997,23.197,23.097,23.197,23.046999,22.747,22.5455,75,75,77,75,76,74,69
416,1,2024-02-18 08:00:00+00:00,24.347,24.697,24.897,25.097,24.747,24.597,25.3955,68,67,67,66,69,68,56
417,1,2024-02-18 09:00:00+00:00,25.847,26.247,26.397,26.697,26.247,26.147,27.4955,63,61,59,58,62,62,47
418,1,2024-02-18 10:00:00+00:00,27.147,27.697,27.747,27.847,27.597,27.447,28.5455,56,52,51,51,54,54,42
419,1,2024-02-18 11:00:00+00:00,28.147,28.597,28.546999,28.697,28.747,28.497,28.8955,51,49,47,45,46,45,39
420,1,2024-02-18 12:00:00+00:00,28.497,28.597,28.947,28.697,28.497,28.796999,29.2455,48,50,45,44,45,43,38
421,1,2024-02-18 13:00:00+00:00,28.197,28.497,28.847,28.597,28.447,27.697,28.345499,50,49,45,43,44,49,45
422,1,2024-02-18 14:00:00+00:00,26.847,27.247,28.296999,28.097,27.947,25.796999,26.7455,56,54,46,43,44,59,56
423,1,2024-02-18 15:00:00+00:00,25.347,25.647,27.247,27.097,26.997,24.046999,24.7455,60,59,47,47,48,68,67
424,1,2024-02-18 16:00:00+00:00,23.546999,23.447,23.947,25.347,25.347,22.647,22.0455,67,71,67,57,57,74,78
425,1,2024-02-18 17:00:00+00:00,22.197,21.897,22.447,23.097,23.197,21.397,18.9455,77,80,77,70,70,80,89
426,1,2024-02-18 18:00:00+00:00,21.497,21.697,21.747,21.147,21.546999,20.447,17.6955,82,82,80,83,80,84,94
427,1,2024-02-18 19:00:00+00:00,20.997,21.147,20.997,20.497,20.747,19.897,17.2455,85,86,85,87,85,87,96
428,1,2024-02-18 20:00:00+00:00,20.546999,20.546999,20.647,20.097,20.347,19.647,17.595499,89,91,88,89,89,89,94
429,1,2024-02-18 21:00:00+00:00,20.247,20.397,20.197,19.847,20.046999,19.397,17.7955,89,91,91,90,91,90,92
430,1,2024-02-18 22:00:00+00:00,19.997,20.197,20.097,19.796999,19.697,18.997,17.5455,91,91,91,90,93,92,92
431,1,2024-02-18 23:00:00+00:00,19.947,19.997,20.046999,19.897,19.397,18.546999,17.1955,91,91,91,88,94,93,92
432,1,2024-02-19 00:00:00+00:00,19.247,19.097,19.347,19.997,18.447,18.796999,16.8955,94,92,93,88,97,94,91
433,1,2024-02-19 01:00:00+00:00,19.147,18.796999,19.347,19.247,18.046999,18.247,16.845499,94,93,93,90,98,96,92
434,1,2024-02-19 02:00:00+00:00,18.897,18.397,19.046999,18.296999,17.747,17.747,16.6455,94,94,94,94,98,97,93
435,1,2024-02-19 03:00:00+00:00,18.647,18.296999,18.397,17.947,17.897,17.747,16.845499,95,94,95,95,97,97,92
436,1,2024-02-19 04:00:00+00:00,18.447,17.947,18.046999,18.647,18.697,18.597,17.595499,95,95,96,93,94,95,89
437,1,2024-02-19 05:00:00+00:00,19.147,18.997,19.147,20.046999,19.947,19.947,18.6955,95,94,94,88,90,90,85
438,1,2024-02-19 06:00:00+00:00,21.397,21.247,21.296999,21.747,21.397,21.397,20.5455,84,86,87,82,84,85,75
439,1,2024-02-19 07:00:00+00:00,23.197,23.097,23.296999,23.296999,23.097,22.997,23.095499,73,77,77,74,76,77,65
440,1,2024-02-19 08:00:00+00:00,24.597,24.647,24.897,24.997,24.947,24.697,25.9455,66,69,69,65,66,68,54
441,1,2024-02-19 09:00:00+00:00,25.947,25.997,26.397,26.447,26.546999,25.997,28.1955,61,61,61,57,58,61,45
442,1,2024-02-19 10:00:00+00:00,27.197,27.197,27.697,27.647,27.897,26.747,29.6955,55,56,54,52,51,57,38
443,1,2024-02-19 11:00:00+00:00,27.997,27.947,28.747,28.597,28.947,27.046999,30.5455,52,52,49,48,46,56,33
444,1,2024-02-19 12:00:00+00:00,26.847,28.296999,28.897,29.296999,29.497,27.796999,29.345499,61,50,49,44,42,54,38
445,1,2024-02-19 13:00:00+00:00,25.897,28.397,28.997,28.597,28.947,26.747,27.095499,66,50,48,47,44,59,49
446,1,2024-02-19 14:00:00+00:00,25.597,27.697,28.847,27.247,27.697,24.947,23.6955,64,52,48,54,49,67,65
447,1,2024-02-19 15:00:00+00:00,23.697,26.847,27.747,25.796999,26.296999,23.397,20.845499,72,53,50,62,56,74,79
448,1,2024-02-19 16:00:00+00:00,22.147,25.046999,23.247,24.447,24.796999,22.397,19.1455,79,64,73,70,65,79,87
449,1,2024-02-19 17:00:00+00:00,21.546999,22.197,22.097,23.097,23.097,21.647,17.9955,85,76,83,78,75,84,93
450,1,2024-02-19 18:00:00+00:00,20.647,20.997,21.697,22.046999,21.796999,20.997,18.0455,88,85,85,84,83,88,93
451,1,2024-02-19 19:00:00+00:00,20.296999,20.546999,20.897,21.247,21.097,20.497,18.095499,88,87,88,87,87,91,93
452,1,2024-02-19 20:00:00+00:00,19.796999,19.947,20.447,20.647,20.697,20.097,18.4455,89,90,89,89,90,92,92
453,1,2024-02-19 21:00:00+00:00,19.397,19.747,20.097,20.147,20.397,19.796999,18.595499,91,91,90,90,91,93,91
454,1,2024-02-19 22:00:00+00:00,19.147,19.647,19.647,19.747,20.046999,19.647,18.2955,92,91,92,91,92,93,91
455,1,2024-02-19 23:00:00+00:00,18.947,19.447,19.647,19.447,19.747,19.647,17.7955,93,94,91,92,92,92,91
456,1,2024-02-20 00:00:00+00:00,19.147,19.046999,18.847,19.397,19.497,19.046999,16.7955,94,93,90,93,90,93,93
457,1,2024-02-20 01:00:00+00:00,19.046999,19.046999,18.697,19.046999,19.147,18.546999,16.1955,95,93,92,94,92,95,94
458,1,2024-02-20 02:00:00+00:00,18.947,18.647,18.497,18.747,18.747,17.997,15.695499,95,94,92,95,93,97,95
459,1,2024-02-20 03:00:00+00:00,18.947,18.046999,18.147,18.796999,18.747,17.897,15.8455,94,95,94,94,94,97,94
460,1,2024-02-20 04:00:00+00:00,18.897,17.497,17.897,19.296999,19.197,18.447,16.8955,94,97,95,92,93,95,91
461,1,2024-02-20 05:00:00+00:00,19.247,18.597,18.847,20.097,19.997,19.447,18.595499,94,94,95,89,90,92,85
462,1,2024-02-20 06:00:00+00:00,20.546999,20.847,20.747,21.197,21.097,20.647,20.345499,86,88,87,85,86,87,79
463,1,2024-02-20 07:00:00+00:00,22.247,22.747,22.597,22.597,22.546999,22.046999,22.9455,78,77,80,78,79,81,69
464,1,2024-02-20 08:00:00+00:00,23.447,24.597,24.647,24.296999,24.296999,23.647,25.9955,73,68,70,70,69,73,57
465,1,2024-02-20 09:00:00+00:00,24.897,25.997,26.247,25.747,25.847,25.046999,28.2455,67,60,61,62,61,66,48
466,1,2024-02-20 10:00:00+00:00,26.247,27.147,27.397,26.947,27.097,26.397,29.4955,59,55,53,56,54,59,42
467,1,2024-02-20 11:00:00+00:00,27.447,28.097,28.347,27.947,28.147,27.546999,30.0455,55,50,50,51,48,51,38
468,1,2024-02-20 12:00:00+00:00,27.296999,28.747,28.497,28.447,28.697,28.247,30.3955,54,46,49,48,45,50,32
469,1,2024-02-20 13:00:00+00:00,27.197,28.947,28.597,28.647,28.847,27.697,28.095499,55,45,48,46,42,51,40
470,1,2024-02-20 14:00:00+00:00,26.046999,28.796999,28.447,28.447,28.546999,26.546999,24.7455,62,45,50,46,42,55,54
471,1,2024-02-20 15:00:00+00:00,25.197,28.296999,27.647,27.697,27.697,25.247,21.9955,64,46,51,49,45,61,65
472,1,2024-02-20 16:00:00+00:00,23.347,25.697,25.647,25.897,25.897,23.847,20.6455,73,57,60,57,56,69,72
473,1,2024-02-20 17:00:00+00:00,21.947,23.347,23.747,23.546999,23.497,22.247,19.9455,82,70,68,68,71,79,78
474,1,2024-02-20 18:00:00+00:00,21.097,22.296999,21.796999,22.147,21.647,21.046999,18.095499,87,76,78,78,82,86,92
475,1,2024-02-20 19:00:00+00:00,20.447,21.497,21.347,21.247,20.847,20.447,17.5455,90,80,84,84,86,90,93
476,1,2024-02-20 20:00:00+00:00,19.897,20.897,20.997,20.796999,20.546999,20.147,17.4455,92,85,85,87,87,91,92
477,1,2024-02-20 21:00:00+00:00,19.497,20.546999,20.497,20.397,20.347,19.897,17.2955,93,84,90,90,88,92,91
478,1,2024-02-20 22:00:00+00:00,18.997,20.097,20.097,19.997,20.046999,19.647,16.7455,94,88,92,92,90,93,92
479,1,2024-02-20 23:00:00+00:00,18.597,19.747,19.697,19.697,19.847,19.397,16.095499,96,89,91,92,92,93,94
480,1,2024-02-21 00:00:00+00:00,18.897,19.247,19.447,19.397,19.147,18.647,15.8955,95,90,92,87,93,94,91
481,1,2024-02-21 01:00:00+00:00,18.296999,18.796999,18.897,18.447,18.546999,17.997,15.4955,97,92,95,90,95,96,93
482,1,2024-02-21 02:00:00+00:00,17.647,18.397,18.397,17.397,17.897,17.397,15.0955,98,93,96,94,97,98,95
483,1,2024-02-21 03:00:00+00:00,17.296999,17.847,17.597,16.997,17.796999,17.347,15.3955,98,93,98,95,98,98,94
484,1,2024-02-21 04:00:00+00:00,16.997,17.397,16.796999,17.697,18.497,18.097,16.7955,96,93,98,92,96,95,89
485,1,2024-02-21 05:00:00+00:00,18.197,18.546999,17.897,18.997,19.647,19.397,18.9455,94,90,96,86,92,91,81
486,1,2024-02-21 06:00:00+00:00,20.847,21.147,21.046999,20.697,21.046999,20.847,20.7955,84,80,85,87,87,85,73
487,1,2024-02-21 07:00:00+00:00,22.997,23.597,23.197,22.347,22.597,22.497,23.2455,71,69,74,79,79,78,62
488,1,2024-02-21 08:00:00+00:00,24.697,25.697,24.997,24.247,24.347,24.347,25.9455,65,60,68,70,68,69,50
489,1,2024-02-21 09:00:00+00:00,26.197,27.397,26.747,25.997,25.947,25.997,28.1955,59,53,60,62,60,61,40
490,1,2024-02-21 10:00:00+00:00,27.447,28.597,28.347,27.497,27.347,27.447,30.1955,54,46,51,55,55,55,33
491,1,2024-02-21 11:00:00+00:00,28.347,29.296999,29.347,28.747,28.597,28.697,31.7955,49,41,44,48,51,49,30
492,1,2024-02-21 12:00:00+00:00,29.296999,29.347,29.647,29.197,30.296999,29.397,31.7455,39,41,41,43,36,42,30
493,1,2024-02-21 13:00:00+00:00,29.397,29.447,29.897,29.147,30.546999,29.947,29.595499,38,39,40,43,34,38,36
494,1,2024-02-21 14:00:00+00:00,28.897,29.197,29.647,28.647,30.296999,30.147,26.0455,40,39,40,46,34,35,45
495,1,2024-02-21 15:00:00+00:00,27.697,28.197,28.447,27.847,29.497,29.546999,22.9955,48,46,44,50,37,37,55
496,1,2024-02-21 16:00:00+00:00,25.197,25.747,25.997,26.796999,27.747,27.597,21.1955,55,58,55,53,45,47,64
497,1,2024-02-21 17:00:00+00:00,22.947,23.497,25.147,25.546999,25.447,24.897,19.8955,61,65,60,57,57,61,73
498,1,2024-02-21 18:00:00+00:00,21.546999,22.197,23.247,25.046999,23.546999,22.697,16.595499,71,66,72,59,67,71,90
499,1,2024-02-21 19:00:00+00:00,20.947,21.597,22.597,23.697,22.497,21.647,16.8955,73,68,76,67,74,71,89
500,1,2024-02-21 20:00:00+00:00,20.997,21.296999,21.697,22.397,21.897,21.147,17.595499,67,67,81,76,80,66,88
501,1,2024-02-21 21:00:00+00:00,21.046999,21.347,21.747,21.347,21.296999,20.697,17.9955,61,63,72,83,84,64,87
502,1,2024-02-21 22:00:00+00:00,20.447,20.796999,21.046999,20.897,20.597,20.097,17.6455,65,65,74,85,87,67,88
503,1,2024-02-21 23:00:00+00:00,19.747,19.747,20.546999,20.747,19.947,19.546999,16.8955,71,71,78,85,89,72,90
504,1,2024-02-22 00:00:00+00:00,19.347,19.347,18.497,20.497,19.397,19.097,16.8955,73,74,84,88,91,87,77
505,1,2024-02-22 01:00:00+00:00,19.247,18.796999,17.796999,19.546999,18.147,17.997,16.1455,74,78,86,90,93,88,80
506,1,2024-02-22 02:00:00+00:00,18.947,18.296999,17.296999,18.447,16.796999,16.897,15.5455,74,79,87,92,95,89,82
507,1,2024-02-22 03:00:00+00:00,18.597,17.796999,16.697,17.997,16.247,16.546999,15.695499,75,81,88,92,94,88,82
508,1,2024-02-22 04:00:00+00:00,18.097,17.147,16.097,18.597,17.046999,17.347,16.9955,78,84,88,88,90,85,78
509,1,2024-02-22 05:00:00+00:00,19.247,18.347,17.397,19.897,18.697,18.897,18.9955,79,84,86,81,82,80,71
510,1,2024-02-22 06:00:00+00:00,21.747,21.947,20.997,21.347,20.546999,20.647,21.4455,70,69,76,72,74,74,62
511,1,2024-02-22 07:00:00+00:00,24.097,24.097,23.747,23.296999,22.597,22.647,23.6955,59,54,62,60,63,65,52
512,1,2024-02-22 08:00:00+00:00,25.897,25.847,26.247,25.597,24.897,24.847,26.1455,46,45,40,48,51,54,41
513,1,2024-02-22 09:00:00+00:00,27.197,27.197,27.597,27.497,26.847,26.647,28.0455,41,40,36,38,41,45,32
514,1,2024-02-22 10:00:00+00:00,28.197,28.197,28.796999,28.747,28.296999,27.796999,29.1955,39,38,33,33,35,40,28
515,1,2024-02-22 11:00:00+00:00,28.897,28.947,29.546999,29.597,29.397,28.546999,29.845499,38,35,32,31,31,38,27
516,1,2024-02-22 12:00:00+00:00,29.447,29.397,29.647,29.997,30.247,29.796999,30.4455,35,34,31,31,35,31,24
517,1,2024-02-22 13:00:00+00:00,29.397,29.296999,29.597,29.847,30.147,29.747,29.1455,35,34,32,33,36,32,31
518,1,2024-02-22 14:00:00+00:00,28.796999,28.647,28.997,29.197,29.597,29.147,26.9955,37,35,34,36,39,35,41
519,1,2024-02-22 15:00:00+00:00,27.397,26.897,27.347,28.046999,28.597,27.997,24.9955,43,42,41,40,44,39,50
520,1,2024-02-22 16:00:00+00:00,24.546999,23.997,24.546999,25.997,26.847,25.847,23.4455,51,49,49,44,54,44,56
521,1,2024-02-22 17:00:00+00:00,22.397,22.147,22.247,23.397,24.697,23.097,22.0455,54,53,55,49,66,50,60
522,1,2024-02-22 18:00:00+00:00,21.247,20.947,20.947,21.147,22.747,20.947,21.095499,57,54,57,54,73,55,53
523,1,2024-02-22 19:00:00+00:00,20.497,19.897,20.247,20.347,21.296999,19.997,20.095499,56,57,54,55,70,57,55
524,1,2024-02-22 20:00:00+00:00,19.747,19.647,19.347,20.147,20.147,19.597,19.345499,60,60,58,55,62,57,56
525,1,2024-02-22 21:00:00+00:00,19.197,19.447,18.847,19.947,19.247,19.296999,18.7955,60,60,59,56,56,58,57
526,1,2024-02-22 22:00:00+00:00,18.947,19.147,18.796999,19.497,18.796999,18.897,18.4955,62,63,62,58,56,59,58
527,1,2024-02-22 23:00:00+00:00,18.597,18.747,18.546999,19.046999,18.647,18.597,18.3955,65,66,66,61,59,60,58
528,1,2024-02-23 00:00:00+00:00,18.546999,18.597,18.497,18.847,17.897,18.247,15.945499,68,67,67,63,67,61,70
529,1,2024-02-23 01:00:00+00:00,18.796999,18.296999,18.247,18.247,17.497,17.546999,15.2455,68,70,67,67,69,64,72
530,1,2024-02-23 02:00:00+00:00,18.796999,18.397,17.847,17.597,17.197,16.796999,15.0455,68,67,65,71,71,66,72
531,1,2024-02-23 03:00:00+00:00,18.997,18.597,17.447,17.497,17.347,16.697,15.5955,68,66,67,74,72,68,70
532,1,2024-02-23 04:00:00+00:00,19.097,18.897,16.847,18.296999,18.296999,17.546999,17.2955,69,67,73,74,72,69,65
533,1,2024-02-23 05:00:00+00:00,19.397,19.497,17.847,19.697,19.697,19.097,19.7455,74,69,78,73,72,70,57
534,1,2024-02-23 06:00:00+00:00,21.546999,21.546999,20.796999,20.647,21.296999,20.897,22.5455,67,65,68,71,69,67,53
535,1,2024-02-23 07:00:00+00:00,23.497,23.447,23.197,22.747,23.097,23.197,24.8955,57,57,58,62,63,58,46
536,1,2024-02-23 08:00:00+00:00,25.046999,24.796999,24.546999,25.197,25.097,25.847,27.1455,50,48,53,49,55,46,38
537,1,2024-02-23 09:00:00+00:00,26.296999,25.947,25.997,27.097,26.697,27.897,28.8955,44,43,47,40,48,37,32
538,1,2024-02-23 10:00:00+00:00,27.296999,27.046999,27.197,28.147,27.747,28.997,30.1455,43,42,43,37,44,34,28
539,1,2024-02-23 11:00:00+00:00,28.046999,27.747,27.947,28.647,28.447,29.546999,30.9455,39,40,40,37,41,33,25
540,1,2024-02-23 12:00:00+00:00,28.147,28.197,28.447,28.747,29.097,29.447,29.8955,36,40,37,38,39,37,29
541,1,2024-02-23 13:00:00+00:00,28.397,28.147,28.097,28.647,29.046999,29.347,29.1955,33,39,37,38,38,37,35
542,1,2024-02-23 14:00:00+00:00,27.597,27.497,27.397,28.046999,28.546999,28.796999,27.8955,36,39,39,38,38,37,43
543,1,2024-02-23 15:00:00+00:00,26.197,26.347,26.097,27.046999,27.546999,27.697,26.1955,40,41,42,41,40,40,51
544,1,2024-02-23 16:00:00+00:00,23.897,24.147,23.997,25.247,25.747,25.796999,23.845499,46,47,47,47,45,45,56
545,1,2024-02-23 17:00:00+00:00,21.497,22.397,21.897,22.947,23.497,23.397,21.1455,54,55,55,55,51,52,61
546,1,2024-02-23 18:00:00+00:00,20.697,21.097,20.796999,21.046999,21.697,21.397,19.095499,56,60,63,61,56,58,64
547,1,2024-02-23 19:00:00+00:00,19.947,20.296999,20.497,19.947,20.897,20.296999,18.0455,59,64,61,65,58,63,69
548,1,2024-02-23 20:00:00+00:00,19.447,19.546999,20.296999,19.197,20.597,19.647,17.595499,62,67,62,68,59,68,74
549,1,2024-02-23 21:00:00+00:00,19.347,18.947,20.546999,18.796999,20.147,19.046999,17.2955,64,71,56,69,60,72,78
550,1,2024-02-23 22:00:00+00:00,19.647,18.597,20.497,18.897,19.296999,18.296999,16.9455,64,74,57,67,63,74,78
551,1,2024-02-23 23:00:00+00:00,19.647,18.447,20.497,19.347,18.247,17.546999,16.7455,65,76,57,64,66,76,77
552,1,2024-02-24 00:00:00+00:00,20.447,18.247,20.747,19.997,17.597,19.097,16.8955,61,76,58,61,73,72,73
553,1,2024-02-24 01:00:00+00:00,20.147,18.397,20.497,19.897,17.397,18.147,16.2455,63,76,61,63,75,76,75
554,1,2024-02-24 02:00:00+00:00,19.847,18.347,20.447,19.697,17.347,17.097,15.945499,65,76,64,67,77,80,77
555,1,2024-02-24 03:00:00+00:00,19.397,18.597,20.347,19.647,17.647,16.796999,16.345499,70,75,66,70,77,82,76
556,1,2024-02-24 04:00:00+00:00,18.697,18.397,20.197,19.796999,18.247,17.597,17.9455,75,76,68,73,76,80,72
557,1,2024-02-24 05:00:00+00:00,18.947,19.147,20.147,20.097,19.147,19.147,20.2955,80,78,72,76,73,77,65
558,1,2024-02-24 06:00:00+00:00,21.046999,21.147,20.597,20.147,20.546999,20.947,22.6455,75,73,73,77,68,71,57
559,1,2024-02-24 07:00:00+00:00,23.046999,23.397,21.597,22.046999,22.897,23.197,24.595499,65,62,72,70,60,63,51
560,1,2024-02-24 08:00:00+00:00,24.046999,24.997,22.796999,24.447,25.697,25.747,26.5455,61,56,66,59,50,53,44
561,1,2024-02-24 09:00:00+00:00,24.546999,26.347,24.097,26.397,27.847,27.647,28.1455,57,52,60,51,43,45,38
562,1,2024-02-24 10:00:00+00:00,25.296999,27.197,25.147,27.447,28.847,28.546999,29.345499,53,49,54,47,40,41,34
563,1,2024-02-24 11:00:00+00:00,26.097,27.046999,25.546999,27.997,29.197,28.847,30.1455,50,49,52,46,39,40,32
564,1,2024-02-24 12:00:00+00:00,27.546999,27.397,27.197,28.546999,24.997,29.397,30.8955,47,49,47,43,57,36,31
565,1,2024-02-24 13:00:00+00:00,27.697,27.296999,27.347,28.147,25.597,28.997,30.2955,45,50,45,43,55,38,32
566,1,2024-02-24 14:00:00+00:00,27.197,25.897,26.397,27.247,26.347,28.247,28.9455,45,54,46,46,53,43,35
567,1,2024-02-24 15:00:00+00:00,25.997,24.997,25.347,26.147,26.347,27.197,27.0455,48,56,51,49,53,47,42
568,1,2024-02-24 16:00:00+00:00,23.697,23.397,23.546999,24.796999,24.847,25.796999,24.1955,56,61,58,54,57,51,56
569,1,2024-02-24 17:00:00+00:00,22.097,21.897,22.147,23.197,22.546999,24.097,20.7955,64,68,65,60,64,54,74
570,1,2024-02-24 18:00:00+00:00,21.647,21.046999,21.497,21.647,20.697,22.697,16.9955,66,77,67,67,70,58,90
571,1,2024-02-24 19:00:00+00:00,20.997,20.497,21.097,20.997,19.747,21.796999,16.4955,70,77,66,69,74,63,92
572,1,2024-02-24 20:00:00+00:00,20.296999,20.197,20.997,20.597,19.197,21.147,16.9455,72,76,65,70,77,68,90
573,1,2024-02-24 21:00:00+00:00,19.597,19.647,20.697,20.197,18.796999,20.647,17.2455,74,77,69,71,79,72,88
574,1,2024-02-24 22:00:00+00:00,19.046999,19.296999,20.497,19.647,18.546999,20.247,16.845499,74,79,70,73,80,75,88
575,1,2024-02-24 23:00:00+00:00,18.897,19.046999,20.347,19.046999,18.447,19.947,16.2455,73,81,71,75,81,77,89
576,1,2024-02-25 00:00:00+00:00,16.997,17.697,19.347,19.247,19.097,19.697,15.2455,85,80,78,77,82,75,87
577,1,2024-02-25 01:00:00+00:00,16.796999,17.497,19.147,18.447,18.597,19.296999,14.695499,85,81,79,81,84,76,87
578,1,2024-02-25 02:00:00+00:00,16.947,17.546999,18.997,17.497,17.997,18.847,14.195499,83,80,81,84,86,76,87
579,1,2024-02-25 03:00:00+00:00,16.947,17.397,18.447,17.247,17.897,18.747,14.5455,84,81,84,86,86,76,85
580,1,2024-02-25 04:00:00+00:00,16.647,17.097,17.847,18.046999,18.497,19.097,16.2455,87,83,87,84,83,75,78
581,1,2024-02-25 05:00:00+00:00,17.796999,17.897,18.497,19.447,19.597,19.747,18.845499,86,85,88,79,77,74,68
582,1,2024-02-25 06:00:00+00:00,20.897,20.897,20.997,21.347,20.947,20.647,21.2955,76,75,74,73,71,72,60
583,1,2024-02-25 07:00:00+00:00,23.247,22.997,23.247,23.347,22.747,21.897,24.2955,67,68,65,66,64,67,49
584,1,2024-02-25 08:00:00+00:00,25.247,24.796999,25.397,25.647,24.847,23.397,27.5455,63,65,57,57,57,62,38
585,1,2024-02-25 09:00:00+00:00,26.997,26.597,27.097,27.597,26.447,24.747,30.095499,56,60,52,49,51,56,29
586,1,2024-02-25 10:00:00+00:00,28.197,28.097,28.597,28.947,27.296999,25.947,31.7955,50,54,45,41,46,51,24
587,1,2024-02-25 11:00:00+00:00,28.947,29.347,29.897,29.897,27.697,26.997,32.8455,44,45,35,33,41,46,22
588,1,2024-02-25 12:00:00+00:00,27.897,28.947,29.347,29.347,29.347,29.347,33.0955,50,47,33,39,31,43,19
589,1,2024-02-25 13:00:00+00:00,28.097,29.197,28.897,29.296999,28.997,29.147,31.7955,51,46,34,38,34,42,23
590,1,2024-02-25 14:00:00+00:00,27.897,27.947,28.197,28.796999,28.147,28.447,29.5455,50,49,37,40,41,44,29
591,1,2024-02-25 15:00:00+00:00,26.046999,26.347,26.597,27.796999,26.997,27.347,27.3955,56,57,44,43,47,47,35
592,1,2024-02-25 16:00:00+00:00,23.147,24.046999,24.397,25.997,25.347,25.647,25.6955,74,69,50,49,52,53,41
593,1,2024-02-25 17:00:00+00:00,21.247,22.247,22.197,23.747,23.397,23.497,24.0455,81,77,57,56,57,61,48
594,1,2024-02-25 18:00:00+00:00,20.546999,21.796999,20.997,21.897,21.796999,21.747,22.5455,85,78,64,61,62,69,53
595,1,2024-02-25 19:00:00+00:00,19.796999,21.296999,19.897,20.947,20.747,20.747,21.8955,87,80,71,66,66,75,56
596,1,2024-02-25 20:00:00+00:00,19.147,20.597,19.147,20.397,20.046999,20.097,21.345499,89,80,75,71,70,81,58
597,1,2024-02-25 21:00:00+00:00,18.546999,20.147,18.447,19.947,19.497,19.497,20.595499,91,80,78,74,73,85,60
598,1,2024-02-25 22:00:00+00:00,18.447,19.497,17.947,19.447,19.097,18.796999,19.345499,91,82,80,76,75,87,62
599,1,2024-02-25 23:00:00+00:00,18.546999,18.997,17.647,18.997,18.897,18.147,17.845499,90,85,81,76,77,88,63
600,1,2024-02-26 00:00:00+00:00,17.197,18.847,17.247,18.296999,18.947,18.447,16.345499,90,85,87,82,80,81,64
601,1,2024-02-26 01:00:00+00:00,16.897,18.447,16.647,17.747,18.397,18.046999,15.5955,91,88,89,84,82,84,68
602,1,2024-02-26 02:00:00+00:00,16.747,17.796999,15.947,17.397,17.697,17.697,15.2955,91,91,92,85,84,85,72
603,1,2024-02-26 03:00:00+00:00,16.447,17.397,15.646999,17.546999,17.546999,17.796999,15.7955,93,93,93,85,85,86,73
604,1,2024-02-26 04:00:00+00:00,16.247,17.046999,15.597,18.447,18.197,18.647,17.5455,94,95,93,84,85,85,68
605,1,2024-02-26 05:00:00+00:00,17.546999,18.197,17.296999,19.796999,19.397,19.947,20.1955,92,94,90,82,83,82,59
606,1,2024-02-26 06:00:00+00:00,19.847,20.647,21.097,21.197,20.847,21.397,21.6955,85,83,77,77,80,78,61
607,1,2024-02-26 07:00:00+00:00,21.546999,22.296999,23.447,23.097,22.597,23.097,24.9455,81,75,69,71,74,73,50
608,1,2024-02-26 08:00:00+00:00,23.097,23.997,25.147,25.046999,24.597,24.997,28.3955,75,67,63,63,67,66,39
609,1,2024-02-26 09:00:00+00:00,24.546999,25.597,26.447,26.597,26.296999,26.546999,30.9455,68,62,58,57,60,60,30
610,1,2024-02-26 10:00:00+00:00,25.197,26.447,27.347,27.447,27.647,27.796999,32.495502,66,60,55,54,54,53,25
611,1,2024-02-26 11:00:00+00:00,25.897,26.247,27.997,27.847,28.697,28.697,33.195503,65,63,53,53,49,47,22
612,1,2024-02-26 12:00:00+00:00,23.796999,26.747,27.147,28.097,28.497,28.247,32.0455,74,63,58,51,50,51,26
613,1,2024-02-26 13:00:00+00:00,23.697,26.197,22.897,27.397,28.097,27.546999,28.0455,73,64,76,54,51,53,43
614,1,2024-02-26 14:00:00+00:00,23.897,23.197,24.497,25.997,27.296999,26.296999,22.2955,72,75,72,59,54,58,67
615,1,2024-02-26 15:00:00+00:00,23.097,22.647,22.597,24.597,26.147,24.947,17.9955,75,81,77,65,59,64,85
616,1,2024-02-26 16:00:00+00:00,21.796999,22.147,21.546999,23.197,24.397,23.647,16.6955,80,85,85,72,67,71,91
617,1,2024-02-26 17:00:00+00:00,20.847,21.546999,21.097,21.697,22.296999,22.296999,16.8955,86,88,88,79,77,78,90
618,1,2024-02-26 18:00:00+00:00,20.697,19.997,20.497,20.796999,20.697,21.197,16.9955,85,92,88,86,85,84,87
619,1,2024-02-26 19:00:00+00:00,20.397,19.697,20.296999,20.197,19.947,20.497,16.7455,87,93,90,89,89,87,89
620,1,2024-02-26 20:00:00+00:00,20.247,19.347,20.046999,20.046999,19.597,20.097,16.6455,88,95,91,89,92,88,91
621,1,2024-02-26 21:00:00+00:00,19.796999,19.397,19.697,19.947,19.397,19.747,16.4955,90,94,93,89,93,89,92
622,1,2024-02-26 22:00:00+00:00,19.597,19.347,19.247,19.747,19.197,19.546999,16.1455,92,95,94,89,93,90,93
623,1,2024-02-26 23:00:00+00:00,19.296999,19.247,18.947,19.597,19.097,19.447,15.7455,93,95,93,90,93,91,93
624,1,2024-02-27 00:00:00+00:00,19.097,18.997,18.997,19.046999,19.397,19.097,15.695499,93,96,94,92,92,88,95
625,1,2024-02-27 01:00:00+00:00,18.997,18.847,18.697,18.546999,18.847,18.697,15.195499,93,96,93,94,93,89,94
626,1,2024-02-27 02:00:00+00:00,18.747,18.697,18.347,17.997,18.247,18.247,14.8455,95,96,96,96,95,91,92
627,1,2024-02-27 03:00:00+00:00,18.397,18.397,18.247,17.796999,18.147,18.147,15.195499,96,96,96,97,95,92,88
628,1,2024-02-27 04:00:00+00:00,18.147,18.397,18.197,18.247,18.796999,18.647,16.5455,96,94,97,95,92,91,83
629,1,2024-02-27 05:00:00+00:00,18.296999,18.447,18.296999,19.097,19.947,19.597,18.595499,95,94,97,93,88,89,77
630,1,2024-02-27 06:00:00+00:00,18.497,18.647,18.747,19.597,21.296999,20.747,20.9455,91,95,94,92,82,85,69
631,1,2024-02-27 07:00:00+00:00,19.197,19.247,19.597,20.497,23.097,22.296999,23.6955,91,92,92,89,75,78,58
632,1,2024-02-27 08:00:00+00:00,20.147,19.697,21.046999,21.647,25.046999,24.147,26.6455,88,91,84,85,66,68,46
633,1,2024-02-27 09:00:00+00:00,21.497,20.597,21.796999,22.497,26.347,25.546999,28.6455,80,86,78,81,61,61,38
634,1,2024-02-27 10:00:00+00:00,22.847,22.296999,22.247,22.897,26.447,26.397,29.345499,71,76,77,79,61,57,35
635,1,2024-02-27 11:00:00+00:00,23.597,23.147,22.997,23.046999,25.897,26.847,29.1455,68,70,71,78,64,56,36
636,1,2024-02-27 12:00:00+00:00,23.747,24.046999,21.747,24.046999,23.147,26.397,23.1455,63,65,77,70,77,62,59
637,1,2024-02-27 13:00:00+00:00,23.747,24.247,22.397,24.147,22.546999,25.647,21.7455,65,62,75,68,78,65,65
638,1,2024-02-27 14:00:00+00:00,23.447,23.897,22.546999,23.947,21.897,24.296999,20.6955,67,63,74,67,79,70,71
639,1,2024-02-27 15:00:00+00:00,22.897,23.247,22.247,23.447,21.296999,23.046999,19.7955,69,66,74,68,81,75,77
640,1,2024-02-27 16:00:00+00:00,21.847,22.046999,20.997,22.546999,20.796999,22.097,18.7955,76,74,80,73,83,80,83
641,1,2024-02-27 17:00:00+00:00,20.997,21.347,20.046999,21.347,20.296999,21.247,17.8955,80,77,81,80,86,85,90
642,1,2024-02-27 18:00:00+00:00,19.597,20.247,19.747,20.197,19.897,20.597,18.095499,88,86,91,90,88,89,93
643,1,2024-02-27 19:00:00+00:00,19.097,19.447,19.147,19.546999,19.497,20.247,17.6455,89,90,92,93,90,89,96
644,1,2024-02-27 20:00:00+00:00,18.597,19.447,18.597,19.147,19.147,20.046999,17.7955,90,88,93,93,92,88,96
645,1,2024-02-27 21:00:00+00:00,18.397,18.897,18.247,18.897,18.847,19.847,17.7955,91,90,94,93,94,87,95
646,1,2024-02-27 22:00:00+00:00,18.397,18.296999,18.046999,18.747,18.697,19.597,17.4955,91,93,94,93,95,88,94
647,1,2024-02-27 23:00:00+00:00,17.997,17.747,17.647,18.697,18.597,19.296999,17.1455,91,95,95,92,96,89,94
648,1,2024-02-28 00:00:00+00:00,17.897,17.197,17.247,17.697,18.046999,18.747,16.2455,89,97,97,93,86,94,98
649,1,2024-02-28 01:00:00+00:00,17.796999,17.247,17.197,17.397,17.796999,18.247,16.2955,88,96,96,93,89,96,97
650,1,2024-02-28 02:00:00+00:00,17.697,17.097,17.197,17.097,17.546999,17.747,16.3955,88,96,95,93,92,97,97
651,1,2024-02-28 03:00:00+00:00,17.397,17.097,17.197,17.147,17.497,17.697,16.7455,90,95,95,93,94,97,95
652,1,2024-02-28 04:00:00+00:00,17.197,17.097,17.197,17.796999,17.697,18.296999,17.3955,91,95,95,92,94,95,92
653,1,2024-02-28 05:00:00+00:00,17.847,17.997,17.997,18.847,18.147,19.347,18.2455,90,94,94,90,93,92,88
654,1,2024-02-28 06:00:00+00:00,18.597,19.796999,20.296999,20.147,18.997,20.697,19.095499,83,91,85,86,90,86,87
655,1,2024-02-28 07:00:00+00:00,19.647,21.447,22.447,21.796999,20.647,22.546999,20.2955,80,84,79,79,84,76,82
656,1,2024-02-28 08:00:00+00:00,21.347,22.447,23.796999,23.747,22.747,24.747,21.5455,76,79,73,71,77,64,76
657,1,2024-02-28 09:00:00+00:00,22.647,23.597,24.747,25.247,24.497,26.497,22.345499,70,75,69,65,70,54,72
658,1,2024-02-28 10:00:00+00:00,23.796999,24.747,25.697,26.147,25.697,27.597,22.345499,66,66,66,62,65,48,73
659,1,2024-02-28 11:00:00+00:00,24.796999,25.847,26.247,26.597,26.497,28.247,21.7955,62,60,64,60,62,45,76
660,1,2024-02-28 12:00:00+00:00,26.997,27.647,26.447,27.046999,27.347,26.647,22.2955,51,51,63,58,49,58,73
661,1,2024-02-28 13:00:00+00:00,27.197,27.296999,26.296999,26.097,27.247,26.497,21.5455,50,52,63,63,48,57,78
662,1,2024-02-28 14:00:00+00:00,26.997,26.397,24.397,24.546999,26.647,25.947,20.595499,49,52,72,71,49,58,83
663,1,2024-02-28 15:00:00+00:00,26.546999,24.046999,24.147,23.147,25.697,25.097,19.6955,49,69,72,78,53,60,88
664,1,2024-02-28 16:00:00+00:00,24.597,22.697,22.897,22.197,24.247,23.897,18.7455,59,76,78,83,63,65,92
665,1,2024-02-28 17:00:00+00:00,22.497,22.046999,21.347,21.397,22.497,22.447,17.845499,69,81,82,86,76,72,96
666,1,2024-02-28 18:00:00+00:00,20.947,20.947,20.947,21.296999,21.046999,21.247,15.7955,85,84,89,86,86,78,97
667,1,2024-02-28 19:00:00+00:00,19.747,20.747,20.347,20.597,20.247,20.546999,15.4955,91,85,92,90,91,82,98
668,1,2024-02-28 20:00:00+00:00,18.796999,20.397,19.897,20.097,19.747,20.147,15.7955,96,88,93,93,93,85,96
669,1,2024-02-28 21:00:00+00:00,17.997,19.796999,19.347,19.647,19.347,19.796999,16.095499,98,90,95,95,94,88,95
670,1,2024-02-28 22:00:00+00:00,17.597,19.546999,19.046999,19.247,18.997,19.497,16.2455,98,89,96,96,95,90,94
671,1,2024-02-28 23:00:00+00:00,17.397,19.197,18.796999,18.897,18.796999,19.247,16.3955,97,90,96,96,96,92,94
672,1,2024-02-29 00:00:00+00:00,17.947,18.697,18.397,18.847,18.597,17.546999,15.2955,93,90,96,97,93,98,96
673,1,2024-02-29 01:00:00+00:00,17.847,18.546999,18.597,18.347,18.447,16.897,14.7955,93,90,95,99,93,99,97
674,1,2024-02-29 02:00:00+00:00,17.647,18.197,18.447,17.847,18.347,16.296999,14.3455,94,93,96,100,92,99,99
675,1,2024-02-29 03:00:00+00:00,17.397,17.897,18.147,17.747,18.397,16.296999,14.4955,95,94,97,100,92,98,98
676,1,2024-02-29 04:00:00+00:00,17.347,17.546999,17.796999,18.296999,18.697,17.296999,15.5455,96,96,96,98,91,94,94
677,1,2024-02-29 05:00:00+00:00,17.997,18.497,18.647,19.296999,19.147,18.897,17.2455,93,94,95,94,91,89,88
678,1,2024-02-29 06:00:00+00:00,20.296999,20.197,20.796999,20.497,19.847,20.647,19.3955,88,82,84,86,89,82,85
679,1,2024-02-29 07:00:00+00:00,22.347,22.347,22.647,21.947,20.997,22.597,21.4455,79,74,77,81,85,73,75
680,1,2024-02-29 08:00:00+00:00,23.747,24.197,24.046999,23.546999,22.347,24.647,23.845499,72,65,74,76,81,64,62
681,1,2024-02-29 09:00:00+00:00,24.897,24.997,25.247,24.747,23.347,26.296999,25.5455,67,60,69,72,77,56,53
682,1,2024-02-29 10:00:00+00:00,25.897,25.947,26.296999,25.296999,23.697,27.347,26.2455,61,58,62,70,75,51,49
683,1,2024-02-29 11:00:00+00:00,26.697,26.597,26.796999,25.447,23.697,27.997,26.2455,58,56,59,70,75,48,49
684,1,2024-02-29 12:00:00+00:00,25.647,27.847,26.597,26.647,24.296999,24.097,24.9455,65,49,55,60,74,76,57
685,1,2024-02-29 13:00:00+00:00,25.296999,27.347,25.097,25.497,23.597,23.597,24.345499,65,51,65,66,77,78,62
686,1,2024-02-29 14:00:00+00:00,24.647,26.197,23.497,23.647,22.697,22.947,23.095499,69,53,76,76,80,79,70
687,1,2024-02-29 15:00:00+00:00,23.796999,23.447,23.597,22.147,21.897,22.197,21.595499,74,69,75,84,83,82,78
688,1,2024-02-29 16:00:00+00:00,22.847,22.397,22.697,21.397,21.247,21.296999,19.5455,80,77,79,87,86,86,85
689,1,2024-02-29 17:00:00+00:00,21.796999,21.647,21.497,20.997,20.647,20.296999,17.1955,86,82,85,89,88,91,92
690,1,2024-02-29 18:00:00+00:00,20.897,20.847,20.847,20.697,20.147,19.447,16.595499,86,89,87,91,90,95,95
691,1,2024-02-29 19:00:00+00:00,20.197,20.197,19.997,20.147,19.697,18.747,16.2455,91,92,92,93,92,97,97
692,1,2024-02-29 20:00:00+00:00,19.546999,19.747,19.397,19.697,19.247,18.197,16.4455,95,94,96,94,94,98,96
693,1,2024-02-29 21:00:00+00:00,19.296999,19.597,19.296999,19.296999,18.897,17.796999,16.595499,94,94,96,95,95,99,96
694,1,2024-02-29 22:00:00+00:00,18.947,19.197,18.997,18.947,18.546999,17.597,16.595499,92,96,97,95,96,99,96
695,1,2024-02-29 23:00:00+00:00,18.697,18.546999,18.747,18.697,18.247,17.546999,16.5455,94,97,98,95,97,98,96
696,1,2024-03-01 00:00:00+00:00,18.497,17.847,18.347,18.647,18.197,18.347,15.9955,94,96,96,97,97,95,96
697,1,2024-03-01 01:00:00+00:00,18.597,17.897,18.046999,18.247,17.997,17.997,15.5455,94,94,98,98,98,96,96
698,1,2024-03-01 02:00:00+00:00,18.497,17.697,17.947,17.847,17.847,17.697,15.0955,94,94,97,99,99,97,97
699,1,2024-03-01 03:00:00+00:00,18.447,17.447,17.397,17.847,17.997,17.747,15.195499,94,95,99,99,98,97,96
700,1,2024-03-01 04:00:00+00:00,18.447,17.147,16.847,18.497,18.546999,18.397,16.1455,95,97,99,96,96,95,93
701,1,2024-03-01 05:00:00+00:00,18.747,18.197,18.097,19.546999,19.447,19.397,17.6455,95,95,96,91,92,91,88
702,1,2024-03-01 06:00:00+00:00,20.397,20.447,20.747,20.747,20.497,20.597,19.1455,89,86,83,86,87,86,84
703,1,2024-03-01 07:00:00+00:00,22.097,22.497,22.947,22.347,21.897,22.097,21.595499,82,76,75,79,80,79,74
704,1,2024-03-01 08:00:00+00:00,23.347,24.447,24.796999,24.197,23.447,23.747,24.4455,75,67,64,70,73,70,61
705,1,2024-03-01 09:00:00+00:00,24.847,25.947,25.997,25.697,24.747,25.147,26.7455,69,60,59,63,67,63,51
706,1,2024-03-01 10:00:00+00:00,26.147,27.097,27.247,26.697,25.647,26.197,28.4455,61,55,52,58,63,59,44
707,1,2024-03-01 11:00:00+00:00,26.796999,27.796999,27.897,27.397,26.247,26.947,29.5455,58,51,49,56,62,56,40
708,1,2024-03-01 12:00:00+00:00,25.997,27.097,28.497,28.247,26.897,26.397,24.1955,55,58,45,48,60,63,62
709,1,2024-03-01 13:00:00+00:00,26.247,27.247,28.597,28.296999,26.296999,25.397,22.5455,52,57,44,46,62,67,70
710,1,2024-03-01 14:00:00+00:00,25.997,25.847,28.497,27.947,25.197,23.796999,20.6455,53,61,43,47,66,74,80
711,1,2024-03-01 15:00:00+00:00,23.847,24.647,27.897,27.097,23.997,22.397,19.095499,62,68,44,50,71,80,87
712,1,2024-03-01 16:00:00+00:00,22.497,23.097,25.847,25.347,22.796999,21.497,18.1455,73,77,58,60,77,85,91
713,1,2024-03-01 17:00:00+00:00,20.847,21.997,23.247,23.046999,21.497,20.796999,17.595499,81,84,74,73,84,90,92
714,1,2024-03-01 18:00:00+00:00,20.747,20.647,21.247,22.197,20.447,20.197,15.8955,88,88,86,75,89,93,95
715,1,2024-03-01 19:00:00+00:00,20.347,20.097,20.847,21.097,19.897,19.747,15.8955,89,89,88,81,91,94,94
716,1,2024-03-01 20:00:00+00:00,19.296999,19.296999,19.847,20.296999,19.597,19.447,16.345499,94,93,93,86,91,94,91
717,1,2024-03-01 21:00:00+00:00,18.397,18.796999,19.447,19.697,19.296999,19.147,16.595499,98,95,94,90,92,94,89
718,1,2024-03-01 22:00:00+00:00,17.897,18.497,18.947,19.296999,18.847,18.747,16.1955,97,93,94,92,94,95,90
719,1,2024-03-01 23:00:00+00:00,17.296999,17.647,18.397,19.046999,18.347,18.296999,15.5455,98,95,94,92,96,97,92
720,1,2024-03-02 00:00:00+00:00,16.847,17.347,16.997,19.197,18.447,18.147,15.8955,100,95,95,95,97,97,94
721,1,2024-03-02 01:00:00+00:00,16.697,16.947,16.497,18.447,17.947,17.546999,15.2455,99,95,96,96,98,99,94
722,1,2024-03-02 02:00:00+00:00,16.897,16.347,15.847,17.546999,17.447,16.897,14.6455,97,97,97,97,99,100,95
723,1,2024-03-02 03:00:00+00:00,17.097,15.797,15.497,17.296999,17.447,16.796999,14.695499,95,98,97,96,98,100,93
724,1,2024-03-02 04:00:00+00:00,17.147,15.547,15.347,18.046999,18.147,17.597,15.7455,95,98,97,92,96,97,90
725,1,2024-03-02 05:00:00+00:00,18.247,17.447,17.247,19.497,19.347,18.947,17.4955,95,93,93,86,93,93,85
726,1,2024-03-02 06:00:00+00:00,20.247,20.697,20.647,21.197,20.697,20.447,19.9955,87,82,83,78,88,87,79
727,1,2024-03-02 07:00:00+00:00,22.097,22.947,23.046999,22.997,22.247,22.046999,22.3955,79,74,70,70,80,80,68
728,1,2024-03-02 08:00:00+00:00,24.147,24.847,24.697,24.997,23.997,23.796999,24.9955,68,66,63,61,71,72,54
729,1,2024-03-02 09:00:00+00:00,25.747,26.197,26.296999,26.597,25.397,25.247,27.095499,60,61,58,53,63,65,44
730,1,2024-03-02 10:00:00+00:00,26.947,27.347,27.347,27.647,26.397,26.296999,28.6455,54,55,53,48,57,61,38
731,1,2024-03-02 11:00:00+00:00,27.697,28.197,28.197,28.296999,27.046999,26.997,29.7455,50,49,49,44,53,58,35
732,1,2024-03-02 12:00:00+00:00,28.097,28.296999,28.147,28.897,28.197,27.796999,29.595499,47,47,47,42,45,52,33
733,1,2024-03-02 13:00:00+00:00,28.247,28.546999,28.247,29.046999,28.347,27.947,28.9955,45,45,45,38,42,50,37
734,1,2024-03-02 14:00:00+00:00,27.997,28.397,27.997,28.847,28.197,27.697,27.6955,46,46,47,35,41,48,45
735,1,2024-03-02 15:00:00+00:00,27.597,27.847,27.447,28.046999,27.497,26.997,25.9955,46,46,48,35,43,50,54
736,1,2024-03-02 16:00:00+00:00,25.147,23.647,25.546999,26.296999,25.796999,25.447,23.4955,58,64,60,41,53,58,66
737,1,2024-03-02 17:00:00+00:00,23.046999,22.097,24.497,23.947,23.546999,23.397,20.4955,66,75,62,49,67,70,79
738,1,2024-03-02 18:00:00+00:00,21.397,22.647,22.296999,22.097,21.796999,21.747,19.1955,80,74,76,57,78,79,84
739,1,2024-03-02 19:00:00+00:00,20.997,21.647,21.697,21.197,21.197,20.947,18.2455,81,80,78,61,82,84,89
740,1,2024-03-02 20:00:00+00:00,20.347,20.697,21.147,20.697,21.147,20.597,17.6455,85,84,81,65,82,86,90
741,1,2024-03-02 21:00:00+00:00,19.647,20.197,20.697,20.197,20.947,20.247,17.095499,89,84,84,69,83,88,91
742,1,2024-03-02 22:00:00+00:00,19.296999,19.997,20.296999,19.497,20.397,19.747,16.4955,91,85,87,73,85,91,90
743,1,2024-03-02 23:00:00+00:00,18.997,19.546999,19.897,18.747,19.647,19.247,15.9955,89,87,89,78,88,94,88
744,1,2024-03-03 00:00:00+00:00,18.697,18.697,19.247,17.796999,18.296999,19.347,16.9955,92,91,90,82,88,89,81
745,1,2024-03-03 01:00:00+00:00,17.897,18.247,18.647,16.847,17.597,18.497,16.1455,95,92,92,87,91,91,84
746,1,2024-03-03 02:00:00+00:00,17.097,18.046999,17.697,15.947,16.847,17.447,15.3955,97,93,96,91,94,94,87
747,1,2024-03-03 03:00:00+00:00,16.546999,17.697,16.747,15.847,16.747,17.097,15.3955,98,94,98,92,94,95,87
748,1,2024-03-03 04:00:00+00:00,16.097,17.097,16.397,16.997,17.847,17.897,16.4955,98,95,98,88,89,91,83
749,1,2024-03-03 05:00:00+00:00,17.597,18.097,17.997,18.997,19.597,19.296999,18.3955,94,94,93,81,81,85,76
750,1,2024-03-03 06:00:00+00:00,20.647,20.697,20.796999,20.947,21.447,20.897,20.6455,79,84,83,79,74,78,70
751,1,2024-03-03 07:00:00+00:00,22.296999,22.397,22.796999,22.697,23.247,22.546999,23.345499,75,75,76,72,68,71,61
752,1,2024-03-03 08:00:00+00:00,24.197,24.097,24.597,24.597,25.147,24.347,26.2455,66,67,66,64,62,64,51
753,1,2024-03-03 09:00:00+00:00,25.897,25.697,26.247,26.197,26.697,25.847,28.4955,58,59,64,58,57,58,43
754,1,2024-03-03 10:00:00+00:00,27.147,26.796999,27.347,27.296999,27.897,26.897,29.7955,51,53,51,53,52,53,37
755,1,2024-03-03 11:00:00+00:00,27.847,27.546999,28.097,28.097,28.747,27.697,30.345499,47,49,48,50,47,49,33
756,1,2024-03-03 12:00:00+00:00,28.546999,28.347,28.046999,28.296999,29.447,28.796999,27.095499,42,44,48,47,38,42,45
757,1,2024-03-03 13:00:00+00:00,28.347,28.447,28.296999,28.447,29.597,28.897,25.6955,42,43,46,45,36,40,52
758,1,2024-03-03 14:00:00+00:00,26.647,27.397,27.997,28.197,29.347,28.697,23.7455,52,50,47,44,35,41,62
759,1,2024-03-03 15:00:00+00:00,24.597,25.347,26.796999,27.447,28.497,27.897,21.9455,66,64,50,47,39,44,71
760,1,2024-03-03 16:00:00+00:00,23.447,23.947,23.897,25.747,26.546999,26.097,20.345499,72,67,73,56,49,53,79
761,1,2024-03-03 17:00:00+00:00,22.497,22.447,22.597,23.497,24.046999,23.647,18.8955,77,76,78,69,63,65,86
762,1,2024-03-03 18:00:00+00:00,20.847,21.697,21.697,21.796999,21.997,21.796999,16.9955,88,81,82,84,74,75,95
763,1,2024-03-03 19:00:00+00:00,19.697,20.497,20.796999,20.747,20.997,20.997,16.6955,94,86,87,89,79,79,97
764,1,2024-03-03 20:00:00+00:00,19.197,20.397,20.447,20.046999,20.546999,20.697,16.7455,96,88,89,90,81,81,96
765,1,2024-03-03 21:00:00+00:00,19.097,19.747,19.796999,19.546999,20.097,20.447,16.7955,96,92,92,91,83,83,95
766,1,2024-03-03 22:00:00+00:00,19.046999,19.447,19.147,19.296999,19.597,19.997,16.845499,95,94,95,92,86,86,94
767,1,2024-03-03 23:00:00+00:00,18.796999,19.197,18.796999,19.247,19.147,19.497,16.9455,94,96,96,92,88,90,92
768,1,2024-03-04 00:00:00+00:00,18.747,18.897,18.497,19.447,19.097,18.597,16.8955,88,88,94,91,88,91,92
769,1,2024-03-04 01:00:00+00:00,18.147,18.397,18.347,18.897,18.147,18.197,16.5455,91,90,93,93,91,93,92
770,1,2024-03-04 02:00:00+00:00,17.647,18.046999,18.296999,18.347,17.097,17.697,16.095499,92,90,93,95,94,95,92
771,1,2024-03-04 03:00:00+00:00,17.147,17.497,17.697,18.296999,16.897,17.796999,16.0455,93,92,94,95,94,95,92
772,1,2024-03-04 04:00:00+00:00,16.597,16.997,17.197,18.997,17.997,18.747,16.345499,95,91,95,92,90,92,92
773,1,2024-03-04 05:00:00+00:00,18.147,18.397,18.397,20.247,19.897,20.197,16.9955,91,89,94,87,82,87,91
774,1,2024-03-04 06:00:00+00:00,21.447,21.197,21.347,21.597,21.847,21.796999,19.7955,78,76,82,81,75,81,80
775,1,2024-03-04 07:00:00+00:00,23.847,23.697,23.447,23.347,23.796999,23.647,22.095499,68,67,73,75,68,74,71
776,1,2024-03-04 08:00:00+00:00,25.847,25.647,25.097,25.147,25.897,25.597,24.7455,61,62,69,68,61,66,60
777,1,2024-03-04 09:00:00+00:00,27.296999,27.347,26.597,26.647,27.546999,27.147,26.595499,55,57,62,62,54,60,53
778,1,2024-03-04 10:00:00+00:00,28.497,28.397,27.647,27.647,28.697,28.147,27.0455,48,50,56,57,48,55,50
779,1,2024-03-04 11:00:00+00:00,28.997,28.947,28.147,28.247,29.497,28.747,26.6455,45,48,53,53,43,51,50
780,1,2024-03-04 12:00:00+00:00,28.997,28.947,28.347,28.097,28.847,30.147,28.4955,45,47,52,53,48,41,42
781,1,2024-03-04 13:00:00+00:00,28.647,28.147,27.747,26.997,27.747,29.447,26.0455,47,50,54,58,53,44,53
782,1,2024-03-04 14:00:00+00:00,27.447,25.097,25.447,25.296999,25.897,28.097,22.4455,53,66,62,65,62,50,70
783,1,2024-03-04 15:00:00+00:00,23.697,23.697,24.546999,23.747,24.247,26.597,19.4955,74,74,67,72,70,57,84
784,1,2024-03-04 16:00:00+00:00,22.897,22.597,23.147,22.647,23.097,24.897,17.9455,78,78,75,78,76,65,91
785,1,2024-03-04 17:00:00+00:00,21.796999,21.796999,22.046999,21.747,22.147,22.997,17.095499,83,83,81,84,81,73,95
786,1,2024-03-04 18:00:00+00:00,21.197,21.447,21.546999,20.897,21.296999,21.497,18.095499,87,84,87,84,85,80,89
787,1,2024-03-04 19:00:00+00:00,20.897,20.447,20.497,20.197,20.447,20.597,17.595499,89,90,91,88,90,85,91
788,1,2024-03-04 20:00:00+00:00,20.796999,20.097,19.847,19.747,19.647,19.997,17.595499,89,90,94,92,94,89,92
789,1,2024-03-04 21:00:00+00:00,20.247,19.647,19.397,19.497,19.046999,19.546999,17.595499,90,90,95,94,96,92,92
790,1,2024-03-04 22:00:00+00:00,19.647,19.397,19.347,19.497,18.796999,19.147,17.595499,93,91,93,94,95,94,92
791,1,2024-03-04 23:00:00+00:00,19.247,19.097,19.296999,19.647,18.747,18.897,17.595499,94,92,91,92,93,94,90
792,1,2024-03-05 00:00:00+00:00,18.747,18.897,19.347,19.247,19.147,19.296999,17.6455,94,92,89,92,92,86,90
793,1,2024-03-05 01:00:00+00:00,18.397,18.597,18.997,18.847,18.747,18.397,17.2455,95,92,90,93,93,88,91
794,1,2024-03-05 02:00:00+00:00,18.147,18.347,18.796999,18.397,18.296999,17.197,16.595499,95,91,90,94,95,91,91
795,1,2024-03-05 03:00:00+00:00,18.046999,18.147,18.497,18.397,18.296999,16.847,16.4455,94,89,91,93,95,92,91
796,1,2024-03-05 04:00:00+00:00,17.847,17.847,18.097,19.147,19.097,17.897,17.095499,94,88,91,89,91,88,89
797,1,2024-03-05 05:00:00+00:00,18.796999,19.247,19.397,20.296999,20.347,19.796999,18.2955,92,86,88,83,86,82,86
798,1,2024-03-05 06:00:00+00:00,21.697,21.597,21.847,21.697,21.796999,21.847,20.1955,77,76,76,77,80,75,80
799,1,2024-03-05 07:00:00+00:00,23.497,23.546999,23.647,23.597,23.447,24.097,21.8955,70,67,70,70,74,67,74
800,1,2024-03-05 08:00:00+00:00,25.347,25.447,25.397,25.847,25.247,26.597,23.5455,63,59,63,63,68,58,68
801,1,2024-03-05 09:00:00+00:00,26.796999,27.197,27.046999,27.597,26.747,28.546999,24.7955,56,53,58,56,62,50,63
802,1,2024-03-05 10:00:00+00:00,27.747,28.296999,28.347,28.847,27.847,29.796999,25.595499,51,48,52,49,57,43,59
803,1,2024-03-05 11:00:00+00:00,28.247,28.897,29.097,29.647,28.597,30.597,25.9455,48,44,47,43,53,37,56
804,1,2024-03-05 12:00:00+00:00,27.997,29.347,29.197,28.947,28.997,28.847,26.2955,47,43,43,47,47,49,51
805,1,2024-03-05 13:00:00+00:00,28.197,29.397,29.397,27.897,28.097,27.796999,23.845499,45,39,41,52,50,53,64
806,1,2024-03-05 14:00:00+00:00,27.847,29.247,28.847,26.197,26.546999,26.097,20.345499,44,37,39,60,56,61,83
807,1,2024-03-05 15:00:00+00:00,27.296999,27.397,27.597,24.546999,25.046999,24.497,17.6955,46,45,46,68,63,68,97
808,1,2024-03-05 16:00:00+00:00,24.947,25.497,24.947,23.197,23.697,23.197,16.7955,64,52,64,75,71,75,99
809,1,2024-03-05 17:00:00+00:00,23.397,23.647,23.497,21.947,22.397,21.997,16.7455,73,60,73,83,79,82,97
810,1,2024-03-05 18:00:00+00:00,22.147,22.347,22.697,21.397,21.347,21.046999,16.6955,82,76,73,83,86,87,97
811,1,2024-03-05 19:00:00+00:00,21.447,21.447,21.647,20.796999,20.697,20.397,16.845499,87,82,80,86,89,90,96
812,1,2024-03-05 20:00:00+00:00,21.397,21.197,21.197,20.497,20.347,19.947,17.2955,85,84,86,89,91,93,94
813,1,2024-03-05 21:00:00+00:00,20.697,20.747,20.747,20.197,19.997,19.597,17.4955,88,85,90,92,92,93,93
814,1,2024-03-05 22:00:00+00:00,20.447,20.347,20.447,19.847,19.647,19.447,17.1955,91,84,92,94,93,91,93
815,1,2024-03-05 23:00:00+00:00,20.247,19.947,20.296999,19.546999,19.347,19.347,16.6455,89,83,89,96,94,87,93
816,1,2024-03-06 00:00:00+00:00,19.197,19.647,19.046999,18.697,19.847,19.347,16.2955,90,84,95,98,86,96,96
817,1,2024-03-06 01:00:00+00:00,18.546999,18.947,18.447,17.997,18.796999,18.497,16.095499,90,86,97,99,88,98,96
818,1,2024-03-06 02:00:00+00:00,17.847,18.097,17.997,17.347,17.497,17.546999,15.8955,90,87,99,100,91,99,96
819,1,2024-03-06 03:00:00+00:00,17.147,17.397,17.497,17.247,17.046999,17.247,16.0455,91,88,100,99,91,98,95
820,1,2024-03-06 04:00:00+00:00,16.497,16.847,17.097,17.997,18.046999,18.046999,16.595499,92,88,100,95,87,94,93
821,1,2024-03-06 05:00:00+00:00,17.997,18.497,18.296999,19.296999,19.897,19.447,17.4455,90,85,97,89,80,87,90
822,1,2024-03-06 06:00:00+00:00,21.046999,21.546999,21.046999,20.647,21.847,21.097,19.2955,77,73,80,87,72,80,79
823,1,2024-03-06 07:00:00+00:00,23.296999,23.747,23.197,22.447,23.897,22.897,21.095499,65,63,66,77,64,72,72
824,1,2024-03-06 08:00:00+00:00,25.147,25.647,25.347,24.647,26.046999,24.897,22.8955,57,55,57,64,56,63,66
825,1,2024-03-06 09:00:00+00:00,26.247,27.147,26.947,26.397,27.796999,26.597,24.345499,54,49,49,54,49,56,60
826,1,2024-03-06 10:00:00+00:00,26.747,27.497,27.947,27.546999,28.897,27.847,25.6455,51,46,45,49,43,51,54
827,1,2024-03-06 11:00:00+00:00,27.497,28.097,28.796999,28.247,29.597,28.747,26.595499,49,44,43,46,38,46,49
828,1,2024-03-06 12:00:00+00:00,27.647,28.397,28.847,28.997,29.597,29.697,26.9455,48,45,41,42,42,41,50
829,1,2024-03-06 13:00:00+00:00,27.497,28.347,28.546999,28.947,29.796999,29.647,26.3955,47,46,39,41,39,40,55
830,1,2024-03-06 14:00:00+00:00,27.147,27.347,28.397,28.546999,29.647,29.097,25.2955,45,49,37,40,37,42,62
831,1,2024-03-06 15:00:00+00:00,26.247,26.796999,27.497,27.546999,28.847,28.147,23.6455,46,49,39,44,39,45,70
832,1,2024-03-06 16:00:00+00:00,24.247,25.147,25.247,25.497,26.947,26.546999,20.8955,54,53,50,55,48,51,78
833,1,2024-03-06 17:00:00+00:00,22.296999,23.247,21.546999,22.796999,24.447,24.546999,17.6455,60,64,77,69,62,59,86
834,1,2024-03-06 18:00:00+00:00,20.497,21.397,21.097,20.897,22.397,22.897,15.9955,74,68,64,85,73,66,96
835,1,2024-03-06 19:00:00+00:00,19.347,20.097,20.497,20.147,21.397,21.947,15.4955,80,72,67,89,79,71,97
836,1,2024-03-06 20:00:00+00:00,17.647,18.597,20.296999,19.546999,20.847,21.296999,15.4955,89,76,71,92,82,74,96
837,1,2024-03-06 21:00:00+00:00,16.546999,17.897,19.597,19.046999,20.347,20.647,15.4955,94,79,75,94,85,77,95
838,1,2024-03-06 22:00:00+00:00,15.947,17.497,18.697,18.647,19.647,19.847,15.4955,95,84,79,96,89,79,95
839,1,2024-03-06 23:00:00+00:00,15.396999,16.997,17.546999,18.397,18.997,19.097,15.5455,96,86,84,97,93,80,94
840,1,2024-03-07 00:00:00+00:00,14.747,15.646999,16.847,17.546999,18.747,18.796999,15.4955,97,92,89,98,89,75,95
841,1,2024-03-07 01:00:00+00:00,14.247,14.997,15.947,16.697,17.997,18.197,15.0455,96,91,87,99,91,77,96
842,1,2024-03-07 02:00:00+00:00,13.697,14.447,15.297,15.847,17.247,17.647,14.6455,95,89,86,99,92,79,96
843,1,2024-03-07 03:00:00+00:00,13.247,14.197,14.896999,15.646999,17.097,17.647,14.8955,93,86,86,97,91,79,95
844,1,2024-03-07 04:00:00+00:00,12.747,13.747,14.497,16.546999,17.897,18.497,16.1455,93,86,88,92,88,77,91
845,1,2024-03-07 05:00:00+00:00,14.697,15.297,15.896999,18.097,19.347,19.947,18.0455,89,87,87,85,83,72,86
846,1,2024-03-07 06:00:00+00:00,19.147,19.897,20.247,19.897,20.997,21.697,20.1455,70,75,72,74,77,67,79
847,1,2024-03-07 07:00:00+00:00,21.947,22.597,23.397,22.647,22.847,23.897,22.4955,63,65,61,64,70,59,69
848,1,2024-03-07 08:00:00+00:00,24.097,24.747,25.947,25.796999,24.947,26.347,24.9955,59,61,51,53,63,50,58
849,1,2024-03-07 09:00:00+00:00,26.046999,26.796999,27.796999,28.247,26.647,28.247,26.9955,57,53,43,43,56,43,49
850,1,2024-03-07 10:00:00+00:00,27.947,28.247,29.147,29.597,27.796999,29.296999,28.3955,47,44,37,36,50,40,42
851,1,2024-03-07 11:00:00+00:00,29.046999,28.947,29.897,30.197,28.597,29.747,29.2955,40,41,34,30,45,38,37
852,1,2024-03-07 12:00:00+00:00,29.397,29.347,29.897,30.347,30.546999,29.247,29.7955,35,36,34,32,33,41,34
853,1,2024-03-07 13:00:00+00:00,29.046999,28.847,29.397,29.997,30.296999,28.997,27.9955,33,36,33,32,31,41,43
854,1,2024-03-07 14:00:00+00:00,28.296999,28.197,28.546999,28.947,29.546999,28.197,25.095499,36,39,34,34,31,43,57
855,1,2024-03-07 15:00:00+00:00,27.046999,27.296999,27.397,27.546999,28.197,27.097,22.4955,41,42,39,38,34,48,69
856,1,2024-03-07 16:00:00+00:00,24.296999,24.397,24.697,25.497,25.897,25.397,20.5455,52,52,49,45,44,58,78
857,1,2024-03-07 17:00:00+00:00,21.796999,22.397,22.546999,23.097,23.046999,23.347,18.7955,61,58,56,55,57,70,85
858,1,2024-03-07 18:00:00+00:00,20.147,20.397,20.796999,21.247,20.796999,21.647,17.9955,70,68,65,62,67,80,78
859,1,2024-03-07 19:00:00+00:00,18.796999,18.897,19.296999,20.097,19.796999,20.697,16.9455,76,75,73,68,71,85,83
860,1,2024-03-07 20:00:00+00:00,17.947,17.897,18.147,19.347,19.397,20.147,16.4955,79,80,79,73,73,88,89
861,1,2024-03-07 21:00:00+00:00,17.497,17.296999,17.747,18.747,19.046999,19.597,16.1955,81,83,78,77,74,90,92
862,1,2024-03-07 22:00:00+00:00,17.247,17.046999,17.546999,18.197,18.497,18.897,15.8455,82,83,77,79,76,92,93
863,1,2024-03-07 23:00:00+00:00,17.097,16.947,17.347,17.796999,17.997,18.247,15.6455,82,83,78,79,77,93,92
864,1,2024-03-08 00:00:00+00:00,16.347,16.697,17.046999,16.847,17.147,17.097,15.3955,85,86,79,74,83,87,94
865,1,2024-03-08 01:00:00+00:00,16.097,16.497,16.597,16.247,16.447,16.197,14.9955,87,87,82,76,86,91,95
866,1,2024-03-08 02:00:00+00:00,15.747,16.197,16.097,15.797,15.697,15.297,14.695499,89,88,85,78,88,95,95
867,1,2024-03-08 03:00:00+00:00,15.197,15.747,15.497,15.997,15.697,15.247,14.9955,92,90,88,79,88,96,94
868,1,2024-03-08 04:00:00+00:00,14.947,15.197,15.047,17.247,16.847,16.597,16.345499,94,93,91,77,85,92,90
869,1,2024-03-08 05:00:00+00:00,16.897,16.947,16.947,19.197,18.697,18.847,18.345499,90,90,88,74,79,85,84
870,1,2024-03-08 06:00:00+00:00,20.647,20.796999,20.796999,21.447,20.747,21.046999,20.7455,78,74,76,69,73,77,74
871,1,2024-03-08 07:00:00+00:00,23.197,23.296999,23.546999,23.796999,23.097,23.147,23.7955,68,65,66,61,65,70,62
872,1,2024-03-08 08:00:00+00:00,25.296999,25.497,25.897,26.296999,25.647,25.197,27.1455,62,59,58,52,56,63,47
873,1,2024-03-08 09:00:00+00:00,26.947,27.397,27.796999,28.296999,27.747,26.947,29.4955,57,54,52,44,48,56,37
874,1,2024-03-08 10:00:00+00:00,27.997,28.597,28.647,29.546999,29.147,28.197,30.095499,50,48,46,39,40,50,34
875,1,2024-03-08 11:00:00+00:00,28.546999,29.046999,29.046999,30.296999,30.046999,29.097,29.6455,45,42,42,36,33,44,36
876,1,2024-03-08 12:00:00+00:00,28.947,29.347,28.897,30.247,30.697,30.546999,31.2955,44,41,44,35,31,29,28
877,1,2024-03-08 13:00:00+00:00,28.947,29.347,28.447,30.097,30.597,30.296999,29.8955,43,41,45,34,30,28,33
878,1,2024-03-08 14:00:00+00:00,28.597,29.147,28.347,29.546999,30.046999,29.597,27.595499,42,41,44,35,30,29,42
879,1,2024-03-08 15:00:00+00:00,27.647,28.046999,27.697,28.497,28.847,28.247,25.2955,48,43,44,38,33,33,51
880,1,2024-03-08 16:00:00+00:00,25.197,24.597,24.747,26.497,26.647,25.796999,23.095499,63,62,57,44,40,40,60
881,1,2024-03-08 17:00:00+00:00,22.296999,22.247,22.147,23.997,23.796999,22.697,20.8955,74,77,74,53,50,49,70
882,1,2024-03-08 18:00:00+00:00,20.997,21.947,21.247,22.447,21.347,19.997,15.4955,84,79,81,63,59,58,94
883,1,2024-03-08 19:00:00+00:00,20.397,21.347,20.497,21.247,19.597,18.097,15.5955,87,82,85,69,67,68,94
884,1,2024-03-08 20:00:00+00:00,19.046999,20.197,19.597,20.447,18.147,16.647,16.0455,93,88,90,74,74,77,94
885,1,2024-03-08 21:00:00+00:00,18.847,19.197,19.197,19.796999,17.046999,15.646999,16.2955,93,94,93,78,79,84,94
886,1,2024-03-08 22:00:00+00:00,19.097,19.397,19.447,19.347,16.296999,15.247,16.1455,90,90,90,80,82,85,94
887,1,2024-03-08 23:00:00+00:00,18.796999,19.247,18.847,19.097,15.847,15.297,15.7955,92,90,93,80,84,84,94
888,1,2024-03-09 00:00:00+00:00,18.347,18.647,19.046999,17.697,18.647,16.546999,16.6955,92,92,90,85,82,81,93
889,1,2024-03-09 01:00:00+00:00,17.947,18.046999,18.647,17.197,17.897,16.247,16.095499,91,92,91,87,85,83,94
890,1,2024-03-09 02:00:00+00:00,17.447,17.647,18.247,16.796999,17.097,15.997,15.4955,91,91,92,89,87,84,94
891,1,2024-03-09 03:00:00+00:00,16.796999,17.296999,17.597,16.997,16.997,16.296999,15.5955,92,92,93,89,88,84,93
892,1,2024-03-09 04:00:00+00:00,16.247,17.097,16.997,18.147,18.097,17.497,16.7955,94,92,94,86,85,81,89
893,1,2024-03-09 05:00:00+00:00,17.997,18.397,18.697,19.897,19.897,19.347,18.6955,91,90,90,80,79,76,83
894,1,2024-03-09 06:00:00+00:00,21.397,21.497,21.497,21.847,21.847,21.347,21.4455,76,76,80,75,73,70,71
895,1,2024-03-09 07:00:00+00:00,23.697,23.796999,23.697,23.947,23.947,23.697,23.8955,66,67,69,67,66,63,61
896,1,2024-03-09 08:00:00+00:00,25.796999,25.796999,25.747,26.147,26.147,26.197,26.4955,58,61,61,59,59,54,50
897,1,2024-03-09 09:00:00+00:00,27.296999,27.197,27.296999,27.897,27.847,28.247,28.3955,53,55,56,52,53,47,42
898,1,2024-03-09 10:00:00+00:00,27.997,27.997,28.397,29.197,28.997,29.497,29.345499,48,52,51,45,48,41,38
899,1,2024-03-09 11:00:00+00:00,28.546999,28.397,29.147,30.046999,29.647,30.247,29.6455,46,49,46,39,43,37,38
900,1,2024-03-09 12:00:00+00:00,29.046999,28.546999,28.847,29.347,29.947,29.747,25.8955,42,45,45,40,40,43,58
901,1,2024-03-09 13:00:00+00:00,29.197,28.847,28.847,29.347,27.947,28.197,23.3955,40,43,44,39,50,50,69
902,1,2024-03-09 14:00:00+00:00,29.097,28.747,25.997,29.046999,24.897,25.747,20.345499,39,43,56,39,65,61,82
903,1,2024-03-09 15:00:00+00:00,28.296999,26.947,23.097,28.097,22.546999,23.697,17.9955,40,49,77,43,77,71,92
904,1,2024-03-09 16:00:00+00:00,25.397,21.747,21.747,25.897,21.647,22.497,16.9455,55,81,82,55,83,78,96
905,1,2024-03-09 17:00:00+00:00,22.947,21.347,21.197,23.097,21.397,21.697,16.6455,74,85,86,71,85,83,98
906,1,2024-03-09 18:00:00+00:00,21.296999,21.046999,20.897,20.897,21.147,21.097,17.095499,86,86,87,88,87,87,97
907,1,2024-03-09 19:00:00+00:00,20.546999,20.546999,20.546999,20.046999,20.697,20.647,16.6955,91,89,89,92,88,89,97
908,1,2024-03-09 20:00:00+00:00,20.397,19.796999,19.997,19.796999,20.247,20.397,16.2955,92,91,90,92,89,89,97
909,1,2024-03-09 21:00:00+00:00,19.847,19.997,19.697,19.597,19.847,20.147,15.9955,93,90,92,92,90,90,97
910,1,2024-03-09 22:00:00+00:00,19.497,19.647,19.247,19.247,19.546999,19.747,15.8455,93,92,95,93,92,92,97
911,1,2024-03-09 23:00:00+00:00,19.247,19.197,19.147,18.947,19.296999,19.347,15.7955,95,95,96,95,93,94,96
912,1,2024-03-10 00:00:00+00:00,19.397,18.997,19.046999,18.847,19.046999,19.046999,15.9955,93,94,96,96,96,94,93
913,1,2024-03-10 01:00:00+00:00,19.296999,18.796999,18.647,18.147,18.697,18.497,15.7955,94,95,97,96,96,96,95
914,1,2024-03-10 02:00:00+00:00,19.247,18.296999,18.497,17.347,18.347,17.897,15.5955,94,97,96,96,95,97,97
915,1,2024-03-10 03:00:00+00:00,18.847,17.897,18.197,17.197,18.397,17.847,15.7955,94,97,96,94,93,97,97
916,1,2024-03-10 04:00:00+00:00,18.046999,17.847,17.796999,18.147,19.046999,18.697,16.595499,96,95,95,90,89,94,95
917,1,2024-03-10 05:00:00+00:00,19.147,19.197,19.046999,19.796999,20.147,20.046999,17.7955,94,92,94,84,83,88,90
918,1,2024-03-10 06:00:00+00:00,21.046999,21.546999,21.447,21.597,21.546999,21.647,19.4955,82,78,82,79,77,82,86
919,1,2024-03-10 07:00:00+00:00,23.247,23.546999,23.447,23.247,23.347,23.497,21.6955,71,67,73,72,70,74,78
920,1,2024-03-10 08:00:00+00:00,24.947,24.897,25.296999,25.097,25.497,25.497,24.1955,63,63,64,65,63,65,68
921,1,2024-03-10 09:00:00+00:00,26.147,26.197,26.546999,26.647,27.247,27.197,25.6955,57,59,57,58,56,57,62
922,1,2024-03-10 10:00:00+00:00,27.497,26.897,27.647,27.796999,28.497,28.497,25.6955,50,55,52,52,50,49,61
923,1,2024-03-10 11:00:00+00:00,28.347,27.347,28.546999,28.647,29.447,29.447,24.6955,47,54,48,47,45,43,63
924,1,2024-03-10 12:00:00+00:00,28.597,27.947,28.197,29.347,29.296999,29.397,27.2955,45,52,49,43,42,43,50
925,1,2024-03-10 13:00:00+00:00,28.897,28.147,28.197,29.397,29.296999,29.347,24.4455,41,50,50,40,40,42,64
926,1,2024-03-10 14:00:00+00:00,28.647,27.847,27.796999,29.046999,28.947,28.847,20.345499,39,52,52,37,39,43,84
927,1,2024-03-10 15:00:00+00:00,27.447,25.647,23.947,28.147,28.097,27.796999,17.1955,46,63,70,39,40,47,99
928,1,2024-03-10 16:00:00+00:00,24.997,24.296999,22.897,26.447,26.347,25.847,16.095499,54,66,76,49,46,56,100
929,1,2024-03-10 17:00:00+00:00,23.197,22.397,22.046999,24.197,24.046999,23.347,15.945499,58,76,81,62,54,69,100
930,1,2024-03-10 18:00:00+00:00,22.497,22.046999,21.497,22.046999,22.197,21.347,15.8955,73,81,86,77,62,79,97
931,1,2024-03-10 19:00:00+00:00,21.647,21.546999,21.296999,20.947,21.147,20.397,15.945499,80,83,86,84,67,85,97
932,1,2024-03-10 20:00:00+00:00,21.546999,20.597,20.247,20.296999,20.546999,19.947,15.945499,81,89,93,88,72,88,97
933,1,2024-03-10 21:00:00+00:00,20.597,20.347,20.046999,19.747,19.947,19.597,15.9955,84,87,92,90,75,91,97
934,1,2024-03-10 22:00:00+00:00,20.296999,19.296999,19.597,19.247,19.296999,19.147,16.095499,86,89,94,89,76,93,97
935,1,2024-03-10 23:00:00+00:00,19.947,18.847,18.546999,18.897,18.697,18.747,16.2455,89,89,97,87,76,94,96
936,1,2024-03-11 00:00:00+00:00,18.397,19.247,17.997,19.647,18.847,18.447,15.8955,80,92,94,89,77,79,98
937,1,2024-03-11 01:00:00+00:00,18.046999,19.147,17.697,19.046999,18.447,17.697,15.4955,80,87,90,88,79,79,99
938,1,2024-03-11 02:00:00+00:00,17.447,18.597,17.447,18.447,18.046999,17.046999,15.0455,82,86,87,87,80,79,99
939,1,2024-03-11 03:00:00+00:00,16.847,18.046999,17.197,18.397,18.197,17.046999,15.195499,83,86,85,84,80,78,98
940,1,2024-03-11 04:00:00+00:00,16.247,17.397,16.947,19.197,19.197,18.197,16.2455,85,87,84,80,76,75,94
941,1,2024-03-11 05:00:00+00:00,17.747,18.947,18.647,20.546999,20.697,20.046999,17.845499,84,83,83,74,70,70,88
942,1,2024-03-11 06:00:00+00:00,21.247,21.447,21.847,21.697,22.447,22.046999,18.2455,71,70,71,76,63,64,88
943,1,2024-03-11 07:00:00+00:00,23.897,23.997,24.497,23.597,24.597,24.197,20.1455,60,59,58,67,55,56,81
944,1,2024-03-11 08:00:00+00:00,25.897,26.097,26.247,25.747,26.947,26.546999,22.5455,51,50,51,58,46,47,72
945,1,2024-03-11 09:00:00+00:00,27.397,27.796999,27.697,27.497,28.796999,28.397,24.2455,45,44,45,50,39,40,66
946,1,2024-03-11 10:00:00+00:00,28.447,28.997,28.647,28.546999,29.847,29.546999,24.7455,41,38,42,45,35,36,64
947,1,2024-03-11 11:00:00+00:00,28.947,29.546999,29.197,29.197,30.397,30.247,24.595499,39,35,39,42,33,34,65
948,1,2024-03-11 12:00:00+00:00,29.197,29.347,29.747,29.546999,30.046999,30.247,27.4955,39,38,37,38,36,33,47
949,1,2024-03-11 13:00:00+00:00,29.197,29.347,29.897,29.397,29.897,30.097,25.9955,38,38,35,38,37,35,54
950,1,2024-03-11 14:00:00+00:00,28.647,28.847,29.447,28.897,29.347,29.497,23.6955,40,39,36,40,40,38,66
951,1,2024-03-11 15:00:00+00:00,27.447,27.597,28.247,27.997,28.447,28.497,21.6955,43,42,40,43,43,41,76
952,1,2024-03-11 16:00:00+00:00,24.697,24.847,25.447,26.397,26.897,26.796999,20.4955,51,50,48,47,48,45,81
953,1,2024-03-11 17:00:00+00:00,22.847,23.046999,23.697,24.447,24.947,24.647,19.6455,55,53,52,52,53,49,84
954,1,2024-03-11 18:00:00+00:00,21.997,22.597,22.046999,22.397,23.347,22.947,18.4955,55,55,57,56,58,53,91
955,1,2024-03-11 19:00:00+00:00,21.296999,21.597,21.447,21.747,22.546999,22.097,17.5455,58,60,59,58,61,56,94
956,1,2024-03-11 20:00:00+00:00,21.046999,21.447,21.497,21.647,22.097,21.647,16.8955,57,58,56,58,62,59,95
957,1,2024-03-11 21:00:00+00:00,20.697,20.897,20.947,21.397,21.597,21.197,16.4955,57,59,59,59,64,61,95
958,1,2024-03-11 22:00:00+00:00,20.097,20.147,20.347,20.847,20.796999,20.597,16.345499,58,61,61,61,67,63,95
959,1,2024-03-11 23:00:00+00:00,19.147,18.947,19.546999,20.147,19.947,19.947,16.4455,62,66,65,63,69,65,94
960,1,2024-03-12 00:00:00+00:00,17.397,17.847,18.697,18.447,18.947,18.796999,15.8455,68,73,68,70,71,73,96
961,1,2024-03-12 01:00:00+00:00,16.747,17.046999,17.997,17.347,17.947,17.897,15.5455,70,77,71,73,75,76,96
962,1,2024-03-12 02:00:00+00:00,16.047,16.247,16.997,16.247,16.947,17.097,15.3955,74,80,76,75,79,80,96
963,1,2024-03-12 03:00:00+00:00,15.347,15.396999,15.997,15.997,16.747,16.997,15.7955,77,84,80,76,81,81,94
964,1,2024-03-12 04:00:00+00:00,14.597,14.547,15.097,17.046999,17.697,17.997,16.9455,81,87,83,76,79,79,90
965,1,2024-03-12 05:00:00+00:00,16.047,16.047,16.647,18.947,19.447,19.697,18.595499,83,85,82,74,74,76,83
966,1,2024-03-12 06:00:00+00:00,20.747,20.147,20.747,21.296999,21.397,21.647,21.1955,68,70,69,67,68,70,67
967,1,2024-03-12 07:00:00+00:00,23.397,22.897,23.447,23.546999,23.597,23.997,23.7955,57,62,54,60,59,61,56
968,1,2024-03-12 08:00:00+00:00,25.497,24.997,25.647,26.046999,26.046999,26.597,26.5455,54,57,49,52,49,49,44
969,1,2024-03-12 09:00:00+00:00,27.296999,26.897,27.546999,28.097,28.046999,28.697,28.595499,51,51,45,45,40,39,35
970,1,2024-03-12 10:00:00+00:00,28.697,28.497,29.097,29.546999,29.397,30.147,29.7455,45,44,40,39,34,31,30
971,1,2024-03-12 11:00:00+00:00,29.296999,29.447,30.247,30.546999,30.247,31.147,30.2955,41,39,35,33,29,25,27
972,1,2024-03-12 12:00:00+00:00,30.097,28.897,30.046999,30.647,30.296999,31.097,30.8955,36,44,37,33,35,23,24
973,1,2024-03-12 13:00:00+00:00,29.997,28.897,30.447,30.497,30.097,30.647,29.4455,34,44,28,32,35,24,30
974,1,2024-03-12 14:00:00+00:00,29.796999,28.897,29.747,29.796999,29.397,29.597,27.095499,35,44,23,34,37,27,41
975,1,2024-03-12 15:00:00+00:00,25.247,28.296999,27.546999,28.546999,28.147,28.046999,24.9955,59,45,30,37,40,32,50
976,1,2024-03-12 16:00:00+00:00,23.097,25.497,24.147,26.397,26.046999,25.747,23.4955,64,56,37,44,44,40,57
977,1,2024-03-12 17:00:00+00:00,21.546999,22.247,21.247,23.647,23.447,22.947,22.2455,71,60,47,53,48,51,63
978,1,2024-03-12 18:00:00+00:00,20.397,20.296999,19.046999,20.747,21.397,20.747,18.7955,50,55,58,56,52,58,83
979,1,2024-03-12 19:00:00+00:00,18.947,18.947,17.597,19.697,20.397,19.597,17.9955,60,63,67,58,54,59,86
980,1,2024-03-12 20:00:00+00:00,18.546999,18.397,17.247,19.197,19.997,19.097,17.3955,64,64,67,57,55,58,87
981,1,2024-03-12 21:00:00+00:00,18.097,17.796999,16.747,18.697,19.597,18.697,16.7955,65,64,66,57,57,57,87
982,1,2024-03-12 22:00:00+00:00,17.897,17.497,16.347,18.046999,19.046999,18.447,16.1955,65,67,68,60,59,58,86
983,1,2024-03-12 23:00:00+00:00,17.697,17.296999,16.097,17.347,18.546999,18.347,15.5955,70,72,72,64,62,61,85
984,1,2024-03-13 00:00:00+00:00,16.546999,17.497,16.747,16.897,17.997,17.897,15.195499,77,75,75,69,69,63,92
985,1,2024-03-13 01:00:00+00:00,16.447,17.347,16.597,16.296999,17.296999,17.296999,14.4955,79,76,77,72,73,66,91
986,1,2024-03-13 02:00:00+00:00,16.247,16.747,16.247,15.697,16.697,16.697,13.7955,79,78,79,75,76,68,89
987,1,2024-03-13 03:00:00+00:00,16.047,16.247,15.847,15.797,16.747,16.747,14.0455,80,80,80,76,77,69,85
988,1,2024-03-13 04:00:00+00:00,15.847,15.947,15.447,16.997,17.847,17.697,15.8455,81,81,82,73,74,68,79
989,1,2024-03-13 05:00:00+00:00,17.597,17.847,17.296999,18.897,19.647,19.296999,18.595499,81,80,81,68,69,65,71
990,1,2024-03-13 06:00:00+00:00,21.647,21.647,21.447,21.097,21.647,21.147,22.1955,66,65,66,65,63,60,52
991,1,2024-03-13 07:00:00+00:00,24.347,24.197,24.147,23.697,23.947,23.397,24.5455,55,56,55,55,55,52,43
992,1,2024-03-13 08:00:00+00:00,26.697,26.497,26.597,26.497,26.397,25.947,26.8955,46,48,45,42,46,41,32
993,1,2024-03-13 09:00:00+00:00,28.697,28.347,28.546999,28.697,28.397,27.997,28.6955,38,42,37,32,38,33,25
994,1,2024-03-13 10:00:00+00:00,30.097,29.697,29.796999,29.897,29.697,29.296999,29.6955,28,35,30,26,30,28,22
995,1,2024-03-13 11:00:00+00:00,30.747,30.447,30.296999,30.447,30.546999,30.046999,30.095499,23,29,27,22,23,26,23
996,1,2024-03-13 12:00:00+00:00,30.947,30.647,30.597,30.697,30.697,29.897,29.1955,21,30,26,20,22,25,28
997,1,2024-03-13 13:00:00+00:00,30.597,30.247,30.247,30.147,30.247,29.497,28.095499,21,28,24,21,24,27,34
998,1,2024-03-13 14:00:00+00:00,29.796999,29.497,29.347,29.046999,29.247,28.597,26.1455,21,23,23,25,29,32,42
999,1,2024-03-13 15:00:00+00:00,27.947,27.497,27.296999,27.397,27.847,27.247,24.095499,27,27,32,31,33,36,50
1000,1,2024-03-13 16:00:00+00:00,24.947,24.497,23.997,24.897,25.796999,25.197,21.7455,37,35,39,39,36,40,55
1001,1,2024-03-13 17:00:00+00:00,22.296999,21.847,20.947,21.897,23.296999,22.697,19.2955,48,46,50,49,39,44,58
1002,1,2024-03-13 18:00:00+00:00,21.697,20.597,19.747,20.097,21.247,20.647,17.8955,57,53,59,60,43,48,58
1003,1,2024-03-13 19:00:00+00:00,20.697,19.697,18.847,19.197,19.897,19.447,17.2955,63,62,65,63,50,52,60
1004,1,2024-03-13 20:00:00+00:00,19.747,19.097,18.447,18.997,18.947,18.647,17.4455,68,64,66,64,58,57,62
1005,1,2024-03-13 21:00:00+00:00,19.247,18.897,17.897,18.847,18.247,18.046999,17.4955,69,62,67,65,64,61,64
1006,1,2024-03-13 22:00:00+00:00,19.147,18.447,17.546999,18.647,17.947,17.546999,17.2455,70,65,68,66,66,64,67
1007,1,2024-03-13 23:00:00+00:00,18.847,18.296999,17.296999,18.546999,17.947,17.247,16.9455,71,70,68,66,67,67,70
1008,1,2024-03-14 00:00:00+00:00,17.796999,18.147,17.997,17.597,18.347,17.296999,18.3955,78,71,70,72,69,72,69
1009,1,2024-03-14 01:00:00+00:00,17.447,17.697,17.897,16.947,17.747,16.546999,18.2455,80,74,72,76,72,75,69
1010,1,2024-03-14 02:00:00+00:00,17.097,17.296999,17.546999,16.296999,17.097,15.847,17.845499,82,77,75,79,75,78,69
1011,1,2024-03-14 03:00:00+00:00,16.796999,16.947,17.296999,16.397,17.097,15.896999,17.9455,84,80,78,80,75,78,67
1012,1,2024-03-14 04:00:00+00:00,16.597,16.647,16.897,17.697,18.247,17.247,19.0455,85,83,81,78,72,75,64
1013,1,2024-03-14 05:00:00+00:00,18.497,18.497,18.597,19.747,20.097,19.347,20.6455,84,82,81,75,67,71,59
1014,1,2024-03-14 06:00:00+00:00,21.947,22.197,22.447,21.747,22.147,21.597,22.2955,70,70,67,69,61,64,57
1015,1,2024-03-14 07:00:00+00:00,24.546999,24.697,24.897,24.097,24.397,23.947,24.6955,59,61,58,61,53,54,49
1016,1,2024-03-14 08:00:00+00:00,26.697,26.697,27.046999,26.546999,26.847,26.397,27.1455,53,53,51,51,43,42,40
1017,1,2024-03-14 09:00:00+00:00,28.247,28.296999,28.897,28.546999,28.747,28.347,29.0455,48,46,44,43,35,32,33
1018,1,2024-03-14 10:00:00+00:00,29.397,29.497,30.147,29.796999,29.897,29.597,30.2955,43,41,38,37,31,27,27
1019,1,2024-03-14 11:00:00+00:00,29.847,30.397,30.947,30.546999,30.497,30.296999,31.0455,40,36,35,33,29,24,23
1020,1,2024-03-14 12:00:00+00:00,29.997,30.647,31.046999,30.897,30.997,31.197,30.8955,36,32,31,30,26,21,26
1021,1,2024-03-14 13:00:00+00:00,29.997,29.997,30.796999,30.597,30.546999,30.947,29.8955,34,30,29,30,27,22,31
1022,1,2024-03-14 14:00:00+00:00,29.247,29.296999,30.097,29.796999,29.497,30.147,28.095499,34,34,30,32,30,25,40
1023,1,2024-03-14 15:00:00+00:00,26.997,25.497,28.447,28.497,28.097,28.847,26.1955,47,56,40,36,34,30,48
1024,1,2024-03-14 16:00:00+00:00,23.447,23.046999,25.847,26.296999,26.046999,26.546999,24.095499,66,66,50,44,41,38,54
1025,1,2024-03-14 17:00:00+00:00,21.747,21.447,23.647,23.597,23.597,23.647,21.8955,77,77,57,54,49,48,60
1026,1,2024-03-14 18:00:00+00:00,20.897,21.197,22.747,21.847,21.747,21.546999,21.1955,81,82,66,60,55,56,60
1027,1,2024-03-14 19:00:00+00:00,20.697,20.546999,21.647,20.897,21.097,20.847,19.6455,83,84,72,63,59,58,62
1028,1,2024-03-14 20:00:00+00:00,20.447,20.097,21.247,20.497,21.046999,20.897,18.2455,84,86,71,65,61,58,63
1029,1,2024-03-14 21:00:00+00:00,19.997,19.546999,20.147,20.147,20.947,20.897,17.4955,83,87,71,66,62,58,64
1030,1,2024-03-14 22:00:00+00:00,18.997,18.747,19.397,19.697,20.647,20.546999,17.9455,86,89,71,69,62,61,64
1031,1,2024-03-14 23:00:00+00:00,17.897,18.147,19.046999,19.296999,20.347,20.097,18.9955,88,87,72,71,62,65,65
1032,1,2024-03-15 00:00:00+00:00,17.147,18.046999,18.197,18.847,19.497,19.097,17.845499,89,81,82,75,71,54,71
1033,1,2024-03-15 01:00:00+00:00,16.597,17.597,17.847,18.247,18.796999,18.197,17.845499,84,82,82,78,74,60,72
1034,1,2024-03-15 02:00:00+00:00,16.197,17.296999,17.597,17.597,17.997,17.347,17.8955,83,83,84,82,78,68,71
1035,1,2024-03-15 03:00:00+00:00,15.847,16.847,17.197,17.597,17.897,17.247,18.4455,84,82,85,83,79,72,69
1036,1,2024-03-15 04:00:00+00:00,15.597,16.447,16.747,18.597,18.897,18.447,19.6955,84,81,85,80,77,71,65
1037,1,2024-03-15 05:00:00+00:00,17.447,17.997,18.497,20.247,20.597,20.447,21.4455,81,80,82,74,74,67,59
1038,1,2024-03-15 06:00:00+00:00,21.097,21.597,21.897,22.046999,22.546999,22.546999,23.3955,67,65,65,66,68,61,51
1039,1,2024-03-15 07:00:00+00:00,24.097,24.147,24.647,24.447,24.747,24.796999,25.595499,54,55,55,57,59,54,43
1040,1,2024-03-15 08:00:00+00:00,26.247,26.347,27.147,27.097,27.197,27.147,27.9455,47,46,45,46,48,46,35
1041,1,2024-03-15 09:00:00+00:00,27.796999,28.147,28.997,29.197,29.147,28.997,29.7955,42,38,37,37,39,39,29
1042,1,2024-03-15 10:00:00+00:00,28.796999,29.397,30.247,30.497,30.397,30.197,30.9455,39,32,32,31,33,34,26
1043,1,2024-03-15 11:00:00+00:00,29.647,30.097,30.897,31.247,31.097,30.897,31.595499,34,29,28,28,30,29,25
1044,1,2024-03-15 12:00:00+00:00,29.897,30.347,30.847,31.397,31.296999,30.997,31.9955,33,26,30,24,24,28,24
1045,1,2024-03-15 13:00:00+00:00,29.647,29.897,30.397,30.997,30.997,30.697,30.6955,33,29,30,26,25,28,29
1046,1,2024-03-15 14:00:00+00:00,28.796999,29.097,29.597,29.997,30.097,29.947,28.4955,34,33,33,30,29,31,37
1047,1,2024-03-15 15:00:00+00:00,27.546999,27.897,28.247,28.647,28.747,28.697,26.4955,35,36,38,35,35,34,44
1048,1,2024-03-15 16:00:00+00:00,25.097,24.947,25.497,26.697,26.497,26.697,24.8955,40,45,45,40,43,39,47
1049,1,2024-03-15 17:00:00+00:00,23.097,22.897,23.647,24.347,23.697,24.247,23.4455,43,53,51,46,52,44,49
1050,1,2024-03-15 18:00:00+00:00,21.647,21.296999,22.347,22.796999,21.597,22.397,20.3955,48,57,53,48,59,49,48
1051,1,2024-03-15 19:00:00+00:00,20.997,20.847,21.546999,22.046999,20.796999,21.697,19.7955,51,53,53,51,60,52,53
1052,1,2024-03-15 20:00:00+00:00,20.597,20.847,20.697,21.796999,20.697,21.597,19.6955,51,51,56,53,59,53,59
1053,1,2024-03-15 21:00:00+00:00,20.147,20.397,20.296999,21.497,20.546999,21.347,19.4955,53,54,57,56,58,54,64
1054,1,2024-03-15 22:00:00+00:00,19.497,19.497,19.847,20.847,20.197,20.647,18.8955,57,60,59,59,60,55,68
1055,1,2024-03-15 23:00:00+00:00,18.997,19.046999,19.447,20.147,19.897,19.847,18.1955,61,63,61,63,63,55,71
1056,1,2024-03-16 00:00:00+00:00,18.147,18.647,18.546999,19.147,19.046999,19.647,17.595499,65,66,62,67,70,66,73
1057,1,2024-03-16 01:00:00+00:00,17.296999,18.247,17.697,18.296999,18.247,18.847,16.9455,69,68,65,70,74,68,74
1058,1,2024-03-16 02:00:00+00:00,16.597,17.497,16.796999,17.497,17.497,17.997,16.3955,73,71,68,72,77,70,73
1059,1,2024-03-16 03:00:00+00:00,16.047,16.847,16.147,17.397,17.447,17.847,16.6955,76,73,70,72,78,70,71
1060,1,2024-03-16 04:00:00+00:00,15.497,16.197,15.646999,18.347,18.546999,18.747,18.2955,78,76,73,70,76,69,66
1061,1,2024-03-16 05:00:00+00:00,17.397,17.796999,17.247,19.997,20.347,20.397,20.6455,77,77,75,67,71,66,59
1062,1,2024-03-16 06:00:00+00:00,21.247,21.447,20.847,21.847,22.397,22.296999,23.095499,61,59,62,60,64,61,52
1063,1,2024-03-16 07:00:00+00:00,24.046999,24.397,23.597,24.197,24.747,24.647,25.595499,49,45,53,51,54,52,43
1064,1,2024-03-16 08:00:00+00:00,26.447,26.897,26.197,26.796999,27.347,27.247,28.1955,43,38,47,41,42,41,33
1065,1,2024-03-16 09:00:00+00:00,28.497,28.997,28.347,28.947,29.447,29.347,30.1955,36,31,40,32,32,32,26
1066,1,2024-03-16 10:00:00+00:00,30.097,30.447,29.796999,30.247,30.747,30.647,31.3955,32,25,33,27,26,28,22
1067,1,2024-03-16 11:00:00+00:00,30.897,31.197,30.597,31.046999,31.546999,31.447,31.9455,29,21,28,24,23,26,19
1068,1,2024-03-16 12:00:00+00:00,30.747,31.347,31.046999,31.497,31.697,31.597,32.195503,27,18,25,23,22,24,22
1069,1,2024-03-16 13:00:00+00:00,30.747,30.947,31.046999,31.597,31.597,31.447,31.4455,25,19,22,22,22,25,24
1070,1,2024-03-16 14:00:00+00:00,30.197,30.147,30.347,31.197,30.997,30.796999,29.9955,21,20,20,21,25,27,27
1071,1,2024-03-16 15:00:00+00:00,28.147,28.397,28.497,30.097,29.647,29.597,28.2955,27,25,27,24,28,31,31
1072,1,2024-03-16 16:00:00+00:00,24.147,25.147,25.197,27.647,26.997,27.397,26.2455,35,32,37,31,32,35,35
1073,1,2024-03-16 17:00:00+00:00,21.097,22.147,22.847,24.447,23.597,24.647,23.9455,42,40,43,41,38,41,40
1074,1,2024-03-16 18:00:00+00:00,20.647,20.447,20.847,21.147,20.897,22.497,22.4955,48,49,50,52,43,46,52
1075,1,2024-03-16 19:00:00+00:00,19.546999,19.247,20.046999,20.197,19.647,21.597,20.9455,58,57,56,54,49,51,55
1076,1,2024-03-16 20:00:00+00:00,18.796999,19.097,19.796999,19.947,19.097,21.296999,19.5455,65,58,57,53,55,55,57
1077,1,2024-03-16 21:00:00+00:00,18.447,18.597,19.046999,19.697,18.697,20.997,18.7955,66,58,58,54,60,59,58
1078,1,2024-03-16 22:00:00+00:00,18.197,18.097,18.397,19.097,18.247,20.497,19.2455,64,60,61,57,63,62,56
1079,1,2024-03-16 23:00:00+00:00,17.897,17.397,17.697,18.397,17.897,19.997,20.2955,63,63,65,61,66,64,53
1080,1,2024-03-17 00:00:00+00:00,17.097,16.197,15.797,17.597,17.546999,18.897,17.4955,66,68,69,65,66,69,64
1081,1,2024-03-17 01:00:00+00:00,16.497,15.497,15.047,16.546999,16.947,17.997,17.0455,71,73,73,71,69,73,66
1082,1,2024-03-17 02:00:00+00:00,15.747,14.797,14.347,15.447,16.296999,16.997,16.9455,77,78,77,78,74,78,65
1083,1,2024-03-17 03:00:00+00:00,14.697,14.247,14.047,15.297,16.347,16.847,17.595499,84,81,79,81,76,79,62
1084,1,2024-03-17 04:00:00+00:00,13.947,13.947,13.896999,16.647,17.497,18.097,19.2455,89,84,81,80,76,77,58
1085,1,2024-03-17 05:00:00+00:00,16.247,16.397,16.296999,18.897,19.397,20.247,21.5455,87,81,80,75,73,71,51
1086,1,2024-03-17 06:00:00+00:00,20.796999,21.097,20.747,20.897,21.597,22.546999,23.1955,71,68,68,67,68,64,47
1087,1,2024-03-17 07:00:00+00:00,23.796999,24.197,23.897,23.497,24.247,25.046999,25.6455,62,58,58,60,58,53,38
1088,1,2024-03-17 08:00:00+00:00,26.347,26.796999,26.397,26.147,27.197,27.697,28.0455,55,51,52,52,46,39,29
1089,1,2024-03-17 09:00:00+00:00,28.347,29.046999,28.597,28.347,29.497,29.847,29.8955,46,40,43,44,36,29,22
1090,1,2024-03-17 10:00:00+00:00,29.747,30.447,30.147,29.847,30.847,31.147,31.1455,35,29,33,36,29,24,18
1091,1,2024-03-17 11:00:00+00:00,30.296999,31.097,31.097,30.796999,31.597,31.947,31.8955,30,25,27,29,25,21,17
1092,1,2024-03-17 12:00:00+00:00,30.497,30.997,31.447,30.997,31.947,32.097,31.8955,26,26,23,29,24,21,19
1093,1,2024-03-17 13:00:00+00:00,30.447,30.897,31.397,30.997,31.897,31.897,30.7955,26,25,22,26,24,22,24
1094,1,2024-03-17 14:00:00+00:00,30.046999,30.497,30.997,30.546999,31.347,31.147,28.9955,27,27,24,25,25,25,32
1095,1,2024-03-17 15:00:00+00:00,28.847,29.747,30.046999,29.247,30.046999,29.847,27.095499,31,28,25,26,27,29,38
1096,1,2024-03-17 16:00:00+00:00,24.897,27.546999,26.997,26.447,27.347,27.497,25.095499,51,38,42,33,31,32,42
1097,1,2024-03-17 17:00:00+00:00,22.497,22.747,23.247,22.796999,23.947,24.597,22.9955,69,45,46,43,36,36,44
1098,1,2024-03-17 18:00:00+00:00,20.897,21.847,21.197,20.796999,21.347,22.197,20.8955,72,59,49,43,41,40,54
1099,1,2024-03-17 19:00:00+00:00,19.147,21.347,19.897,19.597,20.447,20.897,20.345499,79,59,58,49,47,46,54
1100,1,2024-03-17 20:00:00+00:00,18.546999,19.097,18.647,19.197,20.397,20.097,20.4455,76,65,56,54,53,53,52
1101,1,2024-03-17 21:00:00+00:00,18.897,18.147,17.997,18.796999,20.347,19.597,20.1955,64,62,57,59,58,59,52
1102,1,2024-03-17 22:00:00+00:00,17.897,17.197,17.447,18.197,19.947,19.347,18.9955,71,65,65,64,62,63,58
1103,1,2024-03-17 23:00:00+00:00,16.647,16.747,17.147,17.647,19.546999,19.296999,17.4955,81,72,74,68,66,66,66
1104,1,2024-03-18 00:00:00+00:00,15.597,17.147,16.097,17.247,18.447,19.347,18.1955,87,78,83,77,68,68,66
1105,1,2024-03-18 01:00:00+00:00,15.247,16.947,16.097,16.697,17.546999,18.597,17.345499,88,80,85,80,72,72,70
1106,1,2024-03-18 02:00:00+00:00,14.997,16.597,15.947,16.097,16.747,17.747,16.0455,89,83,86,82,76,76,75
1107,1,2024-03-18 03:00:00+00:00,14.847,16.296999,15.747,16.247,16.697,17.647,15.8955,89,84,87,82,77,78,75
1108,1,2024-03-18 04:00:00+00:00,14.797,16.147,15.597,17.447,17.897,18.697,17.7455,90,86,87,80,75,76,68
1109,1,2024-03-18 05:00:00+00:00,17.247,18.296999,18.046999,19.397,19.847,20.497,20.6955,87,83,82,77,71,72,57
1110,1,2024-03-18 06:00:00+00:00,21.597,22.046999,22.097,21.897,22.046999,22.546999,23.1955,75,68,70,69,65,65,50
1111,1,2024-03-18 07:00:00+00:00,24.097,24.697,24.897,24.447,24.597,24.997,25.6455,64,60,59,60,57,54,42
1112,1,2024-03-18 08:00:00+00:00,26.347,27.097,27.397,27.147,27.347,27.647,27.9955,56,52,51,49,47,41,34
1113,1,2024-03-18 09:00:00+00:00,28.046999,28.897,29.247,29.347,29.546999,29.796999,29.7955,51,45,45,40,38,31,28
1114,1,2024-03-18 10:00:00+00:00,29.397,30.147,30.546999,30.796999,30.947,31.097,30.8955,44,40,37,32,32,26,24
1115,1,2024-03-18 11:00:00+00:00,29.997,30.947,31.497,31.697,31.747,31.796999,31.4455,38,34,29,25,28,24,23
1116,1,2024-03-18 12:00:00+00:00,30.097,30.947,31.796999,32.447002,32.047,32.297,31.2955,38,32,22,20,20,22,23
1117,1,2024-03-18 13:00:00+00:00,30.247,30.847,31.597,32.347,31.997,32.197002,30.2955,36,31,22,19,19,21,28
1118,1,2024-03-18 14:00:00+00:00,29.847,30.447,30.947,31.697,31.497,31.597,28.595499,34,32,24,21,21,23,35
1119,1,2024-03-18 15:00:00+00:00,28.497,29.447,29.697,30.347,30.247,30.347,26.7955,41,34,30,26,25,26,40
1120,1,2024-03-18 16:00:00+00:00,25.796999,26.296999,25.947,27.847,27.697,27.947,24.9455,49,47,42,34,30,33,42
1121,1,2024-03-18 17:00:00+00:00,24.046999,23.347,22.897,24.697,24.397,24.847,22.9455,52,53,47,44,37,43,42
1122,1,2024-03-18 18:00:00+00:00,22.847,22.046999,22.397,22.546999,21.697,22.497,22.4955,64,54,55,49,44,51,39
1123,1,2024-03-18 19:00:00+00:00,21.497,21.247,21.546999,21.197,20.247,21.546999,20.7455,66,60,63,54,50,54,44
1124,1,2024-03-18 20:00:00+00:00,20.247,20.697,21.147,20.397,19.397,21.296999,18.9955,71,64,63,59,56,56,51
1125,1,2024-03-18 21:00:00+00:00,19.447,19.847,19.497,19.847,18.747,21.097,17.595499,73,67,67,63,62,57,57
1126,1,2024-03-18 22:00:00+00:00,19.046999,19.397,18.747,19.597,18.197,20.796999,16.7955,76,68,70,66,68,59,61
1127,1,2024-03-18 23:00:00+00:00,18.447,18.847,18.347,19.546999,17.796999,20.546999,16.3955,81,72,72,68,73,62,64
1128,1,2024-03-19 00:00:00+00:00,17.347,15.847,16.647,19.097,17.947,19.647,18.7955,86,91,81,67,75,67,65
1129,1,2024-03-19 01:00:00+00:00,16.947,15.447,16.097,18.197,17.397,18.747,18.2955,89,89,85,71,79,71,68
1130,1,2024-03-19 02:00:00+00:00,16.647,15.347,15.847,16.997,16.897,17.747,17.595499,91,88,88,76,82,75,71
1131,1,2024-03-19 03:00:00+00:00,16.497,15.247,15.597,16.747,17.147,17.546999,17.6455,91,90,90,79,83,77,71
1132,1,2024-03-19 04:00:00+00:00,16.447,15.146999,15.347,18.046999,18.546999,18.697,18.9955,91,93,91,78,80,75,67
1133,1,2024-03-19 05:00:00+00:00,18.847,17.697,17.997,20.296999,20.747,20.697,21.1455,85,89,86,73,74,69,60
1134,1,2024-03-19 06:00:00+00:00,22.347,22.197,22.097,22.597,22.997,22.847,23.3955,71,73,71,66,67,63,52
1135,1,2024-03-19 07:00:00+00:00,24.796999,24.647,25.046999,24.947,25.397,25.247,25.845499,60,62,61,59,58,55,44
1136,1,2024-03-19 08:00:00+00:00,26.947,26.697,27.197,27.397,27.947,27.847,28.3955,53,54,53,51,47,46,36
1137,1,2024-03-19 09:00:00+00:00,28.796999,28.296999,28.747,29.296999,29.897,29.897,30.3955,47,48,47,44,39,38,29
1138,1,2024-03-19 10:00:00+00:00,30.296999,29.497,29.647,30.497,31.046999,31.197,31.595499,40,41,41,39,34,33,25
1139,1,2024-03-19 11:00:00+00:00,31.147,30.447,30.546999,31.247,31.647,31.947,32.245502,35,37,38,35,31,29,23
1140,1,2024-03-19 12:00:00+00:00,30.997,30.397,30.597,31.497,31.447,31.796999,32.195503,34,37,36,33,31,28,23
1141,1,2024-03-19 13:00:00+00:00,30.847,30.397,30.747,31.347,31.296999,31.747,31.2955,35,38,37,32,31,28,26
1142,1,2024-03-19 14:00:00+00:00,29.347,29.497,30.296999,30.697,30.796999,31.247,29.7455,38,39,37,33,33,29,32
1143,1,2024-03-19 15:00:00+00:00,27.147,25.747,29.497,29.497,29.697,30.197,27.7955,48,55,39,35,36,32,38
1144,1,2024-03-19 16:00:00+00:00,22.796999,22.497,26.847,27.447,27.697,28.147,25.345499,72,74,52,40,41,36,43
1145,1,2024-03-19 17:00:00+00:00,21.897,21.197,23.546999,24.847,25.097,25.497,22.4955,77,82,66,48,46,41,47
1146,1,2024-03-19 18:00:00+00:00,21.697,21.497,21.647,22.347,22.897,23.197,22.1955,74,85,77,55,52,46,48
1147,1,2024-03-19 19:00:00+00:00,20.447,20.997,21.247,20.897,21.347,21.497,20.6455,79,86,79,60,57,51,53
1148,1,2024-03-19 20:00:00+00:00,20.046999,20.147,20.197,19.947,20.197,20.097,19.345499,82,88,86,65,62,56,59
1149,1,2024-03-19 21:00:00+00:00,19.697,19.447,19.546999,19.247,19.247,19.046999,18.4955,84,88,88,68,66,61,63
1150,1,2024-03-19 22:00:00+00:00,18.847,18.897,19.097,18.847,18.546999,18.447,18.4455,86,82,89,70,68,64,65
1151,1,2024-03-19 23:00:00+00:00,18.397,18.197,18.497,18.697,18.147,18.247,18.8955,84,80,85,72,69,67,65
1152,1,2024-03-20 00:00:00+00:00,18.847,17.397,17.747,18.347,17.997,18.147,19.9955,80,83,86,73,74,71,63
1153,1,2024-03-20 01:00:00+00:00,18.247,17.197,17.397,17.546999,17.247,17.546999,19.1455,82,82,86,76,80,75,68
1154,1,2024-03-20 02:00:00+00:00,17.747,16.897,17.046999,16.847,16.546999,16.947,17.9455,84,83,87,78,88,78,75
1155,1,2024-03-20 03:00:00+00:00,17.147,16.546999,16.747,16.997,16.697,17.097,17.595499,86,86,89,79,91,79,78
1156,1,2024-03-20 04:00:00+00:00,16.747,16.296999,16.546999,18.546999,18.296999,18.497,18.8955,89,89,90,76,86,76,73
1157,1,2024-03-20 05:00:00+00:00,18.897,18.697,18.997,20.897,20.747,20.647,21.095499,85,85,86,72,77,71,65
1158,1,2024-03-20 06:00:00+00:00,22.847,22.597,22.747,22.697,23.197,22.947,23.9955,67,71,71,71,67,64,54
1159,1,2024-03-20 07:00:00+00:00,25.447,24.947,25.097,24.997,25.497,25.447,26.4455,55,58,58,63,58,53,45
1160,1,2024-03-20 08:00:00+00:00,27.296999,26.697,26.847,27.247,27.747,28.147,28.9955,46,52,51,53,49,39,36
1161,1,2024-03-20 09:00:00+00:00,28.997,28.296999,28.447,29.046999,29.647,30.247,30.9955,39,46,45,45,41,29,29
1162,1,2024-03-20 10:00:00+00:00,30.347,29.397,29.597,30.296999,31.046999,31.546999,32.2955,32,42,40,38,35,24,24
1163,1,2024-03-20 11:00:00+00:00,31.046999,30.397,30.296999,31.147,32.047,32.297,33.0955,28,37,35,31,29,22,21
1164,1,2024-03-20 12:00:00+00:00,31.747,30.847,30.697,31.397,32.197002,32.397003,33.0955,23,30,32,28,27,22,20
1165,1,2024-03-20 13:00:00+00:00,31.397,30.647,30.497,31.197,31.997,32.197002,32.3455,26,28,30,27,25,21,22
1166,1,2024-03-20 14:00:00+00:00,28.947,29.897,29.847,30.447,31.296999,31.546999,30.8955,35,29,30,28,26,23,27
1167,1,2024-03-20 15:00:00+00:00,27.897,28.597,28.447,29.097,29.947,30.247,29.095499,39,34,35,32,28,26,32
1168,1,2024-03-20 16:00:00+00:00,26.097,25.546999,25.197,26.796999,27.546999,27.847,26.595499,44,44,45,40,34,33,39
1169,1,2024-03-20 17:00:00+00:00,23.747,23.497,23.147,23.897,24.497,24.847,23.6955,52,51,53,50,43,43,46
1170,1,2024-03-20 18:00:00+00:00,22.647,21.796999,22.046999,22.046999,22.097,22.397,22.1955,56,60,57,59,50,51,49
1171,1,2024-03-20 19:00:00+00:00,21.747,20.796999,21.046999,20.947,20.997,20.947,20.6455,52,66,61,61,55,55,54
1172,1,2024-03-20 20:00:00+00:00,21.147,20.546999,20.147,20.347,20.546999,20.097,19.4955,52,62,59,61,58,57,58
1173,1,2024-03-20 21:00:00+00:00,20.747,20.597,19.647,19.897,20.147,19.597,18.595499,55,59,59,61,61,59,62
1174,1,2024-03-20 22:00:00+00:00,20.296999,20.097,19.897,19.697,19.697,19.597,17.8955,63,63,64,63,65,60,67
1175,1,2024-03-20 23:00:00+00:00,19.546999,19.796999,20.046999,19.647,19.296999,19.897,17.4955,70,64,63,65,68,61,71
1176,1,2024-03-21 00:00:00+00:00,18.247,18.796999,19.597,19.647,19.546999,18.747,16.9955,74,69,68,64,63,70,80
1177,1,2024-03-21 01:00:00+00:00,17.796999,17.796999,18.697,18.796999,18.647,18.046999,16.2455,79,74,73,68,67,73,84
1178,1,2024-03-21 02:00:00+00:00,17.046999,16.947,17.897,17.647,17.497,17.247,15.8955,86,79,78,72,72,77,87
1179,1,2024-03-21 03:00:00+00:00,16.597,16.347,17.296999,17.347,17.247,17.197,16.4455,89,83,82,75,74,78,85
1180,1,2024-03-21 04:00:00+00:00,16.347,15.896999,16.897,18.397,18.447,18.347,18.345499,89,87,85,74,72,76,77
1181,1,2024-03-21 05:00:00+00:00,18.796999,18.046999,19.046999,20.247,20.546999,20.296999,21.1955,83,85,83,71,67,72,66
1182,1,2024-03-21 06:00:00+00:00,22.747,22.147,22.296999,22.347,22.747,22.447,23.595499,67,70,70,68,62,66,52
1183,1,2024-03-21 07:00:00+00:00,25.447,24.897,24.947,24.597,25.097,24.947,25.9955,54,58,59,60,56,58,44
1184,1,2024-03-21 08:00:00+00:00,27.397,27.097,27.147,26.997,27.597,27.697,28.345499,48,48,50,52,48,48,36
1185,1,2024-03-21 09:00:00+00:00,28.997,28.747,28.897,28.847,29.597,29.897,30.1955,42,43,44,44,42,40,30
1186,1,2024-03-21 10:00:00+00:00,30.247,30.097,30.097,29.997,30.796999,31.247,31.7455,38,38,38,39,37,35,25
1187,1,2024-03-21 11:00:00+00:00,30.897,30.947,31.046999,30.647,31.497,32.047,32.7955,35,35,33,34,32,31,22
1188,1,2024-03-21 12:00:00+00:00,30.847,31.546999,31.147,30.997,31.747,32.147,33.5955,32,29,28,30,30,28,23
1189,1,2024-03-21 13:00:00+00:00,30.597,31.397,31.046999,30.897,31.647,32.047,30.7455,33,27,26,28,28,27,32
1190,1,2024-03-21 14:00:00+00:00,29.947,30.897,30.397,30.296999,31.097,31.546999,26.2455,32,27,26,28,26,27,45
1191,1,2024-03-21 15:00:00+00:00,28.847,29.947,29.197,29.046999,29.847,30.447,22.595499,36,27,29,31,28,29,57
1192,1,2024-03-21 16:00:00+00:00,26.447,26.296999,25.647,26.647,27.497,28.447,20.7455,42,37,40,38,35,34,65
1193,1,2024-03-21 17:00:00+00:00,24.247,23.447,22.897,23.647,24.497,25.847,19.7455,50,40,46,48,45,40,71
1194,1,2024-03-21 18:00:00+00:00,22.296999,22.347,22.147,22.347,21.947,23.397,19.1955,63,48,56,57,54,46,78
1195,1,2024-03-21 19:00:00+00:00,21.147,21.197,21.697,20.997,20.296999,21.296999,18.7455,70,56,61,62,60,51,82
1196,1,2024-03-21 20:00:00+00:00,20.397,20.296999,20.947,20.147,19.147,19.397,18.3955,73,64,67,67,65,55,85
1197,1,2024-03-21 21:00:00+00:00,19.897,18.947,19.796999,19.347,18.247,17.847,18.095499,74,72,71,70,68,60,88
1198,1,2024-03-21 22:00:00+00:00,19.497,18.097,18.597,18.546999,17.697,16.897,17.7955,74,74,73,72,70,66,90
1199,1,2024-03-21 23:00:00+00:00,19.097,17.497,17.647,17.847,17.447,16.296999,17.4455,76,75,72,74,70,72,91
1200,1,2024-03-22 00:00:00+00:00,18.997,17.397,17.847,16.497,17.197,16.897,15.5955,78,76,84,87,71,84,94
1201,1,2024-03-22 01:00:00+00:00,18.347,16.247,17.247,15.697,16.147,16.097,15.6455,82,82,84,90,77,88,93
1202,1,2024-03-22 02:00:00+00:00,17.597,15.597,16.197,15.047,15.097,15.297,15.8955,85,87,85,92,85,90,92
1203,1,2024-03-22 03:00:00+00:00,16.947,15.697,15.347,15.197,15.097,15.497,16.6955,88,86,87,92,89,90,88
1204,1,2024-03-22 04:00:00+00:00,16.597,15.797,14.997,16.647,16.796999,17.197,18.1455,89,85,88,88,86,85,81
1205,1,2024-03-22 05:00:00+00:00,19.197,18.597,17.697,18.947,19.546999,19.897,20.1455,82,79,83,81,79,77,72
1206,1,2024-03-22 06:00:00+00:00,22.247,22.796999,22.697,21.296999,22.296999,22.546999,22.4955,71,65,67,72,71,68,61
1207,1,2024-03-22 07:00:00+00:00,25.097,25.597,25.597,23.997,24.847,25.097,25.3955,59,55,56,64,63,59,50
1208,1,2024-03-22 08:00:00+00:00,27.397,28.046999,28.046999,26.796999,27.397,27.697,28.4455,50,47,48,55,54,50,39
1209,1,2024-03-22 09:00:00+00:00,29.197,29.796999,29.796999,28.947,29.397,29.697,30.4955,44,41,41,47,46,42,32
1210,1,2024-03-22 10:00:00+00:00,30.497,30.597,30.997,30.197,30.697,30.897,31.1455,39,38,35,41,39,37,29
1211,1,2024-03-22 11:00:00+00:00,31.046999,31.247,31.647,30.847,31.497,31.546999,30.7955,35,35,32,35,34,33,29
1212,1,2024-03-22 12:00:00+00:00,31.697,31.597,31.796999,31.197,30.947,32.547,31.595499,32,34,29,31,32,26,29
1213,1,2024-03-22 13:00:00+00:00,31.796999,31.497,31.597,31.197,30.947,32.447002,28.2455,30,33,29,29,30,25,44
1214,1,2024-03-22 14:00:00+00:00,31.447,30.897,30.997,30.796999,30.497,31.847,23.345499,31,34,31,28,30,25,65
1215,1,2024-03-22 15:00:00+00:00,30.447,29.997,30.147,29.847,29.597,30.546999,19.595499,32,35,31,31,33,28,81
1216,1,2024-03-22 16:00:00+00:00,27.497,26.997,26.997,27.947,27.897,27.947,18.2955,40,43,45,39,41,34,87
1217,1,2024-03-22 17:00:00+00:00,25.147,24.697,24.197,25.497,25.647,24.647,18.1455,49,52,62,50,52,42,89
1218,1,2024-03-22 18:00:00+00:00,22.147,22.897,24.097,23.347,23.647,21.847,18.2955,60,68,53,60,62,50,89
1219,1,2024-03-22 19:00:00+00:00,21.097,22.147,22.747,22.147,22.147,20.197,18.2955,63,75,67,65,69,55,89
1220,1,2024-03-22 20:00:00+00:00,19.296999,21.197,22.347,21.347,20.847,19.097,18.3955,69,80,72,69,74,60,89
1221,1,2024-03-22 21:00:00+00:00,19.147,20.497,21.847,20.397,19.796999,18.097,18.3955,72,83,73,73,78,65,89
1222,1,2024-03-22 22:00:00+00:00,18.847,20.197,20.497,19.097,18.997,16.997,18.345499,77,86,78,77,81,72,89
1223,1,2024-03-22 23:00:00+00:00,18.197,19.647,18.997,17.647,18.447,16.047,18.2455,82,88,83,82,82,79,89
1224,1,2024-03-23 00:00:00+00:00,16.747,19.647,19.147,18.597,17.947,16.947,17.9955,81,83,83,93,89,71,91
1225,1,2024-03-23 01:00:00+00:00,16.147,19.147,17.597,17.447,16.747,15.997,17.9455,84,89,87,95,91,77,91
1226,1,2024-03-23 02:00:00+00:00,15.297,18.997,16.047,16.347,15.646999,15.047,17.7955,89,91,89,96,91,86,91
1227,1,2024-03-23 03:00:00+00:00,14.547,18.897,14.997,16.147,15.447,14.997,17.7955,94,92,89,93,90,90,91
1228,1,2024-03-23 04:00:00+00:00,14.047,18.546999,14.347,17.397,16.897,16.347,17.845499,97,94,88,86,85,87,91
1229,1,2024-03-23 05:00:00+00:00,16.947,19.647,16.997,19.497,19.296999,18.597,18.0455,90,91,84,75,78,80,91
1230,1,2024-03-23 06:00:00+00:00,21.247,21.497,21.997,21.796999,21.697,20.947,20.8955,71,73,69,63,71,73,76
1231,1,2024-03-23 07:00:00+00:00,23.796999,23.597,24.397,24.046999,23.947,23.347,23.3955,63,65,59,56,63,66,66
1232,1,2024-03-23 08:00:00+00:00,25.897,25.397,26.546999,26.296999,26.197,25.847,26.3955,58,56,53,50,55,59,53
1233,1,2024-03-23 09:00:00+00:00,27.847,27.296999,28.247,28.097,28.046999,27.947,28.345499,50,50,46,45,48,52,45
1234,1,2024-03-23 10:00:00+00:00,29.247,28.597,29.447,29.397,29.397,29.497,28.7955,44,44,42,41,43,45,42
1235,1,2024-03-23 11:00:00+00:00,29.697,29.546999,30.447,30.296999,30.347,30.597,28.1955,40,41,39,37,39,39,44
1236,1,2024-03-23 12:00:00+00:00,29.747,29.347,29.796999,30.897,30.897,30.597,23.095499,37,41,42,36,35,37,63
1237,1,2024-03-23 13:00:00+00:00,28.847,29.397,29.247,30.546999,31.046999,29.747,21.095499,41,40,41,38,32,41,74
1238,1,2024-03-23 14:00:00+00:00,25.296999,27.296999,24.847,29.546999,30.747,28.147,19.095499,63,46,67,42,30,48,87
1239,1,2024-03-23 15:00:00+00:00,21.247,23.046999,23.147,28.097,29.697,26.497,17.595499,79,75,76,48,33,56,96
1240,1,2024-03-23 16:00:00+00:00,20.147,21.897,22.296999,25.947,27.347,24.997,16.7955,86,82,81,58,45,64,98
1241,1,2024-03-23 17:00:00+00:00,19.997,21.097,21.296999,23.397,24.296999,23.497,16.4455,89,88,84,70,62,72,96
1242,1,2024-03-23 18:00:00+00:00,19.697,20.296999,21.097,22.097,21.947,22.247,16.1955,91,85,87,73,75,79,95
1243,1,2024-03-23 19:00:00+00:00,19.546999,20.247,20.647,21.097,20.947,21.397,16.345499,92,86,89,79,81,84,95
1244,1,2024-03-23 20:00:00+00:00,19.397,19.747,20.447,20.546999,20.647,20.847,16.6955,92,90,89,83,85,87,96
1245,1,2024-03-23 21:00:00+00:00,19.147,19.546999,19.997,20.097,20.397,20.347,16.8955,94,90,92,86,87,89,96
1246,1,2024-03-23 22:00:00+00:00,18.897,19.447,19.847,19.647,20.097,19.947,16.7455,95,91,92,89,89,90,96
1247,1,2024-03-23 23:00:00+00:00,18.847,18.897,19.397,19.247,19.947,19.697,16.4955,95,94,94,91,91,90,96
1248,1,2024-03-24 00:00:00+00:00,18.347,19.097,18.997,19.597,19.497,19.747,18.2955,94,94,95,93,91,93,86
1249,1,2024-03-24 01:00:00+00:00,18.147,18.947,18.747,19.247,19.097,19.247,18.0455,95,94,96,95,92,95,87
1250,1,2024-03-24 02:00:00+00:00,18.147,18.847,18.597,18.847,18.647,18.647,17.5455,96,93,96,96,94,96,90
1251,1,2024-03-24 03:00:00+00:00,18.097,18.747,18.197,18.847,18.597,18.546999,17.4955,96,94,97,96,95,96,91
1252,1,2024-03-24 04:00:00+00:00,17.897,18.796999,17.947,19.296999,19.046999,19.197,18.2455,97,94,98,94,94,93,88
1253,1,2024-03-24 05:00:00+00:00,18.796999,19.296999,18.847,20.097,19.897,20.347,19.3955,94,94,97,90,92,87,83
1254,1,2024-03-24 06:00:00+00:00,19.947,20.647,21.597,21.296999,21.097,21.697,20.7955,82,90,86,84,87,81,77
1255,1,2024-03-24 07:00:00+00:00,21.497,21.697,23.497,22.847,22.847,23.347,22.1955,78,85,72,76,77,73,72
1256,1,2024-03-24 08:00:00+00:00,23.397,22.847,24.897,24.697,24.997,25.247,23.595499,72,82,65,67,65,63,66
1257,1,2024-03-24 09:00:00+00:00,24.947,24.197,26.247,26.247,26.597,26.847,24.7955,68,75,59,59,56,55,61
1258,1,2024-03-24 10:00:00+00:00,25.997,25.247,27.647,27.497,27.397,28.197,25.9955,63,70,52,52,53,49,56
1259,1,2024-03-24 11:00:00+00:00,26.747,26.347,28.447,28.546999,27.697,29.247,26.9955,59,65,48,47,54,44,51
1260,1,2024-03-24 12:00:00+00:00,24.897,27.097,29.347,29.247,29.046999,29.947,27.7955,68,62,41,43,44,42,39
1261,1,2024-03-24 13:00:00+00:00,25.097,26.497,29.147,29.296999,28.747,29.697,25.2955,66,63,42,41,45,42,52
1262,1,2024-03-24 14:00:00+00:00,24.546999,25.046999,28.097,28.897,27.847,28.897,21.8955,66,69,45,42,49,45,71
1263,1,2024-03-24 15:00:00+00:00,24.097,24.097,27.097,28.046999,26.647,27.697,19.2955,66,74,50,45,55,50,86
1264,1,2024-03-24 16:00:00+00:00,23.147,22.796999,23.847,26.397,25.046999,25.997,18.345499,73,81,66,54,64,59,92
1265,1,2024-03-24 17:00:00+00:00,22.347,21.947,22.247,24.247,23.147,23.897,18.1955,79,85,78,66,74,70,94
1266,1,2024-03-24 18:00:00+00:00,21.247,20.796999,20.897,22.747,21.597,22.247,15.7955,79,91,89,71,83,79,97
1267,1,2024-03-24 19:00:00+00:00,20.747,20.296999,20.397,21.847,20.747,21.447,15.695499,81,94,90,77,88,83,97
1268,1,2024-03-24 20:00:00+00:00,20.097,19.747,19.947,21.296999,20.247,21.046999,15.8455,85,93,92,83,91,85,96
1269,1,2024-03-24 21:00:00+00:00,19.947,19.597,19.796999,20.847,19.847,20.697,15.9955,86,92,92,87,93,87,96
1270,1,2024-03-24 22:00:00+00:00,19.796999,19.447,19.147,20.397,19.546999,20.296999,16.1455,87,92,94,89,94,89,95
1271,1,2024-03-24 23:00:00+00:00,19.546999,19.197,18.847,19.997,19.397,19.947,16.2455,89,93,95,91,94,91,95
1272,1,2024-03-25 00:00:00+00:00,18.697,18.897,18.497,19.597,19.347,19.546999,16.4955,96,94,96,92,92,94,92
1273,1,2024-03-25 01:00:00+00:00,18.397,18.847,18.447,19.197,18.847,19.097,16.345499,97,94,96,94,94,96,92
1274,1,2024-03-25 02:00:00+00:00,18.197,18.747,18.397,18.847,18.347,18.697,16.1955,96,95,95,96,95,99,93
1275,1,2024-03-25 03:00:00+00:00,17.997,18.597,18.347,18.947,18.296999,18.647,16.4955,95,96,96,95,95,99,92
1276,1,2024-03-25 04:00:00+00:00,17.897,18.546999,18.296999,19.647,19.046999,19.147,17.5455,93,96,96,91,93,96,88
1277,1,2024-03-25 05:00:00+00:00,18.947,19.046999,19.247,20.747,20.247,20.046999,19.0455,87,95,95,85,89,92,83
1278,1,2024-03-25 06:00:00+00:00,21.046999,20.197,20.747,21.347,21.697,21.197,19.595499,83,90,88,85,83,86,83
1279,1,2024-03-25 07:00:00+00:00,22.997,21.296999,21.897,22.796999,23.497,22.796999,21.4455,74,83,83,78,74,78,76
1280,1,2024-03-25 08:00:00+00:00,24.647,23.147,23.147,24.397,25.497,24.647,23.595499,65,76,79,71,63,68,68
1281,1,2024-03-25 09:00:00+00:00,25.997,24.747,24.647,25.447,27.097,26.296999,25.3955,59,70,74,66,54,60,61
1282,1,2024-03-25 10:00:00+00:00,26.747,25.747,25.796999,25.597,28.046999,27.597,26.8955,57,65,68,67,50,54,53
1283,1,2024-03-25 11:00:00+00:00,26.897,26.046999,26.046999,25.247,28.597,28.647,28.0455,58,63,65,71,48,49,46
1284,1,2024-03-25 12:00:00+00:00,27.397,27.296999,26.697,26.397,28.447,28.046999,26.095499,51,54,61,65,50,54,54
1285,1,2024-03-25 13:00:00+00:00,27.247,26.497,26.046999,25.296999,27.597,27.597,25.3955,51,61,64,69,55,56,57
1286,1,2024-03-25 14:00:00+00:00,24.796999,23.947,25.097,23.697,26.097,26.597,24.7955,62,73,68,75,62,60,60
1287,1,2024-03-25 15:00:00+00:00,23.097,23.147,24.497,22.296999,24.747,25.397,23.6955,74,75,70,80,69,65,65
1288,1,2024-03-25 16:00:00+00:00,22.546999,21.997,23.097,21.397,23.697,23.897,21.4955,79,80,77,84,75,71,75
1289,1,2024-03-25 17:00:00+00:00,21.447,21.247,21.897,20.796999,22.796999,22.147,18.845499,84,84,82,87,80,77,88
1290,1,2024-03-25 18:00:00+00:00,20.097,21.347,20.796999,21.647,21.947,20.796999,17.3955,87,82,87,86,84,83,98
1291,1,2024-03-25 19:00:00+00:00,19.147,20.296999,19.546999,20.947,21.247,20.046999,16.6955,93,89,94,90,87,87,100
1292,1,2024-03-25 20:00:00+00:00,18.247,19.046999,19.097,20.296999,20.647,19.697,16.3955,97,95,96,93,90,89,99
1293,1,2024-03-25 21:00:00+00:00,17.947,18.447,18.647,19.697,20.097,19.397,16.1955,97,95,96,95,92,91,98
1294,1,2024-03-25 22:00:00+00:00,17.947,17.997,18.397,19.147,19.597,19.097,16.0455,95,95,95,96,94,93,97
1295,1,2024-03-25 23:00:00+00:00,17.796999,17.546999,18.097,18.697,19.097,18.897,15.9955,93,95,94,97,96,94,97
1296,1,2024-03-26 00:00:00+00:00,16.546999,17.347,18.647,18.497,18.397,18.296999,15.5955,94,96,91,89,96,97,96
1297,1,2024-03-26 01:00:00+00:00,16.247,17.546999,18.447,17.697,17.747,17.697,15.0955,95,94,91,92,98,98,96
1298,1,2024-03-26 02:00:00+00:00,16.047,17.546999,18.147,16.747,17.097,17.147,14.5955,95,93,91,96,100,98,96
1299,1,2024-03-26 03:00:00+00:00,15.847,17.397,17.897,16.546999,16.997,17.247,14.7955,95,94,93,97,100,96,94
1300,1,2024-03-26 04:00:00+00:00,15.847,17.247,17.597,17.597,17.847,18.347,16.0455,95,95,94,94,98,91,90
1301,1,2024-03-26 05:00:00+00:00,17.697,18.947,18.947,19.347,19.247,20.097,17.9955,92,92,91,89,94,85,83
1302,1,2024-03-26 06:00:00+00:00,20.847,21.747,21.597,21.247,20.847,21.947,20.7955,81,79,80,81,88,77,75
1303,1,2024-03-26 07:00:00+00:00,23.147,23.597,23.847,23.147,22.697,23.997,24.1955,68,66,65,72,79,68,62
1304,1,2024-03-26 08:00:00+00:00,25.147,25.247,25.546999,25.197,24.697,26.197,27.9955,59,57,58,61,67,58,48
1305,1,2024-03-26 09:00:00+00:00,26.647,26.997,26.546999,26.847,26.447,27.897,30.1955,53,51,54,52,58,50,39
1306,1,2024-03-26 10:00:00+00:00,27.847,28.197,27.796999,28.046999,27.747,28.947,29.6955,48,47,51,47,52,45,39
1307,1,2024-03-26 11:00:00+00:00,28.296999,28.997,28.497,28.796999,28.796999,29.546999,27.595499,46,43,48,45,48,42,44
1308,1,2024-03-26 12:00:00+00:00,28.447,28.997,28.897,28.897,29.397,29.796999,24.3955,46,43,46,46,44,42,60
1309,1,2024-03-26 13:00:00+00:00,28.197,29.097,28.597,27.747,29.546999,28.747,23.1955,48,42,46,51,41,47,67
1310,1,2024-03-26 14:00:00+00:00,26.597,28.597,26.447,25.897,29.347,26.947,22.0455,53,42,55,60,40,54,75
1311,1,2024-03-26 15:00:00+00:00,22.697,26.597,23.697,24.197,28.546999,25.296999,20.8955,73,50,70,68,41,62,82
1312,1,2024-03-26 16:00:00+00:00,21.747,23.647,22.947,23.046999,26.647,24.097,19.4955,77,66,75,75,48,69,88
1313,1,2024-03-26 17:00:00+00:00,21.097,22.347,21.947,22.046999,24.097,23.097,18.095499,81,74,82,81,57,76,92
1314,1,2024-03-26 18:00:00+00:00,20.847,22.497,21.897,21.097,22.097,22.247,15.2955,83,74,82,85,65,82,95
1315,1,2024-03-26 19:00:00+00:00,20.097,21.296999,21.296999,20.597,21.197,21.697,15.5455,85,80,87,87,69,85,94
1316,1,2024-03-26 20:00:00+00:00,18.697,20.046999,20.997,20.447,20.796999,21.347,15.8955,94,86,89,88,72,86,94
1317,1,2024-03-26 21:00:00+00:00,18.447,19.147,20.296999,20.247,20.447,20.947,16.1955,94,88,90,89,75,87,93
1318,1,2024-03-26 22:00:00+00:00,18.097,18.447,20.046999,19.897,19.897,20.397,16.3955,93,91,91,91,79,90,92
1319,1,2024-03-26 23:00:00+00:00,17.796999,18.046999,19.897,19.546999,19.347,19.747,16.5455,92,91,92,94,83,94,91
1320,1,2024-03-27 00:00:00+00:00,17.497,17.497,17.647,18.546999,18.296999,18.796999,16.6955,98,90,95,97,94,90,92
1321,1,2024-03-27 01:00:00+00:00,16.597,17.247,17.447,17.747,17.796999,18.197,16.0455,99,92,95,99,95,90,94
1322,1,2024-03-27 02:00:00+00:00,16.047,16.947,17.247,16.847,17.347,17.597,15.1455,98,93,96,100,95,90,96
1323,1,2024-03-27 03:00:00+00:00,15.847,16.597,16.747,16.747,17.497,17.647,15.0955,97,94,98,100,94,88,96
1324,1,2024-03-27 04:00:00+00:00,15.747,16.497,16.296999,17.897,18.497,18.747,16.345499,96,92,98,95,91,85,92
1325,1,2024-03-27 05:00:00+00:00,17.847,18.697,18.247,19.796999,20.046999,20.447,18.3955,90,86,93,87,86,80,85
1326,1,2024-03-27 06:00:00+00:00,20.997,21.897,21.546999,21.546999,21.796999,22.347,20.8955,80,75,82,79,79,74,76
1327,1,2024-03-27 07:00:00+00:00,23.546999,24.397,23.697,23.447,23.747,24.447,23.2455,64,62,66,69,70,66,66
1328,1,2024-03-27 08:00:00+00:00,25.647,26.347,25.697,25.597,25.897,26.697,25.6455,54,53,56,58,59,57,54
1329,1,2024-03-27 09:00:00+00:00,26.947,27.647,27.347,27.296999,27.647,28.497,27.595499,49,47,49,49,50,50,45
1330,1,2024-03-27 10:00:00+00:00,28.046999,28.397,28.447,28.397,28.796999,29.546999,28.8955,46,45,44,44,44,45,39
1331,1,2024-03-27 11:00:00+00:00,28.847,29.046999,29.147,29.147,29.597,30.147,29.7455,42,43,41,42,40,41,35
1332,1,2024-03-27 12:00:00+00:00,28.947,29.447,29.947,29.647,30.147,31.247,29.3955,45,42,39,39,38,28,37
1333,1,2024-03-27 13:00:00+00:00,28.796999,29.497,30.197,29.647,30.097,31.046999,27.7455,42,40,36,39,37,28,46
1334,1,2024-03-27 14:00:00+00:00,27.847,28.796999,29.397,29.247,29.597,30.296999,25.1455,43,41,37,40,37,31,59
1335,1,2024-03-27 15:00:00+00:00,26.296999,27.397,28.247,28.296999,28.597,29.046999,22.6955,50,45,41,43,39,36,71
1336,1,2024-03-27 16:00:00+00:00,24.347,24.847,25.296999,26.546999,26.847,26.997,20.6455,59,50,49,49,45,42,79
1337,1,2024-03-27 17:00:00+00:00,22.747,22.697,23.197,24.296999,24.597,24.447,18.6955,65,55,54,57,54,49,86
1338,1,2024-03-27 18:00:00+00:00,21.296999,21.647,21.546999,21.847,22.796999,22.347,19.1955,74,66,66,63,61,56,85
1339,1,2024-03-27 19:00:00+00:00,20.447,20.796999,20.397,20.897,21.847,21.147,18.345499,80,71,71,68,67,61,87
1340,1,2024-03-27 20:00:00+00:00,19.847,20.697,19.897,20.447,21.347,20.397,17.845499,82,75,73,72,71,66,89
1341,1,2024-03-27 21:00:00+00:00,19.447,20.247,20.046999,19.897,20.847,19.796999,17.3955,82,78,76,76,74,70,89
1342,1,2024-03-27 22:00:00+00:00,19.046999,19.697,19.697,18.997,20.247,19.296999,16.9455,83,81,80,81,74,74,88
1343,1,2024-03-27 23:00:00+00:00,18.197,19.347,19.397,17.997,19.697,18.997,16.595499,85,82,83,85,73,78,87
1344,1,2024-03-28 00:00:00+00:00,16.997,19.447,17.597,18.296999,20.347,18.247,16.3955,91,80,88,86,75,83,87
1345,1,2024-03-28 01:00:00+00:00,16.497,19.147,16.897,17.447,19.447,17.546999,15.7455,92,81,91,90,78,86,89
1346,1,2024-03-28 02:00:00+00:00,16.047,18.847,16.197,16.546999,18.247,16.897,15.1455,93,82,93,93,83,89,92
1347,1,2024-03-28 03:00:00+00:00,15.547,18.147,15.547,16.397,17.796999,16.947,15.2955,94,85,95,93,85,90,91
1348,1,2024-03-28 04:00:00+00:00,15.197,17.247,14.896999,17.447,18.497,18.147,16.5455,95,89,97,89,84,87,85
1349,1,2024-03-28 05:00:00+00:00,17.046999,18.497,17.097,19.296999,19.847,20.046999,18.5455,91,90,92,83,80,82,77
1350,1,2024-03-28 06:00:00+00:00,20.847,21.497,20.847,21.597,21.447,22.046999,22.095499,77,75,78,74,75,75,62
1351,1,2024-03-28 07:00:00+00:00,23.497,23.647,23.397,23.796999,23.296999,24.046999,24.4455,64,66,64,65,69,67,53
1352,1,2024-03-28 08:00:00+00:00,25.147,25.447,25.747,26.046999,25.296999,26.097,26.7955,55,59,54,54,61,58,43
1353,1,2024-03-28 09:00:00+00:00,26.497,26.897,27.447,27.847,26.997,27.747,28.595499,49,55,48,46,54,50,36
1354,1,2024-03-28 10:00:00+00:00,27.697,28.097,28.097,28.897,28.147,28.897,29.7955,45,48,45,41,48,45,31
1355,1,2024-03-28 11:00:00+00:00,28.197,28.897,29.097,29.447,28.947,29.697,30.4955,43,44,41,38,43,41,28
1356,1,2024-03-28 12:00:00+00:00,28.697,29.197,29.197,29.747,29.546999,30.147,29.9955,40,38,40,37,39,40,31
1357,1,2024-03-28 13:00:00+00:00,28.296999,29.347,29.597,29.747,29.647,30.097,29.0455,41,37,38,36,37,38,36
1358,1,2024-03-28 14:00:00+00:00,27.546999,29.197,29.447,29.347,29.397,29.647,27.3955,43,38,37,36,36,37,44
1359,1,2024-03-28 15:00:00+00:00,25.897,28.347,28.597,28.447,28.546999,28.697,25.6955,51,39,39,38,38,40,51
1360,1,2024-03-28 16:00:00+00:00,24.347,25.497,25.497,26.597,26.747,26.847,23.9955,59,51,51,44,44,50,57
1361,1,2024-03-28 17:00:00+00:00,22.546999,23.697,23.697,24.247,24.397,24.447,22.1955,69,57,55,52,52,63,62
1362,1,2024-03-28 18:00:00+00:00,21.497,22.497,21.997,21.847,22.447,22.497,18.2955,84,63,64,82,61,74,88
1363,1,2024-03-28 19:00:00+00:00,21.046999,21.046999,20.697,20.897,21.397,21.397,17.4455,87,78,76,88,70,80,91
1364,1,2024-03-28 20:00:00+00:00,20.597,19.947,19.847,20.447,20.747,20.647,17.345499,90,87,84,89,78,85,91
1365,1,2024-03-28 21:00:00+00:00,20.046999,19.197,18.697,20.046999,20.197,19.947,17.2955,91,89,90,90,84,88,90
1366,1,2024-03-28 22:00:00+00:00,19.647,18.796999,17.897,19.447,19.597,19.046999,17.1455,94,89,92,92,85,91,88
1367,1,2024-03-28 23:00:00+00:00,19.097,17.497,16.897,18.796999,19.097,18.147,17.095499,97,91,94,94,84,93,86
1368,1,2024-03-29 00:00:00+00:00,17.997,16.747,16.697,16.447,17.947,19.347,16.3955,97,91,93,94,89,90,89
1369,1,2024-03-29 01:00:00+00:00,17.247,16.647,15.997,15.547,17.097,18.497,15.7955,98,92,95,97,93,93,90
1370,1,2024-03-29 02:00:00+00:00,16.197,16.097,15.497,14.997,16.296999,17.647,15.2455,98,95,96,98,96,95,90
1371,1,2024-03-29 03:00:00+00:00,15.197,15.347,15.247,15.247,16.247,17.447,15.5955,98,97,97,97,96,95,87
1372,1,2024-03-29 04:00:00+00:00,14.597,14.847,15.097,16.697,17.447,18.296999,17.3955,98,97,96,92,92,92,79
1373,1,2024-03-29 05:00:00+00:00,16.697,17.046999,17.397,18.897,19.497,19.747,20.0455,91,92,91,85,84,86,68
1374,1,2024-03-29 06:00:00+00:00,20.397,20.497,21.247,21.497,21.546999,21.397,21.3955,76,77,76,78,76,79,69
1375,1,2024-03-29 07:00:00+00:00,22.747,22.897,23.796999,23.647,23.597,23.247,23.9955,67,65,67,69,67,70,58
1376,1,2024-03-29 08:00:00+00:00,24.847,24.947,25.847,25.796999,25.747,25.247,26.7455,60,58,58,58,57,61,47
1377,1,2024-03-29 09:00:00+00:00,26.147,26.597,27.397,27.597,27.497,26.847,28.8955,55,53,51,49,49,54,38
1378,1,2024-03-29 10:00:00+00:00,27.296999,27.847,28.597,28.847,28.747,27.796999,30.4955,50,49,47,44,44,51,32
1379,1,2024-03-29 11:00:00+00:00,27.997,28.546999,29.497,29.647,29.597,28.296999,31.5455,46,45,43,41,42,51,29
1380,1,2024-03-29 12:00:00+00:00,28.097,28.897,29.546999,29.897,29.897,29.097,30.9955,44,42,41,40,39,44,32
1381,1,2024-03-29 13:00:00+00:00,28.397,29.147,29.697,29.897,29.997,28.796999,27.6455,43,41,40,39,37,44,48
1382,1,2024-03-29 14:00:00+00:00,28.097,28.947,29.397,29.597,29.697,28.097,22.7955,45,41,41,39,36,46,71
1383,1,2024-03-29 15:00:00+00:00,27.247,28.397,28.597,28.697,28.796999,26.997,18.9955,46,37,40,41,39,51,89
1384,1,2024-03-29 16:00:00+00:00,24.597,26.197,25.796999,26.947,26.796999,25.296999,17.5455,60,48,51,46,50,61,96
1385,1,2024-03-29 17:00:00+00:00,22.747,23.147,23.097,24.597,24.197,23.247,17.1955,71,59,58,53,64,73,97
1386,1,2024-03-29 18:00:00+00:00,20.897,21.697,22.247,22.747,22.147,21.647,16.595499,88,77,76,60,76,83,90
1387,1,2024-03-29 19:00:00+00:00,20.197,21.546999,22.197,21.546999,21.347,20.947,16.4955,88,76,79,65,81,87,92
1388,1,2024-03-29 20:00:00+00:00,19.647,21.197,21.597,20.697,21.147,20.647,16.6455,89,78,81,68,83,88,94
1389,1,2024-03-29 21:00:00+00:00,19.247,20.296999,19.847,19.847,20.847,20.296999,16.7955,91,83,86,72,84,89,95
1390,1,2024-03-29 22:00:00+00:00,18.647,19.046999,19.296999,18.796999,20.147,19.647,16.9455,95,86,80,78,86,91,95
1391,1,2024-03-29 23:00:00+00:00,18.296999,18.697,18.697,17.796999,19.296999,18.897,17.1455,95,82,78,85,88,93,94
1392,1,2024-03-30 00:00:00+00:00,18.097,17.347,17.796999,17.546999,17.546999,18.046999,15.695499,94,84,83,87,90,87,97
1393,1,2024-03-30 01:00:00+00:00,17.796999,16.847,17.347,17.097,16.947,17.197,15.5455,95,89,87,89,92,91,97
1394,1,2024-03-30 02:00:00+00:00,17.697,16.546999,17.046999,16.847,16.497,16.447,15.445499,95,92,91,91,94,94,97
1395,1,2024-03-30 03:00:00+00:00,17.747,16.247,16.847,17.147,16.747,16.447,15.7955,94,94,92,90,93,94,96
1396,1,2024-03-30 04:00:00+00:00,17.847,16.097,16.546999,18.397,18.046999,17.747,16.845499,94,94,94,86,89,89,93
1397,1,2024-03-30 05:00:00+00:00,19.397,18.347,18.697,20.247,20.046999,19.897,18.2955,90,88,88,80,82,81,88
1398,1,2024-03-30 06:00:00+00:00,21.647,21.397,21.897,22.197,22.097,22.097,19.3955,77,80,76,73,74,73,86
1399,1,2024-03-30 07:00:00+00:00,23.647,23.546999,24.247,24.147,24.247,24.296999,20.7955,68,68,65,65,65,64,81
1400,1,2024-03-30 08:00:00+00:00,25.347,25.697,26.247,26.147,26.497,26.546999,22.2455,60,60,57,57,56,55,77
1401,1,2024-03-30 09:00:00+00:00,26.647,27.247,27.747,27.697,28.197,28.347,23.2955,55,56,51,51,48,47,73
1402,1,2024-03-30 10:00:00+00:00,27.447,28.097,28.497,28.546999,29.097,29.546999,23.9455,52,52,48,47,44,42,70
1403,1,2024-03-30 11:00:00+00:00,27.997,28.397,29.097,28.897,29.447,30.247,24.2955,49,50,45,46,41,38,67
1404,1,2024-03-30 12:00:00+00:00,27.897,28.347,29.497,30.147,29.697,29.397,24.7955,52,50,41,40,41,45,62
1405,1,2024-03-30 13:00:00+00:00,27.796999,27.997,29.397,30.097,29.647,28.397,23.7455,52,52,41,40,39,50,66
1406,1,2024-03-30 14:00:00+00:00,26.347,24.497,28.397,29.697,29.296999,26.796999,22.4455,56,69,42,41,39,57,71
1407,1,2024-03-30 15:00:00+00:00,23.597,23.147,24.697,28.597,28.296999,25.247,21.095499,75,76,63,46,43,65,77
1408,1,2024-03-30 16:00:00+00:00,22.347,22.197,23.147,26.397,26.097,24.046999,19.6455,80,82,76,58,56,72,83
1409,1,2024-03-30 17:00:00+00:00,21.546999,21.447,22.697,23.597,23.197,22.947,18.1955,84,88,79,74,73,80,90
1410,1,2024-03-30 18:00:00+00:00,20.897,21.197,22.197,21.546999,20.997,21.947,17.7955,91,88,81,84,86,86,96
1411,1,2024-03-30 19:00:00+00:00,20.247,20.747,21.347,20.747,20.097,21.147,17.4955,93,91,84,87,92,90,97
1412,1,2024-03-30 20:00:00+00:00,19.397,20.147,20.347,20.347,19.897,20.447,17.1955,92,93,89,87,93,91,98
1413,1,2024-03-30 21:00:00+00:00,18.997,20.046999,20.497,19.897,19.747,19.796999,16.8955,89,93,83,87,94,93,98
1414,1,2024-03-30 22:00:00+00:00,18.347,19.597,19.897,19.296999,19.447,19.147,16.595499,89,94,83,88,94,95,98
1415,1,2024-03-30 23:00:00+00:00,18.046999,19.097,19.046999,18.647,19.147,18.497,16.2455,90,95,86,89,93,96,98
1416,1,2024-03-31 00:00:00+00:00,18.796999,18.597,18.097,18.347,18.546999,18.897,16.6955,89,93,92,88,90,96,98
1417,1,2024-03-31 01:00:00+00:00,18.747,18.597,17.747,17.947,18.097,18.397,16.595499,87,91,91,88,89,97,98
1418,1,2024-03-31 02:00:00+00:00,18.447,18.847,17.546999,17.747,17.647,17.947,16.4955,86,89,90,87,89,96,98
1419,1,2024-03-31 03:00:00+00:00,17.796999,18.897,17.347,18.046999,17.796999,18.046999,16.4955,87,87,89,84,87,94,98
1420,1,2024-03-31 04:00:00+00:00,17.097,18.647,16.947,19.097,18.796999,18.947,16.345499,89,87,90,80,83,90,99
1421,1,2024-03-31 05:00:00+00:00,18.597,19.597,19.046999,20.647,20.397,20.447,16.345499,87,85,86,74,78,83,100
1422,1,2024-03-31 06:00:00+00:00,21.197,21.697,22.046999,22.647,22.097,22.097,19.8955,76,76,75,67,72,76,85
1423,1,2024-03-31 07:00:00+00:00,23.097,23.397,24.046999,24.497,24.046999,24.046999,22.595499,68,68,65,60,64,67,72
1424,1,2024-03-31 08:00:00+00:00,24.847,25.347,25.847,26.397,26.097,26.197,25.6955,60,61,57,52,56,56,56
1425,1,2024-03-31 09:00:00+00:00,25.997,26.747,27.397,27.947,27.747,27.897,27.2955,55,54,51,45,49,48,48
1426,1,2024-03-31 10:00:00+00:00,27.046999,27.897,28.347,29.046999,28.747,29.097,25.9955,50,50,47,40,44,43,56
1427,1,2024-03-31 11:00:00+00:00,27.796999,28.247,28.796999,29.847,29.347,29.847,23.1955,46,49,44,36,42,40,71
1428,1,2024-03-31 12:00:00+00:00,26.697,27.897,28.647,30.397,29.647,29.447,27.6955,53,46,47,33,41,42,44
1429,1,2024-03-31 13:00:00+00:00,25.947,28.147,27.647,29.997,29.447,27.847,26.345499,57,44,49,32,39,50,50
1430,1,2024-03-31 14:00:00+00:00,26.097,27.747,25.197,29.046999,28.897,25.397,24.4455,52,44,62,33,39,61,58
1431,1,2024-03-31 15:00:00+00:00,23.897,26.447,23.997,27.697,27.796999,23.347,22.595499,65,50,69,38,43,71,66
1432,1,2024-03-31 16:00:00+00:00,22.097,22.747,22.697,25.697,25.697,22.147,21.0455,78,78,76,52,57,77,74
1433,1,2024-03-31 17:00:00+00:00,20.947,21.597,21.847,23.347,23.097,21.347,19.595499,86,86,82,71,75,82,82
1434,1,2024-03-31 18:00:00+00:00,19.747,21.247,21.197,21.546999,21.097,20.647,16.6955,94,90,85,86,89,86,98
1435,1,2024-03-31 19:00:00+00:00,19.197,20.447,20.296999,20.546999,20.296999,20.097,16.5455,96,93,89,92,93,89,99
1436,1,2024-03-31 20:00:00+00:00,18.747,19.897,19.647,19.997,20.147,19.697,16.7455,98,96,90,94,93,90,98
1437,1,2024-03-31 21:00:00+00:00,18.247,19.546999,19.046999,19.546999,19.897,19.197,16.8955,100,97,90,94,92,92,98
1438,1,2024-03-31 22:00:00+00:00,17.747,19.097,18.397,19.147,19.247,18.397,16.9455,99,97,91,92,91,94,98
1439,1,2024-03-31 23:00:00+00:00,17.097,18.497,17.897,18.796999,18.546999,17.497,16.9455,99,95,91,87,89,96,98
1440,1,2024-04-01 00:00:00+00:00,17.046999,17.747,17.347,18.097,18.647,18.697,16.8955,100,87,93,87,81,98,96
1441,1,2024-04-01 01:00:00+00:00,16.447,17.247,16.997,17.497,17.997,17.997,16.2455,98,87,92,88,83,98,96
1442,1,2024-04-01 02:00:00+00:00,16.296999,16.796999,16.796999,16.947,17.347,17.296999,15.3455,95,86,91,89,85,96,97
1443,1,2024-04-01 03:00:00+00:00,15.646999,16.197,16.647,17.046999,17.347,17.197,15.0955,97,86,90,88,85,93,96
1444,1,2024-04-01 04:00:00+00:00,15.247,15.646999,16.447,18.147,18.247,17.997,15.8955,96,88,90,84,82,89,93
1445,1,2024-04-01 05:00:00+00:00,17.197,17.397,18.397,19.947,19.796999,19.347,17.2455,92,86,86,78,78,84,88
1446,1,2024-04-01 06:00:00+00:00,20.597,20.747,21.097,21.397,21.497,20.947,19.4955,76,74,70,66,72,78,80
1447,1,2024-04-01 07:00:00+00:00,23.097,23.046999,23.546999,23.397,23.546999,22.847,21.9955,62,64,58,59,64,69,68
1448,1,2024-04-01 08:00:00+00:00,25.046999,25.397,25.847,25.647,25.747,24.947,24.845499,54,55,49,52,55,59,54
1449,1,2024-04-01 09:00:00+00:00,26.296999,26.796999,27.347,27.397,27.497,26.597,26.7955,49,49,47,47,48,51,45
1450,1,2024-04-01 10:00:00+00:00,27.046999,27.147,28.447,28.447,28.497,27.546999,27.3955,48,46,45,44,43,47,42
1451,1,2024-04-01 11:00:00+00:00,27.397,27.247,28.847,28.997,29.046999,28.097,27.1455,46,46,42,42,39,45,44
1452,1,2024-04-01 12:00:00+00:00,27.897,27.097,28.546999,28.097,29.597,29.647,25.095499,44,50,43,43,36,29,55
1453,1,2024-04-01 13:00:00+00:00,27.597,26.546999,28.347,27.447,28.747,29.546999,23.6455,44,53,41,45,41,28,65
1454,1,2024-04-01 14:00:00+00:00,26.697,25.897,27.046999,26.397,27.347,28.997,21.4455,45,53,47,50,48,30,78
1455,1,2024-04-01 15:00:00+00:00,25.546999,25.097,26.197,25.147,25.947,27.897,19.595499,50,54,50,56,55,36,89
1456,1,2024-04-01 16:00:00+00:00,23.597,23.296999,24.046999,23.647,24.796999,25.847,18.345499,60,61,56,66,60,50,94
1457,1,2024-04-01 17:00:00+00:00,21.997,21.847,22.147,21.947,23.697,23.247,17.4455,68,67,63,78,64,69,96
1458,1,2024-04-01 18:00:00+00:00,20.497,21.147,21.046999,20.497,22.697,21.197,17.3955,80,71,68,90,69,83,97
1459,1,2024-04-01 19:00:00+00:00,19.997,20.247,20.247,19.847,21.796999,20.296999,17.095499,82,77,73,93,74,88,98
1460,1,2024-04-01 20:00:00+00:00,19.296999,19.447,19.447,19.296999,21.046999,19.947,16.8955,87,81,80,95,79,87,98
1461,1,2024-04-01 21:00:00+00:00,18.747,18.796999,19.046999,18.897,20.147,19.546999,16.7955,90,85,84,96,84,88,98
1462,1,2024-04-01 22:00:00+00:00,18.546999,18.347,18.747,18.697,19.046999,18.847,16.7955,91,87,86,97,88,92,98
1463,1,2024-04-01 23:00:00+00:00,18.046999,18.097,18.347,18.597,17.847,18.147,16.8955,94,90,86,97,92,96,97
1464,1,2024-04-02 00:00:00+00:00,16.997,17.197,18.647,18.897,17.847,18.647,15.2955,96,94,86,93,97,97,96
1465,1,2024-04-02 01:00:00+00:00,16.247,16.897,17.997,18.147,17.296999,17.947,15.3455,98,94,89,94,97,96,96
1466,1,2024-04-02 02:00:00+00:00,15.847,16.597,17.347,17.296999,16.847,17.247,15.4955,97,94,91,96,95,94,97
1467,1,2024-04-02 03:00:00+00:00,15.547,16.247,16.796999,17.097,16.997,17.097,15.8955,96,94,93,95,93,91,96
1468,1,2024-04-02 04:00:00+00:00,15.447,16.097,16.497,17.897,17.997,17.897,16.5455,95,94,93,92,90,88,94
1469,1,2024-04-02 05:00:00+00:00,17.697,17.997,18.247,19.397,19.597,19.347,17.4455,89,90,90,87,85,85,92
1470,1,2024-04-02 06:00:00+00:00,20.796999,20.897,20.997,20.697,21.296999,20.947,18.595499,77,78,78,79,79,80,86
1471,1,2024-04-02 07:00:00+00:00,23.097,23.046999,23.046999,22.597,23.097,22.796999,20.3955,64,65,68,70,70,72,75
1472,1,2024-04-02 08:00:00+00:00,25.147,24.747,24.597,24.647,24.997,24.847,22.6455,55,57,62,60,60,63,62
1473,1,2024-04-02 09:00:00+00:00,26.296999,25.997,25.897,26.147,26.447,26.497,24.595499,50,54,59,53,53,56,51
1474,1,2024-04-02 10:00:00+00:00,27.147,26.597,26.197,27.046999,27.447,27.747,26.095499,47,54,60,50,49,50,46
1475,1,2024-04-02 11:00:00+00:00,26.997,26.296999,24.997,27.497,28.046999,28.546999,27.2955,47,54,66,50,47,46,44
1476,1,2024-04-02 12:00:00+00:00,25.397,26.197,23.697,22.597,28.147,28.597,21.2955,58,53,72,79,50,46,72
1477,1,2024-04-02 13:00:00+00:00,24.097,26.497,22.697,21.647,27.097,26.997,20.5455,66,51,78,84,54,54,78
1478,1,2024-04-02 14:00:00+00:00,23.747,25.046999,22.697,20.847,25.347,24.647,20.4455,66,60,79,88,60,66,83
1479,1,2024-04-02 15:00:00+00:00,22.897,23.296999,20.997,20.197,23.747,22.647,20.095499,71,69,85,91,67,76,87
1480,1,2024-04-02 16:00:00+00:00,21.796999,22.147,19.947,19.747,22.597,21.447,18.9455,79,78,92,93,73,83,90
1481,1,2024-04-02 17:00:00+00:00,20.647,21.296999,19.697,19.397,21.546999,20.597,17.595499,87,86,94,93,80,88,93
1482,1,2024-04-02 18:00:00+00:00,19.647,20.647,19.947,19.147,20.697,19.997,16.2955,94,86,94,95,85,92,99
1483,1,2024-04-02 19:00:00+00:00,19.197,20.097,19.397,18.847,20.046999,19.647,15.8455,94,87,96,96,87,93,100
1484,1,2024-04-02 20:00:00+00:00,19.046999,19.796999,19.046999,18.546999,19.597,19.497,16.1955,95,87,97,97,88,93,100
1485,1,2024-04-02 21:00:00+00:00,18.546999,19.046999,18.947,18.296999,19.097,19.296999,16.4955,97,92,95,97,89,93,99
1486,1,2024-04-02 22:00:00+00:00,18.147,19.347,18.847,17.997,18.497,18.997,16.4455,98,91,95,98,91,94,99
1487,1,2024-04-02 23:00:00+00:00,17.847,19.197,18.397,17.697,17.847,18.697,16.3955,99,92,97,98,92,96,99
1488,1,2024-04-03 00:00:00+00:00,18.597,18.747,18.097,18.147,17.497,17.897,15.0955,95,96,97,95,94,93,93
1489,1,2024-04-03 01:00:00+00:00,18.546999,18.546999,17.796999,17.897,17.046999,17.347,14.8455,95,97,98,96,95,95,94
1490,1,2024-04-03 02:00:00+00:00,18.147,18.397,17.796999,17.697,16.697,16.747,14.945499,96,97,98,97,96,97,92
1491,1,2024-04-03 03:00:00+00:00,17.546999,18.046999,17.647,17.796999,16.847,16.796999,15.4955,97,98,99,97,95,97,89
1492,1,2024-04-03 04:00:00+00:00,17.197,17.847,17.397,18.447,17.897,17.796999,16.9455,97,98,98,95,92,94,82
1493,1,2024-04-03 05:00:00+00:00,18.397,18.546999,18.697,19.447,19.497,19.397,18.8955,96,96,95,92,88,90,73
1494,1,2024-04-03 06:00:00+00:00,19.546999,19.997,20.647,20.447,21.247,21.147,19.095499,89,88,86,87,82,84,82
1495,1,2024-04-03 07:00:00+00:00,20.597,21.347,22.497,21.997,23.197,23.097,20.7955,86,82,76,81,73,75,75
1496,1,2024-04-03 08:00:00+00:00,21.697,22.847,23.847,23.597,25.296999,25.197,22.5455,82,76,71,73,62,64,67
1497,1,2024-04-03 09:00:00+00:00,22.847,24.097,25.046999,24.847,26.847,26.697,23.7955,76,68,65,67,54,56,62
1498,1,2024-04-03 10:00:00+00:00,23.747,24.997,25.997,25.546999,27.747,27.497,24.2955,71,64,62,64,51,54,61
1499,1,2024-04-03 11:00:00+00:00,24.197,25.847,26.497,25.847,28.097,27.697,24.2455,69,62,59,63,50,54,64
1500,1,2024-04-03 12:00:00+00:00,23.847,23.796999,24.546999,26.796999,28.796999,27.697,25.7955,71,72,65,56,48,54,46
1501,1,2024-04-03 13:00:00+00:00,22.447,23.597,23.796999,25.497,27.197,26.397,23.5455,76,73,71,61,55,60,58
1502,1,2024-04-03 14:00:00+00:00,21.347,22.497,22.197,23.546999,24.747,24.497,20.595499,83,77,77,70,65,67,76
1503,1,2024-04-03 15:00:00+00:00,20.697,21.897,21.546999,21.897,22.697,22.897,18.2955,86,78,80,77,74,74,89
1504,1,2024-04-03 16:00:00+00:00,20.046999,21.197,20.597,20.947,21.647,21.947,17.345499,89,84,86,81,79,79,93
1505,1,2024-04-03 17:00:00+00:00,19.497,20.597,19.997,20.347,21.097,21.296999,17.0455,91,88,90,84,83,83,92
1506,1,2024-04-03 18:00:00+00:00,18.497,19.147,19.796999,19.347,20.546999,20.647,18.095499,94,94,91,89,86,87,87
1507,1,2024-04-03 19:00:00+00:00,18.447,18.747,19.546999,18.647,19.947,19.897,17.4955,93,96,91,90,89,90,89
1508,1,2024-04-03 20:00:00+00:00,18.447,18.497,19.397,17.997,19.397,19.147,16.9455,91,95,91,90,92,93,91
1509,1,2024-04-03 21:00:00+00:00,18.347,18.497,19.097,17.447,18.847,18.447,16.3955,90,94,92,90,94,95,93
1510,1,2024-04-03 22:00:00+00:00,18.247,18.147,18.747,17.046999,18.296999,17.897,15.7955,88,94,93,91,95,96,94
1511,1,2024-04-03 23:00:00+00:00,17.847,17.847,18.497,16.747,17.747,17.397,15.195499,91,95,94,93,95,95,95
1512,1,2024-04-04 00:00:00+00:00,17.897,17.247,18.046999,17.897,17.597,17.497,14.4955,92,94,92,88,97,93,96
1513,1,2024-04-04 01:00:00+00:00,17.796999,17.247,17.647,17.147,16.947,16.997,14.0455,91,93,93,91,97,93,97
1514,1,2024-04-04 02:00:00+00:00,17.597,17.046999,17.097,16.347,16.296999,16.546999,13.6455,91,94,94,95,97,94,98
1515,1,2024-04-04 03:00:00+00:00,17.497,16.697,16.347,16.197,16.296999,16.747,13.8955,90,95,95,96,96,93,97
1516,1,2024-04-04 04:00:00+00:00,17.347,16.147,15.997,17.197,17.347,17.897,15.2955,91,97,96,94,93,89,93
1517,1,2024-04-04 05:00:00+00:00,18.247,17.897,18.046999,18.897,19.097,19.697,17.3955,92,94,90,90,88,84,86
1518,1,2024-04-04 06:00:00+00:00,20.097,20.947,20.796999,21.046999,20.947,21.597,19.1955,85,82,82,82,82,77,82
1519,1,2024-04-04 07:00:00+00:00,22.197,23.046999,22.997,22.697,22.897,23.597,21.4955,76,71,69,74,73,68,73
1520,1,2024-04-04 08:00:00+00:00,23.947,24.747,24.847,24.247,24.997,25.647,23.9455,67,67,63,64,63,57,63
1521,1,2024-04-04 09:00:00+00:00,25.497,26.397,26.347,25.546999,26.597,27.247,25.3955,61,58,57,56,55,49,57
1522,1,2024-04-04 10:00:00+00:00,26.397,27.347,27.397,26.597,27.647,28.097,25.1455,56,54,52,52,50,45,60
1523,1,2024-04-04 11:00:00+00:00,26.647,27.796999,28.097,27.347,28.247,28.397,23.9455,53,52,48,50,47,43,67
1524,1,2024-04-04 12:00:00+00:00,27.147,27.796999,27.447,27.546999,26.997,28.796999,22.095499,48,51,53,52,50,43,74
1525,1,2024-04-04 13:00:00+00:00,26.747,27.546999,27.197,26.546999,25.997,28.597,21.4455,49,52,54,56,56,44,79
1526,1,2024-04-04 14:00:00+00:00,25.947,24.697,24.597,24.997,24.497,27.997,20.8955,52,65,69,62,66,47,83
1527,1,2024-04-04 15:00:00+00:00,25.247,22.647,23.097,23.546999,23.197,26.997,20.095499,55,77,76,68,74,51,86
1528,1,2024-04-04 16:00:00+00:00,23.447,21.546999,21.347,22.497,22.296999,25.347,18.845499,64,84,85,74,80,59,89
1529,1,2024-04-04 17:00:00+00:00,21.747,21.046999,20.546999,21.597,21.597,23.347,17.345499,72,88,89,79,85,68,91
1530,1,2024-04-04 18:00:00+00:00,20.046999,20.796999,20.796999,20.947,20.997,21.697,17.3955,78,89,91,87,89,76,89
1531,1,2024-04-04 19:00:00+00:00,19.197,20.097,20.497,20.447,20.497,20.747,16.4455,81,92,93,89,91,80,91
1532,1,2024-04-04 20:00:00+00:00,18.347,19.597,20.247,20.097,20.147,20.197,15.695499,83,94,94,91,93,83,93
1533,1,2024-04-04 21:00:00+00:00,17.697,19.296999,19.747,19.747,19.697,19.597,15.195499,83,94,95,92,94,85,94
1534,1,2024-04-04 22:00:00+00:00,17.046999,18.997,19.197,19.447,19.046999,18.796999,14.945499,82,94,97,94,96,88,95
1535,1,2024-04-04 23:00:00+00:00,16.397,18.597,18.747,19.147,18.347,17.947,14.945499,83,95,98,96,98,90,96
1536,1,2024-04-05 00:00:00+00:00,16.947,17.697,17.447,18.296999,17.296999,17.997,14.4955,91,96,97,97,98,96,96
1537,1,2024-04-05 01:00:00+00:00,16.447,17.097,17.147,17.747,16.847,17.347,14.1455,94,96,96,98,98,96,97
1538,1,2024-04-05 02:00:00+00:00,16.147,16.497,16.796999,17.247,16.497,16.697,13.8455,95,96,95,99,98,96,97
1539,1,2024-04-05 03:00:00+00:00,15.896999,16.097,16.497,17.296999,16.647,16.697,14.195499,94,96,95,97,96,94,96
1540,1,2024-04-05 04:00:00+00:00,15.797,15.896999,16.296999,18.296999,17.546999,17.796999,15.5455,94,95,94,92,93,90,92
1541,1,2024-04-05 05:00:00+00:00,17.697,17.796999,18.247,19.847,18.997,19.497,17.4955,91,93,91,84,89,85,86
1542,1,2024-04-05 06:00:00+00:00,20.796999,21.097,20.997,21.247,20.597,21.296999,18.9955,83,80,83,79,83,79,81
1543,1,2024-04-05 07:00:00+00:00,23.097,23.397,23.197,23.097,22.546999,23.046999,21.7455,68,66,69,71,74,71,69
1544,1,2024-04-05 08:00:00+00:00,25.097,25.447,24.997,25.097,24.697,24.796999,24.8955,59,56,61,62,63,63,55
1545,1,2024-04-05 09:00:00+00:00,26.347,26.347,26.546999,26.597,26.397,26.247,27.1955,54,52,54,55,55,56,45
1546,1,2024-04-05 10:00:00+00:00,26.997,27.197,27.647,27.497,27.397,27.247,28.2455,51,49,50,50,50,51,40
1547,1,2024-04-05 11:00:00+00:00,27.497,27.947,28.147,27.947,27.847,27.847,28.4955,51,49,49,47,48,48,40
1548,1,2024-04-05 12:00:00+00:00,27.197,27.647,27.847,27.947,27.747,28.097,28.095499,51,43,51,49,51,48,40
1549,1,2024-04-05 13:00:00+00:00,26.497,27.097,24.347,26.847,26.497,26.796999,25.845499,54,48,69,55,58,56,52
1550,1,2024-04-05 14:00:00+00:00,24.097,25.647,22.747,25.046999,24.647,24.847,22.7455,70,57,79,65,70,68,69
1551,1,2024-04-05 15:00:00+00:00,23.247,23.847,21.897,23.397,22.997,23.197,20.095499,73,66,83,74,79,77,82
1552,1,2024-04-05 16:00:00+00:00,22.046999,22.897,20.947,22.197,21.947,22.197,18.345499,79,72,89,80,84,81,89
1553,1,2024-04-05 17:00:00+00:00,20.947,21.747,20.597,21.147,21.147,21.447,17.095499,86,76,91,85,88,83,93
1554,1,2024-04-05 18:00:00+00:00,19.947,21.097,20.647,19.997,20.447,20.847,16.2955,93,73,92,91,90,84,95
1555,1,2024-04-05 19:00:00+00:00,19.296999,20.447,20.147,19.697,19.796999,20.397,15.7455,98,77,95,92,90,85,96
1556,1,2024-04-05 20:00:00+00:00,18.997,20.097,19.947,19.546999,19.247,20.046999,15.5455,98,80,94,93,89,86,96
1557,1,2024-04-05 21:00:00+00:00,19.046999,19.397,19.546999,19.296999,18.697,19.597,15.3955,95,84,96,93,88,87,96
1558,1,2024-04-05 22:00:00+00:00,18.847,18.697,19.046999,18.897,18.097,18.847,15.1455,93,88,97,94,89,88,96
1559,1,2024-04-05 23:00:00+00:00,18.497,17.997,18.546999,18.397,17.546999,17.997,14.8955,93,92,97,96,91,90,96
1560,1,2024-04-06 00:00:00+00:00,17.847,17.447,17.647,17.097,17.197,16.697,14.5955,98,95,94,97,97,93,97
1561,1,2024-04-06 01:00:00+00:00,16.997,17.097,16.997,16.147,16.447,16.047,14.2955,99,94,96,99,98,95,97
1562,1,2024-04-06 02:00:00+00:00,16.296999,16.747,16.296999,15.396999,15.747,15.597,14.0455,98,94,98,100,98,96,98
1563,1,2024-04-06 03:00:00+00:00,15.847,16.347,15.747,15.347,15.747,15.797,14.2955,97,94,98,99,97,95,97
1564,1,2024-04-06 04:00:00+00:00,15.646999,16.047,15.497,16.546999,16.947,17.046999,15.2455,96,94,98,95,93,91,94
1565,1,2024-04-06 05:00:00+00:00,17.697,17.947,17.347,18.497,18.897,18.947,16.6955,90,91,94,88,87,85,90
1566,1,2024-04-06 06:00:00+00:00,20.697,20.897,20.647,20.046999,20.947,20.997,19.2955,79,80,82,88,80,78,85
1567,1,2024-04-06 07:00:00+00:00,23.097,23.046999,22.697,21.697,22.997,23.197,21.4955,67,67,72,80,71,69,77
1568,1,2024-04-06 08:00:00+00:00,25.097,25.147,24.497,23.546999,25.097,25.497,23.9455,59,57,63,70,62,60,67
1569,1,2024-04-06 09:00:00+00:00,25.947,26.747,25.546999,24.947,26.796999,27.197,25.6955,55,51,61,63,54,52,60
1570,1,2024-04-06 10:00:00+00:00,26.796999,27.397,26.197,25.897,27.897,27.897,26.4455,51,48,57,59,49,48,55
1571,1,2024-04-06 11:00:00+00:00,27.247,28.046999,26.147,26.397,28.546999,27.997,26.4955,50,47,60,58,46,47,53
1572,1,2024-04-06 12:00:00+00:00,26.296999,26.197,26.546999,27.497,28.197,28.347,20.8955,54,53,58,52,45,48,78
1573,1,2024-04-06 13:00:00+00:00,26.747,23.796999,25.147,26.546999,28.097,27.097,19.9955,54,66,66,57,45,55,84
1574,1,2024-04-06 14:00:00+00:00,24.097,24.046999,22.546999,24.947,27.747,25.197,19.595499,69,66,77,64,46,65,88
1575,1,2024-04-06 15:00:00+00:00,23.197,23.597,21.997,23.497,26.997,23.546999,19.1955,76,67,79,71,49,74,91
1576,1,2024-04-06 16:00:00+00:00,22.046999,22.097,21.397,22.447,25.597,22.546999,18.5455,83,76,83,75,57,80,94
1577,1,2024-04-06 17:00:00+00:00,20.747,20.997,20.847,21.546999,23.796999,21.847,17.845499,90,83,88,79,68,84,96
1578,1,2024-04-06 18:00:00+00:00,20.497,20.046999,20.697,20.247,22.296999,21.197,17.1955,87,89,85,91,76,87,96
1579,1,2024-04-06 19:00:00+00:00,19.597,19.747,20.197,19.897,21.347,20.597,16.9955,91,90,90,92,79,90,97
1580,1,2024-04-06 20:00:00+00:00,18.997,19.347,19.997,19.697,20.697,20.097,16.9955,93,92,91,92,80,91,98
1581,1,2024-04-06 21:00:00+00:00,18.546999,18.747,19.796999,19.347,20.046999,19.546999,16.8955,94,93,92,92,81,93,98
1582,1,2024-04-06 22:00:00+00:00,18.296999,18.247,19.197,18.796999,19.247,18.897,16.5455,94,92,95,94,84,95,98
1583,1,2024-04-06 23:00:00+00:00,17.697,17.796999,18.497,18.147,18.397,18.247,16.095499,95,93,98,96,88,97,98
1584,1,2024-04-07 00:00:00+00:00,17.847,17.197,17.546999,17.197,17.447,17.296999,14.9955,99,95,98,99,91,91,97
1585,1,2024-04-07 01:00:00+00:00,17.546999,16.647,16.997,16.546999,16.747,16.697,14.5955,100,96,98,100,93,93,97
1586,1,2024-04-07 02:00:00+00:00,17.197,16.296999,16.447,15.947,16.147,16.247,14.1455,99,96,98,100,94,94,97
1587,1,2024-04-07 03:00:00+00:00,16.997,16.047,15.947,16.047,16.247,16.397,14.3955,98,96,97,98,94,94,96
1588,1,2024-04-07 04:00:00+00:00,16.697,15.997,15.896999,17.247,17.397,17.597,15.695499,98,95,96,94,91,91,93
1589,1,2024-04-07 05:00:00+00:00,18.147,17.796999,18.046999,19.097,19.247,19.497,17.6455,93,91,91,88,85,85,87
1590,1,2024-04-07 06:00:00+00:00,20.147,20.197,20.847,20.747,21.147,21.447,20.1955,84,84,79,87,79,79,78
1591,1,2024-04-07 07:00:00+00:00,22.097,22.497,23.397,22.347,23.147,23.447,22.7955,74,73,67,78,72,71,66
1592,1,2024-04-07 08:00:00+00:00,23.546999,24.247,25.046999,24.197,25.197,25.497,25.6455,66,64,59,67,65,61,51
1593,1,2024-04-07 09:00:00+00:00,24.947,25.497,26.296999,25.597,26.847,27.046999,27.7955,59,58,54,59,58,54,40
1594,1,2024-04-07 10:00:00+00:00,25.546999,26.546999,27.447,26.497,27.947,27.847,28.9955,57,55,52,56,52,50,35
1595,1,2024-04-07 11:00:00+00:00,25.647,26.847,27.796999,27.046999,28.597,28.147,29.4455,57,54,50,56,47,48,34
1596,1,2024-04-07 12:00:00+00:00,26.347,26.046999,27.947,27.697,27.347,28.147,29.6955,57,63,48,51,52,46,34
1597,1,2024-04-07 13:00:00+00:00,26.247,24.747,27.597,26.397,25.997,26.897,27.345499,61,70,50,59,59,53,45
1598,1,2024-04-07 14:00:00+00:00,24.497,22.697,24.697,24.347,23.947,24.947,23.7455,69,79,65,70,70,64,61
1599,1,2024-04-07 15:00:00+00:00,23.447,21.796999,23.347,22.597,22.296999,23.247,20.6955,74,81,74,80,79,74,75
1600,1,2024-04-07 16:00:00+00:00,22.546999,20.497,22.046999,21.597,21.397,22.097,18.7455,79,88,82,85,84,81,85
1601,1,2024-04-07 17:00:00+00:00,21.597,19.796999,21.447,20.947,20.847,21.247,17.2955,85,92,87,88,87,86,92
1602,1,2024-04-07 18:00:00+00:00,19.447,19.147,20.347,20.546999,20.347,20.546999,16.3955,91,92,91,89,90,90,97
1603,1,2024-04-07 19:00:00+00:00,19.097,18.397,19.997,20.046999,19.796999,20.147,15.7955,92,89,92,91,92,90,100
1604,1,2024-04-07 20:00:00+00:00,18.897,18.147,19.597,19.647,19.247,19.897,16.095499,94,92,94,92,94,89,98
1605,1,2024-04-07 21:00:00+00:00,18.847,18.046999,19.296999,19.296999,18.796999,19.546999,16.2955,94,93,95,93,95,88,96
1606,1,2024-04-07 22:00:00+00:00,18.497,17.747,19.046999,18.997,18.447,18.847,16.095499,95,94,95,94,96,91,96
1607,1,2024-04-07 23:00:00+00:00,18.247,17.546999,18.796999,18.697,18.147,17.997,15.7955,96,95,96,96,96,94,96
1608,1,2024-04-08 00:00:00+00:00,18.597,17.447,18.497,17.947,18.397,17.546999,15.195499,95,93,95,97,95,96,96
1609,1,2024-04-08 01:00:00+00:00,18.247,17.397,18.147,17.197,17.796999,16.747,14.6455,96,93,96,98,97,97,97
1610,1,2024-04-08 02:00:00+00:00,17.897,17.247,17.597,16.447,17.147,16.047,14.2955,97,94,98,98,100,97,97
1611,1,2024-04-08 03:00:00+00:00,17.347,17.147,17.247,16.397,17.046999,16.097,14.5955,99,94,99,97,100,96,96
1612,1,2024-04-08 04:00:00+00:00,17.046999,16.847,16.796999,17.397,17.697,17.347,15.9955,100,95,100,94,98,92,92
1613,1,2024-04-08 05:00:00+00:00,18.397,18.097,18.296999,19.046999,18.796999,19.347,18.1455,96,92,96,89,94,86,86
1614,1,2024-04-08 06:00:00+00:00,19.597,19.897,20.447,20.546999,20.247,21.397,20.095499,92,90,85,87,88,79,79
1615,1,2024-04-08 07:00:00+00:00,20.897,21.147,22.197,22.347,22.197,23.546999,22.4955,86,86,76,78,78,69,68
1616,1,2024-04-08 08:00:00+00:00,22.247,22.497,23.897,24.347,24.447,25.747,25.0455,78,78,67,67,66,59,56
1617,1,2024-04-08 09:00:00+00:00,23.497,23.447,25.046999,25.947,26.197,27.447,26.9955,72,73,61,58,57,50,46
1618,1,2024-04-08 10:00:00+00:00,24.247,24.497,26.197,27.097,27.296999,28.397,28.345499,69,69,58,52,51,45,40
1619,1,2024-04-08 11:00:00+00:00,24.847,25.046999,26.997,27.847,27.947,28.897,29.1455,67,66,55,49,48,43,37
1620,1,2024-04-08 12:00:00+00:00,23.447,23.497,26.546999,27.847,28.097,27.147,28.095499,74,74,58,49,45,56,42
1621,1,2024-04-08 13:00:00+00:00,21.546999,22.597,25.447,27.497,27.697,26.197,25.5455,80,78,65,49,47,61,55
1622,1,2024-04-08 14:00:00+00:00,21.197,22.247,24.247,26.747,26.747,24.747,21.845499,80,76,71,51,51,67,74
1623,1,2024-04-08 15:00:00+00:00,20.397,21.997,22.997,25.647,25.597,23.497,18.9955,84,75,76,55,57,73,89
1624,1,2024-04-08 16:00:00+00:00,19.796999,21.197,21.747,24.147,24.197,22.697,17.8955,86,79,82,64,65,77,94
1625,1,2024-04-08 17:00:00+00:00,19.247,20.597,20.897,22.347,22.597,22.097,17.6955,90,81,87,76,75,81,95
1626,1,2024-04-08 18:00:00+00:00,18.497,19.597,20.546999,21.147,21.296999,21.447,16.595499,87,91,86,86,82,85,96
1627,1,2024-04-08 19:00:00+00:00,18.347,19.296999,20.247,20.647,20.647,20.597,16.6955,87,92,89,89,85,89,95
1628,1,2024-04-08 20:00:00+00:00,18.147,18.897,19.897,20.247,20.296999,19.647,16.9955,88,93,91,91,87,93,95
1629,1,2024-04-08 21:00:00+00:00,18.046999,18.647,19.397,19.847,19.897,18.847,17.095499,89,94,94,93,88,96,94
1630,1,2024-04-08 22:00:00+00:00,17.897,18.296999,18.947,19.347,19.197,18.247,16.7455,89,95,95,95,90,96,94
1631,1,2024-04-08 23:00:00+00:00,17.747,17.947,18.796999,18.847,18.397,17.796999,16.1955,89,97,95,97,93,96,95
1632,1,2024-04-09 00:00:00+00:00,17.647,17.397,18.097,17.447,17.796999,17.697,15.0955,95,98,95,98,99,95,96
1633,1,2024-04-09 01:00:00+00:00,17.397,17.647,18.147,16.697,17.046999,17.046999,14.8455,95,97,95,99,99,96,97
1634,1,2024-04-09 02:00:00+00:00,17.046999,17.546999,18.197,16.097,16.397,16.397,14.695499,95,97,95,100,98,96,98
1635,1,2024-04-09 03:00:00+00:00,16.697,17.247,17.947,16.097,16.397,16.447,15.0955,96,98,96,99,96,95,97
1636,1,2024-04-09 04:00:00+00:00,16.347,16.997,17.347,17.046999,17.447,17.546999,16.2455,96,98,98,96,92,91,94
1637,1,2024-04-09 05:00:00+00:00,17.897,18.347,18.747,18.647,19.147,19.347,17.9955,93,95,96,91,86,86,89
1638,1,2024-04-09 06:00:00+00:00,19.947,20.546999,20.046999,20.546999,20.997,21.247,20.095499,87,83,87,85,80,80,82
1639,1,2024-04-09 07:00:00+00:00,21.697,22.447,22.296999,22.397,22.997,23.197,22.4455,79,74,75,76,72,73,72
1640,1,2024-04-09 08:00:00+00:00,23.097,23.897,24.147,24.247,25.147,25.296999,24.9955,73,67,65,66,62,65,60
1641,1,2024-04-09 09:00:00+00:00,24.397,25.147,25.697,25.747,26.796999,26.947,26.7955,66,61,58,58,55,58,52
1642,1,2024-04-09 10:00:00+00:00,25.447,26.197,26.647,26.847,27.796999,28.097,27.6455,63,55,53,53,50,52,49
1643,1,2024-04-09 11:00:00+00:00,25.947,26.647,27.296999,27.546999,28.347,28.796999,27.7955,64,55,53,50,48,47,50
1644,1,2024-04-09 12:00:00+00:00,25.697,26.897,27.197,26.497,27.296999,29.296999,24.095499,63,55,54,59,56,43,65
1645,1,2024-04-09 13:00:00+00:00,25.497,25.447,26.796999,26.147,26.097,27.747,22.6955,64,63,55,59,62,51,74
1646,1,2024-04-09 14:00:00+00:00,24.597,23.796999,24.197,25.397,24.197,25.296999,20.9455,66,74,69,61,71,65,84
1647,1,2024-04-09 15:00:00+00:00,23.097,23.097,22.447,24.497,22.597,23.247,19.4955,77,76,78,64,78,76,92
1648,1,2024-04-09 16:00:00+00:00,21.347,21.697,21.597,23.397,21.647,22.147,18.6455,85,83,83,71,83,82,94
1649,1,2024-04-09 17:00:00+00:00,20.597,20.796999,20.497,22.197,20.947,21.447,18.1455,89,88,90,80,87,86,93
1650,1,2024-04-09 18:00:00+00:00,20.296999,20.097,20.097,20.397,20.447,20.897,16.3955,91,86,88,91,90,89,97
1651,1,2024-04-09 19:00:00+00:00,19.697,19.847,19.697,19.897,20.147,20.447,16.1955,95,88,90,93,92,90,97
1652,1,2024-04-09 20:00:00+00:00,19.197,19.597,19.397,19.546999,19.997,20.147,16.2455,96,90,91,93,92,89,97
1653,1,2024-04-09 21:00:00+00:00,19.147,19.497,19.147,19.247,19.747,19.747,16.1955,95,91,92,94,93,89,96
1654,1,2024-04-09 22:00:00+00:00,18.997,19.147,18.847,18.947,19.347,19.097,15.9955,94,92,93,95,95,92,96
1655,1,2024-04-09 23:00:00+00:00,18.697,18.697,18.697,18.647,18.796999,18.397,15.7455,94,92,93,97,97,95,96
1656,1,2024-04-10 00:00:00+00:00,18.097,18.747,18.847,18.147,17.597,18.397,15.4955,97,94,97,99,97,96,97
1657,1,2024-04-10 01:00:00+00:00,17.947,18.447,18.497,17.597,16.847,17.647,14.9955,97,95,98,100,98,98,98
1658,1,2024-04-10 02:00:00+00:00,17.796999,17.997,18.046999,17.046999,16.147,16.897,14.6455,98,96,99,100,100,99,98
1659,1,2024-04-10 03:00:00+00:00,17.597,17.296999,17.697,17.046999,16.097,16.796999,14.8955,98,98,99,100,99,98,97
1660,1,2024-04-10 04:00:00+00:00,17.296999,16.897,17.497,17.897,17.147,17.747,16.095499,98,99,100,97,96,95,93
1661,1,2024-04-10 05:00:00+00:00,18.697,18.397,18.597,19.296999,18.847,19.397,17.9455,94,96,97,92,91,89,88
1662,1,2024-04-10 06:00:00+00:00,20.247,20.697,20.546999,20.847,20.597,21.097,20.095499,88,85,87,85,85,83,79
1663,1,2024-04-10 07:00:00+00:00,22.097,22.347,22.497,22.296999,22.197,22.897,22.5455,78,76,77,79,78,75,68
1664,1,2024-04-10 08:00:00+00:00,23.497,23.546999,24.147,23.847,23.847,24.796999,25.2455,70,72,69,72,70,67,54
1665,1,2024-04-10 09:00:00+00:00,24.697,24.796999,25.497,24.997,25.197,26.296999,27.2955,64,66,62,67,64,60,44
1666,1,2024-04-10 10:00:00+00:00,25.697,25.697,26.497,25.747,26.347,27.347,28.6955,60,62,58,64,59,55,38
1667,1,2024-04-10 11:00:00+00:00,26.447,26.197,27.046999,26.097,27.197,27.947,29.4455,57,60,55,62,56,51,35
1668,1,2024-04-10 12:00:00+00:00,24.647,25.796999,26.296999,27.247,27.046999,26.347,29.2955,71,64,61,56,57,62,37
1669,1,2024-04-10 13:00:00+00:00,23.747,24.897,24.597,26.247,26.097,25.497,27.845499,74,66,72,61,62,66,44
1670,1,2024-04-10 14:00:00+00:00,23.347,22.947,23.046999,24.597,24.497,24.097,25.595499,74,77,78,70,70,73,57
1671,1,2024-04-10 15:00:00+00:00,22.097,22.247,22.447,23.097,22.997,22.847,23.2955,80,81,81,77,78,79,68
1672,1,2024-04-10 16:00:00+00:00,21.497,21.447,21.647,22.046999,21.947,21.847,21.0455,84,86,86,82,84,84,78
1673,1,2024-04-10 17:00:00+00:00,21.046999,20.447,21.147,21.197,20.997,20.947,18.845499,87,91,89,87,88,89,87
1674,1,2024-04-10 18:00:00+00:00,20.447,20.546999,20.747,20.347,20.247,20.247,17.3955,90,91,89,92,92,93,92
1675,1,2024-04-10 19:00:00+00:00,19.447,20.097,20.296999,19.997,19.747,19.796999,16.6455,95,93,92,93,93,94,94
1676,1,2024-04-10 20:00:00+00:00,19.247,19.747,19.796999,19.747,19.497,19.546999,16.2955,95,94,92,94,94,94,95
1677,1,2024-04-10 21:00:00+00:00,19.046999,19.447,19.546999,19.447,19.147,19.247,15.9955,95,95,93,94,94,94,96
1678,1,2024-04-10 22:00:00+00:00,18.647,19.046999,19.147,19.097,18.697,18.747,15.6455,96,97,95,95,95,95,96
1679,1,2024-04-10 23:00:00+00:00,18.247,18.647,18.597,18.647,18.197,18.197,15.3455,97,98,96,95,97,96,96
1680,1,2024-04-11 00:00:00+00:00,18.447,18.147,17.697,18.447,17.847,17.397,15.7955,96,96,97,96,95,97,96
1681,1,2024-04-11 01:00:00+00:00,17.897,17.847,17.247,17.796999,17.296999,16.697,15.2455,98,97,97,97,96,98,97
1682,1,2024-04-11 02:00:00+00:00,17.347,17.546999,16.897,17.046999,16.747,16.047,14.6455,99,97,97,98,97,99,98
1683,1,2024-04-11 03:00:00+00:00,16.997,16.997,16.447,16.947,16.796999,16.097,14.695499,100,99,98,98,96,98,97
1684,1,2024-04-11 04:00:00+00:00,16.747,16.397,16.347,17.796999,17.747,17.197,15.7955,100,99,97,95,93,95,94
1685,1,2024-04-11 05:00:00+00:00,18.397,18.197,18.147,19.247,19.296999,19.046999,17.595499,97,96,93,91,89,90,89
1686,1,2024-04-11 06:00:00+00:00,20.697,20.947,20.497,20.296999,20.997,20.897,19.8955,86,83,87,88,84,84,82
1687,1,2024-04-11 07:00:00+00:00,22.397,23.097,22.546999,22.097,22.947,22.796999,22.345499,77,74,78,82,77,75,72
1688,1,2024-04-11 08:00:00+00:00,23.897,24.747,24.397,24.046999,25.147,24.747,24.9955,70,66,72,75,68,64,61
1689,1,2024-04-11 09:00:00+00:00,24.847,25.796999,25.997,25.647,26.897,26.347,26.8955,65,61,66,68,61,56,52
1690,1,2024-04-11 10:00:00+00:00,25.997,26.647,27.296999,26.847,28.296999,27.546999,27.7455,61,58,58,61,54,51,48
1691,1,2024-04-11 11:00:00+00:00,26.597,27.046999,28.247,27.697,29.296999,28.296999,27.8955,59,57,53,54,48,49,47
1692,1,2024-04-11 12:00:00+00:00,26.097,26.697,27.897,28.147,28.546999,27.597,28.7955,62,60,50,53,48,54,42
1693,1,2024-04-11 13:00:00+00:00,25.597,26.347,27.747,26.997,28.497,26.997,27.2455,64,61,52,59,46,57,51
1694,1,2024-04-11 14:00:00+00:00,23.947,24.597,27.397,25.097,28.046999,25.796999,24.7955,73,68,55,69,46,62,65
1695,1,2024-04-11 15:00:00+00:00,22.697,23.097,23.897,23.447,27.147,24.546999,22.4955,78,76,72,77,50,68,77
1696,1,2024-04-11 16:00:00+00:00,21.697,21.747,22.747,22.447,25.447,23.296999,20.7455,84,84,80,82,60,75,84
1697,1,2024-04-11 17:00:00+00:00,20.947,20.796999,21.947,21.697,23.296999,21.997,19.1455,88,90,85,87,74,84,89
1698,1,2024-04-11 18:00:00+00:00,19.997,20.497,20.597,21.147,21.597,20.897,17.7955,92,90,89,90,85,90,94
1699,1,2024-04-11 19:00:00+00:00,19.597,19.747,19.647,20.697,20.847,20.197,16.7955,92,94,94,92,90,93,96
1700,1,2024-04-11 20:00:00+00:00,19.046999,19.397,19.497,20.497,20.546999,19.697,16.095499,94,94,94,92,92,95,97
1701,1,2024-04-11 21:00:00+00:00,18.697,19.197,19.397,20.197,20.147,19.197,15.5955,95,95,94,93,93,96,97
1702,1,2024-04-11 22:00:00+00:00,18.347,19.247,19.097,19.597,19.397,18.597,15.2955,96,94,95,95,95,96,97
1703,1,2024-04-11 23:00:00+00:00,17.997,18.897,18.647,18.897,18.597,18.046999,15.195499,97,93,95,98,97,95,96
1704,1,2024-04-12 00:00:00+00:00,17.197,18.296999,18.147,17.897,18.697,17.097,15.0955,95,93,95,94,96,100,95
1705,1,2024-04-12 01:00:00+00:00,16.647,17.847,17.546999,17.097,17.947,16.447,14.695499,96,95,96,96,97,100,96
1706,1,2024-04-12 02:00:00+00:00,16.147,17.347,17.046999,16.296999,17.147,15.896999,14.2955,97,96,95,97,97,100,97
1707,1,2024-04-12 03:00:00+00:00,15.896999,16.997,16.697,16.247,17.046999,16.097,14.5955,97,96,95,97,96,98,96
1708,1,2024-04-12 04:00:00+00:00,15.847,16.796999,16.497,17.497,18.097,17.447,15.8955,96,95,94,93,93,94,93
1709,1,2024-04-12 05:00:00+00:00,17.997,18.697,18.597,19.497,19.796999,19.497,17.7955,92,92,92,87,88,88,88
1710,1,2024-04-12 06:00:00+00:00,20.747,21.147,21.347,21.296999,21.546999,21.546999,19.8955,84,83,82,83,83,81,82
1711,1,2024-04-12 07:00:00+00:00,22.546999,23.046999,23.197,23.147,23.247,23.546999,22.2455,77,76,76,75,76,73,71
1712,1,2024-04-12 08:00:00+00:00,24.296999,24.697,25.147,25.097,24.997,25.497,24.7455,69,69,70,67,68,63,59
1713,1,2024-04-12 09:00:00+00:00,26.397,25.997,26.796999,26.497,26.296999,27.046999,26.6955,60,62,64,61,62,56,49
1714,1,2024-04-12 10:00:00+00:00,27.447,26.847,27.997,27.197,27.046999,28.046999,27.845499,54,60,56,59,59,52,43
1715,1,2024-04-12 11:00:00+00:00,27.997,27.296999,28.647,27.397,27.447,28.597,28.345499,52,59,52,59,57,50,41
1716,1,2024-04-12 12:00:00+00:00,27.447,27.347,28.197,26.847,27.647,27.796999,28.3955,56,61,52,68,57,55,39
1717,1,2024-04-12 13:00:00+00:00,24.947,25.647,27.697,26.247,26.397,26.647,26.1955,70,72,55,69,63,60,51
1718,1,2024-04-12 14:00:00+00:00,24.147,24.847,24.347,25.296999,24.497,24.796999,22.9455,73,73,73,71,72,69,69
1719,1,2024-04-12 15:00:00+00:00,23.947,23.597,23.347,24.347,22.897,23.197,20.1955,73,75,74,73,80,76,83
1720,1,2024-04-12 16:00:00+00:00,22.497,22.447,22.247,23.397,21.897,22.197,18.2955,83,82,82,77,85,82,91
1721,1,2024-04-12 17:00:00+00:00,21.597,21.947,21.647,22.447,21.197,21.397,16.845499,86,85,85,83,89,86,96
1722,1,2024-04-12 18:00:00+00:00,20.497,21.847,20.796999,20.847,20.647,20.796999,16.7955,91,87,90,91,92,90,96
1723,1,2024-04-12 19:00:00+00:00,20.247,21.197,20.796999,20.347,20.247,20.397,16.0455,90,90,91,93,94,92,98
1724,1,2024-04-12 20:00:00+00:00,19.497,20.697,20.397,20.046999,20.046999,20.197,15.7955,93,91,92,93,94,94,98
1725,1,2024-04-12 21:00:00+00:00,19.347,19.997,19.747,19.747,19.847,19.847,15.5955,94,91,95,94,95,95,98
1726,1,2024-04-12 22:00:00+00:00,19.147,19.347,19.347,19.447,19.597,19.197,15.3455,95,90,96,95,96,96,98
1727,1,2024-04-12 23:00:00+00:00,18.796999,18.947,19.296999,19.147,19.397,18.497,15.1455,96,89,96,97,97,97,97
1728,1,2024-04-13 00:00:00+00:00,18.647,18.046999,19.147,18.347,17.897,18.647,15.0955,97,92,96,98,99,97,96
1729,1,2024-04-13 01:00:00+00:00,18.347,17.597,18.697,17.747,17.347,17.997,14.7955,97,93,96,99,99,98,97
1730,1,2024-04-13 02:00:00+00:00,17.847,17.197,18.347,17.147,16.947,17.296999,14.5455,96,94,94,99,98,99,97
1731,1,2024-04-13 03:00:00+00:00,17.296999,16.897,17.897,17.147,17.097,17.247,14.8955,96,94,93,97,96,98,96
1732,1,2024-04-13 04:00:00+00:00,16.997,16.796999,17.647,18.097,18.097,18.197,16.1955,94,94,92,94,93,95,93
1733,1,2024-04-13 05:00:00+00:00,18.747,18.697,19.296999,19.647,19.647,19.747,18.095499,88,90,90,89,88,90,89
1734,1,2024-04-13 06:00:00+00:00,21.647,21.097,21.296999,21.347,21.397,21.347,20.2955,76,82,84,82,82,84,82
1735,1,2024-04-13 07:00:00+00:00,23.747,23.296999,23.097,23.247,23.347,22.997,22.6455,65,69,72,73,73,76,71
1736,1,2024-04-13 08:00:00+00:00,25.447,25.046999,24.697,25.247,25.447,24.697,25.1455,57,61,64,62,63,67,58
1737,1,2024-04-13 09:00:00+00:00,26.897,26.397,26.147,26.597,27.097,26.097,26.9955,53,55,59,56,55,60,48
1738,1,2024-04-13 10:00:00+00:00,27.697,27.397,27.097,26.947,28.097,27.046999,27.9955,51,53,54,56,50,56,43
1739,1,2024-04-13 11:00:00+00:00,27.197,27.597,27.447,26.647,28.597,27.697,28.3955,52,52,53,60,47,54,41
1740,1,2024-04-13 12:00:00+00:00,27.347,27.997,27.247,27.497,27.697,28.046999,28.1955,53,50,56,51,51,48,43
1741,1,2024-04-13 13:00:00+00:00,27.046999,27.597,26.397,26.497,26.647,27.097,27.095499,52,49,63,57,57,54,50
1742,1,2024-04-13 14:00:00+00:00,25.597,26.497,24.796999,24.897,25.097,25.497,25.345499,56,54,72,66,66,63,60
1743,1,2024-04-13 15:00:00+00:00,24.497,24.747,23.747,23.447,23.597,23.997,23.2955,65,64,75,74,74,72,71
1744,1,2024-04-13 16:00:00+00:00,22.847,23.147,22.546999,22.347,22.397,22.847,20.845499,74,74,82,80,80,78,81
1745,1,2024-04-13 17:00:00+00:00,21.447,21.947,21.347,21.347,21.296999,21.796999,18.1455,83,81,88,86,86,84,91
1746,1,2024-04-13 18:00:00+00:00,19.796999,20.647,20.697,20.897,20.447,20.897,16.2955,94,89,92,90,90,88,97
1747,1,2024-04-13 19:00:00+00:00,19.747,20.147,20.347,20.397,19.897,20.097,15.695499,94,92,94,92,93,92,99
1748,1,2024-04-13 20:00:00+00:00,19.497,19.997,19.997,20.046999,19.546999,19.447,15.6455,95,93,93,93,94,94,98
1749,1,2024-04-13 21:00:00+00:00,19.097,19.597,19.747,19.697,19.247,18.847,15.5955,96,94,94,94,95,96,97
1750,1,2024-04-13 22:00:00+00:00,18.847,19.197,18.997,19.197,18.847,18.347,15.3955,97,95,97,96,96,96,97
1751,1,2024-04-13 23:00:00+00:00,18.447,18.997,18.497,18.697,18.497,17.947,15.2455,98,96,99,98,96,95,96
1752,1,2024-04-14 00:00:00+00:00,18.097,18.796999,18.397,18.546999,18.097,17.447,15.195499,98,95,98,98,99,98,96
1753,1,2024-04-14 01:00:00+00:00,17.697,18.597,17.747,18.097,17.546999,16.697,14.8455,99,96,100,99,99,99,97
1754,1,2024-04-14 02:00:00+00:00,17.197,18.097,17.397,17.747,16.997,15.947,14.4955,99,98,100,100,98,99,97
1755,1,2024-04-14 03:00:00+00:00,16.697,17.697,17.097,17.847,17.046999,15.947,14.7955,99,99,100,99,96,98,96
1756,1,2024-04-14 04:00:00+00:00,16.347,17.397,16.847,18.647,17.997,17.147,16.095499,99,99,99,96,93,94,93
1757,1,2024-04-14 05:00:00+00:00,18.247,18.897,18.296999,19.897,19.546999,19.097,17.9955,93,96,94,91,88,89,88
1758,1,2024-04-14 06:00:00+00:00,20.546999,20.796999,20.947,21.046999,21.247,21.097,19.8955,86,86,84,84,82,82,82
1759,1,2024-04-14 07:00:00+00:00,22.546999,22.796999,23.046999,22.897,23.097,23.147,21.9955,73,74,71,75,73,73,72
1760,1,2024-04-14 08:00:00+00:00,24.147,24.546999,24.847,24.947,25.097,25.247,24.2455,65,63,62,64,62,62,61
1761,1,2024-04-14 09:00:00+00:00,25.447,25.947,26.397,26.497,26.697,26.897,25.9955,61,57,54,56,53,53,52
1762,1,2024-04-14 10:00:00+00:00,26.447,26.997,27.447,27.397,27.697,27.997,27.095499,59,54,51,52,48,48,47
1763,1,2024-04-14 11:00:00+00:00,26.397,27.697,27.897,27.796999,28.296999,28.697,27.6955,59,51,48,51,47,45,45
1764,1,2024-04-14 12:00:00+00:00,26.097,27.147,27.546999,28.046999,26.947,28.447,27.6955,64,55,53,48,52,46,45
1765,1,2024-04-14 13:00:00+00:00,25.747,26.647,27.147,27.247,26.447,27.697,26.4955,65,58,56,52,55,50,52
1766,1,2024-04-14 14:00:00+00:00,24.247,23.947,24.546999,25.897,25.747,26.447,24.595499,73,72,68,59,60,57,64
1767,1,2024-04-14 15:00:00+00:00,22.947,23.197,23.296999,24.546999,24.847,25.147,22.595499,77,74,74,66,66,65,74
1768,1,2024-04-14 16:00:00+00:00,21.497,21.947,22.497,23.347,23.747,23.796999,20.3955,84,79,81,73,74,73,82
1769,1,2024-04-14 17:00:00+00:00,20.296999,21.347,21.897,22.147,22.497,22.347,18.095499,89,83,85,80,82,82,89
1770,1,2024-04-14 18:00:00+00:00,20.046999,21.197,21.347,21.296999,21.347,21.147,17.4955,93,87,86,85,88,88,93
1771,1,2024-04-14 19:00:00+00:00,19.597,20.697,20.897,20.497,20.447,20.296999,16.845499,94,89,88,89,90,91,94
1772,1,2024-04-14 20:00:00+00:00,19.197,20.097,20.247,19.796999,19.647,19.647,16.595499,96,92,91,93,89,91,95
1773,1,2024-04-14 21:00:00+00:00,18.847,19.697,19.796999,19.197,18.947,19.046999,16.2955,98,94,93,95,89,91,95
1774,1,2024-04-14 22:00:00+00:00,18.597,19.597,19.247,18.697,18.347,18.497,15.8955,98,94,96,96,90,91,95
1775,1,2024-04-14 23:00:00+00:00,18.347,18.897,18.697,18.247,17.847,18.046999,15.4955,99,97,97,97,91,91,96
1776,1,2024-04-15 00:00:00+00:00,17.997,18.296999,18.296999,17.697,17.796999,17.597,15.695499,97,95,96,94,95,91,96
1777,1,2024-04-15 01:00:00+00:00,17.546999,17.697,17.947,17.046999,17.247,17.046999,15.2455,96,95,95,95,95,93,97
1778,1,2024-04-15 02:00:00+00:00,17.046999,17.447,17.546999,16.397,16.747,16.546999,14.7455,96,94,95,96,96,94,97
1779,1,2024-04-15 03:00:00+00:00,16.697,17.097,17.197,16.497,16.847,16.647,14.8955,96,93,94,95,94,94,96
1780,1,2024-04-15 04:00:00+00:00,16.497,16.947,16.847,17.697,17.997,17.796999,15.9955,96,94,95,91,90,91,93
1781,1,2024-04-15 05:00:00+00:00,18.147,18.796999,18.497,19.647,19.747,19.597,17.7455,91,90,91,86,84,85,89
1782,1,2024-04-15 06:00:00+00:00,20.997,20.697,21.097,21.247,21.497,21.497,19.595499,85,85,83,83,77,79,85
1783,1,2024-04-15 07:00:00+00:00,22.897,22.997,22.747,22.997,23.197,23.397,21.8955,72,72,72,74,69,71,77
1784,1,2024-04-15 08:00:00+00:00,24.546999,24.647,24.897,24.747,24.897,25.397,24.3955,64,65,64,64,60,61,67
1785,1,2024-04-15 09:00:00+00:00,25.497,25.997,26.197,26.097,26.347,26.947,26.095499,59,59,57,56,53,54,60
1786,1,2024-04-15 10:00:00+00:00,26.097,26.397,26.997,26.847,27.447,27.897,26.4955,56,56,53,53,49,50,59
1787,1,2024-04-15 11:00:00+00:00,26.397,26.247,27.347,27.147,28.247,28.397,26.0455,55,59,53,54,46,48,60
1788,1,2024-04-15 12:00:00+00:00,25.947,26.546999,27.747,26.796999,28.347,27.897,25.9955,62,59,52,58,48,49,64
1789,1,2024-04-15 13:00:00+00:00,25.747,26.347,27.546999,25.997,27.247,27.197,24.845499,63,60,53,62,53,52,69
1790,1,2024-04-15 14:00:00+00:00,25.147,25.597,25.296999,24.647,25.447,26.097,23.2455,63,63,61,68,60,57,75
1791,1,2024-04-15 15:00:00+00:00,23.997,23.546999,24.497,23.497,23.847,24.897,21.595499,67,76,65,74,67,62,81
1792,1,2024-04-15 16:00:00+00:00,22.347,22.296999,23.046999,22.796999,22.697,23.697,19.7955,79,82,74,78,73,68,86
1793,1,2024-04-15 17:00:00+00:00,21.647,21.597,21.997,22.197,21.647,22.497,17.9955,84,86,81,81,80,75,91
1794,1,2024-04-15 18:00:00+00:00,20.397,20.647,21.046999,21.247,20.747,21.347,16.1955,90,89,88,88,85,81,97
1795,1,2024-04-15 19:00:00+00:00,20.097,20.296999,20.497,20.597,19.897,20.397,15.695499,91,90,91,91,89,84,98
1796,1,2024-04-15 20:00:00+00:00,19.546999,19.447,19.847,19.947,19.197,19.546999,15.695499,93,93,94,94,92,87,97
1797,1,2024-04-15 21:00:00+00:00,18.997,18.897,19.197,19.397,18.597,18.847,15.695499,95,94,96,96,94,88,96
1798,1,2024-04-15 22:00:00+00:00,18.597,18.197,18.747,18.897,18.147,18.397,15.5455,96,96,94,96,94,88,96
1799,1,2024-04-15 23:00:00+00:00,18.097,17.747,18.247,18.397,17.847,18.147,15.3455,98,97,94,95,93,88,96
1800,1,2024-04-16 00:00:00+00:00,17.296999,17.447,17.747,17.847,17.597,18.197,15.2955,99,96,94,93,92,88,96
1801,1,2024-04-16 01:00:00+00:00,17.046999,17.147,17.397,17.247,17.046999,17.897,14.9955,99,96,94,93,93,89,97
1802,1,2024-04-16 02:00:00+00:00,16.597,16.897,17.347,16.647,16.497,17.647,14.6455,99,96,93,94,95,90,98
1803,1,2024-04-16 03:00:00+00:00,16.247,16.597,17.147,16.697,16.597,17.897,14.8955,100,95,93,93,94,89,97
1804,1,2024-04-16 04:00:00+00:00,15.997,16.546999,17.347,17.796999,17.796999,18.796999,15.9955,99,94,93,90,90,86,95
1805,1,2024-04-16 05:00:00+00:00,18.197,18.296999,18.796999,19.497,19.647,20.197,17.6955,92,90,89,85,85,81,91
1806,1,2024-04-16 06:00:00+00:00,20.796999,21.147,21.197,21.546999,21.546999,21.697,19.9955,85,82,81,79,78,76,82
1807,1,2024-04-16 07:00:00+00:00,22.497,22.747,22.747,23.247,23.447,23.447,22.3955,78,75,75,72,70,69,73
1808,1,2024-04-16 08:00:00+00:00,24.296999,24.497,24.546999,25.097,25.397,25.296999,24.9955,71,68,69,64,61,61,62
1809,1,2024-04-16 09:00:00+00:00,25.847,25.847,25.897,26.546999,26.847,26.796999,26.6955,61,59,62,57,54,55,55
1810,1,2024-04-16 10:00:00+00:00,26.747,26.597,26.847,27.546999,27.697,27.847,26.7455,56,56,57,52,51,51,56
1811,1,2024-04-16 11:00:00+00:00,27.097,27.197,27.647,28.197,28.097,28.497,25.845499,55,53,52,49,50,48,61
1812,1,2024-04-16 12:00:00+00:00,26.747,27.197,28.247,28.447,28.397,27.296999,24.4955,56,55,51,46,50,57,68
1813,1,2024-04-16 13:00:00+00:00,26.397,26.947,28.197,27.947,27.147,26.247,23.4955,57,58,50,47,57,61,73
1814,1,2024-04-16 14:00:00+00:00,25.947,25.747,27.747,26.947,25.197,24.697,22.345499,58,63,50,51,68,67,78
1815,1,2024-04-16 15:00:00+00:00,24.097,23.397,26.497,25.697,23.497,23.296999,21.095499,64,76,56,56,77,73,83
1816,1,2024-04-16 16:00:00+00:00,22.147,22.447,23.347,24.097,22.497,22.296999,19.5455,77,82,74,64,82,79,88
1817,1,2024-04-16 17:00:00+00:00,21.697,21.546999,21.747,22.247,21.796999,21.546999,17.8955,82,86,82,75,86,86,93
1818,1,2024-04-16 18:00:00+00:00,21.046999,20.697,21.397,21.597,21.197,20.897,16.6955,87,92,86,84,89,91,95
1819,1,2024-04-16 19:00:00+00:00,20.397,20.147,20.697,20.897,20.747,20.546999,16.4955,91,93,91,88,91,93,94
1820,1,2024-04-16 20:00:00+00:00,20.046999,19.747,20.046999,20.397,20.447,20.347,16.4955,93,95,93,90,92,94,93
1821,1,2024-04-16 21:00:00+00:00,19.546999,19.147,19.697,19.997,20.097,20.046999,16.3955,95,98,94,92,93,94,92
1822,1,2024-04-16 22:00:00+00:00,18.747,18.847,19.296999,19.647,19.697,19.497,16.0455,97,97,96,93,94,95,92
1823,1,2024-04-16 23:00:00+00:00,18.147,18.497,18.747,19.347,19.296999,18.847,15.6455,98,95,97,94,96,95,92
1824,1,2024-04-17 00:00:00+00:00,17.046999,17.997,18.397,18.847,18.097,18.897,15.7955,95,98,96,92,97,95,95
1825,1,2024-04-17 01:00:00+00:00,16.647,17.497,17.997,18.397,17.897,18.197,15.3455,95,97,94,91,95,94,96
1826,1,2024-04-17 02:00:00+00:00,16.397,17.197,17.796999,17.997,17.796999,17.447,14.7455,94,95,92,89,92,91,97
1827,1,2024-04-17 03:00:00+00:00,16.147,16.947,17.497,18.097,18.097,17.347,14.7955,95,93,91,87,89,89,96
1828,1,2024-04-17 04:00:00+00:00,16.097,16.747,17.247,18.897,18.897,18.296999,15.945499,94,93,91,84,86,87,94
1829,1,2024-04-17 05:00:00+00:00,18.046999,18.747,19.046999,20.147,20.097,19.897,17.7455,89,88,87,81,83,84,90
1830,1,2024-04-17 06:00:00+00:00,21.046999,21.397,21.296999,21.647,21.497,21.597,18.6955,81,81,79,75,79,80,90
1831,1,2024-04-17 07:00:00+00:00,22.947,23.247,23.046999,23.347,23.197,23.447,21.4455,70,72,73,69,72,72,80
1832,1,2024-04-17 08:00:00+00:00,24.747,24.947,24.847,25.147,25.046999,25.447,24.845499,62,64,67,63,63,63,66
1833,1,2024-04-17 09:00:00+00:00,26.247,26.597,26.497,26.647,26.597,27.046999,27.1955,57,58,59,57,56,55,56
1834,1,2024-04-17 10:00:00+00:00,27.347,27.546999,27.447,27.597,27.597,28.046999,27.845499,52,52,53,53,52,50,52
1835,1,2024-04-17 11:00:00+00:00,27.947,28.046999,28.296999,28.247,28.247,28.697,27.5455,49,49,50,50,49,47,51
1836,1,2024-04-17 12:00:00+00:00,28.197,28.347,28.497,28.447,28.697,28.796999,25.1955,47,49,45,49,46,45,63
1837,1,2024-04-17 13:00:00+00:00,27.997,28.397,28.296999,28.497,28.697,28.897,23.6955,45,47,46,48,44,43,70
1838,1,2024-04-17 14:00:00+00:00,27.597,27.847,28.097,28.247,28.296999,28.747,21.7455,46,46,47,49,44,42,79
1839,1,2024-04-17 15:00:00+00:00,25.697,26.296999,27.097,27.497,27.447,28.046999,19.9955,58,57,54,53,47,44,87
1840,1,2024-04-17 16:00:00+00:00,23.597,23.947,24.947,25.796999,25.697,26.497,18.595499,68,69,62,62,57,53,92
1841,1,2024-04-17 17:00:00+00:00,22.347,22.347,23.447,23.546999,23.447,24.447,17.345499,74,78,67,73,71,65,95
1842,1,2024-04-17 18:00:00+00:00,20.497,21.597,21.647,21.546999,21.697,22.747,18.4955,81,83,76,85,82,75,91
1843,1,2024-04-17 19:00:00+00:00,19.397,20.247,20.447,20.796999,20.997,21.747,17.7455,84,89,81,89,86,80,93
1844,1,2024-04-17 20:00:00+00:00,18.647,19.546999,19.697,20.546999,20.796999,21.097,16.9455,87,90,86,91,87,83,96
1845,1,2024-04-17 21:00:00+00:00,18.347,19.247,19.397,20.296999,20.647,20.546999,16.4955,89,87,88,92,88,86,97
1846,1,2024-04-17 22:00:00+00:00,18.147,18.997,19.147,19.997,20.347,19.997,16.595499,90,87,88,94,90,89,97
1847,1,2024-04-17 23:00:00+00:00,18.147,18.796999,18.947,19.747,20.046999,19.546999,16.9955,90,88,87,95,91,92,96
1848,1,2024-04-18 00:00:00+00:00,17.197,18.697,18.747,19.447,18.647,18.747,15.9955,92,88,94,94,86,94,97
1849,1,2024-04-18 01:00:00+00:00,17.147,18.697,18.647,19.046999,17.947,17.997,15.5955,92,87,91,94,87,94,97
1850,1,2024-04-18 02:00:00+00:00,17.046999,18.747,18.546999,18.647,17.197,17.247,15.3455,92,87,89,93,89,93,97
1851,1,2024-04-18 03:00:00+00:00,16.897,18.296999,17.997,18.697,17.147,17.147,15.5955,92,88,90,91,89,91,96
1852,1,2024-04-18 04:00:00+00:00,16.647,17.796999,17.597,19.397,18.147,18.147,16.595499,92,90,92,88,86,88,93
1853,1,2024-04-18 05:00:00+00:00,18.647,19.397,19.347,20.497,19.796999,19.796999,18.095499,86,85,87,83,82,84,88
1854,1,2024-04-18 06:00:00+00:00,21.447,21.347,21.247,21.796999,21.546999,21.597,19.8955,76,75,77,76,77,78,83
1855,1,2024-04-18 07:00:00+00:00,23.097,23.147,22.747,23.597,23.397,23.497,22.2455,68,67,69,69,71,70,74
1856,1,2024-04-18 08:00:00+00:00,24.796999,24.947,24.546999,25.597,25.347,25.546999,24.9455,62,61,64,62,63,61,62
1857,1,2024-04-18 09:00:00+00:00,26.296999,26.397,25.947,27.247,26.897,27.197,26.9955,57,54,59,55,57,53,53
1858,1,2024-04-18 10:00:00+00:00,27.147,27.097,27.147,28.397,27.947,28.347,28.2455,52,52,53,49,52,47,47
1859,1,2024-04-18 11:00:00+00:00,27.697,27.647,27.897,29.197,28.597,29.097,28.845499,49,50,50,45,47,43,42
1860,1,2024-04-18 12:00:00+00:00,27.247,27.947,28.397,28.796999,28.947,28.997,28.2955,54,48,47,46,45,44,41
1861,1,2024-04-18 13:00:00+00:00,27.046999,27.097,25.997,27.997,27.947,28.747,26.8955,56,49,58,49,50,44,49
1862,1,2024-04-18 14:00:00+00:00,24.497,25.597,25.796999,26.597,26.296999,28.097,24.6955,69,58,60,54,58,46,63
1863,1,2024-04-18 15:00:00+00:00,23.397,23.347,25.296999,25.147,24.747,27.046999,22.6955,75,72,61,60,66,51,74
1864,1,2024-04-18 16:00:00+00:00,22.247,21.997,22.397,23.897,23.546999,25.347,21.2455,81,78,75,68,73,59,79
1865,1,2024-04-18 17:00:00+00:00,21.197,21.046999,21.747,22.647,22.447,23.247,19.9955,87,82,78,76,79,70,82
1866,1,2024-04-18 18:00:00+00:00,21.347,20.947,20.947,21.097,21.497,21.597,20.3955,82,84,83,86,85,79,72
1867,1,2024-04-18 19:00:00+00:00,20.647,20.097,20.347,20.247,20.747,20.796999,19.345499,85,88,86,90,89,84,76
1868,1,2024-04-18 20:00:00+00:00,19.497,19.097,19.647,19.647,20.097,20.447,18.345499,87,91,88,92,92,87,82
1869,1,2024-04-18 21:00:00+00:00,18.597,18.347,18.897,19.097,19.597,20.046999,17.4955,88,92,90,93,94,89,87
1870,1,2024-04-18 22:00:00+00:00,17.947,17.897,18.296999,18.546999,19.197,19.497,16.7955,90,91,91,93,93,91,90
1871,1,2024-04-18 23:00:00+00:00,17.497,17.447,17.847,18.046999,18.847,18.897,16.1955,91,90,91,91,91,91,92
1872,1,2024-04-19 00:00:00+00:00,17.046999,17.247,16.897,17.647,18.397,17.947,15.695499,92,92,93,91,87,85,97
1873,1,2024-04-19 01:00:00+00:00,17.046999,16.847,16.597,17.197,17.847,17.296999,15.2955,93,92,94,92,89,88,97
1874,1,2024-04-19 02:00:00+00:00,16.997,16.347,16.447,16.847,17.247,16.647,14.8955,93,94,94,93,92,90,98
1875,1,2024-04-19 03:00:00+00:00,16.897,15.896999,16.296999,17.046999,17.247,16.697,15.0955,93,95,94,92,93,91,97
1876,1,2024-04-19 04:00:00+00:00,16.747,15.646999,16.296999,18.147,18.247,17.897,16.2455,94,96,94,89,90,88,94
1877,1,2024-04-19 05:00:00+00:00,18.447,17.546999,18.296999,19.796999,19.847,19.747,18.0455,89,92,90,84,86,84,90
1878,1,2024-04-19 06:00:00+00:00,20.697,20.397,20.247,21.296999,21.546999,21.647,20.4955,82,80,83,77,80,78,78
1879,1,2024-04-19 07:00:00+00:00,22.447,22.247,22.447,23.147,23.296999,23.546999,22.7955,75,75,76,70,72,71,69
1880,1,2024-04-19 08:00:00+00:00,24.147,24.147,24.447,25.046999,25.097,25.497,25.2455,68,69,69,64,64,64,59
1881,1,2024-04-19 09:00:00+00:00,25.397,25.697,25.947,26.546999,26.546999,26.997,27.095499,61,60,60,58,57,58,51
1882,1,2024-04-19 10:00:00+00:00,25.997,26.546999,26.897,27.546999,27.546999,27.947,28.2455,58,56,54,54,53,53,45
1883,1,2024-04-19 11:00:00+00:00,26.597,27.097,27.546999,28.147,28.097,28.497,28.845499,57,55,51,50,52,50,42
1884,1,2024-04-19 12:00:00+00:00,26.897,27.497,27.697,27.647,27.947,28.097,28.3955,55,53,53,51,50,52,43
1885,1,2024-04-19 13:00:00+00:00,26.647,27.197,27.397,27.247,26.997,27.147,26.4955,56,53,53,52,54,57,52
1886,1,2024-04-19 14:00:00+00:00,25.296999,26.397,26.747,26.447,25.546999,25.647,23.7455,60,54,54,55,60,64,65
1887,1,2024-04-19 15:00:00+00:00,23.147,25.097,25.546999,25.397,24.147,24.197,21.3955,73,59,58,60,67,71,77
1888,1,2024-04-19 16:00:00+00:00,22.497,23.397,23.647,23.947,23.046999,23.046999,19.8955,77,70,70,67,73,77,84
1889,1,2024-04-19 17:00:00+00:00,21.947,21.546999,21.697,22.247,21.997,21.947,18.7955,79,80,81,76,79,82,90
1890,1,2024-04-19 18:00:00+00:00,20.647,20.647,20.897,20.847,21.147,21.046999,18.7955,85,84,84,86,84,87,90
1891,1,2024-04-19 19:00:00+00:00,20.197,20.097,20.546999,20.197,20.497,20.347,18.345499,88,88,85,90,88,90,92
1892,1,2024-04-19 20:00:00+00:00,19.847,19.796999,19.796999,19.897,20.046999,19.847,17.9955,89,89,88,91,90,93,94
1893,1,2024-04-19 21:00:00+00:00,19.397,19.397,19.197,19.597,19.597,19.347,17.6955,91,91,92,91,92,94,96
1894,1,2024-04-19 22:00:00+00:00,19.097,19.046999,18.947,19.097,19.147,18.847,17.6455,92,91,93,91,92,93,97
1895,1,2024-04-19 23:00:00+00:00,18.747,18.796999,18.647,18.546999,18.747,18.397,17.6455,92,90,92,90,90,91,97
1896,1,2024-04-20 00:00:00+00:00,18.397,18.997,19.097,18.197,17.347,18.397,16.9955,93,86,90,92,91,90,97
1897,1,2024-04-20 01:00:00+00:00,18.197,18.546999,18.546999,17.647,16.796999,17.796999,16.7955,91,87,92,93,91,90,97
1898,1,2024-04-20 02:00:00+00:00,17.697,18.046999,17.947,17.097,16.347,17.247,16.595499,91,89,95,93,92,91,98
1899,1,2024-04-20 03:00:00+00:00,17.097,17.597,17.347,17.147,16.497,17.296999,16.6955,93,91,96,92,92,90,97
1900,1,2024-04-20 04:00:00+00:00,16.647,17.397,16.897,18.197,17.697,18.347,17.2955,95,92,97,88,89,88,95
1901,1,2024-04-20 05:00:00+00:00,18.447,18.947,18.897,19.796999,19.497,19.997,18.1955,90,89,90,82,85,84,91
1902,1,2024-04-20 06:00:00+00:00,20.847,21.347,21.397,21.546999,21.347,21.697,19.3955,84,81,81,77,80,80,86
1903,1,2024-04-20 07:00:00+00:00,22.397,23.097,23.397,23.296999,23.197,23.447,22.1455,79,76,74,71,73,74,75
1904,1,2024-04-20 08:00:00+00:00,24.147,24.697,24.997,24.997,25.147,25.247,25.2455,71,69,67,64,65,67,63
1905,1,2024-04-20 09:00:00+00:00,25.647,25.747,25.897,26.247,26.546999,26.597,26.9955,63,61,61,60,59,62,56
1906,1,2024-04-20 10:00:00+00:00,26.697,26.247,26.597,26.997,27.296999,27.347,26.345499,56,60,61,58,56,59,61
1907,1,2024-04-20 11:00:00+00:00,27.147,26.697,26.997,27.347,27.497,27.647,24.3955,54,59,59,57,56,56,72
1908,1,2024-04-20 12:00:00+00:00,27.296999,27.447,27.347,27.197,27.347,27.796999,26.9955,54,53,55,59,55,56,54
1909,1,2024-04-20 13:00:00+00:00,26.796999,27.097,27.147,26.197,26.397,26.647,25.095499,57,55,56,64,61,61,63
1910,1,2024-04-20 14:00:00+00:00,24.147,25.847,25.447,24.597,24.947,24.897,22.345499,70,60,63,71,70,67,77
1911,1,2024-04-20 15:00:00+00:00,22.847,23.247,23.296999,23.197,23.546999,23.397,20.095499,76,73,77,77,77,73,88
1912,1,2024-04-20 16:00:00+00:00,21.796999,21.947,22.046999,22.247,22.347,22.597,18.845499,82,81,83,82,80,77,93
1913,1,2024-04-20 17:00:00+00:00,21.247,21.197,21.197,21.497,21.247,22.046999,18.095499,86,84,87,87,82,81,96
1914,1,2024-04-20 18:00:00+00:00,20.697,20.747,20.847,20.947,20.347,21.546999,17.595499,91,86,88,90,83,84,99
1915,1,2024-04-20 19:00:00+00:00,20.397,20.147,20.347,20.546999,19.747,20.997,17.4955,91,87,91,92,85,87,99
1916,1,2024-04-20 20:00:00+00:00,20.097,19.947,19.847,20.247,19.347,20.447,17.6955,91,89,90,93,87,89,97
1917,1,2024-04-20 21:00:00+00:00,19.597,19.597,19.546999,19.997,18.997,20.046999,17.7955,93,91,90,93,89,91,96
1918,1,2024-04-20 22:00:00+00:00,19.247,19.296999,19.347,19.697,18.647,19.847,17.6455,94,92,89,93,91,92,96
1919,1,2024-04-20 23:00:00+00:00,18.947,18.997,19.097,19.347,18.397,19.796999,17.4455,95,93,89,92,94,92,97
1920,1,2024-04-21 00:00:00+00:00,18.897,18.697,19.046999,18.796999,18.847,18.546999,16.7955,93,92,90,93,93,94,99
1921,1,2024-04-21 01:00:00+00:00,18.796999,18.397,18.897,18.497,18.497,18.147,16.6955,94,92,91,94,93,94,99
1922,1,2024-04-21 02:00:00+00:00,18.597,18.046999,18.697,18.296999,18.247,17.796999,16.595499,93,93,90,94,93,93,99
1923,1,2024-04-21 03:00:00+00:00,18.397,17.647,18.397,18.447,18.347,17.947,16.6955,93,93,91,93,92,92,99
1924,1,2024-04-21 04:00:00+00:00,18.147,17.497,18.197,19.197,19.097,18.796999,17.0455,93,93,92,90,89,89,98
1925,1,2024-04-21 05:00:00+00:00,19.546999,19.296999,19.546999,20.397,20.296999,20.046999,17.595499,89,88,89,86,85,85,96
1926,1,2024-04-21 06:00:00+00:00,21.197,21.447,21.546999,21.647,21.597,21.447,17.4955,82,79,81,78,80,81,95
1927,1,2024-04-21 07:00:00+00:00,22.897,22.947,23.347,23.197,22.997,22.947,17.6955,75,74,75,72,75,76,93
1928,1,2024-04-21 08:00:00+00:00,24.247,24.847,25.097,24.897,24.497,24.597,17.9455,68,67,68,65,71,70,91
1929,1,2024-04-21 09:00:00+00:00,24.997,26.197,26.247,26.197,25.747,25.847,18.3955,65,59,61,60,66,65,88
1930,1,2024-04-21 10:00:00+00:00,25.847,26.947,27.097,27.046999,26.747,26.647,19.4955,62,56,57,57,61,61,83
1931,1,2024-04-21 11:00:00+00:00,26.296999,27.397,27.546999,27.546999,27.546999,27.097,20.8955,59,53,54,56,55,59,77
1932,1,2024-04-21 12:00:00+00:00,26.097,27.147,28.247,27.597,26.447,27.347,23.9955,59,55,47,56,61,57,71
1933,1,2024-04-21 13:00:00+00:00,25.796999,26.796999,28.097,26.546999,26.097,26.497,22.7455,60,56,48,60,61,62,77
1934,1,2024-04-21 14:00:00+00:00,25.546999,24.447,27.597,24.847,25.397,25.097,20.9455,58,69,46,68,63,70,84
1935,1,2024-04-21 15:00:00+00:00,24.546999,23.296999,25.397,23.447,24.546999,23.796999,19.3955,61,75,57,74,67,76,90
1936,1,2024-04-21 16:00:00+00:00,22.447,21.997,22.647,22.697,23.497,22.697,18.345499,76,82,79,79,73,78,94
1937,1,2024-04-21 17:00:00+00:00,21.497,20.897,21.847,22.147,22.247,21.697,17.5455,83,87,83,83,81,79,96
1938,1,2024-04-21 18:00:00+00:00,20.347,21.247,21.347,21.647,21.247,20.796999,17.595499,91,86,86,88,87,81,97
1939,1,2024-04-21 19:00:00+00:00,19.597,20.447,20.897,20.897,20.597,20.046999,17.1955,93,90,87,91,90,85,98
1940,1,2024-04-21 20:00:00+00:00,19.247,19.647,20.097,20.097,20.197,19.447,16.7955,92,93,90,93,91,89,99
1941,1,2024-04-21 21:00:00+00:00,19.046999,19.046999,19.697,19.447,19.796999,18.947,16.4955,93,94,92,94,91,92,99
1942,1,2024-04-21 22:00:00+00:00,18.947,18.397,19.197,18.947,19.347,18.597,16.1955,93,94,94,95,91,92,99
1943,1,2024-04-21 23:00:00+00:00,18.647,17.997,18.947,18.546999,18.947,18.347,15.8955,95,93,92,95,90,91,99
1944,1,2024-04-22 00:00:00+00:00,18.197,18.497,18.546999,18.546999,18.497,19.046999,16.595499,96,93,93,93,93,94,93
1945,1,2024-04-22 01:00:00+00:00,18.097,17.997,18.097,18.046999,18.046999,18.497,16.4955,95,93,93,93,94,93,93
1946,1,2024-04-22 02:00:00+00:00,17.597,17.347,17.747,17.546999,17.597,17.897,16.345499,95,94,91,92,95,92,93
1947,1,2024-04-22 03:00:00+00:00,16.897,16.897,17.347,17.597,17.697,17.847,16.3955,95,94,91,91,94,90,92
1948,1,2024-04-22 04:00:00+00:00,16.397,16.597,17.147,18.546999,18.747,18.697,16.7955,95,94,91,88,90,87,91
1949,1,2024-04-22 05:00:00+00:00,18.597,18.647,19.247,20.046999,20.296999,20.147,17.4455,91,91,87,84,85,83,89
1950,1,2024-04-22 06:00:00+00:00,20.447,21.347,21.847,21.647,21.947,21.647,19.7955,85,81,76,79,79,79,84
1951,1,2024-04-22 07:00:00+00:00,22.497,23.097,23.796999,23.397,23.597,23.197,21.4955,77,76,70,73,73,73,75
1952,1,2024-04-22 08:00:00+00:00,24.097,24.897,25.647,25.247,25.296999,24.796999,23.2955,72,70,65,67,66,67,64
1953,1,2024-04-22 09:00:00+00:00,25.497,26.546999,26.997,26.697,26.497,26.046999,24.595499,65,60,57,62,62,62,56
1954,1,2024-04-22 10:00:00+00:00,26.497,27.397,27.347,27.647,27.097,26.847,25.095499,60,55,54,58,60,59,52
1955,1,2024-04-22 11:00:00+00:00,27.197,27.947,27.897,28.197,27.296999,27.296999,25.1455,55,53,53,55,61,57,51
1956,1,2024-04-22 12:00:00+00:00,27.847,28.147,28.247,28.046999,27.597,27.296999,20.7955,51,50,49,51,56,58,74
1957,1,2024-04-22 13:00:00+00:00,27.296999,27.647,26.997,26.897,26.447,26.397,20.7455,52,51,50,57,60,62,75
1958,1,2024-04-22 14:00:00+00:00,26.197,25.597,26.347,25.097,24.697,24.947,20.6455,56,62,53,66,66,69,78
1959,1,2024-04-22 15:00:00+00:00,23.197,23.697,24.247,23.546999,23.197,23.597,20.095499,74,69,65,74,72,76,81
1960,1,2024-04-22 16:00:00+00:00,22.447,22.247,22.296999,22.597,22.197,22.647,18.845499,80,79,78,79,77,81,84
1961,1,2024-04-22 17:00:00+00:00,21.546999,21.497,21.647,21.847,21.447,21.847,17.1455,86,85,84,84,81,86,87
1962,1,2024-04-22 18:00:00+00:00,20.947,20.796999,21.296999,20.947,20.796999,21.147,16.3955,88,90,88,90,84,90,94
1963,1,2024-04-22 19:00:00+00:00,20.397,20.296999,20.897,20.296999,20.247,20.497,15.945499,92,92,90,92,86,92,95
1964,1,2024-04-22 20:00:00+00:00,19.796999,20.046999,20.397,19.747,19.847,19.997,15.5955,94,93,90,93,86,94,96
1965,1,2024-04-22 21:00:00+00:00,19.447,19.847,19.847,19.197,19.397,19.546999,15.2955,94,92,92,94,87,94,96
1966,1,2024-04-22 22:00:00+00:00,19.197,19.546999,19.647,18.697,18.847,19.247,15.1455,94,92,92,94,89,93,95
1967,1,2024-04-22 23:00:00+00:00,18.897,19.247,19.497,18.197,18.347,18.997,15.0455,94,91,90,94,91,91,94
1968,1,2024-04-23 00:00:00+00:00,18.697,18.647,19.046999,18.347,17.546999,18.796999,16.8955,94,92,88,90,92,95,97
1969,1,2024-04-23 01:00:00+00:00,18.447,18.347,18.697,17.747,17.247,18.546999,16.7955,93,92,89,91,92,95,97
1970,1,2024-04-23 02:00:00+00:00,18.097,17.997,18.447,17.197,17.097,18.247,16.6455,94,93,90,92,91,94,97
1971,1,2024-04-23 03:00:00+00:00,17.697,17.597,18.296999,17.247,17.447,18.347,16.595499,95,94,91,92,90,92,97
1972,1,2024-04-23 04:00:00+00:00,17.397,17.347,18.296999,18.247,18.497,19.097,16.4955,95,94,90,88,87,90,97
1973,1,2024-04-23 05:00:00+00:00,19.296999,19.397,19.847,19.847,19.997,20.296999,16.5455,90,89,86,83,82,86,97
1974,1,2024-04-23 06:00:00+00:00,21.546999,21.796999,21.647,21.796999,21.597,21.447,17.1955,83,82,82,74,77,83,97
1975,1,2024-04-23 07:00:00+00:00,23.147,23.447,23.347,23.796999,23.397,22.497,17.2455,73,72,75,67,70,79,96
1976,1,2024-04-23 08:00:00+00:00,24.647,24.997,25.097,25.796999,25.296999,23.546999,17.2955,68,66,66,59,63,75,96
1977,1,2024-04-23 09:00:00+00:00,25.347,26.197,26.397,27.347,26.796999,24.497,17.3955,66,61,60,53,57,71,95
1978,1,2024-04-23 10:00:00+00:00,25.897,27.046999,27.296999,28.147,27.697,25.397,17.6955,65,58,56,49,53,68,94
1979,1,2024-04-23 11:00:00+00:00,26.097,27.247,27.747,28.497,28.147,26.147,18.095499,62,58,53,46,50,65,93
1980,1,2024-04-23 12:00:00+00:00,26.147,27.296999,28.097,28.397,28.397,28.147,24.8955,56,57,50,51,49,49,59
1981,1,2024-04-23 13:00:00+00:00,25.897,26.947,27.847,27.147,28.097,27.897,24.1455,58,59,49,57,49,50,65
1982,1,2024-04-23 14:00:00+00:00,25.546999,23.897,26.847,25.197,27.347,27.347,22.6455,58,74,50,67,51,54,75
1983,1,2024-04-23 15:00:00+00:00,24.997,23.097,23.497,23.497,26.347,26.447,21.095499,58,77,75,76,55,58,84
1984,1,2024-04-23 16:00:00+00:00,22.897,22.197,22.397,22.447,24.847,25.046999,19.6955,71,83,83,82,61,64,89
1985,1,2024-04-23 17:00:00+00:00,21.447,21.097,21.647,21.747,23.046999,23.296999,18.2955,82,89,87,86,70,72,93
1986,1,2024-04-23 18:00:00+00:00,20.997,20.697,20.747,21.046999,21.647,21.847,17.6955,83,91,90,89,76,78,96
1987,1,2024-04-23 19:00:00+00:00,20.947,20.247,20.247,20.497,21.046999,20.997,17.4455,82,91,92,92,79,82,96
1988,1,2024-04-23 20:00:00+00:00,20.247,19.897,19.897,20.147,20.897,20.497,17.4455,86,91,92,94,80,84,96
1989,1,2024-04-23 21:00:00+00:00,19.397,19.397,19.546999,19.796999,20.647,19.947,17.3955,92,92,94,95,81,86,96
1990,1,2024-04-23 22:00:00+00:00,19.147,18.897,19.447,19.497,20.147,19.296999,17.2955,92,94,94,94,83,87,96
1991,1,2024-04-23 23:00:00+00:00,18.947,18.296999,19.296999,19.247,19.597,18.647,17.1455,92,96,92,92,85,88,97
1992,1,2024-04-24 00:00:00+00:00,18.796999,18.046999,18.897,19.546999,18.947,18.597,16.1955,92,95,91,93,86,87,99
1993,1,2024-04-24 01:00:00+00:00,18.597,17.597,18.447,19.147,18.247,17.897,16.095499,92,95,92,92,87,88,99
1994,1,2024-04-24 02:00:00+00:00,18.397,17.197,18.097,18.697,17.546999,17.296999,16.095499,92,95,93,92,89,89,99
1995,1,2024-04-24 03:00:00+00:00,18.197,16.947,17.847,18.647,17.447,17.247,16.1955,93,96,94,90,88,88,98
1996,1,2024-04-24 04:00:00+00:00,17.997,16.947,17.847,19.247,18.296999,18.197,16.4955,94,95,94,88,84,84,98
1997,1,2024-04-24 05:00:00+00:00,18.997,18.747,19.046999,20.197,19.796999,19.796999,16.8955,95,91,92,85,79,79,97
1998,1,2024-04-24 06:00:00+00:00,20.197,21.296999,21.046999,21.597,21.447,21.447,18.2955,85,84,84,81,73,74,90
1999,1,2024-04-24 07:00:00+00:00,21.046999,23.147,22.197,22.796999,23.347,23.197,19.4955,80,78,80,77,67,69,84
2000,1,2024-04-24 08:00:00+00:00,21.447,24.697,23.097,24.046999,25.397,24.997,20.9455,80,71,77,73,60,63,77
2001,1,2024-04-24 09:00:00+00:00,21.647,25.847,23.197,25.046999,26.997,26.347,21.8955,80,63,75,69,54,59,72
2002,1,2024-04-24 10:00:00+00:00,21.997,26.447,23.247,25.697,27.947,27.097,22.0455,82,59,77,66,50,56,71
2003,1,2024-04-24 11:00:00+00:00,22.947,26.796999,23.597,26.097,28.447,27.397,21.7955,78,59,78,63,47,54,72
2004,1,2024-04-24 12:00:00+00:00,22.147,25.447,26.296999,24.546999,27.947,27.897,24.7955,80,70,60,69,52,54,64
2005,1,2024-04-24 13:00:00+00:00,22.546999,25.147,25.747,24.296999,26.897,27.197,23.345499,75,71,61,71,56,56,72
2006,1,2024-04-24 14:00:00+00:00,22.546999,24.347,24.197,23.947,25.197,25.997,21.2455,75,74,71,75,62,59,82
2007,1,2024-04-24 15:00:00+00:00,22.147,22.897,23.497,23.397,23.647,24.747,19.4955,75,78,75,79,69,64,91
2008,1,2024-04-24 16:00:00+00:00,20.947,21.796999,22.197,22.497,22.546999,23.597,18.5455,83,84,81,83,75,70,95
2009,1,2024-04-24 17:00:00+00:00,19.897,20.847,21.197,21.447,21.647,22.447,17.9955,89,89,86,88,82,77,97
2010,1,2024-04-24 18:00:00+00:00,18.997,20.296999,20.597,20.697,20.947,21.447,16.8955,93,92,91,88,87,83,95
2011,1,2024-04-24 19:00:00+00:00,18.597,19.947,20.296999,20.097,20.497,20.697,16.6455,94,93,91,92,89,86,95
2012,1,2024-04-24 20:00:00+00:00,17.847,19.647,19.847,19.697,20.197,20.046999,16.7955,97,94,93,94,90,89,95
2013,1,2024-04-24 21:00:00+00:00,17.697,19.247,19.347,19.397,19.847,19.546999,16.8955,97,95,95,95,90,90,95
2014,1,2024-04-24 22:00:00+00:00,17.447,18.747,18.796999,19.147,19.296999,19.147,16.7455,97,96,97,95,90,91,96
2015,1,2024-04-24 23:00:00+00:00,17.147,18.447,18.546999,18.947,18.697,18.847,16.5455,99,96,96,95,91,91,96
2016,1,2024-04-25 00:00:00+00:00,16.947,18.546999,18.296999,18.497,18.997,18.546999,16.8955,98,96,96,92,92,88,97
2017,1,2024-04-25 01:00:00+00:00,16.897,18.347,18.097,17.947,18.546999,17.847,16.7955,98,96,95,93,92,90,98
2018,1,2024-04-25 02:00:00+00:00,16.997,18.147,17.796999,17.296999,18.097,17.147,16.6955,97,96,95,94,93,93,98
2019,1,2024-04-25 03:00:00+00:00,16.997,17.947,17.347,17.197,18.097,17.097,16.7955,97,97,95,94,92,93,98
2020,1,2024-04-25 04:00:00+00:00,16.897,17.546999,16.796999,18.097,18.796999,18.147,17.095499,97,98,97,91,90,89,97
2021,1,2024-04-25 05:00:00+00:00,18.597,18.897,18.697,19.597,19.897,19.897,17.5455,93,98,93,86,86,83,96
2022,1,2024-04-25 06:00:00+00:00,20.847,20.997,21.147,20.897,21.197,21.647,16.7955,86,87,84,84,82,76,97
2023,1,2024-04-25 07:00:00+00:00,21.847,21.897,22.747,22.097,22.697,23.347,17.4455,82,83,78,79,76,69,94
2024,1,2024-04-25 08:00:00+00:00,23.647,23.247,24.247,23.147,24.347,25.097,18.2955,72,77,71,74,69,63,90
2025,1,2024-04-25 09:00:00+00:00,24.897,24.497,25.296999,24.097,25.647,26.497,18.8955,68,72,67,70,64,57,87
2026,1,2024-04-25 10:00:00+00:00,25.597,25.447,26.247,24.997,26.397,27.447,18.9455,65,67,62,66,61,53,87
2027,1,2024-04-25 11:00:00+00:00,26.046999,25.796999,26.747,25.697,26.796999,28.046999,18.6955,63,65,60,64,60,50,88
2028,1,2024-04-25 12:00:00+00:00,24.647,25.897,26.546999,27.447,26.747,28.347,23.3955,69,60,60,53,59,49,66
2029,1,2024-04-25 13:00:00+00:00,24.747,25.697,25.897,26.247,25.997,27.397,22.3955,68,60,63,60,62,52,73
2030,1,2024-04-25 14:00:00+00:00,23.947,24.147,24.347,24.347,24.647,25.847,20.9955,71,72,74,70,68,57,83
2031,1,2024-04-25 15:00:00+00:00,22.897,22.997,22.796999,22.747,23.347,24.347,19.6955,76,79,79,78,74,64,91
2032,1,2024-04-25 16:00:00+00:00,21.796999,21.747,21.546999,21.796999,22.347,23.046999,18.6455,84,87,84,83,79,72,95
2033,1,2024-04-25 17:00:00+00:00,21.147,20.697,20.947,21.147,21.397,21.747,17.6955,87,91,87,86,84,82,96
2034,1,2024-04-25 18:00:00+00:00,20.247,19.997,20.147,20.197,20.647,20.747,16.095499,92,93,90,91,88,89,95
2035,1,2024-04-25 19:00:00+00:00,19.796999,19.796999,19.747,19.747,20.147,20.097,15.5955,93,93,92,93,91,92,96
2036,1,2024-04-25 20:00:00+00:00,19.447,19.497,19.447,19.497,19.747,19.697,15.3955,95,93,92,93,93,94,96
2037,1,2024-04-25 21:00:00+00:00,19.197,19.247,19.097,19.296999,19.447,19.347,15.2955,95,93,93,93,94,94,96
2038,1,2024-04-25 22:00:00+00:00,19.046999,19.046999,18.796999,19.046999,19.147,19.097,15.0955,95,95,94,94,95,94,96
2039,1,2024-04-25 23:00:00+00:00,18.847,18.997,18.697,18.847,18.847,18.897,14.8955,96,93,94,94,95,93,96
2040,1,2024-04-26 00:00:00+00:00,18.597,18.447,19.046999,18.447,18.796999,19.046999,16.7955,95,94,93,95,94,91,92
2041,1,2024-04-26 01:00:00+00:00,18.347,18.296999,18.697,17.947,18.197,18.497,16.6955,96,94,93,96,95,92,92
2042,1,2024-04-26 02:00:00+00:00,18.147,18.097,18.247,17.447,17.447,17.897,16.5455,96,95,94,97,96,93,92
2043,1,2024-04-26 03:00:00+00:00,17.947,17.847,17.897,17.497,17.296999,17.847,16.595499,97,95,94,96,96,93,91
2044,1,2024-04-26 04:00:00+00:00,17.447,17.546999,17.697,18.347,18.097,18.597,16.6455,99,96,94,93,93,90,91
2045,1,2024-04-26 05:00:00+00:00,18.947,19.046999,19.097,19.697,19.447,19.897,16.845499,94,92,91,88,88,85,90
2046,1,2024-04-26 06:00:00+00:00,20.197,20.847,21.147,21.046999,20.947,21.347,19.2955,88,86,84,85,82,80,86
2047,1,2024-04-26 07:00:00+00:00,21.597,22.647,22.747,22.546999,22.597,22.997,20.6955,82,79,80,78,76,74,81
2048,1,2024-04-26 08:00:00+00:00,22.597,24.147,24.347,24.247,24.347,24.747,21.9955,76,70,73,69,69,68,75
2049,1,2024-04-26 09:00:00+00:00,23.546999,25.097,25.747,25.597,25.747,26.147,22.6955,70,64,64,62,64,62,73
2050,1,2024-04-26 10:00:00+00:00,24.296999,25.997,26.647,26.597,26.747,26.997,22.2955,67,59,59,57,60,58,77
2051,1,2024-04-26 11:00:00+00:00,24.697,26.597,27.147,27.247,27.347,27.447,21.2455,63,56,57,54,57,54,83
2052,1,2024-04-26 12:00:00+00:00,23.847,26.347,27.497,27.447,27.597,27.897,24.095499,65,59,53,57,56,55,67
2053,1,2024-04-26 13:00:00+00:00,23.847,26.097,26.897,26.897,26.546999,26.796999,23.4455,64,60,52,58,61,60,73
2054,1,2024-04-26 14:00:00+00:00,23.497,25.847,25.947,25.847,24.847,25.097,22.4455,65,58,55,59,68,68,81
2055,1,2024-04-26 15:00:00+00:00,22.497,24.897,23.097,24.697,23.347,23.597,21.2955,71,62,74,63,75,76,87
2056,1,2024-04-26 16:00:00+00:00,21.097,23.046999,21.997,23.347,22.296999,22.546999,19.8955,78,72,83,70,80,82,91
2057,1,2024-04-26 17:00:00+00:00,20.397,21.697,20.897,21.847,21.447,21.697,18.3955,80,78,88,79,85,87,93
2058,1,2024-04-26 18:00:00+00:00,20.546999,20.697,20.747,20.497,20.747,20.997,16.9955,82,83,89,91,89,91,95
2059,1,2024-04-26 19:00:00+00:00,19.697,19.597,20.197,19.997,20.247,20.597,16.5455,87,88,92,92,91,93,96
2060,1,2024-04-26 20:00:00+00:00,18.747,18.747,19.947,19.647,19.847,20.347,16.3955,92,91,93,93,91,93,97
2061,1,2024-04-26 21:00:00+00:00,17.997,18.247,19.647,19.296999,19.497,20.097,16.2955,95,93,93,93,92,93,97
2062,1,2024-04-26 22:00:00+00:00,17.497,18.296999,19.197,18.997,19.097,19.697,16.2455,96,92,95,94,93,93,97
2063,1,2024-04-26 23:00:00+00:00,16.847,18.347,18.947,18.747,18.647,19.296999,16.2955,98,89,96,94,94,92,96
2064,1,2024-04-27 00:00:00+00:00,15.747,18.397,18.647,18.697,18.497,18.296999,16.4955,98,94,95,94,93,95,98
2065,1,2024-04-27 01:00:00+00:00,15.447,18.046999,18.447,18.296999,17.947,17.697,16.4955,97,95,94,94,94,96,98
2066,1,2024-04-27 02:00:00+00:00,14.997,17.647,18.296999,17.847,17.397,16.997,16.4955,97,95,93,95,95,96,97
2067,1,2024-04-27 03:00:00+00:00,14.646999,17.147,18.046999,17.897,17.347,16.997,16.595499,97,95,92,94,95,95,96
2068,1,2024-04-27 04:00:00+00:00,14.547,16.796999,17.847,18.697,18.197,18.046999,16.845499,97,96,93,91,93,92,95
2069,1,2024-04-27 05:00:00+00:00,17.046999,18.796999,19.347,19.947,19.546999,19.697,17.2455,92,90,90,88,90,88,94
2070,1,2024-04-27 06:00:00+00:00,20.147,20.997,21.647,21.197,21.046999,21.397,18.095499,84,80,82,85,85,83,91
2071,1,2024-04-27 07:00:00+00:00,21.947,23.046999,23.397,22.796999,22.697,23.097,19.3955,74,73,75,79,79,76,87
2072,1,2024-04-27 08:00:00+00:00,23.497,24.847,24.947,24.447,24.497,24.847,20.845499,66,64,68,73,71,68,82
2073,1,2024-04-27 09:00:00+00:00,24.697,26.197,26.397,25.796999,25.897,26.197,21.4955,62,58,61,67,65,62,80
2074,1,2024-04-27 10:00:00+00:00,25.546999,27.197,27.097,26.697,26.796999,27.097,20.595499,59,53,54,62,61,58,84
2075,1,2024-04-27 11:00:00+00:00,25.997,27.697,27.597,27.296999,27.347,27.597,18.7955,57,50,51,57,57,56,91
2076,1,2024-04-27 12:00:00+00:00,26.347,27.147,27.747,27.296999,27.247,27.647,17.2955,56,54,54,54,56,58,94
2077,1,2024-04-27 13:00:00+00:00,25.447,26.947,27.147,26.247,26.247,26.546999,17.095499,61,51,53,59,61,63,95
2078,1,2024-04-27 14:00:00+00:00,24.597,26.397,25.997,24.647,24.747,24.847,16.7955,64,51,58,68,70,70,97
2079,1,2024-04-27 15:00:00+00:00,23.447,25.046999,23.447,23.147,23.397,23.347,16.4955,70,58,76,76,77,77,98
2080,1,2024-04-27 16:00:00+00:00,22.046999,22.997,22.296999,22.046999,22.497,22.347,16.2455,80,68,83,82,82,82,98
2081,1,2024-04-27 17:00:00+00:00,20.947,21.147,21.247,21.097,21.747,21.597,15.9955,86,80,88,86,85,87,97
2082,1,2024-04-27 18:00:00+00:00,20.147,20.247,20.647,20.647,21.097,20.947,15.7955,88,89,88,86,88,90,96
2083,1,2024-04-27 19:00:00+00:00,19.197,19.747,20.347,20.147,20.497,20.397,15.6455,93,92,89,89,90,92,96
2084,1,2024-04-27 20:00:00+00:00,18.796999,19.497,19.796999,19.796999,20.046999,19.947,15.8955,95,93,90,92,92,93,94
2085,1,2024-04-27 21:00:00+00:00,18.497,19.147,19.296999,19.497,19.546999,19.546999,16.095499,97,94,93,94,93,93,92
2086,1,2024-04-27 22:00:00+00:00,18.296999,18.747,18.997,19.197,19.046999,19.147,16.1955,98,95,94,95,93,93,90
2087,1,2024-04-27 23:00:00+00:00,18.097,18.447,18.796999,18.947,18.546999,18.697,16.2455,97,95,95,95,93,93,89
2088,1,2024-04-28 00:00:00+00:00,17.747,17.897,18.546999,18.546999,18.197,18.147,15.5955,94,96,94,93,94,94,97
2089,1,2024-04-28 01:00:00+00:00,17.197,17.647,17.997,17.947,17.497,17.497,15.445499,95,95,94,94,95,95,97
2090,1,2024-04-28 02:00:00+00:00,16.647,17.147,17.597,17.347,16.747,16.847,15.3955,96,96,94,96,96,96,96
2091,1,2024-04-28 03:00:00+00:00,16.247,16.647,17.296999,17.296999,16.697,16.847,15.7955,97,96,95,96,95,95,95
2092,1,2024-04-28 04:00:00+00:00,16.097,16.397,17.046999,18.247,17.796999,17.947,16.9455,96,96,95,93,92,92,92
2093,1,2024-04-28 05:00:00+00:00,18.197,18.447,18.897,19.747,19.647,19.697,18.5455,91,91,90,88,87,88,87
2094,1,2024-04-28 06:00:00+00:00,20.697,21.397,21.197,21.447,21.397,21.397,19.6955,85,82,82,82,82,83,85
2095,1,2024-04-28 07:00:00+00:00,22.847,23.197,22.796999,22.947,22.997,22.947,21.3955,75,73,76,75,75,77,79
2096,1,2024-04-28 08:00:00+00:00,24.447,24.796999,24.647,24.546999,24.497,24.497,23.1955,66,66,68,66,68,70,72
2097,1,2024-04-28 09:00:00+00:00,25.697,25.697,25.947,25.796999,25.697,25.697,24.4955,62,60,60,60,63,64,66
2098,1,2024-04-28 10:00:00+00:00,26.197,26.397,26.747,26.647,26.497,26.597,25.345499,55,56,56,56,60,60,61
2099,1,2024-04-28 11:00:00+00:00,26.597,26.747,27.197,27.147,26.897,27.147,25.7455,54,55,53,54,60,58,57
2100,1,2024-04-28 12:00:00+00:00,26.097,26.546999,26.796999,27.046999,26.997,26.947,23.6955,56,55,54,54,58,58,73
2101,1,2024-04-28 13:00:00+00:00,25.697,26.347,26.497,25.947,26.347,25.897,22.9455,57,54,54,60,60,64,77
2102,1,2024-04-28 14:00:00+00:00,25.046999,25.647,25.947,24.197,25.197,24.296999,21.9955,57,54,54,69,64,73,81
2103,1,2024-04-28 15:00:00+00:00,23.247,24.546999,24.697,22.647,23.997,22.947,20.9955,66,62,60,77,69,81,85
2104,1,2024-04-28 16:00:00+00:00,21.347,22.697,22.247,21.546999,22.897,22.197,19.8955,79,71,75,82,74,85,88
2105,1,2024-04-28 17:00:00+00:00,20.597,21.296999,20.897,20.647,21.796999,21.647,18.7455,85,79,83,85,80,88,89
2106,1,2024-04-28 18:00:00+00:00,20.247,20.147,20.296999,20.447,20.847,21.097,17.1955,89,88,84,89,85,90,96
2107,1,2024-04-28 19:00:00+00:00,19.647,19.847,19.597,19.897,20.097,20.347,16.9455,93,89,85,90,88,90,96
2108,1,2024-04-28 20:00:00+00:00,19.447,19.447,19.347,19.447,19.447,19.597,17.095499,92,91,86,91,89,88,95
2109,1,2024-04-28 21:00:00+00:00,19.197,18.947,19.147,19.046999,18.897,18.897,17.1955,93,91,88,91,90,87,94
2110,1,2024-04-28 22:00:00+00:00,18.947,18.546999,18.796999,18.697,18.447,18.397,16.9955,93,91,90,92,91,88,95
2111,1,2024-04-28 23:00:00+00:00,18.747,18.097,18.447,18.447,18.046999,17.997,16.6955,93,91,92,92,92,90,97
2112,1,2024-04-29 00:00:00+00:00,17.897,18.397,17.847,18.197,17.546999,17.647,15.5955,94,93,94,94,95,90,96
2113,1,2024-04-29 01:00:00+00:00,17.347,18.046999,17.597,17.597,16.997,16.997,15.2455,94,94,95,95,96,92,96
2114,1,2024-04-29 02:00:00+00:00,16.947,17.597,17.197,17.046999,16.497,16.397,14.8455,95,95,96,96,96,94,97
2115,1,2024-04-29 03:00:00+00:00,16.447,17.097,16.747,17.097,16.647,16.447,14.9955,95,95,96,95,95,94,96
2116,1,2024-04-29 04:00:00+00:00,16.197,16.897,16.497,18.247,17.847,17.647,16.095499,95,95,96,91,91,90,93
2117,1,2024-04-29 05:00:00+00:00,18.147,18.747,18.546999,19.997,19.747,19.497,17.7455,90,91,91,86,86,84,89
2118,1,2024-04-29 06:00:00+00:00,20.597,20.997,21.447,21.597,21.597,21.347,19.8955,83,83,82,80,80,78,85
2119,1,2024-04-29 07:00:00+00:00,22.397,23.046999,23.546999,23.296999,23.397,23.097,22.1455,78,76,75,73,72,72,75
2120,1,2024-04-29 08:00:00+00:00,24.296999,24.747,25.097,24.997,25.147,24.847,24.6455,68,66,64,64,64,65,64
2121,1,2024-04-29 09:00:00+00:00,25.397,25.847,26.147,26.347,26.597,26.247,26.1955,61,59,57,58,57,60,57
2122,1,2024-04-29 10:00:00+00:00,26.197,26.747,26.947,27.296999,27.546999,27.147,26.3955,57,55,54,54,52,56,58
2123,1,2024-04-29 11:00:00+00:00,26.897,27.347,27.447,27.897,28.197,27.697,25.7455,54,53,53,51,49,54,65
2124,1,2024-04-29 12:00:00+00:00,26.546999,27.497,27.497,27.847,28.347,28.347,26.595499,53,51,54,52,48,49,54
2125,1,2024-04-29 13:00:00+00:00,25.796999,26.947,27.197,27.747,28.247,28.097,24.7955,58,53,54,52,46,49,63
2126,1,2024-04-29 14:00:00+00:00,25.147,25.997,26.497,27.247,27.796999,27.447,22.2955,63,57,55,53,46,51,76
2127,1,2024-04-29 15:00:00+00:00,23.897,24.697,24.897,26.347,26.897,26.397,20.1955,69,64,62,56,50,55,86
2128,1,2024-04-29 16:00:00+00:00,22.347,22.897,22.347,24.796999,25.097,24.647,19.0455,80,75,79,63,61,64,91
2129,1,2024-04-29 17:00:00+00:00,21.247,21.697,21.347,22.796999,22.796999,22.497,18.2955,85,81,85,73,76,75,94
2130,1,2024-04-29 18:00:00+00:00,20.247,20.697,21.247,20.947,21.046999,20.796999,17.2955,91,87,86,83,87,84,95
2131,1,2024-04-29 19:00:00+00:00,19.897,20.247,20.697,20.097,20.347,19.997,16.9955,91,90,89,86,91,88,96
2132,1,2024-04-29 20:00:00+00:00,19.647,19.796999,20.097,19.546999,20.147,19.647,17.0455,91,92,90,88,92,90,95
2133,1,2024-04-29 21:00:00+00:00,19.497,19.647,19.447,19.046999,19.897,19.347,17.095499,91,91,90,89,93,91,95
2134,1,2024-04-29 22:00:00+00:00,19.097,19.197,18.947,18.647,19.347,18.947,16.9955,93,93,90,91,94,92,95
2135,1,2024-04-29 23:00:00+00:00,18.747,18.747,18.347,18.296999,18.747,18.546999,16.8955,94,95,92,93,95,93,95
2136,1,2024-04-30 00:00:00+00:00,18.296999,18.647,18.497,17.847,18.247,18.147,16.095499,96,97,93,97,96,95,93
2137,1,2024-04-30 01:00:00+00:00,17.897,18.397,17.997,17.247,17.597,17.497,15.9955,96,96,93,98,96,96,93
2138,1,2024-04-30 02:00:00+00:00,17.497,18.197,17.697,16.697,16.947,16.897,15.8955,96,95,94,98,97,96,94
2139,1,2024-04-30 03:00:00+00:00,17.046999,17.747,17.397,16.796999,16.997,16.997,16.1955,97,95,95,96,95,95,93
2140,1,2024-04-30 04:00:00+00:00,16.697,17.397,17.097,17.947,18.197,18.197,17.095499,97,95,96,92,91,91,90
2141,1,2024-04-30 05:00:00+00:00,18.597,19.147,18.947,19.747,20.046999,20.097,18.3955,94,90,91,87,86,85,85
2142,1,2024-04-30 06:00:00+00:00,21.046999,21.247,21.347,21.497,21.897,21.997,20.095499,87,85,83,83,80,78,83
2143,1,2024-04-30 07:00:00+00:00,22.747,23.147,23.147,23.197,23.697,23.847,22.1955,77,78,79,76,73,71,75
2144,1,2024-04-30 08:00:00+00:00,24.046999,24.747,24.796999,24.897,25.447,25.697,24.345499,70,68,69,67,64,63,66
2145,1,2024-04-30 09:00:00+00:00,25.046999,25.897,25.997,26.247,26.847,27.097,25.8955,65,61,63,60,58,57,60
2146,1,2024-04-30 10:00:00+00:00,25.847,26.147,26.796999,27.147,27.747,27.997,26.5455,62,61,59,55,54,54,57
2147,1,2024-04-30 11:00:00+00:00,26.247,26.597,27.197,27.697,28.247,28.397,26.5455,60,59,55,52,52,52,55
2148,1,2024-04-30 12:00:00+00:00,26.147,26.747,27.147,28.197,27.697,28.247,24.4955,60,59,53,52,54,54,68
2149,1,2024-04-30 13:00:00+00:00,25.647,26.097,26.597,27.597,26.546999,27.097,23.095499,62,60,56,54,60,61,75
2150,1,2024-04-30 14:00:00+00:00,24.447,24.947,26.046999,26.497,24.796999,25.296999,21.345499,69,63,57,57,70,71,82
2151,1,2024-04-30 15:00:00+00:00,22.796999,22.947,24.897,25.247,23.197,23.647,19.7955,77,77,61,62,78,79,89
2152,1,2024-04-30 16:00:00+00:00,21.546999,21.897,23.046999,23.847,22.097,22.347,18.7455,85,83,72,69,84,84,93
2153,1,2024-04-30 17:00:00+00:00,20.796999,21.197,21.546999,22.247,21.147,21.147,17.9455,89,85,81,77,89,87,95
2154,1,2024-04-30 18:00:00+00:00,20.497,20.147,20.897,21.247,20.447,20.247,18.095499,91,90,84,80,93,89,93
2155,1,2024-04-30 19:00:00+00:00,19.997,19.647,20.347,20.447,19.997,19.697,17.5455,92,92,87,84,95,92,94
2156,1,2024-04-30 20:00:00+00:00,19.247,19.247,19.796999,19.847,19.796999,19.447,16.9955,95,93,89,87,95,94,95
2157,1,2024-04-30 21:00:00+00:00,19.046999,18.947,19.296999,19.347,19.497,19.247,16.595499,95,93,92,89,95,95,96
2158,1,2024-04-30 22:00:00+00:00,18.796999,18.697,19.147,18.897,19.046999,19.046999,16.4955,95,93,92,91,96,95,96
2159,1,2024-04-30 23:00:00+00:00,18.447,18.397,19.147,18.597,18.546999,18.897,16.595499,96,94,91,91,96,94,95
2160,1,2024-05-01 00:00:00+00:00,18.197,17.847,18.847,18.397,17.947,18.647,16.095499,97,95,92,91,94,94,96
2161,1,2024-05-01 01:00:00+00:00,17.897,17.546999,18.546999,17.847,17.497,18.247,15.695499,97,95,92,92,95,94,96
2162,1,2024-05-01 02:00:00+00:00,17.497,17.397,18.097,17.296999,17.097,17.897,15.195499,97,95,93,94,95,94,97
2163,1,2024-05-01 03:00:00+00:00,17.097,17.147,17.647,17.347,17.247,18.046999,15.2955,97,95,95,93,94,93,96
2164,1,2024-05-01 04:00:00+00:00,16.897,16.897,17.296999,18.397,18.296999,18.997,16.3955,97,95,95,89,91,90,93
2165,1,2024-05-01 05:00:00+00:00,18.697,18.647,18.997,19.997,19.897,20.397,18.0455,92,91,91,84,87,86,88
2166,1,2024-05-01 06:00:00+00:00,21.046999,20.647,20.947,21.397,21.546999,21.796999,16.4955,87,86,84,82,82,82,95
2167,1,2024-05-01 07:00:00+00:00,22.947,22.296999,22.897,23.097,23.247,23.147,17.1455,78,82,78,75,75,77,93
2168,1,2024-05-01 08:00:00+00:00,24.097,23.897,24.647,24.847,25.046999,24.447,17.9455,71,72,71,68,67,71,90
2169,1,2024-05-01 09:00:00+00:00,24.847,24.997,25.697,26.296999,26.397,25.546999,18.4955,69,66,62,61,60,66,89
2170,1,2024-05-01 10:00:00+00:00,25.647,25.697,26.546999,27.247,27.197,26.347,18.595499,67,64,58,56,56,63,89
2171,1,2024-05-01 11:00:00+00:00,26.097,25.947,27.046999,27.897,27.597,26.947,18.4455,65,59,56,53,54,62,91
2172,1,2024-05-01 12:00:00+00:00,26.097,26.147,26.147,28.147,28.597,27.296999,21.2955,60,59,58,52,51,59,83
2173,1,2024-05-01 13:00:00+00:00,25.597,26.147,25.997,27.697,28.046999,26.347,20.5455,60,57,58,53,52,63,85
2174,1,2024-05-01 14:00:00+00:00,24.347,25.697,25.197,26.796999,26.997,24.796999,19.3955,70,57,60,55,56,70,89
2175,1,2024-05-01 15:00:00+00:00,23.497,24.546999,24.296999,25.747,25.747,23.397,18.4955,69,65,65,59,61,77,92
2176,1,2024-05-01 16:00:00+00:00,21.997,23.097,22.747,24.397,24.147,22.347,17.9955,76,73,73,65,70,83,93
2177,1,2024-05-01 17:00:00+00:00,20.947,22.447,21.647,22.897,22.397,21.447,17.6955,82,76,78,73,80,88,93
2178,1,2024-05-01 18:00:00+00:00,21.046999,20.497,20.796999,21.197,20.997,20.697,16.6955,88,85,86,82,88,92,96
2179,1,2024-05-01 19:00:00+00:00,20.046999,19.697,20.447,20.296999,20.347,20.147,16.6455,93,89,86,86,91,94,96
2180,1,2024-05-01 20:00:00+00:00,19.397,19.247,20.147,19.597,20.046999,19.747,16.9455,96,92,85,89,92,94,95
2181,1,2024-05-01 21:00:00+00:00,19.046999,19.097,19.697,19.046999,19.847,19.397,17.095499,96,92,86,91,92,94,95
2182,1,2024-05-01 22:00:00+00:00,18.847,19.046999,19.147,18.647,19.597,19.046999,16.7455,96,90,87,92,93,94,95
2183,1,2024-05-01 23:00:00+00:00,18.747,18.897,18.697,18.347,19.397,18.747,16.1955,94,89,89,93,95,93,96
2184,1,2024-05-02 00:00:00+00:00,18.247,18.097,18.597,18.647,18.697,18.796999,16.595499,94,92,91,94,91,91,97
2185,1,2024-05-02 01:00:00+00:00,18.147,17.697,18.097,18.046999,18.147,18.497,16.4955,94,93,92,95,92,91,98
2186,1,2024-05-02 02:00:00+00:00,17.897,17.347,17.647,17.447,17.647,18.197,16.2955,95,94,94,95,94,92,98
2187,1,2024-05-02 03:00:00+00:00,17.447,16.997,17.347,17.447,17.747,18.397,16.1955,95,95,95,93,93,91,99
2188,1,2024-05-02 04:00:00+00:00,17.197,16.647,17.197,18.497,18.796999,19.296999,16.1955,95,96,94,90,89,88,99
2189,1,2024-05-02 05:00:00+00:00,18.897,18.747,19.147,20.147,20.497,20.697,16.2955,91,93,88,85,84,85,99
2190,1,2024-05-02 06:00:00+00:00,21.097,21.296999,21.447,21.796999,22.097,22.097,17.2955,84,84,82,79,78,80,95
2191,1,2024-05-02 07:00:00+00:00,22.747,22.897,23.296999,23.397,23.546999,23.546999,17.7955,78,79,76,72,73,74,91
2192,1,2024-05-02 08:00:00+00:00,24.296999,23.947,24.296999,24.997,24.997,24.997,18.4455,68,73,68,64,67,67,86
2193,1,2024-05-02 09:00:00+00:00,25.147,24.897,25.447,26.247,26.147,26.197,19.3955,63,67,64,58,63,62,80
2194,1,2024-05-02 10:00:00+00:00,25.997,25.796999,26.147,26.997,26.997,27.147,21.1455,60,64,61,55,59,59,72
2195,1,2024-05-02 11:00:00+00:00,26.447,25.997,26.747,27.397,27.597,27.796999,23.1455,60,64,58,53,57,57,64
2196,1,2024-05-02 12:00:00+00:00,25.897,26.546999,27.397,26.847,28.147,27.647,19.3955,64,61,54,57,53,57,87
2197,1,2024-05-02 13:00:00+00:00,25.447,25.947,26.897,25.897,27.597,26.546999,19.4455,66,61,52,62,54,61,88
2198,1,2024-05-02 14:00:00+00:00,24.347,25.347,26.147,24.447,26.546999,24.796999,19.2955,72,61,55,70,56,69,89
2199,1,2024-05-02 15:00:00+00:00,23.296999,24.197,24.647,23.097,25.397,23.247,18.8955,76,65,63,77,60,76,91
2200,1,2024-05-02 16:00:00+00:00,22.197,22.796999,22.647,22.046999,24.097,22.296999,18.0455,82,73,75,82,66,81,93
2201,1,2024-05-02 17:00:00+00:00,21.296999,21.796999,21.546999,21.147,22.697,21.546999,16.9455,86,80,82,86,74,86,94
2202,1,2024-05-02 18:00:00+00:00,20.597,20.597,21.347,20.747,21.597,20.897,17.1955,92,91,87,89,81,90,94
2203,1,2024-05-02 19:00:00+00:00,20.097,19.597,20.397,20.197,21.046999,20.247,16.9955,94,96,92,91,85,92,95
2204,1,2024-05-02 20:00:00+00:00,20.097,19.247,20.296999,19.847,20.796999,19.647,16.7955,94,96,91,92,87,94,97
2205,1,2024-05-02 21:00:00+00:00,19.847,19.147,19.796999,19.497,20.546999,19.147,16.6955,93,96,92,93,89,94,98
2206,1,2024-05-02 22:00:00+00:00,19.597,18.947,19.546999,19.147,20.247,18.747,16.595499,93,96,92,94,90,93,99
2207,1,2024-05-02 23:00:00+00:00,19.247,18.647,19.247,18.796999,19.997,18.397,16.5455,94,96,92,95,91,92,99
2208,1,2024-05-03 00:00:00+00:00,18.947,19.347,19.397,18.397,19.247,19.046999,16.095499,94,92,91,93,91,92,96
2209,1,2024-05-03 01:00:00+00:00,18.747,19.097,19.296999,17.947,18.747,18.497,15.9955,95,93,91,94,92,93,96
2210,1,2024-05-03 02:00:00+00:00,18.546999,18.947,19.296999,17.546999,18.197,17.897,15.9955,95,93,91,95,92,93,97
2211,1,2024-05-03 03:00:00+00:00,18.397,18.947,19.147,17.597,18.247,17.897,16.095499,95,93,92,95,91,93,97
2212,1,2024-05-03 04:00:00+00:00,18.397,18.847,18.697,18.497,19.197,18.847,16.2455,95,93,95,93,88,91,97
2213,1,2024-05-03 05:00:00+00:00,19.347,19.847,19.546999,19.847,20.647,20.296999,16.4955,93,90,92,89,84,87,96
2214,1,2024-05-03 06:00:00+00:00,20.247,20.497,20.046999,20.997,22.147,21.847,17.1955,91,87,89,86,79,83,94
2215,1,2024-05-03 07:00:00+00:00,21.897,22.097,21.147,22.447,23.647,23.347,18.7455,83,80,87,80,73,77,87
2216,1,2024-05-03 08:00:00+00:00,22.697,23.197,22.947,24.046999,25.147,24.897,20.7455,82,75,78,73,67,70,79
2217,1,2024-05-03 09:00:00+00:00,23.046999,24.197,24.197,25.296999,26.296999,26.097,22.095499,79,72,72,67,62,64,74
2218,1,2024-05-03 10:00:00+00:00,23.546999,24.897,25.097,26.046999,27.097,26.847,22.3955,75,70,69,63,58,60,75
2219,1,2024-05-03 11:00:00+00:00,24.296999,25.397,25.546999,26.447,27.546999,27.247,22.095499,72,68,68,61,55,58,79
2220,1,2024-05-03 12:00:00+00:00,23.597,24.796999,25.247,25.947,26.197,26.796999,18.8955,74,69,69,66,61,62,94
2221,1,2024-05-03 13:00:00+00:00,22.847,23.796999,24.447,25.296999,25.397,25.697,18.4455,76,74,73,68,65,67,95
2222,1,2024-05-03 14:00:00+00:00,22.597,22.897,23.296999,24.247,24.197,23.997,18.1455,76,80,77,72,70,75,96
2223,1,2024-05-03 15:00:00+00:00,22.197,22.447,22.497,23.197,22.997,22.497,17.8955,78,83,80,76,76,82,96
2224,1,2024-05-03 16:00:00+00:00,21.147,21.597,21.697,22.147,21.897,21.546999,17.5455,84,88,85,81,82,85,97
2225,1,2024-05-03 17:00:00+00:00,20.747,20.796999,21.296999,21.097,20.847,20.796999,17.1955,86,91,87,86,87,86,97
2226,1,2024-05-03 18:00:00+00:00,19.997,20.247,20.397,20.296999,20.097,20.197,16.595499,92,95,90,91,91,87,99
2227,1,2024-05-03 19:00:00+00:00,19.697,19.947,20.097,19.796999,19.796999,19.747,16.5455,94,95,92,93,92,88,99
2228,1,2024-05-03 20:00:00+00:00,19.447,19.847,19.897,19.397,19.747,19.447,16.4955,96,95,92,95,92,88,98
2229,1,2024-05-03 21:00:00+00:00,19.296999,19.847,19.697,19.147,19.697,19.147,16.3955,96,94,92,96,91,89,98
2230,1,2024-05-03 22:00:00+00:00,19.347,19.847,19.497,18.997,19.546999,18.847,15.9955,95,92,92,96,91,90,98
2231,1,2024-05-03 23:00:00+00:00,19.197,19.597,19.347,18.947,19.347,18.597,15.4955,94,93,93,95,91,91,99
2232,1,2024-05-04 00:00:00+00:00,18.997,18.997,19.197,19.147,19.046999,19.247,16.2955,95,93,93,92,93,88,99
2233,1,2024-05-04 01:00:00+00:00,18.947,18.847,19.147,18.947,18.697,18.897,16.2455,94,93,93,93,94,89,99
2234,1,2024-05-04 02:00:00+00:00,18.697,18.796999,18.897,18.747,18.397,18.546999,16.2455,95,92,94,94,94,90,99
2235,1,2024-05-04 03:00:00+00:00,18.597,18.697,18.796999,18.747,18.397,18.647,16.2955,93,92,94,95,94,90,99
2236,1,2024-05-04 04:00:00+00:00,18.296999,18.597,18.597,19.097,18.947,19.447,16.4955,92,92,96,94,93,88,99
2237,1,2024-05-04 05:00:00+00:00,19.097,18.897,18.947,19.747,19.847,20.647,16.7455,89,91,95,92,90,85,99
2238,1,2024-05-04 06:00:00+00:00,19.697,19.497,20.546999,19.597,20.897,21.897,19.1955,81,84,90,93,87,81,84
2239,1,2024-05-04 07:00:00+00:00,20.947,20.447,21.847,20.747,22.097,23.247,20.5455,78,80,85,89,81,76,80
2240,1,2024-05-04 08:00:00+00:00,22.147,21.546999,23.097,22.197,23.397,24.697,22.095499,72,76,77,83,75,70,76
2241,1,2024-05-04 09:00:00+00:00,23.296999,22.447,23.997,23.397,24.497,25.747,23.1955,68,73,73,78,69,65,73
2242,1,2024-05-04 10:00:00+00:00,24.247,23.247,24.897,24.197,25.347,26.296999,23.6455,63,71,68,73,65,62,72
2243,1,2024-05-04 11:00:00+00:00,24.597,23.997,25.296999,24.697,25.947,26.447,23.6955,61,67,66,68,62,60,72
2244,1,2024-05-04 12:00:00+00:00,22.597,24.397,23.447,23.997,25.947,24.796999,23.1955,74,62,71,67,65,70,75
2245,1,2024-05-04 13:00:00+00:00,22.497,24.046999,23.197,23.697,24.997,24.497,22.1455,72,66,71,67,69,72,80
2246,1,2024-05-04 14:00:00+00:00,22.647,23.147,23.097,23.197,23.447,23.897,20.845499,72,73,72,68,76,74,86
2247,1,2024-05-04 15:00:00+00:00,22.046999,22.197,22.796999,22.647,22.147,23.197,19.6955,76,76,73,70,82,77,91
2248,1,2024-05-04 16:00:00+00:00,21.147,21.397,21.997,22.097,21.296999,22.296999,18.845499,80,80,78,73,87,81,93
2249,1,2024-05-04 17:00:00+00:00,20.347,20.647,21.097,21.447,20.597,21.247,18.1455,84,84,83,76,91,86,94
2250,1,2024-05-04 18:00:00+00:00,19.497,20.447,20.397,19.097,20.097,20.397,16.7955,88,86,92,93,94,89,98
2251,1,2024-05-04 19:00:00+00:00,18.997,19.947,19.997,18.647,19.796999,19.947,16.4955,88,89,94,95,95,90,98
2252,1,2024-05-04 20:00:00+00:00,18.347,19.497,19.697,18.397,19.697,19.697,16.3955,88,91,95,95,94,90,98
2253,1,2024-05-04 21:00:00+00:00,17.546999,19.147,19.597,18.247,19.597,19.447,16.2955,90,93,94,95,93,90,98
2254,1,2024-05-04 22:00:00+00:00,16.847,18.546999,19.447,18.097,19.546999,19.147,16.0455,93,95,93,94,93,91,98
2255,1,2024-05-04 23:00:00+00:00,16.247,18.197,19.197,17.997,19.497,18.847,15.7955,94,95,92,94,92,92,97
2256,1,2024-05-05 00:00:00+00:00,16.147,17.847,17.697,17.747,18.997,19.597,16.3955,97,96,96,93,94,91,98
2257,1,2024-05-05 01:00:00+00:00,15.797,17.397,17.097,17.197,18.697,19.397,16.095499,96,96,97,94,94,91,98
2258,1,2024-05-05 02:00:00+00:00,15.396999,16.997,16.796999,16.597,18.447,19.147,15.7455,96,96,96,96,94,92,97
2259,1,2024-05-05 03:00:00+00:00,14.947,16.897,16.647,16.647,18.546999,19.296999,15.695499,97,96,96,95,93,91,96
2260,1,2024-05-05 04:00:00+00:00,14.747,16.697,16.497,17.647,19.296999,19.997,16.095499,97,95,96,92,91,89,95
2261,1,2024-05-05 05:00:00+00:00,16.447,18.347,18.347,19.296999,20.447,21.046999,16.845499,97,91,90,87,88,86,93
2262,1,2024-05-05 06:00:00+00:00,18.897,20.597,20.597,21.546999,21.647,22.197,16.9955,86,84,82,81,84,82,96
2263,1,2024-05-05 07:00:00+00:00,20.296999,22.597,22.597,22.947,22.947,23.447,17.1455,84,78,74,74,77,77,96
2264,1,2024-05-05 08:00:00+00:00,21.546999,24.097,23.947,24.397,24.347,24.796999,17.1955,79,67,68,67,70,71,96
2265,1,2024-05-05 09:00:00+00:00,22.947,24.747,25.046999,25.546999,25.397,25.796999,17.1955,71,63,61,61,64,67,96
2266,1,2024-05-05 10:00:00+00:00,24.197,24.897,26.097,26.347,26.097,26.397,17.095499,65,64,55,57,62,65,96
2267,1,2024-05-05 11:00:00+00:00,24.997,25.197,26.447,26.847,26.497,26.647,16.9455,60,63,52,55,61,64,97
2268,1,2024-05-05 12:00:00+00:00,25.546999,24.397,26.947,26.897,26.847,26.697,21.2955,56,64,54,56,57,62,79
2269,1,2024-05-05 13:00:00+00:00,24.997,24.046999,26.747,25.947,25.947,25.997,20.595499,57,68,53,61,62,65,82
2270,1,2024-05-05 14:00:00+00:00,23.697,23.147,26.296999,24.447,24.546999,24.897,19.4955,65,74,52,68,70,69,86
2271,1,2024-05-05 15:00:00+00:00,22.397,21.947,25.147,23.147,23.247,23.796999,18.595499,76,79,59,74,77,74,89
2272,1,2024-05-05 16:00:00+00:00,21.046999,21.046999,23.147,22.296999,22.147,22.796999,17.9955,81,86,67,78,83,80,91
2273,1,2024-05-05 17:00:00+00:00,20.247,20.546999,21.647,21.597,21.147,21.796999,17.595499,85,87,73,82,87,85,92
2274,1,2024-05-05 18:00:00+00:00,19.796999,19.546999,20.347,20.197,20.347,20.947,15.9955,93,91,86,89,91,90,95
2275,1,2024-05-05 19:00:00+00:00,19.397,18.697,19.947,19.697,19.847,20.397,15.7455,95,96,86,91,93,92,95
2276,1,2024-05-05 20:00:00+00:00,19.046999,18.397,19.447,19.397,19.546999,20.046999,15.695499,97,96,88,91,93,93,94
2277,1,2024-05-05 21:00:00+00:00,18.847,18.097,18.947,19.197,19.296999,19.697,15.5955,97,96,91,91,93,93,94
2278,1,2024-05-05 22:00:00+00:00,18.697,17.747,18.347,18.997,18.997,19.347,15.3955,97,97,93,92,94,92,94
2279,1,2024-05-05 23:00:00+00:00,18.296999,17.546999,17.897,18.897,18.747,19.046999,15.195499,98,96,95,92,94,90,95
2280,1,2024-05-06 00:00:00+00:00,17.296999,16.947,17.597,18.197,18.847,18.897,15.4955,98,96,95,89,94,93,96
2281,1,2024-05-06 01:00:00+00:00,16.947,16.647,16.997,17.796999,18.497,18.447,15.1455,98,96,95,89,93,93,97
2282,1,2024-05-06 02:00:00+00:00,16.697,16.296999,16.447,17.447,18.147,17.947,14.8955,97,96,94,88,92,92,97
2283,1,2024-05-06 03:00:00+00:00,16.447,16.047,16.497,17.597,18.247,17.997,15.0955,96,94,92,87,90,91,97
2284,1,2024-05-06 04:00:00+00:00,16.247,15.797,17.497,18.546999,19.097,18.897,16.0455,96,94,89,84,86,88,95
2285,1,2024-05-06 05:00:00+00:00,18.147,17.747,19.097,19.997,20.447,20.347,17.4955,90,89,85,81,81,84,93
2286,1,2024-05-06 06:00:00+00:00,20.697,20.447,21.046999,21.347,21.897,21.847,18.1955,83,83,79,75,76,80,85
2287,1,2024-05-06 07:00:00+00:00,22.247,22.197,22.546999,22.947,23.497,23.347,20.1955,75,76,74,71,70,74,77
2288,1,2024-05-06 08:00:00+00:00,23.647,24.097,23.796999,24.546999,25.197,24.847,22.5455,68,69,71,66,63,68,66
2289,1,2024-05-06 09:00:00+00:00,25.046999,25.497,25.296999,25.847,26.497,26.046999,24.1955,64,62,66,62,58,63,59
2290,1,2024-05-06 10:00:00+00:00,26.097,26.247,26.247,26.847,27.197,26.847,24.6955,59,57,59,57,55,59,56
2291,1,2024-05-06 11:00:00+00:00,26.347,26.647,26.647,27.597,27.497,27.296999,24.4955,57,54,55,52,54,57,56
2292,1,2024-05-06 12:00:00+00:00,26.296999,27.647,25.597,27.897,26.847,27.747,24.1955,58,49,59,49,55,54,58
2293,1,2024-05-06 13:00:00+00:00,24.397,27.296999,26.247,27.546999,25.947,26.497,23.345499,70,49,57,51,59,60,65
2294,1,2024-05-06 14:00:00+00:00,24.097,26.447,25.796999,26.796999,24.397,24.647,22.095499,70,50,58,54,66,69,74
2295,1,2024-05-06 15:00:00+00:00,23.546999,24.796999,24.546999,25.796999,22.947,22.997,20.7955,74,60,65,58,73,77,82
2296,1,2024-05-06 16:00:00+00:00,22.397,22.697,22.847,24.397,21.947,21.947,19.3955,81,73,72,64,79,83,86
2297,1,2024-05-06 17:00:00+00:00,20.997,21.247,21.247,22.697,21.097,21.097,17.9455,88,79,79,70,85,88,88
2298,1,2024-05-06 18:00:00+00:00,19.997,21.147,20.147,21.097,20.397,20.447,16.6955,90,76,85,76,89,91,92
2299,1,2024-05-06 19:00:00+00:00,19.347,20.497,19.847,20.247,19.897,19.947,16.095499,91,79,84,81,91,93,94
2300,1,2024-05-06 20:00:00+00:00,18.897,19.897,19.347,19.546999,19.597,19.546999,15.8455,90,81,87,86,92,93,94
2301,1,2024-05-06 21:00:00+00:00,18.296999,19.097,18.947,18.897,19.247,19.247,15.5955,90,84,88,90,92,93,95
2302,1,2024-05-06 22:00:00+00:00,17.747,18.397,18.697,18.247,18.847,18.997,15.2955,91,86,88,91,90,92,96
2303,1,2024-05-06 23:00:00+00:00,17.296999,17.847,18.447,17.597,18.497,18.847,15.0455,92,88,88,91,88,89,96
2304,1,2024-05-07 00:00:00+00:00,16.397,17.497,17.247,17.097,17.597,18.447,14.8955,92,92,90,91,85,88,95
2305,1,2024-05-07 01:00:00+00:00,16.097,16.997,16.796999,16.597,17.097,17.847,14.5455,93,93,90,91,87,89,96
2306,1,2024-05-07 02:00:00+00:00,16.047,16.697,16.397,16.197,16.697,17.247,14.2955,93,93,91,91,91,90,96
2307,1,2024-05-07 03:00:00+00:00,15.947,16.447,16.097,16.447,16.897,17.247,14.5955,93,93,93,90,91,90,96
2308,1,2024-05-07 04:00:00+00:00,15.947,16.347,16.147,17.796999,18.097,18.347,15.695499,93,93,93,87,87,87,94
2309,1,2024-05-07 05:00:00+00:00,18.247,18.697,18.546999,19.747,19.897,20.097,17.2955,89,88,88,82,81,82,91
2310,1,2024-05-07 06:00:00+00:00,21.097,20.997,21.197,21.447,21.796999,21.796999,19.3955,79,80,77,78,74,77,85
2311,1,2024-05-07 07:00:00+00:00,22.997,22.847,22.997,23.197,23.847,23.397,21.595499,71,71,70,71,67,70,76
2312,1,2024-05-07 08:00:00+00:00,24.847,24.347,24.847,24.997,25.997,24.947,24.0455,64,66,65,63,59,63,66
2313,1,2024-05-07 09:00:00+00:00,26.046999,25.447,26.296999,26.347,27.397,26.046999,25.6955,58,60,57,57,54,58,58
2314,1,2024-05-07 10:00:00+00:00,26.796999,26.697,27.247,27.197,27.647,26.597,26.2455,56,56,54,53,53,56,55
2315,1,2024-05-07 11:00:00+00:00,26.897,27.147,27.597,27.647,27.197,26.747,26.095499,56,53,52,51,54,57,55
2316,1,2024-05-07 12:00:00+00:00,26.447,25.897,28.597,27.597,27.397,26.147,24.9955,57,63,45,49,53,66,62
2317,1,2024-05-07 13:00:00+00:00,26.046999,23.397,28.497,26.947,26.447,25.447,23.4455,60,76,45,52,58,70,69
2318,1,2024-05-07 14:00:00+00:00,23.897,23.597,27.747,25.796999,24.997,24.447,21.345499,74,78,45,57,66,74,79
2319,1,2024-05-07 15:00:00+00:00,23.397,23.197,25.546999,24.647,23.597,23.447,19.595499,77,78,56,62,72,78,87
2320,1,2024-05-07 16:00:00+00:00,22.397,22.247,23.197,23.497,22.447,22.497,18.595499,82,83,69,64,75,80,91
2321,1,2024-05-07 17:00:00+00:00,21.397,21.147,22.247,22.347,21.347,21.497,17.9955,84,90,73,66,76,82,93
2322,1,2024-05-07 18:00:00+00:00,19.897,20.397,20.497,21.697,20.397,20.597,16.595499,81,88,79,71,78,83,98
2323,1,2024-05-07 19:00:00+00:00,19.046999,19.347,19.546999,20.897,19.697,19.847,16.2455,84,88,81,75,81,84,99
2324,1,2024-05-07 20:00:00+00:00,18.347,18.497,18.697,20.296999,19.197,19.197,16.345499,87,88,85,77,84,85,99
2325,1,2024-05-07 21:00:00+00:00,17.747,17.897,18.197,19.747,18.747,18.697,16.3955,90,88,89,80,86,86,98
2326,1,2024-05-07 22:00:00+00:00,17.447,17.447,17.796999,19.247,18.347,18.397,16.1455,92,90,91,82,88,87,98
2327,1,2024-05-07 23:00:00+00:00,17.296999,17.147,17.497,18.796999,17.997,18.296999,15.7955,93,93,92,84,89,88,97
2328,1,2024-05-08 00:00:00+00:00,17.247,17.197,16.947,18.397,17.697,17.247,16.1955,94,93,93,86,90,92,97
2329,1,2024-05-08 01:00:00+00:00,16.997,17.147,16.747,17.847,17.197,16.847,16.1455,94,93,92,88,92,93,97
2330,1,2024-05-08 02:00:00+00:00,16.747,16.947,16.597,17.296999,16.747,16.497,16.1955,93,94,92,89,93,92,96
2331,1,2024-05-08 03:00:00+00:00,16.497,16.647,16.347,17.296999,16.897,16.697,16.4955,93,94,92,89,92,91,95
2332,1,2024-05-08 04:00:00+00:00,16.447,16.546999,16.296999,18.197,18.097,17.796999,17.095499,93,94,92,86,88,88,94
2333,1,2024-05-08 05:00:00+00:00,18.447,18.597,18.647,19.697,19.897,19.497,17.9455,89,88,86,82,82,83,92
2334,1,2024-05-08 06:00:00+00:00,21.147,21.347,21.247,21.397,21.697,21.247,18.9955,79,77,77,77,75,78,87
2335,1,2024-05-08 07:00:00+00:00,22.546999,23.197,23.296999,23.097,23.397,23.147,21.095499,72,68,66,70,68,71,79
2336,1,2024-05-08 08:00:00+00:00,24.247,24.796999,24.997,24.847,25.097,25.097,23.595499,66,62,61,62,61,62,69
2337,1,2024-05-08 09:00:00+00:00,25.546999,25.796999,26.247,26.197,26.397,26.597,25.2955,59,60,56,56,55,56,63
2338,1,2024-05-08 10:00:00+00:00,26.197,26.647,27.197,26.947,27.147,27.447,25.7455,57,59,53,53,52,53,63
2339,1,2024-05-08 11:00:00+00:00,26.697,26.796999,27.247,27.296999,27.447,27.796999,25.345499,57,60,53,52,51,51,66
2340,1,2024-05-08 12:00:00+00:00,24.397,26.097,26.997,27.347,26.747,27.247,26.095499,69,61,55,51,55,52,58
2341,1,2024-05-08 13:00:00+00:00,23.947,23.747,23.997,26.197,26.296999,26.397,24.5455,70,74,72,57,56,56,66
2342,1,2024-05-08 14:00:00+00:00,24.447,23.347,23.647,24.497,25.647,25.097,22.345499,63,75,74,66,57,62,78
2343,1,2024-05-08 15:00:00+00:00,23.497,22.796999,23.597,23.046999,24.747,23.796999,20.3955,67,77,72,73,59,68,87
2344,1,2024-05-08 16:00:00+00:00,21.847,22.197,22.497,22.046999,23.546999,22.697,18.8955,72,78,72,74,63,72,92
2345,1,2024-05-08 17:00:00+00:00,20.447,21.097,21.046999,21.296999,22.097,21.697,17.5455,74,77,73,73,69,75,95
2346,1,2024-05-08 18:00:00+00:00,19.147,20.597,19.546999,20.497,20.947,20.796999,16.4955,81,79,80,74,73,77,96
2347,1,2024-05-08 19:00:00+00:00,18.546999,19.997,18.997,19.697,20.247,20.097,16.2955,83,81,83,77,75,79,97
2348,1,2024-05-08 20:00:00+00:00,18.097,19.647,18.697,19.046999,19.847,19.546999,16.595499,85,81,84,80,77,80,98
2349,1,2024-05-08 21:00:00+00:00,17.747,19.296999,18.447,18.546999,19.497,19.097,16.8955,87,82,86,82,78,81,98
2350,1,2024-05-08 22:00:00+00:00,17.447,19.046999,18.197,18.296999,19.247,18.647,16.9455,89,84,87,84,80,83,98
2351,1,2024-05-08 23:00:00+00:00,17.497,18.897,17.997,18.197,19.097,18.296999,16.9955,90,85,87,85,82,86,97
2352,1,2024-05-09 00:00:00+00:00,16.747,17.947,17.597,17.997,18.747,18.097,14.8955,91,88,88,84,76,88,96
2353,1,2024-05-09 01:00:00+00:00,16.697,17.597,17.296999,17.497,18.647,17.997,14.445499,91,88,89,85,76,88,97
2354,1,2024-05-09 02:00:00+00:00,16.597,17.296999,16.847,16.847,18.597,18.046999,14.0955,90,89,90,85,75,87,98
2355,1,2024-05-09 03:00:00+00:00,16.397,17.247,16.397,16.697,18.697,18.296999,14.2955,90,88,92,85,75,85,97
2356,1,2024-05-09 04:00:00+00:00,16.397,17.447,16.296999,17.347,18.796999,18.796999,15.3455,90,86,92,83,77,84,94
2357,1,2024-05-09 05:00:00+00:00,18.397,18.546999,18.397,18.447,18.997,19.546999,16.9455,85,84,87,81,80,82,91
2358,1,2024-05-09 06:00:00+00:00,20.447,20.447,20.647,20.947,19.546999,20.597,19.1955,78,77,79,77,80,79,85
2359,1,2024-05-09 07:00:00+00:00,21.796999,21.997,22.247,22.546999,20.747,22.197,21.2455,71,70,72,71,76,74,77
2360,1,2024-05-09 08:00:00+00:00,23.497,23.847,23.947,24.197,22.296999,24.147,23.7455,66,65,67,65,69,67,67
2361,1,2024-05-09 09:00:00+00:00,24.347,25.546999,25.147,25.497,23.647,25.647,25.2955,62,59,62,60,64,62,61
2362,1,2024-05-09 10:00:00+00:00,25.546999,26.197,26.046999,26.347,24.697,26.447,25.2955,57,57,59,57,61,59,63
2363,1,2024-05-09 11:00:00+00:00,26.247,26.796999,26.447,26.847,25.546999,26.796999,24.3955,56,56,58,56,58,57,69
2364,1,2024-05-09 12:00:00+00:00,26.497,26.747,26.497,26.147,26.447,26.847,23.095499,57,56,56,57,55,52,77
2365,1,2024-05-09 13:00:00+00:00,23.897,23.997,26.097,25.546999,26.347,26.597,21.845499,73,71,58,59,55,52,81
2366,1,2024-05-09 14:00:00+00:00,23.397,23.447,23.397,24.497,25.796999,26.046999,20.4955,72,71,73,62,57,53,85
2367,1,2024-05-09 15:00:00+00:00,22.447,22.497,22.847,23.397,24.947,25.197,19.2955,73,75,78,66,60,56,88
2368,1,2024-05-09 16:00:00+00:00,21.947,22.147,21.847,22.197,23.546999,23.847,18.4455,74,77,85,70,65,62,91
2369,1,2024-05-09 17:00:00+00:00,20.847,21.796999,21.296999,20.947,21.796999,22.197,17.7955,74,76,87,74,70,70,95
2370,1,2024-05-09 18:00:00+00:00,19.597,20.597,20.497,19.747,20.397,20.847,17.2955,79,77,81,80,75,76,97
2371,1,2024-05-09 19:00:00+00:00,19.097,20.097,19.947,19.296999,19.546999,19.997,16.8955,80,78,83,82,78,78,97
2372,1,2024-05-09 20:00:00+00:00,18.796999,19.747,19.697,19.097,18.997,19.397,16.7455,81,79,83,83,80,79,97
2373,1,2024-05-09 21:00:00+00:00,18.347,19.347,19.347,18.997,18.647,18.947,16.4955,83,80,84,84,81,79,96
2374,1,2024-05-09 22:00:00+00:00,18.147,18.997,19.147,18.897,18.597,18.697,16.0455,84,83,85,84,82,79,96
2375,1,2024-05-09 23:00:00+00:00,17.997,18.697,18.897,18.847,18.747,18.647,15.4955,85,86,87,83,81,80,96
2376,1,2024-05-10 00:00:00+00:00,16.997,18.397,18.847,18.546999,18.497,18.197,16.4955,91,89,85,89,89,86,96
2377,1,2024-05-10 01:00:00+00:00,16.897,18.147,18.647,18.296999,18.197,18.197,16.1455,91,90,87,90,89,86,97
2378,1,2024-05-10 02:00:00+00:00,16.847,18.147,18.447,18.046999,17.947,18.347,15.6455,92,89,88,90,90,86,97
2379,1,2024-05-10 03:00:00+00:00,16.647,18.147,18.347,18.097,18.046999,18.597,15.695499,93,88,87,89,89,85,96
2380,1,2024-05-10 04:00:00+00:00,16.647,17.897,18.147,18.597,18.697,19.046999,16.595499,93,91,88,87,87,84,93
2381,1,2024-05-10 05:00:00+00:00,18.046999,18.546999,19.046999,19.447,19.697,19.697,17.9955,91,90,86,85,83,82,89
2382,1,2024-05-10 06:00:00+00:00,20.147,19.397,20.796999,19.847,20.997,20.546999,19.1955,81,86,81,86,79,79,85
2383,1,2024-05-10 07:00:00+00:00,21.647,21.046999,22.397,20.697,22.697,21.747,21.3955,73,78,75,82,73,75,76
2384,1,2024-05-10 08:00:00+00:00,23.546999,23.597,24.247,21.796999,24.697,23.147,23.7455,65,67,69,78,66,70,66
2385,1,2024-05-10 09:00:00+00:00,24.897,25.546999,25.747,22.947,26.197,24.347,25.3955,59,60,63,73,60,65,59
2386,1,2024-05-10 10:00:00+00:00,25.497,26.247,26.546999,24.497,27.097,25.296999,26.095499,60,57,60,67,57,61,57
2387,1,2024-05-10 11:00:00+00:00,26.197,26.597,26.796999,26.097,27.597,26.046999,26.095499,58,57,60,62,55,58,57
2388,1,2024-05-10 12:00:00+00:00,25.447,26.147,26.697,26.947,27.197,27.347,24.8955,61,60,60,59,54,55,64
2389,1,2024-05-10 13:00:00+00:00,24.647,25.796999,24.647,26.097,26.546999,26.347,23.4455,66,62,69,64,57,59,72
2390,1,2024-05-10 14:00:00+00:00,24.597,24.997,23.747,24.647,25.347,24.546999,21.5455,63,67,74,71,62,66,81
2391,1,2024-05-10 15:00:00+00:00,23.097,23.347,22.947,23.397,24.097,22.997,19.8955,70,76,78,77,67,72,89
2392,1,2024-05-10 16:00:00+00:00,21.497,21.997,21.697,22.747,22.847,22.097,18.845499,79,83,84,81,70,76,93
2393,1,2024-05-10 17:00:00+00:00,20.897,21.247,21.147,22.347,21.497,21.397,18.1455,82,86,84,83,73,80,94
2394,1,2024-05-10 18:00:00+00:00,19.947,20.697,20.546999,20.847,20.497,20.747,16.8955,88,85,80,84,75,82,96
2395,1,2024-05-10 19:00:00+00:00,19.197,19.697,19.997,20.447,20.046999,20.097,16.6455,86,85,82,85,77,83,96
2396,1,2024-05-10 20:00:00+00:00,18.497,19.046999,19.447,20.147,19.947,19.497,16.7955,84,84,83,87,78,83,96
2397,1,2024-05-10 21:00:00+00:00,17.847,18.497,19.046999,19.847,19.796999,18.997,16.8955,86,85,85,88,79,84,95
2398,1,2024-05-10 22:00:00+00:00,17.247,17.947,18.947,19.347,19.497,18.647,16.7955,88,86,85,89,80,86,95
2399,1,2024-05-10 23:00:00+00:00,16.747,17.447,18.997,18.796999,19.147,18.447,16.595499,90,88,85,89,81,88,95
2400,1,2024-05-11 00:00:00+00:00,16.546999,17.447,17.697,18.897,18.647,18.897,16.6955,92,90,90,88,88,85,95
2401,1,2024-05-11 01:00:00+00:00,16.197,17.447,17.447,18.697,17.947,18.397,15.9955,92,90,90,87,89,86,96
2402,1,2024-05-11 02:00:00+00:00,15.847,16.997,17.197,18.597,17.197,17.847,15.1455,92,91,90,87,90,87,97
2403,1,2024-05-11 03:00:00+00:00,15.547,16.497,16.997,18.747,16.997,17.796999,14.9955,92,92,89,85,90,86,97
2404,1,2024-05-11 04:00:00+00:00,15.497,16.296999,16.697,19.247,17.796999,18.546999,15.945499,92,92,90,83,88,84,94
2405,1,2024-05-11 05:00:00+00:00,17.747,18.197,18.497,20.046999,19.247,19.796999,17.595499,87,88,85,80,84,80,89
2406,1,2024-05-11 06:00:00+00:00,20.197,20.647,20.897,20.997,20.796999,21.247,18.8955,80,78,77,80,80,76,83
2407,1,2024-05-11 07:00:00+00:00,22.097,22.447,22.647,22.597,22.546999,23.046999,21.095499,73,71,71,75,74,70,74
2408,1,2024-05-11 08:00:00+00:00,23.997,24.296999,24.497,24.397,24.447,25.046999,23.4955,68,66,65,70,67,63,64
2409,1,2024-05-11 09:00:00+00:00,25.497,26.046999,26.247,25.796999,25.947,26.597,25.2955,64,59,61,65,61,58,57
2410,1,2024-05-11 10:00:00+00:00,26.497,27.197,27.347,26.546999,26.847,27.497,26.2455,60,53,55,61,56,54,53
2411,1,2024-05-11 11:00:00+00:00,26.796999,27.697,27.997,26.847,27.347,27.947,26.595499,55,50,50,58,53,51,52
2412,1,2024-05-11 12:00:00+00:00,27.546999,27.197,28.046999,28.247,27.546999,26.647,25.595499,53,52,49,49,50,53,58
2413,1,2024-05-11 13:00:00+00:00,27.097,26.997,28.197,27.747,26.747,26.147,24.3955,56,54,48,50,55,54,65
2414,1,2024-05-11 14:00:00+00:00,25.647,26.397,27.947,26.697,25.397,25.347,22.6455,62,56,47,54,63,57,75
2415,1,2024-05-11 15:00:00+00:00,24.197,23.046999,26.097,25.546999,23.997,24.247,20.8955,67,75,59,58,70,61,83
2416,1,2024-05-11 16:00:00+00:00,22.197,21.897,23.847,24.296999,22.697,22.747,19.2455,72,81,68,63,72,66,88
2417,1,2024-05-11 17:00:00+00:00,21.247,20.997,22.647,22.897,21.347,20.947,17.6455,78,85,73,70,73,71,92
2418,1,2024-05-11 18:00:00+00:00,21.147,20.647,20.597,20.897,20.197,19.546999,15.9955,83,85,86,85,75,76,97
2419,1,2024-05-11 19:00:00+00:00,20.147,20.247,19.497,19.947,19.247,18.796999,15.445499,86,86,88,87,79,80,97
2420,1,2024-05-11 20:00:00+00:00,18.397,19.247,18.497,19.097,18.497,18.447,15.3455,92,91,89,87,84,83,97
2421,1,2024-05-11 21:00:00+00:00,17.597,18.197,17.697,18.347,17.847,18.097,15.195499,89,88,88,87,88,85,96
2422,1,2024-05-11 22:00:00+00:00,16.997,17.397,17.247,17.747,17.397,17.597,14.945499,88,86,89,89,90,87,96
2423,1,2024-05-11 23:00:00+00:00,16.497,16.847,16.847,17.296999,17.147,17.147,14.695499,90,88,92,91,91,88,96
2424,1,2024-05-12 00:00:00+00:00,15.747,16.397,15.997,17.046999,17.247,16.597,14.5955,94,93,94,91,88,92,97
2425,1,2024-05-12 01:00:00+00:00,15.497,16.147,15.847,16.546999,16.697,16.247,14.2455,95,94,95,92,89,92,98
2426,1,2024-05-12 02:00:00+00:00,15.396999,15.997,15.697,16.097,16.197,15.947,14.0455,95,94,95,93,90,92,98
2427,1,2024-05-12 03:00:00+00:00,15.347,15.947,15.697,16.247,16.296999,16.247,14.3955,94,93,94,92,90,90,97
2428,1,2024-05-12 04:00:00+00:00,15.347,15.997,15.797,17.397,17.347,17.397,15.5455,94,93,94,89,87,86,94
2429,1,2024-05-12 05:00:00+00:00,17.847,18.447,18.247,19.097,18.947,19.097,17.2455,89,86,89,83,82,81,91
2430,1,2024-05-12 06:00:00+00:00,20.447,20.847,21.097,21.147,20.747,20.947,19.2955,80,77,77,77,77,76,84
2431,1,2024-05-12 07:00:00+00:00,22.497,22.796999,22.997,23.046999,22.747,22.947,21.4955,72,70,71,71,72,71,75
2432,1,2024-05-12 08:00:00+00:00,24.397,24.697,24.847,25.046999,24.897,25.097,23.845499,67,65,67,65,66,65,64
2433,1,2024-05-12 09:00:00+00:00,26.046999,26.397,26.397,26.546999,26.546999,26.647,25.595499,63,60,62,60,61,60,56
2434,1,2024-05-12 10:00:00+00:00,27.147,27.546999,27.296999,27.447,27.546999,27.347,26.4955,56,51,53,55,56,56,53
2435,1,2024-05-12 11:00:00+00:00,27.796999,28.097,27.597,27.897,28.147,27.546999,26.7955,50,48,51,50,51,53,53
2436,1,2024-05-12 12:00:00+00:00,27.747,27.997,27.697,28.546999,28.296999,27.546999,24.595499,50,47,51,45,47,50,66
2437,1,2024-05-12 13:00:00+00:00,27.747,27.597,27.647,27.947,27.647,26.997,23.345499,49,50,51,47,49,52,72
2438,1,2024-05-12 14:00:00+00:00,26.897,26.447,26.897,26.796999,26.447,26.046999,21.7455,51,53,51,52,54,57,79
2439,1,2024-05-12 15:00:00+00:00,24.997,23.997,25.147,25.347,24.997,24.796999,20.1955,62,65,59,58,59,62,85
2440,1,2024-05-12 16:00:00+00:00,23.046999,22.647,22.997,23.597,23.296999,23.147,18.6955,70,72,69,63,65,67,89
2441,1,2024-05-12 17:00:00+00:00,21.046999,21.497,21.796999,21.546999,21.347,21.197,17.2455,77,77,75,69,72,73,93
2442,1,2024-05-12 18:00:00+00:00,20.397,19.546999,20.697,20.497,19.747,19.647,17.095499,80,77,86,77,77,78,95
2443,1,2024-05-12 19:00:00+00:00,19.247,18.296999,20.097,19.247,18.747,18.747,16.845499,82,83,88,81,80,82,95
2444,1,2024-05-12 20:00:00+00:00,18.397,17.497,18.497,18.097,18.046999,18.197,16.8955,84,87,94,84,83,84,95
2445,1,2024-05-12 21:00:00+00:00,18.097,17.046999,17.447,17.296999,17.546999,17.796999,16.7955,85,88,96,87,85,87,94
2446,1,2024-05-12 22:00:00+00:00,17.847,16.997,17.147,17.046999,17.147,17.397,16.3955,85,87,90,88,88,90,94
2447,1,2024-05-12 23:00:00+00:00,17.697,16.897,16.947,17.147,16.947,17.147,15.8955,86,88,88,89,90,92,95
2448,1,2024-05-13 00:00:00+00:00,17.247,16.847,15.797,17.046999,16.747,16.747,14.5955,89,91,94,89,91,92,96
2449,1,2024-05-13 01:00:00+00:00,16.947,16.847,15.597,16.897,16.347,16.447,14.2455,90,91,94,89,92,92,96
2450,1,2024-05-13 02:00:00+00:00,16.497,16.947,15.547,16.747,15.997,16.197,13.9955,92,90,94,88,91,92,97
2451,1,2024-05-13 03:00:00+00:00,15.947,16.947,15.597,16.997,16.197,16.546999,14.2955,93,89,93,86,90,90,96
2452,1,2024-05-13 04:00:00+00:00,15.646999,16.847,16.047,17.897,17.347,17.796999,15.6455,93,90,92,83,86,86,93
2453,1,2024-05-13 05:00:00+00:00,17.947,18.897,18.347,19.147,19.046999,19.597,17.595499,88,86,87,80,81,81,90
2454,1,2024-05-13 06:00:00+00:00,21.097,21.397,21.296999,20.546999,20.897,21.397,19.6955,76,75,77,79,76,75,83
2455,1,2024-05-13 07:00:00+00:00,22.997,23.147,22.796999,22.147,22.947,23.147,21.1455,70,70,72,75,70,69,78
2456,1,2024-05-13 08:00:00+00:00,24.897,25.046999,24.097,23.997,25.097,24.847,22.6455,65,66,68,70,64,63,73
2457,1,2024-05-13 09:00:00+00:00,26.447,26.647,25.546999,25.546999,26.796999,26.197,23.6955,58,61,64,65,58,58,69
2458,1,2024-05-13 10:00:00+00:00,27.397,27.847,26.997,26.697,27.897,27.097,24.095499,53,56,57,59,53,55,68
2459,1,2024-05-13 11:00:00+00:00,27.847,28.647,27.597,27.546999,28.546999,27.597,23.9955,50,49,54,54,48,52,69
2460,1,2024-05-13 12:00:00+00:00,27.546999,27.747,27.997,28.296999,28.897,28.447,25.595499,52,52,50,47,45,46,67
2461,1,2024-05-13 13:00:00+00:00,27.397,27.497,28.046999,27.697,28.397,27.796999,24.1455,51,51,50,49,48,49,72
2462,1,2024-05-13 14:00:00+00:00,26.397,26.997,27.597,26.546999,27.347,26.546999,22.1455,53,51,49,55,54,55,79
2463,1,2024-05-13 15:00:00+00:00,23.647,25.397,25.347,25.197,26.046999,25.197,20.3955,65,59,60,61,60,62,84
2464,1,2024-05-13 16:00:00+00:00,21.897,22.997,23.397,23.697,24.497,23.747,19.095499,74,69,70,66,64,69,88
2465,1,2024-05-13 17:00:00+00:00,20.897,21.447,21.997,22.046999,22.697,22.247,18.0455,81,77,78,72,66,78,92
2466,1,2024-05-13 18:00:00+00:00,20.597,20.697,20.597,20.597,21.247,20.897,16.2955,81,81,84,79,69,84,96
2467,1,2024-05-13 19:00:00+00:00,19.947,19.847,20.097,19.647,20.397,19.947,16.2955,86,86,85,81,71,87,96
2468,1,2024-05-13 20:00:00+00:00,19.397,19.296999,19.447,18.947,19.947,19.147,16.845499,88,90,86,82,73,89,95
2469,1,2024-05-13 21:00:00+00:00,18.546999,19.296999,18.647,18.296999,19.546999,18.497,17.095499,89,86,86,83,75,90,94
2470,1,2024-05-13 22:00:00+00:00,18.097,18.947,17.747,17.546999,19.247,17.897,16.6955,84,82,86,86,76,90,95
2471,1,2024-05-13 23:00:00+00:00,17.647,18.097,17.046999,16.796999,19.046999,17.397,15.9955,83,82,88,89,77,90,96
2472,1,2024-05-14 00:00:00+00:00,17.046999,17.597,17.097,15.947,16.497,16.447,14.695499,86,84,89,91,87,88,96
2473,1,2024-05-14 01:00:00+00:00,16.697,17.296999,16.747,15.447,15.997,15.947,14.3455,89,86,91,93,88,90,97
2474,1,2024-05-14 02:00:00+00:00,16.447,16.847,16.597,15.097,15.597,15.547,14.0455,90,87,92,94,89,92,98
2475,1,2024-05-14 03:00:00+00:00,16.197,16.447,16.546999,15.497,15.797,15.797,14.2955,91,87,91,93,88,91,97
2476,1,2024-05-14 04:00:00+00:00,16.197,16.097,16.497,17.046999,17.046999,17.097,15.4955,91,87,90,88,84,87,94
2477,1,2024-05-14 05:00:00+00:00,18.546999,18.447,18.897,19.347,18.947,19.046999,17.2455,84,82,84,81,79,81,90
2478,1,2024-05-14 06:00:00+00:00,21.247,21.247,21.296999,21.647,20.947,21.097,19.2955,74,71,72,74,73,74,85
2479,1,2024-05-14 07:00:00+00:00,23.147,23.097,23.197,23.647,22.997,23.197,21.845499,67,63,66,68,67,67,75
2480,1,2024-05-14 08:00:00+00:00,25.046999,24.997,25.147,25.647,25.097,25.347,24.6455,62,60,61,62,61,61,64
2481,1,2024-05-14 09:00:00+00:00,26.747,26.747,26.847,27.197,26.747,27.046999,26.095499,57,56,56,57,56,55,58
2482,1,2024-05-14 10:00:00+00:00,27.847,27.897,27.847,28.147,27.747,28.046999,25.1455,51,50,50,53,51,51,64
2483,1,2024-05-14 11:00:00+00:00,28.397,28.447,28.347,28.597,28.247,28.546999,22.8955,49,47,47,50,47,48,75
2484,1,2024-05-14 12:00:00+00:00,28.847,28.447,28.447,28.296999,28.447,28.697,22.595499,45,46,47,48,47,46,82
2485,1,2024-05-14 13:00:00+00:00,28.697,28.447,28.197,27.697,27.947,28.197,21.595499,43,46,46,50,49,47,85
2486,1,2024-05-14 14:00:00+00:00,28.247,27.997,27.197,26.647,26.947,27.197,20.595499,43,47,48,55,53,51,86
2487,1,2024-05-14 15:00:00+00:00,26.046999,26.447,25.247,25.397,25.647,25.947,19.595499,57,56,59,60,58,56,87
2488,1,2024-05-14 16:00:00+00:00,23.847,24.247,23.147,23.847,23.897,24.247,18.4455,70,65,69,67,66,64,89
2489,1,2024-05-14 17:00:00+00:00,21.847,22.546999,21.847,22.097,21.897,22.247,17.2455,77,64,75,74,75,74,92
2490,1,2024-05-14 18:00:00+00:00,21.296999,20.397,20.697,21.046999,20.296999,20.597,16.2955,74,82,69,77,82,81,95
2491,1,2024-05-14 19:00:00+00:00,20.447,19.546999,19.647,20.046999,19.497,19.597,16.1455,74,85,66,80,86,82,96
2492,1,2024-05-14 20:00:00+00:00,19.697,18.847,19.046999,19.247,19.147,18.997,16.5455,75,82,68,80,87,79,95
2493,1,2024-05-14 21:00:00+00:00,19.296999,18.197,18.546999,18.647,18.847,18.546999,16.6955,77,81,71,81,88,78,95
2494,1,2024-05-14 22:00:00+00:00,19.097,17.997,17.897,18.247,18.497,18.296999,16.2955,77,80,75,81,87,80,95
2495,1,2024-05-14 23:00:00+00:00,18.147,17.947,17.397,18.046999,18.147,18.247,15.7455,83,81,79,81,86,83,96
2496,1,2024-05-15 00:00:00+00:00,17.796999,17.796999,17.747,18.296999,18.046999,17.647,13.9955,83,84,81,77,83,80,96
2497,1,2024-05-15 01:00:00+00:00,17.397,17.397,17.296999,18.247,17.747,17.247,13.4955,84,85,83,77,84,82,97
2498,1,2024-05-15 02:00:00+00:00,17.197,17.046999,16.597,18.296999,17.397,16.847,12.9955,86,86,86,76,87,85,97
2499,1,2024-05-15 03:00:00+00:00,16.897,16.647,16.296999,18.597,17.546999,16.997,13.195499,88,87,86,75,87,86,96
2500,1,2024-05-15 04:00:00+00:00,16.597,16.447,16.296999,19.296999,18.546999,17.997,14.445499,89,87,86,74,84,83,93
2501,1,2024-05-15 05:00:00+00:00,18.597,18.447,18.397,20.296999,19.997,19.546999,16.345499,84,83,82,73,79,78,88
2502,1,2024-05-15 06:00:00+00:00,21.046999,21.347,20.947,21.447,21.647,21.296999,18.595499,74,72,71,73,74,73,85
2503,1,2024-05-15 07:00:00+00:00,22.847,23.147,22.897,23.247,23.497,23.296999,20.6955,67,66,65,68,68,67,78
2504,1,2024-05-15 08:00:00+00:00,24.747,25.097,24.947,25.296999,25.546999,25.497,22.845499,62,62,60,61,61,61,71
2505,1,2024-05-15 09:00:00+00:00,26.147,26.747,26.697,26.847,27.097,27.147,24.4955,55,53,55,56,56,56,65
2506,1,2024-05-15 10:00:00+00:00,26.796999,27.796999,27.747,27.747,27.947,27.997,25.3955,51,46,48,52,52,52,60
2507,1,2024-05-15 11:00:00+00:00,27.296999,28.197,28.247,28.247,28.296999,28.247,25.6955,51,45,46,49,50,49,57
2508,1,2024-05-15 12:00:00+00:00,27.097,28.247,28.296999,28.097,28.546999,28.197,23.6955,50,45,43,49,46,50,66
2509,1,2024-05-15 13:00:00+00:00,26.947,28.046999,28.197,27.747,28.097,27.147,22.4455,51,45,44,51,48,53,72
2510,1,2024-05-15 14:00:00+00:00,26.647,27.647,27.697,26.997,27.247,25.546999,20.9955,51,45,43,55,52,59,78
2511,1,2024-05-15 15:00:00+00:00,25.597,25.697,25.947,25.897,26.097,24.046999,19.595499,57,54,56,60,57,65,84
2512,1,2024-05-15 16:00:00+00:00,23.397,23.497,24.097,24.347,24.546999,22.897,18.2955,68,64,66,66,63,71,88
2513,1,2024-05-15 17:00:00+00:00,21.647,22.397,22.097,22.497,22.747,21.796999,17.0455,76,71,74,72,71,77,90
2514,1,2024-05-15 18:00:00+00:00,20.796999,20.897,21.847,21.546999,21.247,20.847,15.9955,81,80,75,73,77,82,93
2515,1,2024-05-15 19:00:00+00:00,20.597,20.046999,20.697,20.397,20.296999,19.897,15.4955,80,84,80,77,82,87,94
2516,1,2024-05-15 20:00:00+00:00,19.897,19.397,19.647,19.397,19.647,19.046999,15.3955,82,85,85,80,87,90,95
2517,1,2024-05-15 21:00:00+00:00,19.497,18.697,18.947,18.747,19.097,18.497,15.2955,82,85,86,82,90,92,95
2518,1,2024-05-15 22:00:00+00:00,18.997,18.347,18.597,18.597,18.497,18.497,15.1455,83,85,85,83,92,90,95
2519,1,2024-05-15 23:00:00+00:00,18.197,18.147,18.447,18.747,17.947,18.796999,14.9955,88,87,83,82,93,85,96
2520,1,2024-05-16 00:00:00+00:00,17.697,17.847,18.397,18.997,18.546999,17.296999,14.8955,94,91,82,76,86,93,96
2521,1,2024-05-16 01:00:00+00:00,17.597,17.697,18.497,18.647,18.296999,16.546999,14.5455,93,90,81,79,86,94,96
2522,1,2024-05-16 02:00:00+00:00,17.597,17.697,18.447,18.296999,17.997,15.847,14.3455,91,88,82,82,87,94,96
2523,1,2024-05-16 03:00:00+00:00,17.796999,17.647,18.397,18.447,18.197,15.947,14.695499,86,86,85,83,86,92,95
2524,1,2024-05-16 04:00:00+00:00,17.546999,17.647,18.447,19.296999,19.046999,17.347,15.7455,85,87,86,81,84,88,92
2525,1,2024-05-16 05:00:00+00:00,18.947,18.796999,19.147,20.546999,20.347,19.546999,17.2455,83,86,84,78,81,83,87
2526,1,2024-05-16 06:00:00+00:00,21.097,20.997,21.397,21.347,21.747,21.647,18.3955,74,74,76,75,77,77,84
2527,1,2024-05-16 07:00:00+00:00,22.847,22.546999,22.647,22.847,23.347,23.447,20.8955,67,69,71,70,72,71,75
2528,1,2024-05-16 08:00:00+00:00,24.247,24.097,24.247,24.546999,25.046999,25.097,23.6455,64,67,68,65,67,64,64
2529,1,2024-05-16 09:00:00+00:00,25.397,25.296999,25.647,25.847,26.247,26.397,25.6955,59,61,62,61,63,58,56
2530,1,2024-05-16 10:00:00+00:00,26.147,25.597,26.747,26.546999,26.796999,27.347,26.6955,55,59,55,57,61,53,51
2531,1,2024-05-16 11:00:00+00:00,26.747,26.097,27.097,26.847,26.847,27.897,26.8955,52,56,51,54,60,50,48
2532,1,2024-05-16 12:00:00+00:00,26.597,26.296999,26.947,27.347,27.697,27.197,25.4955,55,57,56,51,55,56,55
2533,1,2024-05-16 13:00:00+00:00,26.597,26.296999,26.747,26.147,27.097,26.197,23.6455,55,56,54,57,55,61,64
2534,1,2024-05-16 14:00:00+00:00,25.997,25.847,26.197,24.296999,25.997,24.747,20.9455,55,57,54,66,57,70,78
2535,1,2024-05-16 15:00:00+00:00,24.447,24.947,25.247,22.747,24.747,23.347,18.7955,64,59,59,74,61,77,89
2536,1,2024-05-16 16:00:00+00:00,22.597,23.647,23.447,21.747,23.197,22.296999,17.6955,72,68,68,79,69,83,94
2537,1,2024-05-16 17:00:00+00:00,21.647,21.447,21.546999,21.046999,21.447,21.397,17.095499,73,77,78,83,79,88,96
2538,1,2024-05-16 18:00:00+00:00,20.247,20.447,20.296999,20.447,20.046999,20.597,15.9955,83,79,84,86,86,91,97
2539,1,2024-05-16 19:00:00+00:00,19.497,19.597,19.497,19.847,19.247,20.046999,16.095499,86,82,87,89,89,92,97
2540,1,2024-05-16 20:00:00+00:00,18.796999,19.046999,18.947,19.497,18.796999,19.597,16.6455,88,85,89,89,90,91,95
2541,1,2024-05-16 21:00:00+00:00,18.147,18.497,18.497,19.197,18.447,19.197,16.9955,90,88,90,89,90,90,94
2542,1,2024-05-16 22:00:00+00:00,17.546999,17.796999,17.997,18.847,18.197,18.597,16.7955,94,92,91,90,91,91,94
2543,1,2024-05-16 23:00:00+00:00,17.397,17.147,17.447,18.497,18.097,18.046999,16.345499,94,95,93,90,92,92,94
2544,1,2024-05-17 00:00:00+00:00,17.097,17.197,17.097,17.697,16.997,17.897,16.9955,95,93,94,93,94,92,95
2545,1,2024-05-17 01:00:00+00:00,16.897,16.847,16.747,17.247,16.497,17.647,16.845499,92,90,94,93,94,92,95
2546,1,2024-05-17 02:00:00+00:00,16.447,16.697,16.546999,16.847,16.097,17.397,16.6455,91,88,92,92,94,91,94
2547,1,2024-05-17 03:00:00+00:00,16.047,16.397,16.447,16.997,16.347,17.597,16.7955,92,90,90,90,92,90,93
2548,1,2024-05-17 04:00:00+00:00,16.147,16.296999,16.546999,17.997,17.647,18.497,17.3955,91,91,90,87,88,88,91
2549,1,2024-05-17 05:00:00+00:00,18.546999,18.546999,18.747,19.546999,19.546999,19.796999,18.345499,86,86,86,83,82,84,89
2550,1,2024-05-17 06:00:00+00:00,21.247,21.247,21.147,21.197,21.447,21.197,19.095499,75,76,76,80,76,80,85
2551,1,2024-05-17 07:00:00+00:00,22.997,23.097,23.197,22.747,23.247,22.647,20.6955,69,70,69,75,69,74,80
2552,1,2024-05-17 08:00:00+00:00,24.796999,24.847,25.046999,24.296999,25.046999,24.197,22.4455,64,66,65,70,63,68,74
2553,1,2024-05-17 09:00:00+00:00,26.097,26.247,26.046999,25.546999,26.447,25.397,23.6955,57,58,59,65,57,62,70
2554,1,2024-05-17 10:00:00+00:00,26.697,26.897,26.847,26.397,27.247,26.197,24.1955,53,52,55,61,53,58,68
2555,1,2024-05-17 11:00:00+00:00,27.147,27.397,27.296999,26.897,27.647,26.747,24.1455,50,52,53,59,50,55,68
2556,1,2024-05-17 12:00:00+00:00,27.647,27.397,28.046999,26.747,26.697,26.997,23.9955,48,53,49,58,55,57,67
2557,1,2024-05-17 13:00:00+00:00,27.497,27.447,27.997,26.197,26.397,25.997,22.7955,50,53,50,59,55,62,74
2558,1,2024-05-17 14:00:00+00:00,27.147,26.947,27.497,25.296999,25.796999,24.447,21.2455,50,54,50,61,56,69,82
2559,1,2024-05-17 15:00:00+00:00,25.847,25.647,26.197,24.197,24.897,22.997,19.7955,57,61,57,64,59,76,89
2560,1,2024-05-17 16:00:00+00:00,23.597,23.296999,24.097,22.847,23.447,21.847,18.4955,66,70,66,71,68,81,93
2561,1,2024-05-17 17:00:00+00:00,21.747,21.597,22.046999,21.347,21.697,20.847,17.2955,77,76,75,79,79,85,95
2562,1,2024-05-17 18:00:00+00:00,20.046999,20.747,21.296999,20.497,20.247,19.947,16.095499,89,84,84,85,87,89,97
2563,1,2024-05-17 19:00:00+00:00,19.597,20.347,20.546999,19.747,19.447,19.296999,15.5955,91,87,87,88,89,92,98
2564,1,2024-05-17 20:00:00+00:00,19.397,19.747,19.847,19.247,18.997,18.747,15.4955,92,89,89,88,89,95,97
2565,1,2024-05-17 21:00:00+00:00,19.397,19.597,19.597,18.796999,18.546999,18.247,15.4955,91,90,90,89,89,96,97
2566,1,2024-05-17 22:00:00+00:00,19.247,19.247,19.197,18.197,17.997,17.647,15.5455,90,92,92,91,91,95,96
2567,1,2024-05-17 23:00:00+00:00,18.997,18.697,18.997,17.597,17.497,17.097,15.7455,91,94,94,94,93,92,96
2568,1,2024-05-18 00:00:00+00:00,18.697,18.997,18.397,17.796999,18.046999,17.447,16.595499,89,93,94,93,94,88,98
2569,1,2024-05-18 01:00:00+00:00,18.597,18.847,18.397,17.147,17.497,16.947,16.4455,91,92,90,93,94,89,98
2570,1,2024-05-18 02:00:00+00:00,18.697,18.597,18.197,16.546999,16.947,16.497,16.2955,93,89,87,91,94,90,97
2571,1,2024-05-18 03:00:00+00:00,18.697,18.247,17.796999,16.597,16.947,16.597,16.4955,94,87,86,89,93,90,96
2572,1,2024-05-18 04:00:00+00:00,18.546999,17.796999,17.546999,17.747,17.947,17.546999,17.1955,93,88,88,86,90,86,94
2573,1,2024-05-18 05:00:00+00:00,19.647,19.347,19.147,19.497,19.497,19.097,18.2955,91,87,85,81,86,81,90
2574,1,2024-05-18 06:00:00+00:00,21.747,21.296999,21.197,21.296999,21.097,20.747,19.9955,79,77,80,79,81,75,82
2575,1,2024-05-18 07:00:00+00:00,22.897,22.647,22.796999,22.897,22.647,22.497,21.5455,75,73,76,74,76,69,75
2576,1,2024-05-18 08:00:00+00:00,24.046999,24.147,24.247,24.747,24.247,24.397,23.2455,72,70,72,67,70,63,67
2577,1,2024-05-18 09:00:00+00:00,25.046999,25.296999,25.447,26.247,25.497,25.947,24.3955,66,65,67,62,65,58,62
2578,1,2024-05-18 10:00:00+00:00,25.947,25.997,26.147,27.197,26.347,26.997,24.845499,61,58,61,57,61,53,60
2579,1,2024-05-18 11:00:00+00:00,26.497,26.347,26.597,27.796999,26.897,27.647,24.7955,59,59,59,53,58,50,61
2580,1,2024-05-18 12:00:00+00:00,26.546999,26.497,26.697,27.397,27.097,27.997,23.2955,57,57,57,54,54,51,69
2581,1,2024-05-18 13:00:00+00:00,26.296999,26.447,26.296999,27.147,26.947,27.747,22.3955,59,58,59,54,54,52,74
2582,1,2024-05-18 14:00:00+00:00,25.647,25.546999,25.796999,26.546999,26.447,27.147,21.095499,62,62,60,56,55,55,81
2583,1,2024-05-18 15:00:00+00:00,23.097,23.296999,24.546999,25.597,25.597,26.147,19.8955,75,75,67,60,59,59,87
2584,1,2024-05-18 16:00:00+00:00,21.796999,21.947,22.546999,24.147,24.097,24.546999,18.845499,82,81,79,68,67,65,90
2585,1,2024-05-18 17:00:00+00:00,20.947,21.197,21.546999,22.347,22.247,22.597,17.845499,88,85,83,78,77,71,92
2586,1,2024-05-18 18:00:00+00:00,20.897,20.796999,20.997,20.997,20.697,21.046999,17.095499,89,87,89,85,85,77,92
2587,1,2024-05-18 19:00:00+00:00,20.247,20.397,20.447,20.447,19.796999,20.247,16.845499,88,88,90,88,89,81,93
2588,1,2024-05-18 20:00:00+00:00,19.747,20.397,20.046999,20.247,19.247,19.897,16.8955,90,83,90,88,92,85,93
2589,1,2024-05-18 21:00:00+00:00,19.497,20.097,19.546999,20.097,18.747,19.546999,16.9955,91,83,92,88,93,88,94
2590,1,2024-05-18 22:00:00+00:00,19.097,19.447,19.147,19.847,18.247,19.197,17.0455,92,85,91,89,94,91,94
2591,1,2024-05-18 23:00:00+00:00,18.847,18.796999,19.147,19.546999,17.847,18.897,17.095499,92,87,88,90,94,92,95
2592,1,2024-05-19 00:00:00+00:00,18.147,18.197,18.647,18.997,18.847,17.497,14.8955,92,84,89,88,92,92,97
2593,1,2024-05-19 01:00:00+00:00,17.997,17.647,18.447,18.597,18.546999,17.447,14.8455,93,86,87,87,90,91,97
2594,1,2024-05-19 02:00:00+00:00,17.997,17.247,18.347,18.097,18.296999,17.597,14.945499,92,88,86,86,86,88,96
2595,1,2024-05-19 03:00:00+00:00,17.847,17.046999,18.097,18.097,18.397,17.997,15.2955,90,89,86,85,83,86,95
2596,1,2024-05-19 04:00:00+00:00,17.546999,16.997,17.947,18.796999,19.046999,18.697,15.8955,89,88,88,83,81,85,94
2597,1,2024-05-19 05:00:00+00:00,18.847,18.747,19.046999,19.947,20.097,19.597,16.7455,90,87,87,81,80,83,93
2598,1,2024-05-19 06:00:00+00:00,20.796999,21.347,21.147,21.197,21.247,20.647,18.595499,82,77,76,79,78,81,89
2599,1,2024-05-19 07:00:00+00:00,22.147,22.947,22.447,22.296999,22.597,21.897,20.4455,74,72,71,76,74,77,84
2600,1,2024-05-19 08:00:00+00:00,23.247,24.197,23.597,23.447,24.046999,23.247,22.4455,73,69,70,73,70,72,78
2601,1,2024-05-19 09:00:00+00:00,24.747,25.046999,24.697,24.497,25.247,24.447,23.8955,69,66,67,70,66,68,73
2602,1,2024-05-19 10:00:00+00:00,25.497,25.697,25.247,25.397,26.147,25.397,24.595499,65,62,64,66,62,64,69
2603,1,2024-05-19 11:00:00+00:00,25.747,26.347,25.497,26.147,26.796999,26.197,24.7955,63,56,62,61,58,60,66
2604,1,2024-05-19 12:00:00+00:00,26.296999,26.647,26.697,25.747,26.947,27.497,23.9955,60,56,55,61,59,54,72
2605,1,2024-05-19 13:00:00+00:00,26.197,26.747,26.447,25.447,26.247,27.147,23.0455,60,55,56,62,63,54,76
2606,1,2024-05-19 14:00:00+00:00,25.647,26.447,25.997,24.796999,24.997,26.447,22.0455,60,53,57,64,70,56,81
2607,1,2024-05-19 15:00:00+00:00,24.197,25.497,25.247,23.947,23.796999,25.497,20.7955,68,61,62,68,76,60,85
2608,1,2024-05-19 16:00:00+00:00,22.546999,23.097,23.296999,22.796999,22.697,24.097,19.1455,78,73,72,73,80,67,90
2609,1,2024-05-19 17:00:00+00:00,21.147,21.747,21.647,21.397,21.647,22.447,17.345499,84,78,79,80,83,77,95
2610,1,2024-05-19 18:00:00+00:00,19.697,20.296999,20.747,20.197,20.796999,20.997,17.095499,91,90,81,92,85,85,98
2611,1,2024-05-19 19:00:00+00:00,18.997,19.647,19.997,19.796999,20.347,20.046999,16.9455,92,92,85,93,86,90,98
2612,1,2024-05-19 20:00:00+00:00,18.397,19.147,19.546999,19.796999,20.097,19.296999,17.0455,94,92,87,91,87,93,98
2613,1,2024-05-19 21:00:00+00:00,18.097,18.997,19.097,19.747,19.897,18.747,17.095499,95,91,90,89,87,95,97
2614,1,2024-05-19 22:00:00+00:00,17.796999,18.796999,18.546999,19.497,19.647,18.296999,16.8955,95,90,92,90,87,95,97
2615,1,2024-05-19 23:00:00+00:00,17.497,18.597,18.197,19.197,19.447,17.997,16.595499,95,90,93,91,87,95,96
2616,1,2024-05-20 00:00:00+00:00,16.947,18.546999,18.546999,18.897,16.597,19.046999,16.095499,95,89,88,85,88,86,97
2617,1,2024-05-20 01:00:00+00:00,16.997,18.296999,17.947,18.447,16.296999,18.447,15.9955,94,88,87,85,87,87,96
2618,1,2024-05-20 02:00:00+00:00,17.347,18.046999,17.497,17.947,16.197,17.747,15.9955,92,86,85,86,87,87,95
2619,1,2024-05-20 03:00:00+00:00,17.447,17.546999,16.947,17.997,16.597,17.647,16.1955,92,87,86,86,86,87,94
2620,1,2024-05-20 04:00:00+00:00,17.197,17.147,16.447,18.847,17.847,18.597,16.4955,92,89,90,84,84,85,94
2621,1,2024-05-20 05:00:00+00:00,18.697,18.447,18.247,20.147,19.647,20.097,17.0455,89,91,89,82,82,82,94
2622,1,2024-05-20 06:00:00+00:00,20.347,20.947,21.247,20.796999,21.397,21.697,19.3955,86,81,77,82,78,78,87
2623,1,2024-05-20 07:00:00+00:00,22.296999,22.847,22.947,22.447,23.097,23.296999,20.9955,78,70,70,77,72,72,81
2624,1,2024-05-20 08:00:00+00:00,23.897,24.247,24.397,24.197,24.747,24.897,22.7455,71,63,67,70,65,66,75
2625,1,2024-05-20 09:00:00+00:00,24.697,25.447,25.747,25.597,26.046999,26.147,23.7955,65,60,62,65,60,61,71
2626,1,2024-05-20 10:00:00+00:00,25.397,26.097,26.347,26.447,26.847,26.947,23.7955,61,57,56,62,57,58,72
2627,1,2024-05-20 11:00:00+00:00,26.097,26.447,26.796999,26.847,27.247,27.347,23.095499,57,56,54,60,56,55,76
2628,1,2024-05-20 12:00:00+00:00,26.147,26.597,27.097,26.997,26.597,27.347,24.6955,56,57,52,57,61,57,62
2629,1,2024-05-20 13:00:00+00:00,25.597,26.447,26.897,25.947,25.747,26.247,23.4955,58,58,53,62,65,63,68
2630,1,2024-05-20 14:00:00+00:00,25.497,25.546999,26.046999,24.296999,24.447,24.597,21.7455,57,60,55,70,70,71,78
2631,1,2024-05-20 15:00:00+00:00,24.247,24.546999,24.997,22.847,23.147,23.147,20.095499,65,64,60,77,76,79,86
2632,1,2024-05-20 16:00:00+00:00,22.046999,22.997,22.447,21.847,21.947,22.147,18.7455,79,73,72,83,81,84,90
2633,1,2024-05-20 17:00:00+00:00,21.097,20.747,21.097,20.997,20.796999,21.347,17.4455,86,86,79,87,87,87,93
2634,1,2024-05-20 18:00:00+00:00,19.497,20.197,20.147,20.296999,19.897,20.697,16.595499,94,87,82,89,91,90,97
2635,1,2024-05-20 19:00:00+00:00,19.097,19.397,19.597,19.847,19.397,20.147,16.2955,94,88,86,90,93,92,98
2636,1,2024-05-20 20:00:00+00:00,19.097,18.747,19.497,19.597,19.147,19.697,16.3955,91,90,87,90,93,94,98
2637,1,2024-05-20 21:00:00+00:00,18.747,18.546999,19.197,19.397,18.847,19.296999,16.4955,92,91,90,90,93,94,98
2638,1,2024-05-20 22:00:00+00:00,18.447,18.296999,18.897,19.247,18.447,18.947,16.4455,92,92,92,90,94,93,98
2639,1,2024-05-20 23:00:00+00:00,18.296999,17.747,18.796999,19.097,18.046999,18.697,16.345499,93,94,92,91,95,90,97
2640,1,2024-05-21 00:00:00+00:00,18.097,18.046999,18.397,18.497,17.997,18.796999,16.7955,94,92,90,91,94,91,97
2641,1,2024-05-21 01:00:00+00:00,18.247,18.247,18.296999,17.997,17.546999,18.197,16.6955,93,90,87,91,93,91,97
2642,1,2024-05-21 02:00:00+00:00,18.197,18.197,17.997,17.497,17.097,17.597,16.5455,92,89,87,90,92,91,97
2643,1,2024-05-21 03:00:00+00:00,17.697,17.897,17.747,17.546999,17.197,17.546999,16.595499,94,90,90,89,90,90,97
2644,1,2024-05-21 04:00:00+00:00,17.296999,17.397,17.347,18.397,18.097,18.347,16.7955,95,92,93,87,88,88,97
2645,1,2024-05-21 05:00:00+00:00,18.847,18.697,18.947,19.697,19.447,19.697,17.1455,92,91,88,84,85,84,96
2646,1,2024-05-21 06:00:00+00:00,21.397,21.447,21.497,21.296999,20.847,21.147,19.2955,77,77,74,80,82,80,85
2647,1,2024-05-21 07:00:00+00:00,22.597,22.447,22.597,22.397,22.097,22.697,21.0455,73,73,70,76,77,74,77
2648,1,2024-05-21 08:00:00+00:00,24.046999,23.947,24.046999,23.497,23.397,24.347,22.9455,70,71,67,71,72,68,67
2649,1,2024-05-21 09:00:00+00:00,25.046999,25.397,25.546999,24.447,24.447,25.647,24.1955,62,63,60,67,67,63,61
2650,1,2024-05-21 10:00:00+00:00,25.497,26.296999,26.546999,25.347,25.397,26.546999,24.5455,59,58,55,63,64,59,60
2651,1,2024-05-21 11:00:00+00:00,25.847,26.497,27.097,26.147,26.147,27.147,24.2955,58,56,53,60,61,56,63
2652,1,2024-05-21 12:00:00+00:00,26.247,26.697,26.947,26.597,26.447,25.897,24.3955,55,54,54,60,61,65,67
2653,1,2024-05-21 13:00:00+00:00,25.796999,26.697,26.747,25.796999,25.647,25.197,23.1455,58,54,55,63,65,68,74
2654,1,2024-05-21 14:00:00+00:00,25.397,26.397,26.597,24.497,24.347,24.097,21.595499,58,54,56,68,72,73,82
2655,1,2024-05-21 15:00:00+00:00,24.296999,25.447,25.747,23.296999,23.097,23.046999,20.095499,64,57,60,74,78,78,89
2656,1,2024-05-21 16:00:00+00:00,22.247,22.947,22.347,22.296999,22.097,22.147,18.845499,74,70,75,80,82,83,93
2657,1,2024-05-21 17:00:00+00:00,21.296999,21.296999,21.347,21.347,21.147,21.347,17.6955,79,80,80,86,85,87,95
2658,1,2024-05-21 18:00:00+00:00,19.997,20.647,20.197,20.897,20.296999,20.497,17.3955,89,85,88,86,87,90,97
2659,1,2024-05-21 19:00:00+00:00,19.847,19.796999,19.697,19.997,19.546999,19.647,17.1955,90,89,91,90,88,90,97
2660,1,2024-05-21 20:00:00+00:00,19.497,19.347,19.296999,19.296999,18.897,18.796999,17.1455,91,91,93,92,87,89,96
2661,1,2024-05-21 21:00:00+00:00,19.046999,19.097,19.197,18.647,18.347,18.046999,16.9955,92,90,92,94,87,88,95
2662,1,2024-05-21 22:00:00+00:00,18.747,18.747,18.947,17.997,17.897,17.447,16.6955,93,90,92,95,88,89,95
2663,1,2024-05-21 23:00:00+00:00,18.347,18.247,18.647,17.447,17.497,16.947,16.345499,91,90,93,95,88,90,96
2664,1,2024-05-22 00:00:00+00:00,17.546999,18.097,18.397,18.347,17.697,16.847,16.595499,94,82,91,91,88,91,98
2665,1,2024-05-22 01:00:00+00:00,17.197,17.997,18.497,18.046999,17.197,16.546999,16.4955,90,81,85,90,89,91,98
2666,1,2024-05-22 02:00:00+00:00,17.097,17.997,18.296999,17.847,16.697,16.397,16.4455,88,80,83,87,90,91,98
2667,1,2024-05-22 03:00:00+00:00,17.247,17.847,18.296999,17.997,16.747,16.697,16.595499,86,80,82,84,90,89,97
2668,1,2024-05-22 04:00:00+00:00,17.447,17.347,18.347,18.697,17.647,17.697,17.1455,85,83,81,82,87,86,95
2669,1,2024-05-22 05:00:00+00:00,18.647,18.697,18.747,19.747,19.097,19.197,17.8955,82,81,83,79,82,82,93
2670,1,2024-05-22 06:00:00+00:00,20.046999,20.697,21.197,20.747,20.647,20.796999,19.095499,77,72,71,74,77,77,88
2671,1,2024-05-22 07:00:00+00:00,21.897,22.397,22.747,22.197,22.347,22.546999,19.8955,69,66,65,69,71,71,85
2672,1,2024-05-22 08:00:00+00:00,23.497,24.197,24.247,23.847,24.097,24.397,20.595499,63,59,61,63,63,63,82
2673,1,2024-05-22 09:00:00+00:00,24.546999,25.397,25.397,25.197,25.447,25.697,21.1955,58,55,57,58,58,58,80
2674,1,2024-05-22 10:00:00+00:00,25.147,25.947,26.147,26.147,26.147,26.197,21.9455,54,52,53,54,55,56,79
2675,1,2024-05-22 11:00:00+00:00,25.546999,25.497,26.697,26.847,26.397,26.147,22.5455,52,53,49,50,54,55,78
2676,1,2024-05-22 12:00:00+00:00,25.997,26.546999,26.447,26.546999,26.647,26.046999,22.595499,48,47,50,50,53,53,68
2677,1,2024-05-22 13:00:00+00:00,25.796999,26.546999,26.447,26.046999,26.347,25.697,21.9955,48,45,47,53,54,55,74
2678,1,2024-05-22 14:00:00+00:00,25.197,25.347,26.247,25.197,25.747,25.097,20.6955,51,51,50,57,56,58,84
2679,1,2024-05-22 15:00:00+00:00,23.597,23.647,24.397,24.097,24.796999,24.147,19.4955,58,57,62,62,60,62,91
2680,1,2024-05-22 16:00:00+00:00,21.347,21.296999,22.247,22.747,23.247,22.647,18.6955,67,66,67,66,65,66,94
2681,1,2024-05-22 17:00:00+00:00,19.897,19.796999,20.847,21.197,21.347,20.847,17.9455,71,70,69,71,72,71,94
2682,1,2024-05-22 18:00:00+00:00,18.847,18.497,19.296999,19.247,19.747,19.347,16.8955,76,78,77,81,77,75,97
2683,1,2024-05-22 19:00:00+00:00,17.897,17.647,18.247,18.397,18.747,18.497,16.6455,81,82,82,82,80,78,97
2684,1,2024-05-22 20:00:00+00:00,17.147,17.097,17.597,17.897,18.046999,18.046999,16.4955,83,83,84,82,81,80,96
2685,1,2024-05-22 21:00:00+00:00,16.647,16.747,17.046999,17.497,17.497,17.647,16.2955,85,84,84,83,83,82,95
2686,1,2024-05-22 22:00:00+00:00,16.147,16.347,16.647,17.097,17.046999,17.347,16.095499,87,85,85,85,85,84,95
2687,1,2024-05-22 23:00:00+00:00,15.797,15.947,16.296999,16.747,16.747,17.147,15.8955,88,86,87,87,87,86,94
2688,1,2024-05-23 00:00:00+00:00,14.797,15.947,16.097,15.847,16.747,16.947,15.4955,92,85,87,91,85,87,96
2689,1,2024-05-23 01:00:00+00:00,14.547,15.646999,15.797,15.597,16.247,16.546999,15.0455,92,86,89,92,87,89,97
2690,1,2024-05-23 02:00:00+00:00,14.247,15.347,15.547,15.447,15.847,16.197,14.4955,93,88,90,92,88,90,97
2691,1,2024-05-23 03:00:00+00:00,13.947,15.047,15.396999,15.847,16.047,16.397,14.5955,93,90,90,90,87,89,96
2692,1,2024-05-23 04:00:00+00:00,13.896999,14.997,15.447,17.046999,17.147,17.497,15.7455,93,90,89,86,83,85,93
2693,1,2024-05-23 05:00:00+00:00,16.497,17.397,17.847,18.747,18.796999,19.197,17.5455,88,84,83,79,78,80,88
2694,1,2024-05-23 06:00:00+00:00,19.697,20.247,20.296999,20.347,20.546999,20.897,18.8955,78,75,75,72,72,74,86
2695,1,2024-05-23 07:00:00+00:00,21.997,22.296999,22.447,22.197,22.447,22.597,20.595499,66,65,65,66,66,68,81
2696,1,2024-05-23 08:00:00+00:00,23.947,23.897,24.197,24.147,24.397,24.296999,22.345499,59,60,59,60,61,62,77
2697,1,2024-05-23 09:00:00+00:00,25.296999,25.197,25.546999,25.647,25.947,25.597,23.4955,54,55,54,55,56,57,74
2698,1,2024-05-23 10:00:00+00:00,26.097,26.147,26.497,26.546999,26.847,26.347,23.5455,49,51,51,51,52,53,75
2699,1,2024-05-23 11:00:00+00:00,26.697,26.497,27.097,26.997,27.296999,26.697,22.9955,46,48,48,49,49,51,77
2700,1,2024-05-23 12:00:00+00:00,26.296999,26.697,26.897,27.147,26.897,26.897,22.8955,47,44,45,46,48,49,75
2701,1,2024-05-23 13:00:00+00:00,25.997,26.347,26.546999,26.546999,26.497,26.296999,21.845499,49,45,45,48,50,51,79
2702,1,2024-05-23 14:00:00+00:00,25.497,25.647,25.897,25.397,25.647,25.247,20.7455,52,47,48,52,54,55,82
2703,1,2024-05-23 15:00:00+00:00,24.046999,23.997,24.197,23.947,24.447,24.097,19.6955,60,56,57,57,59,60,85
2704,1,2024-05-23 16:00:00+00:00,21.447,21.497,21.597,22.046999,22.747,22.947,18.7455,70,64,65,63,65,65,88
2705,1,2024-05-23 17:00:00+00:00,19.647,19.697,19.747,19.847,20.647,21.697,17.845499,77,71,72,70,71,71,92
2706,1,2024-05-23 18:00:00+00:00,19.347,18.397,18.097,19.597,18.897,20.447,16.4955,76,78,78,73,77,76,96
2707,1,2024-05-23 19:00:00+00:00,18.546999,17.296999,17.046999,18.747,17.697,19.197,15.9955,78,83,83,76,82,80,96
2708,1,2024-05-23 20:00:00+00:00,17.897,16.497,16.197,18.247,16.796999,17.997,15.7955,81,86,88,77,86,84,96
2709,1,2024-05-23 21:00:00+00:00,17.247,15.947,15.547,17.796999,16.147,17.046999,15.695499,85,87,91,79,89,87,95
2710,1,2024-05-23 22:00:00+00:00,16.546999,15.597,15.197,17.397,15.697,16.497,15.7455,88,87,91,81,90,88,95
2711,1,2024-05-23 23:00:00+00:00,16.097,15.396999,15.097,17.046999,15.497,16.247,15.8455,88,89,91,82,91,88,95
2712,1,2024-05-24 00:00:00+00:00,16.197,14.497,14.597,14.947,15.847,16.897,16.6955,91,92,92,92,88,85,95
2713,1,2024-05-24 01:00:00+00:00,16.047,14.396999,14.247,14.497,15.347,16.497,16.595499,90,93,93,93,90,87,95
2714,1,2024-05-24 02:00:00+00:00,15.697,14.197,14.047,14.097,14.896999,16.147,16.4455,90,94,94,94,92,88,95
2715,1,2024-05-24 03:00:00+00:00,15.247,13.947,14.047,14.396999,15.097,16.296999,16.3955,91,94,94,93,92,88,95
2716,1,2024-05-24 04:00:00+00:00,14.896999,13.797,14.146999,15.747,16.347,17.347,16.4455,92,94,93,89,88,85,95
2717,1,2024-05-24 05:00:00+00:00,17.097,16.296999,16.747,17.796999,18.247,18.897,16.595499,88,90,88,82,82,81,95
2718,1,2024-05-24 06:00:00+00:00,20.046999,19.647,19.947,20.147,20.197,20.546999,19.8955,74,76,75,75,75,76,83
2719,1,2024-05-24 07:00:00+00:00,21.796999,21.546999,21.796999,22.097,22.097,22.296999,21.095499,68,70,69,69,69,71,79
2720,1,2024-05-24 08:00:00+00:00,23.597,23.597,23.897,24.097,24.046999,24.197,22.2455,63,64,64,63,62,66,75
2721,1,2024-05-24 09:00:00+00:00,25.147,25.447,25.697,25.647,25.546999,25.597,22.8955,58,56,56,57,57,61,74
2722,1,2024-05-24 10:00:00+00:00,25.997,26.497,26.697,26.647,26.447,26.397,22.845499,52,51,50,52,53,57,76
2723,1,2024-05-24 11:00:00+00:00,26.247,27.046999,27.197,27.247,26.947,26.697,22.3955,51,48,45,48,49,54,80
2724,1,2024-05-24 12:00:00+00:00,25.397,26.747,27.097,27.197,27.546999,27.046999,23.9955,53,48,47,45,46,50,64
2725,1,2024-05-24 13:00:00+00:00,25.447,26.647,27.046999,26.847,26.897,26.697,22.9955,53,49,48,47,50,51,69
2726,1,2024-05-24 14:00:00+00:00,25.097,25.997,26.597,26.046999,25.697,25.947,21.4455,53,50,48,51,57,54,78
2727,1,2024-05-24 15:00:00+00:00,24.097,24.847,25.147,25.097,24.397,24.897,19.9955,62,59,58,56,63,58,86
2728,1,2024-05-24 16:00:00+00:00,21.897,22.647,22.747,23.847,23.097,23.296999,18.9955,72,68,66,61,67,65,91
2729,1,2024-05-24 17:00:00+00:00,20.497,21.397,20.847,22.447,21.747,21.397,18.1455,76,71,75,66,71,75,94
2730,1,2024-05-24 18:00:00+00:00,20.347,20.296999,20.647,20.546999,20.597,19.847,16.7955,77,78,73,77,74,82,98
2731,1,2024-05-24 19:00:00+00:00,19.847,20.046999,19.546999,19.897,19.847,19.046999,16.4455,79,79,77,78,76,86,98
2732,1,2024-05-24 20:00:00+00:00,19.497,19.747,19.046999,19.546999,19.296999,18.647,16.1455,80,79,77,76,78,88,98
2733,1,2024-05-24 21:00:00+00:00,19.296999,19.347,18.546999,19.197,18.847,18.247,15.8955,79,78,78,75,79,90,97
2734,1,2024-05-24 22:00:00+00:00,18.847,18.947,18.197,18.647,18.397,17.796999,15.7955,81,78,78,75,79,91,96
2735,1,2024-05-24 23:00:00+00:00,18.447,18.497,18.046999,18.046999,17.997,17.397,15.7455,83,80,78,77,79,91,96
2736,1,2024-05-25 00:00:00+00:00,18.197,17.197,16.247,18.046999,17.197,17.597,16.3955,84,86,88,78,87,80,94
2737,1,2024-05-25 01:00:00+00:00,17.947,17.097,15.997,17.697,16.997,17.347,16.2955,86,87,88,80,88,81,95
2738,1,2024-05-25 02:00:00+00:00,17.497,16.796999,15.896999,17.296999,16.947,17.197,16.1455,88,89,88,83,89,83,96
2739,1,2024-05-25 03:00:00+00:00,16.997,16.597,15.896999,17.296999,17.247,17.347,16.095499,90,90,88,85,88,84,97
2740,1,2024-05-25 04:00:00+00:00,16.647,16.447,16.097,17.847,17.947,17.897,16.1455,91,91,88,84,86,83,97
2741,1,2024-05-25 05:00:00+00:00,18.097,17.947,17.796999,18.697,18.997,18.747,16.2955,88,88,86,82,82,81,96
2742,1,2024-05-25 06:00:00+00:00,19.647,20.097,20.197,19.997,20.147,19.897,17.3955,85,77,75,77,78,78,94
2743,1,2024-05-25 07:00:00+00:00,20.947,21.347,21.397,21.597,21.546999,21.546999,18.095499,77,73,70,72,74,73,93
2744,1,2024-05-25 08:00:00+00:00,21.747,22.997,23.147,23.347,23.097,23.497,18.9955,74,69,67,66,70,67,91
2745,1,2024-05-25 09:00:00+00:00,22.247,23.997,24.546999,24.747,24.397,24.947,19.8955,72,65,61,62,66,62,88
2746,1,2024-05-25 10:00:00+00:00,22.447,24.296999,25.347,25.497,25.397,25.647,20.9455,72,62,57,60,61,59,83
2747,1,2024-05-25 11:00:00+00:00,22.847,24.796999,25.847,25.847,26.097,25.897,21.9455,71,60,54,59,55,57,76
2748,1,2024-05-25 12:00:00+00:00,24.097,24.997,25.247,25.947,25.647,26.197,23.595499,67,62,59,53,58,56,64
2749,1,2024-05-25 13:00:00+00:00,23.697,24.897,25.097,25.697,25.197,25.997,22.9455,67,63,57,54,58,55,68
2750,1,2024-05-25 14:00:00+00:00,22.947,24.247,24.796999,25.097,24.447,25.546999,21.6955,70,64,57,56,60,55,76
2751,1,2024-05-25 15:00:00+00:00,22.197,23.197,23.796999,24.247,23.447,24.796999,20.2955,72,69,63,60,64,58,83
2752,1,2024-05-25 16:00:00+00:00,21.097,21.647,22.097,23.147,21.947,23.497,18.7955,80,77,74,67,73,66,87
2753,1,2024-05-25 17:00:00+00:00,20.097,20.947,20.897,21.796999,20.147,21.897,17.2455,90,82,81,75,85,76,90
2754,1,2024-05-25 18:00:00+00:00,20.347,20.397,20.097,20.747,18.847,20.647,16.595499,87,85,85,82,94,84,92
2755,1,2024-05-25 19:00:00+00:00,19.546999,20.247,19.847,20.046999,18.347,19.997,16.0455,91,84,83,85,97,88,93
2756,1,2024-05-25 20:00:00+00:00,18.997,19.997,19.247,19.546999,18.296999,19.697,15.7455,91,85,86,86,97,90,94
2757,1,2024-05-25 21:00:00+00:00,18.647,19.597,18.747,19.197,18.296999,19.497,15.5955,91,86,88,86,96,91,94
2758,1,2024-05-25 22:00:00+00:00,18.397,19.247,18.447,18.897,18.247,19.397,15.5455,87,86,90,86,93,89,94
2759,1,2024-05-25 23:00:00+00:00,18.247,18.847,18.546999,18.747,18.296999,19.397,15.6455,86,85,90,85,89,86,95
2760,1,2024-05-26 00:00:00+00:00,17.647,18.097,18.296999,18.097,18.447,17.947,13.8955,89,91,89,84,86,86,96
2761,1,2024-05-26 01:00:00+00:00,17.347,17.947,18.247,17.947,18.347,17.897,13.4955,92,91,89,85,85,86,97
2762,1,2024-05-26 02:00:00+00:00,17.397,17.947,18.397,17.947,18.347,18.046999,13.0955,91,90,88,87,85,86,97
2763,1,2024-05-26 03:00:00+00:00,17.447,17.947,18.397,18.097,18.546999,18.397,13.3955,89,90,88,88,84,85,96
2764,1,2024-05-26 04:00:00+00:00,17.447,17.897,18.296999,18.397,18.947,18.947,14.7455,89,91,90,87,83,84,93
2765,1,2024-05-26 05:00:00+00:00,18.097,18.497,18.647,18.947,19.497,19.647,16.7955,89,91,91,85,82,83,88
2766,1,2024-05-26 06:00:00+00:00,19.847,20.347,19.347,20.347,20.447,20.647,19.3955,81,83,87,82,80,80,83
2767,1,2024-05-26 07:00:00+00:00,21.347,22.046999,20.947,21.847,21.997,22.046999,21.2455,79,80,83,77,76,76,77
2768,1,2024-05-26 08:00:00+00:00,22.897,23.747,22.447,23.597,23.897,23.747,23.2955,75,71,80,71,70,70,70
2769,1,2024-05-26 09:00:00+00:00,24.197,25.097,23.847,24.997,25.447,25.097,24.7955,68,62,72,65,65,65,64
2770,1,2024-05-26 10:00:00+00:00,25.447,25.447,24.697,25.796999,26.447,25.997,25.4955,58,58,65,60,60,60,60
2771,1,2024-05-26 11:00:00+00:00,26.147,25.847,25.296999,26.247,27.147,26.597,25.595499,55,56,62,56,55,55,57
2772,1,2024-05-26 12:00:00+00:00,26.497,25.296999,24.546999,25.147,26.647,26.747,25.4955,50,60,66,63,51,54,56
2773,1,2024-05-26 13:00:00+00:00,26.247,25.347,24.747,25.046999,26.447,26.447,23.845499,50,58,64,63,52,55,65
2774,1,2024-05-26 14:00:00+00:00,25.847,24.997,24.447,24.647,25.997,25.747,21.595499,50,58,62,64,56,58,79
2775,1,2024-05-26 15:00:00+00:00,24.747,23.897,23.347,23.897,25.147,24.796999,19.595499,57,66,70,67,60,63,89
2776,1,2024-05-26 16:00:00+00:00,22.947,22.647,21.747,22.497,23.647,23.447,18.1455,65,72,77,73,65,70,94
2777,1,2024-05-26 17:00:00+00:00,21.197,20.546999,19.997,20.796999,21.747,21.796999,16.9955,74,83,86,81,71,78,96
2778,1,2024-05-26 18:00:00+00:00,20.697,20.247,19.697,19.397,20.197,20.447,16.1955,78,83,82,88,77,85,96
2779,1,2024-05-26 19:00:00+00:00,19.947,19.747,18.997,18.697,19.347,19.647,15.8455,83,84,85,90,82,89,97
2780,1,2024-05-26 20:00:00+00:00,19.247,19.097,18.397,18.296999,18.897,19.097,15.8955,87,88,90,90,86,91,98
2781,1,2024-05-26 21:00:00+00:00,19.296999,18.796999,17.997,17.947,18.447,18.597,15.8955,86,90,92,91,89,93,98
2782,1,2024-05-26 22:00:00+00:00,18.546999,18.497,17.897,17.597,17.897,18.097,15.695499,90,91,92,92,90,95,98
2783,1,2024-05-26 23:00:00+00:00,18.097,17.847,17.597,17.347,17.397,17.597,15.4955,94,93,93,94,89,97,97
2784,1,2024-05-27 00:00:00+00:00,17.347,17.497,17.347,16.796999,17.947,16.546999,15.0955,92,96,93,95,84,99,96
2785,1,2024-05-27 01:00:00+00:00,16.597,17.197,17.197,16.397,17.296999,16.097,14.5455,94,96,93,95,86,98,96
2786,1,2024-05-27 02:00:00+00:00,15.896999,16.947,16.796999,16.047,16.546999,15.896999,13.9955,95,94,93,95,90,95,97
2787,1,2024-05-27 03:00:00+00:00,15.347,16.197,16.197,16.247,16.447,16.197,14.0955,94,94,93,93,91,92,96
2788,1,2024-05-27 04:00:00+00:00,15.047,15.597,15.597,17.247,17.397,17.296999,15.195499,94,93,94,89,87,89,94
2789,1,2024-05-27 05:00:00+00:00,17.296999,17.697,17.697,18.796999,18.997,18.997,16.9455,87,86,89,84,81,85,90
2790,1,2024-05-27 06:00:00+00:00,20.296999,20.147,20.847,20.546999,20.747,20.697,19.095499,79,80,77,78,75,80,84
2791,1,2024-05-27 07:00:00+00:00,22.447,22.197,22.847,22.247,22.647,22.447,21.2455,71,73,72,72,69,74,76
2792,1,2024-05-27 08:00:00+00:00,24.247,23.947,24.796999,24.097,24.697,24.296999,23.5455,65,67,64,66,62,68,68
2793,1,2024-05-27 09:00:00+00:00,25.447,25.296999,25.947,25.546999,26.296999,25.796999,25.1955,58,61,58,61,56,62,61
2794,1,2024-05-27 10:00:00+00:00,26.447,25.997,26.597,26.546999,27.197,26.847,25.845499,53,56,53,56,51,56,58
2795,1,2024-05-27 11:00:00+00:00,26.997,26.697,27.147,27.147,27.597,27.546999,25.7955,49,53,50,51,48,51,57
2796,1,2024-05-27 12:00:00+00:00,26.997,27.347,26.747,27.197,27.497,27.897,24.7955,48,46,53,49,47,47,61
2797,1,2024-05-27 13:00:00+00:00,27.046999,27.397,26.647,26.897,27.097,27.697,23.3955,49,47,52,50,49,47,69
2798,1,2024-05-27 14:00:00+00:00,26.546999,26.997,26.447,26.247,26.347,27.147,21.4955,50,49,53,54,53,50,80
2799,1,2024-05-27 15:00:00+00:00,25.897,25.947,25.247,25.296999,25.296999,26.247,19.6955,53,54,60,59,58,54,88
2800,1,2024-05-27 16:00:00+00:00,24.097,23.647,22.847,23.847,23.897,24.747,18.0455,61,66,73,64,64,61,92
2801,1,2024-05-27 17:00:00+00:00,21.697,21.497,21.046999,22.046999,22.247,22.897,16.4455,76,76,83,70,71,70,93
2802,1,2024-05-27 18:00:00+00:00,20.747,21.147,20.247,20.597,20.847,21.347,17.2955,81,75,83,74,76,78,94
2803,1,2024-05-27 19:00:00+00:00,20.197,20.296999,19.747,19.497,19.847,20.497,16.6455,86,81,86,76,79,83,95
2804,1,2024-05-27 20:00:00+00:00,19.497,19.747,18.847,18.647,19.097,19.947,16.095499,88,85,91,77,81,87,95
2805,1,2024-05-27 21:00:00+00:00,18.796999,19.296999,17.847,17.947,18.397,19.497,15.5955,92,87,97,78,82,89,95
2806,1,2024-05-27 22:00:00+00:00,18.397,18.697,17.397,17.296999,17.747,18.997,15.1455,94,90,95,81,84,89,95
2807,1,2024-05-27 23:00:00+00:00,18.296999,17.847,17.046999,16.747,17.197,18.597,14.7455,95,94,91,86,85,86,95
2808,1,2024-05-28 00:00:00+00:00,16.947,18.296999,17.597,15.947,15.947,18.397,14.3955,98,95,90,88,87,91,95
2809,1,2024-05-28 01:00:00+00:00,16.347,18.046999,17.197,15.697,15.547,18.046999,13.8955,96,94,87,90,89,90,96
2810,1,2024-05-28 02:00:00+00:00,15.797,17.796999,17.046999,15.697,15.396999,17.647,13.5955,94,91,87,92,92,87,97
2811,1,2024-05-28 03:00:00+00:00,15.146999,17.397,16.947,16.147,15.797,17.697,13.8955,95,88,88,91,92,85,96
2812,1,2024-05-28 04:00:00+00:00,14.847,16.997,16.897,17.247,16.997,18.296999,15.0955,95,89,90,87,88,83,93
2813,1,2024-05-28 05:00:00+00:00,17.197,18.747,18.647,18.847,18.747,19.296999,16.8955,90,85,85,81,82,81,90
2814,1,2024-05-28 06:00:00+00:00,20.147,20.347,20.397,20.497,20.546999,20.597,19.095499,79,77,77,76,76,77,83
2815,1,2024-05-28 07:00:00+00:00,21.847,22.247,22.097,22.347,22.447,22.347,21.595499,73,69,70,70,71,71,73
2816,1,2024-05-28 08:00:00+00:00,23.647,24.197,23.947,24.347,24.447,24.397,24.2455,67,63,66,64,66,64,62
2817,1,2024-05-28 09:00:00+00:00,25.397,25.947,25.347,25.897,25.997,26.046999,26.095499,60,56,60,59,61,58,54
2818,1,2024-05-28 10:00:00+00:00,26.546999,27.097,26.197,26.897,26.947,26.997,26.7455,54,52,55,55,56,53,51
2819,1,2024-05-28 11:00:00+00:00,27.147,27.747,26.546999,27.546999,27.397,27.546999,26.5455,50,47,54,52,52,49,52
2820,1,2024-05-28 12:00:00+00:00,27.447,27.397,27.947,27.397,27.497,27.497,25.2955,47,49,46,52,50,51,57
2821,1,2024-05-28 13:00:00+00:00,27.447,27.546999,27.947,26.997,26.947,27.046999,23.9455,46,47,44,54,52,53,64
2822,1,2024-05-28 14:00:00+00:00,27.147,27.247,27.347,26.147,25.847,26.097,22.0455,46,46,43,58,58,56,74
2823,1,2024-05-28 15:00:00+00:00,25.847,25.796999,25.597,24.997,24.546999,24.947,20.3955,55,55,54,62,63,61,82
2824,1,2024-05-28 16:00:00+00:00,23.296999,23.197,22.947,23.397,23.046999,23.397,19.095499,65,67,63,66,67,68,88
2825,1,2024-05-28 17:00:00+00:00,21.247,21.697,21.697,21.546999,21.397,21.546999,17.9955,71,67,62,71,72,76,92
2826,1,2024-05-28 18:00:00+00:00,20.796999,20.347,20.046999,20.147,19.947,19.997,17.4955,74,71,68,77,76,82,96
2827,1,2024-05-28 19:00:00+00:00,19.997,19.546999,18.997,19.097,18.897,18.897,17.2455,82,74,74,81,80,84,96
2828,1,2024-05-28 20:00:00+00:00,19.747,19.097,18.447,18.347,18.147,18.046999,17.2955,81,76,77,84,83,84,95
2829,1,2024-05-28 21:00:00+00:00,18.347,18.597,18.147,17.747,17.546999,17.347,17.1955,86,79,78,86,85,84,94
2830,1,2024-05-28 22:00:00+00:00,17.347,17.647,17.747,17.296999,17.197,16.847,16.6455,89,83,80,87,86,85,94
2831,1,2024-05-28 23:00:00+00:00,16.647,16.747,16.947,16.997,17.046999,16.546999,15.8955,90,87,83,87,87,85,95
2832,1,2024-05-29 00:00:00+00:00,16.647,16.796999,17.097,16.546999,16.047,16.497,14.195499,88,84,82,87,88,88,96
2833,1,2024-05-29 01:00:00+00:00,16.147,15.597,16.796999,15.947,15.197,15.896999,13.7955,90,89,84,89,91,90,97
2834,1,2024-05-29 02:00:00+00:00,15.646999,14.847,16.597,15.396999,14.347,15.347,13.445499,91,92,86,92,94,92,97
2835,1,2024-05-29 03:00:00+00:00,15.047,14.646999,16.197,15.497,14.297,15.447,13.695499,92,92,87,92,94,92,96
2836,1,2024-05-29 04:00:00+00:00,14.646999,14.447,15.547,16.597,15.646999,16.647,14.7955,93,93,91,88,90,88,93
2837,1,2024-05-29 05:00:00+00:00,16.847,16.697,17.247,18.347,17.747,18.497,16.5455,88,89,89,82,83,81,90
2838,1,2024-05-29 06:00:00+00:00,19.847,19.847,20.597,20.247,19.897,20.347,18.7955,78,78,75,76,76,75,83
2839,1,2024-05-29 07:00:00+00:00,22.046999,21.997,22.697,22.097,21.847,22.147,21.2455,70,70,68,70,70,70,75
2840,1,2024-05-29 08:00:00+00:00,23.997,23.747,24.747,23.997,23.847,23.997,23.9455,64,65,62,64,64,66,65
2841,1,2024-05-29 09:00:00+00:00,25.247,25.247,26.247,25.546999,25.397,25.497,25.8955,58,59,55,59,59,62,57
2842,1,2024-05-29 10:00:00+00:00,26.097,26.197,27.097,26.447,26.497,26.497,26.7955,54,54,50,55,54,57,52
2843,1,2024-05-29 11:00:00+00:00,26.747,26.847,27.647,26.947,27.247,27.197,26.9955,52,51,47,51,49,52,50
2844,1,2024-05-29 12:00:00+00:00,26.647,26.897,27.097,27.597,27.197,27.247,25.4955,52,51,51,46,46,49,58
2845,1,2024-05-29 13:00:00+00:00,26.647,26.647,27.097,27.397,26.897,26.997,23.9955,51,52,50,46,49,50,66
2846,1,2024-05-29 14:00:00+00:00,26.046999,26.397,26.697,26.847,26.097,26.296999,21.9455,52,52,51,49,54,52,76
2847,1,2024-05-29 15:00:00+00:00,24.497,25.397,24.997,25.897,24.997,25.247,20.1955,61,56,59,53,60,56,85
2848,1,2024-05-29 16:00:00+00:00,21.647,22.796999,22.296999,24.247,23.397,23.697,19.095499,78,66,76,60,64,61,90
2849,1,2024-05-29 17:00:00+00:00,20.546999,20.897,20.947,22.147,21.497,21.847,18.2455,80,77,82,70,68,67,93
2850,1,2024-05-29 18:00:00+00:00,20.197,20.447,20.046999,20.397,19.947,20.296999,17.4955,84,81,84,79,71,72,94
2851,1,2024-05-29 19:00:00+00:00,19.796999,19.747,19.546999,19.497,19.197,19.447,16.6455,87,86,88,83,73,74,95
2852,1,2024-05-29 20:00:00+00:00,19.397,19.097,18.597,19.046999,18.847,18.947,15.945499,89,89,92,85,75,74,95
2853,1,2024-05-29 21:00:00+00:00,18.947,18.647,18.097,18.497,18.397,18.347,15.3955,91,91,95,87,77,75,95
2854,1,2024-05-29 22:00:00+00:00,18.347,18.447,17.747,17.497,17.647,17.447,14.9955,94,92,96,91,80,79,95
2855,1,2024-05-29 23:00:00+00:00,18.296999,18.197,17.296999,16.347,16.796999,16.497,14.7455,94,94,96,95,84,84,96
2856,1,2024-05-30 00:00:00+00:00,17.796999,16.796999,16.397,15.497,15.347,15.896999,14.3955,92,96,94,93,95,86,95
2857,1,2024-05-30 01:00:00+00:00,17.497,16.397,15.597,14.747,14.547,15.146999,13.9955,93,96,96,93,96,89,96
2858,1,2024-05-30 02:00:00+00:00,17.647,16.347,15.097,14.197,13.896999,14.347,13.6455,92,93,95,92,96,92,97
2859,1,2024-05-30 03:00:00+00:00,17.697,16.447,14.646999,14.396999,13.997,14.347,13.8955,91,88,93,89,94,92,96
2860,1,2024-05-30 04:00:00+00:00,17.597,16.497,14.547,15.747,15.347,15.646999,15.0955,91,87,92,85,89,87,93
2861,1,2024-05-30 05:00:00+00:00,18.397,17.897,16.847,17.796999,17.497,17.697,16.845499,90,86,88,80,83,80,88
2862,1,2024-05-30 06:00:00+00:00,19.947,20.046999,20.296999,20.147,19.647,19.796999,19.095499,79,77,76,74,76,73,83
2863,1,2024-05-30 07:00:00+00:00,21.997,22.247,22.597,22.347,21.747,21.847,21.7455,75,72,70,67,69,68,74
2864,1,2024-05-30 08:00:00+00:00,23.796999,24.197,24.647,24.546999,23.847,23.947,24.6455,71,65,63,60,63,63,63
2865,1,2024-05-30 09:00:00+00:00,24.997,25.497,25.947,26.247,25.497,25.597,26.6955,60,58,55,54,57,59,55
2866,1,2024-05-30 10:00:00+00:00,25.796999,26.347,26.796999,27.147,26.546999,26.697,27.4455,57,54,52,51,53,54,51
2867,1,2024-05-30 11:00:00+00:00,26.046999,26.796999,27.347,27.497,27.097,27.397,27.345499,57,53,50,49,49,49,50
2868,1,2024-05-30 12:00:00+00:00,26.097,26.397,27.296999,27.497,27.796999,27.197,25.8955,57,56,52,50,46,50,55
2869,1,2024-05-30 13:00:00+00:00,26.097,26.347,27.247,27.197,27.697,26.897,24.2455,58,57,52,51,46,53,63
2870,1,2024-05-30 14:00:00+00:00,25.347,25.097,26.947,26.546999,27.197,26.097,21.8955,59,62,53,53,48,59,75
2871,1,2024-05-30 15:00:00+00:00,24.647,23.997,25.847,25.546999,26.347,24.997,19.7955,63,67,55,57,52,63,85
2872,1,2024-05-30 16:00:00+00:00,22.697,21.747,22.497,23.997,24.847,23.546999,18.2455,75,80,73,65,59,64,90
2873,1,2024-05-30 17:00:00+00:00,20.796999,20.897,21.197,22.147,22.997,21.796999,16.9455,83,86,83,75,67,63,93
2874,1,2024-05-30 18:00:00+00:00,19.947,20.447,20.546999,20.097,21.447,20.347,15.7955,86,86,84,85,75,64,96
2875,1,2024-05-30 19:00:00+00:00,19.447,19.697,20.147,19.197,20.497,19.497,15.3955,88,89,86,90,81,68,97
2876,1,2024-05-30 20:00:00+00:00,19.097,19.046999,19.597,18.597,19.847,18.947,15.445499,91,91,88,93,85,73,96
2877,1,2024-05-30 21:00:00+00:00,18.847,18.296999,18.796999,18.147,19.197,18.447,15.3955,92,94,94,95,89,77,95
2878,1,2024-05-30 22:00:00+00:00,18.147,18.147,18.347,17.747,18.497,17.997,15.0455,95,95,95,96,92,79,95
2879,1,2024-05-30 23:00:00+00:00,17.697,17.847,17.697,17.497,17.847,17.597,14.6455,95,96,95,96,93,80,94
2880,1,2024-05-31 00:00:00+00:00,17.147,17.847,16.796999,16.347,16.247,17.046999,14.195499,95,94,96,95,94,87,95
2881,1,2024-05-31 01:00:00+00:00,16.546999,17.347,16.047,15.547,15.396999,16.147,13.7455,94,94,95,95,95,90,96
2882,1,2024-05-31 02:00:00+00:00,15.847,16.847,15.447,14.797,14.547,15.146999,13.3455,94,94,94,95,95,93,97
2883,1,2024-05-31 03:00:00+00:00,15.297,16.247,15.047,14.797,14.547,14.947,13.5955,93,94,94,94,93,94,96
2884,1,2024-05-31 04:00:00+00:00,14.947,15.797,14.797,15.997,15.847,16.097,14.7955,94,94,94,90,88,90,93
2885,1,2024-05-31 05:00:00+00:00,16.796999,17.647,16.947,17.947,17.997,17.997,16.6955,91,90,90,85,82,82,89
2886,1,2024-05-31 06:00:00+00:00,19.796999,19.847,20.046999,20.247,20.197,20.046999,18.4955,81,82,79,78,75,75,83
2887,1,2024-05-31 07:00:00+00:00,21.897,21.796999,22.147,22.397,22.447,22.197,21.1955,76,78,75,71,68,69,73
2888,1,2024-05-31 08:00:00+00:00,23.796999,23.697,24.197,24.597,24.747,24.397,24.1955,70,73,69,64,61,63,62
2889,1,2024-05-31 09:00:00+00:00,25.397,25.397,25.897,26.347,26.546999,26.147,26.3955,61,63,60,58,55,57,53
2890,1,2024-05-31 10:00:00+00:00,26.447,26.497,26.997,27.397,27.597,27.147,27.2955,54,58,52,52,50,52,48
2891,1,2024-05-31 11:00:00+00:00,27.046999,27.046999,27.597,27.997,28.097,27.647,27.2955,49,53,48,47,45,47,46
2892,1,2024-05-31 12:00:00+00:00,27.247,27.296999,27.447,27.947,27.796999,28.046999,26.6955,47,51,49,46,47,44,49
2893,1,2024-05-31 13:00:00+00:00,27.197,27.097,27.447,27.847,27.747,27.947,25.595499,48,51,49,46,47,44,56
2894,1,2024-05-31 14:00:00+00:00,26.847,26.897,27.097,27.347,27.347,27.497,23.8955,49,52,50,49,49,46,67
2895,1,2024-05-31 15:00:00+00:00,25.546999,25.747,26.296999,26.447,26.447,26.597,22.095499,55,58,56,53,54,51,77
2896,1,2024-05-31 16:00:00+00:00,23.147,23.546999,24.247,24.796999,24.747,24.947,20.0455,65,66,63,59,62,59,84
2897,1,2024-05-31 17:00:00+00:00,21.697,22.147,21.647,22.747,22.546999,22.796999,17.845499,73,74,74,67,73,70,90
2898,1,2024-05-31 18:00:00+00:00,20.197,21.447,20.897,21.397,20.796999,21.046999,16.095499,84,71,78,75,81,79,96
2899,1,2024-05-31 19:00:00+00:00,19.697,20.796999,20.447,20.597,19.847,19.997,15.5955,88,67,79,78,86,85,97
2900,1,2024-05-31 20:00:00+00:00,19.546999,19.847,20.147,20.147,19.296999,19.347,15.5955,88,70,76,78,89,90,96
2901,1,2024-05-31 21:00:00+00:00,19.247,19.347,19.546999,19.647,18.897,18.796999,15.4955,88,73,77,79,91,92,95
2902,1,2024-05-31 22:00:00+00:00,18.247,18.397,18.796999,18.897,18.546999,18.347,15.1455,91,77,78,80,91,91,95
2903,1,2024-05-31 23:00:00+00:00,17.897,17.546999,18.347,18.097,18.296999,18.097,14.7455,87,82,80,81,89,88,95
2904,1,2024-06-01 00:00:00+00:00,18.397,16.897,17.747,18.147,17.147,17.197,14.0955,83,85,83,83,86,86,94
2905,1,2024-06-01 01:00:00+00:00,18.147,16.197,17.397,17.447,16.697,16.447,13.6455,84,88,87,85,87,88,95
2906,1,2024-06-01 02:00:00+00:00,17.647,15.547,16.897,16.647,16.397,15.697,13.2955,87,90,90,88,88,91,96
2907,1,2024-06-01 03:00:00+00:00,17.296999,15.097,16.347,16.497,16.546999,15.646999,13.5955,88,90,92,88,87,91,96
2908,1,2024-06-01 04:00:00+00:00,16.997,14.747,15.896999,17.347,17.447,16.847,14.8955,88,91,93,85,83,87,93
2909,1,2024-06-01 05:00:00+00:00,18.296999,16.796999,17.947,18.847,18.796999,18.747,16.845499,85,86,87,79,78,80,89
2910,1,2024-06-01 06:00:00+00:00,20.046999,20.197,19.997,20.447,20.397,20.697,19.095499,80,76,75,73,72,73,81
2911,1,2024-06-01 07:00:00+00:00,21.796999,22.097,22.147,22.397,22.347,22.597,21.7955,72,69,69,68,67,67,71
2912,1,2024-06-01 08:00:00+00:00,23.347,24.147,24.147,24.597,24.546999,24.597,24.7455,69,65,65,62,61,61,60
2913,1,2024-06-01 09:00:00+00:00,25.097,25.997,26.046999,26.347,26.296999,26.197,26.8955,63,58,58,56,56,56,51
2914,1,2024-06-01 10:00:00+00:00,26.597,27.197,27.247,27.497,27.447,27.296999,27.7955,56,51,52,50,50,50,45
2915,1,2024-06-01 11:00:00+00:00,26.997,27.847,28.046999,28.247,28.197,28.046999,27.845499,52,47,48,44,43,45,42
2916,1,2024-06-01 12:00:00+00:00,27.497,27.997,27.897,28.247,28.347,28.247,27.2955,47,44,45,43,40,42,43
2917,1,2024-06-01 13:00:00+00:00,27.247,27.847,27.847,28.197,28.147,27.997,26.095499,48,44,46,44,42,44,51
2918,1,2024-06-01 14:00:00+00:00,25.796999,27.147,27.397,27.796999,27.546999,27.296999,24.2955,55,45,45,47,47,48,63
2919,1,2024-06-01 15:00:00+00:00,23.647,24.747,25.397,26.897,26.546999,26.197,22.4955,74,61,56,52,51,53,73
2920,1,2024-06-01 16:00:00+00:00,21.997,23.046999,22.747,25.147,24.897,24.546999,20.6955,83,70,68,58,53,58,81
2921,1,2024-06-01 17:00:00+00:00,20.947,21.597,21.697,22.897,22.847,22.497,18.8955,84,77,70,64,54,64,87
2922,1,2024-06-01 18:00:00+00:00,20.347,20.397,20.347,20.347,21.097,20.897,16.6955,80,88,76,81,57,69,93
2923,1,2024-06-01 19:00:00+00:00,19.296999,19.647,19.296999,19.247,19.997,20.097,15.945499,86,90,83,85,62,71,94
2924,1,2024-06-01 20:00:00+00:00,18.347,18.697,18.247,18.546999,19.247,19.647,15.5955,90,94,89,86,68,72,93
2925,1,2024-06-01 21:00:00+00:00,17.347,18.147,17.546999,17.947,18.497,19.197,15.2955,95,95,92,87,74,74,93
2926,1,2024-06-01 22:00:00+00:00,17.296999,17.897,17.247,17.347,17.697,18.497,14.9955,93,94,92,87,80,78,94
2927,1,2024-06-01 23:00:00+00:00,16.997,17.697,16.947,16.897,16.897,17.747,14.7955,94,94,91,86,86,82,94
2928,1,2024-06-02 00:00:00+00:00,17.597,16.397,16.397,17.546999,17.447,16.747,14.5955,88,95,93,85,84,87,94
2929,1,2024-06-02 01:00:00+00:00,17.296999,16.247,15.847,16.597,16.546999,15.797,13.9955,91,93,92,88,89,91,95
2930,1,2024-06-02 02:00:00+00:00,16.796999,15.896999,15.447,15.597,15.597,14.947,13.4955,92,91,91,91,94,94,96
2931,1,2024-06-02 03:00:00+00:00,15.947,15.347,15.097,15.447,15.447,14.947,13.695499,94,90,92,92,95,94,95
2932,1,2024-06-02 04:00:00+00:00,15.747,15.097,14.896999,16.647,16.647,16.197,14.8455,92,90,92,88,91,90,91
2933,1,2024-06-02 05:00:00+00:00,17.796999,17.447,17.197,18.647,18.597,18.296999,16.595499,88,86,87,81,84,82,86
2934,1,2024-06-02 06:00:00+00:00,20.347,20.397,20.397,20.247,20.697,20.497,19.1955,77,77,76,77,77,75,80
2935,1,2024-06-02 07:00:00+00:00,22.397,22.347,22.546999,22.347,22.847,22.747,21.845499,71,70,71,71,69,68,70
2936,1,2024-06-02 08:00:00+00:00,24.247,24.296999,24.497,24.497,25.046999,25.097,24.7955,65,65,66,65,61,60,59
2937,1,2024-06-02 09:00:00+00:00,25.647,25.847,25.897,26.197,26.847,26.897,26.8955,59,58,59,59,54,54,51
2938,1,2024-06-02 10:00:00+00:00,26.546999,26.647,26.796999,27.147,27.997,27.947,27.595499,53,52,54,54,48,48,47
2939,1,2024-06-02 11:00:00+00:00,27.046999,27.247,27.296999,27.647,28.647,28.497,27.4455,52,50,51,50,43,44,47
2940,1,2024-06-02 12:00:00+00:00,27.347,27.447,27.947,27.097,28.247,28.647,26.7955,51,50,46,50,46,41,48
2941,1,2024-06-02 13:00:00+00:00,27.247,27.397,27.747,26.796999,27.997,28.597,25.3955,50,49,47,51,47,42,56
2942,1,2024-06-02 14:00:00+00:00,26.847,26.947,27.296999,26.097,27.347,28.147,23.3955,49,48,46,55,50,45,67
2943,1,2024-06-02 15:00:00+00:00,25.697,25.597,25.747,25.147,26.347,27.147,21.4955,57,56,55,59,55,49,77
2944,1,2024-06-02 16:00:00+00:00,23.697,23.747,23.147,23.796999,24.796999,25.247,19.7455,67,64,65,65,61,54,85
2945,1,2024-06-02 17:00:00+00:00,21.447,21.397,21.497,22.147,22.897,22.747,18.0455,75,75,74,71,69,59,92
2946,1,2024-06-02 18:00:00+00:00,20.497,20.796999,20.947,20.397,21.247,20.747,16.095499,78,78,76,80,75,64,97
2947,1,2024-06-02 19:00:00+00:00,19.397,19.747,20.046999,19.546999,20.046999,19.597,15.945499,86,84,83,84,79,69,97
2948,1,2024-06-02 20:00:00+00:00,18.796999,18.997,19.497,19.046999,19.046999,18.897,16.5455,89,86,87,87,82,74,95
2949,1,2024-06-02 21:00:00+00:00,18.847,18.296999,19.197,18.697,18.247,18.347,16.9955,87,86,89,89,85,78,93
2950,1,2024-06-02 22:00:00+00:00,18.747,17.697,18.847,18.447,17.647,17.947,17.095499,87,92,90,90,87,80,93
2951,1,2024-06-02 23:00:00+00:00,18.497,17.697,18.147,18.347,17.247,17.647,17.0455,88,92,95,90,89,81,94
2952,1,2024-06-03 00:00:00+00:00,18.046999,17.997,17.796999,17.546999,18.997,16.397,16.1955,88,93,88,92,86,84,93
2953,1,2024-06-03 01:00:00+00:00,17.997,17.796999,17.247,17.197,18.397,15.646999,16.2455,87,88,87,92,86,85,93
2954,1,2024-06-03 02:00:00+00:00,17.847,17.296999,17.197,16.947,17.697,14.797,16.2955,85,84,85,91,86,88,93
2955,1,2024-06-03 03:00:00+00:00,17.397,16.647,16.997,17.147,17.497,14.847,16.6955,85,85,86,89,85,89,92
2956,1,2024-06-03 04:00:00+00:00,16.747,16.197,16.897,18.147,18.197,16.296999,17.5455,88,89,87,85,82,86,89
2957,1,2024-06-03 05:00:00+00:00,18.247,17.947,18.447,19.597,19.447,18.546999,18.7455,87,88,85,80,78,81,85
2958,1,2024-06-03 06:00:00+00:00,20.897,20.897,20.947,21.546999,20.897,20.897,19.6955,76,75,74,73,74,75,82
2959,1,2024-06-03 07:00:00+00:00,22.947,22.897,22.997,23.347,22.697,23.197,22.1455,70,69,69,67,69,68,72
2960,1,2024-06-03 08:00:00+00:00,24.847,24.796999,24.897,25.347,24.747,25.546999,24.9455,62,63,63,62,63,59,61
2961,1,2024-06-03 09:00:00+00:00,26.296999,26.097,26.347,26.897,26.347,27.397,26.8955,53,56,54,57,58,52,52
2962,1,2024-06-03 10:00:00+00:00,27.097,26.847,27.147,27.796999,27.347,28.497,27.4955,48,53,51,53,53,47,48
2963,1,2024-06-03 11:00:00+00:00,27.597,27.447,27.697,28.247,27.947,29.097,27.2455,46,50,49,49,49,43,47
2964,1,2024-06-03 12:00:00+00:00,27.647,27.247,27.747,28.046999,27.796999,28.647,26.4955,48,48,49,46,49,43,50
2965,1,2024-06-03 13:00:00+00:00,27.296999,26.447,27.497,27.647,27.597,27.947,25.2955,49,52,47,47,50,45,57
2966,1,2024-06-03 14:00:00+00:00,26.597,26.097,26.847,26.897,27.046999,26.647,23.595499,49,54,49,49,53,49,68
2967,1,2024-06-03 15:00:00+00:00,25.347,25.147,25.197,25.747,26.147,25.296999,21.7955,58,56,60,54,57,55,77
2968,1,2024-06-03 16:00:00+00:00,22.897,21.747,23.147,24.046999,24.697,23.847,19.9955,70,72,70,62,61,62,84
2969,1,2024-06-03 17:00:00+00:00,20.997,20.697,21.197,21.997,22.947,22.247,18.1455,76,80,79,73,66,70,89
2970,1,2024-06-03 18:00:00+00:00,20.147,20.296999,20.497,20.697,21.546999,20.997,16.095499,82,81,83,77,71,77,94
2971,1,2024-06-03 19:00:00+00:00,19.147,19.497,19.546999,19.546999,20.847,20.296999,15.445499,88,85,87,83,75,81,96
2972,1,2024-06-03 20:00:00+00:00,18.397,19.046999,18.847,18.597,20.497,19.897,15.3455,92,88,90,87,78,84,95
2973,1,2024-06-03 21:00:00+00:00,17.847,18.897,18.546999,17.947,20.197,19.647,15.2955,94,89,90,91,80,86,95
2974,1,2024-06-03 22:00:00+00:00,17.546999,18.847,18.647,17.647,19.897,19.497,15.1455,95,89,90,93,81,87,95
2975,1,2024-06-03 23:00:00+00:00,17.147,18.847,18.497,17.647,19.597,19.447,14.9955,96,89,91,94,80,86,95
2976,1,2024-06-04 00:00:00+00:00,17.796999,17.796999,18.796999,18.747,19.197,18.697,14.9955,92,91,87,89,89,81,95
2977,1,2024-06-04 01:00:00+00:00,17.997,17.847,18.597,18.197,18.697,18.247,14.5955,90,89,86,89,88,82,96
2978,1,2024-06-04 02:00:00+00:00,17.997,17.597,18.347,17.497,18.097,17.796999,14.2955,89,89,86,89,88,83,96
2979,1,2024-06-04 03:00:00+00:00,17.647,16.897,17.647,17.397,17.997,17.796999,14.5955,89,91,88,87,86,83,95
2980,1,2024-06-04 04:00:00+00:00,17.197,16.347,17.046999,18.296999,18.796999,18.597,15.8455,91,93,91,84,83,81,92
2981,1,2024-06-04 05:00:00+00:00,18.296999,17.897,18.747,19.747,20.097,19.847,17.6955,90,91,88,79,79,77,87
2982,1,2024-06-04 06:00:00+00:00,20.697,20.947,21.447,21.747,21.497,21.296999,20.095499,81,78,77,76,75,73,79
2983,1,2024-06-04 07:00:00+00:00,22.147,23.147,23.546999,23.497,23.046999,22.997,22.1955,79,71,70,69,70,68,69
2984,1,2024-06-04 08:00:00+00:00,23.546999,25.147,25.447,25.347,24.747,24.847,24.4955,76,63,62,61,64,62,58
2985,1,2024-06-04 09:00:00+00:00,24.897,26.546999,26.796999,26.796999,26.046999,26.296999,26.095499,67,54,55,55,59,57,50
2986,1,2024-06-04 10:00:00+00:00,25.546999,27.097,27.497,27.697,26.847,27.197,26.7455,64,51,51,51,56,53,47
2987,1,2024-06-04 11:00:00+00:00,25.296999,27.347,27.947,28.197,27.247,27.697,26.7455,67,50,49,49,53,49,47
2988,1,2024-06-04 12:00:00+00:00,25.796999,27.796999,28.546999,27.997,28.147,27.747,25.7955,59,50,46,49,46,44,50
2989,1,2024-06-04 13:00:00+00:00,25.147,27.497,28.347,27.197,27.197,27.546999,24.6455,60,49,45,51,49,45,57
2990,1,2024-06-04 14:00:00+00:00,25.046999,27.097,28.046999,25.847,25.647,26.947,22.9455,57,48,46,56,55,49,67
2991,1,2024-06-04 15:00:00+00:00,23.847,24.897,27.097,24.397,24.097,26.097,21.1955,63,58,51,62,62,53,76
2992,1,2024-06-04 16:00:00+00:00,21.546999,22.796999,23.897,22.897,22.647,24.697,19.4955,75,73,60,69,70,58,83
2993,1,2024-06-04 17:00:00+00:00,20.397,21.147,22.097,21.296999,21.197,22.997,17.7955,80,82,72,77,80,64,89
2994,1,2024-06-04 18:00:00+00:00,20.546999,20.347,21.597,20.296999,19.997,21.597,17.6955,80,90,77,86,87,70,90
2995,1,2024-06-04 19:00:00+00:00,19.897,19.597,21.147,19.347,19.147,20.796999,17.0455,83,92,78,89,91,75,92
2996,1,2024-06-04 20:00:00+00:00,19.397,18.546999,20.647,18.897,18.546999,20.247,16.4955,84,95,79,89,93,79,92
2997,1,2024-06-04 21:00:00+00:00,19.097,17.847,20.097,18.546999,18.097,19.847,15.9955,86,96,81,89,93,82,93
2998,1,2024-06-04 22:00:00+00:00,18.897,17.497,19.497,18.296999,17.847,19.546999,15.5455,87,95,84,89,92,82,93
2999,1,2024-06-04 23:00:00+00:00,18.597,17.247,18.546999,18.197,17.796999,19.347,15.1455,87,94,87,88,90,80,93
3000,1,2024-06-05 00:00:00+00:00,17.497,17.697,16.497,18.247,18.997,17.897,14.8955,90,92,92,85,83,86,93
3001,1,2024-06-05 01:00:00+00:00,17.147,16.947,16.047,17.947,18.597,17.296999,14.445499,90,92,91,85,84,87,94
3002,1,2024-06-05 02:00:00+00:00,16.796999,16.447,16.247,17.546999,18.147,16.697,14.0955,91,92,89,86,86,89,94
3003,1,2024-06-05 03:00:00+00:00,16.546999,16.047,16.597,17.647,18.147,16.697,14.3955,92,92,88,86,86,89,93
3004,1,2024-06-05 04:00:00+00:00,16.347,15.797,16.546999,18.497,18.897,17.647,15.7955,92,92,90,83,84,87,89
3005,1,2024-06-05 05:00:00+00:00,18.147,17.796999,18.447,19.796999,20.147,19.147,17.845499,89,89,87,79,80,83,82
3006,1,2024-06-05 06:00:00+00:00,20.597,20.897,21.296999,21.097,21.546999,20.796999,19.9955,81,79,76,76,76,78,81
3007,1,2024-06-05 07:00:00+00:00,22.347,22.997,23.296999,22.897,23.147,22.546999,22.1455,75,72,70,70,71,72,72
3008,1,2024-06-05 08:00:00+00:00,24.097,24.697,25.197,24.847,24.897,24.447,24.345499,70,67,63,63,64,66,61
3009,1,2024-06-05 09:00:00+00:00,25.597,26.046999,26.647,26.347,26.296999,25.947,25.8955,62,59,55,58,59,60,53
3010,1,2024-06-05 10:00:00+00:00,26.647,26.747,27.597,27.147,27.247,26.997,26.6455,55,54,51,54,55,55,49
3011,1,2024-06-05 11:00:00+00:00,27.296999,27.347,28.097,27.447,27.847,27.647,26.7455,52,51,48,51,51,51,48
3012,1,2024-06-05 12:00:00+00:00,28.197,27.546999,28.347,27.947,27.597,28.847,26.3955,45,52,46,49,50,43,49
3013,1,2024-06-05 13:00:00+00:00,28.046999,27.497,28.247,27.697,27.347,28.497,25.345499,43,52,46,49,50,44,56
3014,1,2024-06-05 14:00:00+00:00,27.796999,27.046999,27.847,27.046999,26.747,27.697,23.7455,43,53,47,50,52,47,66
3015,1,2024-06-05 15:00:00+00:00,26.447,25.997,26.397,25.997,25.796999,26.546999,21.9955,49,58,53,54,56,52,75
3016,1,2024-06-05 16:00:00+00:00,24.147,24.197,23.697,24.147,24.247,24.897,19.9955,58,65,66,64,63,61,83
3017,1,2024-06-05 17:00:00+00:00,22.347,22.097,21.296999,21.847,22.347,22.897,17.845499,67,73,79,77,73,72,91
3018,1,2024-06-05 18:00:00+00:00,21.647,21.597,21.247,20.397,20.697,21.147,16.4955,67,71,78,80,80,80,94
3019,1,2024-06-05 19:00:00+00:00,20.447,20.697,20.247,19.247,19.647,19.897,16.345499,70,79,84,86,84,84,94
3020,1,2024-06-05 20:00:00+00:00,19.546999,19.997,19.097,18.347,18.847,18.897,16.595499,76,82,91,91,86,86,93
3021,1,2024-06-05 21:00:00+00:00,18.597,19.247,17.997,17.747,18.197,17.997,16.6955,81,82,94,94,87,87,93
3022,1,2024-06-05 22:00:00+00:00,17.697,18.647,17.097,17.397,17.647,17.147,16.3955,83,83,93,93,88,89,94
3023,1,2024-06-05 23:00:00+00:00,16.796999,17.897,16.546999,17.296999,17.247,16.397,15.8955,86,84,91,90,88,92,95
3024,1,2024-06-06 00:00:00+00:00,16.697,16.997,17.497,16.397,16.897,16.597,16.3955,85,87,86,91,87,91,94
3025,1,2024-06-06 01:00:00+00:00,15.896999,16.347,17.147,15.947,16.397,16.047,15.945499,88,89,87,91,89,92,95
3026,1,2024-06-06 02:00:00+00:00,15.197,15.896999,16.897,15.547,15.896999,15.747,15.5455,91,90,87,92,91,92,96
3027,1,2024-06-06 03:00:00+00:00,14.697,15.547,16.347,15.797,16.047,15.997,15.695499,94,91,90,91,91,90,95
3028,1,2024-06-06 04:00:00+00:00,14.947,15.297,15.896999,17.097,17.147,17.197,16.6455,93,93,92,86,87,85,92
3029,1,2024-06-06 05:00:00+00:00,17.447,17.697,17.796999,19.046999,18.897,18.947,18.1455,87,88,88,80,81,78,86
3030,1,2024-06-06 06:00:00+00:00,20.796999,20.397,20.947,21.197,20.747,20.697,19.4955,73,78,77,74,75,71,83
3031,1,2024-06-06 07:00:00+00:00,22.796999,22.546999,22.847,23.147,22.697,22.296999,21.6455,66,69,70,68,69,66,75
3032,1,2024-06-06 08:00:00+00:00,24.697,24.397,24.597,25.097,24.697,23.847,23.9955,60,64,66,61,63,61,66
3033,1,2024-06-06 09:00:00+00:00,25.947,26.097,26.097,26.697,26.296999,25.147,25.6955,54,58,60,56,57,57,59
3034,1,2024-06-06 10:00:00+00:00,26.897,27.097,27.046999,27.697,27.347,26.247,26.4955,52,51,54,51,52,53,54
3035,1,2024-06-06 11:00:00+00:00,27.247,27.497,27.597,28.296999,27.947,27.097,26.6955,50,49,52,47,48,51,52
3036,1,2024-06-06 12:00:00+00:00,27.897,28.147,27.747,27.997,28.147,27.796999,26.2955,46,45,51,48,47,47,55
3037,1,2024-06-06 13:00:00+00:00,27.597,28.147,27.747,27.897,27.747,27.447,24.6455,46,45,51,48,47,47,63
3038,1,2024-06-06 14:00:00+00:00,27.147,27.747,27.197,27.397,26.847,26.697,22.345499,45,46,50,49,49,48,74
3039,1,2024-06-06 15:00:00+00:00,25.796999,26.747,24.997,26.497,25.647,25.497,20.2955,51,50,63,52,52,51,83
3040,1,2024-06-06 16:00:00+00:00,22.897,24.247,23.197,24.947,24.046999,23.597,18.7955,69,59,67,57,56,58,88
3041,1,2024-06-06 17:00:00+00:00,21.546999,22.847,21.796999,22.997,22.247,21.296999,17.595499,77,63,71,63,60,66,92
3042,1,2024-06-06 18:00:00+00:00,20.247,20.997,21.197,20.397,20.697,19.397,16.4955,85,81,67,70,64,73,95
3043,1,2024-06-06 19:00:00+00:00,20.046999,20.697,20.546999,19.546999,19.796999,18.347,15.945499,88,83,71,73,67,77,96
3044,1,2024-06-06 20:00:00+00:00,19.497,20.046999,19.747,19.046999,19.197,17.747,15.695499,90,84,75,76,70,79,95
3045,1,2024-06-06 21:00:00+00:00,18.447,18.997,18.847,18.546999,18.647,17.296999,15.4955,92,87,80,78,73,81,95
3046,1,2024-06-06 22:00:00+00:00,17.897,17.997,18.147,17.796999,17.997,16.997,15.195499,87,89,83,81,76,82,95
3047,1,2024-06-06 23:00:00+00:00,17.546999,17.296999,17.697,17.046999,17.447,16.847,14.945499,85,87,86,85,79,83,96
3048,1,2024-06-07 00:00:00+00:00,15.847,16.747,17.097,16.796999,16.147,17.097,14.8955,89,85,88,86,86,82,96
3049,1,2024-06-07 01:00:00+00:00,15.747,16.247,16.947,16.347,15.747,16.347,14.445499,90,87,88,87,86,84,96
3050,1,2024-06-07 02:00:00+00:00,15.847,16.296999,16.747,16.097,15.447,15.547,14.1455,91,87,89,87,86,86,96
3051,1,2024-06-07 03:00:00+00:00,16.147,16.397,16.447,16.347,15.747,15.497,14.3955,89,86,90,86,84,85,95
3052,1,2024-06-07 04:00:00+00:00,16.197,16.447,16.296999,17.347,16.997,16.497,15.5955,89,86,91,83,81,81,92
3053,1,2024-06-07 05:00:00+00:00,17.997,17.947,18.296999,18.897,18.796999,18.247,17.3955,84,84,85,78,76,76,87
3054,1,2024-06-07 06:00:00+00:00,20.397,20.397,20.747,20.647,20.697,20.097,18.7955,76,72,74,75,71,70,82
3055,1,2024-06-07 07:00:00+00:00,22.097,22.197,22.497,22.397,22.697,22.147,21.4955,69,66,69,70,66,65,72
3056,1,2024-06-07 08:00:00+00:00,23.897,24.347,24.347,24.247,24.747,24.347,24.7455,64,60,64,64,60,59,60
3057,1,2024-06-07 09:00:00+00:00,25.397,25.947,25.847,25.697,26.347,26.097,26.9955,58,52,57,59,55,54,51
3058,1,2024-06-07 10:00:00+00:00,26.647,26.997,26.796999,26.647,27.247,27.247,27.6455,52,47,50,55,51,49,48
3059,1,2024-06-07 11:00:00+00:00,26.997,27.897,27.447,27.247,27.697,27.997,27.2955,50,44,47,51,47,45,48
3060,1,2024-06-07 12:00:00+00:00,26.847,27.497,27.847,26.796999,27.447,27.897,25.6955,50,46,44,53,47,46,51
3061,1,2024-06-07 13:00:00+00:00,27.046999,27.546999,27.997,26.697,27.247,27.847,25.1455,49,46,44,53,47,45,55
3062,1,2024-06-07 14:00:00+00:00,26.847,26.997,27.546999,26.247,26.697,27.447,24.3955,49,47,43,55,49,46,61
3063,1,2024-06-07 15:00:00+00:00,26.147,26.046999,26.447,25.397,25.796999,26.597,23.1955,50,51,47,58,52,49,68
3064,1,2024-06-07 16:00:00+00:00,23.897,24.796999,24.046999,23.897,24.397,25.046999,20.9955,60,58,58,64,58,56,77
3065,1,2024-06-07 17:00:00+00:00,21.747,21.747,22.647,21.997,22.697,23.097,18.345499,69,68,65,72,66,66,86
3066,1,2024-06-07 18:00:00+00:00,20.296999,21.097,21.647,21.097,21.296999,21.447,19.595499,76,72,72,75,73,74,77
3067,1,2024-06-07 19:00:00+00:00,19.447,20.597,21.046999,20.247,20.497,20.397,18.595499,81,72,75,80,78,80,80
3068,1,2024-06-07 20:00:00+00:00,18.697,19.647,20.647,19.747,19.997,19.697,17.7455,86,77,78,83,83,85,84
3069,1,2024-06-07 21:00:00+00:00,18.347,18.997,20.097,19.397,19.597,19.147,16.9955,88,82,82,86,86,88,87
3070,1,2024-06-07 22:00:00+00:00,18.097,18.796999,19.247,19.097,19.197,18.747,16.345499,90,85,86,88,89,90,89
3071,1,2024-06-07 23:00:00+00:00,18.147,18.397,18.347,18.897,18.847,18.546999,15.7455,88,88,90,90,91,91,91
3072,1,2024-06-08 00:00:00+00:00,18.097,18.447,17.947,18.347,18.947,17.747,15.7955,87,90,91,91,88,92,94
3073,1,2024-06-08 01:00:00+00:00,17.947,18.147,17.647,18.046999,18.546999,17.497,15.0955,88,91,89,91,88,91,95
3074,1,2024-06-08 02:00:00+00:00,17.697,17.997,17.197,17.796999,18.147,17.347,14.4955,89,91,88,91,88,90,95
3075,1,2024-06-08 03:00:00+00:00,17.247,17.647,16.497,17.897,18.097,17.647,14.5955,91,90,89,90,87,87,94
3076,1,2024-06-08 04:00:00+00:00,16.947,17.147,16.047,18.597,18.697,18.497,15.8455,92,91,90,87,85,84,90
3077,1,2024-06-08 05:00:00+00:00,18.197,18.247,17.697,19.747,19.697,19.796999,17.845499,92,87,87,83,81,79,84
3078,1,2024-06-08 06:00:00+00:00,20.497,20.796999,20.847,20.747,20.897,21.247,20.1955,81,76,73,79,77,74,75
3079,1,2024-06-08 07:00:00+00:00,21.897,22.497,22.897,22.296999,22.497,22.947,22.595499,73,69,65,72,71,67,65
3080,1,2024-06-08 08:00:00+00:00,23.147,24.247,24.747,24.046999,24.296999,24.796999,25.1455,70,64,58,64,63,59,55
3081,1,2024-06-08 09:00:00+00:00,24.046999,25.597,26.046999,25.497,25.747,26.347,26.8955,64,55,50,57,57,52,47
3082,1,2024-06-08 10:00:00+00:00,24.447,26.597,26.697,26.497,26.597,27.447,27.4455,59,49,46,53,53,48,44
3083,1,2024-06-08 11:00:00+00:00,25.247,27.046999,27.397,27.197,27.097,28.197,27.2455,55,46,44,50,50,45,44
3084,1,2024-06-08 12:00:00+00:00,25.046999,26.697,27.597,28.447,27.197,28.097,26.9955,64,51,46,43,50,45,45
3085,1,2024-06-08 13:00:00+00:00,24.897,26.796999,27.697,28.497,26.997,27.897,25.8955,66,50,44,42,50,45,52
3086,1,2024-06-08 14:00:00+00:00,24.796999,26.247,27.296999,28.097,26.347,27.296999,24.2955,62,50,45,42,51,46,62
3087,1,2024-06-08 15:00:00+00:00,23.947,24.697,25.347,27.197,25.347,26.347,22.595499,66,60,54,45,55,49,70
3088,1,2024-06-08 16:00:00+00:00,22.347,22.796999,21.497,25.296999,23.847,24.796999,20.845499,74,69,71,54,63,55,75
3089,1,2024-06-08 17:00:00+00:00,21.347,21.296999,20.597,22.897,21.947,22.897,19.095499,78,75,77,66,73,63,79
3090,1,2024-06-08 18:00:00+00:00,20.296999,20.097,21.046999,21.397,20.447,21.247,16.6955,85,78,75,69,81,71,89
3091,1,2024-06-08 19:00:00+00:00,19.897,19.546999,20.447,20.447,19.597,19.997,15.8455,88,82,79,76,85,78,92
3092,1,2024-06-08 20:00:00+00:00,19.447,19.397,19.796999,19.847,19.097,18.947,15.5455,91,84,82,81,87,84,94
3093,1,2024-06-08 21:00:00+00:00,19.097,18.947,19.347,19.347,18.697,18.296999,15.4955,92,86,84,86,88,88,95
3094,1,2024-06-08 22:00:00+00:00,18.747,18.647,18.847,18.897,18.397,18.197,15.8455,93,87,87,89,88,89,94
3095,1,2024-06-08 23:00:00+00:00,18.497,18.147,18.546999,18.546999,18.247,18.447,16.4455,91,87,88,90,87,88,92
3096,1,2024-06-09 00:00:00+00:00,17.597,17.697,17.247,18.197,18.497,18.597,14.3955,92,84,88,86,92,87,94
3097,1,2024-06-09 01:00:00+00:00,17.147,17.046999,16.747,17.947,18.397,17.947,13.9955,93,85,89,85,91,88,95
3098,1,2024-06-09 02:00:00+00:00,16.647,16.647,16.097,17.697,18.447,17.197,13.6455,93,86,90,84,89,89,95
3099,1,2024-06-09 03:00:00+00:00,16.147,16.097,15.547,17.747,18.647,17.046999,13.8955,93,88,91,83,86,88,94
3100,1,2024-06-09 04:00:00+00:00,15.896999,15.646999,15.197,18.247,19.046999,17.847,15.1455,91,89,93,81,83,83,90
3101,1,2024-06-09 05:00:00+00:00,17.197,17.347,17.247,19.097,19.647,19.197,16.9955,89,85,87,79,80,77,84
3102,1,2024-06-09 06:00:00+00:00,19.847,19.897,20.097,20.497,20.447,20.747,18.9955,78,74,75,74,76,70,74
3103,1,2024-06-09 07:00:00+00:00,21.197,21.347,21.796999,21.997,21.697,22.447,21.4955,70,67,67,67,71,64,64
3104,1,2024-06-09 08:00:00+00:00,22.447,22.997,23.597,23.647,23.147,24.296999,24.1955,64,61,59,60,66,58,52
3105,1,2024-06-09 09:00:00+00:00,23.296999,24.046999,24.847,24.947,24.296999,25.796999,26.1955,61,56,54,54,61,53,44
3106,1,2024-06-09 10:00:00+00:00,23.647,24.747,25.647,25.647,25.046999,26.747,27.0455,60,51,49,50,57,49,40
3107,1,2024-06-09 11:00:00+00:00,23.847,24.747,25.947,25.997,25.497,27.347,27.1955,60,52,46,49,55,46,40
3108,1,2024-06-09 12:00:00+00:00,24.247,23.796999,25.397,25.697,26.397,25.747,26.4955,57,58,50,50,47,54,42
3109,1,2024-06-09 13:00:00+00:00,24.296999,23.697,25.347,25.197,26.147,25.447,24.345499,56,59,49,54,48,56,54
3110,1,2024-06-09 14:00:00+00:00,23.947,23.296999,24.497,24.296999,25.497,24.796999,21.1955,56,60,52,60,51,59,71
3111,1,2024-06-09 15:00:00+00:00,22.447,22.497,23.147,23.296999,24.697,23.897,18.595499,64,68,58,64,54,62,84
3112,1,2024-06-09 16:00:00+00:00,20.796999,21.097,21.796999,22.247,23.546999,22.546999,17.2455,76,73,60,65,56,65,90
3113,1,2024-06-09 17:00:00+00:00,20.347,20.296999,20.546999,21.147,22.147,20.897,16.4955,72,74,61,64,58,68,93
3114,1,2024-06-09 18:00:00+00:00,20.097,19.296999,19.647,19.997,20.997,19.597,16.4955,67,73,63,66,60,71,91
3115,1,2024-06-09 19:00:00+00:00,19.296999,18.796999,18.897,19.397,20.296999,18.897,16.4455,68,72,67,69,62,72,90
3116,1,2024-06-09 20:00:00+00:00,18.997,18.397,18.747,18.997,19.847,18.546999,16.3955,69,74,68,71,65,73,89
3117,1,2024-06-09 21:00:00+00:00,18.497,18.197,18.197,18.647,19.447,18.197,16.1955,74,76,69,74,67,74,88
3118,1,2024-06-09 22:00:00+00:00,18.046999,17.847,17.747,18.247,19.097,17.796999,15.5955,77,77,72,76,68,75,89
3119,1,2024-06-09 23:00:00+00:00,17.796999,17.296999,17.697,17.847,18.796999,17.447,14.7455,79,78,74,78,70,75,90
3120,1,2024-06-10 00:00:00+00:00,17.546999,17.296999,17.747,18.296999,18.347,16.347,16.1955,81,79,74,75,76,79,84
3121,1,2024-06-10 01:00:00+00:00,17.296999,16.947,17.597,17.847,17.497,15.597,15.2455,83,80,75,76,78,82,86
3122,1,2024-06-10 02:00:00+00:00,17.147,16.447,17.397,17.347,16.447,14.847,14.0455,84,81,75,76,80,85,89
3123,1,2024-06-10 03:00:00+00:00,16.947,15.847,16.697,17.247,16.047,14.747,13.5955,84,80,77,75,80,86,89
3124,1,2024-06-10 04:00:00+00:00,16.497,15.347,15.947,17.647,16.647,15.697,14.3955,86,80,80,73,77,82,84
3125,1,2024-06-10 05:00:00+00:00,17.497,16.697,17.147,18.397,17.796999,17.247,15.8955,85,79,79,69,73,76,76
3126,1,2024-06-10 06:00:00+00:00,19.197,18.947,19.296999,19.546999,19.197,18.947,16.8955,71,69,69,68,68,70,73
3127,1,2024-06-10 07:00:00+00:00,20.747,20.597,21.046999,20.947,20.847,20.697,19.4455,66,63,62,64,63,65,65
3128,1,2024-06-10 08:00:00+00:00,22.597,22.447,22.847,22.546999,22.747,22.597,22.2955,61,59,57,60,57,60,56
3129,1,2024-06-10 09:00:00+00:00,23.847,23.947,24.347,23.847,24.247,24.097,24.4955,56,55,52,56,53,56,50
3130,1,2024-06-10 10:00:00+00:00,24.546999,24.647,25.046999,24.647,25.147,25.147,25.7455,54,53,50,54,51,53,46
3131,1,2024-06-10 11:00:00+00:00,24.947,25.097,25.397,25.147,25.697,25.796999,26.2955,53,51,50,52,50,51,45
3132,1,2024-06-10 12:00:00+00:00,24.847,25.747,25.147,25.097,25.497,26.597,25.7955,54,48,52,53,50,46,46
3133,1,2024-06-10 13:00:00+00:00,25.097,25.597,24.897,25.046999,25.447,26.397,24.345499,54,49,52,53,50,47,52
3134,1,2024-06-10 14:00:00+00:00,24.897,25.247,24.397,24.697,25.097,25.697,22.1455,55,49,52,54,50,49,61
3135,1,2024-06-10 15:00:00+00:00,24.147,24.197,23.097,23.947,24.397,24.697,20.2955,57,53,58,56,52,52,67
3136,1,2024-06-10 16:00:00+00:00,22.296999,22.046999,21.097,22.597,23.097,23.247,19.2955,65,59,63,59,55,55,69
3137,1,2024-06-10 17:00:00+00:00,20.647,20.497,19.997,20.796999,21.447,21.447,18.6455,69,62,65,64,59,58,68
3138,1,2024-06-10 18:00:00+00:00,19.497,19.397,18.296999,19.397,19.997,20.046999,16.8955,75,66,71,64,63,61,87
3139,1,2024-06-10 19:00:00+00:00,18.997,18.597,17.647,18.347,18.997,19.347,16.7455,79,69,73,67,67,63,86
3140,1,2024-06-10 20:00:00+00:00,18.847,18.097,17.197,17.497,18.197,19.046999,16.6455,81,71,75,70,71,66,85
3141,1,2024-06-10 21:00:00+00:00,18.647,18.147,16.847,16.847,17.597,18.847,16.2955,80,72,76,73,75,67,85
3142,1,2024-06-10 22:00:00+00:00,17.647,17.546999,16.397,16.447,17.147,18.647,15.3455,86,74,77,75,77,67,87
3143,1,2024-06-10 23:00:00+00:00,17.046999,16.647,16.047,16.247,16.897,18.546999,14.0955,90,79,79,76,79,67,89
3144,1,2024-06-11 00:00:00+00:00,16.847,16.296999,16.047,16.197,15.947,17.647,12.9955,85,84,79,75,82,72,87
3145,1,2024-06-11 01:00:00+00:00,16.047,15.747,15.847,15.447,15.447,17.247,12.1455,87,84,80,78,82,73,90
3146,1,2024-06-11 02:00:00+00:00,15.247,14.847,15.497,14.646999,15.097,16.697,11.6455,89,87,81,81,82,74,93
3147,1,2024-06-11 03:00:00+00:00,14.547,14.247,15.097,14.497,15.197,16.546999,11.8955,91,88,81,82,80,75,92
3148,1,2024-06-11 04:00:00+00:00,13.947,13.947,14.797,15.396999,15.997,16.897,13.3455,92,88,83,80,77,75,86
3149,1,2024-06-11 05:00:00+00:00,15.646999,16.097,16.296999,16.947,17.247,17.546999,15.5455,87,82,80,75,72,74,77
3150,1,2024-06-11 06:00:00+00:00,18.597,18.647,18.247,18.697,18.747,18.647,17.9955,74,70,71,70,67,71,68
3151,1,2024-06-11 07:00:00+00:00,20.697,20.747,20.296999,20.597,20.647,20.447,20.2455,67,63,64,64,62,65,61
3152,1,2024-06-11 08:00:00+00:00,22.597,22.847,22.296999,22.747,22.747,22.647,22.5455,62,58,58,56,56,57,54
3153,1,2024-06-11 09:00:00+00:00,24.046999,24.347,23.697,24.447,24.447,24.397,24.2955,57,53,53,50,52,51,49
3154,1,2024-06-11 10:00:00+00:00,24.747,25.347,24.546999,25.447,25.447,25.447,25.3955,53,50,50,47,49,47,46
3155,1,2024-06-11 11:00:00+00:00,25.447,25.897,25.546999,25.947,25.997,26.046999,25.9455,51,46,47,45,46,45,45
3156,1,2024-06-11 12:00:00+00:00,25.497,25.397,26.497,25.647,25.796999,26.247,25.3955,50,50,44,45,47,44,48
3157,1,2024-06-11 13:00:00+00:00,25.697,25.197,26.097,25.247,25.497,25.947,24.095499,49,51,43,46,47,44,53
3158,1,2024-06-11 14:00:00+00:00,25.197,24.747,25.197,24.347,24.747,25.247,22.095499,50,52,47,48,47,44,60
3159,1,2024-06-11 15:00:00+00:00,23.997,23.546999,23.897,23.147,23.796999,24.296999,20.3955,56,56,48,52,49,46,66
3160,1,2024-06-11 16:00:00+00:00,21.796999,21.647,21.347,21.497,22.447,22.947,19.4455,64,63,55,57,52,49,69
3161,1,2024-06-11 17:00:00+00:00,20.546999,20.747,19.847,19.546999,20.897,21.296999,18.845499,65,66,60,63,57,54,70
3162,1,2024-06-11 18:00:00+00:00,20.796999,19.597,18.947,18.397,19.497,19.997,18.4955,68,75,65,66,61,58,69
3163,1,2024-06-11 19:00:00+00:00,20.147,18.847,18.247,17.447,18.497,19.397,18.1455,71,78,70,70,65,62,69
3164,1,2024-06-11 20:00:00+00:00,19.097,18.197,17.497,16.847,17.697,19.097,17.8955,77,80,74,73,69,65,68
3165,1,2024-06-11 21:00:00+00:00,17.897,17.247,16.897,16.347,16.947,18.747,17.595499,82,84,78,75,73,68,68
3166,1,2024-06-11 22:00:00+00:00,17.247,16.997,16.097,15.947,16.247,18.046999,17.2455,83,83,82,77,76,70,68
3167,1,2024-06-11 23:00:00+00:00,16.947,16.796999,15.747,15.697,15.597,17.247,16.8955,83,82,83,78,78,72,69
3168,1,2024-06-12 00:00:00+00:00,15.797,15.797,15.547,15.997,15.547,16.397,15.695499,85,95,83,77,79,80,92
3169,1,2024-06-12 01:00:00+00:00,14.697,14.646999,15.297,15.347,15.247,16.197,14.5455,90,96,84,79,80,81,93
3170,1,2024-06-12 02:00:00+00:00,13.947,14.197,15.447,14.697,14.997,16.197,13.0955,92,93,83,81,81,81,94
3171,1,2024-06-12 03:00:00+00:00,13.396999,13.646999,15.547,14.597,15.146999,16.497,12.4955,92,92,83,81,80,80,93
3172,1,2024-06-12 04:00:00+00:00,13.047,13.197,15.447,15.497,15.947,17.197,13.3955,93,92,83,79,78,76,88
3173,1,2024-06-12 05:00:00+00:00,14.997,14.947,16.597,16.997,17.147,18.247,15.1455,88,90,84,75,74,71,82
3174,1,2024-06-12 06:00:00+00:00,18.497,18.597,18.947,18.747,18.597,19.546999,17.3955,73,74,70,70,70,66,73
3175,1,2024-06-12 07:00:00+00:00,20.796999,20.796999,20.796999,20.597,20.497,21.296999,20.0455,66,65,62,65,64,60,65
3176,1,2024-06-12 08:00:00+00:00,22.796999,22.796999,22.697,22.697,22.597,23.296999,22.9955,60,61,59,60,58,54,56
3177,1,2024-06-12 09:00:00+00:00,24.497,24.497,24.397,24.397,24.347,24.897,25.1955,53,55,55,55,52,49,49
3178,1,2024-06-12 10:00:00+00:00,25.347,25.097,25.546999,25.447,25.447,25.947,26.1955,48,51,51,51,47,46,45
3179,1,2024-06-12 11:00:00+00:00,26.097,26.046999,26.147,26.046999,26.197,26.647,26.3955,46,48,48,47,43,44,42
3180,1,2024-06-12 12:00:00+00:00,26.347,26.347,26.147,26.847,24.997,26.796999,26.1955,46,47,48,44,50,40,40
3181,1,2024-06-12 13:00:00+00:00,26.597,26.247,26.296999,26.697,24.697,26.546999,24.6455,45,48,47,43,50,40,47
3182,1,2024-06-12 14:00:00+00:00,26.247,26.147,26.097,26.147,23.897,25.796999,22.345499,44,46,46,44,52,41,57
3183,1,2024-06-12 15:00:00+00:00,25.046999,24.847,25.197,25.147,22.847,24.747,20.2955,50,52,49,46,54,43,65
3184,1,2024-06-12 16:00:00+00:00,22.497,22.497,22.397,23.497,21.546999,23.347,18.9955,60,60,59,51,58,46,70
3185,1,2024-06-12 17:00:00+00:00,21.097,20.897,20.747,21.447,20.046999,21.647,18.0455,60,62,63,58,62,50,74
3186,1,2024-06-12 18:00:00+00:00,19.296999,19.447,19.947,18.897,18.697,20.097,17.2955,65,64,64,65,66,54,79
3187,1,2024-06-12 19:00:00+00:00,18.097,18.747,18.796999,17.546999,17.697,18.997,16.4955,70,69,67,71,69,59,80
3188,1,2024-06-12 20:00:00+00:00,16.697,18.097,17.697,16.546999,16.847,18.046999,15.7455,77,72,71,77,72,65,81
3189,1,2024-06-12 21:00:00+00:00,15.497,17.347,17.147,15.747,16.047,17.046999,15.0955,82,76,73,81,75,71,82
3190,1,2024-06-12 22:00:00+00:00,14.597,16.647,16.847,15.146999,15.247,15.896999,14.5455,86,79,76,84,79,76,83
3191,1,2024-06-12 23:00:00+00:00,13.847,15.896999,16.546999,14.697,14.497,14.697,14.0455,90,83,80,85,83,82,85
3192,1,2024-06-13 00:00:00+00:00,13.847,14.347,15.547,15.297,13.697,14.347,13.8955,89,90,84,84,85,82,93
3193,1,2024-06-13 01:00:00+00:00,13.447,13.697,14.396999,14.547,12.847,14.047,13.1455,91,92,89,86,89,83,94
3194,1,2024-06-13 02:00:00+00:00,13.146999,13.597,13.697,13.747,12.047,13.896999,12.4955,92,90,91,88,92,83,94
3195,1,2024-06-13 03:00:00+00:00,12.896999,13.597,13.396999,13.697,12.097,14.247,12.5955,93,88,91,88,92,82,92
3196,1,2024-06-13 04:00:00+00:00,12.547,13.547,13.396999,14.947,13.646999,15.396999,13.7455,94,88,91,84,87,79,88
3197,1,2024-06-13 05:00:00+00:00,14.697,15.597,15.597,16.997,16.047,17.097,15.5955,89,85,87,78,80,74,81
3198,1,2024-06-13 06:00:00+00:00,18.697,18.697,18.847,19.147,18.497,18.947,17.595499,73,72,73,71,72,69,69
3199,1,2024-06-13 07:00:00+00:00,21.397,21.347,21.296999,21.147,20.847,21.046999,20.1455,64,63,65,64,64,63,61
3200,1,2024-06-13 08:00:00+00:00,23.296999,23.296999,23.296999,23.147,23.247,23.347,22.9455,58,58,60,57,56,57,52
3201,1,2024-06-13 09:00:00+00:00,24.847,24.947,24.747,24.747,25.097,25.197,25.095499,53,52,53,51,49,51,45
3202,1,2024-06-13 10:00:00+00:00,25.796999,25.796999,25.697,25.897,26.197,26.296999,26.2955,47,47,48,47,45,46,41
3203,1,2024-06-13 11:00:00+00:00,26.447,26.497,26.296999,26.647,26.796999,26.997,26.7955,45,44,47,44,42,42,39
3204,1,2024-06-13 12:00:00+00:00,26.546999,26.847,26.597,26.997,27.546999,26.447,25.6955,46,43,46,44,41,46,41
3205,1,2024-06-13 13:00:00+00:00,26.447,26.847,26.697,27.046999,27.597,26.347,24.4955,46,43,46,44,40,46,47
3206,1,2024-06-13 14:00:00+00:00,26.247,26.697,26.497,26.747,27.247,25.897,22.6455,47,43,46,44,41,47,56
3207,1,2024-06-13 15:00:00+00:00,25.546999,25.796999,25.597,25.897,26.397,24.947,20.8955,48,46,48,48,44,50,63
3208,1,2024-06-13 16:00:00+00:00,23.347,23.296999,23.347,24.197,24.597,23.097,19.345499,58,57,59,56,52,56,66
3209,1,2024-06-13 17:00:00+00:00,20.897,21.947,21.747,21.947,22.247,20.697,17.845499,72,64,67,67,64,63,68
3210,1,2024-06-13 18:00:00+00:00,20.397,20.296999,19.997,20.046999,20.347,18.796999,18.595499,73,76,78,76,73,70,66
3211,1,2024-06-13 19:00:00+00:00,19.046999,19.947,19.397,19.197,19.247,17.796999,18.1455,81,78,81,80,79,76,66
3212,1,2024-06-13 20:00:00+00:00,17.947,19.046999,19.046999,18.897,18.597,17.247,17.845499,87,84,85,82,83,82,65
3213,1,2024-06-13 21:00:00+00:00,17.296999,18.647,18.647,18.647,18.147,16.796999,17.2955,88,86,87,84,86,87,66
3214,1,2024-06-13 22:00:00+00:00,16.796999,18.197,18.347,18.397,17.897,16.296999,16.1955,89,89,89,86,87,89,70
3215,1,2024-06-13 23:00:00+00:00,16.197,17.847,18.097,18.197,17.796999,15.896999,14.8955,92,90,91,87,88,90,76
3216,1,2024-06-14 00:00:00+00:00,16.347,17.296999,17.546999,17.647,17.147,15.747,14.7955,92,94,84,89,88,83,84
3217,1,2024-06-14 01:00:00+00:00,16.097,17.147,17.347,17.147,16.597,15.347,14.6455,93,91,82,90,90,83,85
3218,1,2024-06-14 02:00:00+00:00,15.896999,17.247,17.347,16.647,15.997,15.097,14.695499,90,83,80,90,93,83,85
3219,1,2024-06-14 03:00:00+00:00,15.896999,16.997,17.296999,16.647,15.997,15.396999,15.0955,84,82,79,89,93,82,83
3220,1,2024-06-14 04:00:00+00:00,15.847,16.597,17.097,17.447,16.897,16.497,15.9955,82,85,81,86,90,79,79
3221,1,2024-06-14 05:00:00+00:00,17.247,17.497,17.997,18.697,18.347,18.097,17.2455,82,87,83,82,85,74,72
3222,1,2024-06-14 06:00:00+00:00,19.497,19.997,19.747,20.447,19.897,19.796999,18.595499,73,74,74,76,79,69,75
3223,1,2024-06-14 07:00:00+00:00,21.747,22.046999,21.397,21.847,21.546999,21.546999,20.095499,65,65,67,69,71,64,69
3224,1,2024-06-14 08:00:00+00:00,23.747,23.997,23.046999,23.347,23.296999,23.296999,21.6955,59,58,62,61,62,58,62
3225,1,2024-06-14 09:00:00+00:00,25.147,25.597,24.597,24.597,24.747,24.796999,23.095499,51,51,54,55,55,53,56
3226,1,2024-06-14 10:00:00+00:00,26.147,26.647,25.597,25.546999,25.747,25.897,24.2455,46,45,49,51,51,49,52
3227,1,2024-06-14 11:00:00+00:00,26.747,27.397,26.447,26.197,26.447,26.647,25.095499,43,42,46,49,48,45,49
3228,1,2024-06-14 12:00:00+00:00,26.997,27.147,27.097,26.397,26.497,26.947,26.2955,43,41,44,49,48,46,44
3229,1,2024-06-14 13:00:00+00:00,27.097,27.197,27.197,26.147,26.347,26.947,24.6955,41,42,43,49,48,45,51
3230,1,2024-06-14 14:00:00+00:00,26.947,27.046999,26.897,25.546999,25.747,26.546999,22.345499,39,42,43,51,50,46,62
3231,1,2024-06-14 15:00:00+00:00,25.597,26.046999,25.847,24.546999,24.847,25.697,20.2955,45,46,47,54,54,49,72
3232,1,2024-06-14 16:00:00+00:00,23.097,23.747,23.497,22.997,23.397,24.097,18.8955,53,54,57,60,61,57,79
3233,1,2024-06-14 17:00:00+00:00,21.796999,21.546999,21.947,21.097,21.597,22.046999,17.845499,60,70,60,68,70,68,86
3234,1,2024-06-14 18:00:00+00:00,20.497,20.597,19.997,20.897,20.197,20.397,17.095499,66,77,79,73,78,77,90
3235,1,2024-06-14 19:00:00+00:00,18.747,19.447,18.997,19.997,19.497,19.497,16.6455,78,83,85,78,82,83,92
3236,1,2024-06-14 20:00:00+00:00,18.247,18.897,18.947,19.397,19.147,18.947,16.3955,83,84,86,81,85,87,93
3237,1,2024-06-14 21:00:00+00:00,17.647,18.497,19.197,18.947,18.897,18.497,16.1955,87,86,83,83,87,90,93
3238,1,2024-06-14 22:00:00+00:00,16.947,18.197,18.796999,18.597,18.647,18.097,16.095499,91,88,84,85,88,91,93
3239,1,2024-06-14 23:00:00+00:00,16.447,17.947,18.397,18.347,18.447,17.847,16.095499,92,91,86,87,88,91,92
3240,1,2024-06-15 00:00:00+00:00,15.697,17.347,18.147,18.397,17.747,17.097,16.2955,89,94,85,85,86,90,93
3241,1,2024-06-15 01:00:00+00:00,15.597,17.347,18.097,18.147,17.647,16.347,16.2455,86,93,86,86,85,93,93
3242,1,2024-06-15 02:00:00+00:00,15.197,17.447,17.997,17.897,17.647,15.597,16.1455,86,91,86,87,84,95,92
3243,1,2024-06-15 03:00:00+00:00,14.646999,17.497,18.046999,17.997,17.947,15.497,16.095499,87,88,85,86,82,95,92
3244,1,2024-06-15 04:00:00+00:00,14.146999,17.296999,17.897,18.597,18.597,16.597,16.0455,89,86,87,83,78,90,92
3245,1,2024-06-15 05:00:00+00:00,16.397,18.247,18.997,19.546999,19.546999,18.397,16.0455,85,85,86,79,74,83,92
3246,1,2024-06-15 06:00:00+00:00,19.897,19.897,20.947,20.546999,20.697,20.247,16.7955,72,74,72,75,69,75,90
3247,1,2024-06-15 07:00:00+00:00,22.147,22.046999,22.697,22.046999,22.147,22.147,18.9455,67,69,67,69,65,67,80
3248,1,2024-06-15 08:00:00+00:00,24.296999,24.097,24.397,23.747,23.796999,24.147,21.845499,58,60,60,63,60,58,67
3249,1,2024-06-15 09:00:00+00:00,25.947,25.497,25.647,25.147,25.147,25.747,24.095499,49,51,51,57,56,51,57
3250,1,2024-06-15 10:00:00+00:00,26.897,26.347,26.447,26.046999,26.046999,26.747,25.2455,43,46,46,53,52,46,51
3251,1,2024-06-15 11:00:00+00:00,27.347,26.647,26.897,26.597,26.697,27.347,25.6955,42,45,45,49,48,42,47
3252,1,2024-06-15 12:00:00+00:00,27.647,26.997,27.197,26.847,27.046999,26.597,26.1955,40,42,44,46,45,48,45
3253,1,2024-06-15 13:00:00+00:00,27.697,26.997,27.497,26.947,27.097,26.597,24.9455,39,42,44,45,45,48,53
3254,1,2024-06-15 14:00:00+00:00,27.647,26.847,27.347,26.747,26.796999,26.247,23.1455,39,41,44,45,46,49,65
3255,1,2024-06-15 15:00:00+00:00,26.397,25.796999,26.296999,25.947,25.947,25.497,21.2955,43,45,46,49,50,53,76
3256,1,2024-06-15 16:00:00+00:00,23.947,23.697,23.397,24.046999,24.197,23.997,19.2455,52,53,63,59,58,61,84
3257,1,2024-06-15 17:00:00+00:00,22.447,21.747,21.447,21.546999,21.897,22.046999,17.1455,58,63,75,73,69,71,91
3258,1,2024-06-15 18:00:00+00:00,20.097,20.847,20.046999,20.347,19.997,20.447,16.7955,79,72,81,84,78,79,92
3259,1,2024-06-15 19:00:00+00:00,19.296999,19.796999,19.497,19.397,18.947,19.497,16.4955,86,78,85,88,84,85,93
3260,1,2024-06-15 20:00:00+00:00,18.697,19.296999,19.296999,18.897,18.296999,18.897,16.7455,90,83,88,88,87,89,92
3261,1,2024-06-15 21:00:00+00:00,18.397,18.796999,18.947,18.546999,17.847,18.397,16.9955,91,85,89,88,90,92,91
3262,1,2024-06-15 22:00:00+00:00,18.097,18.546999,18.747,18.197,17.597,17.997,16.9955,93,85,91,90,92,94,90
3263,1,2024-06-15 23:00:00+00:00,18.046999,17.997,18.546999,17.997,17.546999,17.697,16.9455,94,86,91,91,93,94,90
3264,1,2024-06-16 00:00:00+00:00,17.947,18.147,17.947,18.046999,17.697,17.247,15.9955,90,88,94,89,92,92,94
3265,1,2024-06-16 01:00:00+00:00,17.597,17.997,17.847,17.897,17.546999,17.247,15.945499,90,87,93,88,92,91,94
3266,1,2024-06-16 02:00:00+00:00,17.197,17.847,17.847,17.796999,17.597,17.347,16.095499,91,87,90,87,89,89,93
3267,1,2024-06-16 03:00:00+00:00,16.796999,17.897,17.897,17.947,17.897,17.647,16.4955,89,85,86,85,86,86,91
3268,1,2024-06-16 04:00:00+00:00,16.497,17.897,17.796999,18.397,18.447,18.197,16.8955,89,84,84,81,81,81,90
3269,1,2024-06-16 05:00:00+00:00,17.697,18.447,18.347,19.147,19.197,18.997,17.5455,88,82,85,77,75,75,89
3270,1,2024-06-16 06:00:00+00:00,19.747,19.597,19.947,20.697,20.197,19.997,19.9955,81,79,75,71,69,69,75
3271,1,2024-06-16 07:00:00+00:00,21.247,21.247,21.597,22.247,21.647,21.397,22.2455,77,75,69,65,63,64,67
3272,1,2024-06-16 08:00:00+00:00,22.897,23.097,23.397,23.997,23.397,22.997,24.845499,71,70,66,60,57,59,57
3273,1,2024-06-16 09:00:00+00:00,24.046999,24.597,24.997,25.397,24.796999,24.296999,26.4955,63,61,59,55,53,55,51
3274,1,2024-06-16 10:00:00+00:00,24.597,25.397,25.697,26.147,25.747,25.197,26.4455,57,55,53,52,50,51,51
3275,1,2024-06-16 11:00:00+00:00,25.197,25.847,26.347,26.447,26.347,25.847,25.4455,55,52,50,49,49,49,54
3276,1,2024-06-16 12:00:00+00:00,24.447,26.397,26.847,26.546999,23.147,26.447,27.3955,61,49,48,48,59,48,41
3277,1,2024-06-16 13:00:00+00:00,24.097,26.347,26.697,26.497,23.296999,26.347,25.6455,63,50,47,47,59,48,51
3278,1,2024-06-16 14:00:00+00:00,22.497,26.046999,26.147,26.147,23.296999,25.796999,22.9455,73,50,46,48,60,49,66
3279,1,2024-06-16 15:00:00+00:00,21.397,25.447,24.647,25.347,22.796999,24.897,20.595499,81,52,55,52,63,53,78
3280,1,2024-06-16 16:00:00+00:00,20.497,22.997,22.546999,23.796999,21.447,23.497,19.095499,84,67,68,61,68,61,85
3281,1,2024-06-16 17:00:00+00:00,19.897,20.947,20.847,21.847,19.697,21.747,17.9455,88,80,76,73,75,72,89
3282,1,2024-06-16 18:00:00+00:00,18.947,19.647,20.247,19.697,18.247,20.347,16.4955,89,84,78,87,80,80,91
3283,1,2024-06-16 19:00:00+00:00,18.347,19.147,19.747,18.897,17.546999,19.597,16.2955,90,84,83,91,83,84,92
3284,1,2024-06-16 20:00:00+00:00,17.897,18.497,19.046999,18.347,17.147,19.147,16.595499,91,85,88,93,85,85,92
3285,1,2024-06-16 21:00:00+00:00,17.796999,18.296999,18.697,17.796999,16.947,18.796999,16.7955,90,87,91,94,86,86,91
3286,1,2024-06-16 22:00:00+00:00,17.296999,18.197,18.497,17.197,16.847,18.447,16.595499,92,87,91,95,85,87,91
3287,1,2024-06-16 23:00:00+00:00,16.847,18.046999,18.147,16.597,16.897,18.147,16.2955,95,86,94,96,84,87,91
3288,1,2024-06-17 00:00:00+00:00,16.897,17.296999,17.697,16.147,17.897,17.997,16.1955,94,92,92,92,90,82,93
3289,1,2024-06-17 01:00:00+00:00,16.997,17.147,17.747,15.797,17.847,17.647,16.095499,91,89,89,90,89,80,93
3290,1,2024-06-17 02:00:00+00:00,16.897,17.247,17.897,15.597,17.847,17.397,16.0455,88,83,82,88,87,78,92
3291,1,2024-06-17 03:00:00+00:00,16.647,17.147,17.847,15.747,18.046999,17.397,16.1955,87,80,77,85,85,75,91
3292,1,2024-06-17 04:00:00+00:00,16.296999,17.147,17.597,16.447,18.447,17.747,16.5455,88,76,77,81,82,73,89
3293,1,2024-06-17 05:00:00+00:00,17.447,17.247,17.747,17.497,18.997,18.397,17.095499,85,76,78,77,79,70,85
3294,1,2024-06-17 06:00:00+00:00,19.147,18.947,18.397,18.847,19.796999,19.347,19.2955,76,75,75,74,76,67,76
3295,1,2024-06-17 07:00:00+00:00,20.747,20.247,19.597,19.947,21.046999,20.796999,21.6455,69,70,71,70,72,63,67
3296,1,2024-06-17 08:00:00+00:00,22.397,21.747,20.947,21.447,22.597,22.546999,24.4455,65,67,66,64,68,59,57
3297,1,2024-06-17 09:00:00+00:00,23.947,23.197,22.697,22.697,23.796999,23.997,26.3955,60,64,64,60,64,56,50
3298,1,2024-06-17 10:00:00+00:00,24.847,24.296999,23.997,23.697,24.647,24.947,26.8955,55,59,61,57,61,53,47
3299,1,2024-06-17 11:00:00+00:00,25.546999,25.046999,24.347,24.546999,25.147,25.546999,26.4955,52,55,58,55,58,50,46
3300,1,2024-06-17 12:00:00+00:00,26.147,24.697,26.447,25.697,23.247,25.397,27.3955,49,55,48,51,65,53,41
3301,1,2024-06-17 13:00:00+00:00,26.296999,24.697,26.447,25.747,23.546999,25.447,26.2455,48,55,47,51,64,52,48
3302,1,2024-06-17 14:00:00+00:00,25.847,24.546999,26.296999,25.347,23.597,25.197,24.3955,49,55,47,52,65,52,60
3303,1,2024-06-17 15:00:00+00:00,24.747,23.897,24.747,24.497,23.247,24.447,22.4955,54,58,54,56,67,55,70
3304,1,2024-06-17 16:00:00+00:00,22.597,22.447,21.147,22.997,22.197,22.796999,20.595499,64,67,72,64,73,63,78
3305,1,2024-06-17 17:00:00+00:00,20.397,20.897,20.147,21.046999,20.647,20.697,18.6455,77,75,78,74,81,75,85
3306,1,2024-06-17 18:00:00+00:00,19.647,19.897,19.597,20.397,19.397,19.046999,16.7955,80,77,79,63,87,84,95
3307,1,2024-06-17 19:00:00+00:00,19.147,19.147,18.597,19.296999,18.647,18.347,16.345499,81,82,82,69,89,88,97
3308,1,2024-06-17 20:00:00+00:00,18.647,18.747,17.897,18.447,18.097,18.097,16.4455,84,80,78,75,88,90,95
3309,1,2024-06-17 21:00:00+00:00,18.147,17.997,17.247,17.697,17.597,17.847,16.3955,86,79,76,80,88,92,94
3310,1,2024-06-17 22:00:00+00:00,17.796999,17.597,16.497,16.947,17.097,17.397,15.8455,89,79,77,83,88,95,94
3311,1,2024-06-17 23:00:00+00:00,17.546999,17.197,15.747,16.247,16.597,16.947,15.0955,91,82,81,85,89,97,94
3312,1,2024-06-18 00:00:00+00:00,14.747,16.897,15.297,14.997,16.197,17.347,16.3955,86,91,84,88,91,98,82
3313,1,2024-06-18 01:00:00+00:00,14.347,16.447,14.197,14.497,15.347,16.747,15.7455,85,87,89,89,90,97,83
3314,1,2024-06-18 02:00:00+00:00,13.947,16.197,13.597,14.197,14.547,16.097,15.0955,85,80,90,89,89,95,83
3315,1,2024-06-18 03:00:00+00:00,13.497,15.997,12.947,14.447,14.447,15.947,14.8955,85,79,90,87,87,92,82
3316,1,2024-06-18 04:00:00+00:00,13.047,15.646999,12.597,15.497,15.447,16.546999,15.2955,85,82,89,83,83,88,80
3317,1,2024-06-18 05:00:00+00:00,14.747,16.597,14.347,17.097,17.197,17.647,16.1455,82,82,87,77,78,84,77
3318,1,2024-06-18 06:00:00+00:00,18.296999,18.747,19.046999,18.497,19.046999,18.796999,18.595499,68,70,69,72,73,79,70
3319,1,2024-06-18 07:00:00+00:00,20.847,20.697,20.847,20.597,20.997,19.997,21.3955,58,61,62,66,67,74,61
3320,1,2024-06-18 08:00:00+00:00,23.046999,22.647,22.747,22.847,23.097,21.347,24.5455,54,58,59,59,61,68,51
3321,1,2024-06-18 09:00:00+00:00,24.897,24.447,24.447,24.597,24.796999,22.497,26.7955,48,54,55,54,55,64,44
3322,1,2024-06-18 10:00:00+00:00,25.947,25.546999,25.597,25.647,25.897,23.447,27.7955,45,50,50,50,50,61,40
3323,1,2024-06-18 11:00:00+00:00,26.397,25.997,26.147,26.197,26.597,24.296999,27.9455,42,47,47,47,46,58,38
3324,1,2024-06-18 12:00:00+00:00,26.447,25.897,26.296999,26.847,27.397,25.847,26.7955,43,48,45,41,42,51,40
3325,1,2024-06-18 13:00:00+00:00,26.447,25.997,26.347,26.947,27.397,25.796999,24.9455,43,48,45,41,42,51,48
3326,1,2024-06-18 14:00:00+00:00,26.147,25.796999,25.947,26.747,27.046999,25.347,21.9455,45,48,45,43,43,54,60
3327,1,2024-06-18 15:00:00+00:00,25.296999,24.796999,24.847,25.997,26.247,24.647,19.4955,47,54,51,45,45,57,71
3328,1,2024-06-18 16:00:00+00:00,23.847,23.497,22.897,24.347,24.647,23.546999,18.2955,55,60,59,47,48,63,78
3329,1,2024-06-18 17:00:00+00:00,21.397,21.046999,20.897,22.247,22.597,22.197,17.6955,65,72,71,50,53,69,83
3330,1,2024-06-18 18:00:00+00:00,20.397,21.147,20.947,20.347,20.747,20.847,17.1955,50,53,64,54,58,75,89
3331,1,2024-06-18 19:00:00+00:00,19.397,19.847,19.747,19.247,19.447,19.597,16.4955,51,54,62,54,65,78,91
3332,1,2024-06-18 20:00:00+00:00,18.697,18.997,18.897,18.546999,18.397,18.397,15.5455,55,56,61,53,72,80,93
3333,1,2024-06-18 21:00:00+00:00,18.247,18.397,18.247,17.897,17.347,17.447,14.7955,60,61,61,53,78,81,94
3334,1,2024-06-18 22:00:00+00:00,17.647,17.796999,17.647,17.397,16.247,16.847,14.3955,65,65,67,56,81,81,93
3335,1,2024-06-18 23:00:00+00:00,16.997,16.997,17.097,16.997,15.197,16.447,14.2455,68,70,73,61,82,80,92
3336,1,2024-06-19 00:00:00+00:00,15.497,17.397,16.047,16.347,17.296999,15.847,14.695499,76,64,78,76,63,79,82
3337,1,2024-06-19 01:00:00+00:00,14.997,16.546999,15.347,15.347,16.347,14.896999,13.8955,77,70,79,79,66,81,85
3338,1,2024-06-19 02:00:00+00:00,14.447,15.797,14.797,14.297,15.197,14.047,13.2955,80,76,78,81,71,83,87
3339,1,2024-06-19 03:00:00+00:00,14.047,15.247,14.297,14.047,14.797,13.947,13.4955,85,81,79,81,73,83,87
3340,1,2024-06-19 04:00:00+00:00,13.847,14.697,13.947,15.146999,15.597,15.047,14.8455,88,85,84,79,73,80,82
3341,1,2024-06-19 05:00:00+00:00,15.646999,16.447,15.697,17.046999,17.147,16.897,17.0455,85,83,85,76,71,75,74
3342,1,2024-06-19 06:00:00+00:00,19.296999,19.397,19.197,18.997,18.947,18.947,19.2955,72,69,72,71,67,69,69
3343,1,2024-06-19 07:00:00+00:00,21.647,21.697,21.447,20.897,21.097,21.197,21.8955,62,60,62,65,61,63,60
3344,1,2024-06-19 08:00:00+00:00,23.796999,23.897,23.497,22.897,23.497,23.597,24.6955,55,54,57,59,52,56,51
3345,1,2024-06-19 09:00:00+00:00,25.447,25.647,25.197,24.497,25.397,25.497,26.7955,49,49,51,54,46,50,43
3346,1,2024-06-19 10:00:00+00:00,26.247,26.397,25.847,25.497,26.447,26.597,27.9955,45,44,48,50,43,45,38
3347,1,2024-06-19 11:00:00+00:00,26.647,27.247,26.397,26.097,26.997,27.197,28.4955,42,41,46,47,41,42,35
3348,1,2024-06-19 12:00:00+00:00,26.046999,27.147,27.296999,26.847,27.147,27.347,27.1955,43,42,41,45,39,40,39
3349,1,2024-06-19 13:00:00+00:00,25.697,26.897,27.247,26.747,27.046999,27.247,25.9455,43,42,41,45,40,41,44
3350,1,2024-06-19 14:00:00+00:00,25.296999,26.197,26.497,26.296999,26.597,26.747,24.0455,43,43,42,47,44,43,51
3351,1,2024-06-19 15:00:00+00:00,24.097,24.847,24.747,25.397,25.697,25.747,22.1955,47,46,51,49,47,46,58
3352,1,2024-06-19 16:00:00+00:00,21.397,22.447,22.597,23.897,24.046999,23.947,20.4955,57,51,52,53,50,49,64
3353,1,2024-06-19 17:00:00+00:00,19.847,20.697,20.947,21.947,21.997,21.697,18.845499,61,56,55,57,52,53,69
3354,1,2024-06-19 18:00:00+00:00,18.347,19.647,19.296999,19.497,20.296999,19.747,17.2955,69,61,62,62,55,57,71
3355,1,2024-06-19 19:00:00+00:00,17.397,18.847,18.546999,18.247,19.347,18.447,16.2455,73,66,66,67,58,62,76
3356,1,2024-06-19 20:00:00+00:00,16.697,18.097,17.796999,17.296999,18.747,17.546999,15.4955,76,69,70,71,62,67,82
3357,1,2024-06-19 21:00:00+00:00,16.546999,17.497,17.147,16.497,18.097,16.747,14.8955,76,71,72,75,66,72,86
3358,1,2024-06-19 22:00:00+00:00,16.347,16.897,16.697,15.797,17.197,16.097,14.445499,80,73,73,77,70,75,89
3359,1,2024-06-19 23:00:00+00:00,16.097,16.647,16.847,15.197,16.296999,15.646999,14.195499,84,74,72,79,75,77,90
3360,1,2024-06-20 00:00:00+00:00,16.497,15.947,16.647,15.447,15.597,15.297,14.0955,86,81,78,78,79,79,86
3361,1,2024-06-20 01:00:00+00:00,16.897,15.497,16.397,14.997,15.047,14.797,13.3955,84,85,81,82,83,84,91
3362,1,2024-06-20 02:00:00+00:00,17.447,15.297,15.997,14.597,14.547,14.396999,12.9955,81,86,83,86,88,89,95
3363,1,2024-06-20 03:00:00+00:00,17.497,15.097,15.396999,14.847,14.697,14.697,13.3955,80,87,87,88,90,90,95
3364,1,2024-06-20 04:00:00+00:00,17.397,14.847,15.047,16.047,15.947,16.047,14.8955,80,88,89,85,87,86,89
3365,1,2024-06-20 05:00:00+00:00,17.997,16.847,16.997,17.847,17.897,18.046999,17.1455,80,84,83,79,80,79,78
3366,1,2024-06-20 06:00:00+00:00,20.097,20.147,20.247,19.597,19.847,19.997,19.2955,72,72,70,73,73,71,70
3367,1,2024-06-20 07:00:00+00:00,22.147,22.347,22.497,21.497,21.697,21.847,21.7455,62,62,60,66,66,64,60
3368,1,2024-06-20 08:00:00+00:00,23.397,23.647,24.197,23.497,23.546999,23.647,24.2955,57,56,53,58,58,56,50
3369,1,2024-06-20 09:00:00+00:00,24.197,24.447,25.597,25.097,25.046999,25.097,25.9955,53,53,48,51,51,50,44
3370,1,2024-06-20 10:00:00+00:00,24.546999,24.397,26.296999,26.197,25.997,26.097,26.3955,50,53,44,46,47,45,43
3371,1,2024-06-20 11:00:00+00:00,24.597,24.697,26.847,26.897,26.546999,26.747,25.9455,50,50,41,41,44,41,45
3372,1,2024-06-20 12:00:00+00:00,24.697,25.796999,26.147,26.796999,26.247,26.796999,23.2955,48,47,44,41,45,42,58
3373,1,2024-06-20 13:00:00+00:00,24.046999,25.097,25.697,26.447,26.097,26.697,23.0455,49,47,46,42,44,41,60
3374,1,2024-06-20 14:00:00+00:00,24.347,24.447,24.497,25.697,25.647,26.247,23.095499,50,50,48,45,44,42,61
3375,1,2024-06-20 15:00:00+00:00,23.347,23.397,23.046999,24.597,24.697,25.247,22.6955,52,53,52,49,47,45,63
3376,1,2024-06-20 16:00:00+00:00,21.097,21.147,21.447,22.897,22.796999,23.197,21.2955,61,62,60,55,54,52,66
3377,1,2024-06-20 17:00:00+00:00,19.296999,19.447,19.997,20.847,20.347,20.597,19.4455,70,71,66,62,63,61,69
3378,1,2024-06-20 18:00:00+00:00,18.247,18.546999,18.647,20.296999,18.397,18.546999,17.9955,75,74,74,66,70,69,75
3379,1,2024-06-20 19:00:00+00:00,17.546999,17.847,18.046999,19.397,17.347,17.497,16.8955,78,77,77,70,74,73,79
3380,1,2024-06-20 20:00:00+00:00,16.997,17.046999,17.597,18.747,16.796999,16.997,15.945499,81,83,80,72,76,75,83
3381,1,2024-06-20 21:00:00+00:00,16.546999,16.647,17.447,18.147,16.347,16.597,15.195499,83,85,81,75,78,77,86
3382,1,2024-06-20 22:00:00+00:00,15.997,16.397,17.046999,17.647,15.997,16.097,14.6455,85,85,82,78,81,81,89
3383,1,2024-06-20 23:00:00+00:00,15.497,16.047,16.647,17.247,15.797,15.697,14.2955,88,85,84,80,85,85,91
3384,1,2024-06-21 00:00:00+00:00,15.297,15.047,15.997,15.997,15.847,15.247,14.0955,87,90,86,87,88,90,91
3385,1,2024-06-21 01:00:00+00:00,15.047,14.697,15.447,15.597,15.396999,14.797,13.4955,87,91,87,89,90,92,93
3386,1,2024-06-21 02:00:00+00:00,14.847,14.497,14.997,15.247,14.997,14.447,12.945499,86,92,89,91,91,92,95
3387,1,2024-06-21 03:00:00+00:00,14.597,14.447,14.646999,15.497,15.247,14.747,13.195499,88,92,90,91,90,91,94
3388,1,2024-06-21 04:00:00+00:00,14.497,14.396999,14.347,16.796999,16.447,16.097,14.695499,89,92,91,86,86,87,88
3389,1,2024-06-21 05:00:00+00:00,16.597,16.397,16.447,18.697,18.247,18.147,16.9955,84,88,86,79,81,81,79
3390,1,2024-06-21 06:00:00+00:00,19.947,19.847,19.997,20.597,20.147,20.147,19.3955,71,73,72,71,74,74,70
3391,1,2024-06-21 07:00:00+00:00,21.897,21.647,22.247,22.247,22.197,22.046999,21.6955,60,61,59,64,66,66,61
3392,1,2024-06-21 08:00:00+00:00,23.447,23.046999,23.647,23.796999,24.347,23.897,24.1455,55,56,53,56,56,57,52
3393,1,2024-06-21 09:00:00+00:00,24.747,24.097,24.647,25.046999,25.947,25.247,25.7955,51,52,50,50,49,50,46
3394,1,2024-06-21 10:00:00+00:00,25.697,25.097,25.147,25.796999,26.697,25.947,26.2455,48,49,49,47,45,47,44
3395,1,2024-06-21 11:00:00+00:00,26.097,25.796999,25.897,26.147,26.947,26.147,25.9455,46,46,46,46,44,46,45
3396,1,2024-06-21 12:00:00+00:00,25.697,26.247,26.147,25.796999,26.247,25.997,26.3955,46,43,44,46,48,47,45
3397,1,2024-06-21 13:00:00+00:00,25.597,25.897,25.747,25.597,25.897,25.647,25.345499,46,43,45,45,48,48,50
3398,1,2024-06-21 14:00:00+00:00,24.847,24.997,24.847,25.046999,25.147,24.997,23.6455,47,45,47,46,49,50,58
3399,1,2024-06-21 15:00:00+00:00,23.397,23.647,23.397,23.997,24.046999,23.997,21.9955,50,47,51,48,52,53,66
3400,1,2024-06-21 16:00:00+00:00,20.947,20.997,20.947,22.197,22.397,22.347,20.4455,57,56,57,54,57,59,72
3401,1,2024-06-21 17:00:00+00:00,19.097,19.046999,18.897,19.947,20.397,20.296999,18.8955,63,64,64,62,63,67,78
3402,1,2024-06-21 18:00:00+00:00,18.097,17.947,17.796999,17.697,18.796999,18.697,17.4955,65,67,67,66,68,73,89
3403,1,2024-06-21 19:00:00+00:00,17.546999,17.347,17.147,16.796999,17.997,17.847,16.7455,65,68,69,69,70,77,92
3404,1,2024-06-21 20:00:00+00:00,16.947,16.597,16.647,16.347,17.597,17.447,16.2455,68,72,74,71,70,79,92
3405,1,2024-06-21 21:00:00+00:00,16.397,15.896999,16.247,15.896999,17.247,17.046999,15.7955,73,77,74,73,70,81,92
3406,1,2024-06-21 22:00:00+00:00,15.997,15.396999,15.797,15.297,16.747,16.546999,15.3455,75,80,74,75,72,82,93
3407,1,2024-06-21 23:00:00+00:00,15.447,14.847,15.396999,14.747,16.247,16.097,14.945499,76,82,77,77,74,83,93
3408,1,2024-06-22 00:00:00+00:00,14.396999,14.396999,14.347,14.947,14.697,15.547,13.9955,82,83,83,80,79,84,95
3409,1,2024-06-22 01:00:00+00:00,14.097,14.047,14.047,14.396999,14.197,14.947,13.6455,83,86,85,83,80,85,96
3410,1,2024-06-22 02:00:00+00:00,14.197,13.847,13.847,13.797,13.797,14.447,13.3955,83,86,86,86,81,86,98
3411,1,2024-06-22 03:00:00+00:00,14.247,13.896999,13.646999,13.896999,13.997,14.497,13.7955,83,85,87,86,80,85,96
3412,1,2024-06-22 04:00:00+00:00,13.747,13.697,13.547,14.997,15.097,15.547,15.2455,86,86,88,82,76,81,90
3413,1,2024-06-22 05:00:00+00:00,15.547,15.646999,15.646999,16.747,16.847,17.197,17.345499,82,82,83,76,71,74,80
3414,1,2024-06-22 06:00:00+00:00,18.046999,18.296999,18.697,18.497,18.796999,19.046999,19.095499,72,70,71,69,65,68,71
3415,1,2024-06-22 07:00:00+00:00,20.247,20.046999,20.897,20.397,21.097,21.097,21.2955,65,63,61,63,59,62,63
3416,1,2024-06-22 08:00:00+00:00,22.597,22.046999,22.897,22.397,23.597,23.347,23.5455,58,58,56,56,52,56,56
3417,1,2024-06-22 09:00:00+00:00,24.546999,23.897,24.447,24.097,25.546999,25.097,25.2955,53,53,51,51,47,51,50
3418,1,2024-06-22 10:00:00+00:00,25.597,25.497,25.247,25.347,26.697,26.147,26.5455,48,49,48,47,43,48,45
3419,1,2024-06-22 11:00:00+00:00,26.296999,25.947,25.997,26.197,27.296999,26.697,27.2455,46,46,46,45,41,46,42
3420,1,2024-06-22 12:00:00+00:00,26.546999,26.447,26.647,26.697,27.097,26.697,27.6955,44,45,44,44,43,43,41
3421,1,2024-06-22 13:00:00+00:00,26.546999,26.597,26.847,26.597,26.947,26.247,25.1455,44,45,43,44,43,43,53
3422,1,2024-06-22 14:00:00+00:00,26.247,26.247,26.747,25.947,26.397,25.296999,21.2455,44,43,42,45,45,44,70
3423,1,2024-06-22 15:00:00+00:00,25.497,24.697,25.347,24.847,25.347,23.997,18.2955,46,47,45,47,47,47,83
3424,1,2024-06-22 16:00:00+00:00,22.697,22.247,22.447,23.046999,23.497,22.197,17.1455,57,52,50,51,51,52,88
3425,1,2024-06-22 17:00:00+00:00,20.897,20.397,20.247,20.747,21.147,20.147,16.8955,63,56,56,56,55,59,90
3426,1,2024-06-22 18:00:00+00:00,19.347,18.997,18.097,18.796999,19.397,18.497,17.3955,79,62,61,61,59,64,87
3427,1,2024-06-22 19:00:00+00:00,17.947,17.847,17.097,18.046999,18.747,17.747,17.1955,82,64,66,63,60,66,86
3428,1,2024-06-22 20:00:00+00:00,16.697,16.847,16.296999,17.697,18.697,17.447,16.9455,82,68,69,64,61,66,85
3429,1,2024-06-22 21:00:00+00:00,15.747,16.147,15.947,17.347,18.546999,17.147,16.595499,81,71,71,65,61,66,84
3430,1,2024-06-22 22:00:00+00:00,15.047,15.747,15.597,16.897,18.097,16.697,16.2455,80,73,73,66,62,67,83
3431,1,2024-06-22 23:00:00+00:00,14.646999,15.646999,15.297,16.447,17.546999,16.247,15.8955,80,73,74,67,63,68,83
3432,1,2024-06-23 00:00:00+00:00,14.896999,14.497,14.847,15.697,16.597,16.197,15.3955,76,79,73,72,67,69,89
3433,1,2024-06-23 01:00:00+00:00,14.847,14.097,14.297,14.747,15.947,15.797,14.5455,76,80,76,77,69,70,91
3434,1,2024-06-23 02:00:00+00:00,14.497,13.947,13.697,13.697,15.347,15.497,13.445499,77,80,80,82,71,70,93
3435,1,2024-06-23 03:00:00+00:00,14.146999,14.047,13.297,13.447,15.247,15.646999,13.195499,78,80,83,84,72,70,92
3436,1,2024-06-23 04:00:00+00:00,13.797,14.497,13.047,14.597,15.997,16.397,14.2455,80,78,84,81,71,69,87
3437,1,2024-06-23 05:00:00+00:00,15.447,16.047,15.097,16.546999,17.296999,17.546999,16.095499,79,75,81,75,68,66,80
3438,1,2024-06-23 06:00:00+00:00,18.647,18.597,18.647,18.796999,18.847,19.046999,18.9955,67,66,66,65,64,63,67
3439,1,2024-06-23 07:00:00+00:00,20.597,20.597,20.897,20.897,20.796999,21.046999,21.6455,61,59,58,60,59,58,59
3440,1,2024-06-23 08:00:00+00:00,22.597,22.847,23.097,23.147,22.997,23.347,24.5455,56,54,53,55,52,52,50
3441,1,2024-06-23 09:00:00+00:00,24.397,24.647,24.897,24.847,24.747,25.097,26.6955,53,49,49,51,47,47,44
3442,1,2024-06-23 10:00:00+00:00,25.296999,25.847,25.947,25.796999,25.747,25.997,27.8955,48,46,46,48,44,45,39
3443,1,2024-06-23 11:00:00+00:00,26.147,26.296999,26.447,26.296999,26.347,26.397,28.345499,44,44,43,45,42,43,37
3444,1,2024-06-23 12:00:00+00:00,26.697,26.697,26.847,26.147,25.796999,26.447,26.095499,41,43,41,45,44,43,43
3445,1,2024-06-23 13:00:00+00:00,26.397,26.697,26.796999,25.947,25.546999,26.046999,24.4955,41,42,41,45,43,44,50
3446,1,2024-06-23 14:00:00+00:00,25.796999,26.147,26.447,25.347,24.897,25.197,22.345499,42,42,41,45,43,45,60
3447,1,2024-06-23 15:00:00+00:00,24.197,24.497,25.046999,24.296999,23.796999,23.947,20.595499,46,47,45,47,45,48,67
3448,1,2024-06-23 16:00:00+00:00,21.897,21.796999,22.197,22.447,21.897,22.097,19.845499,52,52,53,52,50,53,68
3449,1,2024-06-23 17:00:00+00:00,19.796999,19.796999,19.897,20.147,19.546999,19.947,19.5455,58,57,59,59,56,58,65
3450,1,2024-06-23 18:00:00+00:00,18.546999,18.046999,18.296999,18.347,17.597,18.197,16.7955,63,63,60,64,62,63,84
3451,1,2024-06-23 19:00:00+00:00,18.046999,17.046999,17.197,17.296999,16.447,17.347,16.6955,65,66,64,67,65,66,84
3452,1,2024-06-23 20:00:00+00:00,17.747,16.097,16.397,16.747,15.747,16.997,16.7455,66,71,68,69,67,68,83
3453,1,2024-06-23 21:00:00+00:00,17.296999,15.497,15.847,16.296999,15.146999,16.546999,16.7955,67,73,71,70,69,70,82
3454,1,2024-06-23 22:00:00+00:00,16.647,14.997,15.247,15.797,14.597,15.847,16.7455,69,74,75,72,71,72,81
3455,1,2024-06-23 23:00:00+00:00,15.947,14.597,14.597,15.347,14.247,15.097,16.6955,72,74,78,73,74,74,79
3456,1,2024-06-24 00:00:00+00:00,14.747,13.646999,14.646999,15.197,14.396999,14.997,13.4955,76,79,78,73,73,70,88
3457,1,2024-06-24 01:00:00+00:00,14.047,13.497,14.447,14.396999,13.747,14.396999,12.9955,78,78,77,76,75,72,90
3458,1,2024-06-24 02:00:00+00:00,13.447,13.396999,13.997,13.547,13.146999,13.747,12.6455,79,78,78,79,77,74,91
3459,1,2024-06-24 03:00:00+00:00,12.797,13.197,13.447,13.396999,13.197,13.797,12.9955,81,79,80,79,77,74,89
3460,1,2024-06-24 04:00:00+00:00,12.547,13.146999,13.097,14.297,14.347,14.847,14.2955,82,79,81,76,74,72,83
3461,1,2024-06-24 05:00:00+00:00,14.497,15.347,15.297,15.896999,16.147,16.497,16.2455,80,73,75,70,69,68,75
3462,1,2024-06-24 06:00:00+00:00,18.147,18.147,18.296999,18.147,18.097,18.347,18.8955,64,64,64,64,64,63,64
3463,1,2024-06-24 07:00:00+00:00,20.296999,20.397,20.597,20.296999,20.097,20.397,21.1455,59,58,56,58,58,57,56
3464,1,2024-06-24 08:00:00+00:00,22.647,22.796999,22.897,22.697,22.247,22.597,23.3955,54,52,49,51,52,51,48
3465,1,2024-06-24 09:00:00+00:00,24.647,24.697,24.647,24.546999,23.947,24.296999,25.095499,49,47,44,46,47,46,43
3466,1,2024-06-24 10:00:00+00:00,26.046999,26.097,25.947,25.647,25.097,25.296999,25.9955,45,44,40,43,44,43,41
3467,1,2024-06-24 11:00:00+00:00,26.546999,26.747,26.747,26.296999,25.847,25.796999,26.2455,42,41,39,41,42,42,41
3468,1,2024-06-24 12:00:00+00:00,26.747,27.147,27.097,26.597,26.046999,26.347,25.3955,39,39,37,41,42,40,43
3469,1,2024-06-24 13:00:00+00:00,26.647,27.147,26.947,26.296999,25.847,26.097,24.095499,39,38,36,41,42,40,47
3470,1,2024-06-24 14:00:00+00:00,26.296999,26.747,26.397,25.497,25.197,25.397,22.2455,39,36,36,41,43,41,54
3471,1,2024-06-24 15:00:00+00:00,25.147,25.347,24.796999,24.247,23.997,24.197,20.595499,43,41,41,43,45,44,59
3472,1,2024-06-24 16:00:00+00:00,21.847,22.097,21.447,22.247,21.947,22.197,19.6455,55,50,45,47,48,48,62
3473,1,2024-06-24 17:00:00+00:00,19.747,19.546999,18.847,19.747,19.397,19.647,18.9455,58,56,55,53,51,54,63
3474,1,2024-06-24 18:00:00+00:00,17.897,17.897,17.397,17.647,17.296999,17.546999,18.095499,63,60,61,58,55,59,71
3475,1,2024-06-24 19:00:00+00:00,17.097,16.897,16.247,16.197,16.147,16.296999,17.595499,67,61,65,63,59,63,71
3476,1,2024-06-24 20:00:00+00:00,16.097,15.597,15.097,15.097,15.547,15.497,17.0455,70,65,68,67,63,67,72
3477,1,2024-06-24 21:00:00+00:00,15.547,14.646999,14.247,14.146999,14.997,14.697,16.4955,71,68,71,71,67,71,72
3478,1,2024-06-24 22:00:00+00:00,15.197,13.997,13.497,13.297,14.497,13.697,15.945499,71,71,73,75,70,76,72
3479,1,2024-06-24 23:00:00+00:00,14.747,13.646999,12.797,12.646999,14.146999,12.697,15.3955,72,74,76,79,72,81,73
3480,1,2024-06-25 00:00:00+00:00,13.146999,13.047,12.247,12.047,11.297,14.247,12.8955,79,78,80,83,83,77,84
3481,1,2024-06-25 01:00:00+00:00,12.697,12.547,11.747,11.347,10.646999,13.697,12.2455,82,80,82,86,86,80,85
3482,1,2024-06-25 02:00:00+00:00,12.297,12.396999,11.297,10.797,10.197,13.146999,11.6455,84,79,82,87,88,82,87
3483,1,2024-06-25 03:00:00+00:00,11.597,12.297,11.047,11.047,10.597,13.297,11.7955,85,79,81,86,87,81,86
3484,1,2024-06-25 04:00:00+00:00,11.146999,12.146999,10.947,12.597,12.297,14.497,13.195499,86,79,82,80,82,76,80
3485,1,2024-06-25 05:00:00+00:00,13.247,14.447,13.297,14.997,14.797,16.347,15.3955,82,76,79,72,73,68,72
3486,1,2024-06-25 06:00:00+00:00,17.347,17.897,17.247,17.447,17.347,18.247,17.8955,63,62,62,62,65,60,60
3487,1,2024-06-25 07:00:00+00:00,19.397,20.097,19.847,19.897,19.747,20.197,20.2955,57,56,51,53,56,54,53
3488,1,2024-06-25 08:00:00+00:00,21.847,22.697,22.397,22.397,22.147,22.296999,22.7955,53,51,44,44,48,48,45
3489,1,2024-06-25 09:00:00+00:00,23.947,24.847,24.296999,24.397,24.097,23.947,24.7955,48,47,39,37,41,43,40
3490,1,2024-06-25 10:00:00+00:00,25.247,26.097,25.546999,25.647,25.447,25.097,26.095499,45,43,38,34,38,40,37
3491,1,2024-06-25 11:00:00+00:00,25.647,26.397,26.247,26.347,26.347,25.897,26.845499,43,40,38,34,36,39,35
3492,1,2024-06-25 12:00:00+00:00,26.046999,26.296999,26.247,26.546999,26.247,26.347,26.2955,42,41,41,34,38,38,33
3493,1,2024-06-25 13:00:00+00:00,26.046999,26.397,26.447,26.447,26.247,26.197,25.1955,43,41,40,34,39,37,37
3494,1,2024-06-25 14:00:00+00:00,25.647,26.247,26.197,25.947,25.796999,25.597,23.345499,45,41,41,35,41,37,44
3495,1,2024-06-25 15:00:00+00:00,24.247,25.497,25.497,24.796999,24.796999,24.447,21.2955,50,43,42,37,43,39,51
3496,1,2024-06-25 16:00:00+00:00,21.397,22.097,22.296999,22.597,22.947,22.397,18.9955,59,56,53,41,45,45,56
3497,1,2024-06-25 17:00:00+00:00,19.947,20.397,20.247,19.747,20.546999,19.747,16.5455,62,61,49,46,48,53,61
3498,1,2024-06-25 18:00:00+00:00,18.647,18.247,17.997,17.747,18.347,17.497,14.8955,59,58,57,53,52,60,62
3499,1,2024-06-25 19:00:00+00:00,17.247,16.397,16.296999,16.047,16.747,15.997,13.945499,66,65,65,59,58,65,64
3500,1,2024-06-25 20:00:00+00:00,16.597,15.047,14.847,14.697,15.347,14.847,13.2955,69,70,72,67,64,69,66
3501,1,2024-06-25 21:00:00+00:00,16.296999,14.097,13.747,13.497,14.047,13.797,12.7955,69,72,75,73,70,73,68
3502,1,2024-06-25 22:00:00+00:00,15.997,13.447,13.197,12.447,12.646999,12.797,12.3455,67,72,74,79,75,78,70
3503,1,2024-06-25 23:00:00+00:00,15.347,12.747,12.447,11.547,11.347,11.947,11.9955,68,75,76,83,80,82,71
3504,1,2024-06-26 00:00:00+00:00,14.697,11.747,12.047,11.597,10.646999,11.097,11.8955,72,83,82,85,85,79,75
3505,1,2024-06-26 01:00:00+00:00,13.597,11.646999,11.997,11.396999,9.896999,10.247,11.195499,78,85,84,86,88,83,79
3506,1,2024-06-26 02:00:00+00:00,13.247,11.797,12.396999,11.447,9.297,9.547,10.5455,81,84,83,86,91,88,83
3507,1,2024-06-26 03:00:00+00:00,13.497,11.547,12.847,12.047,9.646999,9.847,10.695499,79,86,80,84,90,88,84
3508,1,2024-06-26 04:00:00+00:00,13.497,11.297,13.347,13.547,11.597,11.697,12.1455,79,87,79,80,84,82,79
3509,1,2024-06-26 05:00:00+00:00,15.347,13.997,15.497,15.597,14.497,14.547,14.3955,78,82,76,74,76,73,70
3510,1,2024-06-26 06:00:00+00:00,18.097,17.747,18.197,17.597,17.347,17.296999,17.3955,64,67,64,66,67,64,61
3511,1,2024-06-26 07:00:00+00:00,20.097,20.147,20.097,19.697,20.046999,19.747,20.1455,57,58,57,59,58,56,53
3512,1,2024-06-26 08:00:00+00:00,22.147,22.347,21.947,21.897,22.697,22.097,23.095499,51,52,52,52,50,48,45
3513,1,2024-06-26 09:00:00+00:00,23.597,23.947,23.197,23.647,24.697,23.947,25.2955,48,47,49,47,43,42,39
3514,1,2024-06-26 10:00:00+00:00,24.497,24.747,24.697,24.697,25.697,25.147,26.2955,46,45,46,44,40,39,35
3515,1,2024-06-26 11:00:00+00:00,25.046999,25.397,25.247,25.296999,25.997,25.847,26.5455,44,44,44,43,39,38,33
3516,1,2024-06-26 12:00:00+00:00,24.847,25.647,25.796999,24.497,26.397,25.997,26.7955,43,44,43,47,39,39,35
3517,1,2024-06-26 13:00:00+00:00,24.796999,25.597,25.947,24.447,26.296999,26.046999,24.8955,43,43,43,47,40,39,42
3518,1,2024-06-26 14:00:00+00:00,24.546999,24.997,25.447,24.197,25.796999,25.847,22.1455,42,43,43,47,41,41,52
3519,1,2024-06-26 15:00:00+00:00,23.447,23.447,24.247,23.497,24.747,25.046999,19.9955,44,48,47,49,44,43,60
3520,1,2024-06-26 16:00:00+00:00,20.747,20.897,21.697,21.997,22.847,23.197,19.095499,52,55,54,52,48,47,62
3521,1,2024-06-26 17:00:00+00:00,18.947,18.897,19.497,20.046999,20.447,20.697,18.845499,57,61,59,57,53,52,62
3522,1,2024-06-26 18:00:00+00:00,18.247,17.847,18.347,18.497,18.447,18.546999,18.3955,60,64,62,61,57,56,61
3523,1,2024-06-26 19:00:00+00:00,17.447,16.947,16.796999,17.546999,17.247,17.197,17.9455,63,68,67,63,60,59,62
3524,1,2024-06-26 20:00:00+00:00,16.897,16.047,15.947,16.947,16.397,16.147,17.4955,66,72,69,64,63,61,63
3525,1,2024-06-26 21:00:00+00:00,16.697,15.747,16.296999,16.546999,15.747,15.146999,16.8955,66,71,65,65,65,65,65
3526,1,2024-06-26 22:00:00+00:00,16.697,16.296999,16.397,16.296999,15.297,13.947,15.945499,64,67,65,66,67,71,69
3527,1,2024-06-26 23:00:00+00:00,16.597,16.546999,16.296999,16.247,14.997,12.797,14.7455,61,65,68,67,70,78,74
3528,1,2024-06-27 00:00:00+00:00,15.847,16.497,15.097,16.097,16.247,14.297,13.5955,64,64,73,72,69,71,75
3529,1,2024-06-27 01:00:00+00:00,14.646999,16.097,14.896999,15.497,15.547,13.747,12.8955,71,63,73,73,72,74,79
3530,1,2024-06-27 02:00:00+00:00,13.597,15.547,14.947,14.896999,14.697,13.247,12.2455,78,65,72,74,76,78,82
3531,1,2024-06-27 03:00:00+00:00,12.847,15.097,14.997,14.847,14.497,13.347,12.3955,83,67,71,74,78,79,83
3532,1,2024-06-27 04:00:00+00:00,12.547,14.947,14.547,15.747,15.396999,14.597,13.7955,85,69,74,72,75,76,78
3533,1,2024-06-27 05:00:00+00:00,15.146999,16.197,16.097,17.197,16.897,16.497,15.945499,77,69,73,68,70,71,69
3534,1,2024-06-27 06:00:00+00:00,18.447,18.697,18.647,18.747,18.546999,18.347,18.4955,67,62,64,65,65,65,59
3535,1,2024-06-27 07:00:00+00:00,20.647,21.347,20.647,20.046999,20.296999,19.997,21.2955,58,51,57,60,59,59,52
3536,1,2024-06-27 08:00:00+00:00,22.397,23.497,22.397,21.247,22.147,21.546999,24.2455,51,42,52,56,53,53,44
3537,1,2024-06-27 09:00:00+00:00,23.497,24.796999,23.546999,22.296999,23.597,22.747,26.3955,47,39,48,52,48,49,39
3538,1,2024-06-27 10:00:00+00:00,24.046999,25.697,24.447,23.347,24.497,23.447,27.345499,45,37,45,48,45,47,36
3539,1,2024-06-27 11:00:00+00:00,24.546999,26.097,24.697,24.296999,25.046999,23.796999,27.4455,43,36,43,45,43,46,34
3540,1,2024-06-27 12:00:00+00:00,25.397,25.747,26.147,25.097,23.997,25.397,26.6955,40,37,36,42,46,40,36
3541,1,2024-06-27 13:00:00+00:00,25.046999,25.546999,25.847,24.897,23.747,25.097,24.8955,41,37,36,41,46,40,43
3542,1,2024-06-27 14:00:00+00:00,24.296999,24.747,24.647,24.347,23.247,24.447,22.3955,42,39,38,41,46,41,54
3543,1,2024-06-27 15:00:00+00:00,23.046999,23.296999,22.997,23.447,22.497,23.447,20.2955,45,43,42,43,48,43,62
3544,1,2024-06-27 16:00:00+00:00,20.697,20.796999,20.947,21.897,21.347,21.947,18.9955,52,50,47,48,52,48,65
3545,1,2024-06-27 17:00:00+00:00,18.697,18.897,19.097,19.947,19.997,20.147,18.095499,59,57,54,56,57,54,67
3546,1,2024-06-27 18:00:00+00:00,17.397,17.997,18.397,18.296999,18.947,18.697,18.6955,68,60,58,63,61,59,61
3547,1,2024-06-27 19:00:00+00:00,16.447,16.597,17.296999,17.597,18.397,17.897,17.6455,72,66,62,65,62,62,64
3548,1,2024-06-27 20:00:00+00:00,15.447,15.497,16.296999,17.397,18.197,17.447,16.3955,76,71,66,65,62,63,70
3549,1,2024-06-27 21:00:00+00:00,14.547,14.947,15.597,17.097,17.947,17.046999,15.2955,80,75,68,66,62,64,74
3550,1,2024-06-27 22:00:00+00:00,13.947,14.697,15.047,16.447,17.597,16.647,14.5955,83,78,71,69,62,65,77
3551,1,2024-06-27 23:00:00+00:00,13.497,14.297,14.847,15.697,17.296999,16.296999,14.1455,85,81,77,73,63,65,78
3552,1,2024-06-28 00:00:00+00:00,12.997,13.847,14.997,15.646999,15.396999,16.497,16.3955,86,85,79,72,73,64,66
3553,1,2024-06-28 01:00:00+00:00,12.597,13.547,14.247,15.447,15.247,16.247,15.195499,88,86,84,73,74,65,72
3554,1,2024-06-28 02:00:00+00:00,12.646999,13.197,13.797,15.396999,15.297,16.097,13.6455,89,86,86,74,74,67,79
3555,1,2024-06-28 03:00:00+00:00,13.297,12.947,13.547,15.646999,15.747,16.296999,13.0955,86,87,88,74,73,68,82
3556,1,2024-06-28 04:00:00+00:00,13.747,12.847,13.197,16.447,16.647,16.897,14.2455,84,88,89,73,71,67,77
3557,1,2024-06-28 05:00:00+00:00,15.797,15.347,15.497,17.597,17.847,17.796999,16.345499,78,80,82,70,68,65,69
3558,1,2024-06-28 06:00:00+00:00,18.097,18.497,18.747,18.697,19.247,18.897,18.9955,69,68,67,69,64,62,59
3559,1,2024-06-28 07:00:00+00:00,19.997,20.947,21.247,19.796999,20.796999,20.247,21.1455,61,58,57,65,58,58,53
3560,1,2024-06-28 08:00:00+00:00,21.697,22.997,23.597,21.046999,22.497,21.796999,23.595499,55,52,49,60,51,53,46
3561,1,2024-06-28 09:00:00+00:00,23.197,24.847,25.197,22.197,23.997,23.046999,25.2955,50,46,44,55,45,48,41
3562,1,2024-06-28 10:00:00+00:00,23.897,26.097,26.046999,23.447,25.247,23.847,25.845499,47,42,40,50,41,45,39
3563,1,2024-06-28 11:00:00+00:00,24.897,26.546999,26.747,24.697,26.296999,24.397,25.6455,45,40,37,46,38,42,40
3564,1,2024-06-28 12:00:00+00:00,26.097,25.097,26.296999,25.947,25.997,25.747,25.8955,41,44,37,41,39,39,40
3565,1,2024-06-28 13:00:00+00:00,26.097,25.147,25.647,25.697,25.647,25.497,24.5455,41,44,39,41,39,39,46
3566,1,2024-06-28 14:00:00+00:00,25.796999,25.147,25.197,25.046999,24.897,24.597,22.5455,40,43,39,42,40,41,53
3567,1,2024-06-28 15:00:00+00:00,24.147,23.897,23.947,24.097,23.847,23.497,20.8955,46,45,41,44,43,44,59
3568,1,2024-06-28 16:00:00+00:00,21.397,21.747,20.747,22.546999,22.296999,22.347,19.9955,55,51,52,49,48,48,61
3569,1,2024-06-28 17:00:00+00:00,19.296999,19.647,18.597,20.597,20.397,21.046999,19.4455,60,57,59,55,55,52,61
3570,1,2024-06-28 18:00:00+00:00,17.796999,17.897,17.347,19.497,18.796999,19.847,19.3955,64,63,61,60,61,56,59
3571,1,2024-06-28 19:00:00+00:00,16.697,17.647,16.697,18.546999,17.796999,18.847,18.2455,69,64,64,64,65,60,62
3572,1,2024-06-28 20:00:00+00:00,15.646999,16.947,16.546999,17.947,17.147,17.947,16.7955,74,67,66,66,67,63,67
3573,1,2024-06-28 21:00:00+00:00,15.146999,15.697,16.097,17.397,16.546999,17.247,15.5955,75,73,67,69,70,66,71
3574,1,2024-06-28 22:00:00+00:00,14.847,14.847,15.347,16.796999,15.896999,16.847,14.8955,75,78,71,72,74,68,74
3575,1,2024-06-28 23:00:00+00:00,14.146999,13.896999,14.847,16.197,15.347,16.647,14.4955,78,82,74,74,78,70,77
3576,1,2024-06-29 00:00:00+00:00,12.547,15.047,13.997,14.197,15.197,15.297,13.9955,85,77,80,81,77,80,85
3577,1,2024-06-29 01:00:00+00:00,11.896999,14.396999,13.197,12.896999,14.247,14.396999,13.2955,90,79,84,87,82,84,89
3578,1,2024-06-29 02:00:00+00:00,11.697,13.697,12.547,11.597,13.247,13.396999,12.695499,91,82,87,92,87,88,92
3579,1,2024-06-29 03:00:00+00:00,11.347,12.896999,12.047,11.396999,13.146999,13.247,12.8955,91,85,89,94,88,89,92
3580,1,2024-06-29 04:00:00+00:00,10.947,12.347,11.847,13.047,14.497,14.547,14.3955,92,87,89,88,83,84,85
3581,1,2024-06-29 05:00:00+00:00,13.347,14.597,14.347,15.797,16.697,16.747,16.6455,86,81,82,79,75,75,75
3582,1,2024-06-29 06:00:00+00:00,17.947,18.197,18.597,18.447,18.897,19.097,18.3955,72,67,66,70,67,66,66
3583,1,2024-06-29 07:00:00+00:00,20.497,20.647,21.046999,20.897,20.847,21.546999,21.0455,63,59,59,62,61,58,57
3584,1,2024-06-29 08:00:00+00:00,22.947,23.197,23.447,23.347,22.747,24.147,23.8955,56,54,53,54,56,49,49
3585,1,2024-06-29 09:00:00+00:00,24.647,25.296999,25.447,25.247,24.247,26.097,25.9955,49,47,47,48,51,43,42
3586,1,2024-06-29 10:00:00+00:00,25.197,26.497,26.697,26.447,25.147,27.097,26.9955,45,43,43,43,47,39,38
3587,1,2024-06-29 11:00:00+00:00,26.197,27.397,27.046999,27.097,25.647,27.497,27.2955,41,41,40,39,44,37,35
3588,1,2024-06-29 12:00:00+00:00,26.546999,27.147,27.497,27.197,27.147,25.997,27.4955,40,38,37,36,39,39,34
3589,1,2024-06-29 13:00:00+00:00,26.597,27.197,27.397,27.296999,27.046999,25.796999,26.5455,40,38,37,34,38,39,38
3590,1,2024-06-29 14:00:00+00:00,26.247,26.847,27.247,27.097,26.546999,25.296999,25.1955,40,37,36,33,39,39,44
3591,1,2024-06-29 15:00:00+00:00,25.147,25.546999,26.147,26.247,25.546999,24.296999,23.7955,42,42,38,36,42,42,50
3592,1,2024-06-29 16:00:00+00:00,22.347,22.497,23.447,24.347,23.747,22.347,22.4955,51,52,51,44,51,49,55
3593,1,2024-06-29 17:00:00+00:00,19.947,19.747,20.947,21.847,21.497,19.897,21.2455,60,65,56,56,63,58,59
3594,1,2024-06-29 18:00:00+00:00,18.097,18.447,20.247,19.397,19.647,17.796999,19.6955,70,69,57,65,73,66,58
3595,1,2024-06-29 19:00:00+00:00,17.897,17.546999,19.347,18.147,18.747,16.497,18.6455,75,68,57,71,78,71,61
3596,1,2024-06-29 20:00:00+00:00,17.546999,16.397,17.897,17.296999,18.347,15.597,17.4955,77,69,64,75,80,75,65
3597,1,2024-06-29 21:00:00+00:00,16.497,15.047,16.097,16.546999,17.796999,14.847,16.4955,80,73,73,78,82,78,68
3598,1,2024-06-29 22:00:00+00:00,15.297,13.896999,14.947,15.747,16.847,14.197,15.7955,85,78,80,79,85,82,71
3599,1,2024-06-29 23:00:00+00:00,14.047,12.747,14.146999,14.997,15.847,13.697,15.195499,89,84,84,79,87,85,73
3600,1,2024-06-30 00:00:00+00:00,13.597,13.597,13.947,12.497,15.297,14.697,13.3955,85,82,82,89,84,85,82
3601,1,2024-06-30 01:00:00+00:00,12.896999,12.497,13.097,11.597,14.247,14.347,12.8455,85,88,85,92,87,87,86
3602,1,2024-06-30 02:00:00+00:00,12.197,11.646999,12.197,10.847,13.047,14.146999,12.3455,87,92,88,94,91,88,91
3603,1,2024-06-30 03:00:00+00:00,11.497,11.197,11.697,11.047,12.847,14.597,12.5955,91,93,89,93,91,86,92
3604,1,2024-06-30 04:00:00+00:00,11.097,10.896999,11.547,12.797,14.247,15.947,14.0955,93,93,90,87,85,81,86
3605,1,2024-06-30 05:00:00+00:00,13.646999,13.597,13.947,15.547,16.597,17.897,16.345499,86,84,84,77,75,73,75
3606,1,2024-06-30 06:00:00+00:00,18.546999,18.296999,17.997,18.447,18.997,19.847,19.095499,67,67,67,67,66,65,65
3607,1,2024-06-30 07:00:00+00:00,20.947,20.847,20.747,20.997,21.247,21.847,21.7955,58,58,59,59,59,58,56
3608,1,2024-06-30 08:00:00+00:00,23.197,23.347,23.447,23.597,23.497,23.847,24.7455,53,52,52,52,53,52,47
3609,1,2024-06-30 09:00:00+00:00,24.997,25.247,25.497,25.647,25.247,25.347,26.8955,48,47,46,46,48,47,40
3610,1,2024-06-30 10:00:00+00:00,25.997,26.447,26.697,26.947,26.296999,26.097,27.7955,43,42,40,41,45,46,36
3611,1,2024-06-30 11:00:00+00:00,26.546999,27.247,27.347,27.697,26.847,26.347,27.8955,41,40,38,37,42,46,33
3612,1,2024-06-30 12:00:00+00:00,26.897,27.397,27.296999,27.597,27.897,27.447,27.3955,39,38,32,35,36,39,34
3613,1,2024-06-30 13:00:00+00:00,26.947,27.347,27.546999,27.697,27.997,26.897,25.4455,38,38,32,33,36,41,41
3614,1,2024-06-30 14:00:00+00:00,26.697,27.247,27.046999,27.397,27.747,25.847,22.7955,38,38,35,33,36,44,52
3615,1,2024-06-30 15:00:00+00:00,25.947,26.347,25.997,26.447,26.796999,24.647,20.6955,40,39,38,36,39,49,61
3616,1,2024-06-30 16:00:00+00:00,22.997,23.546999,22.897,24.347,24.697,23.197,19.845499,51,50,51,43,45,55,65
3617,1,2024-06-30 17:00:00+00:00,20.897,21.046999,20.497,21.546999,21.897,21.597,19.595499,54,58,54,53,52,62,67
3618,1,2024-06-30 18:00:00+00:00,18.947,19.747,19.147,19.546999,19.647,20.296999,18.3955,60,65,54,59,59,68,73
3619,1,2024-06-30 19:00:00+00:00,17.947,18.997,18.597,18.347,18.447,19.546999,17.8955,56,62,47,62,64,72,76
3620,1,2024-06-30 20:00:00+00:00,16.947,18.397,17.697,17.647,17.697,19.097,17.2955,63,59,54,63,69,75,79
3621,1,2024-06-30 21:00:00+00:00,16.247,17.747,16.997,16.747,17.097,18.597,16.8955,70,63,64,66,73,78,81
3622,1,2024-06-30 22:00:00+00:00,15.597,16.796999,15.747,15.396999,16.497,17.947,16.8955,72,69,73,72,76,81,81
3623,1,2024-06-30 23:00:00+00:00,14.597,15.997,14.396999,13.896999,15.997,17.296999,17.095499,77,72,80,80,79,83,80
3624,1,2024-07-01 00:00:00+00:00,13.247,14.097,13.097,12.646999,12.797,16.697,16.3955,82,78,86,85,89,81,84
3625,1,2024-07-01 01:00:00+00:00,12.547,13.146999,11.997,11.547,11.797,15.847,16.0455,85,82,90,90,92,84,85
3626,1,2024-07-01 02:00:00+00:00,11.896999,12.396999,11.146999,10.547,10.747,15.047,15.4955,88,85,92,93,95,87,87
3627,1,2024-07-01 03:00:00+00:00,11.396999,11.896999,10.646999,10.597,10.847,14.896999,15.4955,89,88,93,92,94,87,86
3628,1,2024-07-01 04:00:00+00:00,10.947,11.547,10.497,12.347,12.747,15.797,16.3955,90,89,92,86,86,83,82
3629,1,2024-07-01 05:00:00+00:00,13.197,13.847,13.396999,15.146999,15.797,17.397,17.7955,84,84,83,76,74,76,75
3630,1,2024-07-01 06:00:00+00:00,17.296999,17.997,18.497,18.397,18.747,19.296999,19.7955,68,66,66,65,63,69,71
3631,1,2024-07-01 07:00:00+00:00,20.046999,20.497,21.197,21.247,21.447,21.647,21.9955,59,58,58,56,55,61,61
3632,1,2024-07-01 08:00:00+00:00,22.597,23.097,23.897,24.147,24.097,24.347,24.4455,52,51,51,46,48,53,49
3633,1,2024-07-01 09:00:00+00:00,24.747,25.296999,25.847,26.397,26.147,26.347,26.2955,43,42,43,39,43,47,41
3634,1,2024-07-01 10:00:00+00:00,26.097,26.546999,26.947,27.597,27.247,27.397,27.0455,38,37,40,35,39,43,37
3635,1,2024-07-01 11:00:00+00:00,26.947,27.296999,27.347,28.046999,27.747,27.847,27.1455,36,34,37,33,36,40,37
3636,1,2024-07-01 12:00:00+00:00,27.147,27.197,27.647,27.796999,27.997,28.647,25.6955,36,35,35,32,33,36,41
3637,1,2024-07-01 13:00:00+00:00,26.997,27.097,27.597,27.796999,28.097,28.647,24.595499,36,36,34,32,32,35,46
3638,1,2024-07-01 14:00:00+00:00,26.546999,26.796999,27.197,27.497,27.847,28.197,23.1955,36,36,34,32,32,35,53
3639,1,2024-07-01 15:00:00+00:00,25.697,25.497,26.546999,26.546999,26.897,27.147,21.9955,38,39,38,35,34,37,59
3640,1,2024-07-01 16:00:00+00:00,22.347,22.497,23.847,24.597,24.697,24.947,21.1455,51,51,44,42,40,43,62
3641,1,2024-07-01 17:00:00+00:00,20.197,20.097,20.847,21.997,21.847,22.147,20.4455,57,51,55,50,48,51,63
3642,1,2024-07-01 18:00:00+00:00,19.447,18.697,18.796999,19.247,19.447,19.847,20.3955,57,55,50,57,55,58,63
3643,1,2024-07-01 19:00:00+00:00,18.397,17.497,17.097,17.347,18.197,18.697,19.845499,57,57,57,63,60,63,66
3644,1,2024-07-01 20:00:00+00:00,17.597,16.397,15.997,15.697,17.397,18.147,19.4955,62,63,66,68,64,66,68
3645,1,2024-07-01 21:00:00+00:00,16.847,15.597,15.347,14.347,16.597,17.447,19.095499,68,70,73,73,68,70,70
3646,1,2024-07-01 22:00:00+00:00,16.197,14.947,14.697,13.347,15.447,16.347,18.4455,71,73,77,79,72,74,72
3647,1,2024-07-01 23:00:00+00:00,15.297,13.947,13.797,12.597,14.247,15.146999,17.7455,72,76,80,85,76,77,74
3648,1,2024-07-02 00:00:00+00:00,14.097,13.847,13.047,12.146999,13.396999,13.797,15.5955,78,75,84,89,83,78,79
3649,1,2024-07-02 01:00:00+00:00,13.447,13.347,12.597,11.447,12.247,12.547,14.8455,80,78,85,92,88,83,82
3650,1,2024-07-02 02:00:00+00:00,12.896999,12.797,12.047,11.097,11.247,11.396999,14.2455,83,81,87,92,91,89,85
3651,1,2024-07-02 03:00:00+00:00,12.347,12.247,11.497,11.547,11.297,11.297,14.3955,85,84,88,89,91,90,85
3652,1,2024-07-02 04:00:00+00:00,11.997,11.646999,10.997,13.297,13.047,13.047,15.5455,86,87,90,83,84,83,80
3653,1,2024-07-02 05:00:00+00:00,14.247,13.797,12.997,15.947,15.797,15.896999,17.3955,81,82,86,74,74,72,73
3654,1,2024-07-02 06:00:00+00:00,18.197,18.147,17.796999,19.147,18.546999,18.796999,19.8955,67,64,68,63,64,62,65
3655,1,2024-07-02 07:00:00+00:00,21.046999,20.997,20.847,21.647,21.147,21.546999,22.4455,57,55,58,56,56,54,57
3656,1,2024-07-02 08:00:00+00:00,23.497,23.497,23.497,24.247,23.747,24.347,25.345499,51,48,50,49,48,47,47
3657,1,2024-07-02 09:00:00+00:00,25.447,25.697,25.647,26.197,25.747,26.497,27.3955,44,39,41,44,42,41,40
3658,1,2024-07-02 10:00:00+00:00,26.197,27.097,26.947,27.247,26.796999,27.697,28.1455,39,34,33,40,38,37,36
3659,1,2024-07-02 11:00:00+00:00,26.847,27.697,27.747,27.647,27.296999,28.247,28.095499,37,32,30,37,35,34,34
3660,1,2024-07-02 12:00:00+00:00,27.247,27.847,27.597,27.697,26.847,27.947,27.4955,37,32,31,33,38,33,34
3661,1,2024-07-02 13:00:00+00:00,27.197,27.697,27.597,27.597,26.697,27.796999,26.2455,37,33,31,32,37,34,40
3662,1,2024-07-02 14:00:00+00:00,26.847,27.247,27.147,27.097,26.147,27.247,24.595499,38,34,30,32,37,36,48
3663,1,2024-07-02 15:00:00+00:00,26.097,26.296999,25.747,26.097,25.197,26.197,23.095499,41,36,32,35,39,39,55
3664,1,2024-07-02 16:00:00+00:00,24.296999,23.147,22.347,24.296999,23.697,24.247,21.9955,48,47,41,42,45,41,58
3665,1,2024-07-02 17:00:00+00:00,21.647,21.097,19.647,22.046999,21.847,21.796999,21.0455,56,51,56,52,53,42,58
3666,1,2024-07-02 18:00:00+00:00,19.647,19.947,19.347,18.897,20.247,19.747,17.4955,59,56,53,52,60,45,69
3667,1,2024-07-02 19:00:00+00:00,18.597,19.247,17.847,17.597,19.197,18.647,16.9455,63,59,57,58,63,49,72
3668,1,2024-07-02 20:00:00+00:00,17.796999,17.897,16.497,16.796999,18.447,17.947,16.9455,66,65,64,63,65,54,73
3669,1,2024-07-02 21:00:00+00:00,17.296999,17.046999,15.497,16.097,17.747,17.097,16.8955,67,70,70,69,67,60,74
3670,1,2024-07-02 22:00:00+00:00,17.097,16.697,14.497,15.347,17.046999,15.697,16.5455,69,73,76,75,70,67,75
3671,1,2024-07-02 23:00:00+00:00,16.546999,16.147,13.847,14.646999,16.397,14.097,16.095499,72,77,81,80,73,75,76
3672,1,2024-07-03 00:00:00+00:00,14.997,14.396999,13.997,12.597,14.297,14.797,17.3955,78,85,86,90,82,75,70
3673,1,2024-07-03 01:00:00+00:00,14.047,13.547,13.697,11.747,13.497,13.847,16.5455,83,90,88,94,85,80,73
3674,1,2024-07-03 02:00:00+00:00,13.847,13.396999,13.697,11.097,12.847,12.947,15.5455,84,90,88,96,87,85,77
3675,1,2024-07-03 03:00:00+00:00,13.797,13.297,13.797,11.347,13.047,12.896999,15.2955,84,89,88,95,86,87,78
3676,1,2024-07-03 04:00:00+00:00,14.347,13.646999,13.297,13.097,14.597,14.297,16.2955,83,87,90,89,80,83,75
3677,1,2024-07-03 05:00:00+00:00,16.047,15.847,15.497,15.747,16.947,16.546999,18.0455,80,82,83,80,72,75,69
3678,1,2024-07-03 06:00:00+00:00,18.497,19.197,19.296999,18.546999,19.147,18.847,20.1955,72,71,68,70,64,67,63
3679,1,2024-07-03 07:00:00+00:00,20.796999,21.296999,21.796999,21.397,20.947,21.247,23.1955,63,63,60,60,59,60,53
3680,1,2024-07-03 08:00:00+00:00,22.796999,23.597,24.046999,24.347,22.647,23.647,26.4955,57,57,54,49,54,52,41
3681,1,2024-07-03 09:00:00+00:00,24.546999,25.546999,25.897,26.597,24.046999,25.397,28.7955,50,48,45,41,50,47,33
3682,1,2024-07-03 10:00:00+00:00,25.997,25.697,27.046999,27.847,25.197,25.947,29.4955,44,44,39,36,44,45,29
3683,1,2024-07-03 11:00:00+00:00,26.046999,26.647,27.796999,28.447,26.097,25.796999,29.1455,41,41,35,34,39,44,28
3684,1,2024-07-03 12:00:00+00:00,26.847,27.197,27.647,28.796999,26.597,27.697,27.095499,39,38,35,31,38,35,34
3685,1,2024-07-03 13:00:00+00:00,26.947,27.497,27.647,28.747,26.796999,27.747,25.4955,39,38,35,29,36,34,40
3686,1,2024-07-03 14:00:00+00:00,26.597,27.296999,27.347,28.296999,26.747,27.397,23.5455,40,39,35,29,35,35,48
3687,1,2024-07-03 15:00:00+00:00,25.997,26.546999,26.397,27.296999,26.046999,26.546999,21.8955,41,39,37,32,37,38,55
3688,1,2024-07-03 16:00:00+00:00,23.897,23.296999,24.097,25.296999,24.296999,24.747,21.0455,51,51,50,41,44,45,58
3689,1,2024-07-03 17:00:00+00:00,21.847,21.697,21.147,22.697,21.897,22.397,20.4955,59,59,61,54,54,54,61
3690,1,2024-07-03 18:00:00+00:00,20.597,20.347,20.796999,19.546999,19.947,20.447,17.3955,69,69,60,79,62,61,71
3691,1,2024-07-03 19:00:00+00:00,20.197,19.796999,20.046999,18.597,18.947,19.296999,16.595499,70,69,62,85,66,64,74
3692,1,2024-07-03 20:00:00+00:00,18.997,19.097,19.097,18.347,18.397,18.546999,16.3955,75,69,66,88,68,66,75
3693,1,2024-07-03 21:00:00+00:00,18.447,18.447,18.197,18.197,17.747,17.796999,16.1955,77,71,70,89,70,68,76
3694,1,2024-07-03 22:00:00+00:00,17.397,18.247,17.447,18.046999,16.747,16.947,15.7455,83,71,73,88,74,72,77
3695,1,2024-07-03 23:00:00+00:00,17.296999,18.097,16.997,18.046999,15.646999,16.147,15.2955,80,71,75,85,78,76,78
3696,1,2024-07-04 00:00:00+00:00,18.497,16.347,16.097,17.247,17.747,14.497,16.095499,72,78,81,84,86,82,79
3697,1,2024-07-04 01:00:00+00:00,18.247,15.997,15.847,16.697,17.347,13.497,15.3455,72,81,82,84,84,87,82
3698,1,2024-07-04 02:00:00+00:00,17.546999,15.697,15.547,16.147,16.897,12.547,14.695499,75,83,83,84,81,91,84
3699,1,2024-07-04 03:00:00+00:00,17.097,15.447,15.497,16.097,16.847,12.597,14.7955,76,83,83,83,78,91,84
3700,1,2024-07-04 04:00:00+00:00,16.397,15.347,15.497,16.847,17.347,14.347,15.945499,80,83,83,80,76,85,79
3701,1,2024-07-04 05:00:00+00:00,17.796999,17.197,17.247,18.147,18.197,17.147,17.845499,78,79,80,75,73,74,72
3702,1,2024-07-04 06:00:00+00:00,19.697,20.247,20.147,19.197,19.497,19.997,21.095499,69,68,66,72,69,64,58
3703,1,2024-07-04 07:00:00+00:00,22.046999,22.197,22.296999,20.997,21.497,22.796999,23.2955,61,62,59,66,63,55,51
3704,1,2024-07-04 08:00:00+00:00,24.447,24.296999,24.847,23.097,23.847,25.647,25.845499,55,56,52,59,55,47,42
3705,1,2024-07-04 09:00:00+00:00,26.097,25.697,26.597,24.747,25.796999,27.796999,27.6955,48,49,46,54,48,40,36
3706,1,2024-07-04 10:00:00+00:00,27.197,26.447,27.296999,25.747,26.997,29.046999,28.5455,43,45,42,50,43,35,33
3707,1,2024-07-04 11:00:00+00:00,26.897,27.046999,27.747,26.296999,27.747,29.597,28.7455,43,43,40,48,39,32,31
3708,1,2024-07-04 12:00:00+00:00,28.097,28.247,28.497,28.097,27.046999,28.647,28.3955,38,39,39,36,39,34,33
3709,1,2024-07-04 13:00:00+00:00,28.296999,28.046999,28.597,27.296999,27.046999,27.847,26.595499,38,39,39,38,37,38,39
3710,1,2024-07-04 14:00:00+00:00,28.197,27.397,28.347,25.647,26.597,26.597,23.7955,38,40,39,44,37,44,48
3711,1,2024-07-04 15:00:00+00:00,27.197,25.697,27.296999,23.997,25.597,25.147,21.3955,39,46,40,52,40,50,57
3712,1,2024-07-04 16:00:00+00:00,24.247,23.296999,23.447,22.497,23.847,23.697,19.845499,51,57,58,61,48,54,65
3713,1,2024-07-04 17:00:00+00:00,22.947,21.347,22.197,20.947,21.597,22.097,18.6955,54,66,64,72,58,57,74
3714,1,2024-07-04 18:00:00+00:00,20.947,19.947,20.046999,20.247,19.796999,20.447,17.595499,63,72,72,73,66,62,79
3715,1,2024-07-04 19:00:00+00:00,20.197,18.847,18.597,19.046999,18.947,18.647,17.7455,65,75,74,79,69,69,78
3716,1,2024-07-04 20:00:00+00:00,19.296999,17.897,17.447,18.247,18.546999,16.796999,18.3955,70,76,77,82,69,77,73
3717,1,2024-07-04 21:00:00+00:00,18.097,17.347,16.597,17.497,18.197,15.347,18.595499,75,76,81,84,70,84,70
3718,1,2024-07-04 22:00:00+00:00,17.097,16.747,16.147,16.497,17.796999,14.547,17.7455,77,78,83,86,71,88,70
3719,1,2024-07-04 23:00:00+00:00,16.497,15.896999,15.497,15.497,17.397,14.197,16.3955,80,83,85,87,72,90,72
3720,1,2024-07-05 00:00:00+00:00,17.546999,14.947,16.597,16.147,14.847,14.347,15.8955,77,89,81,79,88,89,78
3721,1,2024-07-05 01:00:00+00:00,16.847,14.797,16.296999,15.396999,14.447,14.146999,14.9955,80,91,82,82,89,90,82
3722,1,2024-07-05 02:00:00+00:00,16.447,14.847,15.896999,14.697,14.247,14.347,14.0955,82,90,84,85,91,90,86
3723,1,2024-07-05 03:00:00+00:00,16.147,14.997,15.747,14.597,14.597,14.997,14.0955,83,88,84,86,91,88,86
3724,1,2024-07-05 04:00:00+00:00,15.896999,15.347,15.947,15.497,15.797,16.296999,15.5455,84,86,83,82,86,83,79
3725,1,2024-07-05 05:00:00+00:00,17.546999,16.747,17.247,17.046999,17.597,18.046999,17.845499,79,82,79,76,78,76,69
3726,1,2024-07-05 06:00:00+00:00,19.796999,19.397,19.147,19.447,19.497,19.947,20.595499,67,70,73,67,71,69,59
3727,1,2024-07-05 07:00:00+00:00,21.847,21.447,21.097,21.147,21.597,22.197,23.7455,60,62,65,62,64,61,50
3728,1,2024-07-05 08:00:00+00:00,24.097,23.046999,23.296999,22.997,23.796999,24.597,27.1455,54,58,59,57,58,53,40
3729,1,2024-07-05 09:00:00+00:00,25.546999,24.947,25.197,24.447,25.546999,26.397,29.4955,49,52,53,53,52,46,33
3730,1,2024-07-05 10:00:00+00:00,26.747,26.546999,26.247,25.397,26.546999,27.296999,30.3955,44,49,48,50,48,42,28
3731,1,2024-07-05 11:00:00+00:00,27.647,26.997,27.046999,25.947,27.097,27.597,30.2455,41,43,43,48,44,40,26
3732,1,2024-07-05 12:00:00+00:00,27.197,28.097,27.897,25.847,27.597,28.497,29.595499,43,38,39,48,40,34,30
3733,1,2024-07-05 13:00:00+00:00,27.197,27.997,28.147,25.897,26.997,27.947,26.7455,43,38,39,47,42,35,42
3734,1,2024-07-05 14:00:00+00:00,26.647,27.597,27.847,25.597,25.796999,26.847,22.845499,46,39,39,46,46,38,58
3735,1,2024-07-05 15:00:00+00:00,23.897,26.097,26.997,24.847,24.447,25.597,19.7955,58,42,40,49,52,43,72
3736,1,2024-07-05 16:00:00+00:00,20.947,21.546999,22.347,23.296999,22.747,24.147,18.5455,73,69,65,58,63,51,79
3737,1,2024-07-05 17:00:00+00:00,20.097,20.247,20.597,21.296999,20.847,22.546999,18.1955,79,78,75,71,75,61,84
3738,1,2024-07-05 18:00:00+00:00,19.097,20.296999,19.997,19.296999,19.397,21.097,16.3955,87,73,79,87,85,70,92
3739,1,2024-07-05 19:00:00+00:00,18.296999,19.697,19.597,18.647,18.747,19.947,16.2455,91,75,84,89,88,79,93
3740,1,2024-07-05 20:00:00+00:00,17.647,18.296999,19.247,18.147,18.546999,18.947,16.3955,92,83,87,90,88,88,91
3741,1,2024-07-05 21:00:00+00:00,17.247,17.647,18.997,17.697,18.296999,18.296999,16.4955,92,85,88,90,88,93,90
3742,1,2024-07-05 22:00:00+00:00,16.897,17.447,18.697,17.347,17.697,18.097,16.6455,92,84,89,90,90,93,89
3743,1,2024-07-05 23:00:00+00:00,16.847,17.197,18.397,17.147,17.046999,18.197,16.7955,90,83,90,89,92,90,88
3744,1,2024-07-06 00:00:00+00:00,17.397,17.697,17.897,17.546999,15.997,15.896999,15.4955,92,82,81,86,95,85,91
3745,1,2024-07-06 01:00:00+00:00,17.197,17.546999,17.647,17.296999,15.597,15.697,14.945499,93,82,80,84,93,84,91
3746,1,2024-07-06 02:00:00+00:00,17.397,17.447,17.296999,17.097,15.347,15.597,14.445499,91,80,81,81,90,84,92
3747,1,2024-07-06 03:00:00+00:00,17.296999,17.397,17.046999,17.147,15.597,15.896999,14.5955,88,79,82,78,86,82,90
3748,1,2024-07-06 04:00:00+00:00,17.147,17.097,16.847,17.497,16.447,16.697,15.8455,84,80,82,76,83,79,86
3749,1,2024-07-06 05:00:00+00:00,17.597,17.796999,17.697,18.147,17.747,17.897,17.7955,84,79,81,74,79,75,79
3750,1,2024-07-06 06:00:00+00:00,19.947,19.647,19.546999,19.097,19.247,19.197,19.4955,69,71,70,72,75,71,71
3751,1,2024-07-06 07:00:00+00:00,21.546999,21.097,20.997,20.447,20.997,20.647,22.4955,63,65,64,68,69,66,60
3752,1,2024-07-06 08:00:00+00:00,22.796999,22.546999,22.697,22.097,22.997,22.247,26.1955,60,61,60,63,63,61,48
3753,1,2024-07-06 09:00:00+00:00,23.697,24.046999,24.397,23.397,24.497,23.597,28.7955,58,56,54,59,58,57,38
3754,1,2024-07-06 10:00:00+00:00,24.546999,25.347,25.247,24.147,25.397,24.597,29.5455,55,49,52,56,55,53,33
3755,1,2024-07-06 11:00:00+00:00,25.647,25.997,25.497,24.546999,25.847,25.397,29.1955,51,46,50,54,53,50,32
3756,1,2024-07-06 12:00:00+00:00,25.647,25.796999,25.597,25.147,24.697,26.447,28.2955,50,47,47,50,52,44,33
3757,1,2024-07-06 13:00:00+00:00,25.347,25.796999,25.897,25.247,24.647,26.247,25.845499,52,45,46,49,51,45,45
3758,1,2024-07-06 14:00:00+00:00,24.497,25.847,25.697,25.097,24.296999,25.796999,22.595499,55,44,46,48,51,48,61
3759,1,2024-07-06 15:00:00+00:00,23.647,24.897,25.247,24.546999,23.597,24.997,19.9955,60,47,46,51,53,52,75
3760,1,2024-07-06 16:00:00+00:00,21.897,23.197,23.147,23.197,22.397,23.497,18.6455,69,55,56,59,60,59,82
3761,1,2024-07-06 17:00:00+00:00,20.597,22.046999,21.296999,21.397,20.947,21.647,17.8955,76,61,67,69,70,68,86
3762,1,2024-07-06 18:00:00+00:00,19.097,19.647,20.897,19.796999,19.747,20.097,17.3955,82,84,68,77,77,76,88
3763,1,2024-07-06 19:00:00+00:00,18.546999,19.397,19.747,19.046999,19.147,19.197,17.345499,83,83,78,82,80,81,88
3764,1,2024-07-06 20:00:00+00:00,17.947,19.147,19.296999,18.647,18.847,18.597,17.345499,86,85,80,85,81,85,87
3765,1,2024-07-06 21:00:00+00:00,17.597,18.647,18.697,18.347,18.546999,18.097,17.2955,89,88,81,87,82,87,87
3766,1,2024-07-06 22:00:00+00:00,17.497,18.197,18.447,18.147,18.097,17.647,17.2455,89,91,82,88,84,87,87
3767,1,2024-07-06 23:00:00+00:00,17.397,17.947,18.247,18.046999,17.597,17.296999,17.1455,89,91,83,88,87,87,88
3768,1,2024-07-07 00:00:00+00:00,17.296999,17.546999,17.597,18.046999,15.797,17.197,16.095499,89,90,87,90,94,90,89
3769,1,2024-07-07 01:00:00+00:00,16.697,17.197,16.897,17.546999,15.097,16.597,15.7455,91,91,89,89,95,90,90
3770,1,2024-07-07 02:00:00+00:00,16.147,16.747,16.197,17.046999,14.447,15.947,15.5455,91,91,90,88,94,91,91
3771,1,2024-07-07 03:00:00+00:00,15.947,16.097,15.997,16.897,14.447,15.896999,15.8955,89,91,90,86,92,90,89
3772,1,2024-07-07 04:00:00+00:00,15.646999,15.646999,16.097,17.397,15.497,16.796999,16.8955,90,92,87,84,88,86,85
3773,1,2024-07-07 05:00:00+00:00,16.897,17.046999,17.397,18.296999,17.247,18.296999,18.4455,88,87,84,81,83,81,78
3774,1,2024-07-07 06:00:00+00:00,20.046999,20.197,19.497,19.897,19.147,19.897,18.8955,76,73,73,71,77,75,75
3775,1,2024-07-07 07:00:00+00:00,21.897,22.097,21.497,21.697,21.347,21.697,21.5455,69,66,65,63,68,68,64
3776,1,2024-07-07 08:00:00+00:00,23.296999,23.747,23.447,23.647,23.747,23.647,24.7455,64,60,59,55,59,59,51
3777,1,2024-07-07 09:00:00+00:00,24.397,24.997,25.497,25.247,25.546999,25.147,27.095499,55,54,50,48,51,53,41
3778,1,2024-07-07 10:00:00+00:00,24.947,26.046999,26.347,26.397,26.397,26.046999,28.1455,53,49,44,44,47,50,36
3779,1,2024-07-07 11:00:00+00:00,25.697,26.497,26.947,27.247,26.597,26.546999,28.345499,51,47,43,41,46,48,34
3780,1,2024-07-07 12:00:00+00:00,26.597,27.296999,27.447,27.697,26.197,27.197,25.3955,45,43,40,38,45,41,44
3781,1,2024-07-07 13:00:00+00:00,26.546999,26.897,26.947,26.947,26.447,26.947,24.3955,45,44,40,43,43,41,49
3782,1,2024-07-07 14:00:00+00:00,25.997,26.247,26.546999,25.546999,26.247,26.296999,23.345499,45,45,40,50,42,43,54
3783,1,2024-07-07 15:00:00+00:00,25.197,25.397,25.347,24.147,25.447,25.197,22.1955,48,48,45,58,45,47,59
3784,1,2024-07-07 16:00:00+00:00,22.796999,23.046999,22.897,22.747,23.747,23.497,20.7455,60,59,58,65,53,56,64
3785,1,2024-07-07 17:00:00+00:00,21.147,21.597,21.397,21.247,21.447,21.397,19.2455,70,70,66,73,65,67,68
3786,1,2024-07-07 18:00:00+00:00,19.497,19.597,19.397,20.097,19.497,19.697,19.595499,90,83,83,77,75,76,68
3787,1,2024-07-07 19:00:00+00:00,19.046999,18.747,18.847,19.296999,18.147,18.697,18.845499,91,88,87,82,83,82,70
3788,1,2024-07-07 20:00:00+00:00,18.296999,18.296999,18.296999,18.747,17.097,18.097,17.845499,93,90,90,86,90,85,74
3789,1,2024-07-07 21:00:00+00:00,17.847,17.647,17.997,18.296999,16.296999,17.597,16.9955,95,93,93,89,95,88,77
3790,1,2024-07-07 22:00:00+00:00,17.546999,17.597,17.897,17.897,15.896999,17.247,16.4955,94,93,93,90,97,90,79
3791,1,2024-07-07 23:00:00+00:00,17.397,17.296999,17.697,17.546999,15.747,16.997,16.1455,95,94,95,91,96,92,81
3792,1,2024-07-08 00:00:00+00:00,17.497,17.747,17.147,16.747,17.296999,17.247,16.1955,95,92,93,93,95,94,90
3793,1,2024-07-08 01:00:00+00:00,17.447,17.597,16.997,16.546999,16.947,16.997,15.4955,95,93,93,93,95,95,91
3794,1,2024-07-08 02:00:00+00:00,17.347,17.497,16.897,16.347,16.597,16.847,14.7455,95,93,93,93,94,95,92
3795,1,2024-07-08 03:00:00+00:00,17.097,17.546999,16.847,16.447,16.647,16.947,14.695499,95,93,93,93,93,94,91
3796,1,2024-07-08 04:00:00+00:00,16.697,17.447,16.546999,16.947,17.247,17.397,15.695499,95,92,94,92,91,92,86
3797,1,2024-07-08 05:00:00+00:00,17.497,17.947,17.347,17.796999,18.147,18.097,17.345499,93,92,93,91,89,89,79
3798,1,2024-07-08 06:00:00+00:00,19.097,18.947,19.147,18.897,19.296999,19.046999,17.8955,86,85,87,85,85,85,82
3799,1,2024-07-08 07:00:00+00:00,20.947,20.347,20.296999,20.147,20.697,20.497,20.6955,78,80,81,80,79,78,71
3800,1,2024-07-08 08:00:00+00:00,22.347,21.597,21.847,21.597,22.296999,22.197,24.1455,68,74,76,74,71,70,58
3801,1,2024-07-08 09:00:00+00:00,23.597,22.347,23.197,22.847,23.597,23.397,26.4955,61,72,69,68,64,65,48
3802,1,2024-07-08 10:00:00+00:00,24.497,22.997,24.247,23.747,24.597,23.697,26.8955,57,70,63,63,59,65,45
3803,1,2024-07-08 11:00:00+00:00,25.046999,23.447,24.747,24.397,25.347,23.447,26.1455,55,68,60,59,54,69,46
3804,1,2024-07-08 12:00:00+00:00,25.097,22.947,24.847,24.947,26.197,25.197,24.8955,54,71,61,57,49,57,52
3805,1,2024-07-08 13:00:00+00:00,25.046999,23.147,25.247,24.697,25.597,24.747,23.8955,56,68,59,57,52,58,58
3806,1,2024-07-08 14:00:00+00:00,24.597,22.997,24.796999,24.097,24.497,23.897,22.2955,55,68,56,58,57,60,68
3807,1,2024-07-08 15:00:00+00:00,21.847,22.597,23.597,23.197,23.296999,22.796999,20.7955,72,68,61,61,64,64,77
3808,1,2024-07-08 16:00:00+00:00,20.697,21.497,21.697,21.847,21.897,21.497,19.4455,81,75,73,69,72,71,83
3809,1,2024-07-08 17:00:00+00:00,19.897,20.296999,20.546999,20.147,20.347,20.046999,18.1955,87,82,80,80,82,81,89
3810,1,2024-07-08 18:00:00+00:00,19.147,19.497,20.296999,19.397,19.046999,18.747,17.095499,90,90,80,89,89,88,91
3811,1,2024-07-08 19:00:00+00:00,18.497,19.046999,19.097,18.597,18.296999,17.847,16.7455,93,90,86,93,93,92,92
3812,1,2024-07-08 20:00:00+00:00,17.997,18.397,18.147,17.897,17.847,17.097,16.4455,95,93,92,96,95,94,92
3813,1,2024-07-08 21:00:00+00:00,17.697,17.796999,17.046999,17.447,17.347,16.497,16.1955,96,96,97,97,96,96,92
3814,1,2024-07-08 22:00:00+00:00,17.097,17.296999,16.546999,17.247,16.697,15.947,15.945499,98,97,97,97,97,97,92
3815,1,2024-07-08 23:00:00+00:00,16.747,16.796999,16.897,17.247,16.047,15.447,15.7455,98,97,94,95,98,97,92
3816,1,2024-07-09 00:00:00+00:00,16.097,16.497,16.647,17.347,16.097,16.597,15.7955,97,96,94,93,95,95,89
3817,1,2024-07-09 01:00:00+00:00,15.697,16.247,16.847,17.097,15.697,16.397,15.2455,97,95,93,94,96,95,90
3818,1,2024-07-09 02:00:00+00:00,15.347,16.147,17.046999,16.847,15.396999,16.147,14.5955,97,95,91,94,96,95,91
3819,1,2024-07-09 03:00:00+00:00,15.097,15.997,16.947,16.997,15.597,16.296999,14.5955,97,95,90,93,95,94,90
3820,1,2024-07-09 04:00:00+00:00,14.847,15.697,16.447,17.647,16.546999,16.897,15.445499,97,95,91,89,91,91,86
3821,1,2024-07-09 05:00:00+00:00,16.197,16.847,17.397,18.697,18.046999,17.847,16.9455,94,93,89,84,86,87,80
3822,1,2024-07-09 06:00:00+00:00,18.796999,19.296999,19.947,19.697,19.697,19.097,19.4955,87,84,79,82,79,82,72
3823,1,2024-07-09 07:00:00+00:00,20.796999,21.347,22.347,21.347,21.647,20.947,22.1955,82,77,69,75,70,74,61
3824,1,2024-07-09 08:00:00+00:00,22.697,23.197,24.197,23.247,23.796999,23.147,25.1955,72,69,61,67,61,65,49
3825,1,2024-07-09 09:00:00+00:00,23.997,24.597,25.147,24.597,25.447,24.796999,27.095499,63,60,53,62,53,57,41
3826,1,2024-07-09 10:00:00+00:00,24.546999,25.497,25.397,25.046999,26.296999,25.546999,27.0455,58,53,52,61,48,53,41
3827,1,2024-07-09 11:00:00+00:00,25.097,25.747,25.647,24.897,26.697,25.796999,25.845499,56,52,51,63,45,50,45
3828,1,2024-07-09 12:00:00+00:00,25.747,25.147,26.197,25.796999,25.847,26.497,26.4955,50,56,47,55,55,48,40
3829,1,2024-07-09 13:00:00+00:00,25.296999,25.247,26.247,24.997,25.447,26.197,25.4455,50,57,47,58,55,48,45
3830,1,2024-07-09 14:00:00+00:00,24.447,25.097,26.247,23.747,24.597,25.597,23.8955,54,54,44,64,55,50,54
3831,1,2024-07-09 15:00:00+00:00,22.997,22.796999,25.397,22.546999,23.597,24.597,22.3955,62,62,49,69,58,54,62
3832,1,2024-07-09 16:00:00+00:00,21.447,21.397,22.947,21.597,22.296999,22.997,20.9455,71,73,59,73,66,61,67
3833,1,2024-07-09 17:00:00+00:00,20.447,20.747,21.546999,20.747,20.796999,21.097,19.595499,78,77,64,78,76,70,71
3834,1,2024-07-09 18:00:00+00:00,19.796999,19.747,20.497,19.947,19.447,19.497,17.7955,82,86,74,79,85,77,74
3835,1,2024-07-09 19:00:00+00:00,19.097,19.247,20.046999,19.247,18.397,18.597,17.2955,85,89,74,80,91,79,75
3836,1,2024-07-09 20:00:00+00:00,18.447,18.796999,19.697,18.647,17.447,18.097,16.9955,88,91,71,78,96,80,75
3837,1,2024-07-09 21:00:00+00:00,17.796999,18.296999,19.296999,18.147,16.747,17.546999,16.595499,90,90,71,78,98,80,75
3838,1,2024-07-09 22:00:00+00:00,17.397,17.897,18.647,17.697,16.247,16.847,16.095499,89,89,75,79,96,81,75
3839,1,2024-07-09 23:00:00+00:00,17.046999,17.546999,18.247,17.347,15.896999,16.147,15.5455,89,88,76,82,92,83,75
3840,1,2024-07-10 00:00:00+00:00,16.697,16.597,17.597,17.296999,15.797,15.547,14.9955,91,90,79,81,87,88,71
3841,1,2024-07-10 01:00:00+00:00,16.796999,16.347,17.747,16.897,15.447,14.997,14.2455,88,90,77,81,87,89,72
3842,1,2024-07-10 02:00:00+00:00,16.647,16.247,17.397,16.597,15.197,14.547,13.4955,88,90,78,81,86,89,73
3843,1,2024-07-10 03:00:00+00:00,16.147,16.097,17.046999,16.647,15.396999,14.646999,13.4955,90,89,79,80,84,87,72
3844,1,2024-07-10 04:00:00+00:00,15.597,15.847,16.697,17.247,16.247,15.547,14.5955,91,89,80,78,81,82,67
3845,1,2024-07-10 05:00:00+00:00,16.947,17.147,17.296999,18.247,17.597,16.997,16.4455,87,85,80,75,77,74,60
3846,1,2024-07-10 06:00:00+00:00,19.546999,19.796999,19.347,19.097,19.097,18.597,18.9955,74,76,69,70,73,67,57
3847,1,2024-07-10 07:00:00+00:00,21.497,21.397,21.347,20.947,20.947,20.247,21.4455,65,68,61,64,67,60,50
3848,1,2024-07-10 08:00:00+00:00,23.597,23.247,23.296999,23.046999,23.046999,22.046999,24.1455,58,62,57,58,60,54,42
3849,1,2024-07-10 09:00:00+00:00,24.847,24.497,24.796999,24.597,24.647,23.647,26.1955,53,57,53,53,55,49,37
3850,1,2024-07-10 10:00:00+00:00,25.546999,25.046999,25.046999,25.296999,25.497,25.046999,27.1455,51,53,49,51,51,45,34
3851,1,2024-07-10 11:00:00+00:00,25.947,24.697,25.147,25.497,25.847,26.247,27.345499,49,53,48,50,49,43,32
3852,1,2024-07-10 12:00:00+00:00,25.447,23.997,25.897,26.447,25.447,25.947,27.1955,48,58,46,43,50,50,34
3853,1,2024-07-10 13:00:00+00:00,25.247,23.296999,25.647,26.097,25.597,25.697,25.8955,48,63,45,44,49,50,39
3854,1,2024-07-10 14:00:00+00:00,25.097,23.947,25.197,25.347,25.447,25.046999,23.7955,46,56,45,47,49,51,47
3855,1,2024-07-10 15:00:00+00:00,23.997,23.247,24.147,24.397,24.897,24.147,21.7955,48,57,47,50,50,54,53
3856,1,2024-07-10 16:00:00+00:00,21.546999,21.147,21.697,23.097,23.597,22.897,19.9955,57,64,56,53,54,58,57
3857,1,2024-07-10 17:00:00+00:00,19.546999,19.397,20.046999,21.546999,21.847,21.397,18.2955,65,69,64,57,60,63,60
3858,1,2024-07-10 18:00:00+00:00,18.747,18.647,18.796999,19.697,20.347,20.197,19.595499,71,61,70,62,65,67,59
3859,1,2024-07-10 19:00:00+00:00,17.597,17.747,17.747,18.947,19.397,19.546999,19.1955,74,64,74,62,69,69,60
3860,1,2024-07-10 20:00:00+00:00,16.697,17.197,16.997,18.546999,18.647,19.147,18.9455,77,69,76,62,71,69,60
3861,1,2024-07-10 21:00:00+00:00,16.097,17.046999,16.397,18.097,18.046999,18.647,18.4955,79,73,78,62,73,70,61
3862,1,2024-07-10 22:00:00+00:00,15.697,16.947,15.947,17.397,17.546999,17.747,17.5455,81,68,75,65,73,72,64
3863,1,2024-07-10 23:00:00+00:00,15.396999,16.296999,15.297,16.597,17.197,16.747,16.345499,81,66,70,70,72,76,67
3864,1,2024-07-11 00:00:00+00:00,14.697,15.197,15.047,15.646999,16.347,16.747,13.9955,77,75,73,75,77,74,71
3865,1,2024-07-11 01:00:00+00:00,14.297,14.947,14.497,15.247,15.797,15.896999,13.5455,78,79,77,78,79,77,73
3866,1,2024-07-11 02:00:00+00:00,13.896999,14.646999,14.146999,14.947,15.247,15.047,13.1455,79,81,80,81,82,81,74
3867,1,2024-07-11 03:00:00+00:00,13.447,14.247,13.896999,15.097,15.247,14.847,13.3955,82,85,82,82,83,82,74
3868,1,2024-07-11 04:00:00+00:00,13.146999,13.947,13.646999,15.896999,16.147,15.747,14.6455,84,88,84,80,81,80,70
3869,1,2024-07-11 05:00:00+00:00,14.747,15.597,15.047,17.147,17.647,17.296999,16.5455,82,84,82,77,76,75,64
3870,1,2024-07-11 06:00:00+00:00,17.947,18.397,18.197,18.546999,19.347,18.997,19.1955,72,71,73,69,71,70,64
3871,1,2024-07-11 07:00:00+00:00,20.247,20.647,20.447,20.597,21.447,20.847,21.845499,65,63,64,63,64,65,55
3872,1,2024-07-11 08:00:00+00:00,22.497,22.747,22.447,22.897,23.796999,22.897,24.6455,59,57,60,57,57,61,46
3873,1,2024-07-11 09:00:00+00:00,24.497,24.647,24.197,24.697,25.546999,24.497,26.7955,54,52,56,52,51,56,38
3874,1,2024-07-11 10:00:00+00:00,25.697,25.796999,25.546999,25.897,26.296999,25.497,27.9455,47,46,50,47,48,52,33
3875,1,2024-07-11 11:00:00+00:00,26.147,26.147,26.046999,26.647,26.397,26.147,28.4455,44,43,45,43,47,48,30
3876,1,2024-07-11 12:00:00+00:00,26.097,26.647,26.796999,26.697,27.397,26.847,27.095499,44,40,42,41,39,41,36
3877,1,2024-07-11 13:00:00+00:00,26.347,26.697,26.747,26.747,27.497,26.947,25.3955,45,41,42,40,38,40,43
3878,1,2024-07-11 14:00:00+00:00,26.097,26.447,26.497,26.347,27.247,26.796999,22.8955,46,40,42,42,39,41,55
3879,1,2024-07-11 15:00:00+00:00,25.296999,25.397,24.597,25.397,26.497,26.046999,20.7955,46,43,48,44,42,43,64
3880,1,2024-07-11 16:00:00+00:00,22.147,22.796999,22.247,23.497,24.847,24.397,19.4955,54,55,52,48,46,48,69
3881,1,2024-07-11 17:00:00+00:00,20.296999,20.947,20.097,21.046999,22.697,22.197,18.5455,58,59,57,54,52,56,71
3882,1,2024-07-11 18:00:00+00:00,19.147,18.796999,18.847,19.296999,20.847,20.296999,17.9955,65,61,65,62,58,63,70
3883,1,2024-07-11 19:00:00+00:00,18.546999,17.747,18.197,18.397,19.747,19.147,16.8955,68,65,67,65,64,69,74
3884,1,2024-07-11 20:00:00+00:00,18.347,17.397,17.647,17.947,19.046999,18.296999,15.8955,70,67,70,67,69,75,78
3885,1,2024-07-11 21:00:00+00:00,17.947,16.947,17.247,17.447,18.296999,17.546999,15.0955,71,70,74,69,74,80,82
3886,1,2024-07-11 22:00:00+00:00,17.197,16.047,16.997,16.697,17.397,16.796999,14.5955,73,75,74,72,78,83,85
3887,1,2024-07-11 23:00:00+00:00,16.247,15.297,16.497,15.847,16.546999,16.147,14.2955,74,80,75,76,82,85,88
3888,1,2024-07-12 00:00:00+00:00,14.797,15.097,15.547,15.247,15.646999,16.347,14.2955,74,76,83,81,82,83,86
3889,1,2024-07-12 01:00:00+00:00,14.146999,14.347,14.896999,14.547,14.847,16.047,13.7955,77,78,86,84,85,85,88
3890,1,2024-07-12 02:00:00+00:00,13.747,13.697,14.447,13.947,14.247,15.896999,13.3455,77,81,88,86,88,86,91
3891,1,2024-07-12 03:00:00+00:00,13.497,13.247,14.097,13.947,14.247,16.147,13.5955,78,82,89,87,88,86,90
3892,1,2024-07-12 04:00:00+00:00,13.297,12.896999,13.597,14.847,15.247,16.897,14.8455,79,82,91,85,85,84,85
3893,1,2024-07-12 05:00:00+00:00,14.947,14.447,15.197,16.347,16.897,17.997,16.7455,78,80,86,81,80,81,76
3894,1,2024-07-12 06:00:00+00:00,17.647,18.296999,18.197,18.197,18.597,19.347,18.8955,69,66,70,73,74,77,66
3895,1,2024-07-12 07:00:00+00:00,19.997,20.647,20.197,19.897,20.296999,21.097,21.6955,57,56,60,67,68,70,57
3896,1,2024-07-12 08:00:00+00:00,22.147,22.597,22.296999,21.796999,21.997,23.097,24.7955,50,52,52,61,62,61,49
3897,1,2024-07-12 09:00:00+00:00,24.147,24.247,24.147,23.397,23.497,24.747,26.9955,46,47,45,55,57,54,42
3898,1,2024-07-12 10:00:00+00:00,25.546999,25.147,25.296999,24.546999,24.647,25.796999,27.6455,43,44,42,51,52,49,38
3899,1,2024-07-12 11:00:00+00:00,25.947,26.097,26.097,25.347,25.546999,26.447,27.3955,41,41,41,47,48,46,36
3900,1,2024-07-12 12:00:00+00:00,26.497,26.046999,26.347,25.247,26.097,27.247,26.4955,36,42,40,45,44,39,38
3901,1,2024-07-12 13:00:00+00:00,26.597,26.147,26.347,25.147,25.947,27.296999,24.7955,35,41,40,44,43,38,45
3902,1,2024-07-12 14:00:00+00:00,26.197,25.397,25.847,24.697,25.347,27.046999,22.2455,35,42,40,44,44,39,56
3903,1,2024-07-12 15:00:00+00:00,24.697,23.597,24.447,23.847,24.347,26.296999,20.095499,40,46,43,45,46,42,65
3904,1,2024-07-12 16:00:00+00:00,21.947,21.497,22.347,22.447,22.747,24.647,18.595499,48,53,48,49,51,47,72
3905,1,2024-07-12 17:00:00+00:00,20.247,19.597,20.347,20.647,20.697,22.546999,17.3955,55,60,55,55,58,53,77
3906,1,2024-07-12 18:00:00+00:00,19.097,18.697,19.397,19.147,18.997,20.747,18.095499,60,64,61,62,64,59,71
3907,1,2024-07-12 19:00:00+00:00,17.997,17.697,18.397,18.046999,17.897,19.747,18.095499,66,69,66,66,68,62,71
3908,1,2024-07-12 20:00:00+00:00,16.697,16.796999,17.546999,17.197,17.147,19.147,18.3955,72,74,69,70,72,64,69
3909,1,2024-07-12 21:00:00+00:00,15.547,15.947,16.497,16.546999,16.546999,18.497,18.3955,76,77,73,73,75,67,68
3910,1,2024-07-12 22:00:00+00:00,14.847,15.396999,15.747,16.197,16.047,17.697,17.7455,77,77,76,76,77,71,70
3911,1,2024-07-12 23:00:00+00:00,14.547,15.297,15.347,16.047,15.646999,16.947,16.845499,79,77,78,79,78,76,74
3912,1,2024-07-13 00:00:00+00:00,13.747,14.896999,15.247,14.997,15.847,15.997,16.595499,88,84,82,85,75,82,75
3913,1,2024-07-13 01:00:00+00:00,13.347,14.396999,14.896999,14.547,15.297,15.347,15.3955,91,88,85,87,79,84,80
3914,1,2024-07-13 02:00:00+00:00,13.097,14.146999,14.597,14.197,14.697,14.747,13.945499,92,90,86,89,84,85,85
3915,1,2024-07-13 03:00:00+00:00,12.896999,14.047,14.297,14.396999,14.597,14.697,13.3955,92,90,87,88,86,84,87
3916,1,2024-07-13 04:00:00+00:00,12.896999,14.097,14.047,15.497,15.297,15.497,14.3955,92,88,88,84,85,81,82
3917,1,2024-07-13 05:00:00+00:00,15.097,15.997,15.847,17.097,16.546999,16.897,16.345499,85,82,82,78,81,75,72
3918,1,2024-07-13 06:00:00+00:00,18.697,18.997,19.147,18.847,18.046999,18.597,18.6955,70,70,68,70,76,69,67
3919,1,2024-07-13 07:00:00+00:00,21.046999,21.247,21.197,20.796999,19.897,20.796999,21.0455,60,60,60,64,69,61,57
3920,1,2024-07-13 08:00:00+00:00,23.296999,23.447,23.296999,22.897,21.947,23.347,23.5455,53,53,53,57,61,52,47
3921,1,2024-07-13 09:00:00+00:00,25.097,24.997,24.847,24.597,23.647,25.347,25.3955,47,47,47,51,54,44,40
3922,1,2024-07-13 10:00:00+00:00,26.147,25.497,25.546999,25.597,24.697,26.497,26.4955,43,44,44,46,49,38,36
3923,1,2024-07-13 11:00:00+00:00,26.197,25.697,26.097,26.147,25.296999,27.097,26.9955,40,43,42,43,46,33,34
3924,1,2024-07-13 12:00:00+00:00,27.097,26.697,26.647,26.347,25.647,26.647,27.3955,37,39,40,40,43,39,35
3925,1,2024-07-13 13:00:00+00:00,26.847,26.747,26.447,26.497,25.647,26.796999,25.5455,39,38,40,39,42,37,42
3926,1,2024-07-13 14:00:00+00:00,26.647,26.347,26.147,26.347,25.296999,26.597,22.7455,40,38,41,39,42,36,51
3927,1,2024-07-13 15:00:00+00:00,25.897,25.647,25.347,25.647,24.447,25.796999,20.2955,41,40,43,41,44,38,60
3928,1,2024-07-13 16:00:00+00:00,23.247,22.947,22.697,23.947,22.697,24.046999,18.6955,53,51,55,47,50,43,66
3929,1,2024-07-13 17:00:00+00:00,21.296999,20.897,20.947,21.747,20.447,21.697,17.5455,59,59,62,54,58,51,70
3930,1,2024-07-13 18:00:00+00:00,19.497,19.647,19.296999,19.597,18.497,19.597,17.4955,65,64,65,63,66,59,72
3931,1,2024-07-13 19:00:00+00:00,18.247,18.347,18.647,18.597,17.197,18.046999,17.1455,69,68,65,66,72,66,72
3932,1,2024-07-13 20:00:00+00:00,16.947,16.997,17.947,18.147,16.247,16.697,17.095499,73,72,67,66,77,72,70
3933,1,2024-07-13 21:00:00+00:00,15.847,15.896999,17.447,17.597,15.547,15.697,16.8955,78,77,70,68,80,77,70
3934,1,2024-07-13 22:00:00+00:00,15.047,14.896999,17.046999,16.796999,15.197,15.097,16.2955,81,82,73,72,81,81,72
3935,1,2024-07-13 23:00:00+00:00,14.247,14.197,16.597,15.997,15.047,14.747,15.4955,85,85,75,78,81,84,76
3936,1,2024-07-14 00:00:00+00:00,13.797,13.197,13.947,15.347,15.947,15.247,15.695499,87,89,85,82,79,81,77
3937,1,2024-07-14 01:00:00+00:00,13.047,12.547,13.297,14.797,15.297,14.747,14.7455,92,92,90,84,82,84,81
3938,1,2024-07-14 02:00:00+00:00,12.646999,12.396999,12.997,14.396999,14.597,14.297,13.7955,93,94,93,86,85,87,85
3939,1,2024-07-14 03:00:00+00:00,12.347,12.497,12.896999,14.547,14.547,14.396999,13.695499,94,94,93,86,86,88,86
3940,1,2024-07-14 04:00:00+00:00,12.146999,12.597,12.847,15.597,15.497,15.447,14.7455,94,93,93,82,82,85,81
3941,1,2024-07-14 05:00:00+00:00,14.447,14.646999,14.896999,17.247,17.147,17.046999,16.6455,87,88,87,76,76,79,71
3942,1,2024-07-14 06:00:00+00:00,18.497,18.497,18.597,18.997,18.997,18.847,19.095499,72,69,73,71,69,72,63
3943,1,2024-07-14 07:00:00+00:00,21.197,20.897,21.046999,21.046999,21.197,20.947,22.0455,63,60,65,63,62,65,53
3944,1,2024-07-14 08:00:00+00:00,23.747,23.247,23.347,23.347,23.697,23.197,25.2955,55,54,58,55,54,57,41
3945,1,2024-07-14 09:00:00+00:00,25.147,25.046999,24.947,25.147,25.597,24.997,27.6955,48,47,49,48,48,50,33
3946,1,2024-07-14 10:00:00+00:00,26.247,25.897,25.847,26.147,26.647,25.947,28.5455,42,41,43,44,43,45,29
3947,1,2024-07-14 11:00:00+00:00,27.197,26.796999,26.796999,26.597,27.097,26.447,28.5455,39,38,40,41,39,41,27
3948,1,2024-07-14 12:00:00+00:00,27.097,27.397,27.247,26.546999,27.197,26.397,27.2955,38,37,38,40,36,39,31
3949,1,2024-07-14 13:00:00+00:00,27.347,27.647,27.447,26.597,27.247,26.447,26.095499,37,36,37,39,35,37,36
3950,1,2024-07-14 14:00:00+00:00,27.097,27.296999,27.097,26.347,26.997,26.296999,24.345499,37,36,37,38,35,36,45
3951,1,2024-07-14 15:00:00+00:00,26.147,26.296999,26.197,25.747,26.197,25.597,22.7955,38,37,38,40,38,38,52
3952,1,2024-07-14 16:00:00+00:00,23.546999,23.597,23.546999,24.546999,24.497,23.897,21.6955,46,45,46,44,44,45,56
3953,1,2024-07-14 17:00:00+00:00,21.046999,21.147,21.546999,22.947,22.347,21.647,20.7455,57,55,54,50,53,54,60
3954,1,2024-07-14 18:00:00+00:00,20.147,20.697,19.247,21.796999,20.597,19.697,19.7955,67,62,64,58,61,62,64
3955,1,2024-07-14 19:00:00+00:00,19.296999,20.197,19.546999,20.697,19.897,18.397,18.595499,68,66,70,65,67,67,69
3956,1,2024-07-14 20:00:00+00:00,18.046999,19.046999,18.847,19.747,19.647,17.397,17.3955,71,71,76,72,71,70,74
3957,1,2024-07-14 21:00:00+00:00,17.447,17.747,18.046999,18.897,19.097,16.447,16.3955,75,76,79,78,76,74,77
3958,1,2024-07-14 22:00:00+00:00,16.997,16.546999,16.447,18.147,17.897,15.447,15.7955,77,81,86,82,81,78,78
3959,1,2024-07-14 23:00:00+00:00,16.747,15.896999,15.896999,17.447,16.397,14.497,15.445499,77,84,86,84,87,83,78
3960,1,2024-07-15 00:00:00+00:00,16.347,17.097,14.497,16.947,15.997,14.646999,15.195499,80,79,87,84,84,87,76
3961,1,2024-07-15 01:00:00+00:00,16.296999,16.597,14.497,16.347,15.047,14.047,14.6455,78,79,85,84,86,88,77
3962,1,2024-07-15 02:00:00+00:00,15.947,15.896999,14.247,15.847,14.197,13.747,14.195499,79,81,85,84,87,88,78
3963,1,2024-07-15 03:00:00+00:00,14.997,15.047,13.646999,15.947,14.146999,14.047,14.3955,83,83,87,82,86,86,77
3964,1,2024-07-15 04:00:00+00:00,14.047,14.146999,12.997,16.897,15.347,15.347,15.6455,86,86,89,77,80,81,72
3965,1,2024-07-15 05:00:00+00:00,15.646999,15.747,14.797,18.447,17.397,17.296999,17.5455,81,81,84,70,71,74,65
3966,1,2024-07-15 06:00:00+00:00,19.397,19.747,18.947,20.197,19.546999,19.296999,19.2955,61,61,65,64,63,67,63
3967,1,2024-07-15 07:00:00+00:00,21.697,21.997,21.796999,21.947,21.796999,21.397,22.1955,53,52,55,56,56,59,54
3968,1,2024-07-15 08:00:00+00:00,23.897,24.247,24.247,23.796999,24.147,23.546999,25.4455,48,46,49,48,49,51,44
3969,1,2024-07-15 09:00:00+00:00,25.647,26.046999,25.997,25.197,25.997,25.296999,27.7955,44,41,42,42,43,45,37
3970,1,2024-07-15 10:00:00+00:00,26.796999,27.296999,26.997,25.897,26.997,26.347,28.595499,39,35,37,39,39,41,33
3971,1,2024-07-15 11:00:00+00:00,26.847,27.447,27.597,26.147,27.447,26.997,28.4455,37,35,35,39,37,38,31
3972,1,2024-07-15 12:00:00+00:00,26.796999,27.497,27.947,26.347,26.947,27.597,27.6955,39,35,34,39,39,36,33
3973,1,2024-07-15 13:00:00+00:00,26.796999,27.247,27.597,26.447,26.847,27.497,26.8955,40,36,35,38,39,36,36
3974,1,2024-07-15 14:00:00+00:00,26.647,26.796999,27.097,26.347,26.497,26.997,25.7455,40,36,35,38,39,36,42
3975,1,2024-07-15 15:00:00+00:00,25.747,25.897,26.247,25.796999,25.747,26.197,24.4955,42,38,37,40,41,38,48
3976,1,2024-07-15 16:00:00+00:00,23.247,23.847,23.897,24.296999,24.397,24.847,23.095499,50,44,45,46,46,42,54
3977,1,2024-07-15 17:00:00+00:00,21.647,22.247,22.197,22.347,22.747,23.147,21.6455,56,50,50,54,52,47,60
3978,1,2024-07-15 18:00:00+00:00,20.947,20.447,21.147,20.697,21.296999,21.697,19.9955,72,58,55,64,58,53,64
3979,1,2024-07-15 19:00:00+00:00,19.597,19.097,20.097,19.546999,20.447,20.796999,18.8955,81,69,62,71,64,59,69
3980,1,2024-07-15 20:00:00+00:00,18.847,18.397,18.796999,18.647,19.847,20.147,17.7955,86,73,70,76,71,66,74
3981,1,2024-07-15 21:00:00+00:00,18.647,17.847,18.347,17.897,19.197,19.497,16.8955,88,74,74,81,76,71,78
3982,1,2024-07-15 22:00:00+00:00,18.447,16.796999,17.747,17.247,18.347,18.747,16.2955,87,79,77,85,80,75,80
3983,1,2024-07-15 23:00:00+00:00,18.046999,15.547,16.697,16.697,17.447,18.046999,15.945499,88,85,82,88,84,78,81
3984,1,2024-07-16 00:00:00+00:00,17.247,15.597,15.197,16.147,15.947,17.647,15.0955,87,84,92,84,84,80,82
3985,1,2024-07-16 01:00:00+00:00,17.147,15.297,14.847,15.497,15.396999,16.997,14.4955,86,84,91,86,86,81,83
3986,1,2024-07-16 02:00:00+00:00,16.897,15.146999,14.747,14.997,14.997,16.397,13.945499,87,83,90,86,87,81,83
3987,1,2024-07-16 03:00:00+00:00,16.796999,14.896999,14.646999,15.146999,15.146999,16.347,14.0955,86,83,89,85,86,80,81
3988,1,2024-07-16 04:00:00+00:00,16.597,14.497,14.497,16.197,16.247,17.097,15.3455,86,84,89,81,81,76,76
3989,1,2024-07-16 05:00:00+00:00,17.647,16.047,16.197,17.847,17.947,18.397,17.345499,83,82,83,76,74,71,69
3990,1,2024-07-16 06:00:00+00:00,20.247,20.097,19.647,19.796999,19.747,19.847,19.6955,72,66,66,69,67,65,63
3991,1,2024-07-16 07:00:00+00:00,22.197,22.347,22.347,21.947,21.647,21.597,22.4455,64,59,56,58,60,59,55
3992,1,2024-07-16 08:00:00+00:00,23.397,24.247,24.347,24.197,23.597,23.546999,25.4955,56,51,49,47,53,53,45
3993,1,2024-07-16 09:00:00+00:00,24.546999,25.397,25.897,25.847,24.947,25.046999,27.6955,49,43,41,38,47,48,38
3994,1,2024-07-16 10:00:00+00:00,25.347,26.397,27.147,26.497,25.347,25.947,28.4455,46,38,36,35,44,43,34
3995,1,2024-07-16 11:00:00+00:00,26.347,26.897,27.447,26.497,25.197,26.447,28.2955,43,38,35,35,42,39,32
3996,1,2024-07-16 12:00:00+00:00,26.897,26.947,27.897,27.046999,25.796999,26.796999,26.7955,41,39,35,34,38,38,34
3997,1,2024-07-16 13:00:00+00:00,26.546999,26.647,27.497,26.897,25.796999,26.697,25.845499,41,39,36,33,37,37,38
3998,1,2024-07-16 14:00:00+00:00,26.247,26.397,27.097,26.447,25.546999,26.147,24.4455,41,38,35,33,37,37,45
3999,1,2024-07-16 15:00:00+00:00,25.546999,25.747,26.296999,25.497,24.847,25.296999,22.9955,43,39,36,36,39,40,52
4000,1,2024-07-16 16:00:00+00:00,23.147,23.597,23.947,23.747,23.497,23.897,21.345499,50,47,42,44,43,48,58
4001,1,2024-07-16 17:00:00+00:00,21.046999,22.347,22.147,21.497,21.796999,22.197,19.6455,68,53,48,56,50,59,63
4002,1,2024-07-16 18:00:00+00:00,20.847,21.497,20.247,19.747,20.247,20.697,18.4955,61,63,56,65,56,68,64
4003,1,2024-07-16 19:00:00+00:00,18.947,19.497,19.447,18.347,19.097,19.697,17.5455,72,74,65,73,62,73,67
4004,1,2024-07-16 20:00:00+00:00,18.597,18.397,17.947,17.197,18.197,18.947,16.9455,76,82,73,80,69,75,70
4005,1,2024-07-16 21:00:00+00:00,18.347,18.046999,17.296999,16.347,17.347,18.247,16.3955,79,85,78,85,74,78,73
4006,1,2024-07-16 22:00:00+00:00,17.546999,17.647,16.497,15.847,16.597,17.447,15.8455,83,87,84,88,78,81,76
4007,1,2024-07-16 23:00:00+00:00,16.997,17.546999,16.047,15.547,15.947,16.747,15.445499,86,86,86,90,80,84,79
4008,1,2024-07-17 00:00:00+00:00,15.947,17.046999,15.646999,14.447,14.847,15.646999,15.2955,86,86,90,95,93,88,82
4009,1,2024-07-17 01:00:00+00:00,15.447,16.697,15.197,13.896999,14.146999,15.097,15.3955,87,87,91,96,94,89,80
4010,1,2024-07-17 02:00:00+00:00,14.847,16.047,15.047,13.547,13.597,14.697,15.695499,88,89,91,96,95,89,77
4011,1,2024-07-17 03:00:00+00:00,14.497,15.547,15.047,13.896999,13.797,14.896999,16.2955,88,89,89,93,93,87,73
4012,1,2024-07-17 04:00:00+00:00,14.447,15.197,14.896999,15.447,15.197,16.047,17.1955,89,89,89,87,87,83,69
4013,1,2024-07-17 05:00:00+00:00,16.197,16.697,16.897,17.697,17.397,17.796999,18.3955,84,85,81,78,78,77,65
4014,1,2024-07-17 06:00:00+00:00,19.597,19.847,20.147,20.147,19.647,19.697,19.7955,72,73,68,69,69,70,62
4015,1,2024-07-17 07:00:00+00:00,21.647,21.947,22.447,22.097,21.947,21.796999,22.6455,64,65,59,60,60,62,53
4016,1,2024-07-17 08:00:00+00:00,23.897,24.147,24.597,23.997,24.397,24.046999,25.9455,56,56,52,51,51,53,43
4017,1,2024-07-17 09:00:00+00:00,25.397,25.796999,25.947,25.397,26.247,25.847,28.095499,47,47,44,44,43,46,36
4018,1,2024-07-17 10:00:00+00:00,26.046999,26.647,27.046999,26.147,27.296999,26.847,28.4455,42,43,40,40,38,41,33
4019,1,2024-07-17 11:00:00+00:00,26.497,27.296999,27.447,26.447,27.847,27.397,27.6955,41,40,37,39,35,38,32
4020,1,2024-07-17 12:00:00+00:00,25.247,27.796999,27.097,27.747,26.796999,27.546999,28.1955,45,38,38,36,36,35,30
4021,1,2024-07-17 13:00:00+00:00,25.546999,27.897,27.597,27.796999,26.947,27.647,27.5455,45,35,35,34,33,34,32
4022,1,2024-07-17 14:00:00+00:00,25.647,27.497,27.647,27.497,26.897,27.497,26.4955,45,35,34,33,31,33,37
4023,1,2024-07-17 15:00:00+00:00,24.847,26.597,26.897,26.647,26.247,26.697,25.095499,50,36,35,34,33,35,43
4024,1,2024-07-17 16:00:00+00:00,22.897,24.546999,24.397,24.897,24.597,24.796999,23.095499,60,42,41,39,44,41,51
4025,1,2024-07-17 17:00:00+00:00,21.546999,22.247,21.947,22.597,22.347,22.247,20.7455,63,53,51,47,60,51,59
4026,1,2024-07-17 18:00:00+00:00,19.647,21.147,21.197,19.947,20.397,20.046999,19.4955,71,58,58,56,73,59,64
4027,1,2024-07-17 19:00:00+00:00,18.947,20.197,20.347,18.897,19.046999,18.597,18.4955,73,62,62,63,80,66,69
4028,1,2024-07-17 20:00:00+00:00,18.197,19.296999,19.497,18.397,17.947,17.497,17.7955,77,67,68,70,85,72,73
4029,1,2024-07-17 21:00:00+00:00,17.597,18.397,18.497,17.897,16.897,16.597,17.1955,80,73,71,76,88,77,76
4030,1,2024-07-17 22:00:00+00:00,16.947,17.796999,17.897,17.197,15.797,15.896999,16.7455,82,74,73,80,91,82,77
4031,1,2024-07-17 23:00:00+00:00,16.397,17.097,17.046999,16.497,14.797,15.396999,16.4455,84,77,78,82,92,86,76
4032,1,2024-07-18 00:00:00+00:00,16.147,16.347,16.447,16.947,14.197,13.146999,15.695499,83,80,82,76,92,97,78
4033,1,2024-07-18 01:00:00+00:00,15.547,15.697,16.247,15.947,13.347,12.396999,14.945499,86,82,84,81,94,99,81
4034,1,2024-07-18 02:00:00+00:00,15.146999,14.947,15.797,14.896999,12.697,11.847,14.0955,89,85,86,87,92,99,85
4035,1,2024-07-18 03:00:00+00:00,14.847,14.297,14.847,14.646999,12.997,12.247,14.0955,90,88,90,90,89,96,85
4036,1,2024-07-18 04:00:00+00:00,14.347,13.747,13.997,15.747,14.646999,14.197,15.4955,91,90,93,86,83,88,79
4037,1,2024-07-18 05:00:00+00:00,16.047,15.747,16.097,17.647,17.197,17.097,17.7455,85,83,85,77,74,77,69
4038,1,2024-07-18 06:00:00+00:00,19.247,19.296999,19.546999,20.097,19.796999,19.947,20.095499,71,67,68,67,65,66,60
4039,1,2024-07-18 07:00:00+00:00,21.497,21.497,21.847,22.296999,22.397,22.597,22.6455,63,59,60,58,55,55,51
4040,1,2024-07-18 08:00:00+00:00,23.847,23.897,24.197,24.697,24.997,25.197,25.345499,54,52,52,47,45,44,42
4041,1,2024-07-18 09:00:00+00:00,25.747,25.796999,26.097,26.546999,26.947,27.197,27.2955,44,43,42,39,37,36,35
4042,1,2024-07-18 10:00:00+00:00,26.847,27.046999,27.447,27.447,27.747,28.296999,28.0455,39,37,36,35,33,31,32
4043,1,2024-07-18 11:00:00+00:00,27.347,27.497,28.147,27.796999,27.847,28.747,28.0455,36,34,31,32,31,28,30
4044,1,2024-07-18 12:00:00+00:00,27.296999,27.197,27.097,27.747,27.546999,28.347,27.1955,34,36,33,33,29,30,33
4045,1,2024-07-18 13:00:00+00:00,27.247,27.147,26.997,27.747,27.447,28.247,26.4955,33,35,31,31,28,29,35
4046,1,2024-07-18 14:00:00+00:00,27.197,26.747,27.147,27.447,27.097,27.847,25.3955,32,34,29,29,28,28,39
4047,1,2024-07-18 15:00:00+00:00,26.397,25.647,26.497,26.647,26.197,26.947,24.1955,33,37,30,30,30,30,44
4048,1,2024-07-18 16:00:00+00:00,24.197,23.497,23.597,24.947,24.347,25.247,22.8955,42,46,38,36,35,34,48
4049,1,2024-07-18 17:00:00+00:00,21.897,21.997,21.347,22.747,21.897,23.046999,21.4955,53,54,47,45,43,41,53
4050,1,2024-07-18 18:00:00+00:00,20.197,20.997,20.546999,19.997,19.897,20.796999,19.2955,63,58,59,53,51,49,65
4051,1,2024-07-18 19:00:00+00:00,18.697,20.247,19.546999,18.897,18.697,18.497,18.1955,67,59,63,61,62,61,69
4052,1,2024-07-18 20:00:00+00:00,17.497,19.197,18.347,18.197,17.947,16.197,17.345499,71,65,69,68,73,75,72
4053,1,2024-07-18 21:00:00+00:00,16.697,18.296999,17.247,17.447,17.147,14.447,16.595499,76,73,74,74,82,86,74
4054,1,2024-07-18 22:00:00+00:00,15.247,17.597,16.647,16.347,16.197,13.597,15.9955,81,74,76,78,85,90,76
4055,1,2024-07-18 23:00:00+00:00,14.646999,16.697,16.197,15.197,15.197,13.297,15.4955,82,78,76,80,85,91,78
4056,1,2024-07-19 00:00:00+00:00,14.197,15.896999,14.097,13.297,13.547,13.896999,14.9955,79,78,84,85,90,87,76
4057,1,2024-07-19 01:00:00+00:00,13.646999,15.197,13.747,12.697,12.797,13.247,14.3455,82,83,85,88,91,89,77
4058,1,2024-07-19 02:00:00+00:00,13.347,14.646999,13.597,12.146999,12.347,12.747,13.7455,88,85,86,91,91,89,78
4059,1,2024-07-19 03:00:00+00:00,13.247,14.247,13.396999,12.447,12.747,13.047,13.8955,91,86,86,91,88,87,76
4060,1,2024-07-19 04:00:00+00:00,13.146999,13.997,13.297,14.047,14.347,14.646999,15.2955,91,86,85,85,82,81,71
4061,1,2024-07-19 05:00:00+00:00,15.396999,15.997,15.697,16.497,16.796999,17.046999,17.4455,83,79,77,75,74,72,64
4062,1,2024-07-19 06:00:00+00:00,18.997,19.397,19.397,19.097,19.296999,19.546999,19.8955,67,62,63,67,65,63,59
4063,1,2024-07-19 07:00:00+00:00,21.397,21.747,21.897,21.546999,21.847,22.147,22.8955,59,56,57,58,56,53,50
4064,1,2024-07-19 08:00:00+00:00,23.747,24.197,24.347,24.046999,24.497,24.847,26.1955,52,49,49,49,46,43,40
4065,1,2024-07-19 09:00:00+00:00,25.747,26.247,26.147,25.947,26.497,26.897,28.4955,46,43,41,41,38,35,32
4066,1,2024-07-19 10:00:00+00:00,26.247,27.147,26.847,26.847,27.497,27.847,29.1955,38,37,36,37,34,31,28
4067,1,2024-07-19 11:00:00+00:00,26.497,27.647,27.546999,27.147,27.847,28.147,28.9455,36,34,34,34,33,30,27
4068,1,2024-07-19 12:00:00+00:00,26.697,27.247,27.497,27.097,27.397,27.697,28.3955,38,34,34,33,34,32,27
4069,1,2024-07-19 13:00:00+00:00,26.847,27.147,27.347,26.947,27.296999,27.397,27.595499,38,34,34,32,33,32,30
4070,1,2024-07-19 14:00:00+00:00,26.697,26.546999,27.247,26.497,26.947,26.847,26.345499,38,34,34,33,34,33,34
4071,1,2024-07-19 15:00:00+00:00,25.897,25.697,26.447,25.597,26.147,25.897,24.7955,39,38,36,36,36,37,40
4072,1,2024-07-19 16:00:00+00:00,24.046999,23.697,24.497,23.997,24.597,24.347,22.6455,48,46,45,42,41,46,48
4073,1,2024-07-19 17:00:00+00:00,22.046999,22.046999,22.296999,21.897,22.647,22.397,20.1455,57,55,53,51,49,57,58
4074,1,2024-07-19 18:00:00+00:00,21.247,21.697,20.796999,20.647,20.847,20.747,17.9955,62,55,58,59,56,66,70
4075,1,2024-07-19 19:00:00+00:00,20.597,20.847,19.546999,18.947,19.497,19.796999,17.1955,63,59,62,69,64,71,74
4076,1,2024-07-19 20:00:00+00:00,19.997,20.147,18.546999,17.397,18.347,19.097,16.8955,67,65,67,79,71,73,75
4077,1,2024-07-19 21:00:00+00:00,19.497,19.296999,17.747,16.296999,17.347,18.447,16.595499,70,69,73,86,78,76,76
4078,1,2024-07-19 22:00:00+00:00,18.747,17.796999,16.597,15.896999,16.497,17.597,16.1955,74,74,77,88,83,79,77
4079,1,2024-07-19 23:00:00+00:00,18.247,16.947,15.797,15.896999,15.847,16.747,15.7955,78,78,82,87,86,82,77
4080,1,2024-07-20 00:00:00+00:00,16.497,15.896999,16.597,15.747,15.146999,14.396999,15.195499,82,82,77,82,85,91,78
4081,1,2024-07-20 01:00:00+00:00,15.947,15.797,15.896999,15.197,14.347,13.497,14.6455,82,80,80,83,86,93,79
4082,1,2024-07-20 02:00:00+00:00,15.297,15.396999,15.297,14.896999,13.396999,12.747,14.1455,86,82,83,84,88,94,79
4083,1,2024-07-20 03:00:00+00:00,14.797,15.047,14.797,15.146999,13.396999,12.947,14.3955,89,85,85,83,86,92,77
4084,1,2024-07-20 04:00:00+00:00,14.447,14.697,14.297,16.197,14.947,14.597,15.695499,90,87,87,80,80,84,71
4085,1,2024-07-20 05:00:00+00:00,16.296999,16.497,16.197,17.796999,17.347,17.197,17.6455,85,82,81,74,71,74,62
4086,1,2024-07-20 06:00:00+00:00,19.697,19.497,19.847,19.897,19.847,19.847,19.7955,69,67,65,66,62,63,57
4087,1,2024-07-20 07:00:00+00:00,21.697,21.796999,22.347,22.046999,22.296999,22.447,22.3955,64,59,57,58,54,53,49
4088,1,2024-07-20 08:00:00+00:00,23.747,24.147,24.847,24.397,24.747,25.046999,25.2455,56,53,50,50,46,43,40
4089,1,2024-07-20 09:00:00+00:00,25.296999,25.997,26.347,26.147,26.697,26.997,27.2955,48,46,42,43,39,36,34
4090,1,2024-07-20 10:00:00+00:00,26.347,26.597,26.897,26.997,27.897,27.997,28.1455,43,41,38,39,35,32,30
4091,1,2024-07-20 11:00:00+00:00,26.597,27.247,27.247,27.347,28.497,28.347,28.1955,41,38,37,37,32,31,29
4092,1,2024-07-20 12:00:00+00:00,26.447,26.897,26.597,26.796999,27.796999,28.697,27.4955,41,41,38,39,34,30,31
4093,1,2024-07-20 13:00:00+00:00,26.497,27.147,26.597,26.997,27.697,28.597,26.9955,41,39,39,37,33,29,33
4094,1,2024-07-20 14:00:00+00:00,26.397,27.046999,26.747,27.046999,27.197,28.097,26.095499,42,38,39,36,34,30,37
4095,1,2024-07-20 15:00:00+00:00,25.947,26.497,26.046999,26.497,26.197,27.197,24.7955,41,39,39,38,37,33,42
4096,1,2024-07-20 16:00:00+00:00,24.046999,24.296999,23.997,24.796999,24.247,25.747,22.6455,51,47,46,44,44,39,51
4097,1,2024-07-20 17:00:00+00:00,22.147,22.097,22.997,22.447,21.697,23.847,19.9955,59,56,52,52,54,47,62
4098,1,2024-07-20 18:00:00+00:00,20.997,21.097,21.097,20.647,19.546999,21.897,18.2955,65,62,58,59,63,55,66
4099,1,2024-07-20 19:00:00+00:00,20.347,20.247,20.296999,19.597,18.197,19.897,17.5455,69,63,62,66,70,63,68
4100,1,2024-07-20 20:00:00+00:00,19.697,19.897,19.546999,18.897,17.247,17.897,17.3955,70,65,68,72,76,71,68
4101,1,2024-07-20 21:00:00+00:00,18.647,19.247,18.597,18.247,16.447,16.197,17.1955,75,69,74,77,81,78,69
4102,1,2024-07-20 22:00:00+00:00,17.847,18.697,17.497,17.497,15.847,14.947,16.7955,79,72,79,81,84,85,71
4103,1,2024-07-20 23:00:00+00:00,17.247,17.747,16.247,16.796999,15.447,14.047,16.3955,83,77,85,85,86,91,74
4104,1,2024-07-21 00:00:00+00:00,16.897,16.697,16.247,17.397,14.896999,14.146999,15.3955,85,82,84,81,89,92,79
4105,1,2024-07-21 01:00:00+00:00,16.296999,15.947,15.597,16.247,14.247,13.297,14.8455,86,86,86,85,90,94,81
4106,1,2024-07-21 02:00:00+00:00,15.396999,15.447,14.847,15.047,13.847,12.497,14.3955,89,88,87,89,88,95,83
4107,1,2024-07-21 03:00:00+00:00,14.646999,14.697,13.947,14.697,14.146999,12.697,14.695499,92,91,92,90,85,92,82
4108,1,2024-07-21 04:00:00+00:00,14.146999,14.146999,13.396999,15.847,15.597,14.547,16.2455,93,93,93,85,79,84,75
4109,1,2024-07-21 05:00:00+00:00,15.947,15.997,15.396999,17.897,17.796999,17.347,18.595499,88,86,86,77,71,73,65
4110,1,2024-07-21 06:00:00+00:00,19.546999,19.796999,19.697,19.997,20.197,20.147,21.2955,71,71,70,68,63,63,55
4111,1,2024-07-21 07:00:00+00:00,22.046999,22.247,22.397,22.546999,22.897,22.796999,23.7955,63,63,60,58,54,55,47
4112,1,2024-07-21 08:00:00+00:00,24.347,24.546999,24.897,25.197,25.747,25.397,26.345499,55,55,51,49,44,47,40
4113,1,2024-07-21 09:00:00+00:00,25.697,25.647,26.597,27.247,27.997,27.447,28.1955,48,47,43,41,36,41,34
4114,1,2024-07-21 10:00:00+00:00,26.747,26.647,27.697,28.397,29.247,28.647,28.9955,43,43,39,36,30,36,31
4115,1,2024-07-21 11:00:00+00:00,27.647,27.647,28.447,28.947,29.847,29.247,29.0455,40,40,35,34,26,33,29
4116,1,2024-07-21 12:00:00+00:00,27.647,27.497,28.447,29.097,28.897,29.597,28.6955,39,40,35,30,29,32,30
4117,1,2024-07-21 13:00:00+00:00,27.847,27.647,28.497,29.097,28.897,29.647,27.4955,38,39,34,28,27,30,33
4118,1,2024-07-21 14:00:00+00:00,27.546999,27.597,28.296999,28.697,28.597,29.247,25.6455,37,37,33,28,27,28,38
4119,1,2024-07-21 15:00:00+00:00,26.997,26.897,27.397,27.747,27.647,28.296999,23.7955,38,38,34,31,29,30,44
4120,1,2024-07-21 16:00:00+00:00,24.796999,24.796999,25.046999,25.796999,25.647,26.296999,22.1455,47,47,41,41,37,37,49
4121,1,2024-07-21 17:00:00+00:00,22.597,22.397,22.697,23.247,23.097,23.647,20.5455,62,63,56,54,47,48,55
4122,1,2024-07-21 18:00:00+00:00,19.847,20.247,21.397,21.247,20.997,21.597,18.1955,87,80,73,75,56,57,70
4123,1,2024-07-21 19:00:00+00:00,19.647,19.796999,20.097,20.147,19.947,20.697,17.6455,89,84,85,82,61,64,73
4124,1,2024-07-21 20:00:00+00:00,19.546999,19.046999,19.597,19.546999,19.347,20.296999,17.6955,90,87,87,86,63,70,73
4125,1,2024-07-21 21:00:00+00:00,19.347,17.697,19.097,19.097,18.647,19.796999,17.595499,91,93,89,89,66,75,73
4126,1,2024-07-21 22:00:00+00:00,18.947,17.447,18.546999,18.796999,17.597,18.947,17.095499,94,88,93,90,70,77,74
4127,1,2024-07-21 23:00:00+00:00,18.796999,17.046999,18.197,18.647,16.447,17.947,16.4955,94,86,95,90,74,77,76
4128,1,2024-07-22 00:00:00+00:00,18.147,17.947,18.247,18.347,17.597,17.046999,16.1955,88,93,93,93,86,72,75
4129,1,2024-07-22 01:00:00+00:00,18.147,17.647,17.897,17.997,16.897,16.347,15.3955,87,91,94,94,86,75,78
4130,1,2024-07-22 02:00:00+00:00,17.796999,17.397,17.447,17.747,16.047,15.597,14.6455,86,87,90,95,86,80,81
4131,1,2024-07-22 03:00:00+00:00,17.597,17.296999,17.097,17.747,15.747,15.597,14.695499,83,85,86,94,86,81,81
4132,1,2024-07-22 04:00:00+00:00,17.447,17.046999,16.747,18.147,16.247,16.697,16.0455,81,85,85,92,84,77,75
4133,1,2024-07-22 05:00:00+00:00,17.997,17.647,17.497,18.847,17.197,18.447,18.1955,80,85,84,88,81,69,66
4134,1,2024-07-22 06:00:00+00:00,18.897,18.796999,19.697,19.247,18.546999,20.296999,20.9955,76,77,71,78,76,62,57
4135,1,2024-07-22 07:00:00+00:00,20.447,20.397,20.847,20.847,20.397,22.147,23.845499,69,71,66,71,68,56,48
4136,1,2024-07-22 08:00:00+00:00,21.847,21.796999,22.647,22.897,22.597,24.046999,26.9455,65,66,60,62,59,49,39
4137,1,2024-07-22 09:00:00+00:00,23.097,22.997,24.497,24.546999,24.397,25.597,29.1955,60,60,54,55,51,44,31
4138,1,2024-07-22 10:00:00+00:00,23.847,22.597,25.647,25.597,25.546999,26.796999,30.1455,56,61,48,50,46,39,25
4139,1,2024-07-22 11:00:00+00:00,24.296999,22.647,25.847,26.247,26.247,27.647,30.1955,56,62,52,47,44,35,22
4140,1,2024-07-22 12:00:00+00:00,26.546999,22.546999,27.447,24.397,24.747,26.447,29.7955,41,66,42,56,62,35,24
4141,1,2024-07-22 13:00:00+00:00,26.796999,22.697,27.247,24.546999,24.296999,25.997,28.595499,39,65,42,55,62,37,27
4142,1,2024-07-22 14:00:00+00:00,26.546999,22.897,27.097,24.546999,23.847,25.247,26.6455,39,63,40,55,61,41,32
4143,1,2024-07-22 15:00:00+00:00,25.247,22.597,26.497,24.046999,23.147,24.247,24.6955,47,63,39,57,62,47,38
4144,1,2024-07-22 16:00:00+00:00,22.847,21.397,24.097,22.697,22.147,22.897,22.7455,65,71,53,64,68,58,44
4145,1,2024-07-22 17:00:00+00:00,21.647,20.447,22.497,20.897,20.897,21.347,20.7455,74,76,57,73,76,72,51
4146,1,2024-07-22 18:00:00+00:00,20.947,20.046999,20.647,19.747,19.947,20.046999,19.7955,72,81,58,78,83,82,67
4147,1,2024-07-22 19:00:00+00:00,18.997,19.197,19.997,19.147,19.397,19.397,19.2455,79,86,63,82,87,87,70
4148,1,2024-07-22 20:00:00+00:00,17.747,18.447,19.347,18.796999,19.097,19.046999,19.095499,83,91,66,85,89,89,71
4149,1,2024-07-22 21:00:00+00:00,17.296999,17.347,17.347,18.497,18.796999,18.397,18.7955,80,93,77,87,91,89,71
4150,1,2024-07-22 22:00:00+00:00,16.546999,16.197,15.997,18.197,18.397,16.947,18.1455,78,92,83,86,93,87,69
4151,1,2024-07-22 23:00:00+00:00,15.697,15.097,15.197,17.897,17.947,15.146999,17.3955,80,93,84,84,95,84,66
4152,1,2024-07-23 00:00:00+00:00,14.097,16.597,14.747,17.897,18.397,17.497,19.095499,88,87,89,95,92,97,49
4153,1,2024-07-23 01:00:00+00:00,13.497,15.646999,14.547,17.197,17.897,16.546999,17.6455,91,89,90,94,94,95,53
4154,1,2024-07-23 02:00:00+00:00,12.997,14.847,14.497,16.347,17.397,15.396999,15.7955,93,91,89,93,96,91,60
4155,1,2024-07-23 03:00:00+00:00,12.597,14.396999,14.247,16.047,17.247,14.997,14.9955,94,90,90,91,96,86,63
4156,1,2024-07-23 04:00:00+00:00,12.247,13.997,14.197,16.597,17.747,15.747,15.8955,94,90,90,88,92,80,59
4157,1,2024-07-23 05:00:00+00:00,14.347,15.947,15.697,17.647,18.697,17.247,17.7455,87,83,87,84,86,73,51
4158,1,2024-07-23 06:00:00+00:00,18.296999,19.747,18.747,18.897,19.847,18.997,19.6955,71,68,74,77,79,66,48
4159,1,2024-07-23 07:00:00+00:00,21.097,21.897,21.347,20.647,21.247,21.097,22.4955,59,61,63,70,72,58,41
4160,1,2024-07-23 08:00:00+00:00,23.447,24.097,23.546999,22.647,22.796999,23.497,25.595499,52,54,55,61,64,49,34
4161,1,2024-07-23 09:00:00+00:00,25.447,25.947,25.497,24.296999,24.197,25.447,27.7955,43,48,44,54,57,42,29
4162,1,2024-07-23 10:00:00+00:00,26.747,26.747,26.597,25.447,25.397,26.747,28.4455,37,41,38,49,51,37,27
4163,1,2024-07-23 11:00:00+00:00,27.197,27.597,27.347,26.296999,26.447,27.597,28.1455,35,39,36,46,47,33,26
4164,1,2024-07-23 12:00:00+00:00,28.097,27.546999,27.597,27.647,27.796999,27.397,28.595499,33,39,37,34,39,36,25
4165,1,2024-07-23 13:00:00+00:00,27.997,27.697,27.597,27.546999,27.697,27.546999,27.845499,33,38,37,33,38,34,28
4166,1,2024-07-23 14:00:00+00:00,27.597,27.296999,27.197,26.997,27.197,27.247,26.595499,33,36,37,34,38,34,32
4167,1,2024-07-23 15:00:00+00:00,26.747,26.447,26.347,26.046999,26.097,26.497,24.9955,34,37,37,37,43,37,37
4168,1,2024-07-23 16:00:00+00:00,24.447,23.597,24.147,24.347,24.097,24.997,22.6955,44,49,45,43,56,45,42
4169,1,2024-07-23 17:00:00+00:00,21.847,21.897,22.197,22.247,21.497,23.097,19.9955,51,57,55,52,74,56,47
4170,1,2024-07-23 18:00:00+00:00,20.296999,20.847,20.947,19.847,19.546999,21.347,17.4955,54,47,58,52,87,65,53
4171,1,2024-07-23 19:00:00+00:00,18.947,19.697,20.347,18.647,18.747,20.197,16.595499,47,46,55,55,93,72,54
4172,1,2024-07-23 20:00:00+00:00,17.497,18.247,19.497,17.897,18.497,19.296999,16.4455,49,53,56,57,94,77,53
4173,1,2024-07-23 21:00:00+00:00,16.546999,17.247,19.097,16.947,18.296999,18.197,16.3955,56,61,59,61,95,81,52
4174,1,2024-07-23 22:00:00+00:00,14.947,16.197,18.247,15.447,17.997,16.647,16.5455,65,68,64,69,96,83,50
4175,1,2024-07-23 23:00:00+00:00,13.396999,14.947,17.097,13.797,17.747,14.896999,16.845499,76,72,70,78,96,84,48
4176,1,2024-07-24 00:00:00+00:00,12.297,15.097,14.197,12.797,17.697,17.796999,13.7955,81,81,85,83,93,92,53
4177,1,2024-07-24 01:00:00+00:00,11.697,14.347,13.447,11.997,16.697,17.397,13.195499,83,83,82,85,89,94,55
4178,1,2024-07-24 02:00:00+00:00,11.297,13.646999,12.847,11.547,15.547,16.947,12.6455,82,83,78,85,84,98,58
4179,1,2024-07-24 03:00:00+00:00,10.997,13.297,12.097,11.847,15.047,16.897,12.7955,81,80,79,83,79,98,59
4180,1,2024-07-24 04:00:00+00:00,10.847,12.747,11.547,13.347,15.646999,17.397,13.945499,82,82,81,78,76,94,57
4181,1,2024-07-24 05:00:00+00:00,12.997,14.747,13.447,15.597,16.897,18.296999,15.8455,79,79,79,71,73,88,52
4182,1,2024-07-24 06:00:00+00:00,17.296999,18.347,18.097,17.497,18.397,19.397,19.1955,67,68,65,66,69,81,45
4183,1,2024-07-24 07:00:00+00:00,20.497,21.147,20.847,20.097,20.197,20.847,22.1455,58,59,56,58,62,72,39
4184,1,2024-07-24 08:00:00+00:00,23.347,23.647,23.197,22.747,22.296999,22.597,25.345499,50,52,51,50,54,62,33
4185,1,2024-07-24 09:00:00+00:00,25.296999,25.497,25.046999,24.796999,23.997,23.997,27.6955,41,43,45,43,48,54,28
4186,1,2024-07-24 10:00:00+00:00,26.497,26.647,26.046999,25.947,25.147,24.997,28.6955,36,36,42,39,45,50,25
4187,1,2024-07-24 11:00:00+00:00,27.247,27.447,26.847,26.497,25.897,25.697,28.845499,34,34,39,38,44,49,22
4188,1,2024-07-24 12:00:00+00:00,27.546999,27.447,27.247,26.697,26.847,26.447,28.8955,33,34,36,38,36,39,20
4189,1,2024-07-24 13:00:00+00:00,27.296999,27.397,27.147,26.597,26.697,26.546999,27.9955,34,35,37,38,37,39,22
4190,1,2024-07-24 14:00:00+00:00,26.796999,26.697,26.647,26.147,26.147,26.197,26.595499,35,36,38,40,40,40,27
4191,1,2024-07-24 15:00:00+00:00,25.897,25.796999,25.697,25.197,25.097,25.347,24.7955,37,38,39,44,46,45,33
4192,1,2024-07-24 16:00:00+00:00,23.347,23.497,23.796999,23.447,23.296999,23.697,22.3955,43,44,46,53,56,56,41
4193,1,2024-07-24 17:00:00+00:00,21.546999,21.897,21.796999,21.197,21.097,21.546999,19.6455,47,49,62,66,69,70,50
4194,1,2024-07-24 18:00:00+00:00,19.847,19.796999,19.947,19.046999,19.247,19.747,18.2955,62,63,75,82,79,82,55
4195,1,2024-07-24 19:00:00+00:00,19.397,19.296999,19.397,17.796999,18.197,18.647,17.2955,69,71,82,89,85,88,63
4196,1,2024-07-24 20:00:00+00:00,18.947,18.847,18.597,16.897,17.546999,17.947,16.7955,71,76,87,93,89,92,71
4197,1,2024-07-24 21:00:00+00:00,18.497,18.447,17.647,16.097,17.046999,17.447,16.3955,75,79,91,96,91,94,76
4198,1,2024-07-24 22:00:00+00:00,17.847,17.597,16.847,15.396999,16.747,17.197,15.945499,78,84,93,98,92,95,77
4199,1,2024-07-24 23:00:00+00:00,17.347,17.247,16.497,14.896999,16.597,17.147,15.5955,81,87,94,99,93,94,75
4200,1,2024-07-25 00:00:00+00:00,13.847,15.847,16.947,15.597,14.497,16.847,14.195499,93,91,88,95,99,94,67
4201,1,2024-07-25 01:00:00+00:00,12.646999,14.697,16.397,14.547,13.847,16.097,13.5955,97,95,90,98,100,96,68
4202,1,2024-07-25 02:00:00+00:00,12.097,13.997,16.197,13.347,13.347,15.297,13.1455,97,97,91,100,100,98,70
4203,1,2024-07-25 03:00:00+00:00,11.797,13.947,15.347,13.146999,13.597,15.146999,13.4955,97,96,94,100,98,97,70
4204,1,2024-07-25 04:00:00+00:00,11.396999,13.896999,14.747,14.547,15.097,16.197,15.195499,98,95,95,95,93,93,65
4205,1,2024-07-25 05:00:00+00:00,13.597,15.797,16.347,16.947,17.347,17.947,17.7455,91,90,90,88,86,86,58
4206,1,2024-07-25 06:00:00+00:00,18.897,18.697,19.247,19.447,19.597,19.796999,20.2955,73,79,79,81,78,78,46
4207,1,2024-07-25 07:00:00+00:00,21.647,21.497,21.546999,21.197,21.747,21.697,22.9955,66,67,70,71,67,68,38
4208,1,2024-07-25 08:00:00+00:00,23.847,23.796999,23.397,22.997,23.897,23.697,25.7455,50,51,57,60,55,57,31
4209,1,2024-07-25 09:00:00+00:00,24.897,24.997,25.046999,24.447,25.597,25.296999,27.7955,42,43,47,51,45,49,25
4210,1,2024-07-25 10:00:00+00:00,25.647,25.497,25.796999,25.597,26.697,26.247,28.7455,40,39,42,45,40,46,22
4211,1,2024-07-25 11:00:00+00:00,26.347,26.296999,26.697,26.447,27.296999,26.796999,29.0455,38,37,38,40,37,45,20
4212,1,2024-07-25 12:00:00+00:00,26.947,26.997,26.647,26.347,27.046999,27.447,28.8955,38,35,34,45,37,38,22
4213,1,2024-07-25 13:00:00+00:00,26.997,26.847,26.697,26.447,26.947,27.497,28.4455,38,36,33,43,36,36,23
4214,1,2024-07-25 14:00:00+00:00,26.546999,26.247,26.347,26.147,26.546999,27.197,27.4455,38,37,34,42,37,35,25
4215,1,2024-07-25 15:00:00+00:00,25.546999,25.447,25.296999,25.397,25.647,26.347,25.8955,41,39,39,44,40,37,30
4216,1,2024-07-25 16:00:00+00:00,23.497,23.197,22.847,23.847,23.947,24.647,23.345499,47,48,48,52,48,45,41
4217,1,2024-07-25 17:00:00+00:00,21.847,21.147,20.947,21.747,21.747,22.397,20.1955,56,54,54,63,59,55,55
4218,1,2024-07-25 18:00:00+00:00,20.747,19.847,19.647,20.247,19.747,20.447,17.4955,68,66,63,72,69,65,72
4219,1,2024-07-25 19:00:00+00:00,19.397,18.747,18.747,18.897,18.197,19.046999,16.4955,76,73,67,79,77,72,74
4220,1,2024-07-25 20:00:00+00:00,18.747,17.546999,17.497,17.747,16.897,17.897,16.2455,80,81,73,85,84,79,71
4221,1,2024-07-25 21:00:00+00:00,17.897,16.097,15.447,16.847,15.896999,16.947,15.9955,85,89,84,90,89,84,69
4222,1,2024-07-25 22:00:00+00:00,17.397,15.097,14.047,16.197,15.297,16.247,15.3455,88,94,91,93,92,88,69
4223,1,2024-07-25 23:00:00+00:00,17.147,14.547,13.247,15.747,14.997,15.697,14.6455,90,95,94,96,92,91,70
4224,1,2024-07-26 00:00:00+00:00,16.147,13.847,13.847,15.097,13.247,16.347,14.9955,92,96,95,96,95,84,63
4225,1,2024-07-26 01:00:00+00:00,15.947,13.697,13.597,14.247,12.396999,15.797,14.2955,93,95,94,97,97,86,65
4226,1,2024-07-26 02:00:00+00:00,15.447,13.597,13.297,13.297,11.697,15.047,13.6455,95,94,94,99,99,88,67
4227,1,2024-07-26 03:00:00+00:00,14.797,13.146999,12.697,13.197,11.896999,14.997,13.8955,96,95,95,98,97,88,66
4228,1,2024-07-26 04:00:00+00:00,14.197,12.597,12.347,14.597,13.597,16.247,15.5455,97,96,95,93,90,84,61
4229,1,2024-07-26 05:00:00+00:00,15.997,14.646999,14.347,16.897,16.247,18.197,18.095499,90,89,88,86,80,77,54
4230,1,2024-07-26 06:00:00+00:00,19.847,19.447,18.397,19.097,18.947,20.247,19.9955,73,74,72,73,70,69,53
4231,1,2024-07-26 07:00:00+00:00,22.097,22.046999,20.997,21.647,21.647,22.397,22.1455,63,63,64,62,59,60,45
4232,1,2024-07-26 08:00:00+00:00,23.647,24.296999,23.546999,24.197,24.347,24.647,24.4455,52,49,51,50,47,50,37
4233,1,2024-07-26 09:00:00+00:00,24.897,26.097,25.697,26.197,26.397,26.397,26.095499,45,41,41,40,38,42,31
4234,1,2024-07-26 10:00:00+00:00,25.796999,26.796999,27.347,27.347,27.397,27.347,26.8955,42,36,35,35,34,38,28
4235,1,2024-07-26 11:00:00+00:00,26.347,27.497,28.247,27.997,27.747,27.847,27.095499,39,32,31,32,32,35,27
4236,1,2024-07-26 12:00:00+00:00,27.347,26.897,28.497,28.597,26.597,28.597,29.2955,37,31,26,25,40,25,21
4237,1,2024-07-26 13:00:00+00:00,27.447,27.247,27.796999,28.397,26.697,28.397,28.4455,36,30,27,24,37,24,23
4238,1,2024-07-26 14:00:00+00:00,27.147,26.997,27.347,27.747,26.597,27.747,27.0455,36,30,27,24,34,24,27
4239,1,2024-07-26 15:00:00+00:00,26.397,26.147,26.497,26.546999,25.847,26.546999,25.2955,35,32,28,27,35,27,33
4240,1,2024-07-26 16:00:00+00:00,24.046999,23.597,24.296999,24.497,23.997,24.497,22.8955,41,39,33,32,44,34,43
4241,1,2024-07-26 17:00:00+00:00,22.647,21.546999,22.597,21.897,21.497,21.897,20.095499,45,46,38,40,58,45,54
4242,1,2024-07-26 18:00:00+00:00,21.247,20.546999,21.296999,19.247,19.397,19.546999,18.595499,53,52,45,52,70,55,57
4243,1,2024-07-26 19:00:00+00:00,19.847,20.447,20.247,17.247,18.147,17.697,17.595499,58,54,52,61,76,66,61
4244,1,2024-07-26 20:00:00+00:00,18.347,18.947,18.796999,15.547,17.347,16.047,17.1955,69,57,58,71,81,76,62
4245,1,2024-07-26 21:00:00+00:00,17.796999,16.747,17.197,14.146999,16.747,14.697,16.7955,74,71,67,78,84,85,64
4246,1,2024-07-26 22:00:00+00:00,16.697,15.797,16.097,13.247,16.347,13.697,16.2455,80,78,74,82,87,90,67
4247,1,2024-07-26 23:00:00+00:00,16.097,15.347,14.747,12.747,16.197,12.947,15.7955,85,80,80,85,89,92,71
4248,1,2024-07-27 00:00:00+00:00,15.597,15.797,15.646999,12.997,14.146999,12.247,15.3955,86,80,78,86,95,96,73
4249,1,2024-07-27 01:00:00+00:00,15.047,15.597,15.097,12.247,13.547,12.047,14.8955,87,83,81,88,96,96,73
4250,1,2024-07-27 02:00:00+00:00,14.697,15.146999,14.997,11.646999,12.997,12.197,14.4955,88,86,80,89,97,95,71
4251,1,2024-07-27 03:00:00+00:00,14.597,14.997,14.447,11.997,13.247,12.997,14.8955,87,85,81,87,95,91,68
4252,1,2024-07-27 04:00:00+00:00,14.547,14.847,14.396999,13.847,14.847,14.747,16.4955,85,85,81,82,89,84,63
4253,1,2024-07-27 05:00:00+00:00,16.347,16.647,15.997,16.597,17.247,17.147,18.8955,80,79,79,74,80,74,56
4254,1,2024-07-27 06:00:00+00:00,20.247,20.296999,19.697,19.097,19.697,19.647,21.3955,68,64,67,61,71,64,49
4255,1,2024-07-27 07:00:00+00:00,22.947,22.597,22.647,21.947,22.197,22.296999,24.0455,58,57,56,51,60,53,41
4256,1,2024-07-27 08:00:00+00:00,25.296999,25.097,24.897,24.796999,24.747,24.997,26.7955,48,47,48,41,48,42,33
4257,1,2024-07-27 09:00:00+00:00,26.697,26.897,26.597,26.997,26.647,26.997,28.595499,39,38,39,33,39,34,27
4258,1,2024-07-27 10:00:00+00:00,27.296999,27.796999,27.597,28.147,27.447,27.897,28.9455,35,35,32,29,35,30,25
4259,1,2024-07-27 11:00:00+00:00,26.897,27.347,27.347,28.647,27.597,28.097,28.345499,36,34,32,27,33,29,25
4260,1,2024-07-27 12:00:00+00:00,26.997,27.247,28.397,28.897,28.147,26.296999,29.4955,36,34,28,26,28,37,22
4261,1,2024-07-27 13:00:00+00:00,26.997,27.296999,28.097,28.597,27.997,26.397,28.6955,34,33,30,26,27,35,24
4262,1,2024-07-27 14:00:00+00:00,26.697,27.046999,27.697,27.897,27.546999,26.447,27.4955,34,33,30,27,26,34,28
4263,1,2024-07-27 15:00:00+00:00,25.847,26.046999,26.847,26.747,26.497,25.897,26.095499,36,35,31,31,29,38,32
4264,1,2024-07-27 16:00:00+00:00,24.097,24.046999,24.747,24.997,24.497,24.347,24.5455,43,41,36,41,39,51,37
4265,1,2024-07-27 17:00:00+00:00,23.097,22.147,23.147,22.847,21.897,22.197,22.8955,47,57,41,54,52,68,42
4266,1,2024-07-27 18:00:00+00:00,20.147,20.897,21.097,20.497,19.597,20.347,20.3955,70,71,52,55,64,81,52
4267,1,2024-07-27 19:00:00+00:00,18.947,19.647,19.897,18.796999,17.947,19.147,19.2955,75,76,59,63,72,86,57
4268,1,2024-07-27 20:00:00+00:00,17.947,17.897,18.046999,17.197,16.647,18.247,18.6455,79,82,67,70,79,87,60
4269,1,2024-07-27 21:00:00+00:00,16.947,16.747,16.497,15.847,15.447,17.447,17.9955,83,86,75,77,84,88,63
4270,1,2024-07-27 22:00:00+00:00,16.147,16.097,15.396999,14.797,14.297,16.697,17.345499,86,85,83,82,89,90,65
4271,1,2024-07-27 23:00:00+00:00,15.797,15.447,15.047,13.997,13.347,16.097,16.7455,87,86,86,87,93,92,66
4272,1,2024-07-28 00:00:00+00:00,14.597,14.797,15.297,13.047,15.047,14.447,16.1955,88,86,83,90,95,98,69
4273,1,2024-07-28 01:00:00+00:00,14.146999,14.447,14.847,12.347,14.396999,13.747,15.5455,88,86,82,90,96,98,71
4274,1,2024-07-28 02:00:00+00:00,13.847,14.047,14.197,11.797,13.747,13.097,14.8455,89,88,85,89,97,97,72
4275,1,2024-07-28 03:00:00+00:00,13.997,13.396999,13.396999,12.146999,13.896999,13.347,14.9955,88,91,90,86,94,94,71
4276,1,2024-07-28 04:00:00+00:00,14.146999,12.797,12.847,13.947,15.396999,14.997,16.4455,88,94,93,80,86,87,66
4277,1,2024-07-28 05:00:00+00:00,15.646999,15.047,15.146999,16.647,17.697,17.497,18.7455,85,86,85,72,75,77,59
4278,1,2024-07-28 06:00:00+00:00,19.247,19.546999,19.647,19.447,20.097,19.997,21.2955,71,70,68,66,65,67,53
4279,1,2024-07-28 07:00:00+00:00,21.597,22.447,22.697,21.997,22.597,22.447,24.345499,62,58,57,57,56,58,45
4280,1,2024-07-28 08:00:00+00:00,24.197,25.147,25.296999,24.546999,25.147,24.897,27.6455,52,47,47,47,47,49,37
4281,1,2024-07-28 09:00:00+00:00,25.546999,27.046999,26.897,26.546999,27.097,26.647,29.9955,46,38,39,39,40,42,30
4282,1,2024-07-28 10:00:00+00:00,26.597,28.147,28.147,27.647,28.147,27.347,30.8955,42,34,35,35,36,38,26
4283,1,2024-07-28 11:00:00+00:00,27.347,28.497,28.697,28.197,28.597,27.347,30.845499,39,33,33,32,33,36,23
4284,1,2024-07-28 12:00:00+00:00,27.697,28.397,28.447,28.847,27.947,29.097,29.6955,37,34,34,30,32,28,24
4285,1,2024-07-28 13:00:00+00:00,27.546999,27.947,28.597,28.647,27.697,28.796999,28.6455,36,34,32,29,32,28,27
4286,1,2024-07-28 14:00:00+00:00,27.097,27.597,27.447,28.046999,27.197,28.046999,27.0455,36,35,36,30,34,30,31
4287,1,2024-07-28 15:00:00+00:00,26.247,26.796999,24.546999,26.947,26.197,26.897,25.4955,38,36,52,34,38,34,36
4288,1,2024-07-28 16:00:00+00:00,23.447,23.347,22.947,25.046999,24.497,25.197,24.095499,57,61,63,44,44,41,43
4289,1,2024-07-28 17:00:00+00:00,21.697,21.247,21.247,22.697,22.347,23.046999,22.7455,67,69,73,58,52,50,50
4290,1,2024-07-28 18:00:00+00:00,20.747,20.296999,19.796999,20.796999,20.447,21.097,21.595499,76,76,80,73,59,58,54
4291,1,2024-07-28 19:00:00+00:00,19.747,19.296999,19.197,19.697,18.897,19.397,20.9955,81,82,81,79,66,66,58
4292,1,2024-07-28 20:00:00+00:00,18.747,19.147,18.697,19.046999,17.597,17.847,20.6455,86,82,84,81,73,73,60
4293,1,2024-07-28 21:00:00+00:00,17.847,18.747,17.796999,18.397,16.697,16.647,20.2955,92,85,89,84,78,79,62
4294,1,2024-07-28 22:00:00+00:00,17.546999,18.097,16.697,17.597,16.497,16.047,19.7955,93,88,95,88,80,82,63
4295,1,2024-07-28 23:00:00+00:00,17.747,16.697,16.147,16.796999,16.697,15.847,19.2955,91,95,96,93,79,83,62
4296,1,2024-07-29 00:00:00+00:00,16.347,16.447,15.697,15.896999,17.247,16.947,16.7955,93,93,90,98,84,83,73
4297,1,2024-07-29 01:00:00+00:00,16.247,16.097,15.297,15.097,16.347,16.047,16.3955,91,93,85,96,86,87,73
4298,1,2024-07-29 02:00:00+00:00,15.947,15.797,14.597,14.347,15.497,15.097,16.1455,89,91,82,93,85,90,72
4299,1,2024-07-29 03:00:00+00:00,15.447,15.997,14.297,14.347,15.396999,15.047,16.4955,87,86,84,88,83,89,69
4300,1,2024-07-29 04:00:00+00:00,14.896999,15.697,14.047,15.497,16.497,16.347,17.6955,87,84,87,82,78,83,64
4301,1,2024-07-29 05:00:00+00:00,16.546999,17.197,15.947,17.397,18.347,18.447,19.5455,82,80,82,75,70,73,57
4302,1,2024-07-29 06:00:00+00:00,19.647,20.546999,19.847,19.647,20.347,20.697,21.595499,70,69,66,69,62,63,50
4303,1,2024-07-29 07:00:00+00:00,22.147,22.947,22.796999,22.046999,22.546999,23.097,24.2455,62,59,56,60,54,54,43
4304,1,2024-07-29 08:00:00+00:00,24.046999,24.947,25.197,24.647,24.947,25.597,26.9955,54,50,48,50,46,45,36
4305,1,2024-07-29 09:00:00+00:00,25.347,26.397,26.897,26.647,26.897,27.546999,28.8955,48,41,41,42,40,38,31
4306,1,2024-07-29 10:00:00+00:00,26.296999,27.447,27.747,27.747,28.296999,28.697,29.2455,43,37,36,37,35,34,29
4307,1,2024-07-29 11:00:00+00:00,27.197,27.397,28.247,28.197,29.247,29.247,28.7455,41,37,33,34,32,31,28
4308,1,2024-07-29 12:00:00+00:00,27.296999,26.997,27.447,27.747,28.197,29.697,27.7955,39,42,37,36,33,29,28
4309,1,2024-07-29 13:00:00+00:00,25.997,27.097,27.296999,26.847,28.046999,29.497,26.7955,47,41,37,42,32,28,29
4310,1,2024-07-29 14:00:00+00:00,24.147,26.697,27.147,25.447,27.597,28.796999,25.3955,61,41,37,51,33,29,32
4311,1,2024-07-29 15:00:00+00:00,23.447,25.796999,26.546999,23.997,26.697,27.647,23.9955,62,42,37,60,36,33,37
4312,1,2024-07-29 16:00:00+00:00,21.796999,23.997,23.097,22.497,25.147,25.796999,22.595499,74,47,61,67,43,41,44
4313,1,2024-07-29 17:00:00+00:00,20.897,21.997,21.447,20.947,23.147,23.447,21.1455,80,61,68,75,52,52,53
4314,1,2024-07-29 18:00:00+00:00,19.046999,19.097,21.546999,19.747,21.447,21.447,17.9955,91,87,66,81,61,62,74
4315,1,2024-07-29 19:00:00+00:00,18.147,18.997,19.997,19.397,20.447,20.147,17.595499,94,87,72,83,68,70,78
4316,1,2024-07-29 20:00:00+00:00,18.147,18.897,19.197,19.497,19.697,19.197,17.7455,93,88,78,82,74,78,78
4317,1,2024-07-29 21:00:00+00:00,18.147,18.697,18.546999,19.447,18.897,18.347,17.8955,92,88,82,82,79,84,79
4318,1,2024-07-29 22:00:00+00:00,17.997,18.347,17.647,19.097,17.697,17.497,17.7455,93,90,87,84,82,88,80
4319,1,2024-07-29 23:00:00+00:00,17.997,18.197,16.697,18.697,16.397,16.747,17.5455,92,91,91,87,84,91,80
4320,1,2024-07-30 00:00:00+00:00,17.296999,17.597,17.847,17.947,17.546999,17.697,15.8955,95,86,85,89,90,90,79
4321,1,2024-07-30 01:00:00+00:00,16.997,17.347,17.796999,17.247,17.046999,17.046999,15.3455,95,87,81,87,90,88,81
4322,1,2024-07-30 02:00:00+00:00,16.697,17.296999,17.647,16.546999,16.546999,16.296999,14.7955,95,90,78,84,88,85,82
4323,1,2024-07-30 03:00:00+00:00,16.197,17.296999,16.847,16.347,16.647,16.197,15.0955,95,91,81,80,84,81,80
4324,1,2024-07-30 04:00:00+00:00,15.947,17.247,16.296999,16.847,17.497,17.147,16.6955,95,90,86,77,78,76,73
4325,1,2024-07-30 05:00:00+00:00,17.147,18.046999,17.747,17.847,18.947,18.796999,19.1455,92,86,81,74,70,70,62
4326,1,2024-07-30 06:00:00+00:00,19.647,19.147,20.347,19.597,20.546999,20.597,21.6955,82,84,69,70,62,63,53
4327,1,2024-07-30 07:00:00+00:00,22.046999,20.296999,22.447,21.897,22.546999,22.747,24.0455,73,79,59,61,54,55,46
4328,1,2024-07-30 08:00:00+00:00,23.747,21.397,24.747,24.447,24.747,25.147,26.4955,61,75,51,50,47,46,40
4329,1,2024-07-30 09:00:00+00:00,24.847,22.097,26.447,26.397,26.397,26.847,28.1955,55,72,44,42,41,40,35
4330,1,2024-07-30 10:00:00+00:00,25.597,22.497,26.847,27.296999,27.046999,27.497,28.7455,52,69,38,38,37,37,32
4331,1,2024-07-30 11:00:00+00:00,25.847,22.947,27.447,27.546999,27.147,27.497,28.5455,50,67,36,35,34,36,30
4332,1,2024-07-30 12:00:00+00:00,25.796999,24.697,27.747,28.097,27.347,29.597,29.595499,51,58,36,31,33,26,25
4333,1,2024-07-30 13:00:00+00:00,25.796999,24.296999,27.697,27.947,26.947,29.597,28.845499,46,61,35,31,36,25,27
4334,1,2024-07-30 14:00:00+00:00,25.697,23.296999,27.347,27.497,26.247,29.296999,27.595499,43,66,34,32,41,24,31
4335,1,2024-07-30 15:00:00+00:00,24.847,22.296999,25.947,26.597,25.247,28.296999,26.1955,46,70,40,34,45,26,36
4336,1,2024-07-30 16:00:00+00:00,22.997,20.597,23.546999,25.097,23.647,26.296999,24.6455,55,81,53,39,48,32,42
4337,1,2024-07-30 17:00:00+00:00,21.647,19.847,22.147,23.097,21.747,23.697,22.9455,64,87,54,45,50,40,49
4338,1,2024-07-30 18:00:00+00:00,19.347,19.847,20.697,20.546999,20.046999,21.197,19.2955,87,86,69,71,53,49,58
4339,1,2024-07-30 19:00:00+00:00,18.947,19.497,19.747,19.147,18.897,19.046999,18.4955,89,88,69,74,55,57,62
4340,1,2024-07-30 20:00:00+00:00,18.747,19.097,18.697,17.897,18.046999,16.997,18.095499,91,87,73,75,58,65,65
4341,1,2024-07-30 21:00:00+00:00,18.647,18.497,17.647,16.847,17.147,15.447,17.6955,92,89,77,76,61,72,67
4342,1,2024-07-30 22:00:00+00:00,18.747,17.847,16.847,15.997,16.097,14.547,17.2455,84,88,81,77,67,77,67
4343,1,2024-07-30 23:00:00+00:00,18.447,17.097,16.097,15.347,15.047,14.146999,16.845499,76,84,85,79,73,80,66
4344,1,2024-07-31 00:00:00+00:00,16.847,16.997,16.047,14.997,13.697,13.047,17.095499,80,80,82,74,78,80,64
4345,1,2024-07-31 01:00:00+00:00,16.097,16.347,15.497,14.097,12.896999,12.497,16.2455,81,82,84,77,81,83,67
4346,1,2024-07-31 02:00:00+00:00,15.497,16.047,15.197,13.247,12.347,12.047,15.2455,82,82,85,82,82,86,71
4347,1,2024-07-31 03:00:00+00:00,15.047,15.896999,14.797,13.297,12.597,12.396999,15.195499,83,81,87,83,81,86,72
4348,1,2024-07-31 04:00:00+00:00,14.847,15.847,14.396999,14.747,14.146999,13.847,16.5455,84,79,88,78,75,81,67
4349,1,2024-07-31 05:00:00+00:00,15.947,17.046999,15.747,17.097,16.597,15.997,18.7455,83,77,84,69,66,73,59
4350,1,2024-07-31 06:00:00+00:00,17.796999,18.747,18.897,19.447,19.147,18.296999,20.8955,75,65,74,58,58,65,52
4351,1,2024-07-31 07:00:00+00:00,19.647,20.747,20.796999,22.046999,21.847,20.647,23.4955,65,54,66,50,50,57,45
4352,1,2024-07-31 08:00:00+00:00,21.447,22.647,22.497,24.847,24.747,23.147,26.3955,57,50,62,41,43,49,37
4353,1,2024-07-31 09:00:00+00:00,23.747,24.397,23.997,26.997,26.997,25.097,28.4955,52,48,58,35,37,42,31
4354,1,2024-07-31 10:00:00+00:00,25.597,26.097,25.097,28.296999,28.397,26.397,29.3955,46,45,53,31,32,37,27
4355,1,2024-07-31 11:00:00+00:00,26.546999,27.497,25.796999,28.997,29.197,27.197,29.5455,39,37,48,29,29,34,25
4356,1,2024-07-31 12:00:00+00:00,28.197,28.296999,27.447,28.897,28.497,28.847,29.7955,32,31,38,28,29,28,24
4357,1,2024-07-31 13:00:00+00:00,28.147,28.597,27.296999,28.997,28.497,28.947,27.9455,32,26,37,26,28,26,29
4358,1,2024-07-31 14:00:00+00:00,27.546999,28.296999,26.747,28.747,28.197,28.647,25.1455,30,23,36,24,28,26,37
4359,1,2024-07-31 15:00:00+00:00,26.697,27.296999,25.647,27.747,27.296999,27.546999,22.9955,33,25,41,26,30,28,43
4360,1,2024-07-31 16:00:00+00:00,23.647,23.347,23.296999,25.447,25.296999,25.147,22.2455,44,38,56,33,36,36,45
4361,1,2024-07-31 17:00:00+00:00,21.397,20.447,21.296999,22.397,22.697,22.046999,22.095499,48,46,59,43,44,46,44
4362,1,2024-07-31 18:00:00+00:00,19.347,19.097,19.347,19.597,20.497,19.497,21.3955,58,57,57,57,51,54,58
4363,1,2024-07-31 19:00:00+00:00,17.997,18.347,18.647,18.247,19.296999,18.197,20.7955,64,64,63,63,54,56,58
4364,1,2024-07-31 20:00:00+00:00,17.447,17.796999,18.147,17.347,18.546999,17.546999,20.1955,63,64,65,68,56,56,56
4365,1,2024-07-31 21:00:00+00:00,17.296999,17.147,17.447,16.497,17.697,16.796999,19.595499,57,65,66,73,59,57,56
4366,1,2024-07-31 22:00:00+00:00,16.247,16.296999,16.147,15.497,16.546999,15.747,18.8955,63,70,72,78,63,60,59
4367,1,2024-07-31 23:00:00+00:00,15.047,15.547,14.896999,14.497,15.347,14.646999,18.1455,72,73,78,83,68,64,62
4368,1,2024-08-01 00:00:00+00:00,14.697,14.247,14.347,13.797,13.797,14.347,17.9955,78,81,79,85,76,71,66
4369,1,2024-08-01 01:00:00+00:00,13.747,13.447,13.597,12.997,12.797,13.297,17.1455,83,85,83,88,78,75,69
4370,1,2024-08-01 02:00:00+00:00,13.097,12.947,13.097,12.297,11.997,12.396999,16.1455,85,87,84,89,79,78,72
4371,1,2024-08-01 03:00:00+00:00,12.646999,12.697,12.497,12.447,12.047,12.396999,15.8955,86,87,85,87,78,78,73
4372,1,2024-08-01 04:00:00+00:00,12.247,12.547,12.146999,13.797,13.597,13.797,16.9455,87,87,86,80,72,73,68
4373,1,2024-08-01 05:00:00+00:00,13.896999,14.197,14.247,15.947,16.047,16.097,18.7955,83,83,79,71,64,65,60
4374,1,2024-08-01 06:00:00+00:00,18.046999,18.046999,17.897,17.747,18.597,18.546999,20.9955,65,64,65,70,56,57,51
4375,1,2024-08-01 07:00:00+00:00,20.546999,20.447,20.497,19.847,21.247,21.097,23.6455,55,56,56,63,48,50,43
4376,1,2024-08-01 08:00:00+00:00,22.997,22.847,22.897,22.197,24.046999,23.747,26.4955,49,51,49,56,41,43,35
4377,1,2024-08-01 09:00:00+00:00,25.097,24.796999,24.847,24.046999,26.197,25.847,28.6955,44,45,45,50,35,37,28
4378,1,2024-08-01 10:00:00+00:00,26.497,25.947,26.247,25.147,27.546999,27.147,29.9455,38,39,39,44,31,33,24
4379,1,2024-08-01 11:00:00+00:00,26.796999,26.447,26.947,25.796999,28.296999,27.897,30.4955,34,34,35,38,28,30,21
4380,1,2024-08-01 12:00:00+00:00,27.197,27.296999,27.647,26.647,27.997,27.747,30.8955,34,32,30,35,27,30,18
4381,1,2024-08-01 13:00:00+00:00,26.997,27.197,27.197,26.647,27.897,27.097,29.845499,35,32,30,34,26,31,20
4382,1,2024-08-01 14:00:00+00:00,26.747,26.796999,26.847,26.296999,27.397,25.947,28.0455,36,33,30,35,27,33,25
4383,1,2024-08-01 15:00:00+00:00,26.097,25.997,26.097,25.447,26.296999,24.447,25.9955,38,34,29,38,30,37,30
4384,1,2024-08-01 16:00:00+00:00,23.597,23.847,24.046999,23.897,24.147,22.497,23.5455,49,46,39,44,36,42,36
4385,1,2024-08-01 17:00:00+00:00,21.447,21.997,21.697,21.947,21.347,20.247,20.845499,52,52,51,51,44,49,43
4386,1,2024-08-01 18:00:00+00:00,20.546999,20.347,20.347,20.247,18.997,18.397,18.595499,51,47,57,53,51,54,47
4387,1,2024-08-01 19:00:00+00:00,19.647,19.247,19.046999,18.947,17.597,17.197,17.3955,52,50,52,58,56,57,50
4388,1,2024-08-01 20:00:00+00:00,18.347,17.947,17.796999,17.947,16.597,16.397,16.595499,60,56,56,62,61,59,54
4389,1,2024-08-01 21:00:00+00:00,17.046999,16.147,17.046999,16.997,15.747,15.797,15.8955,70,66,63,66,65,61,57
4390,1,2024-08-01 22:00:00+00:00,16.697,15.896999,15.997,15.896999,14.947,15.547,15.195499,70,68,71,72,67,65,61
4391,1,2024-08-01 23:00:00+00:00,15.247,14.047,15.097,14.847,14.247,15.497,14.5955,78,76,76,77,68,70,65
4392,1,2024-08-02 00:00:00+00:00,14.547,14.047,14.447,13.396999,12.297,12.646999,13.695499,81,82,77,81,84,77,59
4393,1,2024-08-02 01:00:00+00:00,14.146999,13.597,13.697,12.547,11.497,11.646999,13.0955,80,82,83,85,86,84,62
4394,1,2024-08-02 02:00:00+00:00,13.396999,13.247,12.947,11.847,10.947,10.797,12.6455,78,79,89,88,86,91,65
4395,1,2024-08-02 03:00:00+00:00,13.447,12.947,12.347,11.997,11.197,10.896999,12.8955,72,80,94,88,85,93,66
4396,1,2024-08-02 04:00:00+00:00,13.447,12.646999,12.197,13.396999,12.747,12.646999,14.2455,73,85,94,84,82,87,65
4397,1,2024-08-02 05:00:00+00:00,15.047,14.547,14.197,15.597,15.097,15.447,16.345499,74,83,88,77,76,77,61
4398,1,2024-08-02 06:00:00+00:00,18.046999,18.147,18.147,17.796999,17.647,18.247,19.2955,62,69,71,71,70,67,53
4399,1,2024-08-02 07:00:00+00:00,20.347,20.397,20.546999,20.247,20.347,21.046999,22.595499,56,61,61,63,62,58,44
4400,1,2024-08-02 08:00:00+00:00,22.747,22.546999,22.847,22.747,23.197,23.897,26.2455,52,55,55,54,53,48,34
4401,1,2024-08-02 09:00:00+00:00,24.847,24.546999,24.796999,24.647,25.397,26.097,28.8955,44,47,47,47,45,41,27
4402,1,2024-08-02 10:00:00+00:00,26.197,26.046999,26.197,25.546999,26.647,27.247,29.7955,40,41,42,43,40,37,23
4403,1,2024-08-02 11:00:00+00:00,26.296999,26.546999,26.796999,25.847,27.247,27.697,29.6455,39,38,38,41,36,35,22
4404,1,2024-08-02 12:00:00+00:00,25.997,25.647,26.897,26.147,25.796999,27.647,28.8955,39,40,36,38,42,32,22
4405,1,2024-08-02 13:00:00+00:00,26.147,25.947,26.897,26.397,26.046999,27.796999,28.2955,38,40,36,37,42,31,22
4406,1,2024-08-02 14:00:00+00:00,25.947,25.897,26.546999,26.497,26.097,27.647,27.345499,37,40,36,36,42,31,24
4407,1,2024-08-02 15:00:00+00:00,25.347,25.147,25.647,25.947,25.546999,26.847,25.9955,38,41,37,38,44,33,28
4408,1,2024-08-02 16:00:00+00:00,22.947,23.347,23.897,24.347,23.947,24.947,23.9455,47,48,47,44,48,39,36
4409,1,2024-08-02 17:00:00+00:00,21.497,21.847,21.847,22.147,21.747,22.447,21.4955,54,55,53,52,53,48,46
4410,1,2024-08-02 18:00:00+00:00,19.947,20.447,20.147,20.147,19.897,20.247,21.4955,62,59,61,59,58,55,49
4411,1,2024-08-02 19:00:00+00:00,19.197,19.747,19.296999,19.097,18.847,18.747,19.9955,64,63,63,64,63,60,55
4412,1,2024-08-02 20:00:00+00:00,18.497,18.847,17.947,18.296999,18.147,17.597,18.595499,67,67,70,69,67,63,60
4413,1,2024-08-02 21:00:00+00:00,17.747,18.097,16.647,17.546999,17.497,16.597,17.4955,70,70,76,73,71,66,64
4414,1,2024-08-02 22:00:00+00:00,17.147,17.347,15.197,16.647,16.697,15.797,16.8955,72,73,82,77,74,70,65
4415,1,2024-08-02 23:00:00+00:00,16.296999,16.647,14.347,15.697,15.947,15.146999,16.6455,76,74,84,81,77,73,64
4416,1,2024-08-03 00:00:00+00:00,14.896999,15.097,16.247,15.197,15.747,15.197,16.8955,82,81,77,79,76,77,48
4417,1,2024-08-03 01:00:00+00:00,14.097,14.747,15.247,14.247,14.797,14.247,15.8455,85,82,81,83,79,80,51
4418,1,2024-08-03 02:00:00+00:00,13.847,14.197,14.146999,13.347,13.797,13.347,14.945499,85,84,85,86,83,83,55
4419,1,2024-08-03 03:00:00+00:00,13.396999,13.547,13.497,13.297,13.697,13.297,14.8955,86,86,86,86,83,83,56
4420,1,2024-08-03 04:00:00+00:00,12.997,13.146999,13.247,14.597,14.947,14.497,15.9955,86,87,85,81,77,78,54
4421,1,2024-08-03 05:00:00+00:00,14.797,15.197,15.247,16.697,17.097,16.497,17.845499,80,80,79,72,68,70,49
4422,1,2024-08-03 06:00:00+00:00,19.046999,19.147,18.597,18.897,19.347,18.747,19.6955,62,58,66,64,59,62,46
4423,1,2024-08-03 07:00:00+00:00,21.296999,21.296999,21.296999,21.296999,21.796999,21.347,22.845499,55,53,55,56,52,55,39
4424,1,2024-08-03 08:00:00+00:00,23.647,23.747,23.597,23.796999,24.347,24.147,26.3955,51,49,49,49,46,48,32
4425,1,2024-08-03 09:00:00+00:00,25.597,25.597,25.347,25.796999,26.347,26.347,28.9955,46,45,44,43,41,42,27
4426,1,2024-08-03 10:00:00+00:00,26.546999,26.897,26.097,27.046999,27.397,27.497,29.8955,41,41,40,39,38,38,24
4427,1,2024-08-03 11:00:00+00:00,27.046999,27.546999,27.147,27.796999,27.897,27.997,29.7955,40,36,37,36,36,36,23
4428,1,2024-08-03 12:00:00+00:00,27.347,28.347,28.197,28.497,28.397,27.497,29.3955,39,33,34,33,33,38,23
4429,1,2024-08-03 13:00:00+00:00,27.296999,28.296999,28.197,28.497,28.497,27.097,28.5455,39,33,33,32,32,39,25
4430,1,2024-08-03 14:00:00+00:00,26.847,28.046999,27.897,28.147,28.247,26.197,27.095499,38,32,33,32,31,41,30
4431,1,2024-08-03 15:00:00+00:00,23.997,26.697,27.197,27.247,27.447,25.147,25.4955,52,35,33,34,33,43,34
4432,1,2024-08-03 16:00:00+00:00,22.546999,23.897,24.247,25.546999,25.747,23.796999,23.6455,57,46,43,38,38,46,39
4433,1,2024-08-03 17:00:00+00:00,21.197,22.247,22.197,23.296999,23.497,22.247,21.595499,60,50,47,45,45,49,44
4434,1,2024-08-03 18:00:00+00:00,19.546999,20.747,20.847,21.147,21.647,20.947,20.7955,65,54,52,52,51,52,45
4435,1,2024-08-03 19:00:00+00:00,18.697,19.997,19.747,19.997,20.796999,20.147,19.3955,69,55,56,57,54,53,48
4436,1,2024-08-03 20:00:00+00:00,18.497,19.147,18.897,19.247,20.347,19.597,17.9455,71,58,60,60,56,54,53
4437,1,2024-08-03 21:00:00+00:00,18.097,18.247,18.197,18.546999,19.697,18.947,16.6955,72,63,64,64,58,56,56
4438,1,2024-08-03 22:00:00+00:00,16.997,17.397,17.647,17.697,18.546999,18.147,15.8955,77,67,67,68,62,60,58
4439,1,2024-08-03 23:00:00+00:00,16.047,16.347,16.947,16.847,17.197,17.247,15.3455,81,72,71,71,67,65,59
4440,1,2024-08-04 00:00:00+00:00,14.747,15.197,16.147,16.447,15.646999,16.147,16.1955,86,78,75,72,68,71,62
4441,1,2024-08-04 01:00:00+00:00,14.197,14.447,15.497,15.447,14.747,15.047,15.3955,87,81,77,76,71,77,64
4442,1,2024-08-04 02:00:00+00:00,13.797,13.896999,14.847,14.547,14.047,13.997,14.695499,88,83,79,79,74,82,66
4443,1,2024-08-04 03:00:00+00:00,13.396999,13.447,14.396999,14.396999,14.047,13.896999,14.7955,89,84,80,80,75,83,66
4444,1,2024-08-04 04:00:00+00:00,13.396999,13.097,13.997,15.447,15.146999,15.197,16.1455,88,85,82,76,73,78,61
4445,1,2024-08-04 05:00:00+00:00,15.497,15.146999,16.047,17.296999,16.947,17.347,18.345499,80,79,76,68,68,70,54
4446,1,2024-08-04 06:00:00+00:00,18.796999,18.747,18.947,19.147,18.947,19.647,20.3955,66,64,61,62,63,62,53
4447,1,2024-08-04 07:00:00+00:00,21.046999,21.046999,21.397,21.546999,21.296999,22.046999,23.1955,58,57,55,55,56,55,45
4448,1,2024-08-04 08:00:00+00:00,23.347,23.497,23.997,24.147,23.796999,24.597,26.1955,53,52,49,49,48,47,37
4449,1,2024-08-04 09:00:00+00:00,25.296999,25.597,26.147,26.247,25.847,26.597,28.4955,46,46,43,43,42,41,31
4450,1,2024-08-04 10:00:00+00:00,26.296999,27.046999,27.546999,27.497,27.046999,27.747,29.6455,41,40,39,38,39,37,27
4451,1,2024-08-04 11:00:00+00:00,27.046999,27.847,28.097,28.197,27.697,28.397,30.0455,37,36,34,34,37,34,26
4452,1,2024-08-04 12:00:00+00:00,27.296999,27.647,28.296999,28.747,28.597,28.347,30.3955,35,36,31,30,32,32,22
4453,1,2024-08-04 13:00:00+00:00,27.296999,27.697,28.247,28.747,28.546999,28.447,28.6955,34,35,31,28,31,31,28
4454,1,2024-08-04 14:00:00+00:00,27.197,27.546999,27.897,28.296999,28.147,28.197,26.1455,34,34,31,28,31,31,36
4455,1,2024-08-04 15:00:00+00:00,26.546999,26.697,27.046999,27.397,27.347,27.347,24.095499,33,34,32,30,33,33,43
4456,1,2024-08-04 16:00:00+00:00,24.247,24.447,25.147,25.697,25.847,25.497,23.0455,40,39,38,36,37,39,44
4457,1,2024-08-04 17:00:00+00:00,21.947,21.997,23.097,23.497,23.847,23.046999,22.4955,51,46,46,45,43,46,44
4458,1,2024-08-04 18:00:00+00:00,20.046999,20.296999,20.597,21.546999,22.197,20.997,19.595499,59,53,51,49,49,53,60
4459,1,2024-08-04 19:00:00+00:00,18.847,18.847,19.397,20.147,21.147,19.796999,19.5455,59,57,49,53,54,58,60
4460,1,2024-08-04 20:00:00+00:00,17.796999,17.796999,18.546999,19.046999,20.397,19.046999,20.095499,62,58,52,57,59,62,57
4461,1,2024-08-04 21:00:00+00:00,16.697,16.647,16.847,18.147,19.647,18.347,20.3955,67,63,60,60,63,66,56
4462,1,2024-08-04 22:00:00+00:00,16.296999,15.547,15.646999,17.447,18.796999,17.597,20.095499,68,68,65,63,66,70,57
4463,1,2024-08-04 23:00:00+00:00,14.947,14.197,14.247,16.997,17.947,16.947,19.5455,73,75,73,67,69,74,59
4464,1,2024-08-05 00:00:00+00:00,15.447,12.997,13.396999,16.097,18.147,16.497,19.6955,79,84,84,73,73,71,60
4465,1,2024-08-05 01:00:00+00:00,15.097,12.797,12.747,14.896999,17.147,15.347,18.4455,78,84,87,78,75,77,64
4466,1,2024-08-05 02:00:00+00:00,14.597,12.547,12.146999,13.697,16.047,14.297,16.8955,78,85,88,84,77,83,71
4467,1,2024-08-05 03:00:00+00:00,13.747,12.197,11.646999,13.447,15.747,14.146999,16.2955,81,87,89,85,77,86,73
4468,1,2024-08-05 04:00:00+00:00,12.997,11.947,11.396999,14.747,16.597,15.297,17.1955,85,88,89,80,72,82,69
4469,1,2024-08-05 05:00:00+00:00,14.797,13.947,13.497,17.046999,18.247,17.296999,19.0455,81,83,83,70,65,74,61
4470,1,2024-08-05 06:00:00+00:00,18.296999,18.097,18.147,18.947,20.097,19.447,21.1455,65,65,64,62,58,66,52
4471,1,2024-08-05 07:00:00+00:00,21.046999,21.046999,20.947,21.447,22.347,21.796999,23.9455,56,55,54,53,51,57,44
4472,1,2024-08-05 08:00:00+00:00,23.546999,23.747,23.497,23.947,24.847,24.347,27.095499,48,46,46,45,44,47,36
4473,1,2024-08-05 09:00:00+00:00,25.296999,25.597,25.397,25.947,26.796999,26.397,29.2955,39,39,41,39,38,39,30
4474,1,2024-08-05 10:00:00+00:00,26.546999,26.847,26.647,27.197,27.747,27.747,30.095499,34,35,36,35,34,35,26
4475,1,2024-08-05 11:00:00+00:00,27.347,27.497,27.647,27.897,28.147,28.597,30.0455,32,32,33,32,32,32,24
4476,1,2024-08-05 12:00:00+00:00,27.947,27.447,27.947,27.847,28.796999,28.947,28.595499,31,33,31,32,29,31,28
4477,1,2024-08-05 13:00:00+00:00,27.546999,27.397,27.847,27.847,28.697,28.796999,27.5455,32,34,30,31,28,30,29
4478,1,2024-08-05 14:00:00+00:00,27.097,27.147,27.546999,27.497,28.147,28.147,26.0455,32,33,29,31,28,30,32
4479,1,2024-08-05 15:00:00+00:00,26.296999,26.447,26.697,26.597,27.197,27.147,24.4955,33,33,29,33,31,32,36
4480,1,2024-08-05 16:00:00+00:00,23.796999,23.997,23.747,24.847,25.546999,25.546999,22.7955,40,40,39,39,40,36,44
4481,1,2024-08-05 17:00:00+00:00,21.997,22.247,21.747,22.597,23.447,23.546999,21.0455,46,46,47,48,53,42,54
4482,1,2024-08-05 18:00:00+00:00,21.147,21.397,19.747,19.947,21.647,21.847,20.9955,50,49,55,53,64,48,56
4483,1,2024-08-05 19:00:00+00:00,19.947,20.046999,19.197,18.947,20.497,20.847,20.0455,61,61,59,59,72,54,62
4484,1,2024-08-05 20:00:00+00:00,19.796999,19.397,18.697,18.546999,19.597,20.197,19.1455,62,67,63,63,77,59,67
4485,1,2024-08-05 21:00:00+00:00,19.147,18.397,18.397,18.097,18.897,19.497,18.3955,65,76,67,67,82,64,71
4486,1,2024-08-05 22:00:00+00:00,18.147,17.546999,17.347,17.397,18.347,18.597,17.9455,74,83,74,72,85,67,72
4487,1,2024-08-05 23:00:00+00:00,17.046999,16.597,16.097,16.697,17.897,17.697,17.7455,81,87,80,77,87,69,70
4488,1,2024-08-06 00:00:00+00:00,14.247,15.297,15.197,14.697,16.796999,17.647,17.095499,91,92,84,84,90,90,71
4489,1,2024-08-06 01:00:00+00:00,13.697,14.347,14.747,13.646999,15.997,17.097,16.1955,92,95,85,87,92,90,73
4490,1,2024-08-06 02:00:00+00:00,13.197,14.197,14.047,12.747,15.197,16.597,15.4955,92,94,86,89,94,89,75
4491,1,2024-08-06 03:00:00+00:00,12.646999,14.047,13.347,12.747,15.197,16.647,15.5955,93,93,86,87,92,86,74
4492,1,2024-08-06 04:00:00+00:00,12.197,13.697,13.146999,14.297,16.397,17.447,17.0455,93,92,86,80,85,81,68
4493,1,2024-08-06 05:00:00+00:00,14.547,15.697,15.447,16.796999,18.296999,18.796999,19.345499,84,84,78,69,74,73,59
4494,1,2024-08-06 06:00:00+00:00,19.397,19.296999,19.497,19.347,20.397,20.296999,21.845499,64,68,63,58,63,66,53
4495,1,2024-08-06 07:00:00+00:00,22.296999,22.296999,22.347,21.796999,22.647,22.097,24.345499,52,54,54,49,53,59,46
4496,1,2024-08-06 08:00:00+00:00,24.546999,24.597,24.647,24.296999,24.997,24.046999,26.9955,42,42,45,41,43,51,39
4497,1,2024-08-06 09:00:00+00:00,26.147,26.147,26.197,26.247,26.947,25.597,28.9955,34,34,37,35,36,46,33
4498,1,2024-08-06 10:00:00+00:00,27.296999,27.347,27.497,27.447,28.247,26.647,30.2955,31,30,32,31,32,43,27
4499,1,2024-08-06 11:00:00+00:00,27.897,28.097,28.296999,28.097,29.046999,27.247,30.9955,30,28,30,28,30,41,23
4500,1,2024-08-06 12:00:00+00:00,27.747,28.447,28.397,28.546999,28.296999,28.847,30.095499,30,29,30,28,30,31,24
4501,1,2024-08-06 13:00:00+00:00,27.447,27.997,28.046999,28.296999,28.296999,28.847,29.3955,29,28,30,27,29,29,25
4502,1,2024-08-06 14:00:00+00:00,26.897,27.397,27.447,27.546999,27.947,28.397,28.0455,28,28,29,27,29,29,30
4503,1,2024-08-06 15:00:00+00:00,26.347,26.597,26.597,26.397,26.997,27.447,26.2955,29,30,31,29,32,32,36
4504,1,2024-08-06 16:00:00+00:00,24.546999,24.647,24.796999,24.697,25.097,25.647,23.8955,36,36,37,34,40,40,47
4505,1,2024-08-06 17:00:00+00:00,23.397,23.147,23.397,22.597,22.697,23.247,21.1455,41,39,41,41,52,52,61
4506,1,2024-08-06 18:00:00+00:00,21.747,21.397,20.947,20.546999,20.697,21.296999,19.2955,51,57,57,50,62,63,69
4507,1,2024-08-06 19:00:00+00:00,20.497,19.997,19.697,19.397,19.597,20.046999,18.9455,62,61,64,59,70,72,71
4508,1,2024-08-06 20:00:00+00:00,19.046999,18.847,18.796999,18.597,18.997,19.197,18.7955,69,69,69,68,77,80,71
4509,1,2024-08-06 21:00:00+00:00,16.796999,17.197,17.347,17.747,18.347,18.546999,18.595499,81,78,76,75,82,85,70
4510,1,2024-08-06 22:00:00+00:00,15.697,16.447,16.347,16.647,17.546999,18.197,18.1955,84,80,79,78,84,87,67
4511,1,2024-08-06 23:00:00+00:00,15.597,16.796999,16.047,15.547,16.796999,18.097,17.7455,78,71,75,78,84,86,62
4512,1,2024-08-07 00:00:00+00:00,15.597,16.247,15.497,16.397,13.697,17.197,17.6955,75,72,75,72,82,74,48
4513,1,2024-08-07 01:00:00+00:00,14.847,15.297,14.797,15.447,12.797,16.296999,16.4455,76,75,76,73,84,75,50
4514,1,2024-08-07 02:00:00+00:00,14.197,14.547,14.347,14.396999,12.146999,15.297,15.1455,77,77,76,74,84,78,53
4515,1,2024-08-07 03:00:00+00:00,13.697,14.146999,13.896999,14.197,12.396999,15.047,14.7955,77,79,78,74,82,78,54
4516,1,2024-08-07 04:00:00+00:00,13.447,13.847,13.646999,15.297,14.097,16.147,16.0455,77,80,80,71,76,73,51
4517,1,2024-08-07 05:00:00+00:00,15.646999,16.097,15.896999,17.247,16.747,17.997,18.2955,73,75,75,66,67,65,45
4518,1,2024-08-07 06:00:00+00:00,19.546999,19.597,19.497,19.447,19.347,19.997,20.595499,59,60,58,58,59,58,44
4519,1,2024-08-07 07:00:00+00:00,22.046999,22.197,21.897,21.697,21.796999,22.097,23.8955,51,52,53,52,52,51,37
4520,1,2024-08-07 08:00:00+00:00,24.046999,24.697,24.347,24.247,24.296999,24.347,27.595499,46,46,48,46,46,44,30
4521,1,2024-08-07 09:00:00+00:00,25.796999,26.647,26.296999,26.296999,26.247,26.197,30.1955,43,41,43,41,41,39,25
4522,1,2024-08-07 10:00:00+00:00,26.997,27.697,27.497,27.597,27.497,27.497,31.095499,39,35,37,37,36,35,22
4523,1,2024-08-07 11:00:00+00:00,27.796999,27.497,27.997,28.397,28.197,28.347,30.9455,36,35,34,33,33,33,21
4524,1,2024-08-07 12:00:00+00:00,27.647,29.147,28.397,28.397,28.697,28.397,29.6955,36,30,32,32,30,29,22
4525,1,2024-08-07 13:00:00+00:00,27.697,28.997,28.347,28.497,28.647,28.447,28.1955,35,29,31,30,28,27,26
4526,1,2024-08-07 14:00:00+00:00,27.097,28.546999,28.046999,28.247,28.197,28.097,26.0455,37,30,31,30,28,27,31
4527,1,2024-08-07 15:00:00+00:00,26.347,27.247,27.497,27.447,27.197,27.247,24.1955,38,32,31,32,30,29,36
4528,1,2024-08-07 16:00:00+00:00,23.847,24.097,23.897,25.647,25.197,25.497,23.0455,46,44,47,38,36,35,38
4529,1,2024-08-07 17:00:00+00:00,22.397,22.647,21.847,23.197,22.647,23.247,22.1955,49,47,52,48,45,44,40
4530,1,2024-08-07 18:00:00+00:00,20.997,21.147,21.046999,21.097,20.546999,21.296999,19.595499,55,54,55,51,53,52,43
4531,1,2024-08-07 19:00:00+00:00,20.046999,20.697,20.447,19.947,19.347,20.046999,18.595499,60,57,58,56,57,58,46
4532,1,2024-08-07 20:00:00+00:00,19.497,20.046999,19.546999,19.197,18.546999,19.097,17.9455,60,58,62,59,60,62,48
4533,1,2024-08-07 21:00:00+00:00,18.747,18.796999,18.497,18.497,17.796999,18.247,17.3955,63,63,65,63,63,66,50
4534,1,2024-08-07 22:00:00+00:00,17.597,17.997,17.747,17.697,16.897,17.397,16.8955,69,66,66,67,67,70,52
4535,1,2024-08-07 23:00:00+00:00,17.147,16.897,16.947,16.897,15.997,16.697,16.4955,70,71,70,71,72,73,54
4536,1,2024-08-08 00:00:00+00:00,16.647,16.247,16.097,16.047,15.447,14.797,18.1955,70,71,75,73,77,77,51
4537,1,2024-08-08 01:00:00+00:00,15.697,15.497,15.597,15.547,14.697,13.997,16.8955,74,74,77,75,81,79,56
4538,1,2024-08-08 02:00:00+00:00,14.947,14.847,15.497,15.197,14.047,13.347,15.445499,78,78,78,76,85,81,61
4539,1,2024-08-08 03:00:00+00:00,14.497,14.396999,15.497,15.396999,14.146999,13.547,14.9955,81,82,78,75,85,79,63
4540,1,2024-08-08 04:00:00+00:00,14.197,14.197,15.497,16.296999,15.297,14.947,15.945499,84,84,80,72,79,74,60
4541,1,2024-08-08 05:00:00+00:00,16.247,16.497,17.046999,17.747,17.147,17.147,17.8955,80,78,77,66,70,66,53
4542,1,2024-08-08 06:00:00+00:00,19.747,19.546999,19.897,19.747,19.147,19.397,20.1955,65,67,66,62,62,58,45
4543,1,2024-08-08 07:00:00+00:00,22.447,22.097,21.897,21.497,21.347,21.647,23.3955,55,58,58,57,55,52,37
4544,1,2024-08-08 08:00:00+00:00,24.847,24.697,23.747,23.497,23.647,23.947,26.9455,48,51,52,50,49,46,29
4545,1,2024-08-08 09:00:00+00:00,26.447,26.097,25.296999,25.147,25.497,25.697,29.6955,43,45,46,45,44,41,23
4546,1,2024-08-08 10:00:00+00:00,27.097,27.147,26.647,26.347,26.597,26.697,31.1455,40,40,41,41,40,38,19
4547,1,2024-08-08 11:00:00+00:00,27.447,28.147,27.447,27.296999,27.197,27.147,31.6955,38,37,37,38,38,35,18
4548,1,2024-08-08 12:00:00+00:00,28.046999,28.197,28.647,28.046999,27.897,27.647,30.7955,36,35,34,34,35,35,20
4549,1,2024-08-08 13:00:00+00:00,28.247,28.097,28.647,28.147,27.997,27.796999,28.7955,35,36,33,33,34,34,25
4550,1,2024-08-08 14:00:00+00:00,27.897,27.897,28.397,27.847,27.697,27.647,25.7955,35,35,32,33,34,33,34
4551,1,2024-08-08 15:00:00+00:00,27.247,27.197,27.647,27.046999,26.897,26.847,23.4955,35,35,33,36,36,35,40
4552,1,2024-08-08 16:00:00+00:00,24.046999,24.247,25.097,25.296999,25.197,24.997,22.6455,49,47,39,43,42,40,42
4553,1,2024-08-08 17:00:00+00:00,22.197,21.247,22.497,23.046999,22.897,22.497,22.4455,57,64,52,52,51,48,42
4554,1,2024-08-08 18:00:00+00:00,20.046999,21.046999,21.247,20.796999,21.046999,20.397,21.7955,78,61,60,59,58,55,44
4555,1,2024-08-08 19:00:00+00:00,19.847,20.097,20.546999,19.697,19.947,19.097,21.4955,78,65,63,63,62,60,45
4556,1,2024-08-08 20:00:00+00:00,19.697,19.197,19.497,19.097,19.247,18.197,21.1955,76,70,66,64,65,64,46
4557,1,2024-08-08 21:00:00+00:00,19.046999,18.397,18.447,18.447,18.697,17.397,20.595499,75,74,70,67,67,68,48
4558,1,2024-08-08 22:00:00+00:00,18.147,17.447,17.546999,17.697,18.247,16.546999,19.3955,77,78,74,71,70,73,53
4559,1,2024-08-08 23:00:00+00:00,17.397,16.546999,16.997,16.947,17.897,15.797,17.8955,80,82,77,76,72,78,60
4560,1,2024-08-09 00:00:00+00:00,15.997,16.296999,16.247,16.197,15.447,16.947,16.4955,83,77,81,80,79,76,64
4561,1,2024-08-09 01:00:00+00:00,15.646999,15.597,15.747,15.747,15.297,16.647,15.445499,84,80,83,82,80,77,69
4562,1,2024-08-09 02:00:00+00:00,15.597,15.447,15.297,15.497,15.547,16.497,14.6455,84,80,85,84,79,76,74
4563,1,2024-08-09 03:00:00+00:00,15.547,15.547,15.347,15.747,16.097,16.747,14.6455,82,80,84,83,77,74,75
4564,1,2024-08-09 04:00:00+00:00,15.646999,15.997,15.797,16.796999,17.097,17.647,15.8955,81,77,82,78,74,70,70
4565,1,2024-08-09 05:00:00+00:00,17.397,17.397,17.597,18.397,18.397,18.997,17.9955,75,73,75,71,69,65,61
4566,1,2024-08-09 06:00:00+00:00,19.947,19.647,20.147,20.147,19.897,20.347,20.4955,65,63,65,63,64,60,53
4567,1,2024-08-09 07:00:00+00:00,22.197,21.747,22.197,21.997,21.597,21.697,23.7955,58,57,58,57,58,56,43
4568,1,2024-08-09 08:00:00+00:00,24.497,24.046999,24.497,23.947,23.447,23.046999,27.3955,52,51,51,50,52,52,33
4569,1,2024-08-09 09:00:00+00:00,25.697,25.847,26.046999,25.597,24.947,24.097,29.9955,45,45,44,45,47,49,26
4570,1,2024-08-09 10:00:00+00:00,26.647,27.046999,27.296999,26.697,26.046999,24.747,31.095499,41,40,39,41,43,46,22
4571,1,2024-08-09 11:00:00+00:00,27.447,27.947,28.046999,27.447,26.796999,25.147,31.2455,39,37,37,38,40,45,21
4572,1,2024-08-09 12:00:00+00:00,27.947,27.397,28.597,28.347,28.147,26.796999,31.4955,38,41,37,34,34,37,22
4573,1,2024-08-09 13:00:00+00:00,27.847,27.447,28.247,28.447,28.147,26.097,30.1955,37,40,36,32,33,41,25
4574,1,2024-08-09 14:00:00+00:00,27.497,26.847,27.897,28.147,27.747,25.097,27.9955,37,40,36,31,33,47,31
4575,1,2024-08-09 15:00:00+00:00,26.796999,24.447,26.997,27.296999,26.897,23.997,25.7955,38,49,36,33,35,52,38
4576,1,2024-08-09 16:00:00+00:00,24.247,20.497,22.197,25.597,25.397,22.897,23.6455,50,75,63,39,41,56,47
4577,1,2024-08-09 17:00:00+00:00,20.647,19.747,19.647,23.397,23.447,21.796999,21.4955,74,79,81,47,50,60,58
4578,1,2024-08-09 18:00:00+00:00,19.447,19.197,19.046999,19.046999,21.697,20.796999,21.2955,81,87,85,88,59,63,60
4579,1,2024-08-09 19:00:00+00:00,18.947,18.847,18.947,18.247,20.397,19.997,20.6955,86,87,82,92,68,66,62
4580,1,2024-08-09 20:00:00+00:00,18.796999,18.447,18.597,18.247,19.247,19.397,20.4455,89,86,85,89,78,69,63
4581,1,2024-08-09 21:00:00+00:00,18.897,18.247,18.397,18.197,18.447,18.796999,19.9955,89,81,87,87,85,72,64
4582,1,2024-08-09 22:00:00+00:00,18.947,17.647,18.097,17.796999,18.046999,18.296999,18.9955,82,79,87,86,88,75,67
4583,1,2024-08-09 23:00:00+00:00,18.447,16.897,17.796999,17.397,17.897,17.847,17.7955,76,81,86,86,89,77,70
4584,1,2024-08-10 00:00:00+00:00,17.847,17.796999,17.347,15.396999,17.097,17.747,17.4955,75,84,80,84,80,75,68
4585,1,2024-08-10 01:00:00+00:00,17.347,17.546999,17.247,14.947,16.897,17.397,16.6455,76,83,78,85,79,76,70
4586,1,2024-08-10 02:00:00+00:00,16.997,17.347,16.897,14.697,16.897,17.046999,15.8955,77,81,79,85,79,77,72
4587,1,2024-08-10 03:00:00+00:00,16.597,16.947,16.897,14.947,17.147,17.147,15.8955,77,79,78,84,78,77,72
4588,1,2024-08-10 04:00:00+00:00,16.247,16.647,16.947,15.797,17.597,17.796999,17.0455,76,79,77,79,76,74,67
4589,1,2024-08-10 05:00:00+00:00,17.197,17.197,17.697,17.147,18.247,18.897,18.9455,76,79,76,72,72,69,59
4590,1,2024-08-10 06:00:00+00:00,19.397,17.897,19.046999,18.947,19.347,20.347,21.595499,65,76,69,65,68,64,48
4591,1,2024-08-10 07:00:00+00:00,21.197,19.997,20.296999,20.847,21.247,22.397,24.2955,60,66,63,59,61,57,41
4592,1,2024-08-10 08:00:00+00:00,22.847,21.897,22.447,22.997,23.597,24.747,27.1455,55,59,57,52,54,49,34
4593,1,2024-08-10 09:00:00+00:00,24.046999,23.747,24.447,24.796999,25.447,26.546999,29.095499,51,54,51,47,47,43,29
4594,1,2024-08-10 10:00:00+00:00,25.046999,25.247,25.747,25.897,26.546999,27.347,29.7455,47,48,45,43,42,40,26
4595,1,2024-08-10 11:00:00+00:00,25.447,26.097,26.647,26.597,27.197,27.597,29.5455,44,43,40,39,38,38,25
4596,1,2024-08-10 12:00:00+00:00,26.647,26.947,27.247,27.597,27.897,26.897,28.7955,43,40,42,37,33,42,24
4597,1,2024-08-10 13:00:00+00:00,26.697,27.147,27.147,27.747,27.897,26.097,27.6455,43,39,41,35,32,45,27
4598,1,2024-08-10 14:00:00+00:00,26.497,26.947,26.897,27.497,27.597,24.647,26.2455,42,40,40,33,32,51,31
4599,1,2024-08-10 15:00:00+00:00,25.697,26.597,25.947,26.697,26.747,23.247,24.8955,44,40,40,35,34,56,36
4600,1,2024-08-10 16:00:00+00:00,23.497,23.997,23.296999,24.997,24.947,21.997,23.595499,53,49,51,41,40,59,42
4601,1,2024-08-10 17:00:00+00:00,20.796999,22.147,21.597,22.697,22.597,20.796999,22.345499,68,53,56,50,47,62,50
4602,1,2024-08-10 18:00:00+00:00,19.097,21.046999,21.046999,19.997,20.697,19.747,20.6955,84,57,58,65,54,65,60
4603,1,2024-08-10 19:00:00+00:00,18.897,20.397,20.447,18.847,19.647,18.947,20.845499,85,61,59,69,58,67,57
4604,1,2024-08-10 20:00:00+00:00,18.546999,19.697,19.647,17.997,18.997,18.347,21.1455,85,63,62,72,61,69,52
4605,1,2024-08-10 21:00:00+00:00,18.046999,19.046999,18.497,17.197,18.347,17.747,20.9955,81,64,67,75,64,71,50
4606,1,2024-08-10 22:00:00+00:00,17.296999,18.497,17.597,16.397,17.546999,17.046999,20.0455,81,63,69,78,67,74,52
4607,1,2024-08-10 23:00:00+00:00,16.647,17.897,17.046999,15.697,16.796999,16.347,18.6955,84,64,70,81,69,76,57
4608,1,2024-08-11 00:00:00+00:00,15.947,16.897,16.347,15.896999,16.647,16.997,17.2955,87,72,72,71,68,74,63
4609,1,2024-08-11 01:00:00+00:00,15.597,16.197,15.896999,15.247,15.447,16.397,16.1955,88,76,73,72,73,76,69
4610,1,2024-08-11 02:00:00+00:00,15.297,15.697,15.497,14.697,14.197,15.947,15.3455,88,77,73,72,78,76,75
4611,1,2024-08-11 03:00:00+00:00,15.097,15.347,15.247,14.747,13.896999,16.097,15.2955,88,78,75,71,80,75,77
4612,1,2024-08-11 04:00:00+00:00,14.947,15.247,14.947,15.747,15.097,16.997,16.3955,87,77,77,68,75,71,73
4613,1,2024-08-11 05:00:00+00:00,16.397,16.796999,16.397,17.347,17.247,18.447,18.2955,83,73,74,64,66,65,66
4614,1,2024-08-11 06:00:00+00:00,18.897,19.397,19.097,19.197,19.647,20.197,21.095499,71,60,64,62,57,59,55
4615,1,2024-08-11 07:00:00+00:00,21.046999,21.847,21.847,21.747,22.347,22.497,23.8955,64,52,56,54,49,52,45
4616,1,2024-08-11 08:00:00+00:00,23.296999,24.497,24.447,24.546999,25.247,25.046999,26.845499,59,46,50,47,42,45,36
4617,1,2024-08-11 09:00:00+00:00,25.097,26.647,26.447,26.796999,27.546999,27.097,28.3955,53,41,42,40,36,39,31
4618,1,2024-08-11 10:00:00+00:00,25.847,27.597,27.447,28.046999,28.796999,28.247,27.2455,47,35,36,35,32,35,34
4619,1,2024-08-11 11:00:00+00:00,26.647,28.147,28.296999,28.747,29.397,28.847,24.595499,44,33,34,31,29,33,42
4620,1,2024-08-11 12:00:00+00:00,27.296999,27.847,28.546999,29.247,29.247,29.046999,27.095499,39,36,31,29,28,30,30
4621,1,2024-08-11 13:00:00+00:00,27.197,27.447,28.597,29.197,29.197,28.997,26.095499,40,36,30,28,27,29,33
4622,1,2024-08-11 14:00:00+00:00,26.796999,26.847,28.296999,28.697,28.697,28.597,24.8955,40,38,31,29,28,29,38
4623,1,2024-08-11 15:00:00+00:00,25.747,25.997,27.597,27.697,27.647,27.697,23.7955,43,39,31,31,31,31,42
4624,1,2024-08-11 16:00:00+00:00,23.697,24.147,25.497,25.847,25.697,25.847,23.095499,57,49,38,35,36,36,43
4625,1,2024-08-11 17:00:00+00:00,21.747,22.147,23.097,23.497,23.247,23.447,22.4955,62,55,48,41,43,43,44
4626,1,2024-08-11 18:00:00+00:00,20.296999,20.197,21.897,21.847,21.247,21.546999,18.9955,65,65,50,49,49,48,55
4627,1,2024-08-11 19:00:00+00:00,19.597,19.447,21.147,20.697,20.247,20.697,18.7955,65,66,50,52,51,50,56
4628,1,2024-08-11 20:00:00+00:00,19.097,18.997,20.247,19.747,19.697,20.347,19.095499,67,68,54,55,51,51,56
4629,1,2024-08-11 21:00:00+00:00,18.447,18.747,19.447,18.847,18.997,19.796999,19.095499,71,70,61,58,53,53,57
4630,1,2024-08-11 22:00:00+00:00,17.397,18.147,18.497,17.796999,17.897,18.747,18.4455,76,72,65,61,58,56,61
4631,1,2024-08-11 23:00:00+00:00,17.046999,17.347,17.347,16.747,16.647,17.546999,17.4955,76,74,69,64,65,61,66
4632,1,2024-08-12 00:00:00+00:00,16.546999,16.747,16.447,16.147,15.146999,14.547,16.095499,81,77,73,67,74,75,74
4633,1,2024-08-12 01:00:00+00:00,16.296999,16.047,15.896999,14.997,14.197,13.447,15.3955,80,79,74,72,78,80,79
4634,1,2024-08-12 02:00:00+00:00,15.997,15.747,15.896999,13.947,13.396999,12.646999,14.7455,79,79,72,77,81,84,83
4635,1,2024-08-12 03:00:00+00:00,15.646999,15.047,15.497,13.747,13.497,12.797,14.8955,79,82,74,79,81,85,83
4636,1,2024-08-12 04:00:00+00:00,14.697,14.646999,14.747,14.947,14.847,14.547,16.1955,83,83,79,76,77,80,77
4637,1,2024-08-12 05:00:00+00:00,16.497,16.296999,16.447,16.997,17.097,17.247,18.345499,78,81,76,70,70,70,67
4638,1,2024-08-12 06:00:00+00:00,19.847,19.397,19.647,19.296999,19.497,19.997,20.6955,65,68,63,65,63,61,57
4639,1,2024-08-12 07:00:00+00:00,21.847,21.697,22.347,21.847,22.147,22.647,24.0455,59,61,56,56,55,52,46
4640,1,2024-08-12 08:00:00+00:00,24.097,24.147,24.997,24.647,24.997,25.247,27.845499,54,55,48,46,45,44,35
4641,1,2024-08-12 09:00:00+00:00,25.747,25.947,27.046999,26.847,27.197,27.296999,30.595499,45,47,39,38,38,37,26
4642,1,2024-08-12 10:00:00+00:00,26.247,26.697,28.147,28.046999,28.397,28.397,31.595499,41,41,33,34,34,33,22
4643,1,2024-08-12 11:00:00+00:00,26.847,27.597,28.897,28.647,28.997,28.947,31.4955,40,38,31,32,32,30,20
4644,1,2024-08-12 12:00:00+00:00,27.397,27.947,28.546999,29.197,29.147,29.247,31.9955,38,36,33,29,29,28,19
4645,1,2024-08-12 13:00:00+00:00,27.647,27.897,28.247,29.147,29.147,29.097,30.3955,37,36,33,27,27,27,23
4646,1,2024-08-12 14:00:00+00:00,27.397,27.447,27.847,28.747,28.747,28.597,27.7955,37,36,33,26,26,27,30
4647,1,2024-08-12 15:00:00+00:00,26.397,26.597,26.897,27.847,27.796999,27.546999,25.595499,38,37,34,28,28,29,36
4648,1,2024-08-12 16:00:00+00:00,23.747,24.347,24.296999,26.197,25.847,25.647,24.3955,49,47,42,34,34,35,38
4649,1,2024-08-12 17:00:00+00:00,21.597,22.397,22.497,24.046999,23.347,23.296999,23.595499,61,55,49,43,42,44,39
4650,1,2024-08-12 18:00:00+00:00,20.847,21.147,20.796999,21.796999,21.296999,21.247,22.1955,67,67,64,50,50,52,45
4651,1,2024-08-12 19:00:00+00:00,20.296999,20.397,20.447,20.796999,20.197,19.947,21.7455,71,67,63,55,57,58,46
4652,1,2024-08-12 20:00:00+00:00,19.747,19.597,19.647,20.147,19.597,19.046999,21.4455,74,73,69,60,64,63,46
4653,1,2024-08-12 21:00:00+00:00,19.296999,19.097,18.546999,19.497,18.997,18.247,21.095499,76,79,79,64,69,67,47
4654,1,2024-08-12 22:00:00+00:00,18.296999,18.597,18.197,18.597,18.347,17.497,20.4955,80,82,80,68,70,70,48
4655,1,2024-08-12 23:00:00+00:00,17.347,18.197,17.046999,17.697,17.747,16.796999,19.7955,84,83,85,71,69,71,50
4656,1,2024-08-13 00:00:00+00:00,17.097,16.997,17.397,17.247,16.097,16.897,19.1955,84,81,81,72,75,68,52
4657,1,2024-08-13 01:00:00+00:00,16.697,16.347,17.097,16.247,15.396999,15.947,17.8955,83,83,77,74,75,70,57
4658,1,2024-08-13 02:00:00+00:00,16.047,15.497,16.097,15.297,14.797,14.797,16.5455,85,84,79,75,74,74,63
4659,1,2024-08-13 03:00:00+00:00,15.497,14.847,15.097,15.197,14.947,14.597,16.095499,87,85,82,74,72,75,65
4660,1,2024-08-13 04:00:00+00:00,15.047,14.447,14.447,16.347,16.097,15.847,17.0455,88,85,83,70,68,71,62
4661,1,2024-08-13 05:00:00+00:00,16.997,16.647,16.447,18.347,17.997,17.947,18.9455,81,79,80,63,63,63,57
4662,1,2024-08-13 06:00:00+00:00,20.447,19.897,20.247,20.397,20.097,20.296999,21.7955,67,65,66,57,57,56,47
4663,1,2024-08-13 07:00:00+00:00,22.497,22.247,22.546999,22.796999,22.597,22.897,24.9455,59,57,58,50,50,49,40
4664,1,2024-08-13 08:00:00+00:00,24.597,24.647,24.847,25.447,25.296999,25.647,28.4955,52,51,51,42,42,41,31
4665,1,2024-08-13 09:00:00+00:00,25.697,26.397,26.697,27.497,27.447,27.796999,31.1955,45,44,44,35,36,35,25
4666,1,2024-08-13 10:00:00+00:00,26.397,26.947,27.796999,28.647,28.697,28.947,32.6455,41,39,36,31,31,31,21
4667,1,2024-08-13 11:00:00+00:00,27.397,28.147,28.046999,29.247,29.347,29.497,33.245502,38,35,31,28,28,29,19
4668,1,2024-08-13 12:00:00+00:00,27.296999,28.447,28.497,29.247,29.347,28.997,32.0955,40,35,29,26,26,28,20
4669,1,2024-08-13 13:00:00+00:00,27.247,28.197,28.247,28.947,29.247,28.997,30.345499,40,34,30,26,25,27,24
4670,1,2024-08-13 14:00:00+00:00,27.046999,27.647,28.097,28.247,28.796999,28.697,27.7955,40,34,30,27,25,27,29
4671,1,2024-08-13 15:00:00+00:00,26.546999,26.597,27.197,27.097,27.897,27.847,25.6955,40,37,30,29,27,28,34
4672,1,2024-08-13 16:00:00+00:00,24.147,23.847,24.247,25.347,26.347,26.046999,24.6455,47,50,40,33,31,32,37
4673,1,2024-08-13 17:00:00+00:00,22.247,22.147,22.347,23.197,24.296999,23.747,23.9955,53,57,48,39,36,38,39
4674,1,2024-08-13 18:00:00+00:00,21.546999,20.997,20.997,20.897,22.447,21.947,22.2955,53,59,56,52,42,43,50
4675,1,2024-08-13 19:00:00+00:00,20.897,20.447,20.197,19.747,20.897,21.197,21.9955,54,60,57,60,51,47,51
4676,1,2024-08-13 20:00:00+00:00,20.347,19.847,19.296999,18.897,19.497,20.947,22.0455,58,63,63,67,60,50,50
4677,1,2024-08-13 21:00:00+00:00,19.447,19.147,18.497,18.147,18.397,20.546999,21.6955,65,68,68,73,67,53,49
4678,1,2024-08-13 22:00:00+00:00,18.546999,18.347,18.197,17.447,17.796999,19.647,20.5455,70,74,71,76,68,56,49
4679,1,2024-08-13 23:00:00+00:00,17.747,17.497,17.497,16.796999,17.546999,18.546999,18.9955,73,77,75,77,65,58,50
4680,1,2024-08-14 00:00:00+00:00,16.997,16.647,16.296999,17.147,17.497,17.347,17.2955,74,75,78,75,64,63,52
4681,1,2024-08-14 01:00:00+00:00,16.147,15.797,15.547,16.296999,17.097,16.147,16.2455,78,79,78,77,65,69,56
4682,1,2024-08-14 02:00:00+00:00,15.547,15.297,15.247,15.447,16.796999,15.047,15.4955,80,80,78,79,68,76,60
4683,1,2024-08-14 03:00:00+00:00,15.247,15.047,15.197,15.297,16.997,14.797,15.5955,81,81,78,78,68,79,62
4684,1,2024-08-14 04:00:00+00:00,14.947,14.697,15.547,16.347,17.747,15.997,16.7955,82,83,76,74,65,75,60
4685,1,2024-08-14 05:00:00+00:00,16.897,16.697,17.147,18.097,18.997,18.046999,18.7955,77,77,73,68,61,68,56
4686,1,2024-08-14 06:00:00+00:00,19.747,19.796999,19.796999,19.947,20.546999,20.347,21.1955,62,65,62,63,56,60,51
4687,1,2024-08-14 07:00:00+00:00,22.247,22.296999,21.897,22.097,22.747,22.897,24.6955,55,57,56,56,50,52,42
4688,1,2024-08-14 08:00:00+00:00,24.697,24.697,24.497,24.347,25.296999,25.697,28.6455,49,51,50,48,43,43,33
4689,1,2024-08-14 09:00:00+00:00,26.497,26.347,26.497,26.147,27.347,27.796999,31.3955,43,44,43,41,38,36,26
4690,1,2024-08-14 10:00:00+00:00,27.397,27.247,27.247,27.247,28.497,28.796999,32.195503,37,37,37,37,35,31,23
4691,1,2024-08-14 11:00:00+00:00,28.447,28.347,27.796999,27.847,29.097,29.147,31.7455,34,34,34,35,34,29,22
4692,1,2024-08-14 12:00:00+00:00,28.647,28.497,28.447,28.546999,29.247,29.847,30.7955,34,35,34,31,28,27,24
4693,1,2024-08-14 13:00:00+00:00,28.647,28.397,27.697,28.546999,29.147,29.847,28.9955,33,33,34,29,27,25,27
4694,1,2024-08-14 14:00:00+00:00,28.147,27.947,27.697,28.197,28.697,29.447,26.5455,33,33,34,29,27,24,33
4695,1,2024-08-14 15:00:00+00:00,27.296999,26.997,26.747,27.247,27.697,28.497,24.3955,34,35,35,30,29,27,39
4696,1,2024-08-14 16:00:00+00:00,24.997,24.897,24.296999,25.347,25.796999,26.597,22.8955,41,42,44,35,36,35,46
4697,1,2024-08-14 17:00:00+00:00,23.347,23.247,22.447,22.847,23.296999,24.197,21.6955,49,48,54,43,45,47,54
4698,1,2024-08-14 18:00:00+00:00,20.997,21.947,21.097,20.897,21.197,22.147,22.095499,58,58,57,56,53,57,49
4699,1,2024-08-14 19:00:00+00:00,20.347,21.147,19.247,19.947,19.847,20.997,21.345499,64,65,69,61,60,64,53
4700,1,2024-08-14 20:00:00+00:00,19.947,20.747,17.497,19.397,18.796999,20.197,20.4955,68,65,81,65,65,70,58
4701,1,2024-08-14 21:00:00+00:00,19.947,19.497,15.896999,18.747,17.897,19.497,19.6955,66,71,91,70,70,73,61
4702,1,2024-08-14 22:00:00+00:00,19.247,18.097,15.497,17.697,16.997,18.697,18.9455,69,80,92,76,73,72,62
4703,1,2024-08-14 23:00:00+00:00,17.997,17.497,15.646999,16.497,16.197,17.947,18.1955,77,81,86,83,74,69,62
4704,1,2024-08-15 00:00:00+00:00,17.397,17.397,15.646999,14.697,15.047,17.197,17.8955,75,78,80,89,82,91,67
4705,1,2024-08-15 01:00:00+00:00,16.497,16.747,15.146999,14.197,14.297,16.147,16.9455,78,80,80,89,84,88,68
4706,1,2024-08-15 02:00:00+00:00,15.797,16.097,14.847,13.747,13.597,15.146999,16.0455,80,83,82,88,86,82,69
4707,1,2024-08-15 03:00:00+00:00,15.347,15.597,14.646999,14.097,13.747,15.047,16.095499,82,84,83,85,85,76,67
4708,1,2024-08-15 04:00:00+00:00,15.097,15.247,14.547,15.646999,15.247,16.347,17.6455,84,86,85,78,79,71,61
4709,1,2024-08-15 05:00:00+00:00,17.097,17.347,16.796999,17.947,17.597,18.497,20.0455,79,79,79,70,71,67,53
4710,1,2024-08-15 06:00:00+00:00,20.447,20.647,20.147,19.997,20.046999,20.796999,22.6955,63,63,65,65,62,61,45
4711,1,2024-08-15 07:00:00+00:00,22.947,23.097,22.647,22.397,22.597,23.097,25.2455,55,55,56,57,54,54,39
4712,1,2024-08-15 08:00:00+00:00,25.197,25.497,25.197,24.897,25.197,25.546999,27.845499,49,47,49,48,47,45,34
4713,1,2024-08-15 09:00:00+00:00,26.497,26.997,26.847,26.847,27.247,27.447,29.8955,42,42,43,41,40,39,29
4714,1,2024-08-15 10:00:00+00:00,27.796999,28.097,27.497,27.997,28.447,28.697,31.2955,38,35,38,36,35,35,25
4715,1,2024-08-15 11:00:00+00:00,28.497,28.747,28.546999,28.546999,29.046999,29.447,32.0455,36,33,34,32,31,32,21
4716,1,2024-08-15 12:00:00+00:00,28.997,28.796999,28.796999,28.947,29.397,29.947,30.9955,34,32,33,32,25,26,25
4717,1,2024-08-15 13:00:00+00:00,29.097,29.046999,29.097,28.897,29.347,29.897,28.6955,32,31,31,30,23,24,31
4718,1,2024-08-15 14:00:00+00:00,28.497,28.546999,28.897,28.397,28.897,29.497,25.4455,31,30,30,30,23,23,40
4719,1,2024-08-15 15:00:00+00:00,27.647,27.697,28.046999,27.397,27.897,28.546999,22.7955,32,31,29,32,26,25,49
4720,1,2024-08-15 16:00:00+00:00,25.546999,25.447,25.447,25.546999,25.897,26.697,21.5455,37,36,35,38,33,32,56
4721,1,2024-08-15 17:00:00+00:00,22.997,22.997,23.046999,23.197,23.347,24.347,20.8955,48,48,45,47,42,41,62
4722,1,2024-08-15 18:00:00+00:00,20.497,22.546999,22.197,20.947,21.197,22.347,22.1955,84,52,53,54,50,49,54
4723,1,2024-08-15 19:00:00+00:00,19.947,21.796999,21.147,19.997,19.897,21.197,21.2955,85,54,59,59,56,54,59
4724,1,2024-08-15 20:00:00+00:00,19.546999,20.546999,20.097,19.497,19.046999,20.397,20.6455,87,60,68,63,61,57,64
4725,1,2024-08-15 21:00:00+00:00,19.046999,19.847,19.296999,18.897,18.197,19.647,20.1955,90,64,73,67,65,60,67
4726,1,2024-08-15 22:00:00+00:00,18.247,19.046999,18.647,17.947,17.147,18.796999,19.9955,92,67,72,72,70,64,67
4727,1,2024-08-15 23:00:00+00:00,17.197,17.947,18.147,16.897,16.047,18.046999,19.9455,94,71,70,76,74,67,66
4728,1,2024-08-16 00:00:00+00:00,16.347,16.597,16.997,17.647,15.497,16.747,18.3955,93,75,74,73,76,76,70
4729,1,2024-08-16 01:00:00+00:00,15.947,15.847,16.197,16.847,14.646999,15.697,17.3955,85,78,76,76,79,79,72
4730,1,2024-08-16 02:00:00+00:00,15.197,15.247,15.697,16.097,13.997,14.597,16.345499,83,79,77,78,81,81,76
4731,1,2024-08-16 03:00:00+00:00,14.646999,14.597,15.197,15.997,14.197,14.447,16.1955,85,82,78,78,80,81,76
4732,1,2024-08-16 04:00:00+00:00,14.447,14.347,14.847,16.947,15.797,15.847,17.4955,86,83,81,74,75,76,70
4733,1,2024-08-16 05:00:00+00:00,16.796999,16.647,17.097,18.597,18.296999,18.247,19.6455,79,76,75,69,67,68,62
4734,1,2024-08-16 06:00:00+00:00,19.447,19.997,20.147,20.397,20.747,20.697,21.595499,72,63,60,61,59,60,56
4735,1,2024-08-16 07:00:00+00:00,21.796999,22.546999,22.796999,22.147,22.997,23.197,24.2455,63,54,52,55,51,52,47
4736,1,2024-08-16 08:00:00+00:00,24.197,24.997,25.347,24.147,25.247,25.796999,27.0455,56,47,45,47,43,44,38
4737,1,2024-08-16 09:00:00+00:00,25.847,27.046999,27.397,25.597,26.847,27.697,28.595499,47,41,39,42,37,37,33
4738,1,2024-08-16 10:00:00+00:00,26.796999,28.347,28.597,26.046999,27.546999,28.546999,27.9455,41,34,32,40,34,33,34
4739,1,2024-08-16 11:00:00+00:00,27.347,28.847,28.997,25.947,27.647,28.747,25.9955,38,30,29,39,32,30,39
4740,1,2024-08-16 12:00:00+00:00,27.247,28.447,28.897,27.796999,27.697,26.897,24.7955,38,31,27,32,33,33,44
4741,1,2024-08-16 13:00:00+00:00,27.097,28.347,28.947,27.747,27.647,26.847,24.345499,38,31,27,31,31,32,46
4742,1,2024-08-16 14:00:00+00:00,26.747,27.997,28.647,27.397,27.397,26.747,24.095499,37,31,27,31,31,32,47
4743,1,2024-08-16 15:00:00+00:00,25.697,26.697,27.497,26.447,26.597,26.097,23.595499,41,33,29,33,32,34,50
4744,1,2024-08-16 16:00:00+00:00,22.847,23.647,24.046999,24.397,24.897,24.497,22.4455,52,44,37,38,37,39,57
4745,1,2024-08-16 17:00:00+00:00,20.697,21.947,21.796999,21.796999,22.647,22.397,20.9455,56,48,47,45,45,45,65
4746,1,2024-08-16 18:00:00+00:00,19.147,19.747,20.747,20.397,20.847,20.697,21.095499,62,53,50,49,51,50,54
4747,1,2024-08-16 19:00:00+00:00,18.397,18.546999,19.697,19.497,19.997,19.897,20.595499,63,57,53,52,55,53,53
4748,1,2024-08-16 20:00:00+00:00,17.546999,17.897,18.997,19.097,19.546999,19.497,20.0455,66,60,57,55,58,55,53
4749,1,2024-08-16 21:00:00+00:00,16.796999,17.347,17.997,18.497,18.947,19.046999,19.2955,69,63,61,58,61,57,54
4750,1,2024-08-16 22:00:00+00:00,15.896999,16.546999,16.796999,17.247,17.947,18.296999,18.1955,72,67,66,64,66,60,58
4751,1,2024-08-16 23:00:00+00:00,15.247,15.297,15.197,15.797,16.847,17.447,16.9455,75,71,72,71,72,62,63
4752,1,2024-08-17 00:00:00+00:00,14.247,14.597,14.097,13.497,16.697,17.247,15.695499,79,75,80,78,72,62,74
4753,1,2024-08-17 01:00:00+00:00,13.646999,13.347,13.547,12.447,16.447,16.397,15.0455,80,83,81,82,72,66,75
4754,1,2024-08-17 02:00:00+00:00,13.097,12.947,12.947,11.646999,16.546999,15.547,14.3955,82,83,82,84,69,70,77
4755,1,2024-08-17 03:00:00+00:00,12.547,12.497,12.497,11.797,16.847,15.447,14.3955,84,83,82,83,67,71,76
4756,1,2024-08-17 04:00:00+00:00,12.247,12.247,12.247,13.447,17.247,16.397,15.2955,85,82,81,76,66,68,71
4757,1,2024-08-17 05:00:00+00:00,14.197,14.747,14.747,16.097,17.847,17.997,16.845499,82,75,75,66,64,62,64
4758,1,2024-08-17 06:00:00+00:00,18.247,18.296999,18.747,18.796999,18.597,19.847,20.9955,62,61,58,57,62,56,45
4759,1,2024-08-17 07:00:00+00:00,20.697,20.697,21.147,21.447,19.597,22.046999,24.1455,52,52,52,49,59,49,37
4760,1,2024-08-17 08:00:00+00:00,23.097,22.847,23.296999,24.097,20.747,24.497,27.595499,47,48,46,43,55,42,30
4761,1,2024-08-17 09:00:00+00:00,24.997,24.197,24.897,26.197,21.947,26.447,30.095499,43,44,41,37,51,36,25
4762,1,2024-08-17 10:00:00+00:00,26.247,24.546999,25.347,27.397,23.296999,27.497,31.095499,40,43,39,33,46,33,22
4763,1,2024-08-17 11:00:00+00:00,26.447,25.046999,26.046999,28.046999,24.697,28.046999,31.095499,37,42,36,31,42,31,20
4764,1,2024-08-17 12:00:00+00:00,26.447,26.497,26.497,27.397,25.897,26.097,29.7955,39,38,35,31,35,35,22
4765,1,2024-08-17 13:00:00+00:00,26.546999,26.847,26.247,27.296999,25.897,25.747,28.4455,39,37,35,30,35,36,25
4766,1,2024-08-17 14:00:00+00:00,26.247,26.546999,26.046999,26.997,25.847,25.247,26.345499,39,37,35,30,35,38,31
4767,1,2024-08-17 15:00:00+00:00,25.197,25.647,25.347,26.197,25.296999,24.397,24.3955,41,39,36,32,37,42,37
4768,1,2024-08-17 16:00:00+00:00,23.097,23.296999,23.497,24.747,23.747,22.897,22.595499,50,51,44,36,41,48,45
4769,1,2024-08-17 17:00:00+00:00,21.597,21.397,22.197,22.796999,21.647,21.046999,20.845499,56,50,48,42,46,56,54
4770,1,2024-08-17 18:00:00+00:00,20.497,20.447,20.697,21.447,19.997,19.397,20.1955,63,53,51,47,50,62,46
4771,1,2024-08-17 19:00:00+00:00,19.796999,19.497,19.647,20.447,19.397,18.097,20.0455,72,56,52,50,51,66,47
4772,1,2024-08-17 20:00:00+00:00,18.947,18.747,18.296999,19.647,19.247,16.947,20.3955,84,59,57,52,52,69,47
4773,1,2024-08-17 21:00:00+00:00,18.296999,18.197,17.497,18.897,18.847,15.997,20.3955,79,64,62,54,54,72,47
4774,1,2024-08-17 22:00:00+00:00,17.897,17.447,17.046999,18.147,17.697,15.347,19.6455,79,70,64,57,60,75,48
4775,1,2024-08-17 23:00:00+00:00,17.747,16.447,16.546999,17.497,16.296999,14.847,18.595499,82,74,63,61,67,78,50
4776,1,2024-08-18 00:00:00+00:00,16.097,14.247,14.297,16.147,16.197,13.797,15.7955,90,85,80,66,67,81,51
4777,1,2024-08-18 01:00:00+00:00,15.297,13.697,14.297,15.347,15.297,13.097,14.8955,91,87,81,70,70,83,55
4778,1,2024-08-18 02:00:00+00:00,14.747,13.646999,14.497,14.646999,14.547,12.597,14.0955,85,84,78,73,72,84,60
4779,1,2024-08-18 03:00:00+00:00,14.146999,13.297,13.997,14.646999,14.547,12.896999,14.195499,83,83,78,73,72,82,62
4780,1,2024-08-18 04:00:00+00:00,13.646999,13.347,13.597,15.747,15.646999,14.597,15.5455,83,80,78,70,69,75,60
4781,1,2024-08-18 05:00:00+00:00,15.797,15.797,15.997,17.597,17.497,17.147,17.7955,77,72,71,64,63,66,55
4782,1,2024-08-18 06:00:00+00:00,18.847,18.947,18.947,19.647,19.546999,19.747,20.1955,62,62,60,56,57,57,51
4783,1,2024-08-18 07:00:00+00:00,21.147,21.497,21.747,22.097,21.997,22.296999,22.9955,56,55,52,49,50,49,43
4784,1,2024-08-18 08:00:00+00:00,23.597,23.997,24.197,24.847,24.647,24.897,26.0455,50,48,46,42,42,42,35
4785,1,2024-08-18 09:00:00+00:00,24.847,25.796999,25.997,26.947,26.647,26.747,28.1955,44,42,40,36,36,37,28
4786,1,2024-08-18 10:00:00+00:00,25.347,26.147,26.796999,27.947,27.546999,27.546999,28.8955,43,39,36,33,33,34,25
4787,1,2024-08-18 11:00:00+00:00,25.947,26.296999,27.147,28.247,27.796999,27.597,28.7455,41,39,34,31,31,32,24
4788,1,2024-08-18 12:00:00+00:00,26.347,26.397,27.497,26.397,27.147,26.597,29.095499,39,38,34,35,32,36,23
4789,1,2024-08-18 13:00:00+00:00,26.447,26.046999,27.296999,26.097,27.046999,26.697,27.8955,39,39,34,36,32,35,26
4790,1,2024-08-18 14:00:00+00:00,26.247,25.747,26.997,25.697,26.747,26.497,26.3955,38,40,35,38,32,35,30
4791,1,2024-08-18 15:00:00+00:00,25.147,24.897,25.947,24.947,25.947,25.796999,24.9955,42,44,39,40,34,36,33
4792,1,2024-08-18 16:00:00+00:00,22.897,22.796999,23.397,23.647,24.247,24.147,23.7955,47,50,50,44,39,40,34
4793,1,2024-08-18 17:00:00+00:00,21.197,21.296999,21.697,21.997,22.046999,21.947,22.6455,48,49,49,48,45,45,35
4794,1,2024-08-18 18:00:00+00:00,19.847,20.147,20.497,19.847,20.197,19.947,21.595499,55,56,53,53,51,51,38
4795,1,2024-08-18 19:00:00+00:00,18.597,19.247,19.397,19.046999,19.147,18.447,20.3955,59,59,56,55,54,56,41
4796,1,2024-08-18 20:00:00+00:00,17.447,18.397,18.597,18.847,18.447,17.147,19.1455,61,62,57,57,57,61,44
4797,1,2024-08-18 21:00:00+00:00,16.647,17.796999,18.247,18.546999,17.697,15.997,18.095499,62,63,61,58,60,66,48
4798,1,2024-08-18 22:00:00+00:00,16.147,17.197,18.296999,18.046999,16.747,14.997,17.3955,65,67,65,61,64,71,51
4799,1,2024-08-18 23:00:00+00:00,15.396999,16.997,17.796999,17.497,15.697,14.146999,16.9455,70,70,66,64,68,76,54
4800,1,2024-08-19 00:00:00+00:00,13.646999,15.847,14.847,16.047,15.597,14.197,16.6955,78,75,77,69,71,74,60
4801,1,2024-08-19 01:00:00+00:00,13.097,14.896999,14.747,15.146999,14.597,13.197,15.4955,82,80,79,72,75,77,65
4802,1,2024-08-19 02:00:00+00:00,12.597,14.447,14.797,14.297,13.697,12.396999,14.5455,83,79,77,75,78,78,68
4803,1,2024-08-19 03:00:00+00:00,12.347,13.997,14.597,14.247,13.697,12.597,14.4955,81,78,76,75,78,77,69
4804,1,2024-08-19 04:00:00+00:00,12.347,13.646999,14.396999,15.447,15.097,14.297,15.7955,79,78,78,72,73,72,65
4805,1,2024-08-19 05:00:00+00:00,14.997,15.947,16.397,17.497,17.397,16.947,17.9955,72,74,75,67,66,64,58
4806,1,2024-08-19 06:00:00+00:00,18.447,18.897,19.397,19.597,19.847,19.647,20.1955,59,63,64,64,58,56,53
4807,1,2024-08-19 07:00:00+00:00,21.197,21.597,21.997,21.947,22.497,22.296999,22.6955,51,55,55,56,50,49,45
4808,1,2024-08-19 08:00:00+00:00,23.747,24.296999,24.497,24.447,25.247,24.947,25.4955,46,47,48,46,41,41,35
4809,1,2024-08-19 09:00:00+00:00,25.697,26.397,26.147,26.397,27.296999,26.997,27.6955,41,41,41,38,34,35,28
4810,1,2024-08-19 10:00:00+00:00,26.796999,26.997,26.947,27.497,28.197,28.097,29.2455,37,36,37,34,31,31,24
4811,1,2024-08-19 11:00:00+00:00,27.296999,27.597,27.647,27.997,28.397,28.546999,30.2455,35,34,33,32,30,28,22
4812,1,2024-08-19 12:00:00+00:00,27.247,28.147,27.747,28.197,28.147,29.046999,29.8955,34,30,34,30,31,27,22
4813,1,2024-08-19 13:00:00+00:00,27.147,28.046999,27.997,28.197,28.097,28.947,29.2455,33,30,33,29,30,26,23
4814,1,2024-08-19 14:00:00+00:00,26.747,27.597,27.397,27.847,27.747,28.497,28.0455,33,30,33,28,30,26,25
4815,1,2024-08-19 15:00:00+00:00,26.097,26.497,26.597,26.947,26.897,27.497,26.6955,34,32,34,30,31,28,29
4816,1,2024-08-19 16:00:00+00:00,23.747,23.997,24.197,25.147,25.197,25.546999,25.2455,49,43,40,34,35,33,35
4817,1,2024-08-19 17:00:00+00:00,21.197,21.796999,22.147,22.847,23.046999,23.046999,23.6955,48,47,45,40,41,39,41
4818,1,2024-08-19 18:00:00+00:00,20.647,20.947,20.697,20.497,21.296999,20.947,22.4955,46,50,52,49,46,45,42
4819,1,2024-08-19 19:00:00+00:00,19.597,19.947,20.247,19.397,20.397,19.597,22.2455,49,52,57,55,50,50,42
4820,1,2024-08-19 20:00:00+00:00,18.747,19.046999,19.597,18.747,19.897,18.647,22.0455,52,56,64,60,54,54,42
4821,1,2024-08-19 21:00:00+00:00,17.697,18.147,19.147,18.046999,19.247,17.847,21.595499,59,63,70,65,58,58,43
4822,1,2024-08-19 22:00:00+00:00,16.647,17.447,17.947,17.097,18.147,17.247,20.595499,66,67,74,70,64,61,46
4823,1,2024-08-19 23:00:00+00:00,15.947,16.397,17.147,16.047,16.847,16.796999,19.2955,71,72,79,76,70,63,49
4824,1,2024-08-20 00:00:00+00:00,14.597,14.497,15.797,15.347,15.797,15.197,17.595499,75,78,79,76,69,73,63
4825,1,2024-08-20 01:00:00+00:00,13.847,14.146999,15.146999,14.997,14.896999,13.947,16.6455,80,79,83,76,72,78,64
4826,1,2024-08-20 02:00:00+00:00,12.896999,13.896999,14.597,14.847,14.047,12.847,15.9955,83,77,83,74,74,81,62
4827,1,2024-08-20 03:00:00+00:00,12.247,13.396999,14.396999,15.146999,13.997,12.797,16.095499,84,77,82,71,74,81,59
4828,1,2024-08-20 04:00:00+00:00,12.146999,13.247,14.097,16.097,15.297,14.396999,17.3955,82,76,81,68,70,75,54
4829,1,2024-08-20 05:00:00+00:00,14.447,15.497,16.197,17.546999,17.347,17.046999,19.4955,78,71,75,64,64,64,49
4830,1,2024-08-20 06:00:00+00:00,19.097,18.447,19.296999,19.397,19.546999,19.647,21.4955,59,57,55,60,57,55,42
4831,1,2024-08-20 07:00:00+00:00,21.347,21.097,21.747,21.597,21.796999,22.147,24.095499,48,48,50,53,49,48,36
4832,1,2024-08-20 08:00:00+00:00,23.397,23.296999,24.247,23.897,24.147,24.597,26.7955,44,44,45,46,41,41,31
4833,1,2024-08-20 09:00:00+00:00,25.046999,25.046999,25.747,25.647,25.847,26.347,28.7955,40,39,40,40,35,36,27
4834,1,2024-08-20 10:00:00+00:00,24.897,26.046999,26.847,26.447,26.397,26.947,29.7955,38,36,36,37,32,34,24
4835,1,2024-08-20 11:00:00+00:00,25.497,25.947,27.447,26.697,26.296999,26.847,30.095499,37,35,34,35,32,33,22
4836,1,2024-08-20 12:00:00+00:00,25.546999,26.546999,26.197,24.796999,27.097,25.847,29.8955,37,33,35,39,31,35,23
4837,1,2024-08-20 13:00:00+00:00,25.597,26.097,25.697,24.897,27.046999,25.697,28.6955,36,33,36,39,29,35,27
4838,1,2024-08-20 14:00:00+00:00,25.097,25.747,24.947,24.947,26.697,25.447,26.7455,37,33,38,39,29,34,33
4839,1,2024-08-20 15:00:00+00:00,24.296999,25.046999,24.147,24.546999,25.847,24.847,24.8955,40,35,42,41,31,36,39
4840,1,2024-08-20 16:00:00+00:00,22.497,23.197,22.697,23.247,24.247,23.546999,23.3955,48,42,47,47,36,41,46
4841,1,2024-08-20 17:00:00+00:00,20.997,22.046999,21.847,21.497,22.147,21.847,22.0455,55,48,49,55,44,47,55
4842,1,2024-08-20 18:00:00+00:00,20.546999,20.847,20.247,18.697,20.296999,20.447,20.6955,57,55,65,69,52,53,53
4843,1,2024-08-20 19:00:00+00:00,19.747,19.497,20.046999,18.147,18.897,19.697,19.845499,62,64,61,72,61,57,59
4844,1,2024-08-20 20:00:00+00:00,18.397,19.197,19.697,17.796999,17.796999,19.247,19.1455,72,68,60,75,69,61,65
4845,1,2024-08-20 21:00:00+00:00,17.997,18.747,18.997,17.497,16.947,18.747,18.6955,78,71,65,77,76,64,69
4846,1,2024-08-20 22:00:00+00:00,17.597,18.197,18.247,17.347,16.497,18.046999,18.6955,83,73,70,78,79,67,69
4847,1,2024-08-20 23:00:00+00:00,17.046999,17.647,17.597,17.296999,16.397,17.347,18.8955,82,75,72,79,80,70,66
4848,1,2024-08-21 00:00:00+00:00,15.747,17.597,16.447,17.647,17.197,14.146999,16.9955,88,74,80,81,76,79,79
4849,1,2024-08-21 01:00:00+00:00,15.797,17.546999,16.247,17.197,16.897,13.797,16.7955,84,69,79,82,75,77,76
4850,1,2024-08-21 02:00:00+00:00,15.747,17.247,15.847,16.796999,16.747,13.797,16.7955,79,67,79,81,73,73,71
4851,1,2024-08-21 03:00:00+00:00,15.447,16.796999,15.597,16.796999,16.847,14.347,16.9955,78,68,78,79,70,69,66
4852,1,2024-08-21 04:00:00+00:00,15.447,16.397,14.646999,17.347,17.296999,15.697,17.4455,77,70,81,74,68,64,63
4853,1,2024-08-21 05:00:00+00:00,16.947,17.397,16.597,18.247,18.046999,17.647,18.1455,75,69,77,68,66,59,61
4854,1,2024-08-21 06:00:00+00:00,19.397,19.296999,19.697,18.947,19.097,19.697,18.9955,58,59,59,63,63,54,51
4855,1,2024-08-21 07:00:00+00:00,21.197,21.747,22.046999,20.647,20.647,22.046999,19.1955,55,52,53,57,57,48,50
4856,1,2024-08-21 08:00:00+00:00,23.296999,23.947,24.497,22.247,22.497,24.497,19.1955,49,46,45,51,51,41,50
4857,1,2024-08-21 09:00:00+00:00,25.046999,25.197,25.897,23.296999,23.897,26.397,19.1955,43,42,39,48,45,36,50
4858,1,2024-08-21 10:00:00+00:00,25.647,25.747,26.347,23.447,24.546999,27.296999,19.1955,39,38,36,47,42,33,51
4859,1,2024-08-21 11:00:00+00:00,25.747,25.497,26.546999,23.046999,24.796999,27.597,19.095499,38,38,35,49,40,31,53
4860,1,2024-08-21 12:00:00+00:00,26.147,24.647,25.447,24.647,23.947,25.097,22.4955,35,40,36,40,43,37,41
4861,1,2024-08-21 13:00:00+00:00,25.947,24.546999,25.097,24.546999,23.897,24.947,21.4955,35,40,38,40,43,37,44
4862,1,2024-08-21 14:00:00+00:00,26.097,24.046999,25.046999,24.347,23.747,24.747,20.1455,35,44,37,40,45,37,49
4863,1,2024-08-21 15:00:00+00:00,25.497,23.247,24.397,23.796999,23.296999,24.247,19.095499,35,49,41,42,47,39,53
4864,1,2024-08-21 16:00:00+00:00,23.546999,21.347,22.796999,22.697,22.247,23.147,18.6955,42,51,47,46,51,43,55
4865,1,2024-08-21 17:00:00+00:00,21.897,20.546999,21.046999,21.247,20.897,21.747,18.595499,46,53,54,52,57,49,56
4866,1,2024-08-21 18:00:00+00:00,20.447,19.747,20.247,20.296999,19.597,20.497,18.595499,55,58,55,56,62,55,56
4867,1,2024-08-21 19:00:00+00:00,19.897,19.197,19.847,19.597,18.497,19.597,18.3955,58,60,57,60,67,60,57
4868,1,2024-08-21 20:00:00+00:00,19.296999,18.697,19.397,19.247,17.497,18.897,18.4955,64,63,60,63,73,66,56
4869,1,2024-08-21 21:00:00+00:00,18.597,18.147,18.747,18.796999,16.747,18.296999,18.595499,67,67,65,65,76,70,56
4870,1,2024-08-21 22:00:00+00:00,18.046999,17.397,18.147,18.197,16.447,17.847,18.7455,68,72,68,67,76,72,55
4871,1,2024-08-21 23:00:00+00:00,17.647,16.597,17.697,17.597,16.397,17.447,18.8955,69,76,71,69,75,73,54
4872,1,2024-08-22 00:00:00+00:00,17.546999,16.147,17.497,17.546999,16.747,16.697,16.7955,65,83,66,67,75,75,63
4873,1,2024-08-22 01:00:00+00:00,17.046999,15.697,16.847,16.796999,15.747,16.097,15.7455,67,83,67,70,79,75,68
4874,1,2024-08-22 02:00:00+00:00,16.647,14.896999,16.197,15.947,14.646999,15.497,14.945499,66,84,69,73,82,75,73
4875,1,2024-08-22 03:00:00+00:00,15.896999,14.347,15.497,15.646999,14.396999,15.497,14.8955,71,84,72,74,83,74,74
4876,1,2024-08-22 04:00:00+00:00,15.497,14.447,14.747,16.147,15.547,16.397,16.095499,76,84,77,72,78,71,70
4877,1,2024-08-22 05:00:00+00:00,16.796999,15.747,16.597,17.197,17.497,17.897,18.1455,73,80,73,69,71,67,62
4878,1,2024-08-22 06:00:00+00:00,18.347,18.397,18.546999,19.447,19.447,19.497,20.8955,67,66,65,62,63,62,51
4879,1,2024-08-22 07:00:00+00:00,20.447,20.147,19.796999,20.796999,21.347,21.397,23.595499,59,60,60,58,56,55,43
4880,1,2024-08-22 08:00:00+00:00,22.747,21.796999,21.997,22.296999,23.197,23.397,26.595499,52,55,55,54,48,48,35
4881,1,2024-08-22 09:00:00+00:00,24.347,23.747,23.847,23.597,24.447,24.796999,28.7955,46,49,50,50,43,42,29
4882,1,2024-08-22 10:00:00+00:00,24.546999,24.747,24.647,24.597,24.697,25.296999,29.8955,42,44,44,46,41,38,25
4883,1,2024-08-22 11:00:00+00:00,24.347,24.997,25.097,25.347,24.296999,25.197,30.2455,42,42,42,43,41,37,23
4884,1,2024-08-22 12:00:00+00:00,24.347,24.097,23.697,25.347,23.997,24.847,24.4955,41,43,49,40,44,38,40
4885,1,2024-08-22 13:00:00+00:00,23.997,24.247,23.097,25.147,23.546999,24.347,23.595499,42,43,50,39,45,39,42
4886,1,2024-08-22 14:00:00+00:00,24.247,24.147,22.796999,24.697,22.697,23.497,22.7955,41,42,51,39,49,42,45
4887,1,2024-08-22 15:00:00+00:00,23.796999,23.497,21.947,23.997,21.697,22.546999,22.095499,42,43,54,41,53,45,47
4888,1,2024-08-22 16:00:00+00:00,22.147,21.796999,20.447,22.947,20.697,21.497,21.4455,47,50,62,45,59,50,50
4889,1,2024-08-22 17:00:00+00:00,20.847,20.397,19.397,21.697,19.597,20.296999,20.9455,51,59,67,52,65,57,52
4890,1,2024-08-22 18:00:00+00:00,19.497,18.947,20.347,19.497,18.597,19.296999,20.6955,60,64,55,68,71,62,56
4891,1,2024-08-22 19:00:00+00:00,18.447,17.997,19.647,18.546999,17.796999,18.647,20.4955,65,68,59,73,74,65,57
4892,1,2024-08-22 20:00:00+00:00,17.197,17.147,18.947,17.897,17.147,18.147,20.3955,71,70,60,77,77,66,57
4893,1,2024-08-22 21:00:00+00:00,16.347,16.197,18.247,17.247,16.497,17.546999,20.095499,74,74,66,80,79,68,57
4894,1,2024-08-22 22:00:00+00:00,15.497,15.347,17.147,16.546999,15.847,16.546999,19.4955,78,79,69,83,81,71,58
4895,1,2024-08-22 23:00:00+00:00,14.547,14.447,15.947,15.847,15.197,15.447,18.7455,83,84,77,86,83,74,60
4896,1,2024-08-23 00:00:00+00:00,16.447,15.697,13.896999,14.547,14.947,15.447,16.4955,75,81,87,83,84,78,63
4897,1,2024-08-23 01:00:00+00:00,16.497,15.947,13.597,13.847,14.047,14.747,15.5455,72,77,86,85,86,81,68
4898,1,2024-08-23 02:00:00+00:00,16.447,15.646999,13.297,13.297,13.097,13.997,14.7955,72,79,88,87,88,85,72
4899,1,2024-08-23 03:00:00+00:00,15.947,15.047,12.896999,13.497,12.947,13.997,14.8955,76,83,90,86,88,86,73
4900,1,2024-08-23 04:00:00+00:00,15.297,14.497,12.697,14.896999,13.997,15.297,16.2955,80,86,90,82,84,81,68
4901,1,2024-08-23 05:00:00+00:00,16.796999,16.397,15.297,16.997,15.747,17.347,18.5455,79,81,83,75,77,73,60
4902,1,2024-08-23 06:00:00+00:00,19.447,19.347,18.597,18.947,17.747,19.347,20.8955,64,63,68,67,70,65,52
4903,1,2024-08-23 07:00:00+00:00,21.197,21.796999,20.697,21.197,19.997,21.197,23.3955,58,56,59,58,62,58,44
4904,1,2024-08-23 08:00:00+00:00,23.497,24.347,22.497,23.546999,22.497,22.997,25.8955,52,49,55,49,54,50,37
4905,1,2024-08-23 09:00:00+00:00,25.197,25.897,23.997,25.147,24.447,24.347,27.4955,43,40,50,42,47,45,32
4906,1,2024-08-23 10:00:00+00:00,26.497,25.497,25.247,25.546999,25.697,24.997,27.5455,37,39,43,39,42,42,31
4907,1,2024-08-23 11:00:00+00:00,26.747,26.296999,25.247,25.197,26.447,25.197,26.6455,35,37,43,39,39,41,33
4908,1,2024-08-23 12:00:00+00:00,26.847,26.296999,26.247,23.897,27.347,24.747,23.595499,36,38,39,43,34,41,45
4909,1,2024-08-23 13:00:00+00:00,26.397,26.546999,26.296999,22.847,26.997,24.347,22.5455,34,37,39,50,34,42,50
4910,1,2024-08-23 14:00:00+00:00,25.897,26.647,26.447,21.497,26.247,23.897,21.6955,36,36,37,60,36,44,56
4911,1,2024-08-23 15:00:00+00:00,25.046999,25.847,25.647,20.247,25.197,23.147,21.095499,39,37,38,68,39,47,60
4912,1,2024-08-23 16:00:00+00:00,22.397,23.947,23.247,19.247,23.597,21.997,20.7955,50,46,48,72,47,52,61
4913,1,2024-08-23 17:00:00+00:00,21.247,21.897,21.546999,18.397,21.647,20.597,20.6955,54,54,57,75,56,58,61
4914,1,2024-08-23 18:00:00+00:00,20.647,20.247,19.997,18.897,20.147,19.347,18.9955,57,57,61,70,64,63,57
4915,1,2024-08-23 19:00:00+00:00,20.197,19.397,19.397,18.296999,19.597,18.497,18.6455,59,61,63,72,67,67,60
4916,1,2024-08-23 20:00:00+00:00,19.497,18.997,19.147,17.947,19.497,17.796999,18.8955,62,63,64,73,67,70,62
4917,1,2024-08-23 21:00:00+00:00,18.897,18.647,18.697,17.597,19.197,17.197,19.095499,65,65,66,73,68,73,63
4918,1,2024-08-23 22:00:00+00:00,18.397,18.247,17.947,17.197,18.347,16.697,18.9455,66,66,69,73,72,76,65
4919,1,2024-08-23 23:00:00+00:00,18.147,17.447,16.997,16.847,17.247,16.247,18.6455,66,70,72,74,77,79,66
4920,1,2024-08-24 00:00:00+00:00,16.397,16.796999,16.697,17.397,16.796999,16.796999,17.4955,75,72,71,69,76,75,64
4921,1,2024-08-24 01:00:00+00:00,15.947,16.247,15.896999,16.747,16.347,15.896999,16.845499,77,74,74,71,77,79,65
4922,1,2024-08-24 02:00:00+00:00,15.597,15.847,15.396999,16.097,15.896999,15.047,16.4455,78,76,76,74,79,82,65
4923,1,2024-08-24 03:00:00+00:00,15.197,15.396999,15.297,16.047,15.997,14.947,16.6955,79,77,77,74,78,82,64
4924,1,2024-08-24 04:00:00+00:00,15.146999,15.396999,15.347,16.947,16.796999,16.147,18.0455,79,78,77,71,74,77,60
4925,1,2024-08-24 05:00:00+00:00,16.997,17.097,17.197,18.447,18.097,18.097,20.0455,74,74,72,66,68,69,54
4926,1,2024-08-24 06:00:00+00:00,19.847,19.847,19.747,19.397,19.697,20.147,22.7955,62,63,62,64,62,61,44
4927,1,2024-08-24 07:00:00+00:00,22.197,22.247,22.147,21.697,21.897,22.247,25.0455,55,55,55,57,55,54,39
4928,1,2024-08-24 08:00:00+00:00,24.447,24.546999,24.546999,24.197,24.447,24.397,27.3955,48,49,48,49,48,46,34
4929,1,2024-08-24 09:00:00+00:00,25.747,25.546999,26.546999,26.046999,26.347,25.997,28.595499,42,44,43,43,42,41,32
4930,1,2024-08-24 10:00:00+00:00,25.947,26.647,27.097,26.897,27.247,26.947,27.7455,40,40,38,40,39,37,34
4931,1,2024-08-24 11:00:00+00:00,25.997,26.147,27.296999,27.046999,27.497,27.397,25.6955,39,41,37,39,37,35,38
4932,1,2024-08-24 12:00:00+00:00,27.046999,26.947,27.697,26.497,25.247,27.097,25.8955,36,37,36,41,42,36,37
4933,1,2024-08-24 13:00:00+00:00,27.147,26.597,27.197,25.447,24.697,25.897,25.345499,36,37,36,46,44,42,38
4934,1,2024-08-24 14:00:00+00:00,26.796999,26.197,26.647,23.847,23.847,24.097,23.9455,35,37,37,52,48,52,42
4935,1,2024-08-24 15:00:00+00:00,26.147,24.546999,26.147,22.447,22.796999,22.546999,22.595499,37,42,38,58,52,60,46
4936,1,2024-08-24 16:00:00+00:00,24.597,22.697,23.796999,21.497,21.447,21.447,21.6455,42,49,49,61,57,65,50
4937,1,2024-08-24 17:00:00+00:00,21.247,21.197,21.847,20.796999,19.947,20.546999,20.7955,60,56,58,64,62,69,53
4938,1,2024-08-24 18:00:00+00:00,21.147,20.997,19.897,19.947,18.697,19.847,18.095499,55,55,73,65,66,72,78
4939,1,2024-08-24 19:00:00+00:00,20.546999,20.397,19.247,19.197,17.947,19.347,17.7455,58,58,74,70,67,75,79
4940,1,2024-08-24 20:00:00+00:00,19.947,20.197,19.147,18.796999,17.447,19.046999,17.4455,60,59,70,74,66,78,80
4941,1,2024-08-24 21:00:00+00:00,19.647,19.597,18.747,18.497,16.947,18.697,17.1955,61,62,71,76,67,81,80
4942,1,2024-08-24 22:00:00+00:00,19.147,19.097,18.147,18.197,16.347,18.247,17.0455,63,64,73,76,70,83,79
4943,1,2024-08-24 23:00:00+00:00,18.597,18.397,17.697,17.997,15.747,17.796999,16.9955,66,67,76,74,75,85,78
4944,1,2024-08-25 00:00:00+00:00,17.897,18.597,17.947,15.947,15.697,17.046999,18.3955,70,66,68,77,81,84,65
4945,1,2024-08-25 01:00:00+00:00,17.697,17.947,17.296999,15.097,15.447,16.546999,17.4455,72,67,69,79,81,85,67
4946,1,2024-08-25 02:00:00+00:00,17.546999,17.347,16.397,14.347,15.247,16.047,16.2455,72,69,71,80,81,85,70
4947,1,2024-08-25 03:00:00+00:00,17.097,16.597,15.797,14.347,15.547,16.097,15.8955,72,71,73,79,79,84,70
4948,1,2024-08-25 04:00:00+00:00,16.647,16.247,15.597,15.497,16.447,16.947,16.9455,74,74,73,75,75,80,64
4949,1,2024-08-25 05:00:00+00:00,17.796999,17.697,17.197,17.447,17.796999,18.347,18.8955,72,71,71,68,69,74,55
4950,1,2024-08-25 06:00:00+00:00,19.947,19.546999,20.247,19.747,19.447,19.796999,21.1955,61,64,59,62,63,68,52
4951,1,2024-08-25 07:00:00+00:00,21.897,21.647,22.247,22.097,21.597,21.296999,23.845499,55,56,53,55,56,62,43
4952,1,2024-08-25 08:00:00+00:00,23.997,23.697,24.397,24.647,24.046999,22.847,26.7455,49,50,46,48,49,56,34
4953,1,2024-08-25 09:00:00+00:00,25.497,25.347,25.046999,26.497,25.897,24.147,28.6955,45,45,43,42,43,51,28
4954,1,2024-08-25 10:00:00+00:00,25.597,26.347,25.347,27.147,26.747,25.296999,29.095499,43,41,42,39,41,47,26
4955,1,2024-08-25 11:00:00+00:00,26.847,26.296999,25.947,27.046999,26.947,26.197,28.5455,40,40,40,38,40,44,26
4956,1,2024-08-25 12:00:00+00:00,27.296999,26.147,26.397,26.747,26.897,26.796999,25.3955,38,41,38,37,37,42,34
4957,1,2024-08-25 13:00:00+00:00,26.997,25.796999,26.597,26.597,26.497,25.796999,24.345499,38,41,37,37,38,46,36
4958,1,2024-08-25 14:00:00+00:00,26.397,24.947,26.247,26.197,25.796999,24.247,23.3955,40,43,38,38,40,52,38
4959,1,2024-08-25 15:00:00+00:00,24.947,23.497,25.647,25.447,24.847,22.747,22.6955,43,47,39,40,43,58,40
4960,1,2024-08-25 16:00:00+00:00,23.147,22.397,23.447,24.147,23.546999,21.347,22.4955,49,49,47,46,49,66,40
4961,1,2024-08-25 17:00:00+00:00,21.697,21.147,21.796999,22.447,21.997,19.947,22.595499,51,54,51,53,57,75,40
4962,1,2024-08-25 18:00:00+00:00,20.447,19.247,20.546999,20.847,20.697,18.897,22.3955,57,67,54,56,63,81,38
4963,1,2024-08-25 19:00:00+00:00,19.947,18.597,19.697,19.697,19.847,18.397,21.7455,60,68,57,60,67,81,41
4964,1,2024-08-25 20:00:00+00:00,19.597,18.497,18.897,18.697,19.197,18.247,20.9955,63,68,62,63,70,78,44
4965,1,2024-08-25 21:00:00+00:00,19.097,18.097,18.147,17.847,18.546999,18.046999,20.1955,65,70,68,66,73,76,48
4966,1,2024-08-25 22:00:00+00:00,18.046999,17.447,17.647,17.247,17.697,17.697,19.2455,69,74,68,67,76,76,52
4967,1,2024-08-25 23:00:00+00:00,17.546999,16.647,17.046999,16.796999,16.796999,17.296999,18.1955,71,77,67,68,78,77,55
4968,1,2024-08-26 00:00:00+00:00,17.447,16.047,16.647,16.546999,18.046999,17.546999,15.7955,69,79,70,73,70,71,64
4969,1,2024-08-26 01:00:00+00:00,16.597,15.646999,15.896999,15.697,17.546999,17.197,14.945499,72,80,74,75,72,73,68
4970,1,2024-08-26 02:00:00+00:00,15.947,15.247,15.197,14.947,17.046999,16.897,14.445499,75,80,77,76,73,74,71
4971,1,2024-08-26 03:00:00+00:00,15.396999,15.047,14.747,14.896999,16.997,16.947,14.695499,77,80,79,75,73,75,71
4972,1,2024-08-26 04:00:00+00:00,15.247,15.247,14.597,16.047,17.647,17.397,16.0455,78,78,80,71,70,74,66
4973,1,2024-08-26 05:00:00+00:00,16.997,17.197,16.847,17.897,18.796999,18.197,18.2455,72,71,72,66,65,71,58
4974,1,2024-08-26 06:00:00+00:00,19.347,19.647,19.647,19.847,20.247,19.247,20.4955,61,60,62,61,59,68,51
4975,1,2024-08-26 07:00:00+00:00,21.147,22.147,22.347,22.397,22.347,20.697,23.2955,55,52,54,54,53,63,43
4976,1,2024-08-26 08:00:00+00:00,23.347,24.697,24.897,25.247,24.796999,22.397,26.2955,49,46,47,46,45,57,34
4977,1,2024-08-26 09:00:00+00:00,25.447,25.947,26.497,27.296999,26.546999,23.747,28.4955,43,42,41,40,40,52,28
4978,1,2024-08-26 10:00:00+00:00,26.097,26.296999,27.147,28.097,27.147,24.647,29.5455,41,41,38,37,37,49,25
4979,1,2024-08-26 11:00:00+00:00,26.197,27.697,27.347,28.046999,27.046999,25.197,29.7955,41,37,37,36,35,46,24
4980,1,2024-08-26 12:00:00+00:00,25.397,27.097,27.747,28.197,27.897,27.546999,27.7955,41,38,37,36,36,38,28
4981,1,2024-08-26 13:00:00+00:00,25.447,26.546999,27.697,27.397,25.947,25.947,26.845499,41,40,37,38,46,46,31
4982,1,2024-08-26 14:00:00+00:00,24.997,25.747,27.147,26.046999,23.097,23.546999,25.6455,42,41,37,41,59,59,34
4983,1,2024-08-26 15:00:00+00:00,23.947,24.447,25.296999,24.497,20.747,21.497,24.4955,44,44,43,48,71,69,37
4984,1,2024-08-26 16:00:00+00:00,22.397,23.046999,23.546999,22.597,19.546999,20.347,23.4955,49,48,48,61,78,75,39
4985,1,2024-08-26 17:00:00+00:00,20.997,21.747,22.097,20.497,18.847,19.546999,22.5455,55,51,52,78,82,79,40
4986,1,2024-08-26 18:00:00+00:00,20.597,20.947,20.597,19.546999,18.347,18.947,20.095499,55,52,68,83,84,82,54
4987,1,2024-08-26 19:00:00+00:00,19.697,20.046999,19.947,18.796999,17.997,18.447,18.845499,58,56,68,85,84,84,59
4988,1,2024-08-26 20:00:00+00:00,18.796999,19.147,19.097,18.546999,17.796999,18.097,17.8955,63,60,67,82,82,86,64
4989,1,2024-08-26 21:00:00+00:00,18.597,18.296999,18.497,18.247,17.647,17.747,17.095499,65,63,66,79,80,86,69
4990,1,2024-08-26 22:00:00+00:00,18.447,17.546999,17.997,17.597,17.447,17.347,16.345499,65,65,65,79,80,85,73
4991,1,2024-08-26 23:00:00+00:00,18.597,17.046999,17.546999,16.847,17.247,16.947,15.7955,64,65,65,79,81,83,77
4992,1,2024-08-27 00:00:00+00:00,17.046999,17.197,16.546999,17.647,16.947,17.497,15.695499,72,65,72,74,88,76,77
4993,1,2024-08-27 01:00:00+00:00,16.597,17.097,16.097,17.247,16.447,17.447,15.2955,73,65,76,75,88,76,80
4994,1,2024-08-27 02:00:00+00:00,16.097,16.897,16.047,16.897,15.896999,17.397,15.0455,77,67,77,77,88,74,83
4995,1,2024-08-27 03:00:00+00:00,15.896999,16.647,16.097,16.897,15.847,17.597,15.4955,80,70,78,79,87,72,82
4996,1,2024-08-27 04:00:00+00:00,15.646999,16.397,15.896999,17.347,16.497,18.097,17.0455,83,74,79,79,84,69,75
4997,1,2024-08-27 05:00:00+00:00,17.447,17.697,17.647,18.147,17.597,18.796999,19.2455,78,72,76,77,79,65,64
4998,1,2024-08-27 06:00:00+00:00,20.546999,20.546999,19.397,18.597,18.997,19.897,20.3955,64,63,70,75,74,61,58
4999,1,2024-08-27 07:00:00+00:00,22.997,23.097,21.546999,19.796999,20.847,21.647,21.6455,55,53,60,71,68,56,53
5000,1,2024-08-27 08:00:00+00:00,25.247,25.347,23.747,21.296999,22.947,23.796999,22.7455,48,47,53,64,61,50,48
5001,1,2024-08-27 09:00:00+00:00,26.697,26.847,25.296999,22.647,24.647,25.546999,23.8955,42,41,47,59,55,46,44
5002,1,2024-08-27 10:00:00+00:00,27.647,27.897,25.747,23.997,25.796999,26.796999,25.4455,38,37,47,55,51,42,39
5003,1,2024-08-27 11:00:00+00:00,28.097,28.546999,26.647,25.197,26.546999,27.697,26.9955,36,34,43,51,47,40,35
5004,1,2024-08-27 12:00:00+00:00,27.647,28.597,27.447,26.847,27.046999,26.847,28.4955,37,33,39,41,45,45,30
5005,1,2024-08-27 13:00:00+00:00,27.197,27.847,26.947,25.847,26.197,25.497,27.2455,38,34,40,46,49,52,33
5006,1,2024-08-27 14:00:00+00:00,27.046999,26.847,25.247,24.197,24.747,23.397,25.4455,37,37,50,55,56,63,37
5007,1,2024-08-27 15:00:00+00:00,26.296999,26.147,24.947,22.647,23.296999,21.597,23.8955,38,38,48,63,64,72,42
5008,1,2024-08-27 16:00:00+00:00,24.347,23.997,23.597,21.546999,22.046999,20.546999,22.845499,45,44,51,70,73,77,46
5009,1,2024-08-27 17:00:00+00:00,22.347,21.697,22.296999,20.647,20.796999,19.796999,22.0455,52,52,53,77,83,79,51
5010,1,2024-08-27 18:00:00+00:00,21.296999,20.796999,21.497,18.997,19.647,19.097,21.4955,56,57,53,87,90,81,54
5011,1,2024-08-27 19:00:00+00:00,20.197,19.796999,20.147,18.347,18.597,18.296999,20.4455,59,60,59,87,92,82,60
5012,1,2024-08-27 20:00:00+00:00,18.947,18.947,18.796999,17.647,17.597,17.497,19.4955,66,64,63,86,90,81,66
5013,1,2024-08-27 21:00:00+00:00,18.147,18.046999,18.147,16.997,16.747,16.796999,18.595499,72,72,66,85,89,81,71
5014,1,2024-08-27 22:00:00+00:00,17.647,17.546999,17.697,16.397,15.997,16.296999,17.595499,75,75,71,84,89,81,75
5015,1,2024-08-27 23:00:00+00:00,16.897,17.197,17.247,15.797,15.396999,15.896999,16.595499,80,78,76,82,89,82,79
5016,1,2024-08-28 00:00:00+00:00,16.047,16.997,16.697,15.646999,15.697,16.147,15.9955,84,80,79,82,82,84,80
5017,1,2024-08-28 01:00:00+00:00,15.597,16.597,16.447,15.047,15.047,15.747,15.3455,87,82,81,86,84,85,84
5018,1,2024-08-28 02:00:00+00:00,15.297,15.947,15.997,14.597,14.396999,15.497,14.9955,89,84,84,88,87,86,86
5019,1,2024-08-28 03:00:00+00:00,15.047,15.497,15.547,14.896999,14.447,15.646999,15.3955,90,86,86,88,88,85,85
5020,1,2024-08-28 04:00:00+00:00,14.997,15.197,15.197,16.347,15.646999,16.347,16.8955,89,88,87,83,85,83,78
5021,1,2024-08-28 05:00:00+00:00,17.397,17.546999,17.647,18.597,17.546999,17.497,19.1955,80,79,78,74,79,79,67
5022,1,2024-08-28 06:00:00+00:00,20.847,21.247,21.097,20.497,19.697,18.997,22.2955,65,61,63,65,72,74,54
5023,1,2024-08-28 07:00:00+00:00,23.296999,23.546999,23.747,22.947,22.197,21.097,24.8955,55,52,52,56,64,66,45
5024,1,2024-08-28 08:00:00+00:00,25.247,25.647,25.747,25.647,24.947,23.497,27.595499,49,46,46,47,54,57,36
5025,1,2024-08-28 09:00:00+00:00,26.997,27.347,27.247,27.697,27.097,25.397,29.4955,43,41,40,40,46,49,29
5026,1,2024-08-28 10:00:00+00:00,27.997,27.897,28.247,28.747,28.247,26.447,30.2455,37,36,35,35,40,45,25
5027,1,2024-08-28 11:00:00+00:00,28.546999,28.347,28.497,29.147,28.796999,26.997,30.2455,34,34,33,33,36,43,24
5028,1,2024-08-28 12:00:00+00:00,28.497,28.546999,28.447,28.947,29.796999,28.247,30.6955,33,33,32,30,29,35,22
5029,1,2024-08-28 13:00:00+00:00,28.247,28.497,28.397,28.697,29.796999,27.897,29.845499,33,32,32,30,27,35,23
5030,1,2024-08-28 14:00:00+00:00,27.397,27.647,27.997,28.147,29.397,27.097,28.3955,35,34,32,31,27,37,26
5031,1,2024-08-28 15:00:00+00:00,26.046999,25.997,26.847,27.046999,28.347,25.897,26.7955,38,40,35,34,29,41,31
5032,1,2024-08-28 16:00:00+00:00,23.747,23.497,24.097,25.046999,26.247,24.046999,25.0455,45,49,44,40,36,47,38
5033,1,2024-08-28 17:00:00+00:00,21.347,21.296999,21.697,22.597,23.497,21.796999,23.095499,54,58,53,49,46,54,47
5034,1,2024-08-28 18:00:00+00:00,20.046999,19.997,20.097,20.697,21.296999,19.997,20.1955,59,60,59,57,54,60,54
5035,1,2024-08-28 19:00:00+00:00,19.147,19.147,19.247,19.647,20.247,18.997,19.595499,63,64,63,63,58,63,56
5036,1,2024-08-28 20:00:00+00:00,18.447,18.597,18.847,19.097,19.697,18.397,19.2955,67,68,67,69,60,64,59
5037,1,2024-08-28 21:00:00+00:00,18.147,17.897,18.397,18.597,19.097,17.847,18.7955,71,73,69,73,63,66,62
5038,1,2024-08-28 22:00:00+00:00,17.847,17.546999,17.747,18.046999,18.097,17.296999,17.7455,74,76,73,76,68,70,68
5039,1,2024-08-28 23:00:00+00:00,17.347,17.046999,17.147,17.597,16.997,16.847,16.4955,76,79,76,78,73,75,75
5040,1,2024-08-29 00:00:00+00:00,16.747,16.647,16.546999,16.947,16.546999,16.397,16.4955,79,79,78,78,82,79,76
5041,1,2024-08-29 01:00:00+00:00,16.247,16.047,16.047,16.247,15.747,15.697,15.7455,82,83,81,81,86,83,81
5042,1,2024-08-29 02:00:00+00:00,15.797,15.497,15.447,15.497,14.997,15.097,14.9955,85,86,84,85,89,87,86
5043,1,2024-08-29 03:00:00+00:00,15.447,14.997,14.896999,15.547,15.097,15.197,15.0955,86,89,87,85,89,87,86
5044,1,2024-08-29 04:00:00+00:00,15.197,14.797,14.597,16.847,16.497,16.397,16.5455,87,90,89,80,83,82,79
5045,1,2024-08-29 05:00:00+00:00,17.447,17.097,17.046999,18.897,18.697,18.296999,18.8955,79,82,80,71,73,74,68
5046,1,2024-08-29 06:00:00+00:00,21.197,20.647,21.046999,20.897,21.046999,20.447,21.7955,62,66,64,64,63,66,58
5047,1,2024-08-29 07:00:00+00:00,23.897,23.347,23.897,23.546999,23.597,22.997,25.1955,53,55,52,56,54,57,47
5048,1,2024-08-29 08:00:00+00:00,26.296999,25.796999,26.097,26.347,26.347,25.747,28.9455,46,48,45,48,45,48,35
5049,1,2024-08-29 09:00:00+00:00,28.046999,27.796999,27.947,28.497,28.447,27.897,30.9955,39,43,40,41,37,40,28
5050,1,2024-08-29 10:00:00+00:00,29.197,28.847,29.197,29.597,29.597,28.997,29.9955,35,36,35,35,32,34,29
5051,1,2024-08-29 11:00:00+00:00,29.597,29.347,29.847,30.046999,30.046999,29.497,27.345499,33,31,31,30,28,30,34
5052,1,2024-08-29 12:00:00+00:00,29.097,28.897,29.597,29.897,29.546999,30.947,25.4955,30,30,29,29,28,23,39
5053,1,2024-08-29 13:00:00+00:00,28.697,28.947,29.347,29.347,29.097,30.447,24.4955,31,30,29,29,29,22,41
5054,1,2024-08-29 14:00:00+00:00,27.947,28.296999,28.796999,28.296999,28.147,29.397,23.9955,33,31,29,32,31,22,43
5055,1,2024-08-29 15:00:00+00:00,26.347,26.847,26.997,26.897,26.847,27.947,23.3955,38,36,35,36,35,25,46
5056,1,2024-08-29 16:00:00+00:00,23.796999,24.347,24.647,24.847,24.897,25.796999,22.3955,44,44,42,43,41,33,53
5057,1,2024-08-29 17:00:00+00:00,21.546999,21.997,22.296999,22.447,22.546999,23.247,21.2955,51,52,51,51,48,43,62
5058,1,2024-08-29 18:00:00+00:00,20.546999,20.296999,20.597,20.247,20.647,21.197,23.2955,55,58,56,57,54,51,41
5059,1,2024-08-29 19:00:00+00:00,19.847,19.397,19.597,19.296999,19.597,20.247,21.6955,56,60,60,59,56,54,46
5060,1,2024-08-29 20:00:00+00:00,19.197,18.796999,18.997,18.897,18.997,19.796999,20.095499,61,63,61,60,57,55,50
5061,1,2024-08-29 21:00:00+00:00,18.497,18.197,18.347,18.447,18.397,19.347,18.7955,65,67,65,62,58,56,55
5062,1,2024-08-29 22:00:00+00:00,17.947,17.597,17.697,17.796999,17.697,18.647,18.095499,69,71,69,67,62,59,59
5063,1,2024-08-29 23:00:00+00:00,17.247,17.097,17.247,17.147,16.997,17.947,17.6955,72,74,73,72,67,62,63
5064,1,2024-08-30 00:00:00+00:00,16.747,16.546999,16.847,16.597,16.647,16.247,17.095499,75,78,75,78,74,70,64
5065,1,2024-08-30 01:00:00+00:00,16.397,15.847,15.947,15.646999,15.646999,15.297,16.1955,77,83,79,82,79,75,67
5066,1,2024-08-30 02:00:00+00:00,15.896999,15.247,15.247,14.646999,14.697,14.396999,15.3955,80,86,83,86,85,81,70
5067,1,2024-08-30 03:00:00+00:00,15.197,14.747,14.697,14.547,14.597,14.396999,15.445499,83,88,86,86,86,82,70
5068,1,2024-08-30 04:00:00+00:00,14.747,14.396999,14.347,15.797,15.947,15.797,16.7455,86,89,88,80,81,77,65
5069,1,2024-08-30 05:00:00+00:00,17.046999,16.847,16.796999,17.897,18.197,18.097,18.9455,77,79,79,71,72,67,57
5070,1,2024-08-30 06:00:00+00:00,20.647,20.296999,20.397,20.497,20.697,20.597,21.9955,62,65,65,63,62,58,50
5071,1,2024-08-30 07:00:00+00:00,23.796999,23.397,23.347,23.197,23.497,23.347,25.0455,50,53,54,54,52,50,40
5072,1,2024-08-30 08:00:00+00:00,26.497,26.197,26.046999,26.147,26.597,26.296999,28.345499,42,44,46,44,42,42,29
5073,1,2024-08-30 09:00:00+00:00,28.397,28.247,28.347,28.447,28.897,28.546999,30.6955,36,37,39,36,34,35,21
5074,1,2024-08-30 10:00:00+00:00,29.647,29.347,29.597,29.747,30.097,29.697,31.4455,30,31,31,30,28,30,18
5075,1,2024-08-30 11:00:00+00:00,30.046999,29.847,30.296999,30.347,30.597,30.097,31.1955,26,28,28,26,25,26,18
5076,1,2024-08-30 12:00:00+00:00,30.147,29.397,30.397,30.796999,30.497,30.397,27.095499,23,26,25,23,23,23,29
5077,1,2024-08-30 13:00:00+00:00,29.046999,28.796999,28.847,30.097,29.796999,29.947,27.2455,25,27,28,23,23,24,28
5078,1,2024-08-30 14:00:00+00:00,28.347,28.046999,26.997,28.697,28.497,28.947,27.845499,27,30,35,26,24,26,26
5079,1,2024-08-30 15:00:00+00:00,26.747,26.147,26.296999,27.097,26.897,27.697,27.7955,28,34,39,30,28,30,25
5080,1,2024-08-30 16:00:00+00:00,23.796999,23.197,24.197,25.097,24.847,25.997,26.4955,38,42,43,37,35,35,28
5081,1,2024-08-30 17:00:00+00:00,21.397,20.997,22.197,22.847,22.497,23.997,24.595499,50,53,48,46,44,42,32
5082,1,2024-08-30 18:00:00+00:00,20.697,19.947,20.647,21.497,20.697,22.397,21.3955,54,51,54,50,51,46,40
5083,1,2024-08-30 19:00:00+00:00,20.197,19.197,20.097,20.597,19.897,21.546999,19.8955,53,52,55,52,53,47,42
5084,1,2024-08-30 20:00:00+00:00,19.247,18.747,19.597,19.997,19.647,21.097,18.595499,53,54,55,52,52,45,44
5085,1,2024-08-30 21:00:00+00:00,18.197,18.147,19.046999,19.347,19.247,20.447,17.595499,55,57,57,54,53,46,47
5086,1,2024-08-30 22:00:00+00:00,17.247,17.497,18.497,18.397,18.397,19.197,16.9455,60,62,58,58,57,51,53
5087,1,2024-08-30 23:00:00+00:00,16.597,16.796999,17.597,17.447,17.447,17.796999,16.595499,65,67,62,62,62,58,61
5088,1,2024-08-31 00:00:00+00:00,15.747,16.447,16.397,16.697,16.497,16.147,16.3955,71,72,68,68,73,68,65
5089,1,2024-08-31 01:00:00+00:00,15.097,15.997,15.847,15.997,15.597,15.097,15.695499,75,76,72,73,78,74,72
5090,1,2024-08-31 02:00:00+00:00,14.497,15.497,15.396999,15.447,14.747,14.197,15.2455,79,78,76,77,82,80,79
5091,1,2024-08-31 03:00:00+00:00,13.947,14.997,14.997,15.597,14.747,14.197,15.4955,81,80,80,78,82,82,80
5092,1,2024-08-31 04:00:00+00:00,13.646999,14.697,14.497,16.697,16.197,15.697,16.845499,83,82,83,74,76,76,73
5093,1,2024-08-31 05:00:00+00:00,16.097,17.097,16.847,18.447,18.546999,18.147,18.8955,74,73,76,67,65,67,62
5094,1,2024-08-31 06:00:00+00:00,19.597,20.397,20.597,20.497,20.997,20.747,20.6955,62,59,59,59,55,56,53
5095,1,2024-08-31 07:00:00+00:00,22.796999,23.097,23.397,23.046999,23.497,23.497,23.4955,51,49,49,51,46,45,44
5096,1,2024-08-31 08:00:00+00:00,25.546999,25.597,25.747,25.847,26.046999,26.447,26.6455,43,42,42,43,37,34,35
5097,1,2024-08-31 09:00:00+00:00,27.796999,27.796999,27.546999,27.847,27.947,28.647,28.8955,37,36,37,37,30,25,28
5098,1,2024-08-31 10:00:00+00:00,28.796999,29.397,28.997,28.546999,28.897,29.897,29.6955,31,32,33,33,26,21,25
5099,1,2024-08-31 11:00:00+00:00,29.247,29.597,29.597,28.397,29.247,30.447,29.5455,28,27,28,32,25,20,25
5100,1,2024-08-31 12:00:00+00:00,29.397,29.597,29.597,29.546999,28.947,30.497,28.1955,26,24,26,25,26,20,27
5101,1,2024-08-31 13:00:00+00:00,28.997,29.147,29.397,28.697,28.247,29.397,27.4455,25,25,25,26,27,23,27
5102,1,2024-08-31 14:00:00+00:00,27.947,27.997,27.796999,27.197,27.046999,27.597,26.3955,28,27,28,29,29,27,28
5103,1,2024-08-31 15:00:00+00:00,25.897,25.997,25.796999,25.697,25.647,25.747,25.1955,34,32,33,32,32,32,30
5104,1,2024-08-31 16:00:00+00:00,24.147,24.046999,23.497,24.347,23.947,23.997,23.7455,37,38,40,36,37,37,33
5105,1,2024-08-31 17:00:00+00:00,22.447,22.296999,21.897,23.046999,22.046999,22.247,22.095499,43,45,45,40,42,42,38
5106,1,2024-08-31 18:00:00+00:00,21.697,21.447,20.197,21.046999,20.546999,20.796999,21.2955,47,48,48,48,47,46,41
5107,1,2024-08-31 19:00:00+00:00,20.997,20.796999,19.296999,20.046999,19.796999,19.947,20.1955,49,51,50,52,50,48,46
5108,1,2024-08-31 20:00:00+00:00,20.447,20.247,18.647,19.296999,19.447,19.447,19.2455,51,54,55,55,53,49,52
5109,1,2024-08-31 21:00:00+00:00,19.497,19.747,17.997,18.546999,18.897,18.847,18.2955,55,56,58,58,56,51,58
5110,1,2024-08-31 22:00:00+00:00,18.397,17.747,17.147,17.597,17.796999,18.046999,17.2955,60,63,62,62,61,55,63
5111,1,2024-08-31 23:00:00+00:00,17.247,16.447,16.247,16.597,16.597,17.147,16.2955,65,70,66,66,66,60,67
5112,1,2024-09-01 00:00:00+00:00,15.697,16.546999,15.146999,16.747,16.197,16.147,16.1955,71,70,70,67,68,66,66
5113,1,2024-09-01 01:00:00+00:00,14.597,15.896999,14.697,16.296999,15.847,15.597,15.3955,75,73,73,70,71,70,71
5114,1,2024-09-01 02:00:00+00:00,14.197,15.497,14.247,16.047,15.797,15.297,14.4955,77,77,78,72,73,73,76
5115,1,2024-09-01 03:00:00+00:00,13.997,15.146999,13.797,16.296999,16.247,15.646999,14.4955,78,80,83,72,72,73,77
5116,1,2024-09-01 04:00:00+00:00,13.997,15.197,13.396999,17.247,17.247,16.947,15.8455,80,81,87,69,68,68,72
5117,1,2024-09-01 05:00:00+00:00,16.546999,17.046999,15.997,18.647,18.647,18.847,17.9955,72,74,78,64,62,60,62
5118,1,2024-09-01 06:00:00+00:00,20.296999,19.796999,20.347,19.947,20.347,20.947,20.1955,54,58,59,60,55,52,51
5119,1,2024-09-01 07:00:00+00:00,23.097,22.147,23.197,22.197,22.497,23.247,23.345499,43,47,47,52,48,45,42
5120,1,2024-09-01 08:00:00+00:00,25.546999,24.697,25.747,24.796999,24.947,25.647,26.7955,36,39,39,42,41,38,32
5121,1,2024-09-01 09:00:00+00:00,27.247,26.697,27.546999,26.747,26.847,27.546999,29.095499,32,33,34,35,35,33,26
5122,1,2024-09-01 10:00:00+00:00,28.597,28.197,28.247,27.697,27.947,28.697,29.4955,29,30,30,31,32,30,24
5123,1,2024-09-01 11:00:00+00:00,28.546999,27.597,28.147,27.997,28.497,29.347,28.7455,27,29,29,29,30,28,25
5124,1,2024-09-01 12:00:00+00:00,28.147,26.647,27.697,27.847,28.796999,27.897,27.3955,29,31,29,27,27,28,27
5125,1,2024-09-01 13:00:00+00:00,27.747,26.497,27.647,27.347,28.296999,27.546999,26.595499,28,31,29,28,27,28,29
5126,1,2024-09-01 14:00:00+00:00,26.546999,25.497,27.197,26.497,27.296999,26.947,25.5455,31,32,30,30,28,29,31
5127,1,2024-09-01 15:00:00+00:00,25.447,24.697,26.097,25.296999,25.897,25.947,24.3955,32,33,33,33,31,32,34
5128,1,2024-09-01 16:00:00+00:00,23.447,23.097,23.947,23.546999,23.997,24.347,22.9455,38,38,39,38,36,37,37
5129,1,2024-09-01 17:00:00+00:00,21.747,21.397,22.046999,21.447,21.697,22.347,21.3955,43,43,44,44,43,43,40
5130,1,2024-09-01 18:00:00+00:00,20.796999,20.997,20.497,20.197,19.796999,20.796999,22.2955,45,44,48,48,49,48,39
5131,1,2024-09-01 19:00:00+00:00,19.947,20.097,19.347,19.546999,18.647,20.046999,21.1455,47,47,52,50,54,50,43
5132,1,2024-09-01 20:00:00+00:00,19.947,19.197,18.597,19.347,17.847,19.697,19.6455,47,50,57,51,57,51,48
5133,1,2024-09-01 21:00:00+00:00,19.597,18.397,18.247,18.997,17.147,19.247,18.3955,51,55,60,53,61,53,53
5134,1,2024-09-01 22:00:00+00:00,19.046999,17.447,18.147,18.247,16.347,18.447,17.5455,55,60,61,56,64,55,58
5135,1,2024-09-01 23:00:00+00:00,18.397,16.747,17.947,17.296999,15.597,17.546999,16.845499,57,63,63,59,68,58,63
5136,1,2024-09-02 00:00:00+00:00,16.747,17.546999,18.296999,17.296999,16.397,17.097,15.9955,61,61,59,61,67,67,71
5137,1,2024-09-02 01:00:00+00:00,15.646999,16.947,17.497,16.497,15.697,16.647,15.0455,65,63,61,65,72,71,76
5138,1,2024-09-02 02:00:00+00:00,14.847,16.597,16.597,15.697,15.247,16.296999,14.195499,70,66,65,69,76,76,81
5139,1,2024-09-02 03:00:00+00:00,14.547,16.296999,16.447,15.597,15.447,16.447,14.2955,73,68,68,70,77,77,81
5140,1,2024-09-02 04:00:00+00:00,15.197,16.147,16.647,16.597,16.597,17.397,15.8455,73,70,69,67,73,74,74
5141,1,2024-09-02 05:00:00+00:00,17.296999,18.097,17.847,18.347,18.347,18.847,18.345499,67,64,66,62,66,67,64
5142,1,2024-09-02 06:00:00+00:00,20.097,20.247,20.097,20.197,20.397,20.546999,20.7955,56,54,58,59,58,60,53
5143,1,2024-09-02 07:00:00+00:00,22.197,22.747,22.447,22.447,22.847,22.697,24.2455,49,47,50,52,50,52,43
5144,1,2024-09-02 08:00:00+00:00,24.197,25.397,24.947,25.097,25.546999,25.046999,28.0455,43,39,43,44,42,44,33
5145,1,2024-09-02 09:00:00+00:00,26.397,27.546999,27.296999,27.097,27.546999,26.847,30.2955,37,34,37,38,36,38,27
5146,1,2024-09-02 10:00:00+00:00,27.897,28.997,28.697,27.897,28.347,27.647,29.845499,32,30,31,34,33,35,26
5147,1,2024-09-02 11:00:00+00:00,28.046999,28.747,28.997,28.046999,28.497,27.897,27.7955,30,28,28,31,31,33,29
5148,1,2024-09-02 12:00:00+00:00,27.046999,27.697,29.247,28.296999,27.897,28.796999,27.7955,33,30,27,30,30,29,30
5149,1,2024-09-02 13:00:00+00:00,27.197,27.447,29.296999,27.997,27.796999,28.597,26.345499,33,30,27,30,30,29,33
5150,1,2024-09-02 14:00:00+00:00,26.847,26.697,28.747,27.447,27.447,28.046999,24.4955,34,32,28,31,30,30,37
5151,1,2024-09-02 15:00:00+00:00,25.546999,26.147,27.747,26.546999,26.697,27.097,22.9955,38,34,29,33,32,32,41
5152,1,2024-09-02 16:00:00+00:00,23.647,24.997,25.347,25.197,25.147,25.546999,22.1455,47,39,36,38,37,37,44
5153,1,2024-09-02 17:00:00+00:00,22.347,23.296999,23.697,23.546999,23.197,23.597,21.6955,50,43,43,44,43,43,48
5154,1,2024-09-02 18:00:00+00:00,20.747,21.147,22.296999,21.747,21.546999,21.997,21.595499,57,49,48,49,49,48,46
5155,1,2024-09-02 19:00:00+00:00,19.847,20.546999,21.497,20.796999,20.597,21.046999,21.0455,59,51,51,52,53,52,49
5156,1,2024-09-02 20:00:00+00:00,18.997,20.197,20.747,20.197,19.947,20.447,20.4955,61,52,55,55,56,56,53
5157,1,2024-09-02 21:00:00+00:00,18.247,19.397,20.097,19.546999,19.247,19.897,19.6955,66,58,59,58,59,59,57
5158,1,2024-09-02 22:00:00+00:00,17.197,18.447,19.247,18.597,18.397,19.197,18.4955,71,63,62,62,63,63,62
5159,1,2024-09-02 23:00:00+00:00,16.347,17.247,18.296999,17.647,17.497,18.597,17.095499,74,67,64,66,66,66,68
5160,1,2024-09-03 00:00:00+00:00,16.847,15.797,17.347,18.147,16.947,17.397,18.6955,68,72,70,64,72,70,61
5161,1,2024-09-03 01:00:00+00:00,15.947,15.047,16.347,16.847,16.247,16.647,17.3955,73,77,77,72,77,74,67
5162,1,2024-09-03 02:00:00+00:00,15.447,14.547,15.646999,15.497,15.646999,16.047,15.8955,76,81,82,80,81,78,74
5163,1,2024-09-03 03:00:00+00:00,14.797,14.297,15.146999,15.097,15.797,16.147,15.4955,80,84,85,84,82,79,77
5164,1,2024-09-03 04:00:00+00:00,14.396999,14.347,14.896999,16.447,17.147,17.296999,16.9455,83,84,87,79,76,75,71
5165,1,2024-09-03 05:00:00+00:00,17.197,17.447,17.447,18.747,19.247,19.097,19.5455,73,71,78,69,67,67,61
5166,1,2024-09-03 06:00:00+00:00,20.447,21.046999,20.997,20.897,21.296999,20.997,21.8955,61,57,59,61,58,60,51
5167,1,2024-09-03 07:00:00+00:00,23.296999,23.847,23.046999,22.647,23.247,22.947,25.1955,51,49,51,54,50,53,42
5168,1,2024-09-03 08:00:00+00:00,25.997,26.046999,25.046999,24.197,25.147,24.997,28.6955,44,42,45,47,43,46,33
5169,1,2024-09-03 09:00:00+00:00,27.697,27.247,25.647,25.347,26.546999,26.497,30.7955,37,37,41,42,38,41,28
5170,1,2024-09-03 10:00:00+00:00,28.447,28.347,26.197,25.947,27.147,27.296999,30.595499,33,33,39,40,36,38,27
5171,1,2024-09-03 11:00:00+00:00,29.247,28.796999,27.447,26.147,27.247,27.597,28.9955,31,31,37,39,36,36,29
5172,1,2024-09-03 12:00:00+00:00,28.947,29.397,27.947,26.897,26.046999,26.947,27.6955,32,30,33,39,42,37,31
5173,1,2024-09-03 13:00:00+00:00,28.647,28.897,27.847,26.847,26.097,26.897,25.9955,33,30,33,39,41,37,37
5174,1,2024-09-03 14:00:00+00:00,28.197,28.447,27.447,26.397,25.847,26.597,23.8955,34,31,34,39,40,37,44
5175,1,2024-09-03 15:00:00+00:00,26.947,27.097,26.397,25.647,25.296999,25.947,22.095499,37,34,37,40,41,39,51
5176,1,2024-09-03 16:00:00+00:00,23.847,24.447,23.747,24.347,24.097,24.647,21.095499,49,44,51,43,46,42,56
5177,1,2024-09-03 17:00:00+00:00,22.697,22.947,21.697,22.697,22.597,22.997,20.4455,50,48,61,47,54,47,60
5178,1,2024-09-03 18:00:00+00:00,19.847,20.247,21.447,19.897,21.296999,21.497,18.7955,80,73,51,79,60,51,73
5179,1,2024-09-03 19:00:00+00:00,19.296999,19.397,20.796999,19.247,20.497,20.447,18.3955,84,81,54,79,62,55,74
5180,1,2024-09-03 20:00:00+00:00,18.897,19.296999,20.247,19.046999,19.997,19.647,18.1455,82,79,56,74,62,58,74
5181,1,2024-09-03 21:00:00+00:00,18.347,19.347,19.647,18.796999,19.546999,18.847,17.8955,76,70,61,70,63,62,74
5182,1,2024-09-03 22:00:00+00:00,17.897,18.796999,19.447,18.197,19.197,17.947,17.4955,75,70,62,71,65,68,75
5183,1,2024-09-03 23:00:00+00:00,17.497,18.247,19.097,17.497,18.897,17.046999,17.0455,78,71,62,73,67,75,76
5184,1,2024-09-04 00:00:00+00:00,18.046999,17.796999,17.647,17.796999,18.247,18.747,18.2955,68,74,69,75,68,64,66
5185,1,2024-09-04 01:00:00+00:00,17.546999,17.597,17.296999,17.147,17.796999,18.296999,17.6955,70,74,71,75,70,66,68
5186,1,2024-09-04 02:00:00+00:00,17.296999,17.497,17.296999,16.497,17.347,17.847,16.9955,71,73,70,77,71,68,71
5187,1,2024-09-04 03:00:00+00:00,17.147,17.197,17.296999,16.296999,17.296999,17.747,16.8955,71,73,70,77,71,68,71
5188,1,2024-09-04 04:00:00+00:00,17.347,17.046999,17.296999,16.947,17.697,18.147,17.7455,71,74,70,75,69,67,67
5189,1,2024-09-04 05:00:00+00:00,18.597,17.747,18.397,18.097,18.447,18.947,19.2955,68,72,67,71,65,64,60
5190,1,2024-09-04 06:00:00+00:00,20.447,19.447,18.847,20.796999,19.647,19.997,21.3955,61,65,68,57,61,61,52
5191,1,2024-09-04 07:00:00+00:00,22.097,21.497,20.147,22.097,21.597,21.497,24.845499,55,56,61,53,55,56,43
5192,1,2024-09-04 08:00:00+00:00,23.296999,23.597,22.197,23.296999,23.947,23.296999,28.6455,52,49,53,49,48,50,34
5193,1,2024-09-04 09:00:00+00:00,24.546999,24.897,23.347,24.397,25.796999,24.747,30.8955,48,45,50,45,42,45,28
5194,1,2024-09-04 10:00:00+00:00,25.897,25.247,23.296999,25.497,26.747,25.747,30.4955,43,43,52,42,39,42,28
5195,1,2024-09-04 11:00:00+00:00,26.796999,25.997,23.197,26.447,27.147,26.397,28.5455,41,41,54,39,37,40,30
5196,1,2024-09-04 12:00:00+00:00,27.046999,26.247,20.947,27.147,25.997,26.796999,23.9955,38,41,58,37,39,39,45
5197,1,2024-09-04 13:00:00+00:00,26.997,26.347,21.647,26.997,25.747,26.597,22.595499,37,39,57,37,38,39,50
5198,1,2024-09-04 14:00:00+00:00,26.647,25.647,22.296999,26.497,24.997,26.147,21.6455,37,40,56,37,39,39,54
5199,1,2024-09-04 15:00:00+00:00,25.247,24.447,22.097,25.597,24.046999,25.347,20.8955,41,42,56,40,41,41,58
5200,1,2024-09-04 16:00:00+00:00,23.546999,22.296999,20.897,24.097,22.847,23.997,20.1955,47,51,62,46,46,46,62
5201,1,2024-09-04 17:00:00+00:00,21.997,21.097,19.747,22.197,21.497,22.347,19.6955,51,54,65,53,52,52,65
5202,1,2024-09-04 18:00:00+00:00,20.747,21.197,20.397,20.796999,20.397,20.897,19.2955,59,54,54,56,57,57,71
5203,1,2024-09-04 19:00:00+00:00,19.997,20.397,19.697,19.997,19.796999,19.897,19.1455,63,60,57,59,59,60,69
5204,1,2024-09-04 20:00:00+00:00,19.397,19.997,19.197,19.397,19.497,19.097,18.845499,65,64,60,61,59,63,67
5205,1,2024-09-04 21:00:00+00:00,18.847,19.497,18.796999,18.847,19.247,18.497,18.4955,67,64,63,63,59,65,66
5206,1,2024-09-04 22:00:00+00:00,18.397,18.947,18.497,18.197,18.947,18.097,17.9955,67,64,63,65,59,67,67
5207,1,2024-09-04 23:00:00+00:00,17.697,18.546999,17.796999,17.597,18.647,17.796999,17.4455,68,63,64,67,58,70,69
5208,1,2024-09-05 00:00:00+00:00,16.796999,17.546999,16.897,18.097,16.647,16.796999,17.3955,71,67,67,68,73,76,68
5209,1,2024-09-05 01:00:00+00:00,16.497,17.197,16.347,17.747,16.197,16.247,17.0455,71,68,68,69,75,77,69
5210,1,2024-09-05 02:00:00+00:00,16.296999,16.997,15.847,17.347,15.797,15.797,16.7455,72,69,70,70,77,78,69
5211,1,2024-09-05 03:00:00+00:00,16.147,16.647,15.646999,17.397,15.896999,15.947,16.8955,72,71,71,69,78,77,68
5212,1,2024-09-05 04:00:00+00:00,15.896999,16.546999,15.847,18.046999,16.697,16.847,17.595499,73,71,72,67,76,73,65
5213,1,2024-09-05 05:00:00+00:00,17.546999,18.097,17.947,19.097,17.947,18.247,18.6955,69,67,66,63,72,66,61
5214,1,2024-09-05 06:00:00+00:00,20.296999,20.097,19.847,20.097,19.347,19.947,20.595499,60,59,58,58,67,60,58
5215,1,2024-09-05 07:00:00+00:00,22.397,21.697,21.847,21.997,20.997,22.097,22.9955,54,54,52,52,61,53,50
5216,1,2024-09-05 08:00:00+00:00,24.347,23.197,24.046999,24.147,22.796999,24.546999,25.8955,48,49,45,45,53,47,41
5217,1,2024-09-05 09:00:00+00:00,25.796999,24.997,24.847,25.647,24.247,26.546999,27.6955,43,44,42,40,47,41,35
5218,1,2024-09-05 10:00:00+00:00,26.397,26.247,25.197,26.097,25.197,27.847,27.2955,40,40,41,38,43,37,36
5219,1,2024-09-05 11:00:00+00:00,27.097,26.197,25.247,25.897,25.796999,28.647,25.7455,39,39,41,38,41,34,40
5220,1,2024-09-05 12:00:00+00:00,26.197,26.197,25.897,24.847,26.347,24.796999,27.595499,41,39,38,43,39,41,38
5221,1,2024-09-05 13:00:00+00:00,26.546999,25.796999,25.796999,24.497,26.247,24.847,25.9455,39,40,38,43,39,41,44
5222,1,2024-09-05 14:00:00+00:00,26.147,25.747,25.947,23.947,25.747,24.546999,23.2455,39,39,38,45,40,41,53
5223,1,2024-09-05 15:00:00+00:00,25.097,25.046999,25.347,23.147,24.947,23.897,20.9955,41,40,39,47,42,43,61
5224,1,2024-09-05 16:00:00+00:00,23.347,23.046999,23.046999,22.097,23.647,22.647,19.7455,46,45,45,51,46,46,67
5225,1,2024-09-05 17:00:00+00:00,21.447,20.847,20.847,20.847,22.046999,21.046999,18.9455,51,51,51,56,51,51,73
5226,1,2024-09-05 18:00:00+00:00,21.647,19.447,19.747,19.997,20.747,19.697,21.2955,55,56,57,55,55,55,55
5227,1,2024-09-05 19:00:00+00:00,20.647,18.647,19.046999,19.447,19.947,18.897,20.4455,65,60,59,57,58,58,56
5228,1,2024-09-05 20:00:00+00:00,20.046999,18.197,18.997,19.347,19.447,18.347,19.6455,67,61,59,57,61,60,56
5229,1,2024-09-05 21:00:00+00:00,19.197,17.397,18.497,19.046999,18.997,17.847,18.8955,65,65,62,59,63,63,56
5230,1,2024-09-05 22:00:00+00:00,18.097,16.597,17.647,18.247,18.546999,17.197,18.1955,65,70,67,64,64,68,58
5231,1,2024-09-05 23:00:00+00:00,17.296999,15.847,16.897,17.247,18.197,16.546999,17.4955,68,75,71,69,65,75,60
5232,1,2024-09-06 00:00:00+00:00,17.546999,15.597,16.947,16.347,16.747,15.997,15.695499,73,79,74,78,69,79,71
5233,1,2024-09-06 01:00:00+00:00,17.447,15.197,16.847,16.097,16.447,15.797,15.0955,77,83,77,80,71,80,75
5234,1,2024-09-06 02:00:00+00:00,17.447,14.947,16.897,15.997,16.147,15.747,14.5455,77,85,77,80,73,80,78
5235,1,2024-09-06 03:00:00+00:00,17.347,15.097,16.997,16.447,16.447,16.197,14.7955,77,84,76,78,73,78,77
5236,1,2024-09-06 04:00:00+00:00,17.247,15.447,17.147,17.747,17.597,17.296999,16.2955,77,82,75,72,69,72,71
5237,1,2024-09-06 05:00:00+00:00,18.347,17.947,18.697,19.597,19.347,18.847,18.595499,74,73,70,64,62,65,61
5238,1,2024-09-06 06:00:00+00:00,20.546999,20.296999,21.097,21.447,21.046999,20.647,20.3955,62,61,58,55,56,57,57
5239,1,2024-09-06 07:00:00+00:00,22.497,22.447,22.796999,23.247,22.697,22.947,23.595499,55,53,52,49,50,50,46
5240,1,2024-09-06 08:00:00+00:00,24.247,24.647,24.597,25.097,24.347,25.447,27.0455,48,47,46,43,44,43,36
5241,1,2024-09-06 09:00:00+00:00,25.197,26.046999,25.647,26.546999,25.697,27.397,29.1955,44,42,42,38,40,37,29
5242,1,2024-09-06 10:00:00+00:00,26.447,26.997,26.447,27.546999,26.647,28.347,29.095499,40,38,39,35,37,34,28
5243,1,2024-09-06 11:00:00+00:00,26.647,27.747,27.097,28.247,27.247,28.747,27.6955,39,37,35,32,36,32,30
5244,1,2024-09-06 12:00:00+00:00,27.097,27.347,28.046999,28.447,26.697,28.046999,27.4955,37,36,33,32,39,33,29
5245,1,2024-09-06 13:00:00+00:00,26.796999,26.997,27.347,28.147,26.546999,27.947,26.7955,36,36,33,32,39,32,30
5246,1,2024-09-06 14:00:00+00:00,26.296999,26.597,27.147,27.347,26.097,27.397,25.6955,37,36,32,33,39,33,32
5247,1,2024-09-06 15:00:00+00:00,25.296999,25.497,26.147,26.296999,25.347,26.397,24.595499,39,39,34,35,41,35,34
5248,1,2024-09-06 16:00:00+00:00,23.247,23.097,23.796999,24.697,24.046999,24.647,23.7955,47,46,41,40,46,40,36
5249,1,2024-09-06 17:00:00+00:00,21.447,20.947,21.647,22.796999,22.397,22.397,23.0455,51,53,47,46,52,46,38
5250,1,2024-09-06 18:00:00+00:00,18.997,19.947,20.647,22.296999,21.046999,20.546999,21.595499,62,58,56,51,57,52,44
5251,1,2024-09-06 19:00:00+00:00,17.947,18.897,20.147,21.497,20.347,19.497,20.6955,67,61,58,53,59,57,48
5252,1,2024-09-06 20:00:00+00:00,17.247,18.497,19.747,20.897,19.997,18.796999,19.7455,70,61,58,55,59,62,52
5253,1,2024-09-06 21:00:00+00:00,16.847,18.147,19.347,20.247,19.597,18.197,18.8955,73,64,60,57,60,67,56
5254,1,2024-09-06 22:00:00+00:00,16.447,17.847,18.597,19.247,18.997,17.546999,18.2955,74,65,63,62,64,72,60
5255,1,2024-09-06 23:00:00+00:00,15.997,17.296999,17.897,18.147,18.296999,16.997,17.8955,76,69,66,68,69,76,65
5256,1,2024-09-07 00:00:00+00:00,15.997,16.947,16.997,17.046999,17.046999,17.397,17.8955,74,73,73,74,71,73,66
5257,1,2024-09-07 01:00:00+00:00,15.747,16.897,16.796999,16.847,16.747,16.847,17.095499,76,74,75,75,73,76,70
5258,1,2024-09-07 02:00:00+00:00,15.447,16.647,16.697,16.897,16.647,16.397,15.8955,78,75,77,75,74,79,75
5259,1,2024-09-07 03:00:00+00:00,15.097,16.747,16.897,17.296999,16.997,16.597,15.4955,80,75,76,74,73,78,77
5260,1,2024-09-07 04:00:00+00:00,15.097,16.897,17.097,18.097,17.947,17.697,16.4955,80,75,76,71,70,73,72
5261,1,2024-09-07 05:00:00+00:00,17.397,18.397,18.796999,19.197,19.296999,19.447,18.2455,74,70,70,66,65,66,63
5262,1,2024-09-07 06:00:00+00:00,20.546999,20.447,21.046999,21.247,20.897,21.197,21.4955,63,61,61,58,59,59,52
5263,1,2024-09-07 07:00:00+00:00,22.897,22.796999,22.897,23.247,22.796999,22.947,23.9455,55,53,54,51,53,53,44
5264,1,2024-09-07 08:00:00+00:00,24.997,24.997,24.397,25.447,24.847,24.697,26.6955,47,48,49,44,46,47,36
5265,1,2024-09-07 09:00:00+00:00,26.397,26.546999,24.897,27.147,26.546999,26.147,28.6955,41,43,47,38,40,42,30
5266,1,2024-09-07 10:00:00+00:00,27.197,28.046999,24.897,28.197,27.747,27.296999,29.3955,37,37,46,34,36,38,27
5267,1,2024-09-07 11:00:00+00:00,27.597,28.697,25.097,28.796999,28.546999,28.046999,29.2455,36,35,44,31,34,34,27
5268,1,2024-09-07 12:00:00+00:00,28.097,28.347,27.997,28.747,28.546999,27.546999,26.3955,36,33,34,32,32,37,33
5269,1,2024-09-07 13:00:00+00:00,27.747,27.697,28.197,28.497,28.247,27.097,24.6955,36,34,34,31,32,38,39
5270,1,2024-09-07 14:00:00+00:00,26.697,25.546999,27.546999,27.747,27.397,26.147,22.7455,37,41,34,32,33,41,47
5271,1,2024-09-07 15:00:00+00:00,25.296999,24.747,26.647,26.597,26.247,24.747,21.3955,41,44,35,35,36,48,52
5272,1,2024-09-07 16:00:00+00:00,23.697,23.296999,24.597,24.847,24.697,22.697,21.1955,47,51,42,43,43,61,52
5273,1,2024-09-07 17:00:00+00:00,22.296999,21.847,23.147,22.697,22.897,20.247,21.595499,51,54,48,52,52,77,50
5274,1,2024-09-07 18:00:00+00:00,20.947,21.796999,21.847,21.097,21.397,18.447,22.6955,54,48,55,60,60,89,41
5275,1,2024-09-07 19:00:00+00:00,20.347,21.147,21.247,20.546999,20.546999,17.897,21.095499,57,52,57,61,64,93,49
5276,1,2024-09-07 20:00:00+00:00,20.097,20.847,20.747,20.296999,20.046999,17.947,19.2455,58,55,59,61,67,93,60
5277,1,2024-09-07 21:00:00+00:00,19.647,20.647,20.347,19.997,19.497,18.097,17.7955,59,54,58,61,69,91,68
5278,1,2024-09-07 22:00:00+00:00,18.997,20.097,19.796999,19.397,18.796999,18.097,17.095499,61,56,57,62,69,86,73
5279,1,2024-09-07 23:00:00+00:00,18.046999,18.897,19.147,18.747,18.097,18.147,16.845499,64,64,62,64,69,78,76
5280,1,2024-09-08 00:00:00+00:00,16.947,17.197,17.997,18.747,18.147,18.447,16.3955,71,71,69,62,65,66,75
5281,1,2024-09-08 01:00:00+00:00,16.847,16.697,17.497,18.296999,17.697,18.147,15.7455,73,74,72,65,68,66,78
5282,1,2024-09-08 02:00:00+00:00,16.847,16.296999,17.347,17.847,17.296999,17.897,15.2455,75,76,74,68,71,68,80
5283,1,2024-09-08 03:00:00+00:00,16.697,15.646999,17.197,17.897,17.397,18.097,15.4955,76,80,75,70,72,69,79
5284,1,2024-09-08 04:00:00+00:00,16.347,15.047,17.296999,18.647,18.296999,18.796999,16.7455,79,83,75,68,69,67,73
5285,1,2024-09-08 05:00:00+00:00,18.247,17.597,18.796999,19.847,19.697,19.947,18.7455,73,74,71,64,65,64,63
5286,1,2024-09-08 06:00:00+00:00,20.847,20.647,20.397,21.247,21.347,21.397,21.1955,61,61,66,59,59,59,53
5287,1,2024-09-08 07:00:00+00:00,23.397,22.947,22.747,23.247,23.296999,23.497,24.2455,52,53,57,52,52,52,43
5288,1,2024-09-08 08:00:00+00:00,25.847,25.546999,25.197,25.397,25.497,25.947,27.7455,45,46,50,45,45,45,34
5289,1,2024-09-08 09:00:00+00:00,27.397,27.847,27.046999,27.147,27.296999,27.897,29.8955,40,39,44,39,39,38,27
5290,1,2024-09-08 10:00:00+00:00,28.747,28.897,28.197,28.347,28.497,29.046999,29.6955,35,34,38,35,35,34,26
5291,1,2024-09-08 11:00:00+00:00,29.247,29.447,28.847,29.147,29.296999,29.697,28.1455,33,31,35,33,32,31,28
5292,1,2024-09-08 12:00:00+00:00,30.046999,29.546999,29.947,29.796999,29.247,29.847,28.7955,30,32,30,31,30,28,29
5293,1,2024-09-08 13:00:00+00:00,29.847,29.447,29.947,29.697,28.247,29.497,28.1955,28,30,29,29,33,28,30
5294,1,2024-09-08 14:00:00+00:00,29.296999,28.947,29.397,29.197,26.546999,28.647,27.4455,27,31,29,28,39,29,32
5295,1,2024-09-08 15:00:00+00:00,28.147,27.897,28.597,28.147,25.046999,27.546999,26.3955,29,32,29,31,44,31,35
5296,1,2024-09-08 16:00:00+00:00,25.447,24.847,25.747,26.147,24.046999,25.997,24.7455,41,42,39,40,46,36,40
5297,1,2024-09-08 17:00:00+00:00,23.796999,22.796999,23.546999,23.546999,23.247,24.197,22.7955,45,48,48,52,48,42,47
5298,1,2024-09-08 18:00:00+00:00,22.247,20.897,21.447,22.847,22.497,22.647,22.8955,56,52,52,51,50,47,47
5299,1,2024-09-08 19:00:00+00:00,20.597,19.647,20.397,21.296999,21.847,21.747,22.4455,71,57,56,58,54,49,50
5300,1,2024-09-08 20:00:00+00:00,19.497,18.997,19.296999,19.796999,21.296999,21.097,22.345499,80,60,62,65,58,50,52
5301,1,2024-09-08 21:00:00+00:00,18.697,17.947,18.747,18.546999,20.697,20.447,21.9955,74,65,66,70,61,52,54
5302,1,2024-09-08 22:00:00+00:00,17.647,16.947,17.897,17.497,19.947,19.546999,21.0455,69,67,70,72,63,55,55
5303,1,2024-09-08 23:00:00+00:00,16.647,16.397,16.546999,16.647,19.147,18.647,19.845499,70,65,74,72,64,59,55
5304,1,2024-09-09 00:00:00+00:00,15.847,15.297,14.997,15.697,15.646999,18.296999,18.3955,81,73,77,76,80,64,58
5305,1,2024-09-09 01:00:00+00:00,15.097,14.747,14.447,14.747,15.197,17.897,18.345499,84,76,80,80,80,66,59
5306,1,2024-09-09 02:00:00+00:00,14.646999,14.197,14.047,13.947,15.047,17.647,18.345499,85,80,84,85,82,68,61
5307,1,2024-09-09 03:00:00+00:00,14.297,13.797,13.697,14.047,15.497,17.847,18.6955,86,83,86,85,81,68,61
5308,1,2024-09-09 04:00:00+00:00,13.847,13.497,13.697,15.547,16.847,18.546999,19.345499,87,85,86,79,76,67,60
5309,1,2024-09-09 05:00:00+00:00,16.147,16.497,16.847,17.947,18.847,19.697,20.2955,80,75,75,70,69,64,57
5310,1,2024-09-09 06:00:00+00:00,19.796999,20.447,20.296999,20.497,21.097,21.247,21.8955,69,59,62,62,61,59,52
5311,1,2024-09-09 07:00:00+00:00,22.697,23.597,23.397,23.247,23.747,23.597,25.095499,57,49,52,53,52,51,43
5312,1,2024-09-09 08:00:00+00:00,25.796999,26.447,26.397,26.147,26.697,26.447,28.5455,46,41,42,44,43,42,33
5313,1,2024-09-09 09:00:00+00:00,28.397,28.796999,28.697,28.347,28.947,28.597,30.7955,37,33,34,37,35,35,27
5314,1,2024-09-09 10:00:00+00:00,29.796999,30.247,29.796999,29.497,30.296999,29.747,31.095499,30,27,28,32,30,31,25
5315,1,2024-09-09 11:00:00+00:00,30.197,31.097,30.046999,30.046999,30.997,30.296999,30.2455,26,23,25,29,27,29,25
5316,1,2024-09-09 12:00:00+00:00,30.147,31.247,30.197,30.247,30.647,29.796999,27.6955,28,23,24,24,25,33,31
5317,1,2024-09-09 13:00:00+00:00,30.347,31.046999,30.147,30.247,30.497,28.897,26.6955,27,22,24,24,24,36,33
5318,1,2024-09-09 14:00:00+00:00,29.847,30.697,29.897,29.897,29.947,27.447,25.595499,29,21,24,24,24,41,35
5319,1,2024-09-09 15:00:00+00:00,28.897,29.097,29.147,28.947,28.897,25.847,24.4955,31,25,25,26,26,46,38
5320,1,2024-09-09 16:00:00+00:00,25.897,25.447,25.597,26.847,26.947,24.046999,23.4455,39,37,38,28,30,51,42
5321,1,2024-09-09 17:00:00+00:00,24.097,23.147,23.397,24.046999,24.497,22.147,22.3955,38,41,41,31,36,57,47
5322,1,2024-09-09 18:00:00+00:00,22.597,21.397,21.247,21.747,22.497,20.597,20.6955,40,45,42,41,42,62,58
5323,1,2024-09-09 19:00:00+00:00,21.697,20.546999,20.447,20.747,21.597,19.697,19.7455,41,53,51,46,47,66,63
5324,1,2024-09-09 20:00:00+00:00,20.847,20.296999,19.897,20.397,21.197,19.147,19.1955,49,58,53,50,52,68,66
5325,1,2024-09-09 21:00:00+00:00,20.046999,19.447,18.847,19.796999,20.497,18.747,18.7955,56,62,59,55,57,70,67
5326,1,2024-09-09 22:00:00+00:00,18.847,17.897,17.347,18.597,18.947,18.347,18.4955,62,68,66,60,63,70,66
5327,1,2024-09-09 23:00:00+00:00,17.647,16.546999,15.797,17.197,17.097,18.097,18.2955,68,73,73,64,68,70,63
5328,1,2024-09-10 00:00:00+00:00,16.997,15.997,14.997,15.247,15.747,15.047,17.4955,72,72,77,75,72,79,63
5329,1,2024-09-10 01:00:00+00:00,16.097,14.597,14.396999,14.146999,14.396999,14.097,16.5455,77,78,78,79,78,82,68
5330,1,2024-09-10 02:00:00+00:00,15.447,14.047,14.047,13.297,13.247,13.447,15.695499,81,80,78,82,83,84,74
5331,1,2024-09-10 03:00:00+00:00,14.997,13.646999,13.497,13.447,13.247,13.747,15.7955,82,82,80,81,84,83,75
5332,1,2024-09-10 04:00:00+00:00,14.896999,13.646999,13.197,15.247,15.097,15.547,17.2455,82,83,82,75,77,76,69
5333,1,2024-09-10 05:00:00+00:00,17.796999,16.847,16.197,18.097,18.147,18.296999,19.595499,71,72,74,66,66,66,60
5334,1,2024-09-10 06:00:00+00:00,21.247,20.947,20.647,20.997,21.247,21.197,22.095499,59,59,59,58,55,56,48
5335,1,2024-09-10 07:00:00+00:00,24.546999,24.197,23.796999,24.197,24.347,24.347,25.3955,47,47,48,47,46,45,40
5336,1,2024-09-10 08:00:00+00:00,27.647,27.097,26.796999,27.497,27.497,27.647,29.095499,38,38,39,36,37,34,31
5337,1,2024-09-10 09:00:00+00:00,29.947,29.497,29.247,29.847,29.847,30.097,31.3955,31,30,32,28,30,26,25
5338,1,2024-09-10 10:00:00+00:00,31.197,31.247,30.647,30.546999,31.097,31.397,31.2955,26,23,26,24,24,22,24
5339,1,2024-09-10 11:00:00+00:00,31.747,30.697,30.397,30.247,31.546999,31.847,29.7955,22,21,23,23,20,20,26
5340,1,2024-09-10 12:00:00+00:00,31.447,31.247,30.347,30.747,31.546999,31.296999,26.2955,19,22,22,22,19,20,32
5341,1,2024-09-10 13:00:00+00:00,30.897,30.647,30.897,30.197,30.796999,30.397,24.6455,20,21,19,22,18,21,37
5342,1,2024-09-10 14:00:00+00:00,29.796999,29.697,29.747,29.147,29.546999,28.897,23.2455,19,20,21,23,18,24,43
5343,1,2024-09-10 15:00:00+00:00,28.197,27.997,27.497,27.697,27.897,27.147,22.1955,20,21,24,26,22,28,47
5344,1,2024-09-10 16:00:00+00:00,25.397,24.897,24.296999,25.697,25.647,25.046999,21.6955,27,28,32,32,31,35,49
5345,1,2024-09-10 17:00:00+00:00,23.546999,22.397,22.046999,23.347,23.046999,22.697,21.5455,36,39,43,41,44,43,51
5346,1,2024-09-10 18:00:00+00:00,21.147,20.847,20.397,20.397,20.897,20.796999,22.4955,43,52,49,54,54,49,45
5347,1,2024-09-10 19:00:00+00:00,20.697,20.097,19.697,19.296999,19.597,19.747,22.095499,45,55,51,57,58,51,46
5348,1,2024-09-10 20:00:00+00:00,19.546999,19.147,19.197,18.597,18.697,19.197,22.095499,41,54,54,58,59,52,46
5349,1,2024-09-10 21:00:00+00:00,17.997,17.997,18.397,17.997,17.897,18.546999,21.7955,49,58,58,60,61,55,47
5350,1,2024-09-10 22:00:00+00:00,16.947,17.197,17.296999,17.296999,17.046999,17.647,20.9455,60,65,62,63,66,62,49
5351,1,2024-09-10 23:00:00+00:00,16.097,16.546999,16.497,16.647,16.247,16.747,19.845499,67,69,66,67,72,71,51
5352,1,2024-09-11 00:00:00+00:00,14.697,15.247,16.497,15.997,14.847,15.447,18.095499,72,74,73,75,74,80,64
5353,1,2024-09-11 01:00:00+00:00,13.997,14.646999,15.646999,14.997,13.896999,14.646999,17.0455,80,76,76,80,79,85,68
5354,1,2024-09-11 02:00:00+00:00,13.396999,14.146999,14.896999,14.047,13.097,13.947,15.945499,84,79,80,86,83,88,73
5355,1,2024-09-11 03:00:00+00:00,12.947,13.697,14.497,14.097,13.347,14.247,15.7955,86,82,82,87,83,88,73
5356,1,2024-09-11 04:00:00+00:00,12.797,13.697,14.447,15.797,15.297,15.997,17.1955,86,83,84,81,76,81,68
5357,1,2024-09-11 05:00:00+00:00,16.296999,16.947,17.347,18.497,18.247,18.697,19.595499,73,71,74,71,65,69,58
5358,1,2024-09-11 06:00:00+00:00,20.397,20.897,21.147,20.997,21.247,21.447,21.4955,59,57,60,61,54,58,46
5359,1,2024-09-11 07:00:00+00:00,23.997,24.347,24.147,23.796999,24.197,24.197,24.9455,45,45,50,52,45,49,37
5360,1,2024-09-11 08:00:00+00:00,27.447,27.397,26.997,26.747,27.197,26.947,28.7955,34,37,43,42,37,40,28
5361,1,2024-09-11 09:00:00+00:00,30.046999,29.796999,29.197,28.997,29.447,28.997,31.3955,26,30,36,35,31,34,22
5362,1,2024-09-11 10:00:00+00:00,31.447,31.197,29.847,30.296999,30.697,29.997,31.7455,22,26,29,31,27,31,20
5363,1,2024-09-11 11:00:00+00:00,31.647,31.897,30.697,30.897,31.247,30.247,30.845499,20,22,26,28,24,30,21
5364,1,2024-09-11 12:00:00+00:00,31.747,31.597,30.847,30.747,31.247,31.197,33.495502,19,21,25,26,23,23,18
5365,1,2024-09-11 13:00:00+00:00,31.147,31.447,30.697,29.997,30.697,30.197,31.8955,19,20,25,27,23,26,20
5366,1,2024-09-11 14:00:00+00:00,29.447,30.546999,29.697,28.647,29.597,28.546999,29.345499,17,21,26,30,26,31,25
5367,1,2024-09-11 15:00:00+00:00,28.046999,28.397,27.897,27.097,28.247,26.796999,27.095499,20,22,31,34,30,36,28
5368,1,2024-09-11 16:00:00+00:00,24.947,25.747,25.497,25.347,26.497,24.997,25.7455,27,27,35,38,36,41,29
5369,1,2024-09-11 17:00:00+00:00,22.397,23.197,23.497,23.397,24.497,23.147,24.6955,38,38,37,43,44,47,30
5370,1,2024-09-11 18:00:00+00:00,21.247,21.046999,22.247,22.046999,22.796999,21.497,22.8955,49,47,45,50,51,52,41
5371,1,2024-09-11 19:00:00+00:00,19.947,19.647,21.197,20.697,21.597,20.247,21.7455,56,53,48,54,55,56,41
5372,1,2024-09-11 20:00:00+00:00,18.697,17.796999,20.197,19.546999,20.697,19.197,20.6455,60,59,51,57,58,58,40
5373,1,2024-09-11 21:00:00+00:00,17.397,16.397,19.347,18.747,19.847,18.247,19.595499,62,64,54,59,61,61,40
5374,1,2024-09-11 22:00:00+00:00,16.847,15.747,18.347,18.447,18.997,17.296999,18.595499,62,67,58,59,64,64,43
5375,1,2024-09-11 23:00:00+00:00,16.197,15.146999,17.447,18.447,18.147,16.397,17.6455,68,69,60,59,66,68,47
5376,1,2024-09-12 00:00:00+00:00,15.047,14.297,16.647,16.796999,15.997,15.646999,16.1955,72,72,64,68,67,72,54
5377,1,2024-09-12 01:00:00+00:00,14.497,13.597,16.047,16.047,15.347,14.747,15.2955,75,77,67,71,70,76,58
5378,1,2024-09-12 02:00:00+00:00,14.047,13.297,15.347,15.396999,14.896999,14.097,14.5455,77,80,71,74,75,80,62
5379,1,2024-09-12 03:00:00+00:00,13.646999,13.146999,14.747,15.497,15.197,14.347,14.7955,79,82,76,75,76,80,63
5380,1,2024-09-12 04:00:00+00:00,13.597,13.347,14.597,16.796999,16.546999,15.947,16.4955,80,82,79,71,71,75,58
5381,1,2024-09-12 05:00:00+00:00,16.997,17.097,17.697,18.897,18.647,18.397,19.1455,69,70,69,65,62,66,50
5382,1,2024-09-12 06:00:00+00:00,20.546999,20.947,21.247,21.247,20.897,21.046999,21.8955,56,56,55,58,54,57,40
5383,1,2024-09-12 07:00:00+00:00,23.546999,23.897,24.097,23.947,23.447,23.947,25.595499,48,48,47,50,47,49,33
5384,1,2024-09-12 08:00:00+00:00,26.497,26.697,26.747,26.847,26.197,26.997,29.6455,41,41,40,42,40,41,25
5385,1,2024-09-12 09:00:00+00:00,28.597,28.847,28.997,29.097,28.347,29.247,32.495502,35,36,34,35,35,35,20
5386,1,2024-09-12 10:00:00+00:00,28.897,29.247,29.347,30.497,29.697,30.347,33.3455,32,33,32,31,31,31,18
5387,1,2024-09-12 11:00:00+00:00,30.046999,30.147,30.097,31.247,30.397,30.647,33.0455,30,30,29,28,29,28,17
5388,1,2024-09-12 12:00:00+00:00,30.046999,30.447,30.897,31.097,31.097,30.447,32.195503,27,28,28,28,26,28,18
5389,1,2024-09-12 13:00:00+00:00,30.397,30.697,30.847,30.197,30.296999,29.947,30.845499,27,27,27,30,28,29,20
5390,1,2024-09-12 14:00:00+00:00,29.497,29.847,30.296999,28.597,28.847,28.947,28.9955,28,27,27,34,32,31,23
5391,1,2024-09-12 15:00:00+00:00,26.447,26.796999,28.447,26.747,27.247,27.647,27.2955,36,37,31,40,36,34,27
5392,1,2024-09-12 16:00:00+00:00,23.997,25.296999,25.546999,24.647,25.597,25.947,25.9955,45,40,40,51,40,39,32
5393,1,2024-09-12 17:00:00+00:00,22.247,23.647,23.947,22.296999,23.796999,23.947,24.8955,57,47,45,64,44,45,37
5394,1,2024-09-12 18:00:00+00:00,19.097,21.597,21.796999,23.247,22.296999,22.197,23.7955,86,67,61,47,48,50,42
5395,1,2024-09-12 19:00:00+00:00,18.947,21.046999,20.447,21.796999,21.347,20.997,22.4955,86,69,73,51,51,54,44
5396,1,2024-09-12 20:00:00+00:00,18.796999,20.997,19.697,20.497,20.647,20.046999,21.1455,88,62,79,54,53,58,44
5397,1,2024-09-12 21:00:00+00:00,18.597,20.296999,19.097,19.197,19.847,19.097,19.8955,88,59,78,57,56,61,45
5398,1,2024-09-12 22:00:00+00:00,18.447,18.947,17.897,17.847,18.647,18.046999,18.845499,79,57,74,61,60,64,46
5399,1,2024-09-12 23:00:00+00:00,17.597,17.597,16.897,16.546999,17.296999,16.947,17.8955,70,61,68,65,65,67,47
5400,1,2024-09-13 00:00:00+00:00,16.647,15.747,15.447,16.397,15.947,17.097,16.7955,67,67,75,68,72,66,48
5401,1,2024-09-13 01:00:00+00:00,15.597,14.947,14.347,15.247,14.997,15.947,15.8955,72,70,80,72,76,72,51
5402,1,2024-09-13 02:00:00+00:00,14.847,14.297,13.547,14.297,14.197,14.947,15.0455,76,73,84,76,79,78,55
5403,1,2024-09-13 03:00:00+00:00,14.597,13.847,13.097,14.347,14.396999,14.947,15.195499,77,76,85,77,79,80,56
5404,1,2024-09-13 04:00:00+00:00,15.047,13.896999,13.047,15.947,16.047,16.546999,16.7955,75,78,85,72,73,74,53
5405,1,2024-09-13 05:00:00+00:00,18.046999,17.296999,16.847,18.597,18.647,19.147,19.3955,66,69,69,64,63,65,47
5406,1,2024-09-13 06:00:00+00:00,21.247,21.097,21.397,21.597,21.397,21.847,22.8955,54,55,54,56,54,55,37
5407,1,2024-09-13 07:00:00+00:00,24.497,24.247,24.697,24.647,24.347,24.597,26.2955,45,47,45,47,46,47,31
5408,1,2024-09-13 08:00:00+00:00,27.447,27.397,27.447,27.897,27.397,27.397,29.9455,37,39,38,38,38,39,25
5409,1,2024-09-13 09:00:00+00:00,29.697,29.697,29.697,30.296999,29.747,29.546999,32.695503,31,32,33,31,32,33,20
5410,1,2024-09-13 10:00:00+00:00,30.647,30.897,30.847,31.347,30.947,30.697,34.1455,27,27,27,27,28,29,17
5411,1,2024-09-13 11:00:00+00:00,31.097,31.397,31.046999,31.497,31.397,31.147,34.745502,24,24,23,25,26,27,16
5412,1,2024-09-13 12:00:00+00:00,31.046999,31.296999,30.897,30.197,31.597,31.197,34.5955,23,22,23,26,23,25,15
5413,1,2024-09-13 13:00:00+00:00,30.597,30.897,29.647,29.747,30.997,30.647,32.8955,23,22,25,26,24,24,17
5414,1,2024-09-13 14:00:00+00:00,29.947,29.747,28.147,29.046999,29.697,29.546999,30.345499,23,23,29,27,27,23,21
5415,1,2024-09-13 15:00:00+00:00,28.497,27.897,27.497,27.947,27.997,27.947,27.9955,21,26,29,30,31,26,24
5416,1,2024-09-13 16:00:00+00:00,25.546999,25.447,24.897,26.097,25.597,25.497,26.345499,29,30,31,36,37,34,27
5417,1,2024-09-13 17:00:00+00:00,23.046999,23.097,22.397,23.897,22.796999,22.497,24.9455,41,41,42,44,45,45,30
5418,1,2024-09-13 18:00:00+00:00,21.397,21.747,21.347,21.947,20.597,20.097,22.7955,49,50,52,48,51,54,48
5419,1,2024-09-13 19:00:00+00:00,20.796999,20.997,20.597,20.947,19.546999,18.697,21.6455,51,53,56,51,54,58,48
5420,1,2024-09-13 20:00:00+00:00,19.997,20.447,19.997,20.397,19.147,17.847,20.6955,52,54,58,53,56,61,46
5421,1,2024-09-13 21:00:00+00:00,19.497,19.647,19.397,19.747,18.647,17.147,19.6955,49,49,57,55,58,63,46
5422,1,2024-09-13 22:00:00+00:00,18.597,18.497,18.647,18.647,17.847,16.497,18.4455,52,59,60,58,62,67,50
5423,1,2024-09-13 23:00:00+00:00,17.697,17.697,17.897,17.397,17.046999,15.997,17.1455,60,63,65,61,67,70,56
5424,1,2024-09-14 00:00:00+00:00,16.197,16.397,16.897,16.347,15.247,14.997,16.1955,69,68,68,67,73,77,61
5425,1,2024-09-14 01:00:00+00:00,15.047,15.247,15.747,14.947,14.197,13.997,15.3955,75,73,75,74,79,82,65
5426,1,2024-09-14 02:00:00+00:00,14.247,14.297,14.797,13.547,13.396999,13.097,14.695499,78,77,80,80,83,87,69
5427,1,2024-09-14 03:00:00+00:00,13.646999,13.646999,13.947,13.297,13.547,13.197,14.8955,80,80,84,82,84,87,69
5428,1,2024-09-14 04:00:00+00:00,13.597,13.447,13.497,14.947,15.247,14.747,16.4955,79,81,86,76,78,81,63
5429,1,2024-09-14 05:00:00+00:00,16.997,16.796999,16.847,17.697,17.947,17.247,18.9955,68,68,71,65,67,72,53
5430,1,2024-09-14 06:00:00+00:00,20.647,21.197,20.796999,20.497,20.796999,20.046999,22.2955,55,53,54,55,57,61,41
5431,1,2024-09-14 07:00:00+00:00,23.897,24.847,24.647,23.747,23.897,23.247,25.845499,44,41,38,44,48,49,33
5432,1,2024-09-14 08:00:00+00:00,26.997,28.046999,28.046999,27.247,27.197,26.697,29.6955,33,31,27,33,38,36,25
5433,1,2024-09-14 09:00:00+00:00,29.147,30.247,30.097,29.897,29.697,29.397,32.5955,27,26,23,24,31,25,19
5434,1,2024-09-14 10:00:00+00:00,30.497,31.597,31.397,31.347,30.997,31.046999,34.245502,23,22,21,18,26,19,16
5435,1,2024-09-14 11:00:00+00:00,30.947,31.697,32.047,31.997,31.447,31.997,34.995502,20,19,17,15,23,16,15
5436,1,2024-09-14 12:00:00+00:00,30.347,31.847,31.347,31.597,31.947,31.747,31.1955,19,17,15,13,17,13,15
5437,1,2024-09-14 13:00:00+00:00,30.147,31.046999,30.747,30.747,30.947,30.697,30.4455,16,16,14,12,17,13,14
5438,1,2024-09-14 14:00:00+00:00,29.046999,29.447,29.347,29.147,29.247,28.897,29.2455,16,16,16,14,18,15,14
5439,1,2024-09-14 15:00:00+00:00,27.447,27.647,27.147,27.247,27.296999,26.897,27.4955,18,18,21,18,22,20,16
5440,1,2024-09-14 16:00:00+00:00,24.546999,24.697,24.046999,24.897,24.947,24.647,24.7955,25,25,29,26,31,29,20
5441,1,2024-09-14 17:00:00+00:00,22.097,22.147,21.546999,22.197,22.296999,22.197,21.595499,36,35,42,37,42,40,26
5442,1,2024-09-14 18:00:00+00:00,20.197,20.497,20.897,20.097,20.197,20.197,20.595499,48,48,48,48,51,49,29
5443,1,2024-09-14 19:00:00+00:00,18.597,19.897,20.147,19.247,19.147,19.097,19.345499,54,52,52,51,54,54,34
5444,1,2024-09-14 20:00:00+00:00,17.647,19.447,19.847,18.997,18.597,18.447,18.5455,59,52,49,51,54,56,40
5445,1,2024-09-14 21:00:00+00:00,16.747,18.147,18.796999,18.546999,17.997,17.796999,17.7955,61,56,54,53,56,59,45
5446,1,2024-09-14 22:00:00+00:00,15.997,16.796999,17.597,17.597,16.997,16.997,17.095499,63,62,62,57,62,63,49
5447,1,2024-09-14 23:00:00+00:00,15.247,15.997,16.897,16.447,15.896999,16.197,16.4455,67,67,65,63,69,66,52
5448,1,2024-09-15 00:00:00+00:00,14.247,14.697,15.396999,15.646999,14.097,15.447,14.9955,73,75,68,73,73,68,59
5449,1,2024-09-15 01:00:00+00:00,13.847,14.347,14.547,14.447,12.847,14.247,14.0955,76,78,73,79,79,73,63
5450,1,2024-09-15 02:00:00+00:00,13.396999,13.896999,13.896999,13.297,11.747,13.047,13.2455,79,81,77,85,84,78,67
5451,1,2024-09-15 03:00:00+00:00,12.997,13.697,13.447,13.247,11.847,12.997,13.4955,83,83,81,86,85,79,67
5452,1,2024-09-15 04:00:00+00:00,13.247,13.896999,13.396999,14.997,13.896999,14.697,15.3455,83,84,84,78,78,73,60
5453,1,2024-09-15 05:00:00+00:00,16.697,16.997,16.897,17.847,17.147,17.497,18.2455,70,73,71,65,66,62,50
5454,1,2024-09-15 06:00:00+00:00,20.247,20.597,20.897,20.546999,20.447,20.447,21.595499,56,60,54,56,54,52,40
5455,1,2024-09-15 07:00:00+00:00,23.447,23.597,23.897,23.546999,23.647,23.546999,25.6455,46,49,45,47,44,43,31
5456,1,2024-09-15 08:00:00+00:00,26.497,26.447,26.597,26.647,26.947,26.796999,30.0455,38,40,38,37,35,35,22
5457,1,2024-09-15 09:00:00+00:00,28.647,28.347,28.796999,29.046999,29.447,29.247,33.195503,31,34,33,30,28,28,16
5458,1,2024-09-15 10:00:00+00:00,29.697,29.397,30.147,30.447,30.897,30.497,34.3455,26,28,28,25,24,24,13
5459,1,2024-09-15 11:00:00+00:00,30.597,30.247,29.796999,31.097,31.597,30.997,34.245502,24,26,25,23,22,23,13
5460,1,2024-09-15 12:00:00+00:00,30.697,30.447,30.296999,31.097,31.347,31.247,32.995502,24,26,26,22,21,21,12
5461,1,2024-09-15 13:00:00+00:00,30.296999,30.097,29.796999,30.647,31.046999,30.796999,32.1455,24,25,26,21,21,21,13
5462,1,2024-09-15 14:00:00+00:00,29.546999,29.397,28.947,29.697,30.197,29.796999,30.6455,24,25,26,21,21,21,16
5463,1,2024-09-15 15:00:00+00:00,28.497,28.247,27.497,28.447,28.947,28.447,28.6955,25,28,29,24,23,23,19
5464,1,2024-09-15 16:00:00+00:00,26.597,22.847,21.397,26.796999,27.046999,26.447,26.0455,35,54,61,30,28,28,23
5465,1,2024-09-15 17:00:00+00:00,24.247,21.447,20.597,24.847,24.697,23.997,22.9455,39,66,66,39,34,34,28
5466,1,2024-09-15 18:00:00+00:00,23.347,19.897,20.497,22.147,22.546999,21.847,22.7955,34,77,70,55,40,40,30
5467,1,2024-09-15 19:00:00+00:00,21.997,19.296999,20.097,20.947,20.796999,20.247,20.845499,42,80,72,57,46,46,32
5468,1,2024-09-15 20:00:00+00:00,21.247,18.747,19.497,20.046999,19.296999,18.947,18.8955,45,81,74,56,51,52,33
5469,1,2024-09-15 21:00:00+00:00,20.647,18.296999,19.397,19.197,18.097,17.747,17.3955,42,77,68,56,56,58,35
5470,1,2024-09-15 22:00:00+00:00,19.397,17.546999,18.796999,18.347,17.247,16.647,16.595499,48,68,63,57,60,63,39
5471,1,2024-09-15 23:00:00+00:00,18.247,16.697,18.097,17.546999,16.747,15.646999,16.2455,58,70,65,58,63,67,44
5472,1,2024-09-16 00:00:00+00:00,17.747,16.347,16.647,16.197,16.546999,15.447,16.4955,60,77,74,69,65,72,44
5473,1,2024-09-16 01:00:00+00:00,17.147,15.997,16.197,15.497,15.646999,14.597,15.5455,63,78,75,71,70,76,49
5474,1,2024-09-16 02:00:00+00:00,16.197,15.697,15.896999,14.997,14.847,13.896999,14.695499,67,77,75,73,74,80,53
5475,1,2024-09-16 03:00:00+00:00,15.497,16.047,15.797,15.247,14.997,14.146999,14.8955,70,75,75,73,75,80,54
5476,1,2024-09-16 04:00:00+00:00,15.146999,16.397,15.797,16.497,16.497,15.896999,16.6955,72,74,75,69,69,73,49
5477,1,2024-09-16 05:00:00+00:00,18.296999,18.046999,18.147,18.397,18.897,18.647,19.4955,62,67,69,63,60,62,41
5478,1,2024-09-16 06:00:00+00:00,21.597,21.296999,21.097,20.597,21.497,21.546999,22.9955,53,50,56,59,51,52,33
5479,1,2024-09-16 07:00:00+00:00,24.747,24.347,23.747,23.397,24.497,24.647,26.3955,44,43,49,51,43,44,27
5480,1,2024-09-16 08:00:00+00:00,27.697,27.247,26.697,26.597,27.697,27.847,30.0455,37,37,41,42,36,36,21
5481,1,2024-09-16 09:00:00+00:00,29.647,29.147,28.897,29.097,30.046999,30.247,32.695503,29,32,35,34,31,30,17
5482,1,2024-09-16 10:00:00+00:00,30.497,29.697,29.847,30.397,31.046999,31.497,33.7955,26,29,32,29,28,26,15
5483,1,2024-09-16 11:00:00+00:00,31.296999,30.497,30.296999,30.947,31.197,31.897,33.8955,24,27,30,26,26,24,14
5484,1,2024-09-16 12:00:00+00:00,30.546999,29.897,30.347,30.247,30.296999,31.697,33.5955,24,26,28,31,26,25,14
5485,1,2024-09-16 13:00:00+00:00,29.697,29.397,29.997,28.647,29.447,30.647,32.1455,26,28,29,37,29,28,16
5486,1,2024-09-16 14:00:00+00:00,29.296999,28.147,27.296999,26.247,28.097,28.796999,29.9955,28,32,38,46,35,33,20
5487,1,2024-09-16 15:00:00+00:00,25.897,26.147,25.997,24.046999,26.497,26.897,28.095499,42,44,45,55,42,39,23
5488,1,2024-09-16 16:00:00+00:00,22.796999,24.796999,23.296999,22.497,24.447,25.046999,26.6955,62,45,57,64,53,47,26
5489,1,2024-09-16 17:00:00+00:00,21.747,23.247,20.597,21.197,22.097,23.197,25.4955,69,49,76,72,65,56,29
5490,1,2024-09-16 18:00:00+00:00,19.947,20.747,22.497,19.197,20.347,21.647,23.1955,80,69,51,83,73,64,42
5491,1,2024-09-16 19:00:00+00:00,19.747,20.247,20.747,18.447,19.697,20.697,23.0455,81,70,63,89,72,69,39
5492,1,2024-09-16 20:00:00+00:00,19.046999,19.796999,20.046999,18.197,19.597,20.147,23.1455,86,62,69,93,67,72,33
5493,1,2024-09-16 21:00:00+00:00,18.546999,18.997,20.597,17.997,19.397,19.647,22.6955,81,60,57,93,64,73,31
5494,1,2024-09-16 22:00:00+00:00,17.997,18.597,19.747,17.647,18.796999,19.097,20.9955,72,63,57,88,65,71,37
5495,1,2024-09-16 23:00:00+00:00,17.197,18.347,18.647,17.397,18.046999,18.647,18.7455,74,64,62,79,68,67,48
5496,1,2024-09-17 00:00:00+00:00,16.847,18.347,17.597,17.247,16.247,16.397,16.6955,75,65,69,77,81,68,62
5497,1,2024-09-17 01:00:00+00:00,16.347,17.847,16.747,16.597,15.646999,15.547,15.8455,75,67,74,79,83,72,67
5498,1,2024-09-17 02:00:00+00:00,15.797,17.447,16.247,15.947,15.146999,14.847,15.0955,77,69,77,84,85,76,71
5499,1,2024-09-17 03:00:00+00:00,15.297,16.897,15.847,15.947,15.347,15.047,15.2955,80,72,79,85,85,77,71
5500,1,2024-09-17 04:00:00+00:00,15.097,16.546999,15.797,17.046999,16.546999,16.697,16.9455,82,75,80,80,81,72,65
5501,1,2024-09-17 05:00:00+00:00,17.546999,18.597,18.597,18.847,18.497,19.247,19.4955,76,68,71,72,74,63,55
5502,1,2024-09-17 06:00:00+00:00,20.697,21.546999,21.097,21.197,20.546999,21.847,22.1955,61,56,59,62,67,55,50
5503,1,2024-09-17 07:00:00+00:00,23.247,23.997,23.347,23.347,22.947,24.597,25.0455,54,50,52,55,59,47,42
5504,1,2024-09-17 08:00:00+00:00,26.097,26.897,25.947,25.647,25.546999,27.397,28.095499,47,43,44,47,50,40,33
5505,1,2024-09-17 09:00:00+00:00,28.097,29.147,28.097,27.347,27.296999,29.247,30.4955,40,36,39,42,44,35,27
5506,1,2024-09-17 10:00:00+00:00,29.197,30.397,29.647,28.347,27.597,29.597,32.195503,36,32,33,38,43,34,22
5507,1,2024-09-17 11:00:00+00:00,29.697,30.897,30.247,28.747,27.097,28.997,33.245502,33,29,30,36,44,35,19
5508,1,2024-09-17 12:00:00+00:00,30.097,29.947,30.397,26.296999,27.947,28.447,31.1955,30,31,30,45,40,38,21
5509,1,2024-09-17 13:00:00+00:00,29.897,28.747,29.546999,25.197,27.397,27.347,27.7955,29,35,31,50,41,42,34
5510,1,2024-09-17 14:00:00+00:00,28.897,26.997,26.046999,23.747,26.597,25.747,23.2455,31,40,46,57,43,48,53
5511,1,2024-09-17 15:00:00+00:00,25.997,25.897,24.546999,22.447,25.697,24.097,19.8955,44,46,53,63,45,56,66
5512,1,2024-09-17 16:00:00+00:00,25.046999,22.847,20.897,21.546999,24.747,22.497,19.0455,48,62,75,68,48,67,69
5513,1,2024-09-17 17:00:00+00:00,23.497,20.997,19.997,20.847,23.647,20.897,19.4455,59,75,80,73,51,79,66
5514,1,2024-09-17 18:00:00+00:00,21.647,21.347,21.597,19.546999,22.497,19.647,20.595499,67,71,69,79,54,86,61
5515,1,2024-09-17 19:00:00+00:00,20.747,20.497,20.847,19.097,21.147,18.947,19.9955,75,80,76,80,57,82,63
5516,1,2024-09-17 20:00:00+00:00,19.697,20.247,20.647,18.747,19.697,18.546999,19.1455,77,75,70,80,61,73,66
5517,1,2024-09-17 21:00:00+00:00,18.697,19.546999,19.847,18.347,18.597,18.147,18.3955,71,63,60,79,64,67,68
5518,1,2024-09-17 22:00:00+00:00,17.697,18.497,18.796999,17.796999,18.046999,17.546999,17.8955,71,68,68,78,66,68,68
5519,1,2024-09-17 23:00:00+00:00,17.247,18.046999,18.647,17.247,17.847,16.997,17.4955,73,70,68,77,68,71,67
5520,1,2024-09-18 00:00:00+00:00,16.397,17.697,17.497,18.147,17.497,17.247,17.8955,76,72,72,72,76,73,62
5521,1,2024-09-18 01:00:00+00:00,16.397,17.347,17.097,17.847,17.097,16.897,16.9455,76,75,74,73,78,75,66
5522,1,2024-09-18 02:00:00+00:00,16.497,17.097,16.947,17.597,16.747,16.597,15.945499,77,77,75,73,80,76,70
5523,1,2024-09-18 03:00:00+00:00,16.347,16.997,16.897,17.796999,16.947,16.796999,15.9955,78,77,75,72,79,76,70
5524,1,2024-09-18 04:00:00+00:00,16.247,17.046999,16.997,18.546999,17.997,17.647,17.595499,79,76,75,69,74,73,64
5525,1,2024-09-18 05:00:00+00:00,18.347,18.546999,18.697,19.747,19.647,18.997,20.2455,73,71,71,64,67,67,53
5526,1,2024-09-18 06:00:00+00:00,20.947,20.997,21.497,21.397,21.497,20.697,23.3955,63,62,58,55,60,61,52
5527,1,2024-09-18 07:00:00+00:00,23.747,23.647,24.347,23.997,23.747,23.046999,26.9455,54,54,50,48,53,54,42
5528,1,2024-09-18 08:00:00+00:00,26.397,26.447,27.097,26.697,26.247,25.796999,31.0455,47,45,43,40,45,47,32
5529,1,2024-09-18 09:00:00+00:00,28.347,28.347,28.747,28.697,28.197,27.897,33.3955,39,38,37,35,39,41,25
5530,1,2024-09-18 10:00:00+00:00,28.847,29.046999,29.597,29.597,29.397,28.997,32.5455,34,33,32,32,35,37,25
5531,1,2024-09-18 11:00:00+00:00,29.897,29.897,30.247,29.747,30.046999,29.497,29.9955,31,31,30,31,32,35,29
5532,1,2024-09-18 12:00:00+00:00,29.147,30.947,29.697,29.847,29.647,30.897,30.7955,34,28,33,34,34,26,27
5533,1,2024-09-18 13:00:00+00:00,29.247,30.697,29.597,29.546999,28.997,29.847,28.6955,34,28,33,33,35,30,33
5534,1,2024-09-18 14:00:00+00:00,28.947,30.046999,28.747,28.747,27.897,28.147,26.0455,34,29,34,34,37,36,41
5535,1,2024-09-18 15:00:00+00:00,27.997,28.647,26.947,27.546999,26.546999,26.497,23.595499,35,32,40,37,41,41,50
5536,1,2024-09-18 16:00:00+00:00,25.447,25.046999,24.097,25.546999,24.697,25.147,21.345499,45,47,56,46,50,43,61
5537,1,2024-09-18 17:00:00+00:00,23.647,21.447,22.097,23.097,22.546999,23.847,19.345499,54,70,65,59,62,45,74
5538,1,2024-09-18 18:00:00+00:00,20.947,20.447,22.447,20.247,20.847,22.647,18.8955,67,81,60,79,71,47,76
5539,1,2024-09-18 19:00:00+00:00,19.847,20.197,21.497,19.897,19.897,21.647,18.595499,71,84,67,82,77,52,77
5540,1,2024-09-18 20:00:00+00:00,19.247,19.847,21.147,19.647,19.397,20.747,18.6455,70,87,70,85,80,58,75
5541,1,2024-09-18 21:00:00+00:00,19.147,19.546999,20.447,19.447,19.046999,19.947,18.6955,71,87,71,85,81,62,73
5542,1,2024-09-18 22:00:00+00:00,19.097,18.997,19.947,19.447,18.796999,19.097,18.7455,68,84,68,81,76,64,71
5543,1,2024-09-18 23:00:00+00:00,17.947,18.197,19.247,19.497,18.697,18.347,18.7455,72,79,66,75,69,64,69
5544,1,2024-09-19 00:00:00+00:00,16.897,17.847,18.197,18.947,19.447,18.397,17.2955,76,72,70,75,61,65,76
5545,1,2024-09-19 01:00:00+00:00,15.847,17.097,17.497,18.147,18.847,17.947,16.3955,82,75,72,76,63,66,78
5546,1,2024-09-19 02:00:00+00:00,15.297,16.897,16.796999,17.197,18.197,17.447,15.2455,86,76,75,79,68,68,82
5547,1,2024-09-19 03:00:00+00:00,15.097,16.796999,16.247,16.997,18.097,17.497,15.195499,87,77,78,79,70,68,81
5548,1,2024-09-19 04:00:00+00:00,15.097,16.697,16.097,17.947,18.897,18.247,16.845499,86,78,79,74,67,66,73
5549,1,2024-09-19 05:00:00+00:00,17.947,18.947,18.697,19.697,20.296999,19.447,19.4955,77,70,71,67,62,62,61
5550,1,2024-09-19 06:00:00+00:00,21.296999,21.397,21.796999,21.497,21.997,20.997,22.8955,63,61,58,59,56,58,50
5551,1,2024-09-19 07:00:00+00:00,24.097,24.147,24.597,23.796999,24.097,23.097,26.7455,55,54,51,52,50,53,39
5552,1,2024-09-19 08:00:00+00:00,26.647,26.796999,27.296999,26.296999,26.497,25.546999,30.9455,48,46,43,45,43,46,30
5553,1,2024-09-19 09:00:00+00:00,27.997,28.347,28.796999,28.197,28.397,27.497,33.495502,41,40,36,39,37,41,23
5554,1,2024-09-19 10:00:00+00:00,29.247,29.847,30.097,29.347,29.597,28.546999,33.3455,38,36,33,35,33,37,21
5555,1,2024-09-19 11:00:00+00:00,29.796999,30.347,30.097,29.947,30.347,29.046999,31.4955,35,33,32,32,30,34,23
5556,1,2024-09-19 12:00:00+00:00,29.497,30.147,30.397,30.497,29.897,30.296999,27.095499,36,33,33,31,35,31,37
5557,1,2024-09-19 13:00:00+00:00,29.197,29.947,29.546999,29.947,29.296999,29.947,25.7955,35,31,34,31,36,31,41
5558,1,2024-09-19 14:00:00+00:00,26.097,28.046999,26.997,28.796999,28.147,29.046999,24.4955,49,38,47,33,38,33,46
5559,1,2024-09-19 15:00:00+00:00,24.046999,24.747,24.397,27.296999,26.796999,27.647,23.2955,64,61,57,39,43,38,51
5560,1,2024-09-19 16:00:00+00:00,22.847,21.647,22.397,25.247,25.046999,25.497,22.095499,70,77,71,51,53,50,56
5561,1,2024-09-19 17:00:00+00:00,21.296999,21.147,21.447,22.897,22.997,22.847,20.9455,81,80,80,66,66,66,62
5562,1,2024-09-19 18:00:00+00:00,20.296999,20.347,20.847,20.546999,21.447,20.847,20.595499,86,85,81,81,77,78,65
5563,1,2024-09-19 19:00:00+00:00,20.097,19.597,20.097,19.947,20.697,19.997,20.595499,86,89,85,85,82,83,65
5564,1,2024-09-19 20:00:00+00:00,19.747,19.046999,19.546999,19.647,20.397,19.796999,20.845499,87,91,87,88,85,84,62
5565,1,2024-09-19 21:00:00+00:00,19.347,18.497,19.347,19.447,20.097,19.647,20.7955,90,93,87,90,87,85,60
5566,1,2024-09-19 22:00:00+00:00,19.046999,18.247,19.046999,19.347,19.697,19.447,20.1455,90,93,89,91,89,87,59
5567,1,2024-09-19 23:00:00+00:00,18.796999,18.097,18.697,19.347,19.347,19.296999,19.1455,89,92,91,91,91,88,59
5568,1,2024-09-20 00:00:00+00:00,17.997,17.647,18.546999,18.296999,18.947,19.147,17.4955,84,92,90,87,86,82,62
5569,1,2024-09-20 01:00:00+00:00,17.647,17.397,18.546999,17.947,18.296999,18.647,16.4955,87,89,90,85,87,81,66
5570,1,2024-09-20 02:00:00+00:00,17.347,17.046999,18.447,17.546999,17.546999,18.097,15.5455,89,88,87,83,89,78,71
5571,1,2024-09-20 03:00:00+00:00,17.296999,16.847,18.397,17.597,17.447,18.097,15.5955,88,88,83,80,88,75,72
5572,1,2024-09-20 04:00:00+00:00,17.447,16.997,18.197,18.197,18.397,18.947,17.1955,88,88,81,77,82,70,66
5573,1,2024-09-20 05:00:00+00:00,18.897,18.497,18.796999,19.247,20.046999,20.347,19.7955,84,83,80,72,74,65,57
5574,1,2024-09-20 06:00:00+00:00,20.097,20.597,20.397,20.747,21.847,22.046999,23.3955,77,72,73,67,66,59,48
5575,1,2024-09-20 07:00:00+00:00,21.247,22.147,22.147,22.597,23.997,24.247,27.095499,74,66,66,62,59,52,38
5576,1,2024-09-20 08:00:00+00:00,22.397,23.247,24.046999,24.747,26.347,26.697,31.095499,70,64,60,55,52,45,29
5577,1,2024-09-20 09:00:00+00:00,23.796999,24.847,24.947,26.296999,28.097,28.397,33.3955,65,59,57,51,46,40,23
5578,1,2024-09-20 10:00:00+00:00,24.847,25.747,25.247,26.997,29.097,29.097,32.5455,62,55,56,49,41,37,24
5579,1,2024-09-20 11:00:00+00:00,25.147,26.397,25.296999,27.097,29.546999,29.046999,29.9455,59,53,57,49,38,36,29
5580,1,2024-09-20 12:00:00+00:00,24.546999,26.647,26.397,26.597,27.046999,28.546999,25.9955,60,53,53,50,48,40,43
5581,1,2024-09-20 13:00:00+00:00,24.447,21.697,22.247,25.546999,24.597,26.546999,23.845499,61,82,80,57,61,51,51
5582,1,2024-09-20 14:00:00+00:00,23.897,20.897,20.397,23.747,21.296999,23.597,21.7455,64,82,89,67,78,66,59
5583,1,2024-09-20 15:00:00+00:00,23.097,20.997,20.497,22.247,18.847,21.147,20.2955,69,79,87,76,90,78,65
5584,1,2024-09-20 16:00:00+00:00,21.997,20.397,20.347,21.397,18.197,19.697,19.8955,78,85,88,81,92,81,67
5585,1,2024-09-20 17:00:00+00:00,21.147,19.847,20.147,20.796999,18.497,18.796999,20.095499,84,88,88,85,90,81,66
5586,1,2024-09-20 18:00:00+00:00,20.197,19.747,19.046999,20.296999,18.747,18.147,22.3955,84,84,93,85,88,81,49
5587,1,2024-09-20 19:00:00+00:00,19.447,19.347,18.347,19.796999,18.747,17.847,21.6955,86,86,95,88,88,83,51
5588,1,2024-09-20 20:00:00+00:00,18.897,18.897,18.046999,19.296999,18.697,17.847,20.7955,89,90,96,90,89,87,54
5589,1,2024-09-20 21:00:00+00:00,18.497,18.597,17.796999,18.847,18.697,17.897,19.8955,91,91,96,91,90,89,57
5590,1,2024-09-20 22:00:00+00:00,18.347,18.296999,17.497,18.447,18.647,17.897,18.9455,86,87,93,89,90,91,60
5591,1,2024-09-20 23:00:00+00:00,18.046999,17.847,17.147,18.046999,18.597,17.897,17.9955,82,85,91,86,90,92,62
5592,1,2024-09-21 00:00:00+00:00,17.747,17.397,17.097,18.247,17.747,18.097,17.7955,81,88,88,84,84,90,63
5593,1,2024-09-21 01:00:00+00:00,17.296999,17.097,16.647,17.546999,17.097,17.947,16.7455,84,88,89,84,85,89,68
5594,1,2024-09-21 02:00:00+00:00,16.897,16.747,16.497,16.796999,16.397,17.747,15.3955,86,89,90,86,87,87,75
5595,1,2024-09-21 03:00:00+00:00,16.597,16.647,16.197,16.647,16.347,17.897,15.195499,87,89,90,86,87,85,77
5596,1,2024-09-21 04:00:00+00:00,16.447,16.747,16.097,17.497,17.296999,18.497,16.7955,89,88,90,83,84,82,71
5597,1,2024-09-21 05:00:00+00:00,18.296999,18.247,18.247,18.997,18.897,19.397,19.4455,83,85,86,79,78,79,61
5598,1,2024-09-21 06:00:00+00:00,20.747,21.097,20.897,20.697,20.647,20.597,21.8955,74,72,75,75,72,75,52
5599,1,2024-09-21 07:00:00+00:00,22.997,23.097,22.697,22.796999,22.647,22.397,24.7955,64,63,67,67,65,69,44
5600,1,2024-09-21 08:00:00+00:00,25.197,24.597,24.296999,25.097,24.796999,24.497,27.9455,56,58,60,58,57,62,35
5601,1,2024-09-21 09:00:00+00:00,26.747,25.997,25.447,26.747,26.497,26.046999,30.095499,50,55,55,52,51,57,29
5602,1,2024-09-21 10:00:00+00:00,27.796999,27.197,26.147,27.447,27.697,26.796999,30.5455,48,51,53,49,46,55,26
5603,1,2024-09-21 11:00:00+00:00,27.847,27.597,27.046999,27.497,28.497,27.046999,29.9455,46,49,50,48,43,55,26
5604,1,2024-09-21 12:00:00+00:00,27.296999,27.296999,26.447,25.097,28.247,25.897,28.9955,47,48,53,66,41,57,28
5605,1,2024-09-21 13:00:00+00:00,27.097,25.597,26.197,24.546999,26.597,25.247,27.2455,45,54,54,70,50,62,32
5606,1,2024-09-21 14:00:00+00:00,26.997,22.897,23.597,23.796999,24.097,24.147,25.1955,40,70,73,75,64,68,38
5607,1,2024-09-21 15:00:00+00:00,26.147,21.447,22.747,22.997,22.046999,23.097,23.4955,41,79,78,79,75,73,43
5608,1,2024-09-21 16:00:00+00:00,23.847,20.897,21.897,22.147,20.947,22.296999,22.4455,50,81,84,83,81,73,48
5609,1,2024-09-21 17:00:00+00:00,22.147,20.197,21.197,21.247,20.296999,21.597,21.7455,55,85,87,87,84,72,53
5610,1,2024-09-21 18:00:00+00:00,20.697,19.796999,20.997,20.046999,19.747,20.847,20.3955,65,89,75,92,85,70,63
5611,1,2024-09-21 19:00:00+00:00,19.497,19.247,20.046999,19.497,19.197,20.097,20.595499,71,92,77,95,81,69,59
5612,1,2024-09-21 20:00:00+00:00,18.497,18.997,18.796999,19.097,18.747,19.347,21.1955,77,93,80,97,75,68,52
5613,1,2024-09-21 21:00:00+00:00,17.796999,18.447,17.997,18.647,18.247,18.647,21.2955,80,92,82,97,70,68,49
5614,1,2024-09-21 22:00:00+00:00,17.397,18.147,17.347,18.046999,17.597,18.046999,20.1955,81,85,84,95,70,70,54
5615,1,2024-09-21 23:00:00+00:00,16.897,17.647,16.947,17.447,16.847,17.546999,18.595499,83,81,84,92,72,73,64
5616,1,2024-09-22 00:00:00+00:00,16.697,17.697,16.597,16.347,16.897,16.697,16.7955,82,82,87,91,84,81,73
5617,1,2024-09-22 01:00:00+00:00,16.247,17.296999,16.296999,15.947,16.546999,15.997,16.095499,84,83,87,91,85,82,76
5618,1,2024-09-22 02:00:00+00:00,15.947,16.997,16.097,15.697,16.347,15.347,15.695499,85,83,87,91,86,85,78
5619,1,2024-09-22 03:00:00+00:00,15.646999,16.546999,15.847,15.896999,16.647,15.396999,16.095499,86,85,88,90,85,84,76
5620,1,2024-09-22 04:00:00+00:00,15.597,16.347,15.747,16.847,17.546999,16.597,17.6955,86,87,88,87,79,78,69
5621,1,2024-09-22 05:00:00+00:00,18.046999,18.247,17.747,18.347,18.947,18.497,20.095499,79,82,84,82,71,69,58
5622,1,2024-09-22 06:00:00+00:00,20.847,21.097,20.897,20.247,20.647,20.597,23.1955,71,68,68,74,63,61,47
5623,1,2024-09-22 07:00:00+00:00,23.046999,23.397,22.997,22.447,22.847,22.947,25.845499,62,59,59,67,55,54,39
5624,1,2024-09-22 08:00:00+00:00,25.347,25.197,24.847,24.796999,25.347,25.447,28.5455,55,54,54,60,48,48,31
5625,1,2024-09-22 09:00:00+00:00,26.847,26.497,26.296999,26.647,27.296999,27.447,30.4955,48,49,49,53,42,43,26
5626,1,2024-09-22 10:00:00+00:00,27.747,27.147,26.897,27.796999,28.397,28.597,31.2955,44,45,46,47,38,38,23
5627,1,2024-09-22 11:00:00+00:00,28.197,27.546999,27.347,28.397,28.897,29.247,31.345499,41,43,45,42,36,35,23
5628,1,2024-09-22 12:00:00+00:00,27.947,27.697,28.197,27.546999,26.697,28.997,31.2955,42,41,40,45,52,30,21
5629,1,2024-09-22 13:00:00+00:00,24.897,25.296999,27.697,26.847,25.947,28.397,29.9955,55,51,42,49,54,29,22
5630,1,2024-09-22 14:00:00+00:00,24.647,21.997,24.447,25.597,24.796999,27.247,28.095499,54,67,59,56,58,30,25
5631,1,2024-09-22 15:00:00+00:00,23.597,21.347,22.897,24.397,23.697,25.897,26.2955,57,69,67,62,62,33,29
5632,1,2024-09-22 16:00:00+00:00,21.796999,20.497,21.847,23.296999,22.947,24.397,24.7955,67,76,73,66,66,39,36
5633,1,2024-09-22 17:00:00+00:00,21.097,19.947,20.796999,22.197,22.296999,22.747,23.3955,73,79,79,69,71,46,45
5634,1,2024-09-22 18:00:00+00:00,20.397,19.497,20.997,21.247,21.546999,21.296999,22.4955,73,86,76,70,73,51,42
5635,1,2024-09-22 19:00:00+00:00,20.347,19.347,20.296999,20.347,20.497,20.197,21.1455,68,88,78,66,70,52,46
5636,1,2024-09-22 20:00:00+00:00,19.796999,19.296999,19.497,19.447,19.296999,19.347,19.8955,67,85,78,59,63,51,49
5637,1,2024-09-22 21:00:00+00:00,19.397,18.796999,18.847,18.697,18.296999,18.597,18.7955,66,79,73,55,60,51,54
5638,1,2024-09-22 22:00:00+00:00,19.147,17.997,18.296999,18.046999,17.647,17.997,17.9455,69,72,61,56,62,54,61
5639,1,2024-09-22 23:00:00+00:00,18.497,17.147,17.447,17.546999,17.147,17.546999,17.2955,69,69,63,60,67,58,68
5640,1,2024-09-23 00:00:00+00:00,17.397,17.597,16.847,16.296999,16.497,17.597,16.8955,73,62,70,74,68,71,70
5641,1,2024-09-23 01:00:00+00:00,16.497,16.897,16.597,15.697,15.597,16.997,16.1955,74,67,70,75,72,74,74
5642,1,2024-09-23 02:00:00+00:00,16.147,16.397,16.047,15.297,14.697,16.447,15.5955,75,72,73,77,76,76,77
5643,1,2024-09-23 03:00:00+00:00,16.147,16.047,15.747,15.447,14.597,16.597,15.7955,75,75,75,76,77,76,76
5644,1,2024-09-23 04:00:00+00:00,16.197,16.197,15.747,16.447,15.797,17.796999,17.345499,76,76,77,71,74,72,68
5645,1,2024-09-23 05:00:00+00:00,17.747,18.097,17.796999,18.046999,17.847,19.747,19.7455,73,71,72,65,69,65,57
5646,1,2024-09-23 06:00:00+00:00,20.697,20.796999,20.097,20.147,19.947,21.697,22.3955,61,61,61,50,63,58,43
5647,1,2024-09-23 07:00:00+00:00,22.897,22.997,22.296999,22.247,22.097,23.747,25.0455,54,53,54,45,56,52,35
5648,1,2024-09-23 08:00:00+00:00,25.097,25.097,24.497,24.497,24.296999,25.897,27.7955,48,47,47,42,49,46,28
5649,1,2024-09-23 09:00:00+00:00,26.296999,26.597,26.247,26.296999,26.046999,27.447,29.8955,44,42,43,39,43,41,23
5650,1,2024-09-23 10:00:00+00:00,26.847,27.597,27.397,27.347,27.197,28.197,31.0455,41,39,39,36,38,38,19
5651,1,2024-09-23 11:00:00+00:00,26.897,27.647,27.796999,27.897,27.897,28.397,31.4455,41,37,37,34,35,36,18
5652,1,2024-09-23 12:00:00+00:00,26.347,26.847,28.046999,28.397,28.197,27.546999,30.8955,40,37,34,31,34,35,20
5653,1,2024-09-23 13:00:00+00:00,26.546999,26.747,27.697,27.897,27.796999,27.097,30.095499,39,36,34,31,33,35,20
5654,1,2024-09-23 14:00:00+00:00,26.197,26.546999,26.897,26.897,26.897,26.046999,28.7455,39,34,35,31,34,37,21
5655,1,2024-09-23 15:00:00+00:00,24.997,25.347,25.447,25.546999,25.597,24.697,27.1955,42,32,36,34,36,40,22
5656,1,2024-09-23 16:00:00+00:00,22.796999,22.997,23.097,23.647,23.697,22.747,25.2455,47,37,43,40,41,47,25
5657,1,2024-09-23 17:00:00+00:00,20.897,21.147,21.347,21.447,21.447,20.497,23.0455,53,40,48,48,48,55,28
5658,1,2024-09-23 18:00:00+00:00,20.197,21.347,19.796999,20.296999,19.597,18.697,22.7955,53,43,57,55,54,61,30
5659,1,2024-09-23 19:00:00+00:00,19.097,20.697,18.697,19.546999,18.497,17.847,21.5455,54,43,59,56,56,61,31
5660,1,2024-09-23 20:00:00+00:00,17.947,20.097,18.397,19.147,17.847,17.546999,20.2955,56,45,55,56,57,59,33
5661,1,2024-09-23 21:00:00+00:00,17.447,19.747,18.197,18.747,17.296999,17.247,19.095499,58,46,49,57,59,59,35
5662,1,2024-09-23 22:00:00+00:00,17.247,18.997,17.397,18.197,16.796999,16.796999,17.9455,57,49,53,60,62,63,40
5663,1,2024-09-23 23:00:00+00:00,16.997,17.997,16.796999,17.647,16.447,16.397,16.8955,55,52,59,65,66,69,46
5664,1,2024-09-24 00:00:00+00:00,15.597,17.247,16.796999,17.046999,16.247,16.197,16.1955,62,57,62,63,68,71,68
5665,1,2024-09-24 01:00:00+00:00,15.396999,16.497,16.397,16.597,15.747,15.447,15.3455,65,64,68,66,71,76,73
5666,1,2024-09-24 02:00:00+00:00,15.297,16.047,16.047,16.197,15.297,14.646999,14.695499,69,70,72,70,74,81,75
5667,1,2024-09-24 03:00:00+00:00,15.197,15.896999,15.896999,16.347,15.447,14.646999,14.9955,73,73,73,71,75,82,74
5668,1,2024-09-24 04:00:00+00:00,15.197,16.097,15.997,17.247,16.597,15.947,16.7455,75,72,74,70,72,78,66
5669,1,2024-09-24 05:00:00+00:00,17.647,18.097,18.197,18.697,18.347,18.046999,19.4455,68,65,68,66,67,71,54
5670,1,2024-09-24 06:00:00+00:00,20.197,20.697,20.847,20.147,20.247,20.296999,21.9955,56,56,56,61,61,63,46
5671,1,2024-09-24 07:00:00+00:00,22.747,23.097,23.247,22.247,22.296999,22.647,24.845499,48,48,49,55,54,55,38
5672,1,2024-09-24 08:00:00+00:00,24.897,25.296999,25.397,24.546999,24.447,25.046999,27.7955,43,42,43,48,47,47,30
5673,1,2024-09-24 09:00:00+00:00,26.546999,26.796999,27.097,26.247,26.197,26.997,29.7955,40,39,38,43,41,40,24
5674,1,2024-09-24 10:00:00+00:00,27.247,27.296999,28.097,26.796999,27.296999,28.197,30.2455,37,37,34,40,37,36,22
5675,1,2024-09-24 11:00:00+00:00,27.947,27.347,27.647,26.747,27.947,28.847,29.7455,35,36,33,39,35,33,22
5676,1,2024-09-24 12:00:00+00:00,26.796999,26.997,28.397,27.697,27.397,28.147,30.7955,38,38,32,35,34,33,22
5677,1,2024-09-24 13:00:00+00:00,27.046999,26.447,27.447,27.197,27.197,27.897,30.0455,38,39,33,36,34,33,22
5678,1,2024-09-24 14:00:00+00:00,26.796999,26.097,26.796999,26.296999,26.796999,27.296999,28.845499,38,39,35,38,35,35,23
5679,1,2024-09-24 15:00:00+00:00,25.847,25.296999,25.796999,25.296999,25.947,26.347,27.2955,41,41,39,41,37,37,26
5680,1,2024-09-24 16:00:00+00:00,24.097,23.296999,23.997,24.097,24.347,24.796999,25.2455,47,47,45,44,42,40,33
5681,1,2024-09-24 17:00:00+00:00,22.747,21.597,22.847,22.747,22.296999,22.847,22.845499,50,51,47,48,48,44,43
5682,1,2024-09-24 18:00:00+00:00,21.097,21.347,22.046999,21.697,20.697,21.296999,21.595499,54,50,49,51,53,48,48
5683,1,2024-09-24 19:00:00+00:00,19.847,20.747,21.597,20.847,19.947,20.447,20.2955,60,53,50,54,55,51,54
5684,1,2024-09-24 20:00:00+00:00,18.747,20.397,21.147,20.197,19.597,19.997,19.2455,65,54,49,57,55,54,59
5685,1,2024-09-24 21:00:00+00:00,17.647,19.897,20.447,19.546999,19.247,19.397,18.2955,69,54,50,61,56,57,64
5686,1,2024-09-24 22:00:00+00:00,16.847,18.947,19.147,18.697,18.647,18.497,17.4455,69,56,54,67,59,62,67
5687,1,2024-09-24 23:00:00+00:00,16.296999,18.147,18.147,17.847,17.997,17.546999,16.7455,70,61,58,73,62,67,70
5688,1,2024-09-25 00:00:00+00:00,15.896999,17.697,17.197,18.397,17.097,17.097,16.7955,73,64,62,73,72,69,73
5689,1,2024-09-25 01:00:00+00:00,15.597,17.597,16.147,17.597,16.647,16.546999,15.9955,75,66,69,77,76,73,77
5690,1,2024-09-25 02:00:00+00:00,15.347,17.046999,15.396999,16.796999,16.247,16.097,15.4955,76,70,77,81,80,78,79
5691,1,2024-09-25 03:00:00+00:00,15.597,16.447,15.396999,16.747,16.447,16.296999,15.7955,76,74,80,81,81,79,78
5692,1,2024-09-25 04:00:00+00:00,16.097,16.197,15.697,17.796999,17.697,17.447,17.345499,77,78,80,77,77,76,71
5693,1,2024-09-25 05:00:00+00:00,18.247,18.197,18.147,19.546999,19.546999,19.247,19.7455,71,73,73,69,71,70,59
5694,1,2024-09-25 06:00:00+00:00,20.397,20.497,21.197,21.796999,21.347,21.147,22.2955,63,63,63,62,64,63,48
5695,1,2024-09-25 07:00:00+00:00,22.697,22.647,23.347,23.546999,22.847,23.197,24.9955,55,55,55,55,58,56,40
5696,1,2024-09-25 08:00:00+00:00,25.147,25.247,25.097,25.197,24.296999,25.397,27.7455,48,48,48,49,52,49,32
5697,1,2024-09-25 09:00:00+00:00,26.546999,25.997,25.997,26.497,25.497,27.097,29.595499,42,46,46,45,47,43,27
5698,1,2024-09-25 10:00:00+00:00,27.647,27.147,26.947,27.546999,26.647,28.147,30.095499,40,42,43,42,44,39,25
5699,1,2024-09-25 11:00:00+00:00,28.197,28.097,27.647,28.247,27.647,28.697,29.7455,37,38,41,40,42,37,24
5700,1,2024-09-25 12:00:00+00:00,28.597,28.447,26.997,28.247,26.897,26.897,31.2955,36,36,41,37,39,43,21
5701,1,2024-09-25 13:00:00+00:00,28.097,28.247,26.247,27.647,26.796999,26.397,30.1955,36,35,43,39,38,44,23
5702,1,2024-09-25 14:00:00+00:00,27.647,27.647,26.046999,26.497,26.347,25.546999,28.5455,36,36,42,43,38,45,26
5703,1,2024-09-25 15:00:00+00:00,26.197,25.997,25.046999,25.197,25.597,24.597,26.8955,41,41,44,48,40,47,29
5704,1,2024-09-25 16:00:00+00:00,22.947,24.046999,23.296999,23.597,24.397,23.497,25.345499,61,49,49,57,45,51,32
5705,1,2024-09-25 17:00:00+00:00,19.647,22.597,21.847,21.747,22.897,22.247,23.7955,87,58,57,67,52,55,36
5706,1,2024-09-25 18:00:00+00:00,18.497,19.747,21.847,22.197,21.647,21.147,22.3955,92,87,56,56,58,59,40
5707,1,2024-09-25 19:00:00+00:00,18.247,19.296999,21.147,21.296999,20.796999,20.197,20.8955,94,86,64,62,62,62,46
5708,1,2024-09-25 20:00:00+00:00,18.247,19.097,20.447,20.447,20.197,19.347,19.4955,94,87,70,69,64,65,52
5709,1,2024-09-25 21:00:00+00:00,18.296999,18.796999,19.597,19.697,19.647,18.647,18.2955,93,90,73,73,65,67,57
5710,1,2024-09-25 22:00:00+00:00,18.197,18.497,18.947,18.897,19.097,18.097,17.2455,93,91,73,74,64,69,61
5711,1,2024-09-25 23:00:00+00:00,18.097,18.447,18.347,18.147,18.597,17.647,16.345499,93,92,73,73,61,70,63
5712,1,2024-09-26 00:00:00+00:00,17.197,17.597,17.697,18.497,16.897,16.997,16.6955,90,94,73,70,75,71,67
5713,1,2024-09-26 01:00:00+00:00,16.997,17.546999,17.647,17.947,16.347,16.347,15.8955,90,95,70,70,76,74,71
5714,1,2024-09-26 02:00:00+00:00,16.847,17.647,17.647,17.397,15.797,15.896999,15.3455,90,92,69,71,78,78,74
5715,1,2024-09-26 03:00:00+00:00,16.947,17.497,17.546999,17.397,15.847,15.997,15.695499,85,88,70,71,78,79,73
5716,1,2024-09-26 04:00:00+00:00,16.897,17.097,17.546999,18.097,16.697,16.997,17.2955,83,85,70,69,76,77,66
5717,1,2024-09-26 05:00:00+00:00,17.647,18.296999,18.847,19.347,18.046999,18.546999,19.7455,82,80,68,66,72,72,56
5718,1,2024-09-26 06:00:00+00:00,20.497,19.097,20.347,20.747,19.647,20.347,22.6955,64,77,65,62,67,66,45
5719,1,2024-09-26 07:00:00+00:00,22.697,20.796999,21.947,22.546999,21.546999,22.447,26.3955,57,70,59,56,60,59,36
5720,1,2024-09-26 08:00:00+00:00,24.997,23.046999,23.747,24.647,23.647,24.796999,30.4955,50,62,55,50,53,51,27
5721,1,2024-09-26 09:00:00+00:00,26.796999,24.997,25.546999,26.296999,25.197,26.546999,33.495502,42,56,49,45,47,45,20
5722,1,2024-09-26 10:00:00+00:00,28.197,26.147,26.247,27.296999,25.796999,27.397,34.745502,37,50,45,42,44,42,17
5723,1,2024-09-26 11:00:00+00:00,28.697,26.497,27.097,27.897,25.847,27.697,34.8455,35,50,43,40,43,41,15
5724,1,2024-09-26 12:00:00+00:00,28.397,26.597,28.697,28.197,27.997,24.197,32.0955,36,49,36,37,41,48,18
5725,1,2024-09-26 13:00:00+00:00,27.947,26.447,28.296999,27.447,26.697,23.647,30.6455,37,51,36,41,47,50,21
5726,1,2024-09-26 14:00:00+00:00,24.796999,23.747,27.747,26.046999,24.697,23.097,28.7455,53,63,37,47,56,54,25
5727,1,2024-09-26 15:00:00+00:00,24.796999,23.197,23.397,24.647,22.947,22.497,26.8955,51,63,59,54,64,56,30
5728,1,2024-09-26 16:00:00+00:00,22.796999,21.647,21.897,23.397,21.796999,21.897,25.1955,62,67,63,60,70,57,36
5729,1,2024-09-26 17:00:00+00:00,21.247,20.747,20.997,22.197,20.897,21.347,23.595499,72,71,68,66,75,56,44
5730,1,2024-09-26 18:00:00+00:00,21.097,20.397,20.647,20.447,19.997,20.747,21.3955,71,74,74,76,80,57,55
5731,1,2024-09-26 19:00:00+00:00,20.347,19.697,20.147,19.447,19.046999,20.147,20.845499,77,78,77,82,86,59,57
5732,1,2024-09-26 20:00:00+00:00,19.647,19.347,19.747,18.747,18.097,19.546999,20.6455,82,80,80,86,92,62,57
5733,1,2024-09-26 21:00:00+00:00,19.546999,18.897,19.147,18.296999,17.397,18.897,20.2955,83,85,84,87,95,64,57
5734,1,2024-09-26 22:00:00+00:00,19.147,18.197,19.147,18.247,17.046999,18.147,19.595499,85,87,84,84,93,66,56
5735,1,2024-09-26 23:00:00+00:00,18.997,17.897,19.097,18.447,16.897,17.347,18.7455,86,85,82,79,89,68,54
5736,1,2024-09-27 00:00:00+00:00,18.447,18.097,18.747,17.046999,17.697,16.097,18.095499,83,86,72,79,75,71,56
5737,1,2024-09-27 01:00:00+00:00,17.447,18.046999,18.347,16.497,16.897,15.297,17.345499,80,82,73,80,77,74,58
5738,1,2024-09-27 02:00:00+00:00,16.697,17.647,17.947,16.147,16.047,14.597,16.7455,77,79,76,81,80,77,61
5739,1,2024-09-27 03:00:00+00:00,16.147,16.997,17.546999,16.347,15.997,14.747,16.9955,78,81,77,80,80,77,62
5740,1,2024-09-27 04:00:00+00:00,16.097,16.697,17.546999,17.447,17.296999,16.347,18.4455,79,83,79,76,75,72,58
5741,1,2024-09-27 05:00:00+00:00,18.796999,18.447,18.897,19.097,19.347,18.847,20.7455,71,79,76,70,67,64,50
5742,1,2024-09-27 06:00:00+00:00,21.597,21.497,21.147,21.247,21.546999,21.397,23.0455,59,62,66,62,59,56,44
5743,1,2024-09-27 07:00:00+00:00,24.046999,23.697,23.546999,23.546999,23.796999,24.147,26.595499,53,55,59,55,52,49,36
5744,1,2024-09-27 08:00:00+00:00,26.597,26.347,25.747,26.097,26.097,26.947,30.4955,45,48,53,47,46,41,28
5745,1,2024-09-27 09:00:00+00:00,28.197,28.247,27.197,28.046999,27.947,28.847,33.0955,38,41,46,41,40,36,22
5746,1,2024-09-27 10:00:00+00:00,29.347,28.897,28.296999,29.147,29.046999,29.197,33.6455,33,35,40,37,36,34,19
5747,1,2024-09-27 11:00:00+00:00,29.997,29.546999,28.597,29.647,29.647,28.597,32.945503,31,32,38,33,33,35,19
5748,1,2024-09-27 12:00:00+00:00,30.197,29.947,28.997,28.947,29.747,29.447,31.4955,29,30,38,38,31,36,20
5749,1,2024-09-27 13:00:00+00:00,30.197,30.147,29.197,29.097,29.847,28.847,29.1455,29,30,36,35,30,37,25
5750,1,2024-09-27 14:00:00+00:00,29.697,29.747,28.897,28.997,29.647,27.597,26.1455,29,30,35,33,29,41,32
5751,1,2024-09-27 15:00:00+00:00,28.747,28.796999,27.546999,28.296999,28.847,26.296999,23.7955,30,31,42,34,32,44,39
5752,1,2024-09-27 16:00:00+00:00,25.947,26.197,25.147,26.647,26.997,24.897,22.7455,38,40,51,41,39,47,45
5753,1,2024-09-27 17:00:00+00:00,23.296999,23.796999,22.947,24.447,24.597,23.397,22.2955,71,59,69,50,49,51,50
5754,1,2024-09-27 18:00:00+00:00,21.747,20.597,21.347,22.497,22.546999,22.147,21.095499,72,80,69,63,58,54,57
5755,1,2024-09-27 19:00:00+00:00,20.697,20.197,20.847,21.347,21.347,21.296999,20.2955,81,82,73,71,66,57,61
5756,1,2024-09-27 20:00:00+00:00,19.897,19.697,20.197,20.597,20.546999,20.697,19.6955,85,87,79,79,74,59,63
5757,1,2024-09-27 21:00:00+00:00,19.296999,19.546999,19.747,19.947,19.897,19.997,19.1955,87,87,81,83,79,62,63
5758,1,2024-09-27 22:00:00+00:00,18.997,19.097,19.197,19.447,19.296999,19.046999,18.6955,88,90,85,80,78,67,61
5759,1,2024-09-27 23:00:00+00:00,19.097,18.897,18.947,19.147,18.796999,18.097,18.2455,87,89,84,74,75,72,57
5760,1,2024-09-28 00:00:00+00:00,19.296999,17.897,18.647,18.847,18.197,17.046999,17.1955,83,90,79,74,69,74,71
5761,1,2024-09-28 01:00:00+00:00,19.147,17.296999,17.897,18.197,17.546999,16.697,16.5455,85,90,78,76,71,74,73
5762,1,2024-09-28 02:00:00+00:00,18.847,16.747,17.247,17.546999,16.897,16.647,16.095499,88,88,81,80,74,75,75
5763,1,2024-09-28 03:00:00+00:00,18.197,16.197,16.747,17.447,16.897,17.046999,16.595499,89,88,83,81,74,74,73
5764,1,2024-09-28 04:00:00+00:00,17.997,16.247,16.697,18.247,17.796999,18.046999,18.4955,86,87,84,76,70,70,65
5765,1,2024-09-28 05:00:00+00:00,19.697,18.546999,18.497,19.697,19.296999,19.447,21.345499,77,79,80,69,64,65,53
5766,1,2024-09-28 06:00:00+00:00,21.597,21.697,21.597,21.347,21.147,21.147,24.1955,68,65,64,67,57,59,46
5767,1,2024-09-28 07:00:00+00:00,23.647,24.097,24.147,23.147,23.447,23.197,27.1955,61,58,55,60,50,53,38
5768,1,2024-09-28 08:00:00+00:00,25.897,26.497,26.546999,25.197,26.046999,25.497,30.1955,53,50,48,53,44,47,30
5769,1,2024-09-28 09:00:00+00:00,27.147,27.796999,27.947,26.847,28.147,27.397,32.2955,48,43,43,47,38,41,25
5770,1,2024-09-28 10:00:00+00:00,28.546999,28.847,28.847,27.997,29.397,28.847,33.195503,43,39,37,43,34,36,21
5771,1,2024-09-28 11:00:00+00:00,29.046999,28.897,29.697,28.847,30.147,29.947,33.195503,39,38,33,40,31,31,19
5772,1,2024-09-28 12:00:00+00:00,28.647,28.647,29.597,29.097,30.347,29.747,31.8955,42,38,34,37,28,32,21
5773,1,2024-09-28 13:00:00+00:00,28.347,25.947,29.447,28.347,30.296999,29.947,29.345499,42,51,33,40,26,30,28
5774,1,2024-09-28 14:00:00+00:00,24.647,24.897,27.397,27.046999,29.897,29.847,25.845499,58,63,44,46,25,29,39
5775,1,2024-09-28 15:00:00+00:00,23.497,24.947,25.847,25.546999,28.897,28.997,22.8955,66,60,55,53,29,32,50
5776,1,2024-09-28 16:00:00+00:00,21.997,21.597,23.397,23.847,26.897,26.847,21.0455,77,80,68,63,40,44,61
5777,1,2024-09-28 17:00:00+00:00,21.296999,21.447,21.347,21.997,24.296999,23.947,19.6955,81,82,82,75,55,61,73
5778,1,2024-09-28 18:00:00+00:00,20.147,20.997,21.247,18.397,22.247,21.647,22.8955,86,83,84,91,67,73,56
5779,1,2024-09-28 19:00:00+00:00,19.497,20.447,20.847,17.647,21.296999,20.647,21.595499,88,85,87,94,73,76,62
5780,1,2024-09-28 20:00:00+00:00,18.847,19.796999,20.597,17.796999,20.847,20.247,20.2955,89,88,85,91,76,75,67
5781,1,2024-09-28 21:00:00+00:00,18.197,18.947,20.296999,17.997,20.296999,19.847,19.2955,93,92,87,88,79,75,70
5782,1,2024-09-28 22:00:00+00:00,17.747,18.347,20.046999,17.847,19.347,19.296999,18.6455,94,93,89,88,85,77,71
5783,1,2024-09-28 23:00:00+00:00,17.347,18.147,19.697,17.697,18.347,18.796999,18.2455,95,91,91,89,91,81,71
5784,1,2024-09-29 00:00:00+00:00,16.997,17.647,18.247,18.296999,18.597,16.897,18.2955,94,87,93,92,92,88,73
5785,1,2024-09-29 01:00:00+00:00,16.897,16.947,17.847,17.997,18.447,16.397,17.4455,93,88,92,93,90,87,72
5786,1,2024-09-29 02:00:00+00:00,16.647,16.546999,17.546999,17.697,18.397,16.097,16.7955,93,90,92,93,86,83,69
5787,1,2024-09-29 03:00:00+00:00,16.447,16.296999,17.697,17.847,18.546999,16.397,16.9955,93,91,89,92,83,79,65
5788,1,2024-09-29 04:00:00+00:00,16.647,16.747,17.697,18.647,18.997,17.497,18.5455,92,87,88,87,80,74,58
5789,1,2024-09-29 05:00:00+00:00,18.397,18.647,19.197,19.796999,19.647,19.197,20.9455,88,81,82,80,77,68,49
5790,1,2024-09-29 06:00:00+00:00,21.497,21.296999,21.647,20.397,20.447,21.147,23.8955,76,73,73,77,73,61,45
5791,1,2024-09-29 07:00:00+00:00,23.197,23.296999,23.747,21.546999,21.497,23.597,26.8955,69,66,66,73,68,53,37
5792,1,2024-09-29 08:00:00+00:00,24.647,24.197,25.097,22.847,22.747,26.347,29.9955,64,63,60,68,63,45,30
5793,1,2024-09-29 09:00:00+00:00,25.647,25.296999,25.997,23.997,23.747,28.447,32.2955,59,60,57,64,59,38,25
5794,1,2024-09-29 10:00:00+00:00,26.397,25.947,26.296999,25.046999,24.497,29.497,33.495502,54,56,55,59,56,34,20
5795,1,2024-09-29 11:00:00+00:00,26.697,24.997,26.097,25.897,25.046999,29.847,33.8455,52,62,58,53,54,33,17
5796,1,2024-09-29 12:00:00+00:00,23.147,25.497,26.197,24.397,23.296999,27.897,32.5955,71,58,54,56,66,39,18
5797,1,2024-09-29 13:00:00+00:00,21.747,25.546999,24.397,23.947,23.546999,27.897,30.5455,80,56,66,61,64,37,22
5798,1,2024-09-29 14:00:00+00:00,21.296999,23.847,23.447,23.147,23.747,27.497,27.6455,78,64,70,69,63,37,29
5799,1,2024-09-29 15:00:00+00:00,20.747,22.347,22.497,22.296999,23.497,26.647,25.1955,75,75,76,76,63,40,36
5800,1,2024-09-29 16:00:00+00:00,20.097,20.597,20.897,21.546999,22.497,25.197,23.845499,81,76,85,80,67,49,42
5801,1,2024-09-29 17:00:00+00:00,19.447,19.747,20.597,20.796999,21.097,23.347,22.9955,86,74,86,83,73,62,47
5802,1,2024-09-29 18:00:00+00:00,20.247,20.097,19.947,20.347,19.847,21.796999,24.1955,88,90,82,90,78,73,46
5803,1,2024-09-29 19:00:00+00:00,19.497,19.747,19.347,19.947,18.947,20.847,23.2455,93,91,71,88,80,79,51
5804,1,2024-09-29 20:00:00+00:00,19.197,19.247,18.296999,19.697,18.247,20.197,22.3955,93,93,72,84,81,83,55
5805,1,2024-09-29 21:00:00+00:00,18.697,18.647,17.546999,19.397,17.597,19.597,21.595499,93,92,77,81,82,86,57
5806,1,2024-09-29 22:00:00+00:00,18.097,18.046999,17.247,18.897,17.046999,18.897,20.6955,94,92,81,82,85,89,54
5807,1,2024-09-29 23:00:00+00:00,17.697,17.697,16.747,18.347,16.597,18.247,19.7455,94,92,83,85,88,92,49
5808,1,2024-09-30 00:00:00+00:00,16.647,17.647,17.597,17.847,16.897,17.397,17.8955,95,95,85,89,86,91,45
5809,1,2024-09-30 01:00:00+00:00,16.397,17.296999,16.997,17.197,16.447,16.947,17.1955,93,93,86,91,89,92,46
5810,1,2024-09-30 02:00:00+00:00,16.097,16.997,16.597,16.546999,16.147,16.647,16.4455,93,91,89,93,91,93,48
5811,1,2024-09-30 03:00:00+00:00,15.797,16.597,16.347,16.447,16.397,16.747,16.595499,94,91,90,93,92,92,48
5812,1,2024-09-30 04:00:00+00:00,15.847,16.397,16.247,17.296999,17.447,17.546999,18.1955,94,92,91,90,89,89,44
5813,1,2024-09-30 05:00:00+00:00,17.747,18.247,18.097,18.697,18.997,18.747,20.6955,88,88,85,85,85,85,38
5814,1,2024-09-30 06:00:00+00:00,20.546999,20.697,20.747,20.296999,20.597,20.147,22.9955,80,79,76,78,79,80,38
5815,1,2024-09-30 07:00:00+00:00,22.347,22.597,23.347,22.247,22.247,21.747,25.7955,73,72,68,69,72,73,33
5816,1,2024-09-30 08:00:00+00:00,23.497,23.947,25.647,24.347,23.997,23.546999,28.6955,69,67,59,58,64,66,28
5817,1,2024-09-30 09:00:00+00:00,24.447,25.197,27.097,25.897,25.247,25.046999,30.7955,64,59,51,50,58,59,25
5818,1,2024-09-30 10:00:00+00:00,25.747,26.247,27.546999,26.796999,25.997,26.296999,31.6455,56,53,48,46,55,53,22
5819,1,2024-09-30 11:00:00+00:00,26.897,26.847,27.897,27.197,26.296999,27.197,31.6955,48,52,46,44,54,49,21
5820,1,2024-09-30 12:00:00+00:00,24.796999,26.897,23.697,27.046999,26.296999,26.046999,29.1955,64,51,71,49,53,59,34
5821,1,2024-09-30 13:00:00+00:00,21.447,22.997,23.597,25.147,24.597,24.747,26.2955,87,74,67,60,64,66,48
5822,1,2024-09-30 14:00:00+00:00,20.647,22.397,23.546999,22.347,22.097,22.697,22.4455,93,76,66,77,79,75,66
5823,1,2024-09-30 15:00:00+00:00,19.997,21.397,21.597,20.197,20.147,21.046999,19.595499,90,82,81,89,89,83,79
5824,1,2024-09-30 16:00:00+00:00,18.497,19.847,20.247,19.497,19.296999,20.347,18.6455,79,86,82,92,90,86,80
5825,1,2024-09-30 17:00:00+00:00,17.897,19.197,19.046999,19.447,18.947,20.097,18.6955,83,85,79,90,86,87,75
5826,1,2024-09-30 18:00:00+00:00,17.347,19.947,18.847,19.296999,18.697,19.796999,19.595499,83,90,87,91,83,88,77
5827,1,2024-09-30 19:00:00+00:00,17.497,19.647,18.347,19.147,18.447,19.247,19.4955,84,91,86,90,84,90,78
5828,1,2024-09-30 20:00:00+00:00,17.546999,19.247,17.997,19.046999,18.247,18.697,19.6455,85,92,88,89,86,93,76
5829,1,2024-09-30 21:00:00+00:00,17.247,19.046999,17.597,18.847,18.046999,18.147,19.595499,87,92,90,89,89,95,75
5830,1,2024-09-30 22:00:00+00:00,16.897,18.847,17.147,18.497,17.747,17.697,19.1955,89,93,91,91,92,96,75
5831,1,2024-09-30 23:00:00+00:00,16.647,18.397,16.796999,18.097,17.347,17.247,18.6955,91,94,91,93,94,95,75