location_id,date,temperature_2m_previous_day1,temperature_2m_previous_day2,temperature_2m_previous_day3,temperature_2m_previous_day4,temperature_2m_previous_day5,temperature_2m_previous_day6,temperature_2m_previous_day7,relative_humidity_2m_previous_day1,relative_humidity_2m_previous_day2,relative_humidity_2m_previous_day3,relative_humidity_2m_previous_day4,relative_humidity_2m_previous_day5,relative_humidity_2m_previous_day6,relative_humidity_2m_previous_day7,month,season,average_humidity,average_temp,temperature_2m,relative_humidity_2m
1,2024-02-01 00:00:00+00:00,18.947,18.897,18.497,17.296999,17.546999,16.947,16.845499,94.0,95.0,95.0,96.0,88.0,91.0,90.0,2,winter,92.71,17.85,18.796999,91.0
1,2024-02-01 01:00:00+00:00,18.546999,18.647,17.347,16.447,16.597,16.047,16.2455,96.0,95.0,97.0,96.0,91.0,91.0,91.0,2,winter,93.86,17.13,18.347,94.0
1,2024-02-01 02:00:00+00:00,18.046999,18.447,16.597,15.646999,15.646999,15.396999,15.4955,98.0,96.0,97.0,94.0,93.0,90.0,93.0,2,winter,94.43,16.47,17.847,96.0
1,2024-02-01 03:00:00+00:00,17.647,17.796999,15.747,15.497,15.447,15.347,15.3455,99.0,98.0,96.0,92.0,93.0,88.0,93.0,2,winter,94.14,16.12,17.597,96.0
1,2024-02-01 04:00:00+00:00,17.046999,17.347,15.047,16.397,16.447,16.296999,16.2955,100.0,98.0,94.0,89.0,89.0,85.0,90.0,2,winter,92.14,16.41,17.347,98.0
1,2024-02-01 05:00:00+00:00,17.997,18.447,16.597,17.947,18.247,17.897,17.8955,96.0,95.0,90.0,84.0,83.0,81.0,86.0,2,winter,87.86,17.86,18.447,96.0
1,2024-02-01 06:00:00+00:00,20.197,19.997,19.897,19.796999,20.197,19.697,18.2955,85.0,82.0,80.0,79.0,76.0,76.0,90.0,2,winter,81.14,19.73,20.046999,84.0
1,2024-02-01 07:00:00+00:00,22.197,22.197,21.997,21.747,22.296999,21.847,20.4455,73.0,72.0,71.0,72.0,68.0,68.0,79.0,2,winter,71.86,21.82,21.497,76.0
1,2024-02-01 08:00:00+00:00,23.796999,24.046999,23.597,23.947,24.546999,24.197,23.2455,66.0,64.0,65.0,63.0,59.0,59.0,64.0,2,winter,62.86,23.91,22.997,69.0
1,2024-02-01 09:00:00+00:00,25.347,25.697,25.247,25.647,26.347,26.097,25.595499,58.0,55.0,56.0,55.0,51.0,51.0,52.0,2,winter,54.0,25.71,24.546999,61.0
1,2024-02-01 10:00:00+00:00,26.747,26.997,26.497,26.597,27.497,27.247,27.1955,50.0,48.0,49.0,50.0,46.0,46.0,45.0,2,winter,47.71,26.97,25.747,54.0
1,2024-02-01 11:00:00+00:00,27.296999,27.397,27.247,27.046999,28.197,27.897,28.2955,46.0,45.0,46.0,46.0,43.0,43.0,41.0,2,winter,44.29,27.63,26.697,48.0
1,2024-02-01 12:00:00+00:00,27.847,27.847,28.247,28.447,27.296999,27.796999,22.9955,44.0,42.0,42.0,38.0,46.0,41.0,73.0,2,winter,46.57,27.21,26.997,47.0
1,2024-02-01 13:00:00+00:00,28.046999,28.147,28.447,28.497,27.296999,27.447,22.095499,42.0,40.0,41.0,37.0,45.0,43.0,77.0,2,winter,46.43,27.14,27.247,46.0
1,2024-02-01 14:00:00+00:00,27.847,27.897,28.046999,28.197,27.046999,26.597,20.9455,42.0,38.0,40.0,39.0,45.0,47.0,83.0,2,winter,47.71,26.65,27.347,44.0
1,2024-02-01 15:00:00+00:00,27.247,26.997,27.247,27.347,26.296999,25.497,19.845499,42.0,42.0,43.0,43.0,48.0,54.0,87.0,2,winter,51.29,25.78,27.046999,42.0
1,2024-02-01 16:00:00+00:00,24.997,24.947,24.997,25.597,24.796999,23.997,18.9455,52.0,52.0,54.0,51.0,56.0,64.0,89.0,2,winter,59.71,24.04,25.247,51.0
1,2024-02-01 17:00:00+00:00,22.997,22.897,23.097,23.296999,22.847,22.197,18.1455,59.0,52.0,64.0,61.0,66.0,76.0,91.0,2,winter,67.0,22.21,23.097,65.0
1,2024-02-01 18:00:00+00:00,21.546999,21.747,21.597,21.046999,21.247,20.796999,17.1455,63.0,63.0,64.0,84.0,75.0,85.0,94.0,2,winter,75.43,20.73,20.447,79.0
1,2024-02-01 19:00:00+00:00,20.546999,20.947,20.747,20.247,20.397,20.046999,17.1455,74.0,68.0,72.0,88.0,82.0,89.0,93.0,2,winter,80.86,20.01,19.697,88.0
1,2024-02-01 20:00:00+00:00,20.097,20.397,19.897,19.897,19.947,19.647,17.595499,87.0,72.0,81.0,87.0,87.0,90.0,91.0,2,winter,85.0,19.64,19.296999,88.0
1,2024-02-01 21:00:00+00:00,19.697,19.397,19.497,19.546999,19.546999,19.296999,17.8955,92.0,77.0,87.0,87.0,91.0,90.0,90.0,2,winter,87.71,19.27,19.046999,90.0
1,2024-02-01 22:00:00+00:00,19.397,18.997,19.097,19.046999,19.147,18.997,17.845499,91.0,83.0,91.0,89.0,93.0,91.0,90.0,2,winter,89.71,18.93,18.447,92.0
1,2024-02-01 23:00:00+00:00,19.347,18.897,18.597,18.546999,18.796999,18.747,17.6455,90.0,85.0,94.0,91.0,93.0,91.0,91.0,2,winter,90.71,18.65,18.296999,92.0
1,2024-02-02 00:00:00+00:00,18.546999,19.097,18.647,18.747,18.597,18.296999,15.6455,90.0,92.0,87.0,94.0,89.0,93.0,94.0,2,winter,91.29,18.23,18.497,88.0
1,2024-02-02 01:00:00+00:00,18.247,18.697,17.647,18.347,17.697,17.796999,15.195499,93.0,94.0,93.0,96.0,93.0,95.0,95.0,2,winter,94.14,17.66,18.197,90.0
1,2024-02-02 02:00:00+00:00,18.147,17.847,16.796999,17.947,16.747,17.247,14.695499,94.0,96.0,96.0,97.0,96.0,98.0,97.0,2,winter,96.29,17.06,17.546999,94.0
1,2024-02-02 03:00:00+00:00,17.497,17.296999,16.047,17.847,16.397,17.147,14.7955,97.0,97.0,97.0,97.0,97.0,98.0,96.0,2,winter,97.0,16.72,16.997,96.0
1,2024-02-02 04:00:00+00:00,16.997,16.796999,15.597,18.247,17.147,17.697,15.8455,98.0,96.0,96.0,96.0,92.0,96.0,93.0,2,winter,95.29,16.9,16.697,97.0
1,2024-02-02 05:00:00+00:00,18.097,17.947,16.947,18.947,18.497,18.747,17.4955,95.0,90.0,91.0,93.0,85.0,91.0,88.0,2,winter,90.43,18.1,17.897,94.0
1,2024-02-02 06:00:00+00:00,19.997,20.097,19.397,20.397,19.997,19.997,19.4955,74.0,77.0,78.0,84.0,77.0,85.0,82.0,2,winter,79.57,19.91,19.897,85.0
1,2024-02-02 07:00:00+00:00,22.097,22.447,21.847,21.847,21.546999,21.597,21.6455,65.0,68.0,68.0,77.0,70.0,76.0,73.0,2,winter,71.0,21.86,21.497,73.0
1,2024-02-02 08:00:00+00:00,23.647,24.247,23.597,23.447,23.147,23.447,23.8955,61.0,63.0,62.0,67.0,63.0,66.0,62.0,2,winter,63.43,23.63,23.046999,63.0
1,2024-02-02 09:00:00+00:00,25.046999,25.847,25.197,24.847,24.497,25.046999,25.6955,57.0,55.0,57.0,60.0,58.0,58.0,54.0,2,winter,57.0,25.17,24.497,56.0
1,2024-02-02 10:00:00+00:00,26.347,27.046999,26.347,25.947,25.497,26.397,27.0455,52.0,49.0,52.0,55.0,55.0,52.0,47.0,2,winter,51.71,26.38,25.697,52.0
1,2024-02-02 11:00:00+00:00,27.296999,27.897,27.046999,26.747,26.197,27.447,27.9455,48.0,44.0,49.0,51.0,53.0,47.0,43.0,2,winter,47.86,27.23,26.296999,49.0
1,2024-02-02 12:00:00+00:00,27.697,27.897,28.097,27.546999,26.046999,26.997,25.8955,44.0,44.0,42.0,47.0,55.0,53.0,57.0,2,winter,48.86,27.17,26.697,49.0
1,2024-02-02 13:00:00+00:00,27.847,28.046999,28.046999,26.847,25.447,26.447,24.4955,42.0,43.0,42.0,52.0,58.0,55.0,65.0,2,winter,51.0,26.74,26.796999,48.0
1,2024-02-02 14:00:00+00:00,27.597,27.747,27.796999,25.397,24.347,25.397,22.5455,43.0,44.0,43.0,62.0,62.0,60.0,77.0,2,winter,55.86,25.83,26.647,49.0
1,2024-02-02 15:00:00+00:00,26.897,27.046999,27.247,23.997,23.247,24.247,20.6455,43.0,45.0,44.0,70.0,67.0,65.0,86.0,2,winter,60.0,24.76,26.197,48.0
1,2024-02-02 16:00:00+00:00,24.697,23.697,25.197,22.796999,22.247,23.147,18.7455,54.0,71.0,57.0,76.0,73.0,72.0,91.0,2,winter,70.57,22.93,24.296999,59.0
1,2024-02-02 17:00:00+00:00,22.647,21.897,23.197,21.597,21.247,21.947,16.8955,63.0,78.0,63.0,82.0,79.0,79.0,94.0,2,winter,76.86,21.35,22.497,68.0
1,2024-02-02 18:00:00+00:00,21.046999,21.796999,21.546999,21.647,20.347,20.997,16.7955,83.0,77.0,72.0,80.0,84.0,85.0,95.0,2,winter,82.29,20.6,21.497,74.0
1,2024-02-02 19:00:00+00:00,20.247,20.747,20.397,20.697,19.546999,20.397,16.3955,85.0,86.0,86.0,84.0,88.0,88.0,95.0,2,winter,87.43,19.78,20.447,79.0
1,2024-02-02 20:00:00+00:00,20.296999,20.147,19.697,20.147,18.796999,20.046999,16.1455,83.0,90.0,90.0,86.0,91.0,90.0,95.0,2,winter,89.29,19.33,19.697,84.0
1,2024-02-02 21:00:00+00:00,19.347,19.546999,18.747,19.546999,18.197,19.697,15.8955,87.0,92.0,90.0,88.0,94.0,91.0,95.0,2,winter,91.0,18.71,19.097,87.0
1,2024-02-02 22:00:00+00:00,18.647,18.796999,17.647,18.796999,17.796999,19.247,15.5455,92.0,93.0,91.0,91.0,96.0,92.0,95.0,2,winter,92.86,18.07,18.997,85.0
1,2024-02-02 23:00:00+00:00,18.546999,18.397,16.897,18.097,17.597,18.847,15.1455,93.0,92.0,92.0,95.0,96.0,93.0,94.0,2,winter,93.57,17.65,18.597,88.0
1,2024-02-03 00:00:00+00:00,18.697,18.247,17.447,16.947,18.046999,18.347,15.5955,92.0,96.0,94.0,93.0,96.0,95.0,93.0,2,winter,94.14,17.62,18.147,89.0
1,2024-02-03 01:00:00+00:00,18.147,18.046999,17.247,16.197,17.747,18.046999,14.945499,94.0,97.0,94.0,93.0,96.0,95.0,94.0,2,winter,94.71,17.2,17.447,91.0
1,2024-02-03 02:00:00+00:00,17.647,17.697,16.897,15.597,17.497,17.747,14.2455,94.0,98.0,93.0,91.0,96.0,95.0,95.0,2,winter,94.57,16.76,16.997,91.0
1,2024-02-03 03:00:00+00:00,16.847,17.197,15.947,15.547,17.597,17.697,14.2455,96.0,99.0,94.0,89.0,95.0,95.0,94.0,2,winter,94.57,16.44,16.347,92.0
1,2024-02-03 04:00:00+00:00,16.047,16.947,15.747,16.397,18.247,17.847,15.2455,96.0,99.0,91.0,85.0,92.0,95.0,91.0,2,winter,92.71,16.64,15.847,93.0
1,2024-02-03 05:00:00+00:00,17.197,18.197,17.197,17.897,19.247,18.247,16.845499,93.0,95.0,88.0,80.0,89.0,95.0,87.0,2,winter,89.57,17.83,17.296999,91.0
1,2024-02-03 06:00:00+00:00,20.097,20.247,20.247,19.947,20.296999,19.046999,18.4955,81.0,80.0,75.0,77.0,85.0,92.0,79.0,2,winter,81.29,19.77,20.347,74.0
1,2024-02-03 07:00:00+00:00,21.947,22.647,22.247,21.947,21.397,20.546999,20.6955,75.0,69.0,69.0,71.0,81.0,84.0,69.0,2,winter,74.0,21.63,21.997,71.0
1,2024-02-03 08:00:00+00:00,23.796999,24.697,23.997,23.997,22.597,22.497,23.1455,64.0,60.0,64.0,64.0,76.0,74.0,58.0,2,winter,65.71,23.53,23.647,64.0
1,2024-02-03 09:00:00+00:00,25.397,26.247,25.647,25.647,23.647,24.147,25.095499,57.0,53.0,57.0,58.0,72.0,66.0,49.0,2,winter,58.86,25.12,24.997,58.0
1,2024-02-03 10:00:00+00:00,26.597,27.097,27.046999,26.796999,24.647,25.397,26.2955,52.0,50.0,50.0,52.0,67.0,61.0,44.0,2,winter,53.71,26.27,25.997,55.0
1,2024-02-03 11:00:00+00:00,27.397,27.947,27.897,27.546999,25.546999,26.296999,26.9955,48.0,46.0,46.0,48.0,63.0,57.0,41.0,2,winter,49.86,27.09,26.697,51.0
1,2024-02-03 12:00:00+00:00,27.697,27.447,28.546999,28.747,27.597,28.147,28.7455,47.0,48.0,45.0,42.0,50.0,47.0,40.0,2,winter,45.57,28.13,28.197,42.0
1,2024-02-03 13:00:00+00:00,27.597,27.197,28.347,28.197,26.847,28.647,26.9955,48.0,49.0,44.0,44.0,54.0,43.0,49.0,2,winter,47.29,27.69,28.197,41.0
1,2024-02-03 14:00:00+00:00,27.197,26.697,27.796999,27.046999,25.397,28.796999,24.1955,49.0,49.0,45.0,49.0,61.0,39.0,62.0,2,winter,50.57,26.73,28.247,42.0
1,2024-02-03 15:00:00+00:00,26.046999,24.796999,24.197,25.697,23.947,28.147,21.7955,50.0,61.0,67.0,55.0,68.0,41.0,73.0,2,winter,59.29,24.95,27.197,45.0
1,2024-02-03 16:00:00+00:00,23.296999,22.397,21.747,24.097,22.697,26.046999,20.4955,66.0,76.0,79.0,64.0,74.0,53.0,79.0,2,winter,70.14,22.97,23.397,68.0
1,2024-02-03 17:00:00+00:00,21.597,21.397,21.546999,22.296999,21.497,23.147,19.595499,79.0,83.0,81.0,75.0,81.0,70.0,82.0,2,winter,78.71,21.58,21.097,78.0
1,2024-02-03 18:00:00+00:00,20.947,20.647,20.447,20.447,20.497,20.847,17.595499,83.0,87.0,82.0,85.0,86.0,84.0,89.0,2,winter,85.14,20.2,20.597,84.0
1,2024-02-03 19:00:00+00:00,20.497,20.397,19.397,19.947,19.796999,19.747,16.9455,86.0,87.0,88.0,86.0,89.0,89.0,91.0,2,winter,88.0,19.53,20.197,87.0
1,2024-02-03 20:00:00+00:00,19.247,19.747,19.097,19.546999,19.296999,19.247,16.595499,91.0,89.0,89.0,86.0,91.0,91.0,91.0,2,winter,89.71,18.97,19.647,89.0
1,2024-02-03 21:00:00+00:00,18.647,19.347,18.497,19.097,18.847,18.897,16.1955,93.0,89.0,93.0,87.0,93.0,92.0,91.0,2,winter,91.14,18.5,18.897,93.0
1,2024-02-03 22:00:00+00:00,18.147,18.897,17.997,18.546999,18.546999,18.597,15.5955,95.0,89.0,96.0,90.0,94.0,93.0,91.0,2,winter,92.57,18.05,18.397,94.0
1,2024-02-03 23:00:00+00:00,17.197,18.046999,17.847,17.897,18.296999,18.447,14.9955,98.0,94.0,94.0,93.0,94.0,94.0,90.0,2,winter,93.86,17.53,17.497,97.0
1,2024-02-04 00:00:00+00:00,16.546999,17.347,17.397,18.046999,17.747,18.097,15.695499,100.0,98.0,95.0,95.0,95.0,96.0,89.0,2,winter,95.43,17.27,16.897,98.0
1,2024-02-04 01:00:00+00:00,15.997,17.097,16.897,17.296999,17.097,17.647,14.9955,100.0,98.0,94.0,97.0,97.0,96.0,90.0,2,winter,96.0,16.72,16.397,99.0
1,2024-02-04 02:00:00+00:00,15.547,16.947,16.347,16.546999,16.397,17.247,14.3955,99.0,98.0,94.0,99.0,99.0,96.0,91.0,2,winter,96.57,16.2,15.896999,100.0
1,2024-02-04 03:00:00+00:00,14.997,15.997,15.697,16.397,16.296999,17.247,14.4955,98.0,99.0,95.0,98.0,99.0,95.0,90.0,2,winter,96.29,15.88,15.396999,99.0
1,2024-02-04 04:00:00+00:00,14.497,15.347,15.197,17.147,17.046999,17.897,15.5955,98.0,99.0,96.0,94.0,97.0,93.0,87.0,2,winter,94.86,16.1,14.997,97.0
1,2024-02-04 05:00:00+00:00,16.047,16.697,16.697,18.447,18.296999,18.947,17.3955,94.0,96.0,92.0,89.0,93.0,89.0,82.0,2,winter,90.71,17.5,16.447,92.0
1,2024-02-04 06:00:00+00:00,19.597,20.097,20.147,19.947,19.747,20.147,19.345499,82.0,79.0,76.0,82.0,87.0,85.0,77.0,2,winter,81.14,19.86,18.997,85.0
1,2024-02-04 07:00:00+00:00,22.397,22.697,22.647,21.796999,21.397,21.546999,21.9955,71.0,68.0,65.0,74.0,79.0,78.0,67.0,2,winter,71.71,22.07,21.647,73.0
1,2024-02-04 08:00:00+00:00,24.647,24.997,24.597,23.796999,23.247,23.046999,24.9955,59.0,59.0,59.0,65.0,69.0,70.0,54.0,2,winter,62.14,24.19,24.147,62.0
1,2024-02-04 09:00:00+00:00,26.046999,26.897,26.347,25.497,24.697,24.347,27.2955,52.0,51.0,53.0,57.0,62.0,64.0,45.0,2,winter,54.86,25.88,26.046999,52.0
1,2024-02-04 10:00:00+00:00,27.147,28.097,27.747,26.897,25.597,25.296999,28.7955,47.0,46.0,47.0,51.0,59.0,61.0,39.0,2,winter,50.0,27.08,27.247,46.0
1,2024-02-04 11:00:00+00:00,27.947,28.796999,28.597,27.997,26.147,25.997,29.6455,43.0,45.0,44.0,45.0,58.0,60.0,35.0,2,winter,47.14,27.88,27.897,43.0
1,2024-02-04 12:00:00+00:00,28.647,28.497,28.447,27.597,27.947,25.347,26.4955,37.0,42.0,43.0,49.0,48.0,63.0,49.0,2,winter,47.29,27.57,28.247,40.0
1,2024-02-04 13:00:00+00:00,29.097,28.597,28.796999,27.397,27.997,25.247,25.1455,34.0,40.0,41.0,49.0,46.0,62.0,57.0,2,winter,47.0,27.47,28.597,36.0
1,2024-02-04 14:00:00+00:00,28.597,28.296999,28.897,26.747,27.647,24.747,23.095499,36.0,37.0,34.0,51.0,46.0,62.0,68.0,2,winter,47.71,26.86,28.347,33.0
1,2024-02-04 15:00:00+00:00,27.097,27.046999,27.647,25.796999,26.747,23.947,21.1455,42.0,42.0,35.0,55.0,49.0,65.0,78.0,2,winter,52.29,25.63,27.247,38.0
1,2024-02-04 16:00:00+00:00,24.647,24.296999,24.597,24.296999,24.897,22.697,19.345499,51.0,52.0,44.0,64.0,58.0,71.0,85.0,2,winter,60.71,23.54,24.397,46.0
1,2024-02-04 17:00:00+00:00,22.647,21.897,22.097,22.447,22.546999,21.197,17.6455,58.0,60.0,54.0,76.0,71.0,80.0,91.0,2,winter,70.0,21.5,21.847,54.0
1,2024-02-04 18:00:00+00:00,21.046999,20.546999,20.447,21.296999,20.647,20.046999,17.4455,64.0,66.0,70.0,81.0,81.0,87.0,93.0,2,winter,77.43,20.21,20.647,64.0
1,2024-02-04 19:00:00+00:00,20.247,19.546999,19.697,20.546999,19.747,19.597,17.1955,70.0,69.0,77.0,86.0,86.0,90.0,93.0,2,winter,81.57,19.51,19.697,70.0
1,2024-02-04 20:00:00+00:00,19.546999,19.447,19.247,20.397,19.347,19.447,17.595499,73.0,71.0,82.0,88.0,88.0,91.0,91.0,2,winter,83.43,19.29,19.296999,73.0
1,2024-02-04 21:00:00+00:00,18.097,19.347,18.947,20.197,19.046999,19.296999,17.6955,79.0,72.0,83.0,89.0,89.0,92.0,89.0,2,winter,84.71,18.95,17.546999,82.0
1,2024-02-04 22:00:00+00:00,17.497,19.097,18.796999,19.747,18.796999,18.897,16.9955,81.0,74.0,82.0,91.0,90.0,94.0,90.0,2,winter,86.0,18.55,16.847,86.0
1,2024-02-04 23:00:00+00:00,17.097,18.697,18.397,19.296999,18.697,18.497,16.0455,83.0,77.0,84.0,93.0,90.0,96.0,93.0,2,winter,88.0,18.1,16.447,87.0
1,2024-02-05 00:00:00+00:00,16.997,17.647,17.197,18.447,18.997,18.046999,16.9455,88.0,82.0,89.0,82.0,93.0,94.0,91.0,2,winter,88.43,17.75,16.047,89.0
1,2024-02-05 01:00:00+00:00,15.997,17.147,16.647,17.747,17.997,17.447,16.2455,91.0,84.0,92.0,85.0,95.0,96.0,92.0,2,winter,90.71,17.03,15.697,91.0
1,2024-02-05 02:00:00+00:00,15.146999,16.597,16.497,16.947,16.796999,16.847,15.195499,93.0,86.0,92.0,88.0,97.0,98.0,94.0,2,winter,92.57,16.29,15.347,92.0
1,2024-02-05 03:00:00+00:00,14.497,16.047,16.197,16.796999,16.296999,16.747,14.8955,96.0,87.0,92.0,89.0,97.0,98.0,93.0,2,winter,93.14,15.93,14.847,93.0
1,2024-02-05 04:00:00+00:00,14.297,15.597,15.646999,17.597,16.997,17.397,15.695499,95.0,89.0,94.0,87.0,95.0,95.0,90.0,2,winter,92.14,16.18,14.347,94.0
1,2024-02-05 05:00:00+00:00,16.047,16.597,17.097,19.046999,18.447,18.497,17.2455,91.0,89.0,90.0,82.0,91.0,91.0,84.0,2,winter,88.29,17.57,15.747,92.0
1,2024-02-05 06:00:00+00:00,19.697,19.647,20.447,20.796999,20.097,19.847,19.4955,78.0,79.0,78.0,76.0,85.0,85.0,77.0,2,winter,79.71,20.0,19.597,78.0
1,2024-02-05 07:00:00+00:00,22.097,21.947,22.697,22.747,21.897,21.497,22.1955,69.0,70.0,68.0,70.0,77.0,77.0,67.0,2,winter,71.14,22.15,22.046999,70.0
1,2024-02-05 08:00:00+00:00,23.997,23.747,24.546999,24.897,23.947,23.397,25.1955,64.0,65.0,63.0,63.0,67.0,68.0,55.0,2,winter,63.57,24.25,24.097,64.0
1,2024-02-05 09:00:00+00:00,25.796999,25.397,26.097,26.647,25.597,24.997,27.3955,55.0,58.0,58.0,57.0,58.0,60.0,46.0,2,winter,56.0,25.99,25.647,58.0
1,2024-02-05 10:00:00+00:00,26.747,26.597,27.197,27.997,26.747,26.197,28.4955,50.0,52.0,54.0,50.0,52.0,54.0,41.0,2,winter,50.43,27.14,26.897,51.0
1,2024-02-05 11:00:00+00:00,27.597,27.296999,27.597,28.947,27.597,27.097,28.845499,47.0,48.0,50.0,43.0,48.0,49.0,38.0,2,winter,46.14,27.85,27.647,45.0
1,2024-02-05 12:00:00+00:00,27.747,28.546999,28.597,28.697,27.397,28.296999,27.8955,47.0,43.0,44.0,46.0,53.0,42.0,42.0,2,winter,45.29,28.17,28.296999,43.0
1,2024-02-05 13:00:00+00:00,27.947,28.897,28.847,28.247,26.497,28.497,25.595499,47.0,40.0,42.0,47.0,58.0,40.0,53.0,2,winter,46.71,27.79,28.796999,39.0
1,2024-02-05 14:00:00+00:00,27.897,28.897,28.897,27.247,24.847,28.397,22.2455,48.0,38.0,41.0,51.0,66.0,40.0,69.0,2,winter,50.43,26.92,28.497,36.0
1,2024-02-05 15:00:00+00:00,26.997,28.147,28.147,26.046999,23.347,27.647,19.6455,51.0,40.0,43.0,56.0,73.0,43.0,81.0,2,winter,55.29,25.71,27.097,43.0
1,2024-02-05 16:00:00+00:00,24.097,24.647,25.847,24.546999,22.247,25.897,18.6955,65.0,58.0,57.0,64.0,78.0,52.0,86.0,2,winter,65.71,23.71,25.097,56.0
1,2024-02-05 17:00:00+00:00,21.397,22.046999,23.197,22.796999,21.247,23.597,18.4455,76.0,77.0,71.0,75.0,83.0,66.0,87.0,2,winter,76.43,21.82,21.497,74.0
1,2024-02-05 18:00:00+00:00,19.897,21.397,20.597,21.046999,20.447,21.747,17.345499,78.0,79.0,86.0,82.0,87.0,76.0,95.0,2,winter,83.29,20.35,20.697,82.0
1,2024-02-05 19:00:00+00:00,19.647,20.697,20.197,20.247,19.997,20.847,17.345499,91.0,83.0,87.0,86.0,89.0,81.0,94.0,2,winter,87.29,19.85,20.347,83.0
1,2024-02-05 20:00:00+00:00,19.197,20.147,19.546999,19.747,19.697,20.447,17.595499,90.0,87.0,89.0,88.0,90.0,84.0,92.0,2,winter,88.57,19.48,19.847,86.0
1,2024-02-05 21:00:00+00:00,18.647,19.347,19.197,19.296999,19.447,20.046999,17.5455,91.0,91.0,89.0,90.0,91.0,86.0,90.0,2,winter,89.71,19.08,19.546999,89.0
1,2024-02-05 22:00:00+00:00,18.247,18.747,18.697,18.796999,19.097,19.546999,16.7955,94.0,93.0,90.0,92.0,93.0,88.0,90.0,2,winter,91.43,18.56,19.247,90.0
1,2024-02-05 23:00:00+00:00,17.947,18.347,18.147,18.296999,18.697,19.097,15.695499,95.0,95.0,93.0,94.0,96.0,90.0,90.0,2,winter,93.29,18.03,18.847,92.0
1,2024-02-06 00:00:00+00:00,18.147,18.147,17.097,17.947,18.447,17.947,14.695499,95.0,96.0,97.0,97.0,93.0,97.0,92.0,2,winter,95.29,17.49,18.147,94.0
1,2024-02-06 01:00:00+00:00,17.847,17.847,16.597,17.697,17.897,17.247,14.195499,96.0,96.0,98.0,98.0,95.0,99.0,93.0,2,winter,96.43,17.05,17.897,94.0
1,2024-02-06 02:00:00+00:00,17.447,17.447,16.197,17.647,17.397,16.597,13.7955,97.0,97.0,99.0,99.0,97.0,100.0,94.0,2,winter,97.57,16.65,17.597,94.0
1,2024-02-06 03:00:00+00:00,17.247,16.647,15.896999,17.847,17.296999,16.497,14.0955,97.0,100.0,99.0,98.0,97.0,99.0,93.0,2,winter,97.57,16.5,16.847,96.0
1,2024-02-06 04:00:00+00:00,16.697,16.647,15.597,18.347,17.747,17.247,15.3455,97.0,99.0,99.0,96.0,95.0,95.0,89.0,2,winter,95.71,16.8,15.646999,99.0
1,2024-02-06 05:00:00+00:00,17.347,17.796999,16.997,19.097,18.546999,18.546999,17.2455,95.0,96.0,95.0,92.0,92.0,89.0,83.0,2,winter,91.71,17.94,16.647,94.0
1,2024-02-06 06:00:00+00:00,19.147,19.546999,20.397,20.347,19.697,20.046999,19.3955,85.0,87.0,86.0,86.0,87.0,82.0,74.0,2,winter,83.86,19.8,19.647,83.0
1,2024-02-06 07:00:00+00:00,20.697,21.497,21.997,21.747,21.296999,21.796999,21.8955,79.0,78.0,74.0,78.0,78.0,74.0,63.0,2,winter,74.86,21.56,21.397,78.0
1,2024-02-06 08:00:00+00:00,22.447,23.347,23.597,23.397,23.197,23.697,24.595499,69.0,68.0,67.0,68.0,67.0,66.0,50.0,2,winter,65.0,23.47,23.397,68.0
1,2024-02-06 09:00:00+00:00,24.147,24.997,25.197,24.796999,24.847,25.296999,26.7455,63.0,59.0,57.0,60.0,57.0,58.0,40.0,2,winter,56.29,25.15,25.097,61.0
1,2024-02-06 10:00:00+00:00,25.697,26.296999,26.347,25.847,26.046999,26.447,28.0455,56.0,51.0,50.0,54.0,51.0,51.0,35.0,2,winter,49.71,26.39,26.497,53.0
1,2024-02-06 11:00:00+00:00,26.347,27.197,27.296999,26.647,26.997,27.247,28.6955,50.0,47.0,46.0,49.0,46.0,46.0,32.0,2,winter,45.14,27.2,26.997,49.0
1,2024-02-06 12:00:00+00:00,27.447,27.247,27.546999,27.497,27.046999,27.497,29.7455,46.0,45.0,47.0,44.0,48.0,47.0,27.0,2,winter,43.43,27.72,27.947,44.0
1,2024-02-06 13:00:00+00:00,27.497,27.546999,27.747,27.247,26.997,27.597,28.845499,45.0,44.0,45.0,45.0,47.0,45.0,34.0,2,winter,43.57,27.64,27.947,44.0
1,2024-02-06 14:00:00+00:00,27.097,27.197,27.497,26.546999,26.497,27.247,27.1955,46.0,44.0,46.0,48.0,48.0,45.0,46.0,2,winter,46.14,27.04,27.847,43.0
1,2024-02-06 15:00:00+00:00,26.147,25.597,26.897,25.546999,25.647,26.597,25.2955,49.0,50.0,46.0,54.0,52.0,47.0,56.0,2,winter,50.57,25.96,26.697,44.0
1,2024-02-06 16:00:00+00:00,24.097,22.897,24.697,24.147,24.296999,25.397,23.095499,65.0,66.0,57.0,63.0,60.0,54.0,63.0,2,winter,61.14,24.09,23.897,57.0
1,2024-02-06 17:00:00+00:00,21.397,21.247,22.546999,22.447,22.647,23.796999,20.6455,75.0,79.0,66.0,73.0,70.0,63.0,68.0,2,winter,70.57,22.1,22.097,70.0
1,2024-02-06 18:00:00+00:00,20.597,20.697,21.347,21.347,21.296999,22.397,20.9455,87.0,81.0,79.0,79.0,79.0,71.0,60.0,2,winter,76.57,21.23,20.847,79.0
1,2024-02-06 19:00:00+00:00,19.997,19.947,20.497,20.497,20.546999,21.397,19.7955,88.0,85.0,84.0,84.0,83.0,77.0,62.0,2,winter,80.43,20.38,20.247,83.0
1,2024-02-06 20:00:00+00:00,19.447,19.296999,20.097,19.997,20.097,20.597,18.595499,90.0,88.0,86.0,87.0,86.0,81.0,64.0,2,winter,83.14,19.73,19.747,86.0
1,2024-02-06 21:00:00+00:00,18.847,18.197,19.447,19.497,19.697,19.897,17.6455,91.0,93.0,88.0,89.0,88.0,85.0,66.0,2,winter,85.71,19.03,18.546999,93.0
1,2024-02-06 22:00:00+00:00,18.447,17.447,18.046999,18.897,19.247,19.397,17.2455,92.0,95.0,95.0,91.0,90.0,87.0,68.0,2,winter,88.29,18.39,17.747,96.0
1,2024-02-06 23:00:00+00:00,17.847,16.897,17.447,18.347,18.847,19.046999,17.1455,94.0,96.0,96.0,93.0,93.0,89.0,70.0,2,winter,90.14,17.94,17.347,96.0
1,2024-02-07 00:00:00+00:00,16.847,16.397,17.796999,17.197,18.296999,18.097,16.4955,96.0,95.0,96.0,94.0,94.0,92.0,72.0,2,winter,91.29,17.3,16.447,97.0
1,2024-02-07 01:00:00+00:00,16.347,15.997,17.747,16.747,17.997,17.847,15.5955,98.0,96.0,96.0,95.0,95.0,93.0,77.0,2,winter,92.86,16.9,15.797,99.0
1,2024-02-07 02:00:00+00:00,16.247,15.697,17.497,16.447,17.796999,17.747,14.3955,98.0,96.0,97.0,94.0,96.0,92.0,83.0,2,winter,93.71,16.55,15.396999,99.0
1,2024-02-07 03:00:00+00:00,16.597,15.497,17.197,16.647,17.897,17.947,14.1455,96.0,95.0,99.0,93.0,96.0,91.0,85.0,2,winter,93.57,16.56,14.997,99.0
1,2024-02-07 04:00:00+00:00,16.697,14.997,17.097,17.447,18.397,18.497,15.4955,96.0,96.0,98.0,91.0,95.0,90.0,80.0,2,winter,92.29,16.95,14.697,99.0
1,2024-02-07 05:00:00+00:00,17.947,16.546999,17.997,18.747,19.197,19.397,17.845499,94.0,92.0,96.0,88.0,93.0,87.0,70.0,2,winter,88.57,18.24,16.147,94.0
1,2024-02-07 06:00:00+00:00,19.747,19.147,20.097,20.647,20.247,20.546999,20.2455,84.0,82.0,86.0,85.0,88.0,83.0,66.0,2,winter,82.0,20.1,19.546999,82.0
1,2024-02-07 07:00:00+00:00,21.647,21.347,21.747,22.296999,21.747,22.247,22.3955,78.0,76.0,78.0,77.0,79.0,75.0,58.0,2,winter,74.43,21.92,21.597,74.0
1,2024-02-07 08:00:00+00:00,23.546999,23.546999,22.847,24.147,23.447,24.247,24.5455,69.0,66.0,72.0,67.0,67.0,65.0,50.0,2,winter,65.14,23.76,23.697,65.0
1,2024-02-07 09:00:00+00:00,25.197,25.147,24.447,25.647,24.947,25.897,26.2455,60.0,60.0,63.0,58.0,58.0,56.0,43.0,2,winter,56.86,25.36,25.447,57.0
1,2024-02-07 10:00:00+00:00,26.447,26.546999,25.897,26.697,25.997,27.046999,27.4455,52.0,51.0,58.0,52.0,53.0,49.0,37.0,2,winter,50.29,26.58,26.647,50.0
1,2024-02-07 11:00:00+00:00,27.296999,27.197,26.947,27.447,26.796999,27.847,28.2455,47.0,47.0,48.0,47.0,50.0,44.0,31.0,2,winter,44.86,27.4,27.447,45.0
1,2024-02-07 12:00:00+00:00,28.397,27.497,27.747,27.847,27.447,28.197,28.6455,40.0,48.0,44.0,42.0,47.0,42.0,30.0,2,winter,41.86,27.97,28.147,43.0
1,2024-02-07 13:00:00+00:00,28.697,27.447,27.947,27.997,27.647,28.247,27.7455,40.0,48.0,44.0,40.0,45.0,41.0,35.0,2,winter,41.86,27.96,28.296999,41.0
1,2024-02-07 14:00:00+00:00,28.247,27.097,27.747,27.796999,27.497,27.897,26.1455,42.0,50.0,45.0,40.0,43.0,42.0,45.0,2,winter,43.86,27.49,28.347,41.0
1,2024-02-07 15:00:00+00:00,26.397,24.247,27.197,27.046999,26.747,27.097,24.2955,49.0,58.0,44.0,43.0,45.0,45.0,52.0,2,winter,48.0,26.15,28.046999,42.0
1,2024-02-07 16:00:00+00:00,24.247,22.997,24.597,25.397,24.997,25.597,22.1455,63.0,67.0,56.0,51.0,53.0,52.0,56.0,2,winter,56.86,24.28,25.796999,49.0
1,2024-02-07 17:00:00+00:00,22.647,21.397,22.296999,23.247,22.697,23.597,19.7455,70.0,76.0,69.0,62.0,65.0,62.0,58.0,2,winter,66.0,22.23,23.046999,58.0
1,2024-02-07 18:00:00+00:00,21.747,21.197,21.247,21.397,20.897,21.997,18.9955,75.0,75.0,71.0,69.0,74.0,71.0,55.0,2,winter,70.0,21.07,21.397,63.0
1,2024-02-07 19:00:00+00:00,21.397,20.697,19.947,20.546999,20.296999,21.097,17.595499,75.0,77.0,81.0,74.0,77.0,77.0,57.0,2,winter,74.0,20.23,20.097,68.0
1,2024-02-07 20:00:00+00:00,20.097,19.397,18.897,20.046999,20.197,20.546999,16.4455,81.0,85.0,90.0,76.0,77.0,81.0,59.0,2,winter,78.43,19.38,19.097,73.0
1,2024-02-07 21:00:00+00:00,19.397,18.447,18.296999,19.597,19.796999,20.097,15.4955,84.0,91.0,94.0,79.0,78.0,85.0,61.0,2,winter,81.71,18.73,18.546999,77.0
1,2024-02-07 22:00:00+00:00,19.147,17.897,17.897,18.947,18.597,19.647,14.7955,83.0,93.0,94.0,82.0,84.0,88.0,64.0,2,winter,84.0,18.13,17.697,81.0
1,2024-02-07 23:00:00+00:00,18.147,17.747,17.997,18.247,17.147,19.247,14.3455,88.0,93.0,90.0,84.0,90.0,90.0,68.0,2,winter,86.14,17.55,16.747,86.0
1,2024-02-08 00:00:00+00:00,17.046999,16.796999,17.046999,18.546999,17.647,15.447,14.1455,91.0,97.0,97.0,88.0,97.0,86.0,69.0,2,winter,89.29,16.67,16.497,89.0
1,2024-02-08 01:00:00+00:00,16.747,16.047,16.546999,17.997,17.097,14.597,13.7955,87.0,95.0,95.0,90.0,96.0,87.0,72.0,2,winter,88.86,16.12,16.047,90.0
1,2024-02-08 02:00:00+00:00,16.497,15.797,15.997,17.347,16.546999,13.797,13.6455,85.0,91.0,91.0,91.0,93.0,89.0,75.0,2,winter,87.86,15.66,15.497,92.0
1,2024-02-08 03:00:00+00:00,16.147,15.597,15.497,17.247,16.597,13.847,14.1455,85.0,86.0,89.0,91.0,90.0,89.0,75.0,2,winter,86.43,15.58,15.097,94.0
1,2024-02-08 04:00:00+00:00,15.847,15.097,15.047,17.947,17.397,15.297,15.5455,87.0,87.0,90.0,87.0,86.0,83.0,72.0,2,winter,84.57,16.03,14.896999,94.0
1,2024-02-08 05:00:00+00:00,17.296999,16.447,16.546999,19.097,18.747,17.597,17.5455,87.0,87.0,89.0,82.0,81.0,75.0,66.0,2,winter,81.0,17.61,16.796999,89.0
1,2024-02-08 06:00:00+00:00,20.347,19.997,20.147,20.296999,20.296999,19.897,20.1455,77.0,78.0,73.0,70.0,76.0,67.0,59.0,2,winter,71.43,20.16,19.947,80.0
1,2024-02-08 07:00:00+00:00,22.947,22.447,22.947,22.247,22.147,21.997,22.7455,68.0,70.0,65.0,64.0,70.0,61.0,51.0,2,winter,64.14,22.5,22.347,70.0
1,2024-02-08 08:00:00+00:00,24.897,24.296999,25.046999,24.397,24.247,24.046999,25.345499,60.0,62.0,59.0,57.0,64.0,57.0,42.0,2,winter,57.29,24.61,24.447,63.0
1,2024-02-08 09:00:00+00:00,26.497,25.796999,26.597,26.147,25.947,25.697,27.1955,52.0,55.0,51.0,52.0,58.0,52.0,36.0,2,winter,50.86,26.27,26.497,54.0
1,2024-02-08 10:00:00+00:00,27.347,27.046999,27.597,27.247,27.097,26.897,27.8955,47.0,49.0,45.0,48.0,52.0,47.0,33.0,2,winter,45.86,27.3,27.597,44.0
1,2024-02-08 11:00:00+00:00,28.147,27.796999,28.347,27.897,27.897,27.647,27.845499,43.0,46.0,42.0,44.0,47.0,43.0,33.0,2,winter,42.57,27.94,28.397,40.0
1,2024-02-08 12:00:00+00:00,28.897,28.796999,28.197,28.247,28.097,28.097,28.845499,38.0,41.0,43.0,43.0,45.0,43.0,32.0,2,winter,40.71,28.45,28.546999,38.0
1,2024-02-08 13:00:00+00:00,28.997,28.847,28.347,27.847,27.897,27.597,26.6955,38.0,40.0,42.0,44.0,45.0,45.0,41.0,2,winter,42.14,28.03,28.497,37.0
1,2024-02-08 14:00:00+00:00,28.796999,28.397,28.147,26.947,27.296999,26.546999,23.4455,38.0,39.0,43.0,48.0,46.0,50.0,53.0,2,winter,45.29,27.08,28.046999,37.0
1,2024-02-08 15:00:00+00:00,28.197,27.546999,27.097,25.796999,26.296999,25.296999,20.6955,38.0,41.0,46.0,54.0,50.0,57.0,65.0,2,winter,50.14,25.85,27.247,44.0
1,2024-02-08 16:00:00+00:00,25.397,24.546999,24.747,24.347,24.747,23.897,18.9455,51.0,60.0,57.0,63.0,59.0,65.0,76.0,2,winter,61.57,23.8,25.296999,53.0
1,2024-02-08 17:00:00+00:00,23.497,22.647,22.997,22.697,22.796999,22.347,17.6455,58.0,71.0,65.0,75.0,71.0,75.0,85.0,2,winter,71.43,22.09,22.947,63.0
1,2024-02-08 18:00:00+00:00,21.397,21.296999,22.147,20.697,21.247,21.046999,16.6955,67.0,79.0,64.0,87.0,81.0,83.0,86.0,2,winter,78.14,20.65,21.397,65.0
1,2024-02-08 19:00:00+00:00,20.147,20.397,21.197,19.747,20.397,20.097,16.3955,73.0,85.0,75.0,89.0,86.0,88.0,88.0,2,winter,83.43,19.77,20.296999,68.0
1,2024-02-08 20:00:00+00:00,18.897,19.097,20.197,18.997,19.897,19.397,16.9955,81.0,93.0,80.0,89.0,89.0,90.0,85.0,2,winter,86.71,19.07,19.597,74.0
1,2024-02-08 21:00:00+00:00,17.697,18.197,19.296999,18.296999,19.497,18.796999,17.2955,88.0,97.0,86.0,89.0,91.0,92.0,84.0,2,winter,89.57,18.44,18.997,80.0
1,2024-02-08 22:00:00+00:00,17.546999,18.197,18.697,17.647,19.197,18.296999,16.7455,87.0,94.0,90.0,91.0,92.0,93.0,86.0,2,winter,90.43,18.05,18.447,83.0
1,2024-02-08 23:00:00+00:00,17.296999,18.597,18.546999,17.147,19.046999,17.897,15.945499,87.0,92.0,88.0,94.0,92.0,94.0,89.0,2,winter,90.86,17.78,17.597,86.0
1,2024-02-09 00:00:00+00:00,17.447,16.947,16.546999,17.847,17.847,17.147,16.6955,85.0,90.0,86.0,91.0,94.0,93.0,71.0,2,winter,87.14,17.21,17.046999,87.0
1,2024-02-09 01:00:00+00:00,17.296999,16.497,16.047,17.197,17.497,16.847,15.695499,86.0,90.0,87.0,92.0,94.0,93.0,76.0,2,winter,88.29,16.73,16.597,88.0
1,2024-02-09 02:00:00+00:00,16.897,15.997,15.597,16.447,17.147,16.597,14.695499,89.0,91.0,90.0,93.0,95.0,93.0,81.0,2,winter,90.29,16.2,16.097,90.0
1,2024-02-09 03:00:00+00:00,16.296999,15.447,15.247,16.347,17.247,16.847,14.695499,92.0,94.0,92.0,93.0,94.0,92.0,83.0,2,winter,91.43,16.02,15.747,91.0
1,2024-02-09 04:00:00+00:00,15.797,15.047,15.247,17.247,18.097,17.747,16.4455,94.0,95.0,92.0,90.0,90.0,90.0,78.0,2,winter,89.86,16.52,15.297,93.0
1,2024-02-09 05:00:00+00:00,17.347,16.747,16.897,18.796999,19.397,19.147,19.1955,91.0,91.0,90.0,86.0,85.0,86.0,70.0,2,winter,85.57,18.22,16.947,90.0
1,2024-02-09 06:00:00+00:00,21.046999,20.497,20.247,20.747,20.947,20.747,21.3955,77.0,79.0,79.0,79.0,79.0,81.0,65.0,2,winter,77.0,20.8,20.747,78.0
1,2024-02-09 07:00:00+00:00,23.247,22.947,22.847,22.747,22.796999,22.747,24.095499,67.0,69.0,69.0,74.0,72.0,74.0,55.0,2,winter,68.57,23.06,22.997,67.0
1,2024-02-09 08:00:00+00:00,25.347,24.997,24.897,24.947,24.847,24.947,26.8955,59.0,62.0,61.0,68.0,64.0,65.0,46.0,2,winter,60.71,25.27,24.947,60.0
1,2024-02-09 09:00:00+00:00,27.197,26.796999,26.647,26.697,26.497,26.747,28.595499,50.0,56.0,56.0,62.0,57.0,57.0,40.0,2,winter,54.0,27.03,26.597,51.0
1,2024-02-09 10:00:00+00:00,28.046999,28.147,27.747,27.747,27.546999,27.947,28.5455,45.0,49.0,49.0,56.0,52.0,51.0,40.0,2,winter,48.86,27.96,27.747,45.0
1,2024-02-09 11:00:00+00:00,28.747,28.997,28.647,28.397,28.247,28.747,27.3955,44.0,45.0,46.0,51.0,49.0,46.0,44.0,2,winter,46.43,28.45,28.397,43.0
1,2024-02-09 12:00:00+00:00,29.397,29.546999,29.247,28.447,28.597,27.997,28.8955,39.0,40.0,41.0,47.0,47.0,50.0,34.0,2,winter,42.57,28.88,29.097,39.0
1,2024-02-09 13:00:00+00:00,29.546999,29.497,29.097,27.897,27.847,26.546999,25.4455,39.0,39.0,41.0,49.0,50.0,57.0,50.0,2,winter,46.43,27.98,29.247,38.0
1,2024-02-09 14:00:00+00:00,29.147,29.046999,28.597,26.747,26.497,24.197,20.6455,37.0,39.0,43.0,53.0,56.0,67.0,72.0,2,winter,52.43,26.41,29.097,38.0
1,2024-02-09 15:00:00+00:00,27.447,27.497,27.847,25.397,25.046999,22.247,17.095499,45.0,46.0,44.0,59.0,63.0,76.0,89.0,2,winter,60.29,24.65,28.497,39.0
1,2024-02-09 16:00:00+00:00,24.197,24.897,23.397,23.697,23.546999,21.296999,15.9955,68.0,59.0,67.0,68.0,71.0,81.0,94.0,2,winter,72.57,22.43,27.197,47.0
1,2024-02-09 17:00:00+00:00,22.897,22.747,22.147,21.747,21.997,20.796999,16.1455,74.0,71.0,79.0,78.0,79.0,84.0,93.0,2,winter,79.71,21.21,25.046999,52.0
1,2024-02-09 18:00:00+00:00,21.097,22.447,21.247,21.347,20.796999,20.296999,19.1455,82.0,75.0,85.0,84.0,86.0,87.0,83.0,2,winter,83.14,20.91,22.097,75.0
1,2024-02-09 19:00:00+00:00,20.347,21.647,20.796999,20.447,20.197,19.697,18.8955,85.0,80.0,86.0,87.0,89.0,90.0,84.0,2,winter,85.86,20.29,21.347,82.0
1,2024-02-09 20:00:00+00:00,19.447,20.447,19.546999,19.897,19.997,19.097,18.7455,85.0,85.0,89.0,87.0,90.0,92.0,84.0,2,winter,87.43,19.6,20.447,87.0
1,2024-02-09 21:00:00+00:00,19.046999,19.796999,19.897,19.397,19.747,18.697,18.4455,88.0,86.0,85.0,87.0,91.0,93.0,85.0,2,winter,87.86,19.29,19.397,93.0
1,2024-02-09 22:00:00+00:00,18.747,19.697,19.097,18.947,19.397,18.497,17.845499,91.0,87.0,88.0,89.0,92.0,94.0,87.0,2,winter,89.71,18.89,18.597,89.0
1,2024-02-09 23:00:00+00:00,18.296999,18.897,18.447,18.597,19.097,18.497,17.095499,94.0,91.0,92.0,91.0,94.0,94.0,89.0,2,winter,92.14,18.42,18.296999,90.0
1,2024-02-10 00:00:00+00:00,18.046999,18.046999,18.397,17.947,17.947,17.847,16.1955,92.0,93.0,93.0,94.0,95.0,92.0,91.0,2,winter,92.86,17.78,17.997,91.0
1,2024-02-10 01:00:00+00:00,17.897,17.697,17.796999,17.397,17.296999,17.647,15.6455,94.0,91.0,94.0,94.0,97.0,93.0,93.0,2,winter,93.71,17.34,17.647,93.0
1,2024-02-10 02:00:00+00:00,17.796999,17.097,16.897,16.947,16.697,17.597,15.2455,94.0,92.0,95.0,93.0,98.0,94.0,94.0,2,winter,94.29,16.9,17.046999,95.0
1,2024-02-10 03:00:00+00:00,17.697,16.497,16.296999,16.997,16.697,17.796999,15.5455,93.0,93.0,95.0,91.0,97.0,94.0,93.0,2,winter,93.71,16.79,16.796999,94.0
1,2024-02-10 04:00:00+00:00,17.347,15.997,15.747,17.747,17.647,18.397,16.8955,93.0,95.0,96.0,89.0,94.0,93.0,87.0,2,winter,92.43,17.11,16.597,93.0
1,2024-02-10 05:00:00+00:00,18.247,17.447,17.296999,18.997,19.147,19.347,18.9455,92.0,92.0,91.0,85.0,88.0,90.0,79.0,2,winter,88.14,18.49,17.647,93.0
1,2024-02-10 06:00:00+00:00,19.847,20.647,21.097,20.897,20.847,20.546999,19.845499,84.0,82.0,77.0,83.0,82.0,86.0,76.0,2,winter,81.43,20.53,20.447,78.0
1,2024-02-10 07:00:00+00:00,21.697,22.847,23.397,22.546999,22.796999,22.347,22.7955,79.0,74.0,70.0,76.0,74.0,79.0,65.0,2,winter,73.86,22.63,22.347,73.0
1,2024-02-10 08:00:00+00:00,24.147,24.796999,25.397,24.397,24.947,24.447,26.1955,69.0,68.0,62.0,67.0,65.0,69.0,51.0,2,winter,64.43,24.9,24.197,65.0
1,2024-02-10 09:00:00+00:00,25.647,26.546999,26.296999,25.897,26.546999,26.046999,28.4955,63.0,60.0,57.0,60.0,58.0,62.0,42.0,2,winter,57.43,26.5,25.697,58.0
1,2024-02-10 10:00:00+00:00,26.847,27.597,27.347,27.046999,27.447,26.947,29.1955,58.0,55.0,54.0,55.0,53.0,58.0,39.0,2,winter,53.14,27.49,26.947,55.0
1,2024-02-10 11:00:00+00:00,27.296999,28.247,27.847,27.897,27.847,27.347,28.845499,56.0,52.0,54.0,52.0,51.0,55.0,41.0,2,winter,51.57,27.9,27.546999,52.0
1,2024-02-10 12:00:00+00:00,28.197,28.546999,29.647,29.447,27.997,27.447,28.5455,51.0,49.0,41.0,44.0,52.0,53.0,39.0,2,winter,47.0,28.55,27.796999,51.0
1,2024-02-10 13:00:00+00:00,27.897,28.147,29.897,29.546999,27.247,26.796999,26.6955,52.0,51.0,40.0,42.0,55.0,58.0,47.0,2,winter,49.29,28.03,25.046999,67.0
1,2024-02-10 14:00:00+00:00,25.546999,27.747,29.497,29.197,25.947,25.647,24.095499,59.0,53.0,39.0,41.0,62.0,66.0,58.0,2,winter,54.0,26.81,23.546999,72.0
1,2024-02-10 15:00:00+00:00,23.397,25.247,27.897,28.247,24.597,24.447,21.6455,75.0,63.0,47.0,45.0,69.0,74.0,68.0,2,winter,63.0,25.07,22.597,76.0
1,2024-02-10 16:00:00+00:00,22.046999,23.497,23.697,26.197,23.397,23.247,19.3955,79.0,71.0,72.0,56.0,76.0,79.0,77.0,2,winter,72.86,23.07,21.747,80.0
1,2024-02-10 17:00:00+00:00,21.197,22.046999,22.147,23.546999,22.147,21.997,17.1955,84.0,81.0,78.0,70.0,83.0,84.0,85.0,2,winter,80.71,21.47,20.997,86.0
1,2024-02-10 18:00:00+00:00,21.097,20.597,21.597,21.497,21.097,20.997,16.1955,87.0,89.0,83.0,85.0,88.0,87.0,93.0,2,winter,87.43,20.44,20.546999,88.0
1,2024-02-10 19:00:00+00:00,20.597,20.197,21.046999,20.897,20.347,20.447,15.6455,89.0,91.0,87.0,88.0,91.0,89.0,95.0,2,winter,90.0,19.88,20.097,92.0
1,2024-02-10 20:00:00+00:00,20.197,19.897,20.296999,20.447,19.747,20.147,15.8455,91.0,93.0,89.0,91.0,92.0,90.0,94.0,2,winter,91.43,19.51,19.997,92.0
1,2024-02-10 21:00:00+00:00,19.897,19.647,19.796999,19.997,19.347,19.897,15.9955,92.0,94.0,92.0,93.0,93.0,91.0,93.0,2,winter,92.57,19.23,19.647,92.0
1,2024-02-10 22:00:00+00:00,19.647,19.097,19.647,19.647,19.147,19.697,15.7455,93.0,95.0,92.0,95.0,94.0,92.0,93.0,2,winter,93.43,18.95,19.046999,94.0
1,2024-02-10 23:00:00+00:00,19.296999,18.347,18.897,19.347,19.147,19.497,15.445499,94.0,96.0,96.0,96.0,95.0,93.0,94.0,2,winter,94.86,18.57,18.597,95.0
1,2024-02-11 00:00:00+00:00,18.897,18.897,18.647,18.947,18.897,18.796999,15.0455,96.0,96.0,92.0,95.0,97.0,96.0,94.0,2,winter,95.14,18.3,18.347,94.0
1,2024-02-11 01:00:00+00:00,18.397,18.597,18.347,18.397,18.347,18.097,14.5955,97.0,97.0,93.0,96.0,99.0,97.0,95.0,2,winter,96.29,17.83,18.147,95.0
1,2024-02-11 02:00:00+00:00,18.097,18.197,18.247,17.747,17.697,17.296999,14.195499,98.0,97.0,93.0,97.0,100.0,98.0,96.0,2,winter,97.0,17.35,18.197,93.0
1,2024-02-11 03:00:00+00:00,17.697,17.747,17.796999,17.647,17.546999,17.097,14.4955,99.0,97.0,94.0,96.0,100.0,97.0,95.0,2,winter,96.86,17.15,18.046999,95.0
1,2024-02-11 04:00:00+00:00,17.247,17.097,17.147,18.296999,18.147,17.796999,15.8955,100.0,98.0,93.0,92.0,96.0,93.0,91.0,2,winter,94.71,17.38,17.847,96.0
1,2024-02-11 05:00:00+00:00,17.997,17.947,18.097,19.397,19.197,19.046999,17.9955,100.0,97.0,91.0,87.0,90.0,88.0,84.0,2,winter,91.0,18.53,18.347,94.0
1,2024-02-11 06:00:00+00:00,20.147,20.197,20.747,21.097,20.546999,20.546999,20.7955,88.0,85.0,80.0,78.0,83.0,81.0,70.0,2,winter,80.71,20.58,19.447,88.0
1,2024-02-11 07:00:00+00:00,21.847,22.447,22.796999,23.046999,22.347,22.397,22.9455,80.0,74.0,68.0,70.0,75.0,72.0,61.0,2,winter,71.43,22.55,21.097,81.0
1,2024-02-11 08:00:00+00:00,23.397,24.296999,24.447,25.247,24.447,24.546999,25.095499,71.0,66.0,63.0,61.0,65.0,62.0,53.0,2,winter,63.0,24.5,22.447,74.0
1,2024-02-11 09:00:00+00:00,25.097,25.796999,26.046999,27.046999,26.197,26.296999,26.7455,62.0,58.0,56.0,53.0,57.0,54.0,46.0,2,winter,55.14,26.18,23.546999,68.0
1,2024-02-11 10:00:00+00:00,26.347,26.997,27.197,28.247,27.447,27.497,27.7955,54.0,51.0,50.0,47.0,51.0,48.0,42.0,2,winter,49.0,27.36,24.847,63.0
1,2024-02-11 11:00:00+00:00,27.197,27.897,28.097,29.046999,28.347,28.347,28.2955,50.0,47.0,46.0,43.0,45.0,44.0,39.0,2,winter,44.86,28.18,25.997,58.0
1,2024-02-11 12:00:00+00:00,27.147,28.747,29.046999,29.897,29.247,28.597,29.1455,54.0,43.0,41.0,38.0,40.0,45.0,36.0,2,winter,42.43,28.83,26.847,53.0
1,2024-02-11 13:00:00+00:00,27.447,28.947,29.197,30.097,29.147,28.796999,27.7455,53.0,42.0,41.0,35.0,39.0,43.0,40.0,2,winter,41.86,28.77,27.046999,52.0
1,2024-02-11 14:00:00+00:00,26.897,28.796999,28.997,29.897,28.647,28.647,25.4455,52.0,42.0,41.0,33.0,40.0,43.0,48.0,2,winter,42.71,28.19,26.697,50.0
1,2024-02-11 15:00:00+00:00,24.497,28.397,28.597,29.046999,27.697,27.947,23.345499,63.0,43.0,41.0,36.0,44.0,46.0,56.0,2,winter,47.0,27.08,25.497,54.0
1,2024-02-11 16:00:00+00:00,23.147,25.897,26.046999,27.097,26.046999,26.347,21.845499,73.0,55.0,55.0,47.0,53.0,53.0,64.0,2,winter,57.14,25.2,23.147,69.0
1,2024-02-11 17:00:00+00:00,21.947,23.597,23.847,24.497,23.897,24.197,20.5455,81.0,67.0,63.0,61.0,66.0,62.0,72.0,2,winter,67.43,23.22,21.897,78.0
1,2024-02-11 18:00:00+00:00,20.597,21.546999,22.347,22.697,22.247,22.497,21.345499,85.0,80.0,67.0,73.0,76.0,71.0,60.0,2,winter,73.14,21.9,20.497,87.0
1,2024-02-11 19:00:00+00:00,19.897,20.997,21.546999,21.747,21.447,21.647,20.595499,89.0,81.0,71.0,77.0,81.0,78.0,60.0,2,winter,76.71,21.13,19.997,88.0
1,2024-02-11 20:00:00+00:00,19.397,20.397,21.097,21.247,21.046999,21.197,19.8955,91.0,85.0,75.0,78.0,83.0,84.0,60.0,2,winter,79.43,20.61,19.647,89.0
1,2024-02-11 21:00:00+00:00,18.847,20.097,20.097,20.697,20.697,20.747,19.2955,94.0,86.0,81.0,80.0,85.0,89.0,60.0,2,winter,82.14,20.07,19.397,89.0
1,2024-02-11 22:00:00+00:00,18.447,19.597,19.796999,19.947,20.247,20.097,18.7455,95.0,88.0,85.0,84.0,88.0,94.0,63.0,2,winter,85.29,19.55,19.147,88.0
1,2024-02-11 23:00:00+00:00,18.046999,19.397,19.447,19.097,19.796999,19.397,18.2955,97.0,90.0,85.0,87.0,90.0,97.0,67.0,2,winter,87.57,19.07,18.647,91.0
1,2024-02-12 00:00:00+00:00,17.147,18.747,18.796999,17.546999,18.796999,18.947,18.095499,99.0,94.0,93.0,91.0,91.0,93.0,70.0,2,winter,90.14,18.3,18.247,91.0
1,2024-02-12 01:00:00+00:00,17.397,18.347,18.147,16.747,17.597,17.947,17.4455,95.0,95.0,96.0,92.0,94.0,96.0,73.0,2,winter,91.57,17.66,18.046999,91.0
1,2024-02-12 02:00:00+00:00,17.497,17.447,17.447,16.047,16.296999,16.796999,16.595499,93.0,98.0,98.0,91.0,97.0,99.0,76.0,2,winter,93.14,16.88,17.997,90.0
1,2024-02-12 03:00:00+00:00,17.147,16.697,16.747,16.047,15.797,16.296999,16.4955,93.0,99.0,99.0,89.0,97.0,99.0,76.0,2,winter,93.14,16.46,17.647,91.0
1,2024-02-12 04:00:00+00:00,16.647,16.197,16.397,16.997,16.647,16.947,17.6455,95.0,98.0,97.0,87.0,91.0,93.0,73.0,2,winter,90.57,16.78,17.247,94.0
1,2024-02-12 05:00:00+00:00,17.796999,17.597,17.947,18.597,18.296999,18.247,19.5455,90.0,94.0,91.0,83.0,83.0,83.0,67.0,2,winter,84.43,18.29,18.247,93.0
1,2024-02-12 06:00:00+00:00,20.296999,20.296999,20.747,20.497,20.147,19.847,21.095499,81.0,88.0,77.0,76.0,74.0,74.0,63.0,2,winter,76.14,20.42,20.197,84.0
1,2024-02-12 07:00:00+00:00,22.697,22.546999,22.796999,22.397,22.097,21.796999,23.2955,71.0,74.0,70.0,68.0,66.0,68.0,55.0,2,winter,67.43,22.52,22.046999,76.0
1,2024-02-12 08:00:00+00:00,24.647,24.347,24.347,24.397,24.247,24.046999,25.6455,63.0,67.0,64.0,59.0,59.0,63.0,46.0,2,winter,60.14,24.53,23.947,66.0
1,2024-02-12 09:00:00+00:00,26.147,25.796999,25.647,26.097,25.997,25.847,27.4955,59.0,61.0,60.0,51.0,53.0,59.0,39.0,2,winter,54.57,26.15,25.597,58.0
1,2024-02-12 10:00:00+00:00,27.347,27.147,26.796999,27.447,27.296999,27.046999,28.595499,52.0,50.0,54.0,46.0,48.0,54.0,34.0,2,winter,48.29,27.38,26.747,51.0
1,2024-02-12 11:00:00+00:00,28.197,27.947,27.697,28.497,28.197,27.847,29.1955,45.0,45.0,48.0,43.0,44.0,49.0,32.0,2,winter,43.71,28.23,27.597,47.0
1,2024-02-12 12:00:00+00:00,28.447,28.997,28.647,29.296999,29.447,28.647,29.7955,43.0,40.0,45.0,40.0,39.0,44.0,34.0,2,winter,40.71,29.04,27.847,45.0
1,2024-02-12 13:00:00+00:00,28.597,29.046999,28.647,29.296999,29.497,28.647,28.3955,42.0,40.0,46.0,39.0,37.0,43.0,38.0,2,winter,40.71,28.88,27.897,46.0
1,2024-02-12 14:00:00+00:00,28.347,28.747,28.046999,28.847,29.097,28.247,26.095499,44.0,42.0,46.0,40.0,37.0,43.0,46.0,2,winter,42.57,28.2,27.597,48.0
1,2024-02-12 15:00:00+00:00,27.647,28.097,27.296999,27.897,28.247,27.397,23.8955,45.0,42.0,47.0,44.0,40.0,46.0,54.0,2,winter,45.43,27.21,26.796999,49.0
1,2024-02-12 16:00:00+00:00,25.697,25.697,24.847,26.147,26.647,25.997,22.1455,56.0,53.0,60.0,51.0,48.0,52.0,63.0,2,winter,54.71,25.31,24.847,61.0
1,2024-02-12 17:00:00+00:00,23.447,23.147,22.897,23.847,24.546999,24.197,20.5455,65.0,70.0,69.0,61.0,58.0,60.0,73.0,2,winter,65.14,23.23,23.647,67.0
1,2024-02-12 18:00:00+00:00,21.697,21.847,22.447,22.197,22.796999,22.647,17.7455,78.0,76.0,70.0,73.0,68.0,68.0,94.0,2,winter,75.29,21.63,22.347,72.0
1,2024-02-12 19:00:00+00:00,21.147,21.097,21.347,21.296999,21.747,21.597,17.4955,82.0,80.0,78.0,78.0,76.0,74.0,95.0,2,winter,80.43,20.82,21.247,78.0
1,2024-02-12 20:00:00+00:00,20.647,20.397,21.046999,20.847,21.046999,20.796999,17.7955,86.0,83.0,80.0,82.0,82.0,80.0,93.0,2,winter,83.71,20.37,20.647,82.0
1,2024-02-12 21:00:00+00:00,20.147,19.747,20.447,20.447,20.447,20.147,18.0455,89.0,86.0,83.0,84.0,87.0,85.0,92.0,2,winter,86.57,19.92,20.296999,84.0
1,2024-02-12 22:00:00+00:00,19.647,19.296999,20.247,20.097,19.997,19.697,17.9955,91.0,88.0,84.0,86.0,90.0,87.0,92.0,2,winter,88.29,19.57,19.597,88.0
1,2024-02-12 23:00:00+00:00,19.497,18.897,19.897,19.796999,19.647,19.447,17.845499,90.0,91.0,87.0,86.0,91.0,89.0,93.0,2,winter,89.57,19.29,19.247,89.0
1,2024-02-13 00:00:00+00:00,18.747,18.546999,19.197,19.546999,18.647,19.147,16.7955,90.0,93.0,88.0,90.0,78.0,83.0,81.0,2,winter,86.14,18.66,18.647,90.0
1,2024-02-13 01:00:00+00:00,18.397,18.347,18.546999,18.847,18.197,18.397,16.845499,89.0,93.0,90.0,91.0,81.0,85.0,81.0,2,winter,87.14,18.23,18.296999,92.0
1,2024-02-13 02:00:00+00:00,18.197,18.046999,17.997,18.046999,17.647,17.497,17.2955,89.0,93.0,90.0,93.0,85.0,88.0,79.0,2,winter,88.14,17.82,18.097,93.0
1,2024-02-13 03:00:00+00:00,18.147,17.747,17.897,17.796999,17.697,17.247,17.9455,89.0,93.0,88.0,92.0,86.0,89.0,77.0,2,winter,87.71,17.78,17.697,94.0
1,2024-02-13 04:00:00+00:00,17.997,17.247,17.897,18.497,18.597,18.046999,18.7455,89.0,93.0,85.0,89.0,83.0,86.0,75.0,2,winter,85.71,18.15,17.497,95.0
1,2024-02-13 05:00:00+00:00,18.747,18.546999,18.997,19.796999,20.046999,19.447,19.7955,89.0,89.0,84.0,84.0,77.0,81.0,72.0,2,winter,82.29,19.34,18.397,93.0
1,2024-02-13 06:00:00+00:00,20.597,21.497,21.597,21.296999,21.647,21.046999,20.9955,84.0,77.0,76.0,77.0,71.0,75.0,67.0,2,winter,75.29,21.24,20.497,82.0
1,2024-02-13 07:00:00+00:00,22.296999,23.447,23.397,22.947,23.497,22.796999,23.345499,77.0,68.0,69.0,71.0,65.0,69.0,59.0,2,winter,68.29,23.1,22.497,72.0
1,2024-02-13 08:00:00+00:00,24.097,25.147,24.997,24.796999,25.497,24.747,25.8955,68.0,62.0,61.0,64.0,59.0,62.0,51.0,2,winter,61.0,25.03,24.147,66.0
1,2024-02-13 09:00:00+00:00,25.697,26.647,26.447,26.296999,27.147,26.397,27.7955,62.0,56.0,57.0,58.0,53.0,56.0,44.0,2,winter,55.14,26.63,25.747,60.0
1,2024-02-13 10:00:00+00:00,26.897,27.897,27.647,27.447,28.347,27.647,29.1455,55.0,50.0,49.0,53.0,48.0,51.0,38.0,2,winter,49.14,27.86,26.847,55.0
1,2024-02-13 11:00:00+00:00,27.546999,28.147,28.197,28.247,29.197,28.597,29.845499,51.0,46.0,46.0,48.0,44.0,46.0,34.0,2,winter,45.0,28.54,27.647,52.0
1,2024-02-13 12:00:00+00:00,27.747,29.197,29.897,28.897,29.097,27.997,30.2955,50.0,40.0,38.0,43.0,43.0,51.0,34.0,2,winter,42.71,29.02,27.947,49.0
1,2024-02-13 13:00:00+00:00,27.546999,29.046999,29.947,28.796999,28.447,27.897,28.4455,51.0,40.0,37.0,42.0,47.0,51.0,40.0,2,winter,44.0,28.59,27.747,50.0
1,2024-02-13 14:00:00+00:00,26.897,28.397,29.447,28.296999,27.147,27.347,25.5455,52.0,41.0,40.0,43.0,54.0,52.0,50.0,2,winter,47.43,27.58,24.997,68.0
1,2024-02-13 15:00:00+00:00,23.897,27.497,27.897,27.347,25.897,26.497,22.9455,72.0,46.0,45.0,47.0,61.0,56.0,61.0,2,winter,55.43,26.0,23.796999,73.0
1,2024-02-13 16:00:00+00:00,22.747,25.647,24.997,25.647,24.847,25.197,20.8955,76.0,60.0,64.0,57.0,66.0,63.0,73.0,2,winter,65.57,24.28,22.796999,79.0
1,2024-02-13 17:00:00+00:00,21.697,23.847,21.997,23.447,23.847,23.597,19.1455,83.0,68.0,76.0,71.0,70.0,72.0,85.0,2,winter,75.0,22.51,21.647,84.0
1,2024-02-13 18:00:00+00:00,20.796999,21.497,22.347,22.046999,22.847,22.197,16.7455,85.0,85.0,74.0,81.0,75.0,80.0,95.0,2,winter,82.14,21.21,20.997,87.0
1,2024-02-13 19:00:00+00:00,20.197,20.997,21.747,21.147,21.847,21.197,16.2455,89.0,87.0,82.0,85.0,80.0,85.0,98.0,2,winter,86.57,20.48,20.397,89.0
1,2024-02-13 20:00:00+00:00,19.647,20.546999,21.197,20.597,20.897,20.397,16.595499,92.0,90.0,87.0,87.0,85.0,88.0,97.0,2,winter,89.43,19.98,19.897,91.0
1,2024-02-13 21:00:00+00:00,19.747,20.147,20.397,20.147,20.147,19.796999,16.9455,92.0,89.0,91.0,89.0,89.0,91.0,96.0,2,winter,91.0,19.62,19.647,92.0
1,2024-02-13 22:00:00+00:00,19.397,19.997,20.147,19.847,19.647,19.397,17.1455,91.0,90.0,91.0,90.0,92.0,93.0,94.0,2,winter,91.57,19.37,19.147,94.0
1,2024-02-13 23:00:00+00:00,19.197,19.747,19.897,19.647,19.347,19.147,17.345499,91.0,92.0,92.0,91.0,93.0,93.0,92.0,2,winter,92.0,19.19,19.147,93.0
1,2024-02-14 00:00:00+00:00,18.897,18.747,19.347,19.747,19.747,19.247,16.595499,95.0,93.0,93.0,93.0,93.0,95.0,93.0,2,winter,93.57,18.9,19.097,92.0
1,2024-02-14 01:00:00+00:00,18.597,18.447,19.247,19.497,19.447,18.897,16.1455,96.0,94.0,94.0,94.0,94.0,96.0,94.0,2,winter,94.57,18.61,18.796999,93.0
1,2024-02-14 02:00:00+00:00,18.097,18.296999,18.897,19.296999,19.147,18.497,15.7455,98.0,93.0,96.0,95.0,96.0,97.0,94.0,2,winter,95.57,18.28,18.447,95.0
1,2024-02-14 03:00:00+00:00,18.046999,18.296999,18.947,19.347,19.197,18.497,15.8955,96.0,93.0,94.0,94.0,96.0,97.0,93.0,2,winter,94.71,18.32,18.197,96.0
1,2024-02-14 04:00:00+00:00,17.697,17.997,18.697,19.796999,19.697,19.046999,16.9955,96.0,94.0,94.0,92.0,94.0,95.0,90.0,2,winter,93.57,18.56,18.046999,96.0
1,2024-02-14 05:00:00+00:00,18.647,18.847,19.546999,20.597,20.447,19.997,18.6955,93.0,93.0,92.0,88.0,92.0,92.0,84.0,2,winter,90.57,19.54,18.796999,94.0
1,2024-02-14 06:00:00+00:00,20.847,21.147,21.546999,21.447,21.347,21.197,21.095499,85.0,82.0,81.0,88.0,88.0,87.0,72.0,2,winter,83.29,21.23,20.947,85.0
1,2024-02-14 07:00:00+00:00,22.796999,23.147,23.497,22.897,22.347,22.747,23.4955,75.0,70.0,70.0,79.0,83.0,79.0,61.0,2,winter,73.86,22.99,22.546999,78.0
1,2024-02-14 08:00:00+00:00,24.447,24.697,24.697,24.697,23.397,24.497,26.2955,67.0,65.0,65.0,68.0,78.0,70.0,48.0,2,winter,65.86,24.68,23.997,73.0
1,2024-02-14 09:00:00+00:00,25.747,26.397,25.796999,26.197,24.397,25.997,28.4455,62.0,59.0,61.0,59.0,73.0,62.0,39.0,2,winter,59.29,26.14,25.247,67.0
1,2024-02-14 10:00:00+00:00,26.947,27.697,27.097,27.247,25.347,27.097,30.0455,56.0,53.0,55.0,53.0,67.0,55.0,33.0,2,winter,53.14,27.35,26.147,61.0
1,2024-02-14 11:00:00+00:00,27.447,28.247,28.097,27.997,26.247,27.897,31.0455,52.0,50.0,50.0,50.0,62.0,50.0,30.0,2,winter,49.14,28.14,27.147,56.0
1,2024-02-14 12:00:00+00:00,27.497,27.697,28.597,28.347,28.147,28.497,30.3955,54.0,52.0,46.0,50.0,48.0,47.0,35.0,2,winter,47.43,28.45,27.997,51.0
1,2024-02-14 13:00:00+00:00,24.397,27.747,28.597,27.796999,27.796999,27.597,26.7455,70.0,53.0,47.0,52.0,50.0,52.0,51.0,2,winter,53.57,27.24,27.597,52.0
1,2024-02-14 14:00:00+00:00,25.197,25.546999,28.147,26.597,26.997,25.997,21.345499,69.0,59.0,48.0,57.0,55.0,62.0,75.0,2,winter,60.71,25.69,24.647,72.0
1,2024-02-14 15:00:00+00:00,23.747,23.046999,25.397,25.296999,26.046999,24.546999,17.4455,72.0,70.0,56.0,63.0,61.0,70.0,92.0,2,winter,69.14,23.65,23.647,73.0
1,2024-02-14 16:00:00+00:00,22.947,22.546999,23.697,23.897,24.897,23.397,16.5455,77.0,74.0,67.0,71.0,67.0,76.0,97.0,2,winter,75.57,22.56,22.647,74.0
1,2024-02-14 17:00:00+00:00,21.997,21.546999,22.397,22.397,23.546999,22.397,17.1455,82.0,80.0,74.0,80.0,74.0,82.0,97.0,2,winter,81.29,21.63,21.597,81.0
1,2024-02-14 18:00:00+00:00,21.296999,20.546999,21.997,20.997,22.447,21.546999,16.6955,82.0,87.0,80.0,86.0,80.0,86.0,93.0,2,winter,84.86,20.79,21.347,83.0
1,2024-02-14 19:00:00+00:00,20.847,20.046999,20.897,20.447,21.796999,20.997,16.7955,85.0,89.0,86.0,87.0,84.0,89.0,93.0,2,winter,87.57,20.26,20.897,85.0
1,2024-02-14 20:00:00+00:00,20.247,19.347,20.447,20.447,21.447,20.597,17.0455,89.0,92.0,88.0,85.0,86.0,91.0,93.0,2,winter,89.14,19.94,20.147,91.0
1,2024-02-14 21:00:00+00:00,20.147,19.197,20.046999,20.397,21.097,20.296999,17.1955,90.0,93.0,90.0,84.0,88.0,92.0,93.0,2,winter,90.0,19.77,19.796999,91.0
1,2024-02-14 22:00:00+00:00,19.997,19.247,20.097,20.147,20.747,20.046999,17.0455,90.0,92.0,89.0,86.0,90.0,93.0,93.0,2,winter,90.43,19.62,19.597,91.0
1,2024-02-14 23:00:00+00:00,19.397,18.847,19.546999,19.897,20.397,19.847,16.845499,93.0,94.0,92.0,90.0,91.0,93.0,93.0,2,winter,92.29,19.25,19.397,93.0
1,2024-02-15 00:00:00+00:00,18.796999,19.147,19.046999,19.447,19.847,19.147,17.9455,96.0,94.0,92.0,92.0,90.0,94.0,91.0,2,winter,92.71,19.05,19.247,93.0
1,2024-02-15 01:00:00+00:00,18.497,18.847,18.997,18.947,19.647,18.897,17.3955,97.0,94.0,92.0,94.0,91.0,95.0,92.0,2,winter,93.57,18.75,18.997,94.0
1,2024-02-15 02:00:00+00:00,18.097,18.647,19.046999,18.447,19.497,18.747,16.6955,98.0,94.0,89.0,95.0,93.0,95.0,94.0,2,winter,94.0,18.45,18.747,95.0
1,2024-02-15 03:00:00+00:00,17.847,18.397,18.897,18.347,19.647,18.847,16.595499,98.0,95.0,87.0,94.0,93.0,95.0,94.0,2,winter,93.71,18.37,18.546999,95.0
1,2024-02-15 04:00:00+00:00,17.447,18.247,18.697,18.847,20.046999,19.197,17.3955,99.0,95.0,86.0,91.0,92.0,94.0,91.0,2,winter,92.57,18.55,18.296999,96.0
1,2024-02-15 05:00:00+00:00,18.597,18.947,19.347,19.796999,20.647,19.747,18.7955,96.0,90.0,88.0,86.0,90.0,92.0,85.0,2,winter,89.57,19.41,18.947,97.0
1,2024-02-15 06:00:00+00:00,20.497,20.647,20.897,20.947,21.546999,20.597,19.9955,90.0,82.0,80.0,82.0,86.0,88.0,82.0,2,winter,84.29,20.73,20.347,88.0
1,2024-02-15 07:00:00+00:00,22.247,22.197,22.747,22.597,22.897,21.796999,22.3955,81.0,75.0,71.0,75.0,78.0,82.0,71.0,2,winter,76.14,22.41,21.947,79.0
1,2024-02-15 08:00:00+00:00,24.296999,23.997,24.597,24.546999,24.497,23.296999,25.1455,68.0,70.0,65.0,66.0,67.0,76.0,57.0,2,winter,67.0,24.34,23.447,70.0
1,2024-02-15 09:00:00+00:00,25.697,25.796999,26.247,26.197,25.897,24.597,27.345499,61.0,62.0,58.0,59.0,59.0,69.0,47.0,2,winter,59.29,25.97,24.897,61.0
1,2024-02-15 10:00:00+00:00,26.747,27.247,27.447,27.296999,26.997,25.697,29.1455,53.0,53.0,50.0,54.0,53.0,63.0,40.0,2,winter,52.29,27.23,25.947,54.0
1,2024-02-15 11:00:00+00:00,27.697,28.397,28.347,28.046999,27.897,26.647,30.4455,47.0,47.0,45.0,50.0,50.0,57.0,37.0,2,winter,47.57,28.21,26.796999,50.0
1,2024-02-15 12:00:00+00:00,27.647,28.046999,28.147,29.247,28.046999,27.397,30.095499,46.0,49.0,48.0,44.0,47.0,55.0,37.0,2,winter,46.57,28.38,26.747,49.0
1,2024-02-15 13:00:00+00:00,25.647,28.197,28.447,29.347,28.147,26.747,26.3955,64.0,48.0,47.0,42.0,45.0,57.0,53.0,2,winter,50.86,27.56,26.447,52.0
1,2024-02-15 14:00:00+00:00,25.497,27.947,28.397,29.046999,27.947,25.447,20.9955,62.0,50.0,48.0,41.0,44.0,61.0,76.0,2,winter,54.57,26.47,25.597,57.0
1,2024-02-15 15:00:00+00:00,25.046999,27.147,27.997,28.247,27.347,24.197,16.9955,61.0,51.0,48.0,43.0,46.0,66.0,93.0,2,winter,58.29,25.28,24.296999,63.0
1,2024-02-15 16:00:00+00:00,23.447,24.447,25.647,26.546999,26.097,23.296999,15.945499,69.0,65.0,61.0,51.0,52.0,71.0,98.0,2,winter,66.71,23.63,22.747,71.0
1,2024-02-15 17:00:00+00:00,22.097,23.197,23.997,24.347,24.447,22.447,16.2955,77.0,73.0,67.0,63.0,61.0,76.0,96.0,2,winter,73.29,22.4,21.247,80.0
1,2024-02-15 18:00:00+00:00,20.546999,22.197,22.697,22.796999,22.997,21.697,16.9455,85.0,82.0,70.0,75.0,69.0,81.0,98.0,2,winter,80.0,21.41,19.947,90.0
1,2024-02-15 19:00:00+00:00,20.097,21.847,22.296999,21.947,22.097,21.046999,16.9955,86.0,84.0,71.0,80.0,75.0,85.0,98.0,2,winter,82.71,20.9,19.497,94.0
1,2024-02-15 20:00:00+00:00,18.747,21.197,21.997,21.447,21.397,20.447,17.345499,93.0,88.0,75.0,83.0,81.0,89.0,96.0,2,winter,86.43,20.37,19.197,95.0
1,2024-02-15 21:00:00+00:00,18.447,20.497,21.747,20.997,20.796999,19.997,17.595499,95.0,91.0,75.0,85.0,85.0,92.0,95.0,2,winter,88.29,20.01,18.997,96.0
1,2024-02-15 22:00:00+00:00,18.097,20.046999,20.847,20.546999,20.247,19.697,17.5455,97.0,93.0,79.0,86.0,88.0,93.0,95.0,2,winter,90.14,19.58,18.697,97.0
1,2024-02-15 23:00:00+00:00,18.046999,19.597,19.897,20.197,19.747,19.497,17.3955,96.0,95.0,86.0,87.0,90.0,93.0,96.0,2,winter,91.86,19.2,18.097,99.0
1,2024-02-16 00:00:00+00:00,17.147,18.947,18.947,19.697,19.847,19.697,17.3955,96.0,94.0,92.0,89.0,90.0,91.0,94.0,2,winter,92.29,18.81,17.397,100.0
1,2024-02-16 01:00:00+00:00,16.897,18.296999,18.597,19.046999,19.497,19.347,16.845499,95.0,97.0,91.0,91.0,92.0,92.0,94.0,2,winter,93.14,18.36,16.796999,100.0
1,2024-02-16 02:00:00+00:00,16.447,17.897,18.397,18.347,19.147,18.997,16.1455,96.0,98.0,90.0,94.0,94.0,93.0,95.0,2,winter,94.29,17.91,16.397,100.0
1,2024-02-16 03:00:00+00:00,16.047,17.597,17.497,18.097,19.097,18.947,16.095499,96.0,97.0,94.0,95.0,94.0,93.0,93.0,2,winter,94.57,17.63,16.497,100.0
1,2024-02-16 04:00:00+00:00,15.747,17.147,16.947,18.546999,19.447,19.347,16.9955,95.0,97.0,93.0,94.0,93.0,92.0,89.0,2,winter,93.29,17.74,16.647,98.0
1,2024-02-16 05:00:00+00:00,17.197,18.147,17.997,19.447,20.097,20.097,18.5455,92.0,95.0,90.0,92.0,90.0,89.0,83.0,2,winter,90.14,18.79,17.697,95.0
1,2024-02-16 06:00:00+00:00,20.447,20.897,20.347,20.497,21.046999,21.046999,20.4455,75.0,85.0,71.0,85.0,85.0,85.0,77.0,2,winter,80.43,20.68,19.447,87.0
1,2024-02-16 07:00:00+00:00,22.697,22.497,22.397,22.147,22.497,22.397,22.5455,68.0,77.0,63.0,77.0,77.0,78.0,68.0,2,winter,72.57,22.45,21.796999,75.0
1,2024-02-16 08:00:00+00:00,24.747,24.147,24.197,24.046999,24.247,23.997,24.8955,62.0,67.0,60.0,66.0,67.0,69.0,57.0,2,winter,64.0,24.33,23.997,66.0
1,2024-02-16 09:00:00+00:00,26.497,25.647,25.697,25.647,25.747,25.397,26.6955,57.0,59.0,52.0,57.0,59.0,62.0,49.0,2,winter,56.43,25.9,26.147,59.0
1,2024-02-16 10:00:00+00:00,28.097,27.046999,26.847,26.847,26.897,26.546999,27.7955,46.0,50.0,45.0,50.0,54.0,56.0,44.0,2,winter,49.29,27.15,27.546999,53.0
1,2024-02-16 11:00:00+00:00,29.097,27.997,27.597,27.697,27.747,27.546999,28.2955,39.0,45.0,41.0,45.0,50.0,51.0,42.0,2,winter,44.71,28.0,28.447,46.0
1,2024-02-16 12:00:00+00:00,28.947,28.447,28.497,28.046999,28.397,28.046999,27.595499,41.0,43.0,41.0,45.0,45.0,43.0,47.0,2,winter,43.57,28.28,28.347,43.0
1,2024-02-16 13:00:00+00:00,29.147,28.546999,28.597,28.147,28.447,28.147,25.6955,39.0,43.0,42.0,44.0,44.0,41.0,58.0,2,winter,44.43,28.1,28.546999,42.0
1,2024-02-16 14:00:00+00:00,28.897,28.296999,28.247,27.947,28.097,27.847,22.6455,41.0,45.0,44.0,44.0,44.0,42.0,74.0,2,winter,47.71,27.43,28.247,43.0
1,2024-02-16 15:00:00+00:00,28.097,27.497,27.397,27.247,27.397,27.147,20.095499,41.0,45.0,46.0,46.0,46.0,45.0,87.0,2,winter,50.86,26.41,27.247,46.0
1,2024-02-16 16:00:00+00:00,25.447,25.197,25.247,25.847,26.147,25.897,18.595499,55.0,55.0,54.0,52.0,51.0,51.0,93.0,2,winter,58.71,24.63,24.796999,60.0
1,2024-02-16 17:00:00+00:00,23.647,23.197,23.796999,23.947,24.597,24.247,17.5455,63.0,61.0,59.0,60.0,58.0,59.0,96.0,2,winter,65.14,23.0,22.947,68.0
1,2024-02-16 18:00:00+00:00,22.147,22.997,22.046999,21.847,23.197,22.796999,17.1455,68.0,68.0,68.0,66.0,65.0,67.0,94.0,2,winter,70.86,21.74,21.647,75.0
1,2024-02-16 19:00:00+00:00,20.796999,22.247,21.697,20.947,22.247,21.697,16.9455,76.0,67.0,69.0,71.0,71.0,73.0,94.0,2,winter,74.43,20.94,21.397,77.0
1,2024-02-16 20:00:00+00:00,19.597,20.347,20.397,20.397,21.497,20.747,17.1455,83.0,78.0,76.0,74.0,76.0,78.0,93.0,2,winter,79.71,20.02,20.597,79.0
1,2024-02-16 21:00:00+00:00,19.747,19.447,19.647,19.947,20.897,20.046999,17.345499,77.0,82.0,81.0,77.0,80.0,82.0,92.0,2,winter,81.57,19.58,19.097,88.0
1,2024-02-16 22:00:00+00:00,19.147,18.796999,19.897,19.546999,20.447,19.597,17.345499,79.0,84.0,79.0,80.0,82.0,85.0,92.0,2,winter,83.0,19.25,18.697,88.0
1,2024-02-16 23:00:00+00:00,18.796999,18.197,19.647,19.247,20.147,19.347,17.345499,81.0,85.0,82.0,83.0,82.0,86.0,92.0,2,winter,84.43,18.96,18.147,89.0
1,2024-02-17 00:00:00+00:00,17.546999,17.097,18.247,18.546999,18.847,19.597,17.0455,85.0,81.0,82.0,94.0,86.0,88.0,94.0,2,winter,87.14,18.13,17.647,87.0
1,2024-02-17 01:00:00+00:00,17.197,16.796999,17.796999,18.247,18.546999,18.997,16.7455,86.0,81.0,86.0,95.0,87.0,90.0,94.0,2,winter,88.43,17.76,16.747,89.0
1,2024-02-17 02:00:00+00:00,16.997,16.647,16.947,17.997,18.247,18.347,16.3955,87.0,81.0,89.0,96.0,88.0,93.0,94.0,2,winter,89.71,17.37,16.247,91.0
1,2024-02-17 03:00:00+00:00,16.697,16.347,16.597,18.097,18.247,18.147,16.4955,89.0,84.0,89.0,95.0,88.0,93.0,93.0,2,winter,90.14,17.23,16.347,89.0
1,2024-02-17 04:00:00+00:00,16.097,15.947,16.347,18.597,18.647,18.647,17.1455,91.0,86.0,89.0,94.0,88.0,91.0,90.0,2,winter,89.86,17.35,16.247,89.0
1,2024-02-17 05:00:00+00:00,17.697,17.597,17.697,19.397,19.397,19.546999,18.1955,88.0,85.0,88.0,91.0,86.0,88.0,85.0,2,winter,87.29,18.5,17.697,87.0
1,2024-02-17 06:00:00+00:00,21.397,21.296999,20.796999,20.747,20.497,20.796999,19.1955,75.0,75.0,74.0,86.0,83.0,83.0,86.0,2,winter,80.29,20.68,20.497,77.0
1,2024-02-17 07:00:00+00:00,23.847,23.897,22.647,22.397,22.197,22.447,21.595499,65.0,66.0,74.0,78.0,75.0,75.0,76.0,2,winter,72.71,22.72,22.897,69.0
1,2024-02-17 08:00:00+00:00,25.647,25.997,24.447,24.347,24.197,24.397,24.4455,60.0,59.0,65.0,68.0,66.0,65.0,63.0,2,winter,63.71,24.78,24.697,65.0
1,2024-02-17 09:00:00+00:00,27.296999,27.647,25.947,25.947,25.897,26.046999,26.7955,54.0,53.0,58.0,59.0,57.0,56.0,52.0,2,winter,55.57,26.51,26.447,59.0
1,2024-02-17 10:00:00+00:00,28.597,28.947,27.296999,27.097,27.046999,27.197,28.4455,47.0,46.0,52.0,53.0,51.0,50.0,44.0,2,winter,49.0,27.8,27.747,52.0
1,2024-02-17 11:00:00+00:00,29.296999,29.697,28.197,27.947,27.847,27.997,29.5455,43.0,41.0,43.0,48.0,46.0,46.0,39.0,2,winter,43.71,28.65,28.546999,47.0
1,2024-02-17 12:00:00+00:00,29.597,30.546999,28.997,28.697,28.397,28.546999,27.845499,41.0,35.0,40.0,44.0,43.0,43.0,44.0,2,winter,41.43,28.95,29.347,43.0
1,2024-02-17 13:00:00+00:00,29.597,30.447,29.147,28.597,28.497,28.546999,27.1455,40.0,34.0,40.0,44.0,42.0,42.0,48.0,2,winter,41.43,28.85,29.447,43.0
1,2024-02-17 14:00:00+00:00,29.296999,30.147,28.947,28.046999,28.197,28.046999,26.0455,41.0,36.0,39.0,46.0,43.0,44.0,55.0,2,winter,43.43,28.39,29.046999,42.0
1,2024-02-17 15:00:00+00:00,28.296999,29.046999,27.897,27.097,27.397,27.197,24.5455,44.0,39.0,43.0,50.0,46.0,47.0,63.0,2,winter,47.43,27.35,27.796999,51.0
1,2024-02-17 16:00:00+00:00,25.897,26.296999,25.397,25.546999,25.847,25.747,22.345499,54.0,51.0,57.0,56.0,53.0,53.0,73.0,2,winter,56.71,25.3,24.546999,63.0
1,2024-02-17 17:00:00+00:00,24.247,24.647,23.497,23.647,23.847,23.947,19.7955,63.0,62.0,64.0,64.0,63.0,60.0,84.0,2,winter,65.71,23.38,22.247,73.0
1,2024-02-17 18:00:00+00:00,22.397,23.546999,22.247,22.397,22.247,22.447,18.095499,74.0,61.0,70.0,71.0,71.0,67.0,90.0,2,winter,72.0,21.91,21.697,74.0
1,2024-02-17 19:00:00+00:00,21.997,22.197,21.697,21.597,21.397,21.546999,17.6455,76.0,76.0,79.0,76.0,75.0,72.0,92.0,2,winter,78.0,21.15,21.347,80.0
1,2024-02-17 20:00:00+00:00,21.947,22.097,20.697,21.147,20.947,20.997,17.845499,78.0,79.0,85.0,79.0,77.0,76.0,91.0,2,winter,80.71,20.81,21.097,83.0
1,2024-02-17 21:00:00+00:00,20.947,20.897,20.497,20.747,20.546999,20.546999,17.9955,83.0,84.0,86.0,82.0,79.0,80.0,91.0,2,winter,83.57,20.31,20.147,89.0
1,2024-02-17 22:00:00+00:00,20.247,20.597,19.947,20.197,20.247,20.197,17.6955,85.0,87.0,89.0,85.0,81.0,83.0,92.0,2,winter,86.0,19.88,19.947,91.0
1,2024-02-17 23:00:00+00:00,19.697,20.347,19.697,19.697,19.997,19.897,17.2955,87.0,91.0,92.0,87.0,82.0,85.0,93.0,2,winter,88.14,19.52,19.447,93.0
1,2024-02-18 00:00:00+00:00,19.296999,19.647,19.546999,18.997,19.497,18.697,16.5455,90.0,91.0,91.0,90.0,87.0,89.0,94.0,2,winter,90.29,18.89,18.847,94.0
1,2024-02-18 01:00:00+00:00,18.347,19.097,18.796999,18.447,18.647,17.947,15.9955,91.0,92.0,94.0,92.0,91.0,92.0,95.0,2,winter,92.43,18.18,18.447,95.0
1,2024-02-18 02:00:00+00:00,18.197,18.847,18.397,17.897,17.697,17.197,15.445499,92.0,93.0,95.0,94.0,95.0,95.0,95.0,2,winter,94.14,17.67,18.397,95.0
1,2024-02-18 03:00:00+00:00,17.796999,18.347,18.247,17.796999,17.447,17.046999,15.5455,95.0,96.0,95.0,95.0,96.0,95.0,94.0,2,winter,95.14,17.46,17.897,97.0
1,2024-02-18 04:00:00+00:00,17.497,18.296999,17.597,18.546999,18.296999,17.897,16.6455,97.0,96.0,98.0,93.0,93.0,91.0,90.0,2,winter,94.0,17.83,17.397,98.0
1,2024-02-18 05:00:00+00:00,18.647,19.197,18.947,19.796999,19.796999,19.447,18.3955,96.0,93.0,94.0,89.0,88.0,85.0,83.0,2,winter,89.71,19.18,18.647,95.0
1,2024-02-18 06:00:00+00:00,21.097,21.397,21.397,21.397,21.397,21.046999,19.9955,84.0,84.0,85.0,83.0,82.0,79.0,79.0,2,winter,82.29,21.1,21.347,82.0
1,2024-02-18 07:00:00+00:00,22.997,23.197,23.097,23.197,23.046999,22.747,22.5455,75.0,75.0,77.0,75.0,76.0,74.0,69.0,2,winter,74.43,22.98,23.046999,75.0
1,2024-02-18 08:00:00+00:00,24.347,24.697,24.897,25.097,24.747,24.597,25.3955,68.0,67.0,67.0,66.0,69.0,68.0,56.0,2,winter,65.86,24.83,24.647,69.0
1,2024-02-18 09:00:00+00:00,25.847,26.247,26.397,26.697,26.247,26.147,27.4955,63.0,61.0,59.0,58.0,62.0,62.0,47.0,2,winter,58.86,26.44,26.097,63.0
1,2024-02-18 10:00:00+00:00,27.147,27.697,27.747,27.847,27.597,27.447,28.5455,56.0,52.0,51.0,51.0,54.0,54.0,42.0,2,winter,51.43,27.72,27.247,56.0
1,2024-02-18 11:00:00+00:00,28.147,28.597,28.546999,28.697,28.747,28.497,28.8955,51.0,49.0,47.0,45.0,46.0,45.0,39.0,2,winter,46.0,28.59,27.997,53.0
1,2024-02-18 12:00:00+00:00,28.497,28.597,28.947,28.697,28.497,28.796999,29.2455,48.0,50.0,45.0,44.0,45.0,43.0,38.0,2,winter,44.71,28.75,28.097,51.0
1,2024-02-18 13:00:00+00:00,28.197,28.497,28.847,28.597,28.447,27.697,28.345499,50.0,49.0,45.0,43.0,44.0,49.0,45.0,2,winter,46.43,28.38,27.897,50.0
1,2024-02-18 14:00:00+00:00,26.847,27.247,28.296999,28.097,27.947,25.796999,26.7455,56.0,54.0,46.0,43.0,44.0,59.0,56.0,2,winter,51.14,27.28,26.447,54.0
1,2024-02-18 15:00:00+00:00,25.347,25.647,27.247,27.097,26.997,24.046999,24.7455,60.0,59.0,47.0,47.0,48.0,68.0,67.0,2,winter,56.57,25.88,23.497,70.0
1,2024-02-18 16:00:00+00:00,23.546999,23.447,23.947,25.347,25.347,22.647,22.0455,67.0,71.0,67.0,57.0,57.0,74.0,78.0,2,winter,67.29,23.76,22.147,80.0
1,2024-02-18 17:00:00+00:00,22.197,21.897,22.447,23.097,23.197,21.397,18.9455,77.0,80.0,77.0,70.0,70.0,80.0,89.0,2,winter,77.57,21.88,21.597,84.0
1,2024-02-18 18:00:00+00:00,21.497,21.697,21.747,21.147,21.546999,20.447,17.6955,82.0,82.0,80.0,83.0,80.0,84.0,94.0,2,winter,83.57,20.83,21.447,85.0
1,2024-02-18 19:00:00+00:00,20.997,21.147,20.997,20.497,20.747,19.897,17.2455,85.0,86.0,85.0,87.0,85.0,87.0,96.0,2,winter,87.29,20.22,20.947,87.0
1,2024-02-18 20:00:00+00:00,20.546999,20.546999,20.647,20.097,20.347,19.647,17.595499,89.0,91.0,88.0,89.0,89.0,89.0,94.0,2,winter,89.86,19.92,20.796999,88.0
1,2024-02-18 21:00:00+00:00,20.247,20.397,20.197,19.847,20.046999,19.397,17.7955,89.0,91.0,91.0,90.0,91.0,90.0,92.0,2,winter,90.57,19.7,20.647,89.0
1,2024-02-18 22:00:00+00:00,19.997,20.197,20.097,19.796999,19.697,18.997,17.5455,91.0,91.0,91.0,90.0,93.0,92.0,92.0,2,winter,91.43,19.48,20.347,91.0
1,2024-02-18 23:00:00+00:00,19.947,19.997,20.046999,19.897,19.397,18.546999,17.1955,91.0,91.0,91.0,88.0,94.0,93.0,92.0,2,winter,91.43,19.29,20.147,91.0
1,2024-02-19 00:00:00+00:00,19.247,19.097,19.347,19.997,18.447,18.796999,16.8955,94.0,92.0,93.0,88.0,97.0,94.0,91.0,2,winter,92.71,18.83,19.796999,89.0
1,2024-02-19 01:00:00+00:00,19.147,18.796999,19.347,19.247,18.046999,18.247,16.845499,94.0,93.0,93.0,90.0,98.0,96.0,92.0,2,winter,93.71,18.53,19.597,90.0
1,2024-02-19 02:00:00+00:00,18.897,18.397,19.046999,18.296999,17.747,17.747,16.6455,94.0,94.0,94.0,94.0,98.0,97.0,93.0,2,winter,94.86,18.11,19.197,92.0
1,2024-02-19 03:00:00+00:00,18.647,18.296999,18.397,17.947,17.897,17.747,16.845499,95.0,94.0,95.0,95.0,97.0,97.0,92.0,2,winter,95.0,17.97,18.947,93.0
1,2024-02-19 04:00:00+00:00,18.447,17.947,18.046999,18.647,18.697,18.597,17.595499,95.0,95.0,96.0,93.0,94.0,95.0,89.0,2,winter,93.86,18.28,18.647,94.0
1,2024-02-19 05:00:00+00:00,19.147,18.997,19.147,20.046999,19.947,19.947,18.6955,95.0,94.0,94.0,88.0,90.0,90.0,85.0,2,winter,90.86,19.42,19.447,95.0
1,2024-02-19 06:00:00+00:00,21.397,21.247,21.296999,21.747,21.397,21.397,20.5455,84.0,86.0,87.0,82.0,84.0,85.0,75.0,2,winter,83.29,21.29,21.296999,84.0
1,2024-02-19 07:00:00+00:00,23.197,23.097,23.296999,23.296999,23.097,22.997,23.095499,73.0,77.0,77.0,74.0,76.0,77.0,65.0,2,winter,74.14,23.15,22.947,75.0
1,2024-02-19 08:00:00+00:00,24.597,24.647,24.897,24.997,24.947,24.697,25.9455,66.0,69.0,69.0,65.0,66.0,68.0,54.0,2,winter,65.29,24.96,24.296999,68.0
1,2024-02-19 09:00:00+00:00,25.947,25.997,26.397,26.447,26.546999,25.997,28.1955,61.0,61.0,61.0,57.0,58.0,61.0,45.0,2,winter,57.71,26.5,25.546999,62.0
1,2024-02-19 10:00:00+00:00,27.197,27.197,27.697,27.647,27.897,26.747,29.6955,55.0,56.0,54.0,52.0,51.0,57.0,38.0,2,winter,51.86,27.73,26.397,60.0
1,2024-02-19 11:00:00+00:00,27.997,27.947,28.747,28.597,28.947,27.046999,30.5455,52.0,52.0,49.0,48.0,46.0,56.0,33.0,2,winter,48.0,28.55,27.046999,57.0
1,2024-02-19 12:00:00+00:00,26.847,28.296999,28.897,29.296999,29.497,27.796999,29.345499,61.0,50.0,49.0,44.0,42.0,54.0,38.0,2,winter,48.29,28.57,26.647,60.0
1,2024-02-19 13:00:00+00:00,25.897,28.397,28.997,28.597,28.947,26.747,27.095499,66.0,50.0,48.0,47.0,44.0,59.0,49.0,2,winter,51.86,27.81,25.747,64.0
1,2024-02-19 14:00:00+00:00,25.597,27.697,28.847,27.247,27.697,24.947,23.6955,64.0,52.0,48.0,54.0,49.0,67.0,65.0,2,winter,57.0,26.53,24.947,66.0
1,2024-02-19 15:00:00+00:00,23.697,26.847,27.747,25.796999,26.296999,23.397,20.845499,72.0,53.0,50.0,62.0,56.0,74.0,79.0,2,winter,63.71,24.95,23.046999,78.0
1,2024-02-19 16:00:00+00:00,22.147,25.046999,23.247,24.447,24.796999,22.397,19.1455,79.0,64.0,73.0,70.0,65.0,79.0,87.0,2,winter,73.86,23.03,21.597,85.0
1,2024-02-19 17:00:00+00:00,21.546999,22.197,22.097,23.097,23.097,21.647,17.9955,85.0,76.0,83.0,78.0,75.0,84.0,93.0,2,winter,82.0,21.67,21.247,88.0
1,2024-02-19 18:00:00+00:00,20.647,20.997,21.697,22.046999,21.796999,20.997,18.0455,88.0,85.0,85.0,84.0,83.0,88.0,93.0,2,winter,86.57,20.89,20.847,93.0
1,2024-02-19 19:00:00+00:00,20.296999,20.546999,20.897,21.247,21.097,20.497,18.095499,88.0,87.0,88.0,87.0,87.0,91.0,93.0,2,winter,88.71,20.38,20.497,94.0
1,2024-02-19 20:00:00+00:00,19.796999,19.947,20.447,20.647,20.697,20.097,18.4455,89.0,90.0,89.0,89.0,90.0,92.0,92.0,2,winter,90.14,20.01,20.147,91.0
1,2024-02-19 21:00:00+00:00,19.397,19.747,20.097,20.147,20.397,19.796999,18.595499,91.0,91.0,90.0,90.0,91.0,93.0,91.0,2,winter,91.0,19.74,19.697,90.0
1,2024-02-19 22:00:00+00:00,19.147,19.647,19.647,19.747,20.046999,19.647,18.2955,92.0,91.0,92.0,91.0,92.0,93.0,91.0,2,winter,91.71,19.45,19.546999,91.0
1,2024-02-19 23:00:00+00:00,18.947,19.447,19.647,19.447,19.747,19.647,17.7955,93.0,94.0,91.0,92.0,92.0,92.0,91.0,2,winter,92.14,19.24,19.447,93.0
1,2024-02-20 00:00:00+00:00,19.147,19.046999,18.847,19.397,19.497,19.046999,16.7955,94.0,93.0,90.0,93.0,90.0,93.0,93.0,2,winter,92.29,18.83,19.247,92.0
1,2024-02-20 01:00:00+00:00,19.046999,19.046999,18.697,19.046999,19.147,18.546999,16.1955,95.0,93.0,92.0,94.0,92.0,95.0,94.0,2,winter,93.57,18.53,18.997,92.0
1,2024-02-20 02:00:00+00:00,18.947,18.647,18.497,18.747,18.747,17.997,15.695499,95.0,94.0,92.0,95.0,93.0,97.0,95.0,2,winter,94.43,18.18,18.796999,92.0
1,2024-02-20 03:00:00+00:00,18.947,18.046999,18.147,18.796999,18.747,17.897,15.8455,94.0,95.0,94.0,94.0,94.0,97.0,94.0,2,winter,94.57,18.06,18.597,92.0
1,2024-02-20 04:00:00+00:00,18.897,17.497,17.897,19.296999,19.197,18.447,16.8955,94.0,97.0,95.0,92.0,93.0,95.0,91.0,2,winter,93.86,18.3,18.397,92.0
1,2024-02-20 05:00:00+00:00,19.247,18.597,18.847,20.097,19.997,19.447,18.595499,94.0,94.0,95.0,89.0,90.0,92.0,85.0,2,winter,91.29,19.26,18.997,91.0
1,2024-02-20 06:00:00+00:00,20.546999,20.847,20.747,21.197,21.097,20.647,20.345499,86.0,88.0,87.0,85.0,86.0,87.0,79.0,2,winter,85.43,20.78,20.546999,87.0
1,2024-02-20 07:00:00+00:00,22.247,22.747,22.597,22.597,22.546999,22.046999,22.9455,78.0,77.0,80.0,78.0,79.0,81.0,69.0,2,winter,77.43,22.53,22.247,80.0
1,2024-02-20 08:00:00+00:00,23.447,24.597,24.647,24.296999,24.296999,23.647,25.9955,73.0,68.0,70.0,70.0,69.0,73.0,57.0,2,winter,68.57,24.42,23.897,71.0
1,2024-02-20 09:00:00+00:00,24.897,25.997,26.247,25.747,25.847,25.046999,28.2455,67.0,60.0,61.0,62.0,61.0,66.0,48.0,2,winter,60.71,26.0,25.347,64.0
1,2024-02-20 10:00:00+00:00,26.247,27.147,27.397,26.947,27.097,26.397,29.4955,59.0,55.0,53.0,56.0,54.0,59.0,42.0,2,winter,54.0,27.25,26.347,58.0
1,2024-02-20 11:00:00+00:00,27.447,28.097,28.347,27.947,28.147,27.546999,30.0455,55.0,50.0,50.0,51.0,48.0,51.0,38.0,2,winter,49.0,28.23,27.296999,53.0
1,2024-02-20 12:00:00+00:00,27.296999,28.747,28.497,28.447,28.697,28.247,30.3955,54.0,46.0,49.0,48.0,45.0,50.0,32.0,2,winter,46.29,28.62,28.347,48.0
1,2024-02-20 13:00:00+00:00,27.197,28.947,28.597,28.647,28.847,27.697,28.095499,55.0,45.0,48.0,46.0,42.0,51.0,40.0,2,winter,46.71,28.29,28.546999,47.0
1,2024-02-20 14:00:00+00:00,26.046999,28.796999,28.447,28.447,28.546999,26.546999,24.7455,62.0,45.0,50.0,46.0,42.0,55.0,54.0,2,winter,50.57,27.37,28.296999,48.0
1,2024-02-20 15:00:00+00:00,25.197,28.296999,27.647,27.697,27.697,25.247,21.9955,64.0,46.0,51.0,49.0,45.0,61.0,65.0,2,winter,54.43,26.25,27.447,49.0
1,2024-02-20 16:00:00+00:00,23.347,25.697,25.647,25.897,25.897,23.847,20.6455,73.0,57.0,60.0,57.0,56.0,69.0,72.0,2,winter,63.43,24.43,25.097,62.0
1,2024-02-20 17:00:00+00:00,21.947,23.347,23.747,23.546999,23.497,22.247,19.9455,82.0,70.0,68.0,68.0,71.0,79.0,78.0,2,winter,73.71,22.61,23.497,69.0
1,2024-02-20 18:00:00+00:00,21.097,22.296999,21.796999,22.147,21.647,21.046999,18.095499,87.0,76.0,78.0,78.0,82.0,86.0,92.0,2,winter,82.71,21.16,22.296999,74.0
1,2024-02-20 19:00:00+00:00,20.447,21.497,21.347,21.247,20.847,20.447,17.5455,90.0,80.0,84.0,84.0,86.0,90.0,93.0,2,winter,86.71,20.48,21.447,82.0
1,2024-02-20 20:00:00+00:00,19.897,20.897,20.997,20.796999,20.546999,20.147,17.4455,92.0,85.0,85.0,87.0,87.0,91.0,92.0,2,winter,88.43,20.1,20.947,83.0
1,2024-02-20 21:00:00+00:00,19.497,20.546999,20.497,20.397,20.347,19.897,17.2955,93.0,84.0,90.0,90.0,88.0,92.0,91.0,2,winter,89.71,19.78,20.447,87.0
1,2024-02-20 22:00:00+00:00,18.997,20.097,20.097,19.997,20.046999,19.647,16.7455,94.0,88.0,92.0,92.0,90.0,93.0,92.0,2,winter,91.57,19.38,19.947,89.0
1,2024-02-20 23:00:00+00:00,18.597,19.747,19.697,19.697,19.847,19.397,16.095499,96.0,89.0,91.0,92.0,92.0,93.0,94.0,2,winter,92.43,19.01,19.697,90.0
1,2024-02-21 00:00:00+00:00,18.897,19.247,19.447,19.397,19.147,18.647,15.8955,95.0,90.0,92.0,87.0,93.0,94.0,91.0,2,winter,91.71,18.67,19.397,90.0
1,2024-02-21 01:00:00+00:00,18.296999,18.796999,18.897,18.447,18.546999,17.997,15.4955,97.0,92.0,95.0,90.0,95.0,96.0,93.0,2,winter,94.0,18.07,18.947,93.0
1,2024-02-21 02:00:00+00:00,17.647,18.397,18.397,17.397,17.897,17.397,15.0955,98.0,93.0,96.0,94.0,97.0,98.0,95.0,2,winter,95.86,17.46,18.347,96.0
1,2024-02-21 03:00:00+00:00,17.296999,17.847,17.597,16.997,17.796999,17.347,15.3955,98.0,93.0,98.0,95.0,98.0,98.0,94.0,2,winter,96.29,17.18,17.947,97.0
1,2024-02-21 04:00:00+00:00,16.997,17.397,16.796999,17.697,18.497,18.097,16.7955,96.0,93.0,98.0,92.0,96.0,95.0,89.0,2,winter,94.14,17.47,17.497,96.0
1,2024-02-21 05:00:00+00:00,18.197,18.546999,17.897,18.997,19.647,19.397,18.9455,94.0,90.0,96.0,86.0,92.0,91.0,81.0,2,winter,90.0,18.8,18.697,91.0
1,2024-02-21 06:00:00+00:00,20.847,21.147,21.046999,20.697,21.046999,20.847,20.7955,84.0,80.0,85.0,87.0,87.0,85.0,73.0,2,winter,83.0,20.92,21.447,77.0
1,2024-02-21 07:00:00+00:00,22.997,23.597,23.197,22.347,22.597,22.497,23.2455,71.0,69.0,74.0,79.0,79.0,78.0,62.0,2,winter,73.14,22.93,23.546999,68.0
1,2024-02-21 08:00:00+00:00,24.697,25.697,24.997,24.247,24.347,24.347,25.9455,65.0,60.0,68.0,70.0,68.0,69.0,50.0,2,winter,64.29,24.9,25.347,60.0
1,2024-02-21 09:00:00+00:00,26.197,27.397,26.747,25.997,25.947,25.997,28.1955,59.0,53.0,60.0,62.0,60.0,61.0,40.0,2,winter,56.43,26.64,26.997,53.0
1,2024-02-21 10:00:00+00:00,27.447,28.597,28.347,27.497,27.347,27.447,30.1955,54.0,46.0,51.0,55.0,55.0,55.0,33.0,2,winter,49.86,28.13,28.397,45.0
1,2024-02-21 11:00:00+00:00,28.347,29.296999,29.347,28.747,28.597,28.697,31.7955,49.0,41.0,44.0,48.0,51.0,49.0,30.0,2,winter,44.57,29.26,29.046999,39.0
1,2024-02-21 12:00:00+00:00,29.296999,29.347,29.647,29.197,30.296999,29.397,31.7455,39.0,41.0,41.0,43.0,36.0,42.0,30.0,2,winter,38.86,29.85,29.447,37.0
1,2024-02-21 13:00:00+00:00,29.397,29.447,29.897,29.147,30.546999,29.947,29.595499,38.0,39.0,40.0,43.0,34.0,38.0,36.0,2,winter,38.29,29.71,29.397,38.0
1,2024-02-21 14:00:00+00:00,28.897,29.197,29.647,28.647,30.296999,30.147,26.0455,40.0,39.0,40.0,46.0,34.0,35.0,45.0,2,winter,39.86,28.98,29.147,38.0
1,2024-02-21 15:00:00+00:00,27.697,28.197,28.447,27.847,29.497,29.546999,22.9955,48.0,46.0,44.0,50.0,37.0,37.0,55.0,2,winter,45.29,27.75,27.847,46.0
1,2024-02-21 16:00:00+00:00,25.197,25.747,25.997,26.796999,27.747,27.597,21.1955,55.0,58.0,55.0,53.0,45.0,47.0,64.0,2,winter,53.86,25.75,25.296999,54.0
1,2024-02-21 17:00:00+00:00,22.947,23.497,25.147,25.546999,25.447,24.897,19.8955,61.0,65.0,60.0,57.0,57.0,61.0,73.0,2,winter,62.0,23.91,23.046999,60.0
1,2024-02-21 18:00:00+00:00,21.546999,22.197,23.247,25.046999,23.546999,22.697,16.595499,71.0,66.0,72.0,59.0,67.0,71.0,90.0,2,winter,70.86,22.13,21.697,64.0
1,2024-02-21 19:00:00+00:00,20.947,21.597,22.597,23.697,22.497,21.647,16.8955,73.0,68.0,76.0,67.0,74.0,71.0,89.0,2,winter,74.0,21.41,20.897,65.0
1,2024-02-21 20:00:00+00:00,20.997,21.296999,21.697,22.397,21.897,21.147,17.595499,67.0,67.0,81.0,76.0,80.0,66.0,88.0,2,winter,75.0,21.0,20.647,65.0
1,2024-02-21 21:00:00+00:00,21.046999,21.347,21.747,21.347,21.296999,20.697,17.9955,61.0,63.0,72.0,83.0,84.0,64.0,87.0,2,winter,73.43,20.78,20.747,65.0
1,2024-02-21 22:00:00+00:00,20.447,20.796999,21.046999,20.897,20.597,20.097,17.6455,65.0,65.0,74.0,85.0,87.0,67.0,88.0,2,winter,75.86,20.22,20.546999,68.0
1,2024-02-21 23:00:00+00:00,19.747,19.747,20.546999,20.747,19.947,19.546999,16.8955,71.0,71.0,78.0,85.0,89.0,72.0,90.0,2,winter,79.43,19.6,20.097,71.0
1,2024-02-22 00:00:00+00:00,19.347,19.347,18.497,20.497,19.397,19.097,16.8955,73.0,74.0,84.0,88.0,91.0,87.0,77.0,2,winter,82.0,19.01,20.097,68.0
1,2024-02-22 01:00:00+00:00,19.247,18.796999,17.796999,19.546999,18.147,17.997,16.1455,74.0,78.0,86.0,90.0,93.0,88.0,80.0,2,winter,84.14,18.24,19.697,72.0
1,2024-02-22 02:00:00+00:00,18.947,18.296999,17.296999,18.447,16.796999,16.897,15.5455,74.0,79.0,87.0,92.0,95.0,89.0,82.0,2,winter,85.43,17.46,19.347,73.0
1,2024-02-22 03:00:00+00:00,18.597,17.796999,16.697,17.997,16.247,16.546999,15.695499,75.0,81.0,88.0,92.0,94.0,88.0,82.0,2,winter,85.71,17.08,18.796999,73.0
1,2024-02-22 04:00:00+00:00,18.097,17.147,16.097,18.597,17.046999,17.347,16.9955,78.0,84.0,88.0,88.0,90.0,85.0,78.0,2,winter,84.43,17.33,18.546999,74.0
1,2024-02-22 05:00:00+00:00,19.247,18.347,17.397,19.897,18.697,18.897,18.9955,79.0,84.0,86.0,81.0,82.0,80.0,71.0,2,winter,80.43,18.78,19.497,76.0
1,2024-02-22 06:00:00+00:00,21.747,21.947,20.997,21.347,20.546999,20.647,21.4455,70.0,69.0,76.0,72.0,74.0,74.0,62.0,2,winter,71.0,21.24,21.847,66.0
1,2024-02-22 07:00:00+00:00,24.097,24.097,23.747,23.296999,22.597,22.647,23.6955,59.0,54.0,62.0,60.0,63.0,65.0,52.0,2,winter,59.29,23.45,24.097,50.0
1,2024-02-22 08:00:00+00:00,25.897,25.847,26.247,25.597,24.897,24.847,26.1455,46.0,45.0,40.0,48.0,51.0,54.0,41.0,2,winter,46.43,25.64,25.897,42.0
1,2024-02-22 09:00:00+00:00,27.197,27.197,27.597,27.497,26.847,26.647,28.0455,41.0,40.0,36.0,38.0,41.0,45.0,32.0,2,winter,39.0,27.29,27.397,37.0
1,2024-02-22 10:00:00+00:00,28.197,28.197,28.796999,28.747,28.296999,27.796999,29.1955,39.0,38.0,33.0,33.0,35.0,40.0,28.0,2,winter,35.14,28.46,28.546999,36.0
1,2024-02-22 11:00:00+00:00,28.897,28.947,29.546999,29.597,29.397,28.546999,29.845499,38.0,35.0,32.0,31.0,31.0,38.0,27.0,2,winter,33.14,29.25,29.347,34.0
1,2024-02-22 12:00:00+00:00,29.447,29.397,29.647,29.997,30.247,29.796999,30.4455,35.0,34.0,31.0,31.0,35.0,31.0,24.0,2,winter,31.57,29.85,29.497,33.0
1,2024-02-22 13:00:00+00:00,29.397,29.296999,29.597,29.847,30.147,29.747,29.1455,35.0,34.0,32.0,33.0,36.0,32.0,31.0,2,winter,33.29,29.6,29.497,30.0
1,2024-02-22 14:00:00+00:00,28.796999,28.647,28.997,29.197,29.597,29.147,26.9955,37.0,35.0,34.0,36.0,39.0,35.0,41.0,2,winter,36.71,28.77,29.046999,30.0
1,2024-02-22 15:00:00+00:00,27.397,26.897,27.347,28.046999,28.597,27.997,24.9955,43.0,42.0,41.0,40.0,44.0,39.0,50.0,2,winter,42.71,27.33,27.747,41.0
1,2024-02-22 16:00:00+00:00,24.546999,23.997,24.546999,25.997,26.847,25.847,23.4455,51.0,49.0,49.0,44.0,54.0,44.0,56.0,2,winter,49.57,25.03,24.796999,51.0
1,2024-02-22 17:00:00+00:00,22.397,22.147,22.247,23.397,24.697,23.097,22.0455,54.0,53.0,55.0,49.0,66.0,50.0,60.0,2,winter,55.29,22.86,22.747,58.0
1,2024-02-22 18:00:00+00:00,21.247,20.947,20.947,21.147,22.747,20.947,21.095499,57.0,54.0,57.0,54.0,73.0,55.0,53.0,2,winter,57.57,21.3,21.997,57.0
1,2024-02-22 19:00:00+00:00,20.497,19.897,20.247,20.347,21.296999,19.997,20.095499,56.0,57.0,54.0,55.0,70.0,57.0,55.0,2,winter,57.71,20.34,20.847,58.0
1,2024-02-22 20:00:00+00:00,19.747,19.647,19.347,20.147,20.147,19.597,19.345499,60.0,60.0,58.0,55.0,62.0,57.0,56.0,2,winter,58.29,19.71,20.247,61.0
1,2024-02-22 21:00:00+00:00,19.197,19.447,18.847,19.947,19.247,19.296999,18.7955,60.0,60.0,59.0,56.0,56.0,58.0,57.0,2,winter,58.0,19.25,19.747,64.0
1,2024-02-22 22:00:00+00:00,18.947,19.147,18.796999,19.497,18.796999,18.897,18.4955,62.0,63.0,62.0,58.0,56.0,59.0,58.0,2,winter,59.71,18.94,19.097,68.0
1,2024-02-22 23:00:00+00:00,18.597,18.747,18.546999,19.046999,18.647,18.597,18.3955,65.0,66.0,66.0,61.0,59.0,60.0,58.0,2,winter,62.14,18.65,18.397,71.0
1,2024-02-23 00:00:00+00:00,18.546999,18.597,18.497,18.847,17.897,18.247,15.945499,68.0,67.0,67.0,63.0,67.0,61.0,70.0,2,winter,66.14,18.08,18.097,70.0
1,2024-02-23 01:00:00+00:00,18.796999,18.296999,18.247,18.247,17.497,17.546999,15.2455,68.0,70.0,67.0,67.0,69.0,64.0,72.0,2,winter,68.14,17.7,17.747,70.0
1,2024-02-23 02:00:00+00:00,18.796999,18.397,17.847,17.597,17.197,16.796999,15.0455,68.0,67.0,65.0,71.0,71.0,66.0,72.0,2,winter,68.57,17.38,17.397,71.0
1,2024-02-23 03:00:00+00:00,18.997,18.597,17.447,17.497,17.347,16.697,15.5955,68.0,66.0,67.0,74.0,72.0,68.0,70.0,2,winter,69.29,17.45,17.147,73.0
1,2024-02-23 04:00:00+00:00,19.097,18.897,16.847,18.296999,18.296999,17.546999,17.2955,69.0,67.0,73.0,74.0,72.0,69.0,65.0,2,winter,69.86,18.04,16.997,76.0
1,2024-02-23 05:00:00+00:00,19.397,19.497,17.847,19.697,19.697,19.097,19.7455,74.0,69.0,78.0,73.0,72.0,70.0,57.0,2,winter,70.43,19.28,18.497,76.0
1,2024-02-23 06:00:00+00:00,21.546999,21.546999,20.796999,20.647,21.296999,20.897,22.5455,67.0,65.0,68.0,71.0,69.0,67.0,53.0,2,winter,65.71,21.33,21.447,68.0
1,2024-02-23 07:00:00+00:00,23.497,23.447,23.197,22.747,23.097,23.197,24.8955,57.0,57.0,58.0,62.0,63.0,58.0,46.0,2,winter,57.29,23.44,23.247,58.0
1,2024-02-23 08:00:00+00:00,25.046999,24.796999,24.546999,25.197,25.097,25.847,27.1455,50.0,48.0,53.0,49.0,55.0,46.0,38.0,2,winter,48.43,25.38,24.697,49.0
1,2024-02-23 09:00:00+00:00,26.296999,25.947,25.997,27.097,26.697,27.897,28.8955,44.0,43.0,47.0,40.0,48.0,37.0,32.0,2,winter,41.57,26.98,25.897,45.0
1,2024-02-23 10:00:00+00:00,27.296999,27.046999,27.197,28.147,27.747,28.997,30.1455,43.0,42.0,43.0,37.0,44.0,34.0,28.0,2,winter,38.71,28.08,26.897,40.0
1,2024-02-23 11:00:00+00:00,28.046999,27.747,27.947,28.647,28.447,29.546999,30.9455,39.0,40.0,40.0,37.0,41.0,33.0,25.0,2,winter,36.43,28.76,27.697,38.0
1,2024-02-23 12:00:00+00:00,28.147,28.197,28.447,28.747,29.097,29.447,29.8955,36.0,40.0,37.0,38.0,39.0,37.0,29.0,2,winter,36.57,28.85,27.247,39.0
1,2024-02-23 13:00:00+00:00,28.397,28.147,28.097,28.647,29.046999,29.347,29.1955,33.0,39.0,37.0,38.0,38.0,37.0,35.0,2,winter,36.71,28.7,27.347,37.0
1,2024-02-23 14:00:00+00:00,27.597,27.497,27.397,28.046999,28.546999,28.796999,27.8955,36.0,39.0,39.0,38.0,38.0,37.0,43.0,2,winter,38.57,27.97,26.897,37.0
1,2024-02-23 15:00:00+00:00,26.197,26.347,26.097,27.046999,27.546999,27.697,26.1955,40.0,41.0,42.0,41.0,40.0,40.0,51.0,2,winter,42.14,26.73,25.747,40.0
1,2024-02-23 16:00:00+00:00,23.897,24.147,23.997,25.247,25.747,25.796999,23.845499,46.0,47.0,47.0,47.0,45.0,45.0,56.0,2,winter,47.57,24.67,23.397,48.0
1,2024-02-23 17:00:00+00:00,21.497,22.397,21.897,22.947,23.497,23.397,21.1455,54.0,55.0,55.0,55.0,51.0,52.0,61.0,2,winter,54.71,22.4,21.247,56.0
1,2024-02-23 18:00:00+00:00,20.697,21.097,20.796999,21.046999,21.697,21.397,19.095499,56.0,60.0,63.0,61.0,56.0,58.0,64.0,2,winter,59.71,20.83,19.947,58.0
1,2024-02-23 19:00:00+00:00,19.947,20.296999,20.497,19.947,20.897,20.296999,18.0455,59.0,64.0,61.0,65.0,58.0,63.0,69.0,2,winter,62.71,19.99,19.296999,60.0
1,2024-02-23 20:00:00+00:00,19.447,19.546999,20.296999,19.197,20.597,19.647,17.595499,62.0,67.0,62.0,68.0,59.0,68.0,74.0,2,winter,65.71,19.48,18.997,62.0
1,2024-02-23 21:00:00+00:00,19.347,18.947,20.546999,18.796999,20.147,19.046999,17.2955,64.0,71.0,56.0,69.0,60.0,72.0,78.0,2,winter,67.14,19.16,19.147,63.0
1,2024-02-23 22:00:00+00:00,19.647,18.597,20.497,18.897,19.296999,18.296999,16.9455,64.0,74.0,57.0,67.0,63.0,74.0,78.0,2,winter,68.14,18.88,19.097,64.0
1,2024-02-23 23:00:00+00:00,19.647,18.447,20.497,19.347,18.247,17.546999,16.7455,65.0,76.0,57.0,64.0,66.0,76.0,77.0,2,winter,68.71,18.64,18.847,67.0
1,2024-02-24 00:00:00+00:00,20.447,18.247,20.747,19.997,17.597,19.097,16.8955,61.0,76.0,58.0,61.0,73.0,72.0,73.0,2,winter,67.71,19.0,18.697,68.0
1,2024-02-24 01:00:00+00:00,20.147,18.397,20.497,19.897,17.397,18.147,16.2455,63.0,76.0,61.0,63.0,75.0,76.0,75.0,2,winter,69.86,18.68,18.796999,69.0
1,2024-02-24 02:00:00+00:00,19.847,18.347,20.447,19.697,17.347,17.097,15.945499,65.0,76.0,64.0,67.0,77.0,80.0,77.0,2,winter,72.29,18.39,18.947,69.0
1,2024-02-24 03:00:00+00:00,19.397,18.597,20.347,19.647,17.647,16.796999,16.345499,70.0,75.0,66.0,70.0,77.0,82.0,76.0,2,winter,73.71,18.4,18.647,72.0
1,2024-02-24 04:00:00+00:00,18.697,18.397,20.197,19.796999,18.247,17.597,17.9455,75.0,76.0,68.0,73.0,76.0,80.0,72.0,2,winter,74.29,18.7,18.497,75.0
1,2024-02-24 05:00:00+00:00,18.947,19.147,20.147,20.097,19.147,19.147,20.2955,80.0,78.0,72.0,76.0,73.0,77.0,65.0,2,winter,74.43,19.56,19.097,79.0
1,2024-02-24 06:00:00+00:00,21.046999,21.147,20.597,20.147,20.546999,20.947,22.6455,75.0,73.0,73.0,77.0,68.0,71.0,57.0,2,winter,70.57,21.01,20.796999,72.0
1,2024-02-24 07:00:00+00:00,23.046999,23.397,21.597,22.046999,22.897,23.197,24.595499,65.0,62.0,72.0,70.0,60.0,63.0,51.0,2,winter,63.29,22.97,22.796999,64.0
1,2024-02-24 08:00:00+00:00,24.046999,24.997,22.796999,24.447,25.697,25.747,26.5455,61.0,56.0,66.0,59.0,50.0,53.0,44.0,2,winter,55.57,24.9,24.147,58.0
1,2024-02-24 09:00:00+00:00,24.546999,26.347,24.097,26.397,27.847,27.647,28.1455,57.0,52.0,60.0,51.0,43.0,45.0,38.0,2,winter,49.43,26.43,24.897,55.0
1,2024-02-24 10:00:00+00:00,25.296999,27.197,25.147,27.447,28.847,28.546999,29.345499,53.0,49.0,54.0,47.0,40.0,41.0,34.0,2,winter,45.43,27.4,26.347,50.0
1,2024-02-24 11:00:00+00:00,26.097,27.046999,25.546999,27.997,29.197,28.847,30.1455,50.0,49.0,52.0,46.0,39.0,40.0,32.0,2,winter,44.0,27.84,26.597,47.0
1,2024-02-24 12:00:00+00:00,27.546999,27.397,27.197,28.546999,24.997,29.397,30.8955,47.0,49.0,47.0,43.0,57.0,36.0,31.0,2,winter,44.29,28.0,26.447,51.0
1,2024-02-24 13:00:00+00:00,27.697,27.296999,27.347,28.147,25.597,28.997,30.2955,45.0,50.0,45.0,43.0,55.0,38.0,32.0,2,winter,44.0,27.91,26.546999,50.0
1,2024-02-24 14:00:00+00:00,27.197,25.897,26.397,27.247,26.347,28.247,28.9455,45.0,54.0,46.0,46.0,53.0,43.0,35.0,2,winter,46.0,27.18,26.147,50.0
1,2024-02-24 15:00:00+00:00,25.997,24.997,25.347,26.147,26.347,27.197,27.0455,48.0,56.0,51.0,49.0,53.0,47.0,42.0,2,winter,49.43,26.15,25.296999,55.0
1,2024-02-24 16:00:00+00:00,23.697,23.397,23.546999,24.796999,24.847,25.796999,24.1955,56.0,61.0,58.0,54.0,57.0,51.0,56.0,2,winter,56.14,24.33,23.497,62.0
1,2024-02-24 17:00:00+00:00,22.097,21.897,22.147,23.197,22.546999,24.097,20.7955,64.0,68.0,65.0,60.0,64.0,54.0,74.0,2,winter,64.14,22.4,22.147,65.0
1,2024-02-24 18:00:00+00:00,21.647,21.046999,21.497,21.647,20.697,22.697,16.9955,66.0,77.0,67.0,67.0,70.0,58.0,90.0,2,winter,70.71,20.89,20.796999,71.0
1,2024-02-24 19:00:00+00:00,20.997,20.497,21.097,20.997,19.747,21.796999,16.4955,70.0,77.0,66.0,69.0,74.0,63.0,92.0,2,winter,73.0,20.23,19.947,76.0
1,2024-02-24 20:00:00+00:00,20.296999,20.197,20.997,20.597,19.197,21.147,16.9455,72.0,76.0,65.0,70.0,77.0,68.0,90.0,2,winter,74.0,19.91,19.097,81.0
1,2024-02-24 21:00:00+00:00,19.597,19.647,20.697,20.197,18.796999,20.647,17.2455,74.0,77.0,69.0,71.0,79.0,72.0,88.0,2,winter,75.71,19.55,18.397,83.0
1,2024-02-24 22:00:00+00:00,19.046999,19.296999,20.497,19.647,18.546999,20.247,16.845499,74.0,79.0,70.0,73.0,80.0,75.0,88.0,2,winter,77.0,19.16,17.947,84.0
1,2024-02-24 23:00:00+00:00,18.897,19.046999,20.347,19.046999,18.447,19.947,16.2455,73.0,81.0,71.0,75.0,81.0,77.0,89.0,2,winter,78.14,18.85,17.647,84.0
1,2024-02-25 00:00:00+00:00,16.997,17.697,19.347,19.247,19.097,19.697,15.2455,85.0,80.0,78.0,77.0,82.0,75.0,87.0,2,winter,80.57,18.19,18.097,83.0
1,2024-02-25 01:00:00+00:00,16.796999,17.497,19.147,18.447,18.597,19.296999,14.695499,85.0,81.0,79.0,81.0,84.0,76.0,87.0,2,winter,81.86,17.78,17.447,86.0
1,2024-02-25 02:00:00+00:00,16.947,17.546999,18.997,17.497,17.997,18.847,14.195499,83.0,80.0,81.0,84.0,86.0,76.0,87.0,2,winter,82.43,17.43,16.847,89.0
1,2024-02-25 03:00:00+00:00,16.947,17.397,18.447,17.247,17.897,18.747,14.5455,84.0,81.0,84.0,86.0,86.0,76.0,85.0,2,winter,83.14,17.32,16.197,91.0
1,2024-02-25 04:00:00+00:00,16.647,17.097,17.847,18.046999,18.497,19.097,16.2455,87.0,83.0,87.0,84.0,83.0,75.0,78.0,2,winter,82.43,17.64,15.797,91.0
1,2024-02-25 05:00:00+00:00,17.796999,17.897,18.497,19.447,19.597,19.747,18.845499,86.0,85.0,88.0,79.0,77.0,74.0,68.0,2,winter,79.57,18.83,16.847,91.0
1,2024-02-25 06:00:00+00:00,20.897,20.897,20.997,21.347,20.947,20.647,21.2955,76.0,75.0,74.0,73.0,71.0,72.0,60.0,2,winter,71.57,21.0,19.597,79.0
1,2024-02-25 07:00:00+00:00,23.247,22.997,23.247,23.347,22.747,21.897,24.2955,67.0,68.0,65.0,66.0,64.0,67.0,49.0,2,winter,63.71,23.11,21.796999,71.0
1,2024-02-25 08:00:00+00:00,25.247,24.796999,25.397,25.647,24.847,23.397,27.5455,63.0,65.0,57.0,57.0,57.0,62.0,38.0,2,winter,57.0,25.27,22.947,68.0
1,2024-02-25 09:00:00+00:00,26.997,26.597,27.097,27.597,26.447,24.747,30.095499,56.0,60.0,52.0,49.0,51.0,56.0,29.0,2,winter,50.43,27.08,24.097,66.0
1,2024-02-25 10:00:00+00:00,28.197,28.097,28.597,28.947,27.296999,25.947,31.7955,50.0,54.0,45.0,41.0,46.0,51.0,24.0,2,winter,44.43,28.41,25.197,64.0
1,2024-02-25 11:00:00+00:00,28.947,29.347,29.897,29.897,27.697,26.997,32.8455,44.0,45.0,35.0,33.0,41.0,46.0,22.0,2,winter,38.0,29.38,25.997,62.0
1,2024-02-25 12:00:00+00:00,27.897,28.947,29.347,29.347,29.347,29.347,33.0955,50.0,47.0,33.0,39.0,31.0,43.0,19.0,2,winter,37.43,29.62,26.447,59.0
1,2024-02-25 13:00:00+00:00,28.097,29.197,28.897,29.296999,28.997,29.147,31.7955,51.0,46.0,34.0,38.0,34.0,42.0,23.0,2,winter,38.29,29.35,26.697,58.0
1,2024-02-25 14:00:00+00:00,27.897,27.947,28.197,28.796999,28.147,28.447,29.5455,50.0,49.0,37.0,40.0,41.0,44.0,29.0,2,winter,41.43,28.43,26.247,57.0
1,2024-02-25 15:00:00+00:00,26.046999,26.347,26.597,27.796999,26.997,27.347,27.3955,56.0,57.0,44.0,43.0,47.0,47.0,35.0,2,winter,47.0,26.93,23.597,68.0
1,2024-02-25 16:00:00+00:00,23.147,24.046999,24.397,25.997,25.347,25.647,25.6955,74.0,69.0,50.0,49.0,52.0,53.0,41.0,2,winter,55.43,24.9,21.796999,80.0
1,2024-02-25 17:00:00+00:00,21.247,22.247,22.197,23.747,23.397,23.497,24.0455,81.0,77.0,57.0,56.0,57.0,61.0,48.0,2,winter,62.43,22.91,21.147,83.0
1,2024-02-25 18:00:00+00:00,20.546999,21.796999,20.997,21.897,21.796999,21.747,22.5455,85.0,78.0,64.0,61.0,62.0,69.0,53.0,2,winter,67.43,21.62,20.647,88.0
1,2024-02-25 19:00:00+00:00,19.796999,21.296999,19.897,20.947,20.747,20.747,21.8955,87.0,80.0,71.0,66.0,66.0,75.0,56.0,2,winter,71.57,20.76,20.247,90.0
1,2024-02-25 20:00:00+00:00,19.147,20.597,19.147,20.397,20.046999,20.097,21.345499,89.0,80.0,75.0,71.0,70.0,81.0,58.0,2,winter,74.86,20.11,19.847,91.0
1,2024-02-25 21:00:00+00:00,18.546999,20.147,18.447,19.947,19.497,19.497,20.595499,91.0,80.0,78.0,74.0,73.0,85.0,60.0,2,winter,77.29,19.53,19.647,89.0
1,2024-02-25 22:00:00+00:00,18.447,19.497,17.947,19.447,19.097,18.796999,19.345499,91.0,82.0,80.0,76.0,75.0,87.0,62.0,2,winter,79.0,18.94,19.347,90.0
1,2024-02-25 23:00:00+00:00,18.546999,18.997,17.647,18.997,18.897,18.147,17.845499,90.0,85.0,81.0,76.0,77.0,88.0,63.0,2,winter,80.0,18.44,18.947,90.0
1,2024-02-26 00:00:00+00:00,17.197,18.847,17.247,18.296999,18.947,18.447,16.345499,90.0,85.0,87.0,82.0,80.0,81.0,64.0,2,winter,81.29,17.9,18.847,89.0
1,2024-02-26 01:00:00+00:00,16.897,18.447,16.647,17.747,18.397,18.046999,15.5955,91.0,88.0,89.0,84.0,82.0,84.0,68.0,2,winter,83.71,17.4,18.447,90.0
1,2024-02-26 02:00:00+00:00,16.747,17.796999,15.947,17.397,17.697,17.697,15.2955,91.0,91.0,92.0,85.0,84.0,85.0,72.0,2,winter,85.71,16.94,17.897,93.0
1,2024-02-26 03:00:00+00:00,16.447,17.397,15.646999,17.546999,17.546999,17.796999,15.7955,93.0,93.0,93.0,85.0,85.0,86.0,73.0,2,winter,86.86,16.88,17.597,94.0
1,2024-02-26 04:00:00+00:00,16.247,17.046999,15.597,18.447,18.197,18.647,17.5455,94.0,95.0,93.0,84.0,85.0,85.0,68.0,2,winter,86.29,17.39,17.197,96.0
1,2024-02-26 05:00:00+00:00,17.546999,18.197,17.296999,19.796999,19.397,19.947,20.1955,92.0,94.0,90.0,82.0,83.0,82.0,59.0,2,winter,83.14,18.91,18.097,96.0
1,2024-02-26 06:00:00+00:00,19.847,20.647,21.097,21.197,20.847,21.397,21.6955,85.0,83.0,77.0,77.0,80.0,78.0,61.0,2,winter,77.29,20.96,20.447,85.0
1,2024-02-26 07:00:00+00:00,21.546999,22.296999,23.447,23.097,22.597,23.097,24.9455,81.0,75.0,69.0,71.0,74.0,73.0,50.0,2,winter,70.43,23.0,22.097,80.0
1,2024-02-26 08:00:00+00:00,23.097,23.997,25.147,25.046999,24.597,24.997,28.3955,75.0,67.0,63.0,63.0,67.0,66.0,39.0,2,winter,62.86,25.04,23.647,72.0
1,2024-02-26 09:00:00+00:00,24.546999,25.597,26.447,26.597,26.296999,26.546999,30.9455,68.0,62.0,58.0,57.0,60.0,60.0,30.0,2,winter,56.43,26.71,24.847,65.0
1,2024-02-26 10:00:00+00:00,25.197,26.447,27.347,27.447,27.647,27.796999,32.495502,66.0,60.0,55.0,54.0,54.0,53.0,25.0,2,winter,52.43,27.77,25.597,63.0
1,2024-02-26 11:00:00+00:00,25.897,26.247,27.997,27.847,28.697,28.697,33.195503,65.0,63.0,53.0,53.0,49.0,47.0,22.0,2,winter,50.29,28.37,26.097,63.0
1,2024-02-26 12:00:00+00:00,23.796999,26.747,27.147,28.097,28.497,28.247,32.0455,74.0,63.0,58.0,51.0,50.0,51.0,26.0,2,winter,53.29,27.8,25.597,67.0
1,2024-02-26 13:00:00+00:00,23.697,26.197,22.897,27.397,28.097,27.546999,28.0455,73.0,64.0,76.0,54.0,51.0,53.0,43.0,2,winter,59.14,26.27,24.397,72.0
1,2024-02-26 14:00:00+00:00,23.897,23.197,24.497,25.997,27.296999,26.296999,22.2955,72.0,75.0,72.0,59.0,54.0,58.0,67.0,2,winter,65.29,24.78,23.997,73.0
1,2024-02-26 15:00:00+00:00,23.097,22.647,22.597,24.597,26.147,24.947,17.9955,75.0,81.0,77.0,65.0,59.0,64.0,85.0,2,winter,72.29,23.15,23.247,73.0
1,2024-02-26 16:00:00+00:00,21.796999,22.147,21.546999,23.197,24.397,23.647,16.6955,80.0,85.0,85.0,72.0,67.0,71.0,91.0,2,winter,78.71,21.92,22.147,76.0
1,2024-02-26 17:00:00+00:00,20.847,21.546999,21.097,21.697,22.296999,22.296999,16.8955,86.0,88.0,88.0,79.0,77.0,78.0,90.0,2,winter,83.71,20.95,20.997,84.0
1,2024-02-26 18:00:00+00:00,20.697,19.997,20.497,20.796999,20.697,21.197,16.9955,85.0,92.0,88.0,86.0,85.0,84.0,87.0,2,winter,86.71,20.13,20.697,86.0
1,2024-02-26 19:00:00+00:00,20.397,19.697,20.296999,20.197,19.947,20.497,16.7455,87.0,93.0,90.0,89.0,89.0,87.0,89.0,2,winter,89.14,19.68,20.497,88.0
1,2024-02-26 20:00:00+00:00,20.247,19.347,20.046999,20.046999,19.597,20.097,16.6455,88.0,95.0,91.0,89.0,92.0,88.0,91.0,2,winter,90.57,19.43,19.847,91.0
1,2024-02-26 21:00:00+00:00,19.796999,19.397,19.697,19.947,19.397,19.747,16.4955,90.0,94.0,93.0,89.0,93.0,89.0,92.0,2,winter,91.43,19.21,19.697,92.0
1,2024-02-26 22:00:00+00:00,19.597,19.347,19.247,19.747,19.197,19.546999,16.1455,92.0,95.0,94.0,89.0,93.0,90.0,93.0,2,winter,92.29,18.98,19.247,94.0
1,2024-02-26 23:00:00+00:00,19.296999,19.247,18.947,19.597,19.097,19.447,15.7455,93.0,95.0,93.0,90.0,93.0,91.0,93.0,2,winter,92.57,18.77,19.197,94.0
1,2024-02-27 00:00:00+00:00,19.097,18.997,18.997,19.046999,19.397,19.097,15.695499,93.0,96.0,94.0,92.0,92.0,88.0,95.0,2,winter,92.86,18.62,18.947,92.0
1,2024-02-27 01:00:00+00:00,18.997,18.847,18.697,18.546999,18.847,18.697,15.195499,93.0,96.0,93.0,94.0,93.0,89.0,94.0,2,winter,93.14,18.26,18.847,91.0
1,2024-02-27 02:00:00+00:00,18.747,18.697,18.347,17.997,18.247,18.247,14.8455,95.0,96.0,96.0,96.0,95.0,91.0,92.0,2,winter,94.43,17.88,18.697,91.0
1,2024-02-27 03:00:00+00:00,18.397,18.397,18.247,17.796999,18.147,18.147,15.195499,96.0,96.0,96.0,97.0,95.0,92.0,88.0,2,winter,94.29,17.76,18.397,92.0
1,2024-02-27 04:00:00+00:00,18.147,18.397,18.197,18.247,18.796999,18.647,16.5455,96.0,94.0,97.0,95.0,92.0,91.0,83.0,2,winter,92.57,18.14,18.097,94.0
1,2024-02-27 05:00:00+00:00,18.296999,18.447,18.296999,19.097,19.947,19.597,18.595499,95.0,94.0,97.0,93.0,88.0,89.0,77.0,2,winter,90.43,18.9,18.296999,94.0
1,2024-02-27 06:00:00+00:00,18.497,18.647,18.747,19.597,21.296999,20.747,20.9455,91.0,95.0,94.0,92.0,82.0,85.0,69.0,2,winter,86.86,19.78,19.647,85.0
1,2024-02-27 07:00:00+00:00,19.197,19.247,19.597,20.497,23.097,22.296999,23.6955,91.0,92.0,92.0,89.0,75.0,78.0,58.0,2,winter,82.14,21.09,21.347,78.0
1,2024-02-27 08:00:00+00:00,20.147,19.697,21.046999,21.647,25.046999,24.147,26.6455,88.0,91.0,84.0,85.0,66.0,68.0,46.0,2,winter,75.43,22.63,22.647,73.0
1,2024-02-27 09:00:00+00:00,21.497,20.597,21.796999,22.497,26.347,25.546999,28.6455,80.0,86.0,78.0,81.0,61.0,61.0,38.0,2,winter,69.29,23.85,23.847,70.0
1,2024-02-27 10:00:00+00:00,22.847,22.296999,22.247,22.897,26.447,26.397,29.345499,71.0,76.0,77.0,79.0,61.0,57.0,35.0,2,winter,65.14,24.64,24.447,67.0
1,2024-02-27 11:00:00+00:00,23.597,23.147,22.997,23.046999,25.897,26.847,29.1455,68.0,70.0,71.0,78.0,64.0,56.0,36.0,2,winter,63.29,24.95,23.597,71.0
1,2024-02-27 12:00:00+00:00,23.747,24.046999,21.747,24.046999,23.147,26.397,23.1455,63.0,65.0,77.0,70.0,77.0,62.0,59.0,2,winter,67.57,23.75,23.947,67.0
1,2024-02-27 13:00:00+00:00,23.747,24.247,22.397,24.147,22.546999,25.647,21.7455,65.0,62.0,75.0,68.0,78.0,65.0,65.0,2,winter,68.29,23.5,23.296999,71.0
1,2024-02-27 14:00:00+00:00,23.447,23.897,22.546999,23.947,21.897,24.296999,20.6955,67.0,63.0,74.0,67.0,79.0,70.0,71.0,2,winter,70.14,22.96,22.296999,75.0
1,2024-02-27 15:00:00+00:00,22.897,23.247,22.247,23.447,21.296999,23.046999,19.7955,69.0,66.0,74.0,68.0,81.0,75.0,77.0,2,winter,72.86,22.28,21.247,80.0
1,2024-02-27 16:00:00+00:00,21.847,22.046999,20.997,22.546999,20.796999,22.097,18.7955,76.0,74.0,80.0,73.0,83.0,80.0,83.0,2,winter,78.43,21.3,20.347,84.0
1,2024-02-27 17:00:00+00:00,20.997,21.347,20.046999,21.347,20.296999,21.247,17.8955,80.0,77.0,81.0,80.0,86.0,85.0,90.0,2,winter,82.71,20.45,19.747,88.0
1,2024-02-27 18:00:00+00:00,19.597,20.247,19.747,20.197,19.897,20.597,18.095499,88.0,86.0,91.0,90.0,88.0,89.0,93.0,2,winter,89.29,19.77,19.347,89.0
1,2024-02-27 19:00:00+00:00,19.097,19.447,19.147,19.546999,19.497,20.247,17.6455,89.0,90.0,92.0,93.0,90.0,89.0,96.0,2,winter,91.29,19.23,18.747,93.0
1,2024-02-27 20:00:00+00:00,18.597,19.447,18.597,19.147,19.147,20.046999,17.7955,90.0,88.0,93.0,93.0,92.0,88.0,96.0,2,winter,91.43,18.97,18.697,94.0
1,2024-02-27 21:00:00+00:00,18.397,18.897,18.247,18.897,18.847,19.847,17.7955,91.0,90.0,94.0,93.0,94.0,87.0,95.0,2,winter,92.0,18.7,18.796999,94.0
1,2024-02-27 22:00:00+00:00,18.397,18.296999,18.046999,18.747,18.697,19.597,17.4955,91.0,93.0,94.0,93.0,95.0,88.0,94.0,2,winter,92.57,18.47,18.546999,96.0
1,2024-02-27 23:00:00+00:00,17.997,17.747,17.647,18.697,18.597,19.296999,17.1455,91.0,95.0,95.0,92.0,96.0,89.0,94.0,2,winter,93.14,18.16,18.347,96.0
1,2024-02-28 00:00:00+00:00,17.897,17.197,17.247,17.697,18.046999,18.747,16.2455,89.0,97.0,97.0,93.0,86.0,94.0,98.0,2,winter,93.43,17.58,17.447,90.0
1,2024-02-28 01:00:00+00:00,17.796999,17.247,17.197,17.397,17.796999,18.247,16.2955,88.0,96.0,96.0,93.0,89.0,96.0,97.0,2,winter,93.57,17.43,17.197,89.0
1,2024-02-28 02:00:00+00:00,17.697,17.097,17.197,17.097,17.546999,17.747,16.3955,88.0,96.0,95.0,93.0,92.0,97.0,97.0,2,winter,94.0,17.25,17.147,88.0
1,2024-02-28 03:00:00+00:00,17.397,17.097,17.197,17.147,17.497,17.697,16.7455,90.0,95.0,95.0,93.0,94.0,97.0,95.0,2,winter,94.14,17.25,17.046999,89.0
1,2024-02-28 04:00:00+00:00,17.197,17.097,17.197,17.796999,17.697,18.296999,17.3955,91.0,95.0,95.0,92.0,94.0,95.0,92.0,2,winter,93.43,17.53,16.997,89.0
1,2024-02-28 05:00:00+00:00,17.847,17.997,17.997,18.847,18.147,19.347,18.2455,90.0,94.0,94.0,90.0,93.0,92.0,88.0,2,winter,91.57,18.35,17.546999,88.0
1,2024-02-28 06:00:00+00:00,18.597,19.796999,20.296999,20.147,18.997,20.697,19.095499,83.0,91.0,85.0,86.0,90.0,86.0,87.0,2,winter,86.86,19.66,18.046999,89.0
1,2024-02-28 07:00:00+00:00,19.647,21.447,22.447,21.796999,20.647,22.546999,20.2955,80.0,84.0,79.0,79.0,84.0,76.0,82.0,2,winter,80.57,21.26,19.247,86.0
1,2024-02-28 08:00:00+00:00,21.347,22.447,23.796999,23.747,22.747,24.747,21.5455,76.0,79.0,73.0,71.0,77.0,64.0,76.0,2,winter,73.71,22.91,20.397,84.0
1,2024-02-28 09:00:00+00:00,22.647,23.597,24.747,25.247,24.497,26.497,22.345499,70.0,75.0,69.0,65.0,70.0,54.0,72.0,2,winter,67.86,24.23,22.046999,79.0
1,2024-02-28 10:00:00+00:00,23.796999,24.747,25.697,26.147,25.697,27.597,22.345499,66.0,66.0,66.0,62.0,65.0,48.0,73.0,2,winter,63.71,25.15,23.497,72.0
1,2024-02-28 11:00:00+00:00,24.796999,25.847,26.247,26.597,26.497,28.247,21.7955,62.0,60.0,64.0,60.0,62.0,45.0,76.0,2,winter,61.29,25.72,24.747,66.0
1,2024-02-28 12:00:00+00:00,26.997,27.647,26.447,27.046999,27.347,26.647,22.2955,51.0,51.0,63.0,58.0,49.0,58.0,73.0,2,winter,57.57,26.35,24.597,65.0
1,2024-02-28 13:00:00+00:00,27.197,27.296999,26.296999,26.097,27.247,26.497,21.5455,50.0,52.0,63.0,63.0,48.0,57.0,78.0,2,winter,58.71,26.03,24.997,62.0
1,2024-02-28 14:00:00+00:00,26.997,26.397,24.397,24.546999,26.647,25.947,20.595499,49.0,52.0,72.0,71.0,49.0,58.0,83.0,2,winter,62.0,25.08,24.597,62.0
1,2024-02-28 15:00:00+00:00,26.546999,24.046999,24.147,23.147,25.697,25.097,19.6955,49.0,69.0,72.0,78.0,53.0,60.0,88.0,2,winter,67.0,24.05,23.647,60.0
1,2024-02-28 16:00:00+00:00,24.597,22.697,22.897,22.197,24.247,23.897,18.7455,59.0,76.0,78.0,83.0,63.0,65.0,92.0,2,winter,73.71,22.75,21.997,70.0
1,2024-02-28 17:00:00+00:00,22.497,22.046999,21.347,21.397,22.497,22.447,17.845499,69.0,81.0,82.0,86.0,76.0,72.0,96.0,2,winter,80.29,21.44,20.796999,78.0
1,2024-02-28 18:00:00+00:00,20.947,20.947,20.947,21.296999,21.046999,21.247,15.7955,85.0,84.0,89.0,86.0,86.0,78.0,97.0,2,winter,86.43,20.32,20.697,76.0
1,2024-02-28 19:00:00+00:00,19.747,20.747,20.347,20.597,20.247,20.546999,15.4955,91.0,85.0,92.0,90.0,91.0,82.0,98.0,2,winter,89.86,19.68,18.847,87.0
1,2024-02-28 20:00:00+00:00,18.796999,20.397,19.897,20.097,19.747,20.147,15.7955,96.0,88.0,93.0,93.0,93.0,85.0,96.0,2,winter,92.0,19.27,18.046999,94.0
1,2024-02-28 21:00:00+00:00,17.997,19.796999,19.347,19.647,19.347,19.796999,16.095499,98.0,90.0,95.0,95.0,94.0,88.0,95.0,2,winter,93.57,18.86,17.947,95.0
1,2024-02-28 22:00:00+00:00,17.597,19.546999,19.046999,19.247,18.997,19.497,16.2455,98.0,89.0,96.0,96.0,95.0,90.0,94.0,2,winter,94.0,18.6,17.897,94.0
1,2024-02-28 23:00:00+00:00,17.397,19.197,18.796999,18.897,18.796999,19.247,16.3955,97.0,90.0,96.0,96.0,96.0,92.0,94.0,2,winter,94.43,18.39,17.897,93.0
1,2024-02-29 00:00:00+00:00,17.947,18.697,18.397,18.847,18.597,17.546999,15.2955,93.0,90.0,96.0,97.0,93.0,98.0,96.0,2,winter,94.71,17.9,18.147,92.0
1,2024-02-29 01:00:00+00:00,17.847,18.546999,18.597,18.347,18.447,16.897,14.7955,93.0,90.0,95.0,99.0,93.0,99.0,97.0,2,winter,95.14,17.64,18.046999,92.0
1,2024-02-29 02:00:00+00:00,17.647,18.197,18.447,17.847,18.347,16.296999,14.3455,94.0,93.0,96.0,100.0,92.0,99.0,99.0,2,winter,96.14,17.3,17.796999,92.0
1,2024-02-29 03:00:00+00:00,17.397,17.897,18.147,17.747,18.397,16.296999,14.4955,95.0,94.0,97.0,100.0,92.0,98.0,98.0,2,winter,96.29,17.2,17.747,91.0
1,2024-02-29 04:00:00+00:00,17.347,17.546999,17.796999,18.296999,18.697,17.296999,15.5455,96.0,96.0,96.0,98.0,91.0,94.0,94.0,2,winter,95.0,17.5,17.497,92.0
1,2024-02-29 05:00:00+00:00,17.997,18.497,18.647,19.296999,19.147,18.897,17.2455,93.0,94.0,95.0,94.0,91.0,89.0,88.0,2,winter,92.0,18.53,18.097,94.0
1,2024-02-29 06:00:00+00:00,20.296999,20.197,20.796999,20.497,19.847,20.647,19.3955,88.0,82.0,84.0,86.0,89.0,82.0,85.0,2,winter,85.14,20.24,19.796999,85.0
1,2024-02-29 07:00:00+00:00,22.347,22.347,22.647,21.947,20.997,22.597,21.4455,79.0,74.0,77.0,81.0,85.0,73.0,75.0,2,winter,77.71,22.05,21.796999,78.0
1,2024-02-29 08:00:00+00:00,23.747,24.197,24.046999,23.546999,22.347,24.647,23.845499,72.0,65.0,74.0,76.0,81.0,64.0,62.0,2,winter,70.57,23.77,23.447,70.0
1,2024-02-29 09:00:00+00:00,24.897,24.997,25.247,24.747,23.347,26.296999,25.5455,67.0,60.0,69.0,72.0,77.0,56.0,53.0,2,winter,64.86,25.01,24.597,65.0
1,2024-02-29 10:00:00+00:00,25.897,25.947,26.296999,25.296999,23.697,27.347,26.2455,61.0,58.0,62.0,70.0,75.0,51.0,49.0,2,winter,60.86,25.82,25.497,63.0
1,2024-02-29 11:00:00+00:00,26.697,26.597,26.796999,25.447,23.697,27.997,26.2455,58.0,56.0,59.0,70.0,75.0,48.0,49.0,2,winter,59.29,26.21,25.747,62.0
1,2024-02-29 12:00:00+00:00,25.647,27.847,26.597,26.647,24.296999,24.097,24.9455,65.0,49.0,55.0,60.0,74.0,76.0,57.0,2,winter,62.29,25.73,25.897,62.0
1,2024-02-29 13:00:00+00:00,25.296999,27.347,25.097,25.497,23.597,23.597,24.345499,65.0,51.0,65.0,66.0,77.0,78.0,62.0,2,winter,66.29,24.97,24.997,66.0
1,2024-02-29 14:00:00+00:00,24.647,26.197,23.497,23.647,22.697,22.947,23.095499,69.0,53.0,76.0,76.0,80.0,79.0,70.0,2,winter,71.86,23.82,23.546999,73.0
1,2024-02-29 15:00:00+00:00,23.796999,23.447,23.597,22.147,21.897,22.197,21.595499,74.0,69.0,75.0,84.0,83.0,82.0,78.0,2,winter,77.86,22.67,23.347,73.0
1,2024-02-29 16:00:00+00:00,22.847,22.397,22.697,21.397,21.247,21.296999,19.5455,80.0,77.0,79.0,87.0,86.0,86.0,85.0,2,winter,82.86,21.63,22.347,80.0
1,2024-02-29 17:00:00+00:00,21.796999,21.647,21.497,20.997,20.647,20.296999,17.1955,86.0,82.0,85.0,89.0,88.0,91.0,92.0,2,winter,87.57,20.58,21.397,86.0
1,2024-02-29 18:00:00+00:00,20.897,20.847,20.847,20.697,20.147,19.447,16.595499,86.0,89.0,87.0,91.0,90.0,95.0,95.0,2,winter,90.43,19.93,20.647,91.0
1,2024-02-29 19:00:00+00:00,20.197,20.197,19.997,20.147,19.697,18.747,16.2455,91.0,92.0,92.0,93.0,92.0,97.0,97.0,2,winter,93.43,19.32,20.147,93.0
1,2024-02-29 20:00:00+00:00,19.546999,19.747,19.397,19.697,19.247,18.197,16.4455,95.0,94.0,96.0,94.0,94.0,98.0,96.0,2,winter,95.29,18.9,19.796999,95.0
1,2024-02-29 21:00:00+00:00,19.296999,19.597,19.296999,19.296999,18.897,17.796999,16.595499,94.0,94.0,96.0,95.0,95.0,99.0,96.0,2,winter,95.57,18.68,19.647,95.0
1,2024-02-29 22:00:00+00:00,18.947,19.197,18.997,18.947,18.546999,17.597,16.595499,92.0,96.0,97.0,95.0,96.0,99.0,96.0,2,winter,95.86,18.4,19.347,94.0
1,2024-02-29 23:00:00+00:00,18.697,18.546999,18.747,18.697,18.247,17.546999,16.5455,94.0,97.0,98.0,95.0,97.0,98.0,96.0,2,winter,96.43,18.15,19.247,95.0
1,2024-03-01 00:00:00+00:00,18.497,17.847,18.347,18.647,18.197,18.347,15.9955,94.0,96.0,96.0,97.0,97.0,95.0,96.0,3,winter,95.86,17.98,19.296999,92.0
1,2024-03-01 01:00:00+00:00,18.597,17.897,18.046999,18.247,17.997,17.997,15.5455,94.0,94.0,98.0,98.0,98.0,96.0,96.0,3,winter,96.29,17.76,18.997,93.0
1,2024-03-01 02:00:00+00:00,18.497,17.697,17.947,17.847,17.847,17.697,15.0955,94.0,94.0,97.0,99.0,99.0,97.0,97.0,3,winter,96.71,17.52,18.747,93.0
1,2024-03-01 03:00:00+00:00,18.447,17.447,17.397,17.847,17.997,17.747,15.195499,94.0,95.0,99.0,99.0,98.0,97.0,96.0,3,winter,96.86,17.44,18.546999,93.0
1,2024-03-01 04:00:00+00:00,18.447,17.147,16.847,18.497,18.546999,18.397,16.1455,95.0,97.0,99.0,96.0,96.0,95.0,93.0,3,winter,95.86,17.72,18.397,94.0
1,2024-03-01 05:00:00+00:00,18.747,18.197,18.097,19.546999,19.447,19.397,17.6455,95.0,95.0,96.0,91.0,92.0,91.0,88.0,3,winter,92.57,18.73,18.796999,95.0
1,2024-03-01 06:00:00+00:00,20.397,20.447,20.747,20.747,20.497,20.597,19.1455,89.0,86.0,83.0,86.0,87.0,86.0,84.0,3,winter,85.86,20.37,20.947,83.0
1,2024-03-01 07:00:00+00:00,22.097,22.497,22.947,22.347,21.897,22.097,21.595499,82.0,76.0,75.0,79.0,80.0,79.0,74.0,3,winter,77.86,22.21,22.747,74.0
1,2024-03-01 08:00:00+00:00,23.347,24.447,24.796999,24.197,23.447,23.747,24.4455,75.0,67.0,64.0,70.0,73.0,70.0,61.0,3,winter,68.57,24.06,24.097,71.0
1,2024-03-01 09:00:00+00:00,24.847,25.947,25.997,25.697,24.747,25.147,26.7455,69.0,60.0,59.0,63.0,67.0,63.0,51.0,3,winter,61.71,25.59,25.347,67.0
1,2024-03-01 10:00:00+00:00,26.147,27.097,27.247,26.697,25.647,26.197,28.4455,61.0,55.0,52.0,58.0,63.0,59.0,44.0,3,winter,56.0,26.78,26.546999,62.0
1,2024-03-01 11:00:00+00:00,26.796999,27.796999,27.897,27.397,26.247,26.947,29.5455,58.0,51.0,49.0,56.0,62.0,56.0,40.0,3,winter,53.14,27.52,26.796999,56.0
1,2024-03-01 12:00:00+00:00,25.997,27.097,28.497,28.247,26.897,26.397,24.1955,55.0,58.0,45.0,48.0,60.0,63.0,62.0,3,winter,55.86,26.76,27.697,51.0
1,2024-03-01 13:00:00+00:00,26.247,27.247,28.597,28.296999,26.296999,25.397,22.5455,52.0,57.0,44.0,46.0,62.0,67.0,70.0,3,winter,56.86,26.38,27.697,50.0
1,2024-03-01 14:00:00+00:00,25.997,25.847,28.497,27.947,25.197,23.796999,20.6455,53.0,61.0,43.0,47.0,66.0,74.0,80.0,3,winter,60.57,25.42,27.247,50.0
1,2024-03-01 15:00:00+00:00,23.847,24.647,27.897,27.097,23.997,22.397,19.095499,62.0,68.0,44.0,50.0,71.0,80.0,87.0,3,winter,66.0,24.14,26.097,53.0
1,2024-03-01 16:00:00+00:00,22.497,23.097,25.847,25.347,22.796999,21.497,18.1455,73.0,77.0,58.0,60.0,77.0,85.0,91.0,3,winter,74.43,22.75,23.447,67.0
1,2024-03-01 17:00:00+00:00,20.847,21.997,23.247,23.046999,21.497,20.796999,17.595499,81.0,84.0,74.0,73.0,84.0,90.0,92.0,3,winter,82.57,21.29,21.796999,79.0
1,2024-03-01 18:00:00+00:00,20.747,20.647,21.247,22.197,20.447,20.197,15.8955,88.0,88.0,86.0,75.0,89.0,93.0,95.0,3,winter,87.71,20.2,21.197,78.0
1,2024-03-01 19:00:00+00:00,20.347,20.097,20.847,21.097,19.897,19.747,15.8955,89.0,89.0,88.0,81.0,91.0,94.0,94.0,3,winter,89.43,19.7,20.097,84.0
1,2024-03-01 20:00:00+00:00,19.296999,19.296999,19.847,20.296999,19.597,19.447,16.345499,94.0,93.0,93.0,86.0,91.0,94.0,91.0,3,winter,91.71,19.16,18.997,91.0
1,2024-03-01 21:00:00+00:00,18.397,18.796999,19.447,19.697,19.296999,19.147,16.595499,98.0,95.0,94.0,90.0,92.0,94.0,89.0,3,winter,93.14,18.77,18.546999,94.0
1,2024-03-01 22:00:00+00:00,17.897,18.497,18.947,19.296999,18.847,18.747,16.1955,97.0,93.0,94.0,92.0,94.0,95.0,90.0,3,winter,93.57,18.35,18.097,97.0
1,2024-03-01 23:00:00+00:00,17.296999,17.647,18.397,19.046999,18.347,18.296999,15.5455,98.0,95.0,94.0,92.0,96.0,97.0,92.0,3,winter,94.86,17.8,18.097,96.0
1,2024-03-02 00:00:00+00:00,16.847,17.347,16.997,19.197,18.447,18.147,15.8955,100.0,95.0,95.0,95.0,97.0,97.0,94.0,3,winter,96.14,17.55,18.546999,95.0
1,2024-03-02 01:00:00+00:00,16.697,16.947,16.497,18.447,17.947,17.546999,15.2455,99.0,95.0,96.0,96.0,98.0,99.0,94.0,3,winter,96.71,17.05,18.347,95.0
1,2024-03-02 02:00:00+00:00,16.897,16.347,15.847,17.546999,17.447,16.897,14.6455,97.0,97.0,97.0,97.0,99.0,100.0,95.0,3,winter,97.43,16.52,18.097,95.0
1,2024-03-02 03:00:00+00:00,17.097,15.797,15.497,17.296999,17.447,16.796999,14.695499,95.0,98.0,97.0,96.0,98.0,100.0,93.0,3,winter,96.71,16.38,17.697,97.0
1,2024-03-02 04:00:00+00:00,17.147,15.547,15.347,18.046999,18.147,17.597,15.7455,95.0,98.0,97.0,92.0,96.0,97.0,90.0,3,winter,95.0,16.8,17.447,97.0
1,2024-03-02 05:00:00+00:00,18.247,17.447,17.247,19.497,19.347,18.947,17.4955,95.0,93.0,93.0,86.0,93.0,93.0,85.0,3,winter,91.14,18.32,18.597,95.0
1,2024-03-02 06:00:00+00:00,20.247,20.697,20.647,21.197,20.697,20.447,19.9955,87.0,82.0,83.0,78.0,88.0,87.0,79.0,3,winter,83.43,20.56,20.747,84.0
1,2024-03-02 07:00:00+00:00,22.097,22.947,23.046999,22.997,22.247,22.046999,22.3955,79.0,74.0,70.0,70.0,80.0,80.0,68.0,3,winter,74.43,22.54,22.647,73.0
1,2024-03-02 08:00:00+00:00,24.147,24.847,24.697,24.997,23.997,23.796999,24.9955,68.0,66.0,63.0,61.0,71.0,72.0,54.0,3,winter,65.0,24.5,24.497,61.0
1,2024-03-02 09:00:00+00:00,25.747,26.197,26.296999,26.597,25.397,25.247,27.095499,60.0,61.0,58.0,53.0,63.0,65.0,44.0,3,winter,57.71,26.08,26.147,56.0
1,2024-03-02 10:00:00+00:00,26.947,27.347,27.347,27.647,26.397,26.296999,28.6455,54.0,55.0,53.0,48.0,57.0,61.0,38.0,3,winter,52.29,27.23,27.347,49.0
1,2024-03-02 11:00:00+00:00,27.697,28.197,28.197,28.296999,27.046999,26.997,29.7455,50.0,49.0,49.0,44.0,53.0,58.0,35.0,3,winter,48.29,28.03,27.997,47.0
1,2024-03-02 12:00:00+00:00,28.097,28.296999,28.147,28.897,28.197,27.796999,29.595499,47.0,47.0,47.0,42.0,45.0,52.0,33.0,3,winter,44.71,28.43,28.697,41.0
1,2024-03-02 13:00:00+00:00,28.247,28.546999,28.247,29.046999,28.347,27.947,28.9955,45.0,45.0,45.0,38.0,42.0,50.0,37.0,3,winter,43.14,28.48,29.247,37.0
1,2024-03-02 14:00:00+00:00,27.997,28.397,27.997,28.847,28.197,27.697,27.6955,46.0,46.0,47.0,35.0,41.0,48.0,45.0,3,winter,44.0,28.12,29.247,34.0
1,2024-03-02 15:00:00+00:00,27.597,27.847,27.447,28.046999,27.497,26.997,25.9955,46.0,46.0,48.0,35.0,43.0,50.0,54.0,3,winter,46.0,27.35,28.046999,36.0
1,2024-03-02 16:00:00+00:00,25.147,23.647,25.546999,26.296999,25.796999,25.447,23.4955,58.0,64.0,60.0,41.0,53.0,58.0,66.0,3,winter,57.14,25.05,25.097,52.0
1,2024-03-02 17:00:00+00:00,23.046999,22.097,24.497,23.947,23.546999,23.397,20.4955,66.0,75.0,62.0,49.0,67.0,70.0,79.0,3,winter,66.86,23.0,23.647,56.0
1,2024-03-02 18:00:00+00:00,21.397,22.647,22.296999,22.097,21.796999,21.747,19.1955,80.0,74.0,76.0,57.0,78.0,79.0,84.0,3,winter,75.43,21.6,21.947,64.0
1,2024-03-02 19:00:00+00:00,20.997,21.647,21.697,21.197,21.197,20.947,18.2455,81.0,80.0,78.0,61.0,82.0,84.0,89.0,3,winter,79.29,20.85,21.497,69.0
1,2024-03-02 20:00:00+00:00,20.347,20.697,21.147,20.697,21.147,20.597,17.6455,85.0,84.0,81.0,65.0,82.0,86.0,90.0,3,winter,81.86,20.33,20.997,71.0
1,2024-03-02 21:00:00+00:00,19.647,20.197,20.697,20.197,20.947,20.247,17.095499,89.0,84.0,84.0,69.0,83.0,88.0,91.0,3,winter,84.0,19.86,20.147,75.0
1,2024-03-02 22:00:00+00:00,19.296999,19.997,20.296999,19.497,20.397,19.747,16.4955,91.0,85.0,87.0,73.0,85.0,91.0,90.0,3,winter,86.0,19.39,19.697,78.0
1,2024-03-02 23:00:00+00:00,18.997,19.546999,19.897,18.747,19.647,19.247,15.9955,89.0,87.0,89.0,78.0,88.0,94.0,88.0,3,winter,87.57,18.87,19.296999,80.0
1,2024-03-03 00:00:00+00:00,18.697,18.697,19.247,17.796999,18.296999,19.347,16.9955,92.0,91.0,90.0,82.0,88.0,89.0,81.0,3,winter,87.57,18.44,18.747,83.0
1,2024-03-03 01:00:00+00:00,17.897,18.247,18.647,16.847,17.597,18.497,16.1455,95.0,92.0,92.0,87.0,91.0,91.0,84.0,3,winter,90.29,17.7,18.097,88.0
1,2024-03-03 02:00:00+00:00,17.097,18.046999,17.697,15.947,16.847,17.447,15.3955,97.0,93.0,96.0,91.0,94.0,94.0,87.0,3,winter,93.14,16.93,17.397,93.0
1,2024-03-03 03:00:00+00:00,16.546999,17.697,16.747,15.847,16.747,17.097,15.3955,98.0,94.0,98.0,92.0,94.0,95.0,87.0,3,winter,94.0,16.58,16.597,96.0
1,2024-03-03 04:00:00+00:00,16.097,17.097,16.397,16.997,17.847,17.897,16.4955,98.0,95.0,98.0,88.0,89.0,91.0,83.0,3,winter,91.71,16.98,15.997,97.0
1,2024-03-03 05:00:00+00:00,17.597,18.097,17.997,18.997,19.597,19.296999,18.3955,94.0,94.0,93.0,81.0,81.0,85.0,76.0,3,winter,86.29,18.57,17.546999,93.0
1,2024-03-03 06:00:00+00:00,20.647,20.697,20.796999,20.947,21.447,20.897,20.6455,79.0,84.0,83.0,79.0,74.0,78.0,70.0,3,winter,78.14,20.87,21.097,74.0
1,2024-03-03 07:00:00+00:00,22.296999,22.397,22.796999,22.697,23.247,22.546999,23.345499,75.0,75.0,76.0,72.0,68.0,71.0,61.0,3,winter,71.14,22.76,23.347,64.0
1,2024-03-03 08:00:00+00:00,24.197,24.097,24.597,24.597,25.147,24.347,26.2455,66.0,67.0,66.0,64.0,62.0,64.0,51.0,3,winter,62.86,24.75,25.097,58.0
1,2024-03-03 09:00:00+00:00,25.897,25.697,26.247,26.197,26.697,25.847,28.4955,58.0,59.0,64.0,58.0,57.0,58.0,43.0,3,winter,56.71,26.44,26.647,49.0
1,2024-03-03 10:00:00+00:00,27.147,26.796999,27.347,27.296999,27.897,26.897,29.7955,51.0,53.0,51.0,53.0,52.0,53.0,37.0,3,winter,50.0,27.6,27.747,45.0
1,2024-03-03 11:00:00+00:00,27.847,27.546999,28.097,28.097,28.747,27.697,30.345499,47.0,49.0,48.0,50.0,47.0,49.0,33.0,3,winter,46.14,28.34,28.546999,43.0
1,2024-03-03 12:00:00+00:00,28.546999,28.347,28.046999,28.296999,29.447,28.796999,27.095499,42.0,44.0,48.0,47.0,38.0,42.0,45.0,3,winter,43.71,28.37,29.247,38.0
1,2024-03-03 13:00:00+00:00,28.347,28.447,28.296999,28.447,29.597,28.897,25.6955,42.0,43.0,46.0,45.0,36.0,40.0,52.0,3,winter,43.43,28.25,29.247,37.0
1,2024-03-03 14:00:00+00:00,26.647,27.397,27.997,28.197,29.347,28.697,23.7455,52.0,50.0,47.0,44.0,35.0,41.0,62.0,3,winter,47.29,27.43,28.747,38.0
1,2024-03-03 15:00:00+00:00,24.597,25.347,26.796999,27.447,28.497,27.897,21.9455,66.0,64.0,50.0,47.0,39.0,44.0,71.0,3,winter,54.43,26.08,27.296999,44.0
1,2024-03-03 16:00:00+00:00,23.447,23.947,23.897,25.747,26.546999,26.097,20.345499,72.0,67.0,73.0,56.0,49.0,53.0,79.0,3,winter,64.14,24.29,24.546999,61.0
1,2024-03-03 17:00:00+00:00,22.497,22.447,22.597,23.497,24.046999,23.647,18.8955,77.0,76.0,78.0,69.0,63.0,65.0,86.0,3,winter,73.43,22.52,22.847,71.0
1,2024-03-03 18:00:00+00:00,20.847,21.697,21.697,21.796999,21.997,21.796999,16.9955,88.0,81.0,82.0,84.0,74.0,75.0,95.0,3,winter,82.71,20.98,21.796999,78.0
1,2024-03-03 19:00:00+00:00,19.697,20.497,20.796999,20.747,20.997,20.997,16.6955,94.0,86.0,87.0,89.0,79.0,79.0,97.0,3,winter,87.29,20.06,20.747,84.0
1,2024-03-03 20:00:00+00:00,19.197,20.397,20.447,20.046999,20.546999,20.697,16.7455,96.0,88.0,89.0,90.0,81.0,81.0,96.0,3,winter,88.71,19.73,20.497,86.0
1,2024-03-03 21:00:00+00:00,19.097,19.747,19.796999,19.546999,20.097,20.447,16.7955,96.0,92.0,92.0,91.0,83.0,83.0,95.0,3,winter,90.29,19.36,19.997,88.0
1,2024-03-03 22:00:00+00:00,19.046999,19.447,19.147,19.296999,19.597,19.997,16.845499,95.0,94.0,95.0,92.0,86.0,86.0,94.0,3,winter,91.71,19.05,19.497,90.0
1,2024-03-03 23:00:00+00:00,18.796999,19.197,18.796999,19.247,19.147,19.497,16.9455,94.0,96.0,96.0,92.0,88.0,90.0,92.0,3,winter,92.57,18.8,19.397,88.0
1,2024-03-04 00:00:00+00:00,18.747,18.897,18.497,19.447,19.097,18.597,16.8955,88.0,88.0,94.0,91.0,88.0,91.0,92.0,3,winter,90.29,18.6,19.046999,87.0
1,2024-03-04 01:00:00+00:00,18.147,18.397,18.347,18.897,18.147,18.197,16.5455,91.0,90.0,93.0,93.0,91.0,93.0,92.0,3,winter,91.86,18.1,18.796999,89.0
1,2024-03-04 02:00:00+00:00,17.647,18.046999,18.296999,18.347,17.097,17.697,16.095499,92.0,90.0,93.0,95.0,94.0,95.0,92.0,3,winter,93.0,17.6,18.697,90.0
1,2024-03-04 03:00:00+00:00,17.147,17.497,17.697,18.296999,16.897,17.796999,16.0455,93.0,92.0,94.0,95.0,94.0,95.0,92.0,3,winter,93.57,17.34,18.397,92.0
1,2024-03-04 04:00:00+00:00,16.597,16.997,17.197,18.997,17.997,18.747,16.345499,95.0,91.0,95.0,92.0,90.0,92.0,92.0,3,winter,92.43,17.55,18.296999,93.0
1,2024-03-04 05:00:00+00:00,18.147,18.397,18.397,20.247,19.897,20.197,16.9955,91.0,89.0,94.0,87.0,82.0,87.0,91.0,3,winter,88.71,18.9,19.097,92.0
1,2024-03-04 06:00:00+00:00,21.447,21.197,21.347,21.597,21.847,21.796999,19.7955,78.0,76.0,82.0,81.0,75.0,81.0,80.0,3,winter,79.0,21.29,21.046999,82.0
1,2024-03-04 07:00:00+00:00,23.847,23.697,23.447,23.347,23.796999,23.647,22.095499,68.0,67.0,73.0,75.0,68.0,74.0,71.0,3,winter,70.86,23.41,22.897,75.0
1,2024-03-04 08:00:00+00:00,25.847,25.647,25.097,25.147,25.897,25.597,24.7455,61.0,62.0,69.0,68.0,61.0,66.0,60.0,3,winter,63.86,25.43,24.497,66.0
1,2024-03-04 09:00:00+00:00,27.296999,27.347,26.597,26.647,27.546999,27.147,26.595499,55.0,57.0,62.0,62.0,54.0,60.0,53.0,3,winter,57.57,27.03,25.897,62.0
1,2024-03-04 10:00:00+00:00,28.497,28.397,27.647,27.647,28.697,28.147,27.0455,48.0,50.0,56.0,57.0,48.0,55.0,50.0,3,winter,52.0,28.01,27.046999,56.0
1,2024-03-04 11:00:00+00:00,28.997,28.947,28.147,28.247,29.497,28.747,26.6455,45.0,48.0,53.0,53.0,43.0,51.0,50.0,3,winter,49.0,28.46,27.697,53.0
1,2024-03-04 12:00:00+00:00,28.997,28.947,28.347,28.097,28.847,30.147,28.4955,45.0,47.0,52.0,53.0,48.0,41.0,42.0,3,winter,46.86,28.84,26.947,58.0
1,2024-03-04 13:00:00+00:00,28.647,28.147,27.747,26.997,27.747,29.447,26.0455,47.0,50.0,54.0,58.0,53.0,44.0,53.0,3,winter,51.29,27.83,26.647,60.0
1,2024-03-04 14:00:00+00:00,27.447,25.097,25.447,25.296999,25.897,28.097,22.4455,53.0,66.0,62.0,65.0,62.0,50.0,70.0,3,winter,61.14,25.68,25.597,65.0
1,2024-03-04 15:00:00+00:00,23.697,23.697,24.546999,23.747,24.247,26.597,19.4955,74.0,74.0,67.0,72.0,70.0,57.0,84.0,3,winter,71.14,23.72,23.947,71.0
1,2024-03-04 16:00:00+00:00,22.897,22.597,23.147,22.647,23.097,24.897,17.9455,78.0,78.0,75.0,78.0,76.0,65.0,91.0,3,winter,77.29,22.46,23.097,76.0
1,2024-03-04 17:00:00+00:00,21.796999,21.796999,22.046999,21.747,22.147,22.997,17.095499,83.0,83.0,81.0,84.0,81.0,73.0,95.0,3,winter,82.86,21.38,22.247,81.0
1,2024-03-04 18:00:00+00:00,21.197,21.447,21.546999,20.897,21.296999,21.497,18.095499,87.0,84.0,87.0,84.0,85.0,80.0,89.0,3,winter,85.14,20.85,20.897,88.0
1,2024-03-04 19:00:00+00:00,20.897,20.447,20.497,20.197,20.447,20.597,17.595499,89.0,90.0,91.0,88.0,90.0,85.0,91.0,3,winter,89.14,20.1,20.647,89.0
1,2024-03-04 20:00:00+00:00,20.796999,20.097,19.847,19.747,19.647,19.997,17.595499,89.0,90.0,94.0,92.0,94.0,89.0,92.0,3,winter,91.43,19.68,20.497,89.0
1,2024-03-04 21:00:00+00:00,20.247,19.647,19.397,19.497,19.046999,19.546999,17.595499,90.0,90.0,95.0,94.0,96.0,92.0,92.0,3,winter,92.71,19.28,20.347,88.0
1,2024-03-04 22:00:00+00:00,19.647,19.397,19.347,19.497,18.796999,19.147,17.595499,93.0,91.0,93.0,94.0,95.0,94.0,92.0,3,winter,93.14,19.06,19.897,90.0
1,2024-03-04 23:00:00+00:00,19.247,19.097,19.296999,19.647,18.747,18.897,17.595499,94.0,92.0,91.0,92.0,93.0,94.0,90.0,3,winter,92.29,18.93,19.397,93.0
1,2024-03-05 00:00:00+00:00,18.747,18.897,19.347,19.247,19.147,19.296999,17.6455,94.0,92.0,89.0,92.0,92.0,86.0,90.0,3,winter,90.71,18.9,18.897,93.0
1,2024-03-05 01:00:00+00:00,18.397,18.597,18.997,18.847,18.747,18.397,17.2455,95.0,92.0,90.0,93.0,93.0,88.0,91.0,3,winter,91.71,18.46,18.497,94.0
1,2024-03-05 02:00:00+00:00,18.147,18.347,18.796999,18.397,18.296999,17.197,16.595499,95.0,91.0,90.0,94.0,95.0,91.0,91.0,3,winter,92.43,17.97,18.046999,96.0
1,2024-03-05 03:00:00+00:00,18.046999,18.147,18.497,18.397,18.296999,16.847,16.4455,94.0,89.0,91.0,93.0,95.0,92.0,91.0,3,winter,92.14,17.81,17.497,97.0
1,2024-03-05 04:00:00+00:00,17.847,17.847,18.097,19.147,19.097,17.897,17.095499,94.0,88.0,91.0,89.0,91.0,88.0,89.0,3,winter,90.0,18.15,16.947,97.0
1,2024-03-05 05:00:00+00:00,18.796999,19.247,19.397,20.296999,20.347,19.796999,18.2955,92.0,86.0,88.0,83.0,86.0,82.0,86.0,3,winter,86.14,19.45,18.397,92.0
1,2024-03-05 06:00:00+00:00,21.697,21.597,21.847,21.697,21.796999,21.847,20.1955,77.0,76.0,76.0,77.0,80.0,75.0,80.0,3,winter,77.29,21.53,20.947,81.0
1,2024-03-05 07:00:00+00:00,23.497,23.546999,23.647,23.597,23.447,24.097,21.8955,70.0,67.0,70.0,70.0,74.0,67.0,74.0,3,winter,70.29,23.39,23.046999,72.0
1,2024-03-05 08:00:00+00:00,25.347,25.447,25.397,25.847,25.247,26.597,23.5455,63.0,59.0,63.0,63.0,68.0,58.0,68.0,3,winter,63.14,25.35,24.747,62.0
1,2024-03-05 09:00:00+00:00,26.796999,27.197,27.046999,27.597,26.747,28.546999,24.7955,56.0,53.0,58.0,56.0,62.0,50.0,63.0,3,winter,56.86,26.96,25.997,56.0
1,2024-03-05 10:00:00+00:00,27.747,28.296999,28.347,28.847,27.847,29.796999,25.595499,51.0,48.0,52.0,49.0,57.0,43.0,59.0,3,winter,51.29,28.07,26.847,52.0
1,2024-03-05 11:00:00+00:00,28.247,28.897,29.097,29.647,28.597,30.597,25.9455,48.0,44.0,47.0,43.0,53.0,37.0,56.0,3,winter,46.86,28.72,27.497,48.0
1,2024-03-05 12:00:00+00:00,27.997,29.347,29.197,28.947,28.997,28.847,26.2955,47.0,43.0,43.0,47.0,47.0,49.0,51.0,3,winter,46.71,28.52,28.447,43.0
1,2024-03-05 13:00:00+00:00,28.197,29.397,29.397,27.897,28.097,27.796999,23.845499,45.0,39.0,41.0,52.0,50.0,53.0,64.0,3,winter,49.14,27.8,28.647,41.0
1,2024-03-05 14:00:00+00:00,27.847,29.247,28.847,26.197,26.546999,26.097,20.345499,44.0,37.0,39.0,60.0,56.0,61.0,83.0,3,winter,54.29,26.45,28.647,39.0
1,2024-03-05 15:00:00+00:00,27.296999,27.397,27.597,24.546999,25.046999,24.497,17.6955,46.0,45.0,46.0,68.0,63.0,68.0,97.0,3,winter,61.86,24.87,26.947,46.0
1,2024-03-05 16:00:00+00:00,24.947,25.497,24.947,23.197,23.697,23.197,16.7955,64.0,52.0,64.0,75.0,71.0,75.0,99.0,3,winter,71.43,23.18,24.796999,56.0
1,2024-03-05 17:00:00+00:00,23.397,23.647,23.497,21.947,22.397,21.997,16.7455,73.0,60.0,73.0,83.0,79.0,82.0,97.0,3,winter,78.14,21.95,23.147,65.0
1,2024-03-05 18:00:00+00:00,22.147,22.347,22.697,21.397,21.347,21.046999,16.6955,82.0,76.0,73.0,83.0,86.0,87.0,97.0,3,winter,83.43,21.1,21.497,80.0
1,2024-03-05 19:00:00+00:00,21.447,21.447,21.647,20.796999,20.697,20.397,16.845499,87.0,82.0,80.0,86.0,89.0,90.0,96.0,3,winter,87.14,20.47,20.397,92.0
1,2024-03-05 20:00:00+00:00,21.397,21.197,21.197,20.497,20.347,19.947,17.2955,85.0,84.0,86.0,89.0,91.0,93.0,94.0,3,winter,88.86,20.27,19.997,92.0
1,2024-03-05 21:00:00+00:00,20.697,20.747,20.747,20.197,19.997,19.597,17.4955,88.0,85.0,90.0,92.0,92.0,93.0,93.0,3,winter,90.43,19.93,19.897,91.0
1,2024-03-05 22:00:00+00:00,20.447,20.347,20.447,19.847,19.647,19.447,17.1955,91.0,84.0,92.0,94.0,93.0,91.0,93.0,3,winter,91.14,19.63,19.546999,92.0
1,2024-03-05 23:00:00+00:00,20.247,19.947,20.296999,19.546999,19.347,19.347,16.6455,89.0,83.0,89.0,96.0,94.0,87.0,93.0,3,winter,90.14,19.34,19.046999,94.0
1,2024-03-06 00:00:00+00:00,19.197,19.647,19.046999,18.697,19.847,19.347,16.2955,90.0,84.0,95.0,98.0,86.0,96.0,96.0,3,winter,92.14,18.87,19.097,94.0
1,2024-03-06 01:00:00+00:00,18.546999,18.947,18.447,17.997,18.796999,18.497,16.095499,90.0,86.0,97.0,99.0,88.0,98.0,96.0,3,winter,93.43,18.19,18.597,96.0
1,2024-03-06 02:00:00+00:00,17.847,18.097,17.997,17.347,17.497,17.546999,15.8955,90.0,87.0,99.0,100.0,91.0,99.0,96.0,3,winter,94.57,17.46,18.296999,97.0
1,2024-03-06 03:00:00+00:00,17.147,17.397,17.497,17.247,17.046999,17.247,16.0455,91.0,88.0,100.0,99.0,91.0,98.0,95.0,3,winter,94.57,17.09,17.796999,98.0
1,2024-03-06 04:00:00+00:00,16.497,16.847,17.097,17.997,18.046999,18.046999,16.595499,92.0,88.0,100.0,95.0,87.0,94.0,93.0,3,winter,92.71,17.3,17.097,99.0
1,2024-03-06 05:00:00+00:00,17.997,18.497,18.296999,19.296999,19.897,19.447,17.4455,90.0,85.0,97.0,89.0,80.0,87.0,90.0,3,winter,88.29,18.7,18.046999,97.0
1,2024-03-06 06:00:00+00:00,21.046999,21.546999,21.046999,20.647,21.847,21.097,19.2955,77.0,73.0,80.0,87.0,72.0,80.0,79.0,3,winter,78.29,20.93,20.447,84.0
1,2024-03-06 07:00:00+00:00,23.296999,23.747,23.197,22.447,23.897,22.897,21.095499,65.0,63.0,66.0,77.0,64.0,72.0,72.0,3,winter,68.43,22.94,22.647,69.0
1,2024-03-06 08:00:00+00:00,25.147,25.647,25.347,24.647,26.046999,24.897,22.8955,57.0,55.0,57.0,64.0,56.0,63.0,66.0,3,winter,59.71,24.95,24.747,57.0
1,2024-03-06 09:00:00+00:00,26.247,27.147,26.947,26.397,27.796999,26.597,24.345499,54.0,49.0,49.0,54.0,49.0,56.0,60.0,3,winter,53.0,26.5,25.847,52.0
1,2024-03-06 10:00:00+00:00,26.747,27.497,27.947,27.546999,28.897,27.847,25.6455,51.0,46.0,45.0,49.0,43.0,51.0,54.0,3,winter,48.43,27.45,26.747,49.0
1,2024-03-06 11:00:00+00:00,27.497,28.097,28.796999,28.247,29.597,28.747,26.595499,49.0,44.0,43.0,46.0,38.0,46.0,49.0,3,winter,45.0,28.23,27.546999,47.0
1,2024-03-06 12:00:00+00:00,27.647,28.397,28.847,28.997,29.597,29.697,26.9455,48.0,45.0,41.0,42.0,42.0,41.0,50.0,3,winter,44.14,28.59,27.697,43.0
1,2024-03-06 13:00:00+00:00,27.497,28.347,28.546999,28.947,29.796999,29.647,26.3955,47.0,46.0,39.0,41.0,39.0,40.0,55.0,3,winter,43.86,28.45,27.697,42.0
1,2024-03-06 14:00:00+00:00,27.147,27.347,28.397,28.546999,29.647,29.097,25.2955,45.0,49.0,37.0,40.0,37.0,42.0,62.0,3,winter,44.57,27.93,27.447,41.0
1,2024-03-06 15:00:00+00:00,26.247,26.796999,27.497,27.546999,28.847,28.147,23.6455,46.0,49.0,39.0,44.0,39.0,45.0,70.0,3,winter,47.43,26.96,26.147,45.0
1,2024-03-06 16:00:00+00:00,24.247,25.147,25.247,25.497,26.947,26.546999,20.8955,54.0,53.0,50.0,55.0,48.0,51.0,78.0,3,winter,55.57,24.93,24.046999,52.0
1,2024-03-06 17:00:00+00:00,22.296999,23.247,21.546999,22.796999,24.447,24.546999,17.6455,60.0,64.0,77.0,69.0,62.0,59.0,86.0,3,winter,68.14,22.36,21.997,60.0
1,2024-03-06 18:00:00+00:00,20.497,21.397,21.097,20.897,22.397,22.897,15.9955,74.0,68.0,64.0,85.0,73.0,66.0,96.0,3,winter,75.14,20.74,20.247,68.0
1,2024-03-06 19:00:00+00:00,19.347,20.097,20.497,20.147,21.397,21.947,15.4955,80.0,72.0,67.0,89.0,79.0,71.0,97.0,3,winter,79.29,19.85,19.247,74.0
1,2024-03-06 20:00:00+00:00,17.647,18.597,20.296999,19.546999,20.847,21.296999,15.4955,89.0,76.0,71.0,92.0,82.0,74.0,96.0,3,winter,82.86,19.1,18.097,81.0
1,2024-03-06 21:00:00+00:00,16.546999,17.897,19.597,19.046999,20.347,20.647,15.4955,94.0,79.0,75.0,94.0,85.0,77.0,95.0,3,winter,85.57,18.51,17.046999,88.0
1,2024-03-06 22:00:00+00:00,15.947,17.497,18.697,18.647,19.647,19.847,15.4955,95.0,84.0,79.0,96.0,89.0,79.0,95.0,3,winter,88.14,17.97,16.347,93.0
1,2024-03-06 23:00:00+00:00,15.396999,16.997,17.546999,18.397,18.997,19.097,15.5455,96.0,86.0,84.0,97.0,93.0,80.0,94.0,3,winter,90.0,17.43,15.747,96.0
1,2024-03-07 00:00:00+00:00,14.747,15.646999,16.847,17.546999,18.747,18.796999,15.4955,97.0,92.0,89.0,98.0,89.0,75.0,95.0,3,winter,90.71,16.83,15.447,95.0
1,2024-03-07 01:00:00+00:00,14.247,14.997,15.947,16.697,17.997,18.197,15.0455,96.0,91.0,87.0,99.0,91.0,77.0,96.0,3,winter,91.0,16.16,14.947,93.0
1,2024-03-07 02:00:00+00:00,13.697,14.447,15.297,15.847,17.247,17.647,14.6455,95.0,89.0,86.0,99.0,92.0,79.0,96.0,3,winter,90.86,15.55,14.347,90.0
1,2024-03-07 03:00:00+00:00,13.247,14.197,14.896999,15.646999,17.097,17.647,14.8955,93.0,86.0,86.0,97.0,91.0,79.0,95.0,3,winter,89.57,15.38,13.847,90.0
1,2024-03-07 04:00:00+00:00,12.747,13.747,14.497,16.546999,17.897,18.497,16.1455,93.0,86.0,88.0,92.0,88.0,77.0,91.0,3,winter,87.86,15.73,13.396999,91.0
1,2024-03-07 05:00:00+00:00,14.697,15.297,15.896999,18.097,19.347,19.947,18.0455,89.0,87.0,87.0,85.0,83.0,72.0,86.0,3,winter,84.14,17.33,15.146999,89.0
1,2024-03-07 06:00:00+00:00,19.147,19.897,20.247,19.897,20.997,21.697,20.1455,70.0,75.0,72.0,74.0,77.0,67.0,79.0,3,winter,73.43,20.29,19.147,78.0
1,2024-03-07 07:00:00+00:00,21.947,22.597,23.397,22.647,22.847,23.897,22.4955,63.0,65.0,61.0,64.0,70.0,59.0,69.0,3,winter,64.43,22.83,22.247,69.0
1,2024-03-07 08:00:00+00:00,24.097,24.747,25.947,25.796999,24.947,26.347,24.9955,59.0,61.0,51.0,53.0,63.0,50.0,58.0,3,winter,56.43,25.27,24.796999,58.0
1,2024-03-07 09:00:00+00:00,26.046999,26.796999,27.796999,28.247,26.647,28.247,26.9955,57.0,53.0,43.0,43.0,56.0,43.0,49.0,3,winter,49.14,27.25,26.647,51.0
1,2024-03-07 10:00:00+00:00,27.947,28.247,29.147,29.597,27.796999,29.296999,28.3955,47.0,44.0,37.0,36.0,50.0,40.0,42.0,3,winter,42.29,28.63,27.796999,46.0
1,2024-03-07 11:00:00+00:00,29.046999,28.947,29.897,30.197,28.597,29.747,29.2955,40.0,41.0,34.0,30.0,45.0,38.0,37.0,3,winter,37.86,29.39,28.546999,42.0
1,2024-03-07 12:00:00+00:00,29.397,29.347,29.897,30.347,30.546999,29.247,29.7955,35.0,36.0,34.0,32.0,33.0,41.0,34.0,3,winter,35.0,29.8,28.796999,35.0
1,2024-03-07 13:00:00+00:00,29.046999,28.847,29.397,29.997,30.296999,28.997,27.9955,33.0,36.0,33.0,32.0,31.0,41.0,43.0,3,winter,35.57,29.23,28.546999,35.0
1,2024-03-07 14:00:00+00:00,28.296999,28.197,28.546999,28.947,29.546999,28.197,25.095499,36.0,39.0,34.0,34.0,31.0,43.0,57.0,3,winter,39.14,28.12,27.647,38.0
1,2024-03-07 15:00:00+00:00,27.046999,27.296999,27.397,27.546999,28.197,27.097,22.4955,41.0,42.0,39.0,38.0,34.0,48.0,69.0,3,winter,44.43,26.73,26.497,43.0
1,2024-03-07 16:00:00+00:00,24.296999,24.397,24.697,25.497,25.897,25.397,20.5455,52.0,52.0,49.0,45.0,44.0,58.0,78.0,3,winter,54.0,24.39,23.697,55.0
1,2024-03-07 17:00:00+00:00,21.796999,22.397,22.546999,23.097,23.046999,23.347,18.7955,61.0,58.0,56.0,55.0,57.0,70.0,85.0,3,winter,63.14,22.15,21.247,64.0
1,2024-03-07 18:00:00+00:00,20.147,20.397,20.796999,21.247,20.796999,21.647,17.9955,70.0,68.0,65.0,62.0,67.0,80.0,78.0,3,winter,70.0,20.43,19.747,68.0
1,2024-03-07 19:00:00+00:00,18.796999,18.897,19.296999,20.097,19.796999,20.697,16.9455,76.0,75.0,73.0,68.0,71.0,85.0,83.0,3,winter,75.86,19.22,18.447,74.0
1,2024-03-07 20:00:00+00:00,17.947,17.897,18.147,19.347,19.397,20.147,16.4955,79.0,80.0,79.0,73.0,73.0,88.0,89.0,3,winter,80.14,18.48,17.697,77.0
1,2024-03-07 21:00:00+00:00,17.497,17.296999,17.747,18.747,19.046999,19.597,16.1955,81.0,83.0,78.0,77.0,74.0,90.0,92.0,3,winter,82.14,18.02,17.247,78.0
1,2024-03-07 22:00:00+00:00,17.247,17.046999,17.546999,18.197,18.497,18.897,15.8455,82.0,83.0,77.0,79.0,76.0,92.0,93.0,3,winter,83.14,17.61,16.796999,82.0
1,2024-03-07 23:00:00+00:00,17.097,16.947,17.347,17.796999,17.997,18.247,15.6455,82.0,83.0,78.0,79.0,77.0,93.0,92.0,3,winter,83.43,17.3,16.447,84.0
1,2024-03-08 00:00:00+00:00,16.347,16.697,17.046999,16.847,17.147,17.097,15.3955,85.0,86.0,79.0,74.0,83.0,87.0,94.0,3,winter,84.0,16.65,16.296999,83.0
1,2024-03-08 01:00:00+00:00,16.097,16.497,16.597,16.247,16.447,16.197,14.9955,87.0,87.0,82.0,76.0,86.0,91.0,95.0,3,winter,86.29,16.15,16.047,85.0
1,2024-03-08 02:00:00+00:00,15.747,16.197,16.097,15.797,15.697,15.297,14.695499,89.0,88.0,85.0,78.0,88.0,95.0,95.0,3,winter,88.29,15.65,15.697,88.0
1,2024-03-08 03:00:00+00:00,15.197,15.747,15.497,15.997,15.697,15.247,14.9955,92.0,90.0,88.0,79.0,88.0,96.0,94.0,3,winter,89.57,15.48,15.547,89.0
1,2024-03-08 04:00:00+00:00,14.947,15.197,15.047,17.247,16.847,16.597,16.345499,94.0,93.0,91.0,77.0,85.0,92.0,90.0,3,winter,88.86,16.03,15.197,91.0
1,2024-03-08 05:00:00+00:00,16.897,16.947,16.947,19.197,18.697,18.847,18.345499,90.0,90.0,88.0,74.0,79.0,85.0,84.0,3,winter,84.29,17.98,16.997,89.0
1,2024-03-08 06:00:00+00:00,20.647,20.796999,20.796999,21.447,20.747,21.046999,20.7455,78.0,74.0,76.0,69.0,73.0,77.0,74.0,3,winter,74.43,20.89,20.796999,77.0
1,2024-03-08 07:00:00+00:00,23.197,23.296999,23.546999,23.796999,23.097,23.147,23.7955,68.0,65.0,66.0,61.0,65.0,70.0,62.0,3,winter,65.29,23.41,23.296999,67.0
1,2024-03-08 08:00:00+00:00,25.296999,25.497,25.897,26.296999,25.647,25.197,27.1455,62.0,59.0,58.0,52.0,56.0,63.0,47.0,3,winter,56.71,25.85,25.546999,60.0
1,2024-03-08 09:00:00+00:00,26.947,27.397,27.796999,28.296999,27.747,26.947,29.4955,57.0,54.0,52.0,44.0,48.0,56.0,37.0,3,winter,49.71,27.8,26.947,54.0
1,2024-03-08 10:00:00+00:00,27.997,28.597,28.647,29.546999,29.147,28.197,30.095499,50.0,48.0,46.0,39.0,40.0,50.0,34.0,3,winter,43.86,28.89,27.947,46.0
1,2024-03-08 11:00:00+00:00,28.546999,29.046999,29.046999,30.296999,30.046999,29.097,29.6455,45.0,42.0,42.0,36.0,33.0,44.0,36.0,3,winter,39.71,29.39,28.197,44.0
1,2024-03-08 12:00:00+00:00,28.947,29.347,28.897,30.247,30.697,30.546999,31.2955,44.0,41.0,44.0,35.0,31.0,29.0,28.0,3,winter,36.0,30.0,29.097,38.0
1,2024-03-08 13:00:00+00:00,28.947,29.347,28.447,30.097,30.597,30.296999,29.8955,43.0,41.0,45.0,34.0,30.0,28.0,33.0,3,winter,36.29,29.66,29.147,38.0
1,2024-03-08 14:00:00+00:00,28.597,29.147,28.347,29.546999,30.046999,29.597,27.595499,42.0,41.0,44.0,35.0,30.0,29.0,42.0,3,winter,37.57,28.98,29.046999,37.0
1,2024-03-08 15:00:00+00:00,27.647,28.046999,27.697,28.497,28.847,28.247,25.2955,48.0,43.0,44.0,38.0,33.0,33.0,51.0,3,winter,41.43,27.75,28.197,40.0
1,2024-03-08 16:00:00+00:00,25.197,24.597,24.747,26.497,26.647,25.796999,23.095499,63.0,62.0,57.0,44.0,40.0,40.0,60.0,3,winter,52.29,25.23,25.647,52.0
1,2024-03-08 17:00:00+00:00,22.296999,22.247,22.147,23.997,23.796999,22.697,20.8955,74.0,77.0,74.0,53.0,50.0,49.0,70.0,3,winter,63.86,22.58,23.697,65.0
1,2024-03-08 18:00:00+00:00,20.997,21.947,21.247,22.447,21.347,19.997,15.4955,84.0,79.0,81.0,63.0,59.0,58.0,94.0,3,winter,74.0,20.5,22.247,71.0
1,2024-03-08 19:00:00+00:00,20.397,21.347,20.497,21.247,19.597,18.097,15.5955,87.0,82.0,85.0,69.0,67.0,68.0,94.0,3,winter,78.86,19.54,21.046999,80.0
1,2024-03-08 20:00:00+00:00,19.046999,20.197,19.597,20.447,18.147,16.647,16.0455,93.0,88.0,90.0,74.0,74.0,77.0,94.0,3,winter,84.29,18.59,20.197,86.0
1,2024-03-08 21:00:00+00:00,18.847,19.197,19.197,19.796999,17.046999,15.646999,16.2955,93.0,94.0,93.0,78.0,79.0,84.0,94.0,3,winter,87.86,18.0,19.796999,89.0
1,2024-03-08 22:00:00+00:00,19.097,19.397,19.447,19.347,16.296999,15.247,16.1455,90.0,90.0,90.0,80.0,82.0,85.0,94.0,3,winter,87.29,17.85,19.647,90.0
1,2024-03-08 23:00:00+00:00,18.796999,19.247,18.847,19.097,15.847,15.297,15.7955,92.0,90.0,93.0,80.0,84.0,84.0,94.0,3,winter,88.14,17.56,18.997,92.0
1,2024-03-09 00:00:00+00:00,18.347,18.647,19.046999,17.697,18.647,16.546999,16.6955,92.0,92.0,90.0,85.0,82.0,81.0,93.0,3,winter,87.86,17.95,18.447,95.0
1,2024-03-09 01:00:00+00:00,17.947,18.046999,18.647,17.197,17.897,16.247,16.095499,91.0,92.0,91.0,87.0,85.0,83.0,94.0,3,winter,89.0,17.44,17.897,96.0
1,2024-03-09 02:00:00+00:00,17.447,17.647,18.247,16.796999,17.097,15.997,15.4955,91.0,91.0,92.0,89.0,87.0,84.0,94.0,3,winter,89.71,16.96,17.347,97.0
1,2024-03-09 03:00:00+00:00,16.796999,17.296999,17.597,16.997,16.997,16.296999,15.5955,92.0,92.0,93.0,89.0,88.0,84.0,93.0,3,winter,90.14,16.8,16.847,96.0
1,2024-03-09 04:00:00+00:00,16.247,17.097,16.997,18.147,18.097,17.497,16.7955,94.0,92.0,94.0,86.0,85.0,81.0,89.0,3,winter,88.71,17.27,16.597,94.0
1,2024-03-09 05:00:00+00:00,17.997,18.397,18.697,19.897,19.897,19.347,18.6955,91.0,90.0,90.0,80.0,79.0,76.0,83.0,3,winter,84.14,18.99,18.147,90.0
1,2024-03-09 06:00:00+00:00,21.397,21.497,21.497,21.847,21.847,21.347,21.4455,76.0,76.0,80.0,75.0,73.0,70.0,71.0,3,winter,74.43,21.55,20.697,81.0
1,2024-03-09 07:00:00+00:00,23.697,23.796999,23.697,23.947,23.947,23.697,23.8955,66.0,67.0,69.0,67.0,66.0,63.0,61.0,3,winter,65.57,23.81,23.197,71.0
1,2024-03-09 08:00:00+00:00,25.796999,25.796999,25.747,26.147,26.147,26.197,26.4955,58.0,61.0,61.0,59.0,59.0,54.0,50.0,3,winter,57.43,26.05,25.247,62.0
1,2024-03-09 09:00:00+00:00,27.296999,27.197,27.296999,27.897,27.847,28.247,28.3955,53.0,55.0,56.0,52.0,53.0,47.0,42.0,3,winter,51.14,27.74,26.697,55.0
1,2024-03-09 10:00:00+00:00,27.997,27.997,28.397,29.197,28.997,29.497,29.345499,48.0,52.0,51.0,45.0,48.0,41.0,38.0,3,winter,46.14,28.78,27.897,50.0
1,2024-03-09 11:00:00+00:00,28.546999,28.397,29.147,30.046999,29.647,30.247,29.6455,46.0,49.0,46.0,39.0,43.0,37.0,38.0,3,winter,42.57,29.38,28.647,45.0
1,2024-03-09 12:00:00+00:00,29.046999,28.546999,28.847,29.347,29.947,29.747,25.8955,42.0,45.0,45.0,40.0,40.0,43.0,58.0,3,winter,44.71,28.77,28.647,44.0
1,2024-03-09 13:00:00+00:00,29.197,28.847,28.847,29.347,27.947,28.197,23.3955,40.0,43.0,44.0,39.0,50.0,50.0,69.0,3,winter,47.86,27.97,28.796999,42.0
1,2024-03-09 14:00:00+00:00,29.097,28.747,25.997,29.046999,24.897,25.747,20.345499,39.0,43.0,56.0,39.0,65.0,61.0,82.0,3,winter,55.0,26.27,28.397,42.0
1,2024-03-09 15:00:00+00:00,28.296999,26.947,23.097,28.097,22.546999,23.697,17.9955,40.0,49.0,77.0,43.0,77.0,71.0,92.0,3,winter,64.14,24.38,26.947,46.0
1,2024-03-09 16:00:00+00:00,25.397,21.747,21.747,25.897,21.647,22.497,16.9455,55.0,81.0,82.0,55.0,83.0,78.0,96.0,3,winter,75.71,22.27,23.397,67.0
1,2024-03-09 17:00:00+00:00,22.947,21.347,21.197,23.097,21.397,21.697,16.6455,74.0,85.0,86.0,71.0,85.0,83.0,98.0,3,winter,83.14,21.19,21.397,82.0
1,2024-03-09 18:00:00+00:00,21.296999,21.046999,20.897,20.897,21.147,21.097,17.095499,86.0,86.0,87.0,88.0,87.0,87.0,97.0,3,winter,88.29,20.5,21.097,86.0
1,2024-03-09 19:00:00+00:00,20.546999,20.546999,20.546999,20.046999,20.697,20.647,16.6955,91.0,89.0,89.0,92.0,88.0,89.0,97.0,3,winter,90.71,19.96,20.597,90.0
1,2024-03-09 20:00:00+00:00,20.397,19.796999,19.997,19.796999,20.247,20.397,16.2955,92.0,91.0,90.0,92.0,89.0,89.0,97.0,3,winter,91.43,19.56,20.147,92.0
1,2024-03-09 21:00:00+00:00,19.847,19.997,19.697,19.597,19.847,20.147,15.9955,93.0,90.0,92.0,92.0,90.0,90.0,97.0,3,winter,92.0,19.3,19.897,91.0
1,2024-03-09 22:00:00+00:00,19.497,19.647,19.247,19.247,19.546999,19.747,15.8455,93.0,92.0,95.0,93.0,92.0,92.0,97.0,3,winter,93.43,18.97,19.597,92.0
1,2024-03-09 23:00:00+00:00,19.247,19.197,19.147,18.947,19.296999,19.347,15.7955,95.0,95.0,96.0,95.0,93.0,94.0,96.0,3,winter,94.86,18.71,19.147,94.0
1,2024-03-10 00:00:00+00:00,19.397,18.997,19.046999,18.847,19.046999,19.046999,15.9955,93.0,94.0,96.0,96.0,96.0,94.0,93.0,3,winter,94.57,18.63,18.497,97.0
1,2024-03-10 01:00:00+00:00,19.296999,18.796999,18.647,18.147,18.697,18.497,15.7955,94.0,95.0,97.0,96.0,96.0,96.0,95.0,3,winter,95.57,18.27,18.097,98.0
1,2024-03-10 02:00:00+00:00,19.247,18.296999,18.497,17.347,18.347,17.897,15.5955,94.0,97.0,96.0,96.0,95.0,97.0,97.0,3,winter,96.0,17.89,17.897,98.0
1,2024-03-10 03:00:00+00:00,18.847,17.897,18.197,17.197,18.397,17.847,15.7955,94.0,97.0,96.0,94.0,93.0,97.0,97.0,3,winter,95.43,17.74,17.597,98.0
1,2024-03-10 04:00:00+00:00,18.046999,17.847,17.796999,18.147,19.046999,18.697,16.595499,96.0,95.0,95.0,90.0,89.0,94.0,95.0,3,winter,93.43,18.03,17.296999,98.0
1,2024-03-10 05:00:00+00:00,19.147,19.197,19.046999,19.796999,20.147,20.046999,17.7955,94.0,92.0,94.0,84.0,83.0,88.0,90.0,3,winter,89.29,19.31,18.747,95.0
1,2024-03-10 06:00:00+00:00,21.046999,21.546999,21.447,21.597,21.546999,21.647,19.4955,82.0,78.0,82.0,79.0,77.0,82.0,86.0,3,winter,80.86,21.19,21.147,85.0
1,2024-03-10 07:00:00+00:00,23.247,23.546999,23.447,23.247,23.347,23.497,21.6955,71.0,67.0,73.0,72.0,70.0,74.0,78.0,3,winter,72.14,23.15,23.097,72.0
1,2024-03-10 08:00:00+00:00,24.947,24.897,25.296999,25.097,25.497,25.497,24.1955,63.0,63.0,64.0,65.0,63.0,65.0,68.0,3,winter,64.43,25.06,24.796999,64.0
1,2024-03-10 09:00:00+00:00,26.147,26.197,26.546999,26.647,27.247,27.197,25.6955,57.0,59.0,57.0,58.0,56.0,57.0,62.0,3,winter,58.0,26.53,26.296999,58.0
1,2024-03-10 10:00:00+00:00,27.497,26.897,27.647,27.796999,28.497,28.497,25.6955,50.0,55.0,52.0,52.0,50.0,49.0,61.0,3,winter,52.71,27.5,27.296999,54.0
1,2024-03-10 11:00:00+00:00,28.347,27.347,28.546999,28.647,29.447,29.447,24.6955,47.0,54.0,48.0,47.0,45.0,43.0,63.0,3,winter,49.57,28.07,28.097,49.0
1,2024-03-10 12:00:00+00:00,28.597,27.947,28.197,29.347,29.296999,29.397,27.2955,45.0,52.0,49.0,43.0,42.0,43.0,50.0,3,winter,46.29,28.58,28.546999,47.0
1,2024-03-10 13:00:00+00:00,28.897,28.147,28.197,29.397,29.296999,29.347,24.4455,41.0,50.0,50.0,40.0,40.0,42.0,64.0,3,winter,46.71,28.25,28.897,44.0
1,2024-03-10 14:00:00+00:00,28.647,27.847,27.796999,29.046999,28.947,28.847,20.345499,39.0,52.0,52.0,37.0,39.0,43.0,84.0,3,winter,49.43,27.35,28.897,41.0
1,2024-03-10 15:00:00+00:00,27.447,25.647,23.947,28.147,28.097,27.796999,17.1955,46.0,63.0,70.0,39.0,40.0,47.0,99.0,3,winter,57.71,25.47,27.597,46.0
1,2024-03-10 16:00:00+00:00,24.997,24.296999,22.897,26.447,26.347,25.847,16.095499,54.0,66.0,76.0,49.0,46.0,56.0,100.0,3,winter,63.86,23.85,25.197,59.0
1,2024-03-10 17:00:00+00:00,23.197,22.397,22.046999,24.197,24.046999,23.347,15.945499,58.0,76.0,81.0,62.0,54.0,69.0,100.0,3,winter,71.43,22.17,23.046999,72.0
1,2024-03-10 18:00:00+00:00,22.497,22.046999,21.497,22.046999,22.197,21.347,15.8955,73.0,81.0,86.0,77.0,62.0,79.0,97.0,3,winter,79.29,21.08,22.097,78.0
1,2024-03-10 19:00:00+00:00,21.647,21.546999,21.296999,20.947,21.147,20.397,15.945499,80.0,83.0,86.0,84.0,67.0,85.0,97.0,3,winter,83.14,20.42,21.546999,85.0
1,2024-03-10 20:00:00+00:00,21.546999,20.597,20.247,20.296999,20.546999,19.947,15.945499,81.0,89.0,93.0,88.0,72.0,88.0,97.0,3,winter,86.86,19.88,21.247,88.0
1,2024-03-10 21:00:00+00:00,20.597,20.347,20.046999,19.747,19.947,19.597,15.9955,84.0,87.0,92.0,90.0,75.0,91.0,97.0,3,winter,88.0,19.47,20.296999,92.0
1,2024-03-10 22:00:00+00:00,20.296999,19.296999,19.597,19.247,19.296999,19.147,16.095499,86.0,89.0,94.0,89.0,76.0,93.0,97.0,3,winter,89.14,19.0,20.097,88.0
1,2024-03-10 23:00:00+00:00,19.947,18.847,18.546999,18.897,18.697,18.747,16.2455,89.0,89.0,97.0,87.0,76.0,94.0,96.0,3,winter,89.71,18.56,20.097,85.0
1,2024-03-11 00:00:00+00:00,18.397,19.247,17.997,19.647,18.847,18.447,15.8955,80.0,92.0,94.0,89.0,77.0,79.0,98.0,3,winter,87.0,18.35,20.497,77.0
1,2024-03-11 01:00:00+00:00,18.046999,19.147,17.697,19.046999,18.447,17.697,15.4955,80.0,87.0,90.0,88.0,79.0,79.0,99.0,3,winter,86.0,17.94,20.447,76.0
1,2024-03-11 02:00:00+00:00,17.447,18.597,17.447,18.447,18.046999,17.046999,15.0455,82.0,86.0,87.0,87.0,80.0,79.0,99.0,3,winter,85.71,17.44,20.247,71.0
1,2024-03-11 03:00:00+00:00,16.847,18.046999,17.197,18.397,18.197,17.046999,15.195499,83.0,86.0,85.0,84.0,80.0,78.0,98.0,3,winter,84.86,17.28,19.497,72.0
1,2024-03-11 04:00:00+00:00,16.247,17.397,16.947,19.197,19.197,18.197,16.2455,85.0,87.0,84.0,80.0,76.0,75.0,94.0,3,winter,83.0,17.63,18.147,75.0
1,2024-03-11 05:00:00+00:00,17.747,18.947,18.647,20.546999,20.697,20.046999,17.845499,84.0,83.0,83.0,74.0,70.0,70.0,88.0,3,winter,78.86,19.21,18.847,77.0
1,2024-03-11 06:00:00+00:00,21.247,21.447,21.847,21.697,22.447,22.046999,18.2455,71.0,70.0,71.0,76.0,63.0,64.0,88.0,3,winter,71.86,21.28,21.697,63.0
1,2024-03-11 07:00:00+00:00,23.897,23.997,24.497,23.597,24.597,24.197,20.1455,60.0,59.0,58.0,67.0,55.0,56.0,81.0,3,winter,62.29,23.56,24.097,55.0
1,2024-03-11 08:00:00+00:00,25.897,26.097,26.247,25.747,26.947,26.546999,22.5455,51.0,50.0,51.0,58.0,46.0,47.0,72.0,3,winter,53.57,25.72,26.097,46.0
1,2024-03-11 09:00:00+00:00,27.397,27.796999,27.697,27.497,28.796999,28.397,24.2455,45.0,44.0,45.0,50.0,39.0,40.0,66.0,3,winter,47.0,27.4,27.647,41.0
1,2024-03-11 10:00:00+00:00,28.447,28.997,28.647,28.546999,29.847,29.546999,24.7455,41.0,38.0,42.0,45.0,35.0,36.0,64.0,3,winter,43.0,28.4,28.647,37.0
1,2024-03-11 11:00:00+00:00,28.947,29.546999,29.197,29.197,30.397,30.247,24.595499,39.0,35.0,39.0,42.0,33.0,34.0,65.0,3,winter,41.0,28.88,29.197,36.0
1,2024-03-11 12:00:00+00:00,29.197,29.347,29.747,29.546999,30.046999,30.247,27.4955,39.0,38.0,37.0,38.0,36.0,33.0,47.0,3,winter,38.29,29.38,29.397,36.0
1,2024-03-11 13:00:00+00:00,29.197,29.347,29.897,29.397,29.897,30.097,25.9955,38.0,38.0,35.0,38.0,37.0,35.0,54.0,3,winter,39.29,29.12,29.296999,36.0
1,2024-03-11 14:00:00+00:00,28.647,28.847,29.447,28.897,29.347,29.497,23.6955,40.0,39.0,36.0,40.0,40.0,38.0,66.0,3,winter,42.71,28.34,28.796999,35.0
1,2024-03-11 15:00:00+00:00,27.447,27.597,28.247,27.997,28.447,28.497,21.6955,43.0,42.0,40.0,43.0,43.0,41.0,76.0,3,winter,46.86,27.13,27.447,39.0
1,2024-03-11 16:00:00+00:00,24.697,24.847,25.447,26.397,26.897,26.796999,20.4955,51.0,50.0,48.0,47.0,48.0,45.0,81.0,3,winter,52.86,25.08,24.747,47.0
1,2024-03-11 17:00:00+00:00,22.847,23.046999,23.697,24.447,24.947,24.647,19.6455,55.0,53.0,52.0,52.0,53.0,49.0,84.0,3,winter,56.86,23.33,22.997,51.0
1,2024-03-11 18:00:00+00:00,21.997,22.597,22.046999,22.397,23.347,22.947,18.4955,55.0,55.0,57.0,56.0,58.0,53.0,91.0,3,winter,60.71,21.98,21.947,52.0
1,2024-03-11 19:00:00+00:00,21.296999,21.597,21.447,21.747,22.546999,22.097,17.5455,58.0,60.0,59.0,58.0,61.0,56.0,94.0,3,winter,63.71,21.18,21.197,54.0
1,2024-03-11 20:00:00+00:00,21.046999,21.447,21.497,21.647,22.097,21.647,16.8955,57.0,58.0,56.0,58.0,62.0,59.0,95.0,3,winter,63.57,20.9,20.697,56.0
1,2024-03-11 21:00:00+00:00,20.697,20.897,20.947,21.397,21.597,21.197,16.4955,57.0,59.0,59.0,59.0,64.0,61.0,95.0,3,winter,64.86,20.46,20.347,57.0
1,2024-03-11 22:00:00+00:00,20.097,20.147,20.347,20.847,20.796999,20.597,16.345499,58.0,61.0,61.0,61.0,67.0,63.0,95.0,3,winter,66.57,19.88,19.847,60.0
1,2024-03-11 23:00:00+00:00,19.147,18.947,19.546999,20.147,19.947,19.947,16.4455,62.0,66.0,65.0,63.0,69.0,65.0,94.0,3,winter,69.14,19.16,19.397,63.0
1,2024-03-12 00:00:00+00:00,17.397,17.847,18.697,18.447,18.947,18.796999,15.8455,68.0,73.0,68.0,70.0,71.0,73.0,96.0,3,winter,74.14,18.0,19.046999,65.0
1,2024-03-12 01:00:00+00:00,16.747,17.046999,17.997,17.347,17.947,17.897,15.5455,70.0,77.0,71.0,73.0,75.0,76.0,96.0,3,winter,76.86,17.22,18.147,69.0
1,2024-03-12 02:00:00+00:00,16.047,16.247,16.997,16.247,16.947,17.097,15.3955,74.0,80.0,76.0,75.0,79.0,80.0,96.0,3,winter,80.0,16.43,17.247,74.0
1,2024-03-12 03:00:00+00:00,15.347,15.396999,15.997,15.997,16.747,16.997,15.7955,77.0,84.0,80.0,76.0,81.0,81.0,94.0,3,winter,81.86,16.04,16.397,78.0
1,2024-03-12 04:00:00+00:00,14.597,14.547,15.097,17.046999,17.697,17.997,16.9455,81.0,87.0,83.0,76.0,79.0,79.0,90.0,3,winter,82.14,16.28,15.646999,82.0
1,2024-03-12 05:00:00+00:00,16.047,16.047,16.647,18.947,19.447,19.697,18.595499,83.0,85.0,82.0,74.0,74.0,76.0,83.0,3,winter,79.57,17.92,17.046999,83.0
1,2024-03-12 06:00:00+00:00,20.747,20.147,20.747,21.296999,21.397,21.647,21.1955,68.0,70.0,69.0,67.0,68.0,70.0,67.0,3,winter,68.43,21.03,20.796999,66.0
1,2024-03-12 07:00:00+00:00,23.397,22.897,23.447,23.546999,23.597,23.997,23.7955,57.0,62.0,54.0,60.0,59.0,61.0,56.0,3,winter,58.43,23.53,23.497,56.0
1,2024-03-12 08:00:00+00:00,25.497,24.997,25.647,26.046999,26.046999,26.597,26.5455,54.0,57.0,49.0,52.0,49.0,49.0,44.0,3,winter,50.57,25.91,26.046999,48.0
1,2024-03-12 09:00:00+00:00,27.296999,26.897,27.546999,28.097,28.046999,28.697,28.595499,51.0,51.0,45.0,45.0,40.0,39.0,35.0,3,winter,43.71,27.88,27.947,40.0
1,2024-03-12 10:00:00+00:00,28.697,28.497,29.097,29.546999,29.397,30.147,29.7455,45.0,44.0,40.0,39.0,34.0,31.0,30.0,3,winter,37.57,29.3,29.247,35.0
1,2024-03-12 11:00:00+00:00,29.296999,29.447,30.247,30.546999,30.247,31.147,30.2955,41.0,39.0,35.0,33.0,29.0,25.0,27.0,3,winter,32.71,30.18,29.997,30.0
1,2024-03-12 12:00:00+00:00,30.097,28.897,30.046999,30.647,30.296999,31.097,30.8955,36.0,44.0,37.0,33.0,35.0,23.0,24.0,3,winter,33.14,30.28,30.597,25.0
1,2024-03-12 13:00:00+00:00,29.997,28.897,30.447,30.497,30.097,30.647,29.4455,34.0,44.0,28.0,32.0,35.0,24.0,30.0,3,winter,32.43,30.0,30.397,22.0
1,2024-03-12 14:00:00+00:00,29.796999,28.897,29.747,29.796999,29.397,29.597,27.095499,35.0,44.0,23.0,34.0,37.0,27.0,41.0,3,winter,34.43,29.19,29.647,20.0
1,2024-03-12 15:00:00+00:00,25.247,28.296999,27.546999,28.546999,28.147,28.046999,24.9955,59.0,45.0,30.0,37.0,40.0,32.0,50.0,3,winter,41.86,27.26,27.847,26.0
1,2024-03-12 16:00:00+00:00,23.097,25.497,24.147,26.397,26.046999,25.747,23.4955,64.0,56.0,37.0,44.0,44.0,40.0,57.0,3,winter,48.86,24.92,24.497,34.0
1,2024-03-12 17:00:00+00:00,21.546999,22.247,21.247,23.647,23.447,22.947,22.2455,71.0,60.0,47.0,53.0,48.0,51.0,63.0,3,winter,56.14,22.48,21.647,42.0
1,2024-03-12 18:00:00+00:00,20.397,20.296999,19.046999,20.747,21.397,20.747,18.7955,50.0,55.0,58.0,56.0,52.0,58.0,83.0,3,winter,58.86,20.2,19.847,49.0
1,2024-03-12 19:00:00+00:00,18.947,18.947,17.597,19.697,20.397,19.597,17.9955,60.0,63.0,67.0,58.0,54.0,59.0,86.0,3,winter,63.86,19.03,18.447,58.0
1,2024-03-12 20:00:00+00:00,18.546999,18.397,17.247,19.197,19.997,19.097,17.3955,64.0,64.0,67.0,57.0,55.0,58.0,87.0,3,winter,64.57,18.55,17.347,67.0
1,2024-03-12 21:00:00+00:00,18.097,17.796999,16.747,18.697,19.597,18.697,16.7955,65.0,64.0,66.0,57.0,57.0,57.0,87.0,3,winter,64.71,18.06,17.046999,70.0
1,2024-03-12 22:00:00+00:00,17.897,17.497,16.347,18.046999,19.046999,18.447,16.1955,65.0,67.0,68.0,60.0,59.0,58.0,86.0,3,winter,66.14,17.64,16.647,72.0
1,2024-03-12 23:00:00+00:00,17.697,17.296999,16.097,17.347,18.546999,18.347,15.5955,70.0,72.0,72.0,64.0,62.0,61.0,85.0,3,winter,69.43,17.28,16.497,73.0
1,2024-03-13 00:00:00+00:00,16.546999,17.497,16.747,16.897,17.997,17.897,15.195499,77.0,75.0,75.0,69.0,69.0,63.0,92.0,3,winter,74.29,16.97,16.147,77.0
1,2024-03-13 01:00:00+00:00,16.447,17.347,16.597,16.296999,17.296999,17.296999,14.4955,79.0,76.0,77.0,72.0,73.0,66.0,91.0,3,winter,76.29,16.54,15.997,78.0
1,2024-03-13 02:00:00+00:00,16.247,16.747,16.247,15.697,16.697,16.697,13.7955,79.0,78.0,79.0,75.0,76.0,68.0,89.0,3,winter,77.71,16.02,15.646999,80.0
1,2024-03-13 03:00:00+00:00,16.047,16.247,15.847,15.797,16.747,16.747,14.0455,80.0,80.0,80.0,76.0,77.0,69.0,85.0,3,winter,78.14,15.93,15.396999,82.0
1,2024-03-13 04:00:00+00:00,15.847,15.947,15.447,16.997,17.847,17.697,15.8455,81.0,81.0,82.0,73.0,74.0,68.0,79.0,3,winter,76.86,16.52,15.197,83.0
1,2024-03-13 05:00:00+00:00,17.597,17.847,17.296999,18.897,19.647,19.296999,18.595499,81.0,80.0,81.0,68.0,69.0,65.0,71.0,3,winter,73.57,18.45,17.097,82.0
1,2024-03-13 06:00:00+00:00,21.647,21.647,21.447,21.097,21.647,21.147,22.1955,66.0,65.0,66.0,65.0,63.0,60.0,52.0,3,winter,62.43,21.55,20.897,69.0
1,2024-03-13 07:00:00+00:00,24.347,24.197,24.147,23.697,23.947,23.397,24.5455,55.0,56.0,55.0,55.0,55.0,52.0,43.0,3,winter,53.0,24.04,23.647,59.0
1,2024-03-13 08:00:00+00:00,26.697,26.497,26.597,26.497,26.397,25.947,26.8955,46.0,48.0,45.0,42.0,46.0,41.0,32.0,3,winter,42.86,26.5,26.046999,50.0
1,2024-03-13 09:00:00+00:00,28.697,28.347,28.546999,28.697,28.397,27.997,28.6955,38.0,42.0,37.0,32.0,38.0,33.0,25.0,3,winter,35.0,28.48,28.147,41.0
1,2024-03-13 10:00:00+00:00,30.097,29.697,29.796999,29.897,29.697,29.296999,29.6955,28.0,35.0,30.0,26.0,30.0,28.0,22.0,3,winter,28.43,29.74,29.597,31.0
1,2024-03-13 11:00:00+00:00,30.747,30.447,30.296999,30.447,30.546999,30.046999,30.095499,23.0,29.0,27.0,22.0,23.0,26.0,23.0,3,winter,24.71,30.38,30.247,27.0
1,2024-03-13 12:00:00+00:00,30.947,30.647,30.597,30.697,30.697,29.897,29.1955,21.0,30.0,26.0,20.0,22.0,25.0,28.0,3,winter,24.57,30.38,30.347,24.0
1,2024-03-13 13:00:00+00:00,30.597,30.247,30.247,30.147,30.247,29.497,28.095499,21.0,28.0,24.0,21.0,24.0,27.0,34.0,3,winter,25.57,29.87,30.046999,22.0
1,2024-03-13 14:00:00+00:00,29.796999,29.497,29.347,29.046999,29.247,28.597,26.1455,21.0,23.0,23.0,25.0,29.0,32.0,42.0,3,winter,27.86,28.81,29.147,23.0
1,2024-03-13 15:00:00+00:00,27.947,27.497,27.296999,27.397,27.847,27.247,24.095499,27.0,27.0,32.0,31.0,33.0,36.0,50.0,3,winter,33.71,27.05,27.447,32.0
1,2024-03-13 16:00:00+00:00,24.947,24.497,23.997,24.897,25.796999,25.197,21.7455,37.0,35.0,39.0,39.0,36.0,40.0,55.0,3,winter,40.14,24.44,24.497,43.0
1,2024-03-13 17:00:00+00:00,22.296999,21.847,20.947,21.897,23.296999,22.697,19.2955,48.0,46.0,50.0,49.0,39.0,44.0,58.0,3,winter,47.71,21.75,21.947,51.0
1,2024-03-13 18:00:00+00:00,21.697,20.597,19.747,20.097,21.247,20.647,17.8955,57.0,53.0,59.0,60.0,43.0,48.0,58.0,3,winter,54.0,20.28,20.747,56.0
1,2024-03-13 19:00:00+00:00,20.697,19.697,18.847,19.197,19.897,19.447,17.2955,63.0,62.0,65.0,63.0,50.0,52.0,60.0,3,winter,59.29,19.3,19.997,61.0
1,2024-03-13 20:00:00+00:00,19.747,19.097,18.447,18.997,18.947,18.647,17.4455,68.0,64.0,66.0,64.0,58.0,57.0,62.0,3,winter,62.71,18.76,19.046999,66.0
1,2024-03-13 21:00:00+00:00,19.247,18.897,17.897,18.847,18.247,18.046999,17.4955,69.0,62.0,67.0,65.0,64.0,61.0,64.0,3,winter,64.57,18.38,18.497,70.0
1,2024-03-13 22:00:00+00:00,19.147,18.447,17.546999,18.647,17.947,17.546999,17.2455,70.0,65.0,68.0,66.0,66.0,64.0,67.0,3,winter,66.57,18.08,17.847,73.0
1,2024-03-13 23:00:00+00:00,18.847,18.296999,17.296999,18.546999,17.947,17.247,16.9455,71.0,70.0,68.0,66.0,67.0,67.0,70.0,3,winter,68.43,17.88,17.447,76.0
1,2024-03-14 00:00:00+00:00,17.796999,18.147,17.997,17.597,18.347,17.296999,18.3955,78.0,71.0,70.0,72.0,69.0,72.0,69.0,3,winter,71.57,17.94,17.796999,72.0
1,2024-03-14 01:00:00+00:00,17.447,17.697,17.897,16.947,17.747,16.546999,18.2455,80.0,74.0,72.0,76.0,72.0,75.0,69.0,3,winter,74.0,17.5,17.597,74.0
1,2024-03-14 02:00:00+00:00,17.097,17.296999,17.546999,16.296999,17.097,15.847,17.845499,82.0,77.0,75.0,79.0,75.0,78.0,69.0,3,winter,76.43,17.0,17.397,76.0
1,2024-03-14 03:00:00+00:00,16.796999,16.947,17.296999,16.397,17.097,15.896999,17.9455,84.0,80.0,78.0,80.0,75.0,78.0,67.0,3,winter,77.43,16.91,17.197,77.0
1,2024-03-14 04:00:00+00:00,16.597,16.647,16.897,17.697,18.247,17.247,19.0455,85.0,83.0,81.0,78.0,72.0,75.0,64.0,3,winter,76.86,17.48,16.796999,80.0
1,2024-03-14 05:00:00+00:00,18.497,18.497,18.597,19.747,20.097,19.347,20.6455,84.0,82.0,81.0,75.0,67.0,71.0,59.0,3,winter,74.14,19.35,18.497,81.0
1,2024-03-14 06:00:00+00:00,21.947,22.197,22.447,21.747,22.147,21.597,22.2955,70.0,70.0,67.0,69.0,61.0,64.0,57.0,3,winter,65.43,22.05,22.046999,65.0
1,2024-03-14 07:00:00+00:00,24.546999,24.697,24.897,24.097,24.397,23.947,24.6955,59.0,61.0,58.0,61.0,53.0,54.0,49.0,3,winter,56.43,24.47,24.546999,56.0
1,2024-03-14 08:00:00+00:00,26.697,26.697,27.046999,26.546999,26.847,26.397,27.1455,53.0,53.0,51.0,51.0,43.0,42.0,40.0,3,winter,47.57,26.77,26.546999,50.0
1,2024-03-14 09:00:00+00:00,28.247,28.296999,28.897,28.546999,28.747,28.347,29.0455,48.0,46.0,44.0,43.0,35.0,32.0,33.0,3,winter,40.14,28.59,28.147,44.0
1,2024-03-14 10:00:00+00:00,29.397,29.497,30.147,29.796999,29.897,29.597,30.2955,43.0,41.0,38.0,37.0,31.0,27.0,27.0,3,winter,34.86,29.8,29.147,39.0
1,2024-03-14 11:00:00+00:00,29.847,30.397,30.947,30.546999,30.497,30.296999,31.0455,40.0,36.0,35.0,33.0,29.0,24.0,23.0,3,winter,31.43,30.51,29.697,37.0
1,2024-03-14 12:00:00+00:00,29.997,30.647,31.046999,30.897,30.997,31.197,30.8955,36.0,32.0,31.0,30.0,26.0,21.0,26.0,3,winter,28.86,30.81,30.046999,33.0
1,2024-03-14 13:00:00+00:00,29.997,29.997,30.796999,30.597,30.546999,30.947,29.8955,34.0,30.0,29.0,30.0,27.0,22.0,31.0,3,winter,29.0,30.4,29.347,34.0
1,2024-03-14 14:00:00+00:00,29.247,29.296999,30.097,29.796999,29.497,30.147,28.095499,34.0,34.0,30.0,32.0,30.0,25.0,40.0,3,winter,32.14,29.45,28.897,37.0
1,2024-03-14 15:00:00+00:00,26.997,25.497,28.447,28.497,28.097,28.847,26.1955,47.0,56.0,40.0,36.0,34.0,30.0,48.0,3,winter,41.57,27.51,27.647,41.0
1,2024-03-14 16:00:00+00:00,23.447,23.046999,25.847,26.296999,26.046999,26.546999,24.095499,66.0,66.0,50.0,44.0,41.0,38.0,54.0,3,winter,51.29,25.05,25.247,49.0
1,2024-03-14 17:00:00+00:00,21.747,21.447,23.647,23.597,23.597,23.647,21.8955,77.0,77.0,57.0,54.0,49.0,48.0,60.0,3,winter,60.29,22.8,23.347,54.0
1,2024-03-14 18:00:00+00:00,20.897,21.197,22.747,21.847,21.747,21.546999,21.1955,81.0,82.0,66.0,60.0,55.0,56.0,60.0,3,winter,65.71,21.6,22.296999,58.0
1,2024-03-14 19:00:00+00:00,20.697,20.546999,21.647,20.897,21.097,20.847,19.6455,83.0,84.0,72.0,63.0,59.0,58.0,62.0,3,winter,68.71,20.77,21.796999,63.0
1,2024-03-14 20:00:00+00:00,20.447,20.097,21.247,20.497,21.046999,20.897,18.2455,84.0,86.0,71.0,65.0,61.0,58.0,63.0,3,winter,69.71,20.35,21.197,65.0
1,2024-03-14 21:00:00+00:00,19.997,19.546999,20.147,20.147,20.947,20.897,17.4955,83.0,87.0,71.0,66.0,62.0,58.0,64.0,3,winter,70.14,19.88,20.747,57.0
1,2024-03-14 22:00:00+00:00,18.997,18.747,19.397,19.697,20.647,20.546999,17.9455,86.0,89.0,71.0,69.0,62.0,61.0,64.0,3,winter,71.71,19.43,19.796999,53.0
1,2024-03-14 23:00:00+00:00,17.897,18.147,19.046999,19.296999,20.347,20.097,18.9955,88.0,87.0,72.0,71.0,62.0,65.0,65.0,3,winter,72.86,19.12,18.997,57.0
1,2024-03-15 00:00:00+00:00,17.147,18.046999,18.197,18.847,19.497,19.097,17.845499,89.0,81.0,82.0,75.0,71.0,54.0,71.0,3,winter,74.71,18.38,18.447,64.0
1,2024-03-15 01:00:00+00:00,16.597,17.597,17.847,18.247,18.796999,18.197,17.845499,84.0,82.0,82.0,78.0,74.0,60.0,72.0,3,winter,76.0,17.88,17.647,67.0
1,2024-03-15 02:00:00+00:00,16.197,17.296999,17.597,17.597,17.997,17.347,17.8955,83.0,83.0,84.0,82.0,78.0,68.0,71.0,3,winter,78.43,17.42,16.847,71.0
1,2024-03-15 03:00:00+00:00,15.847,16.847,17.197,17.597,17.897,17.247,18.4455,84.0,82.0,85.0,83.0,79.0,72.0,69.0,3,winter,79.14,17.3,16.147,74.0
1,2024-03-15 04:00:00+00:00,15.597,16.447,16.747,18.597,18.897,18.447,19.6955,84.0,81.0,85.0,80.0,77.0,71.0,65.0,3,winter,77.57,17.78,15.646999,77.0
1,2024-03-15 05:00:00+00:00,17.447,17.997,18.497,20.247,20.597,20.447,21.4455,81.0,80.0,82.0,74.0,74.0,67.0,59.0,3,winter,73.86,19.53,17.397,78.0
1,2024-03-15 06:00:00+00:00,21.097,21.597,21.897,22.046999,22.546999,22.546999,23.3955,67.0,65.0,65.0,66.0,68.0,61.0,51.0,3,winter,63.29,22.16,21.397,66.0
1,2024-03-15 07:00:00+00:00,24.097,24.147,24.647,24.447,24.747,24.796999,25.595499,54.0,55.0,55.0,57.0,59.0,54.0,43.0,3,winter,53.86,24.64,23.947,56.0
1,2024-03-15 08:00:00+00:00,26.247,26.347,27.147,27.097,27.197,27.147,27.9455,47.0,46.0,45.0,46.0,48.0,46.0,35.0,3,winter,44.71,27.02,25.847,49.0
1,2024-03-15 09:00:00+00:00,27.796999,28.147,28.997,29.197,29.147,28.997,29.7955,42.0,38.0,37.0,37.0,39.0,39.0,29.0,3,winter,37.29,28.87,27.197,43.0
1,2024-03-15 10:00:00+00:00,28.796999,29.397,30.247,30.497,30.397,30.197,30.9455,39.0,32.0,32.0,31.0,33.0,34.0,26.0,3,winter,32.43,30.07,28.247,40.0
1,2024-03-15 11:00:00+00:00,29.647,30.097,30.897,31.247,31.097,30.897,31.595499,34.0,29.0,28.0,28.0,30.0,29.0,25.0,3,winter,29.0,30.78,29.097,37.0
1,2024-03-15 12:00:00+00:00,29.897,30.347,30.847,31.397,31.296999,30.997,31.9955,33.0,26.0,30.0,24.0,24.0,28.0,24.0,3,winter,27.0,30.97,29.097,37.0
1,2024-03-15 13:00:00+00:00,29.647,29.897,30.397,30.997,30.997,30.697,30.6955,33.0,29.0,30.0,26.0,25.0,28.0,29.0,3,winter,28.57,30.48,28.897,36.0
1,2024-03-15 14:00:00+00:00,28.796999,29.097,29.597,29.997,30.097,29.947,28.4955,34.0,33.0,33.0,30.0,29.0,31.0,37.0,3,winter,32.43,29.43,28.197,33.0
1,2024-03-15 15:00:00+00:00,27.546999,27.897,28.247,28.647,28.747,28.697,26.4955,35.0,36.0,38.0,35.0,35.0,34.0,44.0,3,winter,36.71,28.04,26.847,36.0
1,2024-03-15 16:00:00+00:00,25.097,24.947,25.497,26.697,26.497,26.697,24.8955,40.0,45.0,45.0,40.0,43.0,39.0,47.0,3,winter,42.71,25.76,24.347,42.0
1,2024-03-15 17:00:00+00:00,23.097,22.897,23.647,24.347,23.697,24.247,23.4455,43.0,53.0,51.0,46.0,52.0,44.0,49.0,3,winter,48.29,23.63,22.397,47.0
1,2024-03-15 18:00:00+00:00,21.647,21.296999,22.347,22.796999,21.597,22.397,20.3955,48.0,57.0,53.0,48.0,59.0,49.0,48.0,3,winter,51.71,21.78,21.647,47.0
1,2024-03-15 19:00:00+00:00,20.997,20.847,21.546999,22.046999,20.796999,21.697,19.7955,51.0,53.0,53.0,51.0,60.0,52.0,53.0,3,winter,53.29,21.1,20.897,50.0
1,2024-03-15 20:00:00+00:00,20.597,20.847,20.697,21.796999,20.697,21.597,19.6955,51.0,51.0,56.0,53.0,59.0,53.0,59.0,3,winter,54.57,20.85,20.497,51.0
1,2024-03-15 21:00:00+00:00,20.147,20.397,20.296999,21.497,20.546999,21.347,19.4955,53.0,54.0,57.0,56.0,58.0,54.0,64.0,3,winter,56.57,20.53,19.997,53.0
1,2024-03-15 22:00:00+00:00,19.497,19.497,19.847,20.847,20.197,20.647,18.8955,57.0,60.0,59.0,59.0,60.0,55.0,68.0,3,winter,59.71,19.92,19.296999,58.0
1,2024-03-15 23:00:00+00:00,18.997,19.046999,19.447,20.147,19.897,19.847,18.1955,61.0,63.0,61.0,63.0,63.0,55.0,71.0,3,winter,62.43,19.37,19.046999,61.0
1,2024-03-16 00:00:00+00:00,18.147,18.647,18.546999,19.147,19.046999,19.647,17.595499,65.0,66.0,62.0,67.0,70.0,66.0,73.0,3,winter,67.0,18.68,18.296999,62.0
1,2024-03-16 01:00:00+00:00,17.296999,18.247,17.697,18.296999,18.247,18.847,16.9455,69.0,68.0,65.0,70.0,74.0,68.0,74.0,3,winter,69.71,17.94,17.747,64.0
1,2024-03-16 02:00:00+00:00,16.597,17.497,16.796999,17.497,17.497,17.997,16.3955,73.0,71.0,68.0,72.0,77.0,70.0,73.0,3,winter,72.0,17.18,17.197,64.0
1,2024-03-16 03:00:00+00:00,16.047,16.847,16.147,17.397,17.447,17.847,16.6955,76.0,73.0,70.0,72.0,78.0,70.0,71.0,3,winter,72.86,16.92,16.247,66.0
1,2024-03-16 04:00:00+00:00,15.497,16.197,15.646999,18.347,18.546999,18.747,18.2955,78.0,76.0,73.0,70.0,76.0,69.0,66.0,3,winter,72.57,17.33,15.547,71.0
1,2024-03-16 05:00:00+00:00,17.397,17.796999,17.247,19.997,20.347,20.397,20.6455,77.0,77.0,75.0,67.0,71.0,66.0,59.0,3,winter,70.29,19.12,17.347,73.0
1,2024-03-16 06:00:00+00:00,21.247,21.447,20.847,21.847,22.397,22.296999,23.095499,61.0,59.0,62.0,60.0,64.0,61.0,52.0,3,winter,59.86,21.88,21.197,62.0
1,2024-03-16 07:00:00+00:00,24.046999,24.397,23.597,24.197,24.747,24.647,25.595499,49.0,45.0,53.0,51.0,54.0,52.0,43.0,3,winter,49.57,24.46,23.747,51.0
1,2024-03-16 08:00:00+00:00,26.447,26.897,26.197,26.796999,27.347,27.247,28.1955,43.0,38.0,47.0,41.0,42.0,41.0,33.0,3,winter,40.71,27.02,25.647,45.0
1,2024-03-16 09:00:00+00:00,28.497,28.997,28.347,28.947,29.447,29.347,30.1955,36.0,31.0,40.0,32.0,32.0,32.0,26.0,3,winter,32.71,29.11,27.447,37.0
1,2024-03-16 10:00:00+00:00,30.097,30.447,29.796999,30.247,30.747,30.647,31.3955,32.0,25.0,33.0,27.0,26.0,28.0,22.0,3,winter,27.57,30.48,28.647,34.0
1,2024-03-16 11:00:00+00:00,30.897,31.197,30.597,31.046999,31.546999,31.447,31.9455,29.0,21.0,28.0,24.0,23.0,26.0,19.0,3,winter,24.29,31.24,29.397,32.0
1,2024-03-16 12:00:00+00:00,30.747,31.347,31.046999,31.497,31.697,31.597,32.195503,27.0,18.0,25.0,23.0,22.0,24.0,22.0,3,winter,23.0,31.45,29.647,30.0
1,2024-03-16 13:00:00+00:00,30.747,30.947,31.046999,31.597,31.597,31.447,31.4455,25.0,19.0,22.0,22.0,22.0,25.0,24.0,3,winter,22.71,31.26,29.697,30.0
1,2024-03-16 14:00:00+00:00,30.197,30.147,30.347,31.197,30.997,30.796999,29.9955,21.0,20.0,20.0,21.0,25.0,27.0,27.0,3,winter,23.0,30.53,29.197,30.0
1,2024-03-16 15:00:00+00:00,28.147,28.397,28.497,30.097,29.647,29.597,28.2955,27.0,25.0,27.0,24.0,28.0,31.0,31.0,3,winter,27.57,28.95,27.697,37.0
1,2024-03-16 16:00:00+00:00,24.147,25.147,25.197,27.647,26.997,27.397,26.2455,35.0,32.0,37.0,31.0,32.0,35.0,35.0,3,winter,33.86,26.11,24.296999,45.0
1,2024-03-16 17:00:00+00:00,21.097,22.147,22.847,24.447,23.597,24.647,23.9455,42.0,40.0,43.0,41.0,38.0,41.0,40.0,3,winter,40.71,23.25,21.997,47.0
1,2024-03-16 18:00:00+00:00,20.647,20.447,20.847,21.147,20.897,22.497,22.4955,48.0,49.0,50.0,52.0,43.0,46.0,52.0,3,winter,48.57,21.28,19.947,58.0
1,2024-03-16 19:00:00+00:00,19.546999,19.247,20.046999,20.197,19.647,21.597,20.9455,58.0,57.0,56.0,54.0,49.0,51.0,55.0,3,winter,54.29,20.18,18.796999,66.0
1,2024-03-16 20:00:00+00:00,18.796999,19.097,19.796999,19.947,19.097,21.296999,19.5455,65.0,58.0,57.0,53.0,55.0,55.0,57.0,3,winter,57.14,19.65,18.046999,73.0
1,2024-03-16 21:00:00+00:00,18.447,18.597,19.046999,19.697,18.697,20.997,18.7955,66.0,58.0,58.0,54.0,60.0,59.0,58.0,3,winter,59.0,19.18,17.897,75.0
1,2024-03-16 22:00:00+00:00,18.197,18.097,18.397,19.097,18.247,20.497,19.2455,64.0,60.0,61.0,57.0,63.0,62.0,56.0,3,winter,60.43,18.83,17.046999,77.0
1,2024-03-16 23:00:00+00:00,17.897,17.397,17.697,18.397,17.897,19.997,20.2955,63.0,63.0,65.0,61.0,66.0,64.0,53.0,3,winter,62.14,18.51,16.147,79.0
1,2024-03-17 00:00:00+00:00,17.097,16.197,15.797,17.597,17.546999,18.897,17.4955,66.0,68.0,69.0,65.0,66.0,69.0,64.0,3,winter,66.71,17.23,15.047,80.0
1,2024-03-17 01:00:00+00:00,16.497,15.497,15.047,16.546999,16.947,17.997,17.0455,71.0,73.0,73.0,71.0,69.0,73.0,66.0,3,winter,70.86,16.51,14.497,81.0
1,2024-03-17 02:00:00+00:00,15.747,14.797,14.347,15.447,16.296999,16.997,16.9455,77.0,78.0,77.0,78.0,74.0,78.0,65.0,3,winter,75.29,15.8,13.896999,84.0
1,2024-03-17 03:00:00+00:00,14.697,14.247,14.047,15.297,16.347,16.847,17.595499,84.0,81.0,79.0,81.0,76.0,79.0,62.0,3,winter,77.43,15.58,13.547,87.0
1,2024-03-17 04:00:00+00:00,13.947,13.947,13.896999,16.647,17.497,18.097,19.2455,89.0,84.0,81.0,80.0,76.0,77.0,58.0,3,winter,77.86,16.18,13.297,90.0
1,2024-03-17 05:00:00+00:00,16.247,16.397,16.296999,18.897,19.397,20.247,21.5455,87.0,81.0,80.0,75.0,73.0,71.0,51.0,3,winter,74.0,18.43,15.747,88.0
1,2024-03-17 06:00:00+00:00,20.796999,21.097,20.747,20.897,21.597,22.546999,23.1955,71.0,68.0,68.0,67.0,68.0,64.0,47.0,3,winter,64.71,21.55,20.247,73.0
1,2024-03-17 07:00:00+00:00,23.796999,24.197,23.897,23.497,24.247,25.046999,25.6455,62.0,58.0,58.0,60.0,58.0,53.0,38.0,3,winter,55.29,24.33,23.296999,64.0
1,2024-03-17 08:00:00+00:00,26.347,26.796999,26.397,26.147,27.197,27.697,28.0455,55.0,51.0,52.0,52.0,46.0,39.0,29.0,3,winter,46.29,26.95,25.647,58.0
1,2024-03-17 09:00:00+00:00,28.347,29.046999,28.597,28.347,29.497,29.847,29.8955,46.0,40.0,43.0,44.0,36.0,29.0,22.0,3,winter,37.14,29.08,27.497,50.0
1,2024-03-17 10:00:00+00:00,29.747,30.447,30.147,29.847,30.847,31.147,31.1455,35.0,29.0,33.0,36.0,29.0,24.0,18.0,3,winter,29.14,30.48,28.747,43.0
1,2024-03-17 11:00:00+00:00,30.296999,31.097,31.097,30.796999,31.597,31.947,31.8955,30.0,25.0,27.0,29.0,25.0,21.0,17.0,3,winter,24.86,31.25,29.497,38.0
1,2024-03-17 12:00:00+00:00,30.497,30.997,31.447,30.997,31.947,32.097,31.8955,26.0,26.0,23.0,29.0,24.0,21.0,19.0,3,winter,24.0,31.41,29.796999,31.0
1,2024-03-17 13:00:00+00:00,30.447,30.897,31.397,30.997,31.897,31.897,30.7955,26.0,25.0,22.0,26.0,24.0,22.0,24.0,3,winter,24.14,31.19,29.796999,30.0
1,2024-03-17 14:00:00+00:00,30.046999,30.497,30.997,30.546999,31.347,31.147,28.9955,27.0,27.0,24.0,25.0,25.0,25.0,32.0,3,winter,26.43,30.51,29.397,32.0
1,2024-03-17 15:00:00+00:00,28.847,29.747,30.046999,29.247,30.046999,29.847,27.095499,31.0,28.0,25.0,26.0,27.0,29.0,38.0,3,winter,29.14,29.27,28.447,33.0
1,2024-03-17 16:00:00+00:00,24.897,27.546999,26.997,26.447,27.347,27.497,25.095499,51.0,38.0,42.0,33.0,31.0,32.0,42.0,3,winter,38.43,26.55,25.997,42.0
1,2024-03-17 17:00:00+00:00,22.497,22.747,23.247,22.796999,23.947,24.597,22.9955,69.0,45.0,46.0,43.0,36.0,36.0,44.0,3,winter,45.57,23.26,21.247,59.0
1,2024-03-17 18:00:00+00:00,20.897,21.847,21.197,20.796999,21.347,22.197,20.8955,72.0,59.0,49.0,43.0,41.0,40.0,54.0,3,winter,51.14,21.31,20.296999,64.0
1,2024-03-17 19:00:00+00:00,19.147,21.347,19.897,19.597,20.447,20.897,20.345499,79.0,59.0,58.0,49.0,47.0,46.0,54.0,3,winter,56.0,20.24,20.247,66.0
1,2024-03-17 20:00:00+00:00,18.546999,19.097,18.647,19.197,20.397,20.097,20.4455,76.0,65.0,56.0,54.0,53.0,53.0,52.0,3,winter,58.43,19.49,19.947,63.0
1,2024-03-17 21:00:00+00:00,18.897,18.147,17.997,18.796999,20.347,19.597,20.1955,64.0,62.0,57.0,59.0,58.0,59.0,52.0,3,winter,58.71,19.14,17.997,73.0
1,2024-03-17 22:00:00+00:00,17.897,17.197,17.447,18.197,19.947,19.347,18.9955,71.0,65.0,65.0,64.0,62.0,63.0,58.0,3,winter,64.0,18.43,16.997,75.0
1,2024-03-17 23:00:00+00:00,16.647,16.747,17.147,17.647,19.546999,19.296999,17.4955,81.0,72.0,74.0,68.0,66.0,66.0,66.0,3,winter,70.43,17.79,15.997,74.0
1,2024-03-18 00:00:00+00:00,15.597,17.147,16.097,17.247,18.447,19.347,18.1955,87.0,78.0,83.0,77.0,68.0,68.0,66.0,3,winter,75.29,17.44,15.097,78.0
1,2024-03-18 01:00:00+00:00,15.247,16.947,16.097,16.697,17.546999,18.597,17.345499,88.0,80.0,85.0,80.0,72.0,72.0,70.0,3,winter,78.14,16.93,14.896999,81.0
1,2024-03-18 02:00:00+00:00,14.997,16.597,15.947,16.097,16.747,17.747,16.0455,89.0,83.0,86.0,82.0,76.0,76.0,75.0,3,winter,81.0,16.31,14.597,85.0
1,2024-03-18 03:00:00+00:00,14.847,16.296999,15.747,16.247,16.697,17.647,15.8955,89.0,84.0,87.0,82.0,77.0,78.0,75.0,3,winter,81.71,16.2,14.497,85.0
1,2024-03-18 04:00:00+00:00,14.797,16.147,15.597,17.447,17.897,18.697,17.7455,90.0,86.0,87.0,80.0,75.0,76.0,68.0,3,winter,80.29,16.9,14.547,87.0
1,2024-03-18 05:00:00+00:00,17.247,18.296999,18.046999,19.397,19.847,20.497,20.6955,87.0,83.0,82.0,77.0,71.0,72.0,57.0,3,winter,75.57,19.15,17.197,85.0
1,2024-03-18 06:00:00+00:00,21.597,22.046999,22.097,21.897,22.046999,22.546999,23.1955,75.0,68.0,70.0,69.0,65.0,65.0,50.0,3,winter,66.0,22.2,21.796999,71.0
1,2024-03-18 07:00:00+00:00,24.097,24.697,24.897,24.447,24.597,24.997,25.6455,64.0,60.0,59.0,60.0,57.0,54.0,42.0,3,winter,56.57,24.77,24.796999,58.0
1,2024-03-18 08:00:00+00:00,26.347,27.097,27.397,27.147,27.347,27.647,27.9955,56.0,52.0,51.0,49.0,47.0,41.0,34.0,3,winter,47.14,27.28,26.997,51.0
1,2024-03-18 09:00:00+00:00,28.046999,28.897,29.247,29.347,29.546999,29.796999,29.7955,51.0,45.0,45.0,40.0,38.0,31.0,28.0,3,winter,39.71,29.24,28.647,44.0
1,2024-03-18 10:00:00+00:00,29.397,30.147,30.546999,30.796999,30.947,31.097,30.8955,44.0,40.0,37.0,32.0,32.0,26.0,24.0,3,winter,33.57,30.55,29.647,40.0
1,2024-03-18 11:00:00+00:00,29.997,30.947,31.497,31.697,31.747,31.796999,31.4455,38.0,34.0,29.0,25.0,28.0,24.0,23.0,3,winter,28.71,31.3,30.397,37.0
1,2024-03-18 12:00:00+00:00,30.097,30.947,31.796999,32.447002,32.047,32.297,31.2955,38.0,32.0,22.0,20.0,20.0,22.0,23.0,3,winter,25.29,31.56,30.497,35.0
1,2024-03-18 13:00:00+00:00,30.247,30.847,31.597,32.347,31.997,32.197002,30.2955,36.0,31.0,22.0,19.0,19.0,21.0,28.0,3,winter,25.14,31.36,30.296999,34.0
1,2024-03-18 14:00:00+00:00,29.847,30.447,30.947,31.697,31.497,31.597,28.595499,34.0,32.0,24.0,21.0,21.0,23.0,35.0,3,winter,27.14,30.66,30.046999,33.0
1,2024-03-18 15:00:00+00:00,28.497,29.447,29.697,30.347,30.247,30.347,26.7955,41.0,34.0,30.0,26.0,25.0,26.0,40.0,3,winter,31.71,29.34,28.796999,39.0
1,2024-03-18 16:00:00+00:00,25.796999,26.296999,25.947,27.847,27.697,27.947,24.9455,49.0,47.0,42.0,34.0,30.0,33.0,42.0,3,winter,39.57,26.64,25.897,49.0
1,2024-03-18 17:00:00+00:00,24.046999,23.347,22.897,24.697,24.397,24.847,22.9455,52.0,53.0,47.0,44.0,37.0,43.0,42.0,3,winter,45.43,23.88,24.197,52.0
1,2024-03-18 18:00:00+00:00,22.847,22.046999,22.397,22.546999,21.697,22.497,22.4955,64.0,54.0,55.0,49.0,44.0,51.0,39.0,3,winter,50.86,22.36,22.447,56.0
1,2024-03-18 19:00:00+00:00,21.497,21.247,21.546999,21.197,20.247,21.546999,20.7455,66.0,60.0,63.0,54.0,50.0,54.0,44.0,3,winter,55.86,21.15,21.197,63.0
1,2024-03-18 20:00:00+00:00,20.247,20.697,21.147,20.397,19.397,21.296999,18.9955,71.0,64.0,63.0,59.0,56.0,56.0,51.0,3,winter,60.0,20.31,19.796999,70.0
1,2024-03-18 21:00:00+00:00,19.447,19.847,19.497,19.847,18.747,21.097,17.595499,73.0,67.0,67.0,63.0,62.0,57.0,57.0,3,winter,63.71,19.44,18.847,74.0
1,2024-03-18 22:00:00+00:00,19.046999,19.397,18.747,19.597,18.197,20.796999,16.7955,76.0,68.0,70.0,66.0,68.0,59.0,61.0,3,winter,66.86,18.94,18.597,73.0
1,2024-03-18 23:00:00+00:00,18.447,18.847,18.347,19.546999,17.796999,20.546999,16.3955,81.0,72.0,72.0,68.0,73.0,62.0,64.0,3,winter,70.29,18.56,18.347,75.0
1,2024-03-19 00:00:00+00:00,17.347,15.847,16.647,19.097,17.947,19.647,18.7955,86.0,91.0,81.0,67.0,75.0,67.0,65.0,3,winter,76.0,17.9,18.147,77.0
1,2024-03-19 01:00:00+00:00,16.947,15.447,16.097,18.197,17.397,18.747,18.2955,89.0,89.0,85.0,71.0,79.0,71.0,68.0,3,winter,78.86,17.3,17.597,82.0
1,2024-03-19 02:00:00+00:00,16.647,15.347,15.847,16.997,16.897,17.747,17.595499,91.0,88.0,88.0,76.0,82.0,75.0,71.0,3,winter,81.57,16.73,17.147,85.0
1,2024-03-19 03:00:00+00:00,16.497,15.247,15.597,16.747,17.147,17.546999,17.6455,91.0,90.0,90.0,79.0,83.0,77.0,71.0,3,winter,83.0,16.63,16.897,88.0
1,2024-03-19 04:00:00+00:00,16.447,15.146999,15.347,18.046999,18.546999,18.697,18.9955,91.0,93.0,91.0,78.0,80.0,75.0,67.0,3,winter,82.14,17.32,16.597,89.0
1,2024-03-19 05:00:00+00:00,18.847,17.697,17.997,20.296999,20.747,20.697,21.1455,85.0,89.0,86.0,73.0,74.0,69.0,60.0,3,winter,76.57,19.63,18.546999,86.0
1,2024-03-19 06:00:00+00:00,22.347,22.197,22.097,22.597,22.997,22.847,23.3955,71.0,73.0,71.0,66.0,67.0,63.0,52.0,3,winter,66.14,22.64,22.897,67.0
1,2024-03-19 07:00:00+00:00,24.796999,24.647,25.046999,24.947,25.397,25.247,25.845499,60.0,62.0,61.0,59.0,58.0,55.0,44.0,3,winter,57.0,25.13,25.546999,57.0
1,2024-03-19 08:00:00+00:00,26.947,26.697,27.197,27.397,27.947,27.847,28.3955,53.0,54.0,53.0,51.0,47.0,46.0,36.0,3,winter,48.57,27.49,27.296999,50.0
1,2024-03-19 09:00:00+00:00,28.796999,28.296999,28.747,29.296999,29.897,29.897,30.3955,47.0,48.0,47.0,44.0,39.0,38.0,29.0,3,winter,41.71,29.33,28.997,43.0
1,2024-03-19 10:00:00+00:00,30.296999,29.497,29.647,30.497,31.046999,31.197,31.595499,40.0,41.0,41.0,39.0,34.0,33.0,25.0,3,winter,36.14,30.54,30.296999,36.0
1,2024-03-19 11:00:00+00:00,31.147,30.447,30.546999,31.247,31.647,31.947,32.245502,35.0,37.0,38.0,35.0,31.0,29.0,23.0,3,winter,32.57,31.32,30.997,33.0
1,2024-03-19 12:00:00+00:00,30.997,30.397,30.597,31.497,31.447,31.796999,32.195503,34.0,37.0,36.0,33.0,31.0,28.0,23.0,3,winter,31.71,31.28,31.447,31.0
1,2024-03-19 13:00:00+00:00,30.847,30.397,30.747,31.347,31.296999,31.747,31.2955,35.0,38.0,37.0,32.0,31.0,28.0,26.0,3,winter,32.43,31.1,30.847,31.0
1,2024-03-19 14:00:00+00:00,29.347,29.497,30.296999,30.697,30.796999,31.247,29.7455,38.0,39.0,37.0,33.0,33.0,29.0,32.0,3,winter,34.43,30.23,30.546999,30.0
1,2024-03-19 15:00:00+00:00,27.147,25.747,29.497,29.497,29.697,30.197,27.7955,48.0,55.0,39.0,35.0,36.0,32.0,38.0,3,winter,40.43,28.51,29.247,35.0
1,2024-03-19 16:00:00+00:00,22.796999,22.497,26.847,27.447,27.697,28.147,25.345499,72.0,74.0,52.0,40.0,41.0,36.0,43.0,3,winter,51.14,25.83,26.747,42.0
1,2024-03-19 17:00:00+00:00,21.897,21.197,23.546999,24.847,25.097,25.497,22.4955,77.0,82.0,66.0,48.0,46.0,41.0,47.0,3,winter,58.14,23.51,24.497,47.0
1,2024-03-19 18:00:00+00:00,21.697,21.497,21.647,22.347,22.897,23.197,22.1955,74.0,85.0,77.0,55.0,52.0,46.0,48.0,3,winter,62.43,22.21,22.747,54.0
1,2024-03-19 19:00:00+00:00,20.447,20.997,21.247,20.897,21.347,21.497,20.6455,79.0,86.0,79.0,60.0,57.0,51.0,53.0,3,winter,66.43,21.01,21.647,62.0
1,2024-03-19 20:00:00+00:00,20.046999,20.147,20.197,19.947,20.197,20.097,19.345499,82.0,88.0,86.0,65.0,62.0,56.0,59.0,3,winter,71.14,20.0,20.597,65.0
1,2024-03-19 21:00:00+00:00,19.697,19.447,19.546999,19.247,19.247,19.046999,18.4955,84.0,88.0,88.0,68.0,66.0,61.0,63.0,3,winter,74.0,19.25,19.497,70.0
1,2024-03-19 22:00:00+00:00,18.847,18.897,19.097,18.847,18.546999,18.447,18.4455,86.0,82.0,89.0,70.0,68.0,64.0,65.0,3,winter,74.86,18.73,19.647,70.0
1,2024-03-19 23:00:00+00:00,18.397,18.197,18.497,18.697,18.147,18.247,18.8955,84.0,80.0,85.0,72.0,69.0,67.0,65.0,3,winter,74.57,18.44,19.497,70.0
1,2024-03-20 00:00:00+00:00,18.847,17.397,17.747,18.347,17.997,18.147,19.9955,80.0,83.0,86.0,73.0,74.0,71.0,63.0,3,winter,75.71,18.35,18.597,73.0
1,2024-03-20 01:00:00+00:00,18.247,17.197,17.397,17.546999,17.247,17.546999,19.1455,82.0,82.0,86.0,76.0,80.0,75.0,68.0,3,winter,78.43,17.76,18.296999,74.0
1,2024-03-20 02:00:00+00:00,17.747,16.897,17.046999,16.847,16.546999,16.947,17.9455,84.0,83.0,87.0,78.0,88.0,78.0,75.0,3,winter,81.86,17.14,17.796999,77.0
1,2024-03-20 03:00:00+00:00,17.147,16.546999,16.747,16.997,16.697,17.097,17.595499,86.0,86.0,89.0,79.0,91.0,79.0,78.0,3,winter,84.0,16.98,17.247,80.0
1,2024-03-20 04:00:00+00:00,16.747,16.296999,16.546999,18.546999,18.296999,18.497,18.8955,89.0,89.0,90.0,76.0,86.0,76.0,73.0,3,winter,82.71,17.69,16.697,83.0
1,2024-03-20 05:00:00+00:00,18.897,18.697,18.997,20.897,20.747,20.647,21.095499,85.0,85.0,86.0,72.0,77.0,71.0,65.0,3,winter,77.29,20.0,18.947,81.0
1,2024-03-20 06:00:00+00:00,22.847,22.597,22.747,22.697,23.197,22.947,23.9955,67.0,71.0,71.0,71.0,67.0,64.0,54.0,3,winter,66.43,23.0,22.897,66.0
1,2024-03-20 07:00:00+00:00,25.447,24.947,25.097,24.997,25.497,25.447,26.4455,55.0,58.0,58.0,63.0,58.0,53.0,45.0,3,winter,55.71,25.41,25.847,54.0
1,2024-03-20 08:00:00+00:00,27.296999,26.697,26.847,27.247,27.747,28.147,28.9955,46.0,52.0,51.0,53.0,49.0,39.0,36.0,3,winter,46.57,27.57,27.847,46.0
1,2024-03-20 09:00:00+00:00,28.997,28.296999,28.447,29.046999,29.647,30.247,30.9955,39.0,46.0,45.0,45.0,41.0,29.0,29.0,3,winter,39.14,29.38,29.497,38.0
1,2024-03-20 10:00:00+00:00,30.347,29.397,29.597,30.296999,31.046999,31.546999,32.2955,32.0,42.0,40.0,38.0,35.0,24.0,24.0,3,winter,33.57,30.65,30.597,34.0
1,2024-03-20 11:00:00+00:00,31.046999,30.397,30.296999,31.147,32.047,32.297,33.0955,28.0,37.0,35.0,31.0,29.0,22.0,21.0,3,winter,29.0,31.48,31.447,27.0
1,2024-03-20 12:00:00+00:00,31.747,30.847,30.697,31.397,32.197002,32.397003,33.0955,23.0,30.0,32.0,28.0,27.0,22.0,20.0,3,winter,26.0,31.77,31.347,24.0
1,2024-03-20 13:00:00+00:00,31.397,30.647,30.497,31.197,31.997,32.197002,32.3455,26.0,28.0,30.0,27.0,25.0,21.0,22.0,3,winter,25.57,31.47,31.296999,24.0
1,2024-03-20 14:00:00+00:00,28.947,29.897,29.847,30.447,31.296999,31.546999,30.8955,35.0,29.0,30.0,28.0,26.0,23.0,27.0,3,winter,28.29,30.41,30.546999,27.0
1,2024-03-20 15:00:00+00:00,27.897,28.597,28.447,29.097,29.947,30.247,29.095499,39.0,34.0,35.0,32.0,28.0,26.0,32.0,3,winter,32.29,29.05,28.546999,34.0
1,2024-03-20 16:00:00+00:00,26.097,25.546999,25.197,26.796999,27.546999,27.847,26.595499,44.0,44.0,45.0,40.0,34.0,33.0,39.0,3,winter,39.86,26.52,26.197,39.0
1,2024-03-20 17:00:00+00:00,23.747,23.497,23.147,23.897,24.497,24.847,23.6955,52.0,51.0,53.0,50.0,43.0,43.0,46.0,3,winter,48.29,23.9,23.597,48.0
1,2024-03-20 18:00:00+00:00,22.647,21.796999,22.046999,22.046999,22.097,22.397,22.1955,56.0,60.0,57.0,59.0,50.0,51.0,49.0,3,winter,54.57,22.18,22.046999,54.0
1,2024-03-20 19:00:00+00:00,21.747,20.796999,21.046999,20.947,20.997,20.947,20.6455,52.0,66.0,61.0,61.0,55.0,55.0,54.0,3,winter,57.71,21.02,20.796999,61.0
1,2024-03-20 20:00:00+00:00,21.147,20.546999,20.147,20.347,20.546999,20.097,19.4955,52.0,62.0,59.0,61.0,58.0,57.0,58.0,3,winter,58.14,20.33,19.247,71.0
1,2024-03-20 21:00:00+00:00,20.747,20.597,19.647,19.897,20.147,19.597,18.595499,55.0,59.0,59.0,61.0,61.0,59.0,62.0,3,winter,59.43,19.89,18.447,75.0
1,2024-03-20 22:00:00+00:00,20.296999,20.097,19.897,19.697,19.697,19.597,17.8955,63.0,63.0,64.0,63.0,65.0,60.0,67.0,3,winter,63.57,19.6,17.397,77.0
1,2024-03-20 23:00:00+00:00,19.546999,19.796999,20.046999,19.647,19.296999,19.897,17.4955,70.0,64.0,63.0,65.0,68.0,61.0,71.0,3,winter,66.0,19.39,16.796999,76.0
1,2024-03-21 00:00:00+00:00,18.247,18.796999,19.597,19.647,19.546999,18.747,16.9955,74.0,69.0,68.0,64.0,63.0,70.0,80.0,3,spring,69.71,18.8,16.796999,75.0
1,2024-03-21 01:00:00+00:00,17.796999,17.796999,18.697,18.796999,18.647,18.046999,16.2455,79.0,74.0,73.0,68.0,67.0,73.0,84.0,3,spring,74.0,18.0,16.447,81.0
1,2024-03-21 02:00:00+00:00,17.046999,16.947,17.897,17.647,17.497,17.247,15.8955,86.0,79.0,78.0,72.0,72.0,77.0,87.0,3,spring,78.71,17.17,16.097,86.0
1,2024-03-21 03:00:00+00:00,16.597,16.347,17.296999,17.347,17.247,17.197,16.4455,89.0,83.0,82.0,75.0,74.0,78.0,85.0,3,spring,80.86,16.93,15.797,89.0
1,2024-03-21 04:00:00+00:00,16.347,15.896999,16.897,18.397,18.447,18.347,18.345499,89.0,87.0,85.0,74.0,72.0,76.0,77.0,3,spring,80.0,17.53,15.597,91.0
1,2024-03-21 05:00:00+00:00,18.796999,18.046999,19.046999,20.247,20.546999,20.296999,21.1955,83.0,85.0,83.0,71.0,67.0,72.0,66.0,3,spring,75.29,19.74,18.296999,85.0
1,2024-03-21 06:00:00+00:00,22.747,22.147,22.296999,22.347,22.747,22.447,23.595499,67.0,70.0,70.0,68.0,62.0,66.0,52.0,3,spring,65.0,22.62,22.147,69.0
1,2024-03-21 07:00:00+00:00,25.447,24.897,24.947,24.597,25.097,24.947,25.9955,54.0,58.0,59.0,60.0,56.0,58.0,44.0,3,spring,55.57,25.13,25.197,55.0
1,2024-03-21 08:00:00+00:00,27.397,27.097,27.147,26.997,27.597,27.697,28.345499,48.0,48.0,50.0,52.0,48.0,48.0,36.0,3,spring,47.14,27.47,27.147,47.0
1,2024-03-21 09:00:00+00:00,28.997,28.747,28.897,28.847,29.597,29.897,30.1955,42.0,43.0,44.0,44.0,42.0,40.0,30.0,3,spring,40.71,29.31,28.597,42.0
1,2024-03-21 10:00:00+00:00,30.247,30.097,30.097,29.997,30.796999,31.247,31.7455,38.0,38.0,38.0,39.0,37.0,35.0,25.0,3,spring,35.71,30.6,29.947,37.0
1,2024-03-21 11:00:00+00:00,30.897,30.947,31.046999,30.647,31.497,32.047,32.7955,35.0,35.0,33.0,34.0,32.0,31.0,22.0,3,spring,31.71,31.41,30.697,32.0
1,2024-03-21 12:00:00+00:00,30.847,31.546999,31.147,30.997,31.747,32.147,33.5955,32.0,29.0,28.0,30.0,30.0,28.0,23.0,3,spring,28.57,31.72,30.697,28.0
1,2024-03-21 13:00:00+00:00,30.597,31.397,31.046999,30.897,31.647,32.047,30.7455,33.0,27.0,26.0,28.0,28.0,27.0,32.0,3,spring,28.71,31.2,30.947,26.0
1,2024-03-21 14:00:00+00:00,29.947,30.897,30.397,30.296999,31.097,31.546999,26.2455,32.0,27.0,26.0,28.0,26.0,27.0,45.0,3,spring,30.14,30.06,30.546999,25.0
1,2024-03-21 15:00:00+00:00,28.847,29.947,29.197,29.046999,29.847,30.447,22.595499,36.0,27.0,29.0,31.0,28.0,29.0,57.0,3,spring,33.86,28.56,29.647,27.0
1,2024-03-21 16:00:00+00:00,26.447,26.296999,25.647,26.647,27.497,28.447,20.7455,42.0,37.0,40.0,38.0,35.0,34.0,65.0,3,spring,41.57,25.96,26.046999,39.0
1,2024-03-21 17:00:00+00:00,24.247,23.447,22.897,23.647,24.497,25.847,19.7455,50.0,40.0,46.0,48.0,45.0,40.0,71.0,3,spring,48.57,23.48,23.497,45.0
1,2024-03-21 18:00:00+00:00,22.296999,22.347,22.147,22.347,21.947,23.397,19.1955,63.0,48.0,56.0,57.0,54.0,46.0,78.0,3,spring,57.43,21.95,22.546999,49.0
1,2024-03-21 19:00:00+00:00,21.147,21.197,21.697,20.997,20.296999,21.296999,18.7455,70.0,56.0,61.0,62.0,60.0,51.0,82.0,3,spring,63.14,20.77,21.597,55.0
1,2024-03-21 20:00:00+00:00,20.397,20.296999,20.947,20.147,19.147,19.397,18.3955,73.0,64.0,67.0,67.0,65.0,55.0,85.0,3,spring,68.0,19.82,21.447,60.0
1,2024-03-21 21:00:00+00:00,19.897,18.947,19.796999,19.347,18.247,17.847,18.095499,74.0,72.0,71.0,70.0,68.0,60.0,88.0,3,spring,71.86,18.88,20.247,63.0
1,2024-03-21 22:00:00+00:00,19.497,18.097,18.597,18.546999,17.697,16.897,17.7955,74.0,74.0,73.0,72.0,70.0,66.0,90.0,3,spring,74.14,18.16,19.097,67.0
1,2024-03-21 23:00:00+00:00,19.097,17.497,17.647,17.847,17.447,16.296999,17.4455,76.0,75.0,72.0,74.0,70.0,72.0,91.0,3,spring,75.71,17.61,18.796999,66.0
1,2024-03-22 00:00:00+00:00,18.997,17.397,17.847,16.497,17.197,16.897,15.5955,78.0,76.0,84.0,87.0,71.0,84.0,94.0,3,spring,82.0,17.2,18.147,69.0
1,2024-03-22 01:00:00+00:00,18.347,16.247,17.247,15.697,16.147,16.097,15.6455,82.0,82.0,84.0,90.0,77.0,88.0,93.0,3,spring,85.14,16.49,17.597,73.0
1,2024-03-22 02:00:00+00:00,17.597,15.597,16.197,15.047,15.097,15.297,15.8955,85.0,87.0,85.0,92.0,85.0,90.0,92.0,3,spring,88.0,15.82,16.647,79.0
1,2024-03-22 03:00:00+00:00,16.947,15.697,15.347,15.197,15.097,15.497,16.6955,88.0,86.0,87.0,92.0,89.0,90.0,88.0,3,spring,88.57,15.78,15.997,84.0
1,2024-03-22 04:00:00+00:00,16.597,15.797,14.997,16.647,16.796999,17.197,18.1455,89.0,85.0,88.0,88.0,86.0,85.0,81.0,3,spring,86.0,16.6,15.747,86.0
1,2024-03-22 05:00:00+00:00,19.197,18.597,17.697,18.947,19.546999,19.897,20.1455,82.0,79.0,83.0,81.0,79.0,77.0,72.0,3,spring,79.0,19.15,18.296999,82.0
1,2024-03-22 06:00:00+00:00,22.247,22.796999,22.697,21.296999,22.296999,22.546999,22.4955,71.0,65.0,67.0,72.0,71.0,68.0,61.0,3,spring,67.86,22.34,22.497,66.0
1,2024-03-22 07:00:00+00:00,25.097,25.597,25.597,23.997,24.847,25.097,25.3955,59.0,55.0,56.0,64.0,63.0,59.0,50.0,3,spring,58.0,25.09,25.247,53.0
1,2024-03-22 08:00:00+00:00,27.397,28.046999,28.046999,26.796999,27.397,27.697,28.4455,50.0,47.0,48.0,55.0,54.0,50.0,39.0,3,spring,49.0,27.69,27.497,46.0
1,2024-03-22 09:00:00+00:00,29.197,29.796999,29.796999,28.947,29.397,29.697,30.4955,44.0,41.0,41.0,47.0,46.0,42.0,32.0,3,spring,41.86,29.62,29.247,39.0
1,2024-03-22 10:00:00+00:00,30.497,30.597,30.997,30.197,30.697,30.897,31.1455,39.0,38.0,35.0,41.0,39.0,37.0,29.0,3,spring,36.86,30.72,30.197,37.0
1,2024-03-22 11:00:00+00:00,31.046999,31.247,31.647,30.847,31.497,31.546999,30.7955,35.0,35.0,32.0,35.0,34.0,33.0,29.0,3,spring,33.29,31.23,31.046999,33.0
1,2024-03-22 12:00:00+00:00,31.697,31.597,31.796999,31.197,30.947,32.547,31.595499,32.0,34.0,29.0,31.0,32.0,26.0,29.0,3,spring,30.43,31.63,31.046999,30.0
1,2024-03-22 13:00:00+00:00,31.796999,31.497,31.597,31.197,30.947,32.447002,28.2455,30.0,33.0,29.0,29.0,30.0,25.0,44.0,3,spring,31.43,31.1,31.397,29.0
1,2024-03-22 14:00:00+00:00,31.447,30.897,30.997,30.796999,30.497,31.847,23.345499,31.0,34.0,31.0,28.0,30.0,25.0,65.0,3,spring,34.86,29.98,31.046999,28.0
1,2024-03-22 15:00:00+00:00,30.447,29.997,30.147,29.847,29.597,30.546999,19.595499,32.0,35.0,31.0,31.0,33.0,28.0,81.0,3,spring,38.71,28.6,29.947,29.0
1,2024-03-22 16:00:00+00:00,27.497,26.997,26.997,27.947,27.897,27.947,18.2955,40.0,43.0,45.0,39.0,41.0,34.0,87.0,3,spring,47.0,26.23,26.296999,37.0
1,2024-03-22 17:00:00+00:00,25.147,24.697,24.197,25.497,25.647,24.647,18.1455,49.0,52.0,62.0,50.0,52.0,42.0,89.0,3,spring,56.57,24.0,23.197,45.0
1,2024-03-22 18:00:00+00:00,22.147,22.897,24.097,23.347,23.647,21.847,18.2955,60.0,68.0,53.0,60.0,62.0,50.0,89.0,3,spring,63.14,22.33,21.847,52.0
1,2024-03-22 19:00:00+00:00,21.097,22.147,22.747,22.147,22.147,20.197,18.2955,63.0,75.0,67.0,65.0,69.0,55.0,89.0,3,spring,69.0,21.25,20.097,62.0
1,2024-03-22 20:00:00+00:00,19.296999,21.197,22.347,21.347,20.847,19.097,18.3955,69.0,80.0,72.0,69.0,74.0,60.0,89.0,3,spring,73.29,20.36,18.747,72.0
1,2024-03-22 21:00:00+00:00,19.147,20.497,21.847,20.397,19.796999,18.097,18.3955,72.0,83.0,73.0,73.0,78.0,65.0,89.0,3,spring,76.14,19.74,18.247,74.0
1,2024-03-22 22:00:00+00:00,18.847,20.197,20.497,19.097,18.997,16.997,18.345499,77.0,86.0,78.0,77.0,81.0,72.0,89.0,3,spring,80.0,19.0,16.947,79.0
1,2024-03-22 23:00:00+00:00,18.197,19.647,18.997,17.647,18.447,16.047,18.2455,82.0,88.0,83.0,82.0,82.0,79.0,89.0,3,spring,83.57,18.18,16.296999,81.0
1,2024-03-23 00:00:00+00:00,16.747,19.647,19.147,18.597,17.947,16.947,17.9955,81.0,83.0,83.0,93.0,89.0,71.0,91.0,3,spring,84.43,18.15,15.146999,85.0
1,2024-03-23 01:00:00+00:00,16.147,19.147,17.597,17.447,16.747,15.997,17.9455,84.0,89.0,87.0,95.0,91.0,77.0,91.0,3,spring,87.71,17.29,14.646999,87.0
1,2024-03-23 02:00:00+00:00,15.297,18.997,16.047,16.347,15.646999,15.047,17.7955,89.0,91.0,89.0,96.0,91.0,86.0,91.0,3,spring,90.43,16.45,13.997,90.0
1,2024-03-23 03:00:00+00:00,14.547,18.897,14.997,16.147,15.447,14.997,17.7955,94.0,92.0,89.0,93.0,90.0,90.0,91.0,3,spring,91.29,16.12,13.797,90.0
1,2024-03-23 04:00:00+00:00,14.047,18.546999,14.347,17.397,16.897,16.347,17.845499,97.0,94.0,88.0,86.0,85.0,87.0,91.0,3,spring,89.71,16.49,13.396999,93.0
1,2024-03-23 05:00:00+00:00,16.947,19.647,16.997,19.497,19.296999,18.597,18.0455,90.0,91.0,84.0,75.0,78.0,80.0,91.0,3,spring,84.14,18.43,16.296999,88.0
1,2024-03-23 06:00:00+00:00,21.247,21.497,21.997,21.796999,21.697,20.947,20.8955,71.0,73.0,69.0,63.0,71.0,73.0,76.0,3,spring,70.86,21.44,21.747,61.0
1,2024-03-23 07:00:00+00:00,23.796999,23.597,24.397,24.046999,23.947,23.347,23.3955,63.0,65.0,59.0,56.0,63.0,66.0,66.0,3,spring,62.57,23.79,24.197,56.0
1,2024-03-23 08:00:00+00:00,25.897,25.397,26.546999,26.296999,26.197,25.847,26.3955,58.0,56.0,53.0,50.0,55.0,59.0,53.0,3,spring,54.86,26.08,26.296999,50.0
1,2024-03-23 09:00:00+00:00,27.847,27.296999,28.247,28.097,28.046999,27.947,28.345499,50.0,50.0,46.0,45.0,48.0,52.0,45.0,3,spring,48.0,27.98,27.947,44.0
1,2024-03-23 10:00:00+00:00,29.247,28.597,29.447,29.397,29.397,29.497,28.7955,44.0,44.0,42.0,41.0,43.0,45.0,42.0,3,spring,43.0,29.2,28.697,43.0
1,2024-03-23 11:00:00+00:00,29.697,29.546999,30.447,30.296999,30.347,30.597,28.1955,40.0,41.0,39.0,37.0,39.0,39.0,44.0,3,spring,39.86,29.88,29.647,40.0
1,2024-03-23 12:00:00+00:00,29.747,29.347,29.796999,30.897,30.897,30.597,23.095499,37.0,41.0,42.0,36.0,35.0,37.0,63.0,3,spring,41.57,29.2,29.997,37.0
1,2024-03-23 13:00:00+00:00,28.847,29.397,29.247,30.546999,31.046999,29.747,21.095499,41.0,40.0,41.0,38.0,32.0,41.0,74.0,3,spring,43.86,28.56,29.046999,40.0
1,2024-03-23 14:00:00+00:00,25.296999,27.296999,24.847,29.546999,30.747,28.147,19.095499,63.0,46.0,67.0,42.0,30.0,48.0,87.0,3,spring,54.71,26.43,26.097,58.0
1,2024-03-23 15:00:00+00:00,21.247,23.046999,23.147,28.097,29.697,26.497,17.595499,79.0,75.0,76.0,48.0,33.0,56.0,96.0,3,spring,66.14,24.19,26.197,54.0
1,2024-03-23 16:00:00+00:00,20.147,21.897,22.296999,25.947,27.347,24.997,16.7955,86.0,82.0,81.0,58.0,45.0,64.0,98.0,3,spring,73.43,22.78,22.747,77.0
1,2024-03-23 17:00:00+00:00,19.997,21.097,21.296999,23.397,24.296999,23.497,16.4455,89.0,88.0,84.0,70.0,62.0,72.0,96.0,3,spring,80.14,21.43,21.397,85.0
1,2024-03-23 18:00:00+00:00,19.697,20.296999,21.097,22.097,21.947,22.247,16.1955,91.0,85.0,87.0,73.0,75.0,79.0,95.0,3,spring,83.57,20.51,21.197,87.0
1,2024-03-23 19:00:00+00:00,19.546999,20.247,20.647,21.097,20.947,21.397,16.345499,92.0,86.0,89.0,79.0,81.0,84.0,95.0,3,spring,86.57,20.03,20.697,88.0
1,2024-03-23 20:00:00+00:00,19.397,19.747,20.447,20.546999,20.647,20.847,16.6955,92.0,90.0,89.0,83.0,85.0,87.0,96.0,3,spring,88.86,19.76,20.296999,88.0
1,2024-03-23 21:00:00+00:00,19.147,19.546999,19.997,20.097,20.397,20.347,16.8955,94.0,90.0,92.0,86.0,87.0,89.0,96.0,3,spring,90.57,19.49,19.947,88.0
1,2024-03-23 22:00:00+00:00,18.897,19.447,19.847,19.647,20.097,19.947,16.7455,95.0,91.0,92.0,89.0,89.0,90.0,96.0,3,spring,91.71,19.23,19.546999,90.0
1,2024-03-23 23:00:00+00:00,18.847,18.897,19.397,19.247,19.947,19.697,16.4955,95.0,94.0,94.0,91.0,91.0,90.0,96.0,3,spring,93.0,18.93,19.397,91.0
1,2024-03-24 00:00:00+00:00,18.347,19.097,18.997,19.597,19.497,19.747,18.2955,94.0,94.0,95.0,93.0,91.0,93.0,86.0,3,spring,92.29,19.08,19.247,90.0
1,2024-03-24 01:00:00+00:00,18.147,18.947,18.747,19.247,19.097,19.247,18.0455,95.0,94.0,96.0,95.0,92.0,95.0,87.0,3,spring,93.43,18.78,19.197,91.0
1,2024-03-24 02:00:00+00:00,18.147,18.847,18.597,18.847,18.647,18.647,17.5455,96.0,93.0,96.0,96.0,94.0,96.0,90.0,3,spring,94.43,18.47,18.997,91.0
1,2024-03-24 03:00:00+00:00,18.097,18.747,18.197,18.847,18.597,18.546999,17.4955,96.0,94.0,97.0,96.0,95.0,96.0,91.0,3,spring,95.0,18.36,18.847,92.0
1,2024-03-24 04:00:00+00:00,17.897,18.796999,17.947,19.296999,19.046999,19.197,18.2455,97.0,94.0,98.0,94.0,94.0,93.0,88.0,3,spring,94.0,18.63,18.697,93.0
1,2024-03-24 05:00:00+00:00,18.796999,19.296999,18.847,20.097,19.897,20.347,19.3955,94.0,94.0,97.0,90.0,92.0,87.0,83.0,3,spring,91.0,19.53,18.847,94.0
1,2024-03-24 06:00:00+00:00,19.947,20.647,21.597,21.296999,21.097,21.697,20.7955,82.0,90.0,86.0,84.0,87.0,81.0,77.0,3,spring,83.86,21.01,19.497,92.0
1,2024-03-24 07:00:00+00:00,21.497,21.697,23.497,22.847,22.847,23.347,22.1955,78.0,85.0,72.0,76.0,77.0,73.0,72.0,3,spring,76.14,22.56,20.296999,88.0
1,2024-03-24 08:00:00+00:00,23.397,22.847,24.897,24.697,24.997,25.247,23.595499,72.0,82.0,65.0,67.0,65.0,63.0,66.0,3,spring,68.57,24.24,20.796999,85.0
1,2024-03-24 09:00:00+00:00,24.947,24.197,26.247,26.247,26.597,26.847,24.7955,68.0,75.0,59.0,59.0,56.0,55.0,61.0,3,spring,61.86,25.7,21.147,79.0
1,2024-03-24 10:00:00+00:00,25.997,25.247,27.647,27.497,27.397,28.197,25.9955,63.0,70.0,52.0,52.0,53.0,49.0,56.0,3,spring,56.43,26.85,21.197,76.0
1,2024-03-24 11:00:00+00:00,26.747,26.347,28.447,28.546999,27.697,29.247,26.9955,59.0,65.0,48.0,47.0,54.0,44.0,51.0,3,spring,52.57,27.72,22.197,74.0
1,2024-03-24 12:00:00+00:00,24.897,27.097,29.347,29.247,29.046999,29.947,27.7955,68.0,62.0,41.0,43.0,44.0,42.0,39.0,3,spring,48.43,28.2,23.347,69.0
1,2024-03-24 13:00:00+00:00,25.097,26.497,29.147,29.296999,28.747,29.697,25.2955,66.0,63.0,42.0,41.0,45.0,42.0,52.0,3,spring,50.14,27.68,23.697,68.0
1,2024-03-24 14:00:00+00:00,24.546999,25.046999,28.097,28.897,27.847,28.897,21.8955,66.0,69.0,45.0,42.0,49.0,45.0,71.0,3,spring,55.29,26.46,23.447,68.0
1,2024-03-24 15:00:00+00:00,24.097,24.097,27.097,28.046999,26.647,27.697,19.2955,66.0,74.0,50.0,45.0,55.0,50.0,86.0,3,spring,60.86,25.28,22.947,70.0
1,2024-03-24 16:00:00+00:00,23.147,22.796999,23.847,26.397,25.046999,25.997,18.345499,73.0,81.0,66.0,54.0,64.0,59.0,92.0,3,spring,69.86,23.65,21.647,80.0
1,2024-03-24 17:00:00+00:00,22.347,21.947,22.247,24.247,23.147,23.897,18.1955,79.0,85.0,78.0,66.0,74.0,70.0,94.0,3,spring,78.0,22.29,20.897,85.0
1,2024-03-24 18:00:00+00:00,21.247,20.796999,20.897,22.747,21.597,22.247,15.7955,79.0,91.0,89.0,71.0,83.0,79.0,97.0,3,spring,84.14,20.76,20.197,86.0
1,2024-03-24 19:00:00+00:00,20.747,20.296999,20.397,21.847,20.747,21.447,15.695499,81.0,94.0,90.0,77.0,88.0,83.0,97.0,3,spring,87.14,20.17,19.796999,88.0
1,2024-03-24 20:00:00+00:00,20.097,19.747,19.947,21.296999,20.247,21.046999,15.8455,85.0,93.0,92.0,83.0,91.0,85.0,96.0,3,spring,89.29,19.75,19.197,91.0
1,2024-03-24 21:00:00+00:00,19.947,19.597,19.796999,20.847,19.847,20.697,15.9955,86.0,92.0,92.0,87.0,93.0,87.0,96.0,3,spring,90.43,19.53,18.597,94.0
1,2024-03-24 22:00:00+00:00,19.796999,19.447,19.147,20.397,19.546999,20.296999,16.1455,87.0,92.0,94.0,89.0,94.0,89.0,95.0,3,spring,91.43,19.25,18.546999,95.0
1,2024-03-24 23:00:00+00:00,19.546999,19.197,18.847,19.997,19.397,19.947,16.2455,89.0,93.0,95.0,91.0,94.0,91.0,95.0,3,spring,92.57,19.03,18.347,96.0
1,2024-03-25 00:00:00+00:00,18.697,18.897,18.497,19.597,19.347,19.546999,16.4955,96.0,94.0,96.0,92.0,92.0,94.0,92.0,3,spring,93.71,18.73,17.897,96.0
1,2024-03-25 01:00:00+00:00,18.397,18.847,18.447,19.197,18.847,19.097,16.345499,97.0,94.0,96.0,94.0,94.0,96.0,92.0,3,spring,94.71,18.45,17.697,97.0
1,2024-03-25 02:00:00+00:00,18.197,18.747,18.397,18.847,18.347,18.697,16.1955,96.0,95.0,95.0,96.0,95.0,99.0,93.0,3,spring,95.57,18.2,17.697,97.0
1,2024-03-25 03:00:00+00:00,17.997,18.597,18.347,18.947,18.296999,18.647,16.4955,95.0,96.0,96.0,95.0,95.0,99.0,92.0,3,spring,95.43,18.19,17.647,97.0
1,2024-03-25 04:00:00+00:00,17.897,18.546999,18.296999,19.647,19.046999,19.147,17.5455,93.0,96.0,96.0,91.0,93.0,96.0,88.0,3,spring,93.29,18.59,17.647,96.0
1,2024-03-25 05:00:00+00:00,18.947,19.046999,19.247,20.747,20.247,20.046999,19.0455,87.0,95.0,95.0,85.0,89.0,92.0,83.0,3,spring,89.43,19.62,17.847,93.0
1,2024-03-25 06:00:00+00:00,21.046999,20.197,20.747,21.347,21.697,21.197,19.595499,83.0,90.0,88.0,85.0,83.0,86.0,83.0,3,spring,85.43,20.83,18.347,90.0
1,2024-03-25 07:00:00+00:00,22.997,21.296999,21.897,22.796999,23.497,22.796999,21.4455,74.0,83.0,83.0,78.0,74.0,78.0,76.0,3,spring,78.0,22.39,18.997,88.0
1,2024-03-25 08:00:00+00:00,24.647,23.147,23.147,24.397,25.497,24.647,23.595499,65.0,76.0,79.0,71.0,63.0,68.0,68.0,3,spring,70.0,24.15,19.647,86.0
1,2024-03-25 09:00:00+00:00,25.997,24.747,24.647,25.447,27.097,26.296999,25.3955,59.0,70.0,74.0,66.0,54.0,60.0,61.0,3,spring,63.43,25.66,20.347,84.0
1,2024-03-25 10:00:00+00:00,26.747,25.747,25.796999,25.597,28.046999,27.597,26.8955,57.0,65.0,68.0,67.0,50.0,54.0,53.0,3,spring,59.14,26.63,20.796999,83.0
1,2024-03-25 11:00:00+00:00,26.897,26.046999,26.046999,25.247,28.597,28.647,28.0455,58.0,63.0,65.0,71.0,48.0,49.0,46.0,3,spring,57.14,27.08,21.046999,81.0
1,2024-03-25 12:00:00+00:00,27.397,27.296999,26.697,26.397,28.447,28.046999,26.095499,51.0,54.0,61.0,65.0,50.0,54.0,54.0,3,spring,55.57,27.2,22.546999,68.0
1,2024-03-25 13:00:00+00:00,27.247,26.497,26.046999,25.296999,27.597,27.597,25.3955,51.0,61.0,64.0,69.0,55.0,56.0,57.0,3,spring,59.0,26.53,22.447,69.0
1,2024-03-25 14:00:00+00:00,24.796999,23.947,25.097,23.697,26.097,26.597,24.7955,62.0,73.0,68.0,75.0,62.0,60.0,60.0,3,spring,65.71,25.0,22.097,73.0
1,2024-03-25 15:00:00+00:00,23.097,23.147,24.497,22.296999,24.747,25.397,23.6955,74.0,75.0,70.0,80.0,69.0,65.0,65.0,3,spring,71.14,23.84,21.397,75.0
1,2024-03-25 16:00:00+00:00,22.546999,21.997,23.097,21.397,23.697,23.897,21.4955,79.0,80.0,77.0,84.0,75.0,71.0,75.0,3,spring,77.29,22.59,20.296999,81.0
1,2024-03-25 17:00:00+00:00,21.447,21.247,21.897,20.796999,22.796999,22.147,18.845499,84.0,84.0,82.0,87.0,80.0,77.0,88.0,3,spring,83.14,21.31,19.497,85.0
1,2024-03-25 18:00:00+00:00,20.097,21.347,20.796999,21.647,21.947,20.796999,17.3955,87.0,82.0,87.0,86.0,84.0,83.0,98.0,3,spring,86.71,20.58,18.997,85.0
1,2024-03-25 19:00:00+00:00,19.147,20.296999,19.546999,20.947,21.247,20.046999,16.6955,93.0,89.0,94.0,90.0,87.0,87.0,100.0,3,spring,91.43,19.7,18.697,86.0
1,2024-03-25 20:00:00+00:00,18.247,19.046999,19.097,20.296999,20.647,19.697,16.3955,97.0,95.0,96.0,93.0,90.0,89.0,99.0,3,spring,94.14,19.06,17.897,91.0
1,2024-03-25 21:00:00+00:00,17.947,18.447,18.647,19.697,20.097,19.397,16.1955,97.0,95.0,96.0,95.0,92.0,91.0,98.0,3,spring,94.86,18.63,17.997,92.0
1,2024-03-25 22:00:00+00:00,17.947,17.997,18.397,19.147,19.597,19.097,16.0455,95.0,95.0,95.0,96.0,94.0,93.0,97.0,3,spring,95.0,18.32,17.947,94.0
1,2024-03-25 23:00:00+00:00,17.796999,17.546999,18.097,18.697,19.097,18.897,15.9955,93.0,95.0,94.0,97.0,96.0,94.0,97.0,3,spring,95.14,18.02,17.997,94.0
1,2024-03-26 00:00:00+00:00,16.546999,17.347,18.647,18.497,18.397,18.296999,15.5955,94.0,96.0,91.0,89.0,96.0,97.0,96.0,3,spring,94.14,17.62,18.046999,93.0
1,2024-03-26 01:00:00+00:00,16.247,17.546999,18.447,17.697,17.747,17.697,15.0955,95.0,94.0,91.0,92.0,98.0,98.0,96.0,3,spring,94.86,17.21,17.347,96.0
1,2024-03-26 02:00:00+00:00,16.047,17.546999,18.147,16.747,17.097,17.147,14.5955,95.0,93.0,91.0,96.0,100.0,98.0,96.0,3,spring,95.57,16.76,16.897,96.0
1,2024-03-26 03:00:00+00:00,15.847,17.397,17.897,16.546999,16.997,17.247,14.7955,95.0,94.0,93.0,97.0,100.0,96.0,94.0,3,spring,95.57,16.68,16.647,96.0
1,2024-03-26 04:00:00+00:00,15.847,17.247,17.597,17.597,17.847,18.347,16.0455,95.0,95.0,94.0,94.0,98.0,91.0,90.0,3,spring,93.86,17.22,16.597,96.0
1,2024-03-26 05:00:00+00:00,17.697,18.947,18.947,19.347,19.247,20.097,17.9955,92.0,92.0,91.0,89.0,94.0,85.0,83.0,3,spring,89.43,18.9,18.046999,93.0
1,2024-03-26 06:00:00+00:00,20.847,21.747,21.597,21.247,20.847,21.947,20.7955,81.0,79.0,80.0,81.0,88.0,77.0,75.0,3,spring,80.14,21.29,20.847,81.0
1,2024-03-26 07:00:00+00:00,23.147,23.597,23.847,23.147,22.697,23.997,24.1955,68.0,66.0,65.0,72.0,79.0,68.0,62.0,3,spring,68.57,23.52,23.347,68.0
1,2024-03-26 08:00:00+00:00,25.147,25.247,25.546999,25.197,24.697,26.197,27.9955,59.0,57.0,58.0,61.0,67.0,58.0,48.0,3,spring,58.29,25.72,25.497,61.0
1,2024-03-26 09:00:00+00:00,26.647,26.997,26.546999,26.847,26.447,27.897,30.1955,53.0,51.0,54.0,52.0,58.0,50.0,39.0,3,spring,51.0,27.37,26.697,55.0
1,2024-03-26 10:00:00+00:00,27.847,28.197,27.796999,28.046999,27.747,28.947,29.6955,48.0,47.0,51.0,47.0,52.0,45.0,39.0,3,spring,47.0,28.33,27.497,52.0
1,2024-03-26 11:00:00+00:00,28.296999,28.997,28.497,28.796999,28.796999,29.546999,27.595499,46.0,43.0,48.0,45.0,48.0,42.0,44.0,3,spring,45.14,28.65,28.296999,49.0
1,2024-03-26 12:00:00+00:00,28.447,28.997,28.897,28.897,29.397,29.796999,24.3955,46.0,43.0,46.0,46.0,44.0,42.0,60.0,3,spring,46.71,28.4,28.546999,46.0
1,2024-03-26 13:00:00+00:00,28.197,29.097,28.597,27.747,29.546999,28.747,23.1955,48.0,42.0,46.0,51.0,41.0,47.0,67.0,3,spring,48.86,27.88,28.447,47.0
1,2024-03-26 14:00:00+00:00,26.597,28.597,26.447,25.897,29.347,26.947,22.0455,53.0,42.0,55.0,60.0,40.0,54.0,75.0,3,spring,54.14,26.55,25.947,59.0
1,2024-03-26 15:00:00+00:00,22.697,26.597,23.697,24.197,28.546999,25.296999,20.8955,73.0,50.0,70.0,68.0,41.0,62.0,82.0,3,spring,63.71,24.56,24.197,70.0
1,2024-03-26 16:00:00+00:00,21.747,23.647,22.947,23.046999,26.647,24.097,19.4955,77.0,66.0,75.0,75.0,48.0,69.0,88.0,3,spring,71.14,23.09,22.647,79.0
1,2024-03-26 17:00:00+00:00,21.097,22.347,21.947,22.046999,24.097,23.097,18.095499,81.0,74.0,82.0,81.0,57.0,76.0,92.0,3,spring,77.57,21.82,21.647,80.0
1,2024-03-26 18:00:00+00:00,20.847,22.497,21.897,21.097,22.097,22.247,15.2955,83.0,74.0,82.0,85.0,65.0,82.0,95.0,3,spring,80.86,20.85,21.046999,86.0
1,2024-03-26 19:00:00+00:00,20.097,21.296999,21.296999,20.597,21.197,21.697,15.5455,85.0,80.0,87.0,87.0,69.0,85.0,94.0,3,spring,83.86,20.25,20.597,89.0
1,2024-03-26 20:00:00+00:00,18.697,20.046999,20.997,20.447,20.796999,21.347,15.8955,94.0,86.0,89.0,88.0,72.0,86.0,94.0,3,spring,87.0,19.75,19.647,90.0
1,2024-03-26 21:00:00+00:00,18.447,19.147,20.296999,20.247,20.447,20.947,16.1955,94.0,88.0,90.0,89.0,75.0,87.0,93.0,3,spring,88.0,19.39,19.447,91.0
1,2024-03-26 22:00:00+00:00,18.097,18.447,20.046999,19.897,19.897,20.397,16.3955,93.0,91.0,91.0,91.0,79.0,90.0,92.0,3,spring,89.57,19.03,19.296999,91.0
1,2024-03-26 23:00:00+00:00,17.796999,18.046999,19.897,19.546999,19.347,19.747,16.5455,92.0,91.0,92.0,94.0,83.0,94.0,91.0,3,spring,91.0,18.7,18.897,93.0
1,2024-03-27 00:00:00+00:00,17.497,17.497,17.647,18.546999,18.296999,18.796999,16.6955,98.0,90.0,95.0,97.0,94.0,90.0,92.0,3,spring,93.71,17.85,18.697,93.0
1,2024-03-27 01:00:00+00:00,16.597,17.247,17.447,17.747,17.796999,18.197,16.0455,99.0,92.0,95.0,99.0,95.0,90.0,94.0,3,spring,94.86,17.3,18.197,95.0
1,2024-03-27 02:00:00+00:00,16.047,16.947,17.247,16.847,17.347,17.597,15.1455,98.0,93.0,96.0,100.0,95.0,90.0,96.0,3,spring,95.43,16.74,17.397,98.0
1,2024-03-27 03:00:00+00:00,15.847,16.597,16.747,16.747,17.497,17.647,15.0955,97.0,94.0,98.0,100.0,94.0,88.0,96.0,3,spring,95.29,16.6,16.796999,100.0
1,2024-03-27 04:00:00+00:00,15.747,16.497,16.296999,17.897,18.497,18.747,16.345499,96.0,92.0,98.0,95.0,91.0,85.0,92.0,3,spring,92.71,17.15,16.597,99.0
1,2024-03-27 05:00:00+00:00,17.847,18.697,18.247,19.796999,20.046999,20.447,18.3955,90.0,86.0,93.0,87.0,86.0,80.0,85.0,3,spring,86.71,19.07,18.097,97.0
1,2024-03-27 06:00:00+00:00,20.997,21.897,21.546999,21.546999,21.796999,22.347,20.8955,80.0,75.0,82.0,79.0,79.0,74.0,76.0,3,spring,77.86,21.58,20.546999,88.0
1,2024-03-27 07:00:00+00:00,23.546999,24.397,23.697,23.447,23.747,24.447,23.2455,64.0,62.0,66.0,69.0,70.0,66.0,66.0,3,spring,66.14,23.79,23.147,71.0
1,2024-03-27 08:00:00+00:00,25.647,26.347,25.697,25.597,25.897,26.697,25.6455,54.0,53.0,56.0,58.0,59.0,57.0,54.0,3,spring,55.86,25.93,25.747,57.0
1,2024-03-27 09:00:00+00:00,26.947,27.647,27.347,27.296999,27.647,28.497,27.595499,49.0,47.0,49.0,49.0,50.0,50.0,45.0,3,spring,48.43,27.57,27.296999,49.0
1,2024-03-27 10:00:00+00:00,28.046999,28.397,28.447,28.397,28.796999,29.546999,28.8955,46.0,45.0,44.0,44.0,44.0,45.0,39.0,3,spring,43.86,28.65,27.947,46.0
1,2024-03-27 11:00:00+00:00,28.847,29.046999,29.147,29.147,29.597,30.147,29.7455,42.0,43.0,41.0,42.0,40.0,41.0,35.0,3,spring,40.57,29.38,28.647,44.0
1,2024-03-27 12:00:00+00:00,28.947,29.447,29.947,29.647,30.147,31.247,29.3955,45.0,42.0,39.0,39.0,38.0,28.0,37.0,3,spring,38.29,29.83,29.597,39.0
1,2024-03-27 13:00:00+00:00,28.796999,29.497,30.197,29.647,30.097,31.046999,27.7455,42.0,40.0,36.0,39.0,37.0,28.0,46.0,3,spring,38.29,29.58,29.897,37.0
1,2024-03-27 14:00:00+00:00,27.847,28.796999,29.397,29.247,29.597,30.296999,25.1455,43.0,41.0,37.0,40.0,37.0,31.0,59.0,3,spring,41.14,28.62,29.397,35.0
1,2024-03-27 15:00:00+00:00,26.296999,27.397,28.247,28.296999,28.597,29.046999,22.6955,50.0,45.0,41.0,43.0,39.0,36.0,71.0,3,spring,46.43,27.23,27.347,44.0
1,2024-03-27 16:00:00+00:00,24.347,24.847,25.296999,26.546999,26.847,26.997,20.6455,59.0,50.0,49.0,49.0,45.0,42.0,79.0,3,spring,53.29,25.08,25.197,51.0
1,2024-03-27 17:00:00+00:00,22.747,22.697,23.197,24.296999,24.597,24.447,18.6955,65.0,55.0,54.0,57.0,54.0,49.0,86.0,3,spring,60.0,22.95,23.197,61.0
1,2024-03-27 18:00:00+00:00,21.296999,21.647,21.546999,21.847,22.796999,22.347,19.1955,74.0,66.0,66.0,63.0,61.0,56.0,85.0,3,spring,67.29,21.53,21.747,70.0
1,2024-03-27 19:00:00+00:00,20.447,20.796999,20.397,20.897,21.847,21.147,18.345499,80.0,71.0,71.0,68.0,67.0,61.0,87.0,3,spring,72.14,20.55,20.997,74.0
1,2024-03-27 20:00:00+00:00,19.847,20.697,19.897,20.447,21.347,20.397,17.845499,82.0,75.0,73.0,72.0,71.0,66.0,89.0,3,spring,75.43,20.07,20.447,79.0
1,2024-03-27 21:00:00+00:00,19.447,20.247,20.046999,19.897,20.847,19.796999,17.3955,82.0,78.0,76.0,76.0,74.0,70.0,89.0,3,spring,77.86,19.67,19.447,87.0
1,2024-03-27 22:00:00+00:00,19.046999,19.697,19.697,18.997,20.247,19.296999,16.9455,83.0,81.0,80.0,81.0,74.0,74.0,88.0,3,spring,80.14,19.13,18.347,94.0
1,2024-03-27 23:00:00+00:00,18.197,19.347,19.397,17.997,19.697,18.997,16.595499,85.0,82.0,83.0,85.0,73.0,78.0,87.0,3,spring,81.86,18.6,17.597,99.0
1,2024-03-28 00:00:00+00:00,16.997,19.447,17.597,18.296999,20.347,18.247,16.3955,91.0,80.0,88.0,86.0,75.0,83.0,87.0,3,spring,84.29,18.19,16.796999,96.0
1,2024-03-28 01:00:00+00:00,16.497,19.147,16.897,17.447,19.447,17.546999,15.7455,92.0,81.0,91.0,90.0,78.0,86.0,89.0,3,spring,86.71,17.53,16.197,97.0
1,2024-03-28 02:00:00+00:00,16.047,18.847,16.197,16.546999,18.247,16.897,15.1455,93.0,82.0,93.0,93.0,83.0,89.0,92.0,3,spring,89.29,16.85,15.747,97.0
1,2024-03-28 03:00:00+00:00,15.547,18.147,15.547,16.397,17.796999,16.947,15.2955,94.0,85.0,95.0,93.0,85.0,90.0,91.0,3,spring,90.43,16.53,15.247,97.0
1,2024-03-28 04:00:00+00:00,15.197,17.247,14.896999,17.447,18.497,18.147,16.5455,95.0,89.0,97.0,89.0,84.0,87.0,85.0,3,spring,89.43,16.85,14.697,98.0
1,2024-03-28 05:00:00+00:00,17.046999,18.497,17.097,19.296999,19.847,20.046999,18.5455,91.0,90.0,92.0,83.0,80.0,82.0,77.0,3,spring,85.0,18.63,16.597,94.0
1,2024-03-28 06:00:00+00:00,20.847,21.497,20.847,21.597,21.447,22.046999,22.095499,77.0,75.0,78.0,74.0,75.0,75.0,62.0,3,spring,73.71,21.48,20.447,80.0
1,2024-03-28 07:00:00+00:00,23.497,23.647,23.397,23.796999,23.296999,24.046999,24.4455,64.0,66.0,64.0,65.0,69.0,67.0,53.0,3,spring,64.0,23.73,23.247,66.0
1,2024-03-28 08:00:00+00:00,25.147,25.447,25.747,26.046999,25.296999,26.097,26.7955,55.0,59.0,54.0,54.0,61.0,58.0,43.0,3,spring,54.86,25.8,25.546999,55.0
1,2024-03-28 09:00:00+00:00,26.497,26.897,27.447,27.847,26.997,27.747,28.595499,49.0,55.0,48.0,46.0,54.0,50.0,36.0,3,spring,48.29,27.43,26.647,50.0
1,2024-03-28 10:00:00+00:00,27.697,28.097,28.097,28.897,28.147,28.897,29.7955,45.0,48.0,45.0,41.0,48.0,45.0,31.0,3,spring,43.29,28.52,27.597,47.0
1,2024-03-28 11:00:00+00:00,28.197,28.897,29.097,29.447,28.947,29.697,30.4955,43.0,44.0,41.0,38.0,43.0,41.0,28.0,3,spring,39.71,29.25,28.397,45.0
1,2024-03-28 12:00:00+00:00,28.697,29.197,29.197,29.747,29.546999,30.147,29.9955,40.0,38.0,40.0,37.0,39.0,40.0,31.0,3,spring,37.86,29.5,28.546999,42.0
1,2024-03-28 13:00:00+00:00,28.296999,29.347,29.597,29.747,29.647,30.097,29.0455,41.0,37.0,38.0,36.0,37.0,38.0,36.0,3,spring,37.57,29.4,28.597,42.0
1,2024-03-28 14:00:00+00:00,27.546999,29.197,29.447,29.347,29.397,29.647,27.3955,43.0,38.0,37.0,36.0,36.0,37.0,44.0,3,spring,38.71,28.85,28.147,41.0
1,2024-03-28 15:00:00+00:00,25.897,28.347,28.597,28.447,28.546999,28.697,25.6955,51.0,39.0,39.0,38.0,38.0,40.0,51.0,3,spring,42.29,27.75,27.046999,46.0
1,2024-03-28 16:00:00+00:00,24.347,25.497,25.497,26.597,26.747,26.847,23.9955,59.0,51.0,51.0,44.0,44.0,50.0,57.0,3,spring,50.86,25.65,24.597,55.0
1,2024-03-28 17:00:00+00:00,22.546999,23.697,23.697,24.247,24.397,24.447,22.1955,69.0,57.0,55.0,52.0,52.0,63.0,62.0,3,spring,58.57,23.6,22.997,60.0
1,2024-03-28 18:00:00+00:00,21.497,22.497,21.997,21.847,22.447,22.497,18.2955,84.0,63.0,64.0,82.0,61.0,74.0,88.0,3,spring,73.71,21.58,21.247,82.0
1,2024-03-28 19:00:00+00:00,21.046999,21.046999,20.697,20.897,21.397,21.397,17.4455,87.0,78.0,76.0,88.0,70.0,80.0,91.0,3,spring,81.43,20.56,20.197,92.0
1,2024-03-28 20:00:00+00:00,20.597,19.947,19.847,20.447,20.747,20.647,17.345499,90.0,87.0,84.0,89.0,78.0,85.0,91.0,3,spring,86.29,19.94,19.497,94.0
1,2024-03-28 21:00:00+00:00,20.046999,19.197,18.697,20.046999,20.197,19.947,17.2955,91.0,89.0,90.0,90.0,84.0,88.0,90.0,3,spring,88.86,19.35,18.997,93.0
1,2024-03-28 22:00:00+00:00,19.647,18.796999,17.897,19.447,19.597,19.046999,17.1455,94.0,89.0,92.0,92.0,85.0,91.0,88.0,3,spring,90.14,18.8,18.647,93.0
1,2024-03-28 23:00:00+00:00,19.097,17.497,16.897,18.796999,19.097,18.147,17.095499,97.0,91.0,94.0,94.0,84.0,93.0,86.0,3,spring,91.29,18.09,17.897,94.0
1,2024-03-29 00:00:00+00:00,17.997,16.747,16.697,16.447,17.947,19.347,16.3955,97.0,91.0,93.0,94.0,89.0,90.0,89.0,3,spring,91.86,17.37,16.546999,98.0
1,2024-03-29 01:00:00+00:00,17.247,16.647,15.997,15.547,17.097,18.497,15.7955,98.0,92.0,95.0,97.0,93.0,93.0,90.0,3,spring,94.0,16.69,15.847,98.0
1,2024-03-29 02:00:00+00:00,16.197,16.097,15.497,14.997,16.296999,17.647,15.2455,98.0,95.0,96.0,98.0,96.0,95.0,90.0,3,spring,95.43,16.0,15.146999,98.0
1,2024-03-29 03:00:00+00:00,15.197,15.347,15.247,15.247,16.247,17.447,15.5955,98.0,97.0,97.0,97.0,96.0,95.0,87.0,3,spring,95.29,15.76,14.447,98.0
1,2024-03-29 04:00:00+00:00,14.597,14.847,15.097,16.697,17.447,18.296999,17.3955,98.0,97.0,96.0,92.0,92.0,92.0,79.0,3,spring,92.29,16.34,13.847,99.0
1,2024-03-29 05:00:00+00:00,16.697,17.046999,17.397,18.897,19.497,19.747,20.0455,91.0,92.0,91.0,85.0,84.0,86.0,68.0,3,spring,85.29,18.48,16.247,93.0
1,2024-03-29 06:00:00+00:00,20.397,20.497,21.247,21.497,21.546999,21.397,21.3955,76.0,77.0,76.0,78.0,76.0,79.0,69.0,3,spring,75.86,21.14,20.046999,78.0
1,2024-03-29 07:00:00+00:00,22.747,22.897,23.796999,23.647,23.597,23.247,23.9955,67.0,65.0,67.0,69.0,67.0,70.0,58.0,3,spring,66.14,23.42,22.147,70.0
1,2024-03-29 08:00:00+00:00,24.847,24.947,25.847,25.796999,25.747,25.247,26.7455,60.0,58.0,58.0,58.0,57.0,61.0,47.0,3,spring,57.0,25.6,24.097,60.0
1,2024-03-29 09:00:00+00:00,26.147,26.597,27.397,27.597,27.497,26.847,28.8955,55.0,53.0,51.0,49.0,49.0,54.0,38.0,3,spring,49.86,27.28,25.546999,54.0
1,2024-03-29 10:00:00+00:00,27.296999,27.847,28.597,28.847,28.747,27.796999,30.4955,50.0,49.0,47.0,44.0,44.0,51.0,32.0,3,spring,45.29,28.52,26.847,50.0
1,2024-03-29 11:00:00+00:00,27.997,28.546999,29.497,29.647,29.597,28.296999,31.5455,46.0,45.0,43.0,41.0,42.0,51.0,29.0,3,spring,42.43,29.3,26.997,49.0
1,2024-03-29 12:00:00+00:00,28.097,28.897,29.546999,29.897,29.897,29.097,30.9955,44.0,42.0,41.0,40.0,39.0,44.0,32.0,3,spring,40.29,29.49,27.847,47.0
1,2024-03-29 13:00:00+00:00,28.397,29.147,29.697,29.897,29.997,28.796999,27.6455,43.0,41.0,40.0,39.0,37.0,44.0,48.0,3,spring,41.71,29.08,27.897,48.0
1,2024-03-29 14:00:00+00:00,28.097,28.947,29.397,29.597,29.697,28.097,22.7955,45.0,41.0,41.0,39.0,36.0,46.0,71.0,3,spring,45.57,28.09,27.447,49.0
1,2024-03-29 15:00:00+00:00,27.247,28.397,28.597,28.697,28.796999,26.997,18.9955,46.0,37.0,40.0,41.0,39.0,51.0,89.0,3,spring,49.0,26.82,26.447,50.0
1,2024-03-29 16:00:00+00:00,24.597,26.197,25.796999,26.947,26.796999,25.296999,17.5455,60.0,48.0,51.0,46.0,50.0,61.0,96.0,3,spring,58.86,24.74,23.447,69.0
1,2024-03-29 17:00:00+00:00,22.747,23.147,23.097,24.597,24.197,23.247,17.1955,71.0,59.0,58.0,53.0,64.0,73.0,97.0,3,spring,67.86,22.6,22.046999,81.0
1,2024-03-29 18:00:00+00:00,20.897,21.697,22.247,22.747,22.147,21.647,16.595499,88.0,77.0,76.0,60.0,76.0,83.0,90.0,3,spring,78.57,21.14,21.897,84.0
1,2024-03-29 19:00:00+00:00,20.197,21.546999,22.197,21.546999,21.347,20.947,16.4955,88.0,76.0,79.0,65.0,81.0,87.0,92.0,3,spring,81.14,20.61,21.796999,86.0
1,2024-03-29 20:00:00+00:00,19.647,21.197,21.597,20.697,21.147,20.647,16.6455,89.0,78.0,81.0,68.0,83.0,88.0,94.0,3,spring,83.0,20.23,21.097,90.0
1,2024-03-29 21:00:00+00:00,19.247,20.296999,19.847,19.847,20.847,20.296999,16.7955,91.0,83.0,86.0,72.0,84.0,89.0,95.0,3,spring,85.71,19.6,20.447,93.0
1,2024-03-29 22:00:00+00:00,18.647,19.046999,19.296999,18.796999,20.147,19.647,16.9455,95.0,86.0,80.0,78.0,86.0,91.0,95.0,3,spring,87.29,18.93,19.947,92.0
1,2024-03-29 23:00:00+00:00,18.296999,18.697,18.697,17.796999,19.296999,18.897,17.1455,95.0,82.0,78.0,85.0,88.0,93.0,94.0,3,spring,87.86,18.4,19.497,93.0
1,2024-03-30 00:00:00+00:00,18.097,17.347,17.796999,17.546999,17.546999,18.046999,15.695499,94.0,84.0,83.0,87.0,90.0,87.0,97.0,3,spring,88.86,17.44,19.247,95.0
1,2024-03-30 01:00:00+00:00,17.796999,16.847,17.347,17.097,16.947,17.197,15.5455,95.0,89.0,87.0,89.0,92.0,91.0,97.0,3,spring,91.43,16.97,18.897,96.0
1,2024-03-30 02:00:00+00:00,17.697,16.546999,17.046999,16.847,16.497,16.447,15.445499,95.0,92.0,91.0,91.0,94.0,94.0,97.0,3,spring,93.43,16.65,18.546999,96.0
1,2024-03-30 03:00:00+00:00,17.747,16.247,16.847,17.147,16.747,16.447,15.7955,94.0,94.0,92.0,90.0,93.0,94.0,96.0,3,spring,93.29,16.71,18.046999,95.0
1,2024-03-30 04:00:00+00:00,17.847,16.097,16.546999,18.397,18.046999,17.747,16.845499,94.0,94.0,94.0,86.0,89.0,89.0,93.0,3,spring,91.29,17.36,17.697,94.0
1,2024-03-30 05:00:00+00:00,19.397,18.347,18.697,20.247,20.046999,19.897,18.2955,90.0,88.0,88.0,80.0,82.0,81.0,88.0,3,spring,85.29,19.28,19.046999,89.0
1,2024-03-30 06:00:00+00:00,21.647,21.397,21.897,22.197,22.097,22.097,19.3955,77.0,80.0,76.0,73.0,74.0,73.0,86.0,3,spring,77.0,21.53,21.147,82.0
1,2024-03-30 07:00:00+00:00,23.647,23.546999,24.247,24.147,24.247,24.296999,20.7955,68.0,68.0,65.0,65.0,65.0,64.0,81.0,3,spring,68.0,23.56,22.997,70.0
1,2024-03-30 08:00:00+00:00,25.347,25.697,26.247,26.147,26.497,26.546999,22.2455,60.0,60.0,57.0,57.0,56.0,55.0,77.0,3,spring,60.29,25.53,25.097,60.0
1,2024-03-30 09:00:00+00:00,26.647,27.247,27.747,27.697,28.197,28.347,23.2955,55.0,56.0,51.0,51.0,48.0,47.0,73.0,3,spring,54.43,27.03,26.447,55.0
1,2024-03-30 10:00:00+00:00,27.447,28.097,28.497,28.546999,29.097,29.546999,23.9455,52.0,52.0,48.0,47.0,44.0,42.0,70.0,3,spring,50.71,27.88,27.347,52.0
1,2024-03-30 11:00:00+00:00,27.997,28.397,29.097,28.897,29.447,30.247,24.2955,49.0,50.0,45.0,46.0,41.0,38.0,67.0,3,spring,48.0,28.34,27.947,50.0
1,2024-03-30 12:00:00+00:00,27.897,28.347,29.497,30.147,29.697,29.397,24.7955,52.0,50.0,41.0,40.0,41.0,45.0,62.0,3,spring,47.29,28.54,28.497,48.0
1,2024-03-30 13:00:00+00:00,27.796999,27.997,29.397,30.097,29.647,28.397,23.7455,52.0,52.0,41.0,40.0,39.0,50.0,66.0,3,spring,48.57,28.15,27.247,51.0
1,2024-03-30 14:00:00+00:00,26.347,24.497,28.397,29.697,29.296999,26.796999,22.4455,56.0,69.0,42.0,41.0,39.0,57.0,71.0,3,spring,53.57,26.78,26.647,51.0
1,2024-03-30 15:00:00+00:00,23.597,23.147,24.697,28.597,28.296999,25.247,21.095499,75.0,76.0,63.0,46.0,43.0,65.0,77.0,3,spring,63.57,24.95,24.997,61.0
1,2024-03-30 16:00:00+00:00,22.347,22.197,23.147,26.397,26.097,24.046999,19.6455,80.0,82.0,76.0,58.0,56.0,72.0,83.0,3,spring,72.43,23.41,22.497,78.0
1,2024-03-30 17:00:00+00:00,21.546999,21.447,22.697,23.597,23.197,22.947,18.1955,84.0,88.0,79.0,74.0,73.0,80.0,90.0,3,spring,81.14,21.95,21.097,87.0
1,2024-03-30 18:00:00+00:00,20.897,21.197,22.197,21.546999,20.997,21.947,17.7955,91.0,88.0,81.0,84.0,86.0,86.0,96.0,3,spring,87.43,20.94,21.046999,87.0
1,2024-03-30 19:00:00+00:00,20.247,20.747,21.347,20.747,20.097,21.147,17.4955,93.0,91.0,84.0,87.0,92.0,90.0,97.0,3,spring,90.57,20.26,20.197,94.0
1,2024-03-30 20:00:00+00:00,19.397,20.147,20.347,20.347,19.897,20.447,17.1955,92.0,93.0,89.0,87.0,93.0,91.0,98.0,3,spring,91.86,19.68,20.097,94.0
1,2024-03-30 21:00:00+00:00,18.997,20.046999,20.497,19.897,19.747,19.796999,16.8955,89.0,93.0,83.0,87.0,94.0,93.0,98.0,3,spring,91.0,19.41,19.997,93.0
1,2024-03-30 22:00:00+00:00,18.347,19.597,19.897,19.296999,19.447,19.147,16.595499,89.0,94.0,83.0,88.0,94.0,95.0,98.0,3,spring,91.57,18.9,19.847,91.0
1,2024-03-30 23:00:00+00:00,18.046999,19.097,19.046999,18.647,19.147,18.497,16.2455,90.0,95.0,86.0,89.0,93.0,96.0,98.0,3,spring,92.43,18.39,19.147,93.0
1,2024-03-31 00:00:00+00:00,18.796999,18.597,18.097,18.347,18.546999,18.897,16.6955,89.0,93.0,92.0,88.0,90.0,96.0,98.0,3,spring,92.29,18.28,19.046999,88.0
1,2024-03-31 01:00:00+00:00,18.747,18.597,17.747,17.947,18.097,18.397,16.595499,87.0,91.0,91.0,88.0,89.0,97.0,98.0,3,spring,91.57,18.02,18.546999,88.0
1,2024-03-31 02:00:00+00:00,18.447,18.847,17.546999,17.747,17.647,17.947,16.4955,86.0,89.0,90.0,87.0,89.0,96.0,98.0,3,spring,90.71,17.81,17.947,88.0
1,2024-03-31 03:00:00+00:00,17.796999,18.897,17.347,18.046999,17.796999,18.046999,16.4955,87.0,87.0,89.0,84.0,87.0,94.0,98.0,3,spring,89.43,17.78,17.546999,87.0
1,2024-03-31 04:00:00+00:00,17.097,18.647,16.947,19.097,18.796999,18.947,16.345499,89.0,87.0,90.0,80.0,83.0,90.0,99.0,3,spring,88.29,17.98,17.497,85.0
1,2024-03-31 05:00:00+00:00,18.597,19.597,19.046999,20.647,20.397,20.447,16.345499,87.0,85.0,86.0,74.0,78.0,83.0,100.0,3,spring,84.71,19.3,18.897,84.0
1,2024-03-31 06:00:00+00:00,21.197,21.697,22.046999,22.647,22.097,22.097,19.8955,76.0,76.0,75.0,67.0,72.0,76.0,85.0,3,spring,75.29,21.67,21.447,73.0
1,2024-03-31 07:00:00+00:00,23.097,23.397,24.046999,24.497,24.046999,24.046999,22.595499,68.0,68.0,65.0,60.0,64.0,67.0,72.0,3,spring,66.29,23.68,23.697,65.0
1,2024-03-31 08:00:00+00:00,24.847,25.347,25.847,26.397,26.097,26.197,25.6955,60.0,61.0,57.0,52.0,56.0,56.0,56.0,3,spring,56.86,25.78,25.546999,56.0
1,2024-03-31 09:00:00+00:00,25.997,26.747,27.397,27.947,27.747,27.897,27.2955,55.0,54.0,51.0,45.0,49.0,48.0,48.0,3,spring,50.0,27.29,26.397,51.0
1,2024-03-31 10:00:00+00:00,27.046999,27.897,28.347,29.046999,28.747,29.097,25.9955,50.0,50.0,47.0,40.0,44.0,43.0,56.0,3,spring,47.14,28.03,27.097,50.0
1,2024-03-31 11:00:00+00:00,27.796999,28.247,28.796999,29.847,29.347,29.847,23.1955,46.0,49.0,44.0,36.0,42.0,40.0,71.0,3,spring,46.86,28.15,27.747,49.0
1,2024-03-31 12:00:00+00:00,26.697,27.897,28.647,30.397,29.647,29.447,27.6955,53.0,46.0,47.0,33.0,41.0,42.0,44.0,3,spring,43.71,28.63,28.697,44.0
1,2024-03-31 13:00:00+00:00,25.947,28.147,27.647,29.997,29.447,27.847,26.345499,57.0,44.0,49.0,32.0,39.0,50.0,50.0,3,spring,45.86,27.91,27.947,45.0
1,2024-03-31 14:00:00+00:00,26.097,27.747,25.197,29.046999,28.897,25.397,24.4455,52.0,44.0,62.0,33.0,39.0,61.0,58.0,3,spring,49.86,26.69,26.947,46.0
1,2024-03-31 15:00:00+00:00,23.897,26.447,23.997,27.697,27.796999,23.347,22.595499,65.0,50.0,69.0,38.0,43.0,71.0,66.0,3,spring,57.43,25.11,26.097,51.0
1,2024-03-31 16:00:00+00:00,22.097,22.747,22.697,25.697,25.697,22.147,21.0455,78.0,78.0,76.0,52.0,57.0,77.0,74.0,3,spring,70.29,23.16,23.597,66.0
1,2024-03-31 17:00:00+00:00,20.947,21.597,21.847,23.347,23.097,21.347,19.595499,86.0,86.0,82.0,71.0,75.0,82.0,82.0,3,spring,80.57,21.68,21.647,79.0
1,2024-03-31 18:00:00+00:00,19.747,21.247,21.197,21.546999,21.097,20.647,16.6955,94.0,90.0,85.0,86.0,89.0,86.0,98.0,3,spring,89.71,20.31,21.097,83.0
1,2024-03-31 19:00:00+00:00,19.197,20.447,20.296999,20.546999,20.296999,20.097,16.5455,96.0,93.0,89.0,92.0,93.0,89.0,99.0,3,spring,93.0,19.63,20.197,90.0
1,2024-03-31 20:00:00+00:00,18.747,19.897,19.647,19.997,20.147,19.697,16.7455,98.0,96.0,90.0,94.0,93.0,90.0,98.0,3,spring,94.14,19.27,19.747,91.0
1,2024-03-31 21:00:00+00:00,18.247,19.546999,19.046999,19.546999,19.897,19.197,16.8955,100.0,97.0,90.0,94.0,92.0,92.0,98.0,3,spring,94.71,18.91,19.147,92.0
1,2024-03-31 22:00:00+00:00,17.747,19.097,18.397,19.147,19.247,18.397,16.9455,99.0,97.0,91.0,92.0,91.0,94.0,98.0,3,spring,94.57,18.43,18.247,93.0
1,2024-03-31 23:00:00+00:00,17.097,18.497,17.897,18.796999,18.546999,17.497,16.9455,99.0,95.0,91.0,87.0,89.0,96.0,98.0,3,spring,93.57,17.9,17.397,95.0
1,2024-04-01 00:00:00+00:00,17.046999,17.747,17.347,18.097,18.647,18.697,16.8955,100.0,87.0,93.0,87.0,81.0,98.0,96.0,4,spring,91.71,17.78,16.147,99.0
1,2024-04-01 01:00:00+00:00,16.447,17.247,16.997,17.497,17.997,17.997,16.2455,98.0,87.0,92.0,88.0,83.0,98.0,96.0,4,spring,91.71,17.2,15.747,97.0
1,2024-04-01 02:00:00+00:00,16.296999,16.796999,16.796999,16.947,17.347,17.296999,15.3455,95.0,86.0,91.0,89.0,85.0,96.0,97.0,4,spring,91.29,16.69,15.547,95.0
1,2024-04-01 03:00:00+00:00,15.646999,16.197,16.647,17.046999,17.347,17.197,15.0955,97.0,86.0,90.0,88.0,85.0,93.0,96.0,4,spring,90.71,16.45,15.247,95.0
1,2024-04-01 04:00:00+00:00,15.247,15.646999,16.447,18.147,18.247,17.997,15.8955,96.0,88.0,90.0,84.0,82.0,89.0,93.0,4,spring,88.86,16.8,15.097,94.0
1,2024-04-01 05:00:00+00:00,17.197,17.397,18.397,19.947,19.796999,19.347,17.2455,92.0,86.0,86.0,78.0,78.0,84.0,88.0,4,spring,84.57,18.48,17.296999,89.0
1,2024-04-01 06:00:00+00:00,20.597,20.747,21.097,21.397,21.497,20.947,19.4955,76.0,74.0,70.0,66.0,72.0,78.0,80.0,4,spring,73.71,20.83,20.747,76.0
1,2024-04-01 07:00:00+00:00,23.097,23.046999,23.546999,23.397,23.546999,22.847,21.9955,62.0,64.0,58.0,59.0,64.0,69.0,68.0,4,spring,63.43,23.07,23.647,61.0
1,2024-04-01 08:00:00+00:00,25.046999,25.397,25.847,25.647,25.747,24.947,24.845499,54.0,55.0,49.0,52.0,55.0,59.0,54.0,4,spring,54.0,25.35,25.046999,54.0
1,2024-04-01 09:00:00+00:00,26.296999,26.796999,27.347,27.397,27.497,26.597,26.7955,49.0,49.0,47.0,47.0,48.0,51.0,45.0,4,spring,48.0,26.96,26.046999,49.0
1,2024-04-01 10:00:00+00:00,27.046999,27.147,28.447,28.447,28.497,27.546999,27.3955,48.0,46.0,45.0,44.0,43.0,47.0,42.0,4,spring,45.0,27.79,26.747,48.0
1,2024-04-01 11:00:00+00:00,27.397,27.247,28.847,28.997,29.046999,28.097,27.1455,46.0,46.0,42.0,42.0,39.0,45.0,44.0,4,spring,43.43,28.11,27.497,47.0
1,2024-04-01 12:00:00+00:00,27.897,27.097,28.546999,28.097,29.597,29.647,25.095499,44.0,50.0,43.0,43.0,36.0,29.0,55.0,4,spring,42.86,28.0,27.997,46.0
1,2024-04-01 13:00:00+00:00,27.597,26.546999,28.347,27.447,28.747,29.546999,23.6455,44.0,53.0,41.0,45.0,41.0,28.0,65.0,4,spring,45.29,27.41,27.997,44.0
1,2024-04-01 14:00:00+00:00,26.697,25.897,27.046999,26.397,27.347,28.997,21.4455,45.0,53.0,47.0,50.0,48.0,30.0,78.0,4,spring,50.14,26.26,27.046999,45.0
1,2024-04-01 15:00:00+00:00,25.546999,25.097,26.197,25.147,25.947,27.897,19.595499,50.0,54.0,50.0,56.0,55.0,36.0,89.0,4,spring,55.71,25.06,25.497,51.0
1,2024-04-01 16:00:00+00:00,23.597,23.296999,24.046999,23.647,24.796999,25.847,18.345499,60.0,61.0,56.0,66.0,60.0,50.0,94.0,4,spring,63.86,23.37,23.397,64.0
1,2024-04-01 17:00:00+00:00,21.997,21.847,22.147,21.947,23.697,23.247,17.4455,68.0,67.0,63.0,78.0,64.0,69.0,96.0,4,spring,72.14,21.76,21.747,73.0
1,2024-04-01 18:00:00+00:00,20.497,21.147,21.046999,20.497,22.697,21.197,17.3955,80.0,71.0,68.0,90.0,69.0,83.0,97.0,4,spring,79.71,20.64,20.046999,85.0
1,2024-04-01 19:00:00+00:00,19.997,20.247,20.247,19.847,21.796999,20.296999,17.095499,82.0,77.0,73.0,93.0,74.0,88.0,98.0,4,spring,83.57,19.93,19.447,89.0
1,2024-04-01 20:00:00+00:00,19.296999,19.447,19.447,19.296999,21.046999,19.947,16.8955,87.0,81.0,80.0,95.0,79.0,87.0,98.0,4,spring,86.71,19.34,19.247,91.0
1,2024-04-01 21:00:00+00:00,18.747,18.796999,19.046999,18.897,20.147,19.546999,16.7955,90.0,85.0,84.0,96.0,84.0,88.0,98.0,4,spring,89.29,18.85,18.947,91.0
1,2024-04-01 22:00:00+00:00,18.546999,18.347,18.747,18.697,19.046999,18.847,16.7955,91.0,87.0,86.0,97.0,88.0,92.0,98.0,4,spring,91.29,18.43,18.546999,95.0
1,2024-04-01 23:00:00+00:00,18.046999,18.097,18.347,18.597,17.847,18.147,16.8955,94.0,90.0,86.0,97.0,92.0,96.0,97.0,4,spring,93.14,18.0,18.197,97.0
1,2024-04-02 00:00:00+00:00,16.997,17.197,18.647,18.897,17.847,18.647,15.2955,96.0,94.0,86.0,93.0,97.0,97.0,96.0,4,spring,94.14,17.65,17.897,98.0
1,2024-04-02 01:00:00+00:00,16.247,16.897,17.997,18.147,17.296999,17.947,15.3455,98.0,94.0,89.0,94.0,97.0,96.0,96.0,4,spring,94.86,17.13,17.147,99.0
1,2024-04-02 02:00:00+00:00,15.847,16.597,17.347,17.296999,16.847,17.247,15.4955,97.0,94.0,91.0,96.0,95.0,94.0,97.0,4,spring,94.86,16.67,16.097,100.0
1,2024-04-02 03:00:00+00:00,15.547,16.247,16.796999,17.097,16.997,17.097,15.8955,96.0,94.0,93.0,95.0,93.0,91.0,96.0,4,spring,94.0,16.53,15.396999,99.0
1,2024-04-02 04:00:00+00:00,15.447,16.097,16.497,17.897,17.997,17.897,16.5455,95.0,94.0,93.0,92.0,90.0,88.0,94.0,4,spring,92.29,16.91,15.146999,97.0
1,2024-04-02 05:00:00+00:00,17.697,17.997,18.247,19.397,19.597,19.347,17.4455,89.0,90.0,90.0,87.0,85.0,85.0,92.0,4,spring,88.29,18.53,17.247,90.0
1,2024-04-02 06:00:00+00:00,20.796999,20.897,20.997,20.697,21.296999,20.947,18.595499,77.0,78.0,78.0,79.0,79.0,80.0,86.0,4,spring,79.57,20.6,20.497,79.0
1,2024-04-02 07:00:00+00:00,23.097,23.046999,23.046999,22.597,23.097,22.796999,20.3955,64.0,65.0,68.0,70.0,70.0,72.0,75.0,4,spring,69.14,22.58,22.847,67.0
1,2024-04-02 08:00:00+00:00,25.147,24.747,24.597,24.647,24.997,24.847,22.6455,55.0,57.0,62.0,60.0,60.0,63.0,62.0,4,spring,59.86,24.52,24.997,58.0
1,2024-04-02 09:00:00+00:00,26.296999,25.997,25.897,26.147,26.447,26.497,24.595499,50.0,54.0,59.0,53.0,53.0,56.0,51.0,4,spring,53.71,25.98,26.296999,52.0
1,2024-04-02 10:00:00+00:00,27.147,26.597,26.197,27.046999,27.447,27.747,26.095499,47.0,54.0,60.0,50.0,49.0,50.0,46.0,4,spring,50.86,26.9,26.697,50.0
1,2024-04-02 11:00:00+00:00,26.997,26.296999,24.997,27.497,28.046999,28.546999,27.2955,47.0,54.0,66.0,50.0,47.0,46.0,44.0,4,spring,50.57,27.1,25.947,52.0
1,2024-04-02 12:00:00+00:00,25.397,26.197,23.697,22.597,28.147,28.597,21.2955,58.0,53.0,72.0,79.0,50.0,46.0,72.0,4,spring,61.43,25.13,26.247,50.0
1,2024-04-02 13:00:00+00:00,24.097,26.497,22.697,21.647,27.097,26.997,20.5455,66.0,51.0,78.0,84.0,54.0,54.0,78.0,4,spring,66.43,24.23,23.796999,68.0
1,2024-04-02 14:00:00+00:00,23.747,25.046999,22.697,20.847,25.347,24.647,20.4455,66.0,60.0,79.0,88.0,60.0,66.0,83.0,4,spring,71.71,23.25,22.947,76.0
1,2024-04-02 15:00:00+00:00,22.897,23.296999,20.997,20.197,23.747,22.647,20.095499,71.0,69.0,85.0,91.0,67.0,76.0,87.0,4,spring,78.0,21.98,22.097,82.0
1,2024-04-02 16:00:00+00:00,21.796999,22.147,19.947,19.747,22.597,21.447,18.9455,79.0,78.0,92.0,93.0,73.0,83.0,90.0,4,spring,84.0,20.95,21.497,86.0
1,2024-04-02 17:00:00+00:00,20.647,21.296999,19.697,19.397,21.546999,20.597,17.595499,87.0,86.0,94.0,93.0,80.0,88.0,93.0,4,spring,88.71,20.11,20.697,89.0
1,2024-04-02 18:00:00+00:00,19.647,20.647,19.947,19.147,20.697,19.997,16.2955,94.0,86.0,94.0,95.0,85.0,92.0,99.0,4,spring,92.14,19.48,19.747,92.0
1,2024-04-02 19:00:00+00:00,19.197,20.097,19.397,18.847,20.046999,19.647,15.8455,94.0,87.0,96.0,96.0,87.0,93.0,100.0,4,spring,93.29,19.01,19.447,93.0
1,2024-04-02 20:00:00+00:00,19.046999,19.796999,19.046999,18.546999,19.597,19.497,16.1955,95.0,87.0,97.0,97.0,88.0,93.0,100.0,4,spring,93.86,18.82,19.296999,94.0
1,2024-04-02 21:00:00+00:00,18.546999,19.046999,18.947,18.296999,19.097,19.296999,16.4955,97.0,92.0,95.0,97.0,89.0,93.0,99.0,4,spring,94.57,18.53,18.947,95.0
1,2024-04-02 22:00:00+00:00,18.147,19.347,18.847,17.997,18.497,18.997,16.4455,98.0,91.0,95.0,98.0,91.0,94.0,99.0,4,spring,95.14,18.33,18.897,95.0
1,2024-04-02 23:00:00+00:00,17.847,19.197,18.397,17.697,17.847,18.697,16.3955,99.0,92.0,97.0,98.0,92.0,96.0,99.0,4,spring,96.14,18.01,18.747,96.0
1,2024-04-03 00:00:00+00:00,18.597,18.747,18.097,18.147,17.497,17.897,15.0955,95.0,96.0,97.0,95.0,94.0,93.0,93.0,4,spring,94.71,17.73,18.347,95.0
1,2024-04-03 01:00:00+00:00,18.546999,18.546999,17.796999,17.897,17.046999,17.347,14.8455,95.0,97.0,98.0,96.0,95.0,95.0,94.0,4,spring,95.71,17.43,18.147,95.0
1,2024-04-03 02:00:00+00:00,18.147,18.397,17.796999,17.697,16.697,16.747,14.945499,96.0,97.0,98.0,97.0,96.0,97.0,92.0,4,spring,96.14,17.2,18.147,95.0
1,2024-04-03 03:00:00+00:00,17.546999,18.046999,17.647,17.796999,16.847,16.796999,15.4955,97.0,98.0,99.0,97.0,95.0,97.0,89.0,4,spring,96.0,17.17,17.997,95.0
1,2024-04-03 04:00:00+00:00,17.197,17.847,17.397,18.447,17.897,17.796999,16.9455,97.0,98.0,98.0,95.0,92.0,94.0,82.0,4,spring,93.71,17.65,17.947,95.0
1,2024-04-03 05:00:00+00:00,18.397,18.546999,18.697,19.447,19.497,19.397,18.8955,96.0,96.0,95.0,92.0,88.0,90.0,73.0,4,spring,90.0,18.98,18.747,92.0
1,2024-04-03 06:00:00+00:00,19.546999,19.997,20.647,20.447,21.247,21.147,19.095499,89.0,88.0,86.0,87.0,82.0,84.0,82.0,4,spring,85.43,20.3,20.197,85.0
1,2024-04-03 07:00:00+00:00,20.597,21.347,22.497,21.997,23.197,23.097,20.7955,86.0,82.0,76.0,81.0,73.0,75.0,75.0,4,spring,78.29,21.93,21.447,82.0
1,2024-04-03 08:00:00+00:00,21.697,22.847,23.847,23.597,25.296999,25.197,22.5455,82.0,76.0,71.0,73.0,62.0,64.0,67.0,4,spring,70.71,23.58,22.597,75.0
1,2024-04-03 09:00:00+00:00,22.847,24.097,25.046999,24.847,26.847,26.697,23.7955,76.0,68.0,65.0,67.0,54.0,56.0,62.0,4,spring,64.0,24.88,23.497,71.0
1,2024-04-03 10:00:00+00:00,23.747,24.997,25.997,25.546999,27.747,27.497,24.2955,71.0,64.0,62.0,64.0,51.0,54.0,61.0,4,spring,61.0,25.69,24.546999,67.0
1,2024-04-03 11:00:00+00:00,24.197,25.847,26.497,25.847,28.097,27.697,24.2455,69.0,62.0,59.0,63.0,50.0,54.0,64.0,4,spring,60.14,26.06,24.397,68.0
1,2024-04-03 12:00:00+00:00,23.847,23.796999,24.546999,26.796999,28.796999,27.697,25.7955,71.0,72.0,65.0,56.0,48.0,54.0,46.0,4,spring,58.86,25.9,21.597,84.0
1,2024-04-03 13:00:00+00:00,22.447,23.597,23.796999,25.497,27.197,26.397,23.5455,76.0,73.0,71.0,61.0,55.0,60.0,58.0,4,spring,64.86,24.64,20.597,90.0
1,2024-04-03 14:00:00+00:00,21.347,22.497,22.197,23.546999,24.747,24.497,20.595499,83.0,77.0,77.0,70.0,65.0,67.0,76.0,4,spring,73.57,22.78,20.397,89.0
1,2024-04-03 15:00:00+00:00,20.697,21.897,21.546999,21.897,22.697,22.897,18.2955,86.0,78.0,80.0,77.0,74.0,74.0,89.0,4,spring,79.71,21.42,19.847,91.0
1,2024-04-03 16:00:00+00:00,20.046999,21.197,20.597,20.947,21.647,21.947,17.345499,89.0,84.0,86.0,81.0,79.0,79.0,93.0,4,spring,84.43,20.53,19.296999,93.0
1,2024-04-03 17:00:00+00:00,19.497,20.597,19.997,20.347,21.097,21.296999,17.0455,91.0,88.0,90.0,84.0,83.0,83.0,92.0,4,spring,87.29,19.98,18.897,95.0
1,2024-04-03 18:00:00+00:00,18.497,19.147,19.796999,19.347,20.546999,20.647,18.095499,94.0,94.0,91.0,89.0,86.0,87.0,87.0,4,spring,89.71,19.44,19.147,93.0
1,2024-04-03 19:00:00+00:00,18.447,18.747,19.546999,18.647,19.947,19.897,17.4955,93.0,96.0,91.0,90.0,89.0,90.0,89.0,4,spring,91.14,18.96,18.847,95.0
1,2024-04-03 20:00:00+00:00,18.447,18.497,19.397,17.997,19.397,19.147,16.9455,91.0,95.0,91.0,90.0,92.0,93.0,91.0,4,spring,91.86,18.55,18.647,96.0
1,2024-04-03 21:00:00+00:00,18.347,18.497,19.097,17.447,18.847,18.447,16.3955,90.0,94.0,92.0,90.0,94.0,95.0,93.0,4,spring,92.57,18.15,18.647,95.0
1,2024-04-03 22:00:00+00:00,18.247,18.147,18.747,17.046999,18.296999,17.897,15.7955,88.0,94.0,93.0,91.0,95.0,96.0,94.0,4,spring,93.0,17.74,18.546999,94.0
1,2024-04-03 23:00:00+00:00,17.847,17.847,18.497,16.747,17.747,17.397,15.195499,91.0,95.0,94.0,93.0,95.0,95.0,95.0,4,spring,94.0,17.33,18.397,94.0
1,2024-04-04 00:00:00+00:00,17.897,17.247,18.046999,17.897,17.597,17.497,14.4955,92.0,94.0,92.0,88.0,97.0,93.0,96.0,4,spring,93.14,17.24,18.397,93.0
1,2024-04-04 01:00:00+00:00,17.796999,17.247,17.647,17.147,16.947,16.997,14.0455,91.0,93.0,93.0,91.0,97.0,93.0,97.0,4,spring,93.57,16.83,18.347,93.0
1,2024-04-04 02:00:00+00:00,17.597,17.046999,17.097,16.347,16.296999,16.546999,13.6455,91.0,94.0,94.0,95.0,97.0,94.0,98.0,4,spring,94.71,16.37,18.296999,92.0
1,2024-04-04 03:00:00+00:00,17.497,16.697,16.347,16.197,16.296999,16.747,13.8955,90.0,95.0,95.0,96.0,96.0,93.0,97.0,4,spring,94.57,16.24,18.197,92.0
1,2024-04-04 04:00:00+00:00,17.347,16.147,15.997,17.197,17.347,17.897,15.2955,91.0,97.0,96.0,94.0,93.0,89.0,93.0,4,spring,93.29,16.75,17.897,94.0
1,2024-04-04 05:00:00+00:00,18.247,17.897,18.046999,18.897,19.097,19.697,17.3955,92.0,94.0,90.0,90.0,88.0,84.0,86.0,4,spring,89.14,18.47,18.097,93.0
1,2024-04-04 06:00:00+00:00,20.097,20.947,20.796999,21.046999,20.947,21.597,19.1955,85.0,82.0,82.0,82.0,82.0,77.0,82.0,4,spring,81.71,20.66,19.296999,88.0
1,2024-04-04 07:00:00+00:00,22.197,23.046999,22.997,22.697,22.897,23.597,21.4955,76.0,71.0,69.0,74.0,73.0,68.0,73.0,4,spring,72.0,22.7,20.347,84.0
1,2024-04-04 08:00:00+00:00,23.947,24.747,24.847,24.247,24.997,25.647,23.9455,67.0,67.0,63.0,64.0,63.0,57.0,63.0,4,spring,63.43,24.63,21.147,79.0
1,2024-04-04 09:00:00+00:00,25.497,26.397,26.347,25.546999,26.597,27.247,25.3955,61.0,58.0,57.0,56.0,55.0,49.0,57.0,4,spring,56.14,26.15,22.046999,74.0
1,2024-04-04 10:00:00+00:00,26.397,27.347,27.397,26.597,27.647,28.097,25.1455,56.0,54.0,52.0,52.0,50.0,45.0,60.0,4,spring,52.71,26.95,22.647,70.0
1,2024-04-04 11:00:00+00:00,26.647,27.796999,28.097,27.347,28.247,28.397,23.9455,53.0,52.0,48.0,50.0,47.0,43.0,67.0,4,spring,51.43,27.21,23.847,66.0
1,2024-04-04 12:00:00+00:00,27.147,27.796999,27.447,27.546999,26.997,28.796999,22.095499,48.0,51.0,53.0,52.0,50.0,43.0,74.0,4,spring,53.0,26.83,25.447,58.0
1,2024-04-04 13:00:00+00:00,26.747,27.546999,27.197,26.546999,25.997,28.597,21.4455,49.0,52.0,54.0,56.0,56.0,44.0,79.0,4,spring,55.71,26.3,25.647,56.0
1,2024-04-04 14:00:00+00:00,25.947,24.697,24.597,24.997,24.497,27.997,20.8955,52.0,65.0,69.0,62.0,66.0,47.0,83.0,4,spring,63.43,24.8,24.947,57.0
1,2024-04-04 15:00:00+00:00,25.247,22.647,23.097,23.546999,23.197,26.997,20.095499,55.0,77.0,76.0,68.0,74.0,51.0,86.0,4,spring,69.57,23.55,22.897,69.0
1,2024-04-04 16:00:00+00:00,23.447,21.546999,21.347,22.497,22.296999,25.347,18.845499,64.0,84.0,85.0,74.0,80.0,59.0,89.0,4,spring,76.43,22.19,21.647,78.0
1,2024-04-04 17:00:00+00:00,21.747,21.046999,20.546999,21.597,21.597,23.347,17.345499,72.0,88.0,89.0,79.0,85.0,68.0,91.0,4,spring,81.71,21.03,20.647,85.0
1,2024-04-04 18:00:00+00:00,20.046999,20.796999,20.796999,20.947,20.997,21.697,17.3955,78.0,89.0,91.0,87.0,89.0,76.0,89.0,4,spring,85.57,20.38,20.097,88.0
1,2024-04-04 19:00:00+00:00,19.197,20.097,20.497,20.447,20.497,20.747,16.4455,81.0,92.0,93.0,89.0,91.0,80.0,91.0,4,spring,88.14,19.7,19.747,89.0
1,2024-04-04 20:00:00+00:00,18.347,19.597,20.247,20.097,20.147,20.197,15.695499,83.0,94.0,94.0,91.0,93.0,83.0,93.0,4,spring,90.14,19.19,19.447,90.0
1,2024-04-04 21:00:00+00:00,17.697,19.296999,19.747,19.747,19.697,19.597,15.195499,83.0,94.0,95.0,92.0,94.0,85.0,94.0,4,spring,91.0,18.71,18.546999,95.0
1,2024-04-04 22:00:00+00:00,17.046999,18.997,19.197,19.447,19.046999,18.796999,14.945499,82.0,94.0,97.0,94.0,96.0,88.0,95.0,4,spring,92.29,18.21,18.197,96.0
1,2024-04-04 23:00:00+00:00,16.397,18.597,18.747,19.147,18.347,17.947,14.945499,83.0,95.0,98.0,96.0,98.0,90.0,96.0,4,spring,93.71,17.73,18.296999,95.0
1,2024-04-05 00:00:00+00:00,16.947,17.697,17.447,18.296999,17.296999,17.997,14.4955,91.0,96.0,97.0,97.0,98.0,96.0,96.0,4,spring,95.86,17.17,17.997,94.0
1,2024-04-05 01:00:00+00:00,16.447,17.097,17.147,17.747,16.847,17.347,14.1455,94.0,96.0,96.0,98.0,98.0,96.0,97.0,4,spring,96.43,16.68,17.697,95.0
1,2024-04-05 02:00:00+00:00,16.147,16.497,16.796999,17.247,16.497,16.697,13.8455,95.0,96.0,95.0,99.0,98.0,96.0,97.0,4,spring,96.57,16.25,17.147,96.0
1,2024-04-05 03:00:00+00:00,15.896999,16.097,16.497,17.296999,16.647,16.697,14.195499,94.0,96.0,95.0,97.0,96.0,94.0,96.0,4,spring,95.43,16.19,16.597,97.0
1,2024-04-05 04:00:00+00:00,15.797,15.896999,16.296999,18.296999,17.546999,17.796999,15.5455,94.0,95.0,94.0,92.0,93.0,90.0,92.0,4,spring,92.86,16.74,16.197,97.0
1,2024-04-05 05:00:00+00:00,17.697,17.796999,18.247,19.847,18.997,19.497,17.4955,91.0,93.0,91.0,84.0,89.0,85.0,86.0,4,spring,88.43,18.51,17.647,94.0
1,2024-04-05 06:00:00+00:00,20.796999,21.097,20.997,21.247,20.597,21.296999,18.9955,83.0,80.0,83.0,79.0,83.0,79.0,81.0,4,spring,81.14,20.72,20.447,81.0
1,2024-04-05 07:00:00+00:00,23.097,23.397,23.197,23.097,22.546999,23.046999,21.7455,68.0,66.0,69.0,71.0,74.0,71.0,69.0,4,spring,69.71,22.88,22.747,68.0
1,2024-04-05 08:00:00+00:00,25.097,25.447,24.997,25.097,24.697,24.796999,24.8955,59.0,56.0,61.0,62.0,63.0,63.0,55.0,4,spring,59.86,25.0,25.097,59.0
1,2024-04-05 09:00:00+00:00,26.347,26.347,26.546999,26.597,26.397,26.247,27.1955,54.0,52.0,54.0,55.0,55.0,56.0,45.0,4,spring,53.0,26.53,26.046999,54.0
1,2024-04-05 10:00:00+00:00,26.997,27.197,27.647,27.497,27.397,27.247,28.2455,51.0,49.0,50.0,50.0,50.0,51.0,40.0,4,spring,48.71,27.46,26.597,54.0
1,2024-04-05 11:00:00+00:00,27.497,27.947,28.147,27.947,27.847,27.847,28.4955,51.0,49.0,49.0,47.0,48.0,48.0,40.0,4,spring,47.43,27.96,27.147,51.0
1,2024-04-05 12:00:00+00:00,27.197,27.647,27.847,27.947,27.747,28.097,28.095499,51.0,43.0,51.0,49.0,51.0,48.0,40.0,4,spring,47.57,27.8,26.796999,53.0
1,2024-04-05 13:00:00+00:00,26.497,27.097,24.347,26.847,26.497,26.796999,25.845499,54.0,48.0,69.0,55.0,58.0,56.0,52.0,4,spring,56.0,26.28,24.347,69.0
1,2024-04-05 14:00:00+00:00,24.097,25.647,22.747,25.046999,24.647,24.847,22.7455,70.0,57.0,79.0,65.0,70.0,68.0,69.0,4,spring,68.29,24.25,23.796999,73.0
1,2024-04-05 15:00:00+00:00,23.247,23.847,21.897,23.397,22.997,23.197,20.095499,73.0,66.0,83.0,74.0,79.0,77.0,82.0,4,spring,76.29,22.67,23.447,73.0
1,2024-04-05 16:00:00+00:00,22.046999,22.897,20.947,22.197,21.947,22.197,18.345499,79.0,72.0,89.0,80.0,84.0,81.0,89.0,4,spring,82.0,21.51,22.147,81.0
1,2024-04-05 17:00:00+00:00,20.947,21.747,20.597,21.147,21.147,21.447,17.095499,86.0,76.0,91.0,85.0,88.0,83.0,93.0,4,spring,86.0,20.59,20.997,89.0
1,2024-04-05 18:00:00+00:00,19.947,21.097,20.647,19.997,20.447,20.847,16.2955,93.0,73.0,92.0,91.0,90.0,84.0,95.0,4,spring,88.29,19.9,20.247,93.0
1,2024-04-05 19:00:00+00:00,19.296999,20.447,20.147,19.697,19.796999,20.397,15.7455,98.0,77.0,95.0,92.0,90.0,85.0,96.0,4,spring,90.43,19.36,19.747,92.0
1,2024-04-05 20:00:00+00:00,18.997,20.097,19.947,19.546999,19.247,20.046999,15.5455,98.0,80.0,94.0,93.0,89.0,86.0,96.0,4,spring,90.86,19.06,19.546999,93.0
1,2024-04-05 21:00:00+00:00,19.046999,19.397,19.546999,19.296999,18.697,19.597,15.3955,95.0,84.0,96.0,93.0,88.0,87.0,96.0,4,spring,91.29,18.71,19.296999,93.0
1,2024-04-05 22:00:00+00:00,18.847,18.697,19.046999,18.897,18.097,18.847,15.1455,93.0,88.0,97.0,94.0,89.0,88.0,96.0,4,spring,92.14,18.23,19.046999,94.0
1,2024-04-05 23:00:00+00:00,18.497,17.997,18.546999,18.397,17.546999,17.997,14.8955,93.0,92.0,97.0,96.0,91.0,90.0,96.0,4,spring,93.57,17.7,18.697,95.0
1,2024-04-06 00:00:00+00:00,17.847,17.447,17.647,17.097,17.197,16.697,14.5955,98.0,95.0,94.0,97.0,97.0,93.0,97.0,4,spring,95.86,16.93,18.097,98.0
1,2024-04-06 01:00:00+00:00,16.997,17.097,16.997,16.147,16.447,16.047,14.2955,99.0,94.0,96.0,99.0,98.0,95.0,97.0,4,spring,96.86,16.29,17.647,100.0
1,2024-04-06 02:00:00+00:00,16.296999,16.747,16.296999,15.396999,15.747,15.597,14.0455,98.0,94.0,98.0,100.0,98.0,96.0,98.0,4,spring,97.43,15.73,17.247,100.0
1,2024-04-06 03:00:00+00:00,15.847,16.347,15.747,15.347,15.747,15.797,14.2955,97.0,94.0,98.0,99.0,97.0,95.0,97.0,4,spring,96.71,15.59,16.747,100.0
1,2024-04-06 04:00:00+00:00,15.646999,16.047,15.497,16.546999,16.947,17.046999,15.2455,96.0,94.0,98.0,95.0,93.0,91.0,94.0,4,spring,94.43,16.14,16.647,99.0
1,2024-04-06 05:00:00+00:00,17.697,17.947,17.347,18.497,18.897,18.947,16.6955,90.0,91.0,94.0,88.0,87.0,85.0,90.0,4,spring,89.29,18.0,17.997,93.0
1,2024-04-06 06:00:00+00:00,20.697,20.897,20.647,20.046999,20.947,20.997,19.2955,79.0,80.0,82.0,88.0,80.0,78.0,85.0,4,spring,81.71,20.5,19.497,89.0
1,2024-04-06 07:00:00+00:00,23.097,23.046999,22.697,21.697,22.997,23.197,21.4955,67.0,67.0,72.0,80.0,71.0,69.0,77.0,4,spring,71.86,22.6,21.997,75.0
1,2024-04-06 08:00:00+00:00,25.097,25.147,24.497,23.546999,25.097,25.497,23.9455,59.0,57.0,63.0,70.0,62.0,60.0,67.0,4,spring,62.57,24.69,24.097,66.0
1,2024-04-06 09:00:00+00:00,25.947,26.747,25.546999,24.947,26.796999,27.197,25.6955,55.0,51.0,61.0,63.0,54.0,52.0,60.0,4,spring,56.57,26.13,25.546999,60.0
1,2024-04-06 10:00:00+00:00,26.796999,27.397,26.197,25.897,27.897,27.897,26.4455,51.0,48.0,57.0,59.0,49.0,48.0,55.0,4,spring,52.43,26.93,25.997,57.0
1,2024-04-06 11:00:00+00:00,27.247,28.046999,26.147,26.397,28.546999,27.997,26.4955,50.0,47.0,60.0,58.0,46.0,47.0,53.0,4,spring,51.57,27.27,26.397,55.0
1,2024-04-06 12:00:00+00:00,26.296999,26.197,26.546999,27.497,28.197,28.347,20.8955,54.0,53.0,58.0,52.0,45.0,48.0,78.0,4,spring,55.43,26.28,26.497,55.0
1,2024-04-06 13:00:00+00:00,26.747,23.796999,25.147,26.546999,28.097,27.097,19.9955,54.0,66.0,66.0,57.0,45.0,55.0,84.0,4,spring,61.0,25.35,24.296999,63.0
1,2024-04-06 14:00:00+00:00,24.097,24.046999,22.546999,24.947,27.747,25.197,19.595499,69.0,66.0,77.0,64.0,46.0,65.0,88.0,4,spring,67.86,24.03,23.097,73.0
1,2024-04-06 15:00:00+00:00,23.197,23.597,21.997,23.497,26.997,23.546999,19.1955,76.0,67.0,79.0,71.0,49.0,74.0,91.0,4,spring,72.43,23.15,22.897,75.0
1,2024-04-06 16:00:00+00:00,22.046999,22.097,21.397,22.447,25.597,22.546999,18.5455,83.0,76.0,83.0,75.0,57.0,80.0,94.0,4,spring,78.29,22.1,21.597,82.0
1,2024-04-06 17:00:00+00:00,20.747,20.997,20.847,21.546999,23.796999,21.847,17.845499,90.0,83.0,88.0,79.0,68.0,84.0,96.0,4,spring,84.0,21.09,20.597,89.0
1,2024-04-06 18:00:00+00:00,20.497,20.046999,20.697,20.247,22.296999,21.197,17.1955,87.0,89.0,85.0,91.0,76.0,87.0,96.0,4,spring,87.29,20.31,20.197,95.0
1,2024-04-06 19:00:00+00:00,19.597,19.747,20.197,19.897,21.347,20.597,16.9955,91.0,90.0,90.0,92.0,79.0,90.0,97.0,4,spring,89.86,19.77,19.697,97.0
1,2024-04-06 20:00:00+00:00,18.997,19.347,19.997,19.697,20.697,20.097,16.9955,93.0,92.0,91.0,92.0,80.0,91.0,98.0,4,spring,91.0,19.4,19.347,96.0
1,2024-04-06 21:00:00+00:00,18.546999,18.747,19.796999,19.347,20.046999,19.546999,16.8955,94.0,93.0,92.0,92.0,81.0,93.0,98.0,4,spring,91.86,18.99,19.046999,97.0
1,2024-04-06 22:00:00+00:00,18.296999,18.247,19.197,18.796999,19.247,18.897,16.5455,94.0,92.0,95.0,94.0,84.0,95.0,98.0,4,spring,93.14,18.46,18.847,97.0
1,2024-04-06 23:00:00+00:00,17.697,17.796999,18.497,18.147,18.397,18.247,16.095499,95.0,93.0,98.0,96.0,88.0,97.0,98.0,4,spring,95.0,17.84,18.447,99.0
1,2024-04-07 00:00:00+00:00,17.847,17.197,17.546999,17.197,17.447,17.296999,14.9955,99.0,95.0,98.0,99.0,91.0,91.0,97.0,4,spring,95.71,17.08,18.497,97.0
1,2024-04-07 01:00:00+00:00,17.546999,16.647,16.997,16.546999,16.747,16.697,14.5955,100.0,96.0,98.0,100.0,93.0,93.0,97.0,4,spring,96.71,16.54,17.947,99.0
1,2024-04-07 02:00:00+00:00,17.197,16.296999,16.447,15.947,16.147,16.247,14.1455,99.0,96.0,98.0,100.0,94.0,94.0,97.0,4,spring,96.86,16.06,17.497,99.0
1,2024-04-07 03:00:00+00:00,16.997,16.047,15.947,16.047,16.247,16.397,14.3955,98.0,96.0,97.0,98.0,94.0,94.0,96.0,4,spring,96.14,16.01,16.997,99.0
1,2024-04-07 04:00:00+00:00,16.697,15.997,15.896999,17.247,17.397,17.597,15.695499,98.0,95.0,96.0,94.0,91.0,91.0,93.0,4,spring,94.0,16.65,16.597,98.0
1,2024-04-07 05:00:00+00:00,18.147,17.796999,18.046999,19.097,19.247,19.497,17.6455,93.0,91.0,91.0,88.0,85.0,85.0,87.0,4,spring,88.57,18.5,18.046999,95.0
1,2024-04-07 06:00:00+00:00,20.147,20.197,20.847,20.747,21.147,21.447,20.1955,84.0,84.0,79.0,87.0,79.0,79.0,78.0,4,spring,81.43,20.68,20.147,87.0
1,2024-04-07 07:00:00+00:00,22.097,22.497,23.397,22.347,23.147,23.447,22.7955,74.0,73.0,67.0,78.0,72.0,71.0,66.0,4,spring,71.57,22.82,22.447,74.0
1,2024-04-07 08:00:00+00:00,23.546999,24.247,25.046999,24.197,25.197,25.497,25.6455,66.0,64.0,59.0,67.0,65.0,61.0,51.0,4,spring,61.86,24.77,24.097,64.0
1,2024-04-07 09:00:00+00:00,24.947,25.497,26.296999,25.597,26.847,27.046999,27.7955,59.0,58.0,54.0,59.0,58.0,54.0,40.0,4,spring,54.57,26.29,25.347,59.0
1,2024-04-07 10:00:00+00:00,25.546999,26.546999,27.447,26.497,27.947,27.847,28.9955,57.0,55.0,52.0,56.0,52.0,50.0,35.0,4,spring,51.0,27.26,26.247,57.0
1,2024-04-07 11:00:00+00:00,25.647,26.847,27.796999,27.046999,28.597,28.147,29.4455,57.0,54.0,50.0,56.0,47.0,48.0,34.0,4,spring,49.43,27.65,26.647,56.0
1,2024-04-07 12:00:00+00:00,26.347,26.046999,27.947,27.697,27.347,28.147,29.6955,57.0,63.0,48.0,51.0,52.0,46.0,34.0,4,spring,50.14,27.6,26.497,56.0
1,2024-04-07 13:00:00+00:00,26.247,24.747,27.597,26.397,25.997,26.897,27.345499,61.0,70.0,50.0,59.0,59.0,53.0,45.0,4,spring,56.71,26.46,25.997,59.0
1,2024-04-07 14:00:00+00:00,24.497,22.697,24.697,24.347,23.947,24.947,23.7455,69.0,79.0,65.0,70.0,70.0,64.0,61.0,4,spring,68.29,24.13,24.046999,72.0
1,2024-04-07 15:00:00+00:00,23.447,21.796999,23.347,22.597,22.296999,23.247,20.6955,74.0,81.0,74.0,80.0,79.0,74.0,75.0,4,spring,76.71,22.49,21.897,83.0
1,2024-04-07 16:00:00+00:00,22.546999,20.497,22.046999,21.597,21.397,22.097,18.7455,79.0,88.0,82.0,85.0,84.0,81.0,85.0,4,spring,83.43,21.28,20.897,89.0
1,2024-04-07 17:00:00+00:00,21.597,19.796999,21.447,20.947,20.847,21.247,17.2955,85.0,92.0,87.0,88.0,87.0,86.0,92.0,4,spring,88.14,20.45,20.296999,92.0
1,2024-04-07 18:00:00+00:00,19.447,19.147,20.347,20.546999,20.347,20.546999,16.3955,91.0,92.0,91.0,89.0,90.0,90.0,97.0,4,spring,91.43,19.54,20.147,93.0
1,2024-04-07 19:00:00+00:00,19.097,18.397,19.997,20.046999,19.796999,20.147,15.7955,92.0,89.0,92.0,91.0,92.0,90.0,100.0,4,spring,92.29,19.04,19.796999,93.0
1,2024-04-07 20:00:00+00:00,18.897,18.147,19.597,19.647,19.247,19.897,16.095499,94.0,92.0,94.0,92.0,94.0,89.0,98.0,4,spring,93.29,18.79,19.597,93.0
1,2024-04-07 21:00:00+00:00,18.847,18.046999,19.296999,19.296999,18.796999,19.546999,16.2955,94.0,93.0,95.0,93.0,95.0,88.0,96.0,4,spring,93.43,18.59,19.497,93.0
1,2024-04-07 22:00:00+00:00,18.497,17.747,19.046999,18.997,18.447,18.847,16.095499,95.0,94.0,95.0,94.0,96.0,91.0,96.0,4,spring,94.43,18.24,19.296999,93.0
1,2024-04-07 23:00:00+00:00,18.247,17.546999,18.796999,18.697,18.147,17.997,15.7955,96.0,95.0,96.0,96.0,96.0,94.0,96.0,4,spring,95.57,17.89,19.097,93.0
1,2024-04-08 00:00:00+00:00,18.597,17.447,18.497,17.947,18.397,17.546999,15.195499,95.0,93.0,95.0,97.0,95.0,96.0,96.0,4,spring,95.29,17.66,18.796999,94.0
1,2024-04-08 01:00:00+00:00,18.247,17.397,18.147,17.197,17.796999,16.747,14.6455,96.0,93.0,96.0,98.0,97.0,97.0,97.0,4,spring,96.29,17.17,18.647,93.0
1,2024-04-08 02:00:00+00:00,17.897,17.247,17.597,16.447,17.147,16.047,14.2955,97.0,94.0,98.0,98.0,100.0,97.0,97.0,4,spring,97.29,16.67,18.197,96.0
1,2024-04-08 03:00:00+00:00,17.347,17.147,17.247,16.397,17.046999,16.097,14.5955,99.0,94.0,99.0,97.0,100.0,96.0,96.0,4,spring,97.29,16.55,17.747,98.0
1,2024-04-08 04:00:00+00:00,17.046999,16.847,16.796999,17.397,17.697,17.347,15.9955,100.0,95.0,100.0,94.0,98.0,92.0,92.0,4,spring,95.86,17.02,17.447,98.0
1,2024-04-08 05:00:00+00:00,18.397,18.097,18.296999,19.046999,18.796999,19.347,18.1455,96.0,92.0,96.0,89.0,94.0,86.0,86.0,4,spring,91.29,18.59,18.397,95.0
1,2024-04-08 06:00:00+00:00,19.597,19.897,20.447,20.546999,20.247,21.397,20.095499,92.0,90.0,85.0,87.0,88.0,79.0,79.0,4,spring,85.71,20.32,20.197,87.0
1,2024-04-08 07:00:00+00:00,20.897,21.147,22.197,22.347,22.197,23.546999,22.4955,86.0,86.0,76.0,78.0,78.0,69.0,68.0,4,spring,77.29,22.12,21.697,79.0
1,2024-04-08 08:00:00+00:00,22.247,22.497,23.897,24.347,24.447,25.747,25.0455,78.0,78.0,67.0,67.0,66.0,59.0,56.0,4,spring,67.29,24.03,22.546999,75.0
1,2024-04-08 09:00:00+00:00,23.497,23.447,25.046999,25.947,26.197,27.447,26.9955,72.0,73.0,61.0,58.0,57.0,50.0,46.0,4,spring,59.57,25.51,23.546999,75.0
1,2024-04-08 10:00:00+00:00,24.247,24.497,26.197,27.097,27.296999,28.397,28.345499,69.0,69.0,58.0,52.0,51.0,45.0,40.0,4,spring,54.86,26.58,24.247,71.0
1,2024-04-08 11:00:00+00:00,24.847,25.046999,26.997,27.847,27.947,28.897,29.1455,67.0,66.0,55.0,49.0,48.0,43.0,37.0,4,spring,52.14,27.25,23.947,71.0
1,2024-04-08 12:00:00+00:00,23.447,23.497,26.546999,27.847,28.097,27.147,28.095499,74.0,74.0,58.0,49.0,45.0,56.0,42.0,4,spring,56.86,26.38,23.847,71.0
1,2024-04-08 13:00:00+00:00,21.546999,22.597,25.447,27.497,27.697,26.197,25.5455,80.0,78.0,65.0,49.0,47.0,61.0,55.0,4,spring,62.14,25.22,22.347,80.0
1,2024-04-08 14:00:00+00:00,21.197,22.247,24.247,26.747,26.747,24.747,21.845499,80.0,76.0,71.0,51.0,51.0,67.0,74.0,4,spring,67.14,23.97,21.046999,83.0
1,2024-04-08 15:00:00+00:00,20.397,21.997,22.997,25.647,25.597,23.497,18.9955,84.0,75.0,76.0,55.0,57.0,73.0,89.0,4,spring,72.71,22.73,20.546999,82.0
1,2024-04-08 16:00:00+00:00,19.796999,21.197,21.747,24.147,24.197,22.697,17.8955,86.0,79.0,82.0,64.0,65.0,77.0,94.0,4,spring,78.14,21.67,19.697,86.0
1,2024-04-08 17:00:00+00:00,19.247,20.597,20.897,22.347,22.597,22.097,17.6955,90.0,81.0,87.0,76.0,75.0,81.0,95.0,4,spring,83.57,20.78,19.247,89.0
1,2024-04-08 18:00:00+00:00,18.497,19.597,20.546999,21.147,21.296999,21.447,16.595499,87.0,91.0,86.0,86.0,82.0,85.0,96.0,4,spring,87.57,19.88,19.046999,92.0
1,2024-04-08 19:00:00+00:00,18.347,19.296999,20.247,20.647,20.647,20.597,16.6955,87.0,92.0,89.0,89.0,85.0,89.0,95.0,4,spring,89.43,19.5,18.997,93.0
1,2024-04-08 20:00:00+00:00,18.147,18.897,19.897,20.247,20.296999,19.647,16.9955,88.0,93.0,91.0,91.0,87.0,93.0,95.0,4,spring,91.14,19.16,18.747,94.0
1,2024-04-08 21:00:00+00:00,18.046999,18.647,19.397,19.847,19.897,18.847,17.095499,89.0,94.0,94.0,93.0,88.0,96.0,94.0,4,spring,92.57,18.83,18.597,94.0
1,2024-04-08 22:00:00+00:00,17.897,18.296999,18.947,19.347,19.197,18.247,16.7455,89.0,95.0,95.0,95.0,90.0,96.0,94.0,4,spring,93.43,18.38,18.546999,95.0
1,2024-04-08 23:00:00+00:00,17.747,17.947,18.796999,18.847,18.397,17.796999,16.1955,89.0,97.0,95.0,97.0,93.0,96.0,95.0,4,spring,94.57,17.96,18.296999,95.0
1,2024-04-09 00:00:00+00:00,17.647,17.397,18.097,17.447,17.796999,17.697,15.0955,95.0,98.0,95.0,98.0,99.0,95.0,96.0,4,spring,96.57,17.31,17.947,95.0
1,2024-04-09 01:00:00+00:00,17.397,17.647,18.147,16.697,17.046999,17.046999,14.8455,95.0,97.0,95.0,99.0,99.0,96.0,97.0,4,spring,96.86,16.98,17.897,95.0
1,2024-04-09 02:00:00+00:00,17.046999,17.546999,18.197,16.097,16.397,16.397,14.695499,95.0,97.0,95.0,100.0,98.0,96.0,98.0,4,spring,97.0,16.63,17.796999,95.0
1,2024-04-09 03:00:00+00:00,16.697,17.247,17.947,16.097,16.397,16.447,15.0955,96.0,98.0,96.0,99.0,96.0,95.0,97.0,4,spring,96.71,16.56,17.796999,94.0
1,2024-04-09 04:00:00+00:00,16.347,16.997,17.347,17.046999,17.447,17.546999,16.2455,96.0,98.0,98.0,96.0,92.0,91.0,94.0,4,spring,95.0,17.0,17.697,94.0
1,2024-04-09 05:00:00+00:00,17.897,18.347,18.747,18.647,19.147,19.347,17.9955,93.0,95.0,96.0,91.0,86.0,86.0,89.0,4,spring,90.86,18.59,18.497,92.0
1,2024-04-09 06:00:00+00:00,19.947,20.546999,20.046999,20.546999,20.997,21.247,20.095499,87.0,83.0,87.0,85.0,80.0,80.0,82.0,4,spring,83.43,20.49,19.247,86.0
1,2024-04-09 07:00:00+00:00,21.697,22.447,22.296999,22.397,22.997,23.197,22.4455,79.0,74.0,75.0,76.0,72.0,73.0,72.0,4,spring,74.43,22.5,20.947,80.0
1,2024-04-09 08:00:00+00:00,23.097,23.897,24.147,24.247,25.147,25.296999,24.9955,73.0,67.0,65.0,66.0,62.0,65.0,60.0,4,spring,65.43,24.4,22.397,72.0
1,2024-04-09 09:00:00+00:00,24.397,25.147,25.697,25.747,26.796999,26.947,26.7955,66.0,61.0,58.0,58.0,55.0,58.0,52.0,4,spring,58.29,25.93,23.647,67.0
1,2024-04-09 10:00:00+00:00,25.447,26.197,26.647,26.847,27.796999,28.097,27.6455,63.0,55.0,53.0,53.0,50.0,52.0,49.0,4,spring,53.57,26.95,24.647,63.0
1,2024-04-09 11:00:00+00:00,25.947,26.647,27.296999,27.546999,28.347,28.796999,27.7955,64.0,55.0,53.0,50.0,48.0,47.0,50.0,4,spring,52.43,27.48,25.197,63.0
1,2024-04-09 12:00:00+00:00,25.697,26.897,27.197,26.497,27.296999,29.296999,24.095499,63.0,55.0,54.0,59.0,56.0,43.0,65.0,4,spring,56.43,26.71,25.647,62.0
1,2024-04-09 13:00:00+00:00,25.497,25.447,26.796999,26.147,26.097,27.747,22.6955,64.0,63.0,55.0,59.0,62.0,51.0,74.0,4,spring,61.14,25.78,25.296999,62.0
1,2024-04-09 14:00:00+00:00,24.597,23.796999,24.197,25.397,24.197,25.296999,20.9455,66.0,74.0,69.0,61.0,71.0,65.0,84.0,4,spring,70.0,24.06,24.397,63.0
1,2024-04-09 15:00:00+00:00,23.097,23.097,22.447,24.497,22.597,23.247,19.4955,77.0,76.0,78.0,64.0,78.0,76.0,92.0,4,spring,77.29,22.64,23.546999,69.0
1,2024-04-09 16:00:00+00:00,21.347,21.697,21.597,23.397,21.647,22.147,18.6455,85.0,83.0,83.0,71.0,83.0,82.0,94.0,4,spring,83.0,21.5,22.097,80.0
1,2024-04-09 17:00:00+00:00,20.597,20.796999,20.497,22.197,20.947,21.447,18.1455,89.0,88.0,90.0,80.0,87.0,86.0,93.0,4,spring,87.57,20.66,21.296999,86.0
1,2024-04-09 18:00:00+00:00,20.296999,20.097,20.097,20.397,20.447,20.897,16.3955,91.0,86.0,88.0,91.0,90.0,89.0,97.0,4,spring,90.29,19.8,20.546999,87.0
1,2024-04-09 19:00:00+00:00,19.697,19.847,19.697,19.897,20.147,20.447,16.1955,95.0,88.0,90.0,93.0,92.0,90.0,97.0,4,spring,92.14,19.42,20.046999,90.0
1,2024-04-09 20:00:00+00:00,19.197,19.597,19.397,19.546999,19.997,20.147,16.2455,96.0,90.0,91.0,93.0,92.0,89.0,97.0,4,spring,92.57,19.16,19.597,92.0
1,2024-04-09 21:00:00+00:00,19.147,19.497,19.147,19.247,19.747,19.747,16.1955,95.0,91.0,92.0,94.0,93.0,89.0,96.0,4,spring,92.86,18.96,19.397,93.0
1,2024-04-09 22:00:00+00:00,18.997,19.147,18.847,18.947,19.347,19.097,15.9955,94.0,92.0,93.0,95.0,95.0,92.0,96.0,4,spring,93.86,18.63,19.097,94.0
1,2024-04-09 23:00:00+00:00,18.697,18.697,18.697,18.647,18.796999,18.397,15.7455,94.0,92.0,93.0,97.0,97.0,95.0,96.0,4,spring,94.86,18.24,18.897,94.0
1,2024-04-10 00:00:00+00:00,18.097,18.747,18.847,18.147,17.597,18.397,15.4955,97.0,94.0,97.0,99.0,97.0,96.0,97.0,4,spring,96.71,17.9,18.497,95.0
1,2024-04-10 01:00:00+00:00,17.947,18.447,18.497,17.597,16.847,17.647,14.9955,97.0,95.0,98.0,100.0,98.0,98.0,98.0,4,spring,97.71,17.43,18.296999,96.0
1,2024-04-10 02:00:00+00:00,17.796999,17.997,18.046999,17.046999,16.147,16.897,14.6455,98.0,96.0,99.0,100.0,100.0,99.0,98.0,4,spring,98.57,16.94,18.097,96.0
1,2024-04-10 03:00:00+00:00,17.597,17.296999,17.697,17.046999,16.097,16.796999,14.8955,98.0,98.0,99.0,100.0,99.0,98.0,97.0,4,spring,98.43,16.78,17.796999,97.0
1,2024-04-10 04:00:00+00:00,17.296999,16.897,17.497,17.897,17.147,17.747,16.095499,98.0,99.0,100.0,97.0,96.0,95.0,93.0,4,spring,96.86,17.23,17.597,98.0
1,2024-04-10 05:00:00+00:00,18.697,18.397,18.597,19.296999,18.847,19.397,17.9455,94.0,96.0,97.0,92.0,91.0,89.0,88.0,4,spring,92.43,18.74,18.847,94.0
1,2024-04-10 06:00:00+00:00,20.247,20.697,20.546999,20.847,20.597,21.097,20.095499,88.0,85.0,87.0,85.0,85.0,83.0,79.0,4,spring,84.57,20.59,20.347,86.0
1,2024-04-10 07:00:00+00:00,22.097,22.347,22.497,22.296999,22.197,22.897,22.5455,78.0,76.0,77.0,79.0,78.0,75.0,68.0,4,spring,75.86,22.41,21.497,83.0
1,2024-04-10 08:00:00+00:00,23.497,23.546999,24.147,23.847,23.847,24.796999,25.2455,70.0,72.0,69.0,72.0,70.0,67.0,54.0,4,spring,67.71,24.13,22.997,77.0
1,2024-04-10 09:00:00+00:00,24.697,24.796999,25.497,24.997,25.197,26.296999,27.2955,64.0,66.0,62.0,67.0,64.0,60.0,44.0,4,spring,61.0,25.54,23.897,73.0
1,2024-04-10 10:00:00+00:00,25.697,25.697,26.497,25.747,26.347,27.347,28.6955,60.0,62.0,58.0,64.0,59.0,55.0,38.0,4,spring,56.57,26.58,24.747,69.0
1,2024-04-10 11:00:00+00:00,26.447,26.197,27.046999,26.097,27.197,27.947,29.4455,57.0,60.0,55.0,62.0,56.0,51.0,35.0,4,spring,53.71,27.2,25.197,68.0
1,2024-04-10 12:00:00+00:00,24.647,25.796999,26.296999,27.247,27.046999,26.347,29.2955,71.0,64.0,61.0,56.0,57.0,62.0,37.0,4,spring,58.29,26.67,25.397,66.0
1,2024-04-10 13:00:00+00:00,23.747,24.897,24.597,26.247,26.097,25.497,27.845499,74.0,66.0,72.0,61.0,62.0,66.0,44.0,4,spring,63.57,25.56,24.097,73.0
1,2024-04-10 14:00:00+00:00,23.347,22.947,23.046999,24.597,24.497,24.097,25.595499,74.0,77.0,78.0,70.0,70.0,73.0,57.0,4,spring,71.29,24.02,23.197,75.0
1,2024-04-10 15:00:00+00:00,22.097,22.247,22.447,23.097,22.997,22.847,23.2955,80.0,81.0,81.0,77.0,78.0,79.0,68.0,4,spring,77.71,22.72,22.296999,78.0
1,2024-04-10 16:00:00+00:00,21.497,21.447,21.647,22.046999,21.947,21.847,21.0455,84.0,86.0,86.0,82.0,84.0,84.0,78.0,4,spring,83.43,21.64,21.497,84.0
1,2024-04-10 17:00:00+00:00,21.046999,20.447,21.147,21.197,20.997,20.947,18.845499,87.0,91.0,89.0,87.0,88.0,89.0,87.0,4,spring,88.29,20.66,21.046999,88.0
1,2024-04-10 18:00:00+00:00,20.447,20.546999,20.747,20.347,20.247,20.247,17.3955,90.0,91.0,89.0,92.0,92.0,93.0,92.0,4,spring,91.29,20.0,20.847,90.0
1,2024-04-10 19:00:00+00:00,19.447,20.097,20.296999,19.997,19.747,19.796999,16.6455,95.0,93.0,92.0,93.0,93.0,94.0,94.0,4,spring,93.43,19.43,20.546999,90.0
1,2024-04-10 20:00:00+00:00,19.247,19.747,19.796999,19.747,19.497,19.546999,16.2955,95.0,94.0,92.0,94.0,94.0,94.0,95.0,4,spring,94.0,19.13,19.897,93.0
1,2024-04-10 21:00:00+00:00,19.046999,19.447,19.546999,19.447,19.147,19.247,15.9955,95.0,95.0,93.0,94.0,94.0,94.0,96.0,4,spring,94.43,18.84,19.497,95.0
1,2024-04-10 22:00:00+00:00,18.647,19.046999,19.147,19.097,18.697,18.747,15.6455,96.0,97.0,95.0,95.0,95.0,95.0,96.0,4,spring,95.57,18.43,19.197,96.0
1,2024-04-10 23:00:00+00:00,18.247,18.647,18.597,18.647,18.197,18.197,15.3455,97.0,98.0,96.0,95.0,97.0,96.0,96.0,4,spring,96.43,17.98,18.796999,97.0
1,2024-04-11 00:00:00+00:00,18.447,18.147,17.697,18.447,17.847,17.397,15.7955,96.0,96.0,97.0,96.0,95.0,97.0,96.0,4,spring,96.14,17.68,18.597,95.0
1,2024-04-11 01:00:00+00:00,17.897,17.847,17.247,17.796999,17.296999,16.697,15.2455,98.0,97.0,97.0,97.0,96.0,98.0,97.0,4,spring,97.14,17.15,18.397,96.0
1,2024-04-11 02:00:00+00:00,17.347,17.546999,16.897,17.046999,16.747,16.047,14.6455,99.0,97.0,97.0,98.0,97.0,99.0,98.0,4,spring,97.86,16.61,18.296999,96.0
1,2024-04-11 03:00:00+00:00,16.997,16.997,16.447,16.947,16.796999,16.097,14.695499,100.0,99.0,98.0,98.0,96.0,98.0,97.0,4,spring,98.0,16.43,17.997,97.0
1,2024-04-11 04:00:00+00:00,16.747,16.397,16.347,17.796999,17.747,17.197,15.7955,100.0,99.0,97.0,95.0,93.0,95.0,94.0,4,spring,96.14,16.86,17.647,98.0
1,2024-04-11 05:00:00+00:00,18.397,18.197,18.147,19.247,19.296999,19.046999,17.595499,97.0,96.0,93.0,91.0,89.0,90.0,89.0,4,spring,92.14,18.56,18.897,95.0
1,2024-04-11 06:00:00+00:00,20.697,20.947,20.497,20.296999,20.997,20.897,19.8955,86.0,83.0,87.0,88.0,84.0,84.0,82.0,4,spring,84.86,20.6,20.647,87.0
1,2024-04-11 07:00:00+00:00,22.397,23.097,22.546999,22.097,22.947,22.796999,22.345499,77.0,74.0,78.0,82.0,77.0,75.0,72.0,4,spring,76.43,22.6,21.947,83.0
1,2024-04-11 08:00:00+00:00,23.897,24.747,24.397,24.046999,25.147,24.747,24.9955,70.0,66.0,72.0,75.0,68.0,64.0,61.0,4,spring,68.0,24.57,23.197,77.0
1,2024-04-11 09:00:00+00:00,24.847,25.796999,25.997,25.647,26.897,26.347,26.8955,65.0,61.0,66.0,68.0,61.0,56.0,52.0,4,spring,61.29,26.06,24.247,71.0
1,2024-04-11 10:00:00+00:00,25.997,26.647,27.296999,26.847,28.296999,27.546999,27.7455,61.0,58.0,58.0,61.0,54.0,51.0,48.0,4,spring,55.86,27.2,25.247,67.0
1,2024-04-11 11:00:00+00:00,26.597,27.046999,28.247,27.697,29.296999,28.296999,27.8955,59.0,57.0,53.0,54.0,48.0,49.0,47.0,4,spring,52.43,27.87,25.647,65.0
1,2024-04-11 12:00:00+00:00,26.097,26.697,27.897,28.147,28.546999,27.597,28.7955,62.0,60.0,50.0,53.0,48.0,54.0,42.0,4,spring,52.71,27.68,26.046999,60.0
1,2024-04-11 13:00:00+00:00,25.597,26.347,27.747,26.997,28.497,26.997,27.2455,64.0,61.0,52.0,59.0,46.0,57.0,51.0,4,spring,55.71,27.06,25.647,62.0
1,2024-04-11 14:00:00+00:00,23.947,24.597,27.397,25.097,28.046999,25.796999,24.7955,73.0,68.0,55.0,69.0,46.0,62.0,65.0,4,spring,62.57,25.67,24.397,67.0
1,2024-04-11 15:00:00+00:00,22.697,23.097,23.897,23.447,27.147,24.546999,22.4955,78.0,76.0,72.0,77.0,50.0,68.0,77.0,4,spring,71.14,23.9,23.247,75.0
1,2024-04-11 16:00:00+00:00,21.697,21.747,22.747,22.447,25.447,23.296999,20.7455,84.0,84.0,80.0,82.0,60.0,75.0,84.0,4,spring,78.43,22.59,21.897,81.0
1,2024-04-11 17:00:00+00:00,20.947,20.796999,21.947,21.697,23.296999,21.997,19.1455,88.0,90.0,85.0,87.0,74.0,84.0,89.0,4,spring,85.29,21.4,20.897,86.0
1,2024-04-11 18:00:00+00:00,19.997,20.497,20.597,21.147,21.597,20.897,17.7955,92.0,90.0,89.0,90.0,85.0,90.0,94.0,4,spring,90.0,20.36,20.897,88.0
1,2024-04-11 19:00:00+00:00,19.597,19.747,19.647,20.697,20.847,20.197,16.7955,92.0,94.0,94.0,92.0,90.0,93.0,96.0,4,spring,93.0,19.65,20.447,90.0
1,2024-04-11 20:00:00+00:00,19.046999,19.397,19.497,20.497,20.546999,19.697,16.095499,94.0,94.0,94.0,92.0,92.0,95.0,97.0,4,spring,94.0,19.25,19.597,95.0
1,2024-04-11 21:00:00+00:00,18.697,19.197,19.397,20.197,20.147,19.197,15.5955,95.0,95.0,94.0,93.0,93.0,96.0,97.0,4,spring,94.71,18.92,19.447,95.0
1,2024-04-11 22:00:00+00:00,18.347,19.247,19.097,19.597,19.397,18.597,15.2955,96.0,94.0,95.0,95.0,95.0,96.0,97.0,4,spring,95.43,18.51,19.247,95.0
1,2024-04-11 23:00:00+00:00,17.997,18.897,18.647,18.897,18.597,18.046999,15.195499,97.0,93.0,95.0,98.0,97.0,95.0,96.0,4,spring,95.86,18.04,18.796999,97.0
1,2024-04-12 00:00:00+00:00,17.197,18.296999,18.147,17.897,18.697,17.097,15.0955,95.0,93.0,95.0,94.0,96.0,100.0,95.0,4,spring,95.43,17.49,18.647,96.0
1,2024-04-12 01:00:00+00:00,16.647,17.847,17.546999,17.097,17.947,16.447,14.695499,96.0,95.0,96.0,96.0,97.0,100.0,96.0,4,spring,96.57,16.89,18.397,97.0
1,2024-04-12 02:00:00+00:00,16.147,17.347,17.046999,16.296999,17.147,15.896999,14.2955,97.0,96.0,95.0,97.0,97.0,100.0,97.0,4,spring,97.0,16.31,17.847,98.0
1,2024-04-12 03:00:00+00:00,15.896999,16.997,16.697,16.247,17.046999,16.097,14.5955,97.0,96.0,95.0,97.0,96.0,98.0,96.0,4,spring,96.43,16.23,17.447,98.0
1,2024-04-12 04:00:00+00:00,15.847,16.796999,16.497,17.497,18.097,17.447,15.8955,96.0,95.0,94.0,93.0,93.0,94.0,93.0,4,spring,94.0,16.87,17.247,96.0
1,2024-04-12 05:00:00+00:00,17.997,18.697,18.597,19.497,19.796999,19.497,17.7955,92.0,92.0,92.0,87.0,88.0,88.0,88.0,4,spring,89.57,18.84,18.747,91.0
1,2024-04-12 06:00:00+00:00,20.747,21.147,21.347,21.296999,21.546999,21.546999,19.8955,84.0,83.0,82.0,83.0,83.0,81.0,82.0,4,spring,82.57,21.08,21.097,84.0
1,2024-04-12 07:00:00+00:00,22.546999,23.046999,23.197,23.147,23.247,23.546999,22.2455,77.0,76.0,76.0,75.0,76.0,73.0,71.0,4,spring,74.86,23.0,22.997,72.0
1,2024-04-12 08:00:00+00:00,24.296999,24.697,25.147,25.097,24.997,25.497,24.7455,69.0,69.0,70.0,67.0,68.0,63.0,59.0,4,spring,66.43,24.93,24.796999,65.0
1,2024-04-12 09:00:00+00:00,26.397,25.997,26.796999,26.497,26.296999,27.046999,26.6955,60.0,62.0,64.0,61.0,62.0,56.0,49.0,4,spring,59.14,26.53,25.796999,60.0
1,2024-04-12 10:00:00+00:00,27.447,26.847,27.997,27.197,27.046999,28.046999,27.845499,54.0,60.0,56.0,59.0,59.0,52.0,43.0,4,spring,54.71,27.49,26.697,56.0
1,2024-04-12 11:00:00+00:00,27.997,27.296999,28.647,27.397,27.447,28.597,28.345499,52.0,59.0,52.0,59.0,57.0,50.0,41.0,4,spring,52.86,27.96,27.647,52.0
1,2024-04-12 12:00:00+00:00,27.447,27.347,28.197,26.847,27.647,27.796999,28.3955,56.0,61.0,52.0,68.0,57.0,55.0,39.0,4,spring,55.43,27.67,27.447,51.0
1,2024-04-12 13:00:00+00:00,24.947,25.647,27.697,26.247,26.397,26.647,26.1955,70.0,72.0,55.0,69.0,63.0,60.0,51.0,4,spring,62.86,26.25,26.997,51.0
1,2024-04-12 14:00:00+00:00,24.147,24.847,24.347,25.296999,24.497,24.796999,22.9455,73.0,73.0,73.0,71.0,72.0,69.0,69.0,4,spring,71.43,24.41,25.147,62.0
1,2024-04-12 15:00:00+00:00,23.947,23.597,23.347,24.347,22.897,23.197,20.1955,73.0,75.0,74.0,73.0,80.0,76.0,83.0,4,spring,76.29,23.08,24.247,68.0
1,2024-04-12 16:00:00+00:00,22.497,22.447,22.247,23.397,21.897,22.197,18.2955,83.0,82.0,82.0,77.0,85.0,82.0,91.0,4,spring,83.14,21.85,23.247,74.0
1,2024-04-12 17:00:00+00:00,21.597,21.947,21.647,22.447,21.197,21.397,16.845499,86.0,85.0,85.0,83.0,89.0,86.0,96.0,4,spring,87.14,21.01,22.046999,79.0
1,2024-04-12 18:00:00+00:00,20.497,21.847,20.796999,20.847,20.647,20.796999,16.7955,91.0,87.0,90.0,91.0,92.0,90.0,96.0,4,spring,91.0,20.32,21.347,86.0
1,2024-04-12 19:00:00+00:00,20.247,21.197,20.796999,20.347,20.247,20.397,16.0455,90.0,90.0,91.0,93.0,94.0,92.0,98.0,4,spring,92.57,19.9,20.397,91.0
1,2024-04-12 20:00:00+00:00,19.497,20.697,20.397,20.046999,20.046999,20.197,15.7955,93.0,91.0,92.0,93.0,94.0,94.0,98.0,4,spring,93.57,19.53,19.847,94.0
1,2024-04-12 21:00:00+00:00,19.347,19.997,19.747,19.747,19.847,19.847,15.5955,94.0,91.0,95.0,94.0,95.0,95.0,98.0,4,spring,94.57,19.16,19.347,94.0
1,2024-04-12 22:00:00+00:00,19.147,19.347,19.347,19.447,19.597,19.197,15.3455,95.0,90.0,96.0,95.0,96.0,96.0,98.0,4,spring,95.14,18.78,19.197,93.0
1,2024-04-12 23:00:00+00:00,18.796999,18.947,19.296999,19.147,19.397,18.497,15.1455,96.0,89.0,96.0,97.0,97.0,97.0,97.0,4,spring,95.57,18.46,18.747,94.0
1,2024-04-13 00:00:00+00:00,18.647,18.046999,19.147,18.347,17.897,18.647,15.0955,97.0,92.0,96.0,98.0,99.0,97.0,96.0,4,spring,96.43,17.98,18.397,96.0
1,2024-04-13 01:00:00+00:00,18.347,17.597,18.697,17.747,17.347,17.997,14.7955,97.0,93.0,96.0,99.0,99.0,98.0,97.0,4,spring,97.0,17.5,17.796999,98.0
1,2024-04-13 02:00:00+00:00,17.847,17.197,18.347,17.147,16.947,17.296999,14.5455,96.0,94.0,94.0,99.0,98.0,99.0,97.0,4,spring,96.71,17.05,17.447,97.0
1,2024-04-13 03:00:00+00:00,17.296999,16.897,17.897,17.147,17.097,17.247,14.8955,96.0,94.0,93.0,97.0,96.0,98.0,96.0,4,spring,95.71,16.93,17.197,96.0
1,2024-04-13 04:00:00+00:00,16.997,16.796999,17.647,18.097,18.097,18.197,16.1955,94.0,94.0,92.0,94.0,93.0,95.0,93.0,4,spring,93.57,17.43,17.046999,95.0
1,2024-04-13 05:00:00+00:00,18.747,18.697,19.296999,19.647,19.647,19.747,18.095499,88.0,90.0,90.0,89.0,88.0,90.0,89.0,4,spring,89.14,19.13,18.597,91.0
1,2024-04-13 06:00:00+00:00,21.647,21.097,21.296999,21.347,21.397,21.347,20.2955,76.0,82.0,84.0,82.0,82.0,84.0,82.0,4,spring,81.71,21.2,20.897,83.0
1,2024-04-13 07:00:00+00:00,23.747,23.296999,23.097,23.247,23.347,22.997,22.6455,65.0,69.0,72.0,73.0,73.0,76.0,71.0,4,spring,71.29,23.2,23.296999,69.0
1,2024-04-13 08:00:00+00:00,25.447,25.046999,24.697,25.247,25.447,24.697,25.1455,57.0,61.0,64.0,62.0,63.0,67.0,58.0,4,spring,61.71,25.1,24.697,63.0
1,2024-04-13 09:00:00+00:00,26.897,26.397,26.147,26.597,27.097,26.097,26.9955,53.0,55.0,59.0,56.0,55.0,60.0,48.0,4,spring,55.14,26.6,25.647,61.0
1,2024-04-13 10:00:00+00:00,27.697,27.397,27.097,26.947,28.097,27.046999,27.9955,51.0,53.0,54.0,56.0,50.0,56.0,43.0,4,spring,51.86,27.47,26.197,60.0
1,2024-04-13 11:00:00+00:00,27.197,27.597,27.447,26.647,28.597,27.697,28.3955,52.0,52.0,53.0,60.0,47.0,54.0,41.0,4,spring,51.29,27.65,26.597,59.0
1,2024-04-13 12:00:00+00:00,27.347,27.997,27.247,27.497,27.697,28.046999,28.1955,53.0,50.0,56.0,51.0,51.0,48.0,43.0,4,spring,50.29,27.72,26.997,57.0
1,2024-04-13 13:00:00+00:00,27.046999,27.597,26.397,26.497,26.647,27.097,27.095499,52.0,49.0,63.0,57.0,57.0,54.0,50.0,4,spring,54.57,26.91,26.747,57.0
1,2024-04-13 14:00:00+00:00,25.597,26.497,24.796999,24.897,25.097,25.497,25.345499,56.0,54.0,72.0,66.0,66.0,63.0,60.0,4,spring,62.43,25.39,24.546999,68.0
1,2024-04-13 15:00:00+00:00,24.497,24.747,23.747,23.447,23.597,23.997,23.2955,65.0,64.0,75.0,74.0,74.0,72.0,71.0,4,spring,70.71,23.9,22.647,78.0
1,2024-04-13 16:00:00+00:00,22.847,23.147,22.546999,22.347,22.397,22.847,20.845499,74.0,74.0,82.0,80.0,80.0,78.0,81.0,4,spring,78.43,22.43,21.296999,86.0
1,2024-04-13 17:00:00+00:00,21.447,21.947,21.347,21.347,21.296999,21.796999,18.1455,83.0,81.0,88.0,86.0,86.0,84.0,91.0,4,spring,85.57,21.05,20.647,89.0
1,2024-04-13 18:00:00+00:00,19.796999,20.647,20.697,20.897,20.447,20.897,16.2955,94.0,89.0,92.0,90.0,90.0,88.0,97.0,4,spring,91.43,19.95,20.497,91.0
1,2024-04-13 19:00:00+00:00,19.747,20.147,20.347,20.397,19.897,20.097,15.695499,94.0,92.0,94.0,92.0,93.0,92.0,99.0,4,spring,93.71,19.48,20.247,92.0
1,2024-04-13 20:00:00+00:00,19.497,19.997,19.997,20.046999,19.546999,19.447,15.6455,95.0,93.0,93.0,93.0,94.0,94.0,98.0,4,spring,94.29,19.17,20.046999,94.0
1,2024-04-13 21:00:00+00:00,19.097,19.597,19.747,19.697,19.247,18.847,15.5955,96.0,94.0,94.0,94.0,95.0,96.0,97.0,4,spring,95.14,18.83,19.796999,95.0
1,2024-04-13 22:00:00+00:00,18.847,19.197,18.997,19.197,18.847,18.347,15.3955,97.0,95.0,97.0,96.0,96.0,96.0,97.0,4,spring,96.29,18.4,19.347,97.0
1,2024-04-13 23:00:00+00:00,18.447,18.997,18.497,18.697,18.497,17.947,15.2455,98.0,96.0,99.0,98.0,96.0,95.0,96.0,4,spring,96.86,18.05,19.147,98.0
1,2024-04-14 00:00:00+00:00,18.097,18.796999,18.397,18.546999,18.097,17.447,15.195499,98.0,95.0,98.0,98.0,99.0,98.0,96.0,4,spring,97.43,17.8,18.997,97.0
1,2024-04-14 01:00:00+00:00,17.697,18.597,17.747,18.097,17.546999,16.697,14.8455,99.0,96.0,100.0,99.0,99.0,99.0,97.0,4,spring,98.43,17.32,18.796999,97.0
1,2024-04-14 02:00:00+00:00,17.197,18.097,17.397,17.747,16.997,15.947,14.4955,99.0,98.0,100.0,100.0,98.0,99.0,97.0,4,spring,98.71,16.84,18.546999,98.0
1,2024-04-14 03:00:00+00:00,16.697,17.697,17.097,17.847,17.046999,15.947,14.7955,99.0,99.0,100.0,99.0,96.0,98.0,96.0,4,spring,98.14,16.73,17.997,100.0
1,2024-04-14 04:00:00+00:00,16.347,17.397,16.847,18.647,17.997,17.147,16.095499,99.0,99.0,99.0,96.0,93.0,94.0,93.0,4,spring,96.14,17.21,17.747,100.0
1,2024-04-14 05:00:00+00:00,18.247,18.897,18.296999,19.897,19.546999,19.097,17.9955,93.0,96.0,94.0,91.0,88.0,89.0,88.0,4,spring,91.29,18.85,18.947,96.0
1,2024-04-14 06:00:00+00:00,20.546999,20.796999,20.947,21.046999,21.247,21.097,19.8955,86.0,86.0,84.0,84.0,82.0,82.0,82.0,4,spring,83.71,20.8,20.847,86.0
1,2024-04-14 07:00:00+00:00,22.546999,22.796999,23.046999,22.897,23.097,23.147,21.9955,73.0,74.0,71.0,75.0,73.0,73.0,72.0,4,spring,73.0,22.79,22.497,76.0
1,2024-04-14 08:00:00+00:00,24.147,24.546999,24.847,24.947,25.097,25.247,24.2455,65.0,63.0,62.0,64.0,62.0,62.0,61.0,4,spring,62.71,24.73,24.097,68.0
1,2024-04-14 09:00:00+00:00,25.447,25.947,26.397,26.497,26.697,26.897,25.9955,61.0,57.0,54.0,56.0,53.0,53.0,52.0,4,spring,55.14,26.27,25.397,63.0
1,2024-04-14 10:00:00+00:00,26.447,26.997,27.447,27.397,27.697,27.997,27.095499,59.0,54.0,51.0,52.0,48.0,48.0,47.0,4,spring,51.29,27.3,26.347,60.0
1,2024-04-14 11:00:00+00:00,26.397,27.697,27.897,27.796999,28.296999,28.697,27.6955,59.0,51.0,48.0,51.0,47.0,45.0,45.0,4,spring,49.43,27.78,26.097,62.0
1,2024-04-14 12:00:00+00:00,26.097,27.147,27.546999,28.046999,26.947,28.447,27.6955,64.0,55.0,53.0,48.0,52.0,46.0,45.0,4,spring,51.86,27.42,25.397,68.0
1,2024-04-14 13:00:00+00:00,25.747,26.647,27.147,27.247,26.447,27.697,26.4955,65.0,58.0,56.0,52.0,55.0,50.0,52.0,4,spring,55.43,26.78,25.046999,67.0
1,2024-04-14 14:00:00+00:00,24.247,23.947,24.546999,25.897,25.747,26.447,24.595499,73.0,72.0,68.0,59.0,60.0,57.0,64.0,4,spring,64.71,25.06,23.697,74.0
1,2024-04-14 15:00:00+00:00,22.947,23.197,23.296999,24.546999,24.847,25.147,22.595499,77.0,74.0,74.0,66.0,66.0,65.0,74.0,4,spring,70.86,23.8,22.347,81.0
1,2024-04-14 16:00:00+00:00,21.497,21.947,22.497,23.347,23.747,23.796999,20.3955,84.0,79.0,81.0,73.0,74.0,73.0,82.0,4,spring,78.0,22.46,20.847,88.0
1,2024-04-14 17:00:00+00:00,20.296999,21.347,21.897,22.147,22.497,22.347,18.095499,89.0,83.0,85.0,80.0,82.0,82.0,89.0,4,spring,84.29,21.23,20.296999,91.0
1,2024-04-14 18:00:00+00:00,20.046999,21.197,21.347,21.296999,21.347,21.147,17.4955,93.0,87.0,86.0,85.0,88.0,88.0,93.0,4,spring,88.57,20.55,19.897,93.0
1,2024-04-14 19:00:00+00:00,19.597,20.697,20.897,20.497,20.447,20.296999,16.845499,94.0,89.0,88.0,89.0,90.0,91.0,94.0,4,spring,90.71,19.9,19.647,93.0
1,2024-04-14 20:00:00+00:00,19.197,20.097,20.247,19.796999,19.647,19.647,16.595499,96.0,92.0,91.0,93.0,89.0,91.0,95.0,4,spring,92.43,19.32,19.397,94.0
1,2024-04-14 21:00:00+00:00,18.847,19.697,19.796999,19.197,18.947,19.046999,16.2955,98.0,94.0,93.0,95.0,89.0,91.0,95.0,4,spring,93.57,18.83,19.247,95.0
1,2024-04-14 22:00:00+00:00,18.597,19.597,19.247,18.697,18.347,18.497,15.8955,98.0,94.0,96.0,96.0,90.0,91.0,95.0,4,spring,94.29,18.41,18.997,96.0
1,2024-04-14 23:00:00+00:00,18.347,18.897,18.697,18.247,17.847,18.046999,15.4955,99.0,97.0,97.0,97.0,91.0,91.0,96.0,4,spring,95.43,17.94,18.697,97.0
1,2024-04-15 00:00:00+00:00,17.997,18.296999,18.296999,17.697,17.796999,17.597,15.695499,97.0,95.0,96.0,94.0,95.0,91.0,96.0,4,spring,94.86,17.63,18.497,97.0
1,2024-04-15 01:00:00+00:00,17.546999,17.697,17.947,17.046999,17.247,17.046999,15.2455,96.0,95.0,95.0,95.0,95.0,93.0,97.0,4,spring,95.14,17.11,18.347,97.0
1,2024-04-15 02:00:00+00:00,17.046999,17.447,17.546999,16.397,16.747,16.546999,14.7455,96.0,94.0,95.0,96.0,96.0,94.0,97.0,4,spring,95.43,16.64,18.046999,98.0
1,2024-04-15 03:00:00+00:00,16.697,17.097,17.197,16.497,16.847,16.647,14.8955,96.0,93.0,94.0,95.0,94.0,94.0,96.0,4,spring,94.57,16.55,17.546999,100.0
1,2024-04-15 04:00:00+00:00,16.497,16.947,16.847,17.697,17.997,17.796999,15.9955,96.0,94.0,95.0,91.0,90.0,91.0,93.0,4,spring,92.86,17.11,17.097,99.0
1,2024-04-15 05:00:00+00:00,18.147,18.796999,18.497,19.647,19.747,19.597,17.7455,91.0,90.0,91.0,86.0,84.0,85.0,89.0,4,spring,88.0,18.88,18.296999,96.0
1,2024-04-15 06:00:00+00:00,20.997,20.697,21.097,21.247,21.497,21.497,19.595499,85.0,85.0,83.0,83.0,77.0,79.0,85.0,4,spring,82.43,20.95,20.397,88.0
1,2024-04-15 07:00:00+00:00,22.897,22.997,22.747,22.997,23.197,23.397,21.8955,72.0,72.0,72.0,74.0,69.0,71.0,77.0,4,spring,72.43,22.88,22.097,76.0
1,2024-04-15 08:00:00+00:00,24.546999,24.647,24.897,24.747,24.897,25.397,24.3955,64.0,65.0,64.0,64.0,60.0,61.0,67.0,4,spring,63.57,24.79,23.897,68.0
1,2024-04-15 09:00:00+00:00,25.497,25.997,26.197,26.097,26.347,26.947,26.095499,59.0,59.0,57.0,56.0,53.0,54.0,60.0,4,spring,56.86,26.17,24.897,62.0
1,2024-04-15 10:00:00+00:00,26.097,26.397,26.997,26.847,27.447,27.897,26.4955,56.0,56.0,53.0,53.0,49.0,50.0,59.0,4,spring,53.71,26.88,25.597,60.0
1,2024-04-15 11:00:00+00:00,26.397,26.247,27.347,27.147,28.247,28.397,26.0455,55.0,59.0,53.0,54.0,46.0,48.0,60.0,4,spring,53.57,27.12,26.046999,59.0
1,2024-04-15 12:00:00+00:00,25.947,26.546999,27.747,26.796999,28.347,27.897,25.9955,62.0,59.0,52.0,58.0,48.0,49.0,64.0,4,spring,56.0,27.04,26.046999,62.0
1,2024-04-15 13:00:00+00:00,25.747,26.347,27.546999,25.997,27.247,27.197,24.845499,63.0,60.0,53.0,62.0,53.0,52.0,69.0,4,spring,58.86,26.42,25.447,63.0
1,2024-04-15 14:00:00+00:00,25.147,25.597,25.296999,24.647,25.447,26.097,23.2455,63.0,63.0,61.0,68.0,60.0,57.0,75.0,4,spring,63.86,25.07,24.397,68.0
1,2024-04-15 15:00:00+00:00,23.997,23.546999,24.497,23.497,23.847,24.897,21.595499,67.0,76.0,65.0,74.0,67.0,62.0,81.0,4,spring,70.29,23.7,22.997,77.0
1,2024-04-15 16:00:00+00:00,22.347,22.296999,23.046999,22.796999,22.697,23.697,19.7955,79.0,82.0,74.0,78.0,73.0,68.0,86.0,4,spring,77.14,22.38,21.447,84.0
1,2024-04-15 17:00:00+00:00,21.647,21.597,21.997,22.197,21.647,22.497,17.9955,84.0,86.0,81.0,81.0,80.0,75.0,91.0,4,spring,82.57,21.37,20.447,90.0
1,2024-04-15 18:00:00+00:00,20.397,20.647,21.046999,21.247,20.747,21.347,16.1955,90.0,89.0,88.0,88.0,85.0,81.0,97.0,4,spring,88.29,20.23,20.747,89.0
1,2024-04-15 19:00:00+00:00,20.097,20.296999,20.497,20.597,19.897,20.397,15.695499,91.0,90.0,91.0,91.0,89.0,84.0,98.0,4,spring,90.57,19.64,20.147,92.0
1,2024-04-15 20:00:00+00:00,19.546999,19.447,19.847,19.947,19.197,19.546999,15.695499,93.0,93.0,94.0,94.0,92.0,87.0,97.0,4,spring,92.86,19.03,19.697,94.0
1,2024-04-15 21:00:00+00:00,18.997,18.897,19.197,19.397,18.597,18.847,15.695499,95.0,94.0,96.0,96.0,94.0,88.0,96.0,4,spring,94.14,18.52,19.247,96.0
1,2024-04-15 22:00:00+00:00,18.597,18.197,18.747,18.897,18.147,18.397,15.5455,96.0,96.0,94.0,96.0,94.0,88.0,96.0,4,spring,94.29,18.08,18.897,97.0
1,2024-04-15 23:00:00+00:00,18.097,17.747,18.247,18.397,17.847,18.147,15.3455,98.0,97.0,94.0,95.0,93.0,88.0,96.0,4,spring,94.43,17.69,18.397,97.0
1,2024-04-16 00:00:00+00:00,17.296999,17.447,17.747,17.847,17.597,18.197,15.2955,99.0,96.0,94.0,93.0,92.0,88.0,96.0,4,spring,94.0,17.35,17.597,96.0
1,2024-04-16 01:00:00+00:00,17.046999,17.147,17.397,17.247,17.046999,17.897,14.9955,99.0,96.0,94.0,93.0,93.0,89.0,97.0,4,spring,94.43,16.97,17.097,95.0
1,2024-04-16 02:00:00+00:00,16.597,16.897,17.347,16.647,16.497,17.647,14.6455,99.0,96.0,93.0,94.0,95.0,90.0,98.0,4,spring,95.0,16.61,16.697,95.0
1,2024-04-16 03:00:00+00:00,16.247,16.597,17.147,16.697,16.597,17.897,14.8955,100.0,95.0,93.0,93.0,94.0,89.0,97.0,4,spring,94.43,16.58,16.397,95.0
1,2024-04-16 04:00:00+00:00,15.997,16.546999,17.347,17.796999,17.796999,18.796999,15.9955,99.0,94.0,93.0,90.0,90.0,86.0,95.0,4,spring,92.43,17.18,16.147,95.0
1,2024-04-16 05:00:00+00:00,18.197,18.296999,18.796999,19.497,19.647,20.197,17.6955,92.0,90.0,89.0,85.0,85.0,81.0,91.0,4,spring,87.57,18.9,17.897,91.0
1,2024-04-16 06:00:00+00:00,20.796999,21.147,21.197,21.546999,21.546999,21.697,19.9955,85.0,82.0,81.0,79.0,78.0,76.0,82.0,4,spring,80.43,21.13,20.747,81.0
1,2024-04-16 07:00:00+00:00,22.497,22.747,22.747,23.247,23.447,23.447,22.3955,78.0,75.0,75.0,72.0,70.0,69.0,73.0,4,spring,73.14,22.93,22.397,75.0
1,2024-04-16 08:00:00+00:00,24.296999,24.497,24.546999,25.097,25.397,25.296999,24.9955,71.0,68.0,69.0,64.0,61.0,61.0,62.0,4,spring,65.14,24.88,24.197,71.0
1,2024-04-16 09:00:00+00:00,25.847,25.847,25.897,26.546999,26.847,26.796999,26.6955,61.0,59.0,62.0,57.0,54.0,55.0,55.0,4,spring,57.57,26.35,25.647,60.0
1,2024-04-16 10:00:00+00:00,26.747,26.597,26.847,27.546999,27.697,27.847,26.7455,56.0,56.0,57.0,52.0,51.0,51.0,56.0,4,spring,54.14,27.15,26.347,55.0
1,2024-04-16 11:00:00+00:00,27.097,27.197,27.647,28.197,28.097,28.497,25.845499,55.0,53.0,52.0,49.0,50.0,48.0,61.0,4,spring,52.57,27.51,26.796999,53.0
1,2024-04-16 12:00:00+00:00,26.747,27.197,28.247,28.447,28.397,27.296999,24.4955,56.0,55.0,51.0,46.0,50.0,57.0,68.0,4,spring,54.71,27.26,26.697,52.0
1,2024-04-16 13:00:00+00:00,26.397,26.947,28.197,27.947,27.147,26.247,23.4955,57.0,58.0,50.0,47.0,57.0,61.0,73.0,4,spring,57.57,26.63,26.497,54.0
1,2024-04-16 14:00:00+00:00,25.947,25.747,27.747,26.947,25.197,24.697,22.345499,58.0,63.0,50.0,51.0,68.0,67.0,78.0,4,spring,62.14,25.52,25.947,55.0
1,2024-04-16 15:00:00+00:00,24.097,23.397,26.497,25.697,23.497,23.296999,21.095499,64.0,76.0,56.0,56.0,77.0,73.0,83.0,4,spring,69.29,23.94,24.497,59.0
1,2024-04-16 16:00:00+00:00,22.147,22.447,23.347,24.097,22.497,22.296999,19.5455,77.0,82.0,74.0,64.0,82.0,79.0,88.0,4,spring,78.0,22.34,22.197,77.0
1,2024-04-16 17:00:00+00:00,21.697,21.546999,21.747,22.247,21.796999,21.546999,17.8955,82.0,86.0,82.0,75.0,86.0,86.0,93.0,4,spring,84.29,21.21,21.747,83.0
1,2024-04-16 18:00:00+00:00,21.046999,20.697,21.397,21.597,21.197,20.897,16.6955,87.0,92.0,86.0,84.0,89.0,91.0,95.0,4,spring,89.14,20.5,20.497,88.0
1,2024-04-16 19:00:00+00:00,20.397,20.147,20.697,20.897,20.747,20.546999,16.4955,91.0,93.0,91.0,88.0,91.0,93.0,94.0,4,spring,91.57,19.99,20.097,90.0
1,2024-04-16 20:00:00+00:00,20.046999,19.747,20.046999,20.397,20.447,20.347,16.4955,93.0,95.0,93.0,90.0,92.0,94.0,93.0,4,spring,92.86,19.65,19.697,93.0
1,2024-04-16 21:00:00+00:00,19.546999,19.147,19.697,19.997,20.097,20.046999,16.3955,95.0,98.0,94.0,92.0,93.0,94.0,92.0,4,spring,94.0,19.28,19.347,95.0
1,2024-04-16 22:00:00+00:00,18.747,18.847,19.296999,19.647,19.697,19.497,16.0455,97.0,97.0,96.0,93.0,94.0,95.0,92.0,4,spring,94.86,18.83,18.947,96.0
1,2024-04-16 23:00:00+00:00,18.147,18.497,18.747,19.347,19.296999,18.847,15.6455,98.0,95.0,97.0,94.0,96.0,95.0,92.0,4,spring,95.29,18.36,18.097,99.0
1,2024-04-17 00:00:00+00:00,17.046999,17.997,18.397,18.847,18.097,18.897,15.7955,95.0,98.0,96.0,92.0,97.0,95.0,95.0,4,spring,95.43,17.87,17.796999,100.0
1,2024-04-17 01:00:00+00:00,16.647,17.497,17.997,18.397,17.897,18.197,15.3455,95.0,97.0,94.0,91.0,95.0,94.0,96.0,4,spring,94.57,17.43,17.447,100.0
1,2024-04-17 02:00:00+00:00,16.397,17.197,17.796999,17.997,17.796999,17.447,14.7455,94.0,95.0,92.0,89.0,92.0,91.0,97.0,4,spring,92.86,17.05,17.296999,100.0
1,2024-04-17 03:00:00+00:00,16.147,16.947,17.497,18.097,18.097,17.347,14.7955,95.0,93.0,91.0,87.0,89.0,89.0,96.0,4,spring,91.43,16.99,17.497,97.0
1,2024-04-17 04:00:00+00:00,16.097,16.747,17.247,18.897,18.897,18.296999,15.945499,94.0,93.0,91.0,84.0,86.0,87.0,94.0,4,spring,89.86,17.45,17.546999,94.0
1,2024-04-17 05:00:00+00:00,18.046999,18.747,19.046999,20.147,20.097,19.897,17.7455,89.0,88.0,87.0,81.0,83.0,84.0,90.0,4,spring,86.0,19.1,18.947,89.0
1,2024-04-17 06:00:00+00:00,21.046999,21.397,21.296999,21.647,21.497,21.597,18.6955,81.0,81.0,79.0,75.0,79.0,80.0,90.0,4,spring,80.71,21.03,20.947,82.0
1,2024-04-17 07:00:00+00:00,22.947,23.247,23.046999,23.347,23.197,23.447,21.4455,70.0,72.0,73.0,69.0,72.0,72.0,80.0,4,spring,72.57,22.95,22.747,72.0
1,2024-04-17 08:00:00+00:00,24.747,24.947,24.847,25.147,25.046999,25.447,24.845499,62.0,64.0,67.0,63.0,63.0,63.0,66.0,4,spring,64.0,25.0,24.647,65.0
1,2024-04-17 09:00:00+00:00,26.247,26.597,26.497,26.647,26.597,27.046999,27.1955,57.0,58.0,59.0,57.0,56.0,55.0,56.0,4,spring,56.86,26.69,25.897,58.0
1,2024-04-17 10:00:00+00:00,27.347,27.546999,27.447,27.597,27.597,28.046999,27.845499,52.0,52.0,53.0,53.0,52.0,50.0,52.0,4,spring,52.0,27.63,25.447,59.0
1,2024-04-17 11:00:00+00:00,27.947,28.046999,28.296999,28.247,28.247,28.697,27.5455,49.0,49.0,50.0,50.0,49.0,47.0,51.0,4,spring,49.29,28.15,26.296999,57.0
1,2024-04-17 12:00:00+00:00,28.197,28.347,28.497,28.447,28.697,28.796999,25.1955,47.0,49.0,45.0,49.0,46.0,45.0,63.0,4,spring,49.14,28.03,26.747,55.0
1,2024-04-17 13:00:00+00:00,27.997,28.397,28.296999,28.497,28.697,28.897,23.6955,45.0,47.0,46.0,48.0,44.0,43.0,70.0,4,spring,49.0,27.78,27.046999,52.0
1,2024-04-17 14:00:00+00:00,27.597,27.847,28.097,28.247,28.296999,28.747,21.7455,46.0,46.0,47.0,49.0,44.0,42.0,79.0,4,spring,50.43,27.23,26.597,52.0
1,2024-04-17 15:00:00+00:00,25.697,26.296999,27.097,27.497,27.447,28.046999,19.9955,58.0,57.0,54.0,53.0,47.0,44.0,87.0,4,spring,57.14,26.01,25.147,63.0
1,2024-04-17 16:00:00+00:00,23.597,23.947,24.947,25.796999,25.697,26.497,18.595499,68.0,69.0,62.0,62.0,57.0,53.0,92.0,4,spring,66.14,24.15,23.097,72.0
1,2024-04-17 17:00:00+00:00,22.347,22.347,23.447,23.546999,23.447,24.447,17.345499,74.0,78.0,67.0,73.0,71.0,65.0,95.0,4,spring,74.71,22.42,21.947,76.0
1,2024-04-17 18:00:00+00:00,20.497,21.597,21.647,21.546999,21.697,22.747,18.4955,81.0,83.0,76.0,85.0,82.0,75.0,91.0,4,spring,81.86,21.18,21.546999,75.0
1,2024-04-17 19:00:00+00:00,19.397,20.247,20.447,20.796999,20.997,21.747,17.7455,84.0,89.0,81.0,89.0,86.0,80.0,93.0,4,spring,86.0,20.2,20.597,78.0
1,2024-04-17 20:00:00+00:00,18.647,19.546999,19.697,20.546999,20.796999,21.097,16.9455,87.0,90.0,86.0,91.0,87.0,83.0,96.0,4,spring,88.57,19.61,19.796999,82.0
1,2024-04-17 21:00:00+00:00,18.347,19.247,19.397,20.296999,20.647,20.546999,16.4955,89.0,87.0,88.0,92.0,88.0,86.0,97.0,4,spring,89.57,19.28,19.197,86.0
1,2024-04-17 22:00:00+00:00,18.147,18.997,19.147,19.997,20.347,19.997,16.595499,90.0,87.0,88.0,94.0,90.0,89.0,97.0,4,spring,90.71,19.03,19.097,87.0
1,2024-04-17 23:00:00+00:00,18.147,18.796999,18.947,19.747,20.046999,19.546999,16.9955,90.0,88.0,87.0,95.0,91.0,92.0,96.0,4,spring,91.29,18.89,18.897,88.0
1,2024-04-18 00:00:00+00:00,17.197,18.697,18.747,19.447,18.647,18.747,15.9955,92.0,88.0,94.0,94.0,86.0,94.0,97.0,4,spring,92.14,18.21,18.347,90.0
1,2024-04-18 01:00:00+00:00,17.147,18.697,18.647,19.046999,17.947,17.997,15.5955,92.0,87.0,91.0,94.0,87.0,94.0,97.0,4,spring,91.71,17.87,17.997,92.0
1,2024-04-18 02:00:00+00:00,17.046999,18.747,18.546999,18.647,17.197,17.247,15.3455,92.0,87.0,89.0,93.0,89.0,93.0,97.0,4,spring,91.43,17.54,17.697,93.0
1,2024-04-18 03:00:00+00:00,16.897,18.296999,17.997,18.697,17.147,17.147,15.5955,92.0,88.0,90.0,91.0,89.0,91.0,96.0,4,spring,91.0,17.4,17.347,95.0
1,2024-04-18 04:00:00+00:00,16.647,17.796999,17.597,19.397,18.147,18.147,16.595499,92.0,90.0,92.0,88.0,86.0,88.0,93.0,4,spring,89.86,17.76,16.997,94.0
1,2024-04-18 05:00:00+00:00,18.647,19.397,19.347,20.497,19.796999,19.796999,18.095499,86.0,85.0,87.0,83.0,82.0,84.0,88.0,4,spring,85.0,19.37,18.897,88.0
1,2024-04-18 06:00:00+00:00,21.447,21.347,21.247,21.796999,21.546999,21.597,19.8955,76.0,75.0,77.0,76.0,77.0,78.0,83.0,4,spring,77.43,21.27,21.497,77.0
1,2024-04-18 07:00:00+00:00,23.097,23.147,22.747,23.597,23.397,23.497,22.2455,68.0,67.0,69.0,69.0,71.0,70.0,74.0,4,spring,69.71,23.1,23.247,66.0
1,2024-04-18 08:00:00+00:00,24.796999,24.947,24.546999,25.597,25.347,25.546999,24.9455,62.0,61.0,64.0,62.0,63.0,61.0,62.0,4,spring,62.14,25.1,24.897,58.0
1,2024-04-18 09:00:00+00:00,26.296999,26.397,25.947,27.247,26.897,27.197,26.9955,57.0,54.0,59.0,55.0,57.0,53.0,53.0,4,spring,55.43,26.71,25.897,58.0
1,2024-04-18 10:00:00+00:00,27.147,27.097,27.147,28.397,27.947,28.347,28.2455,52.0,52.0,53.0,49.0,52.0,47.0,47.0,4,spring,50.29,27.76,26.847,54.0
1,2024-04-18 11:00:00+00:00,27.697,27.647,27.897,29.197,28.597,29.097,28.845499,49.0,50.0,50.0,45.0,47.0,43.0,42.0,4,spring,46.57,28.43,27.097,54.0
1,2024-04-18 12:00:00+00:00,27.247,27.947,28.397,28.796999,28.947,28.997,28.2955,54.0,48.0,47.0,46.0,45.0,44.0,41.0,4,spring,46.43,28.38,27.897,48.0
1,2024-04-18 13:00:00+00:00,27.046999,27.097,25.997,27.997,27.947,28.747,26.8955,56.0,49.0,58.0,49.0,50.0,44.0,49.0,4,spring,50.71,27.39,27.497,51.0
1,2024-04-18 14:00:00+00:00,24.497,25.597,25.796999,26.597,26.296999,28.097,24.6955,69.0,58.0,60.0,54.0,58.0,46.0,63.0,4,spring,58.29,25.94,25.947,59.0
1,2024-04-18 15:00:00+00:00,23.397,23.347,25.296999,25.147,24.747,27.046999,22.6955,75.0,72.0,61.0,60.0,66.0,51.0,74.0,4,spring,65.57,24.53,23.597,74.0
1,2024-04-18 16:00:00+00:00,22.247,21.997,22.397,23.897,23.546999,25.347,21.2455,81.0,78.0,75.0,68.0,73.0,59.0,79.0,4,spring,73.29,22.95,22.747,77.0
1,2024-04-18 17:00:00+00:00,21.197,21.046999,21.747,22.647,22.447,23.247,19.9955,87.0,82.0,78.0,76.0,79.0,70.0,82.0,4,spring,79.14,21.76,21.747,84.0
1,2024-04-18 18:00:00+00:00,21.347,20.947,20.947,21.097,21.497,21.597,20.3955,82.0,84.0,83.0,86.0,85.0,79.0,72.0,4,spring,81.57,21.12,20.947,85.0
1,2024-04-18 19:00:00+00:00,20.647,20.097,20.347,20.247,20.747,20.796999,19.345499,85.0,88.0,86.0,90.0,89.0,84.0,76.0,4,spring,85.43,20.32,20.597,87.0
1,2024-04-18 20:00:00+00:00,19.497,19.097,19.647,19.647,20.097,20.447,18.345499,87.0,91.0,88.0,92.0,92.0,87.0,82.0,4,spring,88.43,19.54,20.097,89.0
1,2024-04-18 21:00:00+00:00,18.597,18.347,18.897,19.097,19.597,20.046999,17.4955,88.0,92.0,90.0,93.0,94.0,89.0,87.0,4,spring,90.43,18.87,19.497,92.0
1,2024-04-18 22:00:00+00:00,17.947,17.897,18.296999,18.546999,19.197,19.497,16.7955,90.0,91.0,91.0,93.0,93.0,91.0,90.0,4,spring,91.29,18.31,18.546999,97.0
1,2024-04-18 23:00:00+00:00,17.497,17.447,17.847,18.046999,18.847,18.897,16.1955,91.0,90.0,91.0,91.0,91.0,91.0,92.0,4,spring,91.0,17.83,17.947,95.0
1,2024-04-19 00:00:00+00:00,17.046999,17.247,16.897,17.647,18.397,17.947,15.695499,92.0,92.0,93.0,91.0,87.0,85.0,97.0,4,spring,91.0,17.27,17.097,91.0
1,2024-04-19 01:00:00+00:00,17.046999,16.847,16.597,17.197,17.847,17.296999,15.2955,93.0,92.0,94.0,92.0,89.0,88.0,97.0,4,spring,92.14,16.88,16.697,91.0
1,2024-04-19 02:00:00+00:00,16.997,16.347,16.447,16.847,17.247,16.647,14.8955,93.0,94.0,94.0,93.0,92.0,90.0,98.0,4,spring,93.43,16.49,16.347,93.0
1,2024-04-19 03:00:00+00:00,16.897,15.896999,16.296999,17.046999,17.247,16.697,15.0955,93.0,95.0,94.0,92.0,93.0,91.0,97.0,4,spring,93.57,16.45,16.147,94.0
1,2024-04-19 04:00:00+00:00,16.747,15.646999,16.296999,18.147,18.247,17.897,16.2455,94.0,96.0,94.0,89.0,90.0,88.0,94.0,4,spring,92.14,17.03,15.997,94.0
1,2024-04-19 05:00:00+00:00,18.447,17.546999,18.296999,19.796999,19.847,19.747,18.0455,89.0,92.0,90.0,84.0,86.0,84.0,90.0,4,spring,87.86,18.82,18.097,89.0
1,2024-04-19 06:00:00+00:00,20.697,20.397,20.247,21.296999,21.546999,21.647,20.4955,82.0,80.0,83.0,77.0,80.0,78.0,78.0,4,spring,79.71,20.9,20.747,79.0
1,2024-04-19 07:00:00+00:00,22.447,22.247,22.447,23.147,23.296999,23.546999,22.7955,75.0,75.0,76.0,70.0,72.0,71.0,69.0,4,spring,72.57,22.85,22.697,72.0
1,2024-04-19 08:00:00+00:00,24.147,24.147,24.447,25.046999,25.097,25.497,25.2455,68.0,69.0,69.0,64.0,64.0,64.0,59.0,4,spring,65.29,24.8,24.546999,63.0
1,2024-04-19 09:00:00+00:00,25.397,25.697,25.947,26.546999,26.546999,26.997,27.095499,61.0,60.0,60.0,58.0,57.0,58.0,51.0,4,spring,57.86,26.32,26.147,55.0
1,2024-04-19 10:00:00+00:00,25.997,26.546999,26.897,27.546999,27.546999,27.947,28.2455,58.0,56.0,54.0,54.0,53.0,53.0,45.0,4,spring,53.29,27.25,26.397,53.0
1,2024-04-19 11:00:00+00:00,26.597,27.097,27.546999,28.147,28.097,28.497,28.845499,57.0,55.0,51.0,50.0,52.0,50.0,42.0,4,spring,51.0,27.83,26.947,53.0
1,2024-04-19 12:00:00+00:00,26.897,27.497,27.697,27.647,27.947,28.097,28.3955,55.0,53.0,53.0,51.0,50.0,52.0,43.0,4,spring,51.0,27.74,26.796999,54.0
1,2024-04-19 13:00:00+00:00,26.647,27.197,27.397,27.247,26.997,27.147,26.4955,56.0,53.0,53.0,52.0,54.0,57.0,52.0,4,spring,53.86,27.02,26.546999,56.0
1,2024-04-19 14:00:00+00:00,25.296999,26.397,26.747,26.447,25.546999,25.647,23.7455,60.0,54.0,54.0,55.0,60.0,64.0,65.0,4,spring,58.86,25.69,25.497,59.0
1,2024-04-19 15:00:00+00:00,23.147,25.097,25.546999,25.397,24.147,24.197,21.3955,73.0,59.0,58.0,60.0,67.0,71.0,77.0,4,spring,66.43,24.13,23.947,65.0
1,2024-04-19 16:00:00+00:00,22.497,23.397,23.647,23.947,23.046999,23.046999,19.8955,77.0,70.0,70.0,67.0,73.0,77.0,84.0,4,spring,74.0,22.78,21.997,76.0
1,2024-04-19 17:00:00+00:00,21.947,21.546999,21.697,22.247,21.997,21.947,18.7955,79.0,80.0,81.0,76.0,79.0,82.0,90.0,4,spring,81.0,21.45,21.247,81.0
1,2024-04-19 18:00:00+00:00,20.647,20.647,20.897,20.847,21.147,21.046999,18.7955,85.0,84.0,84.0,86.0,84.0,87.0,90.0,4,spring,85.71,20.58,20.796999,87.0
1,2024-04-19 19:00:00+00:00,20.197,20.097,20.546999,20.197,20.497,20.347,18.345499,88.0,88.0,85.0,90.0,88.0,90.0,92.0,4,spring,88.71,20.03,20.397,88.0
1,2024-04-19 20:00:00+00:00,19.847,19.796999,19.796999,19.897,20.046999,19.847,17.9955,89.0,89.0,88.0,91.0,90.0,93.0,94.0,4,spring,90.57,19.6,19.947,91.0
1,2024-04-19 21:00:00+00:00,19.397,19.397,19.197,19.597,19.597,19.347,17.6955,91.0,91.0,92.0,91.0,92.0,94.0,96.0,4,spring,92.43,19.18,19.597,93.0
1,2024-04-19 22:00:00+00:00,19.097,19.046999,18.947,19.097,19.147,18.847,17.6455,92.0,91.0,93.0,91.0,92.0,93.0,97.0,4,spring,92.71,18.83,19.247,93.0
1,2024-04-19 23:00:00+00:00,18.747,18.796999,18.647,18.546999,18.747,18.397,17.6455,92.0,90.0,92.0,90.0,90.0,91.0,97.0,4,spring,91.71,18.5,18.997,94.0
1,2024-04-20 00:00:00+00:00,18.397,18.997,19.097,18.197,17.347,18.397,16.9955,93.0,86.0,90.0,92.0,91.0,90.0,97.0,4,spring,91.29,18.2,18.497,95.0
1,2024-04-20 01:00:00+00:00,18.197,18.546999,18.546999,17.647,16.796999,17.796999,16.7955,91.0,87.0,92.0,93.0,91.0,90.0,97.0,4,spring,91.57,17.76,18.296999,96.0
1,2024-04-20 02:00:00+00:00,17.697,18.046999,17.947,17.097,16.347,17.247,16.595499,91.0,89.0,95.0,93.0,92.0,91.0,98.0,4,spring,92.71,17.28,18.147,95.0
1,2024-04-20 03:00:00+00:00,17.097,17.597,17.347,17.147,16.497,17.296999,16.6955,93.0,91.0,96.0,92.0,92.0,90.0,97.0,4,spring,93.0,17.1,17.947,95.0
1,2024-04-20 04:00:00+00:00,16.647,17.397,16.897,18.197,17.697,18.347,17.2955,95.0,92.0,97.0,88.0,89.0,88.0,95.0,4,spring,92.0,17.5,17.597,95.0
1,2024-04-20 05:00:00+00:00,18.447,18.947,18.897,19.796999,19.497,19.997,18.1955,90.0,89.0,90.0,82.0,85.0,84.0,91.0,4,spring,87.29,19.11,19.247,91.0
1,2024-04-20 06:00:00+00:00,20.847,21.347,21.397,21.546999,21.347,21.697,19.3955,84.0,81.0,81.0,77.0,80.0,80.0,86.0,4,spring,81.29,21.08,21.247,84.0
1,2024-04-20 07:00:00+00:00,22.397,23.097,23.397,23.296999,23.197,23.447,22.1455,79.0,76.0,74.0,71.0,73.0,74.0,75.0,4,spring,74.57,23.0,22.747,78.0
1,2024-04-20 08:00:00+00:00,24.147,24.697,24.997,24.997,25.147,25.247,25.2455,71.0,69.0,67.0,64.0,65.0,67.0,63.0,4,spring,66.57,24.93,24.147,70.0
1,2024-04-20 09:00:00+00:00,25.647,25.747,25.897,26.247,26.546999,26.597,26.9955,63.0,61.0,61.0,60.0,59.0,62.0,56.0,4,spring,60.29,26.24,25.197,67.0
1,2024-04-20 10:00:00+00:00,26.697,26.247,26.597,26.997,27.296999,27.347,26.345499,56.0,60.0,61.0,58.0,56.0,59.0,61.0,4,spring,58.71,26.79,26.046999,62.0
1,2024-04-20 11:00:00+00:00,27.147,26.697,26.997,27.347,27.497,27.647,24.3955,54.0,59.0,59.0,57.0,56.0,56.0,72.0,4,spring,59.0,26.82,26.546999,60.0
1,2024-04-20 12:00:00+00:00,27.296999,27.447,27.347,27.197,27.347,27.796999,26.9955,54.0,53.0,55.0,59.0,55.0,56.0,54.0,4,spring,55.14,27.35,26.747,58.0
1,2024-04-20 13:00:00+00:00,26.796999,27.097,27.147,26.197,26.397,26.647,25.095499,57.0,55.0,56.0,64.0,61.0,61.0,63.0,4,spring,59.57,26.48,25.947,63.0
1,2024-04-20 14:00:00+00:00,24.147,25.847,25.447,24.597,24.947,24.897,22.345499,70.0,60.0,63.0,71.0,70.0,67.0,77.0,4,spring,68.29,24.6,24.147,74.0
1,2024-04-20 15:00:00+00:00,22.847,23.247,23.296999,23.197,23.546999,23.397,20.095499,76.0,73.0,77.0,77.0,77.0,73.0,88.0,4,spring,77.29,22.8,23.147,78.0
1,2024-04-20 16:00:00+00:00,21.796999,21.947,22.046999,22.247,22.347,22.597,18.845499,82.0,81.0,83.0,82.0,80.0,77.0,93.0,4,spring,82.57,21.69,22.147,83.0
1,2024-04-20 17:00:00+00:00,21.247,21.197,21.197,21.497,21.247,22.046999,18.095499,86.0,84.0,87.0,87.0,82.0,81.0,96.0,4,spring,86.14,20.93,20.947,88.0
1,2024-04-20 18:00:00+00:00,20.697,20.747,20.847,20.947,20.347,21.546999,17.595499,91.0,86.0,88.0,90.0,83.0,84.0,99.0,4,spring,88.71,20.39,20.247,91.0
1,2024-04-20 19:00:00+00:00,20.397,20.147,20.347,20.546999,19.747,20.997,17.4955,91.0,87.0,91.0,92.0,85.0,87.0,99.0,4,spring,90.29,19.95,19.947,91.0
1,2024-04-20 20:00:00+00:00,20.097,19.947,19.847,20.247,19.347,20.447,17.6955,91.0,89.0,90.0,93.0,87.0,89.0,97.0,4,spring,90.86,19.66,19.847,92.0
1,2024-04-20 21:00:00+00:00,19.597,19.597,19.546999,19.997,18.997,20.046999,17.7955,93.0,91.0,90.0,93.0,89.0,91.0,96.0,4,spring,91.86,19.37,19.397,92.0
1,2024-04-20 22:00:00+00:00,19.247,19.296999,19.347,19.697,18.647,19.847,17.6455,94.0,92.0,89.0,93.0,91.0,92.0,96.0,4,spring,92.43,19.1,19.097,92.0
1,2024-04-20 23:00:00+00:00,18.947,18.997,19.097,19.347,18.397,19.796999,17.4455,95.0,93.0,89.0,92.0,94.0,92.0,97.0,4,spring,93.14,18.86,18.747,93.0
1,2024-04-21 00:00:00+00:00,18.897,18.697,19.046999,18.796999,18.847,18.546999,16.7955,93.0,92.0,90.0,93.0,93.0,94.0,99.0,4,spring,93.43,18.52,18.097,95.0
1,2024-04-21 01:00:00+00:00,18.796999,18.397,18.897,18.497,18.497,18.147,16.6955,94.0,92.0,91.0,94.0,93.0,94.0,99.0,4,spring,93.86,18.28,17.847,95.0
1,2024-04-21 02:00:00+00:00,18.597,18.046999,18.697,18.296999,18.247,17.796999,16.595499,93.0,93.0,90.0,94.0,93.0,93.0,99.0,4,spring,93.57,18.04,17.447,96.0
1,2024-04-21 03:00:00+00:00,18.397,17.647,18.397,18.447,18.347,17.947,16.6955,93.0,93.0,91.0,93.0,92.0,92.0,99.0,4,spring,93.29,17.98,17.097,96.0
1,2024-04-21 04:00:00+00:00,18.147,17.497,18.197,19.197,19.097,18.796999,17.0455,93.0,93.0,92.0,90.0,89.0,89.0,98.0,4,spring,92.0,18.28,16.947,96.0
1,2024-04-21 05:00:00+00:00,19.546999,19.296999,19.546999,20.397,20.296999,20.046999,17.595499,89.0,88.0,89.0,86.0,85.0,85.0,96.0,4,spring,88.29,19.53,18.897,91.0
1,2024-04-21 06:00:00+00:00,21.197,21.447,21.546999,21.647,21.597,21.447,17.4955,82.0,79.0,81.0,78.0,80.0,81.0,95.0,4,spring,82.29,20.91,20.597,86.0
1,2024-04-21 07:00:00+00:00,22.897,22.947,23.347,23.197,22.997,22.947,17.6955,75.0,74.0,75.0,72.0,75.0,76.0,93.0,4,spring,77.14,22.29,22.397,79.0
1,2024-04-21 08:00:00+00:00,24.247,24.847,25.097,24.897,24.497,24.597,17.9455,68.0,67.0,68.0,65.0,71.0,70.0,91.0,4,spring,71.43,23.73,23.546999,75.0
1,2024-04-21 09:00:00+00:00,24.997,26.197,26.247,26.197,25.747,25.847,18.3955,65.0,59.0,61.0,60.0,66.0,65.0,88.0,4,spring,66.29,24.8,24.347,70.0
1,2024-04-21 10:00:00+00:00,25.847,26.947,27.097,27.046999,26.747,26.647,19.4955,62.0,56.0,57.0,57.0,61.0,61.0,83.0,4,spring,62.43,25.69,24.897,68.0
1,2024-04-21 11:00:00+00:00,26.296999,27.397,27.546999,27.546999,27.546999,27.097,20.8955,59.0,53.0,54.0,56.0,55.0,59.0,77.0,4,spring,59.0,26.33,25.046999,67.0
1,2024-04-21 12:00:00+00:00,26.097,27.147,28.247,27.597,26.447,27.347,23.9955,59.0,55.0,47.0,56.0,61.0,57.0,71.0,4,spring,58.0,26.7,25.647,60.0
1,2024-04-21 13:00:00+00:00,25.796999,26.796999,28.097,26.546999,26.097,26.497,22.7455,60.0,56.0,48.0,60.0,61.0,62.0,77.0,4,spring,60.57,26.08,25.147,63.0
1,2024-04-21 14:00:00+00:00,25.546999,24.447,27.597,24.847,25.397,25.097,20.9455,58.0,69.0,46.0,68.0,63.0,70.0,84.0,4,spring,65.43,24.84,24.796999,64.0
1,2024-04-21 15:00:00+00:00,24.546999,23.296999,25.397,23.447,24.546999,23.796999,19.3955,61.0,75.0,57.0,74.0,67.0,76.0,90.0,4,spring,71.43,23.49,24.296999,64.0
1,2024-04-21 16:00:00+00:00,22.447,21.997,22.647,22.697,23.497,22.697,18.345499,76.0,82.0,79.0,79.0,73.0,78.0,94.0,4,spring,80.14,22.05,22.647,75.0
1,2024-04-21 17:00:00+00:00,21.497,20.897,21.847,22.147,22.247,21.697,17.5455,83.0,87.0,83.0,83.0,81.0,79.0,96.0,4,spring,84.57,21.13,20.997,87.0
1,2024-04-21 18:00:00+00:00,20.347,21.247,21.347,21.647,21.247,20.796999,17.595499,91.0,86.0,86.0,88.0,87.0,81.0,97.0,4,spring,88.0,20.6,20.497,89.0
1,2024-04-21 19:00:00+00:00,19.597,20.447,20.897,20.897,20.597,20.046999,17.1955,93.0,90.0,87.0,91.0,90.0,85.0,98.0,4,spring,90.57,19.95,19.897,92.0
1,2024-04-21 20:00:00+00:00,19.247,19.647,20.097,20.097,20.197,19.447,16.7955,92.0,93.0,90.0,93.0,91.0,89.0,99.0,4,spring,92.43,19.36,19.447,93.0
1,2024-04-21 21:00:00+00:00,19.046999,19.046999,19.697,19.447,19.796999,18.947,16.4955,93.0,94.0,92.0,94.0,91.0,92.0,99.0,4,spring,93.57,18.93,19.097,94.0
1,2024-04-21 22:00:00+00:00,18.947,18.397,19.197,18.947,19.347,18.597,16.1955,93.0,94.0,94.0,95.0,91.0,92.0,99.0,4,spring,94.0,18.52,18.747,95.0
1,2024-04-21 23:00:00+00:00,18.647,17.997,18.947,18.546999,18.947,18.347,15.8955,95.0,93.0,92.0,95.0,90.0,91.0,99.0,4,spring,93.57,18.19,18.247,97.0
1,2024-04-22 00:00:00+00:00,18.197,18.497,18.546999,18.546999,18.497,19.046999,16.595499,96.0,93.0,93.0,93.0,93.0,94.0,93.0,4,spring,93.57,18.28,18.046999,96.0
1,2024-04-22 01:00:00+00:00,18.097,17.997,18.097,18.046999,18.046999,18.497,16.4955,95.0,93.0,93.0,93.0,94.0,93.0,93.0,4,spring,93.43,17.9,17.847,96.0
1,2024-04-22 02:00:00+00:00,17.597,17.347,17.747,17.546999,17.597,17.897,16.345499,95.0,94.0,91.0,92.0,95.0,92.0,93.0,4,spring,93.14,17.44,17.546999,97.0
1,2024-04-22 03:00:00+00:00,16.897,16.897,17.347,17.597,17.697,17.847,16.3955,95.0,94.0,91.0,91.0,94.0,90.0,92.0,4,spring,92.43,17.24,17.247,97.0
1,2024-04-22 04:00:00+00:00,16.397,16.597,17.147,18.546999,18.747,18.697,16.7955,95.0,94.0,91.0,88.0,90.0,87.0,91.0,4,spring,90.86,17.56,16.997,97.0
1,2024-04-22 05:00:00+00:00,18.597,18.647,19.247,20.046999,20.296999,20.147,17.4455,91.0,91.0,87.0,84.0,85.0,83.0,89.0,4,spring,87.14,19.2,18.647,91.0
1,2024-04-22 06:00:00+00:00,20.447,21.347,21.847,21.647,21.947,21.647,19.7955,85.0,81.0,76.0,79.0,79.0,79.0,84.0,4,spring,80.43,21.24,21.046999,81.0
1,2024-04-22 07:00:00+00:00,22.497,23.097,23.796999,23.397,23.597,23.197,21.4955,77.0,76.0,70.0,73.0,73.0,73.0,75.0,4,spring,73.86,23.01,22.697,75.0
1,2024-04-22 08:00:00+00:00,24.097,24.897,25.647,25.247,25.296999,24.796999,23.2955,72.0,70.0,65.0,67.0,66.0,67.0,64.0,4,spring,67.29,24.75,24.296999,71.0
1,2024-04-22 09:00:00+00:00,25.497,26.546999,26.997,26.697,26.497,26.046999,24.595499,65.0,60.0,57.0,62.0,62.0,62.0,56.0,4,spring,60.57,26.13,25.747,64.0
1,2024-04-22 10:00:00+00:00,26.497,27.397,27.347,27.647,27.097,26.847,25.095499,60.0,55.0,54.0,58.0,60.0,59.0,52.0,4,spring,56.86,26.85,26.796999,56.0
1,2024-04-22 11:00:00+00:00,27.197,27.947,27.897,28.197,27.296999,27.296999,25.1455,55.0,53.0,53.0,55.0,61.0,57.0,51.0,4,spring,55.0,27.28,27.247,54.0
1,2024-04-22 12:00:00+00:00,27.847,28.147,28.247,28.046999,27.597,27.296999,20.7955,51.0,50.0,49.0,51.0,56.0,58.0,74.0,4,spring,55.57,26.85,27.897,52.0
1,2024-04-22 13:00:00+00:00,27.296999,27.647,26.997,26.897,26.447,26.397,20.7455,52.0,51.0,50.0,57.0,60.0,62.0,75.0,4,spring,58.14,26.06,27.546999,54.0
1,2024-04-22 14:00:00+00:00,26.197,25.597,26.347,25.097,24.697,24.947,20.6455,56.0,62.0,53.0,66.0,66.0,69.0,78.0,4,spring,64.29,24.79,26.697,56.0
1,2024-04-22 15:00:00+00:00,23.197,23.697,24.247,23.546999,23.197,23.597,20.095499,74.0,69.0,65.0,74.0,72.0,76.0,81.0,4,spring,73.0,23.08,23.247,75.0
1,2024-04-22 16:00:00+00:00,22.447,22.247,22.296999,22.597,22.197,22.647,18.845499,80.0,79.0,78.0,79.0,77.0,81.0,84.0,4,spring,79.71,21.9,22.546999,81.0
1,2024-04-22 17:00:00+00:00,21.546999,21.497,21.647,21.847,21.447,21.847,17.1455,86.0,85.0,84.0,84.0,81.0,86.0,87.0,4,spring,84.71,21.0,21.796999,87.0
1,2024-04-22 18:00:00+00:00,20.947,20.796999,21.296999,20.947,20.796999,21.147,16.3955,88.0,90.0,88.0,90.0,84.0,90.0,94.0,4,spring,89.14,20.33,21.046999,91.0
1,2024-04-22 19:00:00+00:00,20.397,20.296999,20.897,20.296999,20.247,20.497,15.945499,92.0,92.0,90.0,92.0,86.0,92.0,95.0,4,spring,91.29,19.8,20.647,92.0
1,2024-04-22 20:00:00+00:00,19.796999,20.046999,20.397,19.747,19.847,19.997,15.5955,94.0,93.0,90.0,93.0,86.0,94.0,96.0,4,spring,92.29,19.35,20.296999,94.0
1,2024-04-22 21:00:00+00:00,19.447,19.847,19.847,19.197,19.397,19.546999,15.2955,94.0,92.0,92.0,94.0,87.0,94.0,96.0,4,spring,92.71,18.94,19.897,95.0
1,2024-04-22 22:00:00+00:00,19.197,19.546999,19.647,18.697,18.847,19.247,15.1455,94.0,92.0,92.0,94.0,89.0,93.0,95.0,4,spring,92.71,18.62,19.697,95.0
1,2024-04-22 23:00:00+00:00,18.897,19.247,19.497,18.197,18.347,18.997,15.0455,94.0,91.0,90.0,94.0,91.0,91.0,94.0,4,spring,92.14,18.32,19.546999,96.0
1,2024-04-23 00:00:00+00:00,18.697,18.647,19.046999,18.347,17.546999,18.796999,16.8955,94.0,92.0,88.0,90.0,92.0,95.0,97.0,4,spring,92.57,18.28,19.697,92.0
1,2024-04-23 01:00:00+00:00,18.447,18.347,18.697,17.747,17.247,18.546999,16.7955,93.0,92.0,89.0,91.0,92.0,95.0,97.0,4,spring,92.71,17.98,19.647,89.0
1,2024-04-23 02:00:00+00:00,18.097,17.997,18.447,17.197,17.097,18.247,16.6455,94.0,93.0,90.0,92.0,91.0,94.0,97.0,4,spring,93.0,17.68,19.497,90.0
1,2024-04-23 03:00:00+00:00,17.697,17.597,18.296999,17.247,17.447,18.347,16.595499,95.0,94.0,91.0,92.0,90.0,92.0,97.0,4,spring,93.0,17.6,19.397,89.0
1,2024-04-23 04:00:00+00:00,17.397,17.347,18.296999,18.247,18.497,19.097,16.4955,95.0,94.0,90.0,88.0,87.0,90.0,97.0,4,spring,91.57,17.91,19.197,90.0
1,2024-04-23 05:00:00+00:00,19.296999,19.397,19.847,19.847,19.997,20.296999,16.5455,90.0,89.0,86.0,83.0,82.0,86.0,97.0,4,spring,87.57,19.32,19.447,91.0
1,2024-04-23 06:00:00+00:00,21.546999,21.796999,21.647,21.796999,21.597,21.447,17.1955,83.0,82.0,82.0,74.0,77.0,83.0,97.0,4,spring,82.57,21.0,20.697,87.0
1,2024-04-23 07:00:00+00:00,23.147,23.447,23.347,23.796999,23.397,22.497,17.2455,73.0,72.0,75.0,67.0,70.0,79.0,96.0,4,spring,76.0,22.41,21.747,83.0
1,2024-04-23 08:00:00+00:00,24.647,24.997,25.097,25.796999,25.296999,23.546999,17.2955,68.0,66.0,66.0,59.0,63.0,75.0,96.0,4,spring,70.43,23.81,22.847,76.0
1,2024-04-23 09:00:00+00:00,25.347,26.197,26.397,27.347,26.796999,24.497,17.3955,66.0,61.0,60.0,53.0,57.0,71.0,95.0,4,spring,66.14,24.85,24.046999,73.0
1,2024-04-23 10:00:00+00:00,25.897,27.046999,27.296999,28.147,27.697,25.397,17.6955,65.0,58.0,56.0,49.0,53.0,68.0,94.0,4,spring,63.29,25.6,24.897,69.0
1,2024-04-23 11:00:00+00:00,26.097,27.247,27.747,28.497,28.147,26.147,18.095499,62.0,58.0,53.0,46.0,50.0,65.0,93.0,4,spring,61.0,26.0,25.147,68.0
1,2024-04-23 12:00:00+00:00,26.147,27.296999,28.097,28.397,28.397,28.147,24.8955,56.0,57.0,50.0,51.0,49.0,49.0,59.0,4,spring,53.0,27.34,26.046999,64.0
1,2024-04-23 13:00:00+00:00,25.897,26.947,27.847,27.147,28.097,27.897,24.1455,58.0,59.0,49.0,57.0,49.0,50.0,65.0,4,spring,55.29,26.85,25.747,64.0
1,2024-04-23 14:00:00+00:00,25.546999,23.897,26.847,25.197,27.347,27.347,22.6455,58.0,74.0,50.0,67.0,51.0,54.0,75.0,4,spring,61.29,25.55,24.296999,72.0
1,2024-04-23 15:00:00+00:00,24.997,23.097,23.497,23.497,26.347,26.447,21.095499,58.0,77.0,75.0,76.0,55.0,58.0,84.0,4,spring,69.0,24.14,23.247,77.0
1,2024-04-23 16:00:00+00:00,22.897,22.197,22.397,22.447,24.847,25.046999,19.6955,71.0,83.0,83.0,82.0,61.0,64.0,89.0,4,spring,76.14,22.79,22.247,83.0
1,2024-04-23 17:00:00+00:00,21.447,21.097,21.647,21.747,23.046999,23.296999,18.2955,82.0,89.0,87.0,86.0,70.0,72.0,93.0,4,spring,82.71,21.51,21.597,85.0
1,2024-04-23 18:00:00+00:00,20.997,20.697,20.747,21.046999,21.647,21.847,17.6955,83.0,91.0,90.0,89.0,76.0,78.0,96.0,4,spring,86.14,20.67,21.046999,91.0
1,2024-04-23 19:00:00+00:00,20.947,20.247,20.247,20.497,21.046999,20.997,17.4455,82.0,91.0,92.0,92.0,79.0,82.0,96.0,4,spring,87.71,20.2,20.597,92.0
1,2024-04-23 20:00:00+00:00,20.247,19.897,19.897,20.147,20.897,20.497,17.4455,86.0,91.0,92.0,94.0,80.0,84.0,96.0,4,spring,89.0,19.86,20.296999,93.0
1,2024-04-23 21:00:00+00:00,19.397,19.397,19.546999,19.796999,20.647,19.947,17.3955,92.0,92.0,94.0,95.0,81.0,86.0,96.0,4,spring,90.86,19.45,20.046999,94.0
1,2024-04-23 22:00:00+00:00,19.147,18.897,19.447,19.497,20.147,19.296999,17.2955,92.0,94.0,94.0,94.0,83.0,87.0,96.0,4,spring,91.43,19.1,19.747,94.0
1,2024-04-23 23:00:00+00:00,18.947,18.296999,19.296999,19.247,19.597,18.647,17.1455,92.0,96.0,92.0,92.0,85.0,88.0,97.0,4,spring,91.71,18.74,19.397,94.0
1,2024-04-24 00:00:00+00:00,18.796999,18.046999,18.897,19.546999,18.947,18.597,16.1955,92.0,95.0,91.0,93.0,86.0,87.0,99.0,4,spring,91.86,18.43,19.097,93.0
1,2024-04-24 01:00:00+00:00,18.597,17.597,18.447,19.147,18.247,17.897,16.095499,92.0,95.0,92.0,92.0,87.0,88.0,99.0,4,spring,92.14,18.0,18.847,94.0
1,2024-04-24 02:00:00+00:00,18.397,17.197,18.097,18.697,17.546999,17.296999,16.095499,92.0,95.0,93.0,92.0,89.0,89.0,99.0,4,spring,92.71,17.62,18.647,94.0
1,2024-04-24 03:00:00+00:00,18.197,16.947,17.847,18.647,17.447,17.247,16.1955,93.0,96.0,94.0,90.0,88.0,88.0,98.0,4,spring,92.43,17.5,18.447,95.0
1,2024-04-24 04:00:00+00:00,17.997,16.947,17.847,19.247,18.296999,18.197,16.4955,94.0,95.0,94.0,88.0,84.0,84.0,98.0,4,spring,91.0,17.86,18.347,96.0
1,2024-04-24 05:00:00+00:00,18.997,18.747,19.046999,20.197,19.796999,19.796999,16.8955,95.0,91.0,92.0,85.0,79.0,79.0,97.0,4,spring,88.29,19.07,18.647,95.0
1,2024-04-24 06:00:00+00:00,20.197,21.296999,21.046999,21.597,21.447,21.447,18.2955,85.0,84.0,84.0,81.0,73.0,74.0,90.0,4,spring,81.57,20.76,20.147,89.0
1,2024-04-24 07:00:00+00:00,21.046999,23.147,22.197,22.796999,23.347,23.197,19.4955,80.0,78.0,80.0,77.0,67.0,69.0,84.0,4,spring,76.43,22.18,20.697,86.0
1,2024-04-24 08:00:00+00:00,21.447,24.697,23.097,24.046999,25.397,24.997,20.9455,80.0,71.0,77.0,73.0,60.0,63.0,77.0,4,spring,71.57,23.52,21.447,85.0
1,2024-04-24 09:00:00+00:00,21.647,25.847,23.197,25.046999,26.997,26.347,21.8955,80.0,63.0,75.0,69.0,54.0,59.0,72.0,4,spring,67.43,24.43,21.796999,83.0
1,2024-04-24 10:00:00+00:00,21.997,26.447,23.247,25.697,27.947,27.097,22.0455,82.0,59.0,77.0,66.0,50.0,56.0,71.0,4,spring,65.86,24.93,21.897,81.0
1,2024-04-24 11:00:00+00:00,22.947,26.796999,23.597,26.097,28.447,27.397,21.7955,78.0,59.0,78.0,63.0,47.0,54.0,72.0,4,spring,64.43,25.3,22.296999,79.0
1,2024-04-24 12:00:00+00:00,22.147,25.447,26.296999,24.546999,27.947,27.897,24.7955,80.0,70.0,60.0,69.0,52.0,54.0,64.0,4,spring,64.14,25.58,22.497,79.0
1,2024-04-24 13:00:00+00:00,22.546999,25.147,25.747,24.296999,26.897,27.197,23.345499,75.0,71.0,61.0,71.0,56.0,56.0,72.0,4,spring,66.0,25.03,22.347,80.0
1,2024-04-24 14:00:00+00:00,22.546999,24.347,24.197,23.947,25.197,25.997,21.2455,75.0,74.0,71.0,75.0,62.0,59.0,82.0,4,spring,71.14,23.93,22.147,79.0
1,2024-04-24 15:00:00+00:00,22.147,22.897,23.497,23.397,23.647,24.747,19.4955,75.0,78.0,75.0,79.0,69.0,64.0,91.0,4,spring,75.86,22.83,21.697,81.0
1,2024-04-24 16:00:00+00:00,20.947,21.796999,22.197,22.497,22.546999,23.597,18.5455,83.0,84.0,81.0,83.0,75.0,70.0,95.0,4,spring,81.57,21.73,20.847,86.0
1,2024-04-24 17:00:00+00:00,19.897,20.847,21.197,21.447,21.647,22.447,17.9955,89.0,89.0,86.0,88.0,82.0,77.0,97.0,4,spring,86.86,20.78,20.447,87.0
1,2024-04-24 18:00:00+00:00,18.997,20.296999,20.597,20.697,20.947,21.447,16.8955,93.0,92.0,91.0,88.0,87.0,83.0,95.0,4,spring,89.86,19.98,20.296999,88.0
1,2024-04-24 19:00:00+00:00,18.597,19.947,20.296999,20.097,20.497,20.697,16.6455,94.0,93.0,91.0,92.0,89.0,86.0,95.0,4,spring,91.43,19.54,19.947,89.0
1,2024-04-24 20:00:00+00:00,17.847,19.647,19.847,19.697,20.197,20.046999,16.7955,97.0,94.0,93.0,94.0,90.0,89.0,95.0,4,spring,93.14,19.15,19.397,92.0
1,2024-04-24 21:00:00+00:00,17.697,19.247,19.347,19.397,19.847,19.546999,16.8955,97.0,95.0,95.0,95.0,90.0,90.0,95.0,4,spring,93.86,18.85,19.147,93.0
1,2024-04-24 22:00:00+00:00,17.447,18.747,18.796999,19.147,19.296999,19.147,16.7455,97.0,96.0,97.0,95.0,90.0,91.0,96.0,4,spring,94.57,18.48,18.897,94.0
1,2024-04-24 23:00:00+00:00,17.147,18.447,18.546999,18.947,18.697,18.847,16.5455,99.0,96.0,96.0,95.0,91.0,91.0,96.0,4,spring,94.86,18.17,18.647,95.0
1,2024-04-25 00:00:00+00:00,16.947,18.546999,18.296999,18.497,18.997,18.546999,16.8955,98.0,96.0,96.0,92.0,92.0,88.0,97.0,4,spring,94.14,18.1,17.997,97.0
1,2024-04-25 01:00:00+00:00,16.897,18.347,18.097,17.947,18.546999,17.847,16.7955,98.0,96.0,95.0,93.0,92.0,90.0,98.0,4,spring,94.57,17.78,18.147,96.0
1,2024-04-25 02:00:00+00:00,16.997,18.147,17.796999,17.296999,18.097,17.147,16.6955,97.0,96.0,95.0,94.0,93.0,93.0,98.0,4,spring,95.14,17.45,17.997,96.0
1,2024-04-25 03:00:00+00:00,16.997,17.947,17.347,17.197,18.097,17.097,16.7955,97.0,97.0,95.0,94.0,92.0,93.0,98.0,4,spring,95.14,17.35,17.847,97.0
1,2024-04-25 04:00:00+00:00,16.897,17.546999,16.796999,18.097,18.796999,18.147,17.095499,97.0,98.0,97.0,91.0,90.0,89.0,97.0,4,spring,94.14,17.63,17.847,97.0
1,2024-04-25 05:00:00+00:00,18.597,18.897,18.697,19.597,19.897,19.897,17.5455,93.0,98.0,93.0,86.0,86.0,83.0,96.0,4,spring,90.71,19.02,18.847,94.0
1,2024-04-25 06:00:00+00:00,20.847,20.997,21.147,20.897,21.197,21.647,16.7955,86.0,87.0,84.0,84.0,82.0,76.0,97.0,4,spring,85.14,20.5,20.697,86.0
1,2024-04-25 07:00:00+00:00,21.847,21.897,22.747,22.097,22.697,23.347,17.4455,82.0,83.0,78.0,79.0,76.0,69.0,94.0,4,spring,80.14,21.73,21.796999,82.0
1,2024-04-25 08:00:00+00:00,23.647,23.247,24.247,23.147,24.347,25.097,18.2955,72.0,77.0,71.0,74.0,69.0,63.0,90.0,4,spring,73.71,23.15,23.046999,77.0
1,2024-04-25 09:00:00+00:00,24.897,24.497,25.296999,24.097,25.647,26.497,18.8955,68.0,72.0,67.0,70.0,64.0,57.0,87.0,4,spring,69.29,24.26,24.097,72.0
1,2024-04-25 10:00:00+00:00,25.597,25.447,26.247,24.997,26.397,27.447,18.9455,65.0,67.0,62.0,66.0,61.0,53.0,87.0,4,spring,65.86,25.01,24.796999,69.0
1,2024-04-25 11:00:00+00:00,26.046999,25.796999,26.747,25.697,26.796999,28.046999,18.6955,63.0,65.0,60.0,64.0,60.0,50.0,88.0,4,spring,64.29,25.4,24.997,67.0
1,2024-04-25 12:00:00+00:00,24.647,25.897,26.546999,27.447,26.747,28.347,23.3955,69.0,60.0,60.0,53.0,59.0,49.0,66.0,4,spring,59.43,26.15,24.897,67.0
1,2024-04-25 13:00:00+00:00,24.747,25.697,25.897,26.247,25.997,27.397,22.3955,68.0,60.0,63.0,60.0,62.0,52.0,73.0,4,spring,62.57,25.48,24.296999,71.0
1,2024-04-25 14:00:00+00:00,23.947,24.147,24.347,24.347,24.647,25.847,20.9955,71.0,72.0,74.0,70.0,68.0,57.0,83.0,4,spring,70.71,24.04,22.947,78.0
1,2024-04-25 15:00:00+00:00,22.897,22.997,22.796999,22.747,23.347,24.347,19.6955,76.0,79.0,79.0,78.0,74.0,64.0,91.0,4,spring,77.29,22.69,21.796999,85.0
1,2024-04-25 16:00:00+00:00,21.796999,21.747,21.546999,21.796999,22.347,23.046999,18.6455,84.0,87.0,84.0,83.0,79.0,72.0,95.0,4,spring,83.43,21.56,20.897,89.0
1,2024-04-25 17:00:00+00:00,21.147,20.697,20.947,21.147,21.397,21.747,17.6955,87.0,91.0,87.0,86.0,84.0,82.0,96.0,4,spring,87.57,20.68,20.046999,92.0
1,2024-04-25 18:00:00+00:00,20.247,19.997,20.147,20.197,20.647,20.747,16.095499,92.0,93.0,90.0,91.0,88.0,89.0,95.0,4,spring,91.14,19.73,19.546999,93.0
1,2024-04-25 19:00:00+00:00,19.796999,19.796999,19.747,19.747,20.147,20.097,15.5955,93.0,93.0,92.0,93.0,91.0,92.0,96.0,4,spring,92.86,19.28,19.247,94.0
1,2024-04-25 20:00:00+00:00,19.447,19.497,19.447,19.497,19.747,19.697,15.3955,95.0,93.0,92.0,93.0,93.0,94.0,96.0,4,spring,93.71,18.96,19.046999,94.0
1,2024-04-25 21:00:00+00:00,19.197,19.247,19.097,19.296999,19.447,19.347,15.2955,95.0,93.0,93.0,93.0,94.0,94.0,96.0,4,spring,94.0,18.7,18.697,95.0
1,2024-04-25 22:00:00+00:00,19.046999,19.046999,18.796999,19.046999,19.147,19.097,15.0955,95.0,95.0,94.0,94.0,95.0,94.0,96.0,4,spring,94.71,18.47,18.296999,96.0
1,2024-04-25 23:00:00+00:00,18.847,18.997,18.697,18.847,18.847,18.897,14.8955,96.0,93.0,94.0,94.0,95.0,93.0,96.0,4,spring,94.43,18.29,17.997,97.0
1,2024-04-26 00:00:00+00:00,18.597,18.447,19.046999,18.447,18.796999,19.046999,16.7955,95.0,94.0,93.0,95.0,94.0,91.0,92.0,4,spring,93.43,18.45,17.897,97.0
1,2024-04-26 01:00:00+00:00,18.347,18.296999,18.697,17.947,18.197,18.497,16.6955,96.0,94.0,93.0,96.0,95.0,92.0,92.0,4,spring,94.0,18.1,17.796999,96.0
1,2024-04-26 02:00:00+00:00,18.147,18.097,18.247,17.447,17.447,17.897,16.5455,96.0,95.0,94.0,97.0,96.0,93.0,92.0,4,spring,94.71,17.69,17.796999,96.0
1,2024-04-26 03:00:00+00:00,17.947,17.847,17.897,17.497,17.296999,17.847,16.595499,97.0,95.0,94.0,96.0,96.0,93.0,91.0,4,spring,94.57,17.56,17.796999,95.0
1,2024-04-26 04:00:00+00:00,17.447,17.546999,17.697,18.347,18.097,18.597,16.6455,99.0,96.0,94.0,93.0,93.0,90.0,91.0,4,spring,93.71,17.77,17.796999,95.0
1,2024-04-26 05:00:00+00:00,18.947,19.046999,19.097,19.697,19.447,19.897,16.845499,94.0,92.0,91.0,88.0,88.0,85.0,90.0,4,spring,89.71,19.0,18.397,93.0
1,2024-04-26 06:00:00+00:00,20.197,20.847,21.147,21.046999,20.947,21.347,19.2955,88.0,86.0,84.0,85.0,82.0,80.0,86.0,4,spring,84.43,20.69,19.597,87.0
1,2024-04-26 07:00:00+00:00,21.597,22.647,22.747,22.546999,22.597,22.997,20.6955,82.0,79.0,80.0,78.0,76.0,74.0,81.0,4,spring,78.57,22.26,20.497,83.0
1,2024-04-26 08:00:00+00:00,22.597,24.147,24.347,24.247,24.347,24.747,21.9955,76.0,70.0,73.0,69.0,69.0,68.0,75.0,4,spring,71.43,23.78,21.796999,77.0
1,2024-04-26 09:00:00+00:00,23.546999,25.097,25.747,25.597,25.747,26.147,22.6955,70.0,64.0,64.0,62.0,64.0,62.0,73.0,4,spring,65.57,24.94,22.546999,76.0
1,2024-04-26 10:00:00+00:00,24.296999,25.997,26.647,26.597,26.747,26.997,22.2955,67.0,59.0,59.0,57.0,60.0,58.0,77.0,4,spring,62.43,25.65,23.097,74.0
1,2024-04-26 11:00:00+00:00,24.697,26.597,27.147,27.247,27.347,27.447,21.2455,63.0,56.0,57.0,54.0,57.0,54.0,83.0,4,spring,60.57,25.96,23.197,73.0
1,2024-04-26 12:00:00+00:00,23.847,26.347,27.497,27.447,27.597,27.897,24.095499,65.0,59.0,53.0,57.0,56.0,55.0,67.0,4,spring,58.86,26.39,22.447,77.0
1,2024-04-26 13:00:00+00:00,23.847,26.097,26.897,26.897,26.546999,26.796999,23.4455,64.0,60.0,52.0,58.0,61.0,60.0,73.0,4,spring,61.14,25.79,21.947,79.0
1,2024-04-26 14:00:00+00:00,23.497,25.847,25.947,25.847,24.847,25.097,22.4455,65.0,58.0,55.0,59.0,68.0,68.0,81.0,4,spring,64.86,24.79,21.197,83.0
1,2024-04-26 15:00:00+00:00,22.497,24.897,23.097,24.697,23.347,23.597,21.2955,71.0,62.0,74.0,63.0,75.0,76.0,87.0,4,spring,72.57,23.35,20.497,86.0
1,2024-04-26 16:00:00+00:00,21.097,23.046999,21.997,23.347,22.296999,22.546999,19.8955,78.0,72.0,83.0,70.0,80.0,82.0,91.0,4,spring,79.43,22.03,19.947,89.0
1,2024-04-26 17:00:00+00:00,20.397,21.697,20.897,21.847,21.447,21.697,18.3955,80.0,78.0,88.0,79.0,85.0,87.0,93.0,4,spring,84.29,20.91,19.497,91.0
1,2024-04-26 18:00:00+00:00,20.546999,20.697,20.747,20.497,20.747,20.997,16.9955,82.0,83.0,89.0,91.0,89.0,91.0,95.0,4,spring,88.57,20.18,18.847,91.0
1,2024-04-26 19:00:00+00:00,19.697,19.597,20.197,19.997,20.247,20.597,16.5455,87.0,88.0,92.0,92.0,91.0,93.0,96.0,4,spring,91.29,19.55,18.647,91.0
1,2024-04-26 20:00:00+00:00,18.747,18.747,19.947,19.647,19.847,20.347,16.3955,92.0,91.0,93.0,93.0,91.0,93.0,97.0,4,spring,92.86,19.1,18.447,92.0
1,2024-04-26 21:00:00+00:00,17.997,18.247,19.647,19.296999,19.497,20.097,16.2955,95.0,93.0,93.0,93.0,92.0,93.0,97.0,4,spring,93.71,18.73,18.046999,94.0
1,2024-04-26 22:00:00+00:00,17.497,18.296999,19.197,18.997,19.097,19.697,16.2455,96.0,92.0,95.0,94.0,93.0,93.0,97.0,4,spring,94.29,18.43,17.647,97.0
1,2024-04-26 23:00:00+00:00,16.847,18.347,18.947,18.747,18.647,19.296999,16.2955,98.0,89.0,96.0,94.0,94.0,92.0,96.0,4,spring,94.14,18.16,17.147,98.0
1,2024-04-27 00:00:00+00:00,15.747,18.397,18.647,18.697,18.497,18.296999,16.4955,98.0,94.0,95.0,94.0,93.0,95.0,98.0,4,spring,95.29,17.83,16.697,97.0
1,2024-04-27 01:00:00+00:00,15.447,18.046999,18.447,18.296999,17.947,17.697,16.4955,97.0,95.0,94.0,94.0,94.0,96.0,98.0,4,spring,95.43,17.48,16.397,98.0
1,2024-04-27 02:00:00+00:00,14.997,17.647,18.296999,17.847,17.397,16.997,16.4955,97.0,95.0,93.0,95.0,95.0,96.0,97.0,4,spring,95.43,17.1,16.247,97.0
1,2024-04-27 03:00:00+00:00,14.646999,17.147,18.046999,17.897,17.347,16.997,16.595499,97.0,95.0,92.0,94.0,95.0,95.0,96.0,4,spring,94.86,16.95,16.147,97.0
1,2024-04-27 04:00:00+00:00,14.547,16.796999,17.847,18.697,18.197,18.046999,16.845499,97.0,96.0,93.0,91.0,93.0,92.0,95.0,4,spring,93.86,17.28,16.147,96.0
1,2024-04-27 05:00:00+00:00,17.046999,18.796999,19.347,19.947,19.546999,19.697,17.2455,92.0,90.0,90.0,88.0,90.0,88.0,94.0,4,spring,90.29,18.8,17.597,92.0
1,2024-04-27 06:00:00+00:00,20.147,20.997,21.647,21.197,21.046999,21.397,18.095499,84.0,80.0,82.0,85.0,85.0,83.0,91.0,4,spring,84.29,20.65,20.046999,84.0
1,2024-04-27 07:00:00+00:00,21.947,23.046999,23.397,22.796999,22.697,23.097,19.3955,74.0,73.0,75.0,79.0,79.0,76.0,87.0,4,spring,77.57,22.34,21.947,75.0
1,2024-04-27 08:00:00+00:00,23.497,24.847,24.947,24.447,24.497,24.847,20.845499,66.0,64.0,68.0,73.0,71.0,68.0,82.0,4,spring,70.29,23.99,23.497,68.0
1,2024-04-27 09:00:00+00:00,24.697,26.197,26.397,25.796999,25.897,26.197,21.4955,62.0,58.0,61.0,67.0,65.0,62.0,80.0,4,spring,65.0,25.24,24.747,62.0
1,2024-04-27 10:00:00+00:00,25.546999,27.197,27.097,26.697,26.796999,27.097,20.595499,59.0,53.0,54.0,62.0,61.0,58.0,84.0,4,spring,61.57,25.86,25.647,57.0
1,2024-04-27 11:00:00+00:00,25.997,27.697,27.597,27.296999,27.347,27.597,18.7955,57.0,50.0,51.0,57.0,57.0,56.0,91.0,4,spring,59.86,26.05,26.097,55.0
1,2024-04-27 12:00:00+00:00,26.347,27.147,27.747,27.296999,27.247,27.647,17.2955,56.0,54.0,54.0,54.0,56.0,58.0,94.0,4,spring,60.86,25.82,26.397,54.0
1,2024-04-27 13:00:00+00:00,25.447,26.947,27.147,26.247,26.247,26.546999,17.095499,61.0,51.0,53.0,59.0,61.0,63.0,95.0,4,spring,63.29,25.1,25.546999,58.0
1,2024-04-27 14:00:00+00:00,24.597,26.397,25.997,24.647,24.747,24.847,16.7955,64.0,51.0,58.0,68.0,70.0,70.0,97.0,4,spring,68.29,24.0,24.097,65.0
1,2024-04-27 15:00:00+00:00,23.447,25.046999,23.447,23.147,23.397,23.347,16.4955,70.0,58.0,76.0,76.0,77.0,77.0,98.0,4,spring,76.0,22.62,23.397,68.0
1,2024-04-27 16:00:00+00:00,22.046999,22.997,22.296999,22.046999,22.497,22.347,16.2455,80.0,68.0,83.0,82.0,82.0,82.0,98.0,4,spring,82.14,21.5,21.447,79.0
1,2024-04-27 17:00:00+00:00,20.947,21.147,21.247,21.097,21.747,21.597,15.9955,86.0,80.0,88.0,86.0,85.0,87.0,97.0,4,spring,87.0,20.54,20.647,83.0
1,2024-04-27 18:00:00+00:00,20.147,20.247,20.647,20.647,21.097,20.947,15.7955,88.0,89.0,88.0,86.0,88.0,90.0,96.0,4,spring,89.29,19.93,20.497,85.0
1,2024-04-27 19:00:00+00:00,19.197,19.747,20.347,20.147,20.497,20.397,15.6455,93.0,92.0,89.0,89.0,90.0,92.0,96.0,4,spring,91.57,19.43,20.197,86.0
1,2024-04-27 20:00:00+00:00,18.796999,19.497,19.796999,19.796999,20.046999,19.947,15.8955,95.0,93.0,90.0,92.0,92.0,93.0,94.0,4,spring,92.71,19.11,19.747,89.0
1,2024-04-27 21:00:00+00:00,18.497,19.147,19.296999,19.497,19.546999,19.546999,16.095499,97.0,94.0,93.0,94.0,93.0,93.0,92.0,4,spring,93.71,18.8,19.397,91.0
1,2024-04-27 22:00:00+00:00,18.296999,18.747,18.997,19.197,19.046999,19.147,16.1955,98.0,95.0,94.0,95.0,93.0,93.0,90.0,4,spring,94.0,18.52,18.997,92.0
1,2024-04-27 23:00:00+00:00,18.097,18.447,18.796999,18.947,18.546999,18.697,16.2455,97.0,95.0,95.0,95.0,93.0,93.0,89.0,4,spring,93.86,18.25,18.697,94.0
1,2024-04-28 00:00:00+00:00,17.747,17.897,18.546999,18.546999,18.197,18.147,15.5955,94.0,96.0,94.0,93.0,94.0,94.0,97.0,4,spring,94.57,17.81,18.497,95.0
1,2024-04-28 01:00:00+00:00,17.197,17.647,17.997,17.947,17.497,17.497,15.445499,95.0,95.0,94.0,94.0,95.0,95.0,97.0,4,spring,95.0,17.32,18.147,96.0
1,2024-04-28 02:00:00+00:00,16.647,17.147,17.597,17.347,16.747,16.847,15.3955,96.0,96.0,94.0,96.0,96.0,96.0,96.0,4,spring,95.71,16.82,17.897,96.0
1,2024-04-28 03:00:00+00:00,16.247,16.647,17.296999,17.296999,16.697,16.847,15.7955,97.0,96.0,95.0,96.0,95.0,95.0,95.0,4,spring,95.57,16.69,17.747,96.0
1,2024-04-28 04:00:00+00:00,16.097,16.397,17.046999,18.247,17.796999,17.947,16.9455,96.0,96.0,95.0,93.0,92.0,92.0,92.0,4,spring,93.71,17.21,17.597,96.0
1,2024-04-28 05:00:00+00:00,18.197,18.447,18.897,19.747,19.647,19.697,18.5455,91.0,91.0,90.0,88.0,87.0,88.0,87.0,4,spring,88.86,19.03,18.747,93.0
1,2024-04-28 06:00:00+00:00,20.697,21.397,21.197,21.447,21.397,21.397,19.6955,85.0,82.0,82.0,82.0,82.0,83.0,85.0,4,spring,83.0,21.03,20.647,87.0
1,2024-04-28 07:00:00+00:00,22.847,23.197,22.796999,22.947,22.997,22.947,21.3955,75.0,73.0,76.0,75.0,75.0,77.0,79.0,4,spring,75.71,22.73,22.147,80.0
1,2024-04-28 08:00:00+00:00,24.447,24.796999,24.647,24.546999,24.497,24.497,23.1955,66.0,66.0,68.0,66.0,68.0,70.0,72.0,4,spring,68.0,24.38,23.397,73.0
1,2024-04-28 09:00:00+00:00,25.697,25.697,25.947,25.796999,25.697,25.697,24.4955,62.0,60.0,60.0,60.0,63.0,64.0,66.0,4,spring,62.14,25.58,24.347,69.0
1,2024-04-28 10:00:00+00:00,26.197,26.397,26.747,26.647,26.497,26.597,25.345499,55.0,56.0,56.0,56.0,60.0,60.0,61.0,4,spring,57.71,26.35,25.197,65.0
1,2024-04-28 11:00:00+00:00,26.597,26.747,27.197,27.147,26.897,27.147,25.7455,54.0,55.0,53.0,54.0,60.0,58.0,57.0,4,spring,55.86,26.78,25.597,62.0
1,2024-04-28 12:00:00+00:00,26.097,26.546999,26.796999,27.046999,26.997,26.947,23.6955,56.0,55.0,54.0,54.0,58.0,58.0,73.0,4,spring,58.29,26.3,25.447,60.0
1,2024-04-28 13:00:00+00:00,25.697,26.347,26.497,25.947,26.347,25.897,22.9455,57.0,54.0,54.0,60.0,60.0,64.0,77.0,4,spring,60.86,25.67,24.997,62.0
1,2024-04-28 14:00:00+00:00,25.046999,25.647,25.947,24.197,25.197,24.296999,21.9955,57.0,54.0,54.0,69.0,64.0,73.0,81.0,4,spring,64.57,24.62,23.347,74.0
1,2024-04-28 15:00:00+00:00,23.247,24.546999,24.697,22.647,23.997,22.947,20.9955,66.0,62.0,60.0,77.0,69.0,81.0,85.0,4,spring,71.43,23.3,22.597,76.0
1,2024-04-28 16:00:00+00:00,21.347,22.697,22.247,21.546999,22.897,22.197,19.8955,79.0,71.0,75.0,82.0,74.0,85.0,88.0,4,spring,79.14,21.83,21.447,83.0
1,2024-04-28 17:00:00+00:00,20.597,21.296999,20.897,20.647,21.796999,21.647,18.7455,85.0,79.0,83.0,85.0,80.0,88.0,89.0,4,spring,84.14,20.8,20.697,89.0
1,2024-04-28 18:00:00+00:00,20.247,20.147,20.296999,20.447,20.847,21.097,17.1955,89.0,88.0,84.0,89.0,85.0,90.0,96.0,4,spring,88.71,20.04,20.097,91.0
1,2024-04-28 19:00:00+00:00,19.647,19.847,19.597,19.897,20.097,20.347,16.9455,93.0,89.0,85.0,90.0,88.0,90.0,96.0,4,spring,90.14,19.48,19.697,92.0
1,2024-04-28 20:00:00+00:00,19.447,19.447,19.347,19.447,19.447,19.597,17.095499,92.0,91.0,86.0,91.0,89.0,88.0,95.0,4,spring,90.29,19.12,19.397,93.0
1,2024-04-28 21:00:00+00:00,19.197,18.947,19.147,19.046999,18.897,18.897,17.1955,93.0,91.0,88.0,91.0,90.0,87.0,94.0,4,spring,90.57,18.76,19.247,93.0
1,2024-04-28 22:00:00+00:00,18.947,18.546999,18.796999,18.697,18.447,18.397,16.9955,93.0,91.0,90.0,92.0,91.0,88.0,95.0,4,spring,91.43,18.4,18.997,93.0
1,2024-04-28 23:00:00+00:00,18.747,18.097,18.447,18.447,18.046999,17.997,16.6955,93.0,91.0,92.0,92.0,92.0,90.0,97.0,4,spring,92.43,18.07,18.747,94.0
1,2024-04-29 00:00:00+00:00,17.897,18.397,17.847,18.197,17.546999,17.647,15.5955,94.0,93.0,94.0,94.0,95.0,90.0,96.0,4,spring,93.71,17.59,18.747,93.0
1,2024-04-29 01:00:00+00:00,17.347,18.046999,17.597,17.597,16.997,16.997,15.2455,94.0,94.0,95.0,95.0,96.0,92.0,96.0,4,spring,94.57,17.12,18.546999,94.0
1,2024-04-29 02:00:00+00:00,16.947,17.597,17.197,17.046999,16.497,16.397,14.8455,95.0,95.0,96.0,96.0,96.0,94.0,97.0,4,spring,95.57,16.65,18.046999,96.0
1,2024-04-29 03:00:00+00:00,16.447,17.097,16.747,17.097,16.647,16.447,14.9955,95.0,95.0,96.0,95.0,95.0,94.0,96.0,4,spring,95.14,16.5,17.447,97.0
1,2024-04-29 04:00:00+00:00,16.197,16.897,16.497,18.247,17.847,17.647,16.095499,95.0,95.0,96.0,91.0,91.0,90.0,93.0,4,spring,93.0,17.06,17.046999,97.0
1,2024-04-29 05:00:00+00:00,18.147,18.747,18.546999,19.997,19.747,19.497,17.7455,90.0,91.0,91.0,86.0,86.0,84.0,89.0,4,spring,88.14,18.92,18.597,93.0
1,2024-04-29 06:00:00+00:00,20.597,20.997,21.447,21.597,21.597,21.347,19.8955,83.0,83.0,82.0,80.0,80.0,78.0,85.0,4,spring,81.57,21.07,20.546999,85.0
1,2024-04-29 07:00:00+00:00,22.397,23.046999,23.546999,23.296999,23.397,23.097,22.1455,78.0,76.0,75.0,73.0,72.0,72.0,75.0,4,spring,74.43,22.99,22.397,77.0
1,2024-04-29 08:00:00+00:00,24.296999,24.747,25.097,24.997,25.147,24.847,24.6455,68.0,66.0,64.0,64.0,64.0,65.0,64.0,4,spring,65.0,24.83,23.796999,67.0
1,2024-04-29 09:00:00+00:00,25.397,25.847,26.147,26.347,26.597,26.247,26.1955,61.0,59.0,57.0,58.0,57.0,60.0,57.0,4,spring,58.43,26.11,24.947,61.0
1,2024-04-29 10:00:00+00:00,26.197,26.747,26.947,27.296999,27.546999,27.147,26.3955,57.0,55.0,54.0,54.0,52.0,56.0,58.0,4,spring,55.14,26.9,25.847,57.0
1,2024-04-29 11:00:00+00:00,26.897,27.347,27.447,27.897,28.197,27.697,25.7455,54.0,53.0,53.0,51.0,49.0,54.0,65.0,4,spring,54.14,27.32,26.097,56.0
1,2024-04-29 12:00:00+00:00,26.546999,27.497,27.497,27.847,28.347,28.347,26.595499,53.0,51.0,54.0,52.0,48.0,49.0,54.0,4,spring,51.57,27.53,25.796999,58.0
1,2024-04-29 13:00:00+00:00,25.796999,26.947,27.197,27.747,28.247,28.097,24.7955,58.0,53.0,54.0,52.0,46.0,49.0,63.0,4,spring,53.57,26.98,25.097,62.0
1,2024-04-29 14:00:00+00:00,25.147,25.997,26.497,27.247,27.796999,27.447,22.2955,63.0,57.0,55.0,53.0,46.0,51.0,76.0,4,spring,57.29,26.06,23.546999,73.0
1,2024-04-29 15:00:00+00:00,23.897,24.697,24.897,26.347,26.897,26.397,20.1955,69.0,64.0,62.0,56.0,50.0,55.0,86.0,4,spring,63.14,24.76,22.447,77.0
1,2024-04-29 16:00:00+00:00,22.347,22.897,22.347,24.796999,25.097,24.647,19.0455,80.0,75.0,79.0,63.0,61.0,64.0,91.0,4,spring,73.29,23.03,21.046999,86.0
1,2024-04-29 17:00:00+00:00,21.247,21.697,21.347,22.796999,22.796999,22.497,18.2955,85.0,81.0,85.0,73.0,76.0,75.0,94.0,4,spring,81.29,21.53,20.647,89.0
1,2024-04-29 18:00:00+00:00,20.247,20.697,21.247,20.947,21.046999,20.796999,17.2955,91.0,87.0,86.0,83.0,87.0,84.0,95.0,4,spring,87.57,20.33,20.046999,91.0
1,2024-04-29 19:00:00+00:00,19.897,20.247,20.697,20.097,20.347,19.997,16.9955,91.0,90.0,89.0,86.0,91.0,88.0,96.0,4,spring,90.14,19.75,19.697,92.0
1,2024-04-29 20:00:00+00:00,19.647,19.796999,20.097,19.546999,20.147,19.647,17.0455,91.0,92.0,90.0,88.0,92.0,90.0,95.0,4,spring,91.14,19.42,19.546999,92.0
1,2024-04-29 21:00:00+00:00,19.497,19.647,19.447,19.046999,19.897,19.347,17.095499,91.0,91.0,90.0,89.0,93.0,91.0,95.0,4,spring,91.43,19.14,19.347,93.0
1,2024-04-29 22:00:00+00:00,19.097,19.197,18.947,18.647,19.347,18.947,16.9955,93.0,93.0,90.0,91.0,94.0,92.0,95.0,4,spring,92.57,18.74,19.046999,94.0
1,2024-04-29 23:00:00+00:00,18.747,18.747,18.347,18.296999,18.747,18.546999,16.8955,94.0,95.0,92.0,93.0,95.0,93.0,95.0,4,spring,93.86,18.33,18.847,94.0
1,2024-04-30 00:00:00+00:00,18.296999,18.647,18.497,17.847,18.247,18.147,16.095499,96.0,97.0,93.0,97.0,96.0,95.0,93.0,4,spring,95.29,17.97,18.647,94.0
1,2024-04-30 01:00:00+00:00,17.897,18.397,17.997,17.247,17.597,17.497,15.9955,96.0,96.0,93.0,98.0,96.0,96.0,93.0,4,spring,95.43,17.52,18.247,96.0
1,2024-04-30 02:00:00+00:00,17.497,18.197,17.697,16.697,16.947,16.897,15.8955,96.0,95.0,94.0,98.0,97.0,96.0,94.0,4,spring,95.71,17.12,17.897,96.0
1,2024-04-30 03:00:00+00:00,17.046999,17.747,17.397,16.796999,16.997,16.997,16.1955,97.0,95.0,95.0,96.0,95.0,95.0,93.0,4,spring,95.14,17.03,17.347,97.0
1,2024-04-30 04:00:00+00:00,16.697,17.397,17.097,17.947,18.197,18.197,17.095499,97.0,95.0,96.0,92.0,91.0,91.0,90.0,4,spring,93.14,17.52,16.997,98.0
1,2024-04-30 05:00:00+00:00,18.597,19.147,18.947,19.747,20.046999,20.097,18.3955,94.0,90.0,91.0,87.0,86.0,85.0,85.0,4,spring,88.29,19.28,18.747,94.0
1,2024-04-30 06:00:00+00:00,21.046999,21.247,21.347,21.497,21.897,21.997,20.095499,87.0,85.0,83.0,83.0,80.0,78.0,83.0,4,spring,82.71,21.3,21.046999,86.0
1,2024-04-30 07:00:00+00:00,22.747,23.147,23.147,23.197,23.697,23.847,22.1955,77.0,78.0,79.0,76.0,73.0,71.0,75.0,4,spring,75.57,23.14,22.597,78.0
1,2024-04-30 08:00:00+00:00,24.046999,24.747,24.796999,24.897,25.447,25.697,24.345499,70.0,68.0,69.0,67.0,64.0,63.0,66.0,4,spring,66.71,24.85,23.747,72.0
1,2024-04-30 09:00:00+00:00,25.046999,25.897,25.997,26.247,26.847,27.097,25.8955,65.0,61.0,63.0,60.0,58.0,57.0,60.0,4,spring,60.57,26.15,24.847,66.0
1,2024-04-30 10:00:00+00:00,25.847,26.147,26.796999,27.147,27.747,27.997,26.5455,62.0,61.0,59.0,55.0,54.0,54.0,57.0,4,spring,57.43,26.89,25.697,61.0
1,2024-04-30 11:00:00+00:00,26.247,26.597,27.197,27.697,28.247,28.397,26.5455,60.0,59.0,55.0,52.0,52.0,52.0,55.0,4,spring,55.0,27.28,25.897,63.0
1,2024-04-30 12:00:00+00:00,26.147,26.747,27.147,28.197,27.697,28.247,24.4955,60.0,59.0,53.0,52.0,54.0,54.0,68.0,4,spring,57.14,26.95,26.497,59.0
1,2024-04-30 13:00:00+00:00,25.647,26.097,26.597,27.597,26.546999,27.097,23.095499,62.0,60.0,56.0,54.0,60.0,61.0,75.0,4,spring,61.14,26.1,26.046999,62.0
1,2024-04-30 14:00:00+00:00,24.447,24.947,26.046999,26.497,24.796999,25.296999,21.345499,69.0,63.0,57.0,57.0,70.0,71.0,82.0,4,spring,67.0,24.77,24.546999,69.0
1,2024-04-30 15:00:00+00:00,22.796999,22.947,24.897,25.247,23.197,23.647,19.7955,77.0,77.0,61.0,62.0,78.0,79.0,89.0,4,spring,74.71,23.22,23.296999,72.0
1,2024-04-30 16:00:00+00:00,21.546999,21.897,23.046999,23.847,22.097,22.347,18.7455,85.0,83.0,72.0,69.0,84.0,84.0,93.0,4,spring,81.43,21.93,21.847,79.0
1,2024-04-30 17:00:00+00:00,20.796999,21.197,21.546999,22.247,21.147,21.147,17.9455,89.0,85.0,81.0,77.0,89.0,87.0,95.0,4,spring,86.14,20.86,20.997,85.0
1,2024-04-30 18:00:00+00:00,20.497,20.147,20.897,21.247,20.447,20.247,18.095499,91.0,90.0,84.0,80.0,93.0,89.0,93.0,4,spring,88.57,20.23,20.497,88.0
1,2024-04-30 19:00:00+00:00,19.997,19.647,20.347,20.447,19.997,19.697,17.5455,92.0,92.0,87.0,84.0,95.0,92.0,94.0,4,spring,90.86,19.67,20.197,90.0
1,2024-04-30 20:00:00+00:00,19.247,19.247,19.796999,19.847,19.796999,19.447,16.9955,95.0,93.0,89.0,87.0,95.0,94.0,95.0,4,spring,92.57,19.2,19.897,91.0
1,2024-04-30 21:00:00+00:00,19.046999,18.947,19.296999,19.347,19.497,19.247,16.595499,95.0,93.0,92.0,89.0,95.0,95.0,96.0,4,spring,93.57,18.85,19.597,93.0
1,2024-04-30 22:00:00+00:00,18.796999,18.697,19.147,18.897,19.046999,19.046999,16.4955,95.0,93.0,92.0,91.0,96.0,95.0,96.0,4,spring,94.0,18.59,19.247,93.0
1,2024-04-30 23:00:00+00:00,18.447,18.397,19.147,18.597,18.546999,18.897,16.595499,96.0,94.0,91.0,91.0,96.0,94.0,95.0,4,spring,93.86,18.38,18.897,94.0
1,2024-05-01 00:00:00+00:00,18.197,17.847,18.847,18.397,17.947,18.647,16.095499,97.0,95.0,92.0,91.0,94.0,94.0,96.0,5,spring,94.14,18.0,18.796999,93.0
1,2024-05-01 01:00:00+00:00,17.897,17.546999,18.546999,17.847,17.497,18.247,15.695499,97.0,95.0,92.0,92.0,95.0,94.0,96.0,5,spring,94.43,17.61,18.597,94.0
1,2024-05-01 02:00:00+00:00,17.497,17.397,18.097,17.296999,17.097,17.897,15.195499,97.0,95.0,93.0,94.0,95.0,94.0,97.0,5,spring,95.0,17.21,18.397,95.0
1,2024-05-01 03:00:00+00:00,17.097,17.147,17.647,17.347,17.247,18.046999,15.2955,97.0,95.0,95.0,93.0,94.0,93.0,96.0,5,spring,94.71,17.12,18.147,95.0
1,2024-05-01 04:00:00+00:00,16.897,16.897,17.296999,18.397,18.296999,18.997,16.3955,97.0,95.0,95.0,89.0,91.0,90.0,93.0,5,spring,92.86,17.6,17.997,95.0
1,2024-05-01 05:00:00+00:00,18.697,18.647,18.997,19.997,19.897,20.397,18.0455,92.0,91.0,91.0,84.0,87.0,86.0,88.0,5,spring,88.43,19.24,19.296999,92.0
1,2024-05-01 06:00:00+00:00,21.046999,20.647,20.947,21.397,21.546999,21.796999,16.4955,87.0,86.0,84.0,82.0,82.0,82.0,95.0,5,spring,85.43,20.55,20.997,87.0
1,2024-05-01 07:00:00+00:00,22.947,22.296999,22.897,23.097,23.247,23.147,17.1455,78.0,82.0,78.0,75.0,75.0,77.0,93.0,5,spring,79.71,22.11,22.247,80.0
1,2024-05-01 08:00:00+00:00,24.097,23.897,24.647,24.847,25.046999,24.447,17.9455,71.0,72.0,71.0,68.0,67.0,71.0,90.0,5,spring,72.86,23.56,23.397,76.0
1,2024-05-01 09:00:00+00:00,24.847,24.997,25.697,26.296999,26.397,25.546999,18.4955,69.0,66.0,62.0,61.0,60.0,66.0,89.0,5,spring,67.57,24.61,24.197,71.0
1,2024-05-01 10:00:00+00:00,25.647,25.697,26.546999,27.247,27.197,26.347,18.595499,67.0,64.0,58.0,56.0,56.0,63.0,89.0,5,spring,64.71,25.33,24.997,67.0
1,2024-05-01 11:00:00+00:00,26.097,25.947,27.046999,27.897,27.597,26.947,18.4455,65.0,59.0,56.0,53.0,54.0,62.0,91.0,5,spring,62.86,25.71,25.497,65.0
1,2024-05-01 12:00:00+00:00,26.097,26.147,26.147,28.147,28.597,27.296999,21.2955,60.0,59.0,58.0,52.0,51.0,59.0,83.0,5,spring,60.29,26.25,25.847,62.0
1,2024-05-01 13:00:00+00:00,25.597,26.147,25.997,27.697,28.046999,26.347,20.5455,60.0,57.0,58.0,53.0,52.0,63.0,85.0,5,spring,61.14,25.77,25.546999,62.0
1,2024-05-01 14:00:00+00:00,24.347,25.697,25.197,26.796999,26.997,24.796999,19.3955,70.0,57.0,60.0,55.0,56.0,70.0,89.0,5,spring,65.29,24.75,23.947,71.0
1,2024-05-01 15:00:00+00:00,23.497,24.546999,24.296999,25.747,25.747,23.397,18.4955,69.0,65.0,65.0,59.0,61.0,77.0,92.0,5,spring,69.71,23.68,22.947,78.0
1,2024-05-01 16:00:00+00:00,21.997,23.097,22.747,24.397,24.147,22.347,17.9955,76.0,73.0,73.0,65.0,70.0,83.0,93.0,5,spring,76.14,22.39,21.747,84.0
1,2024-05-01 17:00:00+00:00,20.947,22.447,21.647,22.897,22.397,21.447,17.6955,82.0,76.0,78.0,73.0,80.0,88.0,93.0,5,spring,81.43,21.35,21.197,85.0
1,2024-05-01 18:00:00+00:00,21.046999,20.497,20.796999,21.197,20.997,20.697,16.6955,88.0,85.0,86.0,82.0,88.0,92.0,96.0,5,spring,88.14,20.28,21.097,88.0
1,2024-05-01 19:00:00+00:00,20.046999,19.697,20.447,20.296999,20.347,20.147,16.6455,93.0,89.0,86.0,86.0,91.0,94.0,96.0,5,spring,90.71,19.66,20.597,89.0
1,2024-05-01 20:00:00+00:00,19.397,19.247,20.147,19.597,20.046999,19.747,16.9455,96.0,92.0,85.0,89.0,92.0,94.0,95.0,5,spring,91.86,19.3,19.997,91.0
1,2024-05-01 21:00:00+00:00,19.046999,19.097,19.697,19.046999,19.847,19.397,17.095499,96.0,92.0,86.0,91.0,92.0,94.0,95.0,5,spring,92.29,19.03,19.097,95.0
1,2024-05-01 22:00:00+00:00,18.847,19.046999,19.147,18.647,19.597,19.046999,16.7455,96.0,90.0,87.0,92.0,93.0,94.0,95.0,5,spring,92.43,18.73,18.847,96.0
1,2024-05-01 23:00:00+00:00,18.747,18.897,18.697,18.347,19.397,18.747,16.1955,94.0,89.0,89.0,93.0,95.0,93.0,96.0,5,spring,92.71,18.43,18.447,96.0
1,2024-05-02 00:00:00+00:00,18.247,18.097,18.597,18.647,18.697,18.796999,16.595499,94.0,92.0,91.0,94.0,91.0,91.0,97.0,5,spring,92.86,18.24,18.147,96.0
1,2024-05-02 01:00:00+00:00,18.147,17.697,18.097,18.046999,18.147,18.497,16.4955,94.0,93.0,92.0,95.0,92.0,91.0,98.0,5,spring,93.57,17.88,17.747,96.0
1,2024-05-02 02:00:00+00:00,17.897,17.347,17.647,17.447,17.647,18.197,16.2955,95.0,94.0,94.0,95.0,94.0,92.0,98.0,5,spring,94.57,17.5,17.647,95.0
1,2024-05-02 03:00:00+00:00,17.447,16.997,17.347,17.447,17.747,18.397,16.1955,95.0,95.0,95.0,93.0,93.0,91.0,99.0,5,spring,94.43,17.37,17.447,95.0
1,2024-05-02 04:00:00+00:00,17.197,16.647,17.197,18.497,18.796999,19.296999,16.1955,95.0,96.0,94.0,90.0,89.0,88.0,99.0,5,spring,93.0,17.69,17.397,94.0
1,2024-05-02 05:00:00+00:00,18.897,18.747,19.147,20.147,20.497,20.697,16.2955,91.0,93.0,88.0,85.0,84.0,85.0,99.0,5,spring,89.29,19.2,19.247,89.0
1,2024-05-02 06:00:00+00:00,21.097,21.296999,21.447,21.796999,22.097,22.097,17.2955,84.0,84.0,82.0,79.0,78.0,80.0,95.0,5,spring,83.14,21.02,21.546999,83.0
1,2024-05-02 07:00:00+00:00,22.747,22.897,23.296999,23.397,23.546999,23.546999,17.7955,78.0,79.0,76.0,72.0,73.0,74.0,91.0,5,spring,77.57,22.46,23.247,75.0
1,2024-05-02 08:00:00+00:00,24.296999,23.947,24.296999,24.997,24.997,24.997,18.4455,68.0,73.0,68.0,64.0,67.0,67.0,86.0,5,spring,70.43,23.71,24.296999,67.0
1,2024-05-02 09:00:00+00:00,25.147,24.897,25.447,26.247,26.147,26.197,19.3955,63.0,67.0,64.0,58.0,63.0,62.0,80.0,5,spring,65.29,24.78,25.197,61.0
1,2024-05-02 10:00:00+00:00,25.997,25.796999,26.147,26.997,26.997,27.147,21.1455,60.0,64.0,61.0,55.0,59.0,59.0,72.0,5,spring,61.43,25.75,25.997,60.0
1,2024-05-02 11:00:00+00:00,26.447,25.997,26.747,27.397,27.597,27.796999,23.1455,60.0,64.0,58.0,53.0,57.0,57.0,64.0,5,spring,59.0,26.45,26.247,61.0
1,2024-05-02 12:00:00+00:00,25.897,26.546999,27.397,26.847,28.147,27.647,19.3955,64.0,61.0,54.0,57.0,53.0,57.0,87.0,5,spring,61.86,25.98,25.947,63.0
1,2024-05-02 13:00:00+00:00,25.447,25.947,26.897,25.897,27.597,26.546999,19.4455,66.0,61.0,52.0,62.0,54.0,61.0,88.0,5,spring,63.43,25.4,25.197,66.0
1,2024-05-02 14:00:00+00:00,24.347,25.347,26.147,24.447,26.546999,24.796999,19.2955,72.0,61.0,55.0,70.0,56.0,69.0,89.0,5,spring,67.43,24.42,23.497,76.0
1,2024-05-02 15:00:00+00:00,23.296999,24.197,24.647,23.097,25.397,23.247,18.8955,76.0,65.0,63.0,77.0,60.0,76.0,91.0,5,spring,72.57,23.25,22.347,83.0
1,2024-05-02 16:00:00+00:00,22.197,22.796999,22.647,22.046999,24.097,22.296999,18.0455,82.0,73.0,75.0,82.0,66.0,81.0,93.0,5,spring,78.86,22.02,21.097,90.0
1,2024-05-02 17:00:00+00:00,21.296999,21.796999,21.546999,21.147,22.697,21.546999,16.9455,86.0,80.0,82.0,86.0,74.0,86.0,94.0,5,spring,84.0,21.0,20.397,94.0
1,2024-05-02 18:00:00+00:00,20.597,20.597,21.347,20.747,21.597,20.897,17.1955,92.0,91.0,87.0,89.0,81.0,90.0,94.0,5,spring,89.14,20.43,19.947,95.0
1,2024-05-02 19:00:00+00:00,20.097,19.597,20.397,20.197,21.046999,20.247,16.9955,94.0,96.0,92.0,91.0,85.0,92.0,95.0,5,spring,92.14,19.8,19.747,95.0
1,2024-05-02 20:00:00+00:00,20.097,19.247,20.296999,19.847,20.796999,19.647,16.7955,94.0,96.0,91.0,92.0,87.0,94.0,97.0,5,spring,93.0,19.53,19.647,95.0
1,2024-05-02 21:00:00+00:00,19.847,19.147,19.796999,19.497,20.546999,19.147,16.6955,93.0,96.0,92.0,93.0,89.0,94.0,98.0,5,spring,93.57,19.24,19.397,94.0
1,2024-05-02 22:00:00+00:00,19.597,18.947,19.546999,19.147,20.247,18.747,16.595499,93.0,96.0,92.0,94.0,90.0,93.0,99.0,5,spring,93.86,18.98,19.147,95.0
1,2024-05-02 23:00:00+00:00,19.247,18.647,19.247,18.796999,19.997,18.397,16.5455,94.0,96.0,92.0,95.0,91.0,92.0,99.0,5,spring,94.14,18.7,18.947,95.0
1,2024-05-03 00:00:00+00:00,18.947,19.347,19.397,18.397,19.247,19.046999,16.095499,94.0,92.0,91.0,93.0,91.0,92.0,96.0,5,spring,92.71,18.64,18.847,95.0
1,2024-05-03 01:00:00+00:00,18.747,19.097,19.296999,17.947,18.747,18.497,15.9955,95.0,93.0,91.0,94.0,92.0,93.0,96.0,5,spring,93.43,18.33,18.597,96.0
1,2024-05-03 02:00:00+00:00,18.546999,18.947,19.296999,17.546999,18.197,17.897,15.9955,95.0,93.0,91.0,95.0,92.0,93.0,97.0,5,spring,93.71,18.06,18.597,96.0
1,2024-05-03 03:00:00+00:00,18.397,18.947,19.147,17.597,18.247,17.897,16.095499,95.0,93.0,92.0,95.0,91.0,93.0,97.0,5,spring,93.71,18.05,18.597,96.0
1,2024-05-03 04:00:00+00:00,18.397,18.847,18.697,18.497,19.197,18.847,16.2455,95.0,93.0,95.0,93.0,88.0,91.0,97.0,5,spring,93.14,18.39,18.447,97.0
1,2024-05-03 05:00:00+00:00,19.347,19.847,19.546999,19.847,20.647,20.296999,16.4955,93.0,90.0,92.0,89.0,84.0,87.0,96.0,5,spring,90.14,19.43,19.097,95.0
1,2024-05-03 06:00:00+00:00,20.247,20.497,20.046999,20.997,22.147,21.847,17.1955,91.0,87.0,89.0,86.0,79.0,83.0,94.0,5,spring,87.0,20.43,20.046999,88.0
1,2024-05-03 07:00:00+00:00,21.897,22.097,21.147,22.447,23.647,23.347,18.7455,83.0,80.0,87.0,80.0,73.0,77.0,87.0,5,spring,81.0,21.9,20.897,88.0
1,2024-05-03 08:00:00+00:00,22.697,23.197,22.947,24.046999,25.147,24.897,20.7455,82.0,75.0,78.0,73.0,67.0,70.0,79.0,5,spring,74.86,23.38,21.697,86.0
1,2024-05-03 09:00:00+00:00,23.046999,24.197,24.197,25.296999,26.296999,26.097,22.095499,79.0,72.0,72.0,67.0,62.0,64.0,74.0,5,spring,70.0,24.46,22.397,83.0
1,2024-05-03 10:00:00+00:00,23.546999,24.897,25.097,26.046999,27.097,26.847,22.3955,75.0,70.0,69.0,63.0,58.0,60.0,75.0,5,spring,67.14,25.13,23.397,77.0
1,2024-05-03 11:00:00+00:00,24.296999,25.397,25.546999,26.447,27.546999,27.247,22.095499,72.0,68.0,68.0,61.0,55.0,58.0,79.0,5,spring,65.86,25.51,23.397,73.0
1,2024-05-03 12:00:00+00:00,23.597,24.796999,25.247,25.947,26.197,26.796999,18.8955,74.0,69.0,69.0,66.0,61.0,62.0,94.0,5,spring,70.71,24.5,23.847,70.0
1,2024-05-03 13:00:00+00:00,22.847,23.796999,24.447,25.296999,25.397,25.697,18.4455,76.0,74.0,73.0,68.0,65.0,67.0,95.0,5,spring,74.0,23.7,23.197,75.0
1,2024-05-03 14:00:00+00:00,22.597,22.897,23.296999,24.247,24.197,23.997,18.1455,76.0,80.0,77.0,72.0,70.0,75.0,96.0,5,spring,78.0,22.77,22.247,78.0
1,2024-05-03 15:00:00+00:00,22.197,22.447,22.497,23.197,22.997,22.497,17.8955,78.0,83.0,80.0,76.0,76.0,82.0,96.0,5,spring,81.57,21.96,21.897,82.0
1,2024-05-03 16:00:00+00:00,21.147,21.597,21.697,22.147,21.897,21.546999,17.5455,84.0,88.0,85.0,81.0,82.0,85.0,97.0,5,spring,86.0,21.08,20.647,89.0
1,2024-05-03 17:00:00+00:00,20.747,20.796999,21.296999,21.097,20.847,20.796999,17.1955,86.0,91.0,87.0,86.0,87.0,86.0,97.0,5,spring,88.57,20.4,20.097,93.0
1,2024-05-03 18:00:00+00:00,19.997,20.247,20.397,20.296999,20.097,20.197,16.595499,92.0,95.0,90.0,91.0,91.0,87.0,99.0,5,spring,92.14,19.69,19.947,96.0
1,2024-05-03 19:00:00+00:00,19.697,19.947,20.097,19.796999,19.796999,19.747,16.5455,94.0,95.0,92.0,93.0,92.0,88.0,99.0,5,spring,93.29,19.38,19.597,97.0
1,2024-05-03 20:00:00+00:00,19.447,19.847,19.897,19.397,19.747,19.447,16.4955,96.0,95.0,92.0,95.0,92.0,88.0,98.0,5,spring,93.71,19.18,19.347,97.0
1,2024-05-03 21:00:00+00:00,19.296999,19.847,19.697,19.147,19.697,19.147,16.3955,96.0,94.0,92.0,96.0,91.0,89.0,98.0,5,spring,93.71,19.03,19.147,96.0
1,2024-05-03 22:00:00+00:00,19.347,19.847,19.497,18.997,19.546999,18.847,15.9955,95.0,92.0,92.0,96.0,91.0,90.0,98.0,5,spring,93.43,18.87,19.046999,96.0
1,2024-05-03 23:00:00+00:00,19.197,19.597,19.347,18.947,19.347,18.597,15.4955,94.0,93.0,93.0,95.0,91.0,91.0,99.0,5,spring,93.71,18.65,18.947,95.0
1,2024-05-04 00:00:00+00:00,18.997,18.997,19.197,19.147,19.046999,19.247,16.2955,95.0,93.0,93.0,92.0,93.0,88.0,99.0,5,spring,93.29,18.7,18.747,94.0
1,2024-05-04 01:00:00+00:00,18.947,18.847,19.147,18.947,18.697,18.897,16.2455,94.0,93.0,93.0,93.0,94.0,89.0,99.0,5,spring,93.57,18.53,18.247,94.0
1,2024-05-04 02:00:00+00:00,18.697,18.796999,18.897,18.747,18.397,18.546999,16.2455,95.0,92.0,94.0,94.0,94.0,90.0,99.0,5,spring,94.0,18.33,17.997,93.0
1,2024-05-04 03:00:00+00:00,18.597,18.697,18.796999,18.747,18.397,18.647,16.2955,93.0,92.0,94.0,95.0,94.0,90.0,99.0,5,spring,93.86,18.31,17.947,93.0
1,2024-05-04 04:00:00+00:00,18.296999,18.597,18.597,19.097,18.947,19.447,16.4955,92.0,92.0,96.0,94.0,93.0,88.0,99.0,5,spring,93.43,18.5,17.897,93.0
1,2024-05-04 05:00:00+00:00,19.097,18.897,18.947,19.747,19.847,20.647,16.7455,89.0,91.0,95.0,92.0,90.0,85.0,99.0,5,spring,91.57,19.13,18.647,91.0
1,2024-05-04 06:00:00+00:00,19.697,19.497,20.546999,19.597,20.897,21.897,19.1955,81.0,84.0,90.0,93.0,87.0,81.0,84.0,5,spring,85.71,20.19,19.697,89.0
1,2024-05-04 07:00:00+00:00,20.947,20.447,21.847,20.747,22.097,23.247,20.5455,78.0,80.0,85.0,89.0,81.0,76.0,80.0,5,spring,81.29,21.41,19.597,88.0
1,2024-05-04 08:00:00+00:00,22.147,21.546999,23.097,22.197,23.397,24.697,22.095499,72.0,76.0,77.0,83.0,75.0,70.0,76.0,5,spring,75.57,22.74,19.397,88.0
1,2024-05-04 09:00:00+00:00,23.296999,22.447,23.997,23.397,24.497,25.747,23.1955,68.0,73.0,73.0,78.0,69.0,65.0,73.0,5,spring,71.29,23.8,20.347,85.0
1,2024-05-04 10:00:00+00:00,24.247,23.247,24.897,24.197,25.347,26.296999,23.6455,63.0,71.0,68.0,73.0,65.0,62.0,72.0,5,spring,67.71,24.55,20.897,83.0
1,2024-05-04 11:00:00+00:00,24.597,23.997,25.296999,24.697,25.947,26.447,23.6955,61.0,67.0,66.0,68.0,62.0,60.0,72.0,5,spring,65.14,24.95,21.247,80.0
1,2024-05-04 12:00:00+00:00,22.597,24.397,23.447,23.997,25.947,24.796999,23.1955,74.0,62.0,71.0,67.0,65.0,70.0,75.0,5,spring,69.14,24.05,21.197,81.0
1,2024-05-04 13:00:00+00:00,22.497,24.046999,23.197,23.697,24.997,24.497,22.1455,72.0,66.0,71.0,67.0,69.0,72.0,80.0,5,spring,71.0,23.58,20.697,83.0
1,2024-05-04 14:00:00+00:00,22.647,23.147,23.097,23.197,23.447,23.897,20.845499,72.0,73.0,72.0,68.0,76.0,74.0,86.0,5,spring,74.43,22.9,20.397,84.0
1,2024-05-04 15:00:00+00:00,22.046999,22.197,22.796999,22.647,22.147,23.197,19.6955,76.0,76.0,73.0,70.0,82.0,77.0,91.0,5,spring,77.86,22.1,20.097,86.0
1,2024-05-04 16:00:00+00:00,21.147,21.397,21.997,22.097,21.296999,22.296999,18.845499,80.0,80.0,78.0,73.0,87.0,81.0,93.0,5,spring,81.71,21.3,19.546999,90.0
1,2024-05-04 17:00:00+00:00,20.347,20.647,21.097,21.447,20.597,21.247,18.1455,84.0,84.0,83.0,76.0,91.0,86.0,94.0,5,spring,85.43,20.5,18.947,93.0
1,2024-05-04 18:00:00+00:00,19.497,20.447,20.397,19.097,20.097,20.397,16.7955,88.0,86.0,92.0,93.0,94.0,89.0,98.0,5,spring,91.43,19.53,18.597,94.0
1,2024-05-04 19:00:00+00:00,18.997,19.947,19.997,18.647,19.796999,19.947,16.4955,88.0,89.0,94.0,95.0,95.0,90.0,98.0,5,spring,92.71,19.12,18.247,95.0
1,2024-05-04 20:00:00+00:00,18.347,19.497,19.697,18.397,19.697,19.697,16.3955,88.0,91.0,95.0,95.0,94.0,90.0,98.0,5,spring,93.0,18.82,17.847,94.0
1,2024-05-04 21:00:00+00:00,17.546999,19.147,19.597,18.247,19.597,19.447,16.2955,90.0,93.0,94.0,95.0,93.0,90.0,98.0,5,spring,93.29,18.55,17.296999,95.0
1,2024-05-04 22:00:00+00:00,16.847,18.546999,19.447,18.097,19.546999,19.147,16.0455,93.0,95.0,93.0,94.0,93.0,91.0,98.0,5,spring,93.86,18.24,16.697,96.0
1,2024-05-04 23:00:00+00:00,16.247,18.197,19.197,17.997,19.497,18.847,15.7955,94.0,95.0,92.0,94.0,92.0,92.0,97.0,5,spring,93.71,17.97,16.397,97.0
1,2024-05-05 00:00:00+00:00,16.147,17.847,17.697,17.747,18.997,19.597,16.3955,97.0,96.0,96.0,93.0,94.0,91.0,98.0,5,spring,95.0,17.78,16.047,98.0
1,2024-05-05 01:00:00+00:00,15.797,17.397,17.097,17.197,18.697,19.397,16.095499,96.0,96.0,97.0,94.0,94.0,91.0,98.0,5,spring,95.14,17.38,15.747,98.0
1,2024-05-05 02:00:00+00:00,15.396999,16.997,16.796999,16.597,18.447,19.147,15.7455,96.0,96.0,96.0,96.0,94.0,92.0,97.0,5,spring,95.29,17.02,15.197,99.0
1,2024-05-05 03:00:00+00:00,14.947,16.897,16.647,16.647,18.546999,19.296999,15.695499,97.0,96.0,96.0,95.0,93.0,91.0,96.0,5,spring,94.86,16.95,14.697,99.0
1,2024-05-05 04:00:00+00:00,14.747,16.697,16.497,17.647,19.296999,19.997,16.095499,97.0,95.0,96.0,92.0,91.0,89.0,95.0,5,spring,93.57,17.28,14.497,99.0
1,2024-05-05 05:00:00+00:00,16.447,18.347,18.347,19.296999,20.447,21.046999,16.845499,97.0,91.0,90.0,87.0,88.0,86.0,93.0,5,spring,90.29,18.68,16.497,94.0
1,2024-05-05 06:00:00+00:00,18.897,20.597,20.597,21.546999,21.647,22.197,16.9955,86.0,84.0,82.0,81.0,84.0,82.0,96.0,5,spring,85.0,20.35,19.597,90.0
1,2024-05-05 07:00:00+00:00,20.296999,22.597,22.597,22.947,22.947,23.447,17.1455,84.0,78.0,74.0,74.0,77.0,77.0,96.0,5,spring,80.0,21.71,21.546999,82.0
1,2024-05-05 08:00:00+00:00,21.546999,24.097,23.947,24.397,24.347,24.796999,17.1955,79.0,67.0,68.0,67.0,70.0,71.0,96.0,5,spring,74.0,22.9,22.847,73.0
1,2024-05-05 09:00:00+00:00,22.947,24.747,25.046999,25.546999,25.397,25.796999,17.1955,71.0,63.0,61.0,61.0,64.0,67.0,96.0,5,spring,69.0,23.81,23.897,67.0
1,2024-05-05 10:00:00+00:00,24.197,24.897,26.097,26.347,26.097,26.397,17.095499,65.0,64.0,55.0,57.0,62.0,65.0,96.0,5,spring,66.29,24.45,24.897,65.0
1,2024-05-05 11:00:00+00:00,24.997,25.197,26.447,26.847,26.497,26.647,16.9455,60.0,63.0,52.0,55.0,61.0,64.0,97.0,5,spring,64.57,24.8,25.397,61.0
1,2024-05-05 12:00:00+00:00,25.546999,24.397,26.947,26.897,26.847,26.697,21.2955,56.0,64.0,54.0,56.0,57.0,62.0,79.0,5,spring,61.14,25.52,25.546999,59.0
1,2024-05-05 13:00:00+00:00,24.997,24.046999,26.747,25.947,25.947,25.997,20.595499,57.0,68.0,53.0,61.0,62.0,65.0,82.0,5,spring,64.0,24.9,24.147,62.0
1,2024-05-05 14:00:00+00:00,23.697,23.147,26.296999,24.447,24.546999,24.897,19.4955,65.0,74.0,52.0,68.0,70.0,69.0,86.0,5,spring,69.14,23.79,23.197,72.0
1,2024-05-05 15:00:00+00:00,22.397,21.947,25.147,23.147,23.247,23.796999,18.595499,76.0,79.0,59.0,74.0,77.0,74.0,89.0,5,spring,75.43,22.61,22.197,79.0
1,2024-05-05 16:00:00+00:00,21.046999,21.046999,23.147,22.296999,22.147,22.796999,17.9955,81.0,86.0,67.0,78.0,83.0,80.0,91.0,5,spring,80.86,21.5,20.647,88.0
1,2024-05-05 17:00:00+00:00,20.247,20.546999,21.647,21.597,21.147,21.796999,17.595499,85.0,87.0,73.0,82.0,87.0,85.0,92.0,5,spring,84.43,20.65,20.097,91.0
1,2024-05-05 18:00:00+00:00,19.796999,19.546999,20.347,20.197,20.347,20.947,15.9955,93.0,91.0,86.0,89.0,91.0,90.0,95.0,5,spring,90.71,19.6,19.847,94.0
1,2024-05-05 19:00:00+00:00,19.397,18.697,19.947,19.697,19.847,20.397,15.7455,95.0,96.0,86.0,91.0,93.0,92.0,95.0,5,spring,92.57,19.1,19.497,95.0
1,2024-05-05 20:00:00+00:00,19.046999,18.397,19.447,19.397,19.546999,20.046999,15.695499,97.0,96.0,88.0,91.0,93.0,93.0,94.0,5,spring,93.14,18.8,19.147,97.0
1,2024-05-05 21:00:00+00:00,18.847,18.097,18.947,19.197,19.296999,19.697,15.5955,97.0,96.0,91.0,91.0,93.0,93.0,94.0,5,spring,93.57,18.53,19.046999,97.0
1,2024-05-05 22:00:00+00:00,18.697,17.747,18.347,18.997,18.997,19.347,15.3955,97.0,97.0,93.0,92.0,94.0,92.0,94.0,5,spring,94.14,18.22,18.847,97.0
1,2024-05-05 23:00:00+00:00,18.296999,17.546999,17.897,18.897,18.747,19.046999,15.195499,98.0,96.0,95.0,92.0,94.0,90.0,95.0,5,spring,94.29,17.95,18.647,97.0
1,2024-05-06 00:00:00+00:00,17.296999,16.947,17.597,18.197,18.847,18.897,15.4955,98.0,96.0,95.0,89.0,94.0,93.0,96.0,5,spring,94.43,17.61,18.147,97.0
1,2024-05-06 01:00:00+00:00,16.947,16.647,16.997,17.796999,18.497,18.447,15.1455,98.0,96.0,95.0,89.0,93.0,93.0,97.0,5,spring,94.43,17.21,17.947,96.0
1,2024-05-06 02:00:00+00:00,16.697,16.296999,16.447,17.447,18.147,17.947,14.8955,97.0,96.0,94.0,88.0,92.0,92.0,97.0,5,spring,93.71,16.84,17.697,95.0
1,2024-05-06 03:00:00+00:00,16.447,16.047,16.497,17.597,18.247,17.997,15.0955,96.0,94.0,92.0,87.0,90.0,91.0,97.0,5,spring,92.43,16.85,17.397,95.0
1,2024-05-06 04:00:00+00:00,16.247,15.797,17.497,18.546999,19.097,18.897,16.0455,96.0,94.0,89.0,84.0,86.0,88.0,95.0,5,spring,90.29,17.45,17.347,94.0
1,2024-05-06 05:00:00+00:00,18.147,17.747,19.097,19.997,20.447,20.347,17.4955,90.0,89.0,85.0,81.0,81.0,84.0,93.0,5,spring,86.14,19.04,18.847,91.0
1,2024-05-06 06:00:00+00:00,20.697,20.447,21.046999,21.347,21.897,21.847,18.1955,83.0,83.0,79.0,75.0,76.0,80.0,85.0,5,spring,80.14,20.78,20.597,83.0
1,2024-05-06 07:00:00+00:00,22.247,22.197,22.546999,22.947,23.497,23.347,20.1955,75.0,76.0,74.0,71.0,70.0,74.0,77.0,5,spring,73.86,22.43,22.296999,73.0
1,2024-05-06 08:00:00+00:00,23.647,24.097,23.796999,24.546999,25.197,24.847,22.5455,68.0,69.0,71.0,66.0,63.0,68.0,66.0,5,spring,67.29,24.1,23.747,67.0
1,2024-05-06 09:00:00+00:00,25.046999,25.497,25.296999,25.847,26.497,26.046999,24.1955,64.0,62.0,66.0,62.0,58.0,63.0,59.0,5,spring,62.0,25.49,24.897,63.0
1,2024-05-06 10:00:00+00:00,26.097,26.247,26.247,26.847,27.197,26.847,24.6955,59.0,57.0,59.0,57.0,55.0,59.0,56.0,5,spring,57.43,26.31,25.847,58.0
1,2024-05-06 11:00:00+00:00,26.347,26.647,26.647,27.597,27.497,27.296999,24.4955,57.0,54.0,55.0,52.0,54.0,57.0,56.0,5,spring,55.0,26.65,25.947,57.0
1,2024-05-06 12:00:00+00:00,26.296999,27.647,25.597,27.897,26.847,27.747,24.1955,58.0,49.0,59.0,49.0,55.0,54.0,58.0,5,spring,54.57,26.6,25.747,58.0
1,2024-05-06 13:00:00+00:00,24.397,27.296999,26.247,27.546999,25.947,26.497,23.345499,70.0,49.0,57.0,51.0,59.0,60.0,65.0,5,spring,58.71,25.9,25.796999,57.0
1,2024-05-06 14:00:00+00:00,24.097,26.447,25.796999,26.796999,24.397,24.647,22.095499,70.0,50.0,58.0,54.0,66.0,69.0,74.0,5,spring,63.0,24.9,25.296999,57.0
1,2024-05-06 15:00:00+00:00,23.546999,24.796999,24.546999,25.796999,22.947,22.997,20.7955,74.0,60.0,65.0,58.0,73.0,77.0,82.0,5,spring,69.86,23.63,23.947,67.0
1,2024-05-06 16:00:00+00:00,22.397,22.697,22.847,24.397,21.947,21.947,19.3955,81.0,73.0,72.0,64.0,79.0,83.0,86.0,5,spring,76.86,22.23,22.497,73.0
1,2024-05-06 17:00:00+00:00,20.997,21.247,21.247,22.697,21.097,21.097,17.9455,88.0,79.0,79.0,70.0,85.0,88.0,88.0,5,spring,82.43,20.9,21.397,79.0
1,2024-05-06 18:00:00+00:00,19.997,21.147,20.147,21.097,20.397,20.447,16.6955,90.0,76.0,85.0,76.0,89.0,91.0,92.0,5,spring,85.57,19.99,20.447,83.0
1,2024-05-06 19:00:00+00:00,19.347,20.497,19.847,20.247,19.897,19.947,16.095499,91.0,79.0,84.0,81.0,91.0,93.0,94.0,5,spring,87.57,19.41,19.697,88.0
1,2024-05-06 20:00:00+00:00,18.897,19.897,19.347,19.546999,19.597,19.546999,15.8455,90.0,81.0,87.0,86.0,92.0,93.0,94.0,5,spring,89.0,18.95,19.296999,90.0
1,2024-05-06 21:00:00+00:00,18.296999,19.097,18.947,18.897,19.247,19.247,15.5955,90.0,84.0,88.0,90.0,92.0,93.0,95.0,5,spring,90.29,18.48,18.847,90.0
1,2024-05-06 22:00:00+00:00,17.747,18.397,18.697,18.247,18.847,18.997,15.2955,91.0,86.0,88.0,91.0,90.0,92.0,96.0,5,spring,90.57,18.03,18.497,90.0
1,2024-05-06 23:00:00+00:00,17.296999,17.847,18.447,17.597,18.497,18.847,15.0455,92.0,88.0,88.0,91.0,88.0,89.0,96.0,5,spring,90.29,17.65,18.247,90.0
1,2024-05-07 00:00:00+00:00,16.397,17.497,17.247,17.097,17.597,18.447,14.8955,92.0,92.0,90.0,91.0,85.0,88.0,95.0,5,spring,90.43,17.03,17.546999,90.0
1,2024-05-07 01:00:00+00:00,16.097,16.997,16.796999,16.597,17.097,17.847,14.5455,93.0,93.0,90.0,91.0,87.0,89.0,96.0,5,spring,91.29,16.57,17.296999,90.0
1,2024-05-07 02:00:00+00:00,16.047,16.697,16.397,16.197,16.697,17.247,14.2955,93.0,93.0,91.0,91.0,91.0,90.0,96.0,5,spring,92.14,16.23,16.847,91.0
1,2024-05-07 03:00:00+00:00,15.947,16.447,16.097,16.447,16.897,17.247,14.5955,93.0,93.0,93.0,90.0,91.0,90.0,96.0,5,spring,92.29,16.24,16.546999,93.0
1,2024-05-07 04:00:00+00:00,15.947,16.347,16.147,17.796999,18.097,18.347,15.695499,93.0,93.0,93.0,87.0,87.0,87.0,94.0,5,spring,90.57,16.91,16.546999,93.0
1,2024-05-07 05:00:00+00:00,18.247,18.697,18.546999,19.747,19.897,20.097,17.2955,89.0,88.0,88.0,82.0,81.0,82.0,91.0,5,spring,85.86,18.93,18.497,88.0
1,2024-05-07 06:00:00+00:00,21.097,20.997,21.197,21.447,21.796999,21.796999,19.3955,79.0,80.0,77.0,78.0,74.0,77.0,85.0,5,spring,78.57,21.1,21.097,80.0
1,2024-05-07 07:00:00+00:00,22.997,22.847,22.997,23.197,23.847,23.397,21.595499,71.0,71.0,70.0,71.0,67.0,70.0,76.0,5,spring,70.86,22.98,23.296999,69.0
1,2024-05-07 08:00:00+00:00,24.847,24.347,24.847,24.997,25.997,24.947,24.0455,64.0,66.0,65.0,63.0,59.0,63.0,66.0,5,spring,63.71,24.86,25.097,63.0
1,2024-05-07 09:00:00+00:00,26.046999,25.447,26.296999,26.347,27.397,26.046999,25.6955,58.0,60.0,57.0,57.0,54.0,58.0,58.0,5,spring,57.43,26.18,26.347,58.0
1,2024-05-07 10:00:00+00:00,26.796999,26.697,27.247,27.197,27.647,26.597,26.2455,56.0,56.0,54.0,53.0,53.0,56.0,55.0,5,spring,54.71,26.92,26.997,56.0
1,2024-05-07 11:00:00+00:00,26.897,27.147,27.597,27.647,27.197,26.747,26.095499,56.0,53.0,52.0,51.0,54.0,57.0,55.0,5,spring,54.0,27.05,27.046999,57.0
1,2024-05-07 12:00:00+00:00,26.447,25.897,28.597,27.597,27.397,26.147,24.9955,57.0,63.0,45.0,49.0,53.0,66.0,62.0,5,spring,56.43,26.73,26.796999,59.0
1,2024-05-07 13:00:00+00:00,26.046999,23.397,28.497,26.947,26.447,25.447,23.4455,60.0,76.0,45.0,52.0,58.0,70.0,69.0,5,spring,61.43,25.75,24.447,75.0
1,2024-05-07 14:00:00+00:00,23.897,23.597,27.747,25.796999,24.997,24.447,21.345499,74.0,78.0,45.0,57.0,66.0,74.0,79.0,5,spring,67.57,24.55,23.697,78.0
1,2024-05-07 15:00:00+00:00,23.397,23.197,25.546999,24.647,23.597,23.447,19.595499,77.0,78.0,56.0,62.0,72.0,78.0,87.0,5,spring,72.86,23.35,22.947,82.0
1,2024-05-07 16:00:00+00:00,22.397,22.247,23.197,23.497,22.447,22.497,18.595499,82.0,83.0,69.0,64.0,75.0,80.0,91.0,5,spring,77.71,22.13,22.296999,82.0
1,2024-05-07 17:00:00+00:00,21.397,21.147,22.247,22.347,21.347,21.497,17.9955,84.0,90.0,73.0,66.0,76.0,82.0,93.0,5,spring,80.57,21.14,21.247,83.0
1,2024-05-07 18:00:00+00:00,19.897,20.397,20.497,21.697,20.397,20.597,16.595499,81.0,88.0,79.0,71.0,78.0,83.0,98.0,5,spring,82.57,20.01,20.347,84.0
1,2024-05-07 19:00:00+00:00,19.046999,19.347,19.546999,20.897,19.697,19.847,16.2455,84.0,88.0,81.0,75.0,81.0,84.0,99.0,5,spring,84.57,19.23,19.647,86.0
1,2024-05-07 20:00:00+00:00,18.347,18.497,18.697,20.296999,19.197,19.197,16.345499,87.0,88.0,85.0,77.0,84.0,85.0,99.0,5,spring,86.43,18.65,18.947,89.0
1,2024-05-07 21:00:00+00:00,17.747,17.897,18.197,19.747,18.747,18.697,16.3955,90.0,88.0,89.0,80.0,86.0,86.0,98.0,5,spring,88.14,18.2,18.597,90.0
1,2024-05-07 22:00:00+00:00,17.447,17.447,17.796999,19.247,18.347,18.397,16.1455,92.0,90.0,91.0,82.0,88.0,87.0,98.0,5,spring,89.71,17.83,18.296999,92.0
1,2024-05-07 23:00:00+00:00,17.296999,17.147,17.497,18.796999,17.997,18.296999,15.7955,93.0,93.0,92.0,84.0,89.0,88.0,97.0,5,spring,90.86,17.55,18.147,93.0
1,2024-05-08 00:00:00+00:00,17.247,17.197,16.947,18.397,17.697,17.247,16.1955,94.0,93.0,93.0,86.0,90.0,92.0,97.0,5,spring,92.14,17.28,17.796999,93.0
1,2024-05-08 01:00:00+00:00,16.997,17.147,16.747,17.847,17.197,16.847,16.1455,94.0,93.0,92.0,88.0,92.0,93.0,97.0,5,spring,92.71,16.99,17.747,92.0
1,2024-05-08 02:00:00+00:00,16.747,16.947,16.597,17.296999,16.747,16.497,16.1955,93.0,94.0,92.0,89.0,93.0,92.0,96.0,5,spring,92.71,16.72,17.647,91.0
1,2024-05-08 03:00:00+00:00,16.497,16.647,16.347,17.296999,16.897,16.697,16.4955,93.0,94.0,92.0,89.0,92.0,91.0,95.0,5,spring,92.29,16.7,17.397,91.0
1,2024-05-08 04:00:00+00:00,16.447,16.546999,16.296999,18.197,18.097,17.796999,17.095499,93.0,94.0,92.0,86.0,88.0,88.0,94.0,5,spring,90.71,17.21,17.097,92.0
1,2024-05-08 05:00:00+00:00,18.447,18.597,18.647,19.697,19.897,19.497,17.9455,89.0,88.0,86.0,82.0,82.0,83.0,92.0,5,spring,86.0,18.96,18.647,88.0
1,2024-05-08 06:00:00+00:00,21.147,21.347,21.247,21.397,21.697,21.247,18.9955,79.0,77.0,77.0,77.0,75.0,78.0,87.0,5,spring,78.57,21.01,20.847,79.0
1,2024-05-08 07:00:00+00:00,22.546999,23.197,23.296999,23.097,23.397,23.147,21.095499,72.0,68.0,66.0,70.0,68.0,71.0,79.0,5,spring,70.57,22.83,22.397,73.0
1,2024-05-08 08:00:00+00:00,24.247,24.796999,24.997,24.847,25.097,25.097,23.595499,66.0,62.0,61.0,62.0,61.0,62.0,69.0,5,spring,63.29,24.67,24.147,66.0
1,2024-05-08 09:00:00+00:00,25.546999,25.796999,26.247,26.197,26.397,26.597,25.2955,59.0,60.0,56.0,56.0,55.0,56.0,63.0,5,spring,57.86,26.01,25.497,60.0
1,2024-05-08 10:00:00+00:00,26.197,26.647,27.197,26.947,27.147,27.447,25.7455,57.0,59.0,53.0,53.0,52.0,53.0,63.0,5,spring,55.71,26.76,26.497,58.0
1,2024-05-08 11:00:00+00:00,26.697,26.796999,27.247,27.296999,27.447,27.796999,25.345499,57.0,60.0,53.0,52.0,51.0,51.0,66.0,5,spring,55.71,26.95,26.847,57.0
1,2024-05-08 12:00:00+00:00,24.397,26.097,26.997,27.347,26.747,27.247,26.095499,69.0,61.0,55.0,51.0,55.0,52.0,58.0,5,spring,57.29,26.42,26.097,60.0
1,2024-05-08 13:00:00+00:00,23.947,23.747,23.997,26.197,26.296999,26.397,24.5455,70.0,74.0,72.0,57.0,56.0,56.0,66.0,5,spring,64.43,25.02,23.847,73.0
1,2024-05-08 14:00:00+00:00,24.447,23.347,23.647,24.497,25.647,25.097,22.345499,63.0,75.0,74.0,66.0,57.0,62.0,78.0,5,spring,67.86,24.15,23.597,71.0
1,2024-05-08 15:00:00+00:00,23.497,22.796999,23.597,23.046999,24.747,23.796999,20.3955,67.0,77.0,72.0,73.0,59.0,68.0,87.0,5,spring,71.86,23.13,23.147,71.0
1,2024-05-08 16:00:00+00:00,21.847,22.197,22.497,22.046999,23.546999,22.697,18.8955,72.0,78.0,72.0,74.0,63.0,72.0,92.0,5,spring,74.71,21.96,21.997,73.0
1,2024-05-08 17:00:00+00:00,20.447,21.097,21.046999,21.296999,22.097,21.697,17.5455,74.0,77.0,73.0,73.0,69.0,75.0,95.0,5,spring,76.57,20.75,20.847,74.0
1,2024-05-08 18:00:00+00:00,19.147,20.597,19.546999,20.497,20.947,20.796999,16.4955,81.0,79.0,80.0,74.0,73.0,77.0,96.0,5,spring,80.0,19.72,19.796999,80.0
1,2024-05-08 19:00:00+00:00,18.546999,19.997,18.997,19.697,20.247,20.097,16.2955,83.0,81.0,83.0,77.0,75.0,79.0,97.0,5,spring,82.14,19.13,19.147,81.0
1,2024-05-08 20:00:00+00:00,18.097,19.647,18.697,19.046999,19.847,19.546999,16.595499,85.0,81.0,84.0,80.0,77.0,80.0,98.0,5,spring,83.57,18.78,18.796999,83.0
1,2024-05-08 21:00:00+00:00,17.747,19.296999,18.447,18.546999,19.497,19.097,16.8955,87.0,82.0,86.0,82.0,78.0,81.0,98.0,5,spring,84.86,18.5,18.347,85.0
1,2024-05-08 22:00:00+00:00,17.447,19.046999,18.197,18.296999,19.247,18.647,16.9455,89.0,84.0,87.0,84.0,80.0,83.0,98.0,5,spring,86.43,18.26,18.046999,87.0
1,2024-05-08 23:00:00+00:00,17.497,18.897,17.997,18.197,19.097,18.296999,16.9955,90.0,85.0,87.0,85.0,82.0,86.0,97.0,5,spring,87.43,18.14,18.097,88.0
1,2024-05-09 00:00:00+00:00,16.747,17.947,17.597,17.997,18.747,18.097,14.8955,91.0,88.0,88.0,84.0,76.0,88.0,96.0,5,spring,87.29,17.43,18.197,88.0
1,2024-05-09 01:00:00+00:00,16.697,17.597,17.296999,17.497,18.647,17.997,14.445499,91.0,88.0,89.0,85.0,76.0,88.0,97.0,5,spring,87.71,17.17,18.296999,86.0
1,2024-05-09 02:00:00+00:00,16.597,17.296999,16.847,16.847,18.597,18.046999,14.0955,90.0,89.0,90.0,85.0,75.0,87.0,98.0,5,spring,87.71,16.9,18.147,85.0
1,2024-05-09 03:00:00+00:00,16.397,17.247,16.397,16.697,18.697,18.296999,14.2955,90.0,88.0,92.0,85.0,75.0,85.0,97.0,5,spring,87.43,16.86,18.097,85.0
1,2024-05-09 04:00:00+00:00,16.397,17.447,16.296999,17.347,18.796999,18.796999,15.3455,90.0,86.0,92.0,83.0,77.0,84.0,94.0,5,spring,86.57,17.2,18.097,86.0
1,2024-05-09 05:00:00+00:00,18.397,18.546999,18.397,18.447,18.997,19.546999,16.9455,85.0,84.0,87.0,81.0,80.0,82.0,91.0,5,spring,84.29,18.47,18.697,86.0
1,2024-05-09 06:00:00+00:00,20.447,20.447,20.647,20.947,19.546999,20.597,19.1955,78.0,77.0,79.0,77.0,80.0,79.0,85.0,5,spring,79.29,20.26,20.097,79.0
1,2024-05-09 07:00:00+00:00,21.796999,21.997,22.247,22.546999,20.747,22.197,21.2455,71.0,70.0,72.0,71.0,76.0,74.0,77.0,5,spring,73.0,21.83,21.347,72.0
1,2024-05-09 08:00:00+00:00,23.497,23.847,23.947,24.197,22.296999,24.147,23.7455,66.0,65.0,67.0,65.0,69.0,67.0,67.0,5,spring,66.57,23.67,22.897,67.0
1,2024-05-09 09:00:00+00:00,24.347,25.546999,25.147,25.497,23.647,25.647,25.2955,62.0,59.0,62.0,60.0,64.0,62.0,61.0,5,spring,61.43,25.02,24.046999,60.0
1,2024-05-09 10:00:00+00:00,25.546999,26.197,26.046999,26.347,24.697,26.447,25.2955,57.0,57.0,59.0,57.0,61.0,59.0,63.0,5,spring,59.0,25.8,24.347,59.0
1,2024-05-09 11:00:00+00:00,26.247,26.796999,26.447,26.847,25.546999,26.796999,24.3955,56.0,56.0,58.0,56.0,58.0,57.0,69.0,5,spring,58.57,26.15,23.947,62.0
1,2024-05-09 12:00:00+00:00,26.497,26.747,26.497,26.147,26.447,26.847,23.095499,57.0,56.0,56.0,57.0,55.0,52.0,77.0,5,spring,58.57,26.04,25.847,58.0
1,2024-05-09 13:00:00+00:00,23.897,23.997,26.097,25.546999,26.347,26.597,21.845499,73.0,71.0,58.0,59.0,55.0,52.0,81.0,5,spring,64.14,24.9,25.546999,58.0
1,2024-05-09 14:00:00+00:00,23.397,23.447,23.397,24.497,25.796999,26.046999,20.4955,72.0,71.0,73.0,62.0,57.0,53.0,85.0,5,spring,67.57,23.87,24.247,65.0
1,2024-05-09 15:00:00+00:00,22.447,22.497,22.847,23.397,24.947,25.197,19.2955,73.0,75.0,78.0,66.0,60.0,56.0,88.0,5,spring,70.86,22.95,22.296999,77.0
1,2024-05-09 16:00:00+00:00,21.947,22.147,21.847,22.197,23.546999,23.847,18.4455,74.0,77.0,85.0,70.0,65.0,62.0,91.0,5,spring,74.86,22.0,21.247,83.0
1,2024-05-09 17:00:00+00:00,20.847,21.796999,21.296999,20.947,21.796999,22.197,17.7955,74.0,76.0,87.0,74.0,70.0,70.0,95.0,5,spring,78.0,20.95,20.497,88.0
1,2024-05-09 18:00:00+00:00,19.597,20.597,20.497,19.747,20.397,20.847,17.2955,79.0,77.0,81.0,80.0,75.0,76.0,97.0,5,spring,80.71,19.85,20.997,81.0
1,2024-05-09 19:00:00+00:00,19.097,20.097,19.947,19.296999,19.546999,19.997,16.8955,80.0,78.0,83.0,82.0,78.0,78.0,97.0,5,spring,82.29,19.27,20.847,79.0
1,2024-05-09 20:00:00+00:00,18.796999,19.747,19.697,19.097,18.997,19.397,16.7455,81.0,79.0,83.0,83.0,80.0,79.0,97.0,5,spring,83.14,18.93,20.247,76.0
1,2024-05-09 21:00:00+00:00,18.347,19.347,19.347,18.997,18.647,18.947,16.4955,83.0,80.0,84.0,84.0,81.0,79.0,96.0,5,spring,83.86,18.59,19.546999,80.0
1,2024-05-09 22:00:00+00:00,18.147,18.997,19.147,18.897,18.597,18.697,16.0455,84.0,83.0,85.0,84.0,82.0,79.0,96.0,5,spring,84.71,18.36,18.847,84.0
1,2024-05-09 23:00:00+00:00,17.997,18.697,18.897,18.847,18.747,18.647,15.4955,85.0,86.0,87.0,83.0,81.0,80.0,96.0,5,spring,85.43,18.19,18.397,87.0
1,2024-05-10 00:00:00+00:00,16.997,18.397,18.847,18.546999,18.497,18.197,16.4955,91.0,89.0,85.0,89.0,89.0,86.0,96.0,5,spring,89.29,18.0,18.347,89.0
1,2024-05-10 01:00:00+00:00,16.897,18.147,18.647,18.296999,18.197,18.197,16.1455,91.0,90.0,87.0,90.0,89.0,86.0,97.0,5,spring,90.0,17.79,18.247,89.0
1,2024-05-10 02:00:00+00:00,16.847,18.147,18.447,18.046999,17.947,18.347,15.6455,92.0,89.0,88.0,90.0,90.0,86.0,97.0,5,spring,90.29,17.63,18.046999,90.0
1,2024-05-10 03:00:00+00:00,16.647,18.147,18.347,18.097,18.046999,18.597,15.695499,93.0,88.0,87.0,89.0,89.0,85.0,96.0,5,spring,89.57,17.65,17.847,90.0
1,2024-05-10 04:00:00+00:00,16.647,17.897,18.147,18.597,18.697,19.046999,16.595499,93.0,91.0,88.0,87.0,87.0,84.0,93.0,5,spring,89.0,17.95,17.497,91.0
1,2024-05-10 05:00:00+00:00,18.046999,18.546999,19.046999,19.447,19.697,19.697,17.9955,91.0,90.0,86.0,85.0,83.0,82.0,89.0,5,spring,86.57,18.93,18.796999,87.0
1,2024-05-10 06:00:00+00:00,20.147,19.397,20.796999,19.847,20.997,20.546999,19.1955,81.0,86.0,81.0,86.0,79.0,79.0,85.0,5,spring,82.43,20.13,20.497,77.0
1,2024-05-10 07:00:00+00:00,21.647,21.046999,22.397,20.697,22.697,21.747,21.3955,73.0,78.0,75.0,82.0,73.0,75.0,76.0,5,spring,76.0,21.66,21.947,69.0
1,2024-05-10 08:00:00+00:00,23.546999,23.597,24.247,21.796999,24.697,23.147,23.7455,65.0,67.0,69.0,78.0,66.0,70.0,66.0,5,spring,68.71,23.54,23.747,61.0
1,2024-05-10 09:00:00+00:00,24.897,25.546999,25.747,22.947,26.197,24.347,25.3955,59.0,60.0,63.0,73.0,60.0,65.0,59.0,5,spring,62.71,25.01,24.447,60.0
1,2024-05-10 10:00:00+00:00,25.497,26.247,26.546999,24.497,27.097,25.296999,26.095499,60.0,57.0,60.0,67.0,57.0,61.0,57.0,5,spring,59.86,25.9,25.247,59.0
1,2024-05-10 11:00:00+00:00,26.197,26.597,26.796999,26.097,27.597,26.046999,26.095499,58.0,57.0,60.0,62.0,55.0,58.0,57.0,5,spring,58.14,26.49,25.397,59.0
1,2024-05-10 12:00:00+00:00,25.447,26.147,26.697,26.947,27.197,27.347,24.8955,61.0,60.0,60.0,59.0,54.0,55.0,64.0,5,spring,59.0,26.38,25.397,60.0
1,2024-05-10 13:00:00+00:00,24.647,25.796999,24.647,26.097,26.546999,26.347,23.4455,66.0,62.0,69.0,64.0,57.0,59.0,72.0,5,spring,64.14,25.36,24.247,67.0
1,2024-05-10 14:00:00+00:00,24.597,24.997,23.747,24.647,25.347,24.546999,21.5455,63.0,67.0,74.0,71.0,62.0,66.0,81.0,5,spring,69.14,24.2,23.247,75.0
1,2024-05-10 15:00:00+00:00,23.097,23.347,22.947,23.397,24.097,22.997,19.8955,70.0,76.0,78.0,77.0,67.0,72.0,89.0,5,spring,75.57,22.83,22.097,79.0
1,2024-05-10 16:00:00+00:00,21.497,21.997,21.697,22.747,22.847,22.097,18.845499,79.0,83.0,84.0,81.0,70.0,76.0,93.0,5,spring,80.86,21.68,20.897,84.0
1,2024-05-10 17:00:00+00:00,20.897,21.247,21.147,22.347,21.497,21.397,18.1455,82.0,86.0,84.0,83.0,73.0,80.0,94.0,5,spring,83.14,20.95,20.247,88.0
1,2024-05-10 18:00:00+00:00,19.947,20.697,20.546999,20.847,20.497,20.747,16.8955,88.0,85.0,80.0,84.0,75.0,82.0,96.0,5,spring,84.29,20.03,20.097,89.0
1,2024-05-10 19:00:00+00:00,19.197,19.697,19.997,20.447,20.046999,20.097,16.6455,86.0,85.0,82.0,85.0,77.0,83.0,96.0,5,spring,84.86,19.45,19.796999,91.0
1,2024-05-10 20:00:00+00:00,18.497,19.046999,19.447,20.147,19.947,19.497,16.7955,84.0,84.0,83.0,87.0,78.0,83.0,96.0,5,spring,85.0,19.05,19.147,93.0
1,2024-05-10 21:00:00+00:00,17.847,18.497,19.046999,19.847,19.796999,18.997,16.8955,86.0,85.0,85.0,88.0,79.0,84.0,95.0,5,spring,86.0,18.7,18.347,94.0
1,2024-05-10 22:00:00+00:00,17.247,17.947,18.947,19.347,19.497,18.647,16.7955,88.0,86.0,85.0,89.0,80.0,86.0,95.0,5,spring,87.0,18.35,18.296999,90.0
1,2024-05-10 23:00:00+00:00,16.747,17.447,18.997,18.796999,19.147,18.447,16.595499,90.0,88.0,85.0,89.0,81.0,88.0,95.0,5,spring,88.0,18.03,18.046999,88.0
1,2024-05-11 00:00:00+00:00,16.546999,17.447,17.697,18.897,18.647,18.897,16.6955,92.0,90.0,90.0,88.0,88.0,85.0,95.0,5,spring,89.71,17.83,17.197,91.0
1,2024-05-11 01:00:00+00:00,16.197,17.447,17.447,18.697,17.947,18.397,15.9955,92.0,90.0,90.0,87.0,89.0,86.0,96.0,5,spring,90.0,17.45,16.897,91.0
1,2024-05-11 02:00:00+00:00,15.847,16.997,17.197,18.597,17.197,17.847,15.1455,92.0,91.0,90.0,87.0,90.0,87.0,97.0,5,spring,90.57,16.98,16.597,92.0
1,2024-05-11 03:00:00+00:00,15.547,16.497,16.997,18.747,16.997,17.796999,14.9955,92.0,92.0,89.0,85.0,90.0,86.0,97.0,5,spring,90.14,16.8,16.147,92.0
1,2024-05-11 04:00:00+00:00,15.497,16.296999,16.697,19.247,17.796999,18.546999,15.945499,92.0,92.0,90.0,83.0,88.0,84.0,94.0,5,spring,89.0,17.15,15.747,93.0
1,2024-05-11 05:00:00+00:00,17.747,18.197,18.497,20.046999,19.247,19.796999,17.595499,87.0,88.0,85.0,80.0,84.0,80.0,89.0,5,spring,84.71,18.73,17.697,89.0
1,2024-05-11 06:00:00+00:00,20.197,20.647,20.897,20.997,20.796999,21.247,18.8955,80.0,78.0,77.0,80.0,80.0,76.0,83.0,5,spring,79.14,20.53,20.046999,81.0
1,2024-05-11 07:00:00+00:00,22.097,22.447,22.647,22.597,22.546999,23.046999,21.095499,73.0,71.0,71.0,75.0,74.0,70.0,74.0,5,spring,72.57,22.35,21.847,75.0
1,2024-05-11 08:00:00+00:00,23.997,24.296999,24.497,24.397,24.447,25.046999,23.4955,68.0,66.0,65.0,70.0,67.0,63.0,64.0,5,spring,66.14,24.31,23.647,71.0
1,2024-05-11 09:00:00+00:00,25.497,26.046999,26.247,25.796999,25.947,26.597,25.2955,64.0,59.0,61.0,65.0,61.0,58.0,57.0,5,spring,60.71,25.92,25.197,66.0
1,2024-05-11 10:00:00+00:00,26.497,27.197,27.347,26.546999,26.847,27.497,26.2455,60.0,53.0,55.0,61.0,56.0,54.0,53.0,5,spring,56.0,26.88,25.897,62.0
1,2024-05-11 11:00:00+00:00,26.796999,27.697,27.997,26.847,27.347,27.947,26.595499,55.0,50.0,50.0,58.0,53.0,51.0,52.0,5,spring,52.71,27.32,26.347,59.0
1,2024-05-11 12:00:00+00:00,27.546999,27.197,28.046999,28.247,27.546999,26.647,25.595499,53.0,52.0,49.0,49.0,50.0,53.0,58.0,5,spring,52.0,27.26,26.296999,61.0
1,2024-05-11 13:00:00+00:00,27.097,26.997,28.197,27.747,26.747,26.147,24.3955,56.0,54.0,48.0,50.0,55.0,54.0,65.0,5,spring,54.57,26.76,26.046999,61.0
1,2024-05-11 14:00:00+00:00,25.647,26.397,27.947,26.697,25.397,25.347,22.6455,62.0,56.0,47.0,54.0,63.0,57.0,75.0,5,spring,59.14,25.73,25.747,59.0
1,2024-05-11 15:00:00+00:00,24.197,23.046999,26.097,25.546999,23.997,24.247,20.8955,67.0,75.0,59.0,58.0,70.0,61.0,83.0,5,spring,67.57,24.0,24.546999,64.0
1,2024-05-11 16:00:00+00:00,22.197,21.897,23.847,24.296999,22.697,22.747,19.2455,72.0,81.0,68.0,63.0,72.0,66.0,88.0,5,spring,72.86,22.42,22.046999,77.0
1,2024-05-11 17:00:00+00:00,21.247,20.997,22.647,22.897,21.347,20.947,17.6455,78.0,85.0,73.0,70.0,73.0,71.0,92.0,5,spring,77.43,21.1,20.997,83.0
1,2024-05-11 18:00:00+00:00,21.147,20.647,20.597,20.897,20.197,19.546999,15.9955,83.0,85.0,86.0,85.0,75.0,76.0,97.0,5,spring,83.86,19.86,20.997,85.0
1,2024-05-11 19:00:00+00:00,20.147,20.247,19.497,19.947,19.247,18.796999,15.445499,86.0,86.0,88.0,87.0,79.0,80.0,97.0,5,spring,86.14,19.05,20.397,87.0
1,2024-05-11 20:00:00+00:00,18.397,19.247,18.497,19.097,18.497,18.447,15.3455,92.0,91.0,89.0,87.0,84.0,83.0,97.0,5,spring,89.0,18.22,19.247,91.0
1,2024-05-11 21:00:00+00:00,17.597,18.197,17.697,18.347,17.847,18.097,15.195499,89.0,88.0,88.0,87.0,88.0,85.0,96.0,5,spring,88.71,17.57,17.597,96.0
1,2024-05-11 22:00:00+00:00,16.997,17.397,17.247,17.747,17.397,17.597,14.945499,88.0,86.0,89.0,89.0,90.0,87.0,96.0,5,spring,89.29,17.05,17.097,91.0
1,2024-05-11 23:00:00+00:00,16.497,16.847,16.847,17.296999,17.147,17.147,14.695499,90.0,88.0,92.0,91.0,91.0,88.0,96.0,5,spring,90.86,16.64,16.597,90.0
1,2024-05-12 00:00:00+00:00,15.747,16.397,15.997,17.046999,17.247,16.597,14.5955,94.0,93.0,94.0,91.0,88.0,92.0,97.0,5,spring,92.71,16.23,15.997,92.0
1,2024-05-12 01:00:00+00:00,15.497,16.147,15.847,16.546999,16.697,16.247,14.2455,95.0,94.0,95.0,92.0,89.0,92.0,98.0,5,spring,93.57,15.89,15.646999,94.0
1,2024-05-12 02:00:00+00:00,15.396999,15.997,15.697,16.097,16.197,15.947,14.0455,95.0,94.0,95.0,93.0,90.0,92.0,98.0,5,spring,93.86,15.63,15.497,96.0
1,2024-05-12 03:00:00+00:00,15.347,15.947,15.697,16.247,16.296999,16.247,14.3955,94.0,93.0,94.0,92.0,90.0,90.0,97.0,5,spring,92.86,15.74,15.396999,95.0
1,2024-05-12 04:00:00+00:00,15.347,15.997,15.797,17.397,17.347,17.397,15.5455,94.0,93.0,94.0,89.0,87.0,86.0,94.0,5,spring,91.0,16.4,15.447,95.0
1,2024-05-12 05:00:00+00:00,17.847,18.447,18.247,19.097,18.947,19.097,17.2455,89.0,86.0,89.0,83.0,82.0,81.0,91.0,5,spring,85.86,18.42,17.897,89.0
1,2024-05-12 06:00:00+00:00,20.447,20.847,21.097,21.147,20.747,20.947,19.2955,80.0,77.0,77.0,77.0,77.0,76.0,84.0,5,spring,78.29,20.65,20.947,79.0
1,2024-05-12 07:00:00+00:00,22.497,22.796999,22.997,23.046999,22.747,22.947,21.4955,72.0,70.0,71.0,71.0,72.0,71.0,75.0,5,spring,71.71,22.65,22.997,70.0
1,2024-05-12 08:00:00+00:00,24.397,24.697,24.847,25.046999,24.897,25.097,23.845499,67.0,65.0,67.0,65.0,66.0,65.0,64.0,5,spring,65.57,24.69,24.697,64.0
1,2024-05-12 09:00:00+00:00,26.046999,26.397,26.397,26.546999,26.546999,26.647,25.595499,63.0,60.0,62.0,60.0,61.0,60.0,56.0,5,spring,60.29,26.31,26.147,59.0
1,2024-05-12 10:00:00+00:00,27.147,27.546999,27.296999,27.447,27.546999,27.347,26.4955,56.0,51.0,53.0,55.0,56.0,56.0,53.0,5,spring,54.29,27.26,27.097,53.0
1,2024-05-12 11:00:00+00:00,27.796999,28.097,27.597,27.897,28.147,27.546999,26.7955,50.0,48.0,51.0,50.0,51.0,53.0,53.0,5,spring,50.86,27.7,27.597,50.0
1,2024-05-12 12:00:00+00:00,27.747,27.997,27.697,28.546999,28.296999,27.546999,24.595499,50.0,47.0,51.0,45.0,47.0,50.0,66.0,5,spring,50.86,27.49,27.197,51.0
1,2024-05-12 13:00:00+00:00,27.747,27.597,27.647,27.947,27.647,26.997,23.345499,49.0,50.0,51.0,47.0,49.0,52.0,72.0,5,spring,52.86,26.99,27.046999,51.0
1,2024-05-12 14:00:00+00:00,26.897,26.447,26.897,26.796999,26.447,26.046999,21.7455,51.0,53.0,51.0,52.0,54.0,57.0,79.0,5,spring,56.71,25.9,25.747,55.0
1,2024-05-12 15:00:00+00:00,24.997,23.997,25.147,25.347,24.997,24.796999,20.1955,62.0,65.0,59.0,58.0,59.0,62.0,85.0,5,spring,64.29,24.21,24.597,63.0
1,2024-05-12 16:00:00+00:00,23.046999,22.647,22.997,23.597,23.296999,23.147,18.6955,70.0,72.0,69.0,63.0,65.0,67.0,89.0,5,spring,70.71,22.49,22.747,69.0
1,2024-05-12 17:00:00+00:00,21.046999,21.497,21.796999,21.546999,21.347,21.197,17.2455,77.0,77.0,75.0,69.0,72.0,73.0,93.0,5,spring,76.57,20.81,20.997,76.0
1,2024-05-12 18:00:00+00:00,20.397,19.546999,20.697,20.497,19.747,19.647,17.095499,80.0,77.0,86.0,77.0,77.0,78.0,95.0,5,spring,81.43,19.66,19.897,80.0
1,2024-05-12 19:00:00+00:00,19.247,18.296999,20.097,19.247,18.747,18.747,16.845499,82.0,83.0,88.0,81.0,80.0,82.0,95.0,5,spring,84.43,18.75,18.747,82.0
1,2024-05-12 20:00:00+00:00,18.397,17.497,18.497,18.097,18.046999,18.197,16.8955,84.0,87.0,94.0,84.0,83.0,84.0,95.0,5,spring,87.29,17.95,17.847,85.0
1,2024-05-12 21:00:00+00:00,18.097,17.046999,17.447,17.296999,17.546999,17.796999,16.7955,85.0,88.0,96.0,87.0,85.0,87.0,94.0,5,spring,88.86,17.43,17.247,87.0
1,2024-05-12 22:00:00+00:00,17.847,16.997,17.147,17.046999,17.147,17.397,16.3955,85.0,87.0,90.0,88.0,88.0,90.0,94.0,5,spring,88.86,17.14,16.847,88.0
1,2024-05-12 23:00:00+00:00,17.697,16.897,16.947,17.147,16.947,17.147,15.8955,86.0,88.0,88.0,89.0,90.0,92.0,95.0,5,spring,89.71,16.95,16.497,90.0
1,2024-05-13 00:00:00+00:00,17.247,16.847,15.797,17.046999,16.747,16.747,14.5955,89.0,91.0,94.0,89.0,91.0,92.0,96.0,5,spring,91.71,16.43,16.447,90.0
1,2024-05-13 01:00:00+00:00,16.947,16.847,15.597,16.897,16.347,16.447,14.2455,90.0,91.0,94.0,89.0,92.0,92.0,96.0,5,spring,92.0,16.19,16.247,91.0
1,2024-05-13 02:00:00+00:00,16.497,16.947,15.547,16.747,15.997,16.197,13.9955,92.0,90.0,94.0,88.0,91.0,92.0,97.0,5,spring,92.0,15.99,16.097,92.0
1,2024-05-13 03:00:00+00:00,15.947,16.947,15.597,16.997,16.197,16.546999,14.2955,93.0,89.0,93.0,86.0,90.0,90.0,96.0,5,spring,91.0,16.08,15.997,91.0
1,2024-05-13 04:00:00+00:00,15.646999,16.847,16.047,17.897,17.347,17.796999,15.6455,93.0,90.0,92.0,83.0,86.0,86.0,93.0,5,spring,89.0,16.75,16.047,91.0
1,2024-05-13 05:00:00+00:00,17.947,18.897,18.347,19.147,19.046999,19.597,17.595499,88.0,86.0,87.0,80.0,81.0,81.0,90.0,5,spring,84.71,18.65,18.147,86.0
1,2024-05-13 06:00:00+00:00,21.097,21.397,21.296999,20.546999,20.897,21.397,19.6955,76.0,75.0,77.0,79.0,76.0,75.0,83.0,5,spring,77.29,20.9,20.147,77.0
1,2024-05-13 07:00:00+00:00,22.997,23.147,22.796999,22.147,22.947,23.147,21.1455,70.0,70.0,72.0,75.0,70.0,69.0,78.0,5,spring,72.0,22.62,21.997,71.0
1,2024-05-13 08:00:00+00:00,24.897,25.046999,24.097,23.997,25.097,24.847,22.6455,65.0,66.0,68.0,70.0,64.0,63.0,73.0,5,spring,67.0,24.38,23.597,67.0
1,2024-05-13 09:00:00+00:00,26.447,26.647,25.546999,25.546999,26.796999,26.197,23.6955,58.0,61.0,64.0,65.0,58.0,58.0,69.0,5,spring,61.86,25.84,25.197,62.0
1,2024-05-13 10:00:00+00:00,27.397,27.847,26.997,26.697,27.897,27.097,24.095499,53.0,56.0,57.0,59.0,53.0,55.0,68.0,5,spring,57.29,26.86,26.397,54.0
1,2024-05-13 11:00:00+00:00,27.847,28.647,27.597,27.546999,28.546999,27.597,23.9955,50.0,49.0,54.0,54.0,48.0,52.0,69.0,5,spring,53.71,27.4,26.997,52.0
1,2024-05-13 12:00:00+00:00,27.546999,27.747,27.997,28.296999,28.897,28.447,25.595499,52.0,52.0,50.0,47.0,45.0,46.0,67.0,5,spring,51.29,27.79,27.247,50.0
1,2024-05-13 13:00:00+00:00,27.397,27.497,28.046999,27.697,28.397,27.796999,24.1455,51.0,51.0,50.0,49.0,48.0,49.0,72.0,5,spring,52.86,27.28,27.097,50.0
1,2024-05-13 14:00:00+00:00,26.397,26.997,27.597,26.546999,27.347,26.546999,22.1455,53.0,51.0,49.0,55.0,54.0,55.0,79.0,5,spring,56.57,26.23,26.697,49.0
1,2024-05-13 15:00:00+00:00,23.647,25.397,25.347,25.197,26.046999,25.197,20.3955,65.0,59.0,60.0,61.0,60.0,62.0,84.0,5,spring,64.43,24.46,25.497,57.0
1,2024-05-13 16:00:00+00:00,21.897,22.997,23.397,23.697,24.497,23.747,19.095499,74.0,69.0,70.0,66.0,64.0,69.0,88.0,5,spring,71.43,22.76,23.397,65.0
1,2024-05-13 17:00:00+00:00,20.897,21.447,21.997,22.046999,22.697,22.247,18.0455,81.0,77.0,78.0,72.0,66.0,78.0,92.0,5,spring,77.71,21.34,21.647,73.0
1,2024-05-13 18:00:00+00:00,20.597,20.697,20.597,20.597,21.247,20.897,16.2955,81.0,81.0,84.0,79.0,69.0,84.0,96.0,5,spring,82.0,20.13,20.747,80.0
1,2024-05-13 19:00:00+00:00,19.947,19.847,20.097,19.647,20.397,19.947,16.2955,86.0,86.0,85.0,81.0,71.0,87.0,96.0,5,spring,84.57,19.45,19.847,84.0
1,2024-05-13 20:00:00+00:00,19.397,19.296999,19.447,18.947,19.947,19.147,16.845499,88.0,90.0,86.0,82.0,73.0,89.0,95.0,5,spring,86.14,19.0,19.296999,86.0
1,2024-05-13 21:00:00+00:00,18.546999,19.296999,18.647,18.296999,19.546999,18.497,17.095499,89.0,86.0,86.0,83.0,75.0,90.0,94.0,5,spring,86.14,18.56,19.046999,88.0
1,2024-05-13 22:00:00+00:00,18.097,18.947,17.747,17.546999,19.247,17.897,16.6955,84.0,82.0,86.0,86.0,76.0,90.0,95.0,5,spring,85.57,18.03,19.197,82.0
1,2024-05-13 23:00:00+00:00,17.647,18.097,17.046999,16.796999,19.046999,17.397,15.9955,83.0,82.0,88.0,89.0,77.0,90.0,96.0,5,spring,86.43,17.43,18.997,76.0
1,2024-05-14 00:00:00+00:00,17.046999,17.597,17.097,15.947,16.497,16.447,14.695499,86.0,84.0,89.0,91.0,87.0,88.0,96.0,5,spring,88.71,16.48,17.847,81.0
1,2024-05-14 01:00:00+00:00,16.697,17.296999,16.747,15.447,15.997,15.947,14.3455,89.0,86.0,91.0,93.0,88.0,90.0,97.0,5,spring,90.57,16.07,17.197,86.0
1,2024-05-14 02:00:00+00:00,16.447,16.847,16.597,15.097,15.597,15.547,14.0455,90.0,87.0,92.0,94.0,89.0,92.0,98.0,5,spring,91.71,15.74,16.847,88.0
1,2024-05-14 03:00:00+00:00,16.197,16.447,16.546999,15.497,15.797,15.797,14.2955,91.0,87.0,91.0,93.0,88.0,91.0,97.0,5,spring,91.14,15.8,16.647,89.0
1,2024-05-14 04:00:00+00:00,16.197,16.097,16.497,17.046999,17.046999,17.097,15.4955,91.0,87.0,90.0,88.0,84.0,87.0,94.0,5,spring,88.71,16.5,16.597,89.0
1,2024-05-14 05:00:00+00:00,18.546999,18.447,18.897,19.347,18.947,19.046999,17.2455,84.0,82.0,84.0,81.0,79.0,81.0,90.0,5,spring,83.0,18.64,18.747,84.0
1,2024-05-14 06:00:00+00:00,21.247,21.247,21.296999,21.647,20.947,21.097,19.2955,74.0,71.0,72.0,74.0,73.0,74.0,85.0,5,spring,74.71,20.97,20.847,74.0
1,2024-05-14 07:00:00+00:00,23.147,23.097,23.197,23.647,22.997,23.197,21.845499,67.0,63.0,66.0,68.0,67.0,67.0,75.0,5,spring,67.57,23.02,22.697,69.0
1,2024-05-14 08:00:00+00:00,25.046999,24.997,25.147,25.647,25.097,25.347,24.6455,62.0,60.0,61.0,62.0,61.0,61.0,64.0,5,spring,61.57,25.13,24.597,64.0
1,2024-05-14 09:00:00+00:00,26.747,26.747,26.847,27.197,26.747,27.046999,26.095499,57.0,56.0,56.0,57.0,56.0,55.0,58.0,5,spring,56.43,26.78,26.197,58.0
1,2024-05-14 10:00:00+00:00,27.847,27.897,27.847,28.147,27.747,28.046999,25.1455,51.0,50.0,50.0,53.0,51.0,51.0,64.0,5,spring,52.86,27.53,27.247,50.0
1,2024-05-14 11:00:00+00:00,28.397,28.447,28.347,28.597,28.247,28.546999,22.8955,49.0,47.0,47.0,50.0,47.0,48.0,75.0,5,spring,51.86,27.64,27.497,47.0
1,2024-05-14 12:00:00+00:00,28.847,28.447,28.447,28.296999,28.447,28.697,22.595499,45.0,46.0,47.0,48.0,47.0,46.0,82.0,5,spring,51.57,27.68,27.497,47.0
1,2024-05-14 13:00:00+00:00,28.697,28.447,28.197,27.697,27.947,28.197,21.595499,43.0,46.0,46.0,50.0,49.0,47.0,85.0,5,spring,52.29,27.25,27.447,49.0
1,2024-05-14 14:00:00+00:00,28.247,27.997,27.197,26.647,26.947,27.197,20.595499,43.0,47.0,48.0,55.0,53.0,51.0,86.0,5,spring,54.71,26.4,26.546999,51.0
1,2024-05-14 15:00:00+00:00,26.046999,26.447,25.247,25.397,25.647,25.947,19.595499,57.0,56.0,59.0,60.0,58.0,56.0,87.0,5,spring,61.86,24.9,24.796999,60.0
1,2024-05-14 16:00:00+00:00,23.847,24.247,23.147,23.847,23.897,24.247,18.4455,70.0,65.0,69.0,67.0,66.0,64.0,89.0,5,spring,70.0,23.1,22.147,70.0
1,2024-05-14 17:00:00+00:00,21.847,22.546999,21.847,22.097,21.897,22.247,17.2455,77.0,64.0,75.0,74.0,75.0,74.0,92.0,5,spring,75.86,21.39,20.897,78.0
1,2024-05-14 18:00:00+00:00,21.296999,20.397,20.697,21.046999,20.296999,20.597,16.2955,74.0,82.0,69.0,77.0,82.0,81.0,95.0,5,spring,80.0,20.09,20.447,82.0
1,2024-05-14 19:00:00+00:00,20.447,19.546999,19.647,20.046999,19.497,19.597,16.1455,74.0,85.0,66.0,80.0,86.0,82.0,96.0,5,spring,81.29,19.28,19.747,86.0
1,2024-05-14 20:00:00+00:00,19.697,18.847,19.046999,19.247,19.147,18.997,16.5455,75.0,82.0,68.0,80.0,87.0,79.0,95.0,5,spring,80.86,18.79,19.046999,89.0
1,2024-05-14 21:00:00+00:00,19.296999,18.197,18.546999,18.647,18.847,18.546999,16.6955,77.0,81.0,71.0,81.0,88.0,78.0,95.0,5,spring,81.57,18.4,18.647,91.0
1,2024-05-14 22:00:00+00:00,19.097,17.997,17.897,18.247,18.497,18.296999,16.2955,77.0,80.0,75.0,81.0,87.0,80.0,95.0,5,spring,82.14,18.05,18.447,90.0
1,2024-05-14 23:00:00+00:00,18.147,17.947,17.397,18.046999,18.147,18.247,15.7455,83.0,81.0,79.0,81.0,86.0,83.0,96.0,5,spring,84.14,17.67,18.347,88.0
1,2024-05-15 00:00:00+00:00,17.796999,17.796999,17.747,18.296999,18.046999,17.647,13.9955,83.0,84.0,81.0,77.0,83.0,80.0,96.0,5,spring,83.43,17.33,17.747,85.0
1,2024-05-15 01:00:00+00:00,17.397,17.397,17.296999,18.247,17.747,17.247,13.4955,84.0,85.0,83.0,77.0,84.0,82.0,97.0,5,spring,84.57,16.98,17.497,86.0
1,2024-05-15 02:00:00+00:00,17.197,17.046999,16.597,18.296999,17.397,16.847,12.9955,86.0,86.0,86.0,76.0,87.0,85.0,97.0,5,spring,86.14,16.63,17.147,88.0
1,2024-05-15 03:00:00+00:00,16.897,16.647,16.296999,18.597,17.546999,16.997,13.195499,88.0,87.0,86.0,75.0,87.0,86.0,96.0,5,spring,86.43,16.6,16.697,90.0
1,2024-05-15 04:00:00+00:00,16.597,16.447,16.296999,19.296999,18.546999,17.997,14.445499,89.0,87.0,86.0,74.0,84.0,83.0,93.0,5,spring,85.14,17.09,16.497,91.0
1,2024-05-15 05:00:00+00:00,18.597,18.447,18.397,20.296999,19.997,19.546999,16.345499,84.0,83.0,82.0,73.0,79.0,78.0,88.0,5,spring,81.0,18.8,18.147,88.0
1,2024-05-15 06:00:00+00:00,21.046999,21.347,20.947,21.447,21.647,21.296999,18.595499,74.0,72.0,71.0,73.0,74.0,73.0,85.0,5,spring,74.57,20.9,20.597,80.0
1,2024-05-15 07:00:00+00:00,22.847,23.147,22.897,23.247,23.497,23.296999,20.6955,67.0,66.0,65.0,68.0,68.0,67.0,78.0,5,spring,68.43,22.8,22.347,73.0
1,2024-05-15 08:00:00+00:00,24.747,25.097,24.947,25.296999,25.546999,25.497,22.845499,62.0,62.0,60.0,61.0,61.0,61.0,71.0,5,spring,62.57,24.85,23.997,68.0
1,2024-05-15 09:00:00+00:00,26.147,26.747,26.697,26.847,27.097,27.147,24.4955,55.0,53.0,55.0,56.0,56.0,56.0,65.0,5,spring,56.57,26.45,25.046999,58.0
1,2024-05-15 10:00:00+00:00,26.796999,27.796999,27.747,27.747,27.947,27.997,25.3955,51.0,46.0,48.0,52.0,52.0,52.0,60.0,5,spring,51.57,27.35,25.847,53.0
1,2024-05-15 11:00:00+00:00,27.296999,28.197,28.247,28.247,28.296999,28.247,25.6955,51.0,45.0,46.0,49.0,50.0,49.0,57.0,5,spring,49.57,27.75,26.447,53.0
1,2024-05-15 12:00:00+00:00,27.097,28.247,28.296999,28.097,28.546999,28.197,23.6955,50.0,45.0,43.0,49.0,46.0,50.0,66.0,5,spring,49.86,27.45,26.447,54.0
1,2024-05-15 13:00:00+00:00,26.947,28.046999,28.197,27.747,28.097,27.147,22.4455,51.0,45.0,44.0,51.0,48.0,53.0,72.0,5,spring,52.0,26.95,26.447,52.0
1,2024-05-15 14:00:00+00:00,26.647,27.647,27.697,26.997,27.247,25.546999,20.9955,51.0,45.0,43.0,55.0,52.0,59.0,78.0,5,spring,54.71,26.11,25.997,52.0
1,2024-05-15 15:00:00+00:00,25.597,25.697,25.947,25.897,26.097,24.046999,19.595499,57.0,54.0,56.0,60.0,57.0,65.0,84.0,5,spring,61.86,24.7,24.397,64.0
1,2024-05-15 16:00:00+00:00,23.397,23.497,24.097,24.347,24.546999,22.897,18.2955,68.0,64.0,66.0,66.0,63.0,71.0,88.0,5,spring,69.43,23.01,22.597,72.0
1,2024-05-15 17:00:00+00:00,21.647,22.397,22.097,22.497,22.747,21.796999,17.0455,76.0,71.0,74.0,72.0,71.0,77.0,90.0,5,spring,75.86,21.46,21.247,79.0
1,2024-05-15 18:00:00+00:00,20.796999,20.897,21.847,21.546999,21.247,20.847,15.9955,81.0,80.0,75.0,73.0,77.0,82.0,93.0,5,spring,80.14,20.45,20.497,84.0
1,2024-05-15 19:00:00+00:00,20.597,20.046999,20.697,20.397,20.296999,19.897,15.4955,80.0,84.0,80.0,77.0,82.0,87.0,94.0,5,spring,83.43,19.63,20.347,80.0
1,2024-05-15 20:00:00+00:00,19.897,19.397,19.647,19.397,19.647,19.046999,15.3955,82.0,85.0,85.0,80.0,87.0,90.0,95.0,5,spring,86.29,18.92,20.046999,80.0
1,2024-05-15 21:00:00+00:00,19.497,18.697,18.947,18.747,19.097,18.497,15.2955,82.0,85.0,86.0,82.0,90.0,92.0,95.0,5,spring,87.43,18.4,19.796999,82.0
1,2024-05-15 22:00:00+00:00,18.997,18.347,18.597,18.597,18.497,18.497,15.1455,83.0,85.0,85.0,83.0,92.0,90.0,95.0,5,spring,87.57,18.1,19.447,85.0
1,2024-05-15 23:00:00+00:00,18.197,18.147,18.447,18.747,17.947,18.796999,14.9955,88.0,87.0,83.0,82.0,93.0,85.0,96.0,5,spring,87.71,17.9,18.897,89.0
1,2024-05-16 00:00:00+00:00,17.697,17.847,18.397,18.997,18.546999,17.296999,14.8955,94.0,91.0,82.0,76.0,86.0,93.0,96.0,5,spring,88.29,17.67,18.147,92.0
1,2024-05-16 01:00:00+00:00,17.597,17.697,18.497,18.647,18.296999,16.546999,14.5455,93.0,90.0,81.0,79.0,86.0,94.0,96.0,5,spring,88.43,17.4,17.747,92.0
1,2024-05-16 02:00:00+00:00,17.597,17.697,18.447,18.296999,17.997,15.847,14.3455,91.0,88.0,82.0,82.0,87.0,94.0,96.0,5,spring,88.57,17.18,17.497,88.0
1,2024-05-16 03:00:00+00:00,17.796999,17.647,18.397,18.447,18.197,15.947,14.695499,86.0,86.0,85.0,83.0,86.0,92.0,95.0,5,spring,87.57,17.3,17.197,85.0
1,2024-05-16 04:00:00+00:00,17.546999,17.647,18.447,19.296999,19.046999,17.347,15.7455,85.0,87.0,86.0,81.0,84.0,88.0,92.0,5,spring,86.14,17.87,16.947,86.0
1,2024-05-16 05:00:00+00:00,18.947,18.796999,19.147,20.546999,20.347,19.546999,17.2455,83.0,86.0,84.0,78.0,81.0,83.0,87.0,5,spring,83.14,19.23,18.597,84.0
1,2024-05-16 06:00:00+00:00,21.097,20.997,21.397,21.347,21.747,21.647,18.3955,74.0,74.0,76.0,75.0,77.0,77.0,84.0,5,spring,76.71,20.95,20.947,75.0
1,2024-05-16 07:00:00+00:00,22.847,22.546999,22.647,22.847,23.347,23.447,20.8955,67.0,69.0,71.0,70.0,72.0,71.0,75.0,5,spring,70.71,22.65,22.847,70.0
1,2024-05-16 08:00:00+00:00,24.247,24.097,24.247,24.546999,25.046999,25.097,23.6455,64.0,67.0,68.0,65.0,67.0,64.0,64.0,5,spring,65.57,24.42,24.497,64.0
1,2024-05-16 09:00:00+00:00,25.397,25.296999,25.647,25.847,26.247,26.397,25.6955,59.0,61.0,62.0,61.0,63.0,58.0,56.0,5,spring,60.0,25.79,25.497,56.0
1,2024-05-16 10:00:00+00:00,26.147,25.597,26.747,26.546999,26.796999,27.347,26.6955,55.0,59.0,55.0,57.0,61.0,53.0,51.0,5,spring,55.86,26.55,26.197,53.0
1,2024-05-16 11:00:00+00:00,26.747,26.097,27.097,26.847,26.847,27.897,26.8955,52.0,56.0,51.0,54.0,60.0,50.0,48.0,5,spring,53.0,26.92,26.597,52.0
1,2024-05-16 12:00:00+00:00,26.597,26.296999,26.947,27.347,27.697,27.197,25.4955,55.0,57.0,56.0,51.0,55.0,56.0,55.0,5,spring,55.0,26.8,27.046999,50.0
1,2024-05-16 13:00:00+00:00,26.597,26.296999,26.747,26.147,27.097,26.197,23.6455,55.0,56.0,54.0,57.0,55.0,61.0,64.0,5,spring,57.43,26.1,26.947,49.0
1,2024-05-16 14:00:00+00:00,25.997,25.847,26.197,24.296999,25.997,24.747,20.9455,55.0,57.0,54.0,66.0,57.0,70.0,78.0,5,spring,62.43,24.86,26.296999,50.0
1,2024-05-16 15:00:00+00:00,24.447,24.947,25.247,22.747,24.747,23.347,18.7955,64.0,59.0,59.0,74.0,61.0,77.0,89.0,5,spring,69.0,23.47,25.097,55.0
1,2024-05-16 16:00:00+00:00,22.597,23.647,23.447,21.747,23.197,22.296999,17.6955,72.0,68.0,68.0,79.0,69.0,83.0,94.0,5,spring,76.14,22.09,22.647,66.0
1,2024-05-16 17:00:00+00:00,21.647,21.447,21.546999,21.046999,21.447,21.397,17.095499,73.0,77.0,78.0,83.0,79.0,88.0,96.0,5,spring,82.0,20.8,21.647,69.0
1,2024-05-16 18:00:00+00:00,20.247,20.447,20.296999,20.447,20.046999,20.597,15.9955,83.0,79.0,84.0,86.0,86.0,91.0,97.0,5,spring,86.57,19.73,20.597,80.0
1,2024-05-16 19:00:00+00:00,19.497,19.597,19.497,19.847,19.247,20.046999,16.095499,86.0,82.0,87.0,89.0,89.0,92.0,97.0,5,spring,88.86,19.12,19.947,84.0
1,2024-05-16 20:00:00+00:00,18.796999,19.046999,18.947,19.497,18.796999,19.597,16.6455,88.0,85.0,89.0,89.0,90.0,91.0,95.0,5,spring,89.57,18.76,19.447,86.0
1,2024-05-16 21:00:00+00:00,18.147,18.497,18.497,19.197,18.447,19.197,16.9955,90.0,88.0,90.0,89.0,90.0,90.0,94.0,5,spring,90.14,18.43,19.097,87.0
1,2024-05-16 22:00:00+00:00,17.546999,17.796999,17.997,18.847,18.197,18.597,16.7955,94.0,92.0,91.0,90.0,91.0,91.0,94.0,5,spring,91.86,17.97,18.397,88.0
1,2024-05-16 23:00:00+00:00,17.397,17.147,17.447,18.497,18.097,18.046999,16.345499,94.0,95.0,93.0,90.0,92.0,92.0,94.0,5,spring,92.86,17.57,17.747,88.0
1,2024-05-17 00:00:00+00:00,17.097,17.197,17.097,17.697,16.997,17.897,16.9955,95.0,93.0,94.0,93.0,94.0,92.0,95.0,5,spring,93.71,17.28,17.747,89.0
1,2024-05-17 01:00:00+00:00,16.897,16.847,16.747,17.247,16.497,17.647,16.845499,92.0,90.0,94.0,93.0,94.0,92.0,95.0,5,spring,92.86,16.96,17.447,88.0
1,2024-05-17 02:00:00+00:00,16.447,16.697,16.546999,16.847,16.097,17.397,16.6455,91.0,88.0,92.0,92.0,94.0,91.0,94.0,5,spring,91.71,16.67,17.097,89.0
1,2024-05-17 03:00:00+00:00,16.047,16.397,16.447,16.997,16.347,17.597,16.7955,92.0,90.0,90.0,90.0,92.0,90.0,93.0,5,spring,91.0,16.66,16.747,90.0
1,2024-05-17 04:00:00+00:00,16.147,16.296999,16.546999,17.997,17.647,18.497,17.3955,91.0,91.0,90.0,87.0,88.0,88.0,91.0,5,spring,89.43,17.22,16.796999,91.0
1,2024-05-17 05:00:00+00:00,18.546999,18.546999,18.747,19.546999,19.546999,19.796999,18.345499,86.0,86.0,86.0,83.0,82.0,84.0,89.0,5,spring,85.14,19.01,18.647,87.0
1,2024-05-17 06:00:00+00:00,21.247,21.247,21.147,21.197,21.447,21.197,19.095499,75.0,76.0,76.0,80.0,76.0,80.0,85.0,5,spring,78.29,20.94,21.097,78.0
1,2024-05-17 07:00:00+00:00,22.997,23.097,23.197,22.747,23.247,22.647,20.6955,69.0,70.0,69.0,75.0,69.0,74.0,80.0,5,spring,72.29,22.66,22.897,73.0
1,2024-05-17 08:00:00+00:00,24.796999,24.847,25.046999,24.296999,25.046999,24.197,22.4455,64.0,66.0,65.0,70.0,63.0,68.0,74.0,5,spring,67.14,24.38,24.697,66.0
1,2024-05-17 09:00:00+00:00,26.097,26.247,26.046999,25.546999,26.447,25.397,23.6955,57.0,58.0,59.0,65.0,57.0,62.0,70.0,5,spring,61.14,25.64,25.747,57.0
1,2024-05-17 10:00:00+00:00,26.697,26.897,26.847,26.397,27.247,26.197,24.1955,53.0,52.0,55.0,61.0,53.0,58.0,68.0,5,spring,57.14,26.35,26.296999,53.0
1,2024-05-17 11:00:00+00:00,27.147,27.397,27.296999,26.897,27.647,26.747,24.1455,50.0,52.0,53.0,59.0,50.0,55.0,68.0,5,spring,55.29,26.75,26.796999,53.0
1,2024-05-17 12:00:00+00:00,27.647,27.397,28.046999,26.747,26.697,26.997,23.9955,48.0,53.0,49.0,58.0,55.0,57.0,67.0,5,spring,55.29,26.79,27.447,50.0
1,2024-05-17 13:00:00+00:00,27.497,27.447,27.997,26.197,26.397,25.997,22.7955,50.0,53.0,50.0,59.0,55.0,62.0,74.0,5,spring,57.57,26.33,27.447,52.0
1,2024-05-17 14:00:00+00:00,27.147,26.947,27.497,25.296999,25.796999,24.447,21.2455,50.0,54.0,50.0,61.0,56.0,69.0,82.0,5,spring,60.29,25.48,27.147,52.0
1,2024-05-17 15:00:00+00:00,25.847,25.647,26.197,24.197,24.897,22.997,19.7955,57.0,61.0,57.0,64.0,59.0,76.0,89.0,5,spring,66.14,24.23,25.997,57.0
1,2024-05-17 16:00:00+00:00,23.597,23.296999,24.097,22.847,23.447,21.847,18.4955,66.0,70.0,66.0,71.0,68.0,81.0,93.0,5,spring,73.57,22.52,24.397,65.0
1,2024-05-17 17:00:00+00:00,21.747,21.597,22.046999,21.347,21.697,20.847,17.2955,77.0,76.0,75.0,79.0,79.0,85.0,95.0,5,spring,80.86,20.94,21.897,76.0
1,2024-05-17 18:00:00+00:00,20.046999,20.747,21.296999,20.497,20.247,19.947,16.095499,89.0,84.0,84.0,85.0,87.0,89.0,97.0,5,spring,87.86,19.84,20.747,84.0
1,2024-05-17 19:00:00+00:00,19.597,20.347,20.546999,19.747,19.447,19.296999,15.5955,91.0,87.0,87.0,88.0,89.0,92.0,98.0,5,spring,90.29,19.23,20.296999,87.0
1,2024-05-17 20:00:00+00:00,19.397,19.747,19.847,19.247,18.997,18.747,15.4955,92.0,89.0,89.0,88.0,89.0,95.0,97.0,5,spring,91.29,18.78,19.947,90.0
1,2024-05-17 21:00:00+00:00,19.397,19.597,19.597,18.796999,18.546999,18.247,15.4955,91.0,90.0,90.0,89.0,89.0,96.0,97.0,5,spring,91.71,18.53,19.546999,91.0
1,2024-05-17 22:00:00+00:00,19.247,19.247,19.197,18.197,17.997,17.647,15.5455,90.0,92.0,92.0,91.0,91.0,95.0,96.0,5,spring,92.43,18.15,19.147,93.0
1,2024-05-17 23:00:00+00:00,18.997,18.697,18.997,17.597,17.497,17.097,15.7455,91.0,94.0,94.0,94.0,93.0,92.0,96.0,5,spring,93.43,17.8,18.847,95.0
1,2024-05-18 00:00:00+00:00,18.697,18.997,18.397,17.796999,18.046999,17.447,16.595499,89.0,93.0,94.0,93.0,94.0,88.0,98.0,5,spring,92.71,18.0,18.747,95.0
1,2024-05-18 01:00:00+00:00,18.597,18.847,18.397,17.147,17.497,16.947,16.4455,91.0,92.0,90.0,93.0,94.0,89.0,98.0,5,spring,92.43,17.7,18.647,95.0
1,2024-05-18 02:00:00+00:00,18.697,18.597,18.197,16.546999,16.947,16.497,16.2955,93.0,89.0,87.0,91.0,94.0,90.0,97.0,5,spring,91.57,17.4,18.546999,96.0
1,2024-05-18 03:00:00+00:00,18.697,18.247,17.796999,16.597,16.947,16.597,16.4955,94.0,87.0,86.0,89.0,93.0,90.0,96.0,5,spring,90.71,17.34,18.497,95.0
1,2024-05-18 04:00:00+00:00,18.546999,17.796999,17.546999,17.747,17.947,17.546999,17.1955,93.0,88.0,88.0,86.0,90.0,86.0,94.0,5,spring,89.29,17.76,18.447,92.0
1,2024-05-18 05:00:00+00:00,19.647,19.347,19.147,19.497,19.497,19.097,18.2955,91.0,87.0,85.0,81.0,86.0,81.0,90.0,5,spring,85.86,19.22,19.597,87.0
1,2024-05-18 06:00:00+00:00,21.747,21.296999,21.197,21.296999,21.097,20.747,19.9955,79.0,77.0,80.0,79.0,81.0,75.0,82.0,5,spring,79.0,21.05,21.247,81.0
1,2024-05-18 07:00:00+00:00,22.897,22.647,22.796999,22.897,22.647,22.497,21.5455,75.0,73.0,76.0,74.0,76.0,69.0,75.0,5,spring,74.0,22.56,22.597,76.0
1,2024-05-18 08:00:00+00:00,24.046999,24.147,24.247,24.747,24.247,24.397,23.2455,72.0,70.0,72.0,67.0,70.0,63.0,67.0,5,spring,68.71,24.15,23.796999,73.0
1,2024-05-18 09:00:00+00:00,25.046999,25.296999,25.447,26.247,25.497,25.947,24.3955,66.0,65.0,67.0,62.0,65.0,58.0,62.0,5,spring,63.57,25.41,24.597,70.0
1,2024-05-18 10:00:00+00:00,25.947,25.997,26.147,27.197,26.347,26.997,24.845499,61.0,58.0,61.0,57.0,61.0,53.0,60.0,5,spring,58.71,26.21,25.247,66.0
1,2024-05-18 11:00:00+00:00,26.497,26.347,26.597,27.796999,26.897,27.647,24.7955,59.0,59.0,59.0,53.0,58.0,50.0,61.0,5,spring,57.0,26.65,25.647,65.0
1,2024-05-18 12:00:00+00:00,26.546999,26.497,26.697,27.397,27.097,27.997,23.2955,57.0,57.0,57.0,54.0,54.0,51.0,69.0,5,spring,57.0,26.5,25.697,64.0
1,2024-05-18 13:00:00+00:00,26.296999,26.447,26.296999,27.147,26.947,27.747,22.3955,59.0,58.0,59.0,54.0,54.0,52.0,74.0,5,spring,58.57,26.18,24.897,69.0
1,2024-05-18 14:00:00+00:00,25.647,25.546999,25.796999,26.546999,26.447,27.147,21.095499,62.0,62.0,60.0,56.0,55.0,55.0,81.0,5,spring,61.57,25.46,24.546999,68.0
1,2024-05-18 15:00:00+00:00,23.097,23.296999,24.546999,25.597,25.597,26.147,19.8955,75.0,75.0,67.0,60.0,59.0,59.0,87.0,5,spring,68.86,24.03,23.046999,74.0
1,2024-05-18 16:00:00+00:00,21.796999,21.947,22.546999,24.147,24.097,24.546999,18.845499,82.0,81.0,79.0,68.0,67.0,65.0,90.0,5,spring,76.0,22.56,21.647,84.0
1,2024-05-18 17:00:00+00:00,20.947,21.197,21.546999,22.347,22.247,22.597,17.845499,88.0,85.0,83.0,78.0,77.0,71.0,92.0,5,spring,82.0,21.25,20.997,87.0
1,2024-05-18 18:00:00+00:00,20.897,20.796999,20.997,20.997,20.697,21.046999,17.095499,89.0,87.0,89.0,85.0,85.0,77.0,92.0,5,spring,86.29,20.36,20.597,91.0
1,2024-05-18 19:00:00+00:00,20.247,20.397,20.447,20.447,19.796999,20.247,16.845499,88.0,88.0,90.0,88.0,89.0,81.0,93.0,5,spring,88.14,19.78,20.247,94.0
1,2024-05-18 20:00:00+00:00,19.747,20.397,20.046999,20.247,19.247,19.897,16.8955,90.0,83.0,90.0,88.0,92.0,85.0,93.0,5,spring,88.71,19.5,19.597,97.0
1,2024-05-18 21:00:00+00:00,19.497,20.097,19.546999,20.097,18.747,19.546999,16.9955,91.0,83.0,92.0,88.0,93.0,88.0,94.0,5,spring,89.86,19.22,18.897,98.0
1,2024-05-18 22:00:00+00:00,19.097,19.447,19.147,19.847,18.247,19.197,17.0455,92.0,85.0,91.0,89.0,94.0,91.0,94.0,5,spring,90.86,18.86,18.347,97.0
1,2024-05-18 23:00:00+00:00,18.847,18.796999,19.147,19.546999,17.847,18.897,17.095499,92.0,87.0,88.0,90.0,94.0,92.0,95.0,5,spring,91.14,18.6,17.796999,96.0
1,2024-05-19 00:00:00+00:00,18.147,18.197,18.647,18.997,18.847,17.497,14.8955,92.0,84.0,89.0,88.0,92.0,92.0,97.0,5,spring,90.57,17.89,17.147,96.0
1,2024-05-19 01:00:00+00:00,17.997,17.647,18.447,18.597,18.546999,17.447,14.8455,93.0,86.0,87.0,87.0,90.0,91.0,97.0,5,spring,90.14,17.65,16.747,94.0
1,2024-05-19 02:00:00+00:00,17.997,17.247,18.347,18.097,18.296999,17.597,14.945499,92.0,88.0,86.0,86.0,86.0,88.0,96.0,5,spring,88.86,17.5,16.447,92.0
1,2024-05-19 03:00:00+00:00,17.847,17.046999,18.097,18.097,18.397,17.997,15.2955,90.0,89.0,86.0,85.0,83.0,86.0,95.0,5,spring,87.71,17.54,16.047,92.0
1,2024-05-19 04:00:00+00:00,17.546999,16.997,17.947,18.796999,19.046999,18.697,15.8955,89.0,88.0,88.0,83.0,81.0,85.0,94.0,5,spring,86.86,17.85,15.947,92.0
1,2024-05-19 05:00:00+00:00,18.847,18.747,19.046999,19.947,20.097,19.597,16.7455,90.0,87.0,87.0,81.0,80.0,83.0,93.0,5,spring,85.86,19.0,17.947,89.0
1,2024-05-19 06:00:00+00:00,20.796999,21.347,21.147,21.197,21.247,20.647,18.595499,82.0,77.0,76.0,79.0,78.0,81.0,89.0,5,spring,80.29,20.71,20.747,80.0
1,2024-05-19 07:00:00+00:00,22.147,22.947,22.447,22.296999,22.597,21.897,20.4455,74.0,72.0,71.0,76.0,74.0,77.0,84.0,5,spring,75.43,22.11,22.796999,74.0
1,2024-05-19 08:00:00+00:00,23.247,24.197,23.597,23.447,24.046999,23.247,22.4455,73.0,69.0,70.0,73.0,70.0,72.0,78.0,5,spring,72.14,23.46,24.296999,69.0
1,2024-05-19 09:00:00+00:00,24.747,25.046999,24.697,24.497,25.247,24.447,23.8955,69.0,66.0,67.0,70.0,66.0,68.0,73.0,5,spring,68.43,24.65,25.147,64.0
1,2024-05-19 10:00:00+00:00,25.497,25.697,25.247,25.397,26.147,25.397,24.595499,65.0,62.0,64.0,66.0,62.0,64.0,69.0,5,spring,64.57,25.43,25.697,59.0
1,2024-05-19 11:00:00+00:00,25.747,26.347,25.497,26.147,26.796999,26.197,24.7955,63.0,56.0,62.0,61.0,58.0,60.0,66.0,5,spring,60.86,25.93,26.147,59.0
1,2024-05-19 12:00:00+00:00,26.296999,26.647,26.697,25.747,26.947,27.497,23.9955,60.0,56.0,55.0,61.0,59.0,54.0,72.0,5,spring,59.57,26.26,26.197,58.0
1,2024-05-19 13:00:00+00:00,26.197,26.747,26.447,25.447,26.247,27.147,23.0455,60.0,55.0,56.0,62.0,63.0,54.0,76.0,5,spring,60.86,25.9,26.046999,58.0
1,2024-05-19 14:00:00+00:00,25.647,26.447,25.997,24.796999,24.997,26.447,22.0455,60.0,53.0,57.0,64.0,70.0,56.0,81.0,5,spring,63.0,25.2,25.296999,58.0
1,2024-05-19 15:00:00+00:00,24.197,25.497,25.247,23.947,23.796999,25.497,20.7955,68.0,61.0,62.0,68.0,76.0,60.0,85.0,5,spring,68.57,24.14,24.247,64.0
1,2024-05-19 16:00:00+00:00,22.546999,23.097,23.296999,22.796999,22.697,24.097,19.1455,78.0,73.0,72.0,73.0,80.0,67.0,90.0,5,spring,76.14,22.53,22.247,75.0
1,2024-05-19 17:00:00+00:00,21.147,21.747,21.647,21.397,21.647,22.447,17.345499,84.0,78.0,79.0,80.0,83.0,77.0,95.0,5,spring,82.29,21.05,20.647,82.0
1,2024-05-19 18:00:00+00:00,19.697,20.296999,20.747,20.197,20.796999,20.997,17.095499,91.0,90.0,81.0,92.0,85.0,85.0,98.0,5,spring,88.86,19.98,19.497,86.0
1,2024-05-19 19:00:00+00:00,18.997,19.647,19.997,19.796999,20.347,20.046999,16.9455,92.0,92.0,85.0,93.0,86.0,90.0,98.0,5,spring,90.86,19.4,18.647,91.0
1,2024-05-19 20:00:00+00:00,18.397,19.147,19.546999,19.796999,20.097,19.296999,17.0455,94.0,92.0,87.0,91.0,87.0,93.0,98.0,5,spring,91.71,19.05,17.947,95.0
1,2024-05-19 21:00:00+00:00,18.097,18.997,19.097,19.747,19.897,18.747,17.095499,95.0,91.0,90.0,89.0,87.0,95.0,97.0,5,spring,92.0,18.81,17.796999,96.0
1,2024-05-19 22:00:00+00:00,17.796999,18.796999,18.546999,19.497,19.647,18.296999,16.8955,95.0,90.0,92.0,90.0,87.0,95.0,97.0,5,spring,92.29,18.5,17.796999,95.0
1,2024-05-19 23:00:00+00:00,17.497,18.597,18.197,19.197,19.447,17.997,16.595499,95.0,90.0,93.0,91.0,87.0,95.0,96.0,5,spring,92.43,18.22,17.796999,93.0
1,2024-05-20 00:00:00+00:00,16.947,18.546999,18.546999,18.897,16.597,19.046999,16.095499,95.0,89.0,88.0,85.0,88.0,86.0,97.0,5,spring,89.71,17.81,17.697,93.0
1,2024-05-20 01:00:00+00:00,16.997,18.296999,17.947,18.447,16.296999,18.447,15.9955,94.0,88.0,87.0,85.0,87.0,87.0,96.0,5,spring,89.14,17.49,17.796999,92.0
1,2024-05-20 02:00:00+00:00,17.347,18.046999,17.497,17.947,16.197,17.747,15.9955,92.0,86.0,85.0,86.0,87.0,87.0,95.0,5,spring,88.29,17.25,17.796999,92.0
1,2024-05-20 03:00:00+00:00,17.447,17.546999,16.947,17.997,16.597,17.647,16.1955,92.0,87.0,86.0,86.0,86.0,87.0,94.0,5,spring,88.29,17.2,17.296999,93.0
1,2024-05-20 04:00:00+00:00,17.197,17.147,16.447,18.847,17.847,18.597,16.4955,92.0,89.0,90.0,84.0,84.0,85.0,94.0,5,spring,88.29,17.51,16.947,94.0
1,2024-05-20 05:00:00+00:00,18.697,18.447,18.247,20.147,19.647,20.097,17.0455,89.0,91.0,89.0,82.0,82.0,82.0,94.0,5,spring,87.0,18.9,18.447,91.0
1,2024-05-20 06:00:00+00:00,20.347,20.947,21.247,20.796999,21.397,21.697,19.3955,86.0,81.0,77.0,82.0,78.0,78.0,87.0,5,spring,81.29,20.83,20.847,77.0
1,2024-05-20 07:00:00+00:00,22.296999,22.847,22.947,22.447,23.097,23.296999,20.9955,78.0,70.0,70.0,77.0,72.0,72.0,81.0,5,spring,74.29,22.56,22.546999,69.0
1,2024-05-20 08:00:00+00:00,23.897,24.247,24.397,24.197,24.747,24.897,22.7455,71.0,63.0,67.0,70.0,65.0,66.0,75.0,5,spring,68.14,24.16,24.197,65.0
1,2024-05-20 09:00:00+00:00,24.697,25.447,25.747,25.597,26.046999,26.147,23.7955,65.0,60.0,62.0,65.0,60.0,61.0,71.0,5,spring,63.43,25.35,24.947,59.0
1,2024-05-20 10:00:00+00:00,25.397,26.097,26.347,26.447,26.847,26.947,23.7955,61.0,57.0,56.0,62.0,57.0,58.0,72.0,5,spring,60.43,25.98,25.647,57.0
1,2024-05-20 11:00:00+00:00,26.097,26.447,26.796999,26.847,27.247,27.347,23.095499,57.0,56.0,54.0,60.0,56.0,55.0,76.0,5,spring,59.14,26.27,26.147,55.0
1,2024-05-20 12:00:00+00:00,26.147,26.597,27.097,26.997,26.597,27.347,24.6955,56.0,57.0,52.0,57.0,61.0,57.0,62.0,5,spring,57.43,26.5,25.197,60.0
1,2024-05-20 13:00:00+00:00,25.597,26.447,26.897,25.947,25.747,26.247,23.4955,58.0,58.0,53.0,62.0,65.0,63.0,68.0,5,spring,61.0,25.77,24.947,62.0
1,2024-05-20 14:00:00+00:00,25.497,25.546999,26.046999,24.296999,24.447,24.597,21.7455,57.0,60.0,55.0,70.0,70.0,71.0,78.0,5,spring,65.86,24.6,23.897,71.0
1,2024-05-20 15:00:00+00:00,24.247,24.546999,24.997,22.847,23.147,23.147,20.095499,65.0,64.0,60.0,77.0,76.0,79.0,86.0,5,spring,72.43,23.29,22.497,77.0
1,2024-05-20 16:00:00+00:00,22.046999,22.997,22.447,21.847,21.947,22.147,18.7455,79.0,73.0,72.0,83.0,81.0,84.0,90.0,5,spring,80.29,21.74,21.046999,83.0
1,2024-05-20 17:00:00+00:00,21.097,20.747,21.097,20.997,20.796999,21.347,17.4455,86.0,86.0,79.0,87.0,87.0,87.0,93.0,5,spring,86.43,20.5,20.247,88.0
1,2024-05-20 18:00:00+00:00,19.497,20.197,20.147,20.296999,19.897,20.697,16.595499,94.0,87.0,82.0,89.0,91.0,90.0,97.0,5,spring,90.0,19.62,19.296999,94.0
1,2024-05-20 19:00:00+00:00,19.097,19.397,19.597,19.847,19.397,20.147,16.2955,94.0,88.0,86.0,90.0,93.0,92.0,98.0,5,spring,91.57,19.11,18.697,95.0
1,2024-05-20 20:00:00+00:00,19.097,18.747,19.497,19.597,19.147,19.697,16.3955,91.0,90.0,87.0,90.0,93.0,94.0,98.0,5,spring,91.86,18.88,18.497,94.0
1,2024-05-20 21:00:00+00:00,18.747,18.546999,19.197,19.397,18.847,19.296999,16.4955,92.0,91.0,90.0,90.0,93.0,94.0,98.0,5,spring,92.57,18.65,18.247,95.0
1,2024-05-20 22:00:00+00:00,18.447,18.296999,18.897,19.247,18.447,18.947,16.4455,92.0,92.0,92.0,90.0,94.0,93.0,98.0,5,spring,93.0,18.39,18.147,95.0
1,2024-05-20 23:00:00+00:00,18.296999,17.747,18.796999,19.097,18.046999,18.697,16.345499,93.0,94.0,92.0,91.0,95.0,90.0,97.0,5,spring,93.14,18.15,17.997,96.0
1,2024-05-21 00:00:00+00:00,18.097,18.046999,18.397,18.497,17.997,18.796999,16.7955,94.0,92.0,90.0,91.0,94.0,91.0,97.0,5,spring,92.71,18.09,17.747,95.0
1,2024-05-21 01:00:00+00:00,18.247,18.247,18.296999,17.997,17.546999,18.197,16.6955,93.0,90.0,87.0,91.0,93.0,91.0,97.0,5,spring,91.71,17.89,17.597,95.0
1,2024-05-21 02:00:00+00:00,18.197,18.197,17.997,17.497,17.097,17.597,16.5455,92.0,89.0,87.0,90.0,92.0,91.0,97.0,5,spring,91.14,17.59,17.397,95.0
1,2024-05-21 03:00:00+00:00,17.697,17.897,17.747,17.546999,17.197,17.546999,16.595499,94.0,90.0,90.0,89.0,90.0,90.0,97.0,5,spring,91.43,17.46,17.147,95.0
1,2024-05-21 04:00:00+00:00,17.296999,17.397,17.347,18.397,18.097,18.347,16.7955,95.0,92.0,93.0,87.0,88.0,88.0,97.0,5,spring,91.43,17.67,17.046999,95.0
1,2024-05-21 05:00:00+00:00,18.847,18.697,18.947,19.697,19.447,19.697,17.1455,92.0,91.0,88.0,84.0,85.0,84.0,96.0,5,spring,88.57,18.93,18.847,91.0
1,2024-05-21 06:00:00+00:00,21.397,21.447,21.497,21.296999,20.847,21.147,19.2955,77.0,77.0,74.0,80.0,82.0,80.0,85.0,5,spring,79.29,20.99,21.247,80.0
1,2024-05-21 07:00:00+00:00,22.597,22.447,22.597,22.397,22.097,22.697,21.0455,73.0,73.0,70.0,76.0,77.0,74.0,77.0,5,spring,74.29,22.27,22.697,74.0
1,2024-05-21 08:00:00+00:00,24.046999,23.947,24.046999,23.497,23.397,24.347,22.9455,70.0,71.0,67.0,71.0,72.0,68.0,67.0,5,spring,69.43,23.75,24.147,68.0
1,2024-05-21 09:00:00+00:00,25.046999,25.397,25.546999,24.447,24.447,25.647,24.1955,62.0,63.0,60.0,67.0,67.0,63.0,61.0,5,spring,63.29,24.96,24.847,63.0
1,2024-05-21 10:00:00+00:00,25.497,26.296999,26.546999,25.347,25.397,26.546999,24.5455,59.0,58.0,55.0,63.0,64.0,59.0,60.0,5,spring,59.71,25.74,25.397,60.0
1,2024-05-21 11:00:00+00:00,25.847,26.497,27.097,26.147,26.147,27.147,24.2955,58.0,56.0,53.0,60.0,61.0,56.0,63.0,5,spring,58.14,26.17,25.796999,59.0
1,2024-05-21 12:00:00+00:00,26.247,26.697,26.947,26.597,26.447,25.897,24.3955,55.0,54.0,54.0,60.0,61.0,65.0,67.0,5,spring,59.43,26.18,26.147,56.0
1,2024-05-21 13:00:00+00:00,25.796999,26.697,26.747,25.796999,25.647,25.197,23.1455,58.0,54.0,55.0,63.0,65.0,68.0,74.0,5,spring,62.43,25.58,25.597,57.0
1,2024-05-21 14:00:00+00:00,25.397,26.397,26.597,24.497,24.347,24.097,21.595499,58.0,54.0,56.0,68.0,72.0,73.0,82.0,5,spring,66.14,24.7,24.796999,59.0
1,2024-05-21 15:00:00+00:00,24.296999,25.447,25.747,23.296999,23.097,23.046999,20.095499,64.0,57.0,60.0,74.0,78.0,78.0,89.0,5,spring,71.43,23.58,23.546999,66.0
1,2024-05-21 16:00:00+00:00,22.247,22.947,22.347,22.296999,22.097,22.147,18.845499,74.0,70.0,75.0,80.0,82.0,83.0,93.0,5,spring,79.57,21.85,21.447,78.0
1,2024-05-21 17:00:00+00:00,21.296999,21.296999,21.347,21.347,21.147,21.347,17.6955,79.0,80.0,80.0,86.0,85.0,87.0,95.0,5,spring,84.57,20.78,20.747,84.0
1,2024-05-21 18:00:00+00:00,19.997,20.647,20.197,20.897,20.296999,20.497,17.3955,89.0,85.0,88.0,86.0,87.0,90.0,97.0,5,spring,88.86,19.99,20.046999,88.0
1,2024-05-21 19:00:00+00:00,19.847,19.796999,19.697,19.997,19.546999,19.647,17.1955,90.0,89.0,91.0,90.0,88.0,90.0,97.0,5,spring,90.71,19.39,19.347,93.0
1,2024-05-21 20:00:00+00:00,19.497,19.347,19.296999,19.296999,18.897,18.796999,17.1455,91.0,91.0,93.0,92.0,87.0,89.0,96.0,5,spring,91.29,18.9,18.997,93.0
1,2024-05-21 21:00:00+00:00,19.046999,19.097,19.197,18.647,18.347,18.046999,16.9955,92.0,90.0,92.0,94.0,87.0,88.0,95.0,5,spring,91.14,18.48,18.747,94.0
1,2024-05-21 22:00:00+00:00,18.747,18.747,18.947,17.997,17.897,17.447,16.6955,93.0,90.0,92.0,95.0,88.0,89.0,95.0,5,spring,91.71,18.07,18.447,95.0
1,2024-05-21 23:00:00+00:00,18.347,18.247,18.647,17.447,17.497,16.947,16.345499,91.0,90.0,93.0,95.0,88.0,90.0,96.0,5,spring,91.86,17.64,18.147,96.0
1,2024-05-22 00:00:00+00:00,17.546999,18.097,18.397,18.347,17.697,16.847,16.595499,94.0,82.0,91.0,91.0,88.0,91.0,98.0,5,spring,90.71,17.65,17.796999,94.0
1,2024-05-22 01:00:00+00:00,17.197,17.997,18.497,18.046999,17.197,16.546999,16.4955,90.0,81.0,85.0,90.0,89.0,91.0,98.0,5,spring,89.14,17.43,17.647,90.0
1,2024-05-22 02:00:00+00:00,17.097,17.997,18.296999,17.847,16.697,16.397,16.4455,88.0,80.0,83.0,87.0,90.0,91.0,98.0,5,spring,88.14,17.25,17.247,87.0
1,2024-05-22 03:00:00+00:00,17.247,17.847,18.296999,17.997,16.747,16.697,16.595499,86.0,80.0,82.0,84.0,90.0,89.0,97.0,5,spring,86.86,17.35,16.847,86.0
1,2024-05-22 04:00:00+00:00,17.447,17.347,18.347,18.697,17.647,17.697,17.1455,85.0,83.0,81.0,82.0,87.0,86.0,95.0,5,spring,85.57,17.76,16.697,87.0
1,2024-05-22 05:00:00+00:00,18.647,18.697,18.747,19.747,19.097,19.197,17.8955,82.0,81.0,83.0,79.0,82.0,82.0,93.0,5,spring,83.14,18.86,18.397,83.0
1,2024-05-22 06:00:00+00:00,20.046999,20.697,21.197,20.747,20.647,20.796999,19.095499,77.0,72.0,71.0,74.0,77.0,77.0,88.0,5,spring,76.57,20.46,20.597,73.0
1,2024-05-22 07:00:00+00:00,21.897,22.397,22.747,22.197,22.347,22.546999,19.8955,69.0,66.0,65.0,69.0,71.0,71.0,85.0,5,spring,70.86,22.0,22.247,67.0
1,2024-05-22 08:00:00+00:00,23.497,24.197,24.247,23.847,24.097,24.397,20.595499,63.0,59.0,61.0,63.0,63.0,63.0,82.0,5,spring,64.86,23.55,23.747,62.0
1,2024-05-22 09:00:00+00:00,24.546999,25.397,25.397,25.197,25.447,25.697,21.1955,58.0,55.0,57.0,58.0,58.0,58.0,80.0,5,spring,60.57,24.7,24.447,58.0
1,2024-05-22 10:00:00+00:00,25.147,25.947,26.147,26.147,26.147,26.197,21.9455,54.0,52.0,53.0,54.0,55.0,56.0,79.0,5,spring,57.57,25.38,25.197,54.0
1,2024-05-22 11:00:00+00:00,25.546999,25.497,26.697,26.847,26.397,26.147,22.5455,52.0,53.0,49.0,50.0,54.0,55.0,78.0,5,spring,55.86,25.67,25.847,51.0
1,2024-05-22 12:00:00+00:00,25.997,26.546999,26.447,26.546999,26.647,26.046999,22.595499,48.0,47.0,50.0,50.0,53.0,53.0,68.0,5,spring,52.71,25.83,26.046999,51.0
1,2024-05-22 13:00:00+00:00,25.796999,26.546999,26.447,26.046999,26.347,25.697,21.9955,48.0,45.0,47.0,53.0,54.0,55.0,74.0,5,spring,53.71,25.55,25.796999,51.0
1,2024-05-22 14:00:00+00:00,25.197,25.347,26.247,25.197,25.747,25.097,20.6955,51.0,51.0,50.0,57.0,56.0,58.0,84.0,5,spring,58.14,24.79,25.147,53.0
1,2024-05-22 15:00:00+00:00,23.597,23.647,24.397,24.097,24.796999,24.147,19.4955,58.0,57.0,62.0,62.0,60.0,62.0,91.0,5,spring,64.57,23.45,23.647,60.0
1,2024-05-22 16:00:00+00:00,21.347,21.296999,22.247,22.747,23.247,22.647,18.6955,67.0,66.0,67.0,66.0,65.0,66.0,94.0,5,spring,70.14,21.75,21.597,68.0
1,2024-05-22 17:00:00+00:00,19.897,19.796999,20.847,21.197,21.347,20.847,17.9455,71.0,70.0,69.0,71.0,72.0,71.0,94.0,5,spring,74.0,20.27,20.296999,70.0
1,2024-05-22 18:00:00+00:00,18.847,18.497,19.296999,19.247,19.747,19.347,16.8955,76.0,78.0,77.0,81.0,77.0,75.0,97.0,5,spring,80.14,18.84,19.247,75.0
1,2024-05-22 19:00:00+00:00,17.897,17.647,18.247,18.397,18.747,18.497,16.6455,81.0,82.0,82.0,82.0,80.0,78.0,97.0,5,spring,83.14,18.01,18.597,79.0
1,2024-05-22 20:00:00+00:00,17.147,17.097,17.597,17.897,18.046999,18.046999,16.4955,83.0,83.0,84.0,82.0,81.0,80.0,96.0,5,spring,84.14,17.48,17.796999,84.0
1,2024-05-22 21:00:00+00:00,16.647,16.747,17.046999,17.497,17.497,17.647,16.2955,85.0,84.0,84.0,83.0,83.0,82.0,95.0,5,spring,85.14,17.05,16.997,87.0
1,2024-05-22 22:00:00+00:00,16.147,16.347,16.647,17.097,17.046999,17.347,16.095499,87.0,85.0,85.0,85.0,85.0,84.0,95.0,5,spring,86.57,16.68,16.296999,90.0
1,2024-05-22 23:00:00+00:00,15.797,15.947,16.296999,16.747,16.747,17.147,15.8955,88.0,86.0,87.0,87.0,87.0,86.0,94.0,5,spring,87.86,16.37,15.597,93.0
1,2024-05-23 00:00:00+00:00,14.797,15.947,16.097,15.847,16.747,16.947,15.4955,92.0,85.0,87.0,91.0,85.0,87.0,96.0,5,spring,89.0,15.98,15.797,93.0
1,2024-05-23 01:00:00+00:00,14.547,15.646999,15.797,15.597,16.247,16.546999,15.0455,92.0,86.0,89.0,92.0,87.0,89.0,97.0,5,spring,90.29,15.63,15.297,94.0
1,2024-05-23 02:00:00+00:00,14.247,15.347,15.547,15.447,15.847,16.197,14.4955,93.0,88.0,90.0,92.0,88.0,90.0,97.0,5,spring,91.14,15.3,14.847,95.0
1,2024-05-23 03:00:00+00:00,13.947,15.047,15.396999,15.847,16.047,16.397,14.5955,93.0,90.0,90.0,90.0,87.0,89.0,96.0,5,spring,90.71,15.33,14.497,95.0
1,2024-05-23 04:00:00+00:00,13.896999,14.997,15.447,17.046999,17.147,17.497,15.7455,93.0,90.0,89.0,86.0,83.0,85.0,93.0,5,spring,88.43,15.97,14.396999,94.0
1,2024-05-23 05:00:00+00:00,16.497,17.397,17.847,18.747,18.796999,19.197,17.5455,88.0,84.0,83.0,79.0,78.0,80.0,88.0,5,spring,82.86,18.0,16.647,90.0
1,2024-05-23 06:00:00+00:00,19.697,20.247,20.296999,20.347,20.546999,20.897,18.8955,78.0,75.0,75.0,72.0,72.0,74.0,86.0,5,spring,76.0,20.13,19.897,78.0
1,2024-05-23 07:00:00+00:00,21.997,22.296999,22.447,22.197,22.447,22.597,20.595499,66.0,65.0,65.0,66.0,66.0,68.0,81.0,5,spring,68.14,22.08,22.097,68.0
1,2024-05-23 08:00:00+00:00,23.947,23.897,24.197,24.147,24.397,24.296999,22.345499,59.0,60.0,59.0,60.0,61.0,62.0,77.0,5,spring,62.57,23.89,23.897,61.0
1,2024-05-23 09:00:00+00:00,25.296999,25.197,25.546999,25.647,25.947,25.597,23.4955,54.0,55.0,54.0,55.0,56.0,57.0,74.0,5,spring,57.86,25.25,25.397,53.0
1,2024-05-23 10:00:00+00:00,26.097,26.147,26.497,26.546999,26.847,26.347,23.5455,49.0,51.0,51.0,51.0,52.0,53.0,75.0,5,spring,54.57,26.0,26.296999,49.0
1,2024-05-23 11:00:00+00:00,26.697,26.497,27.097,26.997,27.296999,26.697,22.9955,46.0,48.0,48.0,49.0,49.0,51.0,77.0,5,spring,52.57,26.33,26.847,46.0
1,2024-05-23 12:00:00+00:00,26.296999,26.697,26.897,27.147,26.897,26.897,22.8955,47.0,44.0,45.0,46.0,48.0,49.0,75.0,5,spring,50.57,26.25,26.597,47.0
1,2024-05-23 13:00:00+00:00,25.997,26.347,26.546999,26.546999,26.497,26.296999,21.845499,49.0,45.0,45.0,48.0,50.0,51.0,79.0,5,spring,52.43,25.73,26.447,46.0
1,2024-05-23 14:00:00+00:00,25.497,25.647,25.897,25.397,25.647,25.247,20.7455,52.0,47.0,48.0,52.0,54.0,55.0,82.0,5,spring,55.71,24.87,25.796999,50.0
1,2024-05-23 15:00:00+00:00,24.046999,23.997,24.197,23.947,24.447,24.097,19.6955,60.0,56.0,57.0,57.0,59.0,60.0,85.0,5,spring,62.0,23.49,24.097,62.0
1,2024-05-23 16:00:00+00:00,21.447,21.497,21.597,22.046999,22.747,22.947,18.7455,70.0,64.0,65.0,63.0,65.0,65.0,88.0,5,spring,68.57,21.58,21.997,68.0
1,2024-05-23 17:00:00+00:00,19.647,19.697,19.747,19.847,20.647,21.697,17.845499,77.0,71.0,72.0,70.0,71.0,71.0,92.0,5,spring,74.86,19.88,20.497,73.0
1,2024-05-23 18:00:00+00:00,19.347,18.397,18.097,19.597,18.897,20.447,16.4955,76.0,78.0,78.0,73.0,77.0,76.0,96.0,5,spring,79.14,18.75,19.497,75.0
1,2024-05-23 19:00:00+00:00,18.546999,17.296999,17.046999,18.747,17.697,19.197,15.9955,78.0,83.0,83.0,76.0,82.0,80.0,96.0,5,spring,82.57,17.79,18.347,81.0
1,2024-05-23 20:00:00+00:00,17.897,16.497,16.197,18.247,16.796999,17.997,15.7955,81.0,86.0,88.0,77.0,86.0,84.0,96.0,5,spring,85.43,17.06,17.497,85.0
1,2024-05-23 21:00:00+00:00,17.247,15.947,15.547,17.796999,16.147,17.046999,15.695499,85.0,87.0,91.0,79.0,89.0,87.0,95.0,5,spring,87.57,16.49,16.947,88.0
1,2024-05-23 22:00:00+00:00,16.546999,15.597,15.197,17.397,15.697,16.497,15.7455,88.0,87.0,91.0,81.0,90.0,88.0,95.0,5,spring,88.57,16.1,16.447,91.0
1,2024-05-23 23:00:00+00:00,16.097,15.396999,15.097,17.046999,15.497,16.247,15.8455,88.0,89.0,91.0,82.0,91.0,88.0,95.0,5,spring,89.14,15.89,15.997,93.0
1,2024-05-24 00:00:00+00:00,16.197,14.497,14.597,14.947,15.847,16.897,16.6955,91.0,92.0,92.0,92.0,88.0,85.0,95.0,5,spring,90.71,15.67,15.847,93.0
1,2024-05-24 01:00:00+00:00,16.047,14.396999,14.247,14.497,15.347,16.497,16.595499,90.0,93.0,93.0,93.0,90.0,87.0,95.0,5,spring,91.57,15.38,15.547,93.0
1,2024-05-24 02:00:00+00:00,15.697,14.197,14.047,14.097,14.896999,16.147,16.4455,90.0,94.0,94.0,94.0,92.0,88.0,95.0,5,spring,92.43,15.08,15.197,93.0
1,2024-05-24 03:00:00+00:00,15.247,13.947,14.047,14.396999,15.097,16.296999,16.3955,91.0,94.0,94.0,93.0,92.0,88.0,95.0,5,spring,92.43,15.06,14.896999,93.0
1,2024-05-24 04:00:00+00:00,14.896999,13.797,14.146999,15.747,16.347,17.347,16.4455,92.0,94.0,93.0,89.0,88.0,85.0,95.0,5,spring,90.86,15.53,14.697,92.0
1,2024-05-24 05:00:00+00:00,17.097,16.296999,16.747,17.796999,18.247,18.897,16.595499,88.0,90.0,88.0,82.0,82.0,81.0,95.0,5,spring,86.57,17.38,16.897,88.0
1,2024-05-24 06:00:00+00:00,20.046999,19.647,19.947,20.147,20.197,20.546999,19.8955,74.0,76.0,75.0,75.0,75.0,76.0,83.0,5,spring,76.29,20.06,19.647,76.0
1,2024-05-24 07:00:00+00:00,21.796999,21.546999,21.796999,22.097,22.097,22.296999,21.095499,68.0,70.0,69.0,69.0,69.0,71.0,79.0,5,spring,70.71,21.82,21.497,69.0
1,2024-05-24 08:00:00+00:00,23.597,23.597,23.897,24.097,24.046999,24.197,22.2455,63.0,64.0,64.0,63.0,62.0,66.0,75.0,5,spring,65.29,23.67,23.397,65.0
1,2024-05-24 09:00:00+00:00,25.147,25.447,25.697,25.647,25.546999,25.597,22.8955,58.0,56.0,56.0,57.0,57.0,61.0,74.0,5,spring,59.86,25.14,24.997,59.0
1,2024-05-24 10:00:00+00:00,25.997,26.497,26.697,26.647,26.447,26.397,22.845499,52.0,51.0,50.0,52.0,53.0,57.0,76.0,5,spring,55.86,25.93,25.847,53.0
1,2024-05-24 11:00:00+00:00,26.247,27.046999,27.197,27.247,26.947,26.697,22.3955,51.0,48.0,45.0,48.0,49.0,54.0,80.0,5,spring,53.57,26.25,26.247,49.0
1,2024-05-24 12:00:00+00:00,25.397,26.747,27.097,27.197,27.546999,27.046999,23.9955,53.0,48.0,47.0,45.0,46.0,50.0,64.0,5,spring,50.43,26.43,26.046999,52.0
1,2024-05-24 13:00:00+00:00,25.447,26.647,27.046999,26.847,26.897,26.697,22.9955,53.0,49.0,48.0,47.0,50.0,51.0,69.0,5,spring,52.43,26.08,25.697,53.0
1,2024-05-24 14:00:00+00:00,25.097,25.997,26.597,26.046999,25.697,25.947,21.4455,53.0,50.0,48.0,51.0,57.0,54.0,78.0,5,spring,55.86,25.26,25.197,53.0
1,2024-05-24 15:00:00+00:00,24.097,24.847,25.147,25.097,24.397,24.897,19.9955,62.0,59.0,58.0,56.0,63.0,58.0,86.0,5,spring,63.14,24.07,23.997,62.0
1,2024-05-24 16:00:00+00:00,21.897,22.647,22.747,23.847,23.097,23.296999,18.9955,72.0,68.0,66.0,61.0,67.0,65.0,91.0,5,spring,70.0,22.36,22.347,68.0
1,2024-05-24 17:00:00+00:00,20.497,21.397,20.847,22.447,21.747,21.397,18.1455,76.0,71.0,75.0,66.0,71.0,75.0,94.0,5,spring,75.43,20.93,21.097,75.0
1,2024-05-24 18:00:00+00:00,20.347,20.296999,20.647,20.546999,20.597,19.847,16.7955,77.0,78.0,73.0,77.0,74.0,82.0,98.0,5,spring,79.86,19.87,20.197,82.0
1,2024-05-24 19:00:00+00:00,19.847,20.046999,19.546999,19.897,19.847,19.046999,16.4455,79.0,79.0,77.0,78.0,76.0,86.0,98.0,5,spring,81.86,19.24,20.197,80.0
1,2024-05-24 20:00:00+00:00,19.497,19.747,19.046999,19.546999,19.296999,18.647,16.1455,80.0,79.0,77.0,76.0,78.0,88.0,98.0,5,spring,82.29,18.85,19.747,82.0
1,2024-05-24 21:00:00+00:00,19.296999,19.347,18.546999,19.197,18.847,18.247,15.8955,79.0,78.0,78.0,75.0,79.0,90.0,97.0,5,spring,82.29,18.48,19.347,84.0
1,2024-05-24 22:00:00+00:00,18.847,18.947,18.197,18.647,18.397,17.796999,15.7955,81.0,78.0,78.0,75.0,79.0,91.0,96.0,5,spring,82.57,18.09,18.747,88.0
1,2024-05-24 23:00:00+00:00,18.447,18.497,18.046999,18.046999,17.997,17.397,15.7455,83.0,80.0,78.0,77.0,79.0,91.0,96.0,5,spring,83.43,17.74,18.497,89.0
1,2024-05-25 00:00:00+00:00,18.197,17.197,16.247,18.046999,17.197,17.597,16.3955,84.0,86.0,88.0,78.0,87.0,80.0,94.0,5,spring,85.29,17.27,17.997,90.0
1,2024-05-25 01:00:00+00:00,17.947,17.097,15.997,17.697,16.997,17.347,16.2955,86.0,87.0,88.0,80.0,88.0,81.0,95.0,5,spring,86.43,17.05,17.546999,93.0
1,2024-05-25 02:00:00+00:00,17.497,16.796999,15.896999,17.296999,16.947,17.197,16.1455,88.0,89.0,88.0,83.0,89.0,83.0,96.0,5,spring,88.0,16.83,17.697,93.0
1,2024-05-25 03:00:00+00:00,16.997,16.597,15.896999,17.296999,17.247,17.347,16.095499,90.0,90.0,88.0,85.0,88.0,84.0,97.0,5,spring,88.86,16.78,17.947,92.0
1,2024-05-25 04:00:00+00:00,16.647,16.447,16.097,17.847,17.947,17.897,16.1455,91.0,91.0,88.0,84.0,86.0,83.0,97.0,5,spring,88.57,17.0,18.147,89.0
1,2024-05-25 05:00:00+00:00,18.097,17.947,17.796999,18.697,18.997,18.747,16.2955,88.0,88.0,86.0,82.0,82.0,81.0,96.0,5,spring,86.14,18.08,18.647,88.0
1,2024-05-25 06:00:00+00:00,19.647,20.097,20.197,19.997,20.147,19.897,17.3955,85.0,77.0,75.0,77.0,78.0,78.0,94.0,5,spring,80.57,19.63,19.847,84.0
1,2024-05-25 07:00:00+00:00,20.947,21.347,21.397,21.597,21.546999,21.546999,18.095499,77.0,73.0,70.0,72.0,74.0,73.0,93.0,5,spring,76.0,20.93,21.247,74.0
1,2024-05-25 08:00:00+00:00,21.747,22.997,23.147,23.347,23.097,23.497,18.9955,74.0,69.0,67.0,66.0,70.0,67.0,91.0,5,spring,72.0,22.4,22.197,73.0
1,2024-05-25 09:00:00+00:00,22.247,23.997,24.546999,24.747,24.397,24.947,19.8955,72.0,65.0,61.0,62.0,66.0,62.0,88.0,5,spring,68.0,23.54,22.296999,73.0
1,2024-05-25 10:00:00+00:00,22.447,24.296999,25.347,25.497,25.397,25.647,20.9455,72.0,62.0,57.0,60.0,61.0,59.0,83.0,5,spring,64.86,24.23,22.847,69.0
1,2024-05-25 11:00:00+00:00,22.847,24.796999,25.847,25.847,26.097,25.897,21.9455,71.0,60.0,54.0,59.0,55.0,57.0,76.0,5,spring,61.71,24.75,23.497,67.0
1,2024-05-25 12:00:00+00:00,24.097,24.997,25.247,25.947,25.647,26.197,23.595499,67.0,62.0,59.0,53.0,58.0,56.0,64.0,5,spring,59.86,25.1,24.546999,60.0
1,2024-05-25 13:00:00+00:00,23.697,24.897,25.097,25.697,25.197,25.997,22.9455,67.0,63.0,57.0,54.0,58.0,55.0,68.0,5,spring,60.29,24.79,24.247,60.0
1,2024-05-25 14:00:00+00:00,22.947,24.247,24.796999,25.097,24.447,25.546999,21.6955,70.0,64.0,57.0,56.0,60.0,55.0,76.0,5,spring,62.57,24.11,23.747,60.0
1,2024-05-25 15:00:00+00:00,22.197,23.197,23.796999,24.247,23.447,24.796999,20.2955,72.0,69.0,63.0,60.0,64.0,58.0,83.0,5,spring,67.0,23.14,22.447,66.0
1,2024-05-25 16:00:00+00:00,21.097,21.647,22.097,23.147,21.947,23.497,18.7955,80.0,77.0,74.0,67.0,73.0,66.0,87.0,5,spring,74.86,21.75,21.497,71.0
1,2024-05-25 17:00:00+00:00,20.097,20.947,20.897,21.796999,20.147,21.897,17.2455,90.0,82.0,81.0,75.0,85.0,76.0,90.0,5,spring,82.71,20.43,20.697,77.0
1,2024-05-25 18:00:00+00:00,20.347,20.397,20.097,20.747,18.847,20.647,16.595499,87.0,85.0,85.0,82.0,94.0,84.0,92.0,5,spring,87.0,19.67,19.997,86.0
1,2024-05-25 19:00:00+00:00,19.546999,20.247,19.847,20.046999,18.347,19.997,16.0455,91.0,84.0,83.0,85.0,97.0,88.0,93.0,5,spring,88.71,19.15,19.447,89.0
1,2024-05-25 20:00:00+00:00,18.997,19.997,19.247,19.546999,18.296999,19.697,15.7455,91.0,85.0,86.0,86.0,97.0,90.0,94.0,5,spring,89.86,18.79,18.847,92.0
1,2024-05-25 21:00:00+00:00,18.647,19.597,18.747,19.197,18.296999,19.497,15.5955,91.0,86.0,88.0,86.0,96.0,91.0,94.0,5,spring,90.29,18.51,18.497,93.0
1,2024-05-25 22:00:00+00:00,18.397,19.247,18.447,18.897,18.247,19.397,15.5455,87.0,86.0,90.0,86.0,93.0,89.0,94.0,5,spring,89.29,18.31,18.347,93.0
1,2024-05-25 23:00:00+00:00,18.247,18.847,18.546999,18.747,18.296999,19.397,15.6455,86.0,85.0,90.0,85.0,89.0,86.0,95.0,5,spring,88.0,18.25,18.397,92.0
1,2024-05-26 00:00:00+00:00,17.647,18.097,18.296999,18.097,18.447,17.947,13.8955,89.0,91.0,89.0,84.0,86.0,86.0,96.0,5,spring,88.71,17.49,18.697,89.0
1,2024-05-26 01:00:00+00:00,17.347,17.947,18.247,17.947,18.347,17.897,13.4955,92.0,91.0,89.0,85.0,85.0,86.0,97.0,5,spring,89.29,17.32,18.647,88.0
1,2024-05-26 02:00:00+00:00,17.397,17.947,18.397,17.947,18.347,18.046999,13.0955,91.0,90.0,88.0,87.0,85.0,86.0,97.0,5,spring,89.14,17.31,18.397,89.0
1,2024-05-26 03:00:00+00:00,17.447,17.947,18.397,18.097,18.546999,18.397,13.3955,89.0,90.0,88.0,88.0,84.0,85.0,96.0,5,spring,88.57,17.46,18.097,89.0
1,2024-05-26 04:00:00+00:00,17.447,17.897,18.296999,18.397,18.947,18.947,14.7455,89.0,91.0,90.0,87.0,83.0,84.0,93.0,5,spring,88.14,17.81,17.796999,90.0
1,2024-05-26 05:00:00+00:00,18.097,18.497,18.647,18.947,19.497,19.647,16.7955,89.0,91.0,91.0,85.0,82.0,83.0,88.0,5,spring,87.0,18.59,18.796999,87.0
1,2024-05-26 06:00:00+00:00,19.847,20.347,19.347,20.347,20.447,20.647,19.3955,81.0,83.0,87.0,82.0,80.0,80.0,83.0,5,spring,82.29,20.05,20.347,81.0
1,2024-05-26 07:00:00+00:00,21.347,22.046999,20.947,21.847,21.997,22.046999,21.2455,79.0,80.0,83.0,77.0,76.0,76.0,77.0,5,spring,78.29,21.64,21.897,78.0
1,2024-05-26 08:00:00+00:00,22.897,23.747,22.447,23.597,23.897,23.747,23.2955,75.0,71.0,80.0,71.0,70.0,70.0,70.0,5,spring,72.43,23.38,23.847,71.0
1,2024-05-26 09:00:00+00:00,24.197,25.097,23.847,24.997,25.447,25.097,24.7955,68.0,62.0,72.0,65.0,65.0,65.0,64.0,5,spring,65.86,24.78,25.347,58.0
1,2024-05-26 10:00:00+00:00,25.447,25.447,24.697,25.796999,26.447,25.997,25.4955,58.0,58.0,65.0,60.0,60.0,60.0,60.0,5,spring,60.14,25.62,26.046999,52.0
1,2024-05-26 11:00:00+00:00,26.147,25.847,25.296999,26.247,27.147,26.597,25.595499,55.0,56.0,62.0,56.0,55.0,55.0,57.0,5,spring,56.57,26.13,26.497,50.0
1,2024-05-26 12:00:00+00:00,26.497,25.296999,24.546999,25.147,26.647,26.747,25.4955,50.0,60.0,66.0,63.0,51.0,54.0,56.0,5,spring,57.14,25.77,26.647,49.0
1,2024-05-26 13:00:00+00:00,26.247,25.347,24.747,25.046999,26.447,26.447,23.845499,50.0,58.0,64.0,63.0,52.0,55.0,65.0,5,spring,58.14,25.45,26.447,50.0
1,2024-05-26 14:00:00+00:00,25.847,24.997,24.447,24.647,25.997,25.747,21.595499,50.0,58.0,62.0,64.0,56.0,58.0,79.0,5,spring,61.0,24.75,25.796999,52.0
1,2024-05-26 15:00:00+00:00,24.747,23.897,23.347,23.897,25.147,24.796999,19.595499,57.0,66.0,70.0,67.0,60.0,63.0,89.0,5,spring,67.43,23.63,25.247,54.0
1,2024-05-26 16:00:00+00:00,22.947,22.647,21.747,22.497,23.647,23.447,18.1455,65.0,72.0,77.0,73.0,65.0,70.0,94.0,5,spring,73.71,22.15,24.097,58.0
1,2024-05-26 17:00:00+00:00,21.197,20.546999,19.997,20.796999,21.747,21.796999,16.9955,74.0,83.0,86.0,81.0,71.0,78.0,96.0,5,spring,81.29,20.44,21.347,72.0
1,2024-05-26 18:00:00+00:00,20.697,20.247,19.697,19.397,20.197,20.447,16.1955,78.0,83.0,82.0,88.0,77.0,85.0,96.0,5,spring,84.14,19.55,19.997,82.0
1,2024-05-26 19:00:00+00:00,19.947,19.747,18.997,18.697,19.347,19.647,15.8455,83.0,84.0,85.0,90.0,82.0,89.0,97.0,5,spring,87.14,18.89,19.697,86.0
1,2024-05-26 20:00:00+00:00,19.247,19.097,18.397,18.296999,18.897,19.097,15.8955,87.0,88.0,90.0,90.0,86.0,91.0,98.0,5,spring,90.0,18.42,18.947,90.0
1,2024-05-26 21:00:00+00:00,19.296999,18.796999,17.997,17.947,18.447,18.597,15.8955,86.0,90.0,92.0,91.0,89.0,93.0,98.0,5,spring,91.29,18.14,18.397,92.0
1,2024-05-26 22:00:00+00:00,18.546999,18.497,17.897,17.597,17.897,18.097,15.695499,90.0,91.0,92.0,92.0,90.0,95.0,98.0,5,spring,92.57,17.75,18.046999,94.0
1,2024-05-26 23:00:00+00:00,18.097,17.847,17.597,17.347,17.397,17.597,15.4955,94.0,93.0,93.0,94.0,89.0,97.0,97.0,5,spring,93.86,17.34,17.597,96.0
1,2024-05-27 00:00:00+00:00,17.347,17.497,17.347,16.796999,17.947,16.546999,15.0955,92.0,96.0,93.0,95.0,84.0,99.0,96.0,5,spring,93.57,16.94,17.747,95.0
1,2024-05-27 01:00:00+00:00,16.597,17.197,17.197,16.397,17.296999,16.097,14.5455,94.0,96.0,93.0,95.0,86.0,98.0,96.0,5,spring,94.0,16.48,17.497,95.0
1,2024-05-27 02:00:00+00:00,15.896999,16.947,16.796999,16.047,16.546999,15.896999,13.9955,95.0,94.0,93.0,95.0,90.0,95.0,97.0,5,spring,94.14,16.02,17.147,94.0
1,2024-05-27 03:00:00+00:00,15.347,16.197,16.197,16.247,16.447,16.197,14.0955,94.0,94.0,93.0,93.0,91.0,92.0,96.0,5,spring,93.29,15.82,16.947,92.0
1,2024-05-27 04:00:00+00:00,15.047,15.597,15.597,17.247,17.397,17.296999,15.195499,94.0,93.0,94.0,89.0,87.0,89.0,94.0,5,spring,91.43,16.2,16.847,91.0
1,2024-05-27 05:00:00+00:00,17.296999,17.697,17.697,18.796999,18.997,18.997,16.9455,87.0,86.0,89.0,84.0,81.0,85.0,90.0,5,spring,86.0,18.06,18.347,87.0
1,2024-05-27 06:00:00+00:00,20.296999,20.147,20.847,20.546999,20.747,20.697,19.095499,79.0,80.0,77.0,78.0,75.0,80.0,84.0,5,spring,79.0,20.34,20.247,80.0
1,2024-05-27 07:00:00+00:00,22.447,22.197,22.847,22.247,22.647,22.447,21.2455,71.0,73.0,72.0,72.0,69.0,74.0,76.0,5,spring,72.43,22.3,22.147,75.0
1,2024-05-27 08:00:00+00:00,24.247,23.947,24.796999,24.097,24.697,24.296999,23.5455,65.0,67.0,64.0,66.0,62.0,68.0,68.0,5,spring,65.71,24.23,23.947,68.0
1,2024-05-27 09:00:00+00:00,25.447,25.296999,25.947,25.546999,26.296999,25.796999,25.1955,58.0,61.0,58.0,61.0,56.0,62.0,61.0,5,spring,59.57,25.65,25.147,60.0
1,2024-05-27 10:00:00+00:00,26.447,25.997,26.597,26.546999,27.197,26.847,25.845499,53.0,56.0,53.0,56.0,51.0,56.0,58.0,5,spring,54.71,26.5,25.546999,54.0
1,2024-05-27 11:00:00+00:00,26.997,26.697,27.147,27.147,27.597,27.546999,25.7955,49.0,53.0,50.0,51.0,48.0,51.0,57.0,5,spring,51.29,26.99,25.597,54.0
1,2024-05-27 12:00:00+00:00,26.997,27.347,26.747,27.197,27.497,27.897,24.7955,48.0,46.0,53.0,49.0,47.0,47.0,61.0,5,spring,50.14,26.93,26.247,52.0
1,2024-05-27 13:00:00+00:00,27.046999,27.397,26.647,26.897,27.097,27.697,23.3955,49.0,47.0,52.0,50.0,49.0,47.0,69.0,5,spring,51.86,26.6,26.046999,53.0
1,2024-05-27 14:00:00+00:00,26.546999,26.997,26.447,26.247,26.347,27.147,21.4955,50.0,49.0,53.0,54.0,53.0,50.0,80.0,5,spring,55.57,25.89,25.897,54.0
1,2024-05-27 15:00:00+00:00,25.897,25.947,25.247,25.296999,25.296999,26.247,19.6955,53.0,54.0,60.0,59.0,58.0,54.0,88.0,5,spring,60.86,24.8,25.097,56.0
1,2024-05-27 16:00:00+00:00,24.097,23.647,22.847,23.847,23.897,24.747,18.0455,61.0,66.0,73.0,64.0,64.0,61.0,92.0,5,spring,68.71,23.02,23.247,66.0
1,2024-05-27 17:00:00+00:00,21.697,21.497,21.046999,22.046999,22.247,22.897,16.4455,76.0,76.0,83.0,70.0,71.0,70.0,93.0,5,spring,77.0,21.13,21.247,78.0
1,2024-05-27 18:00:00+00:00,20.747,21.147,20.247,20.597,20.847,21.347,17.2955,81.0,75.0,83.0,74.0,76.0,78.0,94.0,5,spring,80.14,20.32,20.747,82.0
1,2024-05-27 19:00:00+00:00,20.197,20.296999,19.747,19.497,19.847,20.497,16.6455,86.0,81.0,86.0,76.0,79.0,83.0,95.0,5,spring,83.71,19.53,20.347,82.0
1,2024-05-27 20:00:00+00:00,19.497,19.747,18.847,18.647,19.097,19.947,16.095499,88.0,85.0,91.0,77.0,81.0,87.0,95.0,5,spring,86.29,18.84,19.847,85.0
1,2024-05-27 21:00:00+00:00,18.796999,19.296999,17.847,17.947,18.397,19.497,15.5955,92.0,87.0,97.0,78.0,82.0,89.0,95.0,5,spring,88.57,18.2,19.247,89.0
1,2024-05-27 22:00:00+00:00,18.397,18.697,17.397,17.296999,17.747,18.997,15.1455,94.0,90.0,95.0,81.0,84.0,89.0,95.0,5,spring,89.71,17.67,18.796999,92.0
1,2024-05-27 23:00:00+00:00,18.296999,17.847,17.046999,16.747,17.197,18.597,14.7455,95.0,94.0,91.0,86.0,85.0,86.0,95.0,5,spring,90.29,17.21,18.296999,94.0
1,2024-05-28 00:00:00+00:00,16.947,18.296999,17.597,15.947,15.947,18.397,14.3955,98.0,95.0,90.0,88.0,87.0,91.0,95.0,5,spring,92.0,16.79,17.697,96.0
1,2024-05-28 01:00:00+00:00,16.347,18.046999,17.197,15.697,15.547,18.046999,13.8955,96.0,94.0,87.0,90.0,89.0,90.0,96.0,5,spring,91.71,16.4,17.147,96.0
1,2024-05-28 02:00:00+00:00,15.797,17.796999,17.046999,15.697,15.396999,17.647,13.5955,94.0,91.0,87.0,92.0,92.0,87.0,97.0,5,spring,91.43,16.14,16.546999,96.0
1,2024-05-28 03:00:00+00:00,15.146999,17.397,16.947,16.147,15.797,17.697,13.8955,95.0,88.0,88.0,91.0,92.0,85.0,96.0,5,spring,90.71,16.15,16.097,94.0
1,2024-05-28 04:00:00+00:00,14.847,16.997,16.897,17.247,16.997,18.296999,15.0955,95.0,89.0,90.0,87.0,88.0,83.0,93.0,5,spring,89.29,16.63,15.847,94.0
1,2024-05-28 05:00:00+00:00,17.197,18.747,18.647,18.847,18.747,19.296999,16.8955,90.0,85.0,85.0,81.0,82.0,81.0,90.0,5,spring,84.86,18.34,17.947,88.0
1,2024-05-28 06:00:00+00:00,20.147,20.347,20.397,20.497,20.546999,20.597,19.095499,79.0,77.0,77.0,76.0,76.0,77.0,83.0,5,spring,77.86,20.23,20.597,79.0
1,2024-05-28 07:00:00+00:00,21.847,22.247,22.097,22.347,22.447,22.347,21.595499,73.0,69.0,70.0,70.0,71.0,71.0,73.0,5,spring,71.0,22.13,22.397,72.0
1,2024-05-28 08:00:00+00:00,23.647,24.197,23.947,24.347,24.447,24.397,24.2455,67.0,63.0,66.0,64.0,66.0,64.0,62.0,5,spring,64.57,24.18,24.147,65.0
1,2024-05-28 09:00:00+00:00,25.397,25.947,25.347,25.897,25.997,26.046999,26.095499,60.0,56.0,60.0,59.0,61.0,58.0,54.0,5,spring,58.29,25.82,25.747,57.0
1,2024-05-28 10:00:00+00:00,26.546999,27.097,26.197,26.897,26.947,26.997,26.7455,54.0,52.0,55.0,55.0,56.0,53.0,51.0,5,spring,53.71,26.78,26.697,52.0
1,2024-05-28 11:00:00+00:00,27.147,27.747,26.546999,27.546999,27.397,27.546999,26.5455,50.0,47.0,54.0,52.0,52.0,49.0,52.0,5,spring,50.86,27.21,27.147,50.0
1,2024-05-28 12:00:00+00:00,27.447,27.397,27.947,27.397,27.497,27.497,25.2955,47.0,49.0,46.0,52.0,50.0,51.0,57.0,5,spring,50.29,27.21,26.747,50.0
1,2024-05-28 13:00:00+00:00,27.447,27.546999,27.947,26.997,26.947,27.046999,23.9455,46.0,47.0,44.0,54.0,52.0,53.0,64.0,5,spring,51.43,26.84,26.647,50.0
1,2024-05-28 14:00:00+00:00,27.147,27.247,27.347,26.147,25.847,26.097,22.0455,46.0,46.0,43.0,58.0,58.0,56.0,74.0,5,spring,54.43,25.98,26.296999,49.0
1,2024-05-28 15:00:00+00:00,25.847,25.796999,25.597,24.997,24.546999,24.947,20.3955,55.0,55.0,54.0,62.0,63.0,61.0,82.0,5,spring,61.71,24.59,25.046999,56.0
1,2024-05-28 16:00:00+00:00,23.296999,23.197,22.947,23.397,23.046999,23.397,19.095499,65.0,67.0,63.0,66.0,67.0,68.0,88.0,5,spring,69.14,22.63,23.147,64.0
1,2024-05-28 17:00:00+00:00,21.247,21.697,21.697,21.546999,21.397,21.546999,17.9955,71.0,67.0,62.0,71.0,72.0,76.0,92.0,5,spring,73.0,21.02,21.147,72.0
1,2024-05-28 18:00:00+00:00,20.796999,20.347,20.046999,20.147,19.947,19.997,17.4955,74.0,71.0,68.0,77.0,76.0,82.0,96.0,5,spring,77.71,19.83,19.997,82.0
1,2024-05-28 19:00:00+00:00,19.997,19.546999,18.997,19.097,18.897,18.897,17.2455,82.0,74.0,74.0,81.0,80.0,84.0,96.0,5,spring,81.57,18.95,19.597,84.0
1,2024-05-28 20:00:00+00:00,19.747,19.097,18.447,18.347,18.147,18.046999,17.2955,81.0,76.0,77.0,84.0,83.0,84.0,95.0,5,spring,82.86,18.45,19.347,85.0
1,2024-05-28 21:00:00+00:00,18.347,18.597,18.147,17.747,17.546999,17.347,17.1955,86.0,79.0,78.0,86.0,85.0,84.0,94.0,5,spring,84.57,17.85,18.697,87.0
1,2024-05-28 22:00:00+00:00,17.347,17.647,17.747,17.296999,17.197,16.847,16.6455,89.0,83.0,80.0,87.0,86.0,85.0,94.0,5,spring,86.29,17.25,17.897,89.0
1,2024-05-28 23:00:00+00:00,16.647,16.747,16.947,16.997,17.046999,16.546999,15.8955,90.0,87.0,83.0,87.0,87.0,85.0,95.0,5,spring,87.71,16.69,17.497,89.0
1,2024-05-29 00:00:00+00:00,16.647,16.796999,17.097,16.546999,16.047,16.497,14.195499,88.0,84.0,82.0,87.0,88.0,88.0,96.0,5,spring,87.57,16.26,16.997,92.0
1,2024-05-29 01:00:00+00:00,16.147,15.597,16.796999,15.947,15.197,15.896999,13.7955,90.0,89.0,84.0,89.0,91.0,90.0,97.0,5,spring,90.0,15.63,16.347,94.0
1,2024-05-29 02:00:00+00:00,15.646999,14.847,16.597,15.396999,14.347,15.347,13.445499,91.0,92.0,86.0,92.0,94.0,92.0,97.0,5,spring,92.0,15.09,15.896999,94.0
1,2024-05-29 03:00:00+00:00,15.047,14.646999,16.197,15.497,14.297,15.447,13.695499,92.0,92.0,87.0,92.0,94.0,92.0,96.0,5,spring,92.14,14.98,15.697,93.0
1,2024-05-29 04:00:00+00:00,14.646999,14.447,15.547,16.597,15.646999,16.647,14.7955,93.0,93.0,91.0,88.0,90.0,88.0,93.0,5,spring,90.86,15.48,15.697,92.0
1,2024-05-29 05:00:00+00:00,16.847,16.697,17.247,18.347,17.747,18.497,16.5455,88.0,89.0,89.0,82.0,83.0,81.0,90.0,5,spring,86.0,17.42,17.647,86.0
1,2024-05-29 06:00:00+00:00,19.847,19.847,20.597,20.247,19.897,20.347,18.7955,78.0,78.0,75.0,76.0,76.0,75.0,83.0,5,spring,77.29,19.94,20.296999,77.0
1,2024-05-29 07:00:00+00:00,22.046999,21.997,22.697,22.097,21.847,22.147,21.2455,70.0,70.0,68.0,70.0,70.0,70.0,75.0,5,spring,70.43,22.01,22.247,71.0
1,2024-05-29 08:00:00+00:00,23.997,23.747,24.747,23.997,23.847,23.997,23.9455,64.0,65.0,62.0,64.0,64.0,66.0,65.0,5,spring,64.29,24.04,23.947,65.0
1,2024-05-29 09:00:00+00:00,25.247,25.247,26.247,25.546999,25.397,25.497,25.8955,58.0,59.0,55.0,59.0,59.0,62.0,57.0,5,spring,58.43,25.58,24.847,60.0
1,2024-05-29 10:00:00+00:00,26.097,26.197,27.097,26.447,26.497,26.497,26.7955,54.0,54.0,50.0,55.0,54.0,57.0,52.0,5,spring,53.71,26.52,25.647,57.0
1,2024-05-29 11:00:00+00:00,26.747,26.847,27.647,26.947,27.247,27.197,26.9955,52.0,51.0,47.0,51.0,49.0,52.0,50.0,5,spring,50.29,27.09,26.447,53.0
1,2024-05-29 12:00:00+00:00,26.647,26.897,27.097,27.597,27.197,27.247,25.4955,52.0,51.0,51.0,46.0,46.0,49.0,58.0,5,spring,50.43,26.88,26.296999,53.0
1,2024-05-29 13:00:00+00:00,26.647,26.647,27.097,27.397,26.897,26.997,23.9955,51.0,52.0,50.0,46.0,49.0,50.0,66.0,5,spring,52.0,26.53,26.296999,54.0
1,2024-05-29 14:00:00+00:00,26.046999,26.397,26.697,26.847,26.097,26.296999,21.9455,52.0,52.0,51.0,49.0,54.0,52.0,76.0,5,spring,55.14,25.76,26.046999,54.0
1,2024-05-29 15:00:00+00:00,24.497,25.397,24.997,25.897,24.997,25.247,20.1955,61.0,56.0,59.0,53.0,60.0,56.0,85.0,5,spring,61.43,24.46,25.397,54.0
1,2024-05-29 16:00:00+00:00,21.647,22.796999,22.296999,24.247,23.397,23.697,19.095499,78.0,66.0,76.0,60.0,64.0,61.0,90.0,5,spring,70.71,22.45,22.897,68.0
1,2024-05-29 17:00:00+00:00,20.546999,20.897,20.947,22.147,21.497,21.847,18.2455,80.0,77.0,82.0,70.0,68.0,67.0,93.0,5,spring,76.71,20.88,21.046999,78.0
1,2024-05-29 18:00:00+00:00,20.197,20.447,20.046999,20.397,19.947,20.296999,17.4955,84.0,81.0,84.0,79.0,71.0,72.0,94.0,5,spring,80.71,19.83,20.097,83.0
1,2024-05-29 19:00:00+00:00,19.796999,19.747,19.546999,19.497,19.197,19.447,16.6455,87.0,86.0,88.0,83.0,73.0,74.0,95.0,5,spring,83.71,19.13,19.597,85.0
1,2024-05-29 20:00:00+00:00,19.397,19.097,18.597,19.046999,18.847,18.947,15.945499,89.0,89.0,92.0,85.0,75.0,74.0,95.0,5,spring,85.57,18.55,18.947,88.0
1,2024-05-29 21:00:00+00:00,18.947,18.647,18.097,18.497,18.397,18.347,15.3955,91.0,91.0,95.0,87.0,77.0,75.0,95.0,5,spring,87.29,18.05,18.546999,90.0
1,2024-05-29 22:00:00+00:00,18.347,18.447,17.747,17.497,17.647,17.447,14.9955,94.0,92.0,96.0,91.0,80.0,79.0,95.0,5,spring,89.57,17.45,17.997,92.0
1,2024-05-29 23:00:00+00:00,18.296999,18.197,17.296999,16.347,16.796999,16.497,14.7455,94.0,94.0,96.0,95.0,84.0,84.0,96.0,5,spring,91.86,16.88,17.647,95.0
1,2024-05-30 00:00:00+00:00,17.796999,16.796999,16.397,15.497,15.347,15.896999,14.3955,92.0,96.0,94.0,93.0,95.0,86.0,95.0,5,spring,93.0,16.02,17.447,97.0
1,2024-05-30 01:00:00+00:00,17.497,16.397,15.597,14.747,14.547,15.146999,13.9955,93.0,96.0,96.0,93.0,96.0,89.0,96.0,5,spring,94.14,15.42,17.097,97.0
1,2024-05-30 02:00:00+00:00,17.647,16.347,15.097,14.197,13.896999,14.347,13.6455,92.0,93.0,95.0,92.0,96.0,92.0,97.0,5,spring,93.86,15.03,17.046999,94.0
1,2024-05-30 03:00:00+00:00,17.697,16.447,14.646999,14.396999,13.997,14.347,13.8955,91.0,88.0,93.0,89.0,94.0,92.0,96.0,5,spring,91.86,15.06,16.947,90.0
1,2024-05-30 04:00:00+00:00,17.597,16.497,14.547,15.747,15.347,15.646999,15.0955,91.0,87.0,92.0,85.0,89.0,87.0,93.0,5,spring,89.14,15.78,16.947,87.0
1,2024-05-30 05:00:00+00:00,18.397,17.897,16.847,17.796999,17.497,17.697,16.845499,90.0,86.0,88.0,80.0,83.0,80.0,88.0,5,spring,85.0,17.57,18.046999,84.0
1,2024-05-30 06:00:00+00:00,19.947,20.046999,20.296999,20.147,19.647,19.796999,19.095499,79.0,77.0,76.0,74.0,76.0,73.0,83.0,5,spring,76.86,19.85,20.147,75.0
1,2024-05-30 07:00:00+00:00,21.997,22.247,22.597,22.347,21.747,21.847,21.7455,75.0,72.0,70.0,67.0,69.0,68.0,74.0,5,spring,70.71,22.08,22.296999,71.0
1,2024-05-30 08:00:00+00:00,23.796999,24.197,24.647,24.546999,23.847,23.947,24.6455,71.0,65.0,63.0,60.0,63.0,63.0,63.0,5,spring,64.0,24.23,24.046999,66.0
1,2024-05-30 09:00:00+00:00,24.997,25.497,25.947,26.247,25.497,25.597,26.6955,60.0,58.0,55.0,54.0,57.0,59.0,55.0,5,spring,56.86,25.78,25.397,56.0
1,2024-05-30 10:00:00+00:00,25.796999,26.347,26.796999,27.147,26.546999,26.697,27.4455,57.0,54.0,52.0,51.0,53.0,54.0,51.0,5,spring,53.14,26.68,26.147,53.0
1,2024-05-30 11:00:00+00:00,26.046999,26.796999,27.347,27.497,27.097,27.397,27.345499,57.0,53.0,50.0,49.0,49.0,49.0,50.0,5,spring,51.0,27.08,26.347,53.0
1,2024-05-30 12:00:00+00:00,26.097,26.397,27.296999,27.497,27.796999,27.197,25.8955,57.0,56.0,52.0,50.0,46.0,50.0,55.0,5,spring,52.29,26.88,26.697,53.0
1,2024-05-30 13:00:00+00:00,26.097,26.347,27.247,27.197,27.697,26.897,24.2455,58.0,57.0,52.0,51.0,46.0,53.0,63.0,5,spring,54.29,26.53,26.447,53.0
1,2024-05-30 14:00:00+00:00,25.347,25.097,26.947,26.546999,27.197,26.097,21.8955,59.0,62.0,53.0,53.0,48.0,59.0,75.0,5,spring,58.43,25.59,26.247,54.0
1,2024-05-30 15:00:00+00:00,24.647,23.997,25.847,25.546999,26.347,24.997,19.7955,63.0,67.0,55.0,57.0,52.0,63.0,85.0,5,spring,63.14,24.45,25.296999,59.0
1,2024-05-30 16:00:00+00:00,22.697,21.747,22.497,23.997,24.847,23.546999,18.2455,75.0,80.0,73.0,65.0,59.0,64.0,90.0,5,spring,72.29,22.51,23.046999,68.0
1,2024-05-30 17:00:00+00:00,20.796999,20.897,21.197,22.147,22.997,21.796999,16.9455,83.0,86.0,83.0,75.0,67.0,63.0,93.0,5,spring,78.57,20.97,21.397,75.0
1,2024-05-30 18:00:00+00:00,19.947,20.447,20.546999,20.097,21.447,20.347,15.7955,86.0,86.0,84.0,85.0,75.0,64.0,96.0,5,spring,82.29,19.8,20.747,83.0
1,2024-05-30 19:00:00+00:00,19.447,19.697,20.147,19.197,20.497,19.497,15.3955,88.0,89.0,86.0,90.0,81.0,68.0,97.0,5,spring,85.57,19.13,20.147,86.0
1,2024-05-30 20:00:00+00:00,19.097,19.046999,19.597,18.597,19.847,18.947,15.445499,91.0,91.0,88.0,93.0,85.0,73.0,96.0,5,spring,88.14,18.65,19.497,87.0
1,2024-05-30 21:00:00+00:00,18.847,18.296999,18.796999,18.147,19.197,18.447,15.3955,92.0,94.0,94.0,95.0,89.0,77.0,95.0,5,spring,90.86,18.16,19.097,89.0
1,2024-05-30 22:00:00+00:00,18.147,18.147,18.347,17.747,18.497,17.997,15.0455,95.0,95.0,95.0,96.0,92.0,79.0,95.0,5,spring,92.43,17.7,18.947,89.0
1,2024-05-30 23:00:00+00:00,17.697,17.847,17.697,17.497,17.847,17.597,14.6455,95.0,96.0,95.0,96.0,93.0,80.0,94.0,5,spring,92.71,17.26,18.147,93.0
1,2024-05-31 00:00:00+00:00,17.147,17.847,16.796999,16.347,16.247,17.046999,14.195499,95.0,94.0,96.0,95.0,94.0,87.0,95.0,5,spring,93.71,16.52,17.247,98.0
1,2024-05-31 01:00:00+00:00,16.546999,17.347,16.047,15.547,15.396999,16.147,13.7455,94.0,94.0,95.0,95.0,95.0,90.0,96.0,5,spring,94.14,15.83,17.046999,99.0
1,2024-05-31 02:00:00+00:00,15.847,16.847,15.447,14.797,14.547,15.146999,13.3455,94.0,94.0,94.0,95.0,95.0,93.0,97.0,5,spring,94.57,15.14,16.546999,99.0
1,2024-05-31 03:00:00+00:00,15.297,16.247,15.047,14.797,14.547,14.947,13.5955,93.0,94.0,94.0,94.0,93.0,94.0,96.0,5,spring,94.0,14.93,15.947,99.0
1,2024-05-31 04:00:00+00:00,14.947,15.797,14.797,15.997,15.847,16.097,14.7955,94.0,94.0,94.0,90.0,88.0,90.0,93.0,5,spring,91.86,15.47,15.547,96.0
1,2024-05-31 05:00:00+00:00,16.796999,17.647,16.947,17.947,17.997,17.997,16.6955,91.0,90.0,90.0,85.0,82.0,82.0,89.0,5,spring,87.0,17.43,17.497,91.0
1,2024-05-31 06:00:00+00:00,19.796999,19.847,20.046999,20.247,20.197,20.046999,18.4955,81.0,82.0,79.0,78.0,75.0,75.0,83.0,5,spring,79.0,19.81,20.147,82.0
1,2024-05-31 07:00:00+00:00,21.897,21.796999,22.147,22.397,22.447,22.197,21.1955,76.0,78.0,75.0,71.0,68.0,69.0,73.0,5,spring,72.86,22.01,22.247,76.0
1,2024-05-31 08:00:00+00:00,23.796999,23.697,24.197,24.597,24.747,24.397,24.1955,70.0,73.0,69.0,64.0,61.0,63.0,62.0,5,spring,66.0,24.23,24.046999,68.0
1,2024-05-31 09:00:00+00:00,25.397,25.397,25.897,26.347,26.546999,26.147,26.3955,61.0,63.0,60.0,58.0,55.0,57.0,53.0,5,spring,58.14,26.02,25.397,60.0
1,2024-05-31 10:00:00+00:00,26.447,26.497,26.997,27.397,27.597,27.147,27.2955,54.0,58.0,52.0,52.0,50.0,52.0,48.0,5,spring,52.29,27.05,26.247,54.0
1,2024-05-31 11:00:00+00:00,27.046999,27.046999,27.597,27.997,28.097,27.647,27.2955,49.0,53.0,48.0,47.0,45.0,47.0,46.0,5,spring,47.86,27.53,26.847,52.0
1,2024-05-31 12:00:00+00:00,27.247,27.296999,27.447,27.947,27.796999,28.046999,26.6955,47.0,51.0,49.0,46.0,47.0,44.0,49.0,5,spring,47.57,27.5,26.997,51.0
1,2024-05-31 13:00:00+00:00,27.197,27.097,27.447,27.847,27.747,27.947,25.595499,48.0,51.0,49.0,46.0,47.0,44.0,56.0,5,spring,48.71,27.27,27.046999,52.0
1,2024-05-31 14:00:00+00:00,26.847,26.897,27.097,27.347,27.347,27.497,23.8955,49.0,52.0,50.0,49.0,49.0,46.0,67.0,5,spring,51.71,26.7,26.597,54.0
1,2024-05-31 15:00:00+00:00,25.546999,25.747,26.296999,26.447,26.447,26.597,22.095499,55.0,58.0,56.0,53.0,54.0,51.0,77.0,5,spring,57.71,25.6,25.647,59.0
1,2024-05-31 16:00:00+00:00,23.147,23.546999,24.247,24.796999,24.747,24.947,20.0455,65.0,66.0,63.0,59.0,62.0,59.0,84.0,5,spring,65.43,23.64,23.747,68.0
1,2024-05-31 17:00:00+00:00,21.697,22.147,21.647,22.747,22.546999,22.796999,17.845499,73.0,74.0,74.0,67.0,73.0,70.0,90.0,5,spring,74.43,21.63,21.197,79.0
1,2024-05-31 18:00:00+00:00,20.197,21.447,20.897,21.397,20.796999,21.046999,16.095499,84.0,71.0,78.0,75.0,81.0,79.0,96.0,5,spring,80.57,20.27,20.097,87.0
1,2024-05-31 19:00:00+00:00,19.697,20.796999,20.447,20.597,19.847,19.997,15.5955,88.0,67.0,79.0,78.0,86.0,85.0,97.0,5,spring,82.86,19.57,19.397,90.0
1,2024-05-31 20:00:00+00:00,19.546999,19.847,20.147,20.147,19.296999,19.347,15.5955,88.0,70.0,76.0,78.0,89.0,90.0,96.0,5,spring,83.86,19.13,19.347,90.0
1,2024-05-31 21:00:00+00:00,19.247,19.347,19.546999,19.647,18.897,18.796999,15.4955,88.0,73.0,77.0,79.0,91.0,92.0,95.0,5,spring,85.0,18.71,18.796999,93.0
1,2024-05-31 22:00:00+00:00,18.247,18.397,18.796999,18.897,18.546999,18.347,15.1455,91.0,77.0,78.0,80.0,91.0,91.0,95.0,5,spring,86.14,18.05,18.597,90.0
1,2024-05-31 23:00:00+00:00,17.897,17.546999,18.347,18.097,18.296999,18.097,14.7455,87.0,82.0,80.0,81.0,89.0,88.0,95.0,5,spring,86.0,17.58,17.947,87.0
1,2024-06-01 00:00:00+00:00,18.397,16.897,17.747,18.147,17.147,17.197,14.0955,83.0,85.0,83.0,83.0,86.0,86.0,94.0,6,spring,85.71,17.09,18.147,86.0
1,2024-06-01 01:00:00+00:00,18.147,16.197,17.397,17.447,16.697,16.447,13.6455,84.0,88.0,87.0,85.0,87.0,88.0,95.0,6,spring,87.71,16.57,17.597,87.0
1,2024-06-01 02:00:00+00:00,17.647,15.547,16.897,16.647,16.397,15.697,13.2955,87.0,90.0,90.0,88.0,88.0,91.0,96.0,6,spring,90.0,16.02,17.046999,89.0
1,2024-06-01 03:00:00+00:00,17.296999,15.097,16.347,16.497,16.546999,15.646999,13.5955,88.0,90.0,92.0,88.0,87.0,91.0,96.0,6,spring,90.29,15.86,15.646999,95.0
1,2024-06-01 04:00:00+00:00,16.997,14.747,15.896999,17.347,17.447,16.847,14.8955,88.0,91.0,93.0,85.0,83.0,87.0,93.0,6,spring,88.57,16.31,14.947,97.0
1,2024-06-01 05:00:00+00:00,18.296999,16.796999,17.947,18.847,18.796999,18.747,16.845499,85.0,86.0,87.0,79.0,78.0,80.0,89.0,6,spring,83.43,18.04,16.897,92.0
1,2024-06-01 06:00:00+00:00,20.046999,20.197,19.997,20.447,20.397,20.697,19.095499,80.0,76.0,75.0,73.0,72.0,73.0,81.0,6,spring,75.71,20.13,20.147,82.0
1,2024-06-01 07:00:00+00:00,21.796999,22.097,22.147,22.397,22.347,22.597,21.7955,72.0,69.0,69.0,68.0,67.0,67.0,71.0,6,spring,69.0,22.17,22.296999,73.0
1,2024-06-01 08:00:00+00:00,23.347,24.147,24.147,24.597,24.546999,24.597,24.7455,69.0,65.0,65.0,62.0,61.0,61.0,60.0,6,spring,63.29,24.3,23.947,68.0
1,2024-06-01 09:00:00+00:00,25.097,25.997,26.046999,26.347,26.296999,26.197,26.8955,63.0,58.0,58.0,56.0,56.0,56.0,51.0,6,spring,56.86,26.13,25.397,62.0
1,2024-06-01 10:00:00+00:00,26.597,27.197,27.247,27.497,27.447,27.296999,27.7955,56.0,51.0,52.0,50.0,50.0,50.0,45.0,6,spring,50.57,27.3,26.847,55.0
1,2024-06-01 11:00:00+00:00,26.997,27.847,28.046999,28.247,28.197,28.046999,27.845499,52.0,47.0,48.0,44.0,43.0,45.0,42.0,6,spring,45.86,27.89,27.097,49.0
1,2024-06-01 12:00:00+00:00,27.497,27.997,27.897,28.247,28.347,28.247,27.2955,47.0,44.0,45.0,43.0,40.0,42.0,43.0,6,spring,43.43,27.93,27.397,46.0
1,2024-06-01 13:00:00+00:00,27.247,27.847,27.847,28.197,28.147,27.997,26.095499,48.0,44.0,46.0,44.0,42.0,44.0,51.0,6,spring,45.57,27.63,27.347,47.0
1,2024-06-01 14:00:00+00:00,25.796999,27.147,27.397,27.796999,27.546999,27.296999,24.2955,55.0,45.0,45.0,47.0,47.0,48.0,63.0,6,spring,50.0,26.75,26.697,46.0
1,2024-06-01 15:00:00+00:00,23.647,24.747,25.397,26.897,26.546999,26.197,22.4955,74.0,61.0,56.0,52.0,51.0,53.0,73.0,6,spring,60.0,25.13,25.197,54.0
1,2024-06-01 16:00:00+00:00,21.997,23.046999,22.747,25.147,24.897,24.546999,20.6955,83.0,70.0,68.0,58.0,53.0,58.0,81.0,6,spring,67.29,23.3,23.147,61.0
1,2024-06-01 17:00:00+00:00,20.947,21.597,21.697,22.897,22.847,22.497,18.8955,84.0,77.0,70.0,64.0,54.0,64.0,87.0,6,spring,71.43,21.63,21.347,74.0
1,2024-06-01 18:00:00+00:00,20.347,20.397,20.347,20.347,21.097,20.897,16.6955,80.0,88.0,76.0,81.0,57.0,69.0,93.0,6,spring,77.71,20.02,20.546999,78.0
1,2024-06-01 19:00:00+00:00,19.296999,19.647,19.296999,19.247,19.997,20.097,15.945499,86.0,90.0,83.0,85.0,62.0,71.0,94.0,6,spring,81.57,19.08,19.697,84.0
1,2024-06-01 20:00:00+00:00,18.347,18.697,18.247,18.546999,19.247,19.647,15.5955,90.0,94.0,89.0,86.0,68.0,72.0,93.0,6,spring,84.57,18.33,18.947,88.0
1,2024-06-01 21:00:00+00:00,17.347,18.147,17.546999,17.947,18.497,19.197,15.2955,95.0,95.0,92.0,87.0,74.0,74.0,93.0,6,spring,87.14,17.71,18.847,86.0
1,2024-06-01 22:00:00+00:00,17.296999,17.897,17.247,17.347,17.697,18.497,14.9955,93.0,94.0,92.0,87.0,80.0,78.0,94.0,6,spring,88.29,17.28,18.897,85.0
1,2024-06-01 23:00:00+00:00,16.997,17.697,16.947,16.897,16.897,17.747,14.7955,94.0,94.0,91.0,86.0,86.0,82.0,94.0,6,spring,89.57,16.85,18.397,89.0
1,2024-06-02 00:00:00+00:00,17.597,16.397,16.397,17.546999,17.447,16.747,14.5955,88.0,95.0,93.0,85.0,84.0,87.0,94.0,6,spring,89.43,16.68,17.697,94.0
1,2024-06-02 01:00:00+00:00,17.296999,16.247,15.847,16.597,16.546999,15.797,13.9955,91.0,93.0,92.0,88.0,89.0,91.0,95.0,6,spring,91.29,16.05,17.347,94.0
1,2024-06-02 02:00:00+00:00,16.796999,15.896999,15.447,15.597,15.597,14.947,13.4955,92.0,91.0,91.0,91.0,94.0,94.0,96.0,6,spring,92.71,15.4,17.147,93.0
1,2024-06-02 03:00:00+00:00,15.947,15.347,15.097,15.447,15.447,14.947,13.695499,94.0,90.0,92.0,92.0,95.0,94.0,95.0,6,spring,93.14,15.13,17.046999,89.0
1,2024-06-02 04:00:00+00:00,15.747,15.097,14.896999,16.647,16.647,16.197,14.8455,92.0,90.0,92.0,88.0,91.0,90.0,91.0,6,spring,90.57,15.73,16.747,89.0
1,2024-06-02 05:00:00+00:00,17.796999,17.447,17.197,18.647,18.597,18.296999,16.595499,88.0,86.0,87.0,81.0,84.0,82.0,86.0,6,spring,84.86,17.8,18.247,85.0
1,2024-06-02 06:00:00+00:00,20.347,20.397,20.397,20.247,20.697,20.497,19.1955,77.0,77.0,76.0,77.0,77.0,75.0,80.0,6,spring,77.0,20.25,20.296999,75.0
1,2024-06-02 07:00:00+00:00,22.397,22.347,22.546999,22.347,22.847,22.747,21.845499,71.0,70.0,71.0,71.0,69.0,68.0,70.0,6,spring,70.0,22.44,22.247,71.0
1,2024-06-02 08:00:00+00:00,24.247,24.296999,24.497,24.497,25.046999,25.097,24.7955,65.0,65.0,66.0,65.0,61.0,60.0,59.0,6,spring,63.0,24.64,24.197,64.0
1,2024-06-02 09:00:00+00:00,25.647,25.847,25.897,26.197,26.847,26.897,26.8955,59.0,58.0,59.0,59.0,54.0,54.0,51.0,6,spring,56.29,26.32,25.697,56.0
1,2024-06-02 10:00:00+00:00,26.546999,26.647,26.796999,27.147,27.997,27.947,27.595499,53.0,52.0,54.0,54.0,48.0,48.0,47.0,6,spring,50.86,27.24,26.597,51.0
1,2024-06-02 11:00:00+00:00,27.046999,27.247,27.296999,27.647,28.647,28.497,27.4455,52.0,50.0,51.0,50.0,43.0,44.0,47.0,6,spring,48.14,27.69,27.097,49.0
1,2024-06-02 12:00:00+00:00,27.347,27.447,27.947,27.097,28.247,28.647,26.7955,51.0,50.0,46.0,50.0,46.0,41.0,48.0,6,spring,47.43,27.65,27.197,50.0
1,2024-06-02 13:00:00+00:00,27.247,27.397,27.747,26.796999,27.997,28.597,25.3955,50.0,49.0,47.0,51.0,47.0,42.0,56.0,6,spring,48.86,27.31,26.947,50.0
1,2024-06-02 14:00:00+00:00,26.847,26.947,27.296999,26.097,27.347,28.147,23.3955,49.0,48.0,46.0,55.0,50.0,45.0,67.0,6,spring,51.43,26.58,26.447,50.0
1,2024-06-02 15:00:00+00:00,25.697,25.597,25.747,25.147,26.347,27.147,21.4955,57.0,56.0,55.0,59.0,55.0,49.0,77.0,6,spring,58.29,25.31,25.296999,57.0
1,2024-06-02 16:00:00+00:00,23.697,23.747,23.147,23.796999,24.796999,25.247,19.7455,67.0,64.0,65.0,65.0,61.0,54.0,85.0,6,spring,65.86,23.45,24.046999,62.0
1,2024-06-02 17:00:00+00:00,21.447,21.397,21.497,22.147,22.897,22.747,18.0455,75.0,75.0,74.0,71.0,69.0,59.0,92.0,6,spring,73.57,21.45,21.097,74.0
1,2024-06-02 18:00:00+00:00,20.497,20.796999,20.947,20.397,21.247,20.747,16.095499,78.0,78.0,76.0,80.0,75.0,64.0,97.0,6,spring,78.29,20.1,20.497,75.0
1,2024-06-02 19:00:00+00:00,19.397,19.747,20.046999,19.546999,20.046999,19.597,15.945499,86.0,84.0,83.0,84.0,79.0,69.0,97.0,6,spring,83.14,19.19,19.796999,81.0
1,2024-06-02 20:00:00+00:00,18.796999,18.997,19.497,19.046999,19.046999,18.897,16.5455,89.0,86.0,87.0,87.0,82.0,74.0,95.0,6,spring,85.71,18.69,19.197,84.0
1,2024-06-02 21:00:00+00:00,18.847,18.296999,19.197,18.697,18.247,18.347,16.9955,87.0,86.0,89.0,89.0,85.0,78.0,93.0,6,spring,86.71,18.38,18.447,88.0
1,2024-06-02 22:00:00+00:00,18.747,17.697,18.847,18.447,17.647,17.947,17.095499,87.0,92.0,90.0,90.0,87.0,80.0,93.0,6,spring,88.43,18.06,18.197,90.0
1,2024-06-02 23:00:00+00:00,18.497,17.697,18.147,18.347,17.247,17.647,17.0455,88.0,92.0,95.0,90.0,89.0,81.0,94.0,6,spring,89.86,17.8,17.947,91.0
1,2024-06-03 00:00:00+00:00,18.046999,17.997,17.796999,17.546999,18.997,16.397,16.1955,88.0,93.0,88.0,92.0,86.0,84.0,93.0,6,spring,89.14,17.57,17.647,92.0
1,2024-06-03 01:00:00+00:00,17.997,17.796999,17.247,17.197,18.397,15.646999,16.2455,87.0,88.0,87.0,92.0,86.0,85.0,93.0,6,spring,88.29,17.22,17.647,90.0
1,2024-06-03 02:00:00+00:00,17.847,17.296999,17.197,16.947,17.697,14.797,16.2955,85.0,84.0,85.0,91.0,86.0,88.0,93.0,6,spring,87.43,16.87,17.546999,87.0
1,2024-06-03 03:00:00+00:00,17.397,16.647,16.997,17.147,17.497,14.847,16.6955,85.0,85.0,86.0,89.0,85.0,89.0,92.0,6,spring,87.29,16.75,17.197,87.0
1,2024-06-03 04:00:00+00:00,16.747,16.197,16.897,18.147,18.197,16.296999,17.5455,88.0,89.0,87.0,85.0,82.0,86.0,89.0,6,spring,86.57,17.15,16.847,88.0
1,2024-06-03 05:00:00+00:00,18.247,17.947,18.447,19.597,19.447,18.546999,18.7455,87.0,88.0,85.0,80.0,78.0,81.0,85.0,6,spring,83.43,18.71,18.247,89.0
1,2024-06-03 06:00:00+00:00,20.897,20.897,20.947,21.546999,20.897,20.897,19.6955,76.0,75.0,74.0,73.0,74.0,75.0,82.0,6,spring,75.57,20.83,20.897,77.0
1,2024-06-03 07:00:00+00:00,22.947,22.897,22.997,23.347,22.697,23.197,22.1455,70.0,69.0,69.0,67.0,69.0,68.0,72.0,6,spring,69.14,22.89,22.796999,71.0
1,2024-06-03 08:00:00+00:00,24.847,24.796999,24.897,25.347,24.747,25.546999,24.9455,62.0,63.0,63.0,62.0,63.0,59.0,61.0,6,spring,61.86,25.02,24.546999,65.0
1,2024-06-03 09:00:00+00:00,26.296999,26.097,26.347,26.897,26.347,27.397,26.8955,53.0,56.0,54.0,57.0,58.0,52.0,52.0,6,spring,54.57,26.61,25.697,56.0
1,2024-06-03 10:00:00+00:00,27.097,26.847,27.147,27.796999,27.347,28.497,27.4955,48.0,53.0,51.0,53.0,53.0,47.0,48.0,6,spring,50.43,27.46,26.546999,52.0
1,2024-06-03 11:00:00+00:00,27.597,27.447,27.697,28.247,27.947,29.097,27.2455,46.0,50.0,49.0,49.0,49.0,43.0,47.0,6,spring,47.57,27.9,27.147,51.0
1,2024-06-03 12:00:00+00:00,27.647,27.247,27.747,28.046999,27.796999,28.647,26.4955,48.0,48.0,49.0,46.0,49.0,43.0,50.0,6,spring,47.57,27.66,27.397,51.0
1,2024-06-03 13:00:00+00:00,27.296999,26.447,27.497,27.647,27.597,27.947,25.2955,49.0,52.0,47.0,47.0,50.0,45.0,57.0,6,spring,49.57,27.1,27.247,50.0
1,2024-06-03 14:00:00+00:00,26.597,26.097,26.847,26.897,27.046999,26.647,23.595499,49.0,54.0,49.0,49.0,53.0,49.0,68.0,6,spring,53.0,26.25,26.597,51.0
1,2024-06-03 15:00:00+00:00,25.347,25.147,25.197,25.747,26.147,25.296999,21.7955,58.0,56.0,60.0,54.0,57.0,55.0,77.0,6,spring,59.57,24.95,25.197,58.0
1,2024-06-03 16:00:00+00:00,22.897,21.747,23.147,24.046999,24.697,23.847,19.9955,70.0,72.0,70.0,62.0,61.0,62.0,84.0,6,spring,68.71,22.91,23.296999,69.0
1,2024-06-03 17:00:00+00:00,20.997,20.697,21.197,21.997,22.947,22.247,18.1455,76.0,80.0,79.0,73.0,66.0,70.0,89.0,6,spring,76.14,21.18,21.197,80.0
1,2024-06-03 18:00:00+00:00,20.147,20.296999,20.497,20.697,21.546999,20.997,16.095499,82.0,81.0,83.0,77.0,71.0,77.0,94.0,6,spring,80.71,20.04,20.747,79.0
1,2024-06-03 19:00:00+00:00,19.147,19.497,19.546999,19.546999,20.847,20.296999,15.445499,88.0,85.0,87.0,83.0,75.0,81.0,96.0,6,spring,85.0,19.19,19.847,85.0
1,2024-06-03 20:00:00+00:00,18.397,19.046999,18.847,18.597,20.497,19.897,15.3455,92.0,88.0,90.0,87.0,78.0,84.0,95.0,6,spring,87.71,18.66,19.497,86.0
1,2024-06-03 21:00:00+00:00,17.847,18.897,18.546999,17.947,20.197,19.647,15.2955,94.0,89.0,90.0,91.0,80.0,86.0,95.0,6,spring,89.29,18.34,18.347,93.0
1,2024-06-03 22:00:00+00:00,17.546999,18.847,18.647,17.647,19.897,19.497,15.1455,95.0,89.0,90.0,93.0,81.0,87.0,95.0,6,spring,90.0,18.18,18.447,92.0
1,2024-06-03 23:00:00+00:00,17.147,18.847,18.497,17.647,19.597,19.447,14.9955,96.0,89.0,91.0,94.0,80.0,86.0,95.0,6,spring,90.14,18.03,18.747,90.0
1,2024-06-04 00:00:00+00:00,17.796999,17.796999,18.796999,18.747,19.197,18.697,14.9955,92.0,91.0,87.0,89.0,89.0,81.0,95.0,6,spring,89.14,18.0,18.997,89.0
1,2024-06-04 01:00:00+00:00,17.997,17.847,18.597,18.197,18.697,18.247,14.5955,90.0,89.0,86.0,89.0,88.0,82.0,96.0,6,spring,88.57,17.74,19.097,88.0
1,2024-06-04 02:00:00+00:00,17.997,17.597,18.347,17.497,18.097,17.796999,14.2955,89.0,89.0,86.0,89.0,88.0,83.0,96.0,6,spring,88.57,17.38,18.947,88.0
1,2024-06-04 03:00:00+00:00,17.647,16.897,17.647,17.397,17.997,17.796999,14.5955,89.0,91.0,88.0,87.0,86.0,83.0,95.0,6,spring,88.43,17.14,18.747,89.0
1,2024-06-04 04:00:00+00:00,17.197,16.347,17.046999,18.296999,18.796999,18.597,15.8455,91.0,93.0,91.0,84.0,83.0,81.0,92.0,6,spring,87.86,17.45,18.647,89.0
1,2024-06-04 05:00:00+00:00,18.296999,17.897,18.747,19.747,20.097,19.847,17.6955,90.0,91.0,88.0,79.0,79.0,77.0,87.0,6,spring,84.43,18.9,19.497,86.0
1,2024-06-04 06:00:00+00:00,20.697,20.947,21.447,21.747,21.497,21.296999,20.095499,81.0,78.0,77.0,76.0,75.0,73.0,79.0,6,spring,77.0,21.1,21.197,79.0
1,2024-06-04 07:00:00+00:00,22.147,23.147,23.546999,23.497,23.046999,22.997,22.1955,79.0,71.0,70.0,69.0,70.0,68.0,69.0,6,spring,70.86,22.94,22.897,73.0
1,2024-06-04 08:00:00+00:00,23.546999,25.147,25.447,25.347,24.747,24.847,24.4955,76.0,63.0,62.0,61.0,64.0,62.0,58.0,6,spring,63.71,24.8,24.546999,68.0
1,2024-06-04 09:00:00+00:00,24.897,26.546999,26.796999,26.796999,26.046999,26.296999,26.095499,67.0,54.0,55.0,55.0,59.0,57.0,50.0,6,spring,56.71,26.21,25.847,59.0
1,2024-06-04 10:00:00+00:00,25.546999,27.097,27.497,27.697,26.847,27.197,26.7455,64.0,51.0,51.0,51.0,56.0,53.0,47.0,6,spring,53.29,26.95,26.447,56.0
1,2024-06-04 11:00:00+00:00,25.296999,27.347,27.947,28.197,27.247,27.697,26.7455,67.0,50.0,49.0,49.0,53.0,49.0,47.0,6,spring,52.0,27.21,26.647,55.0
1,2024-06-04 12:00:00+00:00,25.796999,27.796999,28.546999,27.997,28.147,27.747,25.7955,59.0,50.0,46.0,49.0,46.0,44.0,50.0,6,spring,49.14,27.4,28.097,42.0
1,2024-06-04 13:00:00+00:00,25.147,27.497,28.347,27.197,27.197,27.546999,24.6455,60.0,49.0,45.0,51.0,49.0,45.0,57.0,6,spring,50.86,26.8,27.997,42.0
1,2024-06-04 14:00:00+00:00,25.046999,27.097,28.046999,25.847,25.647,26.947,22.9455,57.0,48.0,46.0,56.0,55.0,49.0,67.0,6,spring,54.0,25.94,27.796999,40.0
1,2024-06-04 15:00:00+00:00,23.847,24.897,27.097,24.397,24.097,26.097,21.1955,63.0,58.0,51.0,62.0,62.0,53.0,76.0,6,spring,60.71,24.52,26.747,46.0
1,2024-06-04 16:00:00+00:00,21.546999,22.796999,23.897,22.897,22.647,24.697,19.4955,75.0,73.0,60.0,69.0,70.0,58.0,83.0,6,spring,69.71,22.57,23.397,63.0
1,2024-06-04 17:00:00+00:00,20.397,21.147,22.097,21.296999,21.197,22.997,17.7955,80.0,82.0,72.0,77.0,80.0,64.0,89.0,6,spring,77.71,20.99,21.097,82.0
1,2024-06-04 18:00:00+00:00,20.546999,20.347,21.597,20.296999,19.997,21.597,17.6955,80.0,90.0,77.0,86.0,87.0,70.0,90.0,6,spring,82.86,20.3,21.197,82.0
1,2024-06-04 19:00:00+00:00,19.897,19.597,21.147,19.347,19.147,20.796999,17.0455,83.0,92.0,78.0,89.0,91.0,75.0,92.0,6,spring,85.71,19.57,20.847,85.0
1,2024-06-04 20:00:00+00:00,19.397,18.546999,20.647,18.897,18.546999,20.247,16.4955,84.0,95.0,79.0,89.0,93.0,79.0,92.0,6,spring,87.29,18.97,20.546999,87.0
1,2024-06-04 21:00:00+00:00,19.097,17.847,20.097,18.546999,18.097,19.847,15.9955,86.0,96.0,81.0,89.0,93.0,82.0,93.0,6,spring,88.57,18.5,19.947,89.0
1,2024-06-04 22:00:00+00:00,18.897,17.497,19.497,18.296999,17.847,19.546999,15.5455,87.0,95.0,84.0,89.0,92.0,82.0,93.0,6,spring,88.86,18.16,19.447,88.0
1,2024-06-04 23:00:00+00:00,18.597,17.247,18.546999,18.197,17.796999,19.347,15.1455,87.0,94.0,87.0,88.0,90.0,80.0,93.0,6,spring,88.43,17.84,19.097,87.0
1,2024-06-05 00:00:00+00:00,17.497,17.697,16.497,18.247,18.997,17.897,14.8955,90.0,92.0,92.0,85.0,83.0,86.0,93.0,6,spring,88.71,17.39,18.597,87.0
1,2024-06-05 01:00:00+00:00,17.147,16.947,16.047,17.947,18.597,17.296999,14.445499,90.0,92.0,91.0,85.0,84.0,87.0,94.0,6,spring,89.0,16.92,18.447,87.0
1,2024-06-05 02:00:00+00:00,16.796999,16.447,16.247,17.546999,18.147,16.697,14.0955,91.0,92.0,89.0,86.0,86.0,89.0,94.0,6,spring,89.57,16.57,18.046999,88.0
1,2024-06-05 03:00:00+00:00,16.546999,16.047,16.597,17.647,18.147,16.697,14.3955,92.0,92.0,88.0,86.0,86.0,89.0,93.0,6,spring,89.43,16.58,17.497,89.0
1,2024-06-05 04:00:00+00:00,16.347,15.797,16.546999,18.497,18.897,17.647,15.7955,92.0,92.0,90.0,83.0,84.0,87.0,89.0,6,spring,88.14,17.08,17.046999,89.0
1,2024-06-05 05:00:00+00:00,18.147,17.796999,18.447,19.796999,20.147,19.147,17.845499,89.0,89.0,87.0,79.0,80.0,83.0,82.0,6,spring,84.14,18.76,18.597,86.0
1,2024-06-05 06:00:00+00:00,20.597,20.897,21.296999,21.097,21.546999,20.796999,19.9955,81.0,79.0,76.0,76.0,76.0,78.0,81.0,6,spring,78.14,20.89,20.647,78.0
1,2024-06-05 07:00:00+00:00,22.347,22.997,23.296999,22.897,23.147,22.546999,22.1455,75.0,72.0,70.0,70.0,71.0,72.0,72.0,6,spring,71.71,22.77,22.397,72.0
1,2024-06-05 08:00:00+00:00,24.097,24.697,25.197,24.847,24.897,24.447,24.345499,70.0,67.0,63.0,63.0,64.0,66.0,61.0,6,spring,64.86,24.65,24.497,66.0
1,2024-06-05 09:00:00+00:00,25.597,26.046999,26.647,26.347,26.296999,25.947,25.8955,62.0,59.0,55.0,58.0,59.0,60.0,53.0,6,spring,58.0,26.11,26.097,57.0
1,2024-06-05 10:00:00+00:00,26.647,26.747,27.597,27.147,27.247,26.997,26.6455,55.0,54.0,51.0,54.0,55.0,55.0,49.0,6,spring,53.29,27.0,27.147,50.0
1,2024-06-05 11:00:00+00:00,27.296999,27.347,28.097,27.447,27.847,27.647,26.7455,52.0,51.0,48.0,51.0,51.0,51.0,48.0,6,spring,50.29,27.49,27.897,47.0
1,2024-06-05 12:00:00+00:00,28.197,27.546999,28.347,27.947,27.597,28.847,26.3955,45.0,52.0,46.0,49.0,50.0,43.0,49.0,6,spring,47.71,27.84,27.997,45.0
1,2024-06-05 13:00:00+00:00,28.046999,27.497,28.247,27.697,27.347,28.497,25.345499,43.0,52.0,46.0,49.0,50.0,44.0,56.0,6,spring,48.57,27.53,27.947,46.0
1,2024-06-05 14:00:00+00:00,27.796999,27.046999,27.847,27.046999,26.747,27.697,23.7455,43.0,53.0,47.0,50.0,52.0,47.0,66.0,6,spring,51.14,26.85,27.697,45.0
1,2024-06-05 15:00:00+00:00,26.447,25.997,26.397,25.997,25.796999,26.546999,21.9955,49.0,58.0,53.0,54.0,56.0,52.0,75.0,6,spring,56.71,25.6,26.597,48.0
1,2024-06-05 16:00:00+00:00,24.147,24.197,23.697,24.147,24.247,24.897,19.9955,58.0,65.0,66.0,64.0,63.0,61.0,83.0,6,spring,65.71,23.62,23.847,59.0
1,2024-06-05 17:00:00+00:00,22.347,22.097,21.296999,21.847,22.347,22.897,17.845499,67.0,73.0,79.0,77.0,73.0,72.0,91.0,6,spring,76.0,21.53,21.747,68.0
1,2024-06-05 18:00:00+00:00,21.647,21.597,21.247,20.397,20.697,21.147,16.4955,67.0,71.0,78.0,80.0,80.0,80.0,94.0,6,spring,78.57,20.46,21.247,71.0
1,2024-06-05 19:00:00+00:00,20.447,20.697,20.247,19.247,19.647,19.897,16.345499,70.0,79.0,84.0,86.0,84.0,84.0,94.0,6,spring,83.0,19.5,20.296999,75.0
1,2024-06-05 20:00:00+00:00,19.546999,19.997,19.097,18.347,18.847,18.897,16.595499,76.0,82.0,91.0,91.0,86.0,86.0,93.0,6,spring,86.43,18.76,19.897,79.0
1,2024-06-05 21:00:00+00:00,18.597,19.247,17.997,17.747,18.197,17.997,16.6955,81.0,82.0,94.0,94.0,87.0,87.0,93.0,6,spring,88.29,18.07,19.347,82.0
1,2024-06-05 22:00:00+00:00,17.697,18.647,17.097,17.397,17.647,17.147,16.3955,83.0,83.0,93.0,93.0,88.0,89.0,94.0,6,spring,89.0,17.43,19.247,83.0
1,2024-06-05 23:00:00+00:00,16.796999,17.897,16.546999,17.296999,17.247,16.397,15.8955,86.0,84.0,91.0,90.0,88.0,92.0,95.0,6,spring,89.43,16.87,18.497,85.0
1,2024-06-06 00:00:00+00:00,16.697,16.997,17.497,16.397,16.897,16.597,16.3955,85.0,87.0,86.0,91.0,87.0,91.0,94.0,6,spring,88.71,16.78,17.847,88.0
1,2024-06-06 01:00:00+00:00,15.896999,16.347,17.147,15.947,16.397,16.047,15.945499,88.0,89.0,87.0,91.0,89.0,92.0,95.0,6,spring,90.14,16.25,17.197,90.0
1,2024-06-06 02:00:00+00:00,15.197,15.896999,16.897,15.547,15.896999,15.747,15.5455,91.0,90.0,87.0,92.0,91.0,92.0,96.0,6,spring,91.29,15.82,16.796999,88.0
1,2024-06-06 03:00:00+00:00,14.697,15.547,16.347,15.797,16.047,15.997,15.695499,94.0,91.0,90.0,91.0,91.0,90.0,95.0,6,spring,91.71,15.73,16.497,88.0
1,2024-06-06 04:00:00+00:00,14.947,15.297,15.896999,17.097,17.147,17.197,16.6455,93.0,93.0,92.0,86.0,87.0,85.0,92.0,6,spring,89.71,16.32,16.097,90.0
1,2024-06-06 05:00:00+00:00,17.447,17.697,17.796999,19.046999,18.897,18.947,18.1455,87.0,88.0,88.0,80.0,81.0,78.0,86.0,6,spring,84.0,18.28,18.097,86.0
1,2024-06-06 06:00:00+00:00,20.796999,20.397,20.947,21.197,20.747,20.697,19.4955,73.0,78.0,77.0,74.0,75.0,71.0,83.0,6,spring,75.86,20.61,20.697,77.0
1,2024-06-06 07:00:00+00:00,22.796999,22.546999,22.847,23.147,22.697,22.296999,21.6455,66.0,69.0,70.0,68.0,69.0,66.0,75.0,6,spring,69.0,22.57,22.597,70.0
1,2024-06-06 08:00:00+00:00,24.697,24.397,24.597,25.097,24.697,23.847,23.9955,60.0,64.0,66.0,61.0,63.0,61.0,66.0,6,spring,63.0,24.48,24.347,64.0
1,2024-06-06 09:00:00+00:00,25.947,26.097,26.097,26.697,26.296999,25.147,25.6955,54.0,58.0,60.0,56.0,57.0,57.0,59.0,6,spring,57.29,26.0,25.647,57.0
1,2024-06-06 10:00:00+00:00,26.897,27.097,27.046999,27.697,27.347,26.247,26.4955,52.0,51.0,54.0,51.0,52.0,53.0,54.0,6,spring,52.43,26.98,26.447,53.0
1,2024-06-06 11:00:00+00:00,27.247,27.497,27.597,28.296999,27.947,27.097,26.6955,50.0,49.0,52.0,47.0,48.0,51.0,52.0,6,spring,49.86,27.48,27.046999,50.0
1,2024-06-06 12:00:00+00:00,27.897,28.147,27.747,27.997,28.147,27.796999,26.2955,46.0,45.0,51.0,48.0,47.0,47.0,55.0,6,spring,48.43,27.72,27.397,50.0
1,2024-06-06 13:00:00+00:00,27.597,28.147,27.747,27.897,27.747,27.447,24.6455,46.0,45.0,51.0,48.0,47.0,47.0,63.0,6,spring,49.57,27.32,27.397,49.0
1,2024-06-06 14:00:00+00:00,27.147,27.747,27.197,27.397,26.847,26.697,22.345499,45.0,46.0,50.0,49.0,49.0,48.0,74.0,6,spring,51.57,26.48,26.796999,47.0
1,2024-06-06 15:00:00+00:00,25.796999,26.747,24.997,26.497,25.647,25.497,20.2955,51.0,50.0,63.0,52.0,52.0,51.0,83.0,6,spring,57.43,25.07,25.447,54.0
1,2024-06-06 16:00:00+00:00,22.897,24.247,23.197,24.947,24.046999,23.597,18.7955,69.0,59.0,67.0,57.0,56.0,58.0,88.0,6,spring,64.86,23.1,22.897,66.0
1,2024-06-06 17:00:00+00:00,21.546999,22.847,21.796999,22.997,22.247,21.296999,17.595499,77.0,63.0,71.0,63.0,60.0,66.0,92.0,6,spring,70.29,21.48,21.347,75.0
1,2024-06-06 18:00:00+00:00,20.247,20.997,21.197,20.397,20.697,19.397,16.4955,85.0,81.0,67.0,70.0,64.0,73.0,95.0,6,spring,76.43,19.92,20.497,82.0
1,2024-06-06 19:00:00+00:00,20.046999,20.697,20.546999,19.546999,19.796999,18.347,15.945499,88.0,83.0,71.0,73.0,67.0,77.0,96.0,6,spring,79.29,19.28,19.497,89.0
1,2024-06-06 20:00:00+00:00,19.497,20.046999,19.747,19.046999,19.197,17.747,15.695499,90.0,84.0,75.0,76.0,70.0,79.0,95.0,6,spring,81.29,18.71,18.647,93.0
1,2024-06-06 21:00:00+00:00,18.447,18.997,18.847,18.546999,18.647,17.296999,15.4955,92.0,87.0,80.0,78.0,73.0,81.0,95.0,6,spring,83.71,18.04,18.197,93.0
1,2024-06-06 22:00:00+00:00,17.897,17.997,18.147,17.796999,17.997,16.997,15.195499,87.0,89.0,83.0,81.0,76.0,82.0,95.0,6,spring,84.71,17.43,16.796999,96.0
1,2024-06-06 23:00:00+00:00,17.546999,17.296999,17.697,17.046999,17.447,16.847,14.945499,85.0,87.0,86.0,85.0,79.0,83.0,96.0,6,spring,85.86,16.98,16.347,94.0
1,2024-06-07 00:00:00+00:00,15.847,16.747,17.097,16.796999,16.147,17.097,14.8955,89.0,85.0,88.0,86.0,86.0,82.0,96.0,6,spring,87.43,16.38,15.997,91.0
1,2024-06-07 01:00:00+00:00,15.747,16.247,16.947,16.347,15.747,16.347,14.445499,90.0,87.0,88.0,87.0,86.0,84.0,96.0,6,spring,88.29,15.98,16.147,89.0
1,2024-06-07 02:00:00+00:00,15.847,16.296999,16.747,16.097,15.447,15.547,14.1455,91.0,87.0,89.0,87.0,86.0,86.0,96.0,6,spring,88.86,15.73,15.896999,91.0
1,2024-06-07 03:00:00+00:00,16.147,16.397,16.447,16.347,15.747,15.497,14.3955,89.0,86.0,90.0,86.0,84.0,85.0,95.0,6,spring,87.86,15.85,15.947,90.0
1,2024-06-07 04:00:00+00:00,16.197,16.447,16.296999,17.347,16.997,16.497,15.5955,89.0,86.0,91.0,83.0,81.0,81.0,92.0,6,spring,86.14,16.48,16.296999,89.0
1,2024-06-07 05:00:00+00:00,17.997,17.947,18.296999,18.897,18.796999,18.247,17.3955,84.0,84.0,85.0,78.0,76.0,76.0,87.0,6,spring,81.43,18.23,17.897,85.0
1,2024-06-07 06:00:00+00:00,20.397,20.397,20.747,20.647,20.697,20.097,18.7955,76.0,72.0,74.0,75.0,71.0,70.0,82.0,6,spring,74.29,20.25,20.347,76.0
1,2024-06-07 07:00:00+00:00,22.097,22.197,22.497,22.397,22.697,22.147,21.4955,69.0,66.0,69.0,70.0,66.0,65.0,72.0,6,spring,68.14,22.22,22.147,70.0
1,2024-06-07 08:00:00+00:00,23.897,24.347,24.347,24.247,24.747,24.347,24.7455,64.0,60.0,64.0,64.0,60.0,59.0,60.0,6,spring,61.57,24.38,23.847,64.0
1,2024-06-07 09:00:00+00:00,25.397,25.947,25.847,25.697,26.347,26.097,26.9955,58.0,52.0,57.0,59.0,55.0,54.0,51.0,6,spring,55.14,26.05,25.147,57.0
1,2024-06-07 10:00:00+00:00,26.647,26.997,26.796999,26.647,27.247,27.247,27.6455,52.0,47.0,50.0,55.0,51.0,49.0,48.0,6,spring,50.29,27.03,26.097,52.0
1,2024-06-07 11:00:00+00:00,26.997,27.897,27.447,27.247,27.697,27.997,27.2955,50.0,44.0,47.0,51.0,47.0,45.0,48.0,6,spring,47.43,27.51,26.796999,49.0
1,2024-06-07 12:00:00+00:00,26.847,27.497,27.847,26.796999,27.447,27.897,25.6955,50.0,46.0,44.0,53.0,47.0,46.0,51.0,6,spring,48.14,27.15,27.046999,48.0
1,2024-06-07 13:00:00+00:00,27.046999,27.546999,27.997,26.697,27.247,27.847,25.1455,49.0,46.0,44.0,53.0,47.0,45.0,55.0,6,spring,48.43,27.08,27.147,47.0
1,2024-06-07 14:00:00+00:00,26.847,26.997,27.546999,26.247,26.697,27.447,24.3955,49.0,47.0,43.0,55.0,49.0,46.0,61.0,6,spring,50.0,26.6,26.847,46.0
1,2024-06-07 15:00:00+00:00,26.147,26.046999,26.447,25.397,25.796999,26.597,23.1955,50.0,51.0,47.0,58.0,52.0,49.0,68.0,6,spring,53.57,25.66,25.647,52.0
1,2024-06-07 16:00:00+00:00,23.897,24.796999,24.046999,23.897,24.397,25.046999,20.9955,60.0,58.0,58.0,64.0,58.0,56.0,77.0,6,spring,61.57,23.87,23.247,62.0
1,2024-06-07 17:00:00+00:00,21.747,21.747,22.647,21.997,22.697,23.097,18.345499,69.0,68.0,65.0,72.0,66.0,66.0,86.0,6,spring,70.29,21.75,21.497,71.0
1,2024-06-07 18:00:00+00:00,20.296999,21.097,21.647,21.097,21.296999,21.447,19.595499,76.0,72.0,72.0,75.0,73.0,74.0,77.0,6,spring,74.14,20.93,21.046999,71.0
1,2024-06-07 19:00:00+00:00,19.447,20.597,21.046999,20.247,20.497,20.397,18.595499,81.0,72.0,75.0,80.0,78.0,80.0,80.0,6,spring,78.0,20.12,20.046999,79.0
1,2024-06-07 20:00:00+00:00,18.697,19.647,20.647,19.747,19.997,19.697,17.7455,86.0,77.0,78.0,83.0,83.0,85.0,84.0,6,spring,82.29,19.45,18.997,86.0
1,2024-06-07 21:00:00+00:00,18.347,18.997,20.097,19.397,19.597,19.147,16.9955,88.0,82.0,82.0,86.0,86.0,88.0,87.0,6,spring,85.57,18.94,18.796999,86.0
1,2024-06-07 22:00:00+00:00,18.097,18.796999,19.247,19.097,19.197,18.747,16.345499,90.0,85.0,86.0,88.0,89.0,90.0,89.0,6,spring,88.14,18.5,18.447,88.0
1,2024-06-07 23:00:00+00:00,18.147,18.397,18.347,18.897,18.847,18.546999,15.7455,88.0,88.0,90.0,90.0,91.0,91.0,91.0,6,spring,89.86,18.13,18.197,88.0
1,2024-06-08 00:00:00+00:00,18.097,18.447,17.947,18.347,18.947,17.747,15.7955,87.0,90.0,91.0,91.0,88.0,92.0,94.0,6,spring,90.43,17.9,17.747,92.0
1,2024-06-08 01:00:00+00:00,17.947,18.147,17.647,18.046999,18.546999,17.497,15.0955,88.0,91.0,89.0,91.0,88.0,91.0,95.0,6,spring,90.43,17.56,17.747,92.0
1,2024-06-08 02:00:00+00:00,17.697,17.997,17.197,17.796999,18.147,17.347,14.4955,89.0,91.0,88.0,91.0,88.0,90.0,95.0,6,spring,90.29,17.24,17.546999,92.0
1,2024-06-08 03:00:00+00:00,17.247,17.647,16.497,17.897,18.097,17.647,14.5955,91.0,90.0,89.0,90.0,87.0,87.0,94.0,6,spring,89.71,17.09,17.097,95.0
1,2024-06-08 04:00:00+00:00,16.947,17.147,16.047,18.597,18.697,18.497,15.8455,92.0,91.0,90.0,87.0,85.0,84.0,90.0,6,spring,88.43,17.4,16.997,95.0
1,2024-06-08 05:00:00+00:00,18.197,18.247,17.697,19.747,19.697,19.796999,17.845499,92.0,87.0,87.0,83.0,81.0,79.0,84.0,6,spring,84.71,18.75,18.296999,91.0
1,2024-06-08 06:00:00+00:00,20.497,20.796999,20.847,20.747,20.897,21.247,20.1955,81.0,76.0,73.0,79.0,77.0,74.0,75.0,6,spring,76.43,20.75,20.347,79.0
1,2024-06-08 07:00:00+00:00,21.897,22.497,22.897,22.296999,22.497,22.947,22.595499,73.0,69.0,65.0,72.0,71.0,67.0,65.0,6,spring,68.86,22.52,21.997,73.0
1,2024-06-08 08:00:00+00:00,23.147,24.247,24.747,24.046999,24.296999,24.796999,25.1455,70.0,64.0,58.0,64.0,63.0,59.0,55.0,6,spring,61.86,24.35,23.296999,68.0
1,2024-06-08 09:00:00+00:00,24.046999,25.597,26.046999,25.497,25.747,26.347,26.8955,64.0,55.0,50.0,57.0,57.0,52.0,47.0,6,spring,54.57,25.74,23.997,63.0
1,2024-06-08 10:00:00+00:00,24.447,26.597,26.697,26.497,26.597,27.447,27.4455,59.0,49.0,46.0,53.0,53.0,48.0,44.0,6,spring,50.29,26.53,24.546999,61.0
1,2024-06-08 11:00:00+00:00,25.247,27.046999,27.397,27.197,27.097,28.197,27.2455,55.0,46.0,44.0,50.0,50.0,45.0,44.0,6,spring,47.71,27.06,24.796999,61.0
1,2024-06-08 12:00:00+00:00,25.046999,26.697,27.597,28.447,27.197,28.097,26.9955,64.0,51.0,46.0,43.0,50.0,45.0,45.0,6,spring,49.14,27.15,26.097,53.0
1,2024-06-08 13:00:00+00:00,24.897,26.796999,27.697,28.497,26.997,27.897,25.8955,66.0,50.0,44.0,42.0,50.0,45.0,52.0,6,spring,49.86,26.95,25.947,54.0
1,2024-06-08 14:00:00+00:00,24.796999,26.247,27.296999,28.097,26.347,27.296999,24.2955,62.0,50.0,45.0,42.0,51.0,46.0,62.0,6,spring,51.14,26.34,25.647,54.0
1,2024-06-08 15:00:00+00:00,23.947,24.697,25.347,27.197,25.347,26.347,22.595499,66.0,60.0,54.0,45.0,55.0,49.0,70.0,6,spring,57.0,25.07,24.747,56.0
1,2024-06-08 16:00:00+00:00,22.347,22.796999,21.497,25.296999,23.847,24.796999,20.845499,74.0,69.0,71.0,54.0,63.0,55.0,75.0,6,spring,65.86,23.06,21.947,68.0
1,2024-06-08 17:00:00+00:00,21.347,21.296999,20.597,22.897,21.947,22.897,19.095499,78.0,75.0,77.0,66.0,73.0,63.0,79.0,6,spring,73.0,21.44,20.697,77.0
1,2024-06-08 18:00:00+00:00,20.296999,20.097,21.046999,21.397,20.447,21.247,16.6955,85.0,78.0,75.0,69.0,81.0,71.0,89.0,6,spring,78.29,20.18,20.197,80.0
1,2024-06-08 19:00:00+00:00,19.897,19.546999,20.447,20.447,19.597,19.997,15.8455,88.0,82.0,79.0,76.0,85.0,78.0,92.0,6,spring,82.86,19.4,19.796999,84.0
1,2024-06-08 20:00:00+00:00,19.447,19.397,19.796999,19.847,19.097,18.947,15.5455,91.0,84.0,82.0,81.0,87.0,84.0,94.0,6,spring,86.14,18.87,19.197,87.0
1,2024-06-08 21:00:00+00:00,19.097,18.947,19.347,19.347,18.697,18.296999,15.4955,92.0,86.0,84.0,86.0,88.0,88.0,95.0,6,spring,88.43,18.46,18.897,90.0
1,2024-06-08 22:00:00+00:00,18.747,18.647,18.847,18.897,18.397,18.197,15.8455,93.0,87.0,87.0,89.0,88.0,89.0,94.0,6,spring,89.57,18.23,18.347,92.0
1,2024-06-08 23:00:00+00:00,18.497,18.147,18.546999,18.546999,18.247,18.447,16.4455,91.0,87.0,88.0,90.0,87.0,88.0,92.0,6,spring,89.0,18.13,18.097,90.0
1,2024-06-09 00:00:00+00:00,17.597,17.697,17.247,18.197,18.497,18.597,14.3955,92.0,84.0,88.0,86.0,92.0,87.0,94.0,6,spring,89.0,17.46,17.847,90.0
1,2024-06-09 01:00:00+00:00,17.147,17.046999,16.747,17.947,18.397,17.947,13.9955,93.0,85.0,89.0,85.0,91.0,88.0,95.0,6,spring,89.43,17.03,17.847,88.0
1,2024-06-09 02:00:00+00:00,16.647,16.647,16.097,17.697,18.447,17.197,13.6455,93.0,86.0,90.0,84.0,89.0,89.0,95.0,6,spring,89.43,16.63,17.546999,88.0
1,2024-06-09 03:00:00+00:00,16.147,16.097,15.547,17.747,18.647,17.046999,13.8955,93.0,88.0,91.0,83.0,86.0,88.0,94.0,6,spring,89.0,16.45,16.847,89.0
1,2024-06-09 04:00:00+00:00,15.896999,15.646999,15.197,18.247,19.046999,17.847,15.1455,91.0,89.0,93.0,81.0,83.0,83.0,90.0,6,spring,87.14,16.72,16.296999,90.0
1,2024-06-09 05:00:00+00:00,17.197,17.347,17.247,19.097,19.647,19.197,16.9955,89.0,85.0,87.0,79.0,80.0,77.0,84.0,6,spring,83.0,18.1,17.647,89.0
1,2024-06-09 06:00:00+00:00,19.847,19.897,20.097,20.497,20.447,20.747,18.9955,78.0,74.0,75.0,74.0,76.0,70.0,74.0,6,spring,74.43,20.08,20.046999,76.0
1,2024-06-09 07:00:00+00:00,21.197,21.347,21.796999,21.997,21.697,22.447,21.4955,70.0,67.0,67.0,67.0,71.0,64.0,64.0,6,spring,67.14,21.71,21.447,69.0
1,2024-06-09 08:00:00+00:00,22.447,22.997,23.597,23.647,23.147,24.296999,24.1955,64.0,61.0,59.0,60.0,66.0,58.0,52.0,6,spring,60.0,23.48,22.296999,66.0
1,2024-06-09 09:00:00+00:00,23.296999,24.046999,24.847,24.947,24.296999,25.796999,26.1955,61.0,56.0,54.0,54.0,61.0,53.0,44.0,6,spring,54.71,24.78,22.897,64.0
1,2024-06-09 10:00:00+00:00,23.647,24.747,25.647,25.647,25.046999,26.747,27.0455,60.0,51.0,49.0,50.0,57.0,49.0,40.0,6,spring,50.86,25.5,23.546999,62.0
1,2024-06-09 11:00:00+00:00,23.847,24.747,25.947,25.997,25.497,27.347,27.1955,60.0,52.0,46.0,49.0,55.0,46.0,40.0,6,spring,49.71,25.8,23.697,60.0
1,2024-06-09 12:00:00+00:00,24.247,23.796999,25.397,25.697,26.397,25.747,26.4955,57.0,58.0,50.0,50.0,47.0,54.0,42.0,6,spring,51.14,25.4,23.197,61.0
1,2024-06-09 13:00:00+00:00,24.296999,23.697,25.347,25.197,26.147,25.447,24.345499,56.0,59.0,49.0,54.0,48.0,56.0,54.0,6,spring,53.71,24.93,22.747,65.0
1,2024-06-09 14:00:00+00:00,23.947,23.296999,24.497,24.296999,25.497,24.796999,21.1955,56.0,60.0,52.0,60.0,51.0,59.0,71.0,6,spring,58.43,23.93,22.447,66.0
1,2024-06-09 15:00:00+00:00,22.447,22.497,23.147,23.296999,24.697,23.897,18.595499,64.0,68.0,58.0,64.0,54.0,62.0,84.0,6,spring,64.86,22.65,21.597,71.0
1,2024-06-09 16:00:00+00:00,20.796999,21.097,21.796999,22.247,23.546999,22.546999,17.2455,76.0,73.0,60.0,65.0,56.0,65.0,90.0,6,spring,69.29,21.33,20.296999,78.0
1,2024-06-09 17:00:00+00:00,20.347,20.296999,20.546999,21.147,22.147,20.897,16.4955,72.0,74.0,61.0,64.0,58.0,68.0,93.0,6,spring,70.0,20.27,19.497,83.0
1,2024-06-09 18:00:00+00:00,20.097,19.296999,19.647,19.997,20.997,19.597,16.4955,67.0,73.0,63.0,66.0,60.0,71.0,91.0,6,spring,70.14,19.45,18.697,87.0
1,2024-06-09 19:00:00+00:00,19.296999,18.796999,18.897,19.397,20.296999,18.897,16.4455,68.0,72.0,67.0,69.0,62.0,72.0,90.0,6,spring,71.43,18.86,18.296999,86.0
1,2024-06-09 20:00:00+00:00,18.997,18.397,18.747,18.997,19.847,18.546999,16.3955,69.0,74.0,68.0,71.0,65.0,73.0,89.0,6,spring,72.71,18.56,18.197,83.0
1,2024-06-09 21:00:00+00:00,18.497,18.197,18.197,18.647,19.447,18.197,16.1955,74.0,76.0,69.0,74.0,67.0,74.0,88.0,6,spring,74.57,18.2,17.897,81.0
1,2024-06-09 22:00:00+00:00,18.046999,17.847,17.747,18.247,19.097,17.796999,15.5955,77.0,77.0,72.0,76.0,68.0,75.0,89.0,6,spring,76.29,17.77,17.697,82.0
1,2024-06-09 23:00:00+00:00,17.796999,17.296999,17.697,17.847,18.796999,17.447,14.7455,79.0,78.0,74.0,78.0,70.0,75.0,90.0,6,spring,77.71,17.38,17.497,82.0
1,2024-06-10 00:00:00+00:00,17.546999,17.296999,17.747,18.296999,18.347,16.347,16.1955,81.0,79.0,74.0,75.0,76.0,79.0,84.0,6,spring,78.29,17.4,17.147,81.0
1,2024-06-10 01:00:00+00:00,17.296999,16.947,17.597,17.847,17.497,15.597,15.2455,83.0,80.0,75.0,76.0,78.0,82.0,86.0,6,spring,80.0,16.86,16.997,81.0
1,2024-06-10 02:00:00+00:00,17.147,16.447,17.397,17.347,16.447,14.847,14.0455,84.0,81.0,75.0,76.0,80.0,85.0,89.0,6,spring,81.43,16.24,16.796999,81.0
1,2024-06-10 03:00:00+00:00,16.947,15.847,16.697,17.247,16.047,14.747,13.5955,84.0,80.0,77.0,75.0,80.0,86.0,89.0,6,spring,81.57,15.88,16.546999,83.0
1,2024-06-10 04:00:00+00:00,16.497,15.347,15.947,17.647,16.647,15.697,14.3955,86.0,80.0,80.0,73.0,77.0,82.0,84.0,6,spring,80.29,16.03,16.497,84.0
1,2024-06-10 05:00:00+00:00,17.497,16.697,17.147,18.397,17.796999,17.247,15.8955,85.0,79.0,79.0,69.0,73.0,76.0,76.0,6,spring,76.71,17.24,17.447,84.0
1,2024-06-10 06:00:00+00:00,19.197,18.947,19.296999,19.546999,19.197,18.947,16.8955,71.0,69.0,69.0,68.0,68.0,70.0,73.0,6,spring,69.71,18.86,19.447,73.0
1,2024-06-10 07:00:00+00:00,20.747,20.597,21.046999,20.947,20.847,20.697,19.4455,66.0,63.0,62.0,64.0,63.0,65.0,65.0,6,spring,64.0,20.62,20.647,70.0
1,2024-06-10 08:00:00+00:00,22.597,22.447,22.847,22.546999,22.747,22.597,22.2955,61.0,59.0,57.0,60.0,57.0,60.0,56.0,6,spring,58.57,22.58,22.247,65.0
1,2024-06-10 09:00:00+00:00,23.847,23.947,24.347,23.847,24.247,24.097,24.4955,56.0,55.0,52.0,56.0,53.0,56.0,50.0,6,spring,54.0,24.12,23.647,61.0
1,2024-06-10 10:00:00+00:00,24.546999,24.647,25.046999,24.647,25.147,25.147,25.7455,54.0,53.0,50.0,54.0,51.0,53.0,46.0,6,spring,51.57,24.99,24.747,55.0
1,2024-06-10 11:00:00+00:00,24.947,25.097,25.397,25.147,25.697,25.796999,26.2955,53.0,51.0,50.0,52.0,50.0,51.0,45.0,6,spring,50.29,25.48,24.997,53.0
1,2024-06-10 12:00:00+00:00,24.847,25.747,25.147,25.097,25.497,26.597,25.7955,54.0,48.0,52.0,53.0,50.0,46.0,46.0,6,spring,49.86,25.53,25.497,51.0
1,2024-06-10 13:00:00+00:00,25.097,25.597,24.897,25.046999,25.447,26.397,24.345499,54.0,49.0,52.0,53.0,50.0,47.0,52.0,6,spring,51.0,25.26,25.697,51.0
1,2024-06-10 14:00:00+00:00,24.897,25.247,24.397,24.697,25.097,25.697,22.1455,55.0,49.0,52.0,54.0,50.0,49.0,61.0,6,spring,52.86,24.6,25.347,50.0
1,2024-06-10 15:00:00+00:00,24.147,24.197,23.097,23.947,24.397,24.697,20.2955,57.0,53.0,58.0,56.0,52.0,52.0,67.0,6,spring,56.43,23.54,23.447,60.0
1,2024-06-10 16:00:00+00:00,22.296999,22.046999,21.097,22.597,23.097,23.247,19.2955,65.0,59.0,63.0,59.0,55.0,55.0,69.0,6,spring,60.71,21.95,21.947,68.0
1,2024-06-10 17:00:00+00:00,20.647,20.497,19.997,20.796999,21.447,21.447,18.6455,69.0,62.0,65.0,64.0,59.0,58.0,68.0,6,spring,63.57,20.5,20.197,78.0
1,2024-06-10 18:00:00+00:00,19.497,19.397,18.296999,19.397,19.997,20.046999,16.8955,75.0,66.0,71.0,64.0,63.0,61.0,87.0,6,spring,69.57,19.08,19.796999,81.0
1,2024-06-10 19:00:00+00:00,18.997,18.597,17.647,18.347,18.997,19.347,16.7455,79.0,69.0,73.0,67.0,67.0,63.0,86.0,6,spring,72.0,18.38,19.447,83.0
1,2024-06-10 20:00:00+00:00,18.847,18.097,17.197,17.497,18.197,19.046999,16.6455,81.0,71.0,75.0,70.0,71.0,66.0,85.0,6,spring,74.14,17.93,19.097,84.0
1,2024-06-10 21:00:00+00:00,18.647,18.147,16.847,16.847,17.597,18.847,16.2955,80.0,72.0,76.0,73.0,75.0,67.0,85.0,6,spring,75.43,17.6,18.647,86.0
1,2024-06-10 22:00:00+00:00,17.647,17.546999,16.397,16.447,17.147,18.647,15.3455,86.0,74.0,77.0,75.0,77.0,67.0,87.0,6,spring,77.57,17.03,17.796999,90.0
1,2024-06-10 23:00:00+00:00,17.046999,16.647,16.047,16.247,16.897,18.546999,14.0955,90.0,79.0,79.0,76.0,79.0,67.0,89.0,6,spring,79.86,16.5,17.697,90.0
1,2024-06-11 00:00:00+00:00,16.847,16.296999,16.047,16.197,15.947,17.647,12.9955,85.0,84.0,79.0,75.0,82.0,72.0,87.0,6,spring,80.57,16.0,17.347,90.0
1,2024-06-11 01:00:00+00:00,16.047,15.747,15.847,15.447,15.447,17.247,12.1455,87.0,84.0,80.0,78.0,82.0,73.0,90.0,6,spring,82.0,15.42,17.296999,86.0
1,2024-06-11 02:00:00+00:00,15.247,14.847,15.497,14.646999,15.097,16.697,11.6455,89.0,87.0,81.0,81.0,82.0,74.0,93.0,6,spring,83.86,14.81,16.546999,85.0
1,2024-06-11 03:00:00+00:00,14.547,14.247,15.097,14.497,15.197,16.546999,11.8955,91.0,88.0,81.0,82.0,80.0,75.0,92.0,6,spring,84.14,14.58,15.396999,87.0
1,2024-06-11 04:00:00+00:00,13.947,13.947,14.797,15.396999,15.997,16.897,13.3455,92.0,88.0,83.0,80.0,77.0,75.0,86.0,6,spring,83.0,14.9,14.547,90.0
1,2024-06-11 05:00:00+00:00,15.646999,16.097,16.296999,16.947,17.247,17.546999,15.5455,87.0,82.0,80.0,75.0,72.0,74.0,77.0,6,spring,78.14,16.48,15.947,89.0
1,2024-06-11 06:00:00+00:00,18.597,18.647,18.247,18.697,18.747,18.647,17.9955,74.0,70.0,71.0,70.0,67.0,71.0,68.0,6,spring,70.14,18.51,18.697,74.0
1,2024-06-11 07:00:00+00:00,20.697,20.747,20.296999,20.597,20.647,20.447,20.2455,67.0,63.0,64.0,64.0,62.0,65.0,61.0,6,spring,63.71,20.53,20.597,67.0
1,2024-06-11 08:00:00+00:00,22.597,22.847,22.296999,22.747,22.747,22.647,22.5455,62.0,58.0,58.0,56.0,56.0,57.0,54.0,6,spring,57.29,22.63,22.697,60.0
1,2024-06-11 09:00:00+00:00,24.046999,24.347,23.697,24.447,24.447,24.397,24.2955,57.0,53.0,53.0,50.0,52.0,51.0,49.0,6,spring,52.14,24.24,23.697,55.0
1,2024-06-11 10:00:00+00:00,24.747,25.347,24.546999,25.447,25.447,25.447,25.3955,53.0,50.0,50.0,47.0,49.0,47.0,46.0,6,spring,48.86,25.2,24.897,51.0
1,2024-06-11 11:00:00+00:00,25.447,25.897,25.546999,25.947,25.997,26.046999,25.9455,51.0,46.0,47.0,45.0,46.0,45.0,45.0,6,spring,46.43,25.83,25.497,47.0
1,2024-06-11 12:00:00+00:00,25.497,25.397,26.497,25.647,25.796999,26.247,25.3955,50.0,50.0,44.0,45.0,47.0,44.0,48.0,6,spring,46.86,25.78,25.447,47.0
1,2024-06-11 13:00:00+00:00,25.697,25.197,26.097,25.247,25.497,25.947,24.095499,49.0,51.0,43.0,46.0,47.0,44.0,53.0,6,spring,47.57,25.4,25.097,47.0
1,2024-06-11 14:00:00+00:00,25.197,24.747,25.197,24.347,24.747,25.247,22.095499,50.0,52.0,47.0,48.0,47.0,44.0,60.0,6,spring,49.71,24.51,24.697,48.0
1,2024-06-11 15:00:00+00:00,23.997,23.546999,23.897,23.147,23.796999,24.296999,20.3955,56.0,56.0,48.0,52.0,49.0,46.0,66.0,6,spring,53.29,23.3,23.597,53.0
1,2024-06-11 16:00:00+00:00,21.796999,21.647,21.347,21.497,22.447,22.947,19.4455,64.0,63.0,55.0,57.0,52.0,49.0,69.0,6,spring,58.43,21.59,22.097,59.0
1,2024-06-11 17:00:00+00:00,20.546999,20.747,19.847,19.546999,20.897,21.296999,18.845499,65.0,66.0,60.0,63.0,57.0,54.0,70.0,6,spring,62.14,20.25,20.796999,61.0
1,2024-06-11 18:00:00+00:00,20.796999,19.597,18.947,18.397,19.497,19.997,18.4955,68.0,75.0,65.0,66.0,61.0,58.0,69.0,6,spring,66.0,19.39,20.046999,63.0
1,2024-06-11 19:00:00+00:00,20.147,18.847,18.247,17.447,18.497,19.397,18.1455,71.0,78.0,70.0,70.0,65.0,62.0,69.0,6,spring,69.29,18.68,19.247,67.0
1,2024-06-11 20:00:00+00:00,19.097,18.197,17.497,16.847,17.697,19.097,17.8955,77.0,80.0,74.0,73.0,69.0,65.0,68.0,6,spring,72.29,18.05,18.796999,71.0
1,2024-06-11 21:00:00+00:00,17.897,17.247,16.897,16.347,16.947,18.747,17.595499,82.0,84.0,78.0,75.0,73.0,68.0,68.0,6,spring,75.43,17.38,18.347,74.0
1,2024-06-11 22:00:00+00:00,17.247,16.997,16.097,15.947,16.247,18.046999,17.2455,83.0,83.0,82.0,77.0,76.0,70.0,68.0,6,spring,77.0,16.83,17.397,77.0
1,2024-06-11 23:00:00+00:00,16.947,16.796999,15.747,15.697,15.597,17.247,16.8955,83.0,82.0,83.0,78.0,78.0,72.0,69.0,6,spring,77.86,16.42,16.647,81.0
1,2024-06-12 00:00:00+00:00,15.797,15.797,15.547,15.997,15.547,16.397,15.695499,85.0,95.0,83.0,77.0,79.0,80.0,92.0,6,spring,84.43,15.83,15.947,84.0
1,2024-06-12 01:00:00+00:00,14.697,14.646999,15.297,15.347,15.247,16.197,14.5455,90.0,96.0,84.0,79.0,80.0,81.0,93.0,6,spring,86.14,15.14,15.146999,86.0
1,2024-06-12 02:00:00+00:00,13.947,14.197,15.447,14.697,14.997,16.197,13.0955,92.0,93.0,83.0,81.0,81.0,81.0,94.0,6,spring,86.43,14.65,14.297,89.0
1,2024-06-12 03:00:00+00:00,13.396999,13.646999,15.547,14.597,15.146999,16.497,12.4955,92.0,92.0,83.0,81.0,80.0,80.0,93.0,6,spring,85.86,14.48,13.646999,91.0
1,2024-06-12 04:00:00+00:00,13.047,13.197,15.447,15.497,15.947,17.197,13.3955,93.0,92.0,83.0,79.0,78.0,76.0,88.0,6,spring,84.14,14.82,13.097,93.0
1,2024-06-12 05:00:00+00:00,14.997,14.947,16.597,16.997,17.147,18.247,15.1455,88.0,90.0,84.0,75.0,74.0,71.0,82.0,6,spring,80.57,16.3,15.197,87.0
1,2024-06-12 06:00:00+00:00,18.497,18.597,18.947,18.747,18.597,19.546999,17.3955,73.0,74.0,70.0,70.0,70.0,66.0,73.0,6,spring,70.86,18.62,18.647,73.0
1,2024-06-12 07:00:00+00:00,20.796999,20.796999,20.796999,20.597,20.497,21.296999,20.0455,66.0,65.0,62.0,65.0,64.0,60.0,65.0,6,spring,63.86,20.69,20.947,64.0
1,2024-06-12 08:00:00+00:00,22.796999,22.796999,22.697,22.697,22.597,23.296999,22.9955,60.0,61.0,59.0,60.0,58.0,54.0,56.0,6,spring,58.29,22.84,22.947,60.0
1,2024-06-12 09:00:00+00:00,24.497,24.497,24.397,24.397,24.347,24.897,25.1955,53.0,55.0,55.0,55.0,52.0,49.0,49.0,6,spring,52.57,24.6,24.447,54.0
1,2024-06-12 10:00:00+00:00,25.347,25.097,25.546999,25.447,25.447,25.947,26.1955,48.0,51.0,51.0,51.0,47.0,46.0,45.0,6,spring,48.43,25.58,25.447,49.0
1,2024-06-12 11:00:00+00:00,26.097,26.046999,26.147,26.046999,26.197,26.647,26.3955,46.0,48.0,48.0,47.0,43.0,44.0,42.0,6,spring,45.43,26.23,25.997,47.0
1,2024-06-12 12:00:00+00:00,26.347,26.347,26.147,26.847,24.997,26.796999,26.1955,46.0,47.0,48.0,44.0,50.0,40.0,40.0,6,spring,45.0,26.24,26.097,49.0
1,2024-06-12 13:00:00+00:00,26.597,26.247,26.296999,26.697,24.697,26.546999,24.6455,45.0,48.0,47.0,43.0,50.0,40.0,47.0,6,spring,45.71,25.96,25.897,48.0
1,2024-06-12 14:00:00+00:00,26.247,26.147,26.097,26.147,23.897,25.796999,22.345499,44.0,46.0,46.0,44.0,52.0,41.0,57.0,6,spring,47.14,25.24,25.697,47.0
1,2024-06-12 15:00:00+00:00,25.046999,24.847,25.197,25.147,22.847,24.747,20.2955,50.0,52.0,49.0,46.0,54.0,43.0,65.0,6,spring,51.29,24.02,24.546999,51.0
1,2024-06-12 16:00:00+00:00,22.497,22.497,22.397,23.497,21.546999,23.347,18.9955,60.0,60.0,59.0,51.0,58.0,46.0,70.0,6,spring,57.71,22.11,21.997,62.0
1,2024-06-12 17:00:00+00:00,21.097,20.897,20.747,21.447,20.046999,21.647,18.0455,60.0,62.0,63.0,58.0,62.0,50.0,74.0,6,spring,61.29,20.56,20.497,63.0
1,2024-06-12 18:00:00+00:00,19.296999,19.447,19.947,18.897,18.697,20.097,17.2955,65.0,64.0,64.0,65.0,66.0,54.0,79.0,6,spring,65.29,19.1,19.046999,71.0
1,2024-06-12 19:00:00+00:00,18.097,18.747,18.796999,17.546999,17.697,18.997,16.4955,70.0,69.0,67.0,71.0,69.0,59.0,80.0,6,spring,69.29,18.05,18.147,74.0
1,2024-06-12 20:00:00+00:00,16.697,18.097,17.697,16.546999,16.847,18.046999,15.7455,77.0,72.0,71.0,77.0,72.0,65.0,81.0,6,spring,73.57,17.1,17.947,77.0
1,2024-06-12 21:00:00+00:00,15.497,17.347,17.147,15.747,16.047,17.046999,15.0955,82.0,76.0,73.0,81.0,75.0,71.0,82.0,6,spring,77.14,16.28,17.046999,80.0
1,2024-06-12 22:00:00+00:00,14.597,16.647,16.847,15.146999,15.247,15.896999,14.5455,86.0,79.0,76.0,84.0,79.0,76.0,83.0,6,spring,80.43,15.56,15.997,84.0
1,2024-06-12 23:00:00+00:00,13.847,15.896999,16.546999,14.697,14.497,14.697,14.0455,90.0,83.0,80.0,85.0,83.0,82.0,85.0,6,spring,84.0,14.89,15.047,86.0
1,2024-06-13 00:00:00+00:00,13.847,14.347,15.547,15.297,13.697,14.347,13.8955,89.0,90.0,84.0,84.0,85.0,82.0,93.0,6,spring,86.71,14.43,14.447,88.0
1,2024-06-13 01:00:00+00:00,13.447,13.697,14.396999,14.547,12.847,14.047,13.1455,91.0,92.0,89.0,86.0,89.0,83.0,94.0,6,spring,89.14,13.73,14.047,89.0
1,2024-06-13 02:00:00+00:00,13.146999,13.597,13.697,13.747,12.047,13.896999,12.4955,92.0,90.0,91.0,88.0,92.0,83.0,94.0,6,spring,90.0,13.23,13.497,92.0
1,2024-06-13 03:00:00+00:00,12.896999,13.597,13.396999,13.697,12.097,14.247,12.5955,93.0,88.0,91.0,88.0,92.0,82.0,92.0,6,spring,89.43,13.22,12.747,95.0
1,2024-06-13 04:00:00+00:00,12.547,13.547,13.396999,14.947,13.646999,15.396999,13.7455,94.0,88.0,91.0,84.0,87.0,79.0,88.0,6,spring,87.29,13.89,12.347,95.0
1,2024-06-13 05:00:00+00:00,14.697,15.597,15.597,16.997,16.047,17.097,15.5955,89.0,85.0,87.0,78.0,80.0,74.0,81.0,6,spring,82.0,15.95,14.797,88.0
1,2024-06-13 06:00:00+00:00,18.697,18.697,18.847,19.147,18.497,18.947,17.595499,73.0,72.0,73.0,71.0,72.0,69.0,69.0,6,spring,71.29,18.63,18.447,74.0
1,2024-06-13 07:00:00+00:00,21.397,21.347,21.296999,21.147,20.847,21.046999,20.1455,64.0,63.0,65.0,64.0,64.0,63.0,61.0,6,spring,63.43,21.03,20.997,65.0
1,2024-06-13 08:00:00+00:00,23.296999,23.296999,23.296999,23.147,23.247,23.347,22.9455,58.0,58.0,60.0,57.0,56.0,57.0,52.0,6,spring,56.86,23.23,22.847,61.0
1,2024-06-13 09:00:00+00:00,24.847,24.947,24.747,24.747,25.097,25.197,25.095499,53.0,52.0,53.0,51.0,49.0,51.0,45.0,6,spring,50.57,24.95,24.546999,55.0
1,2024-06-13 10:00:00+00:00,25.796999,25.796999,25.697,25.897,26.197,26.296999,26.2955,47.0,47.0,48.0,47.0,45.0,46.0,41.0,6,spring,45.86,26.0,25.597,51.0
1,2024-06-13 11:00:00+00:00,26.447,26.497,26.296999,26.647,26.796999,26.997,26.7955,45.0,44.0,47.0,44.0,42.0,42.0,39.0,6,spring,43.29,26.64,26.197,48.0
1,2024-06-13 12:00:00+00:00,26.546999,26.847,26.597,26.997,27.546999,26.447,25.6955,46.0,43.0,46.0,44.0,41.0,46.0,41.0,6,spring,43.86,26.67,26.747,44.0
1,2024-06-13 13:00:00+00:00,26.447,26.847,26.697,27.046999,27.597,26.347,24.4955,46.0,43.0,46.0,44.0,40.0,46.0,47.0,6,spring,44.57,26.5,26.497,45.0
1,2024-06-13 14:00:00+00:00,26.247,26.697,26.497,26.747,27.247,25.897,22.6455,47.0,43.0,46.0,44.0,41.0,47.0,56.0,6,spring,46.29,26.0,26.247,46.0
1,2024-06-13 15:00:00+00:00,25.546999,25.796999,25.597,25.897,26.397,24.947,20.8955,48.0,46.0,48.0,48.0,44.0,50.0,63.0,6,spring,49.57,25.01,25.247,50.0
1,2024-06-13 16:00:00+00:00,23.347,23.296999,23.347,24.197,24.597,23.097,19.345499,58.0,57.0,59.0,56.0,52.0,56.0,66.0,6,spring,57.71,23.03,22.796999,60.0
1,2024-06-13 17:00:00+00:00,20.897,21.947,21.747,21.947,22.247,20.697,17.845499,72.0,64.0,67.0,67.0,64.0,63.0,68.0,6,spring,66.43,21.05,20.997,69.0
1,2024-06-13 18:00:00+00:00,20.397,20.296999,19.997,20.046999,20.347,18.796999,18.595499,73.0,76.0,78.0,76.0,73.0,70.0,66.0,6,spring,73.14,19.78,19.597,67.0
1,2024-06-13 19:00:00+00:00,19.046999,19.947,19.397,19.197,19.247,17.796999,18.1455,81.0,78.0,81.0,80.0,79.0,76.0,66.0,6,spring,77.29,18.97,18.447,72.0
1,2024-06-13 20:00:00+00:00,17.947,19.046999,19.046999,18.897,18.597,17.247,17.845499,87.0,84.0,85.0,82.0,83.0,82.0,65.0,6,spring,81.14,18.38,17.647,75.0
1,2024-06-13 21:00:00+00:00,17.296999,18.647,18.647,18.647,18.147,16.796999,17.2955,88.0,86.0,87.0,84.0,86.0,87.0,66.0,6,spring,83.43,17.93,17.147,78.0
1,2024-06-13 22:00:00+00:00,16.796999,18.197,18.347,18.397,17.897,16.296999,16.1955,89.0,89.0,89.0,86.0,87.0,89.0,70.0,6,spring,85.57,17.45,16.747,79.0
1,2024-06-13 23:00:00+00:00,16.197,17.847,18.097,18.197,17.796999,15.896999,14.8955,92.0,90.0,91.0,87.0,88.0,90.0,76.0,6,spring,87.71,16.99,16.647,79.0
1,2024-06-14 00:00:00+00:00,16.347,17.296999,17.546999,17.647,17.147,15.747,14.7955,92.0,94.0,84.0,89.0,88.0,83.0,84.0,6,spring,87.71,16.65,16.047,82.0
1,2024-06-14 01:00:00+00:00,16.097,17.147,17.347,17.147,16.597,15.347,14.6455,93.0,91.0,82.0,90.0,90.0,83.0,85.0,6,spring,87.71,16.33,15.646999,86.0
1,2024-06-14 02:00:00+00:00,15.896999,17.247,17.347,16.647,15.997,15.097,14.695499,90.0,83.0,80.0,90.0,93.0,83.0,85.0,6,spring,86.29,16.13,14.797,91.0
1,2024-06-14 03:00:00+00:00,15.896999,16.997,17.296999,16.647,15.997,15.396999,15.0955,84.0,82.0,79.0,89.0,93.0,82.0,83.0,6,spring,84.57,16.19,13.697,94.0
1,2024-06-14 04:00:00+00:00,15.847,16.597,17.097,17.447,16.897,16.497,15.9955,82.0,85.0,81.0,86.0,90.0,79.0,79.0,6,spring,83.14,16.63,13.047,95.0
1,2024-06-14 05:00:00+00:00,17.247,17.497,17.997,18.697,18.347,18.097,17.2455,82.0,87.0,83.0,82.0,85.0,74.0,72.0,6,spring,80.71,17.88,15.447,88.0
1,2024-06-14 06:00:00+00:00,19.497,19.997,19.747,20.447,19.897,19.796999,18.595499,73.0,74.0,74.0,76.0,79.0,69.0,75.0,6,spring,74.29,19.71,19.897,71.0
1,2024-06-14 07:00:00+00:00,21.747,22.046999,21.397,21.847,21.546999,21.546999,20.095499,65.0,65.0,67.0,69.0,71.0,64.0,69.0,6,spring,67.14,21.46,22.147,64.0
1,2024-06-14 08:00:00+00:00,23.747,23.997,23.046999,23.347,23.296999,23.296999,21.6955,59.0,58.0,62.0,61.0,62.0,58.0,62.0,6,spring,60.29,23.2,24.147,58.0
1,2024-06-14 09:00:00+00:00,25.147,25.597,24.597,24.597,24.747,24.796999,23.095499,51.0,51.0,54.0,55.0,55.0,53.0,56.0,6,spring,53.57,24.65,25.647,52.0
1,2024-06-14 10:00:00+00:00,26.147,26.647,25.597,25.546999,25.747,25.897,24.2455,46.0,45.0,49.0,51.0,51.0,49.0,52.0,6,spring,49.0,25.69,26.597,46.0
1,2024-06-14 11:00:00+00:00,26.747,27.397,26.447,26.197,26.447,26.647,25.095499,43.0,42.0,46.0,49.0,48.0,45.0,49.0,6,spring,46.0,26.43,26.997,42.0
1,2024-06-14 12:00:00+00:00,26.997,27.147,27.097,26.397,26.497,26.947,26.2955,43.0,41.0,44.0,49.0,48.0,46.0,44.0,6,spring,45.0,26.77,27.296999,40.0
1,2024-06-14 13:00:00+00:00,27.097,27.197,27.197,26.147,26.347,26.947,24.6955,41.0,42.0,43.0,49.0,48.0,45.0,51.0,6,spring,45.57,26.52,27.147,40.0
1,2024-06-14 14:00:00+00:00,26.947,27.046999,26.897,25.546999,25.747,26.546999,22.345499,39.0,42.0,43.0,51.0,50.0,46.0,62.0,6,spring,47.57,25.87,26.897,40.0
1,2024-06-14 15:00:00+00:00,25.597,26.046999,25.847,24.546999,24.847,25.697,20.2955,45.0,46.0,47.0,54.0,54.0,49.0,72.0,6,spring,52.43,24.7,25.847,44.0
1,2024-06-14 16:00:00+00:00,23.097,23.747,23.497,22.997,23.397,24.097,18.8955,53.0,54.0,57.0,60.0,61.0,57.0,79.0,6,spring,60.14,22.82,23.546999,51.0
1,2024-06-14 17:00:00+00:00,21.796999,21.546999,21.947,21.097,21.597,22.046999,17.845499,60.0,70.0,60.0,68.0,70.0,68.0,86.0,6,spring,68.86,21.13,21.747,58.0
1,2024-06-14 18:00:00+00:00,20.497,20.597,19.997,20.897,20.197,20.397,17.095499,66.0,77.0,79.0,73.0,78.0,77.0,90.0,6,spring,77.14,19.95,19.247,78.0
1,2024-06-14 19:00:00+00:00,18.747,19.447,18.997,19.997,19.497,19.497,16.6455,78.0,83.0,85.0,78.0,82.0,83.0,92.0,6,spring,83.0,18.98,18.747,82.0
1,2024-06-14 20:00:00+00:00,18.247,18.897,18.947,19.397,19.147,18.947,16.3955,83.0,84.0,86.0,81.0,85.0,87.0,93.0,6,spring,85.57,18.57,18.397,85.0
1,2024-06-14 21:00:00+00:00,17.647,18.497,19.197,18.947,18.897,18.497,16.1955,87.0,86.0,83.0,83.0,87.0,90.0,93.0,6,spring,87.0,18.27,17.747,88.0
1,2024-06-14 22:00:00+00:00,16.947,18.197,18.796999,18.597,18.647,18.097,16.095499,91.0,88.0,84.0,85.0,88.0,91.0,93.0,6,spring,88.57,17.91,16.997,91.0
1,2024-06-14 23:00:00+00:00,16.447,17.947,18.397,18.347,18.447,17.847,16.095499,92.0,91.0,86.0,87.0,88.0,91.0,92.0,6,spring,89.57,17.65,16.796999,90.0
1,2024-06-15 00:00:00+00:00,15.697,17.347,18.147,18.397,17.747,17.097,16.2955,89.0,94.0,85.0,85.0,86.0,90.0,93.0,6,spring,88.86,17.25,16.497,90.0
1,2024-06-15 01:00:00+00:00,15.597,17.347,18.097,18.147,17.647,16.347,16.2455,86.0,93.0,86.0,86.0,85.0,93.0,93.0,6,spring,88.86,17.06,16.247,89.0
1,2024-06-15 02:00:00+00:00,15.197,17.447,17.997,17.897,17.647,15.597,16.1455,86.0,91.0,86.0,87.0,84.0,95.0,92.0,6,spring,88.71,16.85,15.947,87.0
1,2024-06-15 03:00:00+00:00,14.646999,17.497,18.046999,17.997,17.947,15.497,16.095499,87.0,88.0,85.0,86.0,82.0,95.0,92.0,6,spring,87.86,16.82,15.497,87.0
1,2024-06-15 04:00:00+00:00,14.146999,17.296999,17.897,18.597,18.597,16.597,16.0455,89.0,86.0,87.0,83.0,78.0,90.0,92.0,6,spring,86.43,17.03,15.247,87.0
1,2024-06-15 05:00:00+00:00,16.397,18.247,18.997,19.546999,19.546999,18.397,16.0455,85.0,85.0,86.0,79.0,74.0,83.0,92.0,6,spring,83.43,18.17,17.296999,84.0
1,2024-06-15 06:00:00+00:00,19.897,19.897,20.947,20.546999,20.697,20.247,16.7955,72.0,74.0,72.0,75.0,69.0,75.0,90.0,6,spring,75.29,19.86,20.397,71.0
1,2024-06-15 07:00:00+00:00,22.147,22.046999,22.697,22.046999,22.147,22.147,18.9455,67.0,69.0,67.0,69.0,65.0,67.0,80.0,6,spring,69.14,21.74,22.597,66.0
1,2024-06-15 08:00:00+00:00,24.296999,24.097,24.397,23.747,23.796999,24.147,21.845499,58.0,60.0,60.0,63.0,60.0,58.0,67.0,6,spring,60.86,23.76,24.597,57.0
1,2024-06-15 09:00:00+00:00,25.947,25.497,25.647,25.147,25.147,25.747,24.095499,49.0,51.0,51.0,57.0,56.0,51.0,57.0,6,spring,53.14,25.32,25.697,51.0
1,2024-06-15 10:00:00+00:00,26.897,26.347,26.447,26.046999,26.046999,26.747,25.2455,43.0,46.0,46.0,53.0,52.0,46.0,51.0,6,spring,48.14,26.25,26.347,45.0
1,2024-06-15 11:00:00+00:00,27.347,26.647,26.897,26.597,26.697,27.347,25.6955,42.0,45.0,45.0,49.0,48.0,42.0,47.0,6,spring,45.43,26.75,27.046999,43.0
1,2024-06-15 12:00:00+00:00,27.647,26.997,27.197,26.847,27.046999,26.597,26.1955,40.0,42.0,44.0,46.0,45.0,48.0,45.0,6,spring,44.29,26.93,27.647,41.0
1,2024-06-15 13:00:00+00:00,27.697,26.997,27.497,26.947,27.097,26.597,24.9455,39.0,42.0,44.0,45.0,45.0,48.0,53.0,6,spring,45.14,26.83,27.546999,41.0
1,2024-06-15 14:00:00+00:00,27.647,26.847,27.347,26.747,26.796999,26.247,23.1455,39.0,41.0,44.0,45.0,46.0,49.0,65.0,6,spring,47.0,26.4,27.397,39.0
1,2024-06-15 15:00:00+00:00,26.397,25.796999,26.296999,25.947,25.947,25.497,21.2955,43.0,45.0,46.0,49.0,50.0,53.0,76.0,6,spring,51.71,25.31,26.247,44.0
1,2024-06-15 16:00:00+00:00,23.947,23.697,23.397,24.046999,24.197,23.997,19.2455,52.0,53.0,63.0,59.0,58.0,61.0,84.0,6,spring,61.43,23.22,23.796999,52.0
1,2024-06-15 17:00:00+00:00,22.447,21.747,21.447,21.546999,21.897,22.046999,17.1455,58.0,63.0,75.0,73.0,69.0,71.0,91.0,6,spring,71.43,21.18,21.697,61.0
1,2024-06-15 18:00:00+00:00,20.097,20.847,20.046999,20.347,19.997,20.447,16.7955,79.0,72.0,81.0,84.0,78.0,79.0,92.0,6,spring,80.71,19.8,20.597,76.0
1,2024-06-15 19:00:00+00:00,19.296999,19.796999,19.497,19.397,18.947,19.497,16.4955,86.0,78.0,85.0,88.0,84.0,85.0,93.0,6,spring,85.57,18.99,19.497,83.0
1,2024-06-15 20:00:00+00:00,18.697,19.296999,19.296999,18.897,18.296999,18.897,16.7455,90.0,83.0,88.0,88.0,87.0,89.0,92.0,6,spring,88.14,18.59,18.697,88.0
1,2024-06-15 21:00:00+00:00,18.397,18.796999,18.947,18.546999,17.847,18.397,16.9955,91.0,85.0,89.0,88.0,90.0,92.0,91.0,6,spring,89.43,18.28,18.447,91.0
1,2024-06-15 22:00:00+00:00,18.097,18.546999,18.747,18.197,17.597,17.997,16.9955,93.0,85.0,91.0,90.0,92.0,94.0,90.0,6,spring,90.71,18.03,18.447,92.0
1,2024-06-15 23:00:00+00:00,18.046999,17.997,18.546999,17.997,17.546999,17.697,16.9455,94.0,86.0,91.0,91.0,93.0,94.0,90.0,6,spring,91.29,17.83,18.397,91.0
1,2024-06-16 00:00:00+00:00,17.947,18.147,17.947,18.046999,17.697,17.247,15.9955,90.0,88.0,94.0,89.0,92.0,92.0,94.0,6,spring,91.29,17.58,18.497,91.0
1,2024-06-16 01:00:00+00:00,17.597,17.997,17.847,17.897,17.546999,17.247,15.945499,90.0,87.0,93.0,88.0,92.0,91.0,94.0,6,spring,90.71,17.44,18.397,90.0
1,2024-06-16 02:00:00+00:00,17.197,17.847,17.847,17.796999,17.597,17.347,16.095499,91.0,87.0,90.0,87.0,89.0,89.0,93.0,6,spring,89.43,17.39,18.347,88.0
1,2024-06-16 03:00:00+00:00,16.796999,17.897,17.897,17.947,17.897,17.647,16.4955,89.0,85.0,86.0,85.0,86.0,86.0,91.0,6,spring,86.86,17.51,18.247,87.0
1,2024-06-16 04:00:00+00:00,16.497,17.897,17.796999,18.397,18.447,18.197,16.8955,89.0,84.0,84.0,81.0,81.0,81.0,90.0,6,spring,84.29,17.73,18.046999,87.0
1,2024-06-16 05:00:00+00:00,17.697,18.447,18.347,19.147,19.197,18.997,17.5455,88.0,82.0,85.0,77.0,75.0,75.0,89.0,6,spring,81.57,18.48,18.447,87.0
1,2024-06-16 06:00:00+00:00,19.747,19.597,19.947,20.697,20.197,19.997,19.9955,81.0,79.0,75.0,71.0,69.0,69.0,75.0,6,spring,74.14,20.03,18.947,84.0
1,2024-06-16 07:00:00+00:00,21.247,21.247,21.597,22.247,21.647,21.397,22.2455,77.0,75.0,69.0,65.0,63.0,64.0,67.0,6,spring,68.57,21.66,19.546999,81.0
1,2024-06-16 08:00:00+00:00,22.897,23.097,23.397,23.997,23.397,22.997,24.845499,71.0,70.0,66.0,60.0,57.0,59.0,57.0,6,spring,62.86,23.52,20.097,79.0
1,2024-06-16 09:00:00+00:00,24.046999,24.597,24.997,25.397,24.796999,24.296999,26.4955,63.0,61.0,59.0,55.0,53.0,55.0,51.0,6,spring,56.71,24.95,20.347,79.0
1,2024-06-16 10:00:00+00:00,24.597,25.397,25.697,26.147,25.747,25.197,26.4455,57.0,55.0,53.0,52.0,50.0,51.0,51.0,6,spring,52.71,25.6,20.847,77.0
1,2024-06-16 11:00:00+00:00,25.197,25.847,26.347,26.447,26.347,25.847,25.4455,55.0,52.0,50.0,49.0,49.0,49.0,54.0,6,spring,51.14,25.93,21.497,73.0
1,2024-06-16 12:00:00+00:00,24.447,26.397,26.847,26.546999,23.147,26.447,27.3955,61.0,49.0,48.0,48.0,59.0,48.0,41.0,6,spring,50.57,25.89,24.147,59.0
1,2024-06-16 13:00:00+00:00,24.097,26.347,26.697,26.497,23.296999,26.347,25.6455,63.0,50.0,47.0,47.0,59.0,48.0,51.0,6,spring,52.14,25.56,24.597,57.0
1,2024-06-16 14:00:00+00:00,22.497,26.046999,26.147,26.147,23.296999,25.796999,22.9455,73.0,50.0,46.0,48.0,60.0,49.0,66.0,6,spring,56.0,24.7,24.397,56.0
1,2024-06-16 15:00:00+00:00,21.397,25.447,24.647,25.347,22.796999,24.897,20.595499,81.0,52.0,55.0,52.0,63.0,53.0,78.0,6,spring,62.0,23.59,23.447,63.0
1,2024-06-16 16:00:00+00:00,20.497,22.997,22.546999,23.796999,21.447,23.497,19.095499,84.0,67.0,68.0,61.0,68.0,61.0,85.0,6,spring,70.57,21.98,21.796999,71.0
1,2024-06-16 17:00:00+00:00,19.897,20.947,20.847,21.847,19.697,21.747,17.9455,88.0,80.0,76.0,73.0,75.0,72.0,89.0,6,spring,79.0,20.42,20.046999,78.0
1,2024-06-16 18:00:00+00:00,18.947,19.647,20.247,19.697,18.247,20.347,16.4955,89.0,84.0,78.0,87.0,80.0,80.0,91.0,6,spring,84.14,19.09,19.697,79.0
1,2024-06-16 19:00:00+00:00,18.347,19.147,19.747,18.897,17.546999,19.597,16.2955,90.0,84.0,83.0,91.0,83.0,84.0,92.0,6,spring,86.71,18.51,19.197,83.0
1,2024-06-16 20:00:00+00:00,17.897,18.497,19.046999,18.347,17.147,19.147,16.595499,91.0,85.0,88.0,93.0,85.0,85.0,92.0,6,spring,88.43,18.1,17.947,89.0
1,2024-06-16 21:00:00+00:00,17.796999,18.296999,18.697,17.796999,16.947,18.796999,16.7955,90.0,87.0,91.0,94.0,86.0,86.0,91.0,6,spring,89.29,17.88,17.497,92.0
1,2024-06-16 22:00:00+00:00,17.296999,18.197,18.497,17.197,16.847,18.447,16.595499,92.0,87.0,91.0,95.0,85.0,87.0,91.0,6,spring,89.71,17.58,17.296999,93.0
1,2024-06-16 23:00:00+00:00,16.847,18.046999,18.147,16.597,16.897,18.147,16.2955,95.0,86.0,94.0,96.0,84.0,87.0,91.0,6,spring,90.43,17.28,17.197,94.0
1,2024-06-17 00:00:00+00:00,16.897,17.296999,17.697,16.147,17.897,17.997,16.1955,94.0,92.0,92.0,92.0,90.0,82.0,93.0,6,spring,90.71,17.16,17.097,93.0
1,2024-06-17 01:00:00+00:00,16.997,17.147,17.747,15.797,17.847,17.647,16.095499,91.0,89.0,89.0,90.0,89.0,80.0,93.0,6,spring,88.71,17.04,17.197,93.0
1,2024-06-17 02:00:00+00:00,16.897,17.247,17.897,15.597,17.847,17.397,16.0455,88.0,83.0,82.0,88.0,87.0,78.0,92.0,6,spring,85.43,16.99,17.197,92.0
1,2024-06-17 03:00:00+00:00,16.647,17.147,17.847,15.747,18.046999,17.397,16.1955,87.0,80.0,77.0,85.0,85.0,75.0,91.0,6,spring,82.86,17.0,17.097,89.0
1,2024-06-17 04:00:00+00:00,16.296999,17.147,17.597,16.447,18.447,17.747,16.5455,88.0,76.0,77.0,81.0,82.0,73.0,89.0,6,spring,80.86,17.18,16.897,85.0
1,2024-06-17 05:00:00+00:00,17.447,17.247,17.747,17.497,18.997,18.397,17.095499,85.0,76.0,78.0,77.0,79.0,70.0,85.0,6,spring,78.57,17.78,17.546999,81.0
1,2024-06-17 06:00:00+00:00,19.147,18.947,18.397,18.847,19.796999,19.347,19.2955,76.0,75.0,75.0,74.0,76.0,67.0,76.0,6,spring,74.14,19.11,18.796999,74.0
1,2024-06-17 07:00:00+00:00,20.747,20.247,19.597,19.947,21.046999,20.796999,21.6455,69.0,70.0,71.0,70.0,72.0,63.0,67.0,6,spring,68.86,20.58,20.347,68.0
1,2024-06-17 08:00:00+00:00,22.397,21.747,20.947,21.447,22.597,22.546999,24.4455,65.0,67.0,66.0,64.0,68.0,59.0,57.0,6,spring,63.71,22.3,22.147,64.0
1,2024-06-17 09:00:00+00:00,23.947,23.197,22.697,22.697,23.796999,23.997,26.3955,60.0,64.0,64.0,60.0,64.0,56.0,50.0,6,spring,59.71,23.82,23.747,58.0
1,2024-06-17 10:00:00+00:00,24.847,24.296999,23.997,23.697,24.647,24.947,26.8955,55.0,59.0,61.0,57.0,61.0,53.0,47.0,6,spring,56.14,24.76,24.697,53.0
1,2024-06-17 11:00:00+00:00,25.546999,25.046999,24.347,24.546999,25.147,25.546999,26.4955,52.0,55.0,58.0,55.0,58.0,50.0,46.0,6,spring,53.43,25.24,25.247,51.0
1,2024-06-17 12:00:00+00:00,26.147,24.697,26.447,25.697,23.247,25.397,27.3955,49.0,55.0,48.0,51.0,65.0,53.0,41.0,6,spring,51.71,25.58,25.647,51.0
1,2024-06-17 13:00:00+00:00,26.296999,24.697,26.447,25.747,23.546999,25.447,26.2455,48.0,55.0,47.0,51.0,64.0,52.0,48.0,6,spring,52.14,25.49,25.796999,51.0
1,2024-06-17 14:00:00+00:00,25.847,24.546999,26.296999,25.347,23.597,25.197,24.3955,49.0,55.0,47.0,52.0,65.0,52.0,60.0,6,spring,54.29,25.03,25.546999,49.0
1,2024-06-17 15:00:00+00:00,24.747,23.897,24.747,24.497,23.247,24.447,22.4955,54.0,58.0,54.0,56.0,67.0,55.0,70.0,6,spring,59.14,24.01,24.697,53.0
1,2024-06-17 16:00:00+00:00,22.597,22.447,21.147,22.997,22.197,22.796999,20.595499,64.0,67.0,72.0,64.0,73.0,63.0,78.0,6,spring,68.71,22.11,22.796999,61.0
1,2024-06-17 17:00:00+00:00,20.397,20.897,20.147,21.046999,20.647,20.697,18.6455,77.0,75.0,78.0,74.0,81.0,75.0,85.0,6,spring,77.86,20.35,21.847,63.0
1,2024-06-17 18:00:00+00:00,19.647,19.897,19.597,20.397,19.397,19.046999,16.7955,80.0,77.0,79.0,63.0,87.0,84.0,95.0,6,spring,80.71,19.25,19.847,75.0
1,2024-06-17 19:00:00+00:00,19.147,19.147,18.597,19.296999,18.647,18.347,16.345499,81.0,82.0,82.0,69.0,89.0,88.0,97.0,6,spring,84.0,18.5,18.997,78.0
1,2024-06-17 20:00:00+00:00,18.647,18.747,17.897,18.447,18.097,18.097,16.4455,84.0,80.0,78.0,75.0,88.0,90.0,95.0,6,spring,84.29,18.05,18.597,79.0
1,2024-06-17 21:00:00+00:00,18.147,17.997,17.247,17.697,17.597,17.847,16.3955,86.0,79.0,76.0,80.0,88.0,92.0,94.0,6,spring,85.0,17.56,18.447,82.0
1,2024-06-17 22:00:00+00:00,17.796999,17.597,16.497,16.947,17.097,17.397,15.8455,89.0,79.0,77.0,83.0,88.0,95.0,94.0,6,spring,86.43,17.03,17.747,85.0
1,2024-06-17 23:00:00+00:00,17.546999,17.197,15.747,16.247,16.597,16.947,15.0955,91.0,82.0,81.0,85.0,89.0,97.0,94.0,6,spring,88.43,16.48,16.497,91.0
1,2024-06-18 00:00:00+00:00,14.747,16.897,15.297,14.997,16.197,17.347,16.3955,86.0,91.0,84.0,88.0,91.0,98.0,82.0,6,spring,88.57,15.98,14.997,95.0
1,2024-06-18 01:00:00+00:00,14.347,16.447,14.197,14.497,15.347,16.747,15.7455,85.0,87.0,89.0,89.0,90.0,97.0,83.0,6,spring,88.57,15.33,13.997,94.0
1,2024-06-18 02:00:00+00:00,13.947,16.197,13.597,14.197,14.547,16.097,15.0955,85.0,80.0,90.0,89.0,89.0,95.0,83.0,6,spring,87.29,14.81,13.297,91.0
1,2024-06-18 03:00:00+00:00,13.497,15.997,12.947,14.447,14.447,15.947,14.8955,85.0,79.0,90.0,87.0,87.0,92.0,82.0,6,spring,86.0,14.6,12.747,88.0
1,2024-06-18 04:00:00+00:00,13.047,15.646999,12.597,15.497,15.447,16.546999,15.2955,85.0,82.0,89.0,83.0,83.0,88.0,80.0,6,spring,84.29,14.87,12.396999,87.0
1,2024-06-18 05:00:00+00:00,14.747,16.597,14.347,17.097,17.197,17.647,16.1455,82.0,82.0,87.0,77.0,78.0,84.0,77.0,6,spring,81.0,16.25,14.197,85.0
1,2024-06-18 06:00:00+00:00,18.296999,18.747,19.046999,18.497,19.046999,18.796999,18.595499,68.0,70.0,69.0,72.0,73.0,79.0,70.0,6,spring,71.57,18.72,18.147,69.0
1,2024-06-18 07:00:00+00:00,20.847,20.697,20.847,20.597,20.997,19.997,21.3955,58.0,61.0,62.0,66.0,67.0,74.0,61.0,6,spring,64.14,20.77,20.647,59.0
1,2024-06-18 08:00:00+00:00,23.046999,22.647,22.747,22.847,23.097,21.347,24.5455,54.0,58.0,59.0,59.0,61.0,68.0,51.0,6,spring,58.57,22.9,22.796999,55.0
1,2024-06-18 09:00:00+00:00,24.897,24.447,24.447,24.597,24.796999,22.497,26.7955,48.0,54.0,55.0,54.0,55.0,64.0,44.0,6,spring,53.43,24.64,24.647,50.0
1,2024-06-18 10:00:00+00:00,25.947,25.546999,25.597,25.647,25.897,23.447,27.7955,45.0,50.0,50.0,50.0,50.0,61.0,40.0,6,spring,49.43,25.7,25.796999,46.0
1,2024-06-18 11:00:00+00:00,26.397,25.997,26.147,26.197,26.597,24.296999,27.9455,42.0,47.0,47.0,47.0,46.0,58.0,38.0,6,spring,46.43,26.23,26.447,44.0
1,2024-06-18 12:00:00+00:00,26.447,25.897,26.296999,26.847,27.397,25.847,26.7955,43.0,48.0,45.0,41.0,42.0,51.0,40.0,6,spring,44.29,26.5,26.397,43.0
1,2024-06-18 13:00:00+00:00,26.447,25.997,26.347,26.947,27.397,25.796999,24.9455,43.0,48.0,45.0,41.0,42.0,51.0,48.0,6,spring,45.43,26.27,26.397,43.0
1,2024-06-18 14:00:00+00:00,26.147,25.796999,25.947,26.747,27.046999,25.347,21.9455,45.0,48.0,45.0,43.0,43.0,54.0,60.0,6,spring,48.29,25.57,26.147,43.0
1,2024-06-18 15:00:00+00:00,25.296999,24.796999,24.847,25.997,26.247,24.647,19.4955,47.0,54.0,51.0,45.0,45.0,57.0,71.0,6,spring,52.86,24.48,25.046999,48.0
1,2024-06-18 16:00:00+00:00,23.847,23.497,22.897,24.347,24.647,23.546999,18.2955,55.0,60.0,59.0,47.0,48.0,63.0,78.0,6,spring,58.57,23.01,22.546999,58.0
1,2024-06-18 17:00:00+00:00,21.397,21.046999,20.897,22.247,22.597,22.197,17.6955,65.0,72.0,71.0,50.0,53.0,69.0,83.0,6,spring,66.14,21.15,20.647,56.0
1,2024-06-18 18:00:00+00:00,20.397,21.147,20.947,20.347,20.747,20.847,17.1955,50.0,53.0,64.0,54.0,58.0,75.0,89.0,6,spring,63.29,20.23,19.597,57.0
1,2024-06-18 19:00:00+00:00,19.397,19.847,19.747,19.247,19.447,19.597,16.4955,51.0,54.0,62.0,54.0,65.0,78.0,91.0,6,spring,65.0,19.11,18.947,55.0
1,2024-06-18 20:00:00+00:00,18.697,18.997,18.897,18.546999,18.397,18.397,15.5455,55.0,56.0,61.0,53.0,72.0,80.0,93.0,6,spring,67.14,18.21,17.997,59.0
1,2024-06-18 21:00:00+00:00,18.247,18.397,18.247,17.897,17.347,17.447,14.7955,60.0,61.0,61.0,53.0,78.0,81.0,94.0,6,spring,69.71,17.48,17.147,68.0
1,2024-06-18 22:00:00+00:00,17.647,17.796999,17.647,17.397,16.247,16.847,14.3955,65.0,65.0,67.0,56.0,81.0,81.0,93.0,6,spring,72.57,16.85,16.447,75.0
1,2024-06-18 23:00:00+00:00,16.997,16.997,17.097,16.997,15.197,16.447,14.2455,68.0,70.0,73.0,61.0,82.0,80.0,92.0,6,spring,75.14,16.28,15.747,76.0
1,2024-06-19 00:00:00+00:00,15.497,17.397,16.047,16.347,17.296999,15.847,14.695499,76.0,64.0,78.0,76.0,63.0,79.0,82.0,6,spring,74.0,16.16,16.197,75.0
1,2024-06-19 01:00:00+00:00,14.997,16.546999,15.347,15.347,16.347,14.896999,13.8955,77.0,70.0,79.0,79.0,66.0,81.0,85.0,6,spring,76.71,15.34,15.747,79.0
1,2024-06-19 02:00:00+00:00,14.447,15.797,14.797,14.297,15.197,14.047,13.2955,80.0,76.0,78.0,81.0,71.0,83.0,87.0,6,spring,79.43,14.55,15.347,83.0
1,2024-06-19 03:00:00+00:00,14.047,15.247,14.297,14.047,14.797,13.947,13.4955,85.0,81.0,79.0,81.0,73.0,83.0,87.0,6,spring,81.29,14.27,15.347,84.0
1,2024-06-19 04:00:00+00:00,13.847,14.697,13.947,15.146999,15.597,15.047,14.8455,88.0,85.0,84.0,79.0,73.0,80.0,82.0,6,spring,81.57,14.73,15.197,86.0
1,2024-06-19 05:00:00+00:00,15.646999,16.447,15.697,17.046999,17.147,16.897,17.0455,85.0,83.0,85.0,76.0,71.0,75.0,74.0,6,spring,78.43,16.56,16.647,85.0
1,2024-06-19 06:00:00+00:00,19.296999,19.397,19.197,18.997,18.947,18.947,19.2955,72.0,69.0,72.0,71.0,67.0,69.0,69.0,6,spring,69.86,19.15,19.296999,74.0
1,2024-06-19 07:00:00+00:00,21.647,21.697,21.447,20.897,21.097,21.197,21.8955,62.0,60.0,62.0,65.0,61.0,63.0,60.0,6,spring,61.86,21.41,21.447,64.0
1,2024-06-19 08:00:00+00:00,23.796999,23.897,23.497,22.897,23.497,23.597,24.6955,55.0,54.0,57.0,59.0,52.0,56.0,51.0,6,spring,54.86,23.7,23.397,57.0
1,2024-06-19 09:00:00+00:00,25.447,25.647,25.197,24.497,25.397,25.497,26.7955,49.0,49.0,51.0,54.0,46.0,50.0,43.0,6,spring,48.86,25.5,24.947,51.0
1,2024-06-19 10:00:00+00:00,26.247,26.397,25.847,25.497,26.447,26.597,27.9955,45.0,44.0,48.0,50.0,43.0,45.0,38.0,6,spring,44.71,26.43,25.697,46.0
1,2024-06-19 11:00:00+00:00,26.647,27.247,26.397,26.097,26.997,27.197,28.4955,42.0,41.0,46.0,47.0,41.0,42.0,35.0,6,spring,42.0,27.01,26.097,42.0
1,2024-06-19 12:00:00+00:00,26.046999,27.147,27.296999,26.847,27.147,27.347,27.1955,43.0,42.0,41.0,45.0,39.0,40.0,39.0,6,spring,41.29,27.0,26.697,40.0
1,2024-06-19 13:00:00+00:00,25.697,26.897,27.247,26.747,27.046999,27.247,25.9455,43.0,42.0,41.0,45.0,40.0,41.0,44.0,6,spring,42.29,26.69,26.247,41.0
1,2024-06-19 14:00:00+00:00,25.296999,26.197,26.497,26.296999,26.597,26.747,24.0455,43.0,43.0,42.0,47.0,44.0,43.0,51.0,6,spring,44.71,25.95,25.747,41.0
1,2024-06-19 15:00:00+00:00,24.097,24.847,24.747,25.397,25.697,25.747,22.1955,47.0,46.0,51.0,49.0,47.0,46.0,58.0,6,spring,49.14,24.68,24.397,47.0
1,2024-06-19 16:00:00+00:00,21.397,22.447,22.597,23.897,24.046999,23.947,20.4955,57.0,51.0,52.0,53.0,50.0,49.0,64.0,6,spring,53.71,22.69,21.546999,56.0
1,2024-06-19 17:00:00+00:00,19.847,20.697,20.947,21.947,21.997,21.697,18.845499,61.0,56.0,55.0,57.0,52.0,53.0,69.0,6,spring,57.57,20.85,19.546999,63.0
1,2024-06-19 18:00:00+00:00,18.347,19.647,19.296999,19.497,20.296999,19.747,17.2955,69.0,61.0,62.0,62.0,55.0,57.0,71.0,6,spring,62.43,19.16,18.497,70.0
1,2024-06-19 19:00:00+00:00,17.397,18.847,18.546999,18.247,19.347,18.447,16.2455,73.0,66.0,66.0,67.0,58.0,62.0,76.0,6,spring,66.86,18.15,17.497,75.0
1,2024-06-19 20:00:00+00:00,16.697,18.097,17.796999,17.296999,18.747,17.546999,15.4955,76.0,69.0,70.0,71.0,62.0,67.0,82.0,6,spring,71.0,17.38,16.947,78.0
1,2024-06-19 21:00:00+00:00,16.546999,17.497,17.147,16.497,18.097,16.747,14.8955,76.0,71.0,72.0,75.0,66.0,72.0,86.0,6,spring,74.0,16.78,16.546999,81.0
1,2024-06-19 22:00:00+00:00,16.347,16.897,16.697,15.797,17.197,16.097,14.445499,80.0,73.0,73.0,77.0,70.0,75.0,89.0,6,spring,76.71,16.21,16.197,85.0
1,2024-06-19 23:00:00+00:00,16.097,16.647,16.847,15.197,16.296999,15.646999,14.195499,84.0,74.0,72.0,79.0,75.0,77.0,90.0,6,spring,78.71,15.85,15.997,88.0
1,2024-06-20 00:00:00+00:00,16.497,15.947,16.647,15.447,15.597,15.297,14.0955,86.0,81.0,78.0,78.0,79.0,79.0,86.0,6,spring,81.0,15.65,15.697,90.0
1,2024-06-20 01:00:00+00:00,16.897,15.497,16.397,14.997,15.047,14.797,13.3955,84.0,85.0,81.0,82.0,83.0,84.0,91.0,6,spring,84.29,15.29,15.447,91.0
1,2024-06-20 02:00:00+00:00,17.447,15.297,15.997,14.597,14.547,14.396999,12.9955,81.0,86.0,83.0,86.0,88.0,89.0,95.0,6,spring,86.86,15.04,15.247,91.0
1,2024-06-20 03:00:00+00:00,17.497,15.097,15.396999,14.847,14.697,14.697,13.3955,80.0,87.0,87.0,88.0,90.0,90.0,95.0,6,spring,88.14,15.09,15.097,91.0
1,2024-06-20 04:00:00+00:00,17.397,14.847,15.047,16.047,15.947,16.047,14.8955,80.0,88.0,89.0,85.0,87.0,86.0,89.0,6,spring,86.29,15.75,15.247,90.0
1,2024-06-20 05:00:00+00:00,17.997,16.847,16.997,17.847,17.897,18.046999,17.1455,80.0,84.0,83.0,79.0,80.0,79.0,78.0,6,spring,80.43,17.54,17.347,82.0
1,2024-06-20 06:00:00+00:00,20.097,20.147,20.247,19.597,19.847,19.997,19.2955,72.0,72.0,70.0,73.0,73.0,71.0,70.0,6,spring,71.57,19.89,19.597,72.0
1,2024-06-20 07:00:00+00:00,22.147,22.347,22.497,21.497,21.697,21.847,21.7455,62.0,62.0,60.0,66.0,66.0,64.0,60.0,6,spring,62.86,21.97,21.796999,62.0
1,2024-06-20 08:00:00+00:00,23.397,23.647,24.197,23.497,23.546999,23.647,24.2955,57.0,56.0,53.0,58.0,58.0,56.0,50.0,6,spring,55.43,23.75,23.347,56.0
1,2024-06-20 09:00:00+00:00,24.197,24.447,25.597,25.097,25.046999,25.097,25.9955,53.0,53.0,48.0,51.0,51.0,50.0,44.0,6,spring,50.0,25.07,24.796999,51.0
1,2024-06-20 10:00:00+00:00,24.546999,24.397,26.296999,26.197,25.997,26.097,26.3955,50.0,53.0,44.0,46.0,47.0,45.0,43.0,6,spring,46.86,25.7,25.197,48.0
1,2024-06-20 11:00:00+00:00,24.597,24.697,26.847,26.897,26.546999,26.747,25.9455,50.0,50.0,41.0,41.0,44.0,41.0,45.0,6,spring,44.57,26.04,25.697,45.0
1,2024-06-20 12:00:00+00:00,24.697,25.796999,26.147,26.796999,26.247,26.796999,23.2955,48.0,47.0,44.0,41.0,45.0,42.0,58.0,6,spring,46.43,25.68,25.947,44.0
1,2024-06-20 13:00:00+00:00,24.046999,25.097,25.697,26.447,26.097,26.697,23.0455,49.0,47.0,46.0,42.0,44.0,41.0,60.0,6,spring,47.0,25.3,25.597,45.0
1,2024-06-20 14:00:00+00:00,24.347,24.447,24.497,25.697,25.647,26.247,23.095499,50.0,50.0,48.0,45.0,44.0,42.0,61.0,6,spring,48.57,24.85,24.897,47.0
1,2024-06-20 15:00:00+00:00,23.347,23.397,23.046999,24.597,24.697,25.247,22.6955,52.0,53.0,52.0,49.0,47.0,45.0,63.0,6,spring,51.57,23.86,23.447,53.0
1,2024-06-20 16:00:00+00:00,21.097,21.147,21.447,22.897,22.796999,23.197,21.2955,61.0,62.0,60.0,55.0,54.0,52.0,66.0,6,spring,58.57,21.98,21.097,62.0
1,2024-06-20 17:00:00+00:00,19.296999,19.447,19.997,20.847,20.347,20.597,19.4455,70.0,71.0,66.0,62.0,63.0,61.0,69.0,6,spring,66.0,20.0,19.197,70.0
1,2024-06-20 18:00:00+00:00,18.247,18.546999,18.647,20.296999,18.397,18.546999,17.9955,75.0,74.0,74.0,66.0,70.0,69.0,75.0,6,spring,71.86,18.67,17.997,76.0
1,2024-06-20 19:00:00+00:00,17.546999,17.847,18.046999,19.397,17.347,17.497,16.8955,78.0,77.0,77.0,70.0,74.0,73.0,79.0,6,spring,75.43,17.8,17.597,77.0
1,2024-06-20 20:00:00+00:00,16.997,17.046999,17.597,18.747,16.796999,16.997,15.945499,81.0,83.0,80.0,72.0,76.0,75.0,83.0,6,spring,78.57,17.16,17.247,78.0
1,2024-06-20 21:00:00+00:00,16.546999,16.647,17.447,18.147,16.347,16.597,15.195499,83.0,85.0,81.0,75.0,78.0,77.0,86.0,6,spring,80.71,16.7,16.747,80.0
1,2024-06-20 22:00:00+00:00,15.997,16.397,17.046999,17.647,15.997,16.097,14.6455,85.0,85.0,82.0,78.0,81.0,81.0,89.0,6,spring,83.0,16.26,16.247,82.0
1,2024-06-20 23:00:00+00:00,15.497,16.047,16.647,17.247,15.797,15.697,14.2955,88.0,85.0,84.0,80.0,85.0,85.0,91.0,6,spring,85.43,15.89,15.697,85.0
1,2024-06-21 00:00:00+00:00,15.297,15.047,15.997,15.997,15.847,15.247,14.0955,87.0,90.0,86.0,87.0,88.0,90.0,91.0,6,summer,88.43,15.36,14.947,89.0
1,2024-06-21 01:00:00+00:00,15.047,14.697,15.447,15.597,15.396999,14.797,13.4955,87.0,91.0,87.0,89.0,90.0,92.0,93.0,6,summer,89.86,14.93,14.547,91.0
1,2024-06-21 02:00:00+00:00,14.847,14.497,14.997,15.247,14.997,14.447,12.945499,86.0,92.0,89.0,91.0,91.0,92.0,95.0,6,summer,90.86,14.57,14.247,92.0
1,2024-06-21 03:00:00+00:00,14.597,14.447,14.646999,15.497,15.247,14.747,13.195499,88.0,92.0,90.0,91.0,90.0,91.0,94.0,6,summer,90.86,14.63,14.047,92.0
1,2024-06-21 04:00:00+00:00,14.497,14.396999,14.347,16.796999,16.447,16.097,14.695499,89.0,92.0,91.0,86.0,86.0,87.0,88.0,6,summer,88.43,15.33,13.947,91.0
1,2024-06-21 05:00:00+00:00,16.597,16.397,16.447,18.697,18.247,18.147,16.9955,84.0,88.0,86.0,79.0,81.0,81.0,79.0,6,summer,82.57,17.36,15.997,86.0
1,2024-06-21 06:00:00+00:00,19.947,19.847,19.997,20.597,20.147,20.147,19.3955,71.0,73.0,72.0,71.0,74.0,74.0,70.0,6,summer,72.14,20.01,19.647,72.0
1,2024-06-21 07:00:00+00:00,21.897,21.647,22.247,22.247,22.197,22.046999,21.6955,60.0,61.0,59.0,64.0,66.0,66.0,61.0,6,summer,62.43,22.0,21.897,61.0
1,2024-06-21 08:00:00+00:00,23.447,23.046999,23.647,23.796999,24.347,23.897,24.1455,55.0,56.0,53.0,56.0,56.0,57.0,52.0,6,summer,55.0,23.76,23.347,56.0
1,2024-06-21 09:00:00+00:00,24.747,24.097,24.647,25.046999,25.947,25.247,25.7955,51.0,52.0,50.0,50.0,49.0,50.0,46.0,6,summer,49.71,25.08,24.497,51.0
1,2024-06-21 10:00:00+00:00,25.697,25.097,25.147,25.796999,26.697,25.947,26.2455,48.0,49.0,49.0,47.0,45.0,47.0,44.0,6,summer,47.0,25.8,25.296999,48.0
1,2024-06-21 11:00:00+00:00,26.097,25.796999,25.897,26.147,26.947,26.147,25.9455,46.0,46.0,46.0,46.0,44.0,46.0,45.0,6,summer,45.57,26.14,25.497,46.0
1,2024-06-21 12:00:00+00:00,25.697,26.247,26.147,25.796999,26.247,25.997,26.3955,46.0,43.0,44.0,46.0,48.0,47.0,45.0,6,summer,45.57,26.08,25.247,47.0
1,2024-06-21 13:00:00+00:00,25.597,25.897,25.747,25.597,25.897,25.647,25.345499,46.0,43.0,45.0,45.0,48.0,48.0,50.0,6,summer,46.43,25.68,25.097,47.0
1,2024-06-21 14:00:00+00:00,24.847,24.997,24.847,25.046999,25.147,24.997,23.6455,47.0,45.0,47.0,46.0,49.0,50.0,58.0,6,summer,48.86,24.79,24.397,49.0
1,2024-06-21 15:00:00+00:00,23.397,23.647,23.397,23.997,24.046999,23.997,21.9955,50.0,47.0,51.0,48.0,52.0,53.0,66.0,6,summer,52.43,23.5,23.046999,52.0
1,2024-06-21 16:00:00+00:00,20.947,20.997,20.947,22.197,22.397,22.347,20.4455,57.0,56.0,57.0,54.0,57.0,59.0,72.0,6,summer,58.86,21.47,20.597,60.0
1,2024-06-21 17:00:00+00:00,19.097,19.046999,18.897,19.947,20.397,20.296999,18.8955,63.0,64.0,64.0,62.0,63.0,67.0,78.0,6,summer,65.86,19.51,18.647,67.0
1,2024-06-21 18:00:00+00:00,18.097,17.947,17.796999,17.697,18.796999,18.697,17.4955,65.0,67.0,67.0,66.0,68.0,73.0,89.0,6,summer,70.71,18.08,17.647,71.0
1,2024-06-21 19:00:00+00:00,17.546999,17.347,17.147,16.796999,17.997,17.847,16.7455,65.0,68.0,69.0,69.0,70.0,77.0,92.0,6,summer,72.86,17.35,16.697,74.0
1,2024-06-21 20:00:00+00:00,16.947,16.597,16.647,16.347,17.597,17.447,16.2455,68.0,72.0,74.0,71.0,70.0,79.0,92.0,6,summer,75.14,16.83,15.997,77.0
1,2024-06-21 21:00:00+00:00,16.397,15.896999,16.247,15.896999,17.247,17.046999,15.7955,73.0,77.0,74.0,73.0,70.0,81.0,92.0,6,summer,77.14,16.36,15.646999,78.0
1,2024-06-21 22:00:00+00:00,15.997,15.396999,15.797,15.297,16.747,16.546999,15.3455,75.0,80.0,74.0,75.0,72.0,82.0,93.0,6,summer,78.71,15.88,15.396999,80.0
1,2024-06-21 23:00:00+00:00,15.447,14.847,15.396999,14.747,16.247,16.097,14.945499,76.0,82.0,77.0,77.0,74.0,83.0,93.0,6,summer,80.29,15.39,15.097,81.0
1,2024-06-22 00:00:00+00:00,14.396999,14.396999,14.347,14.947,14.697,15.547,13.9955,82.0,83.0,83.0,80.0,79.0,84.0,95.0,6,summer,83.71,14.62,14.447,83.0
1,2024-06-22 01:00:00+00:00,14.097,14.047,14.047,14.396999,14.197,14.947,13.6455,83.0,86.0,85.0,83.0,80.0,85.0,96.0,6,summer,85.43,14.2,13.997,84.0
1,2024-06-22 02:00:00+00:00,14.197,13.847,13.847,13.797,13.797,14.447,13.3955,83.0,86.0,86.0,86.0,81.0,86.0,98.0,6,summer,86.57,13.9,13.597,85.0
1,2024-06-22 03:00:00+00:00,14.247,13.896999,13.646999,13.896999,13.997,14.497,13.7955,83.0,85.0,87.0,86.0,80.0,85.0,96.0,6,summer,86.0,14.0,13.347,86.0
1,2024-06-22 04:00:00+00:00,13.747,13.697,13.547,14.997,15.097,15.547,15.2455,86.0,86.0,88.0,82.0,76.0,81.0,90.0,6,summer,84.14,14.55,13.297,87.0
1,2024-06-22 05:00:00+00:00,15.547,15.646999,15.646999,16.747,16.847,17.197,17.345499,82.0,82.0,83.0,76.0,71.0,74.0,80.0,6,summer,78.29,16.43,15.297,83.0
1,2024-06-22 06:00:00+00:00,18.046999,18.296999,18.697,18.497,18.796999,19.046999,19.095499,72.0,70.0,71.0,69.0,65.0,68.0,71.0,6,summer,69.43,18.64,18.397,71.0
1,2024-06-22 07:00:00+00:00,20.247,20.046999,20.897,20.397,21.097,21.097,21.2955,65.0,63.0,61.0,63.0,59.0,62.0,63.0,6,summer,62.29,20.73,20.497,65.0
1,2024-06-22 08:00:00+00:00,22.597,22.046999,22.897,22.397,23.597,23.347,23.5455,58.0,58.0,56.0,56.0,52.0,56.0,56.0,6,summer,56.0,22.92,22.647,59.0
1,2024-06-22 09:00:00+00:00,24.546999,23.897,24.447,24.097,25.546999,25.097,25.2955,53.0,53.0,51.0,51.0,47.0,51.0,50.0,6,summer,50.86,24.7,24.347,54.0
1,2024-06-22 10:00:00+00:00,25.597,25.497,25.247,25.347,26.697,26.147,26.5455,48.0,49.0,48.0,47.0,43.0,48.0,45.0,6,summer,46.86,25.87,25.147,51.0
1,2024-06-22 11:00:00+00:00,26.296999,25.947,25.997,26.197,27.296999,26.697,27.2455,46.0,46.0,46.0,45.0,41.0,46.0,42.0,6,summer,44.57,26.53,25.647,48.0
1,2024-06-22 12:00:00+00:00,26.546999,26.447,26.647,26.697,27.097,26.697,27.6955,44.0,45.0,44.0,44.0,43.0,43.0,41.0,6,summer,43.43,26.83,26.046999,45.0
1,2024-06-22 13:00:00+00:00,26.546999,26.597,26.847,26.597,26.947,26.247,25.1455,44.0,45.0,43.0,44.0,43.0,43.0,53.0,6,summer,45.0,26.42,26.046999,45.0
1,2024-06-22 14:00:00+00:00,26.247,26.247,26.747,25.947,26.397,25.296999,21.2455,44.0,43.0,42.0,45.0,45.0,44.0,70.0,6,summer,47.57,25.45,25.647,46.0
1,2024-06-22 15:00:00+00:00,25.497,24.697,25.347,24.847,25.347,23.997,18.2955,46.0,47.0,45.0,47.0,47.0,47.0,83.0,6,summer,51.71,24.0,24.847,47.0
1,2024-06-22 16:00:00+00:00,22.697,22.247,22.447,23.046999,23.497,22.197,17.1455,57.0,52.0,50.0,51.0,51.0,52.0,88.0,6,summer,57.29,21.9,22.147,57.0
1,2024-06-22 17:00:00+00:00,20.897,20.397,20.247,20.747,21.147,20.147,16.8955,63.0,56.0,56.0,56.0,55.0,59.0,90.0,6,summer,62.14,20.07,20.247,60.0
1,2024-06-22 18:00:00+00:00,19.347,18.997,18.097,18.796999,19.397,18.497,17.3955,79.0,62.0,61.0,61.0,59.0,64.0,87.0,6,summer,67.57,18.65,19.097,66.0
1,2024-06-22 19:00:00+00:00,17.947,17.847,17.097,18.046999,18.747,17.747,17.1955,82.0,64.0,66.0,63.0,60.0,66.0,86.0,6,summer,69.57,17.8,18.197,69.0
1,2024-06-22 20:00:00+00:00,16.697,16.847,16.296999,17.697,18.697,17.447,16.9455,82.0,68.0,69.0,64.0,61.0,66.0,85.0,6,summer,70.71,17.23,17.097,73.0
1,2024-06-22 21:00:00+00:00,15.747,16.147,15.947,17.347,18.546999,17.147,16.595499,81.0,71.0,71.0,65.0,61.0,66.0,84.0,6,summer,71.29,16.78,16.047,75.0
1,2024-06-22 22:00:00+00:00,15.047,15.747,15.597,16.897,18.097,16.697,16.2455,80.0,73.0,73.0,66.0,62.0,67.0,83.0,6,summer,72.0,16.33,15.197,76.0
1,2024-06-22 23:00:00+00:00,14.646999,15.646999,15.297,16.447,17.546999,16.247,15.8955,80.0,73.0,74.0,67.0,63.0,68.0,83.0,6,summer,72.57,15.96,14.646999,76.0
1,2024-06-23 00:00:00+00:00,14.896999,14.497,14.847,15.697,16.597,16.197,15.3955,76.0,79.0,73.0,72.0,67.0,69.0,89.0,6,summer,75.0,15.45,14.847,77.0
1,2024-06-23 01:00:00+00:00,14.847,14.097,14.297,14.747,15.947,15.797,14.5455,76.0,80.0,76.0,77.0,69.0,70.0,91.0,6,summer,77.0,14.9,14.646999,79.0
1,2024-06-23 02:00:00+00:00,14.497,13.947,13.697,13.697,15.347,15.497,13.445499,77.0,80.0,80.0,82.0,71.0,70.0,93.0,6,summer,79.0,14.3,14.297,81.0
1,2024-06-23 03:00:00+00:00,14.146999,14.047,13.297,13.447,15.247,15.646999,13.195499,78.0,80.0,83.0,84.0,72.0,70.0,92.0,6,summer,79.86,14.15,13.797,83.0
1,2024-06-23 04:00:00+00:00,13.797,14.497,13.047,14.597,15.997,16.397,14.2455,80.0,78.0,84.0,81.0,71.0,69.0,87.0,6,summer,78.57,14.65,13.896999,82.0
1,2024-06-23 05:00:00+00:00,15.447,16.047,15.097,16.546999,17.296999,17.546999,16.095499,79.0,75.0,81.0,75.0,68.0,66.0,80.0,6,summer,74.86,16.3,15.646999,80.0
1,2024-06-23 06:00:00+00:00,18.647,18.597,18.647,18.796999,18.847,19.046999,18.9955,67.0,66.0,66.0,65.0,64.0,63.0,67.0,6,summer,65.43,18.8,18.296999,68.0
1,2024-06-23 07:00:00+00:00,20.597,20.597,20.897,20.897,20.796999,21.046999,21.6455,61.0,59.0,58.0,60.0,59.0,58.0,59.0,6,summer,59.14,20.93,20.147,63.0
1,2024-06-23 08:00:00+00:00,22.597,22.847,23.097,23.147,22.997,23.347,24.5455,56.0,54.0,53.0,55.0,52.0,52.0,50.0,6,summer,53.14,23.23,22.147,59.0
1,2024-06-23 09:00:00+00:00,24.397,24.647,24.897,24.847,24.747,25.097,26.6955,53.0,49.0,49.0,51.0,47.0,47.0,44.0,6,summer,48.57,25.05,23.997,54.0
1,2024-06-23 10:00:00+00:00,25.296999,25.847,25.947,25.796999,25.747,25.997,27.8955,48.0,46.0,46.0,48.0,44.0,45.0,39.0,6,summer,45.14,26.08,24.947,48.0
1,2024-06-23 11:00:00+00:00,26.147,26.296999,26.447,26.296999,26.347,26.397,28.345499,44.0,44.0,43.0,45.0,42.0,43.0,37.0,6,summer,42.57,26.61,25.697,45.0
1,2024-06-23 12:00:00+00:00,26.697,26.697,26.847,26.147,25.796999,26.447,26.095499,41.0,43.0,41.0,45.0,44.0,43.0,43.0,6,summer,42.86,26.39,25.647,44.0
1,2024-06-23 13:00:00+00:00,26.397,26.697,26.796999,25.947,25.546999,26.046999,24.4955,41.0,42.0,41.0,45.0,43.0,44.0,50.0,6,summer,43.71,25.99,25.697,45.0
1,2024-06-23 14:00:00+00:00,25.796999,26.147,26.447,25.347,24.897,25.197,22.345499,42.0,42.0,41.0,45.0,43.0,45.0,60.0,6,summer,45.43,25.17,25.447,44.0
1,2024-06-23 15:00:00+00:00,24.197,24.497,25.046999,24.296999,23.796999,23.947,20.595499,46.0,47.0,45.0,47.0,45.0,48.0,67.0,6,summer,49.29,23.77,24.097,48.0
1,2024-06-23 16:00:00+00:00,21.897,21.796999,22.197,22.447,21.897,22.097,19.845499,52.0,52.0,53.0,52.0,50.0,53.0,68.0,6,summer,54.29,21.74,21.546999,55.0
1,2024-06-23 17:00:00+00:00,19.796999,19.796999,19.897,20.147,19.546999,19.947,19.5455,58.0,57.0,59.0,59.0,56.0,58.0,65.0,6,summer,58.86,19.81,19.597,59.0
1,2024-06-23 18:00:00+00:00,18.546999,18.046999,18.296999,18.347,17.597,18.197,16.7955,63.0,63.0,60.0,64.0,62.0,63.0,84.0,6,summer,65.57,17.98,18.046999,66.0
1,2024-06-23 19:00:00+00:00,18.046999,17.046999,17.197,17.296999,16.447,17.347,16.6955,65.0,66.0,64.0,67.0,65.0,66.0,84.0,6,summer,68.14,17.15,17.347,68.0
1,2024-06-23 20:00:00+00:00,17.747,16.097,16.397,16.747,15.747,16.997,16.7455,66.0,71.0,68.0,69.0,67.0,68.0,83.0,6,summer,70.29,16.64,16.597,70.0
1,2024-06-23 21:00:00+00:00,17.296999,15.497,15.847,16.296999,15.146999,16.546999,16.7955,67.0,73.0,71.0,70.0,69.0,70.0,82.0,6,summer,71.71,16.2,15.747,72.0
1,2024-06-23 22:00:00+00:00,16.647,14.997,15.247,15.797,14.597,15.847,16.7455,69.0,74.0,75.0,72.0,71.0,72.0,81.0,6,summer,73.43,15.7,15.047,73.0
1,2024-06-23 23:00:00+00:00,15.947,14.597,14.597,15.347,14.247,15.097,16.6955,72.0,74.0,78.0,73.0,74.0,74.0,79.0,6,summer,74.86,15.22,14.597,75.0
1,2024-06-24 00:00:00+00:00,14.747,13.646999,14.646999,15.197,14.396999,14.997,13.4955,76.0,79.0,78.0,73.0,73.0,70.0,88.0,6,summer,76.71,14.45,12.697,84.0
1,2024-06-24 01:00:00+00:00,14.047,13.497,14.447,14.396999,13.747,14.396999,12.9955,78.0,78.0,77.0,76.0,75.0,72.0,90.0,6,summer,78.0,13.93,11.997,87.0
1,2024-06-24 02:00:00+00:00,13.447,13.396999,13.997,13.547,13.146999,13.747,12.6455,79.0,78.0,78.0,79.0,77.0,74.0,91.0,6,summer,79.43,13.42,11.047,92.0
1,2024-06-24 03:00:00+00:00,12.797,13.197,13.447,13.396999,13.197,13.797,12.9955,81.0,79.0,80.0,79.0,77.0,74.0,89.0,6,summer,79.86,13.26,10.396999,94.0
1,2024-06-24 04:00:00+00:00,12.547,13.146999,13.097,14.297,14.347,14.847,14.2955,82.0,79.0,81.0,76.0,74.0,72.0,83.0,6,summer,78.14,13.8,10.047,94.0
1,2024-06-24 05:00:00+00:00,14.497,15.347,15.297,15.896999,16.147,16.497,16.2455,80.0,73.0,75.0,70.0,69.0,68.0,75.0,6,summer,72.86,15.7,12.697,87.0
1,2024-06-24 06:00:00+00:00,18.147,18.147,18.296999,18.147,18.097,18.347,18.8955,64.0,64.0,64.0,64.0,64.0,63.0,64.0,6,summer,63.86,18.3,17.347,71.0
1,2024-06-24 07:00:00+00:00,20.296999,20.397,20.597,20.296999,20.097,20.397,21.1455,59.0,58.0,56.0,58.0,58.0,57.0,56.0,6,summer,57.43,20.46,19.497,63.0
1,2024-06-24 08:00:00+00:00,22.647,22.796999,22.897,22.697,22.247,22.597,23.3955,54.0,52.0,49.0,51.0,52.0,51.0,48.0,6,summer,51.0,22.75,21.897,57.0
1,2024-06-24 09:00:00+00:00,24.647,24.697,24.647,24.546999,23.947,24.296999,25.095499,49.0,47.0,44.0,46.0,47.0,46.0,43.0,6,summer,46.0,24.55,23.947,52.0
1,2024-06-24 10:00:00+00:00,26.046999,26.097,25.947,25.647,25.097,25.296999,25.9955,45.0,44.0,40.0,43.0,44.0,43.0,41.0,6,summer,42.86,25.73,24.997,45.0
1,2024-06-24 11:00:00+00:00,26.546999,26.747,26.747,26.296999,25.847,25.796999,26.2455,42.0,41.0,39.0,41.0,42.0,42.0,41.0,6,summer,41.14,26.32,25.796999,42.0
1,2024-06-24 12:00:00+00:00,26.747,27.147,27.097,26.597,26.046999,26.347,25.3955,39.0,39.0,37.0,41.0,42.0,40.0,43.0,6,summer,40.14,26.48,25.647,43.0
1,2024-06-24 13:00:00+00:00,26.647,27.147,26.947,26.296999,25.847,26.097,24.095499,39.0,38.0,36.0,41.0,42.0,40.0,47.0,6,summer,40.43,26.15,25.546999,42.0
1,2024-06-24 14:00:00+00:00,26.296999,26.747,26.397,25.497,25.197,25.397,22.2455,39.0,36.0,36.0,41.0,43.0,41.0,54.0,6,summer,41.43,25.4,25.347,42.0
1,2024-06-24 15:00:00+00:00,25.147,25.347,24.796999,24.247,23.997,24.197,20.595499,43.0,41.0,41.0,43.0,45.0,44.0,59.0,6,summer,45.14,24.05,23.947,49.0
1,2024-06-24 16:00:00+00:00,21.847,22.097,21.447,22.247,21.947,22.197,19.6455,55.0,50.0,45.0,47.0,48.0,48.0,62.0,6,summer,50.71,21.63,20.747,60.0
1,2024-06-24 17:00:00+00:00,19.747,19.546999,18.847,19.747,19.397,19.647,18.9455,58.0,56.0,55.0,53.0,51.0,54.0,63.0,6,summer,55.71,19.41,18.497,64.0
1,2024-06-24 18:00:00+00:00,17.897,17.897,17.397,17.647,17.296999,17.546999,18.095499,63.0,60.0,61.0,58.0,55.0,59.0,71.0,6,summer,61.0,17.68,17.697,67.0
1,2024-06-24 19:00:00+00:00,17.097,16.897,16.247,16.197,16.147,16.296999,17.595499,67.0,61.0,65.0,63.0,59.0,63.0,71.0,6,summer,64.14,16.64,16.897,69.0
1,2024-06-24 20:00:00+00:00,16.097,15.597,15.097,15.097,15.547,15.497,17.0455,70.0,65.0,68.0,67.0,63.0,67.0,72.0,6,summer,67.43,15.71,15.947,72.0
1,2024-06-24 21:00:00+00:00,15.547,14.646999,14.247,14.146999,14.997,14.697,16.4955,71.0,68.0,71.0,71.0,67.0,71.0,72.0,6,summer,70.14,14.97,15.097,73.0
1,2024-06-24 22:00:00+00:00,15.197,13.997,13.497,13.297,14.497,13.697,15.945499,71.0,71.0,73.0,75.0,70.0,76.0,72.0,6,summer,72.57,14.3,14.547,74.0
1,2024-06-24 23:00:00+00:00,14.747,13.646999,12.797,12.646999,14.146999,12.697,15.3955,72.0,74.0,76.0,79.0,72.0,81.0,73.0,6,summer,75.29,13.73,14.097,76.0
1,2024-06-25 00:00:00+00:00,13.146999,13.047,12.247,12.047,11.297,14.247,12.8955,79.0,78.0,80.0,83.0,83.0,77.0,84.0,6,summer,80.57,12.7,13.847,80.0
1,2024-06-25 01:00:00+00:00,12.697,12.547,11.747,11.347,10.646999,13.697,12.2455,82.0,80.0,82.0,86.0,86.0,80.0,85.0,6,summer,83.0,12.13,13.247,84.0
1,2024-06-25 02:00:00+00:00,12.297,12.396999,11.297,10.797,10.197,13.146999,11.6455,84.0,79.0,82.0,87.0,88.0,82.0,87.0,6,summer,84.14,11.68,12.597,87.0
1,2024-06-25 03:00:00+00:00,11.597,12.297,11.047,11.047,10.597,13.297,11.7955,85.0,79.0,81.0,86.0,87.0,81.0,86.0,6,summer,83.57,11.67,12.347,86.0
1,2024-06-25 04:00:00+00:00,11.146999,12.146999,10.947,12.597,12.297,14.497,13.195499,86.0,79.0,82.0,80.0,82.0,76.0,80.0,6,summer,80.71,12.4,12.396999,82.0
1,2024-06-25 05:00:00+00:00,13.247,14.447,13.297,14.997,14.797,16.347,15.3955,82.0,76.0,79.0,72.0,73.0,68.0,72.0,6,summer,74.57,14.65,14.297,79.0
1,2024-06-25 06:00:00+00:00,17.347,17.897,17.247,17.447,17.347,18.247,17.8955,63.0,62.0,62.0,62.0,65.0,60.0,60.0,6,summer,62.0,17.63,17.097,63.0
1,2024-06-25 07:00:00+00:00,19.397,20.097,19.847,19.897,19.747,20.197,20.2955,57.0,56.0,51.0,53.0,56.0,54.0,53.0,6,summer,54.29,19.93,18.997,58.0
1,2024-06-25 08:00:00+00:00,21.847,22.697,22.397,22.397,22.147,22.296999,22.7955,53.0,51.0,44.0,44.0,48.0,48.0,45.0,6,summer,47.57,22.37,21.397,54.0
1,2024-06-25 09:00:00+00:00,23.947,24.847,24.296999,24.397,24.097,23.947,24.7955,48.0,47.0,39.0,37.0,41.0,43.0,40.0,6,summer,42.14,24.33,23.397,50.0
1,2024-06-25 10:00:00+00:00,25.247,26.097,25.546999,25.647,25.447,25.097,26.095499,45.0,43.0,38.0,34.0,38.0,40.0,37.0,6,summer,39.29,25.6,24.397,47.0
1,2024-06-25 11:00:00+00:00,25.647,26.397,26.247,26.347,26.347,25.897,26.845499,43.0,40.0,38.0,34.0,36.0,39.0,35.0,6,summer,37.86,26.25,24.997,46.0
1,2024-06-25 12:00:00+00:00,26.046999,26.296999,26.247,26.546999,26.247,26.347,26.2955,42.0,41.0,41.0,34.0,38.0,38.0,33.0,6,summer,38.14,26.29,25.397,45.0
1,2024-06-25 13:00:00+00:00,26.046999,26.397,26.447,26.447,26.247,26.197,25.1955,43.0,41.0,40.0,34.0,39.0,37.0,37.0,6,summer,38.71,26.14,25.697,45.0
1,2024-06-25 14:00:00+00:00,25.647,26.247,26.197,25.947,25.796999,25.597,23.345499,45.0,41.0,41.0,35.0,41.0,37.0,44.0,6,summer,40.57,25.54,25.397,45.0
1,2024-06-25 15:00:00+00:00,24.247,25.497,25.497,24.796999,24.796999,24.447,21.2955,50.0,43.0,42.0,37.0,43.0,39.0,51.0,6,summer,43.57,24.37,24.497,47.0
1,2024-06-25 16:00:00+00:00,21.397,22.097,22.296999,22.597,22.947,22.397,18.9955,59.0,56.0,53.0,41.0,45.0,45.0,56.0,6,summer,50.71,21.82,21.597,59.0
1,2024-06-25 17:00:00+00:00,19.947,20.397,20.247,19.747,20.546999,19.747,16.5455,62.0,61.0,49.0,46.0,48.0,53.0,61.0,6,summer,54.29,19.6,19.897,63.0
1,2024-06-25 18:00:00+00:00,18.647,18.247,17.997,17.747,18.347,17.497,14.8955,59.0,58.0,57.0,53.0,52.0,60.0,62.0,6,summer,57.29,17.63,18.997,61.0
1,2024-06-25 19:00:00+00:00,17.247,16.397,16.296999,16.047,16.747,15.997,13.945499,66.0,65.0,65.0,59.0,58.0,65.0,64.0,6,summer,63.14,16.1,17.747,63.0
1,2024-06-25 20:00:00+00:00,16.597,15.047,14.847,14.697,15.347,14.847,13.2955,69.0,70.0,72.0,67.0,64.0,69.0,66.0,6,summer,68.14,14.95,16.847,68.0
1,2024-06-25 21:00:00+00:00,16.296999,14.097,13.747,13.497,14.047,13.797,12.7955,69.0,72.0,75.0,73.0,70.0,73.0,68.0,6,summer,71.43,14.04,16.197,70.0
1,2024-06-25 22:00:00+00:00,15.997,13.447,13.197,12.447,12.646999,12.797,12.3455,67.0,72.0,74.0,79.0,75.0,78.0,70.0,6,summer,73.57,13.27,15.697,70.0
1,2024-06-25 23:00:00+00:00,15.347,12.747,12.447,11.547,11.347,11.947,11.9955,68.0,75.0,76.0,83.0,80.0,82.0,71.0,6,summer,76.43,12.48,15.197,70.0
1,2024-06-26 00:00:00+00:00,14.697,11.747,12.047,11.597,10.646999,11.097,11.8955,72.0,83.0,82.0,85.0,85.0,79.0,75.0,6,summer,80.14,11.96,14.347,77.0
1,2024-06-26 01:00:00+00:00,13.597,11.646999,11.997,11.396999,9.896999,10.247,11.195499,78.0,85.0,84.0,86.0,88.0,83.0,79.0,6,summer,83.29,11.43,13.697,81.0
1,2024-06-26 02:00:00+00:00,13.247,11.797,12.396999,11.447,9.297,9.547,10.5455,81.0,84.0,83.0,86.0,91.0,88.0,83.0,6,summer,85.14,11.18,13.197,85.0
1,2024-06-26 03:00:00+00:00,13.497,11.547,12.847,12.047,9.646999,9.847,10.695499,79.0,86.0,80.0,84.0,90.0,88.0,84.0,6,summer,84.43,11.45,13.197,84.0
1,2024-06-26 04:00:00+00:00,13.497,11.297,13.347,13.547,11.597,11.697,12.1455,79.0,87.0,79.0,80.0,84.0,82.0,79.0,6,summer,81.43,12.45,13.447,81.0
1,2024-06-26 05:00:00+00:00,15.347,13.997,15.497,15.597,14.497,14.547,14.3955,78.0,82.0,76.0,74.0,76.0,73.0,70.0,6,summer,75.57,14.84,15.197,78.0
1,2024-06-26 06:00:00+00:00,18.097,17.747,18.197,17.597,17.347,17.296999,17.3955,64.0,67.0,64.0,66.0,67.0,64.0,61.0,6,summer,64.71,17.67,17.997,67.0
1,2024-06-26 07:00:00+00:00,20.097,20.147,20.097,19.697,20.046999,19.747,20.1455,57.0,58.0,57.0,59.0,58.0,56.0,53.0,6,summer,56.86,20.0,19.397,64.0
1,2024-06-26 08:00:00+00:00,22.147,22.347,21.947,21.897,22.697,22.097,23.095499,51.0,52.0,52.0,52.0,50.0,48.0,45.0,6,summer,50.0,22.32,21.447,58.0
1,2024-06-26 09:00:00+00:00,23.597,23.947,23.197,23.647,24.697,23.947,25.2955,48.0,47.0,49.0,47.0,43.0,42.0,39.0,6,summer,45.0,24.05,22.697,52.0
1,2024-06-26 10:00:00+00:00,24.497,24.747,24.697,24.697,25.697,25.147,26.2955,46.0,45.0,46.0,44.0,40.0,39.0,35.0,6,summer,42.14,25.11,22.947,51.0
1,2024-06-26 11:00:00+00:00,25.046999,25.397,25.247,25.296999,25.997,25.847,26.5455,44.0,44.0,44.0,43.0,39.0,38.0,33.0,6,summer,40.71,25.63,23.947,49.0
1,2024-06-26 12:00:00+00:00,24.847,25.647,25.796999,24.497,26.397,25.997,26.7955,43.0,44.0,43.0,47.0,39.0,39.0,35.0,6,summer,41.43,25.71,24.397,47.0
1,2024-06-26 13:00:00+00:00,24.796999,25.597,25.947,24.447,26.296999,26.046999,24.8955,43.0,43.0,43.0,47.0,40.0,39.0,42.0,6,summer,42.43,25.43,24.197,48.0
1,2024-06-26 14:00:00+00:00,24.546999,24.997,25.447,24.197,25.796999,25.847,22.1455,42.0,43.0,43.0,47.0,41.0,41.0,52.0,6,summer,44.14,24.71,23.697,48.0
1,2024-06-26 15:00:00+00:00,23.447,23.447,24.247,23.497,24.747,25.046999,19.9955,44.0,48.0,47.0,49.0,44.0,43.0,60.0,6,summer,47.86,23.49,22.847,50.0
1,2024-06-26 16:00:00+00:00,20.747,20.897,21.697,21.997,22.847,23.197,19.095499,52.0,55.0,54.0,52.0,48.0,47.0,62.0,6,summer,52.86,21.5,20.897,53.0
1,2024-06-26 17:00:00+00:00,18.947,18.897,19.497,20.046999,20.447,20.697,18.845499,57.0,61.0,59.0,57.0,53.0,52.0,62.0,6,summer,57.29,19.63,19.046999,59.0
1,2024-06-26 18:00:00+00:00,18.247,17.847,18.347,18.497,18.447,18.546999,18.3955,60.0,64.0,62.0,61.0,57.0,56.0,61.0,6,summer,60.14,18.33,18.597,63.0
1,2024-06-26 19:00:00+00:00,17.447,16.947,16.796999,17.546999,17.247,17.197,17.9455,63.0,68.0,67.0,63.0,60.0,59.0,62.0,6,summer,63.14,17.3,18.097,65.0
1,2024-06-26 20:00:00+00:00,16.897,16.047,15.947,16.947,16.397,16.147,17.4955,66.0,72.0,69.0,64.0,63.0,61.0,63.0,6,summer,65.43,16.55,17.597,68.0
1,2024-06-26 21:00:00+00:00,16.697,15.747,16.296999,16.546999,15.747,15.146999,16.8955,66.0,71.0,65.0,65.0,65.0,65.0,65.0,6,summer,66.0,16.15,17.197,69.0
1,2024-06-26 22:00:00+00:00,16.697,16.296999,16.397,16.296999,15.297,13.947,15.945499,64.0,67.0,65.0,66.0,67.0,71.0,69.0,6,summer,67.0,15.84,16.796999,70.0
1,2024-06-26 23:00:00+00:00,16.597,16.546999,16.296999,16.247,14.997,12.797,14.7455,61.0,65.0,68.0,67.0,70.0,78.0,74.0,6,summer,69.0,15.46,16.247,71.0
1,2024-06-27 00:00:00+00:00,15.847,16.497,15.097,16.097,16.247,14.297,13.5955,64.0,64.0,73.0,72.0,69.0,71.0,75.0,6,summer,69.71,15.38,15.347,74.0
1,2024-06-27 01:00:00+00:00,14.646999,16.097,14.896999,15.497,15.547,13.747,12.8955,71.0,63.0,73.0,73.0,72.0,74.0,79.0,6,summer,72.14,14.76,14.947,73.0
1,2024-06-27 02:00:00+00:00,13.597,15.547,14.947,14.896999,14.697,13.247,12.2455,78.0,65.0,72.0,74.0,76.0,78.0,82.0,6,summer,75.0,14.17,14.747,74.0
1,2024-06-27 03:00:00+00:00,12.847,15.097,14.997,14.847,14.497,13.347,12.3955,83.0,67.0,71.0,74.0,78.0,79.0,83.0,6,summer,76.43,14.0,14.497,77.0
1,2024-06-27 04:00:00+00:00,12.547,14.947,14.547,15.747,15.396999,14.597,13.7955,85.0,69.0,74.0,72.0,75.0,76.0,78.0,6,summer,75.57,14.51,13.847,83.0
1,2024-06-27 05:00:00+00:00,15.146999,16.197,16.097,17.197,16.897,16.497,15.945499,77.0,69.0,73.0,68.0,70.0,71.0,69.0,6,summer,71.0,16.28,15.797,80.0
1,2024-06-27 06:00:00+00:00,18.447,18.697,18.647,18.747,18.546999,18.347,18.4955,67.0,62.0,64.0,65.0,65.0,65.0,59.0,6,summer,63.86,18.56,18.697,67.0
1,2024-06-27 07:00:00+00:00,20.647,21.347,20.647,20.046999,20.296999,19.997,21.2955,58.0,51.0,57.0,60.0,59.0,59.0,52.0,6,summer,56.57,20.61,20.296999,60.0
1,2024-06-27 08:00:00+00:00,22.397,23.497,22.397,21.247,22.147,21.546999,24.2455,51.0,42.0,52.0,56.0,53.0,53.0,44.0,6,summer,50.14,22.5,22.296999,53.0
1,2024-06-27 09:00:00+00:00,23.497,24.796999,23.546999,22.296999,23.597,22.747,26.3955,47.0,39.0,48.0,52.0,48.0,49.0,39.0,6,summer,46.0,23.84,23.497,48.0
1,2024-06-27 10:00:00+00:00,24.046999,25.697,24.447,23.347,24.497,23.447,27.345499,45.0,37.0,45.0,48.0,45.0,47.0,36.0,6,summer,43.29,24.69,24.197,45.0
1,2024-06-27 11:00:00+00:00,24.546999,26.097,24.697,24.296999,25.046999,23.796999,27.4455,43.0,36.0,43.0,45.0,43.0,46.0,34.0,6,summer,41.43,25.13,24.147,45.0
1,2024-06-27 12:00:00+00:00,25.397,25.747,26.147,25.097,23.997,25.397,26.6955,40.0,37.0,36.0,42.0,46.0,40.0,36.0,6,summer,39.57,25.5,24.497,43.0
1,2024-06-27 13:00:00+00:00,25.046999,25.546999,25.847,24.897,23.747,25.097,24.8955,41.0,37.0,36.0,41.0,46.0,40.0,43.0,6,summer,40.57,25.01,24.247,43.0
1,2024-06-27 14:00:00+00:00,24.296999,24.747,24.647,24.347,23.247,24.447,22.3955,42.0,39.0,38.0,41.0,46.0,41.0,54.0,6,summer,43.0,24.02,23.447,45.0
1,2024-06-27 15:00:00+00:00,23.046999,23.296999,22.997,23.447,22.497,23.447,20.2955,45.0,43.0,42.0,43.0,48.0,43.0,62.0,6,summer,46.57,22.72,22.097,48.0
1,2024-06-27 16:00:00+00:00,20.697,20.796999,20.947,21.897,21.347,21.947,18.9955,52.0,50.0,47.0,48.0,52.0,48.0,65.0,6,summer,51.71,20.95,19.597,57.0
1,2024-06-27 17:00:00+00:00,18.697,18.897,19.097,19.947,19.997,20.147,18.095499,59.0,57.0,54.0,56.0,57.0,54.0,67.0,6,summer,57.71,19.27,17.647,65.0
1,2024-06-27 18:00:00+00:00,17.397,17.997,18.397,18.296999,18.947,18.697,18.6955,68.0,60.0,58.0,63.0,61.0,59.0,61.0,6,summer,61.43,18.35,16.697,69.0
1,2024-06-27 19:00:00+00:00,16.447,16.597,17.296999,17.597,18.397,17.897,17.6455,72.0,66.0,62.0,65.0,62.0,62.0,64.0,6,summer,64.71,17.41,15.597,74.0
1,2024-06-27 20:00:00+00:00,15.447,15.497,16.296999,17.397,18.197,17.447,16.3955,76.0,71.0,66.0,65.0,62.0,63.0,70.0,6,summer,67.57,16.67,14.697,78.0
1,2024-06-27 21:00:00+00:00,14.547,14.947,15.597,17.097,17.947,17.046999,15.2955,80.0,75.0,68.0,66.0,62.0,64.0,74.0,6,summer,69.86,16.07,13.997,82.0
1,2024-06-27 22:00:00+00:00,13.947,14.697,15.047,16.447,17.597,16.647,14.5955,83.0,78.0,71.0,69.0,62.0,65.0,77.0,6,summer,72.14,15.57,13.497,84.0
1,2024-06-27 23:00:00+00:00,13.497,14.297,14.847,15.697,17.296999,16.296999,14.1455,85.0,81.0,77.0,73.0,63.0,65.0,78.0,6,summer,74.57,15.15,13.047,86.0
1,2024-06-28 00:00:00+00:00,12.997,13.847,14.997,15.646999,15.396999,16.497,16.3955,86.0,85.0,79.0,72.0,73.0,64.0,66.0,6,summer,75.0,15.11,12.646999,87.0
1,2024-06-28 01:00:00+00:00,12.597,13.547,14.247,15.447,15.247,16.247,15.195499,88.0,86.0,84.0,73.0,74.0,65.0,72.0,6,summer,77.43,14.65,12.247,90.0
1,2024-06-28 02:00:00+00:00,12.646999,13.197,13.797,15.396999,15.297,16.097,13.6455,89.0,86.0,86.0,74.0,74.0,67.0,79.0,6,summer,79.29,14.3,11.997,90.0
1,2024-06-28 03:00:00+00:00,13.297,12.947,13.547,15.646999,15.747,16.296999,13.0955,86.0,87.0,88.0,74.0,73.0,68.0,82.0,6,summer,79.71,14.37,12.247,90.0
1,2024-06-28 04:00:00+00:00,13.747,12.847,13.197,16.447,16.647,16.897,14.2455,84.0,88.0,89.0,73.0,71.0,67.0,77.0,6,summer,78.43,14.86,12.896999,88.0
1,2024-06-28 05:00:00+00:00,15.797,15.347,15.497,17.597,17.847,17.796999,16.345499,78.0,80.0,82.0,70.0,68.0,65.0,69.0,6,summer,73.14,16.6,15.247,81.0
1,2024-06-28 06:00:00+00:00,18.097,18.497,18.747,18.697,19.247,18.897,18.9955,69.0,68.0,67.0,69.0,64.0,62.0,59.0,6,summer,65.43,18.74,17.497,72.0
1,2024-06-28 07:00:00+00:00,19.997,20.947,21.247,19.796999,20.796999,20.247,21.1455,61.0,58.0,57.0,65.0,58.0,58.0,53.0,6,summer,58.57,20.6,19.597,63.0
1,2024-06-28 08:00:00+00:00,21.697,22.997,23.597,21.046999,22.497,21.796999,23.595499,55.0,52.0,49.0,60.0,51.0,53.0,46.0,6,summer,52.29,22.46,21.697,57.0
1,2024-06-28 09:00:00+00:00,23.197,24.847,25.197,22.197,23.997,23.046999,25.2955,50.0,46.0,44.0,55.0,45.0,48.0,41.0,6,summer,47.0,23.97,22.947,51.0
1,2024-06-28 10:00:00+00:00,23.897,26.097,26.046999,23.447,25.247,23.847,25.845499,47.0,42.0,40.0,50.0,41.0,45.0,39.0,6,summer,43.43,24.92,24.447,47.0
1,2024-06-28 11:00:00+00:00,24.897,26.546999,26.747,24.697,26.296999,24.397,25.6455,45.0,40.0,37.0,46.0,38.0,42.0,40.0,6,summer,41.14,25.6,25.247,45.0
1,2024-06-28 12:00:00+00:00,26.097,25.097,26.296999,25.947,25.997,25.747,25.8955,41.0,44.0,37.0,41.0,39.0,39.0,40.0,6,summer,40.14,25.87,25.497,44.0
1,2024-06-28 13:00:00+00:00,26.097,25.147,25.647,25.697,25.647,25.497,24.5455,41.0,44.0,39.0,41.0,39.0,39.0,46.0,6,summer,41.29,25.47,25.497,44.0
1,2024-06-28 14:00:00+00:00,25.796999,25.147,25.197,25.046999,24.897,24.597,22.5455,40.0,43.0,39.0,42.0,40.0,41.0,53.0,6,summer,42.57,24.75,25.546999,42.0
1,2024-06-28 15:00:00+00:00,24.147,23.897,23.947,24.097,23.847,23.497,20.8955,46.0,45.0,41.0,44.0,43.0,44.0,59.0,6,summer,46.0,23.48,24.497,44.0
1,2024-06-28 16:00:00+00:00,21.397,21.747,20.747,22.546999,22.296999,22.347,19.9955,55.0,51.0,52.0,49.0,48.0,48.0,61.0,6,summer,52.0,21.58,21.397,55.0
1,2024-06-28 17:00:00+00:00,19.296999,19.647,18.597,20.597,20.397,21.046999,19.4455,60.0,57.0,59.0,55.0,55.0,52.0,61.0,6,summer,57.0,19.86,19.197,61.0
1,2024-06-28 18:00:00+00:00,17.796999,17.897,17.347,19.497,18.796999,19.847,19.3955,64.0,63.0,61.0,60.0,61.0,56.0,59.0,6,summer,60.57,18.65,17.697,64.0
1,2024-06-28 19:00:00+00:00,16.697,17.647,16.697,18.546999,17.796999,18.847,18.2455,69.0,64.0,64.0,64.0,65.0,60.0,62.0,6,summer,64.0,17.78,16.296999,68.0
1,2024-06-28 20:00:00+00:00,15.646999,16.947,16.546999,17.947,17.147,17.947,16.7955,74.0,67.0,66.0,66.0,67.0,63.0,67.0,6,summer,67.14,17.0,15.247,74.0
1,2024-06-28 21:00:00+00:00,15.146999,15.697,16.097,17.397,16.546999,17.247,15.5955,75.0,73.0,67.0,69.0,70.0,66.0,71.0,6,summer,70.14,16.25,14.547,77.0
1,2024-06-28 22:00:00+00:00,14.847,14.847,15.347,16.796999,15.896999,16.847,14.8955,75.0,78.0,71.0,72.0,74.0,68.0,74.0,6,summer,73.14,15.64,14.197,79.0
1,2024-06-28 23:00:00+00:00,14.146999,13.896999,14.847,16.197,15.347,16.647,14.4955,78.0,82.0,74.0,74.0,78.0,70.0,77.0,6,summer,76.14,15.08,13.646999,83.0
1,2024-06-29 00:00:00+00:00,12.547,15.047,13.997,14.197,15.197,15.297,13.9955,85.0,77.0,80.0,81.0,77.0,80.0,85.0,6,summer,80.71,14.33,12.896999,86.0
1,2024-06-29 01:00:00+00:00,11.896999,14.396999,13.197,12.896999,14.247,14.396999,13.2955,90.0,79.0,84.0,87.0,82.0,84.0,89.0,6,summer,85.0,13.48,12.597,87.0
1,2024-06-29 02:00:00+00:00,11.697,13.697,12.547,11.597,13.247,13.396999,12.695499,91.0,82.0,87.0,92.0,87.0,88.0,92.0,6,summer,88.43,12.7,12.396999,88.0
1,2024-06-29 03:00:00+00:00,11.347,12.896999,12.047,11.396999,13.146999,13.247,12.8955,91.0,85.0,89.0,94.0,88.0,89.0,92.0,6,summer,89.71,12.43,12.197,89.0
1,2024-06-29 04:00:00+00:00,10.947,12.347,11.847,13.047,14.497,14.547,14.3955,92.0,87.0,89.0,88.0,83.0,84.0,85.0,6,summer,86.86,13.09,11.997,90.0
1,2024-06-29 05:00:00+00:00,13.347,14.597,14.347,15.797,16.697,16.747,16.6455,86.0,81.0,82.0,79.0,75.0,75.0,75.0,6,summer,79.0,15.45,14.047,86.0
1,2024-06-29 06:00:00+00:00,17.947,18.197,18.597,18.447,18.897,19.097,18.3955,72.0,67.0,66.0,70.0,67.0,66.0,66.0,6,summer,67.71,18.51,18.147,71.0
1,2024-06-29 07:00:00+00:00,20.497,20.647,21.046999,20.897,20.847,21.546999,21.0455,63.0,59.0,59.0,62.0,61.0,58.0,57.0,6,summer,59.86,20.93,20.447,64.0
1,2024-06-29 08:00:00+00:00,22.947,23.197,23.447,23.347,22.747,24.147,23.8955,56.0,54.0,53.0,54.0,56.0,49.0,49.0,6,summer,53.0,23.39,22.697,58.0
1,2024-06-29 09:00:00+00:00,24.647,25.296999,25.447,25.247,24.247,26.097,25.9955,49.0,47.0,47.0,48.0,51.0,43.0,42.0,6,summer,46.71,25.28,24.497,51.0
1,2024-06-29 10:00:00+00:00,25.197,26.497,26.697,26.447,25.147,27.097,26.9955,45.0,43.0,43.0,43.0,47.0,39.0,38.0,6,summer,42.57,26.3,25.497,43.0
1,2024-06-29 11:00:00+00:00,26.197,27.397,27.046999,27.097,25.647,27.497,27.2955,41.0,41.0,40.0,39.0,44.0,37.0,35.0,6,summer,39.57,26.88,26.397,40.0
1,2024-06-29 12:00:00+00:00,26.546999,27.147,27.497,27.197,27.147,25.997,27.4955,40.0,38.0,37.0,36.0,39.0,39.0,34.0,6,summer,37.57,27.0,26.647,39.0
1,2024-06-29 13:00:00+00:00,26.597,27.197,27.397,27.296999,27.046999,25.796999,26.5455,40.0,38.0,37.0,34.0,38.0,39.0,38.0,6,summer,37.71,26.84,26.697,38.0
1,2024-06-29 14:00:00+00:00,26.247,26.847,27.247,27.097,26.546999,25.296999,25.1955,40.0,37.0,36.0,33.0,39.0,39.0,44.0,6,summer,38.29,26.35,26.296999,38.0
1,2024-06-29 15:00:00+00:00,25.147,25.546999,26.147,26.247,25.546999,24.296999,23.7955,42.0,42.0,38.0,36.0,42.0,42.0,50.0,6,summer,41.71,25.25,25.247,40.0
1,2024-06-29 16:00:00+00:00,22.347,22.497,23.447,24.347,23.747,22.347,22.4955,51.0,52.0,51.0,44.0,51.0,49.0,55.0,6,summer,50.43,23.03,22.447,50.0
1,2024-06-29 17:00:00+00:00,19.947,19.747,20.947,21.847,21.497,19.897,21.2455,60.0,65.0,56.0,56.0,63.0,58.0,59.0,6,summer,59.57,20.73,20.046999,61.0
1,2024-06-29 18:00:00+00:00,18.097,18.447,20.247,19.397,19.647,17.796999,19.6955,70.0,69.0,57.0,65.0,73.0,66.0,58.0,6,summer,65.43,19.05,18.997,66.0
1,2024-06-29 19:00:00+00:00,17.897,17.546999,19.347,18.147,18.747,16.497,18.6455,75.0,68.0,57.0,71.0,78.0,71.0,61.0,6,summer,68.71,18.12,18.447,69.0
1,2024-06-29 20:00:00+00:00,17.546999,16.397,17.897,17.296999,18.347,15.597,17.4955,77.0,69.0,64.0,75.0,80.0,75.0,65.0,6,summer,72.14,17.23,17.597,71.0
1,2024-06-29 21:00:00+00:00,16.497,15.047,16.097,16.546999,17.796999,14.847,16.4955,80.0,73.0,73.0,78.0,82.0,78.0,68.0,6,summer,76.0,16.19,16.747,73.0
1,2024-06-29 22:00:00+00:00,15.297,13.896999,14.947,15.747,16.847,14.197,15.7955,85.0,78.0,80.0,79.0,85.0,82.0,71.0,6,summer,80.0,15.25,16.197,73.0
1,2024-06-29 23:00:00+00:00,14.047,12.747,14.146999,14.997,15.847,13.697,15.195499,89.0,84.0,84.0,79.0,87.0,85.0,73.0,6,summer,83.0,14.38,15.447,74.0
1,2024-06-30 00:00:00+00:00,13.597,13.597,13.947,12.497,15.297,14.697,13.3955,85.0,82.0,82.0,89.0,84.0,85.0,82.0,6,summer,84.14,13.86,13.646999,81.0
1,2024-06-30 01:00:00+00:00,12.896999,12.497,13.097,11.597,14.247,14.347,12.8455,85.0,88.0,85.0,92.0,87.0,87.0,86.0,6,summer,87.14,13.08,12.697,86.0
1,2024-06-30 02:00:00+00:00,12.197,11.646999,12.197,10.847,13.047,14.146999,12.3455,87.0,92.0,88.0,94.0,91.0,88.0,91.0,6,summer,90.14,12.35,11.997,89.0
1,2024-06-30 03:00:00+00:00,11.497,11.197,11.697,11.047,12.847,14.597,12.5955,91.0,93.0,89.0,93.0,91.0,86.0,92.0,6,summer,90.71,12.21,11.597,91.0
1,2024-06-30 04:00:00+00:00,11.097,10.896999,11.547,12.797,14.247,15.947,14.0955,93.0,93.0,90.0,87.0,85.0,81.0,86.0,6,summer,87.86,12.95,11.247,92.0
1,2024-06-30 05:00:00+00:00,13.646999,13.597,13.947,15.547,16.597,17.897,16.345499,86.0,84.0,84.0,77.0,75.0,73.0,75.0,6,summer,79.14,15.37,13.497,86.0
1,2024-06-30 06:00:00+00:00,18.546999,18.296999,17.997,18.447,18.997,19.847,19.095499,67.0,67.0,67.0,67.0,66.0,65.0,65.0,6,summer,66.29,18.75,17.747,70.0
1,2024-06-30 07:00:00+00:00,20.947,20.847,20.747,20.997,21.247,21.847,21.7955,58.0,58.0,59.0,59.0,59.0,58.0,56.0,6,summer,58.14,21.2,20.397,60.0
1,2024-06-30 08:00:00+00:00,23.197,23.347,23.447,23.597,23.497,23.847,24.7455,53.0,52.0,52.0,52.0,53.0,52.0,47.0,6,summer,51.57,23.67,22.697,54.0
1,2024-06-30 09:00:00+00:00,24.997,25.247,25.497,25.647,25.247,25.347,26.8955,48.0,47.0,46.0,46.0,48.0,47.0,40.0,6,summer,46.0,25.55,24.647,48.0
1,2024-06-30 10:00:00+00:00,25.997,26.447,26.697,26.947,26.296999,26.097,27.7955,43.0,42.0,40.0,41.0,45.0,46.0,36.0,6,summer,41.86,26.61,25.897,44.0
1,2024-06-30 11:00:00+00:00,26.546999,27.247,27.347,27.697,26.847,26.347,27.8955,41.0,40.0,38.0,37.0,42.0,46.0,33.0,6,summer,39.57,27.13,26.546999,42.0
1,2024-06-30 12:00:00+00:00,26.897,27.397,27.296999,27.597,27.897,27.447,27.3955,39.0,38.0,32.0,35.0,36.0,39.0,34.0,6,summer,36.14,27.42,26.397,40.0
1,2024-06-30 13:00:00+00:00,26.947,27.347,27.546999,27.697,27.997,26.897,25.4455,38.0,38.0,32.0,33.0,36.0,41.0,41.0,6,summer,37.0,27.13,26.447,39.0
1,2024-06-30 14:00:00+00:00,26.697,27.247,27.046999,27.397,27.747,25.847,22.7955,38.0,38.0,35.0,33.0,36.0,44.0,52.0,6,summer,39.43,26.4,26.046999,40.0
1,2024-06-30 15:00:00+00:00,25.947,26.347,25.997,26.447,26.796999,24.647,20.6955,40.0,39.0,38.0,36.0,39.0,49.0,61.0,6,summer,43.14,25.27,25.197,42.0
1,2024-06-30 16:00:00+00:00,22.997,23.546999,22.897,24.347,24.697,23.197,19.845499,51.0,50.0,51.0,43.0,45.0,55.0,65.0,6,summer,51.43,23.08,22.296999,52.0
1,2024-06-30 17:00:00+00:00,20.897,21.046999,20.497,21.546999,21.897,21.597,19.595499,54.0,58.0,54.0,53.0,52.0,62.0,67.0,6,summer,57.14,21.01,20.147,58.0
1,2024-06-30 18:00:00+00:00,18.947,19.747,19.147,19.546999,19.647,20.296999,18.3955,60.0,65.0,54.0,59.0,59.0,68.0,73.0,6,summer,62.57,19.39,18.897,60.0
1,2024-06-30 19:00:00+00:00,17.947,18.997,18.597,18.347,18.447,19.546999,17.8955,56.0,62.0,47.0,62.0,64.0,72.0,76.0,6,summer,62.71,18.54,17.647,55.0
1,2024-06-30 20:00:00+00:00,16.947,18.397,17.697,17.647,17.697,19.097,17.2955,63.0,59.0,54.0,63.0,69.0,75.0,79.0,6,summer,66.0,17.83,16.597,60.0
1,2024-06-30 21:00:00+00:00,16.247,17.747,16.997,16.747,17.097,18.597,16.8955,70.0,63.0,64.0,66.0,73.0,78.0,81.0,6,summer,70.71,17.19,15.597,69.0
1,2024-06-30 22:00:00+00:00,15.597,16.796999,15.747,15.396999,16.497,17.947,16.8955,72.0,69.0,73.0,72.0,76.0,81.0,81.0,6,summer,74.86,16.41,14.547,78.0
1,2024-06-30 23:00:00+00:00,14.597,15.997,14.396999,13.896999,15.997,17.296999,17.095499,77.0,72.0,80.0,80.0,79.0,83.0,80.0,6,summer,78.71,15.61,13.847,82.0
1,2024-07-01 00:00:00+00:00,13.247,14.097,13.097,12.646999,12.797,16.697,16.3955,82.0,78.0,86.0,85.0,89.0,81.0,84.0,7,summer,83.57,14.14,13.947,81.0
1,2024-07-01 01:00:00+00:00,12.547,13.146999,11.997,11.547,11.797,15.847,16.0455,85.0,82.0,90.0,90.0,92.0,84.0,85.0,7,summer,86.86,13.28,13.547,82.0
1,2024-07-01 02:00:00+00:00,11.896999,12.396999,11.146999,10.547,10.747,15.047,15.4955,88.0,85.0,92.0,93.0,95.0,87.0,87.0,7,summer,89.57,12.47,13.097,84.0
1,2024-07-01 03:00:00+00:00,11.396999,11.896999,10.646999,10.597,10.847,14.896999,15.4955,89.0,88.0,93.0,92.0,94.0,87.0,86.0,7,summer,89.86,12.25,12.697,85.0
1,2024-07-01 04:00:00+00:00,10.947,11.547,10.497,12.347,12.747,15.797,16.3955,90.0,89.0,92.0,86.0,86.0,83.0,82.0,7,summer,86.86,12.9,12.197,86.0
1,2024-07-01 05:00:00+00:00,13.197,13.847,13.396999,15.146999,15.797,17.397,17.7955,84.0,84.0,83.0,76.0,74.0,76.0,75.0,7,summer,78.86,15.23,14.146999,82.0
1,2024-07-01 06:00:00+00:00,17.296999,17.997,18.497,18.397,18.747,19.296999,19.7955,68.0,66.0,66.0,65.0,63.0,69.0,71.0,7,summer,66.86,18.58,18.197,66.0
1,2024-07-01 07:00:00+00:00,20.046999,20.497,21.197,21.247,21.447,21.647,21.9955,59.0,58.0,58.0,56.0,55.0,61.0,61.0,7,summer,58.29,21.15,20.497,59.0
1,2024-07-01 08:00:00+00:00,22.597,23.097,23.897,24.147,24.097,24.347,24.4455,52.0,51.0,51.0,46.0,48.0,53.0,49.0,7,summer,50.0,23.8,22.947,52.0
1,2024-07-01 09:00:00+00:00,24.747,25.296999,25.847,26.397,26.147,26.347,26.2955,43.0,42.0,43.0,39.0,43.0,47.0,41.0,7,summer,42.57,25.87,24.897,44.0
1,2024-07-01 10:00:00+00:00,26.097,26.546999,26.947,27.597,27.247,27.397,27.0455,38.0,37.0,40.0,35.0,39.0,43.0,37.0,7,summer,38.43,26.98,25.997,39.0
1,2024-07-01 11:00:00+00:00,26.947,27.296999,27.347,28.046999,27.747,27.847,27.1455,36.0,34.0,37.0,33.0,36.0,40.0,37.0,7,summer,36.14,27.48,26.697,35.0
1,2024-07-01 12:00:00+00:00,27.147,27.197,27.647,27.796999,27.997,28.647,25.6955,36.0,35.0,35.0,32.0,33.0,36.0,41.0,7,summer,35.43,27.45,27.347,32.0
1,2024-07-01 13:00:00+00:00,26.997,27.097,27.597,27.796999,28.097,28.647,24.595499,36.0,36.0,34.0,32.0,32.0,35.0,46.0,7,summer,35.86,27.26,27.197,32.0
1,2024-07-01 14:00:00+00:00,26.546999,26.796999,27.197,27.497,27.847,28.197,23.1955,36.0,36.0,34.0,32.0,32.0,35.0,53.0,7,summer,36.86,26.75,26.697,34.0
1,2024-07-01 15:00:00+00:00,25.697,25.497,26.546999,26.546999,26.897,27.147,21.9955,38.0,39.0,38.0,35.0,34.0,37.0,59.0,7,summer,40.0,25.76,25.597,37.0
1,2024-07-01 16:00:00+00:00,22.347,22.497,23.847,24.597,24.697,24.947,21.1455,51.0,51.0,44.0,42.0,40.0,43.0,62.0,7,summer,47.57,23.44,22.497,50.0
1,2024-07-01 17:00:00+00:00,20.197,20.097,20.847,21.997,21.847,22.147,20.4455,57.0,51.0,55.0,50.0,48.0,51.0,63.0,7,summer,53.57,21.08,20.497,58.0
1,2024-07-01 18:00:00+00:00,19.447,18.697,18.796999,19.247,19.447,19.847,20.3955,57.0,55.0,50.0,57.0,55.0,58.0,63.0,7,summer,56.43,19.41,19.097,58.0
1,2024-07-01 19:00:00+00:00,18.397,17.497,17.097,17.347,18.197,18.697,19.845499,57.0,57.0,57.0,63.0,60.0,63.0,66.0,7,summer,60.43,18.15,17.796999,58.0
1,2024-07-01 20:00:00+00:00,17.597,16.397,15.997,15.697,17.397,18.147,19.4955,62.0,63.0,66.0,68.0,64.0,66.0,68.0,7,summer,65.29,17.25,16.697,63.0
1,2024-07-01 21:00:00+00:00,16.847,15.597,15.347,14.347,16.597,17.447,19.095499,68.0,70.0,73.0,73.0,68.0,70.0,70.0,7,summer,70.29,16.47,16.097,69.0
1,2024-07-01 22:00:00+00:00,16.197,14.947,14.697,13.347,15.447,16.347,18.4455,71.0,73.0,77.0,79.0,72.0,74.0,72.0,7,summer,74.0,15.63,15.747,72.0
1,2024-07-01 23:00:00+00:00,15.297,13.947,13.797,12.597,14.247,15.146999,17.7455,72.0,76.0,80.0,85.0,76.0,77.0,74.0,7,summer,77.14,14.68,15.047,74.0
1,2024-07-02 00:00:00+00:00,14.097,13.847,13.047,12.146999,13.396999,13.797,15.5955,78.0,75.0,84.0,89.0,83.0,78.0,79.0,7,summer,80.86,13.7,13.646999,79.0
1,2024-07-02 01:00:00+00:00,13.447,13.347,12.597,11.447,12.247,12.547,14.8455,80.0,78.0,85.0,92.0,88.0,83.0,82.0,7,summer,84.0,12.93,13.097,82.0
1,2024-07-02 02:00:00+00:00,12.896999,12.797,12.047,11.097,11.247,11.396999,14.2455,83.0,81.0,87.0,92.0,91.0,89.0,85.0,7,summer,86.86,12.25,12.497,85.0
1,2024-07-02 03:00:00+00:00,12.347,12.247,11.497,11.547,11.297,11.297,14.3955,85.0,84.0,88.0,89.0,91.0,90.0,85.0,7,summer,87.43,12.09,12.047,87.0
1,2024-07-02 04:00:00+00:00,11.997,11.646999,10.997,13.297,13.047,13.047,15.5455,86.0,87.0,90.0,83.0,84.0,83.0,80.0,7,summer,84.71,12.8,11.597,89.0
1,2024-07-02 05:00:00+00:00,14.247,13.797,12.997,15.947,15.797,15.896999,17.3955,81.0,82.0,86.0,74.0,74.0,72.0,73.0,7,summer,77.43,15.15,13.747,84.0
1,2024-07-02 06:00:00+00:00,18.197,18.147,17.796999,19.147,18.546999,18.796999,19.8955,67.0,64.0,68.0,63.0,64.0,62.0,65.0,7,summer,64.71,18.65,18.296999,67.0
1,2024-07-02 07:00:00+00:00,21.046999,20.997,20.847,21.647,21.147,21.546999,22.4455,57.0,55.0,58.0,56.0,56.0,54.0,57.0,7,summer,56.14,21.38,20.997,57.0
1,2024-07-02 08:00:00+00:00,23.497,23.497,23.497,24.247,23.747,24.347,25.345499,51.0,48.0,50.0,49.0,48.0,47.0,47.0,7,summer,48.57,24.03,23.447,51.0
1,2024-07-02 09:00:00+00:00,25.447,25.697,25.647,26.197,25.747,26.497,27.3955,44.0,39.0,41.0,44.0,42.0,41.0,40.0,7,summer,41.57,26.09,25.397,45.0
1,2024-07-02 10:00:00+00:00,26.197,27.097,26.947,27.247,26.796999,27.697,28.1455,39.0,34.0,33.0,40.0,38.0,37.0,36.0,7,summer,36.71,27.16,26.347,39.0
1,2024-07-02 11:00:00+00:00,26.847,27.697,27.747,27.647,27.296999,28.247,28.095499,37.0,32.0,30.0,37.0,35.0,34.0,34.0,7,summer,34.14,27.65,27.046999,36.0
1,2024-07-02 12:00:00+00:00,27.247,27.847,27.597,27.697,26.847,27.947,27.4955,37.0,32.0,31.0,33.0,38.0,33.0,34.0,7,summer,34.0,27.53,27.447,34.0
1,2024-07-02 13:00:00+00:00,27.197,27.697,27.597,27.597,26.697,27.796999,26.2455,37.0,33.0,31.0,32.0,37.0,34.0,40.0,7,summer,34.86,27.26,27.497,34.0
1,2024-07-02 14:00:00+00:00,26.847,27.247,27.147,27.097,26.147,27.247,24.595499,38.0,34.0,30.0,32.0,37.0,36.0,48.0,7,summer,36.43,26.62,27.046999,34.0
1,2024-07-02 15:00:00+00:00,26.097,26.296999,25.747,26.097,25.197,26.197,23.095499,41.0,36.0,32.0,35.0,39.0,39.0,55.0,7,summer,39.57,25.53,26.397,37.0
1,2024-07-02 16:00:00+00:00,24.296999,23.147,22.347,24.296999,23.697,24.247,21.9955,48.0,47.0,41.0,42.0,45.0,41.0,58.0,7,summer,46.0,23.43,23.097,48.0
1,2024-07-02 17:00:00+00:00,21.647,21.097,19.647,22.046999,21.847,21.796999,21.0455,56.0,51.0,56.0,52.0,53.0,42.0,58.0,7,summer,52.57,21.3,21.046999,52.0
1,2024-07-02 18:00:00+00:00,19.647,19.947,19.347,18.897,20.247,19.747,17.4955,59.0,56.0,53.0,52.0,60.0,45.0,69.0,7,summer,56.29,19.33,19.597,55.0
1,2024-07-02 19:00:00+00:00,18.597,19.247,17.847,17.597,19.197,18.647,16.9455,63.0,59.0,57.0,58.0,63.0,49.0,72.0,7,summer,60.14,18.3,18.497,58.0
1,2024-07-02 20:00:00+00:00,17.796999,17.897,16.497,16.796999,18.447,17.947,16.9455,66.0,65.0,64.0,63.0,65.0,54.0,73.0,7,summer,64.29,17.48,17.597,64.0
1,2024-07-02 21:00:00+00:00,17.296999,17.046999,15.497,16.097,17.747,17.097,16.8955,67.0,70.0,70.0,69.0,67.0,60.0,74.0,7,summer,68.14,16.81,16.647,71.0
1,2024-07-02 22:00:00+00:00,17.097,16.697,14.497,15.347,17.046999,15.697,16.5455,69.0,73.0,76.0,75.0,70.0,67.0,75.0,7,summer,72.14,16.13,15.997,75.0
1,2024-07-02 23:00:00+00:00,16.546999,16.147,13.847,14.646999,16.397,14.097,16.095499,72.0,77.0,81.0,80.0,73.0,75.0,76.0,7,summer,76.29,15.4,15.697,77.0
1,2024-07-03 00:00:00+00:00,14.997,14.396999,13.997,12.597,14.297,14.797,17.3955,78.0,85.0,86.0,90.0,82.0,75.0,70.0,7,summer,80.86,14.64,16.097,75.0
1,2024-07-03 01:00:00+00:00,14.047,13.547,13.697,11.747,13.497,13.847,16.5455,83.0,90.0,88.0,94.0,85.0,80.0,73.0,7,summer,84.71,13.85,15.697,77.0
1,2024-07-03 02:00:00+00:00,13.847,13.396999,13.697,11.097,12.847,12.947,15.5455,84.0,90.0,88.0,96.0,87.0,85.0,77.0,7,summer,86.71,13.34,15.146999,81.0
1,2024-07-03 03:00:00+00:00,13.797,13.297,13.797,11.347,13.047,12.896999,15.2955,84.0,89.0,88.0,95.0,86.0,87.0,78.0,7,summer,86.71,13.35,14.347,84.0
1,2024-07-03 04:00:00+00:00,14.347,13.646999,13.297,13.097,14.597,14.297,16.2955,83.0,87.0,90.0,89.0,80.0,83.0,75.0,7,summer,83.86,14.23,13.547,87.0
1,2024-07-03 05:00:00+00:00,16.047,15.847,15.497,15.747,16.947,16.546999,18.0455,80.0,82.0,83.0,80.0,72.0,75.0,69.0,7,summer,77.29,16.38,15.396999,83.0
1,2024-07-03 06:00:00+00:00,18.497,19.197,19.296999,18.546999,19.147,18.847,20.1955,72.0,71.0,68.0,70.0,64.0,67.0,63.0,7,summer,67.86,19.1,19.296999,66.0
1,2024-07-03 07:00:00+00:00,20.796999,21.296999,21.796999,21.397,20.947,21.247,23.1955,63.0,63.0,60.0,60.0,59.0,60.0,53.0,7,summer,59.71,21.53,21.447,59.0
1,2024-07-03 08:00:00+00:00,22.796999,23.597,24.046999,24.347,22.647,23.647,26.4955,57.0,57.0,54.0,49.0,54.0,52.0,41.0,7,summer,52.0,23.94,23.697,53.0
1,2024-07-03 09:00:00+00:00,24.546999,25.546999,25.897,26.597,24.046999,25.397,28.7955,50.0,48.0,45.0,41.0,50.0,47.0,33.0,7,summer,44.86,25.83,25.497,46.0
1,2024-07-03 10:00:00+00:00,25.997,25.697,27.046999,27.847,25.197,25.947,29.4955,44.0,44.0,39.0,36.0,44.0,45.0,29.0,7,summer,40.14,26.75,26.046999,41.0
1,2024-07-03 11:00:00+00:00,26.046999,26.647,27.796999,28.447,26.097,25.796999,29.1455,41.0,41.0,35.0,34.0,39.0,44.0,28.0,7,summer,37.43,27.14,26.847,39.0
1,2024-07-03 12:00:00+00:00,26.847,27.197,27.647,28.796999,26.597,27.697,27.095499,39.0,38.0,35.0,31.0,38.0,35.0,34.0,7,summer,35.71,27.41,27.296999,37.0
1,2024-07-03 13:00:00+00:00,26.947,27.497,27.647,28.747,26.796999,27.747,25.4955,39.0,38.0,35.0,29.0,36.0,34.0,40.0,7,summer,35.86,27.27,27.597,36.0
1,2024-07-03 14:00:00+00:00,26.597,27.296999,27.347,28.296999,26.747,27.397,23.5455,40.0,39.0,35.0,29.0,35.0,35.0,48.0,7,summer,37.29,26.75,27.247,37.0
1,2024-07-03 15:00:00+00:00,25.997,26.546999,26.397,27.296999,26.046999,26.546999,21.8955,41.0,39.0,37.0,32.0,37.0,38.0,55.0,7,summer,39.86,25.82,26.397,38.0
1,2024-07-03 16:00:00+00:00,23.897,23.296999,24.097,25.296999,24.296999,24.747,21.0455,51.0,51.0,50.0,41.0,44.0,45.0,58.0,7,summer,48.57,23.81,23.897,49.0
1,2024-07-03 17:00:00+00:00,21.847,21.697,21.147,22.697,21.897,22.397,20.4955,59.0,59.0,61.0,54.0,54.0,54.0,61.0,7,summer,57.43,21.74,21.947,58.0
1,2024-07-03 18:00:00+00:00,20.597,20.347,20.796999,19.546999,19.947,20.447,17.3955,69.0,69.0,60.0,79.0,62.0,61.0,71.0,7,summer,67.29,19.87,21.147,60.0
1,2024-07-03 19:00:00+00:00,20.197,19.796999,20.046999,18.597,18.947,19.296999,16.595499,70.0,69.0,62.0,85.0,66.0,64.0,74.0,7,summer,70.0,19.07,20.697,61.0
1,2024-07-03 20:00:00+00:00,18.997,19.097,19.097,18.347,18.397,18.546999,16.3955,75.0,69.0,66.0,88.0,68.0,66.0,75.0,7,summer,72.43,18.41,20.197,63.0
1,2024-07-03 21:00:00+00:00,18.447,18.447,18.197,18.197,17.747,17.796999,16.1955,77.0,71.0,70.0,89.0,70.0,68.0,76.0,7,summer,74.43,17.86,19.347,67.0
1,2024-07-03 22:00:00+00:00,17.397,18.247,17.447,18.046999,16.747,16.947,15.7455,83.0,71.0,73.0,88.0,74.0,72.0,77.0,7,summer,76.86,17.23,18.796999,69.0
1,2024-07-03 23:00:00+00:00,17.296999,18.097,16.997,18.046999,15.646999,16.147,15.2955,80.0,71.0,75.0,85.0,78.0,76.0,78.0,7,summer,77.57,16.79,18.497,69.0
1,2024-07-04 00:00:00+00:00,18.497,16.347,16.097,17.247,17.747,14.497,16.095499,72.0,78.0,81.0,84.0,86.0,82.0,79.0,7,summer,80.29,16.65,17.647,73.0
1,2024-07-04 01:00:00+00:00,18.247,15.997,15.847,16.697,17.347,13.497,15.3455,72.0,81.0,82.0,84.0,84.0,87.0,82.0,7,summer,81.71,16.14,17.296999,74.0
1,2024-07-04 02:00:00+00:00,17.546999,15.697,15.547,16.147,16.897,12.547,14.695499,75.0,83.0,83.0,84.0,81.0,91.0,84.0,7,summer,83.0,15.58,16.647,77.0
1,2024-07-04 03:00:00+00:00,17.097,15.447,15.497,16.097,16.847,12.597,14.7955,76.0,83.0,83.0,83.0,78.0,91.0,84.0,7,summer,82.57,15.48,16.147,79.0
1,2024-07-04 04:00:00+00:00,16.397,15.347,15.497,16.847,17.347,14.347,15.945499,80.0,83.0,83.0,80.0,76.0,85.0,79.0,7,summer,80.86,15.96,16.097,79.0
1,2024-07-04 05:00:00+00:00,17.796999,17.197,17.247,18.147,18.197,17.147,17.845499,78.0,79.0,80.0,75.0,73.0,74.0,72.0,7,summer,75.86,17.65,17.397,77.0
1,2024-07-04 06:00:00+00:00,19.697,20.247,20.147,19.197,19.497,19.997,21.095499,69.0,68.0,66.0,72.0,69.0,64.0,58.0,7,summer,66.57,19.98,19.397,65.0
1,2024-07-04 07:00:00+00:00,22.046999,22.197,22.296999,20.997,21.497,22.796999,23.2955,61.0,62.0,59.0,66.0,63.0,55.0,51.0,7,summer,59.57,22.16,21.647,58.0
1,2024-07-04 08:00:00+00:00,24.447,24.296999,24.847,23.097,23.847,25.647,25.845499,55.0,56.0,52.0,59.0,55.0,47.0,42.0,7,summer,52.29,24.58,24.197,51.0
1,2024-07-04 09:00:00+00:00,26.097,25.697,26.597,24.747,25.796999,27.796999,27.6955,48.0,49.0,46.0,54.0,48.0,40.0,36.0,7,summer,45.86,26.35,26.097,45.0
1,2024-07-04 10:00:00+00:00,27.197,26.447,27.296999,25.747,26.997,29.046999,28.5455,43.0,45.0,42.0,50.0,43.0,35.0,33.0,7,summer,41.57,27.33,27.097,41.0
1,2024-07-04 11:00:00+00:00,26.897,27.046999,27.747,26.296999,27.747,29.597,28.7455,43.0,43.0,40.0,48.0,39.0,32.0,31.0,7,summer,39.43,27.73,27.597,39.0
1,2024-07-04 12:00:00+00:00,28.097,28.247,28.497,28.097,27.046999,28.647,28.3955,38.0,39.0,39.0,36.0,39.0,34.0,33.0,7,summer,36.86,28.15,28.397,38.0
1,2024-07-04 13:00:00+00:00,28.296999,28.046999,28.597,27.296999,27.046999,27.847,26.595499,38.0,39.0,39.0,38.0,37.0,38.0,39.0,7,summer,38.29,27.68,28.296999,38.0
1,2024-07-04 14:00:00+00:00,28.197,27.397,28.347,25.647,26.597,26.597,23.7955,38.0,40.0,39.0,44.0,37.0,44.0,48.0,7,summer,41.43,26.65,27.847,39.0
1,2024-07-04 15:00:00+00:00,27.197,25.697,27.296999,23.997,25.597,25.147,21.3955,39.0,46.0,40.0,52.0,40.0,50.0,57.0,7,summer,46.29,25.19,26.847,41.0
1,2024-07-04 16:00:00+00:00,24.247,23.296999,23.447,22.497,23.847,23.697,19.845499,51.0,57.0,58.0,61.0,48.0,54.0,65.0,7,summer,56.29,22.98,23.747,53.0
1,2024-07-04 17:00:00+00:00,22.947,21.347,22.197,20.947,21.597,22.097,18.6955,54.0,66.0,64.0,72.0,58.0,57.0,74.0,7,summer,63.57,21.4,22.147,58.0
1,2024-07-04 18:00:00+00:00,20.947,19.947,20.046999,20.247,19.796999,20.447,17.595499,63.0,72.0,72.0,73.0,66.0,62.0,79.0,7,summer,69.57,19.86,20.097,60.0
1,2024-07-04 19:00:00+00:00,20.197,18.847,18.597,19.046999,18.947,18.647,17.7455,65.0,75.0,74.0,79.0,69.0,69.0,78.0,7,summer,72.71,18.86,18.947,65.0
1,2024-07-04 20:00:00+00:00,19.296999,17.897,17.447,18.247,18.546999,16.796999,18.3955,70.0,76.0,77.0,82.0,69.0,77.0,73.0,7,summer,74.86,18.09,18.197,71.0
1,2024-07-04 21:00:00+00:00,18.097,17.347,16.597,17.497,18.197,15.347,18.595499,75.0,76.0,81.0,84.0,70.0,84.0,70.0,7,summer,77.14,17.38,17.546999,76.0
1,2024-07-04 22:00:00+00:00,17.097,16.747,16.147,16.497,17.796999,14.547,17.7455,77.0,78.0,83.0,86.0,71.0,88.0,70.0,7,summer,79.0,16.65,16.697,80.0
1,2024-07-04 23:00:00+00:00,16.497,15.896999,15.497,15.497,17.397,14.197,16.3955,80.0,83.0,85.0,87.0,72.0,90.0,72.0,7,summer,81.29,15.91,16.097,83.0
1,2024-07-05 00:00:00+00:00,17.546999,14.947,16.597,16.147,14.847,14.347,15.8955,77.0,89.0,81.0,79.0,88.0,89.0,78.0,7,summer,83.0,15.76,16.647,78.0
1,2024-07-05 01:00:00+00:00,16.847,14.797,16.296999,15.396999,14.447,14.146999,14.9955,80.0,91.0,82.0,82.0,89.0,90.0,82.0,7,summer,85.14,15.28,16.296999,81.0
1,2024-07-05 02:00:00+00:00,16.447,14.847,15.896999,14.697,14.247,14.347,14.0955,82.0,90.0,84.0,85.0,91.0,90.0,86.0,7,summer,86.86,14.94,15.747,84.0
1,2024-07-05 03:00:00+00:00,16.147,14.997,15.747,14.597,14.597,14.997,14.0955,83.0,88.0,84.0,86.0,91.0,88.0,86.0,7,summer,86.57,15.03,15.646999,84.0
1,2024-07-05 04:00:00+00:00,15.896999,15.347,15.947,15.497,15.797,16.296999,15.5455,84.0,86.0,83.0,82.0,86.0,83.0,79.0,7,summer,83.29,15.76,15.646999,84.0
1,2024-07-05 05:00:00+00:00,17.546999,16.747,17.247,17.046999,17.597,18.046999,17.845499,79.0,82.0,79.0,76.0,78.0,76.0,69.0,7,summer,77.0,17.44,16.847,81.0
1,2024-07-05 06:00:00+00:00,19.796999,19.397,19.147,19.447,19.497,19.947,20.595499,67.0,70.0,73.0,67.0,71.0,69.0,59.0,7,summer,68.0,19.69,19.296999,68.0
1,2024-07-05 07:00:00+00:00,21.847,21.447,21.097,21.147,21.597,22.197,23.7455,60.0,62.0,65.0,62.0,64.0,61.0,50.0,7,summer,60.57,21.87,21.097,62.0
1,2024-07-05 08:00:00+00:00,24.097,23.046999,23.296999,22.997,23.796999,24.597,27.1455,54.0,58.0,59.0,57.0,58.0,53.0,40.0,7,summer,54.14,24.14,23.197,56.0
1,2024-07-05 09:00:00+00:00,25.546999,24.947,25.197,24.447,25.546999,26.397,29.4955,49.0,52.0,53.0,53.0,52.0,46.0,33.0,7,summer,48.29,25.94,24.847,52.0
1,2024-07-05 10:00:00+00:00,26.747,26.546999,26.247,25.397,26.546999,27.296999,30.3955,44.0,49.0,48.0,50.0,48.0,42.0,28.0,7,summer,44.14,27.03,26.097,46.0
1,2024-07-05 11:00:00+00:00,27.647,26.997,27.046999,25.947,27.097,27.597,30.2455,41.0,43.0,43.0,48.0,44.0,40.0,26.0,7,summer,40.71,27.51,26.847,45.0
1,2024-07-05 12:00:00+00:00,27.197,28.097,27.897,25.847,27.597,28.497,29.595499,43.0,38.0,39.0,48.0,40.0,34.0,30.0,7,summer,38.86,27.82,27.046999,44.0
1,2024-07-05 13:00:00+00:00,27.197,27.997,28.147,25.897,26.997,27.947,26.7455,43.0,38.0,39.0,47.0,42.0,35.0,42.0,7,summer,40.86,27.28,26.997,44.0
1,2024-07-05 14:00:00+00:00,26.647,27.597,27.847,25.597,25.796999,26.847,22.845499,46.0,39.0,39.0,46.0,46.0,38.0,58.0,7,summer,44.57,26.17,25.546999,48.0
1,2024-07-05 15:00:00+00:00,23.897,26.097,26.997,24.847,24.447,25.597,19.7955,58.0,42.0,40.0,49.0,52.0,43.0,72.0,7,summer,50.86,24.53,22.397,68.0
1,2024-07-05 16:00:00+00:00,20.947,21.546999,22.347,23.296999,22.747,24.147,18.5455,73.0,69.0,65.0,58.0,63.0,51.0,79.0,7,summer,65.43,21.94,20.947,76.0
1,2024-07-05 17:00:00+00:00,20.097,20.247,20.597,21.296999,20.847,22.546999,18.1955,79.0,78.0,75.0,71.0,75.0,61.0,84.0,7,summer,74.71,20.55,19.947,82.0
1,2024-07-05 18:00:00+00:00,19.097,20.296999,19.997,19.296999,19.397,21.097,16.3955,87.0,73.0,79.0,87.0,85.0,70.0,92.0,7,summer,81.86,19.37,19.046999,86.0
1,2024-07-05 19:00:00+00:00,18.296999,19.697,19.597,18.647,18.747,19.947,16.2455,91.0,75.0,84.0,89.0,88.0,79.0,93.0,7,summer,85.57,18.74,18.747,88.0
1,2024-07-05 20:00:00+00:00,17.647,18.296999,19.247,18.147,18.546999,18.947,16.3955,92.0,83.0,87.0,90.0,88.0,88.0,91.0,7,summer,88.43,18.18,18.247,91.0
1,2024-07-05 21:00:00+00:00,17.247,17.647,18.997,17.697,18.296999,18.296999,16.4955,92.0,85.0,88.0,90.0,88.0,93.0,90.0,7,summer,89.43,17.81,17.697,93.0
1,2024-07-05 22:00:00+00:00,16.897,17.447,18.697,17.347,17.697,18.097,16.6455,92.0,84.0,89.0,90.0,90.0,93.0,89.0,7,summer,89.57,17.55,17.296999,95.0
1,2024-07-05 23:00:00+00:00,16.847,17.197,18.397,17.147,17.046999,18.197,16.7955,90.0,83.0,90.0,89.0,92.0,90.0,88.0,7,summer,88.86,17.38,17.347,94.0
1,2024-07-06 00:00:00+00:00,17.397,17.697,17.897,17.546999,15.997,15.896999,15.4955,92.0,82.0,81.0,86.0,95.0,85.0,91.0,7,summer,87.43,16.85,17.647,93.0
1,2024-07-06 01:00:00+00:00,17.197,17.546999,17.647,17.296999,15.597,15.697,14.945499,93.0,82.0,80.0,84.0,93.0,84.0,91.0,7,summer,86.71,16.56,17.847,90.0
1,2024-07-06 02:00:00+00:00,17.397,17.447,17.296999,17.097,15.347,15.597,14.445499,91.0,80.0,81.0,81.0,90.0,84.0,92.0,7,summer,85.57,16.38,17.897,89.0
1,2024-07-06 03:00:00+00:00,17.296999,17.397,17.046999,17.147,15.597,15.896999,14.5955,88.0,79.0,82.0,78.0,86.0,82.0,90.0,7,summer,83.57,16.43,17.697,89.0
1,2024-07-06 04:00:00+00:00,17.147,17.097,16.847,17.497,16.447,16.697,15.8455,84.0,80.0,82.0,76.0,83.0,79.0,86.0,7,summer,81.43,16.8,17.197,90.0
1,2024-07-06 05:00:00+00:00,17.597,17.796999,17.697,18.147,17.747,17.897,17.7955,84.0,79.0,81.0,74.0,79.0,75.0,79.0,7,summer,78.71,17.81,17.597,91.0
1,2024-07-06 06:00:00+00:00,19.947,19.647,19.546999,19.097,19.247,19.197,19.4955,69.0,71.0,70.0,72.0,75.0,71.0,71.0,7,summer,71.29,19.45,19.097,86.0
1,2024-07-06 07:00:00+00:00,21.546999,21.097,20.997,20.447,20.997,20.647,22.4955,63.0,65.0,64.0,68.0,69.0,66.0,60.0,7,summer,65.0,21.18,20.497,75.0
1,2024-07-06 08:00:00+00:00,22.796999,22.546999,22.697,22.097,22.997,22.247,26.1955,60.0,61.0,60.0,63.0,63.0,61.0,48.0,7,summer,59.43,23.08,21.647,70.0
1,2024-07-06 09:00:00+00:00,23.697,24.046999,24.397,23.397,24.497,23.597,28.7955,58.0,56.0,54.0,59.0,58.0,57.0,38.0,7,summer,54.29,24.63,22.447,65.0
1,2024-07-06 10:00:00+00:00,24.546999,25.347,25.247,24.147,25.397,24.597,29.5455,55.0,49.0,52.0,56.0,55.0,53.0,33.0,7,summer,50.43,25.55,22.597,64.0
1,2024-07-06 11:00:00+00:00,25.647,25.997,25.497,24.546999,25.847,25.397,29.1955,51.0,46.0,50.0,54.0,53.0,50.0,32.0,7,summer,48.0,26.02,23.347,59.0
1,2024-07-06 12:00:00+00:00,25.647,25.796999,25.597,25.147,24.697,26.447,28.2955,50.0,47.0,47.0,50.0,52.0,44.0,33.0,7,summer,46.14,25.95,23.597,58.0
1,2024-07-06 13:00:00+00:00,25.347,25.796999,25.897,25.247,24.647,26.247,25.845499,52.0,45.0,46.0,49.0,51.0,45.0,45.0,7,summer,47.57,25.58,23.546999,60.0
1,2024-07-06 14:00:00+00:00,24.497,25.847,25.697,25.097,24.296999,25.796999,22.595499,55.0,44.0,46.0,48.0,51.0,48.0,61.0,7,summer,50.43,24.83,23.097,63.0
1,2024-07-06 15:00:00+00:00,23.647,24.897,25.247,24.546999,23.597,24.997,19.9955,60.0,47.0,46.0,51.0,53.0,52.0,75.0,7,summer,54.86,23.85,22.347,67.0
1,2024-07-06 16:00:00+00:00,21.897,23.197,23.147,23.197,22.397,23.497,18.6455,69.0,55.0,56.0,59.0,60.0,59.0,82.0,7,summer,62.86,22.28,21.247,73.0
1,2024-07-06 17:00:00+00:00,20.597,22.046999,21.296999,21.397,20.947,21.647,17.8955,76.0,61.0,67.0,69.0,70.0,68.0,86.0,7,summer,71.0,20.83,20.397,78.0
1,2024-07-06 18:00:00+00:00,19.097,19.647,20.897,19.796999,19.747,20.097,17.3955,82.0,84.0,68.0,77.0,77.0,76.0,88.0,7,summer,78.86,19.53,19.546999,81.0
1,2024-07-06 19:00:00+00:00,18.546999,19.397,19.747,19.046999,19.147,19.197,17.345499,83.0,83.0,78.0,82.0,80.0,81.0,88.0,7,summer,82.14,18.92,18.897,83.0
1,2024-07-06 20:00:00+00:00,17.947,19.147,19.296999,18.647,18.847,18.597,17.345499,86.0,85.0,80.0,85.0,81.0,85.0,87.0,7,summer,84.14,18.55,18.447,85.0
1,2024-07-06 21:00:00+00:00,17.597,18.647,18.697,18.347,18.546999,18.097,17.2955,89.0,88.0,81.0,87.0,82.0,87.0,87.0,7,summer,85.86,18.18,18.097,88.0
1,2024-07-06 22:00:00+00:00,17.497,18.197,18.447,18.147,18.097,17.647,17.2455,89.0,91.0,82.0,88.0,84.0,87.0,87.0,7,summer,86.86,17.9,17.747,90.0
1,2024-07-06 23:00:00+00:00,17.397,17.947,18.247,18.046999,17.597,17.296999,17.1455,89.0,91.0,83.0,88.0,87.0,87.0,88.0,7,summer,87.57,17.67,17.647,89.0
1,2024-07-07 00:00:00+00:00,17.296999,17.546999,17.597,18.046999,15.797,17.197,16.095499,89.0,90.0,87.0,90.0,94.0,90.0,89.0,7,summer,89.86,17.08,17.546999,89.0
1,2024-07-07 01:00:00+00:00,16.697,17.197,16.897,17.546999,15.097,16.597,15.7455,91.0,91.0,89.0,89.0,95.0,90.0,90.0,7,summer,90.71,16.54,17.197,90.0
1,2024-07-07 02:00:00+00:00,16.147,16.747,16.197,17.046999,14.447,15.947,15.5455,91.0,91.0,90.0,88.0,94.0,91.0,91.0,7,summer,90.86,16.01,16.647,91.0
1,2024-07-07 03:00:00+00:00,15.947,16.097,15.997,16.897,14.447,15.896999,15.8955,89.0,91.0,90.0,86.0,92.0,90.0,89.0,7,summer,89.57,15.88,16.097,91.0
1,2024-07-07 04:00:00+00:00,15.646999,15.646999,16.097,17.397,15.497,16.796999,16.8955,90.0,92.0,87.0,84.0,88.0,86.0,85.0,7,summer,87.43,16.28,15.597,92.0
1,2024-07-07 05:00:00+00:00,16.897,17.046999,17.397,18.296999,17.247,18.296999,18.4455,88.0,87.0,84.0,81.0,83.0,81.0,78.0,7,summer,83.14,17.66,16.796999,89.0
1,2024-07-07 06:00:00+00:00,20.046999,20.197,19.497,19.897,19.147,19.897,18.8955,76.0,73.0,73.0,71.0,77.0,75.0,75.0,7,summer,74.29,19.65,19.397,79.0
1,2024-07-07 07:00:00+00:00,21.897,22.097,21.497,21.697,21.347,21.697,21.5455,69.0,66.0,65.0,63.0,68.0,68.0,64.0,7,summer,66.14,21.68,21.347,73.0
1,2024-07-07 08:00:00+00:00,23.296999,23.747,23.447,23.647,23.747,23.647,24.7455,64.0,60.0,59.0,55.0,59.0,59.0,51.0,7,summer,58.14,23.75,22.747,64.0
1,2024-07-07 09:00:00+00:00,24.397,24.997,25.497,25.247,25.546999,25.147,27.095499,55.0,54.0,50.0,48.0,51.0,53.0,41.0,7,summer,50.29,25.42,23.397,61.0
1,2024-07-07 10:00:00+00:00,24.947,26.046999,26.347,26.397,26.397,26.046999,28.1455,53.0,49.0,44.0,44.0,47.0,50.0,36.0,7,summer,46.14,26.33,24.597,56.0
1,2024-07-07 11:00:00+00:00,25.697,26.497,26.947,27.247,26.597,26.546999,28.345499,51.0,47.0,43.0,41.0,46.0,48.0,34.0,7,summer,44.29,26.84,25.147,54.0
1,2024-07-07 12:00:00+00:00,26.597,27.296999,27.447,27.697,26.197,27.197,25.3955,45.0,43.0,40.0,38.0,45.0,41.0,44.0,7,summer,42.29,26.83,24.397,58.0
1,2024-07-07 13:00:00+00:00,26.546999,26.897,26.947,26.947,26.447,26.947,24.3955,45.0,44.0,40.0,43.0,43.0,41.0,49.0,7,summer,43.57,26.45,24.147,58.0
1,2024-07-07 14:00:00+00:00,25.997,26.247,26.546999,25.546999,26.247,26.296999,23.345499,45.0,45.0,40.0,50.0,42.0,43.0,54.0,7,summer,45.57,25.75,22.247,72.0
1,2024-07-07 15:00:00+00:00,25.197,25.397,25.347,24.147,25.447,25.197,22.1955,48.0,48.0,45.0,58.0,45.0,47.0,59.0,7,summer,50.0,24.7,21.546999,76.0
1,2024-07-07 16:00:00+00:00,22.796999,23.046999,22.897,22.747,23.747,23.497,20.7455,60.0,59.0,58.0,65.0,53.0,56.0,64.0,7,summer,59.29,22.78,20.296999,83.0
1,2024-07-07 17:00:00+00:00,21.147,21.597,21.397,21.247,21.447,21.397,19.2455,70.0,70.0,66.0,73.0,65.0,67.0,68.0,7,summer,68.43,21.07,19.546999,88.0
1,2024-07-07 18:00:00+00:00,19.497,19.597,19.397,20.097,19.497,19.697,19.595499,90.0,83.0,83.0,77.0,75.0,76.0,68.0,7,summer,78.86,19.63,18.897,90.0
1,2024-07-07 19:00:00+00:00,19.046999,18.747,18.847,19.296999,18.147,18.697,18.845499,91.0,88.0,87.0,82.0,83.0,82.0,70.0,7,summer,83.29,18.8,18.497,93.0
1,2024-07-07 20:00:00+00:00,18.296999,18.296999,18.296999,18.747,17.097,18.097,17.845499,93.0,90.0,90.0,86.0,90.0,85.0,74.0,7,summer,86.86,18.1,17.997,95.0
1,2024-07-07 21:00:00+00:00,17.847,17.647,17.997,18.296999,16.296999,17.597,16.9955,95.0,93.0,93.0,89.0,95.0,88.0,77.0,7,summer,90.0,17.53,17.546999,97.0
1,2024-07-07 22:00:00+00:00,17.546999,17.597,17.897,17.897,15.896999,17.247,16.4955,94.0,93.0,93.0,90.0,97.0,90.0,79.0,7,summer,90.86,17.23,17.247,98.0
1,2024-07-07 23:00:00+00:00,17.397,17.296999,17.697,17.546999,15.747,16.997,16.1455,95.0,94.0,95.0,91.0,96.0,92.0,81.0,7,summer,92.0,16.98,16.947,98.0
1,2024-07-08 00:00:00+00:00,17.497,17.747,17.147,16.747,17.296999,17.247,16.1955,95.0,92.0,93.0,93.0,95.0,94.0,90.0,7,summer,93.14,17.13,16.447,99.0
1,2024-07-08 01:00:00+00:00,17.447,17.597,16.997,16.546999,16.947,16.997,15.4955,95.0,93.0,93.0,93.0,95.0,95.0,91.0,7,summer,93.57,16.86,16.197,99.0
1,2024-07-08 02:00:00+00:00,17.347,17.497,16.897,16.347,16.597,16.847,14.7455,95.0,93.0,93.0,93.0,94.0,95.0,92.0,7,summer,93.57,16.61,15.797,99.0
1,2024-07-08 03:00:00+00:00,17.097,17.546999,16.847,16.447,16.647,16.947,14.695499,95.0,93.0,93.0,93.0,93.0,94.0,91.0,7,summer,93.14,16.6,15.497,98.0
1,2024-07-08 04:00:00+00:00,16.697,17.447,16.546999,16.947,17.247,17.397,15.695499,95.0,92.0,94.0,92.0,91.0,92.0,86.0,7,summer,91.71,16.85,15.197,98.0
1,2024-07-08 05:00:00+00:00,17.497,17.947,17.347,17.796999,18.147,18.097,17.345499,93.0,92.0,93.0,91.0,89.0,89.0,79.0,7,summer,89.43,17.74,16.296999,95.0
1,2024-07-08 06:00:00+00:00,19.097,18.947,19.147,18.897,19.296999,19.046999,17.8955,86.0,85.0,87.0,85.0,85.0,85.0,82.0,7,summer,85.0,18.9,18.997,86.0
1,2024-07-08 07:00:00+00:00,20.947,20.347,20.296999,20.147,20.697,20.497,20.6955,78.0,80.0,81.0,80.0,79.0,78.0,71.0,7,summer,78.14,20.52,20.697,76.0
1,2024-07-08 08:00:00+00:00,22.347,21.597,21.847,21.597,22.296999,22.197,24.1455,68.0,74.0,76.0,74.0,71.0,70.0,58.0,7,summer,70.14,22.29,22.147,67.0
1,2024-07-08 09:00:00+00:00,23.597,22.347,23.197,22.847,23.597,23.397,26.4955,61.0,72.0,69.0,68.0,64.0,65.0,48.0,7,summer,63.86,23.64,23.347,61.0
1,2024-07-08 10:00:00+00:00,24.497,22.997,24.247,23.747,24.597,23.697,26.8955,57.0,70.0,63.0,63.0,59.0,65.0,45.0,7,summer,60.29,24.38,23.847,56.0
1,2024-07-08 11:00:00+00:00,25.046999,23.447,24.747,24.397,25.347,23.447,26.1455,55.0,68.0,60.0,59.0,54.0,69.0,46.0,7,summer,58.71,24.65,24.447,54.0
1,2024-07-08 12:00:00+00:00,25.097,22.947,24.847,24.947,26.197,25.197,24.8955,54.0,71.0,61.0,57.0,49.0,57.0,52.0,7,summer,57.29,24.88,25.046999,53.0
1,2024-07-08 13:00:00+00:00,25.046999,23.147,25.247,24.697,25.597,24.747,23.8955,56.0,68.0,59.0,57.0,52.0,58.0,58.0,7,summer,58.29,24.63,24.947,54.0
1,2024-07-08 14:00:00+00:00,24.597,22.997,24.796999,24.097,24.497,23.897,22.2955,55.0,68.0,56.0,58.0,57.0,60.0,68.0,7,summer,60.29,23.88,23.847,59.0
1,2024-07-08 15:00:00+00:00,21.847,22.597,23.597,23.197,23.296999,22.796999,20.7955,72.0,68.0,61.0,61.0,64.0,64.0,77.0,7,summer,66.71,22.59,21.597,74.0
1,2024-07-08 16:00:00+00:00,20.697,21.497,21.697,21.847,21.897,21.497,19.4455,81.0,75.0,73.0,69.0,72.0,71.0,83.0,7,summer,74.86,21.23,20.597,81.0
1,2024-07-08 17:00:00+00:00,19.897,20.296999,20.546999,20.147,20.347,20.046999,18.1955,87.0,82.0,80.0,80.0,82.0,81.0,89.0,7,summer,83.0,19.93,19.197,89.0
1,2024-07-08 18:00:00+00:00,19.147,19.497,20.296999,19.397,19.046999,18.747,17.095499,90.0,90.0,80.0,89.0,89.0,88.0,91.0,7,summer,88.14,19.03,18.847,92.0
1,2024-07-08 19:00:00+00:00,18.497,19.046999,19.097,18.597,18.296999,17.847,16.7455,93.0,90.0,86.0,93.0,93.0,92.0,92.0,7,summer,91.29,18.3,18.597,93.0
1,2024-07-08 20:00:00+00:00,17.997,18.397,18.147,17.897,17.847,17.097,16.4455,95.0,93.0,92.0,96.0,95.0,94.0,92.0,7,summer,93.86,17.69,18.296999,94.0
1,2024-07-08 21:00:00+00:00,17.697,17.796999,17.046999,17.447,17.347,16.497,16.1955,96.0,96.0,97.0,97.0,96.0,96.0,92.0,7,summer,95.71,17.15,17.847,96.0
1,2024-07-08 22:00:00+00:00,17.097,17.296999,16.546999,17.247,16.697,15.947,15.945499,98.0,97.0,97.0,97.0,97.0,97.0,92.0,7,summer,96.43,16.68,17.397,96.0
1,2024-07-08 23:00:00+00:00,16.747,16.796999,16.897,17.247,16.047,15.447,15.7455,98.0,97.0,94.0,95.0,98.0,97.0,92.0,7,summer,95.86,16.42,16.947,97.0
1,2024-07-09 00:00:00+00:00,16.097,16.497,16.647,17.347,16.097,16.597,15.7955,97.0,96.0,94.0,93.0,95.0,95.0,89.0,7,summer,94.14,16.44,16.296999,97.0
1,2024-07-09 01:00:00+00:00,15.697,16.247,16.847,17.097,15.697,16.397,15.2455,97.0,95.0,93.0,94.0,96.0,95.0,90.0,7,summer,94.29,16.18,15.797,97.0
1,2024-07-09 02:00:00+00:00,15.347,16.147,17.046999,16.847,15.396999,16.147,14.5955,97.0,95.0,91.0,94.0,96.0,95.0,91.0,7,summer,94.14,15.93,15.247,97.0
1,2024-07-09 03:00:00+00:00,15.097,15.997,16.947,16.997,15.597,16.296999,14.5955,97.0,95.0,90.0,93.0,95.0,94.0,90.0,7,summer,93.43,15.93,14.797,97.0
1,2024-07-09 04:00:00+00:00,14.847,15.697,16.447,17.647,16.546999,16.897,15.445499,97.0,95.0,91.0,89.0,91.0,91.0,86.0,7,summer,91.43,16.22,14.597,97.0
1,2024-07-09 05:00:00+00:00,16.197,16.847,17.397,18.697,18.046999,17.847,16.9455,94.0,93.0,89.0,84.0,86.0,87.0,80.0,7,summer,87.57,17.43,15.997,94.0
1,2024-07-09 06:00:00+00:00,18.796999,19.296999,19.947,19.697,19.697,19.097,19.4955,87.0,84.0,79.0,82.0,79.0,82.0,72.0,7,summer,80.71,19.43,18.647,85.0
1,2024-07-09 07:00:00+00:00,20.796999,21.347,22.347,21.347,21.647,20.947,22.1955,82.0,77.0,69.0,75.0,70.0,74.0,61.0,7,summer,72.57,21.52,20.847,80.0
1,2024-07-09 08:00:00+00:00,22.697,23.197,24.197,23.247,23.796999,23.147,25.1955,72.0,69.0,61.0,67.0,61.0,65.0,49.0,7,summer,63.43,23.64,22.897,69.0
1,2024-07-09 09:00:00+00:00,23.997,24.597,25.147,24.597,25.447,24.796999,27.095499,63.0,60.0,53.0,62.0,53.0,57.0,41.0,7,summer,55.57,25.1,24.397,59.0
1,2024-07-09 10:00:00+00:00,24.546999,25.497,25.397,25.046999,26.296999,25.546999,27.0455,58.0,53.0,52.0,61.0,48.0,53.0,41.0,7,summer,52.29,25.63,25.397,52.0
1,2024-07-09 11:00:00+00:00,25.097,25.747,25.647,24.897,26.697,25.796999,25.845499,56.0,52.0,51.0,63.0,45.0,50.0,45.0,7,summer,51.71,25.68,25.647,50.0
1,2024-07-09 12:00:00+00:00,25.747,25.147,26.197,25.796999,25.847,26.497,26.4955,50.0,56.0,47.0,55.0,55.0,48.0,40.0,7,summer,50.14,25.96,25.647,50.0
1,2024-07-09 13:00:00+00:00,25.296999,25.247,26.247,24.997,25.447,26.197,25.4455,50.0,57.0,47.0,58.0,55.0,48.0,45.0,7,summer,51.43,25.55,25.296999,52.0
1,2024-07-09 14:00:00+00:00,24.447,25.097,26.247,23.747,24.597,25.597,23.8955,54.0,54.0,44.0,64.0,55.0,50.0,54.0,7,summer,53.57,24.8,24.847,52.0
1,2024-07-09 15:00:00+00:00,22.997,22.796999,25.397,22.546999,23.597,24.597,22.3955,62.0,62.0,49.0,69.0,58.0,54.0,62.0,7,summer,59.43,23.48,23.897,56.0
1,2024-07-09 16:00:00+00:00,21.447,21.397,22.947,21.597,22.296999,22.997,20.9455,71.0,73.0,59.0,73.0,66.0,61.0,67.0,7,summer,67.14,21.95,22.147,66.0
1,2024-07-09 17:00:00+00:00,20.447,20.747,21.546999,20.747,20.796999,21.097,19.595499,78.0,77.0,64.0,78.0,76.0,70.0,71.0,7,summer,73.43,20.71,20.497,76.0
1,2024-07-09 18:00:00+00:00,19.796999,19.747,20.497,19.947,19.447,19.497,17.7955,82.0,86.0,74.0,79.0,85.0,77.0,74.0,7,summer,79.57,19.53,19.447,82.0
1,2024-07-09 19:00:00+00:00,19.097,19.247,20.046999,19.247,18.397,18.597,17.2955,85.0,89.0,74.0,80.0,91.0,79.0,75.0,7,summer,81.86,18.85,18.647,85.0
1,2024-07-09 20:00:00+00:00,18.447,18.796999,19.697,18.647,17.447,18.097,16.9955,88.0,91.0,71.0,78.0,96.0,80.0,75.0,7,summer,82.71,18.3,17.947,89.0
1,2024-07-09 21:00:00+00:00,17.796999,18.296999,19.296999,18.147,16.747,17.546999,16.595499,90.0,90.0,71.0,78.0,98.0,80.0,75.0,7,summer,83.14,17.78,17.397,90.0
1,2024-07-09 22:00:00+00:00,17.397,17.897,18.647,17.697,16.247,16.847,16.095499,89.0,89.0,75.0,79.0,96.0,81.0,75.0,7,summer,83.43,17.26,17.046999,90.0
1,2024-07-09 23:00:00+00:00,17.046999,17.546999,18.247,17.347,15.896999,16.147,15.5455,89.0,88.0,76.0,82.0,92.0,83.0,75.0,7,summer,83.57,16.83,16.796999,90.0
1,2024-07-10 00:00:00+00:00,16.697,16.597,17.597,17.296999,15.797,15.547,14.9955,91.0,90.0,79.0,81.0,87.0,88.0,71.0,7,summer,83.86,16.36,16.647,91.0
1,2024-07-10 01:00:00+00:00,16.796999,16.347,17.747,16.897,15.447,14.997,14.2455,88.0,90.0,77.0,81.0,87.0,89.0,72.0,7,summer,83.43,16.07,16.796999,90.0
1,2024-07-10 02:00:00+00:00,16.647,16.247,17.397,16.597,15.197,14.547,13.4955,88.0,90.0,78.0,81.0,86.0,89.0,73.0,7,summer,83.57,15.73,16.546999,91.0
1,2024-07-10 03:00:00+00:00,16.147,16.097,17.046999,16.647,15.396999,14.646999,13.4955,90.0,89.0,79.0,80.0,84.0,87.0,72.0,7,summer,83.0,15.64,16.197,90.0
1,2024-07-10 04:00:00+00:00,15.597,15.847,16.697,17.247,16.247,15.547,14.5955,91.0,89.0,80.0,78.0,81.0,82.0,67.0,7,summer,81.14,15.97,15.947,90.0
1,2024-07-10 05:00:00+00:00,16.947,17.147,17.296999,18.247,17.597,16.997,16.4455,87.0,85.0,80.0,75.0,77.0,74.0,60.0,7,summer,76.86,17.24,17.147,86.0
1,2024-07-10 06:00:00+00:00,19.546999,19.796999,19.347,19.097,19.097,18.597,18.9955,74.0,76.0,69.0,70.0,73.0,67.0,57.0,7,summer,69.43,19.21,18.997,80.0
1,2024-07-10 07:00:00+00:00,21.497,21.397,21.347,20.947,20.947,20.247,21.4455,65.0,68.0,61.0,64.0,67.0,60.0,50.0,7,summer,62.14,21.12,21.097,70.0
1,2024-07-10 08:00:00+00:00,23.597,23.247,23.296999,23.046999,23.046999,22.046999,24.1455,58.0,62.0,57.0,58.0,60.0,54.0,42.0,7,summer,55.86,23.2,22.697,64.0
1,2024-07-10 09:00:00+00:00,24.847,24.497,24.796999,24.597,24.647,23.647,26.1955,53.0,57.0,53.0,53.0,55.0,49.0,37.0,7,summer,51.0,24.75,23.747,59.0
1,2024-07-10 10:00:00+00:00,25.546999,25.046999,25.046999,25.296999,25.497,25.046999,27.1455,51.0,53.0,49.0,51.0,51.0,45.0,34.0,7,summer,47.71,25.52,24.597,56.0
1,2024-07-10 11:00:00+00:00,25.947,24.697,25.147,25.497,25.847,26.247,27.345499,49.0,53.0,48.0,50.0,49.0,43.0,32.0,7,summer,46.29,25.82,25.296999,53.0
1,2024-07-10 12:00:00+00:00,25.447,23.997,25.897,26.447,25.447,25.947,27.1955,48.0,58.0,46.0,43.0,50.0,50.0,34.0,7,summer,47.0,25.77,25.497,53.0
1,2024-07-10 13:00:00+00:00,25.247,23.296999,25.647,26.097,25.597,25.697,25.8955,48.0,63.0,45.0,44.0,49.0,50.0,39.0,7,summer,48.29,25.35,25.197,53.0
1,2024-07-10 14:00:00+00:00,25.097,23.947,25.197,25.347,25.447,25.046999,23.7955,46.0,56.0,45.0,47.0,49.0,51.0,47.0,7,summer,48.71,24.84,24.796999,53.0
1,2024-07-10 15:00:00+00:00,23.997,23.247,24.147,24.397,24.897,24.147,21.7955,48.0,57.0,47.0,50.0,50.0,54.0,53.0,7,summer,51.29,23.8,22.647,64.0
1,2024-07-10 16:00:00+00:00,21.546999,21.147,21.697,23.097,23.597,22.897,19.9955,57.0,64.0,56.0,53.0,54.0,58.0,57.0,7,summer,57.0,22.0,21.046999,74.0
1,2024-07-10 17:00:00+00:00,19.546999,19.397,20.046999,21.546999,21.847,21.397,18.2955,65.0,69.0,64.0,57.0,60.0,63.0,60.0,7,summer,62.57,20.3,20.647,65.0
1,2024-07-10 18:00:00+00:00,18.747,18.647,18.796999,19.697,20.347,20.197,19.595499,71.0,61.0,70.0,62.0,65.0,67.0,59.0,7,summer,65.0,19.43,19.247,67.0
1,2024-07-10 19:00:00+00:00,17.597,17.747,17.747,18.947,19.397,19.546999,19.1955,74.0,64.0,74.0,62.0,69.0,69.0,60.0,7,summer,67.43,18.6,18.347,68.0
1,2024-07-10 20:00:00+00:00,16.697,17.197,16.997,18.546999,18.647,19.147,18.9455,77.0,69.0,76.0,62.0,71.0,69.0,60.0,7,summer,69.14,18.03,17.747,71.0
1,2024-07-10 21:00:00+00:00,16.097,17.046999,16.397,18.097,18.046999,18.647,18.4955,79.0,73.0,78.0,62.0,73.0,70.0,61.0,7,summer,70.86,17.55,17.046999,73.0
1,2024-07-10 22:00:00+00:00,15.697,16.947,15.947,17.397,17.546999,17.747,17.5455,81.0,68.0,75.0,65.0,73.0,72.0,64.0,7,summer,71.14,16.98,16.546999,75.0
1,2024-07-10 23:00:00+00:00,15.396999,16.296999,15.297,16.597,17.197,16.747,16.345499,81.0,66.0,70.0,70.0,72.0,76.0,67.0,7,summer,71.71,16.27,15.947,79.0
1,2024-07-11 00:00:00+00:00,14.697,15.197,15.047,15.646999,16.347,16.747,13.9955,77.0,75.0,73.0,75.0,77.0,74.0,71.0,7,summer,74.57,15.38,14.847,82.0
1,2024-07-11 01:00:00+00:00,14.297,14.947,14.497,15.247,15.797,15.896999,13.5455,78.0,79.0,77.0,78.0,79.0,77.0,73.0,7,summer,77.29,14.89,14.447,84.0
1,2024-07-11 02:00:00+00:00,13.896999,14.646999,14.146999,14.947,15.247,15.047,13.1455,79.0,81.0,80.0,81.0,82.0,81.0,74.0,7,summer,79.71,14.44,14.047,86.0
1,2024-07-11 03:00:00+00:00,13.447,14.247,13.896999,15.097,15.247,14.847,13.3955,82.0,85.0,82.0,82.0,83.0,82.0,74.0,7,summer,81.43,14.31,13.697,87.0
1,2024-07-11 04:00:00+00:00,13.146999,13.947,13.646999,15.896999,16.147,15.747,14.6455,84.0,88.0,84.0,80.0,81.0,80.0,70.0,7,summer,81.0,14.74,13.396999,86.0
1,2024-07-11 05:00:00+00:00,14.747,15.597,15.047,17.147,17.647,17.296999,16.5455,82.0,84.0,82.0,77.0,76.0,75.0,64.0,7,summer,77.14,16.29,14.947,82.0
1,2024-07-11 06:00:00+00:00,17.947,18.397,18.197,18.546999,19.347,18.997,19.1955,72.0,71.0,73.0,69.0,71.0,70.0,64.0,7,summer,70.0,18.66,17.997,69.0
1,2024-07-11 07:00:00+00:00,20.247,20.647,20.447,20.597,21.447,20.847,21.845499,65.0,63.0,64.0,63.0,64.0,65.0,55.0,7,summer,62.71,20.87,20.247,62.0
1,2024-07-11 08:00:00+00:00,22.497,22.747,22.447,22.897,23.796999,22.897,24.6455,59.0,57.0,60.0,57.0,57.0,61.0,46.0,7,summer,56.71,23.13,22.447,57.0
1,2024-07-11 09:00:00+00:00,24.497,24.647,24.197,24.697,25.546999,24.497,26.7955,54.0,52.0,56.0,52.0,51.0,56.0,38.0,7,summer,51.29,24.98,24.397,51.0
1,2024-07-11 10:00:00+00:00,25.697,25.796999,25.546999,25.897,26.296999,25.497,27.9455,47.0,46.0,50.0,47.0,48.0,52.0,33.0,7,summer,46.14,26.1,25.747,46.0
1,2024-07-11 11:00:00+00:00,26.147,26.147,26.046999,26.647,26.397,26.147,28.4455,44.0,43.0,45.0,43.0,47.0,48.0,30.0,7,summer,42.86,26.57,26.197,42.0
1,2024-07-11 12:00:00+00:00,26.097,26.647,26.796999,26.697,27.397,26.847,27.095499,44.0,40.0,42.0,41.0,39.0,41.0,36.0,7,summer,40.43,26.8,26.447,41.0
1,2024-07-11 13:00:00+00:00,26.347,26.697,26.747,26.747,27.497,26.947,25.3955,45.0,41.0,42.0,40.0,38.0,40.0,43.0,7,summer,41.29,26.63,26.397,41.0
1,2024-07-11 14:00:00+00:00,26.097,26.447,26.497,26.347,27.247,26.796999,22.8955,46.0,40.0,42.0,42.0,39.0,41.0,55.0,7,summer,43.57,26.05,26.197,43.0
1,2024-07-11 15:00:00+00:00,25.296999,25.397,24.597,25.397,26.497,26.046999,20.7955,46.0,43.0,48.0,44.0,42.0,43.0,64.0,7,summer,47.14,24.86,25.597,45.0
1,2024-07-11 16:00:00+00:00,22.147,22.796999,22.247,23.497,24.847,24.397,19.4955,54.0,55.0,52.0,48.0,46.0,48.0,69.0,7,summer,53.14,22.78,22.697,57.0
1,2024-07-11 17:00:00+00:00,20.296999,20.947,20.097,21.046999,22.697,22.197,18.5455,58.0,59.0,57.0,54.0,52.0,56.0,71.0,7,summer,58.14,20.83,20.597,58.0
1,2024-07-11 18:00:00+00:00,19.147,18.796999,18.847,19.296999,20.847,20.296999,17.9955,65.0,61.0,65.0,62.0,58.0,63.0,70.0,7,summer,63.43,19.32,19.597,62.0
1,2024-07-11 19:00:00+00:00,18.546999,17.747,18.197,18.397,19.747,19.147,16.8955,68.0,65.0,67.0,65.0,64.0,69.0,74.0,7,summer,67.43,18.38,18.697,66.0
1,2024-07-11 20:00:00+00:00,18.347,17.397,17.647,17.947,19.046999,18.296999,15.8955,70.0,67.0,70.0,67.0,69.0,75.0,78.0,7,summer,70.86,17.8,18.147,71.0
1,2024-07-11 21:00:00+00:00,17.947,16.947,17.247,17.447,18.296999,17.546999,15.0955,71.0,70.0,74.0,69.0,74.0,80.0,82.0,7,summer,74.29,17.22,17.647,76.0
1,2024-07-11 22:00:00+00:00,17.197,16.047,16.997,16.697,17.397,16.796999,14.5955,73.0,75.0,74.0,72.0,78.0,83.0,85.0,7,summer,77.14,16.53,17.046999,79.0
1,2024-07-11 23:00:00+00:00,16.247,15.297,16.497,15.847,16.546999,16.147,14.2955,74.0,80.0,75.0,76.0,82.0,85.0,88.0,7,summer,80.0,15.84,15.896999,85.0
1,2024-07-12 00:00:00+00:00,14.797,15.097,15.547,15.247,15.646999,16.347,14.2955,74.0,76.0,83.0,81.0,82.0,83.0,86.0,7,summer,80.71,15.28,14.597,88.0
1,2024-07-12 01:00:00+00:00,14.146999,14.347,14.896999,14.547,14.847,16.047,13.7955,77.0,78.0,86.0,84.0,85.0,85.0,88.0,7,summer,83.29,14.66,13.697,91.0
1,2024-07-12 02:00:00+00:00,13.747,13.697,14.447,13.947,14.247,15.896999,13.3455,77.0,81.0,88.0,86.0,88.0,86.0,91.0,7,summer,85.29,14.19,12.797,90.0
1,2024-07-12 03:00:00+00:00,13.497,13.247,14.097,13.947,14.247,16.147,13.5955,78.0,82.0,89.0,87.0,88.0,86.0,90.0,7,summer,85.71,14.11,12.146999,88.0
1,2024-07-12 04:00:00+00:00,13.297,12.896999,13.597,14.847,15.247,16.897,14.8455,79.0,82.0,91.0,85.0,85.0,84.0,85.0,7,summer,84.43,14.52,11.646999,88.0
1,2024-07-12 05:00:00+00:00,14.947,14.447,15.197,16.347,16.897,17.997,16.7455,78.0,80.0,86.0,81.0,80.0,81.0,76.0,7,summer,80.29,16.08,13.396999,85.0
1,2024-07-12 06:00:00+00:00,17.647,18.296999,18.197,18.197,18.597,19.347,18.8955,69.0,66.0,70.0,73.0,74.0,77.0,66.0,7,summer,70.71,18.45,17.397,69.0
1,2024-07-12 07:00:00+00:00,19.997,20.647,20.197,19.897,20.296999,21.097,21.6955,57.0,56.0,60.0,67.0,68.0,70.0,57.0,7,summer,62.14,20.55,19.997,59.0
1,2024-07-12 08:00:00+00:00,22.147,22.597,22.296999,21.796999,21.997,23.097,24.7955,50.0,52.0,52.0,61.0,62.0,61.0,49.0,7,summer,55.29,22.68,21.897,53.0
1,2024-07-12 09:00:00+00:00,24.147,24.247,24.147,23.397,23.497,24.747,26.9955,46.0,47.0,45.0,55.0,57.0,54.0,42.0,7,summer,49.43,24.45,23.497,49.0
1,2024-07-12 10:00:00+00:00,25.546999,25.147,25.296999,24.546999,24.647,25.796999,27.6455,43.0,44.0,42.0,51.0,52.0,49.0,38.0,7,summer,45.57,25.52,24.747,44.0
1,2024-07-12 11:00:00+00:00,25.947,26.097,26.097,25.347,25.546999,26.447,27.3955,41.0,41.0,41.0,47.0,48.0,46.0,36.0,7,summer,42.86,26.13,25.447,42.0
1,2024-07-12 12:00:00+00:00,26.497,26.046999,26.347,25.247,26.097,27.247,26.4955,36.0,42.0,40.0,45.0,44.0,39.0,38.0,7,summer,40.57,26.28,26.897,36.0
1,2024-07-12 13:00:00+00:00,26.597,26.147,26.347,25.147,25.947,27.296999,24.7955,35.0,41.0,40.0,44.0,43.0,38.0,45.0,7,summer,40.86,26.04,26.796999,37.0
1,2024-07-12 14:00:00+00:00,26.197,25.397,25.847,24.697,25.347,27.046999,22.2455,35.0,42.0,40.0,44.0,44.0,39.0,56.0,7,summer,42.86,25.25,26.447,37.0
1,2024-07-12 15:00:00+00:00,24.697,23.597,24.447,23.847,24.347,26.296999,20.095499,40.0,46.0,43.0,45.0,46.0,42.0,65.0,7,summer,46.71,23.9,25.397,38.0
1,2024-07-12 16:00:00+00:00,21.947,21.497,22.347,22.447,22.747,24.647,18.595499,48.0,53.0,48.0,49.0,51.0,47.0,72.0,7,summer,52.57,22.03,22.397,46.0
1,2024-07-12 17:00:00+00:00,20.247,19.597,20.347,20.647,20.697,22.546999,17.3955,55.0,60.0,55.0,55.0,58.0,53.0,77.0,7,summer,59.0,20.21,20.347,52.0
1,2024-07-12 18:00:00+00:00,19.097,18.697,19.397,19.147,18.997,20.747,18.095499,60.0,64.0,61.0,62.0,64.0,59.0,71.0,7,summer,63.0,19.17,18.647,61.0
1,2024-07-12 19:00:00+00:00,17.997,17.697,18.397,18.046999,17.897,19.747,18.095499,66.0,69.0,66.0,66.0,68.0,62.0,71.0,7,summer,66.86,18.27,17.847,65.0
1,2024-07-12 20:00:00+00:00,16.697,16.796999,17.546999,17.197,17.147,19.147,18.3955,72.0,74.0,69.0,70.0,72.0,64.0,69.0,7,summer,70.0,17.56,16.697,71.0
1,2024-07-12 21:00:00+00:00,15.547,15.947,16.497,16.546999,16.546999,18.497,18.3955,76.0,77.0,73.0,73.0,75.0,67.0,68.0,7,summer,72.71,16.85,15.547,76.0
1,2024-07-12 22:00:00+00:00,14.847,15.396999,15.747,16.197,16.047,17.697,17.7455,77.0,77.0,76.0,76.0,77.0,71.0,70.0,7,summer,74.86,16.24,14.747,79.0
1,2024-07-12 23:00:00+00:00,14.547,15.297,15.347,16.047,15.646999,16.947,16.845499,79.0,77.0,78.0,79.0,78.0,76.0,74.0,7,summer,77.29,15.81,14.396999,80.0
1,2024-07-13 00:00:00+00:00,13.747,14.896999,15.247,14.997,15.847,15.997,16.595499,88.0,84.0,82.0,85.0,75.0,82.0,75.0,7,summer,81.57,15.33,14.047,82.0
1,2024-07-13 01:00:00+00:00,13.347,14.396999,14.896999,14.547,15.297,15.347,15.3955,91.0,88.0,85.0,87.0,79.0,84.0,80.0,7,summer,84.86,14.75,13.697,86.0
1,2024-07-13 02:00:00+00:00,13.097,14.146999,14.597,14.197,14.697,14.747,13.945499,92.0,90.0,86.0,89.0,84.0,85.0,85.0,7,summer,87.29,14.2,13.297,90.0
1,2024-07-13 03:00:00+00:00,12.896999,14.047,14.297,14.396999,14.597,14.697,13.3955,92.0,90.0,87.0,88.0,86.0,84.0,87.0,7,summer,87.71,14.05,13.047,91.0
1,2024-07-13 04:00:00+00:00,12.896999,14.097,14.047,15.497,15.297,15.497,14.3955,92.0,88.0,88.0,84.0,85.0,81.0,82.0,7,summer,85.71,14.53,13.047,91.0
1,2024-07-13 05:00:00+00:00,15.097,15.997,15.847,17.097,16.546999,16.897,16.345499,85.0,82.0,82.0,78.0,81.0,75.0,72.0,7,summer,79.29,16.26,15.247,85.0
1,2024-07-13 06:00:00+00:00,18.697,18.997,19.147,18.847,18.046999,18.597,18.6955,70.0,70.0,68.0,70.0,76.0,69.0,67.0,7,summer,70.0,18.72,18.697,70.0
1,2024-07-13 07:00:00+00:00,21.046999,21.247,21.197,20.796999,19.897,20.796999,21.0455,60.0,60.0,60.0,64.0,69.0,61.0,57.0,7,summer,61.57,20.86,21.147,62.0
1,2024-07-13 08:00:00+00:00,23.296999,23.447,23.296999,22.897,21.947,23.347,23.5455,53.0,53.0,53.0,57.0,61.0,52.0,47.0,7,summer,53.71,23.11,23.497,55.0
1,2024-07-13 09:00:00+00:00,25.097,24.997,24.847,24.597,23.647,25.347,25.3955,47.0,47.0,47.0,51.0,54.0,44.0,40.0,7,summer,47.14,24.85,25.447,46.0
1,2024-07-13 10:00:00+00:00,26.147,25.497,25.546999,25.597,24.697,26.497,26.4955,43.0,44.0,44.0,46.0,49.0,38.0,36.0,7,summer,42.86,25.78,26.447,39.0
1,2024-07-13 11:00:00+00:00,26.197,25.697,26.097,26.147,25.296999,27.097,26.9955,40.0,43.0,42.0,43.0,46.0,33.0,34.0,7,summer,40.14,26.22,27.296999,37.0
1,2024-07-13 12:00:00+00:00,27.097,26.697,26.647,26.347,25.647,26.647,27.3955,37.0,39.0,40.0,40.0,43.0,39.0,35.0,7,summer,39.0,26.64,27.147,38.0
1,2024-07-13 13:00:00+00:00,26.847,26.747,26.447,26.497,25.647,26.796999,25.5455,39.0,38.0,40.0,39.0,42.0,37.0,42.0,7,summer,39.57,26.36,26.847,40.0
1,2024-07-13 14:00:00+00:00,26.647,26.347,26.147,26.347,25.296999,26.597,22.7455,40.0,38.0,41.0,39.0,42.0,36.0,51.0,7,summer,41.0,25.73,26.447,41.0
1,2024-07-13 15:00:00+00:00,25.897,25.647,25.347,25.647,24.447,25.796999,20.2955,41.0,40.0,43.0,41.0,44.0,38.0,60.0,7,summer,43.86,24.73,25.847,43.0
1,2024-07-13 16:00:00+00:00,23.247,22.947,22.697,23.947,22.697,24.046999,18.6955,53.0,51.0,55.0,47.0,50.0,43.0,66.0,7,summer,52.14,22.61,23.197,53.0
1,2024-07-13 17:00:00+00:00,21.296999,20.897,20.947,21.747,20.447,21.697,17.5455,59.0,59.0,62.0,54.0,58.0,51.0,70.0,7,summer,59.0,20.65,21.147,60.0
1,2024-07-13 18:00:00+00:00,19.497,19.647,19.296999,19.597,18.497,19.597,17.4955,65.0,64.0,65.0,63.0,66.0,59.0,72.0,7,summer,64.86,19.09,19.347,67.0
1,2024-07-13 19:00:00+00:00,18.247,18.347,18.647,18.597,17.197,18.046999,17.1455,69.0,68.0,65.0,66.0,72.0,66.0,72.0,7,summer,68.29,18.03,18.697,67.0
1,2024-07-13 20:00:00+00:00,16.947,16.997,17.947,18.147,16.247,16.697,17.095499,73.0,72.0,67.0,66.0,77.0,72.0,70.0,7,summer,71.0,17.15,18.296999,67.0
1,2024-07-13 21:00:00+00:00,15.847,15.896999,17.447,17.597,15.547,15.697,16.8955,78.0,77.0,70.0,68.0,80.0,77.0,70.0,7,summer,74.29,16.42,17.597,70.0
1,2024-07-13 22:00:00+00:00,15.047,14.896999,17.046999,16.796999,15.197,15.097,16.2955,81.0,82.0,73.0,72.0,81.0,81.0,72.0,7,summer,77.43,15.77,16.847,74.0
1,2024-07-13 23:00:00+00:00,14.247,14.197,16.597,15.997,15.047,14.747,15.4955,85.0,85.0,75.0,78.0,81.0,84.0,76.0,7,summer,80.57,15.19,16.047,78.0
1,2024-07-14 00:00:00+00:00,13.797,13.197,13.947,15.347,15.947,15.247,15.695499,87.0,89.0,85.0,82.0,79.0,81.0,77.0,7,summer,82.86,14.74,16.147,80.0
1,2024-07-14 01:00:00+00:00,13.047,12.547,13.297,14.797,15.297,14.747,14.7455,92.0,92.0,90.0,84.0,82.0,84.0,81.0,7,summer,86.43,14.07,15.797,82.0
1,2024-07-14 02:00:00+00:00,12.646999,12.396999,12.997,14.396999,14.597,14.297,13.7955,93.0,94.0,93.0,86.0,85.0,87.0,85.0,7,summer,89.0,13.59,15.297,86.0
1,2024-07-14 03:00:00+00:00,12.347,12.497,12.896999,14.547,14.547,14.396999,13.695499,94.0,94.0,93.0,86.0,86.0,88.0,86.0,7,summer,89.57,13.56,14.896999,88.0
1,2024-07-14 04:00:00+00:00,12.146999,12.597,12.847,15.597,15.497,15.447,14.7455,94.0,93.0,93.0,82.0,82.0,85.0,81.0,7,summer,87.14,14.13,14.797,88.0
1,2024-07-14 05:00:00+00:00,14.447,14.646999,14.896999,17.247,17.147,17.046999,16.6455,87.0,88.0,87.0,76.0,76.0,79.0,71.0,7,summer,80.57,16.01,16.347,83.0
1,2024-07-14 06:00:00+00:00,18.497,18.497,18.597,18.997,18.997,18.847,19.095499,72.0,69.0,73.0,71.0,69.0,72.0,63.0,7,summer,69.86,18.79,18.947,71.0
1,2024-07-14 07:00:00+00:00,21.197,20.897,21.046999,21.046999,21.197,20.947,22.0455,63.0,60.0,65.0,63.0,62.0,65.0,53.0,7,summer,61.57,21.2,20.947,65.0
1,2024-07-14 08:00:00+00:00,23.747,23.247,23.347,23.347,23.697,23.197,25.2955,55.0,54.0,58.0,55.0,54.0,57.0,41.0,7,summer,53.43,23.7,23.046999,58.0
1,2024-07-14 09:00:00+00:00,25.147,25.046999,24.947,25.147,25.597,24.997,27.6955,48.0,47.0,49.0,48.0,48.0,50.0,33.0,7,summer,46.14,25.51,24.747,51.0
1,2024-07-14 10:00:00+00:00,26.247,25.897,25.847,26.147,26.647,25.947,28.5455,42.0,41.0,43.0,44.0,43.0,45.0,29.0,7,summer,41.0,26.47,25.796999,46.0
1,2024-07-14 11:00:00+00:00,27.197,26.796999,26.796999,26.597,27.097,26.447,28.5455,39.0,38.0,40.0,41.0,39.0,41.0,27.0,7,summer,37.86,27.07,26.497,40.0
1,2024-07-14 12:00:00+00:00,27.097,27.397,27.247,26.546999,27.197,26.397,27.2955,38.0,37.0,38.0,40.0,36.0,39.0,31.0,7,summer,37.0,27.03,26.647,40.0
1,2024-07-14 13:00:00+00:00,27.347,27.647,27.447,26.597,27.247,26.447,26.095499,37.0,36.0,37.0,39.0,35.0,37.0,36.0,7,summer,36.71,26.98,26.847,41.0
1,2024-07-14 14:00:00+00:00,27.097,27.296999,27.097,26.347,26.997,26.296999,24.345499,37.0,36.0,37.0,38.0,35.0,36.0,45.0,7,summer,37.71,26.5,26.397,40.0
1,2024-07-14 15:00:00+00:00,26.147,26.296999,26.197,25.747,26.197,25.597,22.7955,38.0,37.0,38.0,40.0,38.0,38.0,52.0,7,summer,40.14,25.57,25.497,42.0
1,2024-07-14 16:00:00+00:00,23.546999,23.597,23.546999,24.546999,24.497,23.897,21.6955,46.0,45.0,46.0,44.0,44.0,45.0,56.0,7,summer,46.57,23.62,23.447,49.0
1,2024-07-14 17:00:00+00:00,21.046999,21.147,21.546999,22.947,22.347,21.647,20.7455,57.0,55.0,54.0,50.0,53.0,54.0,60.0,7,summer,54.71,21.63,21.796999,58.0
1,2024-07-14 18:00:00+00:00,20.147,20.697,19.247,21.796999,20.597,19.697,19.7955,67.0,62.0,64.0,58.0,61.0,62.0,64.0,7,summer,62.57,20.28,20.796999,68.0
1,2024-07-14 19:00:00+00:00,19.296999,20.197,19.546999,20.697,19.897,18.397,18.595499,68.0,66.0,70.0,65.0,67.0,67.0,69.0,7,summer,67.43,19.52,20.147,72.0
1,2024-07-14 20:00:00+00:00,18.046999,19.046999,18.847,19.747,19.647,17.397,17.3955,71.0,71.0,76.0,72.0,71.0,70.0,74.0,7,summer,72.14,18.59,19.447,73.0
1,2024-07-14 21:00:00+00:00,17.447,17.747,18.046999,18.897,19.097,16.447,16.3955,75.0,76.0,79.0,78.0,76.0,74.0,77.0,7,summer,76.43,17.73,18.597,76.0
1,2024-07-14 22:00:00+00:00,16.997,16.546999,16.447,18.147,17.897,15.447,15.7955,77.0,81.0,86.0,82.0,81.0,78.0,78.0,7,summer,80.43,16.75,18.197,79.0
1,2024-07-14 23:00:00+00:00,16.747,15.896999,15.896999,17.447,16.397,14.497,15.445499,77.0,84.0,86.0,84.0,87.0,83.0,78.0,7,summer,82.71,16.05,17.697,82.0
1,2024-07-15 00:00:00+00:00,16.347,17.097,14.497,16.947,15.997,14.646999,15.195499,80.0,79.0,87.0,84.0,84.0,87.0,76.0,7,summer,82.43,15.82,17.097,87.0
1,2024-07-15 01:00:00+00:00,16.296999,16.597,14.497,16.347,15.047,14.047,14.6455,78.0,79.0,85.0,84.0,86.0,88.0,77.0,7,summer,82.43,15.35,16.647,88.0
1,2024-07-15 02:00:00+00:00,15.947,15.896999,14.247,15.847,14.197,13.747,14.195499,79.0,81.0,85.0,84.0,87.0,88.0,78.0,7,summer,83.14,14.87,16.097,88.0
1,2024-07-15 03:00:00+00:00,14.997,15.047,13.646999,15.947,14.146999,14.047,14.3955,83.0,83.0,87.0,82.0,86.0,86.0,77.0,7,summer,83.43,14.6,15.547,88.0
1,2024-07-15 04:00:00+00:00,14.047,14.146999,12.997,16.897,15.347,15.347,15.6455,86.0,86.0,89.0,77.0,80.0,81.0,72.0,7,summer,81.57,14.92,14.847,87.0
1,2024-07-15 05:00:00+00:00,15.646999,15.747,14.797,18.447,17.397,17.296999,17.5455,81.0,81.0,84.0,70.0,71.0,74.0,65.0,7,summer,75.14,16.7,16.497,82.0
1,2024-07-15 06:00:00+00:00,19.397,19.747,18.947,20.197,19.546999,19.296999,19.2955,61.0,61.0,65.0,64.0,63.0,67.0,63.0,7,summer,63.43,19.49,19.747,66.0
1,2024-07-15 07:00:00+00:00,21.697,21.997,21.796999,21.947,21.796999,21.397,22.1955,53.0,52.0,55.0,56.0,56.0,59.0,54.0,7,summer,55.0,21.83,22.046999,58.0
1,2024-07-15 08:00:00+00:00,23.897,24.247,24.247,23.796999,24.147,23.546999,25.4455,48.0,46.0,49.0,48.0,49.0,51.0,44.0,7,summer,47.86,24.19,24.147,50.0
1,2024-07-15 09:00:00+00:00,25.647,26.046999,25.997,25.197,25.997,25.296999,27.7955,44.0,41.0,42.0,42.0,43.0,45.0,37.0,7,summer,42.0,26.0,25.796999,44.0
1,2024-07-15 10:00:00+00:00,26.796999,27.296999,26.997,25.897,26.997,26.347,28.595499,39.0,35.0,37.0,39.0,39.0,41.0,33.0,7,summer,37.57,26.99,26.247,40.0
1,2024-07-15 11:00:00+00:00,26.847,27.447,27.597,26.147,27.447,26.997,28.4455,37.0,35.0,35.0,39.0,37.0,38.0,31.0,7,summer,36.0,27.28,26.597,40.0
1,2024-07-15 12:00:00+00:00,26.796999,27.497,27.947,26.347,26.947,27.597,27.6955,39.0,35.0,34.0,39.0,39.0,36.0,33.0,7,summer,36.43,27.26,27.497,38.0
1,2024-07-15 13:00:00+00:00,26.796999,27.247,27.597,26.447,26.847,27.497,26.8955,40.0,36.0,35.0,38.0,39.0,36.0,36.0,7,summer,37.14,27.05,27.397,38.0
1,2024-07-15 14:00:00+00:00,26.647,26.796999,27.097,26.347,26.497,26.997,25.7455,40.0,36.0,35.0,38.0,39.0,36.0,42.0,7,summer,38.0,26.59,26.947,38.0
1,2024-07-15 15:00:00+00:00,25.747,25.897,26.247,25.796999,25.747,26.197,24.4955,42.0,38.0,37.0,40.0,41.0,38.0,48.0,7,summer,40.57,25.73,25.997,41.0
1,2024-07-15 16:00:00+00:00,23.247,23.847,23.897,24.296999,24.397,24.847,23.095499,50.0,44.0,45.0,46.0,46.0,42.0,54.0,7,summer,46.71,23.95,23.497,53.0
1,2024-07-15 17:00:00+00:00,21.647,22.247,22.197,22.347,22.747,23.147,21.6455,56.0,50.0,50.0,54.0,52.0,47.0,60.0,7,summer,52.71,22.28,21.447,69.0
1,2024-07-15 18:00:00+00:00,20.947,20.447,21.147,20.697,21.296999,21.697,19.9955,72.0,58.0,55.0,64.0,58.0,53.0,64.0,7,summer,60.57,20.89,20.897,66.0
1,2024-07-15 19:00:00+00:00,19.597,19.097,20.097,19.546999,20.447,20.796999,18.8955,81.0,69.0,62.0,71.0,64.0,59.0,69.0,7,summer,67.86,19.78,20.247,71.0
1,2024-07-15 20:00:00+00:00,18.847,18.397,18.796999,18.647,19.847,20.147,17.7955,86.0,73.0,70.0,76.0,71.0,66.0,74.0,7,summer,73.71,18.93,20.097,71.0
1,2024-07-15 21:00:00+00:00,18.647,17.847,18.347,17.897,19.197,19.497,16.8955,88.0,74.0,74.0,81.0,76.0,71.0,78.0,7,summer,77.43,18.33,18.697,77.0
1,2024-07-15 22:00:00+00:00,18.447,16.796999,17.747,17.247,18.347,18.747,16.2955,87.0,79.0,77.0,85.0,80.0,75.0,80.0,7,summer,80.43,17.66,17.997,82.0
1,2024-07-15 23:00:00+00:00,18.046999,15.547,16.697,16.697,17.447,18.046999,15.945499,88.0,85.0,82.0,88.0,84.0,78.0,81.0,7,summer,83.71,16.92,17.647,85.0
1,2024-07-16 00:00:00+00:00,17.247,15.597,15.197,16.147,15.947,17.647,15.0955,87.0,84.0,92.0,84.0,84.0,80.0,82.0,7,summer,84.71,16.13,17.597,87.0
1,2024-07-16 01:00:00+00:00,17.147,15.297,14.847,15.497,15.396999,16.997,14.4955,86.0,84.0,91.0,86.0,86.0,81.0,83.0,7,summer,85.29,15.67,17.296999,90.0
1,2024-07-16 02:00:00+00:00,16.897,15.146999,14.747,14.997,14.997,16.397,13.945499,87.0,83.0,90.0,86.0,87.0,81.0,83.0,7,summer,85.29,15.3,17.097,91.0
1,2024-07-16 03:00:00+00:00,16.796999,14.896999,14.646999,15.146999,15.146999,16.347,14.0955,86.0,83.0,89.0,85.0,86.0,80.0,81.0,7,summer,84.29,15.3,16.847,93.0
1,2024-07-16 04:00:00+00:00,16.597,14.497,14.497,16.197,16.247,17.097,15.3455,86.0,84.0,89.0,81.0,81.0,76.0,76.0,7,summer,81.86,15.78,16.847,93.0
1,2024-07-16 05:00:00+00:00,17.647,16.047,16.197,17.847,17.947,18.397,17.345499,83.0,82.0,83.0,76.0,74.0,71.0,69.0,7,summer,76.86,17.35,17.847,89.0
1,2024-07-16 06:00:00+00:00,20.247,20.097,19.647,19.796999,19.747,19.847,19.6955,72.0,66.0,66.0,69.0,67.0,65.0,63.0,7,summer,66.86,19.87,20.397,79.0
1,2024-07-16 07:00:00+00:00,22.197,22.347,22.347,21.947,21.647,21.597,22.4455,64.0,59.0,56.0,58.0,60.0,59.0,55.0,7,summer,58.71,22.08,22.647,62.0
1,2024-07-16 08:00:00+00:00,23.397,24.247,24.347,24.197,23.597,23.546999,25.4955,56.0,51.0,49.0,47.0,53.0,53.0,45.0,7,summer,50.57,24.12,24.147,53.0
1,2024-07-16 09:00:00+00:00,24.546999,25.397,25.897,25.847,24.947,25.046999,27.6955,49.0,43.0,41.0,38.0,47.0,48.0,38.0,7,summer,43.43,25.63,25.046999,47.0
1,2024-07-16 10:00:00+00:00,25.347,26.397,27.147,26.497,25.347,25.947,28.4455,46.0,38.0,36.0,35.0,44.0,43.0,34.0,7,summer,39.43,26.45,26.046999,43.0
1,2024-07-16 11:00:00+00:00,26.347,26.897,27.447,26.497,25.197,26.447,28.2955,43.0,38.0,35.0,35.0,42.0,39.0,32.0,7,summer,37.71,26.73,26.447,41.0
1,2024-07-16 12:00:00+00:00,26.897,26.947,27.897,27.046999,25.796999,26.796999,26.7955,41.0,39.0,35.0,34.0,38.0,38.0,34.0,7,summer,37.0,26.88,27.046999,41.0
1,2024-07-16 13:00:00+00:00,26.546999,26.647,27.497,26.897,25.796999,26.697,25.845499,41.0,39.0,36.0,33.0,37.0,37.0,38.0,7,summer,37.29,26.56,26.947,40.0
1,2024-07-16 14:00:00+00:00,26.247,26.397,27.097,26.447,25.546999,26.147,24.4455,41.0,38.0,35.0,33.0,37.0,37.0,45.0,7,summer,38.0,26.05,26.697,40.0
1,2024-07-16 15:00:00+00:00,25.546999,25.747,26.296999,25.497,24.847,25.296999,22.9955,43.0,39.0,36.0,36.0,39.0,40.0,52.0,7,summer,40.71,25.18,25.397,44.0
1,2024-07-16 16:00:00+00:00,23.147,23.597,23.947,23.747,23.497,23.897,21.345499,50.0,47.0,42.0,44.0,43.0,48.0,58.0,7,summer,47.43,23.31,22.847,65.0
1,2024-07-16 17:00:00+00:00,21.046999,22.347,22.147,21.497,21.796999,22.197,19.6455,68.0,53.0,48.0,56.0,50.0,59.0,63.0,7,summer,56.71,21.53,22.197,61.0
1,2024-07-16 18:00:00+00:00,20.847,21.497,20.247,19.747,20.247,20.697,18.4955,61.0,63.0,56.0,65.0,56.0,68.0,64.0,7,summer,61.86,20.25,21.147,69.0
1,2024-07-16 19:00:00+00:00,18.947,19.497,19.447,18.347,19.097,19.697,17.5455,72.0,74.0,65.0,73.0,62.0,73.0,67.0,7,summer,69.43,18.94,19.647,78.0
1,2024-07-16 20:00:00+00:00,18.597,18.397,17.947,17.197,18.197,18.947,16.9455,76.0,82.0,73.0,80.0,69.0,75.0,70.0,7,summer,75.0,18.03,18.796999,84.0
1,2024-07-16 21:00:00+00:00,18.347,18.046999,17.296999,16.347,17.347,18.247,16.3955,79.0,85.0,78.0,85.0,74.0,78.0,73.0,7,summer,78.86,17.43,18.046999,89.0
1,2024-07-16 22:00:00+00:00,17.546999,17.647,16.497,15.847,16.597,17.447,15.8455,83.0,87.0,84.0,88.0,78.0,81.0,76.0,7,summer,82.43,16.78,17.897,89.0
1,2024-07-16 23:00:00+00:00,16.997,17.546999,16.047,15.547,15.947,16.747,15.445499,86.0,86.0,86.0,90.0,80.0,84.0,79.0,7,summer,84.43,16.33,17.747,88.0
1,2024-07-17 00:00:00+00:00,15.947,17.046999,15.646999,14.447,14.847,15.646999,15.2955,86.0,86.0,90.0,95.0,93.0,88.0,82.0,7,summer,88.57,15.55,17.097,89.0
1,2024-07-17 01:00:00+00:00,15.447,16.697,15.197,13.896999,14.146999,15.097,15.3955,87.0,87.0,91.0,96.0,94.0,89.0,80.0,7,summer,89.14,15.13,16.546999,90.0
1,2024-07-17 02:00:00+00:00,14.847,16.047,15.047,13.547,13.597,14.697,15.695499,88.0,89.0,91.0,96.0,95.0,89.0,77.0,7,summer,89.29,14.78,15.847,91.0
1,2024-07-17 03:00:00+00:00,14.497,15.547,15.047,13.896999,13.797,14.896999,16.2955,88.0,89.0,89.0,93.0,93.0,87.0,73.0,7,summer,87.43,14.85,15.297,92.0
1,2024-07-17 04:00:00+00:00,14.447,15.197,14.896999,15.447,15.197,16.047,17.1955,89.0,89.0,89.0,87.0,87.0,83.0,69.0,7,summer,84.71,15.49,15.347,91.0
1,2024-07-17 05:00:00+00:00,16.197,16.697,16.897,17.697,17.397,17.796999,18.3955,84.0,85.0,81.0,78.0,78.0,77.0,65.0,7,summer,78.29,17.3,16.796999,86.0
1,2024-07-17 06:00:00+00:00,19.597,19.847,20.147,20.147,19.647,19.697,19.7955,72.0,73.0,68.0,69.0,69.0,70.0,62.0,7,summer,69.0,19.84,19.447,75.0
1,2024-07-17 07:00:00+00:00,21.647,21.947,22.447,22.097,21.947,21.796999,22.6455,64.0,65.0,59.0,60.0,60.0,62.0,53.0,7,summer,60.43,22.08,21.546999,68.0
1,2024-07-17 08:00:00+00:00,23.897,24.147,24.597,23.997,24.397,24.046999,25.9455,56.0,56.0,52.0,51.0,51.0,53.0,43.0,7,summer,51.71,24.43,23.847,58.0
1,2024-07-17 09:00:00+00:00,25.397,25.796999,25.947,25.397,26.247,25.847,28.095499,47.0,47.0,44.0,44.0,43.0,46.0,36.0,7,summer,43.86,26.1,25.347,47.0
1,2024-07-17 10:00:00+00:00,26.046999,26.647,27.046999,26.147,27.296999,26.847,28.4455,42.0,43.0,40.0,40.0,38.0,41.0,33.0,7,summer,39.57,26.93,25.597,44.0
1,2024-07-17 11:00:00+00:00,26.497,27.296999,27.447,26.447,27.847,27.397,27.6955,41.0,40.0,37.0,39.0,35.0,38.0,32.0,7,summer,37.43,27.23,24.897,44.0
1,2024-07-17 12:00:00+00:00,25.247,27.796999,27.097,27.747,26.796999,27.546999,28.1955,45.0,38.0,38.0,36.0,36.0,35.0,30.0,7,summer,36.86,27.2,24.747,47.0
1,2024-07-17 13:00:00+00:00,25.546999,27.897,27.597,27.796999,26.947,27.647,27.5455,45.0,35.0,35.0,34.0,33.0,34.0,32.0,7,summer,35.43,27.28,24.647,47.0
1,2024-07-17 14:00:00+00:00,25.647,27.497,27.647,27.497,26.897,27.497,26.4955,45.0,35.0,34.0,33.0,31.0,33.0,37.0,7,summer,35.43,27.03,24.546999,47.0
1,2024-07-17 15:00:00+00:00,24.847,26.597,26.897,26.647,26.247,26.697,25.095499,50.0,36.0,35.0,34.0,33.0,35.0,43.0,7,summer,38.0,26.15,23.997,51.0
1,2024-07-17 16:00:00+00:00,22.897,24.546999,24.397,24.897,24.597,24.796999,23.095499,60.0,42.0,41.0,39.0,44.0,41.0,51.0,7,summer,45.43,24.18,22.697,59.0
1,2024-07-17 17:00:00+00:00,21.546999,22.247,21.947,22.597,22.347,22.247,20.7455,63.0,53.0,51.0,47.0,60.0,51.0,59.0,7,summer,54.86,21.95,20.897,67.0
1,2024-07-17 18:00:00+00:00,19.647,21.147,21.197,19.947,20.397,20.046999,19.4955,71.0,58.0,58.0,56.0,73.0,59.0,64.0,7,summer,62.71,20.27,19.947,69.0
1,2024-07-17 19:00:00+00:00,18.947,20.197,20.347,18.897,19.046999,18.597,18.4955,73.0,62.0,62.0,63.0,80.0,66.0,69.0,7,summer,67.86,19.22,19.046999,74.0
1,2024-07-17 20:00:00+00:00,18.197,19.296999,19.497,18.397,17.947,17.497,17.7955,77.0,67.0,68.0,70.0,85.0,72.0,73.0,7,summer,73.14,18.38,18.447,78.0
1,2024-07-17 21:00:00+00:00,17.597,18.397,18.497,17.897,16.897,16.597,17.1955,80.0,73.0,71.0,76.0,88.0,77.0,76.0,7,summer,77.29,17.58,18.046999,80.0
1,2024-07-17 22:00:00+00:00,16.947,17.796999,17.897,17.197,15.797,15.896999,16.7455,82.0,74.0,73.0,80.0,91.0,82.0,77.0,7,summer,79.86,16.9,17.347,83.0
1,2024-07-17 23:00:00+00:00,16.397,17.097,17.046999,16.497,14.797,15.396999,16.4455,84.0,77.0,78.0,82.0,92.0,86.0,76.0,7,summer,82.14,16.24,16.447,86.0
1,2024-07-18 00:00:00+00:00,16.147,16.347,16.447,16.947,14.197,13.146999,15.695499,83.0,80.0,82.0,76.0,92.0,97.0,78.0,7,summer,84.0,15.56,15.447,90.0
1,2024-07-18 01:00:00+00:00,15.547,15.697,16.247,15.947,13.347,12.396999,14.945499,86.0,82.0,84.0,81.0,94.0,99.0,81.0,7,summer,86.71,14.88,14.847,92.0
1,2024-07-18 02:00:00+00:00,15.146999,14.947,15.797,14.896999,12.697,11.847,14.0955,89.0,85.0,86.0,87.0,92.0,99.0,85.0,7,summer,89.0,14.2,14.297,93.0
1,2024-07-18 03:00:00+00:00,14.847,14.297,14.847,14.646999,12.997,12.247,14.0955,90.0,88.0,90.0,90.0,89.0,96.0,85.0,7,summer,89.71,14.0,13.847,94.0
1,2024-07-18 04:00:00+00:00,14.347,13.747,13.997,15.747,14.646999,14.197,15.4955,91.0,90.0,93.0,86.0,83.0,88.0,79.0,7,summer,87.14,14.6,13.547,94.0
1,2024-07-18 05:00:00+00:00,16.047,15.747,16.097,17.647,17.197,17.097,17.7455,85.0,83.0,85.0,77.0,74.0,77.0,69.0,7,summer,78.57,16.8,15.396999,89.0
1,2024-07-18 06:00:00+00:00,19.247,19.296999,19.546999,20.097,19.796999,19.947,20.095499,71.0,67.0,68.0,67.0,65.0,66.0,60.0,7,summer,66.29,19.72,18.847,74.0
1,2024-07-18 07:00:00+00:00,21.497,21.497,21.847,22.296999,22.397,22.597,22.6455,63.0,59.0,60.0,58.0,55.0,55.0,51.0,7,summer,57.29,22.11,21.247,65.0
1,2024-07-18 08:00:00+00:00,23.847,23.897,24.197,24.697,24.997,25.197,25.345499,54.0,52.0,52.0,47.0,45.0,44.0,42.0,7,summer,48.0,24.6,23.497,55.0
1,2024-07-18 09:00:00+00:00,25.747,25.796999,26.097,26.546999,26.947,27.197,27.2955,44.0,43.0,42.0,39.0,37.0,36.0,35.0,7,summer,39.43,26.52,25.296999,43.0
1,2024-07-18 10:00:00+00:00,26.847,27.046999,27.447,27.447,27.747,28.296999,28.0455,39.0,37.0,36.0,35.0,33.0,31.0,32.0,7,summer,34.71,27.55,26.447,38.0
1,2024-07-18 11:00:00+00:00,27.347,27.497,28.147,27.796999,27.847,28.747,28.0455,36.0,34.0,31.0,32.0,31.0,28.0,30.0,7,summer,31.71,27.92,27.296999,34.0
1,2024-07-18 12:00:00+00:00,27.296999,27.197,27.097,27.747,27.546999,28.347,27.1955,34.0,36.0,33.0,33.0,29.0,30.0,33.0,7,summer,32.57,27.49,27.046999,35.0
1,2024-07-18 13:00:00+00:00,27.247,27.147,26.997,27.747,27.447,28.247,26.4955,33.0,35.0,31.0,31.0,28.0,29.0,35.0,7,summer,31.71,27.33,26.647,34.0
1,2024-07-18 14:00:00+00:00,27.197,26.747,27.147,27.447,27.097,27.847,25.3955,32.0,34.0,29.0,29.0,28.0,28.0,39.0,7,summer,31.29,26.98,26.347,34.0
1,2024-07-18 15:00:00+00:00,26.397,25.647,26.497,26.647,26.197,26.947,24.1955,33.0,37.0,30.0,30.0,30.0,30.0,44.0,7,summer,33.43,26.08,25.697,35.0
1,2024-07-18 16:00:00+00:00,24.197,23.497,23.597,24.947,24.347,25.247,22.8955,42.0,46.0,38.0,36.0,35.0,34.0,48.0,7,summer,39.86,24.1,24.097,48.0
1,2024-07-18 17:00:00+00:00,21.897,21.997,21.347,22.747,21.897,23.046999,21.4955,53.0,54.0,47.0,45.0,43.0,41.0,53.0,7,summer,48.0,22.06,21.447,59.0
1,2024-07-18 18:00:00+00:00,20.197,20.997,20.546999,19.997,19.897,20.796999,19.2955,63.0,58.0,59.0,53.0,51.0,49.0,65.0,7,summer,56.86,20.25,20.397,64.0
1,2024-07-18 19:00:00+00:00,18.697,20.247,19.546999,18.897,18.697,18.497,18.1955,67.0,59.0,63.0,61.0,62.0,61.0,69.0,7,summer,63.14,18.97,18.747,68.0
1,2024-07-18 20:00:00+00:00,17.497,19.197,18.347,18.197,17.947,16.197,17.345499,71.0,65.0,69.0,68.0,73.0,75.0,72.0,7,summer,70.43,17.82,17.747,70.0
1,2024-07-18 21:00:00+00:00,16.697,18.296999,17.247,17.447,17.147,14.447,16.595499,76.0,73.0,74.0,74.0,82.0,86.0,74.0,7,summer,77.0,16.84,16.647,75.0
1,2024-07-18 22:00:00+00:00,15.247,17.597,16.647,16.347,16.197,13.597,15.9955,81.0,74.0,76.0,78.0,85.0,90.0,76.0,7,summer,80.0,15.95,15.646999,79.0
1,2024-07-18 23:00:00+00:00,14.646999,16.697,16.197,15.197,15.197,13.297,15.4955,82.0,78.0,76.0,80.0,85.0,91.0,78.0,7,summer,81.43,15.25,14.847,82.0
1,2024-07-19 00:00:00+00:00,14.197,15.896999,14.097,13.297,13.547,13.896999,14.9955,79.0,78.0,84.0,85.0,90.0,87.0,76.0,7,summer,82.71,14.28,14.097,86.0
1,2024-07-19 01:00:00+00:00,13.646999,15.197,13.747,12.697,12.797,13.247,14.3455,82.0,83.0,85.0,88.0,91.0,89.0,77.0,7,summer,85.0,13.67,13.847,89.0
1,2024-07-19 02:00:00+00:00,13.347,14.646999,13.597,12.146999,12.347,12.747,13.7455,88.0,85.0,86.0,91.0,91.0,89.0,78.0,7,summer,86.86,13.23,13.697,90.0
1,2024-07-19 03:00:00+00:00,13.247,14.247,13.396999,12.447,12.747,13.047,13.8955,91.0,86.0,86.0,91.0,88.0,87.0,76.0,7,summer,86.43,13.29,13.646999,90.0
1,2024-07-19 04:00:00+00:00,13.146999,13.997,13.297,14.047,14.347,14.646999,15.2955,91.0,86.0,85.0,85.0,82.0,81.0,71.0,7,summer,83.0,14.11,13.646999,89.0
1,2024-07-19 05:00:00+00:00,15.396999,15.997,15.697,16.497,16.796999,17.046999,17.4455,83.0,79.0,77.0,75.0,74.0,72.0,64.0,7,summer,74.86,16.41,15.697,82.0
1,2024-07-19 06:00:00+00:00,18.997,19.397,19.397,19.097,19.296999,19.546999,19.8955,67.0,62.0,63.0,67.0,65.0,63.0,59.0,7,summer,63.71,19.38,18.447,69.0
1,2024-07-19 07:00:00+00:00,21.397,21.747,21.897,21.546999,21.847,22.147,22.8955,59.0,56.0,57.0,58.0,56.0,53.0,50.0,7,summer,55.57,21.93,20.747,62.0
1,2024-07-19 08:00:00+00:00,23.747,24.197,24.347,24.046999,24.497,24.847,26.1955,52.0,49.0,49.0,49.0,46.0,43.0,40.0,7,summer,46.86,24.55,23.046999,55.0
1,2024-07-19 09:00:00+00:00,25.747,26.247,26.147,25.947,26.497,26.897,28.4955,46.0,43.0,41.0,41.0,38.0,35.0,32.0,7,summer,39.43,26.57,24.897,48.0
1,2024-07-19 10:00:00+00:00,26.247,27.147,26.847,26.847,27.497,27.847,29.1955,38.0,37.0,36.0,37.0,34.0,31.0,28.0,7,summer,34.43,27.38,26.147,41.0
1,2024-07-19 11:00:00+00:00,26.497,27.647,27.546999,27.147,27.847,28.147,28.9455,36.0,34.0,34.0,34.0,33.0,30.0,27.0,7,summer,32.57,27.68,26.546999,38.0
1,2024-07-19 12:00:00+00:00,26.697,27.247,27.497,27.097,27.397,27.697,28.3955,38.0,34.0,34.0,33.0,34.0,32.0,27.0,7,summer,33.14,27.43,26.397,38.0
1,2024-07-19 13:00:00+00:00,26.847,27.147,27.347,26.947,27.296999,27.397,27.595499,38.0,34.0,34.0,32.0,33.0,32.0,30.0,7,summer,33.29,27.23,26.447,38.0
1,2024-07-19 14:00:00+00:00,26.697,26.546999,27.247,26.497,26.947,26.847,26.345499,38.0,34.0,34.0,33.0,34.0,33.0,34.0,7,summer,34.29,26.73,26.097,38.0
1,2024-07-19 15:00:00+00:00,25.897,25.697,26.447,25.597,26.147,25.897,24.7955,39.0,38.0,36.0,36.0,36.0,37.0,40.0,7,summer,37.43,25.78,25.347,39.0
1,2024-07-19 16:00:00+00:00,24.046999,23.697,24.497,23.997,24.597,24.347,22.6455,48.0,46.0,45.0,42.0,41.0,46.0,48.0,7,summer,45.14,23.98,23.546999,47.0
1,2024-07-19 17:00:00+00:00,22.046999,22.046999,22.296999,21.897,22.647,22.397,20.1455,57.0,55.0,53.0,51.0,49.0,57.0,58.0,7,summer,54.29,21.93,22.097,56.0
1,2024-07-19 18:00:00+00:00,21.247,21.697,20.796999,20.647,20.847,20.747,17.9955,62.0,55.0,58.0,59.0,56.0,66.0,70.0,7,summer,60.86,20.57,21.247,61.0
1,2024-07-19 19:00:00+00:00,20.597,20.847,19.546999,18.947,19.497,19.796999,17.1955,63.0,59.0,62.0,69.0,64.0,71.0,74.0,7,summer,66.0,19.49,20.546999,64.0
1,2024-07-19 20:00:00+00:00,19.997,20.147,18.546999,17.397,18.347,19.097,16.8955,67.0,65.0,67.0,79.0,71.0,73.0,75.0,7,summer,71.0,18.63,19.697,70.0
1,2024-07-19 21:00:00+00:00,19.497,19.296999,17.747,16.296999,17.347,18.447,16.595499,70.0,69.0,73.0,86.0,78.0,76.0,76.0,7,summer,75.43,17.89,18.947,74.0
1,2024-07-19 22:00:00+00:00,18.747,17.796999,16.597,15.896999,16.497,17.597,16.1955,74.0,74.0,77.0,88.0,83.0,79.0,77.0,7,summer,78.86,17.05,18.447,77.0
1,2024-07-19 23:00:00+00:00,18.247,16.947,15.797,15.896999,15.847,16.747,15.7955,78.0,78.0,82.0,87.0,86.0,82.0,77.0,7,summer,81.43,16.47,17.847,78.0
1,2024-07-20 00:00:00+00:00,16.497,15.896999,16.597,15.747,15.146999,14.396999,15.195499,82.0,82.0,77.0,82.0,85.0,91.0,78.0,7,summer,82.43,15.64,17.397,79.0
1,2024-07-20 01:00:00+00:00,15.947,15.797,15.896999,15.197,14.347,13.497,14.6455,82.0,80.0,80.0,83.0,86.0,93.0,79.0,7,summer,83.29,15.05,16.897,80.0
1,2024-07-20 02:00:00+00:00,15.297,15.396999,15.297,14.896999,13.396999,12.747,14.1455,86.0,82.0,83.0,84.0,88.0,94.0,79.0,7,summer,85.14,14.45,16.247,82.0
1,2024-07-20 03:00:00+00:00,14.797,15.047,14.797,15.146999,13.396999,12.947,14.3955,89.0,85.0,85.0,83.0,86.0,92.0,77.0,7,summer,85.29,14.36,15.896999,82.0
1,2024-07-20 04:00:00+00:00,14.447,14.697,14.297,16.197,14.947,14.597,15.695499,90.0,87.0,87.0,80.0,80.0,84.0,71.0,7,summer,82.71,14.98,15.997,81.0
1,2024-07-20 05:00:00+00:00,16.296999,16.497,16.197,17.796999,17.347,17.197,17.6455,85.0,82.0,81.0,74.0,71.0,74.0,62.0,7,summer,75.57,17.0,17.046999,80.0
1,2024-07-20 06:00:00+00:00,19.697,19.497,19.847,19.897,19.847,19.847,19.7955,69.0,67.0,65.0,66.0,62.0,63.0,57.0,7,summer,64.14,19.78,19.097,71.0
1,2024-07-20 07:00:00+00:00,21.697,21.796999,22.347,22.046999,22.296999,22.447,22.3955,64.0,59.0,57.0,58.0,54.0,53.0,49.0,7,summer,56.29,22.15,21.147,64.0
1,2024-07-20 08:00:00+00:00,23.747,24.147,24.847,24.397,24.747,25.046999,25.2455,56.0,53.0,50.0,50.0,46.0,43.0,40.0,7,summer,48.29,24.6,22.997,58.0
1,2024-07-20 09:00:00+00:00,25.296999,25.997,26.347,26.147,26.697,26.997,27.2955,48.0,46.0,42.0,43.0,39.0,36.0,34.0,7,summer,41.14,26.4,24.697,50.0
1,2024-07-20 10:00:00+00:00,26.347,26.597,26.897,26.997,27.897,27.997,28.1455,43.0,41.0,38.0,39.0,35.0,32.0,30.0,7,summer,36.86,27.27,25.546999,45.0
1,2024-07-20 11:00:00+00:00,26.597,27.247,27.247,27.347,28.497,28.347,28.1955,41.0,38.0,37.0,37.0,32.0,31.0,29.0,7,summer,35.0,27.64,26.197,41.0
1,2024-07-20 12:00:00+00:00,26.447,26.897,26.597,26.796999,27.796999,28.697,27.4955,41.0,41.0,38.0,39.0,34.0,30.0,31.0,7,summer,36.29,27.25,25.947,42.0
1,2024-07-20 13:00:00+00:00,26.497,27.147,26.597,26.997,27.697,28.597,26.9955,41.0,39.0,39.0,37.0,33.0,29.0,33.0,7,summer,35.86,27.22,25.997,41.0
1,2024-07-20 14:00:00+00:00,26.397,27.046999,26.747,27.046999,27.197,28.097,26.095499,42.0,38.0,39.0,36.0,34.0,30.0,37.0,7,summer,36.57,26.95,25.546999,41.0
1,2024-07-20 15:00:00+00:00,25.947,26.497,26.046999,26.497,26.197,27.197,24.7955,41.0,39.0,39.0,38.0,37.0,33.0,42.0,7,summer,38.43,26.17,24.796999,46.0
1,2024-07-20 16:00:00+00:00,24.046999,24.296999,23.997,24.796999,24.247,25.747,22.6455,51.0,47.0,46.0,44.0,44.0,39.0,51.0,7,summer,46.0,24.25,23.197,54.0
1,2024-07-20 17:00:00+00:00,22.147,22.097,22.997,22.447,21.697,23.847,19.9955,59.0,56.0,52.0,52.0,54.0,47.0,62.0,7,summer,54.57,22.18,21.647,61.0
1,2024-07-20 18:00:00+00:00,20.997,21.097,21.097,20.647,19.546999,21.897,18.2955,65.0,62.0,58.0,59.0,63.0,55.0,66.0,7,summer,61.14,20.51,20.997,66.0
1,2024-07-20 19:00:00+00:00,20.347,20.247,20.296999,19.597,18.197,19.897,17.5455,69.0,63.0,62.0,66.0,70.0,63.0,68.0,7,summer,65.86,19.45,20.296999,71.0
1,2024-07-20 20:00:00+00:00,19.697,19.897,19.546999,18.897,17.247,17.897,17.3955,70.0,65.0,68.0,72.0,76.0,71.0,68.0,7,summer,70.0,18.65,19.647,76.0
1,2024-07-20 21:00:00+00:00,18.647,19.247,18.597,18.247,16.447,16.197,17.1955,75.0,69.0,74.0,77.0,81.0,78.0,69.0,7,summer,74.71,17.8,18.796999,81.0
1,2024-07-20 22:00:00+00:00,17.847,18.697,17.497,17.497,15.847,14.947,16.7955,79.0,72.0,79.0,81.0,84.0,85.0,71.0,7,summer,78.71,17.02,18.046999,84.0
1,2024-07-20 23:00:00+00:00,17.247,17.747,16.247,16.796999,15.447,14.047,16.3955,83.0,77.0,85.0,85.0,86.0,91.0,74.0,7,summer,83.0,16.28,17.247,86.0
1,2024-07-21 00:00:00+00:00,16.897,16.697,16.247,17.397,14.896999,14.146999,15.3955,85.0,82.0,84.0,81.0,89.0,92.0,79.0,7,summer,84.57,15.95,16.097,89.0
1,2024-07-21 01:00:00+00:00,16.296999,15.947,15.597,16.247,14.247,13.297,14.8455,86.0,86.0,86.0,85.0,90.0,94.0,81.0,7,summer,86.86,15.21,15.447,89.0
1,2024-07-21 02:00:00+00:00,15.396999,15.447,14.847,15.047,13.847,12.497,14.3955,89.0,88.0,87.0,89.0,88.0,95.0,83.0,7,summer,88.43,14.5,14.847,89.0
1,2024-07-21 03:00:00+00:00,14.646999,14.697,13.947,14.697,14.146999,12.697,14.695499,92.0,91.0,92.0,90.0,85.0,92.0,82.0,7,summer,89.14,14.22,14.247,91.0
1,2024-07-21 04:00:00+00:00,14.146999,14.146999,13.396999,15.847,15.597,14.547,16.2455,93.0,93.0,93.0,85.0,79.0,84.0,75.0,7,summer,86.0,14.85,13.847,92.0
1,2024-07-21 05:00:00+00:00,15.947,15.997,15.396999,17.897,17.796999,17.347,18.595499,88.0,86.0,86.0,77.0,71.0,73.0,65.0,7,summer,78.0,17.0,15.797,86.0
1,2024-07-21 06:00:00+00:00,19.546999,19.796999,19.697,19.997,20.197,20.147,21.2955,71.0,71.0,70.0,68.0,63.0,63.0,55.0,7,summer,65.86,20.1,19.197,71.0
1,2024-07-21 07:00:00+00:00,22.046999,22.247,22.397,22.546999,22.897,22.796999,23.7955,63.0,63.0,60.0,58.0,54.0,55.0,47.0,7,summer,57.14,22.68,21.747,63.0
1,2024-07-21 08:00:00+00:00,24.347,24.546999,24.897,25.197,25.747,25.397,26.345499,55.0,55.0,51.0,49.0,44.0,47.0,40.0,7,summer,48.71,25.21,23.947,55.0
1,2024-07-21 09:00:00+00:00,25.697,25.647,26.597,27.247,27.997,27.447,28.1955,48.0,47.0,43.0,41.0,36.0,41.0,34.0,7,summer,41.43,26.98,25.497,48.0
1,2024-07-21 10:00:00+00:00,26.747,26.647,27.697,28.397,29.247,28.647,28.9955,43.0,43.0,39.0,36.0,30.0,36.0,31.0,7,summer,36.86,28.05,26.247,44.0
1,2024-07-21 11:00:00+00:00,27.647,27.647,28.447,28.947,29.847,29.247,29.0455,40.0,40.0,35.0,34.0,26.0,33.0,29.0,7,summer,33.86,28.69,26.897,41.0
1,2024-07-21 12:00:00+00:00,27.647,27.497,28.447,29.097,28.897,29.597,28.6955,39.0,40.0,35.0,30.0,29.0,32.0,30.0,7,summer,33.57,28.55,27.597,40.0
1,2024-07-21 13:00:00+00:00,27.847,27.647,28.497,29.097,28.897,29.647,27.4955,38.0,39.0,34.0,28.0,27.0,30.0,33.0,7,summer,32.71,28.45,27.447,39.0
1,2024-07-21 14:00:00+00:00,27.546999,27.597,28.296999,28.697,28.597,29.247,25.6455,37.0,37.0,33.0,28.0,27.0,28.0,38.0,7,summer,32.57,27.95,26.997,39.0
1,2024-07-21 15:00:00+00:00,26.997,26.897,27.397,27.747,27.647,28.296999,23.7955,38.0,38.0,34.0,31.0,29.0,30.0,44.0,7,summer,34.86,26.97,26.197,41.0
1,2024-07-21 16:00:00+00:00,24.796999,24.796999,25.046999,25.796999,25.647,26.296999,22.1455,47.0,47.0,41.0,41.0,37.0,37.0,49.0,7,summer,42.71,24.93,24.347,48.0
1,2024-07-21 17:00:00+00:00,22.597,22.397,22.697,23.247,23.097,23.647,20.5455,62.0,63.0,56.0,54.0,47.0,48.0,55.0,7,summer,55.0,22.6,22.597,57.0
1,2024-07-21 18:00:00+00:00,19.847,20.247,21.397,21.247,20.997,21.597,18.1955,87.0,80.0,73.0,75.0,56.0,57.0,70.0,7,summer,71.14,20.5,22.097,63.0
1,2024-07-21 19:00:00+00:00,19.647,19.796999,20.097,20.147,19.947,20.697,17.6455,89.0,84.0,85.0,82.0,61.0,64.0,73.0,7,summer,76.86,19.71,20.947,69.0
1,2024-07-21 20:00:00+00:00,19.546999,19.046999,19.597,19.546999,19.347,20.296999,17.6955,90.0,87.0,87.0,86.0,63.0,70.0,73.0,7,summer,79.43,19.3,20.147,77.0
1,2024-07-21 21:00:00+00:00,19.347,17.697,19.097,19.097,18.647,19.796999,17.595499,91.0,93.0,89.0,89.0,66.0,75.0,73.0,7,summer,82.29,18.75,20.046999,80.0
1,2024-07-21 22:00:00+00:00,18.947,17.447,18.546999,18.796999,17.597,18.947,17.095499,94.0,88.0,93.0,90.0,70.0,77.0,74.0,7,summer,83.71,18.2,19.046999,83.0
1,2024-07-21 23:00:00+00:00,18.796999,17.046999,18.197,18.647,16.447,17.947,16.4955,94.0,86.0,95.0,90.0,74.0,77.0,76.0,7,summer,84.57,17.65,18.447,84.0
1,2024-07-22 00:00:00+00:00,18.147,17.947,18.247,18.347,17.597,17.046999,16.1955,88.0,93.0,93.0,93.0,86.0,72.0,75.0,7,summer,85.71,17.65,17.447,88.0
1,2024-07-22 01:00:00+00:00,18.147,17.647,17.897,17.997,16.897,16.347,15.3955,87.0,91.0,94.0,94.0,86.0,75.0,78.0,7,summer,86.43,17.19,16.897,88.0
1,2024-07-22 02:00:00+00:00,17.796999,17.397,17.447,17.747,16.047,15.597,14.6455,86.0,87.0,90.0,95.0,86.0,80.0,81.0,7,summer,86.43,16.67,16.397,89.0
1,2024-07-22 03:00:00+00:00,17.597,17.296999,17.097,17.747,15.747,15.597,14.695499,83.0,85.0,86.0,94.0,86.0,81.0,81.0,7,summer,85.14,16.54,15.646999,90.0
1,2024-07-22 04:00:00+00:00,17.447,17.046999,16.747,18.147,16.247,16.697,16.0455,81.0,85.0,85.0,92.0,84.0,77.0,75.0,7,summer,82.71,16.91,15.197,91.0
1,2024-07-22 05:00:00+00:00,17.997,17.647,17.497,18.847,17.197,18.447,18.1955,80.0,85.0,84.0,88.0,81.0,69.0,66.0,7,summer,79.0,17.98,16.697,86.0
1,2024-07-22 06:00:00+00:00,18.897,18.796999,19.697,19.247,18.546999,20.296999,20.9955,76.0,77.0,71.0,78.0,76.0,62.0,57.0,7,summer,71.0,19.5,19.046999,75.0
1,2024-07-22 07:00:00+00:00,20.447,20.397,20.847,20.847,20.397,22.147,23.845499,69.0,71.0,66.0,71.0,68.0,56.0,48.0,7,summer,64.14,21.28,20.796999,69.0
1,2024-07-22 08:00:00+00:00,21.847,21.796999,22.647,22.897,22.597,24.046999,26.9455,65.0,66.0,60.0,62.0,59.0,49.0,39.0,7,summer,57.14,23.25,22.247,64.0
1,2024-07-22 09:00:00+00:00,23.097,22.997,24.497,24.546999,24.397,25.597,29.1955,60.0,60.0,54.0,55.0,51.0,44.0,31.0,7,summer,50.71,24.9,23.747,57.0
1,2024-07-22 10:00:00+00:00,23.847,22.597,25.647,25.597,25.546999,26.796999,30.1455,56.0,61.0,48.0,50.0,46.0,39.0,25.0,7,summer,46.43,25.74,24.546999,51.0
1,2024-07-22 11:00:00+00:00,24.296999,22.647,25.847,26.247,26.247,27.647,30.1955,56.0,62.0,52.0,47.0,44.0,35.0,22.0,7,summer,45.43,26.16,25.046999,47.0
1,2024-07-22 12:00:00+00:00,26.546999,22.546999,27.447,24.397,24.747,26.447,29.7955,41.0,66.0,42.0,56.0,62.0,35.0,24.0,7,summer,46.57,25.99,26.296999,37.0
1,2024-07-22 13:00:00+00:00,26.796999,22.697,27.247,24.546999,24.296999,25.997,28.595499,39.0,65.0,42.0,55.0,62.0,37.0,27.0,7,summer,46.71,25.74,26.247,36.0
1,2024-07-22 14:00:00+00:00,26.546999,22.897,27.097,24.546999,23.847,25.247,26.6455,39.0,63.0,40.0,55.0,61.0,41.0,32.0,7,summer,47.29,25.26,25.747,38.0
1,2024-07-22 15:00:00+00:00,25.247,22.597,26.497,24.046999,23.147,24.247,24.6955,47.0,63.0,39.0,57.0,62.0,47.0,38.0,7,summer,50.43,24.35,24.497,46.0
1,2024-07-22 16:00:00+00:00,22.847,21.397,24.097,22.697,22.147,22.897,22.7455,65.0,71.0,53.0,64.0,68.0,58.0,44.0,7,summer,60.43,22.69,22.447,56.0
1,2024-07-22 17:00:00+00:00,21.647,20.447,22.497,20.897,20.897,21.347,20.7455,74.0,76.0,57.0,73.0,76.0,72.0,51.0,7,summer,68.43,21.21,20.947,60.0
1,2024-07-22 18:00:00+00:00,20.947,20.046999,20.647,19.747,19.947,20.046999,19.7955,72.0,81.0,58.0,78.0,83.0,82.0,67.0,7,summer,74.43,20.17,19.147,72.0
1,2024-07-22 19:00:00+00:00,18.997,19.197,19.997,19.147,19.397,19.397,19.2455,79.0,86.0,63.0,82.0,87.0,87.0,70.0,7,summer,79.14,19.34,17.997,71.0
1,2024-07-22 20:00:00+00:00,17.747,18.447,19.347,18.796999,19.097,19.046999,19.095499,83.0,91.0,66.0,85.0,89.0,89.0,71.0,7,summer,82.0,18.8,17.147,72.0
1,2024-07-22 21:00:00+00:00,17.296999,17.347,17.347,18.497,18.796999,18.397,18.7955,80.0,93.0,77.0,87.0,91.0,89.0,71.0,7,summer,84.0,18.07,15.747,76.0
1,2024-07-22 22:00:00+00:00,16.546999,16.197,15.997,18.197,18.397,16.947,18.1455,78.0,92.0,83.0,86.0,93.0,87.0,69.0,7,summer,84.0,17.2,14.097,84.0
1,2024-07-22 23:00:00+00:00,15.697,15.097,15.197,17.897,17.947,15.146999,17.3955,80.0,93.0,84.0,84.0,95.0,84.0,66.0,7,summer,83.71,16.34,13.197,88.0
1,2024-07-23 00:00:00+00:00,14.097,16.597,14.747,17.897,18.397,17.497,19.095499,88.0,87.0,89.0,95.0,92.0,97.0,49.0,7,summer,85.29,16.9,12.747,89.0
1,2024-07-23 01:00:00+00:00,13.497,15.646999,14.547,17.197,17.897,16.546999,17.6455,91.0,89.0,90.0,94.0,94.0,95.0,53.0,7,summer,86.57,16.14,12.297,92.0
1,2024-07-23 02:00:00+00:00,12.997,14.847,14.497,16.347,17.397,15.396999,15.7955,93.0,91.0,89.0,93.0,96.0,91.0,60.0,7,summer,87.57,15.33,11.947,94.0
1,2024-07-23 03:00:00+00:00,12.597,14.396999,14.247,16.047,17.247,14.997,14.9955,94.0,90.0,90.0,91.0,96.0,86.0,63.0,7,summer,87.14,14.93,11.747,94.0
1,2024-07-23 04:00:00+00:00,12.247,13.997,14.197,16.597,17.747,15.747,15.8955,94.0,90.0,90.0,88.0,92.0,80.0,59.0,7,summer,84.71,15.2,11.547,94.0
1,2024-07-23 05:00:00+00:00,14.347,15.947,15.697,17.647,18.697,17.247,17.7455,87.0,83.0,87.0,84.0,86.0,73.0,51.0,7,summer,78.71,16.76,13.597,87.0
1,2024-07-23 06:00:00+00:00,18.296999,19.747,18.747,18.897,19.847,18.997,19.6955,71.0,68.0,74.0,77.0,79.0,66.0,48.0,7,summer,69.0,19.18,17.697,71.0
1,2024-07-23 07:00:00+00:00,21.097,21.897,21.347,20.647,21.247,21.097,22.4955,59.0,61.0,63.0,70.0,72.0,58.0,41.0,7,summer,60.57,21.4,20.747,59.0
1,2024-07-23 08:00:00+00:00,23.447,24.097,23.546999,22.647,22.796999,23.497,25.595499,52.0,54.0,55.0,61.0,64.0,49.0,34.0,7,summer,52.71,23.66,23.397,51.0
1,2024-07-23 09:00:00+00:00,25.447,25.947,25.497,24.296999,24.197,25.447,27.7955,43.0,48.0,44.0,54.0,57.0,42.0,29.0,7,summer,45.29,25.52,25.497,40.0
1,2024-07-23 10:00:00+00:00,26.747,26.747,26.597,25.447,25.397,26.747,28.4455,37.0,41.0,38.0,49.0,51.0,37.0,27.0,7,summer,40.0,26.59,26.796999,35.0
1,2024-07-23 11:00:00+00:00,27.197,27.597,27.347,26.296999,26.447,27.597,28.1455,35.0,39.0,36.0,46.0,47.0,33.0,26.0,7,summer,37.43,27.23,27.546999,33.0
1,2024-07-23 12:00:00+00:00,28.097,27.546999,27.597,27.647,27.796999,27.397,28.595499,33.0,39.0,37.0,34.0,39.0,36.0,25.0,7,summer,34.71,27.81,27.497,33.0
1,2024-07-23 13:00:00+00:00,27.997,27.697,27.597,27.546999,27.697,27.546999,27.845499,33.0,38.0,37.0,33.0,38.0,34.0,28.0,7,summer,34.43,27.7,27.397,32.0
1,2024-07-23 14:00:00+00:00,27.597,27.296999,27.197,26.997,27.197,27.247,26.595499,33.0,36.0,37.0,34.0,38.0,34.0,32.0,7,summer,34.86,27.16,27.097,32.0
1,2024-07-23 15:00:00+00:00,26.747,26.447,26.347,26.046999,26.097,26.497,24.9955,34.0,37.0,37.0,37.0,43.0,37.0,37.0,7,summer,37.43,26.17,26.197,32.0
1,2024-07-23 16:00:00+00:00,24.447,23.597,24.147,24.347,24.097,24.997,22.6955,44.0,49.0,45.0,43.0,56.0,45.0,42.0,7,summer,46.29,24.05,23.447,40.0
1,2024-07-23 17:00:00+00:00,21.847,21.897,22.197,22.247,21.497,23.097,19.9955,51.0,57.0,55.0,52.0,74.0,56.0,47.0,7,summer,56.0,21.83,20.296999,51.0
1,2024-07-23 18:00:00+00:00,20.296999,20.847,20.947,19.847,19.546999,21.347,17.4955,54.0,47.0,58.0,52.0,87.0,65.0,53.0,7,summer,59.43,20.05,19.397,60.0
1,2024-07-23 19:00:00+00:00,18.947,19.697,20.347,18.647,18.747,20.197,16.595499,47.0,46.0,55.0,55.0,93.0,72.0,54.0,7,summer,60.29,19.03,18.097,61.0
1,2024-07-23 20:00:00+00:00,17.497,18.247,19.497,17.897,18.497,19.296999,16.4455,49.0,53.0,56.0,57.0,94.0,77.0,53.0,7,summer,62.71,18.2,17.046999,60.0
1,2024-07-23 21:00:00+00:00,16.546999,17.247,19.097,16.947,18.296999,18.197,16.3955,56.0,61.0,59.0,61.0,95.0,81.0,52.0,7,summer,66.43,17.53,16.247,61.0
1,2024-07-23 22:00:00+00:00,14.947,16.197,18.247,15.447,17.997,16.647,16.5455,65.0,68.0,64.0,69.0,96.0,83.0,50.0,7,summer,70.71,16.58,15.047,66.0
1,2024-07-23 23:00:00+00:00,13.396999,14.947,17.097,13.797,17.747,14.896999,16.845499,76.0,72.0,70.0,78.0,96.0,84.0,48.0,7,summer,74.86,15.53,13.497,73.0
1,2024-07-24 00:00:00+00:00,12.297,15.097,14.197,12.797,17.697,17.796999,13.7955,81.0,81.0,85.0,83.0,93.0,92.0,53.0,7,summer,81.14,14.81,12.146999,78.0
1,2024-07-24 01:00:00+00:00,11.697,14.347,13.447,11.997,16.697,17.397,13.195499,83.0,83.0,82.0,85.0,89.0,94.0,55.0,7,summer,81.57,14.11,11.297,81.0
1,2024-07-24 02:00:00+00:00,11.297,13.646999,12.847,11.547,15.547,16.947,12.6455,82.0,83.0,78.0,85.0,84.0,98.0,58.0,7,summer,81.14,13.5,10.646999,83.0
1,2024-07-24 03:00:00+00:00,10.997,13.297,12.097,11.847,15.047,16.897,12.7955,81.0,80.0,79.0,83.0,79.0,98.0,59.0,7,summer,79.86,13.28,10.347,84.0
1,2024-07-24 04:00:00+00:00,10.847,12.747,11.547,13.347,15.646999,17.397,13.945499,82.0,82.0,81.0,78.0,76.0,94.0,57.0,7,summer,78.57,13.64,10.297,84.0
1,2024-07-24 05:00:00+00:00,12.997,14.747,13.447,15.597,16.897,18.296999,15.8455,79.0,79.0,79.0,71.0,73.0,88.0,52.0,7,summer,74.43,15.4,12.547,80.0
1,2024-07-24 06:00:00+00:00,17.296999,18.347,18.097,17.497,18.397,19.397,19.1955,67.0,68.0,65.0,66.0,69.0,81.0,45.0,7,summer,65.86,18.32,17.296999,68.0
1,2024-07-24 07:00:00+00:00,20.497,21.147,20.847,20.097,20.197,20.847,22.1455,58.0,59.0,56.0,58.0,62.0,72.0,39.0,7,summer,57.71,20.83,20.447,58.0
1,2024-07-24 08:00:00+00:00,23.347,23.647,23.197,22.747,22.296999,22.597,25.345499,50.0,52.0,51.0,50.0,54.0,62.0,33.0,7,summer,50.29,23.31,23.046999,52.0
1,2024-07-24 09:00:00+00:00,25.296999,25.497,25.046999,24.796999,23.997,23.997,27.6955,41.0,43.0,45.0,43.0,48.0,54.0,28.0,7,summer,43.14,25.19,24.847,43.0
1,2024-07-24 10:00:00+00:00,26.497,26.647,26.046999,25.947,25.147,24.997,28.6955,36.0,36.0,42.0,39.0,45.0,50.0,25.0,7,summer,39.0,26.28,26.046999,36.0
1,2024-07-24 11:00:00+00:00,27.247,27.447,26.847,26.497,25.897,25.697,28.845499,34.0,34.0,39.0,38.0,44.0,49.0,22.0,7,summer,37.14,26.93,26.897,33.0
1,2024-07-24 12:00:00+00:00,27.546999,27.447,27.247,26.697,26.847,26.447,28.8955,33.0,34.0,36.0,38.0,36.0,39.0,20.0,7,summer,33.71,27.3,27.296999,33.0
1,2024-07-24 13:00:00+00:00,27.296999,27.397,27.147,26.597,26.697,26.546999,27.9955,34.0,35.0,37.0,38.0,37.0,39.0,22.0,7,summer,34.57,27.1,27.046999,34.0
1,2024-07-24 14:00:00+00:00,26.796999,26.697,26.647,26.147,26.147,26.197,26.595499,35.0,36.0,38.0,40.0,40.0,40.0,27.0,7,summer,36.57,26.46,26.397,35.0
1,2024-07-24 15:00:00+00:00,25.897,25.796999,25.697,25.197,25.097,25.347,24.7955,37.0,38.0,39.0,44.0,46.0,45.0,33.0,7,summer,40.29,25.4,25.447,37.0
1,2024-07-24 16:00:00+00:00,23.347,23.497,23.796999,23.447,23.296999,23.697,22.3955,43.0,44.0,46.0,53.0,56.0,56.0,41.0,7,summer,48.43,23.35,22.997,44.0
1,2024-07-24 17:00:00+00:00,21.546999,21.897,21.796999,21.197,21.097,21.546999,19.6455,47.0,49.0,62.0,66.0,69.0,70.0,50.0,7,summer,59.0,21.25,21.046999,49.0
1,2024-07-24 18:00:00+00:00,19.847,19.796999,19.947,19.046999,19.247,19.747,18.2955,62.0,63.0,75.0,82.0,79.0,82.0,55.0,7,summer,71.14,19.42,19.697,56.0
1,2024-07-24 19:00:00+00:00,19.397,19.296999,19.397,17.796999,18.197,18.647,17.2955,69.0,71.0,82.0,89.0,85.0,88.0,63.0,7,summer,78.14,18.58,19.046999,65.0
1,2024-07-24 20:00:00+00:00,18.947,18.847,18.597,16.897,17.546999,17.947,16.7955,71.0,76.0,87.0,93.0,89.0,92.0,71.0,7,summer,82.71,17.94,17.997,70.0
1,2024-07-24 21:00:00+00:00,18.497,18.447,17.647,16.097,17.046999,17.447,16.3955,75.0,79.0,91.0,96.0,91.0,94.0,76.0,7,summer,86.0,17.37,16.847,78.0
1,2024-07-24 22:00:00+00:00,17.847,17.597,16.847,15.396999,16.747,17.197,15.945499,78.0,84.0,93.0,98.0,92.0,95.0,77.0,7,summer,88.14,16.8,16.347,81.0
1,2024-07-24 23:00:00+00:00,17.347,17.247,16.497,14.896999,16.597,17.147,15.5955,81.0,87.0,94.0,99.0,93.0,94.0,75.0,7,summer,89.0,16.48,14.997,87.0
1,2024-07-25 00:00:00+00:00,13.847,15.847,16.947,15.597,14.497,16.847,14.195499,93.0,91.0,88.0,95.0,99.0,94.0,67.0,7,summer,89.57,15.4,13.247,95.0
1,2024-07-25 01:00:00+00:00,12.646999,14.697,16.397,14.547,13.847,16.097,13.5955,97.0,95.0,90.0,98.0,100.0,96.0,68.0,7,summer,92.0,14.55,12.547,97.0
1,2024-07-25 02:00:00+00:00,12.097,13.997,16.197,13.347,13.347,15.297,13.1455,97.0,97.0,91.0,100.0,100.0,98.0,70.0,7,summer,93.29,13.92,12.197,96.0
1,2024-07-25 03:00:00+00:00,11.797,13.947,15.347,13.146999,13.597,15.146999,13.4955,97.0,96.0,94.0,100.0,98.0,97.0,70.0,7,summer,93.14,13.78,11.997,95.0
1,2024-07-25 04:00:00+00:00,11.396999,13.896999,14.747,14.547,15.097,16.197,15.195499,98.0,95.0,95.0,95.0,93.0,93.0,65.0,7,summer,90.57,14.44,11.847,95.0
1,2024-07-25 05:00:00+00:00,13.597,15.797,16.347,16.947,17.347,17.947,17.7455,91.0,90.0,90.0,88.0,86.0,86.0,58.0,7,summer,84.14,16.53,14.097,87.0
1,2024-07-25 06:00:00+00:00,18.897,18.697,19.247,19.447,19.597,19.796999,20.2955,73.0,79.0,79.0,81.0,78.0,78.0,46.0,7,summer,73.43,19.43,18.347,71.0
1,2024-07-25 07:00:00+00:00,21.647,21.497,21.546999,21.197,21.747,21.697,22.9955,66.0,67.0,70.0,71.0,67.0,68.0,38.0,7,summer,63.86,21.76,21.447,59.0
1,2024-07-25 08:00:00+00:00,23.847,23.796999,23.397,22.997,23.897,23.697,25.7455,50.0,51.0,57.0,60.0,55.0,57.0,31.0,7,summer,51.57,23.91,23.796999,50.0
1,2024-07-25 09:00:00+00:00,24.897,24.997,25.046999,24.447,25.597,25.296999,27.7955,42.0,43.0,47.0,51.0,45.0,49.0,25.0,7,summer,43.14,25.44,24.947,43.0
1,2024-07-25 10:00:00+00:00,25.647,25.497,25.796999,25.597,26.697,26.247,28.7455,40.0,39.0,42.0,45.0,40.0,46.0,22.0,7,summer,39.14,26.32,26.046999,41.0
1,2024-07-25 11:00:00+00:00,26.347,26.296999,26.697,26.447,27.296999,26.796999,29.0455,38.0,37.0,38.0,40.0,37.0,45.0,20.0,7,summer,36.43,26.99,26.546999,38.0
1,2024-07-25 12:00:00+00:00,26.947,26.997,26.647,26.347,27.046999,27.447,28.8955,38.0,35.0,34.0,45.0,37.0,38.0,22.0,7,summer,35.57,27.19,27.397,36.0
1,2024-07-25 13:00:00+00:00,26.997,26.847,26.697,26.447,26.947,27.497,28.4455,38.0,36.0,33.0,43.0,36.0,36.0,23.0,7,summer,35.0,27.13,27.497,35.0
1,2024-07-25 14:00:00+00:00,26.546999,26.247,26.347,26.147,26.546999,27.197,27.4455,38.0,37.0,34.0,42.0,37.0,35.0,25.0,7,summer,35.43,26.64,27.097,35.0
1,2024-07-25 15:00:00+00:00,25.546999,25.447,25.296999,25.397,25.647,26.347,25.8955,41.0,39.0,39.0,44.0,40.0,37.0,30.0,7,summer,38.57,25.65,26.097,37.0
1,2024-07-25 16:00:00+00:00,23.497,23.197,22.847,23.847,23.947,24.647,23.345499,47.0,48.0,48.0,52.0,48.0,45.0,41.0,7,summer,47.0,23.62,23.947,44.0
1,2024-07-25 17:00:00+00:00,21.847,21.147,20.947,21.747,21.747,22.397,20.1955,56.0,54.0,54.0,63.0,59.0,55.0,55.0,7,summer,56.57,21.43,22.397,53.0
1,2024-07-25 18:00:00+00:00,20.747,19.847,19.647,20.247,19.747,20.447,17.4955,68.0,66.0,63.0,72.0,69.0,65.0,72.0,7,summer,67.86,19.74,21.046999,66.0
1,2024-07-25 19:00:00+00:00,19.397,18.747,18.747,18.897,18.197,19.046999,16.4955,76.0,73.0,67.0,79.0,77.0,72.0,74.0,7,summer,74.0,18.5,19.997,72.0
1,2024-07-25 20:00:00+00:00,18.747,17.546999,17.497,17.747,16.897,17.897,16.2455,80.0,81.0,73.0,85.0,84.0,79.0,71.0,7,summer,79.0,17.51,19.546999,75.0
1,2024-07-25 21:00:00+00:00,17.897,16.097,15.447,16.847,15.896999,16.947,15.9955,85.0,89.0,84.0,90.0,89.0,84.0,69.0,7,summer,84.29,16.45,18.247,81.0
1,2024-07-25 22:00:00+00:00,17.397,15.097,14.047,16.197,15.297,16.247,15.3455,88.0,94.0,91.0,93.0,92.0,88.0,69.0,7,summer,87.86,15.66,17.697,85.0
1,2024-07-25 23:00:00+00:00,17.147,14.547,13.247,15.747,14.997,15.697,14.6455,90.0,95.0,94.0,96.0,92.0,91.0,70.0,7,summer,89.71,15.15,17.597,86.0
1,2024-07-26 00:00:00+00:00,16.147,13.847,13.847,15.097,13.247,16.347,14.9955,92.0,96.0,95.0,96.0,95.0,84.0,63.0,7,summer,88.71,14.79,17.597,86.0
1,2024-07-26 01:00:00+00:00,15.947,13.697,13.597,14.247,12.396999,15.797,14.2955,93.0,95.0,94.0,97.0,97.0,86.0,65.0,7,summer,89.57,14.28,17.347,87.0
1,2024-07-26 02:00:00+00:00,15.447,13.597,13.297,13.297,11.697,15.047,13.6455,95.0,94.0,94.0,99.0,99.0,88.0,67.0,7,summer,90.86,13.72,16.947,89.0
1,2024-07-26 03:00:00+00:00,14.797,13.146999,12.697,13.197,11.896999,14.997,13.8955,96.0,95.0,95.0,98.0,97.0,88.0,66.0,7,summer,90.71,13.52,16.347,93.0
1,2024-07-26 04:00:00+00:00,14.197,12.597,12.347,14.597,13.597,16.247,15.5455,97.0,96.0,95.0,93.0,90.0,84.0,61.0,7,summer,88.0,14.16,15.997,95.0
1,2024-07-26 05:00:00+00:00,15.997,14.646999,14.347,16.897,16.247,18.197,18.095499,90.0,89.0,88.0,86.0,80.0,77.0,54.0,7,summer,80.57,16.35,17.197,89.0
1,2024-07-26 06:00:00+00:00,19.847,19.447,18.397,19.097,18.947,20.247,19.9955,73.0,74.0,72.0,73.0,70.0,69.0,53.0,7,summer,69.14,19.43,20.197,73.0
1,2024-07-26 07:00:00+00:00,22.097,22.046999,20.997,21.647,21.647,22.397,22.1455,63.0,63.0,64.0,62.0,59.0,60.0,45.0,7,summer,59.43,21.85,22.447,62.0
1,2024-07-26 08:00:00+00:00,23.647,24.296999,23.546999,24.197,24.347,24.647,24.4455,52.0,49.0,51.0,50.0,47.0,50.0,37.0,7,summer,48.0,24.16,24.097,51.0
1,2024-07-26 09:00:00+00:00,24.897,26.097,25.697,26.197,26.397,26.397,26.095499,45.0,41.0,41.0,40.0,38.0,42.0,31.0,7,summer,39.71,25.97,25.546999,44.0
1,2024-07-26 10:00:00+00:00,25.796999,26.796999,27.347,27.347,27.397,27.347,26.8955,42.0,36.0,35.0,35.0,34.0,38.0,28.0,7,summer,35.43,26.99,26.447,40.0
1,2024-07-26 11:00:00+00:00,26.347,27.497,28.247,27.997,27.747,27.847,27.095499,39.0,32.0,31.0,32.0,32.0,35.0,27.0,7,summer,32.57,27.54,26.847,37.0
1,2024-07-26 12:00:00+00:00,27.347,26.897,28.497,28.597,26.597,28.597,29.2955,37.0,31.0,26.0,25.0,40.0,25.0,21.0,7,summer,29.29,27.98,26.697,38.0
1,2024-07-26 13:00:00+00:00,27.447,27.247,27.796999,28.397,26.697,28.397,28.4455,36.0,30.0,27.0,24.0,37.0,24.0,23.0,7,summer,28.71,27.78,26.546999,37.0
1,2024-07-26 14:00:00+00:00,27.147,26.997,27.347,27.747,26.597,27.747,27.0455,36.0,30.0,27.0,24.0,34.0,24.0,27.0,7,summer,28.86,27.23,26.296999,37.0
1,2024-07-26 15:00:00+00:00,26.397,26.147,26.497,26.546999,25.847,26.546999,25.2955,35.0,32.0,28.0,27.0,35.0,27.0,33.0,7,summer,31.0,26.18,25.647,38.0
1,2024-07-26 16:00:00+00:00,24.046999,23.597,24.296999,24.497,23.997,24.497,22.8955,41.0,39.0,33.0,32.0,44.0,34.0,43.0,7,summer,38.0,23.98,23.647,42.0
1,2024-07-26 17:00:00+00:00,22.647,21.546999,22.597,21.897,21.497,21.897,20.095499,45.0,46.0,38.0,40.0,58.0,45.0,54.0,7,summer,46.57,21.74,22.147,47.0
1,2024-07-26 18:00:00+00:00,21.247,20.546999,21.296999,19.247,19.397,19.546999,18.595499,53.0,52.0,45.0,52.0,70.0,55.0,57.0,7,summer,54.86,19.98,20.997,54.0
1,2024-07-26 19:00:00+00:00,19.847,20.447,20.247,17.247,18.147,17.697,17.595499,58.0,54.0,52.0,61.0,76.0,66.0,61.0,7,summer,61.14,18.75,20.197,57.0
1,2024-07-26 20:00:00+00:00,18.347,18.947,18.796999,15.547,17.347,16.047,17.1955,69.0,57.0,58.0,71.0,81.0,76.0,62.0,7,summer,67.71,17.46,18.597,67.0
1,2024-07-26 21:00:00+00:00,17.796999,16.747,17.197,14.146999,16.747,14.697,16.7955,74.0,71.0,67.0,78.0,84.0,85.0,64.0,7,summer,74.71,16.3,18.046999,74.0
1,2024-07-26 22:00:00+00:00,16.697,15.797,16.097,13.247,16.347,13.697,16.2455,80.0,78.0,74.0,82.0,87.0,90.0,67.0,7,summer,79.71,15.45,17.147,80.0
1,2024-07-26 23:00:00+00:00,16.097,15.347,14.747,12.747,16.197,12.947,15.7955,85.0,80.0,80.0,85.0,89.0,92.0,71.0,7,summer,83.14,14.84,16.347,84.0
1,2024-07-27 00:00:00+00:00,15.597,15.797,15.646999,12.997,14.146999,12.247,15.3955,86.0,80.0,78.0,86.0,95.0,96.0,73.0,7,summer,84.86,14.55,16.546999,84.0
1,2024-07-27 01:00:00+00:00,15.047,15.597,15.097,12.247,13.547,12.047,14.8955,87.0,83.0,81.0,88.0,96.0,96.0,73.0,7,summer,86.29,14.07,15.997,86.0
1,2024-07-27 02:00:00+00:00,14.697,15.146999,14.997,11.646999,12.997,12.197,14.4955,88.0,86.0,80.0,89.0,97.0,95.0,71.0,7,summer,86.57,13.74,15.947,87.0
1,2024-07-27 03:00:00+00:00,14.597,14.997,14.447,11.997,13.247,12.997,14.8955,87.0,85.0,81.0,87.0,95.0,91.0,68.0,7,summer,84.86,13.88,15.747,90.0
1,2024-07-27 04:00:00+00:00,14.547,14.847,14.396999,13.847,14.847,14.747,16.4955,85.0,85.0,81.0,82.0,89.0,84.0,63.0,7,summer,81.29,14.82,15.747,88.0
1,2024-07-27 05:00:00+00:00,16.347,16.647,15.997,16.597,17.247,17.147,18.8955,80.0,79.0,79.0,74.0,80.0,74.0,56.0,7,summer,74.57,16.98,17.546999,79.0
1,2024-07-27 06:00:00+00:00,20.247,20.296999,19.697,19.097,19.697,19.647,21.3955,68.0,64.0,67.0,61.0,71.0,64.0,49.0,7,summer,63.43,20.01,20.546999,65.0
1,2024-07-27 07:00:00+00:00,22.947,22.597,22.647,21.947,22.197,22.296999,24.0455,58.0,57.0,56.0,51.0,60.0,53.0,41.0,7,summer,53.71,22.67,22.897,58.0
1,2024-07-27 08:00:00+00:00,25.296999,25.097,24.897,24.796999,24.747,24.997,26.7955,48.0,47.0,48.0,41.0,48.0,42.0,33.0,7,summer,43.86,25.23,25.147,49.0
1,2024-07-27 09:00:00+00:00,26.697,26.897,26.597,26.997,26.647,26.997,28.595499,39.0,38.0,39.0,33.0,39.0,34.0,27.0,7,summer,35.57,27.06,26.647,39.0
1,2024-07-27 10:00:00+00:00,27.296999,27.796999,27.597,28.147,27.447,27.897,28.9455,35.0,35.0,32.0,29.0,35.0,30.0,25.0,7,summer,31.57,27.88,27.347,35.0
1,2024-07-27 11:00:00+00:00,26.897,27.347,27.347,28.647,27.597,28.097,28.345499,36.0,34.0,32.0,27.0,33.0,29.0,25.0,7,summer,30.86,27.75,27.147,35.0
1,2024-07-27 12:00:00+00:00,26.997,27.247,28.397,28.897,28.147,26.296999,29.4955,36.0,34.0,28.0,26.0,28.0,37.0,22.0,7,summer,30.14,27.93,26.397,38.0
1,2024-07-27 13:00:00+00:00,26.997,27.296999,28.097,28.597,27.997,26.397,28.6955,34.0,33.0,30.0,26.0,27.0,35.0,24.0,7,summer,29.86,27.73,26.147,37.0
1,2024-07-27 14:00:00+00:00,26.697,27.046999,27.697,27.897,27.546999,26.447,27.4955,34.0,33.0,30.0,27.0,26.0,34.0,28.0,7,summer,30.29,27.26,25.997,37.0
1,2024-07-27 15:00:00+00:00,25.847,26.046999,26.847,26.747,26.497,25.897,26.095499,36.0,35.0,31.0,31.0,29.0,38.0,32.0,7,summer,33.14,26.28,24.847,43.0
1,2024-07-27 16:00:00+00:00,24.097,24.046999,24.747,24.997,24.497,24.347,24.5455,43.0,41.0,36.0,41.0,39.0,51.0,37.0,7,summer,41.14,24.47,22.947,54.0
1,2024-07-27 17:00:00+00:00,23.097,22.147,23.147,22.847,21.897,22.197,22.8955,47.0,57.0,41.0,54.0,52.0,68.0,42.0,7,summer,51.57,22.6,21.796999,62.0
1,2024-07-27 18:00:00+00:00,20.147,20.897,21.097,20.497,19.597,20.347,20.3955,70.0,71.0,52.0,55.0,64.0,81.0,52.0,7,summer,63.57,20.43,20.347,70.0
1,2024-07-27 19:00:00+00:00,18.947,19.647,19.897,18.796999,17.947,19.147,19.2955,75.0,76.0,59.0,63.0,72.0,86.0,57.0,7,summer,69.71,19.1,19.046999,76.0
1,2024-07-27 20:00:00+00:00,17.947,17.897,18.046999,17.197,16.647,18.247,18.6455,79.0,82.0,67.0,70.0,79.0,87.0,60.0,7,summer,74.86,17.8,18.147,79.0
1,2024-07-27 21:00:00+00:00,16.947,16.747,16.497,15.847,15.447,17.447,17.9955,83.0,86.0,75.0,77.0,84.0,88.0,63.0,7,summer,79.43,16.7,17.147,83.0
1,2024-07-27 22:00:00+00:00,16.147,16.097,15.396999,14.797,14.297,16.697,17.345499,86.0,85.0,83.0,82.0,89.0,90.0,65.0,7,summer,82.86,15.83,16.097,87.0
1,2024-07-27 23:00:00+00:00,15.797,15.447,15.047,13.997,13.347,16.097,16.7455,87.0,86.0,86.0,87.0,93.0,92.0,66.0,7,summer,85.29,15.21,15.497,88.0
1,2024-07-28 00:00:00+00:00,14.597,14.797,15.297,13.047,15.047,14.447,16.1955,88.0,86.0,83.0,90.0,95.0,98.0,69.0,7,summer,87.0,14.78,15.847,83.0
1,2024-07-28 01:00:00+00:00,14.146999,14.447,14.847,12.347,14.396999,13.747,15.5455,88.0,86.0,82.0,90.0,96.0,98.0,71.0,7,summer,87.29,14.21,15.497,82.0
1,2024-07-28 02:00:00+00:00,13.847,14.047,14.197,11.797,13.747,13.097,14.8455,89.0,88.0,85.0,89.0,97.0,97.0,72.0,7,summer,88.14,13.65,15.547,82.0
1,2024-07-28 03:00:00+00:00,13.997,13.396999,13.396999,12.146999,13.896999,13.347,14.9955,88.0,91.0,90.0,86.0,94.0,94.0,71.0,7,summer,87.71,13.6,15.597,83.0
1,2024-07-28 04:00:00+00:00,14.146999,12.797,12.847,13.947,15.396999,14.997,16.4455,88.0,94.0,93.0,80.0,86.0,87.0,66.0,7,summer,84.86,14.37,15.797,83.0
1,2024-07-28 05:00:00+00:00,15.646999,15.047,15.146999,16.647,17.697,17.497,18.7455,85.0,86.0,85.0,72.0,75.0,77.0,59.0,7,summer,77.0,16.63,16.747,82.0
1,2024-07-28 06:00:00+00:00,19.247,19.546999,19.647,19.447,20.097,19.997,21.2955,71.0,70.0,68.0,66.0,65.0,67.0,53.0,7,summer,65.71,19.9,19.046999,74.0
1,2024-07-28 07:00:00+00:00,21.597,22.447,22.697,21.997,22.597,22.447,24.345499,62.0,58.0,57.0,57.0,56.0,58.0,45.0,7,summer,56.14,22.59,21.296999,65.0
1,2024-07-28 08:00:00+00:00,24.197,25.147,25.296999,24.546999,25.147,24.897,27.6455,52.0,47.0,47.0,47.0,47.0,49.0,37.0,7,summer,46.57,25.27,23.497,56.0
1,2024-07-28 09:00:00+00:00,25.546999,27.046999,26.897,26.546999,27.097,26.647,29.9955,46.0,38.0,39.0,39.0,40.0,42.0,30.0,7,summer,39.14,27.11,25.097,47.0
1,2024-07-28 10:00:00+00:00,26.597,28.147,28.147,27.647,28.147,27.347,30.8955,42.0,34.0,35.0,35.0,36.0,38.0,26.0,7,summer,35.14,28.13,26.197,42.0
1,2024-07-28 11:00:00+00:00,27.347,28.497,28.697,28.197,28.597,27.347,30.845499,39.0,33.0,33.0,32.0,33.0,36.0,23.0,7,summer,32.71,28.5,26.147,41.0
1,2024-07-28 12:00:00+00:00,27.697,28.397,28.447,28.847,27.947,29.097,29.6955,37.0,34.0,34.0,30.0,32.0,28.0,24.0,7,summer,31.29,28.59,27.447,35.0
1,2024-07-28 13:00:00+00:00,27.546999,27.947,28.597,28.647,27.697,28.796999,28.6455,36.0,34.0,32.0,29.0,32.0,28.0,27.0,7,summer,31.14,28.27,27.097,37.0
1,2024-07-28 14:00:00+00:00,27.097,27.597,27.447,28.046999,27.197,28.046999,27.0455,36.0,35.0,36.0,30.0,34.0,30.0,31.0,7,summer,33.14,27.5,26.947,37.0
1,2024-07-28 15:00:00+00:00,26.247,26.796999,24.546999,26.947,26.197,26.897,25.4955,38.0,36.0,52.0,34.0,38.0,34.0,36.0,7,summer,38.29,26.16,26.247,37.0
1,2024-07-28 16:00:00+00:00,23.447,23.347,22.947,25.046999,24.497,25.197,24.095499,57.0,61.0,63.0,44.0,44.0,41.0,43.0,7,summer,50.43,24.08,24.247,44.0
1,2024-07-28 17:00:00+00:00,21.697,21.247,21.247,22.697,22.347,23.046999,22.7455,67.0,69.0,73.0,58.0,52.0,50.0,50.0,7,summer,59.86,22.15,22.597,54.0
1,2024-07-28 18:00:00+00:00,20.747,20.296999,19.796999,20.796999,20.447,21.097,21.595499,76.0,76.0,80.0,73.0,59.0,58.0,54.0,7,summer,68.0,20.68,21.046999,69.0
1,2024-07-28 19:00:00+00:00,19.747,19.296999,19.197,19.697,18.897,19.397,20.9955,81.0,82.0,81.0,79.0,66.0,66.0,58.0,7,summer,73.29,19.6,20.046999,78.0
1,2024-07-28 20:00:00+00:00,18.747,19.147,18.697,19.046999,17.597,17.847,20.6455,86.0,82.0,84.0,81.0,73.0,73.0,60.0,7,summer,77.0,18.82,19.397,81.0
1,2024-07-28 21:00:00+00:00,17.847,18.747,17.796999,18.397,16.697,16.647,20.2955,92.0,85.0,89.0,84.0,78.0,79.0,62.0,7,summer,81.29,18.06,18.796999,83.0
1,2024-07-28 22:00:00+00:00,17.546999,18.097,16.697,17.597,16.497,16.047,19.7955,93.0,88.0,95.0,88.0,80.0,82.0,63.0,7,summer,84.14,17.47,18.046999,86.0
1,2024-07-28 23:00:00+00:00,17.747,16.697,16.147,16.796999,16.697,15.847,19.2955,91.0,95.0,96.0,93.0,79.0,83.0,62.0,7,summer,85.57,17.03,17.247,89.0
1,2024-07-29 00:00:00+00:00,16.347,16.447,15.697,15.896999,17.247,16.947,16.7955,93.0,93.0,90.0,98.0,84.0,83.0,73.0,7,summer,87.71,16.48,17.597,87.0
1,2024-07-29 01:00:00+00:00,16.247,16.097,15.297,15.097,16.347,16.047,16.3955,91.0,93.0,85.0,96.0,86.0,87.0,73.0,7,summer,87.29,15.93,16.947,89.0
1,2024-07-29 02:00:00+00:00,15.947,15.797,14.597,14.347,15.497,15.097,16.1455,89.0,91.0,82.0,93.0,85.0,90.0,72.0,7,summer,86.0,15.35,16.597,90.0
1,2024-07-29 03:00:00+00:00,15.447,15.997,14.297,14.347,15.396999,15.047,16.4955,87.0,86.0,84.0,88.0,83.0,89.0,69.0,7,summer,83.71,15.29,16.347,92.0
1,2024-07-29 04:00:00+00:00,14.896999,15.697,14.047,15.497,16.497,16.347,17.6955,87.0,84.0,87.0,82.0,78.0,83.0,64.0,7,summer,80.71,15.81,16.296999,92.0
1,2024-07-29 05:00:00+00:00,16.546999,17.197,15.947,17.397,18.347,18.447,19.5455,82.0,80.0,82.0,75.0,70.0,73.0,57.0,7,summer,74.14,17.63,17.697,86.0
1,2024-07-29 06:00:00+00:00,19.647,20.546999,19.847,19.647,20.347,20.697,21.595499,70.0,69.0,66.0,69.0,62.0,63.0,50.0,7,summer,64.14,20.33,19.597,73.0
1,2024-07-29 07:00:00+00:00,22.147,22.947,22.796999,22.046999,22.546999,23.097,24.2455,62.0,59.0,56.0,60.0,54.0,54.0,43.0,7,summer,55.43,22.83,21.647,65.0
1,2024-07-29 08:00:00+00:00,24.046999,24.947,25.197,24.647,24.947,25.597,26.9955,54.0,50.0,48.0,50.0,46.0,45.0,36.0,7,summer,47.0,25.2,23.247,57.0
1,2024-07-29 09:00:00+00:00,25.347,26.397,26.897,26.647,26.897,27.546999,28.8955,48.0,41.0,41.0,42.0,40.0,38.0,31.0,7,summer,40.14,26.95,24.247,54.0
1,2024-07-29 10:00:00+00:00,26.296999,27.447,27.747,27.747,28.296999,28.697,29.2455,43.0,37.0,36.0,37.0,35.0,34.0,29.0,7,summer,35.86,27.93,25.597,45.0
1,2024-07-29 11:00:00+00:00,27.197,27.397,28.247,28.197,29.247,29.247,28.7455,41.0,37.0,33.0,34.0,32.0,31.0,28.0,7,summer,33.71,28.33,25.847,44.0
1,2024-07-29 12:00:00+00:00,27.296999,26.997,27.447,27.747,28.197,29.697,27.7955,39.0,42.0,37.0,36.0,33.0,29.0,28.0,7,summer,34.86,27.88,25.097,55.0
1,2024-07-29 13:00:00+00:00,25.997,27.097,27.296999,26.847,28.046999,29.497,26.7955,47.0,41.0,37.0,42.0,32.0,28.0,29.0,7,summer,36.57,27.37,23.997,65.0
1,2024-07-29 14:00:00+00:00,24.147,26.697,27.147,25.447,27.597,28.796999,25.3955,61.0,41.0,37.0,51.0,33.0,29.0,32.0,7,summer,40.57,26.46,23.796999,63.0
1,2024-07-29 15:00:00+00:00,23.447,25.796999,26.546999,23.997,26.697,27.647,23.9955,62.0,42.0,37.0,60.0,36.0,33.0,37.0,7,summer,43.86,25.45,22.497,70.0
1,2024-07-29 16:00:00+00:00,21.796999,23.997,23.097,22.497,25.147,25.796999,22.595499,74.0,47.0,61.0,67.0,43.0,41.0,44.0,7,summer,53.86,23.56,21.147,78.0
1,2024-07-29 17:00:00+00:00,20.897,21.997,21.447,20.947,23.147,23.447,21.1455,80.0,61.0,68.0,75.0,52.0,52.0,53.0,7,summer,63.0,21.86,19.997,84.0
1,2024-07-29 18:00:00+00:00,19.046999,19.097,21.546999,19.747,21.447,21.447,17.9955,91.0,87.0,66.0,81.0,61.0,62.0,74.0,7,summer,74.57,20.05,20.097,84.0
1,2024-07-29 19:00:00+00:00,18.147,18.997,19.997,19.397,20.447,20.147,17.595499,94.0,87.0,72.0,83.0,68.0,70.0,78.0,7,summer,78.86,19.25,19.197,89.0
1,2024-07-29 20:00:00+00:00,18.147,18.897,19.197,19.497,19.697,19.197,17.7455,93.0,88.0,78.0,82.0,74.0,78.0,78.0,7,summer,81.57,18.91,18.847,92.0
1,2024-07-29 21:00:00+00:00,18.147,18.697,18.546999,19.447,18.897,18.347,17.8955,92.0,88.0,82.0,82.0,79.0,84.0,79.0,7,summer,83.71,18.57,18.647,92.0
1,2024-07-29 22:00:00+00:00,17.997,18.347,17.647,19.097,17.697,17.497,17.7455,93.0,90.0,87.0,84.0,82.0,88.0,80.0,7,summer,86.29,18.0,18.447,93.0
1,2024-07-29 23:00:00+00:00,17.997,18.197,16.697,18.697,16.397,16.747,17.5455,92.0,91.0,91.0,87.0,84.0,91.0,80.0,7,summer,88.0,17.47,18.046999,93.0
1,2024-07-30 00:00:00+00:00,17.296999,17.597,17.847,17.947,17.546999,17.697,15.8955,95.0,86.0,85.0,89.0,90.0,90.0,79.0,7,summer,87.71,17.4,17.647,93.0
1,2024-07-30 01:00:00+00:00,16.997,17.347,17.796999,17.247,17.046999,17.046999,15.3455,95.0,87.0,81.0,87.0,90.0,88.0,81.0,7,summer,87.0,16.98,17.247,95.0
1,2024-07-30 02:00:00+00:00,16.697,17.296999,17.647,16.546999,16.546999,16.296999,14.7955,95.0,90.0,78.0,84.0,88.0,85.0,82.0,7,summer,86.0,16.55,16.747,96.0
1,2024-07-30 03:00:00+00:00,16.197,17.296999,16.847,16.347,16.647,16.197,15.0955,95.0,91.0,81.0,80.0,84.0,81.0,80.0,7,summer,84.57,16.38,16.497,96.0
1,2024-07-30 04:00:00+00:00,15.947,17.247,16.296999,16.847,17.497,17.147,16.6955,95.0,90.0,86.0,77.0,78.0,76.0,73.0,7,summer,82.14,16.81,16.296999,95.0
1,2024-07-30 05:00:00+00:00,17.147,18.046999,17.747,17.847,18.947,18.796999,19.1455,92.0,86.0,81.0,74.0,70.0,70.0,62.0,7,summer,76.43,18.24,17.447,91.0
1,2024-07-30 06:00:00+00:00,19.647,19.147,20.347,19.597,20.546999,20.597,21.6955,82.0,84.0,69.0,70.0,62.0,63.0,53.0,7,summer,69.0,20.23,19.347,84.0
1,2024-07-30 07:00:00+00:00,22.046999,20.296999,22.447,21.897,22.546999,22.747,24.0455,73.0,79.0,59.0,61.0,54.0,55.0,46.0,7,summer,61.0,22.29,21.397,73.0
1,2024-07-30 08:00:00+00:00,23.747,21.397,24.747,24.447,24.747,25.147,26.4955,61.0,75.0,51.0,50.0,47.0,46.0,40.0,7,summer,52.86,24.39,22.847,64.0
1,2024-07-30 09:00:00+00:00,24.847,22.097,26.447,26.397,26.397,26.847,28.1955,55.0,72.0,44.0,42.0,41.0,40.0,35.0,7,summer,47.0,25.89,24.347,57.0
1,2024-07-30 10:00:00+00:00,25.597,22.497,26.847,27.296999,27.046999,27.497,28.7455,52.0,69.0,38.0,38.0,37.0,37.0,32.0,7,summer,43.29,26.5,25.296999,52.0
1,2024-07-30 11:00:00+00:00,25.847,22.947,27.447,27.546999,27.147,27.497,28.5455,50.0,67.0,36.0,35.0,34.0,36.0,30.0,7,summer,41.14,26.71,25.347,51.0
1,2024-07-30 12:00:00+00:00,25.796999,24.697,27.747,28.097,27.347,29.597,29.595499,51.0,58.0,36.0,31.0,33.0,26.0,25.0,7,summer,37.14,27.55,25.097,51.0
1,2024-07-30 13:00:00+00:00,25.796999,24.296999,27.697,27.947,26.947,29.597,28.845499,46.0,61.0,35.0,31.0,36.0,25.0,27.0,7,summer,37.29,27.3,24.296999,55.0
1,2024-07-30 14:00:00+00:00,25.697,23.296999,27.347,27.497,26.247,29.296999,27.595499,43.0,66.0,34.0,32.0,41.0,24.0,31.0,7,summer,38.71,26.71,23.847,58.0
1,2024-07-30 15:00:00+00:00,24.847,22.296999,25.947,26.597,25.247,28.296999,26.1955,46.0,70.0,40.0,34.0,45.0,26.0,36.0,7,summer,42.43,25.63,22.447,64.0
1,2024-07-30 16:00:00+00:00,22.997,20.597,23.546999,25.097,23.647,26.296999,24.6455,55.0,81.0,53.0,39.0,48.0,32.0,42.0,7,summer,50.0,23.83,20.796999,77.0
1,2024-07-30 17:00:00+00:00,21.647,19.847,22.147,23.097,21.747,23.697,22.9455,64.0,87.0,54.0,45.0,50.0,40.0,49.0,7,summer,55.57,22.16,19.997,84.0
1,2024-07-30 18:00:00+00:00,19.347,19.847,20.697,20.546999,20.046999,21.197,19.2955,87.0,86.0,69.0,71.0,53.0,49.0,58.0,7,summer,67.57,20.14,19.447,89.0
1,2024-07-30 19:00:00+00:00,18.947,19.497,19.747,19.147,18.897,19.046999,18.4955,89.0,88.0,69.0,74.0,55.0,57.0,62.0,7,summer,70.57,19.11,19.197,89.0
1,2024-07-30 20:00:00+00:00,18.747,19.097,18.697,17.897,18.046999,16.997,18.095499,91.0,87.0,73.0,75.0,58.0,65.0,65.0,7,summer,73.43,18.23,19.197,86.0
1,2024-07-30 21:00:00+00:00,18.647,18.497,17.647,16.847,17.147,15.447,17.6955,92.0,89.0,77.0,76.0,61.0,72.0,67.0,7,summer,76.29,17.42,18.796999,77.0
1,2024-07-30 22:00:00+00:00,18.747,17.847,16.847,15.997,16.097,14.547,17.2455,84.0,88.0,81.0,77.0,67.0,77.0,67.0,7,summer,77.29,16.76,18.397,72.0
1,2024-07-30 23:00:00+00:00,18.447,17.097,16.097,15.347,15.047,14.146999,16.845499,76.0,84.0,85.0,79.0,73.0,80.0,66.0,7,summer,77.57,16.15,17.847,76.0
1,2024-07-31 00:00:00+00:00,16.847,16.997,16.047,14.997,13.697,13.047,17.095499,80.0,80.0,82.0,74.0,78.0,80.0,64.0,7,summer,76.86,15.53,17.296999,74.0
1,2024-07-31 01:00:00+00:00,16.097,16.347,15.497,14.097,12.896999,12.497,16.2455,81.0,82.0,84.0,77.0,81.0,83.0,67.0,7,summer,79.29,14.81,16.647,75.0
1,2024-07-31 02:00:00+00:00,15.497,16.047,15.197,13.247,12.347,12.047,15.2455,82.0,82.0,85.0,82.0,82.0,86.0,71.0,7,summer,81.43,14.23,16.147,79.0
1,2024-07-31 03:00:00+00:00,15.047,15.896999,14.797,13.297,12.597,12.396999,15.195499,83.0,81.0,87.0,83.0,81.0,86.0,72.0,7,summer,81.86,14.18,16.047,80.0
1,2024-07-31 04:00:00+00:00,14.847,15.847,14.396999,14.747,14.146999,13.847,16.5455,84.0,79.0,88.0,78.0,75.0,81.0,67.0,7,summer,78.86,14.91,16.147,80.0
1,2024-07-31 05:00:00+00:00,15.947,17.046999,15.747,17.097,16.597,15.997,18.7455,83.0,77.0,84.0,69.0,66.0,73.0,59.0,7,summer,73.0,16.74,16.947,79.0
1,2024-07-31 06:00:00+00:00,17.796999,18.747,18.897,19.447,19.147,18.296999,20.8955,75.0,65.0,74.0,58.0,58.0,65.0,52.0,7,summer,63.86,19.03,18.046999,73.0
1,2024-07-31 07:00:00+00:00,19.647,20.747,20.796999,22.046999,21.847,20.647,23.4955,65.0,54.0,66.0,50.0,50.0,57.0,45.0,7,summer,55.29,21.32,19.947,64.0
1,2024-07-31 08:00:00+00:00,21.447,22.647,22.497,24.847,24.747,23.147,26.3955,57.0,50.0,62.0,41.0,43.0,49.0,37.0,7,summer,48.43,23.68,21.546999,60.0
1,2024-07-31 09:00:00+00:00,23.747,24.397,23.997,26.997,26.997,25.097,28.4955,52.0,48.0,58.0,35.0,37.0,42.0,31.0,7,summer,43.29,25.68,23.296999,56.0
1,2024-07-31 10:00:00+00:00,25.597,26.097,25.097,28.296999,28.397,26.397,29.3955,46.0,45.0,53.0,31.0,32.0,37.0,27.0,7,summer,38.71,27.04,24.296999,52.0
1,2024-07-31 11:00:00+00:00,26.546999,27.497,25.796999,28.997,29.197,27.197,29.5455,39.0,37.0,48.0,29.0,29.0,34.0,25.0,7,summer,34.43,27.83,23.997,49.0
1,2024-07-31 12:00:00+00:00,28.197,28.296999,27.447,28.897,28.497,28.847,29.7955,32.0,31.0,38.0,28.0,29.0,28.0,24.0,7,summer,30.0,28.57,23.497,55.0
1,2024-07-31 13:00:00+00:00,28.147,28.597,27.296999,28.997,28.497,28.947,27.9455,32.0,26.0,37.0,26.0,28.0,26.0,29.0,7,summer,29.14,28.35,23.597,55.0
1,2024-07-31 14:00:00+00:00,27.546999,28.296999,26.747,28.747,28.197,28.647,25.1455,30.0,23.0,36.0,24.0,28.0,26.0,37.0,7,summer,29.14,27.62,23.546999,56.0
1,2024-07-31 15:00:00+00:00,26.697,27.296999,25.647,27.747,27.296999,27.546999,22.9955,33.0,25.0,41.0,26.0,30.0,28.0,43.0,7,summer,32.29,26.46,22.947,57.0
1,2024-07-31 16:00:00+00:00,23.647,23.347,23.296999,25.447,25.296999,25.147,22.2455,44.0,38.0,56.0,33.0,36.0,36.0,45.0,7,summer,41.14,24.06,21.296999,63.0
1,2024-07-31 17:00:00+00:00,21.397,20.447,21.296999,22.397,22.697,22.046999,22.095499,48.0,46.0,59.0,43.0,44.0,46.0,44.0,7,summer,47.14,21.77,20.097,67.0
1,2024-07-31 18:00:00+00:00,19.347,19.097,19.347,19.597,20.497,19.497,21.3955,58.0,57.0,57.0,57.0,51.0,54.0,58.0,7,summer,56.0,19.83,19.697,64.0
1,2024-07-31 19:00:00+00:00,17.997,18.347,18.647,18.247,19.296999,18.197,20.7955,64.0,64.0,63.0,63.0,54.0,56.0,58.0,7,summer,60.29,18.79,18.247,66.0
1,2024-07-31 20:00:00+00:00,17.447,17.796999,18.147,17.347,18.546999,17.546999,20.1955,63.0,64.0,65.0,68.0,56.0,56.0,56.0,7,summer,61.14,18.15,17.247,70.0
1,2024-07-31 21:00:00+00:00,17.296999,17.147,17.447,16.497,17.697,16.796999,19.595499,57.0,65.0,66.0,73.0,59.0,57.0,56.0,7,summer,61.86,17.5,16.296999,74.0
1,2024-07-31 22:00:00+00:00,16.247,16.296999,16.147,15.497,16.546999,15.747,18.8955,63.0,70.0,72.0,78.0,63.0,60.0,59.0,7,summer,66.43,16.48,15.997,77.0
1,2024-07-31 23:00:00+00:00,15.047,15.547,14.896999,14.497,15.347,14.646999,18.1455,72.0,73.0,78.0,83.0,68.0,64.0,62.0,7,summer,71.43,15.45,15.396999,79.0
1,2024-08-01 00:00:00+00:00,14.697,14.247,14.347,13.797,13.797,14.347,17.9955,78.0,81.0,79.0,85.0,76.0,71.0,66.0,8,summer,76.57,14.75,13.747,87.0
1,2024-08-01 01:00:00+00:00,13.747,13.447,13.597,12.997,12.797,13.297,17.1455,83.0,85.0,83.0,88.0,78.0,75.0,69.0,8,summer,80.14,13.86,13.247,90.0
1,2024-08-01 02:00:00+00:00,13.097,12.947,13.097,12.297,11.997,12.396999,16.1455,85.0,87.0,84.0,89.0,79.0,78.0,72.0,8,summer,82.0,13.14,12.797,92.0
1,2024-08-01 03:00:00+00:00,12.646999,12.697,12.497,12.447,12.047,12.396999,15.8955,86.0,87.0,85.0,87.0,78.0,78.0,73.0,8,summer,82.0,12.95,12.747,91.0
1,2024-08-01 04:00:00+00:00,12.247,12.547,12.146999,13.797,13.597,13.797,16.9455,87.0,87.0,86.0,80.0,72.0,73.0,68.0,8,summer,79.0,13.58,12.497,91.0
1,2024-08-01 05:00:00+00:00,13.896999,14.197,14.247,15.947,16.047,16.097,18.7955,83.0,83.0,79.0,71.0,64.0,65.0,60.0,8,summer,72.14,15.6,14.447,85.0
1,2024-08-01 06:00:00+00:00,18.046999,18.046999,17.897,17.747,18.597,18.546999,20.9955,65.0,64.0,65.0,70.0,56.0,57.0,51.0,8,summer,61.14,18.55,17.747,71.0
1,2024-08-01 07:00:00+00:00,20.546999,20.447,20.497,19.847,21.247,21.097,23.6455,55.0,56.0,56.0,63.0,48.0,50.0,43.0,8,summer,53.0,21.05,20.347,61.0
1,2024-08-01 08:00:00+00:00,22.997,22.847,22.897,22.197,24.046999,23.747,26.4955,49.0,51.0,49.0,56.0,41.0,43.0,35.0,8,summer,46.29,23.6,22.647,53.0
1,2024-08-01 09:00:00+00:00,25.097,24.796999,24.847,24.046999,26.197,25.847,28.6955,44.0,45.0,45.0,50.0,35.0,37.0,28.0,8,summer,40.57,25.65,24.697,47.0
1,2024-08-01 10:00:00+00:00,26.497,25.947,26.247,25.147,27.546999,27.147,29.9455,38.0,39.0,39.0,44.0,31.0,33.0,24.0,8,summer,35.43,26.93,26.046999,41.0
1,2024-08-01 11:00:00+00:00,26.796999,26.447,26.947,25.796999,28.296999,27.897,30.4955,34.0,34.0,35.0,38.0,28.0,30.0,21.0,8,summer,31.43,27.53,26.796999,37.0
1,2024-08-01 12:00:00+00:00,27.197,27.296999,27.647,26.647,27.997,27.747,30.8955,34.0,32.0,30.0,35.0,27.0,30.0,18.0,8,summer,29.43,27.92,26.447,37.0
1,2024-08-01 13:00:00+00:00,26.997,27.197,27.197,26.647,27.897,27.097,29.845499,35.0,32.0,30.0,34.0,26.0,31.0,20.0,8,summer,29.71,27.55,26.497,36.0
1,2024-08-01 14:00:00+00:00,26.747,26.796999,26.847,26.296999,27.397,25.947,28.0455,36.0,33.0,30.0,35.0,27.0,33.0,25.0,8,summer,31.29,26.87,26.097,37.0
1,2024-08-01 15:00:00+00:00,26.097,25.997,26.097,25.447,26.296999,24.447,25.9955,38.0,34.0,29.0,38.0,30.0,37.0,30.0,8,summer,33.71,25.77,25.497,38.0
1,2024-08-01 16:00:00+00:00,23.597,23.847,24.046999,23.897,24.147,22.497,23.5455,49.0,46.0,39.0,44.0,36.0,42.0,36.0,8,summer,41.71,23.65,24.046999,49.0
1,2024-08-01 17:00:00+00:00,21.447,21.997,21.697,21.947,21.347,20.247,20.845499,52.0,52.0,51.0,51.0,44.0,49.0,43.0,8,summer,48.86,21.36,21.296999,59.0
1,2024-08-01 18:00:00+00:00,20.546999,20.347,20.347,20.247,18.997,18.397,18.595499,51.0,47.0,57.0,53.0,51.0,54.0,47.0,8,summer,51.43,19.64,20.296999,62.0
1,2024-08-01 19:00:00+00:00,19.647,19.247,19.046999,18.947,17.597,17.197,17.3955,52.0,50.0,52.0,58.0,56.0,57.0,50.0,8,summer,53.57,18.44,19.046999,62.0
1,2024-08-01 20:00:00+00:00,18.347,17.947,17.796999,17.947,16.597,16.397,16.595499,60.0,56.0,56.0,62.0,61.0,59.0,54.0,8,summer,58.29,17.38,18.397,64.0
1,2024-08-01 21:00:00+00:00,17.046999,16.147,17.046999,16.997,15.747,15.797,15.8955,70.0,66.0,63.0,66.0,65.0,61.0,57.0,8,summer,64.0,16.38,17.147,73.0
1,2024-08-01 22:00:00+00:00,16.697,15.896999,15.997,15.896999,14.947,15.547,15.195499,70.0,68.0,71.0,72.0,67.0,65.0,61.0,8,summer,67.71,15.74,17.046999,76.0
1,2024-08-01 23:00:00+00:00,15.247,14.047,15.097,14.847,14.247,15.497,14.5955,78.0,76.0,76.0,77.0,68.0,70.0,65.0,8,summer,72.86,14.8,16.347,77.0
1,2024-08-02 00:00:00+00:00,14.547,14.047,14.447,13.396999,12.297,12.646999,13.695499,81.0,82.0,77.0,81.0,84.0,77.0,59.0,8,summer,77.29,13.58,15.097,86.0
1,2024-08-02 01:00:00+00:00,14.146999,13.597,13.697,12.547,11.497,11.646999,13.0955,80.0,82.0,83.0,85.0,86.0,84.0,62.0,8,summer,80.29,12.89,13.847,89.0
1,2024-08-02 02:00:00+00:00,13.396999,13.247,12.947,11.847,10.947,10.797,12.6455,78.0,79.0,89.0,88.0,86.0,91.0,65.0,8,summer,82.29,12.26,13.097,91.0
1,2024-08-02 03:00:00+00:00,13.447,12.947,12.347,11.997,11.197,10.896999,12.8955,72.0,80.0,94.0,88.0,85.0,93.0,66.0,8,summer,82.57,12.25,12.597,91.0
1,2024-08-02 04:00:00+00:00,13.447,12.646999,12.197,13.396999,12.747,12.646999,14.2455,73.0,85.0,94.0,84.0,82.0,87.0,65.0,8,summer,81.43,13.05,12.197,91.0
1,2024-08-02 05:00:00+00:00,15.047,14.547,14.197,15.597,15.097,15.447,16.345499,74.0,83.0,88.0,77.0,76.0,77.0,61.0,8,summer,76.57,15.18,14.297,81.0
1,2024-08-02 06:00:00+00:00,18.046999,18.147,18.147,17.796999,17.647,18.247,19.2955,62.0,69.0,71.0,71.0,70.0,67.0,53.0,8,summer,66.14,18.19,18.147,66.0
1,2024-08-02 07:00:00+00:00,20.347,20.397,20.546999,20.247,20.347,21.046999,22.595499,56.0,61.0,61.0,63.0,62.0,58.0,44.0,8,summer,57.86,20.79,20.397,57.0
1,2024-08-02 08:00:00+00:00,22.747,22.546999,22.847,22.747,23.197,23.897,26.2455,52.0,55.0,55.0,54.0,53.0,48.0,34.0,8,summer,50.14,23.46,22.447,52.0
1,2024-08-02 09:00:00+00:00,24.847,24.546999,24.796999,24.647,25.397,26.097,28.8955,44.0,47.0,47.0,47.0,45.0,41.0,27.0,8,summer,42.57,25.6,24.097,47.0
1,2024-08-02 10:00:00+00:00,26.197,26.046999,26.197,25.546999,26.647,27.247,29.7955,40.0,41.0,42.0,43.0,40.0,37.0,23.0,8,summer,38.0,26.81,24.897,45.0
1,2024-08-02 11:00:00+00:00,26.296999,26.546999,26.796999,25.847,27.247,27.697,29.6455,39.0,38.0,38.0,41.0,36.0,35.0,22.0,8,summer,35.57,27.15,25.097,44.0
1,2024-08-02 12:00:00+00:00,25.997,25.647,26.897,26.147,25.796999,27.647,28.8955,39.0,40.0,36.0,38.0,42.0,32.0,22.0,8,summer,35.57,26.72,24.697,46.0
1,2024-08-02 13:00:00+00:00,26.147,25.947,26.897,26.397,26.046999,27.796999,28.2955,38.0,40.0,36.0,37.0,42.0,31.0,22.0,8,summer,35.14,26.79,24.597,47.0
1,2024-08-02 14:00:00+00:00,25.947,25.897,26.546999,26.497,26.097,27.647,27.345499,37.0,40.0,36.0,36.0,42.0,31.0,24.0,8,summer,35.14,26.57,24.097,47.0
1,2024-08-02 15:00:00+00:00,25.347,25.147,25.647,25.947,25.546999,26.847,25.9955,38.0,41.0,37.0,38.0,44.0,33.0,28.0,8,summer,37.0,25.78,23.747,48.0
1,2024-08-02 16:00:00+00:00,22.947,23.347,23.897,24.347,23.947,24.947,23.9455,47.0,48.0,47.0,44.0,48.0,39.0,36.0,8,summer,44.14,23.91,21.947,57.0
1,2024-08-02 17:00:00+00:00,21.497,21.847,21.847,22.147,21.747,22.447,21.4955,54.0,55.0,53.0,52.0,53.0,48.0,46.0,8,summer,51.57,21.86,20.897,65.0
1,2024-08-02 18:00:00+00:00,19.947,20.447,20.147,20.147,19.897,20.247,21.4955,62.0,59.0,61.0,59.0,58.0,55.0,49.0,8,summer,57.57,20.33,20.097,71.0
1,2024-08-02 19:00:00+00:00,19.197,19.747,19.296999,19.097,18.847,18.747,19.9955,64.0,63.0,63.0,64.0,63.0,60.0,55.0,8,summer,61.71,19.28,19.497,73.0
1,2024-08-02 20:00:00+00:00,18.497,18.847,17.947,18.296999,18.147,17.597,18.595499,67.0,67.0,70.0,69.0,67.0,63.0,60.0,8,summer,66.14,18.28,19.247,69.0
1,2024-08-02 21:00:00+00:00,17.747,18.097,16.647,17.546999,17.497,16.597,17.4955,70.0,70.0,76.0,73.0,71.0,66.0,64.0,8,summer,70.0,17.38,18.546999,68.0
1,2024-08-02 22:00:00+00:00,17.147,17.347,15.197,16.647,16.697,15.797,16.8955,72.0,73.0,82.0,77.0,74.0,70.0,65.0,8,summer,73.29,16.53,17.847,70.0
1,2024-08-02 23:00:00+00:00,16.296999,16.647,14.347,15.697,15.947,15.146999,16.6455,76.0,74.0,84.0,81.0,77.0,73.0,64.0,8,summer,75.57,15.82,16.847,74.0
1,2024-08-03 00:00:00+00:00,14.896999,15.097,16.247,15.197,15.747,15.197,16.8955,82.0,81.0,77.0,79.0,76.0,77.0,48.0,8,summer,74.29,15.61,16.546999,75.0
1,2024-08-03 01:00:00+00:00,14.097,14.747,15.247,14.247,14.797,14.247,15.8455,85.0,82.0,81.0,83.0,79.0,80.0,51.0,8,summer,77.29,14.75,15.947,78.0
1,2024-08-03 02:00:00+00:00,13.847,14.197,14.146999,13.347,13.797,13.347,14.945499,85.0,84.0,85.0,86.0,83.0,83.0,55.0,8,summer,80.14,13.95,15.247,81.0
1,2024-08-03 03:00:00+00:00,13.396999,13.547,13.497,13.297,13.697,13.297,14.8955,86.0,86.0,86.0,86.0,83.0,83.0,56.0,8,summer,80.86,13.66,14.597,84.0
1,2024-08-03 04:00:00+00:00,12.997,13.146999,13.247,14.597,14.947,14.497,15.9955,86.0,87.0,85.0,81.0,77.0,78.0,54.0,8,summer,78.29,14.2,14.097,86.0
1,2024-08-03 05:00:00+00:00,14.797,15.197,15.247,16.697,17.097,16.497,17.845499,80.0,80.0,79.0,72.0,68.0,70.0,49.0,8,summer,71.14,16.2,15.747,81.0
1,2024-08-03 06:00:00+00:00,19.046999,19.147,18.597,18.897,19.347,18.747,19.6955,62.0,58.0,66.0,64.0,59.0,62.0,46.0,8,summer,59.57,19.07,18.947,65.0
1,2024-08-03 07:00:00+00:00,21.296999,21.296999,21.296999,21.296999,21.796999,21.347,22.845499,55.0,53.0,55.0,56.0,52.0,55.0,39.0,8,summer,52.14,21.6,21.197,59.0
1,2024-08-03 08:00:00+00:00,23.647,23.747,23.597,23.796999,24.347,24.147,26.3955,51.0,49.0,49.0,49.0,46.0,48.0,32.0,8,summer,46.29,24.24,23.397,52.0
1,2024-08-03 09:00:00+00:00,25.597,25.597,25.347,25.796999,26.347,26.347,28.9955,46.0,45.0,44.0,43.0,41.0,42.0,27.0,8,summer,41.14,26.29,25.097,47.0
1,2024-08-03 10:00:00+00:00,26.546999,26.897,26.097,27.046999,27.397,27.497,29.8955,41.0,41.0,40.0,39.0,38.0,38.0,24.0,8,summer,37.29,27.34,26.046999,43.0
1,2024-08-03 11:00:00+00:00,27.046999,27.546999,27.147,27.796999,27.897,27.997,29.7955,40.0,36.0,37.0,36.0,36.0,36.0,23.0,8,summer,34.86,27.89,26.697,40.0
1,2024-08-03 12:00:00+00:00,27.347,28.347,28.197,28.497,28.397,27.497,29.3955,39.0,33.0,34.0,33.0,33.0,38.0,23.0,8,summer,33.29,28.24,26.997,40.0
1,2024-08-03 13:00:00+00:00,27.296999,28.296999,28.197,28.497,28.497,27.097,28.5455,39.0,33.0,33.0,32.0,32.0,39.0,25.0,8,summer,33.29,28.06,27.046999,39.0
1,2024-08-03 14:00:00+00:00,26.847,28.046999,27.897,28.147,28.247,26.197,27.095499,38.0,32.0,33.0,32.0,31.0,41.0,30.0,8,summer,33.86,27.5,26.897,38.0
1,2024-08-03 15:00:00+00:00,23.997,26.697,27.197,27.247,27.447,25.147,25.4955,52.0,35.0,33.0,34.0,33.0,43.0,34.0,8,summer,37.71,26.18,26.447,38.0
1,2024-08-03 16:00:00+00:00,22.546999,23.897,24.247,25.546999,25.747,23.796999,23.6455,57.0,46.0,43.0,38.0,38.0,46.0,39.0,8,summer,43.86,24.2,23.647,52.0
1,2024-08-03 17:00:00+00:00,21.197,22.247,22.197,23.296999,23.497,22.247,21.595499,60.0,50.0,47.0,45.0,45.0,49.0,44.0,8,summer,48.57,22.33,21.897,53.0
1,2024-08-03 18:00:00+00:00,19.546999,20.747,20.847,21.147,21.647,20.947,20.7955,65.0,54.0,52.0,52.0,51.0,52.0,45.0,8,summer,53.0,20.81,21.046999,58.0
1,2024-08-03 19:00:00+00:00,18.697,19.997,19.747,19.997,20.796999,20.147,19.3955,69.0,55.0,56.0,57.0,54.0,53.0,48.0,8,summer,56.0,19.83,19.947,64.0
1,2024-08-03 20:00:00+00:00,18.497,19.147,18.897,19.247,20.347,19.597,17.9455,71.0,58.0,60.0,60.0,56.0,54.0,53.0,8,summer,58.86,19.1,18.997,70.0
1,2024-08-03 21:00:00+00:00,18.097,18.247,18.197,18.546999,19.697,18.947,16.6955,72.0,63.0,64.0,64.0,58.0,56.0,56.0,8,summer,61.86,18.35,18.147,72.0
1,2024-08-03 22:00:00+00:00,16.997,17.397,17.647,17.697,18.546999,18.147,15.8955,77.0,67.0,67.0,68.0,62.0,60.0,58.0,8,summer,65.57,17.48,17.247,76.0
1,2024-08-03 23:00:00+00:00,16.047,16.347,16.947,16.847,17.197,17.247,15.3455,81.0,72.0,71.0,71.0,67.0,65.0,59.0,8,summer,69.43,16.57,16.147,82.0
1,2024-08-04 00:00:00+00:00,14.747,15.197,16.147,16.447,15.646999,16.147,16.1955,86.0,78.0,75.0,72.0,68.0,71.0,62.0,8,summer,73.14,15.79,15.646999,84.0
1,2024-08-04 01:00:00+00:00,14.197,14.447,15.497,15.447,14.747,15.047,15.3955,87.0,81.0,77.0,76.0,71.0,77.0,64.0,8,summer,76.14,14.97,15.047,86.0
1,2024-08-04 02:00:00+00:00,13.797,13.896999,14.847,14.547,14.047,13.997,14.695499,88.0,83.0,79.0,79.0,74.0,82.0,66.0,8,summer,78.71,14.26,14.497,88.0
1,2024-08-04 03:00:00+00:00,13.396999,13.447,14.396999,14.396999,14.047,13.896999,14.7955,89.0,84.0,80.0,80.0,75.0,83.0,66.0,8,summer,79.57,14.05,13.997,89.0
1,2024-08-04 04:00:00+00:00,13.396999,13.097,13.997,15.447,15.146999,15.197,16.1455,88.0,85.0,82.0,76.0,73.0,78.0,61.0,8,summer,77.57,14.63,13.697,89.0
1,2024-08-04 05:00:00+00:00,15.497,15.146999,16.047,17.296999,16.947,17.347,18.345499,80.0,79.0,76.0,68.0,68.0,70.0,54.0,8,summer,70.71,16.66,15.597,83.0
1,2024-08-04 06:00:00+00:00,18.796999,18.747,18.947,19.147,18.947,19.647,20.3955,66.0,64.0,61.0,62.0,63.0,62.0,53.0,8,summer,61.57,19.23,18.546999,69.0
1,2024-08-04 07:00:00+00:00,21.046999,21.046999,21.397,21.546999,21.296999,22.046999,23.1955,58.0,57.0,55.0,55.0,56.0,55.0,45.0,8,summer,54.43,21.65,20.847,62.0
1,2024-08-04 08:00:00+00:00,23.347,23.497,23.997,24.147,23.796999,24.597,26.1955,53.0,52.0,49.0,49.0,48.0,47.0,37.0,8,summer,47.86,24.23,23.147,55.0
1,2024-08-04 09:00:00+00:00,25.296999,25.597,26.147,26.247,25.847,26.597,28.4955,46.0,46.0,43.0,43.0,42.0,41.0,31.0,8,summer,41.71,26.32,24.947,48.0
1,2024-08-04 10:00:00+00:00,26.296999,27.046999,27.546999,27.497,27.046999,27.747,29.6455,41.0,40.0,39.0,38.0,39.0,37.0,27.0,8,summer,37.29,27.55,26.147,44.0
1,2024-08-04 11:00:00+00:00,27.046999,27.847,28.097,28.197,27.697,28.397,30.0455,37.0,36.0,34.0,34.0,37.0,34.0,26.0,8,summer,34.0,28.19,26.747,40.0
1,2024-08-04 12:00:00+00:00,27.296999,27.647,28.296999,28.747,28.597,28.347,30.3955,35.0,36.0,31.0,30.0,32.0,32.0,22.0,8,summer,31.14,28.48,27.197,36.0
1,2024-08-04 13:00:00+00:00,27.296999,27.697,28.247,28.747,28.546999,28.447,28.6955,34.0,35.0,31.0,28.0,31.0,31.0,28.0,8,summer,31.14,28.24,27.247,35.0
1,2024-08-04 14:00:00+00:00,27.197,27.546999,27.897,28.296999,28.147,28.197,26.1455,34.0,34.0,31.0,28.0,31.0,31.0,36.0,8,summer,32.14,27.63,27.097,36.0
1,2024-08-04 15:00:00+00:00,26.546999,26.697,27.046999,27.397,27.347,27.347,24.095499,33.0,34.0,32.0,30.0,33.0,33.0,43.0,8,summer,34.0,26.64,26.347,36.0
1,2024-08-04 16:00:00+00:00,24.247,24.447,25.147,25.697,25.847,25.497,23.0455,40.0,39.0,38.0,36.0,37.0,39.0,44.0,8,summer,39.0,24.85,24.296999,43.0
1,2024-08-04 17:00:00+00:00,21.947,21.997,23.097,23.497,23.847,23.046999,22.4955,51.0,46.0,46.0,45.0,43.0,46.0,44.0,8,summer,45.86,22.85,22.197,51.0
1,2024-08-04 18:00:00+00:00,20.046999,20.296999,20.597,21.546999,22.197,20.997,19.595499,59.0,53.0,51.0,49.0,49.0,53.0,60.0,8,summer,53.43,20.75,21.197,56.0
1,2024-08-04 19:00:00+00:00,18.847,18.847,19.397,20.147,21.147,19.796999,19.5455,59.0,57.0,49.0,53.0,54.0,58.0,60.0,8,summer,55.71,19.68,20.097,58.0
1,2024-08-04 20:00:00+00:00,17.796999,17.796999,18.546999,19.046999,20.397,19.046999,20.095499,62.0,58.0,52.0,57.0,59.0,62.0,57.0,8,summer,58.14,18.96,19.397,58.0
1,2024-08-04 21:00:00+00:00,16.697,16.647,16.847,18.147,19.647,18.347,20.3955,67.0,63.0,60.0,60.0,63.0,66.0,56.0,8,summer,62.14,18.1,18.347,64.0
1,2024-08-04 22:00:00+00:00,16.296999,15.547,15.646999,17.447,18.796999,17.597,20.095499,68.0,68.0,65.0,63.0,66.0,70.0,57.0,8,summer,65.29,17.35,17.397,73.0
1,2024-08-04 23:00:00+00:00,14.947,14.197,14.247,16.997,17.947,16.947,19.5455,73.0,75.0,73.0,67.0,69.0,74.0,59.0,8,summer,70.0,16.4,16.546999,76.0
1,2024-08-05 00:00:00+00:00,15.447,12.997,13.396999,16.097,18.147,16.497,19.6955,79.0,84.0,84.0,73.0,73.0,71.0,60.0,8,summer,74.86,16.04,15.047,83.0
1,2024-08-05 01:00:00+00:00,15.097,12.797,12.747,14.896999,17.147,15.347,18.4455,78.0,84.0,87.0,78.0,75.0,77.0,64.0,8,summer,77.57,15.21,14.697,84.0
1,2024-08-05 02:00:00+00:00,14.597,12.547,12.146999,13.697,16.047,14.297,16.8955,78.0,85.0,88.0,84.0,77.0,83.0,71.0,8,summer,80.86,14.32,14.146999,84.0
1,2024-08-05 03:00:00+00:00,13.747,12.197,11.646999,13.447,15.747,14.146999,16.2955,81.0,87.0,89.0,85.0,77.0,86.0,73.0,8,summer,82.57,13.89,13.497,84.0
1,2024-08-05 04:00:00+00:00,12.997,11.947,11.396999,14.747,16.597,15.297,17.1955,85.0,88.0,89.0,80.0,72.0,82.0,69.0,8,summer,80.71,14.31,12.947,86.0
1,2024-08-05 05:00:00+00:00,14.797,13.947,13.497,17.046999,18.247,17.296999,19.0455,81.0,83.0,83.0,70.0,65.0,74.0,61.0,8,summer,73.86,16.27,14.847,80.0
1,2024-08-05 06:00:00+00:00,18.296999,18.097,18.147,18.947,20.097,19.447,21.1455,65.0,65.0,64.0,62.0,58.0,66.0,52.0,8,summer,61.71,19.17,18.247,65.0
1,2024-08-05 07:00:00+00:00,21.046999,21.046999,20.947,21.447,22.347,21.796999,23.9455,56.0,55.0,54.0,53.0,51.0,57.0,44.0,8,summer,52.86,21.8,21.247,55.0
1,2024-08-05 08:00:00+00:00,23.546999,23.747,23.497,23.947,24.847,24.347,27.095499,48.0,46.0,46.0,45.0,44.0,47.0,36.0,8,summer,44.57,24.43,23.697,47.0
1,2024-08-05 09:00:00+00:00,25.296999,25.597,25.397,25.947,26.796999,26.397,29.2955,39.0,39.0,41.0,39.0,38.0,39.0,30.0,8,summer,37.86,26.39,25.296999,42.0
1,2024-08-05 10:00:00+00:00,26.546999,26.847,26.647,27.197,27.747,27.747,30.095499,34.0,35.0,36.0,35.0,34.0,35.0,26.0,8,summer,33.57,27.55,26.546999,38.0
1,2024-08-05 11:00:00+00:00,27.347,27.497,27.647,27.897,28.147,28.597,30.0455,32.0,32.0,33.0,32.0,32.0,32.0,24.0,8,summer,31.0,28.17,27.546999,34.0
1,2024-08-05 12:00:00+00:00,27.947,27.447,27.947,27.847,28.796999,28.947,28.595499,31.0,33.0,31.0,32.0,29.0,31.0,28.0,8,summer,30.71,28.22,28.296999,30.0
1,2024-08-05 13:00:00+00:00,27.546999,27.397,27.847,27.847,28.697,28.796999,27.5455,32.0,34.0,30.0,31.0,28.0,30.0,29.0,8,summer,30.57,27.95,28.197,29.0
1,2024-08-05 14:00:00+00:00,27.097,27.147,27.546999,27.497,28.147,28.147,26.0455,32.0,33.0,29.0,31.0,28.0,30.0,32.0,8,summer,30.71,27.38,27.847,28.0
1,2024-08-05 15:00:00+00:00,26.296999,26.447,26.697,26.597,27.197,27.147,24.4955,33.0,33.0,29.0,33.0,31.0,32.0,36.0,8,summer,32.43,26.41,27.046999,29.0
1,2024-08-05 16:00:00+00:00,23.796999,23.997,23.747,24.847,25.546999,25.546999,22.7955,40.0,40.0,39.0,39.0,40.0,36.0,44.0,8,summer,39.71,24.33,24.796999,37.0
1,2024-08-05 17:00:00+00:00,21.997,22.247,21.747,22.597,23.447,23.546999,21.0455,46.0,46.0,47.0,48.0,53.0,42.0,54.0,8,summer,48.0,22.38,23.296999,43.0
1,2024-08-05 18:00:00+00:00,21.147,21.397,19.747,19.947,21.647,21.847,20.9955,50.0,49.0,55.0,53.0,64.0,48.0,56.0,8,summer,53.57,20.96,20.747,56.0
1,2024-08-05 19:00:00+00:00,19.947,20.046999,19.197,18.947,20.497,20.847,20.0455,61.0,61.0,59.0,59.0,72.0,54.0,62.0,8,summer,61.14,19.93,19.796999,61.0
1,2024-08-05 20:00:00+00:00,19.796999,19.397,18.697,18.546999,19.597,20.197,19.1455,62.0,67.0,63.0,63.0,77.0,59.0,67.0,8,summer,65.43,19.34,18.647,67.0
1,2024-08-05 21:00:00+00:00,19.147,18.397,18.397,18.097,18.897,19.497,18.3955,65.0,76.0,67.0,67.0,82.0,64.0,71.0,8,summer,70.29,18.69,18.097,69.0
1,2024-08-05 22:00:00+00:00,18.147,17.546999,17.347,17.397,18.347,18.597,17.9455,74.0,83.0,74.0,72.0,85.0,67.0,72.0,8,summer,75.29,17.9,17.247,76.0
1,2024-08-05 23:00:00+00:00,17.046999,16.597,16.097,16.697,17.897,17.697,17.7455,81.0,87.0,80.0,77.0,87.0,69.0,70.0,8,summer,78.71,17.11,16.747,83.0
1,2024-08-06 00:00:00+00:00,14.247,15.297,15.197,14.697,16.796999,17.647,17.095499,91.0,92.0,84.0,84.0,90.0,90.0,71.0,8,summer,86.0,15.85,15.646999,92.0
1,2024-08-06 01:00:00+00:00,13.697,14.347,14.747,13.646999,15.997,17.097,16.1955,92.0,95.0,85.0,87.0,92.0,90.0,73.0,8,summer,87.71,15.1,14.847,95.0
1,2024-08-06 02:00:00+00:00,13.197,14.197,14.047,12.747,15.197,16.597,15.4955,92.0,94.0,86.0,89.0,94.0,89.0,75.0,8,summer,88.43,14.5,14.197,96.0
1,2024-08-06 03:00:00+00:00,12.646999,14.047,13.347,12.747,15.197,16.647,15.5955,93.0,93.0,86.0,87.0,92.0,86.0,74.0,8,summer,87.29,14.32,13.497,97.0
1,2024-08-06 04:00:00+00:00,12.197,13.697,13.146999,14.297,16.397,17.447,17.0455,93.0,92.0,86.0,80.0,85.0,81.0,68.0,8,summer,83.57,14.89,12.697,98.0
1,2024-08-06 05:00:00+00:00,14.547,15.697,15.447,16.796999,18.296999,18.796999,19.345499,84.0,84.0,78.0,69.0,74.0,73.0,59.0,8,summer,74.43,16.99,14.947,91.0
1,2024-08-06 06:00:00+00:00,19.397,19.296999,19.497,19.347,20.397,20.296999,21.845499,64.0,68.0,63.0,58.0,63.0,66.0,53.0,8,summer,62.14,20.01,19.296999,78.0
1,2024-08-06 07:00:00+00:00,22.296999,22.296999,22.347,21.796999,22.647,22.097,24.345499,52.0,54.0,54.0,49.0,53.0,59.0,46.0,8,summer,52.43,22.55,22.247,61.0
1,2024-08-06 08:00:00+00:00,24.546999,24.597,24.647,24.296999,24.997,24.046999,26.9955,42.0,42.0,45.0,41.0,43.0,51.0,39.0,8,summer,43.29,24.88,24.497,44.0
1,2024-08-06 09:00:00+00:00,26.147,26.147,26.197,26.247,26.947,25.597,28.9955,34.0,34.0,37.0,35.0,36.0,46.0,33.0,8,summer,36.43,26.61,26.147,36.0
1,2024-08-06 10:00:00+00:00,27.296999,27.347,27.497,27.447,28.247,26.647,30.2955,31.0,30.0,32.0,31.0,32.0,43.0,27.0,8,summer,32.29,27.83,27.296999,32.0
1,2024-08-06 11:00:00+00:00,27.897,28.097,28.296999,28.097,29.046999,27.247,30.9955,30.0,28.0,30.0,28.0,30.0,41.0,23.0,8,summer,30.0,28.53,27.747,32.0
1,2024-08-06 12:00:00+00:00,27.747,28.447,28.397,28.546999,28.296999,28.847,30.095499,30.0,29.0,30.0,28.0,30.0,31.0,24.0,8,summer,28.86,28.63,28.097,32.0
1,2024-08-06 13:00:00+00:00,27.447,27.997,28.046999,28.296999,28.296999,28.847,29.3955,29.0,28.0,30.0,27.0,29.0,29.0,25.0,8,summer,28.14,28.33,27.847,31.0
1,2024-08-06 14:00:00+00:00,26.897,27.397,27.447,27.546999,27.947,28.397,28.0455,28.0,28.0,29.0,27.0,29.0,29.0,30.0,8,summer,28.57,27.67,27.197,32.0
1,2024-08-06 15:00:00+00:00,26.347,26.597,26.597,26.397,26.997,27.447,26.2955,29.0,30.0,31.0,29.0,32.0,32.0,36.0,8,summer,31.29,26.67,26.347,33.0
1,2024-08-06 16:00:00+00:00,24.546999,24.647,24.796999,24.697,25.097,25.647,23.8955,36.0,36.0,37.0,34.0,40.0,40.0,47.0,8,summer,38.57,24.76,24.447,38.0
1,2024-08-06 17:00:00+00:00,23.397,23.147,23.397,22.597,22.697,23.247,21.1455,41.0,39.0,41.0,41.0,52.0,52.0,61.0,8,summer,46.71,22.8,23.147,44.0
1,2024-08-06 18:00:00+00:00,21.747,21.397,20.947,20.546999,20.697,21.296999,19.2955,51.0,57.0,57.0,50.0,62.0,63.0,69.0,8,summer,58.43,20.85,21.247,60.0
1,2024-08-06 19:00:00+00:00,20.497,19.997,19.697,19.397,19.597,20.046999,18.9455,62.0,61.0,64.0,59.0,70.0,72.0,71.0,8,summer,65.57,19.74,20.046999,77.0
1,2024-08-06 20:00:00+00:00,19.046999,18.847,18.796999,18.597,18.997,19.197,18.7955,69.0,69.0,69.0,68.0,77.0,80.0,71.0,8,summer,71.86,18.9,19.597,82.0
1,2024-08-06 21:00:00+00:00,16.796999,17.197,17.347,17.747,18.347,18.546999,18.595499,81.0,78.0,76.0,75.0,82.0,85.0,70.0,8,summer,78.14,17.8,19.097,84.0
1,2024-08-06 22:00:00+00:00,15.697,16.447,16.347,16.647,17.546999,18.197,18.1955,84.0,80.0,79.0,78.0,84.0,87.0,67.0,8,summer,79.86,17.01,18.497,88.0
1,2024-08-06 23:00:00+00:00,15.597,16.796999,16.047,15.547,16.796999,18.097,17.7455,78.0,71.0,75.0,78.0,84.0,86.0,62.0,8,summer,76.29,16.66,18.046999,89.0
1,2024-08-07 00:00:00+00:00,15.597,16.247,15.497,16.397,13.697,17.197,17.6955,75.0,72.0,75.0,72.0,82.0,74.0,48.0,8,summer,71.14,16.05,18.046999,85.0
1,2024-08-07 01:00:00+00:00,14.847,15.297,14.797,15.447,12.797,16.296999,16.4455,76.0,75.0,76.0,73.0,84.0,75.0,50.0,8,summer,72.71,15.13,17.397,82.0
1,2024-08-07 02:00:00+00:00,14.197,14.547,14.347,14.396999,12.146999,15.297,15.1455,77.0,77.0,76.0,74.0,84.0,78.0,53.0,8,summer,74.14,14.3,16.397,74.0
1,2024-08-07 03:00:00+00:00,13.697,14.146999,13.896999,14.197,12.396999,15.047,14.7955,77.0,79.0,78.0,74.0,82.0,78.0,54.0,8,summer,74.57,14.03,15.197,73.0
1,2024-08-07 04:00:00+00:00,13.447,13.847,13.646999,15.297,14.097,16.147,16.0455,77.0,80.0,80.0,71.0,76.0,73.0,51.0,8,summer,72.57,14.65,14.396999,74.0
1,2024-08-07 05:00:00+00:00,15.646999,16.097,15.896999,17.247,16.747,17.997,18.2955,73.0,75.0,75.0,66.0,67.0,65.0,45.0,8,summer,66.57,16.85,15.896999,74.0
1,2024-08-07 06:00:00+00:00,19.546999,19.597,19.497,19.447,19.347,19.997,20.595499,59.0,60.0,58.0,58.0,59.0,58.0,44.0,8,summer,56.57,19.72,19.447,54.0
1,2024-08-07 07:00:00+00:00,22.046999,22.197,21.897,21.697,21.796999,22.097,23.8955,51.0,52.0,53.0,52.0,52.0,51.0,37.0,8,summer,49.71,22.23,21.747,48.0
1,2024-08-07 08:00:00+00:00,24.046999,24.697,24.347,24.247,24.296999,24.347,27.595499,46.0,46.0,48.0,46.0,46.0,44.0,30.0,8,summer,43.71,24.8,24.097,43.0
1,2024-08-07 09:00:00+00:00,25.796999,26.647,26.296999,26.296999,26.247,26.197,30.1955,43.0,41.0,43.0,41.0,41.0,39.0,25.0,8,summer,39.0,26.81,26.097,39.0
1,2024-08-07 10:00:00+00:00,26.997,27.697,27.497,27.597,27.497,27.497,31.095499,39.0,35.0,37.0,37.0,36.0,35.0,22.0,8,summer,34.43,27.98,27.447,36.0
1,2024-08-07 11:00:00+00:00,27.796999,27.497,27.997,28.397,28.197,28.347,30.9455,36.0,35.0,34.0,33.0,33.0,33.0,21.0,8,summer,32.14,28.45,28.397,33.0
1,2024-08-07 12:00:00+00:00,27.647,29.147,28.397,28.397,28.697,28.397,29.6955,36.0,30.0,32.0,32.0,30.0,29.0,22.0,8,summer,30.14,28.63,27.747,34.0
1,2024-08-07 13:00:00+00:00,27.697,28.997,28.347,28.497,28.647,28.447,28.1955,35.0,29.0,31.0,30.0,28.0,27.0,26.0,8,summer,29.43,28.4,27.697,35.0
1,2024-08-07 14:00:00+00:00,27.097,28.546999,28.046999,28.247,28.197,28.097,26.0455,37.0,30.0,31.0,30.0,28.0,27.0,31.0,8,summer,30.57,27.75,27.497,36.0
1,2024-08-07 15:00:00+00:00,26.347,27.247,27.497,27.447,27.197,27.247,24.1955,38.0,32.0,31.0,32.0,30.0,29.0,36.0,8,summer,32.57,26.74,26.447,38.0
1,2024-08-07 16:00:00+00:00,23.847,24.097,23.897,25.647,25.197,25.497,23.0455,46.0,44.0,47.0,38.0,36.0,35.0,38.0,8,summer,40.57,24.46,24.247,44.0
1,2024-08-07 17:00:00+00:00,22.397,22.647,21.847,23.197,22.647,23.247,22.1955,49.0,47.0,52.0,48.0,45.0,44.0,40.0,8,summer,46.43,22.6,22.747,47.0
1,2024-08-07 18:00:00+00:00,20.997,21.147,21.046999,21.097,20.546999,21.296999,19.595499,55.0,54.0,55.0,51.0,53.0,52.0,43.0,8,summer,51.86,20.82,22.046999,50.0
1,2024-08-07 19:00:00+00:00,20.046999,20.697,20.447,19.947,19.347,20.046999,18.595499,60.0,57.0,58.0,56.0,57.0,58.0,46.0,8,summer,56.0,19.88,21.397,52.0
1,2024-08-07 20:00:00+00:00,19.497,20.046999,19.546999,19.197,18.546999,19.097,17.9455,60.0,58.0,62.0,59.0,60.0,62.0,48.0,8,summer,58.43,19.13,20.847,54.0
1,2024-08-07 21:00:00+00:00,18.747,18.796999,18.497,18.497,17.796999,18.247,17.3955,63.0,63.0,65.0,63.0,63.0,66.0,50.0,8,summer,61.86,18.28,20.347,54.0
1,2024-08-07 22:00:00+00:00,17.597,17.997,17.747,17.697,16.897,17.397,16.8955,69.0,66.0,66.0,67.0,67.0,70.0,52.0,8,summer,65.29,17.46,19.546999,58.0
1,2024-08-07 23:00:00+00:00,17.147,16.897,16.947,16.897,15.997,16.697,16.4955,70.0,71.0,70.0,71.0,72.0,73.0,54.0,8,summer,68.71,16.73,18.847,62.0
1,2024-08-08 00:00:00+00:00,16.647,16.247,16.097,16.047,15.447,14.797,18.1955,70.0,71.0,75.0,73.0,77.0,77.0,51.0,8,summer,70.57,16.21,18.046999,64.0
1,2024-08-08 01:00:00+00:00,15.697,15.497,15.597,15.547,14.697,13.997,16.8955,74.0,74.0,77.0,75.0,81.0,79.0,56.0,8,summer,73.71,15.42,17.497,67.0
1,2024-08-08 02:00:00+00:00,14.947,14.847,15.497,15.197,14.047,13.347,15.445499,78.0,78.0,78.0,76.0,85.0,81.0,61.0,8,summer,76.71,14.76,17.046999,69.0
1,2024-08-08 03:00:00+00:00,14.497,14.396999,15.497,15.396999,14.146999,13.547,14.9955,81.0,82.0,78.0,75.0,85.0,79.0,63.0,8,summer,77.57,14.64,16.247,73.0
1,2024-08-08 04:00:00+00:00,14.197,14.197,15.497,16.296999,15.297,14.947,15.945499,84.0,84.0,80.0,72.0,79.0,74.0,60.0,8,summer,76.14,15.2,15.597,77.0
1,2024-08-08 05:00:00+00:00,16.247,16.497,17.046999,17.747,17.147,17.147,17.8955,80.0,78.0,77.0,66.0,70.0,66.0,53.0,8,summer,70.0,17.1,17.247,75.0
1,2024-08-08 06:00:00+00:00,19.747,19.546999,19.897,19.747,19.147,19.397,20.1955,65.0,67.0,66.0,62.0,62.0,58.0,45.0,8,summer,60.71,19.67,19.697,65.0
1,2024-08-08 07:00:00+00:00,22.447,22.097,21.897,21.497,21.347,21.647,23.3955,55.0,58.0,58.0,57.0,55.0,52.0,37.0,8,summer,53.14,22.05,22.296999,57.0
1,2024-08-08 08:00:00+00:00,24.847,24.697,23.747,23.497,23.647,23.947,26.9455,48.0,51.0,52.0,50.0,49.0,46.0,29.0,8,summer,46.43,24.48,24.697,50.0
1,2024-08-08 09:00:00+00:00,26.447,26.097,25.296999,25.147,25.497,25.697,29.6955,43.0,45.0,46.0,45.0,44.0,41.0,23.0,8,summer,41.0,26.27,26.247,44.0
1,2024-08-08 10:00:00+00:00,27.097,27.147,26.647,26.347,26.597,26.697,31.1455,40.0,40.0,41.0,41.0,40.0,38.0,19.0,8,summer,37.0,27.38,27.046999,40.0
1,2024-08-08 11:00:00+00:00,27.447,28.147,27.447,27.296999,27.197,27.147,31.6955,38.0,37.0,37.0,38.0,38.0,35.0,18.0,8,summer,34.43,28.05,27.796999,37.0
1,2024-08-08 12:00:00+00:00,28.046999,28.197,28.647,28.046999,27.897,27.647,30.7955,36.0,35.0,34.0,34.0,35.0,35.0,20.0,8,summer,32.71,28.47,27.546999,37.0
1,2024-08-08 13:00:00+00:00,28.247,28.097,28.647,28.147,27.997,27.796999,28.7955,35.0,36.0,33.0,33.0,34.0,34.0,25.0,8,summer,32.86,28.25,27.997,35.0
1,2024-08-08 14:00:00+00:00,27.897,27.897,28.397,27.847,27.697,27.647,25.7955,35.0,35.0,32.0,33.0,34.0,33.0,34.0,8,summer,33.71,27.6,27.546999,36.0
1,2024-08-08 15:00:00+00:00,27.247,27.197,27.647,27.046999,26.897,26.847,23.4955,35.0,35.0,33.0,36.0,36.0,35.0,40.0,8,summer,35.71,26.63,26.947,35.0
1,2024-08-08 16:00:00+00:00,24.046999,24.247,25.097,25.296999,25.197,24.997,22.6455,49.0,47.0,39.0,43.0,42.0,40.0,42.0,8,summer,43.14,24.5,23.997,50.0
1,2024-08-08 17:00:00+00:00,22.197,21.247,22.497,23.046999,22.897,22.497,22.4455,57.0,64.0,52.0,52.0,51.0,48.0,42.0,8,summer,52.29,22.4,22.147,55.0
1,2024-08-08 18:00:00+00:00,20.046999,21.046999,21.247,20.796999,21.046999,20.397,21.7955,78.0,61.0,60.0,59.0,58.0,55.0,44.0,8,summer,59.29,20.91,21.296999,66.0
1,2024-08-08 19:00:00+00:00,19.847,20.097,20.546999,19.697,19.947,19.097,21.4955,78.0,65.0,63.0,63.0,62.0,60.0,45.0,8,summer,62.29,20.1,20.897,69.0
1,2024-08-08 20:00:00+00:00,19.697,19.197,19.497,19.097,19.247,18.197,21.1955,76.0,70.0,66.0,64.0,65.0,64.0,46.0,8,summer,64.43,19.45,20.546999,72.0
1,2024-08-08 21:00:00+00:00,19.046999,18.397,18.447,18.447,18.697,17.397,20.595499,75.0,74.0,70.0,67.0,67.0,68.0,48.0,8,summer,67.0,18.72,19.546999,73.0
1,2024-08-08 22:00:00+00:00,18.147,17.447,17.546999,17.697,18.247,16.546999,19.3955,77.0,78.0,74.0,71.0,70.0,73.0,53.0,8,summer,70.86,17.86,18.546999,77.0
1,2024-08-08 23:00:00+00:00,17.397,16.546999,16.997,16.947,17.897,15.797,17.8955,80.0,82.0,77.0,76.0,72.0,78.0,60.0,8,summer,75.0,17.07,17.597,80.0
1,2024-08-09 00:00:00+00:00,15.997,16.296999,16.247,16.197,15.447,16.947,16.4955,83.0,77.0,81.0,80.0,79.0,76.0,64.0,8,summer,77.14,16.23,18.046999,78.0
1,2024-08-09 01:00:00+00:00,15.646999,15.597,15.747,15.747,15.297,16.647,15.445499,84.0,80.0,83.0,82.0,80.0,77.0,69.0,8,summer,79.29,15.73,17.497,80.0
1,2024-08-09 02:00:00+00:00,15.597,15.447,15.297,15.497,15.547,16.497,14.6455,84.0,80.0,85.0,84.0,79.0,76.0,74.0,8,summer,80.29,15.5,17.247,80.0
1,2024-08-09 03:00:00+00:00,15.547,15.547,15.347,15.747,16.097,16.747,14.6455,82.0,80.0,84.0,83.0,77.0,74.0,75.0,8,summer,79.29,15.67,17.097,79.0
1,2024-08-09 04:00:00+00:00,15.646999,15.997,15.797,16.796999,17.097,17.647,15.8955,81.0,77.0,82.0,78.0,74.0,70.0,70.0,8,summer,76.0,16.41,16.897,79.0
1,2024-08-09 05:00:00+00:00,17.397,17.397,17.597,18.397,18.397,18.997,17.9955,75.0,73.0,75.0,71.0,69.0,65.0,61.0,8,summer,69.86,18.03,17.997,76.0
1,2024-08-09 06:00:00+00:00,19.947,19.647,20.147,20.147,19.897,20.347,20.4955,65.0,63.0,65.0,63.0,64.0,60.0,53.0,8,summer,61.86,20.09,19.447,70.0
1,2024-08-09 07:00:00+00:00,22.197,21.747,22.197,21.997,21.597,21.697,23.7955,58.0,57.0,58.0,57.0,58.0,56.0,43.0,8,summer,55.29,22.18,21.697,63.0
1,2024-08-09 08:00:00+00:00,24.497,24.046999,24.497,23.947,23.447,23.046999,27.3955,52.0,51.0,51.0,50.0,52.0,52.0,33.0,8,summer,48.71,24.41,24.097,56.0
1,2024-08-09 09:00:00+00:00,25.697,25.847,26.046999,25.597,24.947,24.097,29.9955,45.0,45.0,44.0,45.0,47.0,49.0,26.0,8,summer,43.0,26.03,25.397,48.0
1,2024-08-09 10:00:00+00:00,26.647,27.046999,27.296999,26.697,26.046999,24.747,31.095499,41.0,40.0,39.0,41.0,43.0,46.0,22.0,8,summer,38.86,27.08,26.296999,44.0
1,2024-08-09 11:00:00+00:00,27.447,27.947,28.046999,27.447,26.796999,25.147,31.2455,39.0,37.0,37.0,38.0,40.0,45.0,21.0,8,summer,36.71,27.73,27.347,41.0
1,2024-08-09 12:00:00+00:00,27.947,27.397,28.597,28.347,28.147,26.796999,31.4955,38.0,41.0,37.0,34.0,34.0,37.0,22.0,8,summer,34.71,28.39,27.197,40.0
1,2024-08-09 13:00:00+00:00,27.847,27.447,28.247,28.447,28.147,26.097,30.1955,37.0,40.0,36.0,32.0,33.0,41.0,25.0,8,summer,34.86,28.06,27.147,42.0
1,2024-08-09 14:00:00+00:00,27.497,26.847,27.897,28.147,27.747,25.097,27.9955,37.0,40.0,36.0,31.0,33.0,47.0,31.0,8,summer,36.43,27.32,26.747,43.0
1,2024-08-09 15:00:00+00:00,26.796999,24.447,26.997,27.296999,26.897,23.997,25.7955,38.0,49.0,36.0,33.0,35.0,52.0,38.0,8,summer,40.14,26.03,25.597,45.0
1,2024-08-09 16:00:00+00:00,24.247,20.497,22.197,25.597,25.397,22.897,23.6455,50.0,75.0,63.0,39.0,41.0,56.0,47.0,8,summer,53.0,23.5,22.497,59.0
1,2024-08-09 17:00:00+00:00,20.647,19.747,19.647,23.397,23.447,21.796999,21.4955,74.0,79.0,81.0,47.0,50.0,60.0,58.0,8,summer,64.14,21.45,19.947,78.0
1,2024-08-09 18:00:00+00:00,19.447,19.197,19.046999,19.046999,21.697,20.796999,21.2955,81.0,87.0,85.0,88.0,59.0,63.0,60.0,8,summer,74.71,20.08,18.796999,93.0
1,2024-08-09 19:00:00+00:00,18.947,18.847,18.947,18.247,20.397,19.997,20.6955,86.0,87.0,82.0,92.0,68.0,66.0,62.0,8,summer,77.57,19.44,18.397,95.0
1,2024-08-09 20:00:00+00:00,18.796999,18.447,18.597,18.247,19.247,19.397,20.4455,89.0,86.0,85.0,89.0,78.0,69.0,63.0,8,summer,79.86,19.03,18.197,96.0
1,2024-08-09 21:00:00+00:00,18.897,18.247,18.397,18.197,18.447,18.796999,19.9955,89.0,81.0,87.0,87.0,85.0,72.0,64.0,8,summer,80.71,18.71,18.147,95.0
1,2024-08-09 22:00:00+00:00,18.947,17.647,18.097,17.796999,18.046999,18.296999,18.9955,82.0,79.0,87.0,86.0,88.0,75.0,67.0,8,summer,80.57,18.26,18.197,95.0
1,2024-08-09 23:00:00+00:00,18.447,16.897,17.796999,17.397,17.897,17.847,17.7955,76.0,81.0,86.0,86.0,89.0,77.0,70.0,8,summer,80.71,17.73,18.197,91.0
1,2024-08-10 00:00:00+00:00,17.847,17.796999,17.347,15.396999,17.097,17.747,17.4955,75.0,84.0,80.0,84.0,80.0,75.0,68.0,8,summer,78.0,17.25,18.296999,89.0
1,2024-08-10 01:00:00+00:00,17.347,17.546999,17.247,14.947,16.897,17.397,16.6455,76.0,83.0,78.0,85.0,79.0,76.0,70.0,8,summer,78.14,16.86,17.897,84.0
1,2024-08-10 02:00:00+00:00,16.997,17.347,16.897,14.697,16.897,17.046999,15.8955,77.0,81.0,79.0,85.0,79.0,77.0,72.0,8,summer,78.57,16.54,17.447,85.0
1,2024-08-10 03:00:00+00:00,16.597,16.947,16.897,14.947,17.147,17.147,15.8955,77.0,79.0,78.0,84.0,78.0,77.0,72.0,8,summer,77.86,16.51,17.097,85.0
1,2024-08-10 04:00:00+00:00,16.247,16.647,16.947,15.797,17.597,17.796999,17.0455,76.0,79.0,77.0,79.0,76.0,74.0,67.0,8,summer,75.43,16.87,16.847,84.0
1,2024-08-10 05:00:00+00:00,17.197,17.197,17.697,17.147,18.247,18.897,18.9455,76.0,79.0,76.0,72.0,72.0,69.0,59.0,8,summer,71.86,17.9,17.147,84.0
1,2024-08-10 06:00:00+00:00,19.397,17.897,19.046999,18.947,19.347,20.347,21.595499,65.0,76.0,69.0,65.0,68.0,64.0,48.0,8,summer,65.0,19.51,18.147,77.0
1,2024-08-10 07:00:00+00:00,21.197,19.997,20.296999,20.847,21.247,22.397,24.2955,60.0,66.0,63.0,59.0,61.0,57.0,41.0,8,summer,58.14,21.47,20.347,70.0
1,2024-08-10 08:00:00+00:00,22.847,21.897,22.447,22.997,23.597,24.747,27.1455,55.0,59.0,57.0,52.0,54.0,49.0,34.0,8,summer,51.43,23.67,22.197,65.0
1,2024-08-10 09:00:00+00:00,24.046999,23.747,24.447,24.796999,25.447,26.546999,29.095499,51.0,54.0,51.0,47.0,47.0,43.0,29.0,8,summer,46.0,25.45,23.397,59.0
1,2024-08-10 10:00:00+00:00,25.046999,25.247,25.747,25.897,26.546999,27.347,29.7455,47.0,48.0,45.0,43.0,42.0,40.0,26.0,8,summer,41.57,26.51,24.546999,54.0
1,2024-08-10 11:00:00+00:00,25.447,26.097,26.647,26.597,27.197,27.597,29.5455,44.0,43.0,40.0,39.0,38.0,38.0,25.0,8,summer,38.14,27.02,25.546999,50.0
1,2024-08-10 12:00:00+00:00,26.647,26.947,27.247,27.597,27.897,26.897,28.7955,43.0,40.0,42.0,37.0,33.0,42.0,24.0,8,summer,37.29,27.43,25.697,48.0
1,2024-08-10 13:00:00+00:00,26.697,27.147,27.147,27.747,27.897,26.097,27.6455,43.0,39.0,41.0,35.0,32.0,45.0,27.0,8,summer,37.43,27.2,25.647,47.0
1,2024-08-10 14:00:00+00:00,26.497,26.947,26.897,27.497,27.597,24.647,26.2455,42.0,40.0,40.0,33.0,32.0,51.0,31.0,8,summer,38.43,26.62,25.397,47.0
1,2024-08-10 15:00:00+00:00,25.697,26.597,25.947,26.697,26.747,23.247,24.8955,44.0,40.0,40.0,35.0,34.0,56.0,36.0,8,summer,40.71,25.69,24.497,49.0
1,2024-08-10 16:00:00+00:00,23.497,23.997,23.296999,24.997,24.947,21.997,23.595499,53.0,49.0,51.0,41.0,40.0,59.0,42.0,8,summer,47.86,23.76,22.647,63.0
1,2024-08-10 17:00:00+00:00,20.796999,22.147,21.597,22.697,22.597,20.796999,22.345499,68.0,53.0,56.0,50.0,47.0,62.0,50.0,8,summer,55.14,21.85,20.947,70.0
1,2024-08-10 18:00:00+00:00,19.097,21.046999,21.046999,19.997,20.697,19.747,20.6955,84.0,57.0,58.0,65.0,54.0,65.0,60.0,8,summer,63.29,20.33,19.847,79.0
1,2024-08-10 19:00:00+00:00,18.897,20.397,20.447,18.847,19.647,18.947,20.845499,85.0,61.0,59.0,69.0,58.0,67.0,57.0,8,summer,65.14,19.72,19.247,80.0
1,2024-08-10 20:00:00+00:00,18.546999,19.697,19.647,17.997,18.997,18.347,21.1455,85.0,63.0,62.0,72.0,61.0,69.0,52.0,8,summer,66.29,19.2,18.647,81.0
1,2024-08-10 21:00:00+00:00,18.046999,19.046999,18.497,17.197,18.347,17.747,20.9955,81.0,64.0,67.0,75.0,64.0,71.0,50.0,8,summer,67.43,18.55,17.897,81.0
1,2024-08-10 22:00:00+00:00,17.296999,18.497,17.597,16.397,17.546999,17.046999,20.0455,81.0,63.0,69.0,78.0,67.0,74.0,52.0,8,summer,69.14,17.78,17.247,81.0
1,2024-08-10 23:00:00+00:00,16.647,17.897,17.046999,15.697,16.796999,16.347,18.6955,84.0,64.0,70.0,81.0,69.0,76.0,57.0,8,summer,71.57,17.02,16.546999,84.0
1,2024-08-11 00:00:00+00:00,15.947,16.897,16.347,15.896999,16.647,16.997,17.2955,87.0,72.0,72.0,71.0,68.0,74.0,63.0,8,summer,72.43,16.58,16.197,85.0
1,2024-08-11 01:00:00+00:00,15.597,16.197,15.896999,15.247,15.447,16.397,16.1955,88.0,76.0,73.0,72.0,73.0,76.0,69.0,8,summer,75.29,15.85,15.747,85.0
1,2024-08-11 02:00:00+00:00,15.297,15.697,15.497,14.697,14.197,15.947,15.3455,88.0,77.0,73.0,72.0,78.0,76.0,75.0,8,summer,77.0,15.24,15.247,86.0
1,2024-08-11 03:00:00+00:00,15.097,15.347,15.247,14.747,13.896999,16.097,15.2955,88.0,78.0,75.0,71.0,80.0,75.0,77.0,8,summer,77.71,15.1,14.646999,87.0
1,2024-08-11 04:00:00+00:00,14.947,15.247,14.947,15.747,15.097,16.997,16.3955,87.0,77.0,77.0,68.0,75.0,71.0,73.0,8,summer,75.43,15.63,14.247,88.0
1,2024-08-11 05:00:00+00:00,16.397,16.796999,16.397,17.347,17.247,18.447,18.2955,83.0,73.0,74.0,64.0,66.0,65.0,66.0,8,summer,70.14,17.28,16.147,82.0
1,2024-08-11 06:00:00+00:00,18.897,19.397,19.097,19.197,19.647,20.197,21.095499,71.0,60.0,64.0,62.0,57.0,59.0,55.0,8,summer,61.14,19.65,18.747,71.0
1,2024-08-11 07:00:00+00:00,21.046999,21.847,21.847,21.747,22.347,22.497,23.8955,64.0,52.0,56.0,54.0,49.0,52.0,45.0,8,summer,53.14,22.18,21.046999,64.0
1,2024-08-11 08:00:00+00:00,23.296999,24.497,24.447,24.546999,25.247,25.046999,26.845499,59.0,46.0,50.0,47.0,42.0,45.0,36.0,8,summer,46.43,24.85,23.447,57.0
1,2024-08-11 09:00:00+00:00,25.097,26.647,26.447,26.796999,27.546999,27.097,28.3955,53.0,41.0,42.0,40.0,36.0,39.0,31.0,8,summer,40.29,26.86,25.247,50.0
1,2024-08-11 10:00:00+00:00,25.847,27.597,27.447,28.046999,28.796999,28.247,27.2455,47.0,35.0,36.0,35.0,32.0,35.0,34.0,8,summer,36.29,27.6,26.296999,44.0
1,2024-08-11 11:00:00+00:00,26.647,28.147,28.296999,28.747,29.397,28.847,24.595499,44.0,33.0,34.0,31.0,29.0,33.0,42.0,8,summer,35.14,27.81,27.046999,40.0
1,2024-08-11 12:00:00+00:00,27.296999,27.847,28.546999,29.247,29.247,29.046999,27.095499,39.0,36.0,31.0,29.0,28.0,30.0,30.0,8,summer,31.86,28.33,27.197,39.0
1,2024-08-11 13:00:00+00:00,27.197,27.447,28.597,29.197,29.197,28.997,26.095499,40.0,36.0,30.0,28.0,27.0,29.0,33.0,8,summer,31.86,28.1,27.147,40.0
1,2024-08-11 14:00:00+00:00,26.796999,26.847,28.296999,28.697,28.697,28.597,24.8955,40.0,38.0,31.0,29.0,28.0,29.0,38.0,8,summer,33.29,27.55,26.747,39.0
1,2024-08-11 15:00:00+00:00,25.747,25.997,27.597,27.697,27.647,27.697,23.7955,43.0,39.0,31.0,31.0,31.0,31.0,42.0,8,summer,35.43,26.6,25.947,40.0
1,2024-08-11 16:00:00+00:00,23.697,24.147,25.497,25.847,25.697,25.847,23.095499,57.0,49.0,38.0,35.0,36.0,36.0,43.0,8,summer,42.0,24.83,23.847,55.0
1,2024-08-11 17:00:00+00:00,21.747,22.147,23.097,23.497,23.247,23.447,22.4955,62.0,55.0,48.0,41.0,43.0,43.0,44.0,8,summer,48.0,22.81,21.546999,61.0
1,2024-08-11 18:00:00+00:00,20.296999,20.197,21.897,21.847,21.247,21.546999,18.9955,65.0,65.0,50.0,49.0,49.0,48.0,55.0,8,summer,54.43,20.86,20.747,66.0
1,2024-08-11 19:00:00+00:00,19.597,19.447,21.147,20.697,20.247,20.697,18.7955,65.0,66.0,50.0,52.0,51.0,50.0,56.0,8,summer,55.71,20.09,19.847,69.0
1,2024-08-11 20:00:00+00:00,19.097,18.997,20.247,19.747,19.697,20.347,19.095499,67.0,68.0,54.0,55.0,51.0,51.0,56.0,8,summer,57.43,19.6,19.296999,73.0
1,2024-08-11 21:00:00+00:00,18.447,18.747,19.447,18.847,18.997,19.796999,19.095499,71.0,70.0,61.0,58.0,53.0,53.0,57.0,8,summer,60.43,19.05,18.897,77.0
1,2024-08-11 22:00:00+00:00,17.397,18.147,18.497,17.796999,17.897,18.747,18.4455,76.0,72.0,65.0,61.0,58.0,56.0,61.0,8,summer,64.14,18.13,18.546999,80.0
1,2024-08-11 23:00:00+00:00,17.046999,17.347,17.347,16.747,16.647,17.546999,17.4955,76.0,74.0,69.0,64.0,65.0,61.0,66.0,8,summer,67.86,17.17,18.097,83.0
1,2024-08-12 00:00:00+00:00,16.546999,16.747,16.447,16.147,15.146999,14.547,16.095499,81.0,77.0,73.0,67.0,74.0,75.0,74.0,8,summer,74.43,15.95,16.597,87.0
1,2024-08-12 01:00:00+00:00,16.296999,16.047,15.896999,14.997,14.197,13.447,15.3955,80.0,79.0,74.0,72.0,78.0,80.0,79.0,8,summer,77.43,15.18,16.047,89.0
1,2024-08-12 02:00:00+00:00,15.997,15.747,15.896999,13.947,13.396999,12.646999,14.7455,79.0,79.0,72.0,77.0,81.0,84.0,83.0,8,summer,79.29,14.63,15.497,89.0
1,2024-08-12 03:00:00+00:00,15.646999,15.047,15.497,13.747,13.497,12.797,14.8955,79.0,82.0,74.0,79.0,81.0,85.0,83.0,8,summer,80.43,14.45,14.947,88.0
1,2024-08-12 04:00:00+00:00,14.697,14.646999,14.747,14.947,14.847,14.547,16.1955,83.0,83.0,79.0,76.0,77.0,80.0,77.0,8,summer,79.29,14.95,14.646999,87.0
1,2024-08-12 05:00:00+00:00,16.497,16.296999,16.447,16.997,17.097,17.247,18.345499,78.0,81.0,76.0,70.0,70.0,70.0,67.0,8,summer,73.14,16.99,16.597,81.0
1,2024-08-12 06:00:00+00:00,19.847,19.397,19.647,19.296999,19.497,19.997,20.6955,65.0,68.0,63.0,65.0,63.0,61.0,57.0,8,summer,63.14,19.77,19.497,67.0
1,2024-08-12 07:00:00+00:00,21.847,21.697,22.347,21.847,22.147,22.647,24.0455,59.0,61.0,56.0,56.0,55.0,52.0,46.0,8,summer,55.0,22.37,21.796999,61.0
1,2024-08-12 08:00:00+00:00,24.097,24.147,24.997,24.647,24.997,25.247,27.845499,54.0,55.0,48.0,46.0,45.0,44.0,35.0,8,summer,46.71,25.14,23.997,55.0
1,2024-08-12 09:00:00+00:00,25.747,25.947,27.046999,26.847,27.197,27.296999,30.595499,45.0,47.0,39.0,38.0,38.0,37.0,26.0,8,summer,38.57,27.24,25.447,47.0
1,2024-08-12 10:00:00+00:00,26.247,26.697,28.147,28.046999,28.397,28.397,31.595499,41.0,41.0,33.0,34.0,34.0,33.0,22.0,8,summer,34.0,28.22,26.497,41.0
1,2024-08-12 11:00:00+00:00,26.847,27.597,28.897,28.647,28.997,28.947,31.4955,40.0,38.0,31.0,32.0,32.0,30.0,20.0,8,summer,31.86,28.78,27.247,39.0
1,2024-08-12 12:00:00+00:00,27.397,27.947,28.546999,29.197,29.147,29.247,31.9955,38.0,36.0,33.0,29.0,29.0,28.0,19.0,8,summer,30.29,29.07,27.597,36.0
1,2024-08-12 13:00:00+00:00,27.647,27.897,28.247,29.147,29.147,29.097,30.3955,37.0,36.0,33.0,27.0,27.0,27.0,23.0,8,summer,30.0,28.8,27.347,36.0
1,2024-08-12 14:00:00+00:00,27.397,27.447,27.847,28.747,28.747,28.597,27.7955,37.0,36.0,33.0,26.0,26.0,27.0,30.0,8,summer,30.71,28.08,27.046999,35.0
1,2024-08-12 15:00:00+00:00,26.397,26.597,26.897,27.847,27.796999,27.546999,25.595499,38.0,37.0,34.0,28.0,28.0,29.0,36.0,8,summer,32.86,26.95,26.296999,36.0
1,2024-08-12 16:00:00+00:00,23.747,24.347,24.296999,26.197,25.847,25.647,24.3955,49.0,47.0,42.0,34.0,34.0,35.0,38.0,8,summer,39.86,24.93,24.597,45.0
1,2024-08-12 17:00:00+00:00,21.597,22.397,22.497,24.046999,23.347,23.296999,23.595499,61.0,55.0,49.0,43.0,42.0,44.0,39.0,8,summer,47.57,22.97,22.497,54.0
1,2024-08-12 18:00:00+00:00,20.847,21.147,20.796999,21.796999,21.296999,21.247,22.1955,67.0,67.0,64.0,50.0,50.0,52.0,45.0,8,summer,56.43,21.33,21.647,61.0
1,2024-08-12 19:00:00+00:00,20.296999,20.397,20.447,20.796999,20.197,19.947,21.7455,71.0,67.0,63.0,55.0,57.0,58.0,46.0,8,summer,59.57,20.55,20.647,70.0
1,2024-08-12 20:00:00+00:00,19.747,19.597,19.647,20.147,19.597,19.046999,21.4455,74.0,73.0,69.0,60.0,64.0,63.0,46.0,8,summer,64.14,19.89,19.847,77.0
1,2024-08-12 21:00:00+00:00,19.296999,19.097,18.546999,19.497,18.997,18.247,21.095499,76.0,79.0,79.0,64.0,69.0,67.0,47.0,8,summer,68.71,19.25,18.947,83.0
1,2024-08-12 22:00:00+00:00,18.296999,18.597,18.197,18.597,18.347,17.497,20.4955,80.0,82.0,80.0,68.0,70.0,70.0,48.0,8,summer,71.14,18.58,18.097,87.0
1,2024-08-12 23:00:00+00:00,17.347,18.197,17.046999,17.697,17.747,16.796999,19.7955,84.0,83.0,85.0,71.0,69.0,71.0,50.0,8,summer,73.29,17.8,17.997,88.0
1,2024-08-13 00:00:00+00:00,17.097,16.997,17.397,17.247,16.097,16.897,19.1955,84.0,81.0,81.0,72.0,75.0,68.0,52.0,8,summer,73.29,17.28,17.847,88.0
1,2024-08-13 01:00:00+00:00,16.697,16.347,17.097,16.247,15.396999,15.947,17.8955,83.0,83.0,77.0,74.0,75.0,70.0,57.0,8,summer,74.14,16.52,17.097,93.0
1,2024-08-13 02:00:00+00:00,16.047,15.497,16.097,15.297,14.797,14.797,16.5455,85.0,84.0,79.0,75.0,74.0,74.0,63.0,8,summer,76.29,15.58,16.546999,93.0
1,2024-08-13 03:00:00+00:00,15.497,14.847,15.097,15.197,14.947,14.597,16.095499,87.0,85.0,82.0,74.0,72.0,75.0,65.0,8,summer,77.14,15.18,15.997,88.0
1,2024-08-13 04:00:00+00:00,15.047,14.447,14.447,16.347,16.097,15.847,17.0455,88.0,85.0,83.0,70.0,68.0,71.0,62.0,8,summer,75.29,15.61,15.347,86.0
1,2024-08-13 05:00:00+00:00,16.997,16.647,16.447,18.347,17.997,17.947,18.9455,81.0,79.0,80.0,63.0,63.0,63.0,57.0,8,summer,69.43,17.62,17.046999,81.0
1,2024-08-13 06:00:00+00:00,20.447,19.897,20.247,20.397,20.097,20.296999,21.7955,67.0,65.0,66.0,57.0,57.0,56.0,47.0,8,summer,59.29,20.45,19.747,66.0
1,2024-08-13 07:00:00+00:00,22.497,22.247,22.546999,22.796999,22.597,22.897,24.9455,59.0,57.0,58.0,50.0,50.0,49.0,40.0,8,summer,51.86,22.93,22.046999,58.0
1,2024-08-13 08:00:00+00:00,24.597,24.647,24.847,25.447,25.296999,25.647,28.4955,52.0,51.0,51.0,42.0,42.0,41.0,31.0,8,summer,44.29,25.57,24.147,50.0
1,2024-08-13 09:00:00+00:00,25.697,26.397,26.697,27.497,27.447,27.796999,31.1955,45.0,44.0,44.0,35.0,36.0,35.0,25.0,8,summer,37.71,27.53,25.697,45.0
1,2024-08-13 10:00:00+00:00,26.397,26.947,27.796999,28.647,28.697,28.947,32.6455,41.0,39.0,36.0,31.0,31.0,31.0,21.0,8,summer,32.86,28.58,26.796999,39.0
1,2024-08-13 11:00:00+00:00,27.397,28.147,28.046999,29.247,29.347,29.497,33.245502,38.0,35.0,31.0,28.0,28.0,29.0,19.0,8,summer,29.71,29.28,27.447,36.0
1,2024-08-13 12:00:00+00:00,27.296999,28.447,28.497,29.247,29.347,28.997,32.0955,40.0,35.0,29.0,26.0,26.0,28.0,20.0,8,summer,29.14,29.13,27.897,34.0
1,2024-08-13 13:00:00+00:00,27.247,28.197,28.247,28.947,29.247,28.997,30.345499,40.0,34.0,30.0,26.0,25.0,27.0,24.0,8,summer,29.43,28.75,27.647,34.0
1,2024-08-13 14:00:00+00:00,27.046999,27.647,28.097,28.247,28.796999,28.697,27.7955,40.0,34.0,30.0,27.0,25.0,27.0,29.0,8,summer,30.29,28.05,27.497,34.0
1,2024-08-13 15:00:00+00:00,26.546999,26.597,27.197,27.097,27.897,27.847,25.6955,40.0,37.0,30.0,29.0,27.0,28.0,34.0,8,summer,32.14,26.98,26.697,35.0
1,2024-08-13 16:00:00+00:00,24.147,23.847,24.247,25.347,26.347,26.046999,24.6455,47.0,50.0,40.0,33.0,31.0,32.0,37.0,8,summer,38.57,24.95,24.697,43.0
1,2024-08-13 17:00:00+00:00,22.247,22.147,22.347,23.197,24.296999,23.747,23.9955,53.0,57.0,48.0,39.0,36.0,38.0,39.0,8,summer,44.29,23.14,22.747,52.0
1,2024-08-13 18:00:00+00:00,21.546999,20.997,20.997,20.897,22.447,21.947,22.2955,53.0,59.0,56.0,52.0,42.0,43.0,50.0,8,summer,50.71,21.59,21.597,57.0
1,2024-08-13 19:00:00+00:00,20.897,20.447,20.197,19.747,20.897,21.197,21.9955,54.0,60.0,57.0,60.0,51.0,47.0,51.0,8,summer,54.29,20.77,21.046999,58.0
1,2024-08-13 20:00:00+00:00,20.347,19.847,19.296999,18.897,19.497,20.947,22.0455,58.0,63.0,63.0,67.0,60.0,50.0,50.0,8,summer,58.71,20.13,20.447,63.0
1,2024-08-13 21:00:00+00:00,19.447,19.147,18.497,18.147,18.397,20.546999,21.6955,65.0,68.0,68.0,73.0,67.0,53.0,49.0,8,summer,63.29,19.41,19.897,68.0
1,2024-08-13 22:00:00+00:00,18.546999,18.347,18.197,17.447,17.796999,19.647,20.5455,70.0,74.0,71.0,76.0,68.0,56.0,49.0,8,summer,66.29,18.65,19.097,70.0
1,2024-08-13 23:00:00+00:00,17.747,17.497,17.497,16.796999,17.546999,18.546999,18.9955,73.0,77.0,75.0,77.0,65.0,58.0,50.0,8,summer,67.86,17.8,18.296999,73.0
1,2024-08-14 00:00:00+00:00,16.997,16.647,16.296999,17.147,17.497,17.347,17.2955,74.0,75.0,78.0,75.0,64.0,63.0,52.0,8,summer,68.71,17.03,16.897,76.0
1,2024-08-14 01:00:00+00:00,16.147,15.797,15.547,16.296999,17.097,16.147,16.2455,78.0,79.0,78.0,77.0,65.0,69.0,56.0,8,summer,71.71,16.18,15.947,78.0
1,2024-08-14 02:00:00+00:00,15.547,15.297,15.247,15.447,16.796999,15.047,15.4955,80.0,80.0,78.0,79.0,68.0,76.0,60.0,8,summer,74.43,15.55,15.347,80.0
1,2024-08-14 03:00:00+00:00,15.247,15.047,15.197,15.297,16.997,14.797,15.5955,81.0,81.0,78.0,78.0,68.0,79.0,62.0,8,summer,75.29,15.45,14.997,80.0
1,2024-08-14 04:00:00+00:00,14.947,14.697,15.547,16.347,17.747,15.997,16.7955,82.0,83.0,76.0,74.0,65.0,75.0,60.0,8,summer,73.57,16.01,14.847,80.0
1,2024-08-14 05:00:00+00:00,16.897,16.697,17.147,18.097,18.997,18.046999,18.7955,77.0,77.0,73.0,68.0,61.0,68.0,56.0,8,summer,68.57,17.81,16.947,75.0
1,2024-08-14 06:00:00+00:00,19.747,19.796999,19.796999,19.947,20.546999,20.347,21.1955,62.0,65.0,62.0,63.0,56.0,60.0,51.0,8,summer,59.86,20.2,19.847,62.0
1,2024-08-14 07:00:00+00:00,22.247,22.296999,21.897,22.097,22.747,22.897,24.6955,55.0,57.0,56.0,56.0,50.0,52.0,42.0,8,summer,52.57,22.7,22.296999,55.0
1,2024-08-14 08:00:00+00:00,24.697,24.697,24.497,24.347,25.296999,25.697,28.6455,49.0,51.0,50.0,48.0,43.0,43.0,33.0,8,summer,45.29,25.41,24.747,49.0
1,2024-08-14 09:00:00+00:00,26.497,26.347,26.497,26.147,27.347,27.796999,31.3955,43.0,44.0,43.0,41.0,38.0,36.0,26.0,8,summer,38.71,27.43,26.497,42.0
1,2024-08-14 10:00:00+00:00,27.397,27.247,27.247,27.247,28.497,28.796999,32.195503,37.0,37.0,37.0,37.0,35.0,31.0,23.0,8,summer,33.86,28.38,27.497,35.0
1,2024-08-14 11:00:00+00:00,28.447,28.347,27.796999,27.847,29.097,29.147,31.7455,34.0,34.0,34.0,35.0,34.0,29.0,22.0,8,summer,31.71,28.92,28.147,32.0
1,2024-08-14 12:00:00+00:00,28.647,28.497,28.447,28.546999,29.247,29.847,30.7955,34.0,35.0,34.0,31.0,28.0,27.0,24.0,8,summer,30.43,29.15,28.247,34.0
1,2024-08-14 13:00:00+00:00,28.647,28.397,27.697,28.546999,29.147,29.847,28.9955,33.0,33.0,34.0,29.0,27.0,25.0,27.0,8,summer,29.71,28.75,28.046999,34.0
1,2024-08-14 14:00:00+00:00,28.147,27.947,27.697,28.197,28.697,29.447,26.5455,33.0,33.0,34.0,29.0,27.0,24.0,33.0,8,summer,30.43,28.1,27.647,34.0
1,2024-08-14 15:00:00+00:00,27.296999,26.997,26.747,27.247,27.697,28.497,24.3955,34.0,35.0,35.0,30.0,29.0,27.0,39.0,8,summer,32.71,26.98,26.796999,35.0
1,2024-08-14 16:00:00+00:00,24.997,24.897,24.296999,25.347,25.796999,26.597,22.8955,41.0,42.0,44.0,35.0,36.0,35.0,46.0,8,summer,39.86,24.98,24.347,43.0
1,2024-08-14 17:00:00+00:00,23.347,23.247,22.447,22.847,23.296999,24.197,21.6955,49.0,48.0,54.0,43.0,45.0,47.0,54.0,8,summer,48.57,23.01,22.697,52.0
1,2024-08-14 18:00:00+00:00,20.997,21.947,21.097,20.897,21.197,22.147,22.095499,58.0,58.0,57.0,56.0,53.0,57.0,49.0,8,summer,55.43,21.48,21.296999,63.0
1,2024-08-14 19:00:00+00:00,20.347,21.147,19.247,19.947,19.847,20.997,21.345499,64.0,65.0,69.0,61.0,60.0,64.0,53.0,8,summer,62.29,20.41,20.847,72.0
1,2024-08-14 20:00:00+00:00,19.947,20.747,17.497,19.397,18.796999,20.197,20.4955,68.0,65.0,81.0,65.0,65.0,70.0,58.0,8,summer,67.43,19.58,20.296999,72.0
1,2024-08-14 21:00:00+00:00,19.947,19.497,15.896999,18.747,17.897,19.497,19.6955,66.0,71.0,91.0,70.0,70.0,73.0,61.0,8,summer,71.71,18.74,19.997,73.0
1,2024-08-14 22:00:00+00:00,19.247,18.097,15.497,17.697,16.997,18.697,18.9455,69.0,80.0,92.0,76.0,73.0,72.0,62.0,8,summer,74.86,17.88,19.447,76.0
1,2024-08-14 23:00:00+00:00,17.997,17.497,15.646999,16.497,16.197,17.947,18.1955,77.0,81.0,86.0,83.0,74.0,69.0,62.0,8,summer,76.0,17.14,18.296999,82.0
1,2024-08-15 00:00:00+00:00,17.397,17.397,15.646999,14.697,15.047,17.197,17.8955,75.0,78.0,80.0,89.0,82.0,91.0,67.0,8,summer,80.29,16.47,17.397,85.0
1,2024-08-15 01:00:00+00:00,16.497,16.747,15.146999,14.197,14.297,16.147,16.9455,78.0,80.0,80.0,89.0,84.0,88.0,68.0,8,summer,81.0,15.71,17.147,85.0
1,2024-08-15 02:00:00+00:00,15.797,16.097,14.847,13.747,13.597,15.146999,16.0455,80.0,83.0,82.0,88.0,86.0,82.0,69.0,8,summer,81.43,15.04,16.747,85.0
1,2024-08-15 03:00:00+00:00,15.347,15.597,14.646999,14.097,13.747,15.047,16.095499,82.0,84.0,83.0,85.0,85.0,76.0,67.0,8,summer,80.29,14.94,16.197,84.0
1,2024-08-15 04:00:00+00:00,15.097,15.247,14.547,15.646999,15.247,16.347,17.6455,84.0,86.0,85.0,78.0,79.0,71.0,61.0,8,summer,77.71,15.68,15.847,82.0
1,2024-08-15 05:00:00+00:00,17.097,17.347,16.796999,17.947,17.597,18.497,20.0455,79.0,79.0,79.0,70.0,71.0,67.0,53.0,8,summer,71.14,17.9,17.647,77.0
1,2024-08-15 06:00:00+00:00,20.447,20.647,20.147,19.997,20.046999,20.796999,22.6955,63.0,63.0,65.0,65.0,62.0,61.0,45.0,8,summer,60.57,20.68,20.747,64.0
1,2024-08-15 07:00:00+00:00,22.947,23.097,22.647,22.397,22.597,23.097,25.2455,55.0,55.0,56.0,57.0,54.0,54.0,39.0,8,summer,52.86,23.15,23.097,57.0
1,2024-08-15 08:00:00+00:00,25.197,25.497,25.197,24.897,25.197,25.546999,27.845499,49.0,47.0,49.0,48.0,47.0,45.0,34.0,8,summer,45.57,25.63,25.147,50.0
1,2024-08-15 09:00:00+00:00,26.497,26.997,26.847,26.847,27.247,27.447,29.8955,42.0,42.0,43.0,41.0,40.0,39.0,29.0,8,summer,39.43,27.4,26.397,45.0
1,2024-08-15 10:00:00+00:00,27.796999,28.097,27.497,27.997,28.447,28.697,31.2955,38.0,35.0,38.0,36.0,35.0,35.0,25.0,8,summer,34.57,28.55,27.546999,40.0
1,2024-08-15 11:00:00+00:00,28.497,28.747,28.546999,28.546999,29.046999,29.447,32.0455,36.0,33.0,34.0,32.0,31.0,32.0,21.0,8,summer,31.29,29.27,28.147,36.0
1,2024-08-15 12:00:00+00:00,28.997,28.796999,28.796999,28.947,29.397,29.947,30.9955,34.0,32.0,33.0,32.0,25.0,26.0,25.0,8,summer,29.57,29.41,27.847,40.0
1,2024-08-15 13:00:00+00:00,29.097,29.046999,29.097,28.897,29.347,29.897,28.6955,32.0,31.0,31.0,30.0,23.0,24.0,31.0,8,summer,28.86,29.15,27.647,37.0
1,2024-08-15 14:00:00+00:00,28.497,28.546999,28.897,28.397,28.897,29.497,25.4455,31.0,30.0,30.0,30.0,23.0,23.0,40.0,8,summer,29.57,28.31,24.347,56.0
1,2024-08-15 15:00:00+00:00,27.647,27.697,28.046999,27.397,27.897,28.546999,22.7955,32.0,31.0,29.0,32.0,26.0,25.0,49.0,8,summer,32.0,27.15,23.197,63.0
1,2024-08-15 16:00:00+00:00,25.546999,25.447,25.447,25.546999,25.897,26.697,21.5455,37.0,36.0,35.0,38.0,33.0,32.0,56.0,8,summer,38.14,25.16,21.296999,77.0
1,2024-08-15 17:00:00+00:00,22.997,22.997,23.046999,23.197,23.347,24.347,20.8955,48.0,48.0,45.0,47.0,42.0,41.0,62.0,8,summer,47.57,22.98,20.247,85.0
1,2024-08-15 18:00:00+00:00,20.497,22.546999,22.197,20.947,21.197,22.347,22.1955,84.0,52.0,53.0,54.0,50.0,49.0,54.0,8,summer,56.57,21.7,20.097,87.0
1,2024-08-15 19:00:00+00:00,19.947,21.796999,21.147,19.997,19.897,21.197,21.2955,85.0,54.0,59.0,59.0,56.0,54.0,59.0,8,summer,60.86,20.75,19.397,89.0
1,2024-08-15 20:00:00+00:00,19.546999,20.546999,20.097,19.497,19.046999,20.397,20.6455,87.0,60.0,68.0,63.0,61.0,57.0,64.0,8,summer,65.71,19.97,18.997,90.0
1,2024-08-15 21:00:00+00:00,19.046999,19.847,19.296999,18.897,18.197,19.647,20.1955,90.0,64.0,73.0,67.0,65.0,60.0,67.0,8,summer,69.43,19.3,18.747,92.0
1,2024-08-15 22:00:00+00:00,18.247,19.046999,18.647,17.947,17.147,18.796999,19.9955,92.0,67.0,72.0,72.0,70.0,64.0,67.0,8,summer,72.0,18.55,18.647,93.0
1,2024-08-15 23:00:00+00:00,17.197,17.947,18.147,16.897,16.047,18.046999,19.9455,94.0,71.0,70.0,76.0,74.0,67.0,66.0,8,summer,74.0,17.75,18.497,92.0
1,2024-08-16 00:00:00+00:00,16.347,16.597,16.997,17.647,15.497,16.747,18.3955,93.0,75.0,74.0,73.0,76.0,76.0,70.0,8,summer,76.71,16.89,17.796999,95.0
1,2024-08-16 01:00:00+00:00,15.947,15.847,16.197,16.847,14.646999,15.697,17.3955,85.0,78.0,76.0,76.0,79.0,79.0,72.0,8,summer,77.86,16.08,17.097,96.0
1,2024-08-16 02:00:00+00:00,15.197,15.247,15.697,16.097,13.997,14.597,16.345499,83.0,79.0,77.0,78.0,81.0,81.0,76.0,8,summer,79.29,15.31,16.397,96.0
1,2024-08-16 03:00:00+00:00,14.646999,14.597,15.197,15.997,14.197,14.447,16.1955,85.0,82.0,78.0,78.0,80.0,81.0,76.0,8,summer,80.0,15.04,15.747,92.0
1,2024-08-16 04:00:00+00:00,14.447,14.347,14.847,16.947,15.797,15.847,17.4955,86.0,83.0,81.0,74.0,75.0,76.0,70.0,8,summer,77.86,15.68,15.197,91.0
1,2024-08-16 05:00:00+00:00,16.796999,16.647,17.097,18.597,18.296999,18.247,19.6455,79.0,76.0,75.0,69.0,67.0,68.0,62.0,8,summer,70.86,17.9,16.697,88.0
1,2024-08-16 06:00:00+00:00,19.447,19.997,20.147,20.397,20.747,20.697,21.595499,72.0,63.0,60.0,61.0,59.0,60.0,56.0,8,summer,61.57,20.43,18.897,79.0
1,2024-08-16 07:00:00+00:00,21.796999,22.546999,22.796999,22.147,22.997,23.197,24.2455,63.0,54.0,52.0,55.0,51.0,52.0,47.0,8,summer,53.43,22.82,20.697,72.0
1,2024-08-16 08:00:00+00:00,24.197,24.997,25.347,24.147,25.247,25.796999,27.0455,56.0,47.0,45.0,47.0,43.0,44.0,38.0,8,summer,45.71,25.25,22.597,65.0
1,2024-08-16 09:00:00+00:00,25.847,27.046999,27.397,25.597,26.847,27.697,28.595499,47.0,41.0,39.0,42.0,37.0,37.0,33.0,8,summer,39.43,27.0,24.247,55.0
1,2024-08-16 10:00:00+00:00,26.796999,28.347,28.597,26.046999,27.546999,28.546999,27.9455,41.0,34.0,32.0,40.0,34.0,33.0,34.0,8,summer,35.43,27.69,25.046999,50.0
1,2024-08-16 11:00:00+00:00,27.347,28.847,28.997,25.947,27.647,28.747,25.9955,38.0,30.0,29.0,39.0,32.0,30.0,39.0,8,summer,33.86,27.65,26.046999,48.0
1,2024-08-16 12:00:00+00:00,27.247,28.447,28.897,27.796999,27.697,26.897,24.7955,38.0,31.0,27.0,32.0,33.0,33.0,44.0,8,summer,34.0,27.4,25.497,51.0
1,2024-08-16 13:00:00+00:00,27.097,28.347,28.947,27.747,27.647,26.847,24.345499,38.0,31.0,27.0,31.0,31.0,32.0,46.0,8,summer,33.71,27.28,25.747,47.0
1,2024-08-16 14:00:00+00:00,26.747,27.997,28.647,27.397,27.397,26.747,24.095499,37.0,31.0,27.0,31.0,31.0,32.0,47.0,8,summer,33.71,27.0,25.647,44.0
1,2024-08-16 15:00:00+00:00,25.697,26.697,27.497,26.447,26.597,26.097,23.595499,41.0,33.0,29.0,33.0,32.0,34.0,50.0,8,summer,36.0,26.09,24.796999,45.0
1,2024-08-16 16:00:00+00:00,22.847,23.647,24.046999,24.397,24.897,24.497,22.4455,52.0,44.0,37.0,38.0,37.0,39.0,57.0,8,summer,43.43,23.83,22.397,59.0
1,2024-08-16 17:00:00+00:00,20.697,21.947,21.796999,21.796999,22.647,22.397,20.9455,56.0,48.0,47.0,45.0,45.0,45.0,65.0,8,summer,50.14,21.75,20.647,67.0
1,2024-08-16 18:00:00+00:00,19.147,19.747,20.747,20.397,20.847,20.697,21.095499,62.0,53.0,50.0,49.0,51.0,50.0,54.0,8,summer,52.71,20.38,19.796999,73.0
1,2024-08-16 19:00:00+00:00,18.397,18.546999,19.697,19.497,19.997,19.897,20.595499,63.0,57.0,53.0,52.0,55.0,53.0,53.0,8,summer,55.14,19.52,18.747,75.0
1,2024-08-16 20:00:00+00:00,17.546999,17.897,18.997,19.097,19.546999,19.497,20.0455,66.0,60.0,57.0,55.0,58.0,55.0,53.0,8,summer,57.71,18.95,17.997,77.0
1,2024-08-16 21:00:00+00:00,16.796999,17.347,17.997,18.497,18.947,19.046999,19.2955,69.0,63.0,61.0,58.0,61.0,57.0,54.0,8,summer,60.43,18.28,16.647,81.0
1,2024-08-16 22:00:00+00:00,15.896999,16.546999,16.796999,17.247,17.947,18.296999,18.1955,72.0,67.0,66.0,64.0,66.0,60.0,58.0,8,summer,64.71,17.28,15.547,84.0
1,2024-08-16 23:00:00+00:00,15.247,15.297,15.197,15.797,16.847,17.447,16.9455,75.0,71.0,72.0,71.0,72.0,62.0,63.0,8,summer,69.43,16.11,15.197,82.0
1,2024-08-17 00:00:00+00:00,14.247,14.597,14.097,13.497,16.697,17.247,15.695499,79.0,75.0,80.0,78.0,72.0,62.0,74.0,8,summer,74.29,15.15,14.447,87.0
1,2024-08-17 01:00:00+00:00,13.646999,13.347,13.547,12.447,16.447,16.397,15.0455,80.0,83.0,81.0,82.0,72.0,66.0,75.0,8,summer,77.0,14.41,13.896999,89.0
1,2024-08-17 02:00:00+00:00,13.097,12.947,12.947,11.646999,16.546999,15.547,14.3955,82.0,83.0,82.0,84.0,69.0,70.0,77.0,8,summer,78.14,13.88,13.347,91.0
1,2024-08-17 03:00:00+00:00,12.547,12.497,12.497,11.797,16.847,15.447,14.3955,84.0,83.0,82.0,83.0,67.0,71.0,76.0,8,summer,78.0,13.72,12.947,90.0
1,2024-08-17 04:00:00+00:00,12.247,12.247,12.247,13.447,17.247,16.397,15.2955,85.0,82.0,81.0,76.0,66.0,68.0,71.0,8,summer,75.57,14.16,12.747,87.0
1,2024-08-17 05:00:00+00:00,14.197,14.747,14.747,16.097,17.847,17.997,16.845499,82.0,75.0,75.0,66.0,64.0,62.0,64.0,8,summer,69.71,16.07,14.697,83.0
1,2024-08-17 06:00:00+00:00,18.247,18.296999,18.747,18.796999,18.597,19.847,20.9955,62.0,61.0,58.0,57.0,62.0,56.0,45.0,8,summer,57.29,19.08,17.546999,67.0
1,2024-08-17 07:00:00+00:00,20.697,20.697,21.147,21.447,19.597,22.046999,24.1455,52.0,52.0,52.0,49.0,59.0,49.0,37.0,8,summer,50.0,21.4,19.697,62.0
1,2024-08-17 08:00:00+00:00,23.097,22.847,23.296999,24.097,20.747,24.497,27.595499,47.0,48.0,46.0,43.0,55.0,42.0,30.0,8,summer,44.43,23.74,21.947,58.0
1,2024-08-17 09:00:00+00:00,24.997,24.197,24.897,26.197,21.947,26.447,30.095499,43.0,44.0,41.0,37.0,51.0,36.0,25.0,8,summer,39.57,25.54,23.747,52.0
1,2024-08-17 10:00:00+00:00,26.247,24.546999,25.347,27.397,23.296999,27.497,31.095499,40.0,43.0,39.0,33.0,46.0,33.0,22.0,8,summer,36.57,26.49,24.897,47.0
1,2024-08-17 11:00:00+00:00,26.447,25.046999,26.046999,28.046999,24.697,28.046999,31.095499,37.0,42.0,36.0,31.0,42.0,31.0,20.0,8,summer,34.14,27.06,25.247,45.0
1,2024-08-17 12:00:00+00:00,26.447,26.497,26.497,27.397,25.897,26.097,29.7955,39.0,38.0,35.0,31.0,35.0,35.0,22.0,8,summer,33.57,26.95,26.296999,42.0
1,2024-08-17 13:00:00+00:00,26.546999,26.847,26.247,27.296999,25.897,25.747,28.4455,39.0,37.0,35.0,30.0,35.0,36.0,25.0,8,summer,33.86,26.72,26.647,41.0
1,2024-08-17 14:00:00+00:00,26.247,26.546999,26.046999,26.997,25.847,25.247,26.345499,39.0,37.0,35.0,30.0,35.0,38.0,31.0,8,summer,35.0,26.18,26.397,41.0
1,2024-08-17 15:00:00+00:00,25.197,25.647,25.347,26.197,25.296999,24.397,24.3955,41.0,39.0,36.0,32.0,37.0,42.0,37.0,8,summer,37.71,25.21,25.247,42.0
1,2024-08-17 16:00:00+00:00,23.097,23.296999,23.497,24.747,23.747,22.897,22.595499,50.0,51.0,44.0,36.0,41.0,48.0,45.0,8,summer,45.0,23.41,23.197,51.0
1,2024-08-17 17:00:00+00:00,21.597,21.397,22.197,22.796999,21.647,21.046999,20.845499,56.0,50.0,48.0,42.0,46.0,56.0,54.0,8,summer,50.29,21.65,21.497,53.0
1,2024-08-17 18:00:00+00:00,20.497,20.447,20.697,21.447,19.997,19.397,20.1955,63.0,53.0,51.0,47.0,50.0,62.0,46.0,8,summer,53.14,20.38,21.247,51.0
1,2024-08-17 19:00:00+00:00,19.796999,19.497,19.647,20.447,19.397,18.097,20.0455,72.0,56.0,52.0,50.0,51.0,66.0,47.0,8,summer,56.29,19.56,20.296999,56.0
1,2024-08-17 20:00:00+00:00,18.947,18.747,18.296999,19.647,19.247,16.947,20.3955,84.0,59.0,57.0,52.0,52.0,69.0,47.0,8,summer,60.0,18.89,19.397,64.0
1,2024-08-17 21:00:00+00:00,18.296999,18.197,17.497,18.897,18.847,15.997,20.3955,79.0,64.0,62.0,54.0,54.0,72.0,47.0,8,summer,61.71,18.3,19.046999,70.0
1,2024-08-17 22:00:00+00:00,17.897,17.447,17.046999,18.147,17.697,15.347,19.6455,79.0,70.0,64.0,57.0,60.0,75.0,48.0,8,summer,64.71,17.6,18.647,75.0
1,2024-08-17 23:00:00+00:00,17.747,16.447,16.546999,17.497,16.296999,14.847,18.595499,82.0,74.0,63.0,61.0,67.0,78.0,50.0,8,summer,67.86,16.85,17.546999,81.0
1,2024-08-18 00:00:00+00:00,16.097,14.247,14.297,16.147,16.197,13.797,15.7955,90.0,85.0,80.0,66.0,67.0,81.0,51.0,8,summer,74.29,15.23,15.847,85.0
1,2024-08-18 01:00:00+00:00,15.297,13.697,14.297,15.347,15.297,13.097,14.8955,91.0,87.0,81.0,70.0,70.0,83.0,55.0,8,summer,76.71,14.56,14.797,87.0
1,2024-08-18 02:00:00+00:00,14.747,13.646999,14.497,14.646999,14.547,12.597,14.0955,85.0,84.0,78.0,73.0,72.0,84.0,60.0,8,summer,76.57,14.11,14.047,85.0
1,2024-08-18 03:00:00+00:00,14.146999,13.297,13.997,14.646999,14.547,12.896999,14.195499,83.0,83.0,78.0,73.0,72.0,82.0,62.0,8,summer,76.14,13.96,13.646999,83.0
1,2024-08-18 04:00:00+00:00,13.646999,13.347,13.597,15.747,15.646999,14.597,15.5455,83.0,80.0,78.0,70.0,69.0,75.0,60.0,8,summer,73.57,14.59,13.597,79.0
1,2024-08-18 05:00:00+00:00,15.797,15.797,15.997,17.597,17.497,17.147,17.7955,77.0,72.0,71.0,64.0,63.0,66.0,55.0,8,summer,66.86,16.8,16.097,70.0
1,2024-08-18 06:00:00+00:00,18.847,18.947,18.947,19.647,19.546999,19.747,20.1955,62.0,62.0,60.0,56.0,57.0,57.0,51.0,8,summer,57.86,19.41,18.796999,62.0
1,2024-08-18 07:00:00+00:00,21.147,21.497,21.747,22.097,21.997,22.296999,22.9955,56.0,55.0,52.0,49.0,50.0,49.0,43.0,8,summer,50.57,21.97,21.247,56.0
1,2024-08-18 08:00:00+00:00,23.597,23.997,24.197,24.847,24.647,24.897,26.0455,50.0,48.0,46.0,42.0,42.0,42.0,35.0,8,summer,43.57,24.6,23.647,48.0
1,2024-08-18 09:00:00+00:00,24.847,25.796999,25.997,26.947,26.647,26.747,28.1955,44.0,42.0,40.0,36.0,36.0,37.0,28.0,8,summer,37.57,26.45,25.296999,41.0
1,2024-08-18 10:00:00+00:00,25.347,26.147,26.796999,27.947,27.546999,27.546999,28.8955,43.0,39.0,36.0,33.0,33.0,34.0,25.0,8,summer,34.71,27.18,26.197,37.0
1,2024-08-18 11:00:00+00:00,25.947,26.296999,27.147,28.247,27.796999,27.597,28.7455,41.0,39.0,34.0,31.0,31.0,32.0,24.0,8,summer,33.14,27.4,26.546999,35.0
1,2024-08-18 12:00:00+00:00,26.347,26.397,27.497,26.397,27.147,26.597,29.095499,39.0,38.0,34.0,35.0,32.0,36.0,23.0,8,summer,33.86,27.07,26.546999,36.0
1,2024-08-18 13:00:00+00:00,26.447,26.046999,27.296999,26.097,27.046999,26.697,27.8955,39.0,39.0,34.0,36.0,32.0,35.0,26.0,8,summer,34.43,26.79,26.397,36.0
1,2024-08-18 14:00:00+00:00,26.247,25.747,26.997,25.697,26.747,26.497,26.3955,38.0,40.0,35.0,38.0,32.0,35.0,30.0,8,summer,35.43,26.33,26.247,36.0
1,2024-08-18 15:00:00+00:00,25.147,24.897,25.947,24.947,25.947,25.796999,24.9955,42.0,44.0,39.0,40.0,34.0,36.0,33.0,8,summer,38.29,25.38,25.697,38.0
1,2024-08-18 16:00:00+00:00,22.897,22.796999,23.397,23.647,24.247,24.147,23.7955,47.0,50.0,50.0,44.0,39.0,40.0,34.0,8,summer,43.43,23.56,23.046999,50.0
1,2024-08-18 17:00:00+00:00,21.197,21.296999,21.697,21.997,22.046999,21.947,22.6455,48.0,49.0,49.0,48.0,45.0,45.0,35.0,8,summer,45.57,21.83,21.247,54.0
1,2024-08-18 18:00:00+00:00,19.847,20.147,20.497,19.847,20.197,19.947,21.595499,55.0,56.0,53.0,53.0,51.0,51.0,38.0,8,summer,51.0,20.3,20.497,55.0
1,2024-08-18 19:00:00+00:00,18.597,19.247,19.397,19.046999,19.147,18.447,20.3955,59.0,59.0,56.0,55.0,54.0,56.0,41.0,8,summer,54.29,19.18,19.347,56.0
1,2024-08-18 20:00:00+00:00,17.447,18.397,18.597,18.847,18.447,17.147,19.1455,61.0,62.0,57.0,57.0,57.0,61.0,44.0,8,summer,57.0,18.29,18.847,56.0
1,2024-08-18 21:00:00+00:00,16.647,17.796999,18.247,18.546999,17.697,15.997,18.095499,62.0,63.0,61.0,58.0,60.0,66.0,48.0,8,summer,59.71,17.58,18.296999,56.0
1,2024-08-18 22:00:00+00:00,16.147,17.197,18.296999,18.046999,16.747,14.997,17.3955,65.0,67.0,65.0,61.0,64.0,71.0,51.0,8,summer,63.43,16.98,17.447,61.0
1,2024-08-18 23:00:00+00:00,15.396999,16.997,17.796999,17.497,15.697,14.146999,16.9455,70.0,70.0,66.0,64.0,68.0,76.0,54.0,8,summer,66.86,16.35,17.046999,64.0
1,2024-08-19 00:00:00+00:00,13.646999,15.847,14.847,16.047,15.597,14.197,16.6955,78.0,75.0,77.0,69.0,71.0,74.0,60.0,8,summer,72.0,15.27,16.097,70.0
1,2024-08-19 01:00:00+00:00,13.097,14.896999,14.747,15.146999,14.597,13.197,15.4955,82.0,80.0,79.0,72.0,75.0,77.0,65.0,8,summer,75.71,14.45,14.797,78.0
1,2024-08-19 02:00:00+00:00,12.597,14.447,14.797,14.297,13.697,12.396999,14.5455,83.0,79.0,77.0,75.0,78.0,78.0,68.0,8,summer,76.86,13.83,13.797,83.0
1,2024-08-19 03:00:00+00:00,12.347,13.997,14.597,14.247,13.697,12.597,14.4955,81.0,78.0,76.0,75.0,78.0,77.0,69.0,8,summer,76.29,13.71,13.047,83.0
1,2024-08-19 04:00:00+00:00,12.347,13.646999,14.396999,15.447,15.097,14.297,15.7955,79.0,78.0,78.0,72.0,73.0,72.0,65.0,8,summer,73.86,14.43,12.646999,81.0
1,2024-08-19 05:00:00+00:00,14.997,15.947,16.397,17.497,17.397,16.947,17.9955,72.0,74.0,75.0,67.0,66.0,64.0,58.0,8,summer,68.0,16.74,14.797,76.0
1,2024-08-19 06:00:00+00:00,18.447,18.897,19.397,19.597,19.847,19.647,20.1955,59.0,63.0,64.0,64.0,58.0,56.0,53.0,8,summer,59.57,19.43,18.647,61.0
1,2024-08-19 07:00:00+00:00,21.197,21.597,21.997,21.947,22.497,22.296999,22.6955,51.0,55.0,55.0,56.0,50.0,49.0,45.0,8,summer,51.57,22.03,21.147,54.0
1,2024-08-19 08:00:00+00:00,23.747,24.296999,24.497,24.447,25.247,24.947,25.4955,46.0,47.0,48.0,46.0,41.0,41.0,35.0,8,summer,43.43,24.67,23.647,48.0
1,2024-08-19 09:00:00+00:00,25.697,26.397,26.147,26.397,27.296999,26.997,27.6955,41.0,41.0,41.0,38.0,34.0,35.0,28.0,8,summer,36.86,26.66,25.546999,42.0
1,2024-08-19 10:00:00+00:00,26.796999,26.997,26.947,27.497,28.197,28.097,29.2455,37.0,36.0,37.0,34.0,31.0,31.0,24.0,8,summer,32.86,27.68,26.747,38.0
1,2024-08-19 11:00:00+00:00,27.296999,27.597,27.647,27.997,28.397,28.546999,30.2455,35.0,34.0,33.0,32.0,30.0,28.0,22.0,8,summer,30.57,28.25,27.347,35.0
1,2024-08-19 12:00:00+00:00,27.247,28.147,27.747,28.197,28.147,29.046999,29.8955,34.0,30.0,34.0,30.0,31.0,27.0,22.0,8,summer,29.71,28.35,27.347,34.0
1,2024-08-19 13:00:00+00:00,27.147,28.046999,27.997,28.197,28.097,28.947,29.2455,33.0,30.0,33.0,29.0,30.0,26.0,23.0,8,summer,29.14,28.24,27.147,34.0
1,2024-08-19 14:00:00+00:00,26.747,27.597,27.397,27.847,27.747,28.497,28.0455,33.0,30.0,33.0,28.0,30.0,26.0,25.0,8,summer,29.29,27.7,26.847,34.0
1,2024-08-19 15:00:00+00:00,26.097,26.497,26.597,26.947,26.897,27.497,26.6955,34.0,32.0,34.0,30.0,31.0,28.0,29.0,8,summer,31.14,26.75,26.046999,33.0
1,2024-08-19 16:00:00+00:00,23.747,23.997,24.197,25.147,25.197,25.546999,25.2455,49.0,43.0,40.0,34.0,35.0,33.0,35.0,8,summer,38.43,24.73,23.497,43.0
1,2024-08-19 17:00:00+00:00,21.197,21.796999,22.147,22.847,23.046999,23.046999,23.6955,48.0,47.0,45.0,40.0,41.0,39.0,41.0,8,summer,43.0,22.54,21.147,52.0
1,2024-08-19 18:00:00+00:00,20.647,20.947,20.697,20.497,21.296999,20.947,22.4955,46.0,50.0,52.0,49.0,46.0,45.0,42.0,8,summer,47.14,21.08,20.097,57.0
1,2024-08-19 19:00:00+00:00,19.597,19.947,20.247,19.397,20.397,19.597,22.2455,49.0,52.0,57.0,55.0,50.0,50.0,42.0,8,summer,50.71,20.2,18.897,61.0
1,2024-08-19 20:00:00+00:00,18.747,19.046999,19.597,18.747,19.897,18.647,22.0455,52.0,56.0,64.0,60.0,54.0,54.0,42.0,8,summer,54.57,19.53,17.747,68.0
1,2024-08-19 21:00:00+00:00,17.697,18.147,19.147,18.046999,19.247,17.847,21.595499,59.0,63.0,70.0,65.0,58.0,58.0,43.0,8,summer,59.43,18.82,16.847,74.0
1,2024-08-19 22:00:00+00:00,16.647,17.447,17.947,17.097,18.147,17.247,20.595499,66.0,67.0,74.0,70.0,64.0,61.0,46.0,8,summer,64.0,17.88,16.097,78.0
1,2024-08-19 23:00:00+00:00,15.947,16.397,17.147,16.047,16.847,16.796999,19.2955,71.0,72.0,79.0,76.0,70.0,63.0,49.0,8,summer,68.57,16.93,15.347,81.0
1,2024-08-20 00:00:00+00:00,14.597,14.497,15.797,15.347,15.797,15.197,17.595499,75.0,78.0,79.0,76.0,69.0,73.0,63.0,8,summer,73.29,15.55,15.097,83.0
1,2024-08-20 01:00:00+00:00,13.847,14.146999,15.146999,14.997,14.896999,13.947,16.6455,80.0,79.0,83.0,76.0,72.0,78.0,64.0,8,summer,76.0,14.8,14.847,83.0
1,2024-08-20 02:00:00+00:00,12.896999,13.896999,14.597,14.847,14.047,12.847,15.9955,83.0,77.0,83.0,74.0,74.0,81.0,62.0,8,summer,76.29,14.16,14.497,84.0
1,2024-08-20 03:00:00+00:00,12.247,13.396999,14.396999,15.146999,13.997,12.797,16.095499,84.0,77.0,82.0,71.0,74.0,81.0,59.0,8,summer,75.43,14.01,14.047,85.0
1,2024-08-20 04:00:00+00:00,12.146999,13.247,14.097,16.097,15.297,14.396999,17.3955,82.0,76.0,81.0,68.0,70.0,75.0,54.0,8,summer,72.29,14.67,14.097,83.0
1,2024-08-20 05:00:00+00:00,14.447,15.497,16.197,17.546999,17.347,17.046999,19.4955,78.0,71.0,75.0,64.0,64.0,64.0,49.0,8,summer,66.43,16.8,16.147,75.0
1,2024-08-20 06:00:00+00:00,19.097,18.447,19.296999,19.397,19.546999,19.647,21.4955,59.0,57.0,55.0,60.0,57.0,55.0,42.0,8,summer,55.0,19.56,18.947,62.0
1,2024-08-20 07:00:00+00:00,21.347,21.097,21.747,21.597,21.796999,22.147,24.095499,48.0,48.0,50.0,53.0,49.0,48.0,36.0,8,summer,47.43,21.98,21.447,51.0
1,2024-08-20 08:00:00+00:00,23.397,23.296999,24.247,23.897,24.147,24.597,26.7955,44.0,44.0,45.0,46.0,41.0,41.0,31.0,8,summer,41.71,24.34,23.397,45.0
1,2024-08-20 09:00:00+00:00,25.046999,25.046999,25.747,25.647,25.847,26.347,28.7955,40.0,39.0,40.0,40.0,35.0,36.0,27.0,8,summer,36.71,26.07,24.597,41.0
1,2024-08-20 10:00:00+00:00,24.897,26.046999,26.847,26.447,26.397,26.947,29.7955,38.0,36.0,36.0,37.0,32.0,34.0,24.0,8,summer,33.86,26.77,24.897,41.0
1,2024-08-20 11:00:00+00:00,25.497,25.947,27.447,26.697,26.296999,26.847,30.095499,37.0,35.0,34.0,35.0,32.0,33.0,22.0,8,summer,32.57,26.98,24.947,40.0
1,2024-08-20 12:00:00+00:00,25.546999,26.546999,26.197,24.796999,27.097,25.847,29.8955,37.0,33.0,35.0,39.0,31.0,35.0,23.0,8,summer,33.29,26.56,25.697,38.0
1,2024-08-20 13:00:00+00:00,25.597,26.097,25.697,24.897,27.046999,25.697,28.6955,36.0,33.0,36.0,39.0,29.0,35.0,27.0,8,summer,33.57,26.25,25.397,40.0
1,2024-08-20 14:00:00+00:00,25.097,25.747,24.947,24.947,26.697,25.447,26.7455,37.0,33.0,38.0,39.0,29.0,34.0,33.0,8,summer,34.71,25.66,25.247,39.0
1,2024-08-20 15:00:00+00:00,24.296999,25.046999,24.147,24.546999,25.847,24.847,24.8955,40.0,35.0,42.0,41.0,31.0,36.0,39.0,8,summer,37.71,24.8,24.796999,39.0
1,2024-08-20 16:00:00+00:00,22.497,23.197,22.697,23.247,24.247,23.546999,23.3955,48.0,42.0,47.0,47.0,36.0,41.0,46.0,8,summer,43.86,23.26,23.147,47.0
1,2024-08-20 17:00:00+00:00,20.997,22.046999,21.847,21.497,22.147,21.847,22.0455,55.0,48.0,49.0,55.0,44.0,47.0,55.0,8,summer,50.43,21.78,21.747,54.0
1,2024-08-20 18:00:00+00:00,20.546999,20.847,20.247,18.697,20.296999,20.447,20.6955,57.0,55.0,65.0,69.0,52.0,53.0,53.0,8,summer,57.71,20.25,20.197,67.0
1,2024-08-20 19:00:00+00:00,19.747,19.497,20.046999,18.147,18.897,19.697,19.845499,62.0,64.0,61.0,72.0,61.0,57.0,59.0,8,summer,62.29,19.41,19.097,78.0
1,2024-08-20 20:00:00+00:00,18.397,19.197,19.697,17.796999,17.796999,19.247,19.1455,72.0,68.0,60.0,75.0,69.0,61.0,65.0,8,summer,67.14,18.75,18.497,84.0
1,2024-08-20 21:00:00+00:00,17.997,18.747,18.997,17.497,16.947,18.747,18.6955,78.0,71.0,65.0,77.0,76.0,64.0,69.0,8,summer,71.43,18.23,18.397,83.0
1,2024-08-20 22:00:00+00:00,17.597,18.197,18.247,17.347,16.497,18.046999,18.6955,83.0,73.0,70.0,78.0,79.0,67.0,69.0,8,summer,74.14,17.8,17.897,82.0
1,2024-08-20 23:00:00+00:00,17.046999,17.647,17.597,17.296999,16.397,17.347,18.8955,82.0,75.0,72.0,79.0,80.0,70.0,66.0,8,summer,74.86,17.46,16.847,83.0
1,2024-08-21 00:00:00+00:00,15.747,17.597,16.447,17.647,17.197,14.146999,16.9955,88.0,74.0,80.0,81.0,76.0,79.0,79.0,8,summer,79.57,16.54,17.046999,83.0
1,2024-08-21 01:00:00+00:00,15.797,17.546999,16.247,17.197,16.897,13.797,16.7955,84.0,69.0,79.0,82.0,75.0,77.0,76.0,8,summer,77.43,16.33,16.447,81.0
1,2024-08-21 02:00:00+00:00,15.747,17.247,15.847,16.796999,16.747,13.797,16.7955,79.0,67.0,79.0,81.0,73.0,73.0,71.0,8,summer,74.71,16.14,15.947,77.0
1,2024-08-21 03:00:00+00:00,15.447,16.796999,15.597,16.796999,16.847,14.347,16.9955,78.0,68.0,78.0,79.0,70.0,69.0,66.0,8,summer,72.57,16.12,15.447,72.0
1,2024-08-21 04:00:00+00:00,15.447,16.397,14.646999,17.347,17.296999,15.697,17.4455,77.0,70.0,81.0,74.0,68.0,64.0,63.0,8,summer,71.0,16.33,15.396999,69.0
1,2024-08-21 05:00:00+00:00,16.947,17.397,16.597,18.247,18.046999,17.647,18.1455,75.0,69.0,77.0,68.0,66.0,59.0,61.0,8,summer,67.86,17.58,16.947,69.0
1,2024-08-21 06:00:00+00:00,19.397,19.296999,19.697,18.947,19.097,19.697,18.9955,58.0,59.0,59.0,63.0,63.0,54.0,51.0,8,summer,58.14,19.3,19.046999,61.0
1,2024-08-21 07:00:00+00:00,21.197,21.747,22.046999,20.647,20.647,22.046999,19.1955,55.0,52.0,53.0,57.0,57.0,48.0,50.0,8,summer,53.14,21.08,21.247,55.0
1,2024-08-21 08:00:00+00:00,23.296999,23.947,24.497,22.247,22.497,24.497,19.1955,49.0,46.0,45.0,51.0,51.0,41.0,50.0,8,summer,47.57,22.88,23.546999,49.0
1,2024-08-21 09:00:00+00:00,25.046999,25.197,25.897,23.296999,23.897,26.397,19.1955,43.0,42.0,39.0,48.0,45.0,36.0,50.0,8,summer,43.29,24.13,25.197,42.0
1,2024-08-21 10:00:00+00:00,25.647,25.747,26.347,23.447,24.546999,27.296999,19.1955,39.0,38.0,36.0,47.0,42.0,33.0,51.0,8,summer,40.86,24.6,26.247,37.0
1,2024-08-21 11:00:00+00:00,25.747,25.497,26.546999,23.046999,24.796999,27.597,19.095499,38.0,38.0,35.0,49.0,40.0,31.0,53.0,8,summer,40.57,24.62,26.197,35.0
1,2024-08-21 12:00:00+00:00,26.147,24.647,25.447,24.647,23.947,25.097,22.4955,35.0,40.0,36.0,40.0,43.0,37.0,41.0,8,summer,38.86,24.63,25.796999,37.0
1,2024-08-21 13:00:00+00:00,25.947,24.546999,25.097,24.546999,23.897,24.947,21.4955,35.0,40.0,38.0,40.0,43.0,37.0,44.0,8,summer,39.57,24.35,25.197,37.0
1,2024-08-21 14:00:00+00:00,26.097,24.046999,25.046999,24.347,23.747,24.747,20.1455,35.0,44.0,37.0,40.0,45.0,37.0,49.0,8,summer,41.0,24.03,24.747,38.0
1,2024-08-21 15:00:00+00:00,25.497,23.247,24.397,23.796999,23.296999,24.247,19.095499,35.0,49.0,41.0,42.0,47.0,39.0,53.0,8,summer,43.71,23.37,22.447,52.0
1,2024-08-21 16:00:00+00:00,23.546999,21.347,22.796999,22.697,22.247,23.147,18.6955,42.0,51.0,47.0,46.0,51.0,43.0,55.0,8,summer,47.86,22.07,18.947,69.0
1,2024-08-21 17:00:00+00:00,21.897,20.546999,21.046999,21.247,20.897,21.747,18.595499,46.0,53.0,54.0,52.0,57.0,49.0,56.0,8,summer,52.43,20.85,18.747,68.0
1,2024-08-21 18:00:00+00:00,20.447,19.747,20.247,20.296999,19.597,20.497,18.595499,55.0,58.0,55.0,56.0,62.0,55.0,56.0,8,summer,56.71,19.92,19.847,59.0
1,2024-08-21 19:00:00+00:00,19.897,19.197,19.847,19.597,18.497,19.597,18.3955,58.0,60.0,57.0,60.0,67.0,60.0,57.0,8,summer,59.86,19.29,19.397,61.0
1,2024-08-21 20:00:00+00:00,19.296999,18.697,19.397,19.247,17.497,18.897,18.4955,64.0,63.0,60.0,63.0,73.0,66.0,56.0,8,summer,63.57,18.79,18.847,65.0
1,2024-08-21 21:00:00+00:00,18.597,18.147,18.747,18.796999,16.747,18.296999,18.595499,67.0,67.0,65.0,65.0,76.0,70.0,56.0,8,summer,66.57,18.28,18.296999,68.0
1,2024-08-21 22:00:00+00:00,18.046999,17.397,18.147,18.197,16.447,17.847,18.7455,68.0,72.0,68.0,67.0,76.0,72.0,55.0,8,summer,68.29,17.83,17.847,71.0
1,2024-08-21 23:00:00+00:00,17.647,16.597,17.697,17.597,16.397,17.447,18.8955,69.0,76.0,71.0,69.0,75.0,73.0,54.0,8,summer,69.57,17.47,17.347,73.0
1,2024-08-22 00:00:00+00:00,17.546999,16.147,17.497,17.546999,16.747,16.697,16.7955,65.0,83.0,66.0,67.0,75.0,75.0,63.0,8,summer,70.57,17.0,16.847,75.0
1,2024-08-22 01:00:00+00:00,17.046999,15.697,16.847,16.796999,15.747,16.097,15.7455,67.0,83.0,67.0,70.0,79.0,75.0,68.0,8,summer,72.71,16.28,16.597,74.0
1,2024-08-22 02:00:00+00:00,16.647,14.896999,16.197,15.947,14.646999,15.497,14.945499,66.0,84.0,69.0,73.0,82.0,75.0,73.0,8,summer,74.57,15.54,15.847,76.0
1,2024-08-22 03:00:00+00:00,15.896999,14.347,15.497,15.646999,14.396999,15.497,14.8955,71.0,84.0,72.0,74.0,83.0,74.0,74.0,8,summer,76.0,15.17,15.097,78.0
1,2024-08-22 04:00:00+00:00,15.497,14.447,14.747,16.147,15.547,16.397,16.095499,76.0,84.0,77.0,72.0,78.0,71.0,70.0,8,summer,75.43,15.55,14.896999,79.0
1,2024-08-22 05:00:00+00:00,16.796999,15.747,16.597,17.197,17.497,17.897,18.1455,73.0,80.0,73.0,69.0,71.0,67.0,62.0,8,summer,70.71,17.13,16.447,75.0
1,2024-08-22 06:00:00+00:00,18.347,18.397,18.546999,19.447,19.447,19.497,20.8955,67.0,66.0,65.0,62.0,63.0,62.0,51.0,8,summer,62.29,19.23,18.347,67.0
1,2024-08-22 07:00:00+00:00,20.447,20.147,19.796999,20.796999,21.347,21.397,23.595499,59.0,60.0,60.0,58.0,56.0,55.0,43.0,8,summer,55.86,21.08,20.497,59.0
1,2024-08-22 08:00:00+00:00,22.747,21.796999,21.997,22.296999,23.197,23.397,26.595499,52.0,55.0,55.0,54.0,48.0,48.0,35.0,8,summer,49.57,23.15,22.546999,53.0
1,2024-08-22 09:00:00+00:00,24.347,23.747,23.847,23.597,24.447,24.796999,28.7955,46.0,49.0,50.0,50.0,43.0,42.0,29.0,8,summer,44.14,24.8,24.296999,45.0
1,2024-08-22 10:00:00+00:00,24.546999,24.747,24.647,24.597,24.697,25.296999,29.8955,42.0,44.0,44.0,46.0,41.0,38.0,25.0,8,summer,40.0,25.49,24.796999,40.0
1,2024-08-22 11:00:00+00:00,24.347,24.997,25.097,25.347,24.296999,25.197,30.2455,42.0,42.0,42.0,43.0,41.0,37.0,23.0,8,summer,38.57,25.65,24.897,39.0
1,2024-08-22 12:00:00+00:00,24.347,24.097,23.697,25.347,23.997,24.847,24.4955,41.0,43.0,49.0,40.0,44.0,38.0,40.0,8,summer,42.14,24.4,24.247,42.0
1,2024-08-22 13:00:00+00:00,23.997,24.247,23.097,25.147,23.546999,24.347,23.595499,42.0,43.0,50.0,39.0,45.0,39.0,42.0,8,summer,42.86,24.0,24.497,42.0
1,2024-08-22 14:00:00+00:00,24.247,24.147,22.796999,24.697,22.697,23.497,22.7955,41.0,42.0,51.0,39.0,49.0,42.0,45.0,8,summer,44.14,23.55,24.347,40.0
1,2024-08-22 15:00:00+00:00,23.796999,23.497,21.947,23.997,21.697,22.546999,22.095499,42.0,43.0,54.0,41.0,53.0,45.0,47.0,8,summer,46.43,22.8,23.796999,44.0
1,2024-08-22 16:00:00+00:00,22.147,21.796999,20.447,22.947,20.697,21.497,21.4455,47.0,50.0,62.0,45.0,59.0,50.0,50.0,8,summer,51.86,21.57,21.897,50.0
1,2024-08-22 17:00:00+00:00,20.847,20.397,19.397,21.697,19.597,20.296999,20.9455,51.0,59.0,67.0,52.0,65.0,57.0,52.0,8,summer,57.57,20.45,20.546999,56.0
1,2024-08-22 18:00:00+00:00,19.497,18.947,20.347,19.497,18.597,19.296999,20.6955,60.0,64.0,55.0,68.0,71.0,62.0,56.0,8,summer,62.29,19.55,20.497,55.0
1,2024-08-22 19:00:00+00:00,18.447,17.997,19.647,18.546999,17.796999,18.647,20.4955,65.0,68.0,59.0,73.0,74.0,65.0,57.0,8,summer,65.86,18.8,19.947,58.0
1,2024-08-22 20:00:00+00:00,17.197,17.147,18.947,17.897,17.147,18.147,20.3955,71.0,70.0,60.0,77.0,77.0,66.0,57.0,8,summer,68.29,18.13,19.647,64.0
1,2024-08-22 21:00:00+00:00,16.347,16.197,18.247,17.247,16.497,17.546999,20.095499,74.0,74.0,66.0,80.0,79.0,68.0,57.0,8,summer,71.14,17.45,18.897,65.0
1,2024-08-22 22:00:00+00:00,15.497,15.347,17.147,16.546999,15.847,16.546999,19.4955,78.0,79.0,69.0,83.0,81.0,71.0,58.0,8,summer,74.14,16.63,17.897,73.0
1,2024-08-22 23:00:00+00:00,14.547,14.447,15.947,15.847,15.197,15.447,18.7455,83.0,84.0,77.0,86.0,83.0,74.0,60.0,8,summer,78.14,15.74,17.546999,75.0
1,2024-08-23 00:00:00+00:00,16.447,15.697,13.896999,14.547,14.947,15.447,16.4955,75.0,81.0,87.0,83.0,84.0,78.0,63.0,8,summer,78.71,15.35,16.747,79.0
1,2024-08-23 01:00:00+00:00,16.497,15.947,13.597,13.847,14.047,14.747,15.5455,72.0,77.0,86.0,85.0,86.0,81.0,68.0,8,summer,79.29,14.89,15.896999,80.0
1,2024-08-23 02:00:00+00:00,16.447,15.646999,13.297,13.297,13.097,13.997,14.7955,72.0,79.0,88.0,87.0,88.0,85.0,72.0,8,summer,81.57,14.37,15.047,83.0
1,2024-08-23 03:00:00+00:00,15.947,15.047,12.896999,13.497,12.947,13.997,14.8955,76.0,83.0,90.0,86.0,88.0,86.0,73.0,8,summer,83.14,14.18,14.497,82.0
1,2024-08-23 04:00:00+00:00,15.297,14.497,12.697,14.896999,13.997,15.297,16.2955,80.0,86.0,90.0,82.0,84.0,81.0,68.0,8,summer,81.57,14.71,14.297,81.0
1,2024-08-23 05:00:00+00:00,16.796999,16.397,15.297,16.997,15.747,17.347,18.5455,79.0,81.0,83.0,75.0,77.0,73.0,60.0,8,summer,75.43,16.73,16.247,79.0
1,2024-08-23 06:00:00+00:00,19.447,19.347,18.597,18.947,17.747,19.347,20.8955,64.0,63.0,68.0,67.0,70.0,65.0,52.0,8,summer,64.14,19.19,19.097,66.0
1,2024-08-23 07:00:00+00:00,21.197,21.796999,20.697,21.197,19.997,21.197,23.3955,58.0,56.0,59.0,58.0,62.0,58.0,44.0,8,summer,56.43,21.35,21.597,57.0
1,2024-08-23 08:00:00+00:00,23.497,24.347,22.497,23.546999,22.497,22.997,25.8955,52.0,49.0,55.0,49.0,54.0,50.0,37.0,8,summer,49.43,23.61,23.897,49.0
1,2024-08-23 09:00:00+00:00,25.197,25.897,23.997,25.147,24.447,24.347,27.4955,43.0,40.0,50.0,42.0,47.0,45.0,32.0,8,summer,42.71,25.22,25.397,41.0
1,2024-08-23 10:00:00+00:00,26.497,25.497,25.247,25.546999,25.697,24.997,27.5455,37.0,39.0,43.0,39.0,42.0,42.0,31.0,8,summer,39.0,25.86,25.947,37.0
1,2024-08-23 11:00:00+00:00,26.747,26.296999,25.247,25.197,26.447,25.197,26.6455,35.0,37.0,43.0,39.0,39.0,41.0,33.0,8,summer,38.14,25.97,26.397,36.0
1,2024-08-23 12:00:00+00:00,26.847,26.296999,26.247,23.897,27.347,24.747,23.595499,36.0,38.0,39.0,43.0,34.0,41.0,45.0,8,summer,39.43,25.57,25.697,36.0
1,2024-08-23 13:00:00+00:00,26.397,26.546999,26.296999,22.847,26.997,24.347,22.5455,34.0,37.0,39.0,50.0,34.0,42.0,50.0,8,summer,40.86,25.14,25.247,38.0
1,2024-08-23 14:00:00+00:00,25.897,26.647,26.447,21.497,26.247,23.897,21.6955,36.0,36.0,37.0,60.0,36.0,44.0,56.0,8,summer,43.57,24.62,25.296999,38.0
1,2024-08-23 15:00:00+00:00,25.046999,25.847,25.647,20.247,25.197,23.147,21.095499,39.0,37.0,38.0,68.0,39.0,47.0,60.0,8,summer,46.86,23.75,24.897,39.0
1,2024-08-23 16:00:00+00:00,22.397,23.947,23.247,19.247,23.597,21.997,20.7955,50.0,46.0,48.0,72.0,47.0,52.0,61.0,8,summer,53.71,22.18,22.046999,52.0
1,2024-08-23 17:00:00+00:00,21.247,21.897,21.546999,18.397,21.647,20.597,20.6955,54.0,54.0,57.0,75.0,56.0,58.0,61.0,8,summer,59.29,20.86,20.747,57.0
1,2024-08-23 18:00:00+00:00,20.647,20.247,19.997,18.897,20.147,19.347,18.9955,57.0,57.0,61.0,70.0,64.0,63.0,57.0,8,summer,61.29,19.75,20.147,60.0
1,2024-08-23 19:00:00+00:00,20.197,19.397,19.397,18.296999,19.597,18.497,18.6455,59.0,61.0,63.0,72.0,67.0,67.0,60.0,8,summer,64.14,19.15,19.697,62.0
1,2024-08-23 20:00:00+00:00,19.497,18.997,19.147,17.947,19.497,17.796999,18.8955,62.0,63.0,64.0,73.0,67.0,70.0,62.0,8,summer,65.86,18.83,19.247,65.0
1,2024-08-23 21:00:00+00:00,18.897,18.647,18.697,17.597,19.197,17.197,19.095499,65.0,65.0,66.0,73.0,68.0,73.0,63.0,8,summer,67.57,18.48,18.747,67.0
1,2024-08-23 22:00:00+00:00,18.397,18.247,17.947,17.197,18.347,16.697,18.9455,66.0,66.0,69.0,73.0,72.0,76.0,65.0,8,summer,69.57,17.97,18.247,70.0
1,2024-08-23 23:00:00+00:00,18.147,17.447,16.997,16.847,17.247,16.247,18.6455,66.0,70.0,72.0,74.0,77.0,79.0,66.0,8,summer,72.0,17.37,17.597,72.0
1,2024-08-24 00:00:00+00:00,16.397,16.796999,16.697,17.397,16.796999,16.796999,17.4955,75.0,72.0,71.0,69.0,76.0,75.0,64.0,8,summer,71.71,16.91,16.847,74.0
1,2024-08-24 01:00:00+00:00,15.947,16.247,15.896999,16.747,16.347,15.896999,16.845499,77.0,74.0,74.0,71.0,77.0,79.0,65.0,8,summer,73.86,16.28,16.097,78.0
1,2024-08-24 02:00:00+00:00,15.597,15.847,15.396999,16.097,15.896999,15.047,16.4455,78.0,76.0,76.0,74.0,79.0,82.0,65.0,8,summer,75.71,15.76,15.547,81.0
1,2024-08-24 03:00:00+00:00,15.197,15.396999,15.297,16.047,15.997,14.947,16.6955,79.0,77.0,77.0,74.0,78.0,82.0,64.0,8,summer,75.86,15.65,15.247,83.0
1,2024-08-24 04:00:00+00:00,15.146999,15.396999,15.347,16.947,16.796999,16.147,18.0455,79.0,78.0,77.0,71.0,74.0,77.0,60.0,8,summer,73.71,16.26,15.047,83.0
1,2024-08-24 05:00:00+00:00,16.997,17.097,17.197,18.447,18.097,18.097,20.0455,74.0,74.0,72.0,66.0,68.0,69.0,54.0,8,summer,68.14,18.0,16.897,78.0
1,2024-08-24 06:00:00+00:00,19.847,19.847,19.747,19.397,19.697,20.147,22.7955,62.0,63.0,62.0,64.0,62.0,61.0,44.0,8,summer,59.71,20.21,19.397,63.0
1,2024-08-24 07:00:00+00:00,22.197,22.247,22.147,21.697,21.897,22.247,25.0455,55.0,55.0,55.0,57.0,55.0,54.0,39.0,8,summer,52.86,22.5,21.796999,56.0
1,2024-08-24 08:00:00+00:00,24.447,24.546999,24.546999,24.197,24.447,24.397,27.3955,48.0,49.0,48.0,49.0,48.0,46.0,34.0,8,summer,46.0,24.85,24.147,49.0
1,2024-08-24 09:00:00+00:00,25.747,25.546999,26.546999,26.046999,26.347,25.997,28.595499,42.0,44.0,43.0,43.0,42.0,41.0,32.0,8,summer,41.0,26.4,24.947,44.0
1,2024-08-24 10:00:00+00:00,25.947,26.647,27.097,26.897,27.247,26.947,27.7455,40.0,40.0,38.0,40.0,39.0,37.0,34.0,8,summer,38.29,26.93,25.796999,40.0
1,2024-08-24 11:00:00+00:00,25.997,26.147,27.296999,27.046999,27.497,27.397,25.6955,39.0,41.0,37.0,39.0,37.0,35.0,38.0,8,summer,38.0,26.73,26.546999,38.0
1,2024-08-24 12:00:00+00:00,27.046999,26.947,27.697,26.497,25.247,27.097,25.8955,36.0,37.0,36.0,41.0,42.0,36.0,37.0,8,summer,37.86,26.63,26.296999,39.0
1,2024-08-24 13:00:00+00:00,27.147,26.597,27.197,25.447,24.697,25.897,25.345499,36.0,37.0,36.0,46.0,44.0,42.0,38.0,8,summer,39.86,26.05,26.497,38.0
1,2024-08-24 14:00:00+00:00,26.796999,26.197,26.647,23.847,23.847,24.097,23.9455,35.0,37.0,37.0,52.0,48.0,52.0,42.0,8,summer,43.29,25.05,26.197,37.0
1,2024-08-24 15:00:00+00:00,26.147,24.546999,26.147,22.447,22.796999,22.546999,22.595499,37.0,42.0,38.0,58.0,52.0,60.0,46.0,8,summer,47.57,23.89,25.697,37.0
1,2024-08-24 16:00:00+00:00,24.597,22.697,23.796999,21.497,21.447,21.447,21.6455,42.0,49.0,49.0,61.0,57.0,65.0,50.0,8,summer,53.29,22.45,24.097,44.0
1,2024-08-24 17:00:00+00:00,21.247,21.197,21.847,20.796999,19.947,20.546999,20.7955,60.0,56.0,58.0,64.0,62.0,69.0,53.0,8,summer,60.29,20.91,22.147,52.0
1,2024-08-24 18:00:00+00:00,21.147,20.997,19.897,19.947,18.697,19.847,18.095499,55.0,55.0,73.0,65.0,66.0,72.0,78.0,8,summer,66.29,19.8,21.197,57.0
1,2024-08-24 19:00:00+00:00,20.546999,20.397,19.247,19.197,17.947,19.347,17.7455,58.0,58.0,74.0,70.0,67.0,75.0,79.0,8,summer,68.71,19.2,20.447,59.0
1,2024-08-24 20:00:00+00:00,19.947,20.197,19.147,18.796999,17.447,19.046999,17.4455,60.0,59.0,70.0,74.0,66.0,78.0,80.0,8,summer,69.57,18.86,19.796999,61.0
1,2024-08-24 21:00:00+00:00,19.647,19.597,18.747,18.497,16.947,18.697,17.1955,61.0,62.0,71.0,76.0,67.0,81.0,80.0,8,summer,71.14,18.48,19.546999,62.0
1,2024-08-24 22:00:00+00:00,19.147,19.097,18.147,18.197,16.347,18.247,17.0455,63.0,64.0,73.0,76.0,70.0,83.0,79.0,8,summer,72.57,18.03,18.747,65.0
1,2024-08-24 23:00:00+00:00,18.597,18.397,17.697,17.997,15.747,17.796999,16.9955,66.0,67.0,76.0,74.0,75.0,85.0,78.0,8,summer,74.43,17.6,17.647,70.0
1,2024-08-25 00:00:00+00:00,17.897,18.597,17.947,15.947,15.697,17.046999,18.3955,70.0,66.0,68.0,77.0,81.0,84.0,65.0,8,summer,73.0,17.36,16.546999,75.0
1,2024-08-25 01:00:00+00:00,17.697,17.947,17.296999,15.097,15.447,16.546999,17.4455,72.0,67.0,69.0,79.0,81.0,85.0,67.0,8,summer,74.29,16.78,15.847,79.0
1,2024-08-25 02:00:00+00:00,17.546999,17.347,16.397,14.347,15.247,16.047,16.2455,72.0,69.0,71.0,80.0,81.0,85.0,70.0,8,summer,75.43,16.17,15.146999,82.0
1,2024-08-25 03:00:00+00:00,17.097,16.597,15.797,14.347,15.547,16.097,15.8955,72.0,71.0,73.0,79.0,79.0,84.0,70.0,8,summer,75.43,15.91,14.697,84.0
1,2024-08-25 04:00:00+00:00,16.647,16.247,15.597,15.497,16.447,16.947,16.9455,74.0,74.0,73.0,75.0,75.0,80.0,64.0,8,summer,73.57,16.33,14.447,85.0
1,2024-08-25 05:00:00+00:00,17.796999,17.697,17.197,17.447,17.796999,18.347,18.8955,72.0,71.0,71.0,68.0,69.0,74.0,55.0,8,summer,68.57,17.88,16.796999,76.0
1,2024-08-25 06:00:00+00:00,19.947,19.546999,20.247,19.747,19.447,19.796999,21.1955,61.0,64.0,59.0,62.0,63.0,68.0,52.0,8,summer,61.29,19.99,19.347,61.0
1,2024-08-25 07:00:00+00:00,21.897,21.647,22.247,22.097,21.597,21.296999,23.845499,55.0,56.0,53.0,55.0,56.0,62.0,43.0,8,summer,54.29,22.09,21.747,54.0
1,2024-08-25 08:00:00+00:00,23.997,23.697,24.397,24.647,24.046999,22.847,26.7455,49.0,50.0,46.0,48.0,49.0,56.0,34.0,8,summer,47.43,24.34,24.046999,47.0
1,2024-08-25 09:00:00+00:00,25.497,25.347,25.046999,26.497,25.897,24.147,28.6955,45.0,45.0,43.0,42.0,43.0,51.0,28.0,8,summer,42.43,25.88,25.097,44.0
1,2024-08-25 10:00:00+00:00,25.597,26.347,25.347,27.147,26.747,25.296999,29.095499,43.0,41.0,42.0,39.0,41.0,47.0,26.0,8,summer,39.86,26.51,25.597,42.0
1,2024-08-25 11:00:00+00:00,26.847,26.296999,25.947,27.046999,26.947,26.197,28.5455,40.0,40.0,40.0,38.0,40.0,44.0,26.0,8,summer,38.29,26.83,25.847,42.0
1,2024-08-25 12:00:00+00:00,27.296999,26.147,26.397,26.747,26.897,26.796999,25.3955,38.0,41.0,38.0,37.0,37.0,42.0,34.0,8,summer,38.14,26.53,27.147,38.0
1,2024-08-25 13:00:00+00:00,26.997,25.796999,26.597,26.597,26.497,25.796999,24.345499,38.0,41.0,37.0,37.0,38.0,46.0,36.0,8,summer,39.0,26.09,26.647,39.0
1,2024-08-25 14:00:00+00:00,26.397,24.947,26.247,26.197,25.796999,24.247,23.3955,40.0,43.0,38.0,38.0,40.0,52.0,38.0,8,summer,41.29,25.32,26.247,39.0
1,2024-08-25 15:00:00+00:00,24.947,23.497,25.647,25.447,24.847,22.747,22.6955,43.0,47.0,39.0,40.0,43.0,58.0,40.0,8,summer,44.29,24.26,25.296999,41.0
1,2024-08-25 16:00:00+00:00,23.147,22.397,23.447,24.147,23.546999,21.347,22.4955,49.0,49.0,47.0,46.0,49.0,66.0,40.0,8,summer,49.43,22.93,23.046999,48.0
1,2024-08-25 17:00:00+00:00,21.697,21.147,21.796999,22.447,21.997,19.947,22.595499,51.0,54.0,51.0,53.0,57.0,75.0,40.0,8,summer,54.43,21.66,21.447,51.0
1,2024-08-25 18:00:00+00:00,20.447,19.247,20.546999,20.847,20.697,18.897,22.3955,57.0,67.0,54.0,56.0,63.0,81.0,38.0,8,summer,59.43,20.44,20.546999,55.0
1,2024-08-25 19:00:00+00:00,19.947,18.597,19.697,19.697,19.847,18.397,21.7455,60.0,68.0,57.0,60.0,67.0,81.0,41.0,8,summer,62.0,19.7,19.947,57.0
1,2024-08-25 20:00:00+00:00,19.597,18.497,18.897,18.697,19.197,18.247,20.9955,63.0,68.0,62.0,63.0,70.0,78.0,44.0,8,summer,64.0,19.16,19.447,61.0
1,2024-08-25 21:00:00+00:00,19.097,18.097,18.147,17.847,18.546999,18.046999,20.1955,65.0,70.0,68.0,66.0,73.0,76.0,48.0,8,summer,66.57,18.57,19.097,64.0
1,2024-08-25 22:00:00+00:00,18.046999,17.447,17.647,17.247,17.697,17.697,19.2455,69.0,74.0,68.0,67.0,76.0,76.0,52.0,8,summer,68.86,17.86,18.747,63.0
1,2024-08-25 23:00:00+00:00,17.546999,16.647,17.046999,16.796999,16.796999,17.296999,18.1955,71.0,77.0,67.0,68.0,78.0,77.0,55.0,8,summer,70.43,17.19,18.097,65.0
1,2024-08-26 00:00:00+00:00,17.447,16.047,16.647,16.546999,18.046999,17.546999,15.7955,69.0,79.0,70.0,73.0,70.0,71.0,64.0,8,summer,70.86,16.87,17.546999,67.0
1,2024-08-26 01:00:00+00:00,16.597,15.646999,15.896999,15.697,17.546999,17.197,14.945499,72.0,80.0,74.0,75.0,72.0,73.0,68.0,8,summer,73.43,16.22,16.847,70.0
1,2024-08-26 02:00:00+00:00,15.947,15.247,15.197,14.947,17.046999,16.897,14.445499,75.0,80.0,77.0,76.0,73.0,74.0,71.0,8,summer,75.14,15.68,16.296999,72.0
1,2024-08-26 03:00:00+00:00,15.396999,15.047,14.747,14.896999,16.997,16.947,14.695499,77.0,80.0,79.0,75.0,73.0,75.0,71.0,8,summer,75.71,15.53,15.947,73.0
1,2024-08-26 04:00:00+00:00,15.247,15.247,14.597,16.047,17.647,17.397,16.0455,78.0,78.0,80.0,71.0,70.0,74.0,66.0,8,summer,73.86,16.03,15.797,73.0
1,2024-08-26 05:00:00+00:00,16.997,17.197,16.847,17.897,18.796999,18.197,18.2455,72.0,71.0,72.0,66.0,65.0,71.0,58.0,8,summer,67.86,17.74,17.247,70.0
1,2024-08-26 06:00:00+00:00,19.347,19.647,19.647,19.847,20.247,19.247,20.4955,61.0,60.0,62.0,61.0,59.0,68.0,51.0,8,summer,60.29,19.78,19.247,60.0
1,2024-08-26 07:00:00+00:00,21.147,22.147,22.347,22.397,22.347,20.697,23.2955,55.0,52.0,54.0,54.0,53.0,63.0,43.0,8,summer,53.43,22.05,21.647,54.0
1,2024-08-26 08:00:00+00:00,23.347,24.697,24.897,25.247,24.796999,22.397,26.2955,49.0,46.0,47.0,46.0,45.0,57.0,34.0,8,summer,46.29,24.53,23.997,48.0
1,2024-08-26 09:00:00+00:00,25.447,25.947,26.497,27.296999,26.546999,23.747,28.4955,43.0,42.0,41.0,40.0,40.0,52.0,28.0,8,summer,40.86,26.28,25.147,44.0
1,2024-08-26 10:00:00+00:00,26.097,26.296999,27.147,28.097,27.147,24.647,29.5455,41.0,41.0,38.0,37.0,37.0,49.0,25.0,8,summer,38.29,27.0,25.747,42.0
1,2024-08-26 11:00:00+00:00,26.197,27.697,27.347,28.046999,27.046999,25.197,29.7955,41.0,37.0,37.0,36.0,35.0,46.0,24.0,8,summer,36.57,27.33,26.097,41.0
1,2024-08-26 12:00:00+00:00,25.397,27.097,27.747,28.197,27.897,27.546999,27.7955,41.0,38.0,37.0,36.0,36.0,38.0,28.0,8,summer,36.29,27.38,26.747,39.0
1,2024-08-26 13:00:00+00:00,25.447,26.546999,27.697,27.397,25.947,25.947,26.845499,41.0,40.0,37.0,38.0,46.0,46.0,31.0,8,summer,39.86,26.55,26.647,39.0
1,2024-08-26 14:00:00+00:00,24.997,25.747,27.147,26.046999,23.097,23.546999,25.6455,42.0,41.0,37.0,41.0,59.0,59.0,34.0,8,summer,44.71,25.18,25.397,42.0
1,2024-08-26 15:00:00+00:00,23.947,24.447,25.296999,24.497,20.747,21.497,24.4955,44.0,44.0,43.0,48.0,71.0,69.0,37.0,8,summer,50.86,23.56,23.097,54.0
1,2024-08-26 16:00:00+00:00,22.397,23.046999,23.546999,22.597,19.546999,20.347,23.4955,49.0,48.0,48.0,61.0,78.0,75.0,39.0,8,summer,56.86,22.14,21.147,66.0
1,2024-08-26 17:00:00+00:00,20.997,21.747,22.097,20.497,18.847,19.546999,22.5455,55.0,51.0,52.0,78.0,82.0,79.0,40.0,8,summer,62.43,20.9,20.247,71.0
1,2024-08-26 18:00:00+00:00,20.597,20.947,20.597,19.546999,18.347,18.947,20.095499,55.0,52.0,68.0,83.0,84.0,82.0,54.0,8,summer,68.29,19.87,19.497,84.0
1,2024-08-26 19:00:00+00:00,19.697,20.046999,19.947,18.796999,17.997,18.447,18.845499,58.0,56.0,68.0,85.0,84.0,84.0,59.0,8,summer,70.57,19.11,18.897,89.0
1,2024-08-26 20:00:00+00:00,18.796999,19.147,19.097,18.546999,17.796999,18.097,17.8955,63.0,60.0,67.0,82.0,82.0,86.0,64.0,8,summer,72.0,18.48,18.347,93.0
1,2024-08-26 21:00:00+00:00,18.597,18.296999,18.497,18.247,17.647,17.747,17.095499,65.0,63.0,66.0,79.0,80.0,86.0,69.0,8,summer,72.57,18.02,17.847,96.0
1,2024-08-26 22:00:00+00:00,18.447,17.546999,17.997,17.597,17.447,17.347,16.345499,65.0,65.0,65.0,79.0,80.0,85.0,73.0,8,summer,73.14,17.53,17.546999,97.0
1,2024-08-26 23:00:00+00:00,18.597,17.046999,17.546999,16.847,17.247,16.947,15.7955,64.0,65.0,65.0,79.0,81.0,83.0,77.0,8,summer,73.43,17.15,17.296999,97.0
1,2024-08-27 00:00:00+00:00,17.046999,17.197,16.546999,17.647,16.947,17.497,15.695499,72.0,65.0,72.0,74.0,88.0,76.0,77.0,8,summer,74.86,16.94,17.147,100.0
1,2024-08-27 01:00:00+00:00,16.597,17.097,16.097,17.247,16.447,17.447,15.2955,73.0,65.0,76.0,75.0,88.0,76.0,80.0,8,summer,76.14,16.6,16.897,99.0
1,2024-08-27 02:00:00+00:00,16.097,16.897,16.047,16.897,15.896999,17.397,15.0455,77.0,67.0,77.0,77.0,88.0,74.0,83.0,8,summer,77.57,16.33,16.497,94.0
1,2024-08-27 03:00:00+00:00,15.896999,16.647,16.097,16.897,15.847,17.597,15.4955,80.0,70.0,78.0,79.0,87.0,72.0,82.0,8,summer,78.29,16.35,15.947,85.0
1,2024-08-27 04:00:00+00:00,15.646999,16.397,15.896999,17.347,16.497,18.097,17.0455,83.0,74.0,79.0,79.0,84.0,69.0,75.0,8,summer,77.57,16.7,15.497,81.0
1,2024-08-27 05:00:00+00:00,17.447,17.697,17.647,18.147,17.597,18.796999,19.2455,78.0,72.0,76.0,77.0,79.0,65.0,64.0,8,summer,73.0,18.08,17.296999,79.0
1,2024-08-27 06:00:00+00:00,20.546999,20.546999,19.397,18.597,18.997,19.897,20.3955,64.0,63.0,70.0,75.0,74.0,61.0,58.0,8,summer,66.43,19.77,20.197,68.0
1,2024-08-27 07:00:00+00:00,22.997,23.097,21.546999,19.796999,20.847,21.647,21.6455,55.0,53.0,60.0,71.0,68.0,56.0,53.0,8,summer,59.43,21.65,22.697,59.0
1,2024-08-27 08:00:00+00:00,25.247,25.347,23.747,21.296999,22.947,23.796999,22.7455,48.0,47.0,53.0,64.0,61.0,50.0,48.0,8,summer,53.0,23.59,24.897,51.0
1,2024-08-27 09:00:00+00:00,26.697,26.847,25.296999,22.647,24.647,25.546999,23.8955,42.0,41.0,47.0,59.0,55.0,46.0,44.0,8,summer,47.71,25.08,26.296999,43.0
1,2024-08-27 10:00:00+00:00,27.647,27.897,25.747,23.997,25.796999,26.796999,25.4455,38.0,37.0,47.0,55.0,51.0,42.0,39.0,8,summer,44.14,26.19,27.147,40.0
1,2024-08-27 11:00:00+00:00,28.097,28.546999,26.647,25.197,26.546999,27.697,26.9955,36.0,34.0,43.0,51.0,47.0,40.0,35.0,8,summer,40.86,27.1,27.747,38.0
1,2024-08-27 12:00:00+00:00,27.647,28.597,27.447,26.847,27.046999,26.847,28.4955,37.0,33.0,39.0,41.0,45.0,45.0,30.0,8,summer,38.57,27.56,27.147,37.0
1,2024-08-27 13:00:00+00:00,27.197,27.847,26.947,25.847,26.197,25.497,27.2455,38.0,34.0,40.0,46.0,49.0,52.0,33.0,8,summer,41.71,26.68,25.847,44.0
1,2024-08-27 14:00:00+00:00,27.046999,26.847,25.247,24.197,24.747,23.397,25.4455,37.0,37.0,50.0,55.0,56.0,63.0,37.0,8,summer,47.86,25.28,23.847,55.0
1,2024-08-27 15:00:00+00:00,26.296999,26.147,24.947,22.647,23.296999,21.597,23.8955,38.0,38.0,48.0,63.0,64.0,72.0,42.0,8,summer,52.14,24.12,23.197,60.0
1,2024-08-27 16:00:00+00:00,24.347,23.997,23.597,21.546999,22.046999,20.546999,22.845499,45.0,44.0,51.0,70.0,73.0,77.0,46.0,8,summer,58.0,22.7,22.397,64.0
1,2024-08-27 17:00:00+00:00,22.347,21.697,22.296999,20.647,20.796999,19.796999,22.0455,52.0,52.0,53.0,77.0,83.0,79.0,51.0,8,summer,63.86,21.38,20.847,66.0
1,2024-08-27 18:00:00+00:00,21.296999,20.796999,21.497,18.997,19.647,19.097,21.4955,56.0,57.0,53.0,87.0,90.0,81.0,54.0,8,summer,68.29,20.4,19.097,69.0
1,2024-08-27 19:00:00+00:00,20.197,19.796999,20.147,18.347,18.597,18.296999,20.4455,59.0,60.0,59.0,87.0,92.0,82.0,60.0,8,summer,71.29,19.4,18.046999,73.0
1,2024-08-27 20:00:00+00:00,18.947,18.947,18.796999,17.647,17.597,17.497,19.4955,66.0,64.0,63.0,86.0,90.0,81.0,66.0,8,summer,73.71,18.42,17.546999,73.0
1,2024-08-27 21:00:00+00:00,18.147,18.046999,18.147,16.997,16.747,16.796999,18.595499,72.0,72.0,66.0,85.0,89.0,81.0,71.0,8,summer,76.57,17.64,17.197,76.0
1,2024-08-27 22:00:00+00:00,17.647,17.546999,17.697,16.397,15.997,16.296999,17.595499,75.0,75.0,71.0,84.0,89.0,81.0,75.0,8,summer,78.57,17.03,16.947,79.0
1,2024-08-27 23:00:00+00:00,16.897,17.197,17.247,15.797,15.396999,15.896999,16.595499,80.0,78.0,76.0,82.0,89.0,82.0,79.0,8,summer,80.86,16.43,16.697,80.0
1,2024-08-28 00:00:00+00:00,16.047,16.997,16.697,15.646999,15.697,16.147,15.9955,84.0,80.0,79.0,82.0,82.0,84.0,80.0,8,summer,81.57,16.18,16.047,84.0
1,2024-08-28 01:00:00+00:00,15.597,16.597,16.447,15.047,15.047,15.747,15.3455,87.0,82.0,81.0,86.0,84.0,85.0,84.0,8,summer,84.14,15.69,15.646999,86.0
1,2024-08-28 02:00:00+00:00,15.297,15.947,15.997,14.597,14.396999,15.497,14.9955,89.0,84.0,84.0,88.0,87.0,86.0,86.0,8,summer,86.29,15.25,15.197,88.0
1,2024-08-28 03:00:00+00:00,15.047,15.497,15.547,14.896999,14.447,15.646999,15.3955,90.0,86.0,86.0,88.0,88.0,85.0,85.0,8,summer,86.86,15.21,14.896999,90.0
1,2024-08-28 04:00:00+00:00,14.997,15.197,15.197,16.347,15.646999,16.347,16.8955,89.0,88.0,87.0,83.0,85.0,83.0,78.0,8,summer,84.71,15.8,14.847,90.0
1,2024-08-28 05:00:00+00:00,17.397,17.546999,17.647,18.597,17.546999,17.497,19.1955,80.0,79.0,78.0,74.0,79.0,79.0,67.0,8,summer,76.57,17.92,17.097,83.0
1,2024-08-28 06:00:00+00:00,20.847,21.247,21.097,20.497,19.697,18.997,22.2955,65.0,61.0,63.0,65.0,72.0,74.0,54.0,8,summer,64.86,20.67,20.697,67.0
1,2024-08-28 07:00:00+00:00,23.296999,23.546999,23.747,22.947,22.197,21.097,24.8955,55.0,52.0,52.0,56.0,64.0,66.0,45.0,8,summer,55.71,23.1,23.247,55.0
1,2024-08-28 08:00:00+00:00,25.247,25.647,25.747,25.647,24.947,23.497,27.595499,49.0,46.0,46.0,47.0,54.0,57.0,36.0,8,summer,47.86,25.48,25.447,48.0
1,2024-08-28 09:00:00+00:00,26.997,27.347,27.247,27.697,27.097,25.397,29.4955,43.0,41.0,40.0,40.0,46.0,49.0,29.0,8,summer,41.14,27.33,27.197,41.0
1,2024-08-28 10:00:00+00:00,27.997,27.897,28.247,28.747,28.247,26.447,30.2455,37.0,36.0,35.0,35.0,40.0,45.0,25.0,8,summer,36.14,28.26,28.197,36.0
1,2024-08-28 11:00:00+00:00,28.546999,28.347,28.497,29.147,28.796999,26.997,30.2455,34.0,34.0,33.0,33.0,36.0,43.0,24.0,8,summer,33.86,28.65,28.497,33.0
1,2024-08-28 12:00:00+00:00,28.497,28.546999,28.447,28.947,29.796999,28.247,30.6955,33.0,33.0,32.0,30.0,29.0,35.0,22.0,8,summer,30.57,29.03,29.046999,30.0
1,2024-08-28 13:00:00+00:00,28.247,28.497,28.397,28.697,29.796999,27.897,29.845499,33.0,32.0,32.0,30.0,27.0,35.0,23.0,8,summer,30.29,28.77,29.046999,29.0
1,2024-08-28 14:00:00+00:00,27.397,27.647,27.997,28.147,29.397,27.097,28.3955,35.0,34.0,32.0,31.0,27.0,37.0,26.0,8,summer,31.71,28.01,27.296999,35.0
1,2024-08-28 15:00:00+00:00,26.046999,25.997,26.847,27.046999,28.347,25.897,26.7955,38.0,40.0,35.0,34.0,29.0,41.0,31.0,8,summer,35.43,26.71,26.097,38.0
1,2024-08-28 16:00:00+00:00,23.747,23.497,24.097,25.046999,26.247,24.046999,25.0455,45.0,49.0,44.0,40.0,36.0,47.0,38.0,8,summer,42.71,24.53,23.897,42.0
1,2024-08-28 17:00:00+00:00,21.347,21.296999,21.697,22.597,23.497,21.796999,23.095499,54.0,58.0,53.0,49.0,46.0,54.0,47.0,8,summer,51.57,22.19,21.697,51.0
1,2024-08-28 18:00:00+00:00,20.046999,19.997,20.097,20.697,21.296999,19.997,20.1955,59.0,60.0,59.0,57.0,54.0,60.0,54.0,8,summer,57.57,20.33,20.647,56.0
1,2024-08-28 19:00:00+00:00,19.147,19.147,19.247,19.647,20.247,18.997,19.595499,63.0,64.0,63.0,63.0,58.0,63.0,56.0,8,summer,61.43,19.43,19.847,58.0
1,2024-08-28 20:00:00+00:00,18.447,18.597,18.847,19.097,19.697,18.397,19.2955,67.0,68.0,67.0,69.0,60.0,64.0,59.0,8,summer,64.86,18.91,19.247,62.0
1,2024-08-28 21:00:00+00:00,18.147,17.897,18.397,18.597,19.097,17.847,18.7955,71.0,73.0,69.0,73.0,63.0,66.0,62.0,8,summer,68.14,18.4,18.747,65.0
1,2024-08-28 22:00:00+00:00,17.847,17.546999,17.747,18.046999,18.097,17.296999,17.7455,74.0,76.0,73.0,76.0,68.0,70.0,68.0,8,summer,72.14,17.76,18.347,69.0
1,2024-08-28 23:00:00+00:00,17.347,17.046999,17.147,17.597,16.997,16.847,16.4955,76.0,79.0,76.0,78.0,73.0,75.0,75.0,8,summer,76.0,17.07,17.747,72.0
1,2024-08-29 00:00:00+00:00,16.747,16.647,16.546999,16.947,16.546999,16.397,16.4955,79.0,79.0,78.0,78.0,82.0,79.0,76.0,8,summer,78.71,16.62,17.247,74.0
1,2024-08-29 01:00:00+00:00,16.247,16.047,16.047,16.247,15.747,15.697,15.7455,82.0,83.0,81.0,81.0,86.0,83.0,81.0,8,summer,82.43,15.97,16.847,77.0
1,2024-08-29 02:00:00+00:00,15.797,15.497,15.447,15.497,14.997,15.097,14.9955,85.0,86.0,84.0,85.0,89.0,87.0,86.0,8,summer,86.0,15.33,16.197,82.0
1,2024-08-29 03:00:00+00:00,15.447,14.997,14.896999,15.547,15.097,15.197,15.0955,86.0,89.0,87.0,85.0,89.0,87.0,86.0,8,summer,87.0,15.18,15.697,85.0
1,2024-08-29 04:00:00+00:00,15.197,14.797,14.597,16.847,16.497,16.397,16.5455,87.0,90.0,89.0,80.0,83.0,82.0,79.0,8,summer,84.29,15.84,15.497,86.0
1,2024-08-29 05:00:00+00:00,17.447,17.097,17.046999,18.897,18.697,18.296999,18.8955,79.0,82.0,80.0,71.0,73.0,74.0,68.0,8,summer,75.29,18.05,17.747,78.0
1,2024-08-29 06:00:00+00:00,21.197,20.647,21.046999,20.897,21.046999,20.447,21.7955,62.0,66.0,64.0,64.0,63.0,66.0,58.0,8,summer,63.29,21.01,20.796999,65.0
1,2024-08-29 07:00:00+00:00,23.897,23.347,23.897,23.546999,23.597,22.997,25.1955,53.0,55.0,52.0,56.0,54.0,57.0,47.0,8,summer,53.43,23.78,23.597,55.0
1,2024-08-29 08:00:00+00:00,26.296999,25.796999,26.097,26.347,26.347,25.747,28.9455,46.0,48.0,45.0,48.0,45.0,48.0,35.0,8,summer,45.0,26.51,26.296999,47.0
1,2024-08-29 09:00:00+00:00,28.046999,27.796999,27.947,28.497,28.447,27.897,30.9955,39.0,43.0,40.0,41.0,37.0,40.0,28.0,8,summer,38.29,28.52,28.447,38.0
1,2024-08-29 10:00:00+00:00,29.197,28.847,29.197,29.597,29.597,28.997,29.9955,35.0,36.0,35.0,35.0,32.0,34.0,29.0,8,summer,33.71,29.35,28.947,32.0
1,2024-08-29 11:00:00+00:00,29.597,29.347,29.847,30.046999,30.046999,29.497,27.345499,33.0,31.0,31.0,30.0,28.0,30.0,34.0,8,summer,31.0,29.39,29.647,29.0
1,2024-08-29 12:00:00+00:00,29.097,28.897,29.597,29.897,29.546999,30.947,25.4955,30.0,30.0,29.0,29.0,28.0,23.0,39.0,8,summer,29.71,29.07,30.197,27.0
1,2024-08-29 13:00:00+00:00,28.697,28.947,29.347,29.347,29.097,30.447,24.4955,31.0,30.0,29.0,29.0,29.0,22.0,41.0,8,summer,30.14,28.63,30.296999,25.0
1,2024-08-29 14:00:00+00:00,27.947,28.296999,28.796999,28.296999,28.147,29.397,23.9955,33.0,31.0,29.0,32.0,31.0,22.0,43.0,8,summer,31.57,27.84,29.847,24.0
1,2024-08-29 15:00:00+00:00,26.347,26.847,26.997,26.897,26.847,27.947,23.3955,38.0,36.0,35.0,36.0,35.0,25.0,46.0,8,summer,35.86,26.47,26.897,35.0
1,2024-08-29 16:00:00+00:00,23.796999,24.347,24.647,24.847,24.897,25.796999,22.3955,44.0,44.0,42.0,43.0,41.0,33.0,53.0,8,summer,42.86,24.39,24.997,38.0
1,2024-08-29 17:00:00+00:00,21.546999,21.997,22.296999,22.447,22.546999,23.247,21.2955,51.0,52.0,51.0,51.0,48.0,43.0,62.0,8,summer,51.14,22.2,22.747,45.0
1,2024-08-29 18:00:00+00:00,20.546999,20.296999,20.597,20.247,20.647,21.197,23.2955,55.0,58.0,56.0,57.0,54.0,51.0,41.0,8,summer,53.14,20.98,21.197,53.0
1,2024-08-29 19:00:00+00:00,19.847,19.397,19.597,19.296999,19.597,20.247,21.6955,56.0,60.0,60.0,59.0,56.0,54.0,46.0,8,summer,55.86,19.95,20.247,59.0
1,2024-08-29 20:00:00+00:00,19.197,18.796999,18.997,18.897,18.997,19.796999,20.095499,61.0,63.0,61.0,60.0,57.0,55.0,50.0,8,summer,58.14,19.25,19.497,61.0
1,2024-08-29 21:00:00+00:00,18.497,18.197,18.347,18.447,18.397,19.347,18.7955,65.0,67.0,65.0,62.0,58.0,56.0,55.0,8,summer,61.14,18.58,18.397,64.0
1,2024-08-29 22:00:00+00:00,17.947,17.597,17.697,17.796999,17.697,18.647,18.095499,69.0,71.0,69.0,67.0,62.0,59.0,59.0,8,summer,65.14,17.93,17.546999,68.0
1,2024-08-29 23:00:00+00:00,17.247,17.097,17.247,17.147,16.997,17.947,17.6955,72.0,74.0,73.0,72.0,67.0,62.0,63.0,8,summer,69.0,17.34,16.847,73.0
1,2024-08-30 00:00:00+00:00,16.747,16.546999,16.847,16.597,16.647,16.247,17.095499,75.0,78.0,75.0,78.0,74.0,70.0,64.0,8,summer,73.43,16.68,15.947,76.0
1,2024-08-30 01:00:00+00:00,16.397,15.847,15.947,15.646999,15.646999,15.297,16.1955,77.0,83.0,79.0,82.0,79.0,75.0,67.0,8,summer,77.43,15.85,15.297,80.0
1,2024-08-30 02:00:00+00:00,15.896999,15.247,15.247,14.646999,14.697,14.396999,15.3955,80.0,86.0,83.0,86.0,85.0,81.0,70.0,8,summer,81.57,15.08,14.646999,84.0
1,2024-08-30 03:00:00+00:00,15.197,14.747,14.697,14.547,14.597,14.396999,15.445499,83.0,88.0,86.0,86.0,86.0,82.0,70.0,8,summer,83.0,14.8,14.247,88.0
1,2024-08-30 04:00:00+00:00,14.747,14.396999,14.347,15.797,15.947,15.797,16.7455,86.0,89.0,88.0,80.0,81.0,77.0,65.0,8,summer,80.86,15.4,13.947,90.0
1,2024-08-30 05:00:00+00:00,17.046999,16.847,16.796999,17.897,18.197,18.097,18.9455,77.0,79.0,79.0,71.0,72.0,67.0,57.0,8,summer,71.71,17.69,16.447,81.0
1,2024-08-30 06:00:00+00:00,20.647,20.296999,20.397,20.497,20.697,20.597,21.9955,62.0,65.0,65.0,63.0,62.0,58.0,50.0,8,summer,60.71,20.73,19.796999,66.0
1,2024-08-30 07:00:00+00:00,23.796999,23.397,23.347,23.197,23.497,23.347,25.0455,50.0,53.0,54.0,54.0,52.0,50.0,40.0,8,summer,50.43,23.66,22.847,54.0
1,2024-08-30 08:00:00+00:00,26.497,26.197,26.046999,26.147,26.597,26.296999,28.345499,42.0,44.0,46.0,44.0,42.0,42.0,29.0,8,summer,41.29,26.59,25.847,45.0
1,2024-08-30 09:00:00+00:00,28.397,28.247,28.347,28.447,28.897,28.546999,30.6955,36.0,37.0,39.0,36.0,34.0,35.0,21.0,8,summer,34.0,28.8,28.347,36.0
1,2024-08-30 10:00:00+00:00,29.647,29.347,29.597,29.747,30.097,29.697,31.4455,30.0,31.0,31.0,30.0,28.0,30.0,18.0,8,summer,28.29,29.94,29.597,30.0
1,2024-08-30 11:00:00+00:00,30.046999,29.847,30.296999,30.347,30.597,30.097,31.1955,26.0,28.0,28.0,26.0,25.0,26.0,18.0,8,summer,25.29,30.35,29.997,25.0
1,2024-08-30 12:00:00+00:00,30.147,29.397,30.397,30.796999,30.497,30.397,27.095499,23.0,26.0,25.0,23.0,23.0,23.0,29.0,8,summer,24.57,29.82,29.497,26.0
1,2024-08-30 13:00:00+00:00,29.046999,28.796999,28.847,30.097,29.796999,29.947,27.2455,25.0,27.0,28.0,23.0,23.0,24.0,28.0,8,summer,25.43,29.11,29.097,26.0
1,2024-08-30 14:00:00+00:00,28.347,28.046999,26.997,28.697,28.497,28.947,27.845499,27.0,30.0,35.0,26.0,24.0,26.0,26.0,8,summer,27.71,28.2,28.747,25.0
1,2024-08-30 15:00:00+00:00,26.747,26.147,26.296999,27.097,26.897,27.697,27.7955,28.0,34.0,39.0,30.0,28.0,30.0,25.0,8,summer,30.57,26.95,25.347,42.0
1,2024-08-30 16:00:00+00:00,23.796999,23.197,24.197,25.097,24.847,25.997,26.4955,38.0,42.0,43.0,37.0,35.0,35.0,28.0,8,summer,36.86,24.8,24.097,40.0
1,2024-08-30 17:00:00+00:00,21.397,20.997,22.197,22.847,22.497,23.997,24.595499,50.0,53.0,48.0,46.0,44.0,42.0,32.0,8,summer,45.0,22.65,22.296999,44.0
1,2024-08-30 18:00:00+00:00,20.697,19.947,20.647,21.497,20.697,22.397,21.3955,54.0,51.0,54.0,50.0,51.0,46.0,40.0,8,summer,49.43,21.04,20.997,50.0
1,2024-08-30 19:00:00+00:00,20.197,19.197,20.097,20.597,19.897,21.546999,19.8955,53.0,52.0,55.0,52.0,53.0,47.0,42.0,8,summer,50.57,20.2,19.897,56.0
1,2024-08-30 20:00:00+00:00,19.247,18.747,19.597,19.997,19.647,21.097,18.595499,53.0,54.0,55.0,52.0,52.0,45.0,44.0,8,summer,50.71,19.56,19.147,56.0
1,2024-08-30 21:00:00+00:00,18.197,18.147,19.046999,19.347,19.247,20.447,17.595499,55.0,57.0,57.0,54.0,53.0,46.0,47.0,8,summer,52.71,18.86,18.247,58.0
1,2024-08-30 22:00:00+00:00,17.247,17.497,18.497,18.397,18.397,19.197,16.9455,60.0,62.0,58.0,58.0,57.0,51.0,53.0,8,summer,57.0,18.03,17.397,61.0
1,2024-08-30 23:00:00+00:00,16.597,16.796999,17.597,17.447,17.447,17.796999,16.595499,65.0,67.0,62.0,62.0,62.0,58.0,61.0,8,summer,62.43,17.18,16.497,63.0
1,2024-08-31 00:00:00+00:00,15.747,16.447,16.397,16.697,16.497,16.147,16.3955,71.0,72.0,68.0,68.0,73.0,68.0,65.0,8,summer,69.29,16.33,15.447,66.0
1,2024-08-31 01:00:00+00:00,15.097,15.997,15.847,15.997,15.597,15.097,15.695499,75.0,76.0,72.0,73.0,78.0,74.0,72.0,8,summer,74.29,15.62,14.747,70.0
1,2024-08-31 02:00:00+00:00,14.497,15.497,15.396999,15.447,14.747,14.197,15.2455,79.0,78.0,76.0,77.0,82.0,80.0,79.0,8,summer,78.71,15.0,14.047,74.0
1,2024-08-31 03:00:00+00:00,13.947,14.997,14.997,15.597,14.747,14.197,15.4955,81.0,80.0,80.0,78.0,82.0,82.0,80.0,8,summer,80.43,14.85,13.447,78.0
1,2024-08-31 04:00:00+00:00,13.646999,14.697,14.497,16.697,16.197,15.697,16.845499,83.0,82.0,83.0,74.0,76.0,76.0,73.0,8,summer,78.14,15.47,13.197,82.0
1,2024-08-31 05:00:00+00:00,16.097,17.097,16.847,18.447,18.546999,18.147,18.8955,74.0,73.0,76.0,67.0,65.0,67.0,62.0,8,summer,69.14,17.73,15.947,75.0
1,2024-08-31 06:00:00+00:00,19.597,20.397,20.597,20.497,20.997,20.747,20.6955,62.0,59.0,59.0,59.0,55.0,56.0,53.0,8,summer,57.57,20.5,19.796999,58.0
1,2024-08-31 07:00:00+00:00,22.796999,23.097,23.397,23.046999,23.497,23.497,23.4955,51.0,49.0,49.0,51.0,46.0,45.0,44.0,8,summer,47.86,23.26,22.847,48.0
1,2024-08-31 08:00:00+00:00,25.546999,25.597,25.747,25.847,26.046999,26.447,26.6455,43.0,42.0,42.0,43.0,37.0,34.0,35.0,8,summer,39.43,25.98,25.597,40.0
1,2024-08-31 09:00:00+00:00,27.796999,27.796999,27.546999,27.847,27.947,28.647,28.8955,37.0,36.0,37.0,37.0,30.0,25.0,28.0,8,summer,32.86,28.07,27.647,35.0
1,2024-08-31 10:00:00+00:00,28.796999,29.397,28.997,28.546999,28.897,29.897,29.6955,31.0,32.0,33.0,33.0,26.0,21.0,25.0,8,summer,28.71,29.18,28.497,30.0
1,2024-08-31 11:00:00+00:00,29.247,29.597,29.597,28.397,29.247,30.447,29.5455,28.0,27.0,28.0,32.0,25.0,20.0,25.0,8,summer,26.43,29.44,28.796999,28.0
1,2024-08-31 12:00:00+00:00,29.397,29.597,29.597,29.546999,28.947,30.497,28.1955,26.0,24.0,26.0,25.0,26.0,20.0,27.0,8,summer,24.86,29.4,28.647,26.0
1,2024-08-31 13:00:00+00:00,28.997,29.147,29.397,28.697,28.247,29.397,27.4455,25.0,25.0,25.0,26.0,27.0,23.0,27.0,8,summer,25.43,28.76,28.647,26.0
1,2024-08-31 14:00:00+00:00,27.947,27.997,27.796999,27.197,27.046999,27.597,26.3955,28.0,27.0,28.0,29.0,29.0,27.0,28.0,8,summer,28.0,27.43,28.147,26.0
1,2024-08-31 15:00:00+00:00,25.897,25.997,25.796999,25.697,25.647,25.747,25.1955,34.0,32.0,33.0,32.0,32.0,32.0,30.0,8,summer,32.14,25.71,25.497,35.0
1,2024-08-31 16:00:00+00:00,24.147,24.046999,23.497,24.347,23.947,23.997,23.7455,37.0,38.0,40.0,36.0,37.0,37.0,33.0,8,summer,36.86,23.96,23.497,40.0
1,2024-08-31 17:00:00+00:00,22.447,22.296999,21.897,23.046999,22.046999,22.247,22.095499,43.0,45.0,45.0,40.0,42.0,42.0,38.0,8,summer,42.14,22.3,21.947,44.0
1,2024-08-31 18:00:00+00:00,21.697,21.447,20.197,21.046999,20.546999,20.796999,21.2955,47.0,48.0,48.0,48.0,47.0,46.0,41.0,8,summer,46.43,21.0,20.197,50.0
1,2024-08-31 19:00:00+00:00,20.997,20.796999,19.296999,20.046999,19.796999,19.947,20.1955,49.0,51.0,50.0,52.0,50.0,48.0,46.0,8,summer,49.43,20.15,19.497,52.0
1,2024-08-31 20:00:00+00:00,20.447,20.247,18.647,19.296999,19.447,19.447,19.2455,51.0,54.0,55.0,55.0,53.0,49.0,52.0,8,summer,52.71,19.54,18.947,55.0
1,2024-08-31 21:00:00+00:00,19.497,19.747,17.997,18.546999,18.897,18.847,18.2955,55.0,56.0,58.0,58.0,56.0,51.0,58.0,8,summer,56.0,18.83,18.546999,58.0
1,2024-08-31 22:00:00+00:00,18.397,17.747,17.147,17.597,17.796999,18.046999,17.2955,60.0,63.0,62.0,62.0,61.0,55.0,63.0,8,summer,60.86,17.72,18.046999,62.0
1,2024-08-31 23:00:00+00:00,17.247,16.447,16.247,16.597,16.597,17.147,16.2955,65.0,70.0,66.0,66.0,66.0,60.0,67.0,8,summer,65.71,16.65,17.197,66.0
1,2024-09-01 00:00:00+00:00,15.697,16.546999,15.146999,16.747,16.197,16.147,16.1955,71.0,70.0,70.0,67.0,68.0,66.0,66.0,9,summer,68.29,16.1,15.747,71.0
1,2024-09-01 01:00:00+00:00,14.597,15.896999,14.697,16.296999,15.847,15.597,15.3955,75.0,73.0,73.0,70.0,71.0,70.0,71.0,9,summer,71.86,15.48,14.797,76.0
1,2024-09-01 02:00:00+00:00,14.197,15.497,14.247,16.047,15.797,15.297,14.4955,77.0,77.0,78.0,72.0,73.0,73.0,76.0,9,summer,75.14,15.08,14.097,81.0
1,2024-09-01 03:00:00+00:00,13.997,15.146999,13.797,16.296999,16.247,15.646999,14.4955,78.0,80.0,83.0,72.0,72.0,73.0,77.0,9,summer,76.43,15.09,13.797,84.0
1,2024-09-01 04:00:00+00:00,13.997,15.197,13.396999,17.247,17.247,16.947,15.8455,80.0,81.0,87.0,69.0,68.0,68.0,72.0,9,summer,75.0,15.7,13.896999,83.0
1,2024-09-01 05:00:00+00:00,16.546999,17.046999,15.997,18.647,18.647,18.847,17.9955,72.0,74.0,78.0,64.0,62.0,60.0,62.0,9,summer,67.43,17.68,16.897,70.0
1,2024-09-01 06:00:00+00:00,20.296999,19.796999,20.347,19.947,20.347,20.947,20.1955,54.0,58.0,59.0,60.0,55.0,52.0,51.0,9,summer,55.57,20.27,19.796999,56.0
1,2024-09-01 07:00:00+00:00,23.097,22.147,23.197,22.197,22.497,23.247,23.345499,43.0,47.0,47.0,52.0,48.0,45.0,42.0,9,summer,46.29,22.82,22.647,48.0
1,2024-09-01 08:00:00+00:00,25.546999,24.697,25.747,24.796999,24.947,25.647,26.7955,36.0,39.0,39.0,42.0,41.0,38.0,32.0,9,summer,38.14,25.45,25.247,40.0
1,2024-09-01 09:00:00+00:00,27.247,26.697,27.546999,26.747,26.847,27.546999,29.095499,32.0,33.0,34.0,35.0,35.0,33.0,26.0,9,summer,32.57,27.39,26.796999,34.0
1,2024-09-01 10:00:00+00:00,28.597,28.197,28.247,27.697,27.947,28.697,29.4955,29.0,30.0,30.0,31.0,32.0,30.0,24.0,9,summer,29.43,28.41,26.796999,31.0
1,2024-09-01 11:00:00+00:00,28.546999,27.597,28.147,27.997,28.497,29.347,28.7455,27.0,29.0,29.0,29.0,30.0,28.0,25.0,9,summer,28.14,28.41,26.647,31.0
1,2024-09-01 12:00:00+00:00,28.147,26.647,27.697,27.847,28.796999,27.897,27.3955,29.0,31.0,29.0,27.0,27.0,28.0,27.0,9,summer,28.29,27.78,26.347,33.0
1,2024-09-01 13:00:00+00:00,27.747,26.497,27.647,27.347,28.296999,27.546999,26.595499,28.0,31.0,29.0,28.0,27.0,28.0,29.0,9,summer,28.57,27.38,25.947,33.0
1,2024-09-01 14:00:00+00:00,26.546999,25.497,27.197,26.497,27.296999,26.947,25.5455,31.0,32.0,30.0,30.0,28.0,29.0,31.0,9,summer,30.14,26.5,25.546999,34.0
1,2024-09-01 15:00:00+00:00,25.447,24.697,26.097,25.296999,25.897,25.947,24.3955,32.0,33.0,33.0,33.0,31.0,32.0,34.0,9,summer,32.57,25.4,24.697,36.0
1,2024-09-01 16:00:00+00:00,23.447,23.097,23.947,23.546999,23.997,24.347,22.9455,38.0,38.0,39.0,38.0,36.0,37.0,37.0,9,summer,37.57,23.62,22.697,41.0
1,2024-09-01 17:00:00+00:00,21.747,21.397,22.046999,21.447,21.697,22.347,21.3955,43.0,43.0,44.0,44.0,43.0,43.0,40.0,9,summer,42.86,21.73,21.296999,45.0
1,2024-09-01 18:00:00+00:00,20.796999,20.997,20.497,20.197,19.796999,20.796999,22.2955,45.0,44.0,48.0,48.0,49.0,48.0,39.0,9,summer,45.86,20.77,20.647,47.0
1,2024-09-01 19:00:00+00:00,19.947,20.097,19.347,19.546999,18.647,20.046999,21.1455,47.0,47.0,52.0,50.0,54.0,50.0,43.0,9,summer,49.0,19.83,19.796999,48.0
1,2024-09-01 20:00:00+00:00,19.947,19.197,18.597,19.347,17.847,19.697,19.6455,47.0,50.0,57.0,51.0,57.0,51.0,48.0,9,summer,51.57,19.18,19.497,49.0
1,2024-09-01 21:00:00+00:00,19.597,18.397,18.247,18.997,17.147,19.247,18.3955,51.0,55.0,60.0,53.0,61.0,53.0,53.0,9,summer,55.14,18.58,19.147,51.0
1,2024-09-01 22:00:00+00:00,19.046999,17.447,18.147,18.247,16.347,18.447,17.5455,55.0,60.0,61.0,56.0,64.0,55.0,58.0,9,summer,58.43,17.89,18.447,56.0
1,2024-09-01 23:00:00+00:00,18.397,16.747,17.947,17.296999,15.597,17.546999,16.845499,57.0,63.0,63.0,59.0,68.0,58.0,63.0,9,summer,61.57,17.2,17.947,60.0
1,2024-09-02 00:00:00+00:00,16.747,17.546999,18.296999,17.296999,16.397,17.097,15.9955,61.0,61.0,59.0,61.0,67.0,67.0,71.0,9,summer,63.86,17.05,17.397,62.0
1,2024-09-02 01:00:00+00:00,15.646999,16.947,17.497,16.497,15.697,16.647,15.0455,65.0,63.0,61.0,65.0,72.0,71.0,76.0,9,summer,67.57,16.28,16.097,67.0
1,2024-09-02 02:00:00+00:00,14.847,16.597,16.597,15.697,15.247,16.296999,14.195499,70.0,66.0,65.0,69.0,76.0,76.0,81.0,9,summer,71.86,15.64,14.997,71.0
1,2024-09-02 03:00:00+00:00,14.547,16.296999,16.447,15.597,15.447,16.447,14.2955,73.0,68.0,68.0,70.0,77.0,77.0,81.0,9,summer,73.43,15.58,14.547,73.0
1,2024-09-02 04:00:00+00:00,15.197,16.147,16.647,16.597,16.597,17.397,15.8455,73.0,70.0,69.0,67.0,73.0,74.0,74.0,9,summer,71.43,16.35,14.747,73.0
1,2024-09-02 05:00:00+00:00,17.296999,18.097,17.847,18.347,18.347,18.847,18.345499,67.0,64.0,66.0,62.0,66.0,67.0,64.0,9,summer,65.14,18.16,17.197,66.0
1,2024-09-02 06:00:00+00:00,20.097,20.247,20.097,20.197,20.397,20.546999,20.7955,56.0,54.0,58.0,59.0,58.0,60.0,53.0,9,summer,56.86,20.34,19.546999,57.0
1,2024-09-02 07:00:00+00:00,22.197,22.747,22.447,22.447,22.847,22.697,24.2455,49.0,47.0,50.0,52.0,50.0,52.0,43.0,9,summer,49.0,22.8,22.247,50.0
1,2024-09-02 08:00:00+00:00,24.197,25.397,24.947,25.097,25.546999,25.046999,28.0455,43.0,39.0,43.0,44.0,42.0,44.0,33.0,9,summer,41.14,25.47,24.947,43.0
1,2024-09-02 09:00:00+00:00,26.397,27.546999,27.296999,27.097,27.546999,26.847,30.2955,37.0,34.0,37.0,38.0,36.0,38.0,27.0,9,summer,35.29,27.58,26.796999,36.0
1,2024-09-02 10:00:00+00:00,27.897,28.997,28.697,27.897,28.347,27.647,29.845499,32.0,30.0,31.0,34.0,33.0,35.0,26.0,9,summer,31.57,28.48,27.296999,32.0
1,2024-09-02 11:00:00+00:00,28.046999,28.747,28.997,28.046999,28.497,27.897,27.7955,30.0,28.0,28.0,31.0,31.0,33.0,29.0,9,summer,30.0,28.29,27.546999,30.0
1,2024-09-02 12:00:00+00:00,27.046999,27.697,29.247,28.296999,27.897,28.796999,27.7955,33.0,30.0,27.0,30.0,30.0,29.0,30.0,9,summer,29.86,28.11,26.947,32.0
1,2024-09-02 13:00:00+00:00,27.197,27.447,29.296999,27.997,27.796999,28.597,26.345499,33.0,30.0,27.0,30.0,30.0,29.0,33.0,9,summer,30.29,27.81,26.747,32.0
1,2024-09-02 14:00:00+00:00,26.847,26.697,28.747,27.447,27.447,28.046999,24.4955,34.0,32.0,28.0,31.0,30.0,30.0,37.0,9,summer,31.71,27.1,26.347,33.0
1,2024-09-02 15:00:00+00:00,25.546999,26.147,27.747,26.546999,26.697,27.097,22.9955,38.0,34.0,29.0,33.0,32.0,32.0,41.0,9,summer,34.14,26.11,25.647,36.0
1,2024-09-02 16:00:00+00:00,23.647,24.997,25.347,25.197,25.147,25.546999,22.1455,47.0,39.0,36.0,38.0,37.0,37.0,44.0,9,summer,39.71,24.58,23.647,43.0
1,2024-09-02 17:00:00+00:00,22.347,23.296999,23.697,23.546999,23.197,23.597,21.6955,50.0,43.0,43.0,44.0,43.0,43.0,48.0,9,summer,44.86,23.05,21.247,58.0
1,2024-09-02 18:00:00+00:00,20.747,21.147,22.296999,21.747,21.546999,21.997,21.595499,57.0,49.0,48.0,49.0,49.0,48.0,46.0,9,summer,49.43,21.58,21.647,51.0
1,2024-09-02 19:00:00+00:00,19.847,20.546999,21.497,20.796999,20.597,21.046999,21.0455,59.0,51.0,51.0,52.0,53.0,52.0,49.0,9,summer,52.43,20.77,20.697,53.0
1,2024-09-02 20:00:00+00:00,18.997,20.197,20.747,20.197,19.947,20.447,20.4955,61.0,52.0,55.0,55.0,56.0,56.0,53.0,9,summer,55.43,20.15,20.046999,56.0
1,2024-09-02 21:00:00+00:00,18.247,19.397,20.097,19.546999,19.247,19.897,19.6955,66.0,58.0,59.0,58.0,59.0,59.0,57.0,9,summer,59.43,19.45,19.647,58.0
1,2024-09-02 22:00:00+00:00,17.197,18.447,19.247,18.597,18.397,19.197,18.4955,71.0,63.0,62.0,62.0,63.0,63.0,62.0,9,summer,63.71,18.51,19.097,62.0
1,2024-09-02 23:00:00+00:00,16.347,17.247,18.296999,17.647,17.497,18.597,17.095499,74.0,67.0,64.0,66.0,66.0,66.0,68.0,9,summer,67.29,17.53,18.447,66.0
1,2024-09-03 00:00:00+00:00,16.847,15.797,17.347,18.147,16.947,17.397,18.6955,68.0,72.0,70.0,64.0,72.0,70.0,61.0,9,summer,68.14,17.31,17.347,72.0
1,2024-09-03 01:00:00+00:00,15.947,15.047,16.347,16.847,16.247,16.647,17.3955,73.0,77.0,77.0,72.0,77.0,74.0,67.0,9,summer,73.86,16.35,16.697,74.0
1,2024-09-03 02:00:00+00:00,15.447,14.547,15.646999,15.497,15.646999,16.047,15.8955,76.0,81.0,82.0,80.0,81.0,78.0,74.0,9,summer,78.86,15.53,15.997,76.0
1,2024-09-03 03:00:00+00:00,14.797,14.297,15.146999,15.097,15.797,16.147,15.4955,80.0,84.0,85.0,84.0,82.0,79.0,77.0,9,summer,81.57,15.25,15.097,80.0
1,2024-09-03 04:00:00+00:00,14.396999,14.347,14.896999,16.447,17.147,17.296999,16.9455,83.0,84.0,87.0,79.0,76.0,75.0,71.0,9,summer,79.29,15.93,14.697,82.0
1,2024-09-03 05:00:00+00:00,17.197,17.447,17.447,18.747,19.247,19.097,19.5455,73.0,71.0,78.0,69.0,67.0,67.0,61.0,9,summer,69.43,18.39,17.347,74.0
1,2024-09-03 06:00:00+00:00,20.447,21.046999,20.997,20.897,21.296999,20.997,21.8955,61.0,57.0,59.0,61.0,58.0,60.0,51.0,9,summer,58.14,21.08,20.447,62.0
1,2024-09-03 07:00:00+00:00,23.296999,23.847,23.046999,22.647,23.247,22.947,25.1955,51.0,49.0,51.0,54.0,50.0,53.0,42.0,9,summer,50.0,23.46,23.296999,53.0
1,2024-09-03 08:00:00+00:00,25.997,26.046999,25.046999,24.197,25.147,24.997,28.6955,44.0,42.0,45.0,47.0,43.0,46.0,33.0,9,summer,42.86,25.73,25.747,44.0
1,2024-09-03 09:00:00+00:00,27.697,27.247,25.647,25.347,26.546999,26.497,30.7955,37.0,37.0,41.0,42.0,38.0,41.0,28.0,9,summer,37.71,27.11,26.796999,38.0
1,2024-09-03 10:00:00+00:00,28.447,28.347,26.197,25.947,27.147,27.296999,30.595499,33.0,33.0,39.0,40.0,36.0,38.0,27.0,9,summer,35.14,27.71,26.897,37.0
1,2024-09-03 11:00:00+00:00,29.247,28.796999,27.447,26.147,27.247,27.597,28.9955,31.0,31.0,37.0,39.0,36.0,36.0,29.0,9,summer,34.14,27.93,27.546999,36.0
1,2024-09-03 12:00:00+00:00,28.947,29.397,27.947,26.897,26.046999,26.947,27.6955,32.0,30.0,33.0,39.0,42.0,37.0,31.0,9,summer,34.86,27.7,27.497,36.0
1,2024-09-03 13:00:00+00:00,28.647,28.897,27.847,26.847,26.097,26.897,25.9955,33.0,30.0,33.0,39.0,41.0,37.0,37.0,9,summer,35.71,27.32,27.747,36.0
1,2024-09-03 14:00:00+00:00,28.197,28.447,27.447,26.397,25.847,26.597,23.8955,34.0,31.0,34.0,39.0,40.0,37.0,44.0,9,summer,37.0,26.69,27.397,37.0
1,2024-09-03 15:00:00+00:00,26.947,27.097,26.397,25.647,25.296999,25.947,22.095499,37.0,34.0,37.0,40.0,41.0,39.0,51.0,9,summer,39.86,25.63,25.597,43.0
1,2024-09-03 16:00:00+00:00,23.847,24.447,23.747,24.347,24.097,24.647,21.095499,49.0,44.0,51.0,43.0,46.0,42.0,56.0,9,summer,47.29,23.75,23.296999,52.0
1,2024-09-03 17:00:00+00:00,22.697,22.947,21.697,22.697,22.597,22.997,20.4455,50.0,48.0,61.0,47.0,54.0,47.0,60.0,9,summer,52.43,22.3,21.997,55.0
1,2024-09-03 18:00:00+00:00,19.847,20.247,21.447,19.897,21.296999,21.497,18.7955,80.0,73.0,51.0,79.0,60.0,51.0,73.0,9,summer,66.71,20.43,20.397,69.0
1,2024-09-03 19:00:00+00:00,19.296999,19.397,20.796999,19.247,20.497,20.447,18.3955,84.0,81.0,54.0,79.0,62.0,55.0,74.0,9,summer,69.86,19.73,19.397,75.0
1,2024-09-03 20:00:00+00:00,18.897,19.296999,20.247,19.046999,19.997,19.647,18.1455,82.0,79.0,56.0,74.0,62.0,58.0,74.0,9,summer,69.29,19.33,18.747,78.0
1,2024-09-03 21:00:00+00:00,18.347,19.347,19.647,18.796999,19.546999,18.847,17.8955,76.0,70.0,61.0,70.0,63.0,62.0,74.0,9,summer,68.0,18.92,18.546999,76.0
1,2024-09-03 22:00:00+00:00,17.897,18.796999,19.447,18.197,19.197,17.947,17.4955,75.0,70.0,62.0,71.0,65.0,68.0,75.0,9,summer,69.43,18.43,18.397,76.0
1,2024-09-03 23:00:00+00:00,17.497,18.247,19.097,17.497,18.897,17.046999,17.0455,78.0,71.0,62.0,73.0,67.0,75.0,76.0,9,summer,71.71,17.9,18.296999,76.0
1,2024-09-04 00:00:00+00:00,18.046999,17.796999,17.647,17.796999,18.247,18.747,18.2955,68.0,74.0,69.0,75.0,68.0,64.0,66.0,9,summer,69.14,18.08,17.697,77.0
1,2024-09-04 01:00:00+00:00,17.546999,17.597,17.296999,17.147,17.796999,18.296999,17.6955,70.0,74.0,71.0,75.0,70.0,66.0,68.0,9,summer,70.57,17.63,17.447,76.0
1,2024-09-04 02:00:00+00:00,17.296999,17.497,17.296999,16.497,17.347,17.847,16.9955,71.0,73.0,70.0,77.0,71.0,68.0,71.0,9,summer,71.57,17.25,17.197,75.0
1,2024-09-04 03:00:00+00:00,17.147,17.197,17.296999,16.296999,17.296999,17.747,16.8955,71.0,73.0,70.0,77.0,71.0,68.0,71.0,9,summer,71.57,17.13,16.947,74.0
1,2024-09-04 04:00:00+00:00,17.347,17.046999,17.296999,16.947,17.697,18.147,17.7455,71.0,74.0,70.0,75.0,69.0,67.0,67.0,9,summer,70.43,17.46,16.796999,75.0
1,2024-09-04 05:00:00+00:00,18.597,17.747,18.397,18.097,18.447,18.947,19.2955,68.0,72.0,67.0,71.0,65.0,64.0,60.0,9,summer,66.71,18.5,18.046999,72.0
1,2024-09-04 06:00:00+00:00,20.447,19.447,18.847,20.796999,19.647,19.997,21.3955,61.0,65.0,68.0,57.0,61.0,61.0,52.0,9,summer,60.71,20.08,20.197,63.0
1,2024-09-04 07:00:00+00:00,22.097,21.497,20.147,22.097,21.597,21.497,24.845499,55.0,56.0,61.0,53.0,55.0,56.0,43.0,9,summer,54.14,21.97,21.747,57.0
1,2024-09-04 08:00:00+00:00,23.296999,23.597,22.197,23.296999,23.947,23.296999,28.6455,52.0,49.0,53.0,49.0,48.0,50.0,34.0,9,summer,47.86,24.04,23.197,52.0
1,2024-09-04 09:00:00+00:00,24.546999,24.897,23.347,24.397,25.796999,24.747,30.8955,48.0,45.0,50.0,45.0,42.0,45.0,28.0,9,summer,43.29,25.52,24.697,47.0
1,2024-09-04 10:00:00+00:00,25.897,25.247,23.296999,25.497,26.747,25.747,30.4955,43.0,43.0,52.0,42.0,39.0,42.0,28.0,9,summer,41.29,26.13,26.197,43.0
1,2024-09-04 11:00:00+00:00,26.796999,25.997,23.197,26.447,27.147,26.397,28.5455,41.0,41.0,54.0,39.0,37.0,40.0,30.0,9,summer,40.29,26.36,26.847,41.0
1,2024-09-04 12:00:00+00:00,27.046999,26.247,20.947,27.147,25.997,26.796999,23.9955,38.0,41.0,58.0,37.0,39.0,39.0,45.0,9,summer,42.43,25.45,26.796999,39.0
1,2024-09-04 13:00:00+00:00,26.997,26.347,21.647,26.997,25.747,26.597,22.595499,37.0,39.0,57.0,37.0,38.0,39.0,50.0,9,summer,42.43,25.28,26.647,39.0
1,2024-09-04 14:00:00+00:00,26.647,25.647,22.296999,26.497,24.997,26.147,21.6455,37.0,40.0,56.0,37.0,39.0,39.0,54.0,9,summer,43.14,24.84,26.647,38.0
1,2024-09-04 15:00:00+00:00,25.247,24.447,22.097,25.597,24.046999,25.347,20.8955,41.0,42.0,56.0,40.0,41.0,41.0,58.0,9,summer,45.57,23.95,25.497,40.0
1,2024-09-04 16:00:00+00:00,23.546999,22.296999,20.897,24.097,22.847,23.997,20.1955,47.0,51.0,62.0,46.0,46.0,46.0,62.0,9,summer,51.43,22.55,23.447,48.0
1,2024-09-04 17:00:00+00:00,21.997,21.097,19.747,22.197,21.497,22.347,19.6955,51.0,54.0,65.0,53.0,52.0,52.0,65.0,9,summer,56.0,21.23,21.947,51.0
1,2024-09-04 18:00:00+00:00,20.747,21.197,20.397,20.796999,20.397,20.897,19.2955,59.0,54.0,54.0,56.0,57.0,57.0,71.0,9,summer,58.29,20.53,20.947,55.0
1,2024-09-04 19:00:00+00:00,19.997,20.397,19.697,19.997,19.796999,19.897,19.1455,63.0,60.0,57.0,59.0,59.0,60.0,69.0,9,summer,61.0,19.85,20.147,60.0
1,2024-09-04 20:00:00+00:00,19.397,19.997,19.197,19.397,19.497,19.097,18.845499,65.0,64.0,60.0,61.0,59.0,63.0,67.0,9,summer,62.71,19.35,19.597,63.0
1,2024-09-04 21:00:00+00:00,18.847,19.497,18.796999,18.847,19.247,18.497,18.4955,67.0,64.0,63.0,63.0,59.0,65.0,66.0,9,summer,63.86,18.89,18.997,67.0
1,2024-09-04 22:00:00+00:00,18.397,18.947,18.497,18.197,18.947,18.097,17.9955,67.0,64.0,63.0,65.0,59.0,67.0,67.0,9,summer,64.57,18.44,18.447,70.0
1,2024-09-04 23:00:00+00:00,17.697,18.546999,17.796999,17.597,18.647,17.796999,17.4455,68.0,63.0,64.0,67.0,58.0,70.0,69.0,9,summer,65.57,17.93,18.197,70.0
1,2024-09-05 00:00:00+00:00,16.796999,17.546999,16.897,18.097,16.647,16.796999,17.3955,71.0,67.0,67.0,68.0,73.0,76.0,68.0,9,summer,70.0,17.17,17.597,72.0
1,2024-09-05 01:00:00+00:00,16.497,17.197,16.347,17.747,16.197,16.247,17.0455,71.0,68.0,68.0,69.0,75.0,77.0,69.0,9,summer,71.0,16.75,17.197,72.0
1,2024-09-05 02:00:00+00:00,16.296999,16.997,15.847,17.347,15.797,15.797,16.7455,72.0,69.0,70.0,70.0,77.0,78.0,69.0,9,summer,72.14,16.4,16.847,72.0
1,2024-09-05 03:00:00+00:00,16.147,16.647,15.646999,17.397,15.896999,15.947,16.8955,72.0,71.0,71.0,69.0,78.0,77.0,68.0,9,summer,72.29,16.37,16.447,73.0
1,2024-09-05 04:00:00+00:00,15.896999,16.546999,15.847,18.046999,16.697,16.847,17.595499,73.0,71.0,72.0,67.0,76.0,73.0,65.0,9,summer,71.0,16.78,16.247,74.0
1,2024-09-05 05:00:00+00:00,17.546999,18.097,17.947,19.097,17.947,18.247,18.6955,69.0,67.0,66.0,63.0,72.0,66.0,61.0,9,summer,66.29,18.23,17.747,70.0
1,2024-09-05 06:00:00+00:00,20.296999,20.097,19.847,20.097,19.347,19.947,20.595499,60.0,59.0,58.0,58.0,67.0,60.0,58.0,9,summer,60.0,20.03,20.097,61.0
1,2024-09-05 07:00:00+00:00,22.397,21.697,21.847,21.997,20.997,22.097,22.9955,54.0,54.0,52.0,52.0,61.0,53.0,50.0,9,summer,53.71,22.0,22.447,54.0
1,2024-09-05 08:00:00+00:00,24.347,23.197,24.046999,24.147,22.796999,24.546999,25.8955,48.0,49.0,45.0,45.0,53.0,47.0,41.0,9,summer,46.86,24.14,24.796999,46.0
1,2024-09-05 09:00:00+00:00,25.796999,24.997,24.847,25.647,24.247,26.546999,27.6955,43.0,44.0,42.0,40.0,47.0,41.0,35.0,9,summer,41.71,25.68,25.847,41.0
1,2024-09-05 10:00:00+00:00,26.397,26.247,25.197,26.097,25.197,27.847,27.2955,40.0,40.0,41.0,38.0,43.0,37.0,36.0,9,summer,39.29,26.33,26.697,38.0
1,2024-09-05 11:00:00+00:00,27.097,26.197,25.247,25.897,25.796999,28.647,25.7455,39.0,39.0,41.0,38.0,41.0,34.0,40.0,9,summer,38.86,26.38,27.247,36.0
1,2024-09-05 12:00:00+00:00,26.197,26.197,25.897,24.847,26.347,24.796999,27.595499,41.0,39.0,38.0,43.0,39.0,41.0,38.0,9,summer,39.86,25.98,27.147,37.0
1,2024-09-05 13:00:00+00:00,26.546999,25.796999,25.796999,24.497,26.247,24.847,25.9455,39.0,40.0,38.0,43.0,39.0,41.0,44.0,9,summer,40.57,25.67,27.046999,37.0
1,2024-09-05 14:00:00+00:00,26.147,25.747,25.947,23.947,25.747,24.546999,23.2455,39.0,39.0,38.0,45.0,40.0,41.0,53.0,9,summer,42.14,25.05,26.347,38.0
1,2024-09-05 15:00:00+00:00,25.097,25.046999,25.347,23.147,24.947,23.897,20.9955,41.0,40.0,39.0,47.0,42.0,43.0,61.0,9,summer,44.71,24.07,24.847,41.0
1,2024-09-05 16:00:00+00:00,23.347,23.046999,23.046999,22.097,23.647,22.647,19.7455,46.0,45.0,45.0,51.0,46.0,46.0,67.0,9,summer,49.43,22.51,23.046999,48.0
1,2024-09-05 17:00:00+00:00,21.447,20.847,20.847,20.847,22.046999,21.046999,18.9455,51.0,51.0,51.0,56.0,51.0,51.0,73.0,9,summer,54.86,20.86,21.647,52.0
1,2024-09-05 18:00:00+00:00,21.647,19.447,19.747,19.997,20.747,19.697,21.2955,55.0,56.0,57.0,55.0,55.0,55.0,55.0,9,summer,55.43,20.37,21.046999,57.0
1,2024-09-05 19:00:00+00:00,20.647,18.647,19.046999,19.447,19.947,18.897,20.4455,65.0,60.0,59.0,57.0,58.0,58.0,56.0,9,summer,59.0,19.58,20.497,60.0
1,2024-09-05 20:00:00+00:00,20.046999,18.197,18.997,19.347,19.447,18.347,19.6455,67.0,61.0,59.0,57.0,61.0,60.0,56.0,9,summer,60.14,19.15,20.046999,63.0
1,2024-09-05 21:00:00+00:00,19.197,17.397,18.497,19.046999,18.997,17.847,18.8955,65.0,65.0,62.0,59.0,63.0,63.0,56.0,9,summer,61.86,18.55,19.447,67.0
1,2024-09-05 22:00:00+00:00,18.097,16.597,17.647,18.247,18.546999,17.197,18.1955,65.0,70.0,67.0,64.0,64.0,68.0,58.0,9,summer,65.14,17.79,18.897,71.0
1,2024-09-05 23:00:00+00:00,17.296999,15.847,16.897,17.247,18.197,16.546999,17.4955,68.0,75.0,71.0,69.0,65.0,75.0,60.0,9,summer,69.0,17.08,18.497,70.0
1,2024-09-06 00:00:00+00:00,17.546999,15.597,16.947,16.347,16.747,15.997,15.695499,73.0,79.0,74.0,78.0,69.0,79.0,71.0,9,summer,74.71,16.41,17.546999,70.0
1,2024-09-06 01:00:00+00:00,17.447,15.197,16.847,16.097,16.447,15.797,15.0955,77.0,83.0,77.0,80.0,71.0,80.0,75.0,9,summer,77.57,16.13,17.197,71.0
1,2024-09-06 02:00:00+00:00,17.447,14.947,16.897,15.997,16.147,15.747,14.5455,77.0,85.0,77.0,80.0,73.0,80.0,78.0,9,summer,78.57,15.96,16.747,74.0
1,2024-09-06 03:00:00+00:00,17.347,15.097,16.997,16.447,16.447,16.197,14.7955,77.0,84.0,76.0,78.0,73.0,78.0,77.0,9,summer,77.57,16.19,16.347,79.0
1,2024-09-06 04:00:00+00:00,17.247,15.447,17.147,17.747,17.597,17.296999,16.2955,77.0,82.0,75.0,72.0,69.0,72.0,71.0,9,summer,74.0,16.97,16.147,81.0
1,2024-09-06 05:00:00+00:00,18.347,17.947,18.697,19.597,19.347,18.847,18.595499,74.0,73.0,70.0,64.0,62.0,65.0,61.0,9,summer,67.0,18.77,18.097,74.0
1,2024-09-06 06:00:00+00:00,20.546999,20.296999,21.097,21.447,21.046999,20.647,20.3955,62.0,61.0,58.0,55.0,56.0,57.0,57.0,9,summer,58.0,20.78,20.046999,65.0
1,2024-09-06 07:00:00+00:00,22.497,22.447,22.796999,23.247,22.697,22.947,23.595499,55.0,53.0,52.0,49.0,50.0,50.0,46.0,9,summer,50.71,22.89,22.097,56.0
1,2024-09-06 08:00:00+00:00,24.247,24.647,24.597,25.097,24.347,25.447,27.0455,48.0,47.0,46.0,43.0,44.0,43.0,36.0,9,summer,43.86,25.06,23.647,48.0
1,2024-09-06 09:00:00+00:00,25.197,26.046999,25.647,26.546999,25.697,27.397,29.1955,44.0,42.0,42.0,38.0,40.0,37.0,29.0,9,summer,38.86,26.53,23.997,46.0
1,2024-09-06 10:00:00+00:00,26.447,26.997,26.447,27.546999,26.647,28.347,29.095499,40.0,38.0,39.0,35.0,37.0,34.0,28.0,9,summer,35.86,27.36,24.097,45.0
1,2024-09-06 11:00:00+00:00,26.647,27.747,27.097,28.247,27.247,28.747,27.6955,39.0,37.0,35.0,32.0,36.0,32.0,30.0,9,summer,34.43,27.63,23.847,46.0
1,2024-09-06 12:00:00+00:00,27.097,27.347,28.046999,28.447,26.697,28.046999,27.4955,37.0,36.0,33.0,32.0,39.0,33.0,29.0,9,summer,34.14,27.6,25.497,41.0
1,2024-09-06 13:00:00+00:00,26.796999,26.997,27.347,28.147,26.546999,27.947,26.7955,36.0,36.0,33.0,32.0,39.0,32.0,30.0,9,summer,34.0,27.23,25.647,41.0
1,2024-09-06 14:00:00+00:00,26.296999,26.597,27.147,27.347,26.097,27.397,25.6955,37.0,36.0,32.0,33.0,39.0,33.0,32.0,9,summer,34.57,26.65,24.296999,45.0
1,2024-09-06 15:00:00+00:00,25.296999,25.497,26.147,26.296999,25.347,26.397,24.595499,39.0,39.0,34.0,35.0,41.0,35.0,34.0,9,summer,36.71,25.65,22.847,53.0
1,2024-09-06 16:00:00+00:00,23.247,23.097,23.796999,24.697,24.046999,24.647,23.7955,47.0,46.0,41.0,40.0,46.0,40.0,36.0,9,summer,42.29,23.9,21.997,55.0
1,2024-09-06 17:00:00+00:00,21.447,20.947,21.647,22.796999,22.397,22.397,23.0455,51.0,53.0,47.0,46.0,52.0,46.0,38.0,9,summer,47.57,22.1,20.796999,59.0
1,2024-09-06 18:00:00+00:00,18.997,19.947,20.647,22.296999,21.046999,20.546999,21.595499,62.0,58.0,56.0,51.0,57.0,52.0,44.0,9,summer,54.29,20.73,20.046999,62.0
1,2024-09-06 19:00:00+00:00,17.947,18.897,20.147,21.497,20.347,19.497,20.6955,67.0,61.0,58.0,53.0,59.0,57.0,48.0,9,summer,57.57,19.86,19.347,64.0
1,2024-09-06 20:00:00+00:00,17.247,18.497,19.747,20.897,19.997,18.796999,19.7455,70.0,61.0,58.0,55.0,59.0,62.0,52.0,9,summer,59.57,19.28,18.647,66.0
1,2024-09-06 21:00:00+00:00,16.847,18.147,19.347,20.247,19.597,18.197,18.8955,73.0,64.0,60.0,57.0,60.0,67.0,56.0,9,summer,62.43,18.75,17.897,67.0
1,2024-09-06 22:00:00+00:00,16.447,17.847,18.597,19.247,18.997,17.546999,18.2955,74.0,65.0,63.0,62.0,64.0,72.0,60.0,9,summer,65.71,18.14,17.247,68.0
1,2024-09-06 23:00:00+00:00,15.997,17.296999,17.897,18.147,18.296999,16.997,17.8955,76.0,69.0,66.0,68.0,69.0,76.0,65.0,9,summer,69.86,17.5,16.947,70.0
1,2024-09-07 00:00:00+00:00,15.997,16.947,16.997,17.046999,17.046999,17.397,17.8955,74.0,73.0,73.0,74.0,71.0,73.0,66.0,9,summer,72.0,17.05,16.697,72.0
1,2024-09-07 01:00:00+00:00,15.747,16.897,16.796999,16.847,16.747,16.847,17.095499,76.0,74.0,75.0,75.0,73.0,76.0,70.0,9,summer,74.14,16.71,16.047,75.0
1,2024-09-07 02:00:00+00:00,15.447,16.647,16.697,16.897,16.647,16.397,15.8955,78.0,75.0,77.0,75.0,74.0,79.0,75.0,9,summer,76.14,16.38,15.497,77.0
1,2024-09-07 03:00:00+00:00,15.097,16.747,16.897,17.296999,16.997,16.597,15.4955,80.0,75.0,76.0,74.0,73.0,78.0,77.0,9,summer,76.14,16.45,14.997,79.0
1,2024-09-07 04:00:00+00:00,15.097,16.897,17.097,18.097,17.947,17.697,16.4955,80.0,75.0,76.0,71.0,70.0,73.0,72.0,9,summer,73.86,17.05,14.797,81.0
1,2024-09-07 05:00:00+00:00,17.397,18.397,18.796999,19.197,19.296999,19.447,18.2455,74.0,70.0,70.0,66.0,65.0,66.0,63.0,9,summer,67.71,18.68,17.247,73.0
1,2024-09-07 06:00:00+00:00,20.546999,20.447,21.046999,21.247,20.897,21.197,21.4955,63.0,61.0,61.0,58.0,59.0,59.0,52.0,9,summer,59.0,20.98,20.397,60.0
1,2024-09-07 07:00:00+00:00,22.897,22.796999,22.897,23.247,22.796999,22.947,23.9455,55.0,53.0,54.0,51.0,53.0,53.0,44.0,9,summer,51.86,23.08,22.997,53.0
1,2024-09-07 08:00:00+00:00,24.997,24.997,24.397,25.447,24.847,24.697,26.6955,47.0,48.0,49.0,44.0,46.0,47.0,36.0,9,summer,45.29,25.15,25.447,46.0
1,2024-09-07 09:00:00+00:00,26.397,26.546999,24.897,27.147,26.546999,26.147,28.6955,41.0,43.0,47.0,38.0,40.0,42.0,30.0,9,summer,40.14,26.63,26.597,38.0
1,2024-09-07 10:00:00+00:00,27.197,28.046999,24.897,28.197,27.747,27.296999,29.3955,37.0,37.0,46.0,34.0,36.0,38.0,27.0,9,summer,36.43,27.54,27.247,35.0
1,2024-09-07 11:00:00+00:00,27.597,28.697,25.097,28.796999,28.546999,28.046999,29.2455,36.0,35.0,44.0,31.0,34.0,34.0,27.0,9,summer,34.43,28.0,27.247,35.0
1,2024-09-07 12:00:00+00:00,28.097,28.347,27.997,28.747,28.546999,27.546999,26.3955,36.0,33.0,34.0,32.0,32.0,37.0,33.0,9,summer,33.86,27.95,27.647,34.0
1,2024-09-07 13:00:00+00:00,27.747,27.697,28.197,28.497,28.247,27.097,24.6955,36.0,34.0,34.0,31.0,32.0,38.0,39.0,9,summer,34.86,27.45,27.796999,34.0
1,2024-09-07 14:00:00+00:00,26.697,25.546999,27.546999,27.747,27.397,26.147,22.7455,37.0,41.0,34.0,32.0,33.0,41.0,47.0,9,summer,37.86,26.26,27.397,33.0
1,2024-09-07 15:00:00+00:00,25.296999,24.747,26.647,26.597,26.247,24.747,21.3955,41.0,44.0,35.0,35.0,36.0,48.0,52.0,9,summer,41.57,25.1,26.247,35.0
1,2024-09-07 16:00:00+00:00,23.697,23.296999,24.597,24.847,24.697,22.697,21.1955,47.0,51.0,42.0,43.0,43.0,61.0,52.0,9,summer,48.43,23.58,24.197,43.0
1,2024-09-07 17:00:00+00:00,22.296999,21.847,23.147,22.697,22.897,20.247,21.595499,51.0,54.0,48.0,52.0,52.0,77.0,50.0,9,summer,54.86,22.1,22.597,48.0
1,2024-09-07 18:00:00+00:00,20.947,21.796999,21.847,21.097,21.397,18.447,22.6955,54.0,48.0,55.0,60.0,60.0,89.0,41.0,9,summer,58.14,21.18,21.097,51.0
1,2024-09-07 19:00:00+00:00,20.347,21.147,21.247,20.546999,20.546999,17.897,21.095499,57.0,52.0,57.0,61.0,64.0,93.0,49.0,9,summer,61.86,20.4,20.247,54.0
1,2024-09-07 20:00:00+00:00,20.097,20.847,20.747,20.296999,20.046999,17.947,19.2455,58.0,55.0,59.0,61.0,67.0,93.0,60.0,9,summer,64.71,19.89,19.397,58.0
1,2024-09-07 21:00:00+00:00,19.647,20.647,20.347,19.997,19.497,18.097,17.7955,59.0,54.0,58.0,61.0,69.0,91.0,68.0,9,summer,65.71,19.43,18.747,61.0
1,2024-09-07 22:00:00+00:00,18.997,20.097,19.796999,19.397,18.796999,18.097,17.095499,61.0,56.0,57.0,62.0,69.0,86.0,73.0,9,summer,66.29,18.9,18.296999,64.0
1,2024-09-07 23:00:00+00:00,18.046999,18.897,19.147,18.747,18.097,18.147,16.845499,64.0,64.0,62.0,64.0,69.0,78.0,76.0,9,summer,68.14,18.28,17.796999,66.0
1,2024-09-08 00:00:00+00:00,16.947,17.197,17.997,18.747,18.147,18.447,16.3955,71.0,71.0,69.0,62.0,65.0,66.0,75.0,9,summer,68.43,17.7,16.847,70.0
1,2024-09-08 01:00:00+00:00,16.847,16.697,17.497,18.296999,17.697,18.147,15.7455,73.0,74.0,72.0,65.0,68.0,66.0,78.0,9,summer,70.86,17.28,16.296999,71.0
1,2024-09-08 02:00:00+00:00,16.847,16.296999,17.347,17.847,17.296999,17.897,15.2455,75.0,76.0,74.0,68.0,71.0,68.0,80.0,9,summer,73.14,16.97,15.947,73.0
1,2024-09-08 03:00:00+00:00,16.697,15.646999,17.197,17.897,17.397,18.097,15.4955,76.0,80.0,75.0,70.0,72.0,69.0,79.0,9,summer,74.43,16.92,15.697,76.0
1,2024-09-08 04:00:00+00:00,16.347,15.047,17.296999,18.647,18.296999,18.796999,16.7455,79.0,83.0,75.0,68.0,69.0,67.0,73.0,9,summer,73.43,17.31,15.847,78.0
1,2024-09-08 05:00:00+00:00,18.247,17.597,18.796999,19.847,19.697,19.947,18.7455,73.0,74.0,71.0,64.0,65.0,64.0,63.0,9,summer,67.71,18.98,17.597,74.0
1,2024-09-08 06:00:00+00:00,20.847,20.647,20.397,21.247,21.347,21.397,21.1955,61.0,61.0,66.0,59.0,59.0,59.0,53.0,9,summer,59.71,21.01,20.197,64.0
1,2024-09-08 07:00:00+00:00,23.397,22.947,22.747,23.247,23.296999,23.497,24.2455,52.0,53.0,57.0,52.0,52.0,52.0,43.0,9,summer,51.57,23.34,22.897,55.0
1,2024-09-08 08:00:00+00:00,25.847,25.546999,25.197,25.397,25.497,25.947,27.7455,45.0,46.0,50.0,45.0,45.0,45.0,34.0,9,summer,44.29,25.88,25.747,46.0
1,2024-09-08 09:00:00+00:00,27.397,27.847,27.046999,27.147,27.296999,27.897,29.8955,40.0,39.0,44.0,39.0,39.0,38.0,27.0,9,summer,38.0,27.79,27.847,36.0
1,2024-09-08 10:00:00+00:00,28.747,28.897,28.197,28.347,28.497,29.046999,29.6955,35.0,34.0,38.0,35.0,35.0,34.0,26.0,9,summer,33.86,28.78,28.497,32.0
1,2024-09-08 11:00:00+00:00,29.247,29.447,28.847,29.147,29.296999,29.697,28.1455,33.0,31.0,35.0,33.0,32.0,31.0,28.0,9,summer,31.86,29.12,29.147,30.0
1,2024-09-08 12:00:00+00:00,30.046999,29.546999,29.947,29.796999,29.247,29.847,28.7955,30.0,32.0,30.0,31.0,30.0,28.0,29.0,9,summer,30.0,29.6,29.747,28.0
1,2024-09-08 13:00:00+00:00,29.847,29.447,29.947,29.697,28.247,29.497,28.1955,28.0,30.0,29.0,29.0,33.0,28.0,30.0,9,summer,29.57,29.27,29.796999,28.0
1,2024-09-08 14:00:00+00:00,29.296999,28.947,29.397,29.197,26.546999,28.647,27.4455,27.0,31.0,29.0,28.0,39.0,29.0,32.0,9,summer,30.71,28.5,29.347,27.0
1,2024-09-08 15:00:00+00:00,28.147,27.897,28.597,28.147,25.046999,27.546999,26.3955,29.0,32.0,29.0,31.0,44.0,31.0,35.0,9,summer,33.0,27.4,28.447,29.0
1,2024-09-08 16:00:00+00:00,25.447,24.847,25.747,26.147,24.046999,25.997,24.7455,41.0,42.0,39.0,40.0,46.0,36.0,40.0,9,summer,40.57,25.28,24.647,44.0
1,2024-09-08 17:00:00+00:00,23.796999,22.796999,23.546999,23.546999,23.247,24.197,22.7955,45.0,48.0,48.0,52.0,48.0,42.0,47.0,9,summer,47.14,23.42,20.597,73.0
1,2024-09-08 18:00:00+00:00,22.247,20.897,21.447,22.847,22.497,22.647,22.8955,56.0,52.0,52.0,51.0,50.0,47.0,47.0,9,summer,50.71,22.21,21.597,63.0
1,2024-09-08 19:00:00+00:00,20.597,19.647,20.397,21.296999,21.847,21.747,22.4455,71.0,57.0,56.0,58.0,54.0,49.0,50.0,9,summer,56.43,21.14,20.847,65.0
1,2024-09-08 20:00:00+00:00,19.497,18.997,19.296999,19.796999,21.296999,21.097,22.345499,80.0,60.0,62.0,65.0,58.0,50.0,52.0,9,summer,61.0,20.33,19.997,72.0
1,2024-09-08 21:00:00+00:00,18.697,17.947,18.747,18.546999,20.697,20.447,21.9955,74.0,65.0,66.0,70.0,61.0,52.0,54.0,9,summer,63.14,19.58,18.997,80.0
1,2024-09-08 22:00:00+00:00,17.647,16.947,17.897,17.497,19.947,19.546999,21.0455,69.0,67.0,70.0,72.0,63.0,55.0,55.0,9,summer,64.43,18.65,18.197,80.0
1,2024-09-08 23:00:00+00:00,16.647,16.397,16.546999,16.647,19.147,18.647,19.845499,70.0,65.0,74.0,72.0,64.0,59.0,55.0,9,summer,65.57,17.7,16.947,80.0
1,2024-09-09 00:00:00+00:00,15.847,15.297,14.997,15.697,15.646999,18.296999,18.3955,81.0,73.0,77.0,76.0,80.0,64.0,58.0,9,summer,72.71,16.31,16.047,78.0
1,2024-09-09 01:00:00+00:00,15.097,14.747,14.447,14.747,15.197,17.897,18.345499,84.0,76.0,80.0,80.0,80.0,66.0,59.0,9,summer,75.0,15.78,15.396999,79.0
1,2024-09-09 02:00:00+00:00,14.646999,14.197,14.047,13.947,15.047,17.647,18.345499,85.0,80.0,84.0,85.0,82.0,68.0,61.0,9,summer,77.86,15.41,14.797,82.0
1,2024-09-09 03:00:00+00:00,14.297,13.797,13.697,14.047,15.497,17.847,18.6955,86.0,83.0,86.0,85.0,81.0,68.0,61.0,9,summer,78.57,15.41,14.547,84.0
1,2024-09-09 04:00:00+00:00,13.847,13.497,13.697,15.547,16.847,18.546999,19.345499,87.0,85.0,86.0,79.0,76.0,67.0,60.0,9,summer,77.14,15.9,14.597,83.0
1,2024-09-09 05:00:00+00:00,16.147,16.497,16.847,17.947,18.847,19.697,20.2955,80.0,75.0,75.0,70.0,69.0,64.0,57.0,9,summer,70.0,18.04,17.097,74.0
1,2024-09-09 06:00:00+00:00,19.796999,20.447,20.296999,20.497,21.097,21.247,21.8955,69.0,59.0,62.0,62.0,61.0,59.0,52.0,9,summer,60.57,20.75,20.296999,60.0
1,2024-09-09 07:00:00+00:00,22.697,23.597,23.397,23.247,23.747,23.597,25.095499,57.0,49.0,52.0,53.0,52.0,51.0,43.0,9,summer,51.0,23.63,23.447,51.0
1,2024-09-09 08:00:00+00:00,25.796999,26.447,26.397,26.147,26.697,26.447,28.5455,46.0,41.0,42.0,44.0,43.0,42.0,33.0,9,summer,41.57,26.64,26.397,42.0
1,2024-09-09 09:00:00+00:00,28.397,28.796999,28.697,28.347,28.947,28.597,30.7955,37.0,33.0,34.0,37.0,35.0,35.0,27.0,9,summer,34.0,28.94,28.397,35.0
1,2024-09-09 10:00:00+00:00,29.796999,30.247,29.796999,29.497,30.296999,29.747,31.095499,30.0,27.0,28.0,32.0,30.0,31.0,25.0,9,summer,29.0,30.07,29.296999,30.0
1,2024-09-09 11:00:00+00:00,30.197,31.097,30.046999,30.046999,30.997,30.296999,30.2455,26.0,23.0,25.0,29.0,27.0,29.0,25.0,9,summer,26.29,30.42,30.296999,28.0
1,2024-09-09 12:00:00+00:00,30.147,31.247,30.197,30.247,30.647,29.796999,27.6955,28.0,23.0,24.0,24.0,25.0,33.0,31.0,9,summer,26.86,30.0,30.747,26.0
1,2024-09-09 13:00:00+00:00,30.347,31.046999,30.147,30.247,30.497,28.897,26.6955,27.0,22.0,24.0,24.0,24.0,36.0,33.0,9,summer,27.14,29.7,30.546999,26.0
1,2024-09-09 14:00:00+00:00,29.847,30.697,29.897,29.897,29.947,27.447,25.595499,29.0,21.0,24.0,24.0,24.0,41.0,35.0,9,summer,28.29,29.05,30.197,26.0
1,2024-09-09 15:00:00+00:00,28.897,29.097,29.147,28.947,28.897,25.847,24.4955,31.0,25.0,25.0,26.0,26.0,46.0,38.0,9,summer,31.0,27.9,29.197,26.0
1,2024-09-09 16:00:00+00:00,25.897,25.447,25.597,26.847,26.947,24.046999,23.4455,39.0,37.0,38.0,28.0,30.0,51.0,42.0,9,summer,37.86,25.46,25.947,41.0
1,2024-09-09 17:00:00+00:00,24.097,23.147,23.397,24.046999,24.497,22.147,22.3955,38.0,41.0,41.0,31.0,36.0,57.0,47.0,9,summer,41.57,23.39,24.397,39.0
1,2024-09-09 18:00:00+00:00,22.597,21.397,21.247,21.747,22.497,20.597,20.6955,40.0,45.0,42.0,41.0,42.0,62.0,58.0,9,summer,47.14,21.54,23.046999,45.0
1,2024-09-09 19:00:00+00:00,21.697,20.546999,20.447,20.747,21.597,19.697,19.7455,41.0,53.0,51.0,46.0,47.0,66.0,63.0,9,summer,52.43,20.64,21.546999,56.0
1,2024-09-09 20:00:00+00:00,20.847,20.296999,19.897,20.397,21.197,19.147,19.1955,49.0,58.0,53.0,50.0,52.0,68.0,66.0,9,summer,56.57,20.14,20.997,63.0
1,2024-09-09 21:00:00+00:00,20.046999,19.447,18.847,19.796999,20.497,18.747,18.7955,56.0,62.0,59.0,55.0,57.0,70.0,67.0,9,summer,60.86,19.45,19.997,66.0
1,2024-09-09 22:00:00+00:00,18.847,17.897,17.347,18.597,18.947,18.347,18.4955,62.0,68.0,66.0,60.0,63.0,70.0,66.0,9,summer,65.0,18.35,18.947,65.0
1,2024-09-09 23:00:00+00:00,17.647,16.546999,15.797,17.197,17.097,18.097,18.2955,68.0,73.0,73.0,64.0,68.0,70.0,63.0,9,summer,68.43,17.24,17.647,68.0
1,2024-09-10 00:00:00+00:00,16.997,15.997,14.997,15.247,15.747,15.047,17.4955,72.0,72.0,77.0,75.0,72.0,79.0,63.0,9,summer,72.86,15.93,16.697,73.0
1,2024-09-10 01:00:00+00:00,16.097,14.597,14.396999,14.146999,14.396999,14.097,16.5455,77.0,78.0,78.0,79.0,78.0,82.0,68.0,9,summer,77.14,14.9,15.896999,77.0
1,2024-09-10 02:00:00+00:00,15.447,14.047,14.047,13.297,13.247,13.447,15.695499,81.0,80.0,78.0,82.0,83.0,84.0,74.0,9,summer,80.29,14.18,14.997,83.0
1,2024-09-10 03:00:00+00:00,14.997,13.646999,13.497,13.447,13.247,13.747,15.7955,82.0,82.0,80.0,81.0,84.0,83.0,75.0,9,summer,81.0,14.05,14.497,86.0
1,2024-09-10 04:00:00+00:00,14.896999,13.646999,13.197,15.247,15.097,15.547,17.2455,82.0,83.0,82.0,75.0,77.0,76.0,69.0,9,summer,77.71,14.98,14.347,86.0
1,2024-09-10 05:00:00+00:00,17.796999,16.847,16.197,18.097,18.147,18.296999,19.595499,71.0,72.0,74.0,66.0,66.0,66.0,60.0,9,summer,67.86,17.85,17.447,74.0
1,2024-09-10 06:00:00+00:00,21.247,20.947,20.647,20.997,21.247,21.197,22.095499,59.0,59.0,59.0,58.0,55.0,56.0,48.0,9,summer,56.29,21.2,20.697,62.0
1,2024-09-10 07:00:00+00:00,24.546999,24.197,23.796999,24.197,24.347,24.347,25.3955,47.0,47.0,48.0,47.0,46.0,45.0,40.0,9,summer,45.71,24.4,23.847,52.0
1,2024-09-10 08:00:00+00:00,27.647,27.097,26.796999,27.497,27.497,27.647,29.095499,38.0,38.0,39.0,36.0,37.0,34.0,31.0,9,summer,36.14,27.61,26.897,44.0
1,2024-09-10 09:00:00+00:00,29.947,29.497,29.247,29.847,29.847,30.097,31.3955,31.0,30.0,32.0,28.0,30.0,26.0,25.0,9,summer,28.86,29.98,29.347,33.0
1,2024-09-10 10:00:00+00:00,31.197,31.247,30.647,30.546999,31.097,31.397,31.2955,26.0,23.0,26.0,24.0,24.0,22.0,24.0,9,summer,24.14,31.06,30.897,27.0
1,2024-09-10 11:00:00+00:00,31.747,30.697,30.397,30.247,31.546999,31.847,29.7955,22.0,21.0,23.0,23.0,20.0,20.0,26.0,9,summer,22.14,30.9,31.497,22.0
1,2024-09-10 12:00:00+00:00,31.447,31.247,30.347,30.747,31.546999,31.296999,26.2955,19.0,22.0,22.0,22.0,19.0,20.0,32.0,9,summer,22.29,30.42,31.046999,23.0
1,2024-09-10 13:00:00+00:00,30.897,30.647,30.897,30.197,30.796999,30.397,24.6455,20.0,21.0,19.0,22.0,18.0,21.0,37.0,9,summer,22.57,29.78,30.947,22.0
1,2024-09-10 14:00:00+00:00,29.796999,29.697,29.747,29.147,29.546999,28.897,23.2455,19.0,20.0,21.0,23.0,18.0,24.0,43.0,9,summer,24.0,28.58,30.347,20.0
1,2024-09-10 15:00:00+00:00,28.197,27.997,27.497,27.697,27.897,27.147,22.1955,20.0,21.0,24.0,26.0,22.0,28.0,47.0,9,summer,26.86,26.95,28.296999,23.0
1,2024-09-10 16:00:00+00:00,25.397,24.897,24.296999,25.697,25.647,25.046999,21.6955,27.0,28.0,32.0,32.0,31.0,35.0,49.0,9,summer,33.43,24.67,25.796999,27.0
1,2024-09-10 17:00:00+00:00,23.546999,22.397,22.046999,23.347,23.046999,22.697,21.5455,36.0,39.0,43.0,41.0,44.0,43.0,51.0,9,summer,42.43,22.66,23.597,33.0
1,2024-09-10 18:00:00+00:00,21.147,20.847,20.397,20.397,20.897,20.796999,22.4955,43.0,52.0,49.0,54.0,54.0,49.0,45.0,9,summer,49.43,21.0,23.147,38.0
1,2024-09-10 19:00:00+00:00,20.697,20.097,19.697,19.296999,19.597,19.747,22.095499,45.0,55.0,51.0,57.0,58.0,51.0,46.0,9,summer,51.86,20.18,22.397,45.0
1,2024-09-10 20:00:00+00:00,19.546999,19.147,19.197,18.597,18.697,19.197,22.095499,41.0,54.0,54.0,58.0,59.0,52.0,46.0,9,summer,52.0,19.5,20.947,48.0
1,2024-09-10 21:00:00+00:00,17.997,17.997,18.397,17.997,17.897,18.546999,21.7955,49.0,58.0,58.0,60.0,61.0,55.0,47.0,9,summer,55.43,18.66,19.647,52.0
1,2024-09-10 22:00:00+00:00,16.947,17.197,17.296999,17.296999,17.046999,17.647,20.9455,60.0,65.0,62.0,63.0,66.0,62.0,49.0,9,summer,61.0,17.77,17.697,58.0
1,2024-09-10 23:00:00+00:00,16.097,16.546999,16.497,16.647,16.247,16.747,19.845499,67.0,69.0,66.0,67.0,72.0,71.0,51.0,9,summer,66.14,16.95,16.247,63.0
1,2024-09-11 00:00:00+00:00,14.697,15.247,16.497,15.997,14.847,15.447,18.095499,72.0,74.0,73.0,75.0,74.0,80.0,64.0,9,summer,73.14,15.83,14.847,68.0
1,2024-09-11 01:00:00+00:00,13.997,14.646999,15.646999,14.997,13.896999,14.646999,17.0455,80.0,76.0,76.0,80.0,79.0,85.0,68.0,9,summer,77.71,14.98,13.947,76.0
1,2024-09-11 02:00:00+00:00,13.396999,14.146999,14.896999,14.047,13.097,13.947,15.945499,84.0,79.0,80.0,86.0,83.0,88.0,73.0,9,summer,81.86,14.21,12.997,82.0
1,2024-09-11 03:00:00+00:00,12.947,13.697,14.497,14.097,13.347,14.247,15.7955,86.0,82.0,82.0,87.0,83.0,88.0,73.0,9,summer,83.0,14.09,12.447,86.0
1,2024-09-11 04:00:00+00:00,12.797,13.697,14.447,15.797,15.297,15.997,17.1955,86.0,83.0,84.0,81.0,76.0,81.0,68.0,9,summer,79.86,15.03,12.197,87.0
1,2024-09-11 05:00:00+00:00,16.296999,16.947,17.347,18.497,18.247,18.697,19.595499,73.0,71.0,74.0,71.0,65.0,69.0,58.0,9,summer,68.71,17.95,15.697,75.0
1,2024-09-11 06:00:00+00:00,20.397,20.897,21.147,20.997,21.247,21.447,21.4955,59.0,57.0,60.0,61.0,54.0,58.0,46.0,9,summer,56.43,21.09,19.897,61.0
1,2024-09-11 07:00:00+00:00,23.997,24.347,24.147,23.796999,24.197,24.197,24.9455,45.0,45.0,50.0,52.0,45.0,49.0,37.0,9,summer,46.14,24.23,22.947,49.0
1,2024-09-11 08:00:00+00:00,27.447,27.397,26.997,26.747,27.197,26.947,28.7955,34.0,37.0,43.0,42.0,37.0,40.0,28.0,9,summer,37.29,27.36,26.097,40.0
1,2024-09-11 09:00:00+00:00,30.046999,29.796999,29.197,28.997,29.447,28.997,31.3955,26.0,30.0,36.0,35.0,31.0,34.0,22.0,9,summer,30.57,29.7,28.847,31.0
1,2024-09-11 10:00:00+00:00,31.447,31.197,29.847,30.296999,30.697,29.997,31.7455,22.0,26.0,29.0,31.0,27.0,31.0,20.0,9,summer,26.57,30.75,30.447,24.0
1,2024-09-11 11:00:00+00:00,31.647,31.897,30.697,30.897,31.247,30.247,30.845499,20.0,22.0,26.0,28.0,24.0,30.0,21.0,9,summer,24.43,31.07,31.296999,20.0
1,2024-09-11 12:00:00+00:00,31.747,31.597,30.847,30.747,31.247,31.197,33.495502,19.0,21.0,25.0,26.0,23.0,23.0,18.0,9,summer,22.14,31.55,31.347,19.0
1,2024-09-11 13:00:00+00:00,31.147,31.447,30.697,29.997,30.697,30.197,31.8955,19.0,20.0,25.0,27.0,23.0,26.0,20.0,9,summer,22.86,30.87,30.997,18.0
1,2024-09-11 14:00:00+00:00,29.447,30.546999,29.697,28.647,29.597,28.546999,29.345499,17.0,21.0,26.0,30.0,26.0,31.0,25.0,9,summer,25.14,29.4,30.697,19.0
1,2024-09-11 15:00:00+00:00,28.046999,28.397,27.897,27.097,28.247,26.796999,27.095499,20.0,22.0,31.0,34.0,30.0,36.0,28.0,9,summer,28.71,27.65,29.197,22.0
1,2024-09-11 16:00:00+00:00,24.947,25.747,25.497,25.347,26.497,24.997,25.7455,27.0,27.0,35.0,38.0,36.0,41.0,29.0,9,summer,33.29,25.54,25.447,30.0
1,2024-09-11 17:00:00+00:00,22.397,23.197,23.497,23.397,24.497,23.147,24.6955,38.0,38.0,37.0,43.0,44.0,47.0,30.0,9,summer,39.57,23.55,22.597,34.0
1,2024-09-11 18:00:00+00:00,21.247,21.046999,22.247,22.046999,22.796999,21.497,22.8955,49.0,47.0,45.0,50.0,51.0,52.0,41.0,9,summer,47.86,21.97,21.247,36.0
1,2024-09-11 19:00:00+00:00,19.947,19.647,21.197,20.697,21.597,20.247,21.7455,56.0,53.0,48.0,54.0,55.0,56.0,41.0,9,summer,51.86,20.73,20.097,42.0
1,2024-09-11 20:00:00+00:00,18.697,17.796999,20.197,19.546999,20.697,19.197,20.6455,60.0,59.0,51.0,57.0,58.0,58.0,40.0,9,summer,54.71,19.54,18.747,47.0
1,2024-09-11 21:00:00+00:00,17.397,16.397,19.347,18.747,19.847,18.247,19.595499,62.0,64.0,54.0,59.0,61.0,61.0,40.0,9,summer,57.29,18.51,16.747,56.0
1,2024-09-11 22:00:00+00:00,16.847,15.747,18.347,18.447,18.997,17.296999,18.595499,62.0,67.0,58.0,59.0,64.0,64.0,43.0,9,summer,59.57,17.75,15.697,63.0
1,2024-09-11 23:00:00+00:00,16.197,15.146999,17.447,18.447,18.147,16.397,17.6455,68.0,69.0,60.0,59.0,66.0,68.0,47.0,9,summer,62.43,17.06,15.097,68.0
1,2024-09-12 00:00:00+00:00,15.047,14.297,16.647,16.796999,15.997,15.646999,16.1955,72.0,72.0,64.0,68.0,67.0,72.0,54.0,9,summer,67.0,15.8,13.797,74.0
1,2024-09-12 01:00:00+00:00,14.497,13.597,16.047,16.047,15.347,14.747,15.2955,75.0,77.0,67.0,71.0,70.0,76.0,58.0,9,summer,70.57,15.08,13.297,78.0
1,2024-09-12 02:00:00+00:00,14.047,13.297,15.347,15.396999,14.896999,14.097,14.5455,77.0,80.0,71.0,74.0,75.0,80.0,62.0,9,summer,74.14,14.52,12.896999,83.0
1,2024-09-12 03:00:00+00:00,13.646999,13.146999,14.747,15.497,15.197,14.347,14.7955,79.0,82.0,76.0,75.0,76.0,80.0,63.0,9,summer,75.86,14.48,12.697,86.0
1,2024-09-12 04:00:00+00:00,13.597,13.347,14.597,16.796999,16.546999,15.947,16.4955,80.0,82.0,79.0,71.0,71.0,75.0,58.0,9,summer,73.71,15.33,12.747,85.0
1,2024-09-12 05:00:00+00:00,16.997,17.097,17.697,18.897,18.647,18.397,19.1455,69.0,70.0,69.0,65.0,62.0,66.0,50.0,9,summer,64.43,18.13,16.197,72.0
1,2024-09-12 06:00:00+00:00,20.546999,20.947,21.247,21.247,20.897,21.046999,21.8955,56.0,56.0,55.0,58.0,54.0,57.0,40.0,9,summer,53.71,21.12,20.097,55.0
1,2024-09-12 07:00:00+00:00,23.546999,23.897,24.097,23.947,23.447,23.947,25.595499,48.0,48.0,47.0,50.0,47.0,49.0,33.0,9,summer,46.0,24.07,23.197,47.0
1,2024-09-12 08:00:00+00:00,26.497,26.697,26.747,26.847,26.197,26.997,29.6455,41.0,41.0,40.0,42.0,40.0,41.0,25.0,9,summer,38.57,27.09,26.046999,39.0
1,2024-09-12 09:00:00+00:00,28.597,28.847,28.997,29.097,28.347,29.247,32.495502,35.0,36.0,34.0,35.0,35.0,35.0,20.0,9,summer,32.86,29.38,28.046999,34.0
1,2024-09-12 10:00:00+00:00,28.897,29.247,29.347,30.497,29.697,30.347,33.3455,32.0,33.0,32.0,31.0,31.0,31.0,18.0,9,summer,29.71,30.2,28.647,31.0
1,2024-09-12 11:00:00+00:00,30.046999,30.147,30.097,31.247,30.397,30.647,33.0455,30.0,30.0,29.0,28.0,29.0,28.0,17.0,9,summer,27.29,30.8,29.546999,29.0
1,2024-09-12 12:00:00+00:00,30.046999,30.447,30.897,31.097,31.097,30.447,32.195503,27.0,28.0,28.0,28.0,26.0,28.0,18.0,9,summer,26.14,30.89,29.647,29.0
1,2024-09-12 13:00:00+00:00,30.397,30.697,30.847,30.197,30.296999,29.947,30.845499,27.0,27.0,27.0,30.0,28.0,29.0,20.0,9,summer,26.86,30.46,29.747,28.0
1,2024-09-12 14:00:00+00:00,29.497,29.847,30.296999,28.597,28.847,28.947,28.9955,28.0,27.0,27.0,34.0,32.0,31.0,23.0,9,summer,28.86,29.29,29.147,28.0
1,2024-09-12 15:00:00+00:00,26.447,26.796999,28.447,26.747,27.247,27.647,27.2955,36.0,37.0,31.0,40.0,36.0,34.0,27.0,9,summer,34.43,27.23,26.247,36.0
1,2024-09-12 16:00:00+00:00,23.997,25.296999,25.546999,24.647,25.597,25.947,25.9955,45.0,40.0,40.0,51.0,40.0,39.0,32.0,9,summer,41.0,25.29,24.546999,38.0
1,2024-09-12 17:00:00+00:00,22.247,23.647,23.947,22.296999,23.796999,23.947,24.8955,57.0,47.0,45.0,64.0,44.0,45.0,37.0,9,summer,48.43,23.54,23.046999,44.0
1,2024-09-12 18:00:00+00:00,19.097,21.597,21.796999,23.247,22.296999,22.197,23.7955,86.0,67.0,61.0,47.0,48.0,50.0,42.0,9,summer,57.29,22.0,22.897,44.0
1,2024-09-12 19:00:00+00:00,18.947,21.046999,20.447,21.796999,21.347,20.997,22.4955,86.0,69.0,73.0,51.0,51.0,54.0,44.0,9,summer,61.14,21.01,22.247,47.0
1,2024-09-12 20:00:00+00:00,18.796999,20.997,19.697,20.497,20.647,20.046999,21.1455,88.0,62.0,79.0,54.0,53.0,58.0,44.0,9,summer,62.57,20.26,21.647,48.0
1,2024-09-12 21:00:00+00:00,18.597,20.296999,19.097,19.197,19.847,19.097,19.8955,88.0,59.0,78.0,57.0,56.0,61.0,45.0,9,summer,63.43,19.43,20.796999,51.0
1,2024-09-12 22:00:00+00:00,18.447,18.947,17.897,17.847,18.647,18.046999,18.845499,79.0,57.0,74.0,61.0,60.0,64.0,46.0,9,summer,63.0,18.38,19.397,56.0
1,2024-09-12 23:00:00+00:00,17.597,17.597,16.897,16.546999,17.296999,16.947,17.8955,70.0,61.0,68.0,65.0,65.0,67.0,47.0,9,summer,63.29,17.25,17.546999,63.0
1,2024-09-13 00:00:00+00:00,16.647,15.747,15.447,16.397,15.947,17.097,16.7955,67.0,67.0,75.0,68.0,72.0,66.0,48.0,9,summer,66.14,16.3,15.947,68.0
1,2024-09-13 01:00:00+00:00,15.597,14.947,14.347,15.247,14.997,15.947,15.8955,72.0,70.0,80.0,72.0,76.0,72.0,51.0,9,summer,70.43,15.28,15.047,73.0
1,2024-09-13 02:00:00+00:00,14.847,14.297,13.547,14.297,14.197,14.947,15.0455,76.0,73.0,84.0,76.0,79.0,78.0,55.0,9,summer,74.43,14.45,14.347,76.0
1,2024-09-13 03:00:00+00:00,14.597,13.847,13.097,14.347,14.396999,14.947,15.195499,77.0,76.0,85.0,77.0,79.0,80.0,56.0,9,summer,75.71,14.35,13.847,79.0
1,2024-09-13 04:00:00+00:00,15.047,13.896999,13.047,15.947,16.047,16.546999,16.7955,75.0,78.0,85.0,72.0,73.0,74.0,53.0,9,summer,72.86,15.33,13.646999,80.0
1,2024-09-13 05:00:00+00:00,18.046999,17.296999,16.847,18.597,18.647,19.147,19.3955,66.0,69.0,69.0,64.0,63.0,65.0,47.0,9,summer,63.29,18.28,16.897,70.0
1,2024-09-13 06:00:00+00:00,21.247,21.097,21.397,21.597,21.397,21.847,22.8955,54.0,55.0,54.0,56.0,54.0,55.0,37.0,9,summer,52.14,21.64,20.397,57.0
1,2024-09-13 07:00:00+00:00,24.497,24.247,24.697,24.647,24.347,24.597,26.2955,45.0,47.0,45.0,47.0,46.0,47.0,31.0,9,summer,44.0,24.76,23.397,48.0
1,2024-09-13 08:00:00+00:00,27.447,27.397,27.447,27.897,27.397,27.397,29.9455,37.0,39.0,38.0,38.0,38.0,39.0,25.0,9,summer,36.29,27.85,26.197,42.0
1,2024-09-13 09:00:00+00:00,29.697,29.697,29.697,30.296999,29.747,29.546999,32.695503,31.0,32.0,33.0,31.0,32.0,33.0,20.0,9,summer,30.29,30.2,28.597,35.0
1,2024-09-13 10:00:00+00:00,30.647,30.897,30.847,31.347,30.947,30.697,34.1455,27.0,27.0,27.0,27.0,28.0,29.0,17.0,9,summer,26.0,31.36,30.046999,30.0
1,2024-09-13 11:00:00+00:00,31.097,31.397,31.046999,31.497,31.397,31.147,34.745502,24.0,24.0,23.0,25.0,26.0,27.0,16.0,9,summer,23.57,31.76,30.597,25.0
1,2024-09-13 12:00:00+00:00,31.046999,31.296999,30.897,30.197,31.597,31.197,34.5955,23.0,22.0,23.0,26.0,23.0,25.0,15.0,9,summer,22.43,31.55,30.947,22.0
1,2024-09-13 13:00:00+00:00,30.597,30.897,29.647,29.747,30.997,30.647,32.8955,23.0,22.0,25.0,26.0,24.0,24.0,17.0,9,summer,23.0,30.78,30.747,21.0
1,2024-09-13 14:00:00+00:00,29.947,29.747,28.147,29.046999,29.697,29.546999,30.345499,23.0,23.0,29.0,27.0,27.0,23.0,21.0,9,summer,24.71,29.5,29.747,21.0
1,2024-09-13 15:00:00+00:00,28.497,27.897,27.497,27.947,27.997,27.947,27.9955,21.0,26.0,29.0,30.0,31.0,26.0,24.0,9,summer,26.71,27.97,27.447,21.0
1,2024-09-13 16:00:00+00:00,25.546999,25.447,24.897,26.097,25.597,25.497,26.345499,29.0,30.0,31.0,36.0,37.0,34.0,27.0,9,summer,32.0,25.63,24.397,32.0
1,2024-09-13 17:00:00+00:00,23.046999,23.097,22.397,23.897,22.796999,22.497,24.9455,41.0,41.0,42.0,44.0,45.0,45.0,30.0,9,summer,41.14,23.24,22.097,44.0
1,2024-09-13 18:00:00+00:00,21.397,21.747,21.347,21.947,20.597,20.097,22.7955,49.0,50.0,52.0,48.0,51.0,54.0,48.0,9,summer,50.29,21.42,21.397,46.0
1,2024-09-13 19:00:00+00:00,20.796999,20.997,20.597,20.947,19.546999,18.697,21.6455,51.0,53.0,56.0,51.0,54.0,58.0,48.0,9,summer,53.0,20.46,20.747,50.0
1,2024-09-13 20:00:00+00:00,19.997,20.447,19.997,20.397,19.147,17.847,20.6955,52.0,54.0,58.0,53.0,56.0,61.0,46.0,9,summer,54.29,19.79,19.597,55.0
1,2024-09-13 21:00:00+00:00,19.497,19.647,19.397,19.747,18.647,17.147,19.6955,49.0,49.0,57.0,55.0,58.0,63.0,46.0,9,summer,53.86,19.11,18.447,58.0
1,2024-09-13 22:00:00+00:00,18.597,18.497,18.647,18.647,17.847,16.497,18.4455,52.0,59.0,60.0,58.0,62.0,67.0,50.0,9,summer,58.29,18.17,17.796999,57.0
1,2024-09-13 23:00:00+00:00,17.697,17.697,17.897,17.397,17.046999,15.997,17.1455,60.0,63.0,65.0,61.0,67.0,70.0,56.0,9,summer,63.14,17.27,17.046999,63.0
1,2024-09-14 00:00:00+00:00,16.197,16.397,16.897,16.347,15.247,14.997,16.1955,69.0,68.0,68.0,67.0,73.0,77.0,61.0,9,summer,69.0,16.04,15.646999,69.0
1,2024-09-14 01:00:00+00:00,15.047,15.247,15.747,14.947,14.197,13.997,15.3955,75.0,73.0,75.0,74.0,79.0,82.0,65.0,9,summer,74.71,14.94,14.797,74.0
1,2024-09-14 02:00:00+00:00,14.247,14.297,14.797,13.547,13.396999,13.097,14.695499,78.0,77.0,80.0,80.0,83.0,87.0,69.0,9,summer,79.14,14.01,13.997,78.0
1,2024-09-14 03:00:00+00:00,13.646999,13.646999,13.947,13.297,13.547,13.197,14.8955,80.0,80.0,84.0,82.0,84.0,87.0,69.0,9,summer,80.86,13.74,13.447,80.0
1,2024-09-14 04:00:00+00:00,13.597,13.447,13.497,14.947,15.247,14.747,16.4955,79.0,81.0,86.0,76.0,78.0,81.0,63.0,9,summer,77.71,14.57,13.197,80.0
1,2024-09-14 05:00:00+00:00,16.997,16.796999,16.847,17.697,17.947,17.247,18.9955,68.0,68.0,71.0,65.0,67.0,72.0,53.0,9,summer,66.29,17.5,16.447,69.0
1,2024-09-14 06:00:00+00:00,20.647,21.197,20.796999,20.497,20.796999,20.046999,22.2955,55.0,53.0,54.0,55.0,57.0,61.0,41.0,9,summer,53.71,20.9,20.747,53.0
1,2024-09-14 07:00:00+00:00,23.897,24.847,24.647,23.747,23.897,23.247,25.845499,44.0,41.0,38.0,44.0,48.0,49.0,33.0,9,summer,42.43,24.3,24.247,42.0
1,2024-09-14 08:00:00+00:00,26.997,28.046999,28.046999,27.247,27.197,26.697,29.6955,33.0,31.0,27.0,33.0,38.0,36.0,25.0,9,summer,31.86,27.7,27.497,33.0
1,2024-09-14 09:00:00+00:00,29.147,30.247,30.097,29.897,29.697,29.397,32.5955,27.0,26.0,23.0,24.0,31.0,25.0,19.0,9,summer,25.0,30.15,29.796999,27.0
1,2024-09-14 10:00:00+00:00,30.497,31.597,31.397,31.347,30.997,31.046999,34.245502,23.0,22.0,21.0,18.0,26.0,19.0,16.0,9,summer,20.71,31.59,30.697,21.0
1,2024-09-14 11:00:00+00:00,30.947,31.697,32.047,31.997,31.447,31.997,34.995502,20.0,19.0,17.0,15.0,23.0,16.0,15.0,9,summer,17.86,32.16,31.046999,20.0
1,2024-09-14 12:00:00+00:00,30.347,31.847,31.347,31.597,31.947,31.747,31.1955,19.0,17.0,15.0,13.0,17.0,13.0,15.0,9,summer,15.57,31.43,30.447,19.0
1,2024-09-14 13:00:00+00:00,30.147,31.046999,30.747,30.747,30.947,30.697,30.4455,16.0,16.0,14.0,12.0,17.0,13.0,14.0,9,summer,14.57,30.68,29.546999,20.0
1,2024-09-14 14:00:00+00:00,29.046999,29.447,29.347,29.147,29.247,28.897,29.2455,16.0,16.0,16.0,14.0,18.0,15.0,14.0,9,summer,15.57,29.2,28.796999,19.0
1,2024-09-14 15:00:00+00:00,27.447,27.647,27.147,27.247,27.296999,26.897,27.4955,18.0,18.0,21.0,18.0,22.0,20.0,16.0,9,summer,19.0,27.31,27.447,21.0
1,2024-09-14 16:00:00+00:00,24.546999,24.697,24.046999,24.897,24.947,24.647,24.7955,25.0,25.0,29.0,26.0,31.0,29.0,20.0,9,summer,26.43,24.65,24.447,28.0
1,2024-09-14 17:00:00+00:00,22.097,22.147,21.546999,22.197,22.296999,22.197,21.595499,36.0,35.0,42.0,37.0,42.0,40.0,26.0,9,summer,36.86,22.01,22.046999,36.0
1,2024-09-14 18:00:00+00:00,20.197,20.497,20.897,20.097,20.197,20.197,20.595499,48.0,48.0,48.0,48.0,51.0,49.0,29.0,9,summer,45.86,20.38,20.546999,41.0
1,2024-09-14 19:00:00+00:00,18.597,19.897,20.147,19.247,19.147,19.097,19.345499,54.0,52.0,52.0,51.0,54.0,54.0,34.0,9,summer,50.14,19.35,18.997,47.0
1,2024-09-14 20:00:00+00:00,17.647,19.447,19.847,18.997,18.597,18.447,18.5455,59.0,52.0,49.0,51.0,54.0,56.0,40.0,9,summer,51.57,18.79,17.546999,54.0
1,2024-09-14 21:00:00+00:00,16.747,18.147,18.796999,18.546999,17.997,17.796999,17.7955,61.0,56.0,54.0,53.0,56.0,59.0,45.0,9,summer,54.86,17.98,16.747,60.0
1,2024-09-14 22:00:00+00:00,15.997,16.796999,17.597,17.597,16.997,16.997,17.095499,63.0,62.0,62.0,57.0,62.0,63.0,49.0,9,summer,59.71,17.01,16.047,62.0
1,2024-09-14 23:00:00+00:00,15.247,15.997,16.897,16.447,15.896999,16.197,16.4455,67.0,67.0,65.0,63.0,69.0,66.0,52.0,9,summer,64.14,16.16,15.297,64.0
1,2024-09-15 00:00:00+00:00,14.247,14.697,15.396999,15.646999,14.097,15.447,14.9955,73.0,75.0,68.0,73.0,73.0,68.0,59.0,9,summer,69.86,14.93,14.396999,68.0
1,2024-09-15 01:00:00+00:00,13.847,14.347,14.547,14.447,12.847,14.247,14.0955,76.0,78.0,73.0,79.0,79.0,73.0,63.0,9,summer,74.43,14.05,13.797,71.0
1,2024-09-15 02:00:00+00:00,13.396999,13.896999,13.896999,13.297,11.747,13.047,13.2455,79.0,81.0,77.0,85.0,84.0,78.0,67.0,9,summer,78.71,13.22,13.396999,73.0
1,2024-09-15 03:00:00+00:00,12.997,13.697,13.447,13.247,11.847,12.997,13.4955,83.0,83.0,81.0,86.0,85.0,79.0,67.0,9,summer,80.57,13.1,13.097,76.0
1,2024-09-15 04:00:00+00:00,13.247,13.896999,13.396999,14.997,13.896999,14.697,15.3455,83.0,84.0,84.0,78.0,78.0,73.0,60.0,9,summer,77.14,14.21,13.097,79.0
1,2024-09-15 05:00:00+00:00,16.697,16.997,16.897,17.847,17.147,17.497,18.2455,70.0,73.0,71.0,65.0,66.0,62.0,50.0,9,summer,65.29,17.33,16.296999,70.0
1,2024-09-15 06:00:00+00:00,20.247,20.597,20.897,20.546999,20.447,20.447,21.595499,56.0,60.0,54.0,56.0,54.0,52.0,40.0,9,summer,53.14,20.68,19.847,57.0
1,2024-09-15 07:00:00+00:00,23.447,23.597,23.897,23.546999,23.647,23.546999,25.6455,46.0,49.0,45.0,47.0,44.0,43.0,31.0,9,summer,43.57,23.9,22.947,48.0
1,2024-09-15 08:00:00+00:00,26.497,26.447,26.597,26.647,26.947,26.796999,30.0455,38.0,40.0,38.0,37.0,35.0,35.0,22.0,9,summer,35.0,27.14,25.796999,38.0
1,2024-09-15 09:00:00+00:00,28.647,28.347,28.796999,29.046999,29.447,29.247,33.195503,31.0,34.0,33.0,30.0,28.0,28.0,16.0,9,summer,28.57,29.53,27.447,31.0
1,2024-09-15 10:00:00+00:00,29.697,29.397,30.147,30.447,30.897,30.497,34.3455,26.0,28.0,28.0,25.0,24.0,24.0,13.0,9,summer,24.0,30.78,28.997,27.0
1,2024-09-15 11:00:00+00:00,30.597,30.247,29.796999,31.097,31.597,30.997,34.245502,24.0,26.0,25.0,23.0,22.0,23.0,13.0,9,summer,22.29,31.23,29.847,26.0
1,2024-09-15 12:00:00+00:00,30.697,30.447,30.296999,31.097,31.347,31.247,32.995502,24.0,26.0,26.0,22.0,21.0,21.0,12.0,9,summer,21.71,31.16,29.897,26.0
1,2024-09-15 13:00:00+00:00,30.296999,30.097,29.796999,30.647,31.046999,30.796999,32.1455,24.0,25.0,26.0,21.0,21.0,21.0,13.0,9,summer,21.57,30.69,29.597,25.0
1,2024-09-15 14:00:00+00:00,29.546999,29.397,28.947,29.697,30.197,29.796999,30.6455,24.0,25.0,26.0,21.0,21.0,21.0,16.0,9,summer,22.0,29.75,29.046999,26.0
1,2024-09-15 15:00:00+00:00,28.497,28.247,27.497,28.447,28.947,28.447,28.6955,25.0,28.0,29.0,24.0,23.0,23.0,19.0,9,summer,24.43,28.4,27.947,27.0
1,2024-09-15 16:00:00+00:00,26.597,22.847,21.397,26.796999,27.046999,26.447,26.0455,35.0,54.0,61.0,30.0,28.0,28.0,23.0,9,summer,37.0,25.31,25.947,33.0
1,2024-09-15 17:00:00+00:00,24.247,21.447,20.597,24.847,24.697,23.997,22.9455,39.0,66.0,66.0,39.0,34.0,34.0,28.0,9,summer,43.71,23.25,24.697,38.0
1,2024-09-15 18:00:00+00:00,23.347,19.897,20.497,22.147,22.546999,21.847,22.7955,34.0,77.0,70.0,55.0,40.0,40.0,30.0,9,summer,49.43,21.87,22.296999,58.0
1,2024-09-15 19:00:00+00:00,21.997,19.296999,20.097,20.947,20.796999,20.247,20.845499,42.0,80.0,72.0,57.0,46.0,46.0,32.0,9,summer,53.57,20.6,20.747,69.0
1,2024-09-15 20:00:00+00:00,21.247,18.747,19.497,20.046999,19.296999,18.947,18.8955,45.0,81.0,74.0,56.0,51.0,52.0,33.0,9,summer,56.0,19.53,20.647,71.0
1,2024-09-15 21:00:00+00:00,20.647,18.296999,19.397,19.197,18.097,17.747,17.3955,42.0,77.0,68.0,56.0,56.0,58.0,35.0,9,summer,56.0,18.68,19.897,76.0
1,2024-09-15 22:00:00+00:00,19.397,17.546999,18.796999,18.347,17.247,16.647,16.595499,48.0,68.0,63.0,57.0,60.0,63.0,39.0,9,summer,56.86,17.8,19.647,77.0
1,2024-09-15 23:00:00+00:00,18.247,16.697,18.097,17.546999,16.747,15.646999,16.2455,58.0,70.0,65.0,58.0,63.0,67.0,44.0,9,summer,60.71,17.03,19.447,71.0
1,2024-09-16 00:00:00+00:00,17.747,16.347,16.647,16.197,16.546999,15.447,16.4955,60.0,77.0,74.0,69.0,65.0,72.0,44.0,9,summer,65.86,16.49,19.546999,56.0
1,2024-09-16 01:00:00+00:00,17.147,15.997,16.197,15.497,15.646999,14.597,15.5455,63.0,78.0,75.0,71.0,70.0,76.0,49.0,9,summer,68.86,15.8,19.097,60.0
1,2024-09-16 02:00:00+00:00,16.197,15.697,15.896999,14.997,14.847,13.896999,14.695499,67.0,77.0,75.0,73.0,74.0,80.0,53.0,9,summer,71.29,15.18,18.447,63.0
1,2024-09-16 03:00:00+00:00,15.497,16.047,15.797,15.247,14.997,14.146999,14.8955,70.0,75.0,75.0,73.0,75.0,80.0,54.0,9,summer,71.71,15.23,17.347,67.0
1,2024-09-16 04:00:00+00:00,15.146999,16.397,15.797,16.497,16.497,15.896999,16.6955,72.0,74.0,75.0,69.0,69.0,73.0,49.0,9,summer,68.71,16.13,16.597,72.0
1,2024-09-16 05:00:00+00:00,18.296999,18.046999,18.147,18.397,18.897,18.647,19.4955,62.0,67.0,69.0,63.0,60.0,62.0,41.0,9,summer,60.57,18.56,19.147,64.0
1,2024-09-16 06:00:00+00:00,21.597,21.296999,21.097,20.597,21.497,21.546999,22.9955,53.0,50.0,56.0,59.0,51.0,52.0,33.0,9,summer,50.57,21.52,21.397,55.0
1,2024-09-16 07:00:00+00:00,24.747,24.347,23.747,23.397,24.497,24.647,26.3955,44.0,43.0,49.0,51.0,43.0,44.0,27.0,9,summer,43.0,24.54,24.197,48.0
1,2024-09-16 08:00:00+00:00,27.697,27.247,26.697,26.597,27.697,27.847,30.0455,37.0,37.0,41.0,42.0,36.0,36.0,21.0,9,summer,35.71,27.69,26.697,41.0
1,2024-09-16 09:00:00+00:00,29.647,29.147,28.897,29.097,30.046999,30.247,32.695503,29.0,32.0,35.0,34.0,31.0,30.0,17.0,9,summer,29.71,29.97,28.647,35.0
1,2024-09-16 10:00:00+00:00,30.497,29.697,29.847,30.397,31.046999,31.497,33.7955,26.0,29.0,32.0,29.0,28.0,26.0,15.0,9,summer,26.43,30.97,29.647,30.0
1,2024-09-16 11:00:00+00:00,31.296999,30.497,30.296999,30.947,31.197,31.897,33.8955,24.0,27.0,30.0,26.0,26.0,24.0,14.0,9,summer,24.43,31.43,30.447,28.0
1,2024-09-16 12:00:00+00:00,30.546999,29.897,30.347,30.247,30.296999,31.697,33.5955,24.0,26.0,28.0,31.0,26.0,25.0,14.0,9,summer,24.86,30.95,30.697,25.0
1,2024-09-16 13:00:00+00:00,29.697,29.397,29.997,28.647,29.447,30.647,32.1455,26.0,28.0,29.0,37.0,29.0,28.0,16.0,9,summer,27.57,30.0,29.497,27.0
1,2024-09-16 14:00:00+00:00,29.296999,28.147,27.296999,26.247,28.097,28.796999,29.9955,28.0,32.0,38.0,46.0,35.0,33.0,20.0,9,summer,33.14,28.27,28.296999,29.0
1,2024-09-16 15:00:00+00:00,25.897,26.147,25.997,24.046999,26.497,26.897,28.095499,42.0,44.0,45.0,55.0,42.0,39.0,23.0,9,summer,41.43,26.23,26.147,39.0
1,2024-09-16 16:00:00+00:00,22.796999,24.796999,23.296999,22.497,24.447,25.046999,26.6955,62.0,45.0,57.0,64.0,53.0,47.0,26.0,9,summer,50.57,24.23,22.197,63.0
1,2024-09-16 17:00:00+00:00,21.747,23.247,20.597,21.197,22.097,23.197,25.4955,69.0,49.0,76.0,72.0,65.0,56.0,29.0,9,summer,59.43,22.51,21.497,68.0
1,2024-09-16 18:00:00+00:00,19.947,20.747,22.497,19.197,20.347,21.647,23.1955,80.0,69.0,51.0,83.0,73.0,64.0,42.0,9,summer,66.0,21.08,21.247,71.0
1,2024-09-16 19:00:00+00:00,19.747,20.247,20.747,18.447,19.697,20.697,23.0455,81.0,70.0,63.0,89.0,72.0,69.0,39.0,9,summer,69.0,20.38,20.097,77.0
1,2024-09-16 20:00:00+00:00,19.046999,19.796999,20.046999,18.197,19.597,20.147,23.1455,86.0,62.0,69.0,93.0,67.0,72.0,33.0,9,summer,68.86,20.0,19.697,77.0
1,2024-09-16 21:00:00+00:00,18.546999,18.997,20.597,17.997,19.397,19.647,22.6955,81.0,60.0,57.0,93.0,64.0,73.0,31.0,9,summer,65.57,19.7,18.296999,79.0
1,2024-09-16 22:00:00+00:00,17.997,18.597,19.747,17.647,18.796999,19.097,20.9955,72.0,63.0,57.0,88.0,65.0,71.0,37.0,9,summer,64.71,18.98,17.546999,76.0
1,2024-09-16 23:00:00+00:00,17.197,18.347,18.647,17.397,18.046999,18.647,18.7455,74.0,64.0,62.0,79.0,68.0,67.0,48.0,9,summer,66.0,18.15,16.997,78.0
1,2024-09-17 00:00:00+00:00,16.847,18.347,17.597,17.247,16.247,16.397,16.6955,75.0,65.0,69.0,77.0,81.0,68.0,62.0,9,summer,71.0,17.05,16.697,78.0
1,2024-09-17 01:00:00+00:00,16.347,17.847,16.747,16.597,15.646999,15.547,15.8455,75.0,67.0,74.0,79.0,83.0,72.0,67.0,9,summer,73.86,16.37,16.397,79.0
1,2024-09-17 02:00:00+00:00,15.797,17.447,16.247,15.947,15.146999,14.847,15.0955,77.0,69.0,77.0,84.0,85.0,76.0,71.0,9,summer,77.0,15.79,16.047,78.0
1,2024-09-17 03:00:00+00:00,15.297,16.897,15.847,15.947,15.347,15.047,15.2955,80.0,72.0,79.0,85.0,85.0,77.0,71.0,9,summer,78.43,15.67,16.097,76.0
1,2024-09-17 04:00:00+00:00,15.097,16.546999,15.797,17.046999,16.546999,16.697,16.9455,82.0,75.0,80.0,80.0,81.0,72.0,65.0,9,summer,76.43,16.38,16.546999,73.0
1,2024-09-17 05:00:00+00:00,17.546999,18.597,18.597,18.847,18.497,19.247,19.4955,76.0,68.0,71.0,72.0,74.0,63.0,55.0,9,summer,68.43,18.69,18.546999,67.0
1,2024-09-17 06:00:00+00:00,20.697,21.546999,21.097,21.197,20.546999,21.847,22.1955,61.0,56.0,59.0,62.0,67.0,55.0,50.0,9,summer,58.57,21.3,20.847,59.0
1,2024-09-17 07:00:00+00:00,23.247,23.997,23.347,23.347,22.947,24.597,25.0455,54.0,50.0,52.0,55.0,59.0,47.0,42.0,9,summer,51.29,23.79,23.647,51.0
1,2024-09-17 08:00:00+00:00,26.097,26.897,25.947,25.647,25.546999,27.397,28.095499,47.0,43.0,44.0,47.0,50.0,40.0,33.0,9,summer,43.43,26.52,26.197,46.0
1,2024-09-17 09:00:00+00:00,28.097,29.147,28.097,27.347,27.296999,29.247,30.4955,40.0,36.0,39.0,42.0,44.0,35.0,27.0,9,summer,37.57,28.53,27.947,38.0
1,2024-09-17 10:00:00+00:00,29.197,30.397,29.647,28.347,27.597,29.597,32.195503,36.0,32.0,33.0,38.0,43.0,34.0,22.0,9,summer,34.0,29.57,28.497,36.0
1,2024-09-17 11:00:00+00:00,29.697,30.897,30.247,28.747,27.097,28.997,33.245502,33.0,29.0,30.0,36.0,44.0,35.0,19.0,9,summer,32.29,29.85,28.947,35.0
1,2024-09-17 12:00:00+00:00,30.097,29.947,30.397,26.296999,27.947,28.447,31.1955,30.0,31.0,30.0,45.0,40.0,38.0,21.0,9,summer,33.57,29.19,27.447,41.0
1,2024-09-17 13:00:00+00:00,29.897,28.747,29.546999,25.197,27.397,27.347,27.7955,29.0,35.0,31.0,50.0,41.0,42.0,34.0,9,summer,37.43,27.99,27.296999,41.0
1,2024-09-17 14:00:00+00:00,28.897,26.997,26.046999,23.747,26.597,25.747,23.2455,31.0,40.0,46.0,57.0,43.0,48.0,53.0,9,summer,45.43,25.9,24.147,57.0
1,2024-09-17 15:00:00+00:00,25.997,25.897,24.546999,22.447,25.697,24.097,19.8955,44.0,46.0,53.0,63.0,45.0,56.0,66.0,9,summer,53.29,24.08,22.796999,61.0
1,2024-09-17 16:00:00+00:00,25.046999,22.847,20.897,21.546999,24.747,22.497,19.0455,48.0,62.0,75.0,68.0,48.0,67.0,69.0,9,summer,62.43,22.38,20.997,73.0
1,2024-09-17 17:00:00+00:00,23.497,20.997,19.997,20.847,23.647,20.897,19.4455,59.0,75.0,80.0,73.0,51.0,79.0,66.0,9,summer,69.0,21.33,19.647,83.0
1,2024-09-17 18:00:00+00:00,21.647,21.347,21.597,19.546999,22.497,19.647,20.595499,67.0,71.0,69.0,79.0,54.0,86.0,61.0,9,summer,69.57,20.98,18.997,89.0
1,2024-09-17 19:00:00+00:00,20.747,20.497,20.847,19.097,21.147,18.947,19.9955,75.0,80.0,76.0,80.0,57.0,82.0,63.0,9,summer,73.29,20.18,18.597,90.0
1,2024-09-17 20:00:00+00:00,19.697,20.247,20.647,18.747,19.697,18.546999,19.1455,77.0,75.0,70.0,80.0,61.0,73.0,66.0,9,summer,71.71,19.53,17.997,93.0
1,2024-09-17 21:00:00+00:00,18.697,19.546999,19.847,18.347,18.597,18.147,18.3955,71.0,63.0,60.0,79.0,64.0,67.0,68.0,9,summer,67.43,18.8,17.296999,97.0
1,2024-09-17 22:00:00+00:00,17.697,18.497,18.796999,17.796999,18.046999,17.546999,17.8955,71.0,68.0,68.0,78.0,66.0,68.0,68.0,9,summer,69.57,18.04,16.947,97.0
1,2024-09-17 23:00:00+00:00,17.247,18.046999,18.647,17.247,17.847,16.997,17.4955,73.0,70.0,68.0,77.0,68.0,71.0,67.0,9,summer,70.57,17.65,16.497,92.0
1,2024-09-18 00:00:00+00:00,16.397,17.697,17.497,18.147,17.497,17.247,17.8955,76.0,72.0,72.0,72.0,76.0,73.0,62.0,9,summer,71.86,17.48,16.347,88.0
1,2024-09-18 01:00:00+00:00,16.397,17.347,17.097,17.847,17.097,16.897,16.9455,76.0,75.0,74.0,73.0,78.0,75.0,66.0,9,summer,73.86,17.09,16.097,83.0
1,2024-09-18 02:00:00+00:00,16.497,17.097,16.947,17.597,16.747,16.597,15.945499,77.0,77.0,75.0,73.0,80.0,76.0,70.0,9,summer,75.43,16.78,15.747,82.0
1,2024-09-18 03:00:00+00:00,16.347,16.997,16.897,17.796999,16.947,16.796999,15.9955,78.0,77.0,75.0,72.0,79.0,76.0,70.0,9,summer,75.29,16.83,15.497,81.0
1,2024-09-18 04:00:00+00:00,16.247,17.046999,16.997,18.546999,17.997,17.647,17.595499,79.0,76.0,75.0,69.0,74.0,73.0,64.0,9,summer,72.86,17.44,15.347,82.0
1,2024-09-18 05:00:00+00:00,18.347,18.546999,18.697,19.747,19.647,18.997,20.2455,73.0,71.0,71.0,64.0,67.0,67.0,53.0,9,summer,66.57,19.18,17.397,77.0
1,2024-09-18 06:00:00+00:00,20.947,20.997,21.497,21.397,21.497,20.697,23.3955,63.0,62.0,58.0,55.0,60.0,61.0,52.0,9,summer,58.71,21.49,20.097,66.0
1,2024-09-18 07:00:00+00:00,23.747,23.647,24.347,23.997,23.747,23.046999,26.9455,54.0,54.0,50.0,48.0,53.0,54.0,42.0,9,summer,50.71,24.21,22.597,59.0
1,2024-09-18 08:00:00+00:00,26.397,26.447,27.097,26.697,26.247,25.796999,31.0455,47.0,45.0,43.0,40.0,45.0,47.0,32.0,9,summer,42.71,27.1,25.097,52.0
1,2024-09-18 09:00:00+00:00,28.347,28.347,28.747,28.697,28.197,27.897,33.3955,39.0,38.0,37.0,35.0,39.0,41.0,25.0,9,summer,36.29,29.09,26.647,44.0
1,2024-09-18 10:00:00+00:00,28.847,29.046999,29.597,29.597,29.397,28.997,32.5455,34.0,33.0,32.0,32.0,35.0,37.0,25.0,9,summer,32.57,29.72,27.197,40.0
1,2024-09-18 11:00:00+00:00,29.897,29.897,30.247,29.747,30.046999,29.497,29.9955,31.0,31.0,30.0,31.0,32.0,35.0,29.0,9,summer,31.29,29.9,28.046999,36.0
1,2024-09-18 12:00:00+00:00,29.147,30.947,29.697,29.847,29.647,30.897,30.7955,34.0,28.0,33.0,34.0,34.0,26.0,27.0,9,summer,30.86,30.14,28.847,35.0
1,2024-09-18 13:00:00+00:00,29.247,30.697,29.597,29.546999,28.997,29.847,28.6955,34.0,28.0,33.0,33.0,35.0,30.0,33.0,9,summer,32.29,29.52,28.697,35.0
1,2024-09-18 14:00:00+00:00,28.947,30.046999,28.747,28.747,27.897,28.147,26.0455,34.0,29.0,34.0,34.0,37.0,36.0,41.0,9,summer,35.0,28.37,28.397,34.0
1,2024-09-18 15:00:00+00:00,27.997,28.647,26.947,27.546999,26.546999,26.497,23.595499,35.0,32.0,40.0,37.0,41.0,41.0,50.0,9,summer,39.43,26.83,27.497,36.0
1,2024-09-18 16:00:00+00:00,25.447,25.046999,24.097,25.546999,24.697,25.147,21.345499,45.0,47.0,56.0,46.0,50.0,43.0,61.0,9,summer,49.71,24.48,24.597,48.0
1,2024-09-18 17:00:00+00:00,23.647,21.447,22.097,23.097,22.546999,23.847,19.345499,54.0,70.0,65.0,59.0,62.0,45.0,74.0,9,summer,61.29,22.29,23.197,60.0
1,2024-09-18 18:00:00+00:00,20.947,20.447,22.447,20.247,20.847,22.647,18.8955,67.0,81.0,60.0,79.0,71.0,47.0,76.0,9,summer,68.71,20.93,22.997,59.0
1,2024-09-18 19:00:00+00:00,19.847,20.197,21.497,19.897,19.897,21.647,18.595499,71.0,84.0,67.0,82.0,77.0,52.0,77.0,9,summer,72.86,20.23,21.997,60.0
1,2024-09-18 20:00:00+00:00,19.247,19.847,21.147,19.647,19.397,20.747,18.6455,70.0,87.0,70.0,85.0,80.0,58.0,75.0,9,summer,75.0,19.81,20.997,64.0
1,2024-09-18 21:00:00+00:00,19.147,19.546999,20.447,19.447,19.046999,19.947,18.6955,71.0,87.0,71.0,85.0,81.0,62.0,73.0,9,summer,75.71,19.47,20.747,67.0
1,2024-09-18 22:00:00+00:00,19.097,18.997,19.947,19.447,18.796999,19.097,18.7455,68.0,84.0,68.0,81.0,76.0,64.0,71.0,9,summer,73.14,19.16,20.147,69.0
1,2024-09-18 23:00:00+00:00,17.947,18.197,19.247,19.497,18.697,18.347,18.7455,72.0,79.0,66.0,75.0,69.0,64.0,69.0,9,summer,70.57,18.67,19.347,70.0
1,2024-09-19 00:00:00+00:00,16.897,17.847,18.197,18.947,19.447,18.397,17.2955,76.0,72.0,70.0,75.0,61.0,65.0,76.0,9,summer,70.71,18.15,19.046999,67.0
1,2024-09-19 01:00:00+00:00,15.847,17.097,17.497,18.147,18.847,17.947,16.3955,82.0,75.0,72.0,76.0,63.0,66.0,78.0,9,summer,73.14,17.4,18.296999,70.0
1,2024-09-19 02:00:00+00:00,15.297,16.897,16.796999,17.197,18.197,17.447,15.2455,86.0,76.0,75.0,79.0,68.0,68.0,82.0,9,summer,76.29,16.73,17.546999,75.0
1,2024-09-19 03:00:00+00:00,15.097,16.796999,16.247,16.997,18.097,17.497,15.195499,87.0,77.0,78.0,79.0,70.0,68.0,81.0,9,summer,77.14,16.56,16.997,78.0
1,2024-09-19 04:00:00+00:00,15.097,16.697,16.097,17.947,18.897,18.247,16.845499,86.0,78.0,79.0,74.0,67.0,66.0,73.0,9,summer,74.71,17.12,16.997,78.0
1,2024-09-19 05:00:00+00:00,17.947,18.947,18.697,19.697,20.296999,19.447,19.4955,77.0,70.0,71.0,67.0,62.0,62.0,61.0,9,summer,67.14,19.22,18.747,72.0
1,2024-09-19 06:00:00+00:00,21.296999,21.397,21.796999,21.497,21.997,20.997,22.8955,63.0,61.0,58.0,59.0,56.0,58.0,50.0,9,summer,57.86,21.7,21.097,61.0
1,2024-09-19 07:00:00+00:00,24.097,24.147,24.597,23.796999,24.097,23.097,26.7455,55.0,54.0,51.0,52.0,50.0,53.0,39.0,9,summer,50.57,24.37,23.697,55.0
1,2024-09-19 08:00:00+00:00,26.647,26.796999,27.296999,26.296999,26.497,25.546999,30.9455,48.0,46.0,43.0,45.0,43.0,46.0,30.0,9,summer,43.0,27.15,26.097,48.0
1,2024-09-19 09:00:00+00:00,27.997,28.347,28.796999,28.197,28.397,27.497,33.495502,41.0,40.0,36.0,39.0,37.0,41.0,23.0,9,summer,36.71,28.96,27.697,42.0
1,2024-09-19 10:00:00+00:00,29.247,29.847,30.097,29.347,29.597,28.546999,33.3455,38.0,36.0,33.0,35.0,33.0,37.0,21.0,9,summer,33.29,30.0,28.697,39.0
1,2024-09-19 11:00:00+00:00,29.796999,30.347,30.097,29.947,30.347,29.046999,31.4955,35.0,33.0,32.0,32.0,30.0,34.0,23.0,9,summer,31.29,30.15,29.497,36.0
1,2024-09-19 12:00:00+00:00,29.497,30.147,30.397,30.497,29.897,30.296999,27.095499,36.0,33.0,33.0,31.0,35.0,31.0,37.0,9,summer,33.71,29.69,29.546999,35.0
1,2024-09-19 13:00:00+00:00,29.197,29.947,29.546999,29.947,29.296999,29.947,25.7955,35.0,31.0,34.0,31.0,36.0,31.0,41.0,9,summer,34.14,29.1,28.546999,38.0
1,2024-09-19 14:00:00+00:00,26.097,28.046999,26.997,28.796999,28.147,29.046999,24.4955,49.0,38.0,47.0,33.0,38.0,33.0,46.0,9,summer,40.57,27.38,27.097,42.0
1,2024-09-19 15:00:00+00:00,24.046999,24.747,24.397,27.296999,26.796999,27.647,23.2955,64.0,61.0,57.0,39.0,43.0,38.0,51.0,9,summer,50.43,25.46,24.546999,57.0
1,2024-09-19 16:00:00+00:00,22.847,21.647,22.397,25.247,25.046999,25.497,22.095499,70.0,77.0,71.0,51.0,53.0,50.0,56.0,9,summer,61.14,23.54,21.347,79.0
1,2024-09-19 17:00:00+00:00,21.296999,21.147,21.447,22.897,22.997,22.847,20.9455,81.0,80.0,80.0,66.0,66.0,66.0,62.0,9,summer,71.57,21.94,20.597,82.0
1,2024-09-19 18:00:00+00:00,20.296999,20.347,20.847,20.546999,21.447,20.847,20.595499,86.0,85.0,81.0,81.0,77.0,78.0,65.0,9,summer,79.0,20.7,20.447,83.0
1,2024-09-19 19:00:00+00:00,20.097,19.597,20.097,19.947,20.697,19.997,20.595499,86.0,89.0,85.0,85.0,82.0,83.0,65.0,9,summer,82.14,20.15,20.046999,86.0
1,2024-09-19 20:00:00+00:00,19.747,19.046999,19.546999,19.647,20.397,19.796999,20.845499,87.0,91.0,87.0,88.0,85.0,84.0,62.0,9,summer,83.43,19.86,19.796999,88.0
1,2024-09-19 21:00:00+00:00,19.347,18.497,19.347,19.447,20.097,19.647,20.7955,90.0,93.0,87.0,90.0,87.0,85.0,60.0,9,summer,84.57,19.6,19.397,90.0
1,2024-09-19 22:00:00+00:00,19.046999,18.247,19.046999,19.347,19.697,19.447,20.1455,90.0,93.0,89.0,91.0,89.0,87.0,59.0,9,summer,85.43,19.28,19.197,90.0
1,2024-09-19 23:00:00+00:00,18.796999,18.097,18.697,19.347,19.347,19.296999,19.1455,89.0,92.0,91.0,91.0,91.0,88.0,59.0,9,summer,85.86,18.96,19.197,89.0
1,2024-09-20 00:00:00+00:00,17.997,17.647,18.546999,18.296999,18.947,19.147,17.4955,84.0,92.0,90.0,87.0,86.0,82.0,62.0,9,summer,83.29,18.3,19.046999,88.0
1,2024-09-20 01:00:00+00:00,17.647,17.397,18.546999,17.947,18.296999,18.647,16.4955,87.0,89.0,90.0,85.0,87.0,81.0,66.0,9,summer,83.57,17.85,18.997,88.0
1,2024-09-20 02:00:00+00:00,17.347,17.046999,18.447,17.546999,17.546999,18.097,15.5455,89.0,88.0,87.0,83.0,89.0,78.0,71.0,9,summer,83.57,17.37,19.097,86.0
1,2024-09-20 03:00:00+00:00,17.296999,16.847,18.397,17.597,17.447,18.097,15.5955,88.0,88.0,83.0,80.0,88.0,75.0,72.0,9,summer,82.0,17.33,18.997,81.0
1,2024-09-20 04:00:00+00:00,17.447,16.997,18.197,18.197,18.397,18.947,17.1955,88.0,88.0,81.0,77.0,82.0,70.0,66.0,9,summer,78.86,17.91,18.546999,83.0
1,2024-09-20 05:00:00+00:00,18.897,18.497,18.796999,19.247,20.046999,20.347,19.7955,84.0,83.0,80.0,72.0,74.0,65.0,57.0,9,summer,73.57,19.38,18.847,82.0
1,2024-09-20 06:00:00+00:00,20.097,20.597,20.397,20.747,21.847,22.046999,23.3955,77.0,72.0,73.0,67.0,66.0,59.0,48.0,9,summer,66.0,21.3,20.147,74.0
1,2024-09-20 07:00:00+00:00,21.247,22.147,22.147,22.597,23.997,24.247,27.095499,74.0,66.0,66.0,62.0,59.0,52.0,38.0,9,summer,59.57,23.35,21.147,72.0
1,2024-09-20 08:00:00+00:00,22.397,23.247,24.046999,24.747,26.347,26.697,31.095499,70.0,64.0,60.0,55.0,52.0,45.0,29.0,9,summer,53.57,25.51,21.847,69.0
1,2024-09-20 09:00:00+00:00,23.796999,24.847,24.947,26.296999,28.097,28.397,33.3955,65.0,59.0,57.0,51.0,46.0,40.0,23.0,9,summer,48.71,27.11,23.197,65.0
1,2024-09-20 10:00:00+00:00,24.847,25.747,25.247,26.997,29.097,29.097,32.5455,62.0,55.0,56.0,49.0,41.0,37.0,24.0,9,summer,46.29,27.65,24.046999,60.0
1,2024-09-20 11:00:00+00:00,25.147,26.397,25.296999,27.097,29.546999,29.046999,29.9455,59.0,53.0,57.0,49.0,38.0,36.0,29.0,9,summer,45.86,27.5,24.847,57.0
1,2024-09-20 12:00:00+00:00,24.546999,26.647,26.397,26.597,27.046999,28.546999,25.9955,60.0,53.0,53.0,50.0,48.0,40.0,43.0,9,summer,49.57,26.54,26.897,49.0
1,2024-09-20 13:00:00+00:00,24.447,21.697,22.247,25.546999,24.597,26.546999,23.845499,61.0,82.0,80.0,57.0,61.0,51.0,51.0,9,summer,63.29,24.13,26.847,48.0
1,2024-09-20 14:00:00+00:00,23.897,20.897,20.397,23.747,21.296999,23.597,21.7455,64.0,82.0,89.0,67.0,78.0,66.0,59.0,9,summer,72.14,22.23,24.046999,63.0
1,2024-09-20 15:00:00+00:00,23.097,20.997,20.497,22.247,18.847,21.147,20.2955,69.0,79.0,87.0,76.0,90.0,78.0,65.0,9,summer,77.71,21.02,21.997,73.0
1,2024-09-20 16:00:00+00:00,21.997,20.397,20.347,21.397,18.197,19.697,19.8955,78.0,85.0,88.0,81.0,92.0,81.0,67.0,9,summer,81.71,20.28,21.497,78.0
1,2024-09-20 17:00:00+00:00,21.147,19.847,20.147,20.796999,18.497,18.796999,20.095499,84.0,88.0,88.0,85.0,90.0,81.0,66.0,9,summer,83.14,19.9,20.847,84.0
1,2024-09-20 18:00:00+00:00,20.197,19.747,19.046999,20.296999,18.747,18.147,22.3955,84.0,84.0,93.0,85.0,88.0,81.0,49.0,9,summer,80.57,19.8,19.997,86.0
1,2024-09-20 19:00:00+00:00,19.447,19.347,18.347,19.796999,18.747,17.847,21.6955,86.0,86.0,95.0,88.0,88.0,83.0,51.0,9,summer,82.43,19.32,19.347,90.0
1,2024-09-20 20:00:00+00:00,18.897,18.897,18.046999,19.296999,18.697,17.847,20.7955,89.0,90.0,96.0,90.0,89.0,87.0,54.0,9,summer,85.0,18.93,18.947,91.0
1,2024-09-20 21:00:00+00:00,18.497,18.597,17.796999,18.847,18.697,17.897,19.8955,91.0,91.0,96.0,91.0,90.0,89.0,57.0,9,summer,86.43,18.6,18.597,92.0
1,2024-09-20 22:00:00+00:00,18.347,18.296999,17.497,18.447,18.647,17.897,18.9455,86.0,87.0,93.0,89.0,90.0,91.0,60.0,9,summer,85.14,18.3,18.497,92.0
1,2024-09-20 23:00:00+00:00,18.046999,17.847,17.147,18.046999,18.597,17.897,17.9955,82.0,85.0,91.0,86.0,90.0,92.0,62.0,9,summer,84.0,17.94,18.447,91.0
1,2024-09-21 00:00:00+00:00,17.747,17.397,17.097,18.247,17.747,18.097,17.7955,81.0,88.0,88.0,84.0,84.0,90.0,63.0,9,summer,82.57,17.73,17.597,92.0
1,2024-09-21 01:00:00+00:00,17.296999,17.097,16.647,17.546999,17.097,17.947,16.7455,84.0,88.0,89.0,84.0,85.0,89.0,68.0,9,summer,83.86,17.2,17.347,91.0
1,2024-09-21 02:00:00+00:00,16.897,16.747,16.497,16.796999,16.397,17.747,15.3955,86.0,89.0,90.0,86.0,87.0,87.0,75.0,9,summer,85.71,16.64,16.897,91.0
1,2024-09-21 03:00:00+00:00,16.597,16.647,16.197,16.647,16.347,17.897,15.195499,87.0,89.0,90.0,86.0,87.0,85.0,77.0,9,summer,85.86,16.5,16.546999,90.0
1,2024-09-21 04:00:00+00:00,16.447,16.747,16.097,17.497,17.296999,18.497,16.7955,89.0,88.0,90.0,83.0,84.0,82.0,71.0,9,summer,83.86,17.05,16.546999,89.0
1,2024-09-21 05:00:00+00:00,18.296999,18.247,18.247,18.997,18.897,19.397,19.4455,83.0,85.0,86.0,79.0,78.0,79.0,61.0,9,summer,78.71,18.79,18.197,83.0
1,2024-09-21 06:00:00+00:00,20.747,21.097,20.897,20.697,20.647,20.597,21.8955,74.0,72.0,75.0,75.0,72.0,75.0,52.0,9,summer,70.71,20.94,20.097,71.0
1,2024-09-21 07:00:00+00:00,22.997,23.097,22.697,22.796999,22.647,22.397,24.7955,64.0,63.0,67.0,67.0,65.0,69.0,44.0,9,summer,62.71,23.06,21.897,65.0
1,2024-09-21 08:00:00+00:00,25.197,24.597,24.296999,25.097,24.796999,24.497,27.9455,56.0,58.0,60.0,58.0,57.0,62.0,35.0,9,summer,55.14,25.2,23.447,60.0
1,2024-09-21 09:00:00+00:00,26.747,25.997,25.447,26.747,26.497,26.046999,30.095499,50.0,55.0,55.0,52.0,51.0,57.0,29.0,9,summer,49.86,26.8,24.947,55.0
1,2024-09-21 10:00:00+00:00,27.796999,27.197,26.147,27.447,27.697,26.796999,30.5455,48.0,51.0,53.0,49.0,46.0,55.0,26.0,9,summer,46.86,27.66,26.296999,48.0
1,2024-09-21 11:00:00+00:00,27.847,27.597,27.046999,27.497,28.497,27.046999,29.9455,46.0,49.0,50.0,48.0,43.0,55.0,26.0,9,summer,45.29,27.93,27.347,45.0
1,2024-09-21 12:00:00+00:00,27.296999,27.296999,26.447,25.097,28.247,25.897,28.9955,47.0,48.0,53.0,66.0,41.0,57.0,28.0,9,summer,48.57,27.04,28.197,41.0
1,2024-09-21 13:00:00+00:00,27.097,25.597,26.197,24.546999,26.597,25.247,27.2455,45.0,54.0,54.0,70.0,50.0,62.0,32.0,9,summer,52.43,26.08,27.397,44.0
1,2024-09-21 14:00:00+00:00,26.997,22.897,23.597,23.796999,24.097,24.147,25.1955,40.0,70.0,73.0,75.0,64.0,68.0,38.0,9,summer,61.14,24.39,23.997,57.0
1,2024-09-21 15:00:00+00:00,26.147,21.447,22.747,22.997,22.046999,23.097,23.4955,41.0,79.0,78.0,79.0,75.0,73.0,43.0,9,summer,66.86,23.14,22.147,68.0
1,2024-09-21 16:00:00+00:00,23.847,20.897,21.897,22.147,20.947,22.296999,22.4455,50.0,81.0,84.0,83.0,81.0,73.0,48.0,9,summer,71.43,22.07,21.546999,72.0
1,2024-09-21 17:00:00+00:00,22.147,20.197,21.197,21.247,20.296999,21.597,21.7455,55.0,85.0,87.0,87.0,84.0,72.0,53.0,9,summer,74.71,21.2,20.796999,78.0
1,2024-09-21 18:00:00+00:00,20.697,19.796999,20.997,20.046999,19.747,20.847,20.3955,65.0,89.0,75.0,92.0,85.0,70.0,63.0,9,summer,77.0,20.36,19.147,88.0
1,2024-09-21 19:00:00+00:00,19.497,19.247,20.046999,19.497,19.197,20.097,20.595499,71.0,92.0,77.0,95.0,81.0,69.0,59.0,9,summer,77.71,19.74,18.497,91.0
1,2024-09-21 20:00:00+00:00,18.497,18.997,18.796999,19.097,18.747,19.347,21.1955,77.0,93.0,80.0,97.0,75.0,68.0,52.0,9,summer,77.43,19.24,17.747,91.0
1,2024-09-21 21:00:00+00:00,17.796999,18.447,17.997,18.647,18.247,18.647,21.2955,80.0,92.0,82.0,97.0,70.0,68.0,49.0,9,summer,76.86,18.73,17.296999,85.0
1,2024-09-21 22:00:00+00:00,17.397,18.147,17.347,18.046999,17.597,18.046999,20.1955,81.0,85.0,84.0,95.0,70.0,70.0,54.0,9,summer,77.0,18.11,16.697,83.0
1,2024-09-21 23:00:00+00:00,16.897,17.647,16.947,17.447,16.847,17.546999,18.595499,83.0,81.0,84.0,92.0,72.0,73.0,64.0,9,summer,78.43,17.42,16.197,85.0
1,2024-09-22 00:00:00+00:00,16.697,17.697,16.597,16.347,16.897,16.697,16.7955,82.0,82.0,87.0,91.0,84.0,81.0,73.0,9,summer,82.86,16.82,15.597,88.0
1,2024-09-22 01:00:00+00:00,16.247,17.296999,16.296999,15.947,16.546999,15.997,16.095499,84.0,83.0,87.0,91.0,85.0,82.0,76.0,9,summer,84.0,16.35,15.297,90.0
1,2024-09-22 02:00:00+00:00,15.947,16.997,16.097,15.697,16.347,15.347,15.695499,85.0,83.0,87.0,91.0,86.0,85.0,78.0,9,summer,85.0,16.02,15.047,91.0
1,2024-09-22 03:00:00+00:00,15.646999,16.546999,15.847,15.896999,16.647,15.396999,16.095499,86.0,85.0,88.0,90.0,85.0,84.0,76.0,9,summer,84.86,16.01,14.947,92.0
1,2024-09-22 04:00:00+00:00,15.597,16.347,15.747,16.847,17.546999,16.597,17.6955,86.0,87.0,88.0,87.0,79.0,78.0,69.0,9,summer,82.0,16.63,15.097,91.0
1,2024-09-22 05:00:00+00:00,18.046999,18.247,17.747,18.347,18.947,18.497,20.095499,79.0,82.0,84.0,82.0,71.0,69.0,58.0,9,summer,75.0,18.56,17.747,82.0
1,2024-09-22 06:00:00+00:00,20.847,21.097,20.897,20.247,20.647,20.597,23.1955,71.0,68.0,68.0,74.0,63.0,61.0,47.0,9,summer,64.57,21.08,20.597,68.0
1,2024-09-22 07:00:00+00:00,23.046999,23.397,22.997,22.447,22.847,22.947,25.845499,62.0,59.0,59.0,67.0,55.0,54.0,39.0,9,summer,56.43,23.36,22.947,60.0
1,2024-09-22 08:00:00+00:00,25.347,25.197,24.847,24.796999,25.347,25.447,28.5455,55.0,54.0,54.0,60.0,48.0,48.0,31.0,9,summer,50.0,25.65,25.197,53.0
1,2024-09-22 09:00:00+00:00,26.847,26.497,26.296999,26.647,27.296999,27.447,30.4955,48.0,49.0,49.0,53.0,42.0,43.0,26.0,9,summer,44.29,27.36,26.546999,46.0
1,2024-09-22 10:00:00+00:00,27.747,27.147,26.897,27.796999,28.397,28.597,31.2955,44.0,45.0,46.0,47.0,38.0,38.0,23.0,9,summer,40.14,28.27,27.046999,43.0
1,2024-09-22 11:00:00+00:00,28.197,27.546999,27.347,28.397,28.897,29.247,31.345499,41.0,43.0,45.0,42.0,36.0,35.0,23.0,9,summer,37.86,28.71,27.697,42.0
1,2024-09-22 12:00:00+00:00,27.947,27.697,28.197,27.546999,26.697,28.997,31.2955,42.0,41.0,40.0,45.0,52.0,30.0,21.0,9,summer,38.71,28.34,28.296999,39.0
1,2024-09-22 13:00:00+00:00,24.897,25.296999,27.697,26.847,25.947,28.397,29.9955,55.0,51.0,42.0,49.0,54.0,29.0,22.0,9,summer,43.14,27.01,27.647,42.0
1,2024-09-22 14:00:00+00:00,24.647,21.997,24.447,25.597,24.796999,27.247,28.095499,54.0,67.0,59.0,56.0,58.0,30.0,25.0,9,summer,49.86,25.26,25.997,46.0
1,2024-09-22 15:00:00+00:00,23.597,21.347,22.897,24.397,23.697,25.897,26.2955,57.0,69.0,67.0,62.0,62.0,33.0,29.0,9,summer,54.14,24.02,25.046999,49.0
1,2024-09-22 16:00:00+00:00,21.796999,20.497,21.847,23.296999,22.947,24.397,24.7955,67.0,76.0,73.0,66.0,66.0,39.0,36.0,9,summer,60.43,22.8,22.747,61.0
1,2024-09-22 17:00:00+00:00,21.097,19.947,20.796999,22.197,22.296999,22.747,23.3955,73.0,79.0,79.0,69.0,71.0,46.0,45.0,9,summer,66.0,21.78,21.097,69.0
1,2024-09-22 18:00:00+00:00,20.397,19.497,20.997,21.247,21.546999,21.296999,22.4955,73.0,86.0,76.0,70.0,73.0,51.0,42.0,9,summer,67.29,21.07,20.546999,75.0
1,2024-09-22 19:00:00+00:00,20.347,19.347,20.296999,20.347,20.497,20.197,21.1455,68.0,88.0,78.0,66.0,70.0,52.0,46.0,9,summer,66.86,20.31,19.347,78.0
1,2024-09-22 20:00:00+00:00,19.796999,19.296999,19.497,19.447,19.296999,19.347,19.8955,67.0,85.0,78.0,59.0,63.0,51.0,49.0,9,summer,64.57,19.51,19.097,69.0
1,2024-09-22 21:00:00+00:00,19.397,18.796999,18.847,18.697,18.296999,18.597,18.7955,66.0,79.0,73.0,55.0,60.0,51.0,54.0,9,summer,62.57,18.78,18.947,64.0
1,2024-09-22 22:00:00+00:00,19.147,17.997,18.296999,18.046999,17.647,17.997,17.9455,69.0,72.0,61.0,56.0,62.0,54.0,61.0,9,summer,62.14,18.15,18.296999,68.0
1,2024-09-22 23:00:00+00:00,18.497,17.147,17.447,17.546999,17.147,17.546999,17.2955,69.0,69.0,63.0,60.0,67.0,58.0,68.0,9,summer,64.86,17.52,18.046999,68.0
1,2024-09-23 00:00:00+00:00,17.397,17.597,16.847,16.296999,16.497,17.597,16.8955,73.0,62.0,70.0,74.0,68.0,71.0,70.0,9,autumn,69.71,17.02,16.747,72.0
1,2024-09-23 01:00:00+00:00,16.497,16.897,16.597,15.697,15.597,16.997,16.1955,74.0,67.0,70.0,75.0,72.0,74.0,74.0,9,autumn,72.29,16.35,16.247,72.0
1,2024-09-23 02:00:00+00:00,16.147,16.397,16.047,15.297,14.697,16.447,15.5955,75.0,72.0,73.0,77.0,76.0,76.0,77.0,9,autumn,75.14,15.8,16.097,73.0
1,2024-09-23 03:00:00+00:00,16.147,16.047,15.747,15.447,14.597,16.597,15.7955,75.0,75.0,75.0,76.0,77.0,76.0,76.0,9,autumn,75.71,15.77,15.997,74.0
1,2024-09-23 04:00:00+00:00,16.197,16.197,15.747,16.447,15.797,17.796999,17.345499,76.0,76.0,77.0,71.0,74.0,72.0,68.0,9,autumn,73.43,16.5,16.147,75.0
1,2024-09-23 05:00:00+00:00,17.747,18.097,17.796999,18.046999,17.847,19.747,19.7455,73.0,71.0,72.0,65.0,69.0,65.0,57.0,9,autumn,67.43,18.43,17.597,73.0
1,2024-09-23 06:00:00+00:00,20.697,20.796999,20.097,20.147,19.947,21.697,22.3955,61.0,61.0,61.0,50.0,63.0,58.0,43.0,9,autumn,56.71,20.83,19.497,64.0
1,2024-09-23 07:00:00+00:00,22.897,22.997,22.296999,22.247,22.097,23.747,25.0455,54.0,53.0,54.0,45.0,56.0,52.0,35.0,9,autumn,49.86,23.05,21.847,56.0
1,2024-09-23 08:00:00+00:00,25.097,25.097,24.497,24.497,24.296999,25.897,27.7955,48.0,47.0,47.0,42.0,49.0,46.0,28.0,9,autumn,43.86,25.31,23.947,50.0
1,2024-09-23 09:00:00+00:00,26.296999,26.597,26.247,26.296999,26.046999,27.447,29.8955,44.0,42.0,43.0,39.0,43.0,41.0,23.0,9,autumn,39.29,26.98,25.546999,44.0
1,2024-09-23 10:00:00+00:00,26.847,27.597,27.397,27.347,27.197,28.197,31.0455,41.0,39.0,39.0,36.0,38.0,38.0,19.0,9,autumn,35.71,27.95,25.947,42.0
1,2024-09-23 11:00:00+00:00,26.897,27.647,27.796999,27.897,27.897,28.397,31.4455,41.0,37.0,37.0,34.0,35.0,36.0,18.0,9,autumn,34.0,28.28,25.897,40.0
1,2024-09-23 12:00:00+00:00,26.347,26.847,28.046999,28.397,28.197,27.546999,30.8955,40.0,37.0,34.0,31.0,34.0,35.0,20.0,9,autumn,33.0,28.04,26.296999,40.0
1,2024-09-23 13:00:00+00:00,26.546999,26.747,27.697,27.897,27.796999,27.097,30.095499,39.0,36.0,34.0,31.0,33.0,35.0,20.0,9,autumn,32.57,27.7,26.347,39.0
1,2024-09-23 14:00:00+00:00,26.197,26.546999,26.897,26.897,26.897,26.046999,28.7455,39.0,34.0,35.0,31.0,34.0,37.0,21.0,9,autumn,33.0,26.89,25.847,39.0
1,2024-09-23 15:00:00+00:00,24.997,25.347,25.447,25.546999,25.597,24.697,27.1955,42.0,32.0,36.0,34.0,36.0,40.0,22.0,9,autumn,34.57,25.55,24.497,45.0
1,2024-09-23 16:00:00+00:00,22.796999,22.997,23.097,23.647,23.697,22.747,25.2455,47.0,37.0,43.0,40.0,41.0,47.0,25.0,9,autumn,40.0,23.46,23.197,48.0
1,2024-09-23 17:00:00+00:00,20.897,21.147,21.347,21.447,21.447,20.497,23.0455,53.0,40.0,48.0,48.0,48.0,55.0,28.0,9,autumn,45.71,21.4,22.097,49.0
1,2024-09-23 18:00:00+00:00,20.197,21.347,19.796999,20.296999,19.597,18.697,22.7955,53.0,43.0,57.0,55.0,54.0,61.0,30.0,9,autumn,50.43,20.39,21.247,49.0
1,2024-09-23 19:00:00+00:00,19.097,20.697,18.697,19.546999,18.497,17.847,21.5455,54.0,43.0,59.0,56.0,56.0,61.0,31.0,9,autumn,51.43,19.42,20.147,53.0
1,2024-09-23 20:00:00+00:00,17.947,20.097,18.397,19.147,17.847,17.546999,20.2955,56.0,45.0,55.0,56.0,57.0,59.0,33.0,9,autumn,51.57,18.75,19.497,54.0
1,2024-09-23 21:00:00+00:00,17.447,19.747,18.197,18.747,17.296999,17.247,19.095499,58.0,46.0,49.0,57.0,59.0,59.0,35.0,9,autumn,51.86,18.25,18.997,56.0
1,2024-09-23 22:00:00+00:00,17.247,18.997,17.397,18.197,16.796999,16.796999,17.9455,57.0,49.0,53.0,60.0,62.0,63.0,40.0,9,autumn,54.86,17.63,17.747,63.0
1,2024-09-23 23:00:00+00:00,16.997,17.997,16.796999,17.647,16.447,16.397,16.8955,55.0,52.0,59.0,65.0,66.0,69.0,46.0,9,autumn,58.86,17.03,16.697,66.0
