Unnamed: 0,location_id,date,temperature_2m_previous_day1,temperature_2m_previous_day2,temperature_2m_previous_day3,temperature_2m_previous_day4,temperature_2m_previous_day5,temperature_2m_previous_day6,temperature_2m_previous_day7,relative_humidity_2m_previous_day1,relative_humidity_2m_previous_day2,relative_humidity_2m_previous_day3,relative_humidity_2m_previous_day4,relative_humidity_2m_previous_day5,relative_humidity_2m_previous_day6,relative_humidity_2m_previous_day7,month,season,average_humidity,average_temp
0,1,2024-02-01 00:00:00+00:00,18.947,18.897,18.497,17.296999,17.546999,16.947,16.845499,94.0,95.0,95.0,96.0,88.0,91.0,90.0,2,winter,92.71428571428571,17.853928142857143
1,1,2024-02-01 01:00:00+00:00,18.546999,18.647,17.347,16.447,16.597,16.047,16.2455,96.0,95.0,97.0,96.0,91.0,91.0,91.0,2,winter,93.85714285714286,17.125357
2,1,2024-02-01 02:00:00+00:00,18.046999,18.447,16.597,15.646999,15.646999,15.396999,15.4955,98.0,96.0,97.0,94.0,93.0,90.0,93.0,2,winter,94.42857142857143,16.468213714285714
3,1,2024-02-01 03:00:00+00:00,17.647,17.796999,15.747,15.497,15.447,15.347,15.3455,99.0,98.0,96.0,92.0,93.0,88.0,93.0,2,winter,94.14285714285714,16.11821414285714
4,1,2024-02-01 04:00:00+00:00,17.046999,17.347,15.047,16.397,16.447,16.296999,16.2955,100.0,98.0,94.0,89.0,89.0,85.0,90.0,2,winter,92.14285714285714,16.411071142857143
5,1,2024-02-01 05:00:00+00:00,17.997,18.447,16.597,17.947,18.247,17.897,17.8955,96.0,95.0,90.0,84.0,83.0,81.0,86.0,2,winter,87.85714285714286,17.861071428571428
6,1,2024-02-01 06:00:00+00:00,20.197,19.997,19.897,19.796999,20.197,19.697,18.2955,85.0,82.0,80.0,79.0,76.0,76.0,90.0,2,winter,81.14285714285714,19.725357000000002
7,1,2024-02-01 07:00:00+00:00,22.197,22.197,21.997,21.747,22.296999,21.847,20.4455,73.0,72.0,71.0,72.0,68.0,68.0,79.0,2,winter,71.85714285714286,21.81821414285714
8,1,2024-02-01 08:00:00+00:00,23.796999,24.046999,23.597,23.947,24.546999,24.197,23.2455,66.0,64.0,65.0,63.0,59.0,59.0,64.0,2,winter,62.857142857142854,23.911071
9,1,2024-02-01 09:00:00+00:00,25.347,25.697,25.247,25.647,26.347,26.097,25.595499,58.0,55.0,56.0,55.0,51.0,51.0,52.0,2,winter,54.0,25.711071285714286
10,1,2024-02-01 10:00:00+00:00,26.747,26.997,26.497,26.597,27.497,27.247,27.1955,50.0,48.0,49.0,50.0,46.0,46.0,45.0,2,winter,47.714285714285715,26.968214285714286
11,1,2024-02-01 11:00:00+00:00,27.296999,27.397,27.247,27.046999,28.197,27.897,28.2955,46.0,45.0,46.0,46.0,43.0,43.0,41.0,2,winter,44.285714285714285,27.625356857142858
12,1,2024-02-01 12:00:00+00:00,27.847,27.847,28.247,28.447,27.296999,27.796999,22.9955,44.0,42.0,42.0,38.0,46.0,41.0,73.0,2,winter,46.57142857142857,27.211071142857143
13,1,2024-02-01 13:00:00+00:00,28.046999,28.147,28.447,28.497,27.296999,27.447,22.095499,42.0,40.0,41.0,37.0,45.0,43.0,77.0,2,winter,46.42857142857143,27.139642428571428
14,1,2024-02-01 14:00:00+00:00,27.847,27.897,28.046999,28.197,27.046999,26.597,20.9455,42.0,38.0,40.0,39.0,45.0,47.0,83.0,2,winter,47.714285714285715,26.65392828571429
15,1,2024-02-01 15:00:00+00:00,27.247,26.997,27.247,27.347,26.296999,25.497,19.845499,42.0,42.0,43.0,43.0,48.0,54.0,87.0,2,winter,51.285714285714285,25.782499714285713
16,1,2024-02-01 16:00:00+00:00,24.997,24.947,24.997,25.597,24.796999,23.997,18.9455,52.0,52.0,54.0,51.0,56.0,64.0,89.0,2,winter,59.714285714285715,24.039642714285716
17,1,2024-02-01 17:00:00+00:00,22.997,22.897,23.097,23.296999,22.847,22.197,18.1455,59.0,52.0,64.0,61.0,66.0,76.0,91.0,2,winter,67.0,22.211071285714286
18,1,2024-02-01 18:00:00+00:00,21.546999,21.747,21.597,21.046999,21.247,20.796999,17.1455,63.0,63.0,64.0,84.0,75.0,85.0,94.0,2,winter,75.42857142857143,20.732499571428573
19,1,2024-02-01 19:00:00+00:00,20.546999,20.947,20.747,20.247,20.397,20.046999,17.1455,74.0,68.0,72.0,88.0,82.0,89.0,93.0,2,winter,80.85714285714286,20.01107114285714
20,1,2024-02-01 20:00:00+00:00,20.097,20.397,19.897,19.897,19.947,19.647,17.595499,87.0,72.0,81.0,87.0,87.0,90.0,91.0,2,winter,85.0,19.639642714285714
21,1,2024-02-01 21:00:00+00:00,19.697,19.397,19.497,19.546999,19.546999,19.296999,17.8955,92.0,77.0,87.0,87.0,91.0,90.0,90.0,2,winter,87.71428571428571,19.268213857142857
22,1,2024-02-01 22:00:00+00:00,19.397,18.997,19.097,19.046999,19.147,18.997,17.845499,91.0,83.0,91.0,89.0,93.0,91.0,90.0,2,winter,89.71428571428571,18.932499714285715
23,1,2024-02-01 23:00:00+00:00,19.347,18.897,18.597,18.546999,18.796999,18.747,17.6455,90.0,85.0,94.0,91.0,93.0,91.0,91.0,2,winter,90.71428571428571,18.653928285714283
24,1,2024-02-02 00:00:00+00:00,18.546999,19.097,18.647,18.747,18.597,18.296999,15.6455,90.0,92.0,87.0,94.0,89.0,93.0,94.0,2,winter,91.28571428571429,18.225356857142856
25,1,2024-02-02 01:00:00+00:00,18.247,18.697,17.647,18.347,17.697,17.796999,15.195499,93.0,94.0,93.0,96.0,93.0,95.0,95.0,2,winter,94.14285714285714,17.661071142857143
26,1,2024-02-02 02:00:00+00:00,18.147,17.847,16.796999,17.947,16.747,17.247,14.695499,94.0,96.0,96.0,97.0,96.0,98.0,97.0,2,winter,96.28571428571429,17.06107114285714
27,1,2024-02-02 03:00:00+00:00,17.497,17.296999,16.047,17.847,16.397,17.147,14.7955,97.0,97.0,97.0,97.0,97.0,98.0,96.0,2,winter,97.0,16.71821414285714
28,1,2024-02-02 04:00:00+00:00,16.997,16.796999,15.597,18.247,17.147,17.697,15.8455,98.0,96.0,96.0,96.0,92.0,96.0,93.0,2,winter,95.28571428571429,16.90392842857143
29,1,2024-02-02 05:00:00+00:00,18.097,17.947,16.947,18.947,18.497,18.747,17.4955,95.0,90.0,91.0,93.0,85.0,91.0,88.0,2,winter,90.42857142857143,18.096785714285716
30,1,2024-02-02 06:00:00+00:00,19.997,20.097,19.397,20.397,19.997,19.997,19.4955,74.0,77.0,78.0,84.0,77.0,85.0,82.0,2,winter,79.57142857142857,19.91107142857143
31,1,2024-02-02 07:00:00+00:00,22.097,22.447,21.847,21.847,21.546999,21.597,21.6455,65.0,68.0,68.0,77.0,70.0,76.0,73.0,2,winter,71.0,21.861071285714285
32,1,2024-02-02 08:00:00+00:00,23.647,24.247,23.597,23.447,23.147,23.447,23.8955,61.0,63.0,62.0,67.0,63.0,66.0,62.0,2,winter,63.42857142857143,23.6325
33,1,2024-02-02 09:00:00+00:00,25.046999,25.847,25.197,24.847,24.497,25.046999,25.6955,57.0,55.0,57.0,60.0,58.0,58.0,54.0,2,winter,57.0,25.168214
34,1,2024-02-02 10:00:00+00:00,26.347,27.046999,26.347,25.947,25.497,26.397,27.0455,52.0,49.0,52.0,55.0,55.0,52.0,47.0,2,winter,51.714285714285715,26.375357
35,1,2024-02-02 11:00:00+00:00,27.296999,27.897,27.046999,26.747,26.197,27.447,27.9455,48.0,44.0,49.0,51.0,53.0,47.0,43.0,2,winter,47.857142857142854,27.225356857142856
36,1,2024-02-02 12:00:00+00:00,27.697,27.897,28.097,27.546999,26.046999,26.997,25.8955,44.0,44.0,42.0,47.0,55.0,53.0,57.0,2,winter,48.857142857142854,27.168214
37,1,2024-02-02 13:00:00+00:00,27.847,28.046999,28.046999,26.847,25.447,26.447,24.4955,42.0,43.0,42.0,52.0,58.0,55.0,65.0,2,winter,51.0,26.739642571428572
38,1,2024-02-02 14:00:00+00:00,27.597,27.747,27.796999,25.397,24.347,25.397,22.5455,43.0,44.0,43.0,62.0,62.0,60.0,77.0,2,winter,55.857142857142854,25.832499857142857
39,1,2024-02-02 15:00:00+00:00,26.897,27.046999,27.247,23.997,23.247,24.247,20.6455,43.0,45.0,44.0,70.0,67.0,65.0,86.0,2,winter,60.0,24.761071285714287
40,1,2024-02-02 16:00:00+00:00,24.697,23.697,25.197,22.796999,22.247,23.147,18.7455,54.0,71.0,57.0,76.0,73.0,72.0,91.0,2,winter,70.57142857142857,22.932499857142854
41,1,2024-02-02 17:00:00+00:00,22.647,21.897,23.197,21.597,21.247,21.947,16.8955,63.0,78.0,63.0,82.0,79.0,79.0,94.0,2,winter,76.85714285714286,21.346785714285712
42,1,2024-02-02 18:00:00+00:00,21.046999,21.796999,21.546999,21.647,20.347,20.997,16.7955,83.0,77.0,72.0,80.0,84.0,85.0,95.0,2,winter,82.28571428571429,20.596785285714283
43,1,2024-02-02 19:00:00+00:00,20.247,20.747,20.397,20.697,19.546999,20.397,16.3955,85.0,86.0,86.0,84.0,88.0,88.0,95.0,2,winter,87.42857142857143,19.775356999999996
44,1,2024-02-02 20:00:00+00:00,20.296999,20.147,19.697,20.147,18.796999,20.046999,16.1455,83.0,90.0,90.0,86.0,91.0,90.0,95.0,2,winter,89.28571428571429,19.32535671428571
45,1,2024-02-02 21:00:00+00:00,19.347,19.546999,18.747,19.546999,18.197,19.697,15.8955,87.0,92.0,90.0,88.0,94.0,91.0,95.0,2,winter,91.0,18.711071142857143
46,1,2024-02-02 22:00:00+00:00,18.647,18.796999,17.647,18.796999,17.796999,19.247,15.5455,92.0,93.0,91.0,91.0,96.0,92.0,95.0,2,winter,92.85714285714286,18.068213857142858
47,1,2024-02-02 23:00:00+00:00,18.546999,18.397,16.897,18.097,17.597,18.847,15.1455,93.0,92.0,92.0,95.0,96.0,93.0,94.0,2,winter,93.57142857142857,17.646785571428573
48,1,2024-02-03 00:00:00+00:00,18.697,18.247,17.447,16.947,18.046999,18.347,15.5955,92.0,96.0,94.0,93.0,96.0,95.0,93.0,2,winter,94.14285714285714,17.618214142857145
49,1,2024-02-03 01:00:00+00:00,18.147,18.046999,17.247,16.197,17.747,18.046999,14.945499,94.0,97.0,94.0,93.0,96.0,95.0,94.0,2,winter,94.71428571428571,17.196785285714284
50,1,2024-02-03 02:00:00+00:00,17.647,17.697,16.897,15.597,17.497,17.747,14.2455,94.0,98.0,93.0,91.0,96.0,95.0,95.0,2,winter,94.57142857142857,16.761071428571427
51,1,2024-02-03 03:00:00+00:00,16.847,17.197,15.947,15.547,17.597,17.697,14.2455,96.0,99.0,94.0,89.0,95.0,95.0,94.0,2,winter,94.57142857142857,16.439642857142854
52,1,2024-02-03 04:00:00+00:00,16.047,16.947,15.747,16.397,18.247,17.847,15.2455,96.0,99.0,91.0,85.0,92.0,95.0,91.0,2,winter,92.71428571428571,16.639642857142857
53,1,2024-02-03 05:00:00+00:00,17.197,18.197,17.197,17.897,19.247,18.247,16.845499,93.0,95.0,88.0,80.0,89.0,95.0,87.0,2,winter,89.57142857142857,17.832499857142857
54,1,2024-02-03 06:00:00+00:00,20.097,20.247,20.247,19.947,20.296999,19.046999,18.4955,81.0,80.0,75.0,77.0,85.0,92.0,79.0,2,winter,81.28571428571429,19.768214
55,1,2024-02-03 07:00:00+00:00,21.947,22.647,22.247,21.947,21.397,20.546999,20.6955,75.0,69.0,69.0,71.0,81.0,84.0,69.0,2,winter,74.0,21.632499857142857
56,1,2024-02-03 08:00:00+00:00,23.796999,24.697,23.997,23.997,22.597,22.497,23.1455,64.0,60.0,64.0,64.0,76.0,74.0,58.0,2,winter,65.71428571428571,23.532499857142856
57,1,2024-02-03 09:00:00+00:00,25.397,26.247,25.647,25.647,23.647,24.147,25.095499,57.0,53.0,57.0,58.0,72.0,66.0,49.0,2,winter,58.857142857142854,25.118214142857138
58,1,2024-02-03 10:00:00+00:00,26.597,27.097,27.046999,26.796999,24.647,25.397,26.2955,52.0,50.0,50.0,52.0,67.0,61.0,44.0,2,winter,53.714285714285715,26.268214
59,1,2024-02-03 11:00:00+00:00,27.397,27.947,27.897,27.546999,25.546999,26.296999,26.9955,48.0,46.0,46.0,48.0,63.0,57.0,41.0,2,winter,49.857142857142854,27.089642428571427
60,1,2024-02-03 12:00:00+00:00,27.697,27.447,28.546999,28.747,27.597,28.147,28.7455,47.0,48.0,45.0,42.0,50.0,47.0,40.0,2,winter,45.57142857142857,28.132499857142854
61,1,2024-02-03 13:00:00+00:00,27.597,27.197,28.347,28.197,26.847,28.647,26.9955,48.0,49.0,44.0,44.0,54.0,43.0,49.0,2,winter,47.285714285714285,27.689642857142854
62,1,2024-02-03 14:00:00+00:00,27.197,26.697,27.796999,27.046999,25.397,28.796999,24.1955,49.0,49.0,45.0,49.0,61.0,39.0,62.0,2,winter,50.57142857142857,26.732499571428573
63,1,2024-02-03 15:00:00+00:00,26.046999,24.796999,24.197,25.697,23.947,28.147,21.7955,50.0,61.0,67.0,55.0,68.0,41.0,73.0,2,winter,59.285714285714285,24.946785428571427
64,1,2024-02-03 16:00:00+00:00,23.296999,22.397,21.747,24.097,22.697,26.046999,20.4955,66.0,76.0,79.0,64.0,74.0,53.0,79.0,2,winter,70.14285714285714,22.968214
65,1,2024-02-03 17:00:00+00:00,21.597,21.397,21.546999,22.296999,21.497,23.147,19.595499,79.0,83.0,81.0,75.0,81.0,70.0,82.0,2,winter,78.71428571428571,21.58249957142857
66,1,2024-02-03 18:00:00+00:00,20.947,20.647,20.447,20.447,20.497,20.847,17.595499,83.0,87.0,82.0,85.0,86.0,84.0,89.0,2,winter,85.14285714285714,20.203928428571427
67,1,2024-02-03 19:00:00+00:00,20.497,20.397,19.397,19.947,19.796999,19.747,16.9455,86.0,87.0,88.0,86.0,89.0,89.0,91.0,2,winter,88.0,19.532499857142856
68,1,2024-02-03 20:00:00+00:00,19.247,19.747,19.097,19.546999,19.296999,19.247,16.595499,91.0,89.0,89.0,86.0,91.0,91.0,91.0,2,winter,89.71428571428571,18.96821385714286
69,1,2024-02-03 21:00:00+00:00,18.647,19.347,18.497,19.097,18.847,18.897,16.1955,93.0,89.0,93.0,87.0,93.0,92.0,91.0,2,winter,91.14285714285714,18.50392857142857
70,1,2024-02-03 22:00:00+00:00,18.147,18.897,17.997,18.546999,18.546999,18.597,15.5955,95.0,89.0,96.0,90.0,94.0,93.0,91.0,2,winter,92.57142857142857,18.04678542857143
71,1,2024-02-03 23:00:00+00:00,17.197,18.046999,17.847,17.897,18.296999,18.447,14.9955,98.0,94.0,94.0,93.0,94.0,94.0,90.0,2,winter,93.85714285714286,17.532499714285713
72,1,2024-02-04 00:00:00+00:00,16.546999,17.347,17.397,18.046999,17.747,18.097,15.695499,100.0,98.0,95.0,95.0,95.0,96.0,89.0,2,winter,95.42857142857143,17.268213857142857
73,1,2024-02-04 01:00:00+00:00,15.997,17.097,16.897,17.296999,17.097,17.647,14.9955,100.0,98.0,94.0,97.0,97.0,96.0,90.0,2,winter,96.0,16.71821414285714
74,1,2024-02-04 02:00:00+00:00,15.547,16.947,16.347,16.546999,16.397,17.247,14.3955,99.0,98.0,94.0,99.0,99.0,96.0,91.0,2,winter,96.57142857142857,16.203928428571427
75,1,2024-02-04 03:00:00+00:00,14.997,15.997,15.697,16.397,16.296999,17.247,14.4955,98.0,99.0,95.0,98.0,99.0,95.0,90.0,2,winter,96.28571428571429,15.875357
76,1,2024-02-04 04:00:00+00:00,14.497,15.347,15.197,17.147,17.046999,17.897,15.5955,98.0,99.0,96.0,94.0,97.0,93.0,87.0,2,winter,94.85714285714286,16.103928428571425
77,1,2024-02-04 05:00:00+00:00,16.047,16.697,16.697,18.447,18.296999,18.947,17.3955,94.0,96.0,92.0,89.0,93.0,89.0,82.0,2,winter,90.71428571428571,17.50392842857143
78,1,2024-02-04 06:00:00+00:00,19.597,20.097,20.147,19.947,19.747,20.147,19.345499,82.0,79.0,76.0,82.0,87.0,85.0,77.0,2,winter,81.14285714285714,19.86107128571428
79,1,2024-02-04 07:00:00+00:00,22.397,22.697,22.647,21.796999,21.397,21.546999,21.9955,71.0,68.0,65.0,74.0,79.0,78.0,67.0,2,winter,71.71428571428571,22.068213999999994
80,1,2024-02-04 08:00:00+00:00,24.647,24.997,24.597,23.796999,23.247,23.046999,24.9955,59.0,59.0,59.0,65.0,69.0,70.0,54.0,2,winter,62.142857142857146,24.18964257142857
81,1,2024-02-04 09:00:00+00:00,26.046999,26.897,26.347,25.497,24.697,24.347,27.2955,52.0,51.0,53.0,57.0,62.0,64.0,45.0,2,winter,54.857142857142854,25.875357
82,1,2024-02-04 10:00:00+00:00,27.147,28.097,27.747,26.897,25.597,25.296999,28.7955,47.0,46.0,47.0,51.0,59.0,61.0,39.0,2,winter,50.0,27.08249985714286
83,1,2024-02-04 11:00:00+00:00,27.947,28.796999,28.597,27.997,26.147,25.997,29.6455,43.0,45.0,44.0,45.0,58.0,60.0,35.0,2,winter,47.142857142857146,27.875357000000005
84,1,2024-02-04 12:00:00+00:00,28.647,28.497,28.447,27.597,27.947,25.347,26.4955,37.0,42.0,43.0,49.0,48.0,63.0,49.0,2,winter,47.285714285714285,27.568214285714284
85,1,2024-02-04 13:00:00+00:00,29.097,28.597,28.796999,27.397,27.997,25.247,25.1455,34.0,40.0,41.0,49.0,46.0,62.0,57.0,2,winter,47.0,27.468214142857143
86,1,2024-02-04 14:00:00+00:00,28.597,28.296999,28.897,26.747,27.647,24.747,23.095499,36.0,37.0,34.0,51.0,46.0,62.0,68.0,2,winter,47.714285714285715,26.861071142857146
87,1,2024-02-04 15:00:00+00:00,27.097,27.046999,27.647,25.796999,26.747,23.947,21.1455,42.0,42.0,35.0,55.0,49.0,65.0,78.0,2,winter,52.285714285714285,25.63249971428571
88,1,2024-02-04 16:00:00+00:00,24.647,24.296999,24.597,24.296999,24.897,22.697,19.345499,51.0,52.0,44.0,64.0,58.0,71.0,85.0,2,winter,60.714285714285715,23.539642428571426
89,1,2024-02-04 17:00:00+00:00,22.647,21.897,22.097,22.447,22.546999,21.197,17.6455,58.0,60.0,54.0,76.0,71.0,80.0,91.0,2,winter,70.0,21.49678557142857
90,1,2024-02-04 18:00:00+00:00,21.046999,20.546999,20.447,21.296999,20.647,20.046999,17.4455,64.0,66.0,70.0,81.0,81.0,87.0,93.0,2,winter,77.42857142857143,20.211070857142857
91,1,2024-02-04 19:00:00+00:00,20.247,19.546999,19.697,20.546999,19.747,19.597,17.1955,70.0,69.0,77.0,86.0,86.0,90.0,93.0,2,winter,81.57142857142857,19.511071142857144
92,1,2024-02-04 20:00:00+00:00,19.546999,19.447,19.247,20.397,19.347,19.447,17.595499,73.0,71.0,82.0,88.0,88.0,91.0,91.0,2,winter,83.42857142857143,19.289642571428573
93,1,2024-02-04 21:00:00+00:00,18.097,19.347,18.947,20.197,19.046999,19.296999,17.6955,79.0,72.0,83.0,89.0,89.0,92.0,89.0,2,winter,84.71428571428571,18.946785428571427
94,1,2024-02-04 22:00:00+00:00,17.497,19.097,18.796999,19.747,18.796999,18.897,16.9955,81.0,74.0,82.0,91.0,90.0,94.0,90.0,2,winter,86.0,18.54678542857143
95,1,2024-02-04 23:00:00+00:00,17.097,18.697,18.397,19.296999,18.697,18.497,16.0455,83.0,77.0,84.0,93.0,90.0,96.0,93.0,2,winter,88.0,18.10392842857143
96,1,2024-02-05 00:00:00+00:00,16.997,17.647,17.197,18.447,18.997,18.046999,16.9455,88.0,82.0,89.0,82.0,93.0,94.0,91.0,2,winter,88.42857142857143,17.753928428571427
97,1,2024-02-05 01:00:00+00:00,15.997,17.147,16.647,17.747,17.997,17.447,16.2455,91.0,84.0,92.0,85.0,95.0,96.0,92.0,2,winter,90.71428571428571,17.0325
98,1,2024-02-05 02:00:00+00:00,15.146999,16.597,16.497,16.947,16.796999,16.847,15.195499,93.0,86.0,92.0,88.0,97.0,98.0,94.0,2,winter,92.57142857142857,16.28964242857143
99,1,2024-02-05 03:00:00+00:00,14.497,16.047,16.197,16.796999,16.296999,16.747,14.8955,96.0,87.0,92.0,89.0,97.0,98.0,93.0,2,winter,93.14285714285714,15.925356857142857
100,1,2024-02-05 04:00:00+00:00,14.297,15.597,15.646999,17.597,16.997,17.397,15.695499,95.0,89.0,94.0,87.0,95.0,95.0,90.0,2,winter,92.14285714285714,16.175356857142855
101,1,2024-02-05 05:00:00+00:00,16.047,16.597,17.097,19.046999,18.447,18.497,17.2455,91.0,89.0,90.0,82.0,91.0,91.0,84.0,2,winter,88.28571428571429,17.568214142857148
102,1,2024-02-05 06:00:00+00:00,19.697,19.647,20.447,20.796999,20.097,19.847,19.4955,78.0,79.0,78.0,76.0,85.0,85.0,77.0,2,winter,79.71428571428571,20.00392842857143
103,1,2024-02-05 07:00:00+00:00,22.097,21.947,22.697,22.747,21.897,21.497,22.1955,69.0,70.0,68.0,70.0,77.0,77.0,67.0,2,winter,71.14285714285714,22.153928571428573
104,1,2024-02-05 08:00:00+00:00,23.997,23.747,24.546999,24.897,23.947,23.397,25.1955,64.0,65.0,63.0,63.0,67.0,68.0,55.0,2,winter,63.57142857142857,24.24678557142857
105,1,2024-02-05 09:00:00+00:00,25.796999,25.397,26.097,26.647,25.597,24.997,27.3955,55.0,58.0,58.0,57.0,58.0,60.0,46.0,2,winter,56.0,25.98964271428571
106,1,2024-02-05 10:00:00+00:00,26.747,26.597,27.197,27.997,26.747,26.197,28.4955,50.0,52.0,54.0,50.0,52.0,54.0,41.0,2,winter,50.42857142857143,27.139642857142857
107,1,2024-02-05 11:00:00+00:00,27.597,27.296999,27.597,28.947,27.597,27.097,28.845499,47.0,48.0,50.0,43.0,48.0,49.0,38.0,2,winter,46.142857142857146,27.853928285714286
108,1,2024-02-05 12:00:00+00:00,27.747,28.546999,28.597,28.697,27.397,28.296999,27.8955,47.0,43.0,44.0,46.0,53.0,42.0,42.0,2,winter,45.285714285714285,28.168214
109,1,2024-02-05 13:00:00+00:00,27.947,28.897,28.847,28.247,26.497,28.497,25.595499,47.0,40.0,42.0,47.0,58.0,40.0,53.0,2,winter,46.714285714285715,27.789642714285716
110,1,2024-02-05 14:00:00+00:00,27.897,28.897,28.897,27.247,24.847,28.397,22.2455,48.0,38.0,41.0,51.0,66.0,40.0,69.0,2,winter,50.42857142857143,26.91821428571428
111,1,2024-02-05 15:00:00+00:00,26.997,28.147,28.147,26.046999,23.347,27.647,19.6455,51.0,40.0,43.0,56.0,73.0,43.0,81.0,2,winter,55.285714285714285,25.711071285714286
112,1,2024-02-05 16:00:00+00:00,24.097,24.647,25.847,24.546999,22.247,25.897,18.6955,65.0,58.0,57.0,64.0,78.0,52.0,86.0,2,winter,65.71428571428571,23.71107128571429
113,1,2024-02-05 17:00:00+00:00,21.397,22.046999,23.197,22.796999,21.247,23.597,18.4455,76.0,77.0,71.0,75.0,83.0,66.0,87.0,2,winter,76.42857142857143,21.818214
114,1,2024-02-05 18:00:00+00:00,19.897,21.397,20.597,21.046999,20.447,21.747,17.345499,78.0,79.0,86.0,82.0,87.0,76.0,95.0,2,winter,83.28571428571429,20.353928285714286
115,1,2024-02-05 19:00:00+00:00,19.647,20.697,20.197,20.247,19.997,20.847,17.345499,91.0,83.0,87.0,86.0,89.0,81.0,94.0,2,winter,87.28571428571429,19.85392842857143
116,1,2024-02-05 20:00:00+00:00,19.197,20.147,19.546999,19.747,19.697,20.447,17.595499,90.0,87.0,89.0,88.0,90.0,84.0,92.0,2,winter,88.57142857142857,19.482499714285716
117,1,2024-02-05 21:00:00+00:00,18.647,19.347,19.197,19.296999,19.447,20.046999,17.5455,91.0,91.0,89.0,90.0,91.0,86.0,90.0,2,winter,89.71428571428571,19.075356857142857
118,1,2024-02-05 22:00:00+00:00,18.247,18.747,18.697,18.796999,19.097,19.546999,16.7955,94.0,93.0,90.0,92.0,93.0,88.0,90.0,2,winter,91.42857142857143,18.561071142857145
119,1,2024-02-05 23:00:00+00:00,17.947,18.347,18.147,18.296999,18.697,19.097,15.695499,95.0,95.0,93.0,94.0,96.0,90.0,90.0,2,winter,93.28571428571429,18.032499714285716
120,1,2024-02-06 00:00:00+00:00,18.147,18.147,17.097,17.947,18.447,17.947,14.695499,95.0,96.0,97.0,97.0,93.0,97.0,92.0,2,winter,95.28571428571429,17.489642714285715
121,1,2024-02-06 01:00:00+00:00,17.847,17.847,16.597,17.697,17.897,17.247,14.195499,96.0,96.0,98.0,98.0,95.0,99.0,93.0,2,winter,96.42857142857143,17.04678557142857
122,1,2024-02-06 02:00:00+00:00,17.447,17.447,16.197,17.647,17.397,16.597,13.7955,97.0,97.0,99.0,99.0,97.0,100.0,94.0,2,winter,97.57142857142857,16.646785714285716
123,1,2024-02-06 03:00:00+00:00,17.247,16.647,15.896999,17.847,17.296999,16.497,14.0955,97.0,100.0,99.0,98.0,97.0,99.0,93.0,2,winter,97.57142857142857,16.503928285714288
124,1,2024-02-06 04:00:00+00:00,16.697,16.647,15.597,18.347,17.747,17.247,15.3455,97.0,99.0,99.0,96.0,95.0,95.0,89.0,2,winter,95.71428571428571,16.80392857142857
125,1,2024-02-06 05:00:00+00:00,17.347,17.796999,16.997,19.097,18.546999,18.546999,17.2455,95.0,96.0,95.0,92.0,92.0,89.0,83.0,2,winter,91.71428571428571,17.939642428571428
126,1,2024-02-06 06:00:00+00:00,19.147,19.546999,20.397,20.347,19.697,20.046999,19.3955,85.0,87.0,86.0,86.0,87.0,82.0,74.0,2,winter,83.85714285714286,19.79678542857143
127,1,2024-02-06 07:00:00+00:00,20.697,21.497,21.997,21.747,21.296999,21.796999,21.8955,79.0,78.0,74.0,78.0,78.0,74.0,63.0,2,winter,74.85714285714286,21.56107114285714
128,1,2024-02-06 08:00:00+00:00,22.447,23.347,23.597,23.397,23.197,23.697,24.595499,69.0,68.0,67.0,68.0,67.0,66.0,50.0,2,winter,65.0,23.46821414285714
129,1,2024-02-06 09:00:00+00:00,24.147,24.997,25.197,24.796999,24.847,25.296999,26.7455,63.0,59.0,57.0,60.0,57.0,58.0,40.0,2,winter,56.285714285714285,25.146785428571427
130,1,2024-02-06 10:00:00+00:00,25.697,26.296999,26.347,25.847,26.046999,26.447,28.0455,56.0,51.0,50.0,54.0,51.0,51.0,35.0,2,winter,49.714285714285715,26.389642571428574
131,1,2024-02-06 11:00:00+00:00,26.347,27.197,27.296999,26.647,26.997,27.247,28.6955,50.0,47.0,46.0,49.0,46.0,46.0,32.0,2,winter,45.142857142857146,27.203928428571434
132,1,2024-02-06 12:00:00+00:00,27.447,27.247,27.546999,27.497,27.046999,27.497,29.7455,46.0,45.0,47.0,44.0,48.0,47.0,27.0,2,winter,43.42857142857143,27.718213999999996
133,1,2024-02-06 13:00:00+00:00,27.497,27.546999,27.747,27.247,26.997,27.597,28.845499,45.0,44.0,45.0,45.0,47.0,45.0,34.0,2,winter,43.57142857142857,27.63964257142857
134,1,2024-02-06 14:00:00+00:00,27.097,27.197,27.497,26.546999,26.497,27.247,27.1955,46.0,44.0,46.0,48.0,48.0,45.0,46.0,2,winter,46.142857142857146,27.039642714285716
135,1,2024-02-06 15:00:00+00:00,26.147,25.597,26.897,25.546999,25.647,26.597,25.2955,49.0,50.0,46.0,54.0,52.0,47.0,56.0,2,winter,50.57142857142857,25.961071285714286
136,1,2024-02-06 16:00:00+00:00,24.097,22.897,24.697,24.147,24.296999,25.397,23.095499,65.0,66.0,57.0,63.0,60.0,54.0,63.0,2,winter,61.142857142857146,24.089642571428566
137,1,2024-02-06 17:00:00+00:00,21.397,21.247,22.546999,22.447,22.647,23.796999,20.6455,75.0,79.0,66.0,73.0,70.0,63.0,68.0,2,winter,70.57142857142857,22.103928285714286
138,1,2024-02-06 18:00:00+00:00,20.597,20.697,21.347,21.347,21.296999,22.397,20.9455,87.0,81.0,79.0,79.0,79.0,71.0,60.0,2,winter,76.57142857142857,21.23249985714286
139,1,2024-02-06 19:00:00+00:00,19.997,19.947,20.497,20.497,20.546999,21.397,19.7955,88.0,85.0,84.0,84.0,83.0,77.0,62.0,2,winter,80.42857142857143,20.382499857142857
140,1,2024-02-06 20:00:00+00:00,19.447,19.296999,20.097,19.997,20.097,20.597,18.595499,90.0,88.0,86.0,87.0,86.0,81.0,64.0,2,winter,83.14285714285714,19.732499714285716
141,1,2024-02-06 21:00:00+00:00,18.847,18.197,19.447,19.497,19.697,19.897,17.6455,91.0,93.0,88.0,89.0,88.0,85.0,66.0,2,winter,85.71428571428571,19.0325
142,1,2024-02-06 22:00:00+00:00,18.447,17.447,18.046999,18.897,19.247,19.397,17.2455,92.0,95.0,95.0,91.0,90.0,87.0,68.0,2,winter,88.28571428571429,18.389642714285714
143,1,2024-02-06 23:00:00+00:00,17.847,16.897,17.447,18.347,18.847,19.046999,17.1455,94.0,96.0,96.0,93.0,93.0,89.0,70.0,2,winter,90.14285714285714,17.939642714285718
144,1,2024-02-07 00:00:00+00:00,16.847,16.397,17.796999,17.197,18.296999,18.097,16.4955,96.0,95.0,96.0,94.0,94.0,92.0,72.0,2,winter,91.28571428571429,17.303928285714285
145,1,2024-02-07 01:00:00+00:00,16.347,15.997,17.747,16.747,17.997,17.847,15.5955,98.0,96.0,96.0,95.0,95.0,93.0,77.0,2,winter,92.85714285714286,16.896785714285713
146,1,2024-02-07 02:00:00+00:00,16.247,15.697,17.497,16.447,17.796999,17.747,14.3955,98.0,96.0,97.0,94.0,96.0,92.0,83.0,2,winter,93.71428571428571,16.546785571428572
147,1,2024-02-07 03:00:00+00:00,16.597,15.497,17.197,16.647,17.897,17.947,14.1455,96.0,95.0,99.0,93.0,96.0,91.0,85.0,2,winter,93.57142857142857,16.561071428571427
148,1,2024-02-07 04:00:00+00:00,16.697,14.997,17.097,17.447,18.397,18.497,15.4955,96.0,96.0,98.0,91.0,95.0,90.0,80.0,2,winter,92.28571428571429,16.946785714285713
149,1,2024-02-07 05:00:00+00:00,17.947,16.546999,17.997,18.747,19.197,19.397,17.845499,94.0,92.0,96.0,88.0,93.0,87.0,70.0,2,winter,88.57142857142857,18.239642571428572
150,1,2024-02-07 06:00:00+00:00,19.747,19.147,20.097,20.647,20.247,20.546999,20.2455,84.0,82.0,86.0,85.0,88.0,83.0,66.0,2,winter,82.0,20.096785571428573
151,1,2024-02-07 07:00:00+00:00,21.647,21.347,21.747,22.296999,21.747,22.247,22.3955,78.0,76.0,78.0,77.0,79.0,75.0,58.0,2,winter,74.42857142857143,21.918214142857142
152,1,2024-02-07 08:00:00+00:00,23.546999,23.546999,22.847,24.147,23.447,24.247,24.5455,69.0,66.0,72.0,67.0,67.0,65.0,50.0,2,winter,65.14285714285714,23.76107114285714
153,1,2024-02-07 09:00:00+00:00,25.197,25.147,24.447,25.647,24.947,25.897,26.2455,60.0,60.0,63.0,58.0,58.0,56.0,43.0,2,winter,56.857142857142854,25.361071428571424
154,1,2024-02-07 10:00:00+00:00,26.447,26.546999,25.897,26.697,25.997,27.046999,27.4455,52.0,51.0,58.0,52.0,53.0,49.0,37.0,2,winter,50.285714285714285,26.582499714285714
155,1,2024-02-07 11:00:00+00:00,27.296999,27.197,26.947,27.447,26.796999,27.847,28.2455,47.0,47.0,48.0,47.0,50.0,44.0,31.0,2,winter,44.857142857142854,27.39678542857143
156,1,2024-02-07 12:00:00+00:00,28.397,27.497,27.747,27.847,27.447,28.197,28.6455,40.0,48.0,44.0,42.0,47.0,42.0,30.0,2,winter,41.857142857142854,27.968214285714286
157,1,2024-02-07 13:00:00+00:00,28.697,27.447,27.947,27.997,27.647,28.247,27.7455,40.0,48.0,44.0,40.0,45.0,41.0,35.0,2,winter,41.857142857142854,27.961071428571422
158,1,2024-02-07 14:00:00+00:00,28.247,27.097,27.747,27.796999,27.497,27.897,26.1455,42.0,50.0,45.0,40.0,43.0,42.0,45.0,2,winter,43.857142857142854,27.48964271428571
159,1,2024-02-07 15:00:00+00:00,26.397,24.247,27.197,27.046999,26.747,27.097,24.2955,49.0,58.0,44.0,43.0,45.0,45.0,52.0,2,winter,48.0,26.146785571428573
160,1,2024-02-07 16:00:00+00:00,24.247,22.997,24.597,25.397,24.997,25.597,22.1455,63.0,67.0,56.0,51.0,53.0,52.0,56.0,2,winter,56.857142857142854,24.2825
161,1,2024-02-07 17:00:00+00:00,22.647,21.397,22.296999,23.247,22.697,23.597,19.7455,70.0,76.0,69.0,62.0,65.0,62.0,58.0,2,winter,66.0,22.23249985714286
162,1,2024-02-07 18:00:00+00:00,21.747,21.197,21.247,21.397,20.897,21.997,18.9955,75.0,75.0,71.0,69.0,74.0,71.0,55.0,2,winter,70.0,21.06821428571428
163,1,2024-02-07 19:00:00+00:00,21.397,20.697,19.947,20.546999,20.296999,21.097,17.595499,75.0,77.0,81.0,74.0,77.0,77.0,57.0,2,winter,74.0,20.225356714285713
164,1,2024-02-07 20:00:00+00:00,20.097,19.397,18.897,20.046999,20.197,20.546999,16.4455,81.0,85.0,90.0,76.0,77.0,81.0,59.0,2,winter,78.42857142857143,19.375356857142858
165,1,2024-02-07 21:00:00+00:00,19.397,18.447,18.296999,19.597,19.796999,20.097,15.4955,84.0,91.0,94.0,79.0,78.0,85.0,61.0,2,winter,81.71428571428571,18.732499714285716
166,1,2024-02-07 22:00:00+00:00,19.147,17.897,17.897,18.947,18.597,19.647,14.7955,83.0,93.0,94.0,82.0,84.0,88.0,64.0,2,winter,84.0,18.132499999999997
167,1,2024-02-07 23:00:00+00:00,18.147,17.747,17.997,18.247,17.147,19.247,14.3455,88.0,93.0,90.0,84.0,90.0,90.0,68.0,2,winter,86.14285714285714,17.55392857142857
168,1,2024-02-08 00:00:00+00:00,17.046999,16.796999,17.046999,18.546999,17.647,15.447,14.1455,91.0,97.0,97.0,88.0,97.0,86.0,69.0,2,winter,89.28571428571429,16.668213714285713
169,1,2024-02-08 01:00:00+00:00,16.747,16.047,16.546999,17.997,17.097,14.597,13.7955,87.0,95.0,95.0,90.0,96.0,87.0,72.0,2,winter,88.85714285714286,16.118214142857145
170,1,2024-02-08 02:00:00+00:00,16.497,15.797,15.997,17.347,16.546999,13.797,13.6455,85.0,91.0,91.0,91.0,93.0,89.0,75.0,2,winter,87.85714285714286,15.661071285714286
171,1,2024-02-08 03:00:00+00:00,16.147,15.597,15.497,17.247,16.597,13.847,14.1455,85.0,86.0,89.0,91.0,90.0,89.0,75.0,2,winter,86.42857142857143,15.5825
172,1,2024-02-08 04:00:00+00:00,15.847,15.097,15.047,17.947,17.397,15.297,15.5455,87.0,87.0,90.0,87.0,86.0,83.0,72.0,2,winter,84.57142857142857,16.025357142857143
173,1,2024-02-08 05:00:00+00:00,17.296999,16.447,16.546999,19.097,18.747,17.597,17.5455,87.0,87.0,89.0,82.0,81.0,75.0,66.0,2,winter,81.0,17.611071142857146
174,1,2024-02-08 06:00:00+00:00,20.347,19.997,20.147,20.296999,20.296999,19.897,20.1455,77.0,78.0,73.0,70.0,76.0,67.0,59.0,2,winter,71.42857142857143,20.161071142857143
175,1,2024-02-08 07:00:00+00:00,22.947,22.447,22.947,22.247,22.147,21.997,22.7455,68.0,70.0,65.0,64.0,70.0,61.0,51.0,2,winter,64.14285714285714,22.49678571428571
176,1,2024-02-08 08:00:00+00:00,24.897,24.296999,25.046999,24.397,24.247,24.046999,25.345499,60.0,62.0,59.0,57.0,64.0,57.0,42.0,2,winter,57.285714285714285,24.611070857142852
177,1,2024-02-08 09:00:00+00:00,26.497,25.796999,26.597,26.147,25.947,25.697,27.1955,52.0,55.0,51.0,52.0,58.0,52.0,36.0,2,winter,50.857142857142854,26.268214142857143
178,1,2024-02-08 10:00:00+00:00,27.347,27.046999,27.597,27.247,27.097,26.897,27.8955,47.0,49.0,45.0,48.0,52.0,47.0,33.0,2,winter,45.857142857142854,27.303928428571428
179,1,2024-02-08 11:00:00+00:00,28.147,27.796999,28.347,27.897,27.897,27.647,27.845499,43.0,46.0,42.0,44.0,47.0,43.0,33.0,2,winter,42.57142857142857,27.939642571428568
180,1,2024-02-08 12:00:00+00:00,28.897,28.796999,28.197,28.247,28.097,28.097,28.845499,38.0,41.0,43.0,43.0,45.0,43.0,32.0,2,winter,40.714285714285715,28.453928285714284
181,1,2024-02-08 13:00:00+00:00,28.997,28.847,28.347,27.847,27.897,27.597,26.6955,38.0,40.0,42.0,44.0,45.0,45.0,41.0,2,winter,42.142857142857146,28.032500000000002
182,1,2024-02-08 14:00:00+00:00,28.796999,28.397,28.147,26.947,27.296999,26.546999,23.4455,38.0,39.0,43.0,48.0,46.0,50.0,53.0,2,winter,45.285714285714285,27.08249957142857
183,1,2024-02-08 15:00:00+00:00,28.197,27.546999,27.097,25.796999,26.296999,25.296999,20.6955,38.0,41.0,46.0,54.0,50.0,57.0,65.0,2,winter,50.142857142857146,25.846785142857147
184,1,2024-02-08 16:00:00+00:00,25.397,24.546999,24.747,24.347,24.747,23.897,18.9455,51.0,60.0,57.0,63.0,59.0,65.0,76.0,2,winter,61.57142857142857,23.80392842857143
185,1,2024-02-08 17:00:00+00:00,23.497,22.647,22.997,22.697,22.796999,22.347,17.6455,58.0,71.0,65.0,75.0,71.0,75.0,85.0,2,winter,71.42857142857143,22.089642714285713
186,1,2024-02-08 18:00:00+00:00,21.397,21.296999,22.147,20.697,21.247,21.046999,16.6955,67.0,79.0,64.0,87.0,81.0,83.0,86.0,2,winter,78.14285714285714,20.64678542857143
187,1,2024-02-08 19:00:00+00:00,20.147,20.397,21.197,19.747,20.397,20.097,16.3955,73.0,85.0,75.0,89.0,86.0,88.0,88.0,2,winter,83.42857142857143,19.768214285714286
188,1,2024-02-08 20:00:00+00:00,18.897,19.097,20.197,18.997,19.897,19.397,16.9955,81.0,93.0,80.0,89.0,89.0,90.0,85.0,2,winter,86.71428571428571,19.068214285714284
189,1,2024-02-08 21:00:00+00:00,17.697,18.197,19.296999,18.296999,19.497,18.796999,17.2955,88.0,97.0,86.0,89.0,91.0,92.0,84.0,2,winter,89.57142857142857,18.439642428571428
190,1,2024-02-08 22:00:00+00:00,17.546999,18.197,18.697,17.647,19.197,18.296999,16.7455,87.0,94.0,90.0,91.0,92.0,93.0,86.0,2,winter,90.42857142857143,18.04678542857143
191,1,2024-02-08 23:00:00+00:00,17.296999,18.597,18.546999,17.147,19.046999,17.897,15.945499,87.0,92.0,88.0,94.0,92.0,94.0,89.0,2,winter,90.85714285714286,17.782499428571427
192,1,2024-02-09 00:00:00+00:00,17.447,16.947,16.546999,17.847,17.847,17.147,16.6955,85.0,90.0,86.0,91.0,94.0,93.0,71.0,2,winter,87.14285714285714,17.211071285714283
193,1,2024-02-09 01:00:00+00:00,17.296999,16.497,16.047,17.197,17.497,16.847,15.695499,86.0,90.0,87.0,92.0,94.0,93.0,76.0,2,winter,88.28571428571429,16.72535685714286
194,1,2024-02-09 02:00:00+00:00,16.897,15.997,15.597,16.447,17.147,16.597,14.695499,89.0,91.0,90.0,93.0,95.0,93.0,81.0,2,winter,90.28571428571429,16.196785571428574
195,1,2024-02-09 03:00:00+00:00,16.296999,15.447,15.247,16.347,17.247,16.847,14.695499,92.0,94.0,92.0,93.0,94.0,92.0,83.0,2,winter,91.42857142857143,16.018214000000004
196,1,2024-02-09 04:00:00+00:00,15.797,15.047,15.247,17.247,18.097,17.747,16.4455,94.0,95.0,92.0,90.0,90.0,90.0,78.0,2,winter,89.85714285714286,16.518214285714286
197,1,2024-02-09 05:00:00+00:00,17.347,16.747,16.897,18.796999,19.397,19.147,19.1955,91.0,91.0,90.0,86.0,85.0,86.0,70.0,2,winter,85.57142857142857,18.218214142857143
198,1,2024-02-09 06:00:00+00:00,21.046999,20.497,20.247,20.747,20.947,20.747,21.3955,77.0,79.0,79.0,79.0,79.0,81.0,65.0,2,winter,77.0,20.803928428571428
199,1,2024-02-09 07:00:00+00:00,23.247,22.947,22.847,22.747,22.796999,22.747,24.095499,67.0,69.0,69.0,74.0,72.0,74.0,55.0,2,winter,68.57142857142857,23.06107114285714
200,1,2024-02-09 08:00:00+00:00,25.347,24.997,24.897,24.947,24.847,24.947,26.8955,59.0,62.0,61.0,68.0,64.0,65.0,46.0,2,winter,60.714285714285715,25.268214285714286
201,1,2024-02-09 09:00:00+00:00,27.197,26.796999,26.647,26.697,26.497,26.747,28.595499,50.0,56.0,56.0,62.0,57.0,57.0,40.0,2,winter,54.0,27.025356857142857
202,1,2024-02-09 10:00:00+00:00,28.046999,28.147,27.747,27.747,27.546999,27.947,28.5455,45.0,49.0,49.0,56.0,52.0,51.0,40.0,2,winter,48.857142857142854,27.961071142857147
203,1,2024-02-09 11:00:00+00:00,28.747,28.997,28.647,28.397,28.247,28.747,27.3955,44.0,45.0,46.0,51.0,49.0,46.0,44.0,2,winter,46.42857142857143,28.45392857142857
204,1,2024-02-09 12:00:00+00:00,29.397,29.546999,29.247,28.447,28.597,27.997,28.8955,39.0,40.0,41.0,47.0,47.0,50.0,34.0,2,winter,42.57142857142857,28.875357000000005
205,1,2024-02-09 13:00:00+00:00,29.546999,29.497,29.097,27.897,27.847,26.546999,25.4455,39.0,39.0,41.0,49.0,50.0,57.0,50.0,2,winter,46.42857142857143,27.982499714285716
206,1,2024-02-09 14:00:00+00:00,29.147,29.046999,28.597,26.747,26.497,24.197,20.6455,37.0,39.0,43.0,53.0,56.0,67.0,72.0,2,winter,52.42857142857143,26.411071285714286
207,1,2024-02-09 15:00:00+00:00,27.447,27.497,27.847,25.397,25.046999,22.247,17.095499,45.0,46.0,44.0,59.0,63.0,76.0,89.0,2,winter,60.285714285714285,24.65392828571428
208,1,2024-02-09 16:00:00+00:00,24.197,24.897,23.397,23.697,23.546999,21.296999,15.9955,68.0,59.0,67.0,68.0,71.0,81.0,94.0,2,winter,72.57142857142857,22.43249971428571
209,1,2024-02-09 17:00:00+00:00,22.897,22.747,22.147,21.747,21.997,20.796999,16.1455,74.0,71.0,79.0,78.0,79.0,84.0,93.0,2,winter,79.71428571428571,21.211071285714286
210,1,2024-02-09 18:00:00+00:00,21.097,22.447,21.247,21.347,20.796999,20.296999,19.1455,82.0,75.0,85.0,84.0,86.0,87.0,83.0,2,winter,83.14285714285714,20.911071142857143
211,1,2024-02-09 19:00:00+00:00,20.347,21.647,20.796999,20.447,20.197,19.697,18.8955,85.0,80.0,86.0,87.0,89.0,90.0,84.0,2,winter,85.85714285714286,20.289642714285716
212,1,2024-02-09 20:00:00+00:00,19.447,20.447,19.546999,19.897,19.997,19.097,18.7455,85.0,85.0,89.0,87.0,90.0,92.0,84.0,2,winter,87.42857142857143,19.59678557142857
213,1,2024-02-09 21:00:00+00:00,19.046999,19.796999,19.897,19.397,19.747,18.697,18.4455,88.0,86.0,85.0,87.0,91.0,93.0,85.0,2,winter,87.85714285714286,19.289642571428573
214,1,2024-02-09 22:00:00+00:00,18.747,19.697,19.097,18.947,19.397,18.497,17.845499,91.0,87.0,88.0,89.0,92.0,94.0,87.0,2,winter,89.71428571428571,18.889642714285714
215,1,2024-02-09 23:00:00+00:00,18.296999,18.897,18.447,18.597,19.097,18.497,17.095499,94.0,91.0,92.0,91.0,94.0,94.0,89.0,2,winter,92.14285714285714,18.418214000000003
216,1,2024-02-10 00:00:00+00:00,18.046999,18.046999,18.397,17.947,17.947,17.847,16.1955,92.0,93.0,93.0,94.0,95.0,92.0,91.0,2,winter,92.85714285714286,17.775356857142857
217,1,2024-02-10 01:00:00+00:00,17.897,17.697,17.796999,17.397,17.296999,17.647,15.6455,94.0,91.0,94.0,94.0,97.0,93.0,93.0,2,winter,93.71428571428571,17.339642571428566
218,1,2024-02-10 02:00:00+00:00,17.796999,17.097,16.897,16.947,16.697,17.597,15.2455,94.0,92.0,95.0,93.0,98.0,94.0,94.0,2,winter,94.28571428571429,16.896785571428573
219,1,2024-02-10 03:00:00+00:00,17.697,16.497,16.296999,16.997,16.697,17.796999,15.5455,93.0,93.0,95.0,91.0,97.0,94.0,93.0,2,winter,93.71428571428571,16.789642571428573
220,1,2024-02-10 04:00:00+00:00,17.347,15.997,15.747,17.747,17.647,18.397,16.8955,93.0,95.0,96.0,89.0,94.0,93.0,87.0,2,winter,92.42857142857143,17.111071428571424
221,1,2024-02-10 05:00:00+00:00,18.247,17.447,17.296999,18.997,19.147,19.347,18.9455,92.0,92.0,91.0,85.0,88.0,90.0,79.0,2,winter,88.14285714285714,18.489642714285715
222,1,2024-02-10 06:00:00+00:00,19.847,20.647,21.097,20.897,20.847,20.546999,19.845499,84.0,82.0,77.0,83.0,82.0,86.0,76.0,2,winter,81.42857142857143,20.532499714285713
223,1,2024-02-10 07:00:00+00:00,21.697,22.847,23.397,22.546999,22.796999,22.347,22.7955,79.0,74.0,70.0,76.0,74.0,79.0,65.0,2,winter,73.85714285714286,22.632499714285718
224,1,2024-02-10 08:00:00+00:00,24.147,24.796999,25.397,24.397,24.947,24.447,26.1955,69.0,68.0,62.0,67.0,65.0,69.0,51.0,2,winter,64.42857142857143,24.90392842857143
225,1,2024-02-10 09:00:00+00:00,25.647,26.546999,26.296999,25.897,26.546999,26.046999,28.4955,63.0,60.0,57.0,60.0,58.0,62.0,42.0,2,winter,57.42857142857143,26.49678514285714
226,1,2024-02-10 10:00:00+00:00,26.847,27.597,27.347,27.046999,27.447,26.947,29.1955,58.0,55.0,54.0,55.0,53.0,58.0,39.0,2,winter,53.142857142857146,27.489642714285715
227,1,2024-02-10 11:00:00+00:00,27.296999,28.247,27.847,27.897,27.847,27.347,28.845499,56.0,52.0,54.0,52.0,51.0,55.0,41.0,2,winter,51.57142857142857,27.903928285714283
228,1,2024-02-10 12:00:00+00:00,28.197,28.546999,29.647,29.447,27.997,27.447,28.5455,51.0,49.0,41.0,44.0,52.0,53.0,39.0,2,winter,47.0,28.54678557142857
229,1,2024-02-10 13:00:00+00:00,27.897,28.147,29.897,29.546999,27.247,26.796999,26.6955,52.0,51.0,40.0,42.0,55.0,58.0,47.0,2,winter,49.285714285714285,28.032499714285716
230,1,2024-02-10 14:00:00+00:00,25.546999,27.747,29.497,29.197,25.947,25.647,24.095499,59.0,53.0,39.0,41.0,62.0,66.0,58.0,2,winter,54.0,26.81107114285714
231,1,2024-02-10 15:00:00+00:00,23.397,25.247,27.897,28.247,24.597,24.447,21.6455,75.0,63.0,47.0,45.0,69.0,74.0,68.0,2,winter,63.0,25.068214285714284
232,1,2024-02-10 16:00:00+00:00,22.046999,23.497,23.697,26.197,23.397,23.247,19.3955,79.0,71.0,72.0,56.0,76.0,79.0,77.0,2,winter,72.85714285714286,23.06821414285714
233,1,2024-02-10 17:00:00+00:00,21.197,22.046999,22.147,23.546999,22.147,21.997,17.1955,84.0,81.0,78.0,70.0,83.0,84.0,85.0,2,winter,80.71428571428571,21.468214
234,1,2024-02-10 18:00:00+00:00,21.097,20.597,21.597,21.497,21.097,20.997,16.1955,87.0,89.0,83.0,85.0,88.0,87.0,93.0,2,winter,87.42857142857143,20.43964285714286
235,1,2024-02-10 19:00:00+00:00,20.597,20.197,21.046999,20.897,20.347,20.447,15.6455,89.0,91.0,87.0,88.0,91.0,89.0,95.0,2,winter,90.0,19.882499857142857
236,1,2024-02-10 20:00:00+00:00,20.197,19.897,20.296999,20.447,19.747,20.147,15.8455,91.0,93.0,89.0,91.0,92.0,90.0,94.0,2,winter,91.42857142857143,19.511071285714284
237,1,2024-02-10 21:00:00+00:00,19.897,19.647,19.796999,19.997,19.347,19.897,15.9955,92.0,94.0,92.0,93.0,93.0,91.0,93.0,2,winter,92.57142857142857,19.225357
238,1,2024-02-10 22:00:00+00:00,19.647,19.097,19.647,19.647,19.147,19.697,15.7455,93.0,95.0,92.0,95.0,94.0,92.0,93.0,2,winter,93.42857142857143,18.946785714285713
239,1,2024-02-10 23:00:00+00:00,19.296999,18.347,18.897,19.347,19.147,19.497,15.445499,94.0,96.0,96.0,96.0,95.0,93.0,94.0,2,winter,94.85714285714286,18.568214
240,1,2024-02-11 00:00:00+00:00,18.897,18.897,18.647,18.947,18.897,18.796999,15.0455,96.0,96.0,92.0,95.0,97.0,96.0,94.0,2,winter,95.14285714285714,18.303928428571428
241,1,2024-02-11 01:00:00+00:00,18.397,18.597,18.347,18.397,18.347,18.097,14.5955,97.0,97.0,93.0,96.0,99.0,97.0,95.0,2,winter,96.28571428571429,17.825357142857147
242,1,2024-02-11 02:00:00+00:00,18.097,18.197,18.247,17.747,17.697,17.296999,14.195499,98.0,97.0,93.0,97.0,100.0,98.0,96.0,2,winter,97.0,17.353928285714286
243,1,2024-02-11 03:00:00+00:00,17.697,17.747,17.796999,17.647,17.546999,17.097,14.4955,99.0,97.0,94.0,96.0,100.0,97.0,95.0,2,winter,96.85714285714286,17.14678542857143
244,1,2024-02-11 04:00:00+00:00,17.247,17.097,17.147,18.296999,18.147,17.796999,15.8955,100.0,98.0,93.0,92.0,96.0,93.0,91.0,2,winter,94.71428571428571,17.375356857142858
245,1,2024-02-11 05:00:00+00:00,17.997,17.947,18.097,19.397,19.197,19.046999,17.9955,100.0,97.0,91.0,87.0,90.0,88.0,84.0,2,winter,91.0,18.525357000000003
246,1,2024-02-11 06:00:00+00:00,20.147,20.197,20.747,21.097,20.546999,20.546999,20.7955,88.0,85.0,80.0,78.0,83.0,81.0,70.0,2,winter,80.71428571428571,20.582499714285714
247,1,2024-02-11 07:00:00+00:00,21.847,22.447,22.796999,23.046999,22.347,22.397,22.9455,80.0,74.0,68.0,70.0,75.0,72.0,61.0,2,winter,71.42857142857143,22.54678542857143
248,1,2024-02-11 08:00:00+00:00,23.397,24.296999,24.447,25.247,24.447,24.546999,25.095499,71.0,66.0,63.0,61.0,65.0,62.0,53.0,2,winter,63.0,24.496785285714285
249,1,2024-02-11 09:00:00+00:00,25.097,25.796999,26.046999,27.046999,26.197,26.296999,26.7455,62.0,58.0,56.0,53.0,57.0,54.0,46.0,2,winter,55.142857142857146,26.175356571428573
250,1,2024-02-11 10:00:00+00:00,26.347,26.997,27.197,28.247,27.447,27.497,27.7955,54.0,51.0,50.0,47.0,51.0,48.0,42.0,2,winter,49.0,27.361071428571424
251,1,2024-02-11 11:00:00+00:00,27.197,27.897,28.097,29.046999,28.347,28.347,28.2955,50.0,47.0,46.0,43.0,45.0,44.0,39.0,2,winter,44.857142857142854,28.175357
252,1,2024-02-11 12:00:00+00:00,27.147,28.747,29.046999,29.897,29.247,28.597,29.1455,54.0,43.0,41.0,38.0,40.0,45.0,36.0,2,winter,42.42857142857143,28.832499857142857
253,1,2024-02-11 13:00:00+00:00,27.447,28.947,29.197,30.097,29.147,28.796999,27.7455,53.0,42.0,41.0,35.0,39.0,43.0,40.0,2,winter,41.857142857142854,28.76821414285714
254,1,2024-02-11 14:00:00+00:00,26.897,28.796999,28.997,29.897,28.647,28.647,25.4455,52.0,42.0,41.0,33.0,40.0,43.0,48.0,2,winter,42.714285714285715,28.189642714285714
255,1,2024-02-11 15:00:00+00:00,24.497,28.397,28.597,29.046999,27.697,27.947,23.345499,63.0,43.0,41.0,36.0,44.0,46.0,56.0,2,winter,47.0,27.075356857142854
256,1,2024-02-11 16:00:00+00:00,23.147,25.897,26.046999,27.097,26.046999,26.347,21.845499,73.0,55.0,55.0,47.0,53.0,53.0,64.0,2,winter,57.142857142857146,25.20392814285714
257,1,2024-02-11 17:00:00+00:00,21.947,23.597,23.847,24.497,23.897,24.197,20.5455,81.0,67.0,63.0,61.0,66.0,62.0,72.0,2,winter,67.42857142857143,23.218214285714286
258,1,2024-02-11 18:00:00+00:00,20.597,21.546999,22.347,22.697,22.247,22.497,21.345499,85.0,80.0,67.0,73.0,76.0,71.0,60.0,2,winter,73.14285714285714,21.89678542857143
259,1,2024-02-11 19:00:00+00:00,19.897,20.997,21.546999,21.747,21.447,21.647,20.595499,89.0,81.0,71.0,77.0,81.0,78.0,60.0,2,winter,76.71428571428571,21.125356857142854
260,1,2024-02-11 20:00:00+00:00,19.397,20.397,21.097,21.247,21.046999,21.197,19.8955,91.0,85.0,75.0,78.0,83.0,84.0,60.0,2,winter,79.42857142857143,20.611071285714285
261,1,2024-02-11 21:00:00+00:00,18.847,20.097,20.097,20.697,20.697,20.747,19.2955,94.0,86.0,81.0,80.0,85.0,89.0,60.0,2,winter,82.14285714285714,20.068214285714284
262,1,2024-02-11 22:00:00+00:00,18.447,19.597,19.796999,19.947,20.247,20.097,18.7455,95.0,88.0,85.0,84.0,88.0,94.0,63.0,2,winter,85.28571428571429,19.553928428571428
263,1,2024-02-11 23:00:00+00:00,18.046999,19.397,19.447,19.097,19.796999,19.397,18.2955,97.0,90.0,85.0,87.0,90.0,97.0,67.0,2,winter,87.57142857142857,19.068214
264,1,2024-02-12 00:00:00+00:00,17.147,18.747,18.796999,17.546999,18.796999,18.947,18.095499,99.0,94.0,93.0,91.0,91.0,93.0,70.0,2,winter,90.14285714285714,18.296785142857143
265,1,2024-02-12 01:00:00+00:00,17.397,18.347,18.147,16.747,17.597,17.947,17.4455,95.0,95.0,96.0,92.0,94.0,96.0,73.0,2,winter,91.57142857142857,17.66107142857143
266,1,2024-02-12 02:00:00+00:00,17.497,17.447,17.447,16.047,16.296999,16.796999,16.595499,93.0,98.0,98.0,91.0,97.0,99.0,76.0,2,winter,93.14285714285714,16.875356714285715
267,1,2024-02-12 03:00:00+00:00,17.147,16.697,16.747,16.047,15.797,16.296999,16.4955,93.0,99.0,99.0,89.0,97.0,99.0,76.0,2,winter,93.14285714285714,16.461071285714286
268,1,2024-02-12 04:00:00+00:00,16.647,16.197,16.397,16.997,16.647,16.947,17.6455,95.0,98.0,97.0,87.0,91.0,93.0,73.0,2,winter,90.57142857142857,16.7825
269,1,2024-02-12 05:00:00+00:00,17.796999,17.597,17.947,18.597,18.296999,18.247,19.5455,90.0,94.0,91.0,83.0,83.0,83.0,67.0,2,winter,84.42857142857143,18.28964257142857
270,1,2024-02-12 06:00:00+00:00,20.296999,20.296999,20.747,20.497,20.147,19.847,21.095499,81.0,88.0,77.0,76.0,74.0,74.0,63.0,2,winter,76.14285714285714,20.418213857142856
271,1,2024-02-12 07:00:00+00:00,22.697,22.546999,22.796999,22.397,22.097,21.796999,23.2955,71.0,74.0,70.0,68.0,66.0,68.0,55.0,2,winter,67.42857142857143,22.518213857142857
272,1,2024-02-12 08:00:00+00:00,24.647,24.347,24.347,24.397,24.247,24.046999,25.6455,63.0,67.0,64.0,59.0,59.0,63.0,46.0,2,winter,60.142857142857146,24.525356999999996
273,1,2024-02-12 09:00:00+00:00,26.147,25.796999,25.647,26.097,25.997,25.847,27.4955,59.0,61.0,60.0,51.0,53.0,59.0,39.0,2,winter,54.57142857142857,26.146785571428573
274,1,2024-02-12 10:00:00+00:00,27.347,27.147,26.796999,27.447,27.296999,27.046999,28.595499,52.0,50.0,54.0,46.0,48.0,54.0,34.0,2,winter,48.285714285714285,27.38249942857143
275,1,2024-02-12 11:00:00+00:00,28.197,27.947,27.697,28.497,28.197,27.847,29.1955,45.0,45.0,48.0,43.0,44.0,49.0,32.0,2,winter,43.714285714285715,28.225357142857145
276,1,2024-02-12 12:00:00+00:00,28.447,28.997,28.647,29.296999,29.447,28.647,29.7955,43.0,40.0,45.0,40.0,39.0,44.0,34.0,2,winter,40.714285714285715,29.039642714285716
277,1,2024-02-12 13:00:00+00:00,28.597,29.046999,28.647,29.296999,29.497,28.647,28.3955,42.0,40.0,46.0,39.0,37.0,43.0,38.0,2,winter,40.714285714285715,28.875356857142854
278,1,2024-02-12 14:00:00+00:00,28.347,28.747,28.046999,28.847,29.097,28.247,26.095499,44.0,42.0,46.0,40.0,37.0,43.0,46.0,2,winter,42.57142857142857,28.203928285714284
279,1,2024-02-12 15:00:00+00:00,27.647,28.097,27.296999,27.897,28.247,27.397,23.8955,45.0,42.0,47.0,44.0,40.0,46.0,54.0,2,winter,45.42857142857143,27.211071285714286
280,1,2024-02-12 16:00:00+00:00,25.697,25.697,24.847,26.147,26.647,25.997,22.1455,56.0,53.0,60.0,51.0,48.0,52.0,63.0,2,winter,54.714285714285715,25.311071428571427
281,1,2024-02-12 17:00:00+00:00,23.447,23.147,22.897,23.847,24.546999,24.197,20.5455,65.0,70.0,69.0,61.0,58.0,60.0,73.0,2,winter,65.14285714285714,23.23249985714286
282,1,2024-02-12 18:00:00+00:00,21.697,21.847,22.447,22.197,22.796999,22.647,17.7455,78.0,76.0,70.0,73.0,68.0,68.0,94.0,2,winter,75.28571428571429,21.625357
283,1,2024-02-12 19:00:00+00:00,21.147,21.097,21.347,21.296999,21.747,21.597,17.4955,82.0,80.0,78.0,78.0,76.0,74.0,95.0,2,winter,80.42857142857143,20.81821414285714
284,1,2024-02-12 20:00:00+00:00,20.647,20.397,21.046999,20.847,21.046999,20.796999,17.7955,86.0,83.0,80.0,82.0,82.0,80.0,93.0,2,winter,83.71428571428571,20.368213857142855
285,1,2024-02-12 21:00:00+00:00,20.147,19.747,20.447,20.447,20.447,20.147,18.0455,89.0,86.0,83.0,84.0,87.0,85.0,92.0,2,winter,86.57142857142857,19.91821428571429
286,1,2024-02-12 22:00:00+00:00,19.647,19.296999,20.247,20.097,19.997,19.697,17.9955,91.0,88.0,84.0,86.0,90.0,87.0,92.0,2,winter,88.28571428571429,19.56821414285714
287,1,2024-02-12 23:00:00+00:00,19.497,18.897,19.897,19.796999,19.647,19.447,17.845499,90.0,91.0,87.0,86.0,91.0,89.0,93.0,2,winter,89.57142857142857,19.28964257142857
288,1,2024-02-13 00:00:00+00:00,18.747,18.546999,19.197,19.546999,18.647,19.147,16.7955,90.0,93.0,88.0,90.0,78.0,83.0,81.0,2,winter,86.14285714285714,18.661071142857143
289,1,2024-02-13 01:00:00+00:00,18.397,18.347,18.546999,18.847,18.197,18.397,16.845499,89.0,93.0,90.0,91.0,81.0,85.0,81.0,2,winter,87.14285714285714,18.22535685714286
290,1,2024-02-13 02:00:00+00:00,18.197,18.046999,17.997,18.046999,17.647,17.497,17.2955,89.0,93.0,90.0,93.0,85.0,88.0,79.0,2,winter,88.14285714285714,17.818214
291,1,2024-02-13 03:00:00+00:00,18.147,17.747,17.897,17.796999,17.697,17.247,17.9455,89.0,93.0,88.0,92.0,86.0,89.0,77.0,2,winter,87.71428571428571,17.782499857142856
292,1,2024-02-13 04:00:00+00:00,17.997,17.247,17.897,18.497,18.597,18.046999,18.7455,89.0,93.0,85.0,89.0,83.0,86.0,75.0,2,winter,85.71428571428571,18.146785571428573
293,1,2024-02-13 05:00:00+00:00,18.747,18.546999,18.997,19.796999,20.046999,19.447,19.7955,89.0,89.0,84.0,84.0,77.0,81.0,72.0,2,winter,82.28571428571429,19.33964242857143
294,1,2024-02-13 06:00:00+00:00,20.597,21.497,21.597,21.296999,21.647,21.046999,20.9955,84.0,77.0,76.0,77.0,71.0,75.0,67.0,2,winter,75.28571428571429,21.23964257142857
295,1,2024-02-13 07:00:00+00:00,22.296999,23.447,23.397,22.947,23.497,22.796999,23.345499,77.0,68.0,69.0,71.0,65.0,69.0,59.0,2,winter,68.28571428571429,23.103928142857143
296,1,2024-02-13 08:00:00+00:00,24.097,25.147,24.997,24.796999,25.497,24.747,25.8955,68.0,62.0,61.0,64.0,59.0,62.0,51.0,2,winter,61.0,25.025356999999996
297,1,2024-02-13 09:00:00+00:00,25.697,26.647,26.447,26.296999,27.147,26.397,27.7955,62.0,56.0,57.0,58.0,53.0,56.0,44.0,2,winter,55.142857142857146,26.632499857142854
298,1,2024-02-13 10:00:00+00:00,26.897,27.897,27.647,27.447,28.347,27.647,29.1455,55.0,50.0,49.0,53.0,48.0,51.0,38.0,2,winter,49.142857142857146,27.861071428571428
299,1,2024-02-13 11:00:00+00:00,27.546999,28.147,28.197,28.247,29.197,28.597,29.845499,51.0,46.0,46.0,48.0,44.0,46.0,34.0,2,winter,45.0,28.53964257142857
300,1,2024-02-13 12:00:00+00:00,27.747,29.197,29.897,28.897,29.097,27.997,30.2955,50.0,40.0,38.0,43.0,43.0,51.0,34.0,2,winter,42.714285714285715,29.018214285714286
301,1,2024-02-13 13:00:00+00:00,27.546999,29.046999,29.947,28.796999,28.447,27.897,28.4455,51.0,40.0,37.0,42.0,47.0,51.0,40.0,2,winter,44.0,28.58964242857143
302,1,2024-02-13 14:00:00+00:00,26.897,28.397,29.447,28.296999,27.147,27.347,25.5455,52.0,41.0,40.0,43.0,54.0,52.0,50.0,2,winter,47.42857142857143,27.58249985714286
303,1,2024-02-13 15:00:00+00:00,23.897,27.497,27.897,27.347,25.897,26.497,22.9455,72.0,46.0,45.0,47.0,61.0,56.0,61.0,2,winter,55.42857142857143,25.996785714285714
304,1,2024-02-13 16:00:00+00:00,22.747,25.647,24.997,25.647,24.847,25.197,20.8955,76.0,60.0,64.0,57.0,66.0,63.0,73.0,2,winter,65.57142857142857,24.2825
305,1,2024-02-13 17:00:00+00:00,21.697,23.847,21.997,23.447,23.847,23.597,19.1455,83.0,68.0,76.0,71.0,70.0,72.0,85.0,2,winter,75.0,22.51107142857143
306,1,2024-02-13 18:00:00+00:00,20.796999,21.497,22.347,22.046999,22.847,22.197,16.7455,85.0,85.0,74.0,81.0,75.0,80.0,95.0,2,winter,82.14285714285714,21.211071142857143
307,1,2024-02-13 19:00:00+00:00,20.197,20.997,21.747,21.147,21.847,21.197,16.2455,89.0,87.0,82.0,85.0,80.0,85.0,98.0,2,winter,86.57142857142857,20.482499999999998
308,1,2024-02-13 20:00:00+00:00,19.647,20.546999,21.197,20.597,20.897,20.397,16.595499,92.0,90.0,87.0,87.0,85.0,88.0,97.0,2,winter,89.42857142857143,19.982499714285712
309,1,2024-02-13 21:00:00+00:00,19.747,20.147,20.397,20.147,20.147,19.796999,16.9455,92.0,89.0,91.0,89.0,89.0,91.0,96.0,2,winter,91.0,19.61821414285714
310,1,2024-02-13 22:00:00+00:00,19.397,19.997,20.147,19.847,19.647,19.397,17.1455,91.0,90.0,91.0,90.0,92.0,93.0,94.0,2,winter,91.57142857142857,19.368214285714284
311,1,2024-02-13 23:00:00+00:00,19.197,19.747,19.897,19.647,19.347,19.147,17.345499,91.0,92.0,92.0,91.0,93.0,93.0,92.0,2,winter,92.0,19.189642714285714
312,1,2024-02-14 00:00:00+00:00,18.897,18.747,19.347,19.747,19.747,19.247,16.595499,95.0,93.0,93.0,93.0,93.0,95.0,93.0,2,winter,93.57142857142857,18.903928428571426
313,1,2024-02-14 01:00:00+00:00,18.597,18.447,19.247,19.497,19.447,18.897,16.1455,96.0,94.0,94.0,94.0,94.0,96.0,94.0,2,winter,94.57142857142857,18.611071428571428
314,1,2024-02-14 02:00:00+00:00,18.097,18.296999,18.897,19.296999,19.147,18.497,15.7455,98.0,93.0,96.0,95.0,96.0,97.0,94.0,2,winter,95.57142857142857,18.282499714285713
315,1,2024-02-14 03:00:00+00:00,18.046999,18.296999,18.947,19.347,19.197,18.497,15.8955,96.0,93.0,94.0,94.0,96.0,97.0,93.0,2,winter,94.71428571428571,18.318214000000005
316,1,2024-02-14 04:00:00+00:00,17.697,17.997,18.697,19.796999,19.697,19.046999,16.9955,96.0,94.0,94.0,92.0,94.0,95.0,90.0,2,winter,93.57142857142857,18.561071142857145
317,1,2024-02-14 05:00:00+00:00,18.647,18.847,19.546999,20.597,20.447,19.997,18.6955,93.0,93.0,92.0,88.0,92.0,92.0,84.0,2,winter,90.57142857142857,19.539642714285716
318,1,2024-02-14 06:00:00+00:00,20.847,21.147,21.546999,21.447,21.347,21.197,21.095499,85.0,82.0,81.0,88.0,88.0,87.0,72.0,2,winter,83.28571428571429,21.232499714285716
319,1,2024-02-14 07:00:00+00:00,22.796999,23.147,23.497,22.897,22.347,22.747,23.4955,75.0,70.0,70.0,79.0,83.0,79.0,61.0,2,winter,73.85714285714286,22.989642714285715
320,1,2024-02-14 08:00:00+00:00,24.447,24.697,24.697,24.697,23.397,24.497,26.2955,67.0,65.0,65.0,68.0,78.0,70.0,48.0,2,winter,65.85714285714286,24.675357142857145
321,1,2024-02-14 09:00:00+00:00,25.747,26.397,25.796999,26.197,24.397,25.997,28.4455,62.0,59.0,61.0,59.0,73.0,62.0,39.0,2,winter,59.285714285714285,26.139642714285714
322,1,2024-02-14 10:00:00+00:00,26.947,27.697,27.097,27.247,25.347,27.097,30.0455,56.0,53.0,55.0,53.0,67.0,55.0,33.0,2,winter,53.142857142857146,27.353928571428575
323,1,2024-02-14 11:00:00+00:00,27.447,28.247,28.097,27.997,26.247,27.897,31.0455,52.0,50.0,50.0,50.0,62.0,50.0,30.0,2,winter,49.142857142857146,28.139642857142857
324,1,2024-02-14 12:00:00+00:00,27.497,27.697,28.597,28.347,28.147,28.497,30.3955,54.0,52.0,46.0,50.0,48.0,47.0,35.0,2,winter,47.42857142857143,28.45392857142857
325,1,2024-02-14 13:00:00+00:00,24.397,27.747,28.597,27.796999,27.796999,27.597,26.7455,70.0,53.0,47.0,52.0,50.0,52.0,51.0,2,winter,53.57142857142857,27.23964257142857
326,1,2024-02-14 14:00:00+00:00,25.197,25.546999,28.147,26.597,26.997,25.997,21.345499,69.0,59.0,48.0,57.0,55.0,62.0,75.0,2,winter,60.714285714285715,25.689642571428575
327,1,2024-02-14 15:00:00+00:00,23.747,23.046999,25.397,25.296999,26.046999,24.546999,17.4455,72.0,70.0,56.0,63.0,61.0,70.0,92.0,2,winter,69.14285714285714,23.646785142857144
328,1,2024-02-14 16:00:00+00:00,22.947,22.546999,23.697,23.897,24.897,23.397,16.5455,77.0,74.0,67.0,71.0,67.0,76.0,97.0,2,winter,75.57142857142857,22.561071285714284
329,1,2024-02-14 17:00:00+00:00,21.997,21.546999,22.397,22.397,23.546999,22.397,17.1455,82.0,80.0,74.0,80.0,74.0,82.0,97.0,2,winter,81.28571428571429,21.63249971428571
330,1,2024-02-14 18:00:00+00:00,21.296999,20.546999,21.997,20.997,22.447,21.546999,16.6955,82.0,87.0,80.0,86.0,80.0,86.0,93.0,2,winter,84.85714285714286,20.78964242857143
331,1,2024-02-14 19:00:00+00:00,20.847,20.046999,20.897,20.447,21.796999,20.997,16.7955,85.0,89.0,86.0,87.0,84.0,89.0,93.0,2,winter,87.57142857142857,20.26107114285714
332,1,2024-02-14 20:00:00+00:00,20.247,19.347,20.447,20.447,21.447,20.597,17.0455,89.0,92.0,88.0,85.0,86.0,91.0,93.0,2,winter,89.14285714285714,19.93964285714286
333,1,2024-02-14 21:00:00+00:00,20.147,19.197,20.046999,20.397,21.097,20.296999,17.1955,90.0,93.0,90.0,84.0,88.0,92.0,93.0,2,winter,90.0,19.768214
334,1,2024-02-14 22:00:00+00:00,19.997,19.247,20.097,20.147,20.747,20.046999,17.0455,90.0,92.0,89.0,86.0,90.0,93.0,93.0,2,winter,90.42857142857143,19.61821414285714
335,1,2024-02-14 23:00:00+00:00,19.397,18.847,19.546999,19.897,20.397,19.847,16.845499,93.0,94.0,92.0,90.0,91.0,93.0,93.0,2,winter,92.28571428571429,19.253928285714284
336,1,2024-02-15 00:00:00+00:00,18.796999,19.147,19.046999,19.447,19.847,19.147,17.9455,96.0,94.0,92.0,92.0,90.0,94.0,91.0,2,winter,92.71428571428571,19.053928285714285
337,1,2024-02-15 01:00:00+00:00,18.497,18.847,18.997,18.947,19.647,18.897,17.3955,97.0,94.0,92.0,94.0,91.0,95.0,92.0,2,winter,93.57142857142857,18.746785714285714
338,1,2024-02-15 02:00:00+00:00,18.097,18.647,19.046999,18.447,19.497,18.747,16.6955,98.0,94.0,89.0,95.0,93.0,95.0,94.0,2,winter,94.0,18.45392842857143
339,1,2024-02-15 03:00:00+00:00,17.847,18.397,18.897,18.347,19.647,18.847,16.595499,98.0,95.0,87.0,94.0,93.0,95.0,94.0,2,winter,93.71428571428571,18.36821414285714
340,1,2024-02-15 04:00:00+00:00,17.447,18.247,18.697,18.847,20.046999,19.197,17.3955,99.0,95.0,86.0,91.0,92.0,94.0,91.0,2,winter,92.57142857142857,18.553928428571428
341,1,2024-02-15 05:00:00+00:00,18.597,18.947,19.347,19.796999,20.647,19.747,18.7955,96.0,90.0,88.0,86.0,90.0,92.0,85.0,2,winter,89.57142857142857,19.411071285714282
342,1,2024-02-15 06:00:00+00:00,20.497,20.647,20.897,20.947,21.546999,20.597,19.9955,90.0,82.0,80.0,82.0,86.0,88.0,82.0,2,winter,84.28571428571429,20.73249985714286
343,1,2024-02-15 07:00:00+00:00,22.247,22.197,22.747,22.597,22.897,21.796999,22.3955,81.0,75.0,71.0,75.0,78.0,82.0,71.0,2,winter,76.14285714285714,22.411071285714286
344,1,2024-02-15 08:00:00+00:00,24.296999,23.997,24.597,24.546999,24.497,23.296999,25.1455,68.0,70.0,65.0,66.0,67.0,76.0,57.0,2,winter,67.0,24.339642428571427
345,1,2024-02-15 09:00:00+00:00,25.697,25.796999,26.247,26.197,25.897,24.597,27.345499,61.0,62.0,58.0,59.0,59.0,69.0,47.0,2,winter,59.285714285714285,25.968214
346,1,2024-02-15 10:00:00+00:00,26.747,27.247,27.447,27.296999,26.997,25.697,29.1455,53.0,53.0,50.0,54.0,53.0,63.0,40.0,2,winter,52.285714285714285,27.225357000000002
347,1,2024-02-15 11:00:00+00:00,27.697,28.397,28.347,28.046999,27.897,26.647,30.4455,47.0,47.0,45.0,50.0,50.0,57.0,37.0,2,winter,47.57142857142857,28.211071285714286
348,1,2024-02-15 12:00:00+00:00,27.647,28.046999,28.147,29.247,28.046999,27.397,30.095499,46.0,49.0,48.0,44.0,47.0,55.0,37.0,2,winter,46.57142857142857,28.37535671428571
349,1,2024-02-15 13:00:00+00:00,25.647,28.197,28.447,29.347,28.147,26.747,26.3955,64.0,48.0,47.0,42.0,45.0,57.0,53.0,2,winter,50.857142857142854,27.561071428571427
350,1,2024-02-15 14:00:00+00:00,25.497,27.947,28.397,29.046999,27.947,25.447,20.9955,62.0,50.0,48.0,41.0,44.0,61.0,76.0,2,winter,54.57142857142857,26.468214142857143
351,1,2024-02-15 15:00:00+00:00,25.046999,27.147,27.997,28.247,27.347,24.197,16.9955,61.0,51.0,48.0,43.0,46.0,66.0,93.0,2,winter,58.285714285714285,25.282499857142856
352,1,2024-02-15 16:00:00+00:00,23.447,24.447,25.647,26.546999,26.097,23.296999,15.945499,69.0,65.0,61.0,51.0,52.0,71.0,98.0,2,winter,66.71428571428571,23.632499571428575
353,1,2024-02-15 17:00:00+00:00,22.097,23.197,23.997,24.347,24.447,22.447,16.2955,77.0,73.0,67.0,63.0,61.0,76.0,96.0,2,winter,73.28571428571429,22.403928571428573
354,1,2024-02-15 18:00:00+00:00,20.546999,22.197,22.697,22.796999,22.997,21.697,16.9455,85.0,82.0,70.0,75.0,69.0,81.0,98.0,2,winter,80.0,21.411071142857143
355,1,2024-02-15 19:00:00+00:00,20.097,21.847,22.296999,21.947,22.097,21.046999,16.9955,86.0,84.0,71.0,80.0,75.0,85.0,98.0,2,winter,82.71428571428571,20.903928285714283
356,1,2024-02-15 20:00:00+00:00,18.747,21.197,21.997,21.447,21.397,20.447,17.345499,93.0,88.0,75.0,83.0,81.0,89.0,96.0,2,winter,86.42857142857143,20.36821414285714
357,1,2024-02-15 21:00:00+00:00,18.447,20.497,21.747,20.997,20.796999,19.997,17.595499,95.0,91.0,75.0,85.0,85.0,92.0,95.0,2,winter,88.28571428571429,20.01107114285714
358,1,2024-02-15 22:00:00+00:00,18.097,20.046999,20.847,20.546999,20.247,19.697,17.5455,97.0,93.0,79.0,86.0,88.0,93.0,95.0,2,winter,90.14285714285714,19.575356857142857
359,1,2024-02-15 23:00:00+00:00,18.046999,19.597,19.897,20.197,19.747,19.497,17.3955,96.0,95.0,86.0,87.0,90.0,93.0,96.0,2,winter,91.85714285714286,19.19678557142857
360,1,2024-02-16 00:00:00+00:00,17.147,18.947,18.947,19.697,19.847,19.697,17.3955,96.0,94.0,92.0,89.0,90.0,91.0,94.0,2,winter,92.28571428571429,18.81107142857143
361,1,2024-02-16 01:00:00+00:00,16.897,18.296999,18.597,19.046999,19.497,19.347,16.845499,95.0,97.0,91.0,91.0,92.0,92.0,94.0,2,winter,93.14285714285714,18.361071
362,1,2024-02-16 02:00:00+00:00,16.447,17.897,18.397,18.347,19.147,18.997,16.1455,96.0,98.0,90.0,94.0,94.0,93.0,95.0,2,winter,94.28571428571429,17.911071428571425
363,1,2024-02-16 03:00:00+00:00,16.047,17.597,17.497,18.097,19.097,18.947,16.095499,96.0,97.0,94.0,95.0,94.0,93.0,93.0,2,winter,94.57142857142857,17.625357
364,1,2024-02-16 04:00:00+00:00,15.747,17.147,16.947,18.546999,19.447,19.347,16.9955,95.0,97.0,93.0,94.0,93.0,92.0,89.0,2,winter,93.28571428571429,17.73964271428571
365,1,2024-02-16 05:00:00+00:00,17.197,18.147,17.997,19.447,20.097,20.097,18.5455,92.0,95.0,90.0,92.0,90.0,89.0,83.0,2,winter,90.14285714285714,18.78964285714286
366,1,2024-02-16 06:00:00+00:00,20.447,20.897,20.347,20.497,21.046999,21.046999,20.4455,75.0,85.0,71.0,85.0,85.0,85.0,77.0,2,winter,80.42857142857143,20.675356857142855
367,1,2024-02-16 07:00:00+00:00,22.697,22.497,22.397,22.147,22.497,22.397,22.5455,68.0,77.0,63.0,77.0,77.0,78.0,68.0,2,winter,72.57142857142857,22.453928571428573
368,1,2024-02-16 08:00:00+00:00,24.747,24.147,24.197,24.046999,24.247,23.997,24.8955,62.0,67.0,60.0,66.0,67.0,69.0,57.0,2,winter,64.0,24.325357
369,1,2024-02-16 09:00:00+00:00,26.497,25.647,25.697,25.647,25.747,25.397,26.6955,57.0,59.0,52.0,57.0,59.0,62.0,49.0,2,winter,56.42857142857143,25.903928571428573
370,1,2024-02-16 10:00:00+00:00,28.097,27.046999,26.847,26.847,26.897,26.546999,27.7955,46.0,50.0,45.0,50.0,54.0,56.0,44.0,2,winter,49.285714285714285,27.153928285714283
371,1,2024-02-16 11:00:00+00:00,29.097,27.997,27.597,27.697,27.747,27.546999,28.2955,39.0,45.0,41.0,45.0,50.0,51.0,42.0,2,winter,44.714285714285715,27.99678557142857
372,1,2024-02-16 12:00:00+00:00,28.947,28.447,28.497,28.046999,28.397,28.046999,27.595499,41.0,43.0,41.0,45.0,45.0,43.0,47.0,2,winter,43.57142857142857,28.282499571428566
373,1,2024-02-16 13:00:00+00:00,29.147,28.546999,28.597,28.147,28.447,28.147,25.6955,39.0,43.0,42.0,44.0,44.0,41.0,58.0,2,winter,44.42857142857143,28.10392842857143
374,1,2024-02-16 14:00:00+00:00,28.897,28.296999,28.247,27.947,28.097,27.847,22.6455,41.0,45.0,44.0,44.0,44.0,42.0,74.0,2,winter,47.714285714285715,27.425357
375,1,2024-02-16 15:00:00+00:00,28.097,27.497,27.397,27.247,27.397,27.147,20.095499,41.0,45.0,46.0,46.0,46.0,45.0,87.0,2,winter,50.857142857142854,26.411071285714282
376,1,2024-02-16 16:00:00+00:00,25.447,25.197,25.247,25.847,26.147,25.897,18.595499,55.0,55.0,54.0,52.0,51.0,51.0,93.0,2,winter,58.714285714285715,24.625356999999997
377,1,2024-02-16 17:00:00+00:00,23.647,23.197,23.796999,23.947,24.597,24.247,17.5455,63.0,61.0,59.0,60.0,58.0,59.0,96.0,2,winter,65.14285714285714,22.996785571428575
378,1,2024-02-16 18:00:00+00:00,22.147,22.997,22.046999,21.847,23.197,22.796999,17.1455,68.0,68.0,68.0,66.0,65.0,67.0,94.0,2,winter,70.85714285714286,21.739642571428572
379,1,2024-02-16 19:00:00+00:00,20.796999,22.247,21.697,20.947,22.247,21.697,16.9455,76.0,67.0,69.0,71.0,71.0,73.0,94.0,2,winter,74.42857142857143,20.939642714285718
380,1,2024-02-16 20:00:00+00:00,19.597,20.347,20.397,20.397,21.497,20.747,17.1455,83.0,78.0,76.0,74.0,76.0,78.0,93.0,2,winter,79.71428571428571,20.018214285714286
381,1,2024-02-16 21:00:00+00:00,19.747,19.447,19.647,19.947,20.897,20.046999,17.345499,77.0,82.0,81.0,77.0,80.0,82.0,92.0,2,winter,81.57142857142857,19.582499714285714
382,1,2024-02-16 22:00:00+00:00,19.147,18.796999,19.897,19.546999,20.447,19.597,17.345499,79.0,84.0,79.0,80.0,82.0,85.0,92.0,2,winter,83.0,19.25392814285714
383,1,2024-02-16 23:00:00+00:00,18.796999,18.197,19.647,19.247,20.147,19.347,17.345499,81.0,85.0,82.0,83.0,82.0,86.0,92.0,2,winter,84.42857142857143,18.961071142857143
384,1,2024-02-17 00:00:00+00:00,17.546999,17.097,18.247,18.546999,18.847,19.597,17.0455,85.0,81.0,82.0,94.0,86.0,88.0,94.0,2,winter,87.14285714285714,18.132499714285718
385,1,2024-02-17 01:00:00+00:00,17.197,16.796999,17.796999,18.247,18.546999,18.997,16.7455,86.0,81.0,86.0,95.0,87.0,90.0,94.0,2,winter,88.42857142857143,17.761070999999998
386,1,2024-02-17 02:00:00+00:00,16.997,16.647,16.947,17.997,18.247,18.347,16.3955,87.0,81.0,89.0,96.0,88.0,93.0,94.0,2,winter,89.71428571428571,17.368214285714284
387,1,2024-02-17 03:00:00+00:00,16.697,16.347,16.597,18.097,18.247,18.147,16.4955,89.0,84.0,89.0,95.0,88.0,93.0,93.0,2,winter,90.14285714285714,17.232499999999998
388,1,2024-02-17 04:00:00+00:00,16.097,15.947,16.347,18.597,18.647,18.647,17.1455,91.0,86.0,89.0,94.0,88.0,91.0,90.0,2,winter,89.85714285714286,17.346785714285712
389,1,2024-02-17 05:00:00+00:00,17.697,17.597,17.697,19.397,19.397,19.546999,18.1955,88.0,85.0,88.0,91.0,86.0,88.0,85.0,2,winter,87.28571428571429,18.50392842857143
390,1,2024-02-17 06:00:00+00:00,21.397,21.296999,20.796999,20.747,20.497,20.796999,19.1955,75.0,75.0,74.0,86.0,83.0,83.0,86.0,2,winter,80.28571428571429,20.675356714285716
391,1,2024-02-17 07:00:00+00:00,23.847,23.897,22.647,22.397,22.197,22.447,21.595499,65.0,66.0,74.0,78.0,75.0,75.0,76.0,2,winter,72.71428571428571,22.71821414285714
392,1,2024-02-17 08:00:00+00:00,25.647,25.997,24.447,24.347,24.197,24.397,24.4455,60.0,59.0,65.0,68.0,66.0,65.0,63.0,2,winter,63.714285714285715,24.7825
393,1,2024-02-17 09:00:00+00:00,27.296999,27.647,25.947,25.947,25.897,26.046999,26.7955,54.0,53.0,58.0,59.0,57.0,56.0,52.0,2,winter,55.57142857142857,26.51107114285714
394,1,2024-02-17 10:00:00+00:00,28.597,28.947,27.296999,27.097,27.046999,27.197,28.4455,47.0,46.0,52.0,53.0,51.0,50.0,44.0,2,winter,49.0,27.803928285714285
395,1,2024-02-17 11:00:00+00:00,29.296999,29.697,28.197,27.947,27.847,27.997,29.5455,43.0,41.0,43.0,48.0,46.0,46.0,39.0,2,winter,43.714285714285715,28.646785571428577
396,1,2024-02-17 12:00:00+00:00,29.597,30.546999,28.997,28.697,28.397,28.546999,27.845499,41.0,35.0,40.0,44.0,43.0,43.0,44.0,2,winter,41.42857142857143,28.94678528571428
397,1,2024-02-17 13:00:00+00:00,29.597,30.447,29.147,28.597,28.497,28.546999,27.1455,40.0,34.0,40.0,44.0,42.0,42.0,48.0,2,winter,41.42857142857143,28.853928428571432
398,1,2024-02-17 14:00:00+00:00,29.296999,30.147,28.947,28.046999,28.197,28.046999,26.0455,41.0,36.0,39.0,46.0,43.0,44.0,55.0,2,winter,43.42857142857143,28.389642428571428
399,1,2024-02-17 15:00:00+00:00,28.296999,29.046999,27.897,27.097,27.397,27.197,24.5455,44.0,39.0,43.0,50.0,46.0,47.0,63.0,2,winter,47.42857142857143,27.353928285714286
400,1,2024-02-17 16:00:00+00:00,25.897,26.296999,25.397,25.546999,25.847,25.747,22.345499,54.0,51.0,57.0,56.0,53.0,53.0,73.0,2,winter,56.714285714285715,25.296785285714282
401,1,2024-02-17 17:00:00+00:00,24.247,24.647,23.497,23.647,23.847,23.947,19.7955,63.0,62.0,64.0,64.0,63.0,60.0,84.0,2,winter,65.71428571428571,23.375357142857144
402,1,2024-02-17 18:00:00+00:00,22.397,23.546999,22.247,22.397,22.247,22.447,18.095499,74.0,61.0,70.0,71.0,71.0,67.0,90.0,2,winter,72.0,21.91107114285714
403,1,2024-02-17 19:00:00+00:00,21.997,22.197,21.697,21.597,21.397,21.546999,17.6455,76.0,76.0,79.0,76.0,75.0,72.0,92.0,2,winter,78.0,21.153928428571426
404,1,2024-02-17 20:00:00+00:00,21.947,22.097,20.697,21.147,20.947,20.997,17.845499,78.0,79.0,85.0,79.0,77.0,76.0,91.0,2,winter,80.71428571428571,20.811071285714288
405,1,2024-02-17 21:00:00+00:00,20.947,20.897,20.497,20.747,20.546999,20.546999,17.9955,83.0,84.0,86.0,82.0,79.0,80.0,91.0,2,winter,83.57142857142857,20.31107114285714
406,1,2024-02-17 22:00:00+00:00,20.247,20.597,19.947,20.197,20.247,20.197,17.6955,85.0,87.0,89.0,85.0,81.0,83.0,92.0,2,winter,86.0,19.875357142857144
407,1,2024-02-17 23:00:00+00:00,19.697,20.347,19.697,19.697,19.997,19.897,17.2955,87.0,91.0,92.0,87.0,82.0,85.0,93.0,2,winter,88.14285714285714,19.518214285714286
408,1,2024-02-18 00:00:00+00:00,19.296999,19.647,19.546999,18.997,19.497,18.697,16.5455,90.0,91.0,91.0,90.0,87.0,89.0,94.0,2,winter,90.28571428571429,18.88964257142857
409,1,2024-02-18 01:00:00+00:00,18.347,19.097,18.796999,18.447,18.647,17.947,15.9955,91.0,92.0,94.0,92.0,91.0,92.0,95.0,2,winter,92.42857142857143,18.182499857142858
410,1,2024-02-18 02:00:00+00:00,18.197,18.847,18.397,17.897,17.697,17.197,15.445499,92.0,93.0,95.0,94.0,95.0,95.0,95.0,2,winter,94.14285714285714,17.668214142857142
411,1,2024-02-18 03:00:00+00:00,17.796999,18.347,18.247,17.796999,17.447,17.046999,15.5455,95.0,96.0,95.0,95.0,96.0,95.0,94.0,2,winter,95.14285714285714,17.461071
412,1,2024-02-18 04:00:00+00:00,17.497,18.296999,17.597,18.546999,18.296999,17.897,16.6455,97.0,96.0,98.0,93.0,93.0,91.0,90.0,2,winter,94.0,17.82535671428571
413,1,2024-02-18 05:00:00+00:00,18.647,19.197,18.947,19.796999,19.796999,19.447,18.3955,96.0,93.0,94.0,89.0,88.0,85.0,83.0,2,winter,89.71428571428571,19.175356857142855
414,1,2024-02-18 06:00:00+00:00,21.097,21.397,21.397,21.397,21.397,21.046999,19.9955,84.0,84.0,85.0,83.0,82.0,79.0,79.0,2,winter,82.28571428571429,21.10392842857143
415,1,2024-02-18 07:00:00+00:00,22.997,23.197,23.097,23.197,23.046999,22.747,22.5455,75.0,75.0,77.0,75.0,76.0,74.0,69.0,2,winter,74.42857142857143,22.975357
416,1,2024-02-18 08:00:00+00:00,24.347,24.697,24.897,25.097,24.747,24.597,25.3955,68.0,67.0,67.0,66.0,69.0,68.0,56.0,2,winter,65.85714285714286,24.825357142857143
417,1,2024-02-18 09:00:00+00:00,25.847,26.247,26.397,26.697,26.247,26.147,27.4955,63.0,61.0,59.0,58.0,62.0,62.0,47.0,2,winter,58.857142857142854,26.439642857142854
418,1,2024-02-18 10:00:00+00:00,27.147,27.697,27.747,27.847,27.597,27.447,28.5455,56.0,52.0,51.0,51.0,54.0,54.0,42.0,2,winter,51.42857142857143,27.718214285714286
419,1,2024-02-18 11:00:00+00:00,28.147,28.597,28.546999,28.697,28.747,28.497,28.8955,51.0,49.0,47.0,45.0,46.0,45.0,39.0,2,winter,46.0,28.58964271428572
420,1,2024-02-18 12:00:00+00:00,28.497,28.597,28.947,28.697,28.497,28.796999,29.2455,48.0,50.0,45.0,44.0,45.0,43.0,38.0,2,winter,44.714285714285715,28.75392842857143
421,1,2024-02-18 13:00:00+00:00,28.197,28.497,28.847,28.597,28.447,27.697,28.345499,50.0,49.0,45.0,43.0,44.0,49.0,45.0,2,winter,46.42857142857143,28.375357
422,1,2024-02-18 14:00:00+00:00,26.847,27.247,28.296999,28.097,27.947,25.796999,26.7455,56.0,54.0,46.0,43.0,44.0,59.0,56.0,2,winter,51.142857142857146,27.282499714285713
423,1,2024-02-18 15:00:00+00:00,25.347,25.647,27.247,27.097,26.997,24.046999,24.7455,60.0,59.0,47.0,47.0,48.0,68.0,67.0,2,winter,56.57142857142857,25.875356999999997
424,1,2024-02-18 16:00:00+00:00,23.546999,23.447,23.947,25.347,25.347,22.647,22.0455,67.0,71.0,67.0,57.0,57.0,74.0,78.0,2,winter,67.28571428571429,23.761071285714287
425,1,2024-02-18 17:00:00+00:00,22.197,21.897,22.447,23.097,23.197,21.397,18.9455,77.0,80.0,77.0,70.0,70.0,80.0,89.0,2,winter,77.57142857142857,21.8825
426,1,2024-02-18 18:00:00+00:00,21.497,21.697,21.747,21.147,21.546999,20.447,17.6955,82.0,82.0,80.0,83.0,80.0,84.0,94.0,2,winter,83.57142857142857,20.825357
427,1,2024-02-18 19:00:00+00:00,20.997,21.147,20.997,20.497,20.747,19.897,17.2455,85.0,86.0,85.0,87.0,85.0,87.0,96.0,2,winter,87.28571428571429,20.218214285714286
428,1,2024-02-18 20:00:00+00:00,20.546999,20.546999,20.647,20.097,20.347,19.647,17.595499,89.0,91.0,88.0,89.0,89.0,89.0,94.0,2,winter,89.85714285714286,19.918213857142856
429,1,2024-02-18 21:00:00+00:00,20.247,20.397,20.197,19.847,20.046999,19.397,17.7955,89.0,91.0,91.0,90.0,91.0,90.0,92.0,2,winter,90.57142857142857,19.703928428571427
430,1,2024-02-18 22:00:00+00:00,19.997,20.197,20.097,19.796999,19.697,18.997,17.5455,91.0,91.0,91.0,90.0,93.0,92.0,92.0,2,winter,91.42857142857143,19.475357
431,1,2024-02-18 23:00:00+00:00,19.947,19.997,20.046999,19.897,19.397,18.546999,17.1955,91.0,91.0,91.0,88.0,94.0,93.0,92.0,2,winter,91.42857142857143,19.289642571428573
432,1,2024-02-19 00:00:00+00:00,19.247,19.097,19.347,19.997,18.447,18.796999,16.8955,94.0,92.0,93.0,88.0,97.0,94.0,91.0,2,winter,92.71428571428571,18.832499857142857
433,1,2024-02-19 01:00:00+00:00,19.147,18.796999,19.347,19.247,18.046999,18.247,16.845499,94.0,93.0,93.0,90.0,98.0,96.0,92.0,2,winter,93.71428571428571,18.525356714285714
434,1,2024-02-19 02:00:00+00:00,18.897,18.397,19.046999,18.296999,17.747,17.747,16.6455,94.0,94.0,94.0,94.0,98.0,97.0,93.0,2,winter,94.85714285714286,18.111071142857142
435,1,2024-02-19 03:00:00+00:00,18.647,18.296999,18.397,17.947,17.897,17.747,16.845499,95.0,94.0,95.0,95.0,97.0,97.0,92.0,2,winter,95.0,17.968214
436,1,2024-02-19 04:00:00+00:00,18.447,17.947,18.046999,18.647,18.697,18.597,17.595499,95.0,95.0,96.0,93.0,94.0,95.0,89.0,2,winter,93.85714285714286,18.282499714285716
437,1,2024-02-19 05:00:00+00:00,19.147,18.997,19.147,20.046999,19.947,19.947,18.6955,95.0,94.0,94.0,88.0,90.0,90.0,85.0,2,winter,90.85714285714286,19.418214142857146
438,1,2024-02-19 06:00:00+00:00,21.397,21.247,21.296999,21.747,21.397,21.397,20.5455,84.0,86.0,87.0,82.0,84.0,85.0,75.0,2,winter,83.28571428571429,21.289642714285712
439,1,2024-02-19 07:00:00+00:00,23.197,23.097,23.296999,23.296999,23.097,22.997,23.095499,73.0,77.0,77.0,74.0,76.0,77.0,65.0,2,winter,74.14285714285714,23.153928142857136
440,1,2024-02-19 08:00:00+00:00,24.597,24.647,24.897,24.997,24.947,24.697,25.9455,66.0,69.0,69.0,65.0,66.0,68.0,54.0,2,winter,65.28571428571429,24.961071428571426
441,1,2024-02-19 09:00:00+00:00,25.947,25.997,26.397,26.447,26.546999,25.997,28.1955,61.0,61.0,61.0,57.0,58.0,61.0,45.0,2,winter,57.714285714285715,26.50392842857143
442,1,2024-02-19 10:00:00+00:00,27.197,27.197,27.697,27.647,27.897,26.747,29.6955,55.0,56.0,54.0,52.0,51.0,57.0,38.0,2,winter,51.857142857142854,27.725357142857145
443,1,2024-02-19 11:00:00+00:00,27.997,27.947,28.747,28.597,28.947,27.046999,30.5455,52.0,52.0,49.0,48.0,46.0,56.0,33.0,2,winter,48.0,28.546785571428575
444,1,2024-02-19 12:00:00+00:00,26.847,28.296999,28.897,29.296999,29.497,27.796999,29.345499,61.0,50.0,49.0,44.0,42.0,54.0,38.0,2,winter,48.285714285714285,28.56821371428571
445,1,2024-02-19 13:00:00+00:00,25.897,28.397,28.997,28.597,28.947,26.747,27.095499,66.0,50.0,48.0,47.0,44.0,59.0,49.0,2,winter,51.857142857142854,27.811071285714284
446,1,2024-02-19 14:00:00+00:00,25.597,27.697,28.847,27.247,27.697,24.947,23.6955,64.0,52.0,48.0,54.0,49.0,67.0,65.0,2,winter,57.0,26.5325
447,1,2024-02-19 15:00:00+00:00,23.697,26.847,27.747,25.796999,26.296999,23.397,20.845499,72.0,53.0,50.0,62.0,56.0,74.0,79.0,2,winter,63.714285714285715,24.94678528571428
448,1,2024-02-19 16:00:00+00:00,22.147,25.046999,23.247,24.447,24.796999,22.397,19.1455,79.0,64.0,73.0,70.0,65.0,79.0,87.0,2,winter,73.85714285714286,23.032499714285713
449,1,2024-02-19 17:00:00+00:00,21.546999,22.197,22.097,23.097,23.097,21.647,17.9955,85.0,76.0,83.0,78.0,75.0,84.0,93.0,2,winter,82.0,21.668214142857146
450,1,2024-02-19 18:00:00+00:00,20.647,20.997,21.697,22.046999,21.796999,20.997,18.0455,88.0,85.0,85.0,84.0,83.0,88.0,93.0,2,winter,86.57142857142857,20.88964257142857
451,1,2024-02-19 19:00:00+00:00,20.296999,20.546999,20.897,21.247,21.097,20.497,18.095499,88.0,87.0,88.0,87.0,87.0,91.0,93.0,2,winter,88.71428571428571,20.382499571428575
452,1,2024-02-19 20:00:00+00:00,19.796999,19.947,20.447,20.647,20.697,20.097,18.4455,89.0,90.0,89.0,89.0,90.0,92.0,92.0,2,winter,90.14285714285714,20.011071285714287
453,1,2024-02-19 21:00:00+00:00,19.397,19.747,20.097,20.147,20.397,19.796999,18.595499,91.0,91.0,90.0,90.0,91.0,93.0,91.0,2,winter,91.0,19.73964257142857
454,1,2024-02-19 22:00:00+00:00,19.147,19.647,19.647,19.747,20.046999,19.647,18.2955,92.0,91.0,92.0,91.0,92.0,93.0,91.0,2,winter,91.71428571428571,19.453928428571427
455,1,2024-02-19 23:00:00+00:00,18.947,19.447,19.647,19.447,19.747,19.647,17.7955,93.0,94.0,91.0,92.0,92.0,92.0,91.0,2,winter,92.14285714285714,19.239642857142858
456,1,2024-02-20 00:00:00+00:00,19.147,19.046999,18.847,19.397,19.497,19.046999,16.7955,94.0,93.0,90.0,93.0,90.0,93.0,93.0,2,winter,92.28571428571429,18.825356857142854
457,1,2024-02-20 01:00:00+00:00,19.046999,19.046999,18.697,19.046999,19.147,18.546999,16.1955,95.0,93.0,92.0,94.0,92.0,95.0,94.0,2,winter,93.57142857142857,18.53249942857143
458,1,2024-02-20 02:00:00+00:00,18.947,18.647,18.497,18.747,18.747,17.997,15.695499,95.0,94.0,92.0,95.0,93.0,97.0,95.0,2,winter,94.42857142857143,18.182499857142854
459,1,2024-02-20 03:00:00+00:00,18.947,18.046999,18.147,18.796999,18.747,17.897,15.8455,94.0,95.0,94.0,94.0,94.0,97.0,94.0,2,winter,94.57142857142857,18.06107114285714
460,1,2024-02-20 04:00:00+00:00,18.897,17.497,17.897,19.296999,19.197,18.447,16.8955,94.0,97.0,95.0,92.0,93.0,95.0,91.0,2,winter,93.85714285714286,18.303928428571428
461,1,2024-02-20 05:00:00+00:00,19.247,18.597,18.847,20.097,19.997,19.447,18.595499,94.0,94.0,95.0,89.0,90.0,92.0,85.0,2,winter,91.28571428571429,19.261071285714287
462,1,2024-02-20 06:00:00+00:00,20.546999,20.847,20.747,21.197,21.097,20.647,20.345499,86.0,88.0,87.0,85.0,86.0,87.0,79.0,2,winter,85.42857142857143,20.775356857142857
463,1,2024-02-20 07:00:00+00:00,22.247,22.747,22.597,22.597,22.546999,22.046999,22.9455,78.0,77.0,80.0,78.0,79.0,81.0,69.0,2,winter,77.42857142857143,22.532499714285716
464,1,2024-02-20 08:00:00+00:00,23.447,24.597,24.647,24.296999,24.296999,23.647,25.9955,73.0,68.0,70.0,70.0,69.0,73.0,57.0,2,winter,68.57142857142857,24.418214
465,1,2024-02-20 09:00:00+00:00,24.897,25.997,26.247,25.747,25.847,25.046999,28.2455,67.0,60.0,61.0,62.0,61.0,66.0,48.0,2,winter,60.714285714285715,26.003928428571424
466,1,2024-02-20 10:00:00+00:00,26.247,27.147,27.397,26.947,27.097,26.397,29.4955,59.0,55.0,53.0,56.0,54.0,59.0,42.0,2,winter,54.0,27.246785714285714
467,1,2024-02-20 11:00:00+00:00,27.447,28.097,28.347,27.947,28.147,27.546999,30.0455,55.0,50.0,50.0,51.0,48.0,51.0,38.0,2,winter,49.0,28.225357
468,1,2024-02-20 12:00:00+00:00,27.296999,28.747,28.497,28.447,28.697,28.247,30.3955,54.0,46.0,49.0,48.0,45.0,50.0,32.0,2,winter,46.285714285714285,28.618214142857145
469,1,2024-02-20 13:00:00+00:00,27.197,28.947,28.597,28.647,28.847,27.697,28.095499,55.0,45.0,48.0,46.0,42.0,51.0,40.0,2,winter,46.714285714285715,28.289642714285716
470,1,2024-02-20 14:00:00+00:00,26.046999,28.796999,28.447,28.447,28.546999,26.546999,24.7455,62.0,45.0,50.0,46.0,42.0,55.0,54.0,2,winter,50.57142857142857,27.368213714285712
471,1,2024-02-20 15:00:00+00:00,25.197,28.296999,27.647,27.697,27.697,25.247,21.9955,64.0,46.0,51.0,49.0,45.0,61.0,65.0,2,winter,54.42857142857143,26.253928428571424
472,1,2024-02-20 16:00:00+00:00,23.347,25.697,25.647,25.897,25.897,23.847,20.6455,73.0,57.0,60.0,57.0,56.0,69.0,72.0,2,winter,63.42857142857143,24.42535714285714
473,1,2024-02-20 17:00:00+00:00,21.947,23.347,23.747,23.546999,23.497,22.247,19.9455,82.0,70.0,68.0,68.0,71.0,79.0,78.0,2,winter,73.71428571428571,22.611071285714285
474,1,2024-02-20 18:00:00+00:00,21.097,22.296999,21.796999,22.147,21.647,21.046999,18.095499,87.0,76.0,78.0,78.0,82.0,86.0,92.0,2,winter,82.71428571428571,21.161070857142853
475,1,2024-02-20 19:00:00+00:00,20.447,21.497,21.347,21.247,20.847,20.447,17.5455,90.0,80.0,84.0,84.0,86.0,90.0,93.0,2,winter,86.71428571428571,20.482500000000005
476,1,2024-02-20 20:00:00+00:00,19.897,20.897,20.997,20.796999,20.546999,20.147,17.4455,92.0,85.0,85.0,87.0,87.0,91.0,92.0,2,winter,88.42857142857143,20.103928285714286
477,1,2024-02-20 21:00:00+00:00,19.497,20.546999,20.497,20.397,20.347,19.897,17.2955,93.0,84.0,90.0,90.0,88.0,92.0,91.0,2,winter,89.71428571428571,19.782499857142856
478,1,2024-02-20 22:00:00+00:00,18.997,20.097,20.097,19.997,20.046999,19.647,16.7455,94.0,88.0,92.0,92.0,90.0,93.0,92.0,2,winter,91.57142857142857,19.375357
479,1,2024-02-20 23:00:00+00:00,18.597,19.747,19.697,19.697,19.847,19.397,16.095499,96.0,89.0,91.0,92.0,92.0,93.0,94.0,2,winter,92.42857142857143,19.011071285714284
480,1,2024-02-21 00:00:00+00:00,18.897,19.247,19.447,19.397,19.147,18.647,15.8955,95.0,90.0,92.0,87.0,93.0,94.0,91.0,2,winter,91.71428571428571,18.66821428571428
481,1,2024-02-21 01:00:00+00:00,18.296999,18.796999,18.897,18.447,18.546999,17.997,15.4955,97.0,92.0,95.0,90.0,95.0,96.0,93.0,2,winter,94.0,18.068213857142858
482,1,2024-02-21 02:00:00+00:00,17.647,18.397,18.397,17.397,17.897,17.397,15.0955,98.0,93.0,96.0,94.0,97.0,98.0,95.0,2,winter,95.85714285714286,17.461071428571426
483,1,2024-02-21 03:00:00+00:00,17.296999,17.847,17.597,16.997,17.796999,17.347,15.3955,98.0,93.0,98.0,95.0,98.0,98.0,94.0,2,winter,96.28571428571429,17.182499714285715
484,1,2024-02-21 04:00:00+00:00,16.997,17.397,16.796999,17.697,18.497,18.097,16.7955,96.0,93.0,98.0,92.0,96.0,95.0,89.0,2,winter,94.14285714285714,17.468214142857143
485,1,2024-02-21 05:00:00+00:00,18.197,18.546999,17.897,18.997,19.647,19.397,18.9455,94.0,90.0,96.0,86.0,92.0,91.0,81.0,2,winter,90.0,18.803928428571428
486,1,2024-02-21 06:00:00+00:00,20.847,21.147,21.046999,20.697,21.046999,20.847,20.7955,84.0,80.0,85.0,87.0,87.0,85.0,73.0,2,winter,83.0,20.918214000000003
487,1,2024-02-21 07:00:00+00:00,22.997,23.597,23.197,22.347,22.597,22.497,23.2455,71.0,69.0,74.0,79.0,79.0,78.0,62.0,2,winter,73.14285714285714,22.925357142857145
488,1,2024-02-21 08:00:00+00:00,24.697,25.697,24.997,24.247,24.347,24.347,25.9455,65.0,60.0,68.0,70.0,68.0,69.0,50.0,2,winter,64.28571428571429,24.896785714285716
489,1,2024-02-21 09:00:00+00:00,26.197,27.397,26.747,25.997,25.947,25.997,28.1955,59.0,53.0,60.0,62.0,60.0,61.0,40.0,2,winter,56.42857142857143,26.639642857142857
490,1,2024-02-21 10:00:00+00:00,27.447,28.597,28.347,27.497,27.347,27.447,30.1955,54.0,46.0,51.0,55.0,55.0,55.0,33.0,2,winter,49.857142857142854,28.125357142857144
491,1,2024-02-21 11:00:00+00:00,28.347,29.296999,29.347,28.747,28.597,28.697,31.7955,49.0,41.0,44.0,48.0,51.0,49.0,30.0,2,winter,44.57142857142857,29.261071285714287
492,1,2024-02-21 12:00:00+00:00,29.296999,29.347,29.647,29.197,30.296999,29.397,31.7455,39.0,41.0,41.0,43.0,36.0,42.0,30.0,2,winter,38.857142857142854,29.846785428571426
493,1,2024-02-21 13:00:00+00:00,29.397,29.447,29.897,29.147,30.546999,29.947,29.595499,38.0,39.0,40.0,43.0,34.0,38.0,36.0,2,winter,38.285714285714285,29.71107114285714
494,1,2024-02-21 14:00:00+00:00,28.897,29.197,29.647,28.647,30.296999,30.147,26.0455,40.0,39.0,40.0,46.0,34.0,35.0,45.0,2,winter,39.857142857142854,28.98249985714285
495,1,2024-02-21 15:00:00+00:00,27.697,28.197,28.447,27.847,29.497,29.546999,22.9955,48.0,46.0,44.0,50.0,37.0,37.0,55.0,2,winter,45.285714285714285,27.74678557142857
496,1,2024-02-21 16:00:00+00:00,25.197,25.747,25.997,26.796999,27.747,27.597,21.1955,55.0,58.0,55.0,53.0,45.0,47.0,64.0,2,winter,53.857142857142854,25.753928428571434
497,1,2024-02-21 17:00:00+00:00,22.947,23.497,25.147,25.546999,25.447,24.897,19.8955,61.0,65.0,60.0,57.0,57.0,61.0,73.0,2,winter,62.0,23.911071285714286
498,1,2024-02-21 18:00:00+00:00,21.546999,22.197,23.247,25.046999,23.546999,22.697,16.595499,71.0,66.0,72.0,59.0,67.0,71.0,90.0,2,winter,70.85714285714286,22.12535657142857
499,1,2024-02-21 19:00:00+00:00,20.947,21.597,22.597,23.697,22.497,21.647,16.8955,73.0,68.0,76.0,67.0,74.0,71.0,89.0,2,winter,74.0,21.41107142857143
500,1,2024-02-21 20:00:00+00:00,20.997,21.296999,21.697,22.397,21.897,21.147,17.595499,67.0,67.0,81.0,76.0,80.0,66.0,88.0,2,winter,75.0,21.003928285714284
501,1,2024-02-21 21:00:00+00:00,21.046999,21.347,21.747,21.347,21.296999,20.697,17.9955,61.0,63.0,72.0,83.0,84.0,64.0,87.0,2,winter,73.42857142857143,20.782499714285713
502,1,2024-02-21 22:00:00+00:00,20.447,20.796999,21.046999,20.897,20.597,20.097,17.6455,65.0,65.0,74.0,85.0,87.0,67.0,88.0,2,winter,75.85714285714286,20.218214
503,1,2024-02-21 23:00:00+00:00,19.747,19.747,20.546999,20.747,19.947,19.546999,16.8955,71.0,71.0,78.0,85.0,89.0,72.0,90.0,2,winter,79.42857142857143,19.59678542857143
504,1,2024-02-22 00:00:00+00:00,19.347,19.347,18.497,20.497,19.397,19.097,16.8955,73.0,74.0,84.0,88.0,91.0,87.0,77.0,2,winter,82.0,19.01107142857143
505,1,2024-02-22 01:00:00+00:00,19.247,18.796999,17.796999,19.546999,18.147,17.997,16.1455,74.0,78.0,86.0,90.0,93.0,88.0,80.0,2,winter,84.14285714285714,18.23964242857143
506,1,2024-02-22 02:00:00+00:00,18.947,18.296999,17.296999,18.447,16.796999,16.897,15.5455,74.0,79.0,87.0,92.0,95.0,89.0,82.0,2,winter,85.42857142857143,17.461071
507,1,2024-02-22 03:00:00+00:00,18.597,17.796999,16.697,17.997,16.247,16.546999,15.695499,75.0,81.0,88.0,92.0,94.0,88.0,82.0,2,winter,85.71428571428571,17.08249957142857
508,1,2024-02-22 04:00:00+00:00,18.097,17.147,16.097,18.597,17.046999,17.347,16.9955,78.0,84.0,88.0,88.0,90.0,85.0,78.0,2,winter,84.42857142857143,17.332499857142857
509,1,2024-02-22 05:00:00+00:00,19.247,18.347,17.397,19.897,18.697,18.897,18.9955,79.0,84.0,86.0,81.0,82.0,80.0,71.0,2,winter,80.42857142857143,18.7825
510,1,2024-02-22 06:00:00+00:00,21.747,21.947,20.997,21.347,20.546999,20.647,21.4455,70.0,69.0,76.0,72.0,74.0,74.0,62.0,2,winter,71.0,21.239642714285715
511,1,2024-02-22 07:00:00+00:00,24.097,24.097,23.747,23.296999,22.597,22.647,23.6955,59.0,54.0,62.0,60.0,63.0,65.0,52.0,2,winter,59.285714285714285,23.45392842857143
512,1,2024-02-22 08:00:00+00:00,25.897,25.847,26.247,25.597,24.897,24.847,26.1455,46.0,45.0,40.0,48.0,51.0,54.0,41.0,2,winter,46.42857142857143,25.639642857142857
513,1,2024-02-22 09:00:00+00:00,27.197,27.197,27.597,27.497,26.847,26.647,28.0455,41.0,40.0,36.0,38.0,41.0,45.0,32.0,2,winter,39.0,27.28964285714286
514,1,2024-02-22 10:00:00+00:00,28.197,28.197,28.796999,28.747,28.296999,27.796999,29.1955,39.0,38.0,33.0,33.0,35.0,40.0,28.0,2,winter,35.142857142857146,28.461071000000004
515,1,2024-02-22 11:00:00+00:00,28.897,28.947,29.546999,29.597,29.397,28.546999,29.845499,38.0,35.0,32.0,31.0,31.0,38.0,27.0,2,winter,33.142857142857146,29.25392814285714
516,1,2024-02-22 12:00:00+00:00,29.447,29.397,29.647,29.997,30.247,29.796999,30.4455,35.0,34.0,31.0,31.0,35.0,31.0,24.0,2,winter,31.571428571428573,29.85392842857143
517,1,2024-02-22 13:00:00+00:00,29.397,29.296999,29.597,29.847,30.147,29.747,29.1455,35.0,34.0,32.0,33.0,36.0,32.0,31.0,2,winter,33.285714285714285,29.59678557142857
518,1,2024-02-22 14:00:00+00:00,28.796999,28.647,28.997,29.197,29.597,29.147,26.9955,37.0,35.0,34.0,36.0,39.0,35.0,41.0,2,winter,36.714285714285715,28.768214142857143
519,1,2024-02-22 15:00:00+00:00,27.397,26.897,27.347,28.046999,28.597,27.997,24.9955,43.0,42.0,41.0,40.0,44.0,39.0,50.0,2,winter,42.714285714285715,27.325356999999997
520,1,2024-02-22 16:00:00+00:00,24.546999,23.997,24.546999,25.997,26.847,25.847,23.4455,51.0,49.0,49.0,44.0,54.0,44.0,56.0,2,winter,49.57142857142857,25.032499714285716
521,1,2024-02-22 17:00:00+00:00,22.397,22.147,22.247,23.397,24.697,23.097,22.0455,54.0,53.0,55.0,49.0,66.0,50.0,60.0,2,winter,55.285714285714285,22.861071428571428
522,1,2024-02-22 18:00:00+00:00,21.247,20.947,20.947,21.147,22.747,20.947,21.095499,57.0,54.0,57.0,54.0,73.0,55.0,53.0,2,winter,57.57142857142857,21.296785571428575
523,1,2024-02-22 19:00:00+00:00,20.497,19.897,20.247,20.347,21.296999,19.997,20.095499,56.0,57.0,54.0,55.0,70.0,57.0,55.0,2,winter,57.714285714285715,20.339642571428573
524,1,2024-02-22 20:00:00+00:00,19.747,19.647,19.347,20.147,20.147,19.597,19.345499,60.0,60.0,58.0,55.0,62.0,57.0,56.0,2,winter,58.285714285714285,19.711071285714286
525,1,2024-02-22 21:00:00+00:00,19.197,19.447,18.847,19.947,19.247,19.296999,18.7955,60.0,60.0,59.0,56.0,56.0,58.0,57.0,2,winter,58.0,19.25392842857143
526,1,2024-02-22 22:00:00+00:00,18.947,19.147,18.796999,19.497,18.796999,18.897,18.4955,62.0,63.0,62.0,58.0,56.0,59.0,58.0,2,winter,59.714285714285715,18.93964257142857
527,1,2024-02-22 23:00:00+00:00,18.597,18.747,18.546999,19.046999,18.647,18.597,18.3955,65.0,66.0,66.0,61.0,59.0,60.0,58.0,2,winter,62.142857142857146,18.653928285714283
528,1,2024-02-23 00:00:00+00:00,18.546999,18.597,18.497,18.847,17.897,18.247,15.945499,68.0,67.0,67.0,63.0,67.0,61.0,70.0,2,winter,66.14285714285714,18.082499714285714
529,1,2024-02-23 01:00:00+00:00,18.796999,18.296999,18.247,18.247,17.497,17.546999,15.2455,68.0,70.0,67.0,67.0,69.0,64.0,72.0,2,winter,68.14285714285714,17.696785285714288
530,1,2024-02-23 02:00:00+00:00,18.796999,18.397,17.847,17.597,17.197,16.796999,15.0455,68.0,67.0,65.0,71.0,71.0,66.0,72.0,2,winter,68.57142857142857,17.382499714285718
531,1,2024-02-23 03:00:00+00:00,18.997,18.597,17.447,17.497,17.347,16.697,15.5955,68.0,66.0,67.0,74.0,72.0,68.0,70.0,2,winter,69.28571428571429,17.45392857142857
532,1,2024-02-23 04:00:00+00:00,19.097,18.897,16.847,18.296999,18.296999,17.546999,17.2955,69.0,67.0,73.0,74.0,72.0,69.0,65.0,2,winter,69.85714285714286,18.03964242857143
533,1,2024-02-23 05:00:00+00:00,19.397,19.497,17.847,19.697,19.697,19.097,19.7455,74.0,69.0,78.0,73.0,72.0,70.0,57.0,2,winter,70.42857142857143,19.2825
534,1,2024-02-23 06:00:00+00:00,21.546999,21.546999,20.796999,20.647,21.296999,20.897,22.5455,67.0,65.0,68.0,71.0,69.0,67.0,53.0,2,winter,65.71428571428571,21.325356571428568
535,1,2024-02-23 07:00:00+00:00,23.497,23.447,23.197,22.747,23.097,23.197,24.8955,57.0,57.0,58.0,62.0,63.0,58.0,46.0,2,winter,57.285714285714285,23.43964285714286
536,1,2024-02-23 08:00:00+00:00,25.046999,24.796999,24.546999,25.197,25.097,25.847,27.1455,50.0,48.0,53.0,49.0,55.0,46.0,38.0,2,winter,48.42857142857143,25.382499571428575
537,1,2024-02-23 09:00:00+00:00,26.296999,25.947,25.997,27.097,26.697,27.897,28.8955,44.0,43.0,47.0,40.0,48.0,37.0,32.0,2,winter,41.57142857142857,26.975357
538,1,2024-02-23 10:00:00+00:00,27.296999,27.046999,27.197,28.147,27.747,28.997,30.1455,43.0,42.0,43.0,37.0,44.0,34.0,28.0,2,winter,38.714285714285715,28.082499714285717
539,1,2024-02-23 11:00:00+00:00,28.046999,27.747,27.947,28.647,28.447,29.546999,30.9455,39.0,40.0,40.0,37.0,41.0,33.0,25.0,2,winter,36.42857142857143,28.761071142857144
540,1,2024-02-23 12:00:00+00:00,28.147,28.197,28.447,28.747,29.097,29.447,29.8955,36.0,40.0,37.0,38.0,39.0,37.0,29.0,2,winter,36.57142857142857,28.853928571428572
541,1,2024-02-23 13:00:00+00:00,28.397,28.147,28.097,28.647,29.046999,29.347,29.1955,33.0,39.0,37.0,38.0,38.0,37.0,35.0,2,winter,36.714285714285715,28.69678557142857
542,1,2024-02-23 14:00:00+00:00,27.597,27.497,27.397,28.046999,28.546999,28.796999,27.8955,36.0,39.0,39.0,38.0,38.0,37.0,43.0,2,winter,38.57142857142857,27.968213857142853
543,1,2024-02-23 15:00:00+00:00,26.197,26.347,26.097,27.046999,27.546999,27.697,26.1955,40.0,41.0,42.0,41.0,40.0,40.0,51.0,2,winter,42.142857142857146,26.732499714285716
544,1,2024-02-23 16:00:00+00:00,23.897,24.147,23.997,25.247,25.747,25.796999,23.845499,46.0,47.0,47.0,47.0,45.0,45.0,56.0,2,winter,47.57142857142857,24.668214
545,1,2024-02-23 17:00:00+00:00,21.497,22.397,21.897,22.947,23.497,23.397,21.1455,54.0,55.0,55.0,55.0,51.0,52.0,61.0,2,winter,54.714285714285715,22.396785714285716
546,1,2024-02-23 18:00:00+00:00,20.697,21.097,20.796999,21.046999,21.697,21.397,19.095499,56.0,60.0,63.0,61.0,56.0,58.0,64.0,2,winter,59.714285714285715,20.83249957142857
547,1,2024-02-23 19:00:00+00:00,19.947,20.296999,20.497,19.947,20.897,20.296999,18.0455,59.0,64.0,61.0,65.0,58.0,63.0,69.0,2,winter,62.714285714285715,19.989642571428572
548,1,2024-02-23 20:00:00+00:00,19.447,19.546999,20.296999,19.197,20.597,19.647,17.595499,62.0,67.0,62.0,68.0,59.0,68.0,74.0,2,winter,65.71428571428571,19.475356714285713
549,1,2024-02-23 21:00:00+00:00,19.347,18.947,20.546999,18.796999,20.147,19.046999,17.2955,64.0,71.0,56.0,69.0,60.0,72.0,78.0,2,winter,67.14285714285714,19.161071
550,1,2024-02-23 22:00:00+00:00,19.647,18.597,20.497,18.897,19.296999,18.296999,16.9455,64.0,74.0,57.0,67.0,63.0,74.0,78.0,2,winter,68.14285714285714,18.882499714285718
551,1,2024-02-23 23:00:00+00:00,19.647,18.447,20.497,19.347,18.247,17.546999,16.7455,65.0,76.0,57.0,64.0,66.0,76.0,77.0,2,winter,68.71428571428571,18.639642714285714
552,1,2024-02-24 00:00:00+00:00,20.447,18.247,20.747,19.997,17.597,19.097,16.8955,61.0,76.0,58.0,61.0,73.0,72.0,73.0,2,winter,67.71428571428571,19.00392857142857
553,1,2024-02-24 01:00:00+00:00,20.147,18.397,20.497,19.897,17.397,18.147,16.2455,63.0,76.0,61.0,63.0,75.0,76.0,75.0,2,winter,69.85714285714286,18.675357142857138
554,1,2024-02-24 02:00:00+00:00,19.847,18.347,20.447,19.697,17.347,17.097,15.945499,65.0,76.0,64.0,67.0,77.0,80.0,77.0,2,winter,72.28571428571429,18.389642714285717
555,1,2024-02-24 03:00:00+00:00,19.397,18.597,20.347,19.647,17.647,16.796999,16.345499,70.0,75.0,66.0,70.0,77.0,82.0,76.0,2,winter,73.71428571428571,18.396785428571427
556,1,2024-02-24 04:00:00+00:00,18.697,18.397,20.197,19.796999,18.247,17.597,17.9455,75.0,76.0,68.0,73.0,76.0,80.0,72.0,2,winter,74.28571428571429,18.69678557142857
557,1,2024-02-24 05:00:00+00:00,18.947,19.147,20.147,20.097,19.147,19.147,20.2955,80.0,78.0,72.0,76.0,73.0,77.0,65.0,2,winter,74.42857142857143,19.561071428571427
558,1,2024-02-24 06:00:00+00:00,21.046999,21.147,20.597,20.147,20.546999,20.947,22.6455,75.0,73.0,73.0,77.0,68.0,71.0,57.0,2,winter,70.57142857142857,21.01107114285714
559,1,2024-02-24 07:00:00+00:00,23.046999,23.397,21.597,22.046999,22.897,23.197,24.595499,65.0,62.0,72.0,70.0,60.0,63.0,51.0,2,winter,63.285714285714285,22.968213857142853
560,1,2024-02-24 08:00:00+00:00,24.046999,24.997,22.796999,24.447,25.697,25.747,26.5455,61.0,56.0,66.0,59.0,50.0,53.0,44.0,2,winter,55.57142857142857,24.89678542857143
561,1,2024-02-24 09:00:00+00:00,24.546999,26.347,24.097,26.397,27.847,27.647,28.1455,57.0,52.0,60.0,51.0,43.0,45.0,38.0,2,winter,49.42857142857143,26.432499857142858
562,1,2024-02-24 10:00:00+00:00,25.296999,27.197,25.147,27.447,28.847,28.546999,29.345499,53.0,49.0,54.0,47.0,40.0,41.0,34.0,2,winter,45.42857142857143,27.403928142857144
563,1,2024-02-24 11:00:00+00:00,26.097,27.046999,25.546999,27.997,29.197,28.847,30.1455,50.0,49.0,52.0,46.0,39.0,40.0,32.0,2,winter,44.0,27.839642571428573
564,1,2024-02-24 12:00:00+00:00,27.546999,27.397,27.197,28.546999,24.997,29.397,30.8955,47.0,49.0,47.0,43.0,57.0,36.0,31.0,2,winter,44.285714285714285,27.996785428571428
565,1,2024-02-24 13:00:00+00:00,27.697,27.296999,27.347,28.147,25.597,28.997,30.2955,45.0,50.0,45.0,43.0,55.0,38.0,32.0,2,winter,44.0,27.911071285714286
566,1,2024-02-24 14:00:00+00:00,27.197,25.897,26.397,27.247,26.347,28.247,28.9455,45.0,54.0,46.0,46.0,53.0,43.0,35.0,2,winter,46.0,27.1825
567,1,2024-02-24 15:00:00+00:00,25.997,24.997,25.347,26.147,26.347,27.197,27.0455,48.0,56.0,51.0,49.0,53.0,47.0,42.0,2,winter,49.42857142857143,26.153928571428573
568,1,2024-02-24 16:00:00+00:00,23.697,23.397,23.546999,24.796999,24.847,25.796999,24.1955,56.0,61.0,58.0,54.0,57.0,51.0,56.0,2,winter,56.142857142857146,24.325356714285714
569,1,2024-02-24 17:00:00+00:00,22.097,21.897,22.147,23.197,22.546999,24.097,20.7955,64.0,68.0,65.0,60.0,64.0,54.0,74.0,2,winter,64.14285714285714,22.396785571428573
570,1,2024-02-24 18:00:00+00:00,21.647,21.046999,21.497,21.647,20.697,22.697,16.9955,66.0,77.0,67.0,67.0,70.0,58.0,90.0,2,winter,70.71428571428571,20.889642714285714
571,1,2024-02-24 19:00:00+00:00,20.997,20.497,21.097,20.997,19.747,21.796999,16.4955,70.0,77.0,66.0,69.0,74.0,63.0,92.0,2,winter,73.0,20.23249985714286
572,1,2024-02-24 20:00:00+00:00,20.296999,20.197,20.997,20.597,19.197,21.147,16.9455,72.0,76.0,65.0,70.0,77.0,68.0,90.0,2,winter,74.0,19.911071285714286
573,1,2024-02-24 21:00:00+00:00,19.597,19.647,20.697,20.197,18.796999,20.647,17.2455,74.0,77.0,69.0,71.0,79.0,72.0,88.0,2,winter,75.71428571428571,19.54678557142857
574,1,2024-02-24 22:00:00+00:00,19.046999,19.296999,20.497,19.647,18.546999,20.247,16.845499,74.0,79.0,70.0,73.0,80.0,75.0,88.0,2,winter,77.0,19.161070857142857
575,1,2024-02-24 23:00:00+00:00,18.897,19.046999,20.347,19.046999,18.447,19.947,16.2455,73.0,81.0,71.0,75.0,81.0,77.0,89.0,2,winter,78.14285714285714,18.853928285714286
576,1,2024-02-25 00:00:00+00:00,16.997,17.697,19.347,19.247,19.097,19.697,15.2455,85.0,80.0,78.0,77.0,82.0,75.0,87.0,2,winter,80.57142857142857,18.18964285714286
577,1,2024-02-25 01:00:00+00:00,16.796999,17.497,19.147,18.447,18.597,19.296999,14.695499,85.0,81.0,79.0,81.0,84.0,76.0,87.0,2,winter,81.85714285714286,17.78249957142857
578,1,2024-02-25 02:00:00+00:00,16.947,17.546999,18.997,17.497,17.997,18.847,14.195499,83.0,80.0,81.0,84.0,86.0,76.0,87.0,2,winter,82.42857142857143,17.432499714285715
579,1,2024-02-25 03:00:00+00:00,16.947,17.397,18.447,17.247,17.897,18.747,14.5455,84.0,81.0,84.0,86.0,86.0,76.0,85.0,2,winter,83.14285714285714,17.318214285714287
580,1,2024-02-25 04:00:00+00:00,16.647,17.097,17.847,18.046999,18.497,19.097,16.2455,87.0,83.0,87.0,84.0,83.0,75.0,78.0,2,winter,82.42857142857143,17.639642714285714
581,1,2024-02-25 05:00:00+00:00,17.796999,17.897,18.497,19.447,19.597,19.747,18.845499,86.0,85.0,88.0,79.0,77.0,74.0,68.0,2,winter,79.57142857142857,18.832499714285714
582,1,2024-02-25 06:00:00+00:00,20.897,20.897,20.997,21.347,20.947,20.647,21.2955,76.0,75.0,74.0,73.0,71.0,72.0,60.0,2,winter,71.57142857142857,21.00392857142857
583,1,2024-02-25 07:00:00+00:00,23.247,22.997,23.247,23.347,22.747,21.897,24.2955,67.0,68.0,65.0,66.0,64.0,67.0,49.0,2,winter,63.714285714285715,23.111071428571428
584,1,2024-02-25 08:00:00+00:00,25.247,24.796999,25.397,25.647,24.847,23.397,27.5455,63.0,65.0,57.0,57.0,57.0,62.0,38.0,2,winter,57.0,25.268214142857143
585,1,2024-02-25 09:00:00+00:00,26.997,26.597,27.097,27.597,26.447,24.747,30.095499,56.0,60.0,52.0,49.0,51.0,56.0,29.0,2,winter,50.42857142857143,27.08249985714286
586,1,2024-02-25 10:00:00+00:00,28.197,28.097,28.597,28.947,27.296999,25.947,31.7955,50.0,54.0,45.0,41.0,46.0,51.0,24.0,2,winter,44.42857142857143,28.411071285714286
587,1,2024-02-25 11:00:00+00:00,28.947,29.347,29.897,29.897,27.697,26.997,32.8455,44.0,45.0,35.0,33.0,41.0,46.0,22.0,2,winter,38.0,29.375357142857144
588,1,2024-02-25 12:00:00+00:00,27.897,28.947,29.347,29.347,29.347,29.347,33.0955,50.0,47.0,33.0,39.0,31.0,43.0,19.0,2,winter,37.42857142857143,29.61821428571429
589,1,2024-02-25 13:00:00+00:00,28.097,29.197,28.897,29.296999,28.997,29.147,31.7955,51.0,46.0,34.0,38.0,34.0,42.0,23.0,2,winter,38.285714285714285,29.346785571428573
590,1,2024-02-25 14:00:00+00:00,27.897,27.947,28.197,28.796999,28.147,28.447,29.5455,50.0,49.0,37.0,40.0,41.0,44.0,29.0,2,winter,41.42857142857143,28.425356999999998
591,1,2024-02-25 15:00:00+00:00,26.046999,26.347,26.597,27.796999,26.997,27.347,27.3955,56.0,57.0,44.0,43.0,47.0,47.0,35.0,2,winter,47.0,26.932499714285715
592,1,2024-02-25 16:00:00+00:00,23.147,24.046999,24.397,25.997,25.347,25.647,25.6955,74.0,69.0,50.0,49.0,52.0,53.0,41.0,2,winter,55.42857142857143,24.896785571428573
593,1,2024-02-25 17:00:00+00:00,21.247,22.247,22.197,23.747,23.397,23.497,24.0455,81.0,77.0,57.0,56.0,57.0,61.0,48.0,2,winter,62.42857142857143,22.91107142857143
594,1,2024-02-25 18:00:00+00:00,20.546999,21.796999,20.997,21.897,21.796999,21.747,22.5455,85.0,78.0,64.0,61.0,62.0,69.0,53.0,2,winter,67.42857142857143,21.618213857142855
595,1,2024-02-25 19:00:00+00:00,19.796999,21.296999,19.897,20.947,20.747,20.747,21.8955,87.0,80.0,71.0,66.0,66.0,75.0,56.0,2,winter,71.57142857142857,20.76107114285714
596,1,2024-02-25 20:00:00+00:00,19.147,20.597,19.147,20.397,20.046999,20.097,21.345499,89.0,80.0,75.0,71.0,70.0,81.0,58.0,2,winter,74.85714285714286,20.11107114285714
597,1,2024-02-25 21:00:00+00:00,18.546999,20.147,18.447,19.947,19.497,19.497,20.595499,91.0,80.0,78.0,74.0,73.0,85.0,60.0,2,winter,77.28571428571429,19.525356857142857
598,1,2024-02-25 22:00:00+00:00,18.447,19.497,17.947,19.447,19.097,18.796999,19.345499,91.0,82.0,80.0,76.0,75.0,87.0,62.0,2,winter,79.0,18.93964257142857
599,1,2024-02-25 23:00:00+00:00,18.546999,18.997,17.647,18.997,18.897,18.147,17.845499,90.0,85.0,81.0,76.0,77.0,88.0,63.0,2,winter,80.0,18.439642571428568
600,1,2024-02-26 00:00:00+00:00,17.197,18.847,17.247,18.296999,18.947,18.447,16.345499,90.0,85.0,87.0,82.0,80.0,81.0,64.0,2,winter,81.28571428571429,17.903928285714287
601,1,2024-02-26 01:00:00+00:00,16.897,18.447,16.647,17.747,18.397,18.046999,15.5955,91.0,88.0,89.0,84.0,82.0,84.0,68.0,2,winter,83.71428571428571,17.39678557142857
602,1,2024-02-26 02:00:00+00:00,16.747,17.796999,15.947,17.397,17.697,17.697,15.2955,91.0,91.0,92.0,85.0,84.0,85.0,72.0,2,winter,85.71428571428571,16.939642714285718
603,1,2024-02-26 03:00:00+00:00,16.447,17.397,15.646999,17.546999,17.546999,17.796999,15.7955,93.0,93.0,93.0,85.0,85.0,86.0,73.0,2,winter,86.85714285714286,16.88249942857143
604,1,2024-02-26 04:00:00+00:00,16.247,17.046999,15.597,18.447,18.197,18.647,17.5455,94.0,95.0,93.0,84.0,85.0,85.0,68.0,2,winter,86.28571428571429,17.389642714285714
605,1,2024-02-26 05:00:00+00:00,17.546999,18.197,17.296999,19.796999,19.397,19.947,20.1955,92.0,94.0,90.0,82.0,83.0,82.0,59.0,2,winter,83.14285714285714,18.911071
606,1,2024-02-26 06:00:00+00:00,19.847,20.647,21.097,21.197,20.847,21.397,21.6955,85.0,83.0,77.0,77.0,80.0,78.0,61.0,2,winter,77.28571428571429,20.961071428571426
607,1,2024-02-26 07:00:00+00:00,21.546999,22.296999,23.447,23.097,22.597,23.097,24.9455,81.0,75.0,69.0,71.0,74.0,73.0,50.0,2,winter,70.42857142857143,23.00392828571429
608,1,2024-02-26 08:00:00+00:00,23.097,23.997,25.147,25.046999,24.597,24.997,28.3955,75.0,67.0,63.0,63.0,67.0,66.0,39.0,2,winter,62.857142857142854,25.039642714285716
609,1,2024-02-26 09:00:00+00:00,24.546999,25.597,26.447,26.597,26.296999,26.546999,30.9455,68.0,62.0,58.0,57.0,60.0,60.0,30.0,2,winter,56.42857142857143,26.711071
610,1,2024-02-26 10:00:00+00:00,25.197,26.447,27.347,27.447,27.647,27.796999,32.495502,66.0,60.0,55.0,54.0,54.0,53.0,25.0,2,winter,52.42857142857143,27.76821442857143
611,1,2024-02-26 11:00:00+00:00,25.897,26.247,27.997,27.847,28.697,28.697,33.195503,65.0,63.0,53.0,53.0,49.0,47.0,22.0,2,winter,50.285714285714285,28.368214714285717
612,1,2024-02-26 12:00:00+00:00,23.796999,26.747,27.147,28.097,28.497,28.247,32.0455,74.0,63.0,58.0,51.0,50.0,51.0,26.0,2,winter,53.285714285714285,27.79678557142858
613,1,2024-02-26 13:00:00+00:00,23.697,26.197,22.897,27.397,28.097,27.546999,28.0455,73.0,64.0,76.0,54.0,51.0,53.0,43.0,2,winter,59.142857142857146,26.268214142857143
614,1,2024-02-26 14:00:00+00:00,23.897,23.197,24.497,25.997,27.296999,26.296999,22.2955,72.0,75.0,72.0,59.0,54.0,58.0,67.0,2,winter,65.28571428571429,24.782499714285713
615,1,2024-02-26 15:00:00+00:00,23.097,22.647,22.597,24.597,26.147,24.947,17.9955,75.0,81.0,77.0,65.0,59.0,64.0,85.0,2,winter,72.28571428571429,23.146785714285716
616,1,2024-02-26 16:00:00+00:00,21.796999,22.147,21.546999,23.197,24.397,23.647,16.6955,80.0,85.0,85.0,72.0,67.0,71.0,91.0,2,winter,78.71428571428571,21.918214
617,1,2024-02-26 17:00:00+00:00,20.847,21.546999,21.097,21.697,22.296999,22.296999,16.8955,86.0,88.0,88.0,79.0,77.0,78.0,90.0,2,winter,83.71428571428571,20.95392814285714
618,1,2024-02-26 18:00:00+00:00,20.697,19.997,20.497,20.796999,20.697,21.197,16.9955,85.0,92.0,88.0,86.0,85.0,84.0,87.0,2,winter,86.71428571428571,20.125357
619,1,2024-02-26 19:00:00+00:00,20.397,19.697,20.296999,20.197,19.947,20.497,16.7455,87.0,93.0,90.0,89.0,89.0,87.0,89.0,2,winter,89.14285714285714,19.682499857142858
620,1,2024-02-26 20:00:00+00:00,20.247,19.347,20.046999,20.046999,19.597,20.097,16.6455,88.0,95.0,91.0,89.0,92.0,88.0,91.0,2,winter,90.57142857142857,19.432499714285715
621,1,2024-02-26 21:00:00+00:00,19.796999,19.397,19.697,19.947,19.397,19.747,16.4955,90.0,94.0,93.0,89.0,93.0,89.0,92.0,2,winter,91.42857142857143,19.211071285714286
622,1,2024-02-26 22:00:00+00:00,19.597,19.347,19.247,19.747,19.197,19.546999,16.1455,92.0,95.0,94.0,89.0,93.0,90.0,93.0,2,winter,92.28571428571429,18.975357
623,1,2024-02-26 23:00:00+00:00,19.296999,19.247,18.947,19.597,19.097,19.447,15.7455,93.0,95.0,93.0,90.0,93.0,91.0,93.0,2,winter,92.57142857142857,18.768214142857143
624,1,2024-02-27 00:00:00+00:00,19.097,18.997,18.997,19.046999,19.397,19.097,15.695499,93.0,96.0,94.0,92.0,92.0,88.0,95.0,2,winter,92.85714285714286,18.618214000000002
625,1,2024-02-27 01:00:00+00:00,18.997,18.847,18.697,18.546999,18.847,18.697,15.195499,93.0,96.0,93.0,94.0,93.0,89.0,94.0,2,winter,93.14285714285714,18.261071142857144
626,1,2024-02-27 02:00:00+00:00,18.747,18.697,18.347,17.997,18.247,18.247,14.8455,95.0,96.0,96.0,96.0,95.0,91.0,92.0,2,winter,94.42857142857143,17.875357142857144
627,1,2024-02-27 03:00:00+00:00,18.397,18.397,18.247,17.796999,18.147,18.147,15.195499,96.0,96.0,96.0,97.0,95.0,92.0,88.0,2,winter,94.28571428571429,17.76107114285714
628,1,2024-02-27 04:00:00+00:00,18.147,18.397,18.197,18.247,18.796999,18.647,16.5455,96.0,94.0,97.0,95.0,92.0,91.0,83.0,2,winter,92.57142857142857,18.139642714285714
629,1,2024-02-27 05:00:00+00:00,18.296999,18.447,18.296999,19.097,19.947,19.597,18.595499,95.0,94.0,97.0,93.0,88.0,89.0,77.0,2,winter,90.42857142857143,18.896785285714287
630,1,2024-02-27 06:00:00+00:00,18.497,18.647,18.747,19.597,21.296999,20.747,20.9455,91.0,95.0,94.0,92.0,82.0,85.0,69.0,2,winter,86.85714285714286,19.782499857142856
631,1,2024-02-27 07:00:00+00:00,19.197,19.247,19.597,20.497,23.097,22.296999,23.6955,91.0,92.0,92.0,89.0,75.0,78.0,58.0,2,winter,82.14285714285714,21.08964271428572
632,1,2024-02-27 08:00:00+00:00,20.147,19.697,21.046999,21.647,25.046999,24.147,26.6455,88.0,91.0,84.0,85.0,66.0,68.0,46.0,2,winter,75.42857142857143,22.625356857142854
633,1,2024-02-27 09:00:00+00:00,21.497,20.597,21.796999,22.497,26.347,25.546999,28.6455,80.0,86.0,78.0,81.0,61.0,61.0,38.0,2,winter,69.28571428571429,23.84678542857143
634,1,2024-02-27 10:00:00+00:00,22.847,22.296999,22.247,22.897,26.447,26.397,29.345499,71.0,76.0,77.0,79.0,61.0,57.0,35.0,2,winter,65.14285714285714,24.639642571428567
635,1,2024-02-27 11:00:00+00:00,23.597,23.147,22.997,23.046999,25.897,26.847,29.1455,68.0,70.0,71.0,78.0,64.0,56.0,36.0,2,winter,63.285714285714285,24.95392842857143
636,1,2024-02-27 12:00:00+00:00,23.747,24.046999,21.747,24.046999,23.147,26.397,23.1455,63.0,65.0,77.0,70.0,77.0,62.0,59.0,2,winter,67.57142857142857,23.753928285714284
637,1,2024-02-27 13:00:00+00:00,23.747,24.247,22.397,24.147,22.546999,25.647,21.7455,65.0,62.0,75.0,68.0,78.0,65.0,65.0,2,winter,68.28571428571429,23.496785571428568
638,1,2024-02-27 14:00:00+00:00,23.447,23.897,22.546999,23.947,21.897,24.296999,20.6955,67.0,63.0,74.0,67.0,79.0,70.0,71.0,2,winter,70.14285714285714,22.961071142857143
639,1,2024-02-27 15:00:00+00:00,22.897,23.247,22.247,23.447,21.296999,23.046999,19.7955,69.0,66.0,74.0,68.0,81.0,75.0,77.0,2,winter,72.85714285714286,22.282499714285713
640,1,2024-02-27 16:00:00+00:00,21.847,22.046999,20.997,22.546999,20.796999,22.097,18.7955,76.0,74.0,80.0,73.0,83.0,80.0,83.0,2,winter,78.42857142857143,21.303928142857142
641,1,2024-02-27 17:00:00+00:00,20.997,21.347,20.046999,21.347,20.296999,21.247,17.8955,80.0,77.0,81.0,80.0,86.0,85.0,90.0,2,winter,82.71428571428571,20.453928285714287
642,1,2024-02-27 18:00:00+00:00,19.597,20.247,19.747,20.197,19.897,20.597,18.095499,88.0,86.0,91.0,90.0,88.0,89.0,93.0,2,winter,89.28571428571429,19.768214142857143
643,1,2024-02-27 19:00:00+00:00,19.097,19.447,19.147,19.546999,19.497,20.247,17.6455,89.0,90.0,92.0,93.0,90.0,89.0,96.0,2,winter,91.28571428571429,19.23249985714286
644,1,2024-02-27 20:00:00+00:00,18.597,19.447,18.597,19.147,19.147,20.046999,17.7955,90.0,88.0,93.0,93.0,92.0,88.0,96.0,2,winter,91.42857142857143,18.968214142857143
645,1,2024-02-27 21:00:00+00:00,18.397,18.897,18.247,18.897,18.847,19.847,17.7955,91.0,90.0,94.0,93.0,94.0,87.0,95.0,2,winter,92.0,18.703928571428573
646,1,2024-02-27 22:00:00+00:00,18.397,18.296999,18.046999,18.747,18.697,19.597,17.4955,91.0,93.0,94.0,93.0,95.0,88.0,94.0,2,winter,92.57142857142857,18.468214
647,1,2024-02-27 23:00:00+00:00,17.997,17.747,17.647,18.697,18.597,19.296999,17.1455,91.0,95.0,95.0,92.0,96.0,89.0,94.0,2,winter,93.14285714285714,18.161071285714286
648,1,2024-02-28 00:00:00+00:00,17.897,17.197,17.247,17.697,18.046999,18.747,16.2455,89.0,97.0,97.0,93.0,86.0,94.0,98.0,2,winter,93.42857142857143,17.582499857142857
649,1,2024-02-28 01:00:00+00:00,17.796999,17.247,17.197,17.397,17.796999,18.247,16.2955,88.0,96.0,96.0,93.0,89.0,96.0,97.0,2,winter,93.57142857142857,17.42535685714286
650,1,2024-02-28 02:00:00+00:00,17.697,17.097,17.197,17.097,17.546999,17.747,16.3955,88.0,96.0,95.0,93.0,92.0,97.0,97.0,2,winter,94.0,17.253928428571427
651,1,2024-02-28 03:00:00+00:00,17.397,17.097,17.197,17.147,17.497,17.697,16.7455,90.0,95.0,95.0,93.0,94.0,97.0,95.0,2,winter,94.14285714285714,17.25392857142857
652,1,2024-02-28 04:00:00+00:00,17.197,17.097,17.197,17.796999,17.697,18.296999,17.3955,91.0,95.0,95.0,92.0,94.0,95.0,92.0,2,winter,93.42857142857143,17.525356857142857
653,1,2024-02-28 05:00:00+00:00,17.847,17.997,17.997,18.847,18.147,19.347,18.2455,90.0,94.0,94.0,90.0,93.0,92.0,88.0,2,winter,91.57142857142857,18.346785714285716
654,1,2024-02-28 06:00:00+00:00,18.597,19.796999,20.296999,20.147,18.997,20.697,19.095499,83.0,91.0,85.0,86.0,90.0,86.0,87.0,2,winter,86.85714285714286,19.661071
655,1,2024-02-28 07:00:00+00:00,19.647,21.447,22.447,21.796999,20.647,22.546999,20.2955,80.0,84.0,79.0,79.0,84.0,76.0,82.0,2,winter,80.57142857142857,21.26107114285714
656,1,2024-02-28 08:00:00+00:00,21.347,22.447,23.796999,23.747,22.747,24.747,21.5455,76.0,79.0,73.0,71.0,77.0,64.0,76.0,2,winter,73.71428571428571,22.911071285714286
657,1,2024-02-28 09:00:00+00:00,22.647,23.597,24.747,25.247,24.497,26.497,22.345499,70.0,75.0,69.0,65.0,70.0,54.0,72.0,2,winter,67.85714285714286,24.225357
658,1,2024-02-28 10:00:00+00:00,23.796999,24.747,25.697,26.147,25.697,27.597,22.345499,66.0,66.0,66.0,62.0,65.0,48.0,73.0,2,winter,63.714285714285715,25.14678542857143
659,1,2024-02-28 11:00:00+00:00,24.796999,25.847,26.247,26.597,26.497,28.247,21.7955,62.0,60.0,64.0,60.0,62.0,45.0,76.0,2,winter,61.285714285714285,25.718214142857146
660,1,2024-02-28 12:00:00+00:00,26.997,27.647,26.447,27.046999,27.347,26.647,22.2955,51.0,51.0,63.0,58.0,49.0,58.0,73.0,2,winter,57.57142857142857,26.34678557142857
661,1,2024-02-28 13:00:00+00:00,27.197,27.296999,26.296999,26.097,27.247,26.497,21.5455,50.0,52.0,63.0,63.0,48.0,57.0,78.0,2,winter,58.714285714285715,26.02535685714286
662,1,2024-02-28 14:00:00+00:00,26.997,26.397,24.397,24.546999,26.647,25.947,20.595499,49.0,52.0,72.0,71.0,49.0,58.0,83.0,2,winter,62.0,25.075356857142854
663,1,2024-02-28 15:00:00+00:00,26.546999,24.046999,24.147,23.147,25.697,25.097,19.6955,49.0,69.0,72.0,78.0,53.0,60.0,88.0,2,winter,67.0,24.053928285714285
664,1,2024-02-28 16:00:00+00:00,24.597,22.697,22.897,22.197,24.247,23.897,18.7455,59.0,76.0,78.0,83.0,63.0,65.0,92.0,2,winter,73.71428571428571,22.75392857142857
665,1,2024-02-28 17:00:00+00:00,22.497,22.046999,21.347,21.397,22.497,22.447,17.845499,69.0,81.0,82.0,86.0,76.0,72.0,96.0,2,winter,80.28571428571429,21.439642571428568
666,1,2024-02-28 18:00:00+00:00,20.947,20.947,20.947,21.296999,21.046999,21.247,15.7955,85.0,84.0,89.0,86.0,86.0,78.0,97.0,2,winter,86.42857142857143,20.318214
667,1,2024-02-28 19:00:00+00:00,19.747,20.747,20.347,20.597,20.247,20.546999,15.4955,91.0,85.0,92.0,90.0,91.0,82.0,98.0,2,winter,89.85714285714286,19.675356999999998
668,1,2024-02-28 20:00:00+00:00,18.796999,20.397,19.897,20.097,19.747,20.147,15.7955,96.0,88.0,93.0,93.0,93.0,85.0,96.0,2,winter,92.0,19.268214142857143
669,1,2024-02-28 21:00:00+00:00,17.997,19.796999,19.347,19.647,19.347,19.796999,16.095499,98.0,90.0,95.0,95.0,94.0,88.0,95.0,2,winter,93.57142857142857,18.861071
670,1,2024-02-28 22:00:00+00:00,17.597,19.546999,19.046999,19.247,18.997,19.497,16.2455,98.0,89.0,96.0,96.0,95.0,90.0,94.0,2,winter,94.0,18.596785428571426
671,1,2024-02-28 23:00:00+00:00,17.397,19.197,18.796999,18.897,18.796999,19.247,16.3955,97.0,90.0,96.0,96.0,96.0,92.0,94.0,2,winter,94.42857142857143,18.389642571428567
672,1,2024-02-29 00:00:00+00:00,17.947,18.697,18.397,18.847,18.597,17.546999,15.2955,93.0,90.0,96.0,97.0,93.0,98.0,96.0,2,winter,94.71428571428571,17.90392842857143
673,1,2024-02-29 01:00:00+00:00,17.847,18.546999,18.597,18.347,18.447,16.897,14.7955,93.0,90.0,95.0,99.0,93.0,99.0,97.0,2,winter,95.14285714285714,17.639642714285714
674,1,2024-02-29 02:00:00+00:00,17.647,18.197,18.447,17.847,18.347,16.296999,14.3455,94.0,93.0,96.0,100.0,92.0,99.0,99.0,2,winter,96.14285714285714,17.30392842857143
675,1,2024-02-29 03:00:00+00:00,17.397,17.897,18.147,17.747,18.397,16.296999,14.4955,95.0,94.0,97.0,100.0,92.0,98.0,98.0,2,winter,96.28571428571429,17.196785571428567
676,1,2024-02-29 04:00:00+00:00,17.347,17.546999,17.796999,18.296999,18.697,17.296999,15.5455,96.0,96.0,96.0,98.0,91.0,94.0,94.0,2,winter,95.0,17.503928000000002
677,1,2024-02-29 05:00:00+00:00,17.997,18.497,18.647,19.296999,19.147,18.897,17.2455,93.0,94.0,95.0,94.0,91.0,89.0,88.0,2,winter,92.0,18.532499857142852
678,1,2024-02-29 06:00:00+00:00,20.296999,20.197,20.796999,20.497,19.847,20.647,19.3955,88.0,82.0,84.0,86.0,89.0,82.0,85.0,2,winter,85.14285714285714,20.23964257142857
679,1,2024-02-29 07:00:00+00:00,22.347,22.347,22.647,21.947,20.997,22.597,21.4455,79.0,74.0,77.0,81.0,85.0,73.0,75.0,2,winter,77.71428571428571,22.046785714285715
680,1,2024-02-29 08:00:00+00:00,23.747,24.197,24.046999,23.546999,22.347,24.647,23.845499,72.0,65.0,74.0,76.0,81.0,64.0,62.0,2,winter,70.57142857142857,23.768213857142854
681,1,2024-02-29 09:00:00+00:00,24.897,24.997,25.247,24.747,23.347,26.296999,25.5455,67.0,60.0,69.0,72.0,77.0,56.0,53.0,2,winter,64.85714285714286,25.011071285714284
682,1,2024-02-29 10:00:00+00:00,25.897,25.947,26.296999,25.296999,23.697,27.347,26.2455,61.0,58.0,62.0,70.0,75.0,51.0,49.0,2,winter,60.857142857142854,25.818214
683,1,2024-02-29 11:00:00+00:00,26.697,26.597,26.796999,25.447,23.697,27.997,26.2455,58.0,56.0,59.0,70.0,75.0,48.0,49.0,2,winter,59.285714285714285,26.21107128571428
684,1,2024-02-29 12:00:00+00:00,25.647,27.847,26.597,26.647,24.296999,24.097,24.9455,65.0,49.0,55.0,60.0,74.0,76.0,57.0,2,winter,62.285714285714285,25.725357000000002
685,1,2024-02-29 13:00:00+00:00,25.296999,27.347,25.097,25.497,23.597,23.597,24.345499,65.0,51.0,65.0,66.0,77.0,78.0,62.0,2,winter,66.28571428571429,24.968214
686,1,2024-02-29 14:00:00+00:00,24.647,26.197,23.497,23.647,22.697,22.947,23.095499,69.0,53.0,76.0,76.0,80.0,79.0,70.0,2,winter,71.85714285714286,23.81821414285714
687,1,2024-02-29 15:00:00+00:00,23.796999,23.447,23.597,22.147,21.897,22.197,21.595499,74.0,69.0,75.0,84.0,83.0,82.0,78.0,2,winter,77.85714285714286,22.668214
688,1,2024-02-29 16:00:00+00:00,22.847,22.397,22.697,21.397,21.247,21.296999,19.5455,80.0,77.0,79.0,87.0,86.0,86.0,85.0,2,winter,82.85714285714286,21.632499857142857
689,1,2024-02-29 17:00:00+00:00,21.796999,21.647,21.497,20.997,20.647,20.296999,17.1955,86.0,82.0,85.0,89.0,88.0,91.0,92.0,2,winter,87.57142857142857,20.582499714285717
690,1,2024-02-29 18:00:00+00:00,20.897,20.847,20.847,20.697,20.147,19.447,16.595499,86.0,89.0,87.0,91.0,90.0,95.0,95.0,2,winter,90.42857142857143,19.925356999999998
691,1,2024-02-29 19:00:00+00:00,20.197,20.197,19.997,20.147,19.697,18.747,16.2455,91.0,92.0,92.0,93.0,92.0,97.0,97.0,2,winter,93.42857142857143,19.318214285714284
692,1,2024-02-29 20:00:00+00:00,19.546999,19.747,19.397,19.697,19.247,18.197,16.4455,95.0,94.0,96.0,94.0,94.0,98.0,96.0,2,winter,95.28571428571429,18.896785571428573
693,1,2024-02-29 21:00:00+00:00,19.296999,19.597,19.296999,19.296999,18.897,17.796999,16.595499,94.0,94.0,96.0,95.0,95.0,99.0,96.0,2,winter,95.57142857142857,18.682499285714282
694,1,2024-02-29 22:00:00+00:00,18.947,19.197,18.997,18.947,18.546999,17.597,16.595499,92.0,96.0,97.0,95.0,96.0,99.0,96.0,2,winter,95.85714285714286,18.403928285714283
695,1,2024-02-29 23:00:00+00:00,18.697,18.546999,18.747,18.697,18.247,17.546999,16.5455,94.0,97.0,98.0,95.0,97.0,98.0,96.0,2,winter,96.42857142857143,18.14678542857143
696,1,2024-03-01 00:00:00+00:00,18.497,17.847,18.347,18.647,18.197,18.347,15.9955,94.0,96.0,96.0,97.0,97.0,95.0,96.0,3,winter,95.85714285714286,17.982499999999998
697,1,2024-03-01 01:00:00+00:00,18.597,17.897,18.046999,18.247,17.997,17.997,15.5455,94.0,94.0,98.0,98.0,98.0,96.0,96.0,3,winter,96.28571428571429,17.761071285714287
698,1,2024-03-01 02:00:00+00:00,18.497,17.697,17.947,17.847,17.847,17.697,15.0955,94.0,94.0,97.0,99.0,99.0,97.0,97.0,3,winter,96.71428571428571,17.518214285714286
699,1,2024-03-01 03:00:00+00:00,18.447,17.447,17.397,17.847,17.997,17.747,15.195499,94.0,95.0,99.0,99.0,98.0,97.0,96.0,3,winter,96.85714285714286,17.439642714285714
700,1,2024-03-01 04:00:00+00:00,18.447,17.147,16.847,18.497,18.546999,18.397,16.1455,95.0,97.0,99.0,96.0,96.0,95.0,93.0,3,winter,95.85714285714286,17.71821414285714
701,1,2024-03-01 05:00:00+00:00,18.747,18.197,18.097,19.546999,19.447,19.397,17.6455,95.0,95.0,96.0,91.0,92.0,91.0,88.0,3,winter,92.57142857142857,18.725357
702,1,2024-03-01 06:00:00+00:00,20.397,20.447,20.747,20.747,20.497,20.597,19.1455,89.0,86.0,83.0,86.0,87.0,86.0,84.0,3,winter,85.85714285714286,20.368214285714284
703,1,2024-03-01 07:00:00+00:00,22.097,22.497,22.947,22.347,21.897,22.097,21.595499,82.0,76.0,75.0,79.0,80.0,79.0,74.0,3,winter,77.85714285714286,22.211071285714286
704,1,2024-03-01 08:00:00+00:00,23.347,24.447,24.796999,24.197,23.447,23.747,24.4455,75.0,67.0,64.0,70.0,73.0,70.0,61.0,3,winter,68.57142857142857,24.061071285714288
705,1,2024-03-01 09:00:00+00:00,24.847,25.947,25.997,25.697,24.747,25.147,26.7455,69.0,60.0,59.0,63.0,67.0,63.0,51.0,3,winter,61.714285714285715,25.589642857142856
706,1,2024-03-01 10:00:00+00:00,26.147,27.097,27.247,26.697,25.647,26.197,28.4455,61.0,55.0,52.0,58.0,63.0,59.0,44.0,3,winter,56.0,26.782500000000002
707,1,2024-03-01 11:00:00+00:00,26.796999,27.796999,27.897,27.397,26.247,26.947,29.5455,58.0,51.0,49.0,56.0,62.0,56.0,40.0,3,winter,53.142857142857146,27.518214
708,1,2024-03-01 12:00:00+00:00,25.997,27.097,28.497,28.247,26.897,26.397,24.1955,55.0,58.0,45.0,48.0,60.0,63.0,62.0,3,winter,55.857142857142854,26.76107142857143
709,1,2024-03-01 13:00:00+00:00,26.247,27.247,28.597,28.296999,26.296999,25.397,22.5455,52.0,57.0,44.0,46.0,62.0,67.0,70.0,3,winter,56.857142857142854,26.375356857142858
710,1,2024-03-01 14:00:00+00:00,25.997,25.847,28.497,27.947,25.197,23.796999,20.6455,53.0,61.0,43.0,47.0,66.0,74.0,80.0,3,winter,60.57142857142857,25.418214142857146
711,1,2024-03-01 15:00:00+00:00,23.847,24.647,27.897,27.097,23.997,22.397,19.095499,62.0,68.0,44.0,50.0,71.0,80.0,87.0,3,winter,66.0,24.139642714285714
712,1,2024-03-01 16:00:00+00:00,22.497,23.097,25.847,25.347,22.796999,21.497,18.1455,73.0,77.0,58.0,60.0,77.0,85.0,91.0,3,winter,74.42857142857143,22.74678557142857
713,1,2024-03-01 17:00:00+00:00,20.847,21.997,23.247,23.046999,21.497,20.796999,17.595499,81.0,84.0,74.0,73.0,84.0,90.0,92.0,3,winter,82.57142857142857,21.28964242857143
714,1,2024-03-01 18:00:00+00:00,20.747,20.647,21.247,22.197,20.447,20.197,15.8955,88.0,88.0,86.0,75.0,89.0,93.0,95.0,3,winter,87.71428571428571,20.196785714285713
715,1,2024-03-01 19:00:00+00:00,20.347,20.097,20.847,21.097,19.897,19.747,15.8955,89.0,89.0,88.0,81.0,91.0,94.0,94.0,3,winter,89.42857142857143,19.703928571428573
716,1,2024-03-01 20:00:00+00:00,19.296999,19.296999,19.847,20.296999,19.597,19.447,16.345499,94.0,93.0,93.0,86.0,91.0,94.0,91.0,3,winter,91.71428571428571,19.161070857142857
717,1,2024-03-01 21:00:00+00:00,18.397,18.796999,19.447,19.697,19.296999,19.147,16.595499,98.0,95.0,94.0,90.0,92.0,94.0,89.0,3,winter,93.14285714285714,18.768213857142854
718,1,2024-03-01 22:00:00+00:00,17.897,18.497,18.947,19.296999,18.847,18.747,16.1955,97.0,93.0,94.0,92.0,94.0,95.0,90.0,3,winter,93.57142857142857,18.34678557142857
719,1,2024-03-01 23:00:00+00:00,17.296999,17.647,18.397,19.046999,18.347,18.296999,15.5455,98.0,95.0,94.0,92.0,96.0,97.0,92.0,3,winter,94.85714285714286,17.796785285714286
720,1,2024-03-02 00:00:00+00:00,16.847,17.347,16.997,19.197,18.447,18.147,15.8955,100.0,95.0,95.0,95.0,97.0,97.0,94.0,3,winter,96.14285714285714,17.55392857142857
721,1,2024-03-02 01:00:00+00:00,16.697,16.947,16.497,18.447,17.947,17.546999,15.2455,99.0,95.0,96.0,96.0,98.0,99.0,94.0,3,winter,96.71428571428571,17.04678557142857
722,1,2024-03-02 02:00:00+00:00,16.897,16.347,15.847,17.546999,17.447,16.897,14.6455,97.0,97.0,97.0,97.0,99.0,100.0,95.0,3,winter,97.42857142857143,16.518214142857143
723,1,2024-03-02 03:00:00+00:00,17.097,15.797,15.497,17.296999,17.447,16.796999,14.695499,95.0,98.0,97.0,96.0,98.0,100.0,93.0,3,winter,96.71428571428571,16.375356714285715
724,1,2024-03-02 04:00:00+00:00,17.147,15.547,15.347,18.046999,18.147,17.597,15.7455,95.0,98.0,97.0,92.0,96.0,97.0,90.0,3,winter,95.0,16.79678557142857
725,1,2024-03-02 05:00:00+00:00,18.247,17.447,17.247,19.497,19.347,18.947,17.4955,95.0,93.0,93.0,86.0,93.0,93.0,85.0,3,winter,91.14285714285714,18.318214285714284
726,1,2024-03-02 06:00:00+00:00,20.247,20.697,20.647,21.197,20.697,20.447,19.9955,87.0,82.0,83.0,78.0,88.0,87.0,79.0,3,winter,83.42857142857143,20.56107142857143
727,1,2024-03-02 07:00:00+00:00,22.097,22.947,23.046999,22.997,22.247,22.046999,22.3955,79.0,74.0,70.0,70.0,80.0,80.0,68.0,3,winter,74.42857142857143,22.539642571428573
728,1,2024-03-02 08:00:00+00:00,24.147,24.847,24.697,24.997,23.997,23.796999,24.9955,68.0,66.0,63.0,61.0,71.0,72.0,54.0,3,winter,65.0,24.49678557142857
729,1,2024-03-02 09:00:00+00:00,25.747,26.197,26.296999,26.597,25.397,25.247,27.095499,60.0,61.0,58.0,53.0,63.0,65.0,44.0,3,winter,57.714285714285715,26.08249971428571
730,1,2024-03-02 10:00:00+00:00,26.947,27.347,27.347,27.647,26.397,26.296999,28.6455,54.0,55.0,53.0,48.0,57.0,61.0,38.0,3,winter,52.285714285714285,27.23249985714285
731,1,2024-03-02 11:00:00+00:00,27.697,28.197,28.197,28.296999,27.046999,26.997,29.7455,50.0,49.0,49.0,44.0,53.0,58.0,35.0,3,winter,48.285714285714285,28.02535685714286
732,1,2024-03-02 12:00:00+00:00,28.097,28.296999,28.147,28.897,28.197,27.796999,29.595499,47.0,47.0,47.0,42.0,45.0,52.0,33.0,3,winter,44.714285714285715,28.43249957142857
733,1,2024-03-02 13:00:00+00:00,28.247,28.546999,28.247,29.046999,28.347,27.947,28.9955,45.0,45.0,45.0,38.0,42.0,50.0,37.0,3,winter,43.142857142857146,28.482499714285716
734,1,2024-03-02 14:00:00+00:00,27.997,28.397,27.997,28.847,28.197,27.697,27.6955,46.0,46.0,47.0,35.0,41.0,48.0,45.0,3,winter,44.0,28.118214285714288
735,1,2024-03-02 15:00:00+00:00,27.597,27.847,27.447,28.046999,27.497,26.997,25.9955,46.0,46.0,48.0,35.0,43.0,50.0,54.0,3,winter,46.0,27.346785571428573
736,1,2024-03-02 16:00:00+00:00,25.147,23.647,25.546999,26.296999,25.796999,25.447,23.4955,58.0,64.0,60.0,41.0,53.0,58.0,66.0,3,winter,57.142857142857146,25.05392814285714
737,1,2024-03-02 17:00:00+00:00,23.046999,22.097,24.497,23.947,23.546999,23.397,20.4955,66.0,75.0,62.0,49.0,67.0,70.0,79.0,3,winter,66.85714285714286,23.003928285714284
738,1,2024-03-02 18:00:00+00:00,21.397,22.647,22.296999,22.097,21.796999,21.747,19.1955,80.0,74.0,76.0,57.0,78.0,79.0,84.0,3,winter,75.42857142857143,21.596785428571426
739,1,2024-03-02 19:00:00+00:00,20.997,21.647,21.697,21.197,21.197,20.947,18.2455,81.0,80.0,78.0,61.0,82.0,84.0,89.0,3,winter,79.28571428571429,20.846785714285716
740,1,2024-03-02 20:00:00+00:00,20.347,20.697,21.147,20.697,21.147,20.597,17.6455,85.0,84.0,81.0,65.0,82.0,86.0,90.0,3,winter,81.85714285714286,20.325357142857143
741,1,2024-03-02 21:00:00+00:00,19.647,20.197,20.697,20.197,20.947,20.247,17.095499,89.0,84.0,84.0,69.0,83.0,88.0,91.0,3,winter,84.0,19.861071285714285
742,1,2024-03-02 22:00:00+00:00,19.296999,19.997,20.296999,19.497,20.397,19.747,16.4955,91.0,85.0,87.0,73.0,85.0,91.0,90.0,3,winter,86.0,19.38964257142857
743,1,2024-03-02 23:00:00+00:00,18.997,19.546999,19.897,18.747,19.647,19.247,15.9955,89.0,87.0,89.0,78.0,88.0,94.0,88.0,3,winter,87.57142857142857,18.86821414285714
744,1,2024-03-03 00:00:00+00:00,18.697,18.697,19.247,17.796999,18.296999,19.347,16.9955,92.0,91.0,90.0,82.0,88.0,89.0,81.0,3,winter,87.57142857142857,18.43964257142857
745,1,2024-03-03 01:00:00+00:00,17.897,18.247,18.647,16.847,17.597,18.497,16.1455,95.0,92.0,92.0,87.0,91.0,91.0,84.0,3,winter,90.28571428571429,17.696785714285717
746,1,2024-03-03 02:00:00+00:00,17.097,18.046999,17.697,15.947,16.847,17.447,15.3955,97.0,93.0,96.0,91.0,94.0,94.0,87.0,3,winter,93.14285714285714,16.925356999999998
747,1,2024-03-03 03:00:00+00:00,16.546999,17.697,16.747,15.847,16.747,17.097,15.3955,98.0,94.0,98.0,92.0,94.0,95.0,87.0,3,winter,94.0,16.582499857142857
748,1,2024-03-03 04:00:00+00:00,16.097,17.097,16.397,16.997,17.847,17.897,16.4955,98.0,95.0,98.0,88.0,89.0,91.0,83.0,3,winter,91.71428571428571,16.975357142857142
749,1,2024-03-03 05:00:00+00:00,17.597,18.097,17.997,18.997,19.597,19.296999,18.3955,94.0,94.0,93.0,81.0,81.0,85.0,76.0,3,winter,86.28571428571429,18.56821414285714
750,1,2024-03-03 06:00:00+00:00,20.647,20.697,20.796999,20.947,21.447,20.897,20.6455,79.0,84.0,83.0,79.0,74.0,78.0,70.0,3,winter,78.14285714285714,20.86821414285714
751,1,2024-03-03 07:00:00+00:00,22.296999,22.397,22.796999,22.697,23.247,22.546999,23.345499,75.0,75.0,76.0,72.0,68.0,71.0,61.0,3,winter,71.14285714285714,22.76107085714285
752,1,2024-03-03 08:00:00+00:00,24.197,24.097,24.597,24.597,25.147,24.347,26.2455,66.0,67.0,66.0,64.0,62.0,64.0,51.0,3,winter,62.857142857142854,24.746785714285714
753,1,2024-03-03 09:00:00+00:00,25.897,25.697,26.247,26.197,26.697,25.847,28.4955,58.0,59.0,64.0,58.0,57.0,58.0,43.0,3,winter,56.714285714285715,26.439642857142854
754,1,2024-03-03 10:00:00+00:00,27.147,26.796999,27.347,27.296999,27.897,26.897,29.7955,51.0,53.0,51.0,53.0,52.0,53.0,37.0,3,winter,50.0,27.596785428571426
755,1,2024-03-03 11:00:00+00:00,27.847,27.546999,28.097,28.097,28.747,27.697,30.345499,47.0,49.0,48.0,50.0,47.0,49.0,33.0,3,winter,46.142857142857146,28.339642571428566
756,1,2024-03-03 12:00:00+00:00,28.546999,28.347,28.046999,28.296999,29.447,28.796999,27.095499,42.0,44.0,48.0,47.0,38.0,42.0,45.0,3,winter,43.714285714285715,28.368213571428573
757,1,2024-03-03 13:00:00+00:00,28.347,28.447,28.296999,28.447,29.597,28.897,25.6955,42.0,43.0,46.0,45.0,36.0,40.0,52.0,3,winter,43.42857142857143,28.24678557142857
758,1,2024-03-03 14:00:00+00:00,26.647,27.397,27.997,28.197,29.347,28.697,23.7455,52.0,50.0,47.0,44.0,35.0,41.0,62.0,3,winter,47.285714285714285,27.4325
759,1,2024-03-03 15:00:00+00:00,24.597,25.347,26.796999,27.447,28.497,27.897,21.9455,66.0,64.0,50.0,47.0,39.0,44.0,71.0,3,winter,54.42857142857143,26.075357
760,1,2024-03-03 16:00:00+00:00,23.447,23.947,23.897,25.747,26.546999,26.097,20.345499,72.0,67.0,73.0,56.0,49.0,53.0,79.0,3,winter,64.14285714285714,24.28964257142857
761,1,2024-03-03 17:00:00+00:00,22.497,22.447,22.597,23.497,24.046999,23.647,18.8955,77.0,76.0,78.0,69.0,63.0,65.0,86.0,3,winter,73.42857142857143,22.518214142857143
762,1,2024-03-03 18:00:00+00:00,20.847,21.697,21.697,21.796999,21.997,21.796999,16.9955,88.0,81.0,82.0,84.0,74.0,75.0,95.0,3,winter,82.71428571428571,20.975356857142856
763,1,2024-03-03 19:00:00+00:00,19.697,20.497,20.796999,20.747,20.997,20.997,16.6955,94.0,86.0,87.0,89.0,79.0,79.0,97.0,3,winter,87.28571428571429,20.061071285714288
764,1,2024-03-03 20:00:00+00:00,19.197,20.397,20.447,20.046999,20.546999,20.697,16.7455,96.0,88.0,89.0,90.0,81.0,81.0,96.0,3,winter,88.71428571428571,19.725356857142856
765,1,2024-03-03 21:00:00+00:00,19.097,19.747,19.796999,19.546999,20.097,20.447,16.7955,96.0,92.0,92.0,91.0,83.0,83.0,95.0,3,winter,90.28571428571429,19.361071142857146
766,1,2024-03-03 22:00:00+00:00,19.046999,19.447,19.147,19.296999,19.597,19.997,16.845499,95.0,94.0,95.0,92.0,86.0,86.0,94.0,3,winter,91.71428571428571,19.053928142857142
767,1,2024-03-03 23:00:00+00:00,18.796999,19.197,18.796999,19.247,19.147,19.497,16.9455,94.0,96.0,96.0,92.0,88.0,90.0,92.0,3,winter,92.57142857142857,18.803928285714285
768,1,2024-03-04 00:00:00+00:00,18.747,18.897,18.497,19.447,19.097,18.597,16.8955,88.0,88.0,94.0,91.0,88.0,91.0,92.0,3,winter,90.28571428571429,18.596785714285716
769,1,2024-03-04 01:00:00+00:00,18.147,18.397,18.347,18.897,18.147,18.197,16.5455,91.0,90.0,93.0,93.0,91.0,93.0,92.0,3,winter,91.85714285714286,18.096785714285716
770,1,2024-03-04 02:00:00+00:00,17.647,18.046999,18.296999,18.347,17.097,17.697,16.095499,92.0,90.0,93.0,95.0,94.0,95.0,92.0,3,winter,93.0,17.603928142857146
771,1,2024-03-04 03:00:00+00:00,17.147,17.497,17.697,18.296999,16.897,17.796999,16.0455,93.0,92.0,94.0,95.0,94.0,95.0,92.0,3,winter,93.57142857142857,17.339642571428573
772,1,2024-03-04 04:00:00+00:00,16.597,16.997,17.197,18.997,17.997,18.747,16.345499,95.0,91.0,95.0,92.0,90.0,92.0,92.0,3,winter,92.42857142857143,17.553928428571428
773,1,2024-03-04 05:00:00+00:00,18.147,18.397,18.397,20.247,19.897,20.197,16.9955,91.0,89.0,94.0,87.0,82.0,87.0,91.0,3,winter,88.71428571428571,18.89678571428571
774,1,2024-03-04 06:00:00+00:00,21.447,21.197,21.347,21.597,21.847,21.796999,19.7955,78.0,76.0,82.0,81.0,75.0,81.0,80.0,3,winter,79.0,21.289642714285716
775,1,2024-03-04 07:00:00+00:00,23.847,23.697,23.447,23.347,23.796999,23.647,22.095499,68.0,67.0,73.0,75.0,68.0,74.0,71.0,3,winter,70.85714285714286,23.41107114285714
776,1,2024-03-04 08:00:00+00:00,25.847,25.647,25.097,25.147,25.897,25.597,24.7455,61.0,62.0,69.0,68.0,61.0,66.0,60.0,3,winter,63.857142857142854,25.42535714285714
777,1,2024-03-04 09:00:00+00:00,27.296999,27.347,26.597,26.647,27.546999,27.147,26.595499,55.0,57.0,62.0,62.0,54.0,60.0,53.0,3,winter,57.57142857142857,27.025356714285714
778,1,2024-03-04 10:00:00+00:00,28.497,28.397,27.647,27.647,28.697,28.147,27.0455,48.0,50.0,56.0,57.0,48.0,55.0,50.0,3,winter,52.0,28.011071428571427
779,1,2024-03-04 11:00:00+00:00,28.997,28.947,28.147,28.247,29.497,28.747,26.6455,45.0,48.0,53.0,53.0,43.0,51.0,50.0,3,winter,49.0,28.461071428571426
780,1,2024-03-04 12:00:00+00:00,28.997,28.947,28.347,28.097,28.847,30.147,28.4955,45.0,47.0,52.0,53.0,48.0,41.0,42.0,3,winter,46.857142857142854,28.839642857142856
781,1,2024-03-04 13:00:00+00:00,28.647,28.147,27.747,26.997,27.747,29.447,26.0455,47.0,50.0,54.0,58.0,53.0,44.0,53.0,3,winter,51.285714285714285,27.825357142857143
782,1,2024-03-04 14:00:00+00:00,27.447,25.097,25.447,25.296999,25.897,28.097,22.4455,53.0,66.0,62.0,65.0,62.0,50.0,70.0,3,winter,61.142857142857146,25.675357
783,1,2024-03-04 15:00:00+00:00,23.697,23.697,24.546999,23.747,24.247,26.597,19.4955,74.0,74.0,67.0,72.0,70.0,57.0,84.0,3,winter,71.14285714285714,23.718214142857143
784,1,2024-03-04 16:00:00+00:00,22.897,22.597,23.147,22.647,23.097,24.897,17.9455,78.0,78.0,75.0,78.0,76.0,65.0,91.0,3,winter,77.28571428571429,22.461071428571426
785,1,2024-03-04 17:00:00+00:00,21.796999,21.796999,22.046999,21.747,22.147,22.997,17.095499,83.0,83.0,81.0,84.0,81.0,73.0,95.0,3,winter,82.85714285714286,21.37535657142857
786,1,2024-03-04 18:00:00+00:00,21.197,21.447,21.546999,20.897,21.296999,21.497,18.095499,87.0,84.0,87.0,84.0,85.0,80.0,89.0,3,winter,85.14285714285714,20.853928142857143
787,1,2024-03-04 19:00:00+00:00,20.897,20.447,20.497,20.197,20.447,20.597,17.595499,89.0,90.0,91.0,88.0,90.0,85.0,91.0,3,winter,89.14285714285714,20.09678557142857
788,1,2024-03-04 20:00:00+00:00,20.796999,20.097,19.847,19.747,19.647,19.997,17.595499,89.0,90.0,94.0,92.0,94.0,89.0,92.0,3,winter,91.42857142857143,19.675356857142855
789,1,2024-03-04 21:00:00+00:00,20.247,19.647,19.397,19.497,19.046999,19.546999,17.595499,90.0,90.0,95.0,94.0,96.0,92.0,92.0,3,winter,92.71428571428571,19.28249957142857
790,1,2024-03-04 22:00:00+00:00,19.647,19.397,19.347,19.497,18.796999,19.147,17.595499,93.0,91.0,93.0,94.0,95.0,94.0,92.0,3,winter,93.14285714285714,19.06107114285714
791,1,2024-03-04 23:00:00+00:00,19.247,19.097,19.296999,19.647,18.747,18.897,17.595499,94.0,92.0,91.0,92.0,93.0,94.0,90.0,3,winter,92.28571428571429,18.93249971428571
792,1,2024-03-05 00:00:00+00:00,18.747,18.897,19.347,19.247,19.147,19.296999,17.6455,94.0,92.0,89.0,92.0,92.0,86.0,90.0,3,winter,90.71428571428571,18.903928428571426
793,1,2024-03-05 01:00:00+00:00,18.397,18.597,18.997,18.847,18.747,18.397,17.2455,95.0,92.0,90.0,93.0,93.0,88.0,91.0,3,winter,91.71428571428571,18.461071428571426
794,1,2024-03-05 02:00:00+00:00,18.147,18.347,18.796999,18.397,18.296999,17.197,16.595499,95.0,91.0,90.0,94.0,95.0,91.0,91.0,3,winter,92.42857142857143,17.968213857142857
795,1,2024-03-05 03:00:00+00:00,18.046999,18.147,18.497,18.397,18.296999,16.847,16.4455,94.0,89.0,91.0,93.0,95.0,92.0,91.0,3,winter,92.14285714285714,17.81107114285714
796,1,2024-03-05 04:00:00+00:00,17.847,17.847,18.097,19.147,19.097,17.897,17.095499,94.0,88.0,91.0,89.0,91.0,88.0,89.0,3,winter,90.0,18.14678557142857
797,1,2024-03-05 05:00:00+00:00,18.796999,19.247,19.397,20.296999,20.347,19.796999,18.2955,92.0,86.0,88.0,83.0,86.0,82.0,86.0,3,winter,86.14285714285714,19.453928142857144
798,1,2024-03-05 06:00:00+00:00,21.697,21.597,21.847,21.697,21.796999,21.847,20.1955,77.0,76.0,76.0,77.0,80.0,75.0,80.0,3,winter,77.28571428571429,21.525357000000003
799,1,2024-03-05 07:00:00+00:00,23.497,23.546999,23.647,23.597,23.447,24.097,21.8955,70.0,67.0,70.0,70.0,74.0,67.0,74.0,3,winter,70.28571428571429,23.389642714285717
800,1,2024-03-05 08:00:00+00:00,25.347,25.447,25.397,25.847,25.247,26.597,23.5455,63.0,59.0,63.0,63.0,68.0,58.0,68.0,3,winter,63.142857142857146,25.346785714285716
801,1,2024-03-05 09:00:00+00:00,26.796999,27.197,27.046999,27.597,26.747,28.546999,24.7955,56.0,53.0,58.0,56.0,62.0,50.0,63.0,3,winter,56.857142857142854,26.961071
802,1,2024-03-05 10:00:00+00:00,27.747,28.296999,28.347,28.847,27.847,29.796999,25.595499,51.0,48.0,52.0,49.0,57.0,43.0,59.0,3,winter,51.285714285714285,28.068213857142858
803,1,2024-03-05 11:00:00+00:00,28.247,28.897,29.097,29.647,28.597,30.597,25.9455,48.0,44.0,47.0,43.0,53.0,37.0,56.0,3,winter,46.857142857142854,28.71821428571429
804,1,2024-03-05 12:00:00+00:00,27.997,29.347,29.197,28.947,28.997,28.847,26.2955,47.0,43.0,43.0,47.0,47.0,49.0,51.0,3,winter,46.714285714285715,28.51821428571429
805,1,2024-03-05 13:00:00+00:00,28.197,29.397,29.397,27.897,28.097,27.796999,23.845499,45.0,39.0,41.0,52.0,50.0,53.0,64.0,3,winter,49.142857142857146,27.80392828571428
806,1,2024-03-05 14:00:00+00:00,27.847,29.247,28.847,26.197,26.546999,26.097,20.345499,44.0,37.0,39.0,60.0,56.0,61.0,83.0,3,winter,54.285714285714285,26.446785428571427
807,1,2024-03-05 15:00:00+00:00,27.296999,27.397,27.597,24.546999,25.046999,24.497,17.6955,46.0,45.0,46.0,68.0,63.0,68.0,97.0,3,winter,61.857142857142854,24.86821385714286
808,1,2024-03-05 16:00:00+00:00,24.947,25.497,24.947,23.197,23.697,23.197,16.7955,64.0,52.0,64.0,75.0,71.0,75.0,99.0,3,winter,71.42857142857143,23.1825
809,1,2024-03-05 17:00:00+00:00,23.397,23.647,23.497,21.947,22.397,21.997,16.7455,73.0,60.0,73.0,83.0,79.0,82.0,97.0,3,winter,78.14285714285714,21.946785714285713
810,1,2024-03-05 18:00:00+00:00,22.147,22.347,22.697,21.397,21.347,21.046999,16.6955,82.0,76.0,73.0,83.0,86.0,87.0,97.0,3,winter,83.42857142857143,21.096785571428573
811,1,2024-03-05 19:00:00+00:00,21.447,21.447,21.647,20.796999,20.697,20.397,16.845499,87.0,82.0,80.0,86.0,89.0,90.0,96.0,3,winter,87.14285714285714,20.468213999999996
812,1,2024-03-05 20:00:00+00:00,21.397,21.197,21.197,20.497,20.347,19.947,17.2955,85.0,84.0,86.0,89.0,91.0,93.0,94.0,3,winter,88.85714285714286,20.268214285714286
813,1,2024-03-05 21:00:00+00:00,20.697,20.747,20.747,20.197,19.997,19.597,17.4955,88.0,85.0,90.0,92.0,92.0,93.0,93.0,3,winter,90.42857142857143,19.92535714285714
814,1,2024-03-05 22:00:00+00:00,20.447,20.347,20.447,19.847,19.647,19.447,17.1955,91.0,84.0,92.0,94.0,93.0,91.0,93.0,3,winter,91.14285714285714,19.625357142857144
815,1,2024-03-05 23:00:00+00:00,20.247,19.947,20.296999,19.546999,19.347,19.347,16.6455,89.0,83.0,89.0,96.0,94.0,87.0,93.0,3,winter,90.14285714285714,19.339642571428573
816,1,2024-03-06 00:00:00+00:00,19.197,19.647,19.046999,18.697,19.847,19.347,16.2955,90.0,84.0,95.0,98.0,86.0,96.0,96.0,3,winter,92.14285714285714,18.868214142857145
817,1,2024-03-06 01:00:00+00:00,18.546999,18.947,18.447,17.997,18.796999,18.497,16.095499,90.0,86.0,97.0,99.0,88.0,98.0,96.0,3,winter,93.42857142857143,18.189642428571428
818,1,2024-03-06 02:00:00+00:00,17.847,18.097,17.997,17.347,17.497,17.546999,15.8955,90.0,87.0,99.0,100.0,91.0,99.0,96.0,3,winter,94.57142857142857,17.461071285714286
819,1,2024-03-06 03:00:00+00:00,17.147,17.397,17.497,17.247,17.046999,17.247,16.0455,91.0,88.0,100.0,99.0,91.0,98.0,95.0,3,winter,94.57142857142857,17.089642714285713
820,1,2024-03-06 04:00:00+00:00,16.497,16.847,17.097,17.997,18.046999,18.046999,16.595499,92.0,88.0,100.0,95.0,87.0,94.0,93.0,3,winter,92.71428571428571,17.303928142857142
821,1,2024-03-06 05:00:00+00:00,17.997,18.497,18.296999,19.296999,19.897,19.447,17.4455,90.0,85.0,97.0,89.0,80.0,87.0,90.0,3,winter,88.28571428571429,18.696785428571427
822,1,2024-03-06 06:00:00+00:00,21.046999,21.546999,21.046999,20.647,21.847,21.097,19.2955,77.0,73.0,80.0,87.0,72.0,80.0,79.0,3,winter,78.28571428571429,20.932499571428572
823,1,2024-03-06 07:00:00+00:00,23.296999,23.747,23.197,22.447,23.897,22.897,21.095499,65.0,63.0,66.0,77.0,64.0,72.0,72.0,3,winter,68.42857142857143,22.93964257142857
824,1,2024-03-06 08:00:00+00:00,25.147,25.647,25.347,24.647,26.046999,24.897,22.8955,57.0,55.0,57.0,64.0,56.0,63.0,66.0,3,winter,59.714285714285715,24.946785571428567
825,1,2024-03-06 09:00:00+00:00,26.247,27.147,26.947,26.397,27.796999,26.597,24.345499,54.0,49.0,49.0,54.0,49.0,56.0,60.0,3,winter,53.0,26.496785428571428
826,1,2024-03-06 10:00:00+00:00,26.747,27.497,27.947,27.546999,28.897,27.847,25.6455,51.0,46.0,45.0,49.0,43.0,51.0,54.0,3,winter,48.42857142857143,27.44678557142857
827,1,2024-03-06 11:00:00+00:00,27.497,28.097,28.796999,28.247,29.597,28.747,26.595499,49.0,44.0,43.0,46.0,38.0,46.0,49.0,3,winter,45.0,28.225356857142852
828,1,2024-03-06 12:00:00+00:00,27.647,28.397,28.847,28.997,29.597,29.697,26.9455,48.0,45.0,41.0,42.0,42.0,41.0,50.0,3,winter,44.142857142857146,28.589642857142856
829,1,2024-03-06 13:00:00+00:00,27.497,28.347,28.546999,28.947,29.796999,29.647,26.3955,47.0,46.0,39.0,41.0,39.0,40.0,55.0,3,winter,43.857142857142854,28.453928285714284
830,1,2024-03-06 14:00:00+00:00,27.147,27.347,28.397,28.546999,29.647,29.097,25.2955,45.0,49.0,37.0,40.0,37.0,42.0,62.0,3,winter,44.57142857142857,27.925356999999998
831,1,2024-03-06 15:00:00+00:00,26.247,26.796999,27.497,27.546999,28.847,28.147,23.6455,46.0,49.0,39.0,44.0,39.0,45.0,70.0,3,winter,47.42857142857143,26.961071142857143
832,1,2024-03-06 16:00:00+00:00,24.247,25.147,25.247,25.497,26.947,26.546999,20.8955,54.0,53.0,50.0,55.0,48.0,51.0,78.0,3,winter,55.57142857142857,24.932499857142858
833,1,2024-03-06 17:00:00+00:00,22.296999,23.247,21.546999,22.796999,24.447,24.546999,17.6455,60.0,64.0,77.0,69.0,62.0,59.0,86.0,3,winter,68.14285714285714,22.36107085714286
834,1,2024-03-06 18:00:00+00:00,20.497,21.397,21.097,20.897,22.397,22.897,15.9955,74.0,68.0,64.0,85.0,73.0,66.0,96.0,3,winter,75.14285714285714,20.739642857142854
835,1,2024-03-06 19:00:00+00:00,19.347,20.097,20.497,20.147,21.397,21.947,15.4955,80.0,72.0,67.0,89.0,79.0,71.0,97.0,3,winter,79.28571428571429,19.846785714285712
836,1,2024-03-06 20:00:00+00:00,17.647,18.597,20.296999,19.546999,20.847,21.296999,15.4955,89.0,76.0,71.0,92.0,82.0,74.0,96.0,3,winter,82.85714285714286,19.103928142857143
837,1,2024-03-06 21:00:00+00:00,16.546999,17.897,19.597,19.046999,20.347,20.647,15.4955,94.0,79.0,75.0,94.0,85.0,77.0,95.0,3,winter,85.57142857142857,18.51107114285714
838,1,2024-03-06 22:00:00+00:00,15.947,17.497,18.697,18.647,19.647,19.847,15.4955,95.0,84.0,79.0,96.0,89.0,79.0,95.0,3,winter,88.14285714285714,17.968214285714286
839,1,2024-03-06 23:00:00+00:00,15.396999,16.997,17.546999,18.397,18.997,19.097,15.5455,96.0,86.0,84.0,97.0,93.0,80.0,94.0,3,winter,90.0,17.425356857142855
840,1,2024-03-07 00:00:00+00:00,14.747,15.646999,16.847,17.546999,18.747,18.796999,15.4955,97.0,92.0,89.0,98.0,89.0,75.0,95.0,3,winter,90.71428571428571,16.83249957142857
841,1,2024-03-07 01:00:00+00:00,14.247,14.997,15.947,16.697,17.997,18.197,15.0455,96.0,91.0,87.0,99.0,91.0,77.0,96.0,3,winter,91.0,16.16107142857143
842,1,2024-03-07 02:00:00+00:00,13.697,14.447,15.297,15.847,17.247,17.647,14.6455,95.0,89.0,86.0,99.0,92.0,79.0,96.0,3,winter,90.85714285714286,15.546785714285713
843,1,2024-03-07 03:00:00+00:00,13.247,14.197,14.896999,15.646999,17.097,17.647,14.8955,93.0,86.0,86.0,97.0,91.0,79.0,95.0,3,winter,89.57142857142857,15.375356857142858
844,1,2024-03-07 04:00:00+00:00,12.747,13.747,14.497,16.546999,17.897,18.497,16.1455,93.0,86.0,88.0,92.0,88.0,77.0,91.0,3,winter,87.85714285714286,15.725357
845,1,2024-03-07 05:00:00+00:00,14.697,15.297,15.896999,18.097,19.347,19.947,18.0455,89.0,87.0,87.0,85.0,83.0,72.0,86.0,3,winter,84.14285714285714,17.33249985714286
846,1,2024-03-07 06:00:00+00:00,19.147,19.897,20.247,19.897,20.997,21.697,20.1455,70.0,75.0,72.0,74.0,77.0,67.0,79.0,3,winter,73.42857142857143,20.289642857142855
847,1,2024-03-07 07:00:00+00:00,21.947,22.597,23.397,22.647,22.847,23.897,22.4955,63.0,65.0,61.0,64.0,70.0,59.0,69.0,3,winter,64.42857142857143,22.8325
848,1,2024-03-07 08:00:00+00:00,24.097,24.747,25.947,25.796999,24.947,26.347,24.9955,59.0,61.0,51.0,53.0,63.0,50.0,58.0,3,winter,56.42857142857143,25.268214142857143
849,1,2024-03-07 09:00:00+00:00,26.046999,26.796999,27.796999,28.247,26.647,28.247,26.9955,57.0,53.0,43.0,43.0,56.0,43.0,49.0,3,winter,49.142857142857146,27.25392814285714
850,1,2024-03-07 10:00:00+00:00,27.947,28.247,29.147,29.597,27.796999,29.296999,28.3955,47.0,44.0,37.0,36.0,50.0,40.0,42.0,3,winter,42.285714285714285,28.632499714285718
851,1,2024-03-07 11:00:00+00:00,29.046999,28.947,29.897,30.197,28.597,29.747,29.2955,40.0,41.0,34.0,30.0,45.0,38.0,37.0,3,winter,37.857142857142854,29.389642714285717
852,1,2024-03-07 12:00:00+00:00,29.397,29.347,29.897,30.347,30.546999,29.247,29.7955,35.0,36.0,34.0,32.0,33.0,41.0,34.0,3,winter,35.0,29.79678557142857
853,1,2024-03-07 13:00:00+00:00,29.046999,28.847,29.397,29.997,30.296999,28.997,27.9955,33.0,36.0,33.0,32.0,31.0,41.0,43.0,3,winter,35.57142857142857,29.225356857142856
854,1,2024-03-07 14:00:00+00:00,28.296999,28.197,28.546999,28.947,29.546999,28.197,25.095499,36.0,39.0,34.0,34.0,31.0,43.0,57.0,3,winter,39.142857142857146,28.118213714285712
855,1,2024-03-07 15:00:00+00:00,27.046999,27.296999,27.397,27.546999,28.197,27.097,22.4955,41.0,42.0,39.0,38.0,34.0,48.0,69.0,3,winter,44.42857142857143,26.725356714285713
856,1,2024-03-07 16:00:00+00:00,24.296999,24.397,24.697,25.497,25.897,25.397,20.5455,52.0,52.0,49.0,45.0,44.0,58.0,78.0,3,winter,54.0,24.389642714285714
857,1,2024-03-07 17:00:00+00:00,21.796999,22.397,22.546999,23.097,23.046999,23.347,18.7955,61.0,58.0,56.0,55.0,57.0,70.0,85.0,3,winter,63.142857142857146,22.146785285714287
858,1,2024-03-07 18:00:00+00:00,20.147,20.397,20.796999,21.247,20.796999,21.647,17.9955,70.0,68.0,65.0,62.0,67.0,80.0,78.0,3,winter,70.0,20.43249971428571
859,1,2024-03-07 19:00:00+00:00,18.796999,18.897,19.296999,20.097,19.796999,20.697,16.9455,76.0,75.0,73.0,68.0,71.0,85.0,83.0,3,winter,75.85714285714286,19.21821385714286
860,1,2024-03-07 20:00:00+00:00,17.947,17.897,18.147,19.347,19.397,20.147,16.4955,79.0,80.0,79.0,73.0,73.0,88.0,89.0,3,winter,80.14285714285714,18.482499999999995
861,1,2024-03-07 21:00:00+00:00,17.497,17.296999,17.747,18.747,19.046999,19.597,16.1955,81.0,83.0,78.0,77.0,74.0,90.0,92.0,3,winter,82.14285714285714,18.018213999999997
862,1,2024-03-07 22:00:00+00:00,17.247,17.046999,17.546999,18.197,18.497,18.897,15.8455,82.0,83.0,77.0,79.0,76.0,92.0,93.0,3,winter,83.14285714285714,17.611071142857142
863,1,2024-03-07 23:00:00+00:00,17.097,16.947,17.347,17.796999,17.997,18.247,15.6455,82.0,83.0,78.0,79.0,77.0,93.0,92.0,3,winter,83.42857142857143,17.29678557142857
864,1,2024-03-08 00:00:00+00:00,16.347,16.697,17.046999,16.847,17.147,17.097,15.3955,85.0,86.0,79.0,74.0,83.0,87.0,94.0,3,winter,84.0,16.653928428571426
865,1,2024-03-08 01:00:00+00:00,16.097,16.497,16.597,16.247,16.447,16.197,14.9955,87.0,87.0,82.0,76.0,86.0,91.0,95.0,3,winter,86.28571428571429,16.153928571428573
866,1,2024-03-08 02:00:00+00:00,15.747,16.197,16.097,15.797,15.697,15.297,14.695499,89.0,88.0,85.0,78.0,88.0,95.0,95.0,3,winter,88.28571428571429,15.64678557142857
867,1,2024-03-08 03:00:00+00:00,15.197,15.747,15.497,15.997,15.697,15.247,14.9955,92.0,90.0,88.0,79.0,88.0,96.0,94.0,3,winter,89.57142857142857,15.4825
868,1,2024-03-08 04:00:00+00:00,14.947,15.197,15.047,17.247,16.847,16.597,16.345499,94.0,93.0,91.0,77.0,85.0,92.0,90.0,3,winter,88.85714285714286,16.03249985714286
869,1,2024-03-08 05:00:00+00:00,16.897,16.947,16.947,19.197,18.697,18.847,18.345499,90.0,90.0,88.0,74.0,79.0,85.0,84.0,3,winter,84.28571428571429,17.98249985714286
870,1,2024-03-08 06:00:00+00:00,20.647,20.796999,20.796999,21.447,20.747,21.046999,20.7455,78.0,74.0,76.0,69.0,73.0,77.0,74.0,3,winter,74.42857142857143,20.889642428571428
871,1,2024-03-08 07:00:00+00:00,23.197,23.296999,23.546999,23.796999,23.097,23.147,23.7955,68.0,65.0,66.0,61.0,65.0,70.0,62.0,3,winter,65.28571428571429,23.411071
872,1,2024-03-08 08:00:00+00:00,25.296999,25.497,25.897,26.296999,25.647,25.197,27.1455,62.0,59.0,58.0,52.0,56.0,63.0,47.0,3,winter,56.714285714285715,25.853928285714286
873,1,2024-03-08 09:00:00+00:00,26.947,27.397,27.796999,28.296999,27.747,26.947,29.4955,57.0,54.0,52.0,44.0,48.0,56.0,37.0,3,winter,49.714285714285715,27.803928285714285
874,1,2024-03-08 10:00:00+00:00,27.997,28.597,28.647,29.546999,29.147,28.197,30.095499,50.0,48.0,46.0,39.0,40.0,50.0,34.0,3,winter,43.857142857142854,28.88964257142857
875,1,2024-03-08 11:00:00+00:00,28.546999,29.046999,29.046999,30.296999,30.046999,29.097,29.6455,45.0,42.0,42.0,36.0,33.0,44.0,36.0,3,winter,39.714285714285715,29.389642142857145
876,1,2024-03-08 12:00:00+00:00,28.947,29.347,28.897,30.247,30.697,30.546999,31.2955,44.0,41.0,44.0,35.0,31.0,29.0,28.0,3,winter,36.0,29.99678557142857
877,1,2024-03-08 13:00:00+00:00,28.947,29.347,28.447,30.097,30.597,30.296999,29.8955,43.0,41.0,45.0,34.0,30.0,28.0,33.0,3,winter,36.285714285714285,29.661071285714286
878,1,2024-03-08 14:00:00+00:00,28.597,29.147,28.347,29.546999,30.046999,29.597,27.595499,42.0,41.0,44.0,35.0,30.0,29.0,42.0,3,winter,37.57142857142857,28.982499571428573
879,1,2024-03-08 15:00:00+00:00,27.647,28.046999,27.697,28.497,28.847,28.247,25.2955,48.0,43.0,44.0,38.0,33.0,33.0,51.0,3,winter,41.42857142857143,27.753928428571424
880,1,2024-03-08 16:00:00+00:00,25.197,24.597,24.747,26.497,26.647,25.796999,23.095499,63.0,62.0,57.0,44.0,40.0,40.0,60.0,3,winter,52.285714285714285,25.225356857142856
881,1,2024-03-08 17:00:00+00:00,22.296999,22.247,22.147,23.997,23.796999,22.697,20.8955,74.0,77.0,74.0,53.0,50.0,49.0,70.0,3,winter,63.857142857142854,22.582499714285714
882,1,2024-03-08 18:00:00+00:00,20.997,21.947,21.247,22.447,21.347,19.997,15.4955,84.0,79.0,81.0,63.0,59.0,58.0,94.0,3,winter,74.0,20.496785714285718
883,1,2024-03-08 19:00:00+00:00,20.397,21.347,20.497,21.247,19.597,18.097,15.5955,87.0,82.0,85.0,69.0,67.0,68.0,94.0,3,winter,78.85714285714286,19.53964285714286
884,1,2024-03-08 20:00:00+00:00,19.046999,20.197,19.597,20.447,18.147,16.647,16.0455,93.0,88.0,90.0,74.0,74.0,77.0,94.0,3,winter,84.28571428571429,18.589642714285713
885,1,2024-03-08 21:00:00+00:00,18.847,19.197,19.197,19.796999,17.046999,15.646999,16.2955,93.0,94.0,93.0,78.0,79.0,84.0,94.0,3,winter,87.85714285714286,18.00392814285714
886,1,2024-03-08 22:00:00+00:00,19.097,19.397,19.447,19.347,16.296999,15.247,16.1455,90.0,90.0,90.0,80.0,82.0,85.0,94.0,3,winter,87.28571428571429,17.85392842857143
887,1,2024-03-08 23:00:00+00:00,18.796999,19.247,18.847,19.097,15.847,15.297,15.7955,92.0,90.0,93.0,80.0,84.0,84.0,94.0,3,winter,88.14285714285714,17.561071285714284
888,1,2024-03-09 00:00:00+00:00,18.347,18.647,19.046999,17.697,18.647,16.546999,16.6955,92.0,92.0,90.0,85.0,82.0,81.0,93.0,3,winter,87.85714285714286,17.946785428571427
889,1,2024-03-09 01:00:00+00:00,17.947,18.046999,18.647,17.197,17.897,16.247,16.095499,91.0,92.0,91.0,87.0,85.0,83.0,94.0,3,winter,89.0,17.43964257142857
890,1,2024-03-09 02:00:00+00:00,17.447,17.647,18.247,16.796999,17.097,15.997,15.4955,91.0,91.0,92.0,89.0,87.0,84.0,94.0,3,winter,89.71428571428571,16.961071285714286
891,1,2024-03-09 03:00:00+00:00,16.796999,17.296999,17.597,16.997,16.997,16.296999,15.5955,92.0,92.0,93.0,89.0,88.0,84.0,93.0,3,winter,90.14285714285714,16.796785285714286
892,1,2024-03-09 04:00:00+00:00,16.247,17.097,16.997,18.147,18.097,17.497,16.7955,94.0,92.0,94.0,86.0,85.0,81.0,89.0,3,winter,88.71428571428571,17.268214285714286
893,1,2024-03-09 05:00:00+00:00,17.997,18.397,18.697,19.897,19.897,19.347,18.6955,91.0,90.0,90.0,80.0,79.0,76.0,83.0,3,winter,84.14285714285714,18.989642857142858
894,1,2024-03-09 06:00:00+00:00,21.397,21.497,21.497,21.847,21.847,21.347,21.4455,76.0,76.0,80.0,75.0,73.0,70.0,71.0,3,winter,74.42857142857143,21.553928571428575
895,1,2024-03-09 07:00:00+00:00,23.697,23.796999,23.697,23.947,23.947,23.697,23.8955,66.0,67.0,69.0,67.0,66.0,63.0,61.0,3,winter,65.57142857142857,23.811071285714288
896,1,2024-03-09 08:00:00+00:00,25.796999,25.796999,25.747,26.147,26.147,26.197,26.4955,58.0,61.0,61.0,59.0,59.0,54.0,50.0,3,winter,57.42857142857143,26.04678542857143
897,1,2024-03-09 09:00:00+00:00,27.296999,27.197,27.296999,27.897,27.847,28.247,28.3955,53.0,55.0,56.0,52.0,53.0,47.0,42.0,3,winter,51.142857142857146,27.73964257142857
898,1,2024-03-09 10:00:00+00:00,27.997,27.997,28.397,29.197,28.997,29.497,29.345499,48.0,52.0,51.0,45.0,48.0,41.0,38.0,3,winter,46.142857142857146,28.775356999999996
899,1,2024-03-09 11:00:00+00:00,28.546999,28.397,29.147,30.046999,29.647,30.247,29.6455,46.0,49.0,46.0,39.0,43.0,37.0,38.0,3,winter,42.57142857142857,29.38249971428571
900,1,2024-03-09 12:00:00+00:00,29.046999,28.546999,28.847,29.347,29.947,29.747,25.8955,42.0,45.0,45.0,40.0,40.0,43.0,58.0,3,winter,44.714285714285715,28.768214000000004
901,1,2024-03-09 13:00:00+00:00,29.197,28.847,28.847,29.347,27.947,28.197,23.3955,40.0,43.0,44.0,39.0,50.0,50.0,69.0,3,winter,47.857142857142854,27.968214285714286
902,1,2024-03-09 14:00:00+00:00,29.097,28.747,25.997,29.046999,24.897,25.747,20.345499,39.0,43.0,56.0,39.0,65.0,61.0,82.0,3,winter,55.0,26.268213999999997
903,1,2024-03-09 15:00:00+00:00,28.296999,26.947,23.097,28.097,22.546999,23.697,17.9955,40.0,49.0,77.0,43.0,77.0,71.0,92.0,3,winter,64.14285714285714,24.382499714285718
904,1,2024-03-09 16:00:00+00:00,25.397,21.747,21.747,25.897,21.647,22.497,16.9455,55.0,81.0,82.0,55.0,83.0,78.0,96.0,3,winter,75.71428571428571,22.268214285714283
905,1,2024-03-09 17:00:00+00:00,22.947,21.347,21.197,23.097,21.397,21.697,16.6455,74.0,85.0,86.0,71.0,85.0,83.0,98.0,3,winter,83.14285714285714,21.189642857142854
906,1,2024-03-09 18:00:00+00:00,21.296999,21.046999,20.897,20.897,21.147,21.097,17.095499,86.0,86.0,87.0,88.0,87.0,87.0,97.0,3,winter,88.28571428571429,20.496785285714285
907,1,2024-03-09 19:00:00+00:00,20.546999,20.546999,20.546999,20.046999,20.697,20.647,16.6955,91.0,89.0,89.0,92.0,88.0,89.0,97.0,3,winter,90.71428571428571,19.961070857142857
908,1,2024-03-09 20:00:00+00:00,20.397,19.796999,19.997,19.796999,20.247,20.397,16.2955,92.0,91.0,90.0,92.0,89.0,89.0,97.0,3,winter,91.42857142857143,19.561071142857145
909,1,2024-03-09 21:00:00+00:00,19.847,19.997,19.697,19.597,19.847,20.147,15.9955,93.0,90.0,92.0,92.0,90.0,90.0,97.0,3,winter,92.0,19.30392857142857
910,1,2024-03-09 22:00:00+00:00,19.497,19.647,19.247,19.247,19.546999,19.747,15.8455,93.0,92.0,95.0,93.0,92.0,92.0,97.0,3,winter,93.42857142857143,18.968214142857143
911,1,2024-03-09 23:00:00+00:00,19.247,19.197,19.147,18.947,19.296999,19.347,15.7955,95.0,95.0,96.0,95.0,93.0,94.0,96.0,3,winter,94.85714285714286,18.711071285714286
912,1,2024-03-10 00:00:00+00:00,19.397,18.997,19.046999,18.847,19.046999,19.046999,15.9955,93.0,94.0,96.0,96.0,96.0,94.0,93.0,3,winter,94.57142857142857,18.625356714285715
913,1,2024-03-10 01:00:00+00:00,19.296999,18.796999,18.647,18.147,18.697,18.497,15.7955,94.0,95.0,97.0,96.0,96.0,96.0,95.0,3,winter,95.57142857142857,18.268214
914,1,2024-03-10 02:00:00+00:00,19.247,18.296999,18.497,17.347,18.347,17.897,15.5955,94.0,97.0,96.0,96.0,95.0,97.0,97.0,3,winter,96.0,17.889642714285717
915,1,2024-03-10 03:00:00+00:00,18.847,17.897,18.197,17.197,18.397,17.847,15.7955,94.0,97.0,96.0,94.0,93.0,97.0,97.0,3,winter,95.42857142857143,17.739642857142858
916,1,2024-03-10 04:00:00+00:00,18.046999,17.847,17.796999,18.147,19.046999,18.697,16.595499,96.0,95.0,95.0,90.0,89.0,94.0,95.0,3,winter,93.42857142857143,18.02535657142857
917,1,2024-03-10 05:00:00+00:00,19.147,19.197,19.046999,19.796999,20.147,20.046999,17.7955,94.0,92.0,94.0,84.0,83.0,88.0,90.0,3,winter,89.28571428571429,19.311071
918,1,2024-03-10 06:00:00+00:00,21.046999,21.546999,21.447,21.597,21.546999,21.647,19.4955,82.0,78.0,82.0,79.0,77.0,82.0,86.0,3,winter,80.85714285714286,21.189642428571428
919,1,2024-03-10 07:00:00+00:00,23.247,23.546999,23.447,23.247,23.347,23.497,21.6955,71.0,67.0,73.0,72.0,70.0,74.0,78.0,3,winter,72.14285714285714,23.146785571428573
920,1,2024-03-10 08:00:00+00:00,24.947,24.897,25.296999,25.097,25.497,25.497,24.1955,63.0,63.0,64.0,65.0,63.0,65.0,68.0,3,winter,64.42857142857143,25.061071285714288
921,1,2024-03-10 09:00:00+00:00,26.147,26.197,26.546999,26.647,27.247,27.197,25.6955,57.0,59.0,57.0,58.0,56.0,57.0,62.0,3,winter,58.0,26.525356999999996
922,1,2024-03-10 10:00:00+00:00,27.497,26.897,27.647,27.796999,28.497,28.497,25.6955,50.0,55.0,52.0,52.0,50.0,49.0,61.0,3,winter,52.714285714285715,27.50392842857143
923,1,2024-03-10 11:00:00+00:00,28.347,27.347,28.546999,28.647,29.447,29.447,24.6955,47.0,54.0,48.0,47.0,45.0,43.0,63.0,3,winter,49.57142857142857,28.068214142857148
924,1,2024-03-10 12:00:00+00:00,28.597,27.947,28.197,29.347,29.296999,29.397,27.2955,45.0,52.0,49.0,43.0,42.0,43.0,50.0,3,winter,46.285714285714285,28.582499857142857
925,1,2024-03-10 13:00:00+00:00,28.897,28.147,28.197,29.397,29.296999,29.347,24.4455,41.0,50.0,50.0,40.0,40.0,42.0,64.0,3,winter,46.714285714285715,28.246785571428575
926,1,2024-03-10 14:00:00+00:00,28.647,27.847,27.796999,29.046999,28.947,28.847,20.345499,39.0,52.0,52.0,37.0,39.0,43.0,84.0,3,winter,49.42857142857143,27.353928142857143
927,1,2024-03-10 15:00:00+00:00,27.447,25.647,23.947,28.147,28.097,27.796999,17.1955,46.0,63.0,70.0,39.0,40.0,47.0,99.0,3,winter,57.714285714285715,25.468214142857143
928,1,2024-03-10 16:00:00+00:00,24.997,24.296999,22.897,26.447,26.347,25.847,16.095499,54.0,66.0,76.0,49.0,46.0,56.0,100.0,3,winter,63.857142857142854,23.84678542857143
929,1,2024-03-10 17:00:00+00:00,23.197,22.397,22.046999,24.197,24.046999,23.347,15.945499,58.0,76.0,81.0,62.0,54.0,69.0,100.0,3,winter,71.42857142857143,22.16821385714286
930,1,2024-03-10 18:00:00+00:00,22.497,22.046999,21.497,22.046999,22.197,21.347,15.8955,73.0,81.0,86.0,77.0,62.0,79.0,97.0,3,winter,79.28571428571429,21.075356857142857
931,1,2024-03-10 19:00:00+00:00,21.647,21.546999,21.296999,20.947,21.147,20.397,15.945499,80.0,83.0,86.0,84.0,67.0,85.0,97.0,3,winter,83.14285714285714,20.418213857142856
932,1,2024-03-10 20:00:00+00:00,21.546999,20.597,20.247,20.296999,20.546999,19.947,15.945499,81.0,89.0,93.0,88.0,72.0,88.0,97.0,3,winter,86.85714285714286,19.875356571428572
933,1,2024-03-10 21:00:00+00:00,20.597,20.347,20.046999,19.747,19.947,19.597,15.9955,84.0,87.0,92.0,90.0,75.0,91.0,97.0,3,winter,88.0,19.468214142857143
934,1,2024-03-10 22:00:00+00:00,20.296999,19.296999,19.597,19.247,19.296999,19.147,16.095499,86.0,89.0,94.0,89.0,76.0,93.0,97.0,3,winter,89.14285714285714,18.99678514285714
935,1,2024-03-10 23:00:00+00:00,19.947,18.847,18.546999,18.897,18.697,18.747,16.2455,89.0,89.0,97.0,87.0,76.0,94.0,96.0,3,winter,89.71428571428571,18.561071285714288
936,1,2024-03-11 00:00:00+00:00,18.397,19.247,17.997,19.647,18.847,18.447,15.8955,80.0,92.0,94.0,89.0,77.0,79.0,98.0,3,winter,87.0,18.353928571428572
937,1,2024-03-11 01:00:00+00:00,18.046999,19.147,17.697,19.046999,18.447,17.697,15.4955,80.0,87.0,90.0,88.0,79.0,79.0,99.0,3,winter,86.0,17.93964257142857
938,1,2024-03-11 02:00:00+00:00,17.447,18.597,17.447,18.447,18.046999,17.046999,15.0455,82.0,86.0,87.0,87.0,80.0,79.0,99.0,3,winter,85.71428571428571,17.43964257142857
939,1,2024-03-11 03:00:00+00:00,16.847,18.046999,17.197,18.397,18.197,17.046999,15.195499,83.0,86.0,85.0,84.0,80.0,78.0,98.0,3,winter,84.85714285714286,17.275356714285714
940,1,2024-03-11 04:00:00+00:00,16.247,17.397,16.947,19.197,19.197,18.197,16.2455,85.0,87.0,84.0,80.0,76.0,75.0,94.0,3,winter,83.0,17.6325
941,1,2024-03-11 05:00:00+00:00,17.747,18.947,18.647,20.546999,20.697,20.046999,17.845499,84.0,83.0,83.0,74.0,70.0,70.0,88.0,3,winter,78.85714285714286,19.211071
942,1,2024-03-11 06:00:00+00:00,21.247,21.447,21.847,21.697,22.447,22.046999,18.2455,71.0,70.0,71.0,76.0,63.0,64.0,88.0,3,winter,71.85714285714286,21.282499857142856
943,1,2024-03-11 07:00:00+00:00,23.897,23.997,24.497,23.597,24.597,24.197,20.1455,60.0,59.0,58.0,67.0,55.0,56.0,81.0,3,winter,62.285714285714285,23.56107142857143
944,1,2024-03-11 08:00:00+00:00,25.897,26.097,26.247,25.747,26.947,26.546999,22.5455,51.0,50.0,51.0,58.0,46.0,47.0,72.0,3,winter,53.57142857142857,25.718214142857143
945,1,2024-03-11 09:00:00+00:00,27.397,27.796999,27.697,27.497,28.796999,28.397,24.2455,45.0,44.0,45.0,50.0,39.0,40.0,66.0,3,winter,47.0,27.403928285714283
946,1,2024-03-11 10:00:00+00:00,28.447,28.997,28.647,28.546999,29.847,29.546999,24.7455,41.0,38.0,42.0,45.0,35.0,36.0,64.0,3,winter,43.0,28.39678542857143
947,1,2024-03-11 11:00:00+00:00,28.947,29.546999,29.197,29.197,30.397,30.247,24.595499,39.0,35.0,39.0,42.0,33.0,34.0,65.0,3,winter,41.0,28.875356857142854
948,1,2024-03-11 12:00:00+00:00,29.197,29.347,29.747,29.546999,30.046999,30.247,27.4955,39.0,38.0,37.0,38.0,36.0,33.0,47.0,3,winter,38.285714285714285,29.375356857142858
949,1,2024-03-11 13:00:00+00:00,29.197,29.347,29.897,29.397,29.897,30.097,25.9955,38.0,38.0,35.0,38.0,37.0,35.0,54.0,3,winter,39.285714285714285,29.118214285714284
950,1,2024-03-11 14:00:00+00:00,28.647,28.847,29.447,28.897,29.347,29.497,23.6955,40.0,39.0,36.0,40.0,40.0,38.0,66.0,3,winter,42.714285714285715,28.33964285714286
951,1,2024-03-11 15:00:00+00:00,27.447,27.597,28.247,27.997,28.447,28.497,21.6955,43.0,42.0,40.0,43.0,43.0,41.0,76.0,3,winter,46.857142857142854,27.132499999999997
952,1,2024-03-11 16:00:00+00:00,24.697,24.847,25.447,26.397,26.897,26.796999,20.4955,51.0,50.0,48.0,47.0,48.0,45.0,81.0,3,winter,52.857142857142854,25.082499857142857
953,1,2024-03-11 17:00:00+00:00,22.847,23.046999,23.697,24.447,24.947,24.647,19.6455,55.0,53.0,52.0,52.0,53.0,49.0,84.0,3,winter,56.857142857142854,23.325357
954,1,2024-03-11 18:00:00+00:00,21.997,22.597,22.046999,22.397,23.347,22.947,18.4955,55.0,55.0,57.0,56.0,58.0,53.0,91.0,3,winter,60.714285714285715,21.975357
955,1,2024-03-11 19:00:00+00:00,21.296999,21.597,21.447,21.747,22.546999,22.097,17.5455,58.0,60.0,59.0,58.0,61.0,56.0,94.0,3,winter,63.714285714285715,21.182499714285715
956,1,2024-03-11 20:00:00+00:00,21.046999,21.447,21.497,21.647,22.097,21.647,16.8955,57.0,58.0,56.0,58.0,62.0,59.0,95.0,3,winter,63.57142857142857,20.896785571428573
957,1,2024-03-11 21:00:00+00:00,20.697,20.897,20.947,21.397,21.597,21.197,16.4955,57.0,59.0,59.0,59.0,64.0,61.0,95.0,3,winter,64.85714285714286,20.461071428571426
958,1,2024-03-11 22:00:00+00:00,20.097,20.147,20.347,20.847,20.796999,20.597,16.345499,58.0,61.0,61.0,61.0,67.0,63.0,95.0,3,winter,66.57142857142857,19.88249971428571
959,1,2024-03-11 23:00:00+00:00,19.147,18.947,19.546999,20.147,19.947,19.947,16.4455,62.0,66.0,65.0,63.0,69.0,65.0,94.0,3,winter,69.14285714285714,19.161071285714286
960,1,2024-03-12 00:00:00+00:00,17.397,17.847,18.697,18.447,18.947,18.796999,15.8455,68.0,73.0,68.0,70.0,71.0,73.0,96.0,3,winter,74.14285714285714,17.99678557142857
961,1,2024-03-12 01:00:00+00:00,16.747,17.046999,17.997,17.347,17.947,17.897,15.5455,70.0,77.0,71.0,73.0,75.0,76.0,96.0,3,winter,76.85714285714286,17.218214142857143
962,1,2024-03-12 02:00:00+00:00,16.047,16.247,16.997,16.247,16.947,17.097,15.3955,74.0,80.0,76.0,75.0,79.0,80.0,96.0,3,winter,80.0,16.42535714285714
963,1,2024-03-12 03:00:00+00:00,15.347,15.396999,15.997,15.997,16.747,16.997,15.7955,77.0,84.0,80.0,76.0,81.0,81.0,94.0,3,winter,81.85714285714286,16.039642714285716
964,1,2024-03-12 04:00:00+00:00,14.597,14.547,15.097,17.046999,17.697,17.997,16.9455,81.0,87.0,83.0,76.0,79.0,79.0,90.0,3,winter,82.14285714285714,16.275357
965,1,2024-03-12 05:00:00+00:00,16.047,16.047,16.647,18.947,19.447,19.697,18.595499,83.0,85.0,82.0,74.0,74.0,76.0,83.0,3,winter,79.57142857142857,17.918214142857146
966,1,2024-03-12 06:00:00+00:00,20.747,20.147,20.747,21.296999,21.397,21.647,21.1955,68.0,70.0,69.0,67.0,68.0,70.0,67.0,3,winter,68.42857142857143,21.025356999999996
967,1,2024-03-12 07:00:00+00:00,23.397,22.897,23.447,23.546999,23.597,23.997,23.7955,57.0,62.0,54.0,60.0,59.0,61.0,56.0,3,winter,58.42857142857143,23.525357000000003
968,1,2024-03-12 08:00:00+00:00,25.497,24.997,25.647,26.046999,26.046999,26.597,26.5455,54.0,57.0,49.0,52.0,49.0,49.0,44.0,3,winter,50.57142857142857,25.911071142857143
969,1,2024-03-12 09:00:00+00:00,27.296999,26.897,27.546999,28.097,28.046999,28.697,28.595499,51.0,51.0,45.0,45.0,40.0,39.0,35.0,3,winter,43.714285714285715,27.88249942857143
970,1,2024-03-12 10:00:00+00:00,28.697,28.497,29.097,29.546999,29.397,30.147,29.7455,45.0,44.0,40.0,39.0,34.0,31.0,30.0,3,winter,37.57142857142857,29.303928428571425
971,1,2024-03-12 11:00:00+00:00,29.296999,29.447,30.247,30.546999,30.247,31.147,30.2955,41.0,39.0,35.0,33.0,29.0,25.0,27.0,3,winter,32.714285714285715,30.175356857142855
972,1,2024-03-12 12:00:00+00:00,30.097,28.897,30.046999,30.647,30.296999,31.097,30.8955,36.0,44.0,37.0,33.0,35.0,23.0,24.0,3,winter,33.142857142857146,30.282499714285713
973,1,2024-03-12 13:00:00+00:00,29.997,28.897,30.447,30.497,30.097,30.647,29.4455,34.0,44.0,28.0,32.0,35.0,24.0,30.0,3,winter,32.42857142857143,30.00392857142857
974,1,2024-03-12 14:00:00+00:00,29.796999,28.897,29.747,29.796999,29.397,29.597,27.095499,35.0,44.0,23.0,34.0,37.0,27.0,41.0,3,winter,34.42857142857143,29.189642428571428
975,1,2024-03-12 15:00:00+00:00,25.247,28.296999,27.546999,28.546999,28.147,28.046999,24.9955,59.0,45.0,30.0,37.0,40.0,32.0,50.0,3,winter,41.857142857142854,27.261070857142858
976,1,2024-03-12 16:00:00+00:00,23.097,25.497,24.147,26.397,26.046999,25.747,23.4955,64.0,56.0,37.0,44.0,44.0,40.0,57.0,3,winter,48.857142857142854,24.918214142857146
977,1,2024-03-12 17:00:00+00:00,21.546999,22.247,21.247,23.647,23.447,22.947,22.2455,71.0,60.0,47.0,53.0,48.0,51.0,63.0,3,winter,56.142857142857146,22.475357
978,1,2024-03-12 18:00:00+00:00,20.397,20.296999,19.046999,20.747,21.397,20.747,18.7955,50.0,55.0,58.0,56.0,52.0,58.0,83.0,3,winter,58.857142857142854,20.203928285714284
979,1,2024-03-12 19:00:00+00:00,18.947,18.947,17.597,19.697,20.397,19.597,17.9955,60.0,63.0,67.0,58.0,54.0,59.0,86.0,3,winter,63.857142857142854,19.025357142857143
980,1,2024-03-12 20:00:00+00:00,18.546999,18.397,17.247,19.197,19.997,19.097,17.3955,64.0,64.0,67.0,57.0,55.0,58.0,87.0,3,winter,64.57142857142857,18.553928428571428
981,1,2024-03-12 21:00:00+00:00,18.097,17.796999,16.747,18.697,19.597,18.697,16.7955,65.0,64.0,66.0,57.0,57.0,57.0,87.0,3,winter,64.71428571428571,18.061071285714288
982,1,2024-03-12 22:00:00+00:00,17.897,17.497,16.347,18.046999,19.046999,18.447,16.1955,65.0,67.0,68.0,60.0,59.0,58.0,86.0,3,winter,66.14285714285714,17.63964257142857
983,1,2024-03-12 23:00:00+00:00,17.697,17.296999,16.097,17.347,18.546999,18.347,15.5955,70.0,72.0,72.0,64.0,62.0,61.0,85.0,3,winter,69.42857142857143,17.275356857142857
984,1,2024-03-13 00:00:00+00:00,16.546999,17.497,16.747,16.897,17.997,17.897,15.195499,77.0,75.0,75.0,69.0,69.0,63.0,92.0,3,winter,74.28571428571429,16.968214
985,1,2024-03-13 01:00:00+00:00,16.447,17.347,16.597,16.296999,17.296999,17.296999,14.4955,79.0,76.0,77.0,72.0,73.0,66.0,91.0,3,winter,76.28571428571429,16.539642428571426
986,1,2024-03-13 02:00:00+00:00,16.247,16.747,16.247,15.697,16.697,16.697,13.7955,79.0,78.0,79.0,75.0,76.0,68.0,89.0,3,winter,77.71428571428571,16.018214285714286
987,1,2024-03-13 03:00:00+00:00,16.047,16.247,15.847,15.797,16.747,16.747,14.0455,80.0,80.0,80.0,76.0,77.0,69.0,85.0,3,winter,78.14285714285714,15.925357142857143
988,1,2024-03-13 04:00:00+00:00,15.847,15.947,15.447,16.997,17.847,17.697,15.8455,81.0,81.0,82.0,73.0,74.0,68.0,79.0,3,winter,76.85714285714286,16.518214285714286
989,1,2024-03-13 05:00:00+00:00,17.597,17.847,17.296999,18.897,19.647,19.296999,18.595499,81.0,80.0,81.0,68.0,69.0,65.0,71.0,3,winter,73.57142857142857,18.45392814285714
990,1,2024-03-13 06:00:00+00:00,21.647,21.647,21.447,21.097,21.647,21.147,22.1955,66.0,65.0,66.0,65.0,63.0,60.0,52.0,3,winter,62.42857142857143,21.54678571428571
991,1,2024-03-13 07:00:00+00:00,24.347,24.197,24.147,23.697,23.947,23.397,24.5455,55.0,56.0,55.0,55.0,55.0,52.0,43.0,3,winter,53.0,24.03964285714286
992,1,2024-03-13 08:00:00+00:00,26.697,26.497,26.597,26.497,26.397,25.947,26.8955,46.0,48.0,45.0,42.0,46.0,41.0,32.0,3,winter,42.857142857142854,26.50392857142857
993,1,2024-03-13 09:00:00+00:00,28.697,28.347,28.546999,28.697,28.397,27.997,28.6955,38.0,42.0,37.0,32.0,38.0,33.0,25.0,3,winter,35.0,28.482499857142862
994,1,2024-03-13 10:00:00+00:00,30.097,29.697,29.796999,29.897,29.697,29.296999,29.6955,28.0,35.0,30.0,26.0,30.0,28.0,22.0,3,winter,28.428571428571427,29.739642571428572
995,1,2024-03-13 11:00:00+00:00,30.747,30.447,30.296999,30.447,30.546999,30.046999,30.095499,23.0,29.0,27.0,22.0,23.0,26.0,23.0,3,winter,24.714285714285715,30.375356571428572
996,1,2024-03-13 12:00:00+00:00,30.947,30.647,30.597,30.697,30.697,29.897,29.1955,21.0,30.0,26.0,20.0,22.0,25.0,28.0,3,winter,24.571428571428573,30.3825
997,1,2024-03-13 13:00:00+00:00,30.597,30.247,30.247,30.147,30.247,29.497,28.095499,21.0,28.0,24.0,21.0,24.0,27.0,34.0,3,winter,25.571428571428573,29.868214142857145
998,1,2024-03-13 14:00:00+00:00,29.796999,29.497,29.347,29.046999,29.247,28.597,26.1455,21.0,23.0,23.0,25.0,29.0,32.0,42.0,3,winter,27.857142857142858,28.811071142857145
999,1,2024-03-13 15:00:00+00:00,27.947,27.497,27.296999,27.397,27.847,27.247,24.095499,27.0,27.0,32.0,31.0,33.0,36.0,50.0,3,winter,33.714285714285715,27.046785428571432
1000,1,2024-03-13 16:00:00+00:00,24.947,24.497,23.997,24.897,25.796999,25.197,21.7455,37.0,35.0,39.0,39.0,36.0,40.0,55.0,3,winter,40.142857142857146,24.439642714285714
1001,1,2024-03-13 17:00:00+00:00,22.296999,21.847,20.947,21.897,23.296999,22.697,19.2955,48.0,46.0,50.0,49.0,39.0,44.0,58.0,3,winter,47.714285714285715,21.753928285714288
1002,1,2024-03-13 18:00:00+00:00,21.697,20.597,19.747,20.097,21.247,20.647,17.8955,57.0,53.0,59.0,60.0,43.0,48.0,58.0,3,winter,54.0,20.275357142857143
1003,1,2024-03-13 19:00:00+00:00,20.697,19.697,18.847,19.197,19.897,19.447,17.2955,63.0,62.0,65.0,63.0,50.0,52.0,60.0,3,winter,59.285714285714285,19.296785714285715
1004,1,2024-03-13 20:00:00+00:00,19.747,19.097,18.447,18.997,18.947,18.647,17.4455,68.0,64.0,66.0,64.0,58.0,57.0,62.0,3,winter,62.714285714285715,18.76107142857143
1005,1,2024-03-13 21:00:00+00:00,19.247,18.897,17.897,18.847,18.247,18.046999,17.4955,69.0,62.0,67.0,65.0,64.0,61.0,64.0,3,winter,64.57142857142857,18.382499857142857
1006,1,2024-03-13 22:00:00+00:00,19.147,18.447,17.546999,18.647,17.947,17.546999,17.2455,70.0,65.0,68.0,66.0,66.0,64.0,67.0,3,winter,66.57142857142857,18.075356857142854
1007,1,2024-03-13 23:00:00+00:00,18.847,18.296999,17.296999,18.546999,17.947,17.247,16.9455,71.0,70.0,68.0,66.0,67.0,67.0,70.0,3,winter,68.42857142857143,17.875356714285715
1008,1,2024-03-14 00:00:00+00:00,17.796999,18.147,17.997,17.597,18.347,17.296999,18.3955,78.0,71.0,70.0,72.0,69.0,72.0,69.0,3,winter,71.57142857142857,17.93964257142857
1009,1,2024-03-14 01:00:00+00:00,17.447,17.697,17.897,16.947,17.747,16.546999,18.2455,80.0,74.0,72.0,76.0,72.0,75.0,69.0,3,winter,74.0,17.50392842857143
1010,1,2024-03-14 02:00:00+00:00,17.097,17.296999,17.546999,16.296999,17.097,15.847,17.845499,82.0,77.0,75.0,79.0,75.0,78.0,69.0,3,winter,76.42857142857143,17.003928000000002
1011,1,2024-03-14 03:00:00+00:00,16.796999,16.947,17.296999,16.397,17.097,15.896999,17.9455,84.0,80.0,78.0,80.0,75.0,78.0,67.0,3,winter,77.42857142857143,16.911071
1012,1,2024-03-14 04:00:00+00:00,16.597,16.647,16.897,17.697,18.247,17.247,19.0455,85.0,83.0,81.0,78.0,72.0,75.0,64.0,3,winter,76.85714285714286,17.482499999999998
1013,1,2024-03-14 05:00:00+00:00,18.497,18.497,18.597,19.747,20.097,19.347,20.6455,84.0,82.0,81.0,75.0,67.0,71.0,59.0,3,winter,74.14285714285714,19.346785714285716
1014,1,2024-03-14 06:00:00+00:00,21.947,22.197,22.447,21.747,22.147,21.597,22.2955,70.0,70.0,67.0,69.0,61.0,64.0,57.0,3,winter,65.42857142857143,22.05392857142857
1015,1,2024-03-14 07:00:00+00:00,24.546999,24.697,24.897,24.097,24.397,23.947,24.6955,59.0,61.0,58.0,61.0,53.0,54.0,49.0,3,winter,56.42857142857143,24.468214142857143
1016,1,2024-03-14 08:00:00+00:00,26.697,26.697,27.046999,26.546999,26.847,26.397,27.1455,53.0,53.0,51.0,51.0,43.0,42.0,40.0,3,winter,47.57142857142857,26.768214
1017,1,2024-03-14 09:00:00+00:00,28.247,28.296999,28.897,28.546999,28.747,28.347,29.0455,48.0,46.0,44.0,43.0,35.0,32.0,33.0,3,winter,40.142857142857146,28.589642571428577
1018,1,2024-03-14 10:00:00+00:00,29.397,29.497,30.147,29.796999,29.897,29.597,30.2955,43.0,41.0,38.0,37.0,31.0,27.0,27.0,3,winter,34.857142857142854,29.803928428571428
1019,1,2024-03-14 11:00:00+00:00,29.847,30.397,30.947,30.546999,30.497,30.296999,31.0455,40.0,36.0,35.0,33.0,29.0,24.0,23.0,3,winter,31.428571428571427,30.511071142857144
1020,1,2024-03-14 12:00:00+00:00,29.997,30.647,31.046999,30.897,30.997,31.197,30.8955,36.0,32.0,31.0,30.0,26.0,21.0,26.0,3,winter,28.857142857142858,30.811071285714284
1021,1,2024-03-14 13:00:00+00:00,29.997,29.997,30.796999,30.597,30.546999,30.947,29.8955,34.0,30.0,29.0,30.0,27.0,22.0,31.0,3,winter,29.0,30.39678542857143
1022,1,2024-03-14 14:00:00+00:00,29.247,29.296999,30.097,29.796999,29.497,30.147,28.095499,34.0,34.0,30.0,32.0,30.0,25.0,40.0,3,winter,32.142857142857146,29.45392814285714
1023,1,2024-03-14 15:00:00+00:00,26.997,25.497,28.447,28.497,28.097,28.847,26.1955,47.0,56.0,40.0,36.0,34.0,30.0,48.0,3,winter,41.57142857142857,27.51107142857143
1024,1,2024-03-14 16:00:00+00:00,23.447,23.046999,25.847,26.296999,26.046999,26.546999,24.095499,66.0,66.0,50.0,44.0,41.0,38.0,54.0,3,winter,51.285714285714285,25.046785
1025,1,2024-03-14 17:00:00+00:00,21.747,21.447,23.647,23.597,23.597,23.647,21.8955,77.0,77.0,57.0,54.0,49.0,48.0,60.0,3,winter,60.285714285714285,22.796785714285715
1026,1,2024-03-14 18:00:00+00:00,20.897,21.197,22.747,21.847,21.747,21.546999,21.1955,81.0,82.0,66.0,60.0,55.0,56.0,60.0,3,winter,65.71428571428571,21.59678557142857
1027,1,2024-03-14 19:00:00+00:00,20.697,20.546999,21.647,20.897,21.097,20.847,19.6455,83.0,84.0,72.0,63.0,59.0,58.0,62.0,3,winter,68.71428571428571,20.768214142857143
1028,1,2024-03-14 20:00:00+00:00,20.447,20.097,21.247,20.497,21.046999,20.897,18.2455,84.0,86.0,71.0,65.0,61.0,58.0,63.0,3,winter,69.71428571428571,20.35392842857143
1029,1,2024-03-14 21:00:00+00:00,19.997,19.546999,20.147,20.147,20.947,20.897,17.4955,83.0,87.0,71.0,66.0,62.0,58.0,64.0,3,winter,70.14285714285714,19.882499857142854
1030,1,2024-03-14 22:00:00+00:00,18.997,18.747,19.397,19.697,20.647,20.546999,17.9455,86.0,89.0,71.0,69.0,62.0,61.0,64.0,3,winter,71.71428571428571,19.425356999999998
1031,1,2024-03-14 23:00:00+00:00,17.897,18.147,19.046999,19.296999,20.347,20.097,18.9955,88.0,87.0,72.0,71.0,62.0,65.0,65.0,3,winter,72.85714285714286,19.118214
1032,1,2024-03-15 00:00:00+00:00,17.147,18.046999,18.197,18.847,19.497,19.097,17.845499,89.0,81.0,82.0,75.0,71.0,54.0,71.0,3,winter,74.71428571428571,18.38249971428571
1033,1,2024-03-15 01:00:00+00:00,16.597,17.597,17.847,18.247,18.796999,18.197,17.845499,84.0,82.0,82.0,78.0,74.0,60.0,72.0,3,winter,76.0,17.875356857142858
1034,1,2024-03-15 02:00:00+00:00,16.197,17.296999,17.597,17.597,17.997,17.347,17.8955,83.0,83.0,84.0,82.0,78.0,68.0,71.0,3,winter,78.42857142857143,17.418214142857146
1035,1,2024-03-15 03:00:00+00:00,15.847,16.847,17.197,17.597,17.897,17.247,18.4455,84.0,82.0,85.0,83.0,79.0,72.0,69.0,3,winter,79.14285714285714,17.29678571428571
1036,1,2024-03-15 04:00:00+00:00,15.597,16.447,16.747,18.597,18.897,18.447,19.6955,84.0,81.0,85.0,80.0,77.0,71.0,65.0,3,winter,77.57142857142857,17.775357142857143
1037,1,2024-03-15 05:00:00+00:00,17.447,17.997,18.497,20.247,20.597,20.447,21.4455,81.0,80.0,82.0,74.0,74.0,67.0,59.0,3,winter,73.85714285714286,19.525357142857143
1038,1,2024-03-15 06:00:00+00:00,21.097,21.597,21.897,22.046999,22.546999,22.546999,23.3955,67.0,65.0,65.0,66.0,68.0,61.0,51.0,3,winter,63.285714285714285,22.161071
1039,1,2024-03-15 07:00:00+00:00,24.097,24.147,24.647,24.447,24.747,24.796999,25.595499,54.0,55.0,55.0,57.0,59.0,54.0,43.0,3,winter,53.857142857142854,24.63964257142857
1040,1,2024-03-15 08:00:00+00:00,26.247,26.347,27.147,27.097,27.197,27.147,27.9455,47.0,46.0,45.0,46.0,48.0,46.0,35.0,3,winter,44.714285714285715,27.018214285714286
1041,1,2024-03-15 09:00:00+00:00,27.796999,28.147,28.997,29.197,29.147,28.997,29.7955,42.0,38.0,37.0,37.0,39.0,39.0,29.0,3,winter,37.285714285714285,28.86821414285714
1042,1,2024-03-15 10:00:00+00:00,28.796999,29.397,30.247,30.497,30.397,30.197,30.9455,39.0,32.0,32.0,31.0,33.0,34.0,26.0,3,winter,32.42857142857143,30.068214142857148
1043,1,2024-03-15 11:00:00+00:00,29.647,30.097,30.897,31.247,31.097,30.897,31.595499,34.0,29.0,28.0,28.0,30.0,29.0,25.0,3,winter,29.0,30.782499857142852
1044,1,2024-03-15 12:00:00+00:00,29.897,30.347,30.847,31.397,31.296999,30.997,31.9955,33.0,26.0,30.0,24.0,24.0,28.0,24.0,3,winter,27.0,30.96821414285714
1045,1,2024-03-15 13:00:00+00:00,29.647,29.897,30.397,30.997,30.997,30.697,30.6955,33.0,29.0,30.0,26.0,25.0,28.0,29.0,3,winter,28.571428571428573,30.475357142857145
1046,1,2024-03-15 14:00:00+00:00,28.796999,29.097,29.597,29.997,30.097,29.947,28.4955,34.0,33.0,33.0,30.0,29.0,31.0,37.0,3,winter,32.42857142857143,29.432499857142858
1047,1,2024-03-15 15:00:00+00:00,27.546999,27.897,28.247,28.647,28.747,28.697,26.4955,35.0,36.0,38.0,35.0,35.0,34.0,44.0,3,winter,36.714285714285715,28.039642714285712
1048,1,2024-03-15 16:00:00+00:00,25.097,24.947,25.497,26.697,26.497,26.697,24.8955,40.0,45.0,45.0,40.0,43.0,39.0,47.0,3,winter,42.714285714285715,25.76107142857143
1049,1,2024-03-15 17:00:00+00:00,23.097,22.897,23.647,24.347,23.697,24.247,23.4455,43.0,53.0,51.0,46.0,52.0,44.0,49.0,3,winter,48.285714285714285,23.625357142857148
1050,1,2024-03-15 18:00:00+00:00,21.647,21.296999,22.347,22.796999,21.597,22.397,20.3955,48.0,57.0,53.0,48.0,59.0,49.0,48.0,3,winter,51.714285714285715,21.782499714285713
1051,1,2024-03-15 19:00:00+00:00,20.997,20.847,21.546999,22.046999,20.796999,21.697,19.7955,51.0,53.0,53.0,51.0,60.0,52.0,53.0,3,winter,53.285714285714285,21.103928142857143
1052,1,2024-03-15 20:00:00+00:00,20.597,20.847,20.697,21.796999,20.697,21.597,19.6955,51.0,51.0,56.0,53.0,59.0,53.0,59.0,3,winter,54.57142857142857,20.846785571428573
1053,1,2024-03-15 21:00:00+00:00,20.147,20.397,20.296999,21.497,20.546999,21.347,19.4955,53.0,54.0,57.0,56.0,58.0,54.0,64.0,3,winter,56.57142857142857,20.532499714285713
1054,1,2024-03-15 22:00:00+00:00,19.497,19.497,19.847,20.847,20.197,20.647,18.8955,57.0,60.0,59.0,59.0,60.0,55.0,68.0,3,winter,59.714285714285715,19.91821428571429
1055,1,2024-03-15 23:00:00+00:00,18.997,19.046999,19.447,20.147,19.897,19.847,18.1955,61.0,63.0,61.0,63.0,63.0,55.0,71.0,3,winter,62.42857142857143,19.368214142857145
1056,1,2024-03-16 00:00:00+00:00,18.147,18.647,18.546999,19.147,19.046999,19.647,17.595499,65.0,66.0,62.0,67.0,70.0,66.0,73.0,3,winter,67.0,18.68249957142857
1057,1,2024-03-16 01:00:00+00:00,17.296999,18.247,17.697,18.296999,18.247,18.847,16.9455,69.0,68.0,65.0,70.0,74.0,68.0,74.0,3,winter,69.71428571428571,17.93964257142857
1058,1,2024-03-16 02:00:00+00:00,16.597,17.497,16.796999,17.497,17.497,17.997,16.3955,73.0,71.0,68.0,72.0,77.0,70.0,73.0,3,winter,72.0,17.182499857142858
1059,1,2024-03-16 03:00:00+00:00,16.047,16.847,16.147,17.397,17.447,17.847,16.6955,76.0,73.0,70.0,72.0,78.0,70.0,71.0,3,winter,72.85714285714286,16.918214285714285
1060,1,2024-03-16 04:00:00+00:00,15.497,16.197,15.646999,18.347,18.546999,18.747,18.2955,78.0,76.0,73.0,70.0,76.0,69.0,66.0,3,winter,72.57142857142857,17.325356857142857
1061,1,2024-03-16 05:00:00+00:00,17.397,17.796999,17.247,19.997,20.347,20.397,20.6455,77.0,77.0,75.0,67.0,71.0,66.0,59.0,3,winter,70.28571428571429,19.11821414285714
1062,1,2024-03-16 06:00:00+00:00,21.247,21.447,20.847,21.847,22.397,22.296999,23.095499,61.0,59.0,62.0,60.0,64.0,61.0,52.0,3,winter,59.857142857142854,21.88249971428571
1063,1,2024-03-16 07:00:00+00:00,24.046999,24.397,23.597,24.197,24.747,24.647,25.595499,49.0,45.0,53.0,51.0,54.0,52.0,43.0,3,winter,49.57142857142857,24.461071142857143
1064,1,2024-03-16 08:00:00+00:00,26.447,26.897,26.197,26.796999,27.347,27.247,28.1955,43.0,38.0,47.0,41.0,42.0,41.0,33.0,3,winter,40.714285714285715,27.018214142857147
1065,1,2024-03-16 09:00:00+00:00,28.497,28.997,28.347,28.947,29.447,29.347,30.1955,36.0,31.0,40.0,32.0,32.0,32.0,26.0,3,winter,32.714285714285715,29.11107142857143
1066,1,2024-03-16 10:00:00+00:00,30.097,30.447,29.796999,30.247,30.747,30.647,31.3955,32.0,25.0,33.0,27.0,26.0,28.0,22.0,3,winter,27.571428571428573,30.48249985714285
1067,1,2024-03-16 11:00:00+00:00,30.897,31.197,30.597,31.046999,31.546999,31.447,31.9455,29.0,21.0,28.0,24.0,23.0,26.0,19.0,3,winter,24.285714285714285,31.239642571428572
1068,1,2024-03-16 12:00:00+00:00,30.747,31.347,31.046999,31.497,31.697,31.597,32.195503,27.0,18.0,25.0,23.0,22.0,24.0,22.0,3,winter,23.0,31.446786
1069,1,2024-03-16 13:00:00+00:00,30.747,30.947,31.046999,31.597,31.597,31.447,31.4455,25.0,19.0,22.0,22.0,22.0,25.0,24.0,3,winter,22.714285714285715,31.261071285714287
1070,1,2024-03-16 14:00:00+00:00,30.197,30.147,30.347,31.197,30.997,30.796999,29.9955,21.0,20.0,20.0,21.0,25.0,27.0,27.0,3,winter,23.0,30.525356999999996
1071,1,2024-03-16 15:00:00+00:00,28.147,28.397,28.497,30.097,29.647,29.597,28.2955,27.0,25.0,27.0,24.0,28.0,31.0,31.0,3,winter,27.571428571428573,28.953928571428573
1072,1,2024-03-16 16:00:00+00:00,24.147,25.147,25.197,27.647,26.997,27.397,26.2455,35.0,32.0,37.0,31.0,32.0,35.0,35.0,3,winter,33.857142857142854,26.111071428571424
1073,1,2024-03-16 17:00:00+00:00,21.097,22.147,22.847,24.447,23.597,24.647,23.9455,42.0,40.0,43.0,41.0,38.0,41.0,40.0,3,winter,40.714285714285715,23.246785714285718
1074,1,2024-03-16 18:00:00+00:00,20.647,20.447,20.847,21.147,20.897,22.497,22.4955,48.0,49.0,50.0,52.0,43.0,46.0,52.0,3,winter,48.57142857142857,21.2825
1075,1,2024-03-16 19:00:00+00:00,19.546999,19.247,20.046999,20.197,19.647,21.597,20.9455,58.0,57.0,56.0,54.0,49.0,51.0,55.0,3,winter,54.285714285714285,20.175356857142862
1076,1,2024-03-16 20:00:00+00:00,18.796999,19.097,19.796999,19.947,19.097,21.296999,19.5455,65.0,58.0,57.0,53.0,55.0,55.0,57.0,3,winter,57.142857142857146,19.653928142857144
1077,1,2024-03-16 21:00:00+00:00,18.447,18.597,19.046999,19.697,18.697,20.997,18.7955,66.0,58.0,58.0,54.0,60.0,59.0,58.0,3,winter,59.0,19.182499857142858
1078,1,2024-03-16 22:00:00+00:00,18.197,18.097,18.397,19.097,18.247,20.497,19.2455,64.0,60.0,61.0,57.0,63.0,62.0,56.0,3,winter,60.42857142857143,18.825357142857143
1079,1,2024-03-16 23:00:00+00:00,17.897,17.397,17.697,18.397,17.897,19.997,20.2955,63.0,63.0,65.0,61.0,66.0,64.0,53.0,3,winter,62.142857142857146,18.511071428571427
1080,1,2024-03-17 00:00:00+00:00,17.097,16.197,15.797,17.597,17.546999,18.897,17.4955,66.0,68.0,69.0,65.0,66.0,69.0,64.0,3,winter,66.71428571428571,17.23249985714285
1081,1,2024-03-17 01:00:00+00:00,16.497,15.497,15.047,16.546999,16.947,17.997,17.0455,71.0,73.0,73.0,71.0,69.0,73.0,66.0,3,winter,70.85714285714286,16.511071285714287
1082,1,2024-03-17 02:00:00+00:00,15.747,14.797,14.347,15.447,16.296999,16.997,16.9455,77.0,78.0,77.0,78.0,74.0,78.0,65.0,3,winter,75.28571428571429,15.79678557142857
1083,1,2024-03-17 03:00:00+00:00,14.697,14.247,14.047,15.297,16.347,16.847,17.595499,84.0,81.0,79.0,81.0,76.0,79.0,62.0,3,winter,77.42857142857143,15.582499857142858
1084,1,2024-03-17 04:00:00+00:00,13.947,13.947,13.896999,16.647,17.497,18.097,19.2455,89.0,84.0,81.0,80.0,76.0,77.0,58.0,3,winter,77.85714285714286,16.182499857142858
1085,1,2024-03-17 05:00:00+00:00,16.247,16.397,16.296999,18.897,19.397,20.247,21.5455,87.0,81.0,80.0,75.0,73.0,71.0,51.0,3,winter,74.0,18.432499857142854
1086,1,2024-03-17 06:00:00+00:00,20.796999,21.097,20.747,20.897,21.597,22.546999,23.1955,71.0,68.0,68.0,67.0,68.0,64.0,47.0,3,winter,64.71428571428571,21.553928285714285
1087,1,2024-03-17 07:00:00+00:00,23.796999,24.197,23.897,23.497,24.247,25.046999,25.6455,62.0,58.0,58.0,60.0,58.0,53.0,38.0,3,winter,55.285714285714285,24.332499714285714
1088,1,2024-03-17 08:00:00+00:00,26.347,26.796999,26.397,26.147,27.197,27.697,28.0455,55.0,51.0,52.0,52.0,46.0,39.0,29.0,3,winter,46.285714285714285,26.94678557142857
1089,1,2024-03-17 09:00:00+00:00,28.347,29.046999,28.597,28.347,29.497,29.847,29.8955,46.0,40.0,43.0,44.0,36.0,29.0,22.0,3,winter,37.142857142857146,29.082499857142857
1090,1,2024-03-17 10:00:00+00:00,29.747,30.447,30.147,29.847,30.847,31.147,31.1455,35.0,29.0,33.0,36.0,29.0,24.0,18.0,3,winter,29.142857142857142,30.475357142857145
1091,1,2024-03-17 11:00:00+00:00,30.296999,31.097,31.097,30.796999,31.597,31.947,31.8955,30.0,25.0,27.0,29.0,25.0,21.0,17.0,3,winter,24.857142857142858,31.246785428571428
1092,1,2024-03-17 12:00:00+00:00,30.497,30.997,31.447,30.997,31.947,32.097,31.8955,26.0,26.0,23.0,29.0,24.0,21.0,19.0,3,winter,24.0,31.41107142857143
1093,1,2024-03-17 13:00:00+00:00,30.447,30.897,31.397,30.997,31.897,31.897,30.7955,26.0,25.0,22.0,26.0,24.0,22.0,24.0,3,winter,24.142857142857142,31.189642857142854
1094,1,2024-03-17 14:00:00+00:00,30.046999,30.497,30.997,30.546999,31.347,31.147,28.9955,27.0,27.0,24.0,25.0,25.0,25.0,32.0,3,winter,26.428571428571427,30.51107114285714
1095,1,2024-03-17 15:00:00+00:00,28.847,29.747,30.046999,29.247,30.046999,29.847,27.095499,31.0,28.0,25.0,26.0,27.0,29.0,38.0,3,winter,29.142857142857142,29.268213857142857
1096,1,2024-03-17 16:00:00+00:00,24.897,27.546999,26.997,26.447,27.347,27.497,25.095499,51.0,38.0,42.0,33.0,31.0,32.0,42.0,3,winter,38.42857142857143,26.546785428571432
1097,1,2024-03-17 17:00:00+00:00,22.497,22.747,23.247,22.796999,23.947,24.597,22.9955,69.0,45.0,46.0,43.0,36.0,36.0,44.0,3,winter,45.57142857142857,23.261071285714284
1098,1,2024-03-17 18:00:00+00:00,20.897,21.847,21.197,20.796999,21.347,22.197,20.8955,72.0,59.0,49.0,43.0,41.0,40.0,54.0,3,winter,51.142857142857146,21.311071285714288
1099,1,2024-03-17 19:00:00+00:00,19.147,21.347,19.897,19.597,20.447,20.897,20.345499,79.0,59.0,58.0,49.0,47.0,46.0,54.0,3,winter,56.0,20.23964271428571
1100,1,2024-03-17 20:00:00+00:00,18.546999,19.097,18.647,19.197,20.397,20.097,20.4455,76.0,65.0,56.0,54.0,53.0,53.0,52.0,3,winter,58.42857142857143,19.489642714285715
1101,1,2024-03-17 21:00:00+00:00,18.897,18.147,17.997,18.796999,20.347,19.597,20.1955,64.0,62.0,57.0,59.0,58.0,59.0,52.0,3,winter,58.714285714285715,19.139642714285717
1102,1,2024-03-17 22:00:00+00:00,17.897,17.197,17.447,18.197,19.947,19.347,18.9955,71.0,65.0,65.0,64.0,62.0,63.0,58.0,3,winter,64.0,18.4325
1103,1,2024-03-17 23:00:00+00:00,16.647,16.747,17.147,17.647,19.546999,19.296999,17.4955,81.0,72.0,74.0,68.0,66.0,66.0,66.0,3,winter,70.42857142857143,17.78964257142857
1104,1,2024-03-18 00:00:00+00:00,15.597,17.147,16.097,17.247,18.447,19.347,18.1955,87.0,78.0,83.0,77.0,68.0,68.0,66.0,3,winter,75.28571428571429,17.439642857142857
1105,1,2024-03-18 01:00:00+00:00,15.247,16.947,16.097,16.697,17.546999,18.597,17.345499,88.0,80.0,85.0,80.0,72.0,72.0,70.0,3,winter,78.14285714285714,16.92535685714286
1106,1,2024-03-18 02:00:00+00:00,14.997,16.597,15.947,16.097,16.747,17.747,16.0455,89.0,83.0,86.0,82.0,76.0,76.0,75.0,3,winter,81.0,16.311071428571427
1107,1,2024-03-18 03:00:00+00:00,14.847,16.296999,15.747,16.247,16.697,17.647,15.8955,89.0,84.0,87.0,82.0,77.0,78.0,75.0,3,winter,81.71428571428571,16.19678557142857
1108,1,2024-03-18 04:00:00+00:00,14.797,16.147,15.597,17.447,17.897,18.697,17.7455,90.0,86.0,87.0,80.0,75.0,76.0,68.0,3,winter,80.28571428571429,16.90392857142857
1109,1,2024-03-18 05:00:00+00:00,17.247,18.296999,18.046999,19.397,19.847,20.497,20.6955,87.0,83.0,82.0,77.0,71.0,72.0,57.0,3,winter,75.57142857142857,19.14678542857143
1110,1,2024-03-18 06:00:00+00:00,21.597,22.046999,22.097,21.897,22.046999,22.546999,23.1955,75.0,68.0,70.0,69.0,65.0,65.0,50.0,3,winter,66.0,22.203928142857144
1111,1,2024-03-18 07:00:00+00:00,24.097,24.697,24.897,24.447,24.597,24.997,25.6455,64.0,60.0,59.0,60.0,57.0,54.0,42.0,3,winter,56.57142857142857,24.76821428571429
1112,1,2024-03-18 08:00:00+00:00,26.347,27.097,27.397,27.147,27.347,27.647,27.9955,56.0,52.0,51.0,49.0,47.0,41.0,34.0,3,winter,47.142857142857146,27.2825
1113,1,2024-03-18 09:00:00+00:00,28.046999,28.897,29.247,29.347,29.546999,29.796999,29.7955,51.0,45.0,45.0,40.0,38.0,31.0,28.0,3,winter,39.714285714285715,29.239642428571432
1114,1,2024-03-18 10:00:00+00:00,29.397,30.147,30.546999,30.796999,30.947,31.097,30.8955,44.0,40.0,37.0,32.0,32.0,26.0,24.0,3,winter,33.57142857142857,30.54678542857143
1115,1,2024-03-18 11:00:00+00:00,29.997,30.947,31.497,31.697,31.747,31.796999,31.4455,38.0,34.0,29.0,25.0,28.0,24.0,23.0,3,winter,28.714285714285715,31.303928428571428
1116,1,2024-03-18 12:00:00+00:00,30.097,30.947,31.796999,32.447002,32.047,32.297,31.2955,38.0,32.0,22.0,20.0,20.0,22.0,23.0,3,winter,25.285714285714285,31.561071571428567
1117,1,2024-03-18 13:00:00+00:00,30.247,30.847,31.597,32.347,31.997,32.197002,30.2955,36.0,31.0,22.0,19.0,19.0,21.0,28.0,3,winter,25.142857142857142,31.361071714285718
1118,1,2024-03-18 14:00:00+00:00,29.847,30.447,30.947,31.697,31.497,31.597,28.595499,34.0,32.0,24.0,21.0,21.0,23.0,35.0,3,winter,27.142857142857142,30.661071285714286
1119,1,2024-03-18 15:00:00+00:00,28.497,29.447,29.697,30.347,30.247,30.347,26.7955,41.0,34.0,30.0,26.0,25.0,26.0,40.0,3,winter,31.714285714285715,29.33964285714286
1120,1,2024-03-18 16:00:00+00:00,25.796999,26.296999,25.947,27.847,27.697,27.947,24.9455,49.0,47.0,42.0,34.0,30.0,33.0,42.0,3,winter,39.57142857142857,26.639642571428574
1121,1,2024-03-18 17:00:00+00:00,24.046999,23.347,22.897,24.697,24.397,24.847,22.9455,52.0,53.0,47.0,44.0,37.0,43.0,42.0,3,winter,45.42857142857143,23.882499857142857
1122,1,2024-03-18 18:00:00+00:00,22.847,22.046999,22.397,22.546999,21.697,22.497,22.4955,64.0,54.0,55.0,49.0,44.0,51.0,39.0,3,winter,50.857142857142854,22.36107114285714
1123,1,2024-03-18 19:00:00+00:00,21.497,21.247,21.546999,21.197,20.247,21.546999,20.7455,66.0,60.0,63.0,54.0,50.0,54.0,44.0,3,winter,55.857142857142854,21.14678542857143
1124,1,2024-03-18 20:00:00+00:00,20.247,20.697,21.147,20.397,19.397,21.296999,18.9955,71.0,64.0,63.0,59.0,56.0,56.0,51.0,3,winter,60.0,20.311071285714284
1125,1,2024-03-18 21:00:00+00:00,19.447,19.847,19.497,19.847,18.747,21.097,17.595499,73.0,67.0,67.0,63.0,62.0,57.0,57.0,3,winter,63.714285714285715,19.439642714285714
1126,1,2024-03-18 22:00:00+00:00,19.046999,19.397,18.747,19.597,18.197,20.796999,16.7955,76.0,68.0,70.0,66.0,68.0,59.0,61.0,3,winter,66.85714285714286,18.93964257142857
1127,1,2024-03-18 23:00:00+00:00,18.447,18.847,18.347,19.546999,17.796999,20.546999,16.3955,81.0,72.0,72.0,68.0,73.0,62.0,64.0,3,winter,70.28571428571429,18.561071
1128,1,2024-03-19 00:00:00+00:00,17.347,15.847,16.647,19.097,17.947,19.647,18.7955,86.0,91.0,81.0,67.0,75.0,67.0,65.0,3,winter,76.0,17.903928571428573
1129,1,2024-03-19 01:00:00+00:00,16.947,15.447,16.097,18.197,17.397,18.747,18.2955,89.0,89.0,85.0,71.0,79.0,71.0,68.0,3,winter,78.85714285714286,17.303928571428575
1130,1,2024-03-19 02:00:00+00:00,16.647,15.347,15.847,16.997,16.897,17.747,17.595499,91.0,88.0,88.0,76.0,82.0,75.0,71.0,3,winter,81.57142857142857,16.725357
1131,1,2024-03-19 03:00:00+00:00,16.497,15.247,15.597,16.747,17.147,17.546999,17.6455,91.0,90.0,90.0,79.0,83.0,77.0,71.0,3,winter,83.0,16.632499857142854
1132,1,2024-03-19 04:00:00+00:00,16.447,15.146999,15.347,18.046999,18.546999,18.697,18.9955,91.0,93.0,91.0,78.0,80.0,75.0,67.0,3,winter,82.14285714285714,17.318213857142858
1133,1,2024-03-19 05:00:00+00:00,18.847,17.697,17.997,20.296999,20.747,20.697,21.1455,85.0,89.0,86.0,73.0,74.0,69.0,60.0,3,winter,76.57142857142857,19.632499857142857
1134,1,2024-03-19 06:00:00+00:00,22.347,22.197,22.097,22.597,22.997,22.847,23.3955,71.0,73.0,71.0,66.0,67.0,63.0,52.0,3,winter,66.14285714285714,22.639642857142857
1135,1,2024-03-19 07:00:00+00:00,24.796999,24.647,25.046999,24.947,25.397,25.247,25.845499,60.0,62.0,61.0,59.0,58.0,55.0,44.0,3,winter,57.0,25.13249957142857
1136,1,2024-03-19 08:00:00+00:00,26.947,26.697,27.197,27.397,27.947,27.847,28.3955,53.0,54.0,53.0,51.0,47.0,46.0,36.0,3,winter,48.57142857142857,27.489642857142858
1137,1,2024-03-19 09:00:00+00:00,28.796999,28.296999,28.747,29.296999,29.897,29.897,30.3955,47.0,48.0,47.0,44.0,39.0,38.0,29.0,3,winter,41.714285714285715,29.33249957142857
1138,1,2024-03-19 10:00:00+00:00,30.296999,29.497,29.647,30.497,31.046999,31.197,31.595499,40.0,41.0,41.0,39.0,34.0,33.0,25.0,3,winter,36.142857142857146,30.53964242857143
1139,1,2024-03-19 11:00:00+00:00,31.147,30.447,30.546999,31.247,31.647,31.947,32.245502,35.0,37.0,38.0,35.0,31.0,29.0,23.0,3,winter,32.57142857142857,31.31821442857143
1140,1,2024-03-19 12:00:00+00:00,30.997,30.397,30.597,31.497,31.447,31.796999,32.195503,34.0,37.0,36.0,33.0,31.0,28.0,23.0,3,winter,31.714285714285715,31.27535742857143
1141,1,2024-03-19 13:00:00+00:00,30.847,30.397,30.747,31.347,31.296999,31.747,31.2955,35.0,38.0,37.0,32.0,31.0,28.0,26.0,3,winter,32.42857142857143,31.096785571428573
1142,1,2024-03-19 14:00:00+00:00,29.347,29.497,30.296999,30.697,30.796999,31.247,29.7455,38.0,39.0,37.0,33.0,33.0,29.0,32.0,3,winter,34.42857142857143,30.232499714285716
1143,1,2024-03-19 15:00:00+00:00,27.147,25.747,29.497,29.497,29.697,30.197,27.7955,48.0,55.0,39.0,35.0,36.0,32.0,38.0,3,winter,40.42857142857143,28.511071428571427
1144,1,2024-03-19 16:00:00+00:00,22.796999,22.497,26.847,27.447,27.697,28.147,25.345499,72.0,74.0,52.0,40.0,41.0,36.0,43.0,3,winter,51.142857142857146,25.825356857142854
1145,1,2024-03-19 17:00:00+00:00,21.897,21.197,23.546999,24.847,25.097,25.497,22.4955,77.0,82.0,66.0,48.0,46.0,41.0,47.0,3,winter,58.142857142857146,23.511071285714284
1146,1,2024-03-19 18:00:00+00:00,21.697,21.497,21.647,22.347,22.897,23.197,22.1955,74.0,85.0,77.0,55.0,52.0,46.0,48.0,3,winter,62.42857142857143,22.211071428571433
1147,1,2024-03-19 19:00:00+00:00,20.447,20.997,21.247,20.897,21.347,21.497,20.6455,79.0,86.0,79.0,60.0,57.0,51.0,53.0,3,winter,66.42857142857143,21.011071428571427
1148,1,2024-03-19 20:00:00+00:00,20.046999,20.147,20.197,19.947,20.197,20.097,19.345499,82.0,88.0,86.0,65.0,62.0,56.0,59.0,3,winter,71.14285714285714,19.996785428571428
1149,1,2024-03-19 21:00:00+00:00,19.697,19.447,19.546999,19.247,19.247,19.046999,18.4955,84.0,88.0,88.0,68.0,66.0,61.0,63.0,3,winter,74.0,19.246785428571428
1150,1,2024-03-19 22:00:00+00:00,18.847,18.897,19.097,18.847,18.546999,18.447,18.4455,86.0,82.0,89.0,70.0,68.0,64.0,65.0,3,winter,74.85714285714286,18.73249985714286
1151,1,2024-03-19 23:00:00+00:00,18.397,18.197,18.497,18.697,18.147,18.247,18.8955,84.0,80.0,85.0,72.0,69.0,67.0,65.0,3,winter,74.57142857142857,18.439642857142854
1152,1,2024-03-20 00:00:00+00:00,18.847,17.397,17.747,18.347,17.997,18.147,19.9955,80.0,83.0,86.0,73.0,74.0,71.0,63.0,3,winter,75.71428571428571,18.353928571428572
1153,1,2024-03-20 01:00:00+00:00,18.247,17.197,17.397,17.546999,17.247,17.546999,19.1455,82.0,82.0,86.0,76.0,80.0,75.0,68.0,3,winter,78.42857142857143,17.761071142857144
1154,1,2024-03-20 02:00:00+00:00,17.747,16.897,17.046999,16.847,16.546999,16.947,17.9455,84.0,83.0,87.0,78.0,88.0,78.0,75.0,3,winter,81.85714285714286,17.13964257142857
1155,1,2024-03-20 03:00:00+00:00,17.147,16.546999,16.747,16.997,16.697,17.097,17.595499,86.0,86.0,89.0,79.0,91.0,79.0,78.0,3,winter,84.0,16.97535685714286
1156,1,2024-03-20 04:00:00+00:00,16.747,16.296999,16.546999,18.546999,18.296999,18.497,18.8955,89.0,89.0,90.0,76.0,86.0,76.0,73.0,3,winter,82.71428571428571,17.689642285714285
1157,1,2024-03-20 05:00:00+00:00,18.897,18.697,18.997,20.897,20.747,20.647,21.095499,85.0,85.0,86.0,72.0,77.0,71.0,65.0,3,winter,77.28571428571429,19.99678557142857
1158,1,2024-03-20 06:00:00+00:00,22.847,22.597,22.747,22.697,23.197,22.947,23.9955,67.0,71.0,71.0,71.0,67.0,64.0,54.0,3,winter,66.42857142857143,23.00392857142857
1159,1,2024-03-20 07:00:00+00:00,25.447,24.947,25.097,24.997,25.497,25.447,26.4455,55.0,58.0,58.0,63.0,58.0,53.0,45.0,3,winter,55.714285714285715,25.41107142857143
1160,1,2024-03-20 08:00:00+00:00,27.296999,26.697,26.847,27.247,27.747,28.147,28.9955,46.0,52.0,51.0,53.0,49.0,39.0,36.0,3,winter,46.57142857142857,27.56821414285714
1161,1,2024-03-20 09:00:00+00:00,28.997,28.296999,28.447,29.046999,29.647,30.247,30.9955,39.0,46.0,45.0,45.0,41.0,29.0,29.0,3,winter,39.142857142857146,29.382499714285718
1162,1,2024-03-20 10:00:00+00:00,30.347,29.397,29.597,30.296999,31.046999,31.546999,32.2955,32.0,42.0,40.0,38.0,35.0,24.0,24.0,3,winter,33.57142857142857,30.646785285714287
1163,1,2024-03-20 11:00:00+00:00,31.046999,30.397,30.296999,31.147,32.047,32.297,33.0955,28.0,37.0,35.0,31.0,29.0,22.0,21.0,3,winter,29.0,31.475356857142856
1164,1,2024-03-20 12:00:00+00:00,31.747,30.847,30.697,31.397,32.197002,32.397003,33.0955,23.0,30.0,32.0,28.0,27.0,22.0,20.0,3,winter,26.0,31.768214999999998
1165,1,2024-03-20 13:00:00+00:00,31.397,30.647,30.497,31.197,31.997,32.197002,32.3455,26.0,28.0,30.0,27.0,25.0,21.0,22.0,3,winter,25.571428571428573,31.468214571428575
1166,1,2024-03-20 14:00:00+00:00,28.947,29.897,29.847,30.447,31.296999,31.546999,30.8955,35.0,29.0,30.0,28.0,26.0,23.0,27.0,3,winter,28.285714285714285,30.411071142857143
1167,1,2024-03-20 15:00:00+00:00,27.897,28.597,28.447,29.097,29.947,30.247,29.095499,39.0,34.0,35.0,32.0,28.0,26.0,32.0,3,winter,32.285714285714285,29.046785571428575
1168,1,2024-03-20 16:00:00+00:00,26.097,25.546999,25.197,26.796999,27.546999,27.847,26.595499,44.0,44.0,45.0,40.0,34.0,33.0,39.0,3,winter,39.857142857142854,26.518213714285714
1169,1,2024-03-20 17:00:00+00:00,23.747,23.497,23.147,23.897,24.497,24.847,23.6955,52.0,51.0,53.0,50.0,43.0,43.0,46.0,3,winter,48.285714285714285,23.90392857142857
1170,1,2024-03-20 18:00:00+00:00,22.647,21.796999,22.046999,22.046999,22.097,22.397,22.1955,56.0,60.0,57.0,59.0,50.0,51.0,49.0,3,winter,54.57142857142857,22.175356714285716
1171,1,2024-03-20 19:00:00+00:00,21.747,20.796999,21.046999,20.947,20.997,20.947,20.6455,52.0,66.0,61.0,61.0,55.0,55.0,54.0,3,winter,57.714285714285715,21.018214
1172,1,2024-03-20 20:00:00+00:00,21.147,20.546999,20.147,20.347,20.546999,20.097,19.4955,52.0,62.0,59.0,61.0,58.0,57.0,58.0,3,winter,58.142857142857146,20.332499714285714
1173,1,2024-03-20 21:00:00+00:00,20.747,20.597,19.647,19.897,20.147,19.597,18.595499,55.0,59.0,59.0,61.0,61.0,59.0,62.0,3,winter,59.42857142857143,19.889642714285714
1174,1,2024-03-20 22:00:00+00:00,20.296999,20.097,19.897,19.697,19.697,19.597,17.8955,63.0,63.0,64.0,63.0,65.0,60.0,67.0,3,winter,63.57142857142857,19.596785571428573
1175,1,2024-03-20 23:00:00+00:00,19.546999,19.796999,20.046999,19.647,19.296999,19.897,17.4955,70.0,64.0,63.0,65.0,68.0,61.0,71.0,3,winter,66.0,19.38964228571428
1176,1,2024-03-21 00:00:00+00:00,18.247,18.796999,19.597,19.647,19.546999,18.747,16.9955,74.0,69.0,68.0,64.0,63.0,70.0,80.0,3,spring,69.71428571428571,18.79678542857143
1177,1,2024-03-21 01:00:00+00:00,17.796999,17.796999,18.697,18.796999,18.647,18.046999,16.2455,79.0,74.0,73.0,68.0,67.0,73.0,84.0,3,spring,74.0,18.003928
1178,1,2024-03-21 02:00:00+00:00,17.046999,16.947,17.897,17.647,17.497,17.247,15.8955,86.0,79.0,78.0,72.0,72.0,77.0,87.0,3,spring,78.71428571428571,17.168214142857142
1179,1,2024-03-21 03:00:00+00:00,16.597,16.347,17.296999,17.347,17.247,17.197,16.4455,89.0,83.0,82.0,75.0,74.0,78.0,85.0,3,spring,80.85714285714286,16.925356999999998
1180,1,2024-03-21 04:00:00+00:00,16.347,15.896999,16.897,18.397,18.447,18.347,18.345499,89.0,87.0,85.0,74.0,72.0,76.0,77.0,3,spring,80.0,17.525356857142857
1181,1,2024-03-21 05:00:00+00:00,18.796999,18.046999,19.046999,20.247,20.546999,20.296999,21.1955,83.0,85.0,83.0,71.0,67.0,72.0,66.0,3,spring,75.28571428571429,19.739642142857143
1182,1,2024-03-21 06:00:00+00:00,22.747,22.147,22.296999,22.347,22.747,22.447,23.595499,67.0,70.0,70.0,68.0,62.0,66.0,52.0,3,spring,65.0,22.618214
1183,1,2024-03-21 07:00:00+00:00,25.447,24.897,24.947,24.597,25.097,24.947,25.9955,54.0,58.0,59.0,60.0,56.0,58.0,44.0,3,spring,55.57142857142857,25.1325
1184,1,2024-03-21 08:00:00+00:00,27.397,27.097,27.147,26.997,27.597,27.697,28.345499,48.0,48.0,50.0,52.0,48.0,48.0,36.0,3,spring,47.142857142857146,27.46821414285714
1185,1,2024-03-21 09:00:00+00:00,28.997,28.747,28.897,28.847,29.597,29.897,30.1955,42.0,43.0,44.0,44.0,42.0,40.0,30.0,3,spring,40.714285714285715,29.31107142857143
1186,1,2024-03-21 10:00:00+00:00,30.247,30.097,30.097,29.997,30.796999,31.247,31.7455,38.0,38.0,38.0,39.0,37.0,35.0,25.0,3,spring,35.714285714285715,30.603928428571432
1187,1,2024-03-21 11:00:00+00:00,30.897,30.947,31.046999,30.647,31.497,32.047,32.7955,35.0,35.0,33.0,34.0,32.0,31.0,22.0,3,spring,31.714285714285715,31.411071285714282
1188,1,2024-03-21 12:00:00+00:00,30.847,31.546999,31.147,30.997,31.747,32.147,33.5955,32.0,29.0,28.0,30.0,30.0,28.0,23.0,3,spring,28.571428571428573,31.71821414285714
1189,1,2024-03-21 13:00:00+00:00,30.597,31.397,31.046999,30.897,31.647,32.047,30.7455,33.0,27.0,26.0,28.0,28.0,27.0,32.0,3,spring,28.714285714285715,31.196785571428567
1190,1,2024-03-21 14:00:00+00:00,29.947,30.897,30.397,30.296999,31.097,31.546999,26.2455,32.0,27.0,26.0,28.0,26.0,27.0,45.0,3,spring,30.142857142857142,30.06107114285714
1191,1,2024-03-21 15:00:00+00:00,28.847,29.947,29.197,29.046999,29.847,30.447,22.595499,36.0,27.0,29.0,31.0,28.0,29.0,57.0,3,spring,33.857142857142854,28.56107114285714
1192,1,2024-03-21 16:00:00+00:00,26.447,26.296999,25.647,26.647,27.497,28.447,20.7455,42.0,37.0,40.0,38.0,35.0,34.0,65.0,3,spring,41.57142857142857,25.96107128571428
1193,1,2024-03-21 17:00:00+00:00,24.247,23.447,22.897,23.647,24.497,25.847,19.7455,50.0,40.0,46.0,48.0,45.0,40.0,71.0,3,spring,48.57142857142857,23.475357142857142
1194,1,2024-03-21 18:00:00+00:00,22.296999,22.347,22.147,22.347,21.947,23.397,19.1955,63.0,48.0,56.0,57.0,54.0,46.0,78.0,3,spring,57.42857142857143,21.95392842857143
1195,1,2024-03-21 19:00:00+00:00,21.147,21.197,21.697,20.997,20.296999,21.296999,18.7455,70.0,56.0,61.0,62.0,60.0,51.0,82.0,3,spring,63.142857142857146,20.768214
1196,1,2024-03-21 20:00:00+00:00,20.397,20.296999,20.947,20.147,19.147,19.397,18.3955,73.0,64.0,67.0,67.0,65.0,55.0,85.0,3,spring,68.0,19.818214142857137
1197,1,2024-03-21 21:00:00+00:00,19.897,18.947,19.796999,19.347,18.247,17.847,18.095499,74.0,72.0,71.0,70.0,68.0,60.0,88.0,3,spring,71.85714285714286,18.88249971428571
1198,1,2024-03-21 22:00:00+00:00,19.497,18.097,18.597,18.546999,17.697,16.897,17.7955,74.0,74.0,73.0,72.0,70.0,66.0,90.0,3,spring,74.14285714285714,18.161071285714286
1199,1,2024-03-21 23:00:00+00:00,19.097,17.497,17.647,17.847,17.447,16.296999,17.4455,76.0,75.0,72.0,74.0,70.0,72.0,91.0,3,spring,75.71428571428571,17.611071285714285
1200,1,2024-03-22 00:00:00+00:00,18.997,17.397,17.847,16.497,17.197,16.897,15.5955,78.0,76.0,84.0,87.0,71.0,84.0,94.0,3,spring,82.0,17.20392857142857
1201,1,2024-03-22 01:00:00+00:00,18.347,16.247,17.247,15.697,16.147,16.097,15.6455,82.0,82.0,84.0,90.0,77.0,88.0,93.0,3,spring,85.14285714285714,16.489642857142858
1202,1,2024-03-22 02:00:00+00:00,17.597,15.597,16.197,15.047,15.097,15.297,15.8955,85.0,87.0,85.0,92.0,85.0,90.0,92.0,3,spring,88.0,15.818214285714285
1203,1,2024-03-22 03:00:00+00:00,16.947,15.697,15.347,15.197,15.097,15.497,16.6955,88.0,86.0,87.0,92.0,89.0,90.0,88.0,3,spring,88.57142857142857,15.782499999999999
1204,1,2024-03-22 04:00:00+00:00,16.597,15.797,14.997,16.647,16.796999,17.197,18.1455,89.0,85.0,88.0,88.0,86.0,85.0,81.0,3,spring,86.0,16.596785571428573
1205,1,2024-03-22 05:00:00+00:00,19.197,18.597,17.697,18.947,19.546999,19.897,20.1455,82.0,79.0,83.0,81.0,79.0,77.0,72.0,3,spring,79.0,19.146785571428573
1206,1,2024-03-22 06:00:00+00:00,22.247,22.796999,22.697,21.296999,22.296999,22.546999,22.4955,71.0,65.0,67.0,72.0,71.0,68.0,61.0,3,spring,67.85714285714286,22.339642285714287
1207,1,2024-03-22 07:00:00+00:00,25.097,25.597,25.597,23.997,24.847,25.097,25.3955,59.0,55.0,56.0,64.0,63.0,59.0,50.0,3,spring,58.0,25.089642857142856
1208,1,2024-03-22 08:00:00+00:00,27.397,28.046999,28.046999,26.796999,27.397,27.697,28.4455,50.0,47.0,48.0,55.0,54.0,50.0,39.0,3,spring,49.0,27.689642428571428
1209,1,2024-03-22 09:00:00+00:00,29.197,29.796999,29.796999,28.947,29.397,29.697,30.4955,44.0,41.0,41.0,47.0,46.0,42.0,32.0,3,spring,41.857142857142854,29.618214
1210,1,2024-03-22 10:00:00+00:00,30.497,30.597,30.997,30.197,30.697,30.897,31.1455,39.0,38.0,35.0,41.0,39.0,37.0,29.0,3,spring,36.857142857142854,30.718214285714286
1211,1,2024-03-22 11:00:00+00:00,31.046999,31.247,31.647,30.847,31.497,31.546999,30.7955,35.0,35.0,32.0,35.0,34.0,33.0,29.0,3,spring,33.285714285714285,31.23249971428572
1212,1,2024-03-22 12:00:00+00:00,31.697,31.597,31.796999,31.197,30.947,32.547,31.595499,32.0,34.0,29.0,31.0,32.0,26.0,29.0,3,spring,30.428571428571427,31.625356857142854
1213,1,2024-03-22 13:00:00+00:00,31.796999,31.497,31.597,31.197,30.947,32.447002,28.2455,30.0,33.0,29.0,29.0,30.0,25.0,44.0,3,spring,31.428571428571427,31.10392871428571
1214,1,2024-03-22 14:00:00+00:00,31.447,30.897,30.997,30.796999,30.497,31.847,23.345499,31.0,34.0,31.0,28.0,30.0,25.0,65.0,3,spring,34.857142857142854,29.975356857142856
1215,1,2024-03-22 15:00:00+00:00,30.447,29.997,30.147,29.847,29.597,30.546999,19.595499,32.0,35.0,31.0,31.0,33.0,28.0,81.0,3,spring,38.714285714285715,28.59678542857143
1216,1,2024-03-22 16:00:00+00:00,27.497,26.997,26.997,27.947,27.897,27.947,18.2955,40.0,43.0,45.0,39.0,41.0,34.0,87.0,3,spring,47.0,26.225357142857145
1217,1,2024-03-22 17:00:00+00:00,25.147,24.697,24.197,25.497,25.647,24.647,18.1455,49.0,52.0,62.0,50.0,52.0,42.0,89.0,3,spring,56.57142857142857,23.996785714285714
1218,1,2024-03-22 18:00:00+00:00,22.147,22.897,24.097,23.347,23.647,21.847,18.2955,60.0,68.0,53.0,60.0,62.0,50.0,89.0,3,spring,63.142857142857146,22.325357142857143
1219,1,2024-03-22 19:00:00+00:00,21.097,22.147,22.747,22.147,22.147,20.197,18.2955,63.0,75.0,67.0,65.0,69.0,55.0,89.0,3,spring,69.0,21.25392857142857
1220,1,2024-03-22 20:00:00+00:00,19.296999,21.197,22.347,21.347,20.847,19.097,18.3955,69.0,80.0,72.0,69.0,74.0,60.0,89.0,3,spring,73.28571428571429,20.361071285714285
1221,1,2024-03-22 21:00:00+00:00,19.147,20.497,21.847,20.397,19.796999,18.097,18.3955,72.0,83.0,73.0,73.0,78.0,65.0,89.0,3,spring,76.14285714285714,19.739642714285715
1222,1,2024-03-22 22:00:00+00:00,18.847,20.197,20.497,19.097,18.997,16.997,18.345499,77.0,86.0,78.0,77.0,81.0,72.0,89.0,3,spring,80.0,18.99678557142857
1223,1,2024-03-22 23:00:00+00:00,18.197,19.647,18.997,17.647,18.447,16.047,18.2455,82.0,88.0,83.0,82.0,82.0,79.0,89.0,3,spring,83.57142857142857,18.17535714285714
1224,1,2024-03-23 00:00:00+00:00,16.747,19.647,19.147,18.597,17.947,16.947,17.9955,81.0,83.0,83.0,93.0,89.0,71.0,91.0,3,spring,84.42857142857143,18.146785714285716
1225,1,2024-03-23 01:00:00+00:00,16.147,19.147,17.597,17.447,16.747,15.997,17.9455,84.0,89.0,87.0,95.0,91.0,77.0,91.0,3,spring,87.71428571428571,17.289642857142855
1226,1,2024-03-23 02:00:00+00:00,15.297,18.997,16.047,16.347,15.646999,15.047,17.7955,89.0,91.0,89.0,96.0,91.0,86.0,91.0,3,spring,90.42857142857143,16.453928428571427
1227,1,2024-03-23 03:00:00+00:00,14.547,18.897,14.997,16.147,15.447,14.997,17.7955,94.0,92.0,89.0,93.0,90.0,90.0,91.0,3,spring,91.28571428571429,16.118214285714284
1228,1,2024-03-23 04:00:00+00:00,14.047,18.546999,14.347,17.397,16.897,16.347,17.845499,97.0,94.0,88.0,86.0,85.0,87.0,91.0,3,spring,89.71428571428571,16.489642571428572
1229,1,2024-03-23 05:00:00+00:00,16.947,19.647,16.997,19.497,19.296999,18.597,18.0455,90.0,91.0,84.0,75.0,78.0,80.0,91.0,3,spring,84.14285714285714,18.432499857142858
1230,1,2024-03-23 06:00:00+00:00,21.247,21.497,21.997,21.796999,21.697,20.947,20.8955,71.0,73.0,69.0,63.0,71.0,73.0,76.0,3,spring,70.85714285714286,21.439642714285714
1231,1,2024-03-23 07:00:00+00:00,23.796999,23.597,24.397,24.046999,23.947,23.347,23.3955,63.0,65.0,59.0,56.0,63.0,66.0,66.0,3,spring,62.57142857142857,23.789642571428573
1232,1,2024-03-23 08:00:00+00:00,25.897,25.397,26.546999,26.296999,26.197,25.847,26.3955,58.0,56.0,53.0,50.0,55.0,59.0,53.0,3,spring,54.857142857142854,26.082499714285714
1233,1,2024-03-23 09:00:00+00:00,27.847,27.296999,28.247,28.097,28.046999,27.947,28.345499,50.0,50.0,46.0,45.0,48.0,52.0,45.0,3,spring,48.0,27.975356714285713
1234,1,2024-03-23 10:00:00+00:00,29.247,28.597,29.447,29.397,29.397,29.497,28.7955,44.0,44.0,42.0,41.0,43.0,45.0,42.0,3,spring,43.0,29.196785714285713
1235,1,2024-03-23 11:00:00+00:00,29.697,29.546999,30.447,30.296999,30.347,30.597,28.1955,40.0,41.0,39.0,37.0,39.0,39.0,44.0,3,spring,39.857142857142854,29.87535685714286
1236,1,2024-03-23 12:00:00+00:00,29.747,29.347,29.796999,30.897,30.897,30.597,23.095499,37.0,41.0,42.0,36.0,35.0,37.0,63.0,3,spring,41.57142857142857,29.196785428571424
1237,1,2024-03-23 13:00:00+00:00,28.847,29.397,29.247,30.546999,31.046999,29.747,21.095499,41.0,40.0,41.0,38.0,32.0,41.0,74.0,3,spring,43.857142857142854,28.561071
1238,1,2024-03-23 14:00:00+00:00,25.296999,27.296999,24.847,29.546999,30.747,28.147,19.095499,63.0,46.0,67.0,42.0,30.0,48.0,87.0,3,spring,54.714285714285715,26.425356571428573
1239,1,2024-03-23 15:00:00+00:00,21.247,23.046999,23.147,28.097,29.697,26.497,17.595499,79.0,75.0,76.0,48.0,33.0,56.0,96.0,3,spring,66.14285714285714,24.189642571428575
1240,1,2024-03-23 16:00:00+00:00,20.147,21.897,22.296999,25.947,27.347,24.997,16.7955,86.0,82.0,81.0,58.0,45.0,64.0,98.0,3,spring,73.42857142857143,22.775357000000003
1241,1,2024-03-23 17:00:00+00:00,19.997,21.097,21.296999,23.397,24.296999,23.497,16.4455,89.0,88.0,84.0,70.0,62.0,72.0,96.0,3,spring,80.14285714285714,21.432499714285715
1242,1,2024-03-23 18:00:00+00:00,19.697,20.296999,21.097,22.097,21.947,22.247,16.1955,91.0,85.0,87.0,73.0,75.0,79.0,95.0,3,spring,83.57142857142857,20.511071285714287
1243,1,2024-03-23 19:00:00+00:00,19.546999,20.247,20.647,21.097,20.947,21.397,16.345499,92.0,86.0,89.0,79.0,81.0,84.0,95.0,3,spring,86.57142857142857,20.032499714285713
1244,1,2024-03-23 20:00:00+00:00,19.397,19.747,20.447,20.546999,20.647,20.847,16.6955,92.0,90.0,89.0,83.0,85.0,87.0,96.0,3,spring,88.85714285714286,19.761071285714287
1245,1,2024-03-23 21:00:00+00:00,19.147,19.546999,19.997,20.097,20.397,20.347,16.8955,94.0,90.0,92.0,86.0,87.0,89.0,96.0,3,spring,90.57142857142857,19.489642714285715
1246,1,2024-03-23 22:00:00+00:00,18.897,19.447,19.847,19.647,20.097,19.947,16.7455,95.0,91.0,92.0,89.0,89.0,90.0,96.0,3,spring,91.71428571428571,19.232499999999998
1247,1,2024-03-23 23:00:00+00:00,18.847,18.897,19.397,19.247,19.947,19.697,16.4955,95.0,94.0,94.0,91.0,91.0,90.0,96.0,3,spring,93.0,18.9325
1248,1,2024-03-24 00:00:00+00:00,18.347,19.097,18.997,19.597,19.497,19.747,18.2955,94.0,94.0,95.0,93.0,91.0,93.0,86.0,3,spring,92.28571428571429,19.082500000000003
1249,1,2024-03-24 01:00:00+00:00,18.147,18.947,18.747,19.247,19.097,19.247,18.0455,95.0,94.0,96.0,95.0,92.0,95.0,87.0,3,spring,93.42857142857143,18.7825
1250,1,2024-03-24 02:00:00+00:00,18.147,18.847,18.597,18.847,18.647,18.647,17.5455,96.0,93.0,96.0,96.0,94.0,96.0,90.0,3,spring,94.42857142857143,18.468214285714286
1251,1,2024-03-24 03:00:00+00:00,18.097,18.747,18.197,18.847,18.597,18.546999,17.4955,96.0,94.0,97.0,96.0,95.0,96.0,91.0,3,spring,95.0,18.361071285714285
1252,1,2024-03-24 04:00:00+00:00,17.897,18.796999,17.947,19.296999,19.046999,19.197,18.2455,97.0,94.0,98.0,94.0,94.0,93.0,88.0,3,spring,94.0,18.63249957142857
1253,1,2024-03-24 05:00:00+00:00,18.796999,19.296999,18.847,20.097,19.897,20.347,19.3955,94.0,94.0,97.0,90.0,92.0,87.0,83.0,3,spring,91.0,19.52535685714286
1254,1,2024-03-24 06:00:00+00:00,19.947,20.647,21.597,21.296999,21.097,21.697,20.7955,82.0,90.0,86.0,84.0,87.0,81.0,77.0,3,spring,83.85714285714286,21.011071285714287
1255,1,2024-03-24 07:00:00+00:00,21.497,21.697,23.497,22.847,22.847,23.347,22.1955,78.0,85.0,72.0,76.0,77.0,73.0,72.0,3,spring,76.14285714285714,22.561071428571434
1256,1,2024-03-24 08:00:00+00:00,23.397,22.847,24.897,24.697,24.997,25.247,23.595499,72.0,82.0,65.0,67.0,65.0,63.0,66.0,3,spring,68.57142857142857,24.23964271428571
1257,1,2024-03-24 09:00:00+00:00,24.947,24.197,26.247,26.247,26.597,26.847,24.7955,68.0,75.0,59.0,59.0,56.0,55.0,61.0,3,spring,61.857142857142854,25.696785714285713
1258,1,2024-03-24 10:00:00+00:00,25.997,25.247,27.647,27.497,27.397,28.197,25.9955,63.0,70.0,52.0,52.0,53.0,49.0,56.0,3,spring,56.42857142857143,26.853928571428572
1259,1,2024-03-24 11:00:00+00:00,26.747,26.347,28.447,28.546999,27.697,29.247,26.9955,59.0,65.0,48.0,47.0,54.0,44.0,51.0,3,spring,52.57142857142857,27.71821414285714
1260,1,2024-03-24 12:00:00+00:00,24.897,27.097,29.347,29.247,29.046999,29.947,27.7955,68.0,62.0,41.0,43.0,44.0,42.0,39.0,3,spring,48.42857142857143,28.19678557142857
1261,1,2024-03-24 13:00:00+00:00,25.097,26.497,29.147,29.296999,28.747,29.697,25.2955,66.0,63.0,42.0,41.0,45.0,42.0,52.0,3,spring,50.142857142857146,27.682499857142858
1262,1,2024-03-24 14:00:00+00:00,24.546999,25.046999,28.097,28.897,27.847,28.897,21.8955,66.0,69.0,45.0,42.0,49.0,45.0,71.0,3,spring,55.285714285714285,26.461071142857143
1263,1,2024-03-24 15:00:00+00:00,24.097,24.097,27.097,28.046999,26.647,27.697,19.2955,66.0,74.0,50.0,45.0,55.0,50.0,86.0,3,spring,60.857142857142854,25.282499857142856
1264,1,2024-03-24 16:00:00+00:00,23.147,22.796999,23.847,26.397,25.046999,25.997,18.345499,73.0,81.0,66.0,54.0,64.0,59.0,92.0,3,spring,69.85714285714286,23.653928142857136
1265,1,2024-03-24 17:00:00+00:00,22.347,21.947,22.247,24.247,23.147,23.897,18.1955,79.0,85.0,78.0,66.0,74.0,70.0,94.0,3,spring,78.0,22.28964285714286
1266,1,2024-03-24 18:00:00+00:00,21.247,20.796999,20.897,22.747,21.597,22.247,15.7955,79.0,91.0,89.0,71.0,83.0,79.0,97.0,3,spring,84.14285714285714,20.761071285714284
1267,1,2024-03-24 19:00:00+00:00,20.747,20.296999,20.397,21.847,20.747,21.447,15.695499,81.0,94.0,90.0,77.0,88.0,83.0,97.0,3,spring,87.14285714285714,20.168214000000003
1268,1,2024-03-24 20:00:00+00:00,20.097,19.747,19.947,21.296999,20.247,21.046999,15.8455,85.0,93.0,92.0,83.0,91.0,85.0,96.0,3,spring,89.28571428571429,19.746785428571428
1269,1,2024-03-24 21:00:00+00:00,19.947,19.597,19.796999,20.847,19.847,20.697,15.9955,86.0,92.0,92.0,87.0,93.0,87.0,96.0,3,spring,90.42857142857143,19.532499857142856
1270,1,2024-03-24 22:00:00+00:00,19.796999,19.447,19.147,20.397,19.546999,20.296999,16.1455,87.0,92.0,94.0,89.0,94.0,89.0,95.0,3,spring,91.42857142857143,19.25392814285714
1271,1,2024-03-24 23:00:00+00:00,19.546999,19.197,18.847,19.997,19.397,19.947,16.2455,89.0,93.0,95.0,91.0,94.0,91.0,95.0,3,spring,92.57142857142857,19.025356999999996
1272,1,2024-03-25 00:00:00+00:00,18.697,18.897,18.497,19.597,19.347,19.546999,16.4955,96.0,94.0,96.0,92.0,92.0,94.0,92.0,3,spring,93.71428571428571,18.725357
1273,1,2024-03-25 01:00:00+00:00,18.397,18.847,18.447,19.197,18.847,19.097,16.345499,97.0,94.0,96.0,94.0,94.0,96.0,92.0,3,spring,94.71428571428571,18.45392842857143
1274,1,2024-03-25 02:00:00+00:00,18.197,18.747,18.397,18.847,18.347,18.697,16.1955,96.0,95.0,95.0,96.0,95.0,99.0,93.0,3,spring,95.57142857142857,18.20392857142857
1275,1,2024-03-25 03:00:00+00:00,17.997,18.597,18.347,18.947,18.296999,18.647,16.4955,95.0,96.0,96.0,95.0,95.0,99.0,92.0,3,spring,95.42857142857143,18.189642714285714
1276,1,2024-03-25 04:00:00+00:00,17.897,18.546999,18.296999,19.647,19.046999,19.147,17.5455,93.0,96.0,96.0,91.0,93.0,96.0,88.0,3,spring,93.28571428571429,18.58964242857143
1277,1,2024-03-25 05:00:00+00:00,18.947,19.046999,19.247,20.747,20.247,20.046999,19.0455,87.0,95.0,95.0,85.0,89.0,92.0,83.0,3,spring,89.42857142857143,19.618214
1278,1,2024-03-25 06:00:00+00:00,21.046999,20.197,20.747,21.347,21.697,21.197,19.595499,83.0,90.0,88.0,85.0,83.0,86.0,83.0,3,spring,85.42857142857143,20.832499714285714
1279,1,2024-03-25 07:00:00+00:00,22.997,21.296999,21.897,22.796999,23.497,22.796999,21.4455,74.0,83.0,83.0,78.0,74.0,78.0,76.0,3,spring,78.0,22.389642428571428
1280,1,2024-03-25 08:00:00+00:00,24.647,23.147,23.147,24.397,25.497,24.647,23.595499,65.0,76.0,79.0,71.0,63.0,68.0,68.0,3,spring,70.0,24.153928428571426
1281,1,2024-03-25 09:00:00+00:00,25.997,24.747,24.647,25.447,27.097,26.296999,25.3955,59.0,70.0,74.0,66.0,54.0,60.0,61.0,3,spring,63.42857142857143,25.661071285714286
1282,1,2024-03-25 10:00:00+00:00,26.747,25.747,25.796999,25.597,28.046999,27.597,26.8955,57.0,65.0,68.0,67.0,50.0,54.0,53.0,3,spring,59.142857142857146,26.632499714285718
1283,1,2024-03-25 11:00:00+00:00,26.897,26.046999,26.046999,25.247,28.597,28.647,28.0455,58.0,63.0,65.0,71.0,48.0,49.0,46.0,3,spring,57.142857142857146,27.075356857142854
1284,1,2024-03-25 12:00:00+00:00,27.397,27.296999,26.697,26.397,28.447,28.046999,26.095499,51.0,54.0,61.0,65.0,50.0,54.0,54.0,3,spring,55.57142857142857,27.19678528571428
1285,1,2024-03-25 13:00:00+00:00,27.247,26.497,26.046999,25.296999,27.597,27.597,25.3955,51.0,61.0,64.0,69.0,55.0,56.0,57.0,3,spring,59.0,26.52535685714286
1286,1,2024-03-25 14:00:00+00:00,24.796999,23.947,25.097,23.697,26.097,26.597,24.7955,62.0,73.0,68.0,75.0,62.0,60.0,60.0,3,spring,65.71428571428571,25.003928428571434
1287,1,2024-03-25 15:00:00+00:00,23.097,23.147,24.497,22.296999,24.747,25.397,23.6955,74.0,75.0,70.0,80.0,69.0,65.0,65.0,3,spring,71.14285714285714,23.839642714285713
1288,1,2024-03-25 16:00:00+00:00,22.546999,21.997,23.097,21.397,23.697,23.897,21.4955,79.0,80.0,77.0,84.0,75.0,71.0,75.0,3,spring,77.28571428571429,22.58964271428571
1289,1,2024-03-25 17:00:00+00:00,21.447,21.247,21.897,20.796999,22.796999,22.147,18.845499,84.0,84.0,82.0,87.0,80.0,77.0,88.0,3,spring,83.14285714285714,21.311071
1290,1,2024-03-25 18:00:00+00:00,20.097,21.347,20.796999,21.647,21.947,20.796999,17.3955,87.0,82.0,87.0,86.0,84.0,83.0,98.0,3,spring,86.71428571428571,20.575356857142857
1291,1,2024-03-25 19:00:00+00:00,19.147,20.296999,19.546999,20.947,21.247,20.046999,16.6955,93.0,89.0,94.0,90.0,87.0,87.0,100.0,3,spring,91.42857142857143,19.70392814285714
1292,1,2024-03-25 20:00:00+00:00,18.247,19.046999,19.097,20.296999,20.647,19.697,16.3955,97.0,95.0,96.0,93.0,90.0,89.0,99.0,3,spring,94.14285714285714,19.06107114285714
1293,1,2024-03-25 21:00:00+00:00,17.947,18.447,18.647,19.697,20.097,19.397,16.1955,97.0,95.0,96.0,95.0,92.0,91.0,98.0,3,spring,94.85714285714286,18.6325
1294,1,2024-03-25 22:00:00+00:00,17.947,17.997,18.397,19.147,19.597,19.097,16.0455,95.0,95.0,95.0,96.0,94.0,93.0,97.0,3,spring,95.0,18.318214285714287
1295,1,2024-03-25 23:00:00+00:00,17.796999,17.546999,18.097,18.697,19.097,18.897,15.9955,93.0,95.0,94.0,97.0,96.0,94.0,97.0,3,spring,95.14285714285714,18.018213999999997
1296,1,2024-03-26 00:00:00+00:00,16.546999,17.347,18.647,18.497,18.397,18.296999,15.5955,94.0,96.0,91.0,89.0,96.0,97.0,96.0,3,spring,94.14285714285714,17.618214000000002
1297,1,2024-03-26 01:00:00+00:00,16.247,17.546999,18.447,17.697,17.747,17.697,15.0955,95.0,94.0,91.0,92.0,98.0,98.0,96.0,3,spring,94.85714285714286,17.211071285714286
1298,1,2024-03-26 02:00:00+00:00,16.047,17.546999,18.147,16.747,17.097,17.147,14.5955,95.0,93.0,91.0,96.0,100.0,98.0,96.0,3,spring,95.57142857142857,16.761071285714287
1299,1,2024-03-26 03:00:00+00:00,15.847,17.397,17.897,16.546999,16.997,17.247,14.7955,95.0,94.0,93.0,97.0,100.0,96.0,94.0,3,spring,95.57142857142857,16.675356999999998
1300,1,2024-03-26 04:00:00+00:00,15.847,17.247,17.597,17.597,17.847,18.347,16.0455,95.0,95.0,94.0,94.0,98.0,91.0,90.0,3,spring,93.85714285714286,17.21821428571429
1301,1,2024-03-26 05:00:00+00:00,17.697,18.947,18.947,19.347,19.247,20.097,17.9955,92.0,92.0,91.0,89.0,94.0,85.0,83.0,3,spring,89.42857142857143,18.89678571428571
1302,1,2024-03-26 06:00:00+00:00,20.847,21.747,21.597,21.247,20.847,21.947,20.7955,81.0,79.0,80.0,81.0,88.0,77.0,75.0,3,spring,80.14285714285714,21.28964285714286
1303,1,2024-03-26 07:00:00+00:00,23.147,23.597,23.847,23.147,22.697,23.997,24.1955,68.0,66.0,65.0,72.0,79.0,68.0,62.0,3,spring,68.57142857142857,23.51821428571429
1304,1,2024-03-26 08:00:00+00:00,25.147,25.247,25.546999,25.197,24.697,26.197,27.9955,59.0,57.0,58.0,61.0,67.0,58.0,48.0,3,spring,58.285714285714285,25.718214142857143
1305,1,2024-03-26 09:00:00+00:00,26.647,26.997,26.546999,26.847,26.447,27.897,30.1955,53.0,51.0,54.0,52.0,58.0,50.0,39.0,3,spring,51.0,27.368214142857145
1306,1,2024-03-26 10:00:00+00:00,27.847,28.197,27.796999,28.046999,27.747,28.947,29.6955,48.0,47.0,51.0,47.0,52.0,45.0,39.0,3,spring,47.0,28.325356857142857
1307,1,2024-03-26 11:00:00+00:00,28.296999,28.997,28.497,28.796999,28.796999,29.546999,27.595499,46.0,43.0,48.0,45.0,48.0,42.0,44.0,3,spring,45.142857142857146,28.646784999999998
1308,1,2024-03-26 12:00:00+00:00,28.447,28.997,28.897,28.897,29.397,29.796999,24.3955,46.0,43.0,46.0,46.0,44.0,42.0,60.0,3,spring,46.714285714285715,28.403928428571426
1309,1,2024-03-26 13:00:00+00:00,28.197,29.097,28.597,27.747,29.546999,28.747,23.1955,48.0,42.0,46.0,51.0,41.0,47.0,67.0,3,spring,48.857142857142854,27.875357000000005
1310,1,2024-03-26 14:00:00+00:00,26.597,28.597,26.447,25.897,29.347,26.947,22.0455,53.0,42.0,55.0,60.0,40.0,54.0,75.0,3,spring,54.142857142857146,26.553928571428575
1311,1,2024-03-26 15:00:00+00:00,22.697,26.597,23.697,24.197,28.546999,25.296999,20.8955,73.0,50.0,70.0,68.0,41.0,62.0,82.0,3,spring,63.714285714285715,24.56107114285714
1312,1,2024-03-26 16:00:00+00:00,21.747,23.647,22.947,23.046999,26.647,24.097,19.4955,77.0,66.0,75.0,75.0,48.0,69.0,88.0,3,spring,71.14285714285714,23.089642714285713
1313,1,2024-03-26 17:00:00+00:00,21.097,22.347,21.947,22.046999,24.097,23.097,18.095499,81.0,74.0,82.0,81.0,57.0,76.0,92.0,3,spring,77.57142857142857,21.818214
1314,1,2024-03-26 18:00:00+00:00,20.847,22.497,21.897,21.097,22.097,22.247,15.2955,83.0,74.0,82.0,85.0,65.0,82.0,95.0,3,spring,80.85714285714286,20.853928571428575
1315,1,2024-03-26 19:00:00+00:00,20.097,21.296999,21.296999,20.597,21.197,21.697,15.5455,85.0,80.0,87.0,87.0,69.0,85.0,94.0,3,spring,83.85714285714286,20.246785428571428
1316,1,2024-03-26 20:00:00+00:00,18.697,20.046999,20.997,20.447,20.796999,21.347,15.8955,94.0,86.0,89.0,88.0,72.0,86.0,94.0,3,spring,87.0,19.746785428571428
1317,1,2024-03-26 21:00:00+00:00,18.447,19.147,20.296999,20.247,20.447,20.947,16.1955,94.0,88.0,90.0,89.0,75.0,87.0,93.0,3,spring,88.0,19.389642714285714
1318,1,2024-03-26 22:00:00+00:00,18.097,18.447,20.046999,19.897,19.897,20.397,16.3955,93.0,91.0,91.0,91.0,79.0,90.0,92.0,3,spring,89.57142857142857,19.025356999999996
1319,1,2024-03-26 23:00:00+00:00,17.796999,18.046999,19.897,19.546999,19.347,19.747,16.5455,92.0,91.0,92.0,94.0,83.0,94.0,91.0,3,spring,91.0,18.70392814285714
1320,1,2024-03-27 00:00:00+00:00,17.497,17.497,17.647,18.546999,18.296999,18.796999,16.6955,98.0,90.0,95.0,97.0,94.0,90.0,92.0,3,spring,93.71428571428571,17.85392814285714
1321,1,2024-03-27 01:00:00+00:00,16.597,17.247,17.447,17.747,17.796999,18.197,16.0455,99.0,92.0,95.0,99.0,95.0,90.0,94.0,3,spring,94.85714285714286,17.296785571428572
1322,1,2024-03-27 02:00:00+00:00,16.047,16.947,17.247,16.847,17.347,17.597,15.1455,98.0,93.0,96.0,100.0,95.0,90.0,96.0,3,spring,95.42857142857143,16.739642857142858
1323,1,2024-03-27 03:00:00+00:00,15.847,16.597,16.747,16.747,17.497,17.647,15.0955,97.0,94.0,98.0,100.0,94.0,88.0,96.0,3,spring,95.28571428571429,16.596785714285712
1324,1,2024-03-27 04:00:00+00:00,15.747,16.497,16.296999,17.897,18.497,18.747,16.345499,96.0,92.0,98.0,95.0,91.0,85.0,92.0,3,spring,92.71428571428571,17.146785428571427
1325,1,2024-03-27 05:00:00+00:00,17.847,18.697,18.247,19.796999,20.046999,20.447,18.3955,90.0,86.0,93.0,87.0,86.0,80.0,85.0,3,spring,86.71428571428571,19.068214
1326,1,2024-03-27 06:00:00+00:00,20.997,21.897,21.546999,21.546999,21.796999,22.347,20.8955,80.0,75.0,82.0,79.0,79.0,74.0,76.0,3,spring,77.85714285714286,21.575356714285714
1327,1,2024-03-27 07:00:00+00:00,23.546999,24.397,23.697,23.447,23.747,24.447,23.2455,64.0,62.0,66.0,69.0,70.0,66.0,66.0,3,spring,66.14285714285714,23.789642714285712
1328,1,2024-03-27 08:00:00+00:00,25.647,26.347,25.697,25.597,25.897,26.697,25.6455,54.0,53.0,56.0,58.0,59.0,57.0,54.0,3,spring,55.857142857142854,25.9325
1329,1,2024-03-27 09:00:00+00:00,26.947,27.647,27.347,27.296999,27.647,28.497,27.595499,49.0,47.0,49.0,49.0,50.0,50.0,45.0,3,spring,48.42857142857143,27.568214
1330,1,2024-03-27 10:00:00+00:00,28.046999,28.397,28.447,28.397,28.796999,29.546999,28.8955,46.0,45.0,44.0,44.0,44.0,45.0,39.0,3,spring,43.857142857142854,28.646785285714284
1331,1,2024-03-27 11:00:00+00:00,28.847,29.046999,29.147,29.147,29.597,30.147,29.7455,42.0,43.0,41.0,42.0,40.0,41.0,35.0,3,spring,40.57142857142857,29.382499857142854
1332,1,2024-03-27 12:00:00+00:00,28.947,29.447,29.947,29.647,30.147,31.247,29.3955,45.0,42.0,39.0,39.0,38.0,28.0,37.0,3,spring,38.285714285714285,29.825357142857143
1333,1,2024-03-27 13:00:00+00:00,28.796999,29.497,30.197,29.647,30.097,31.046999,27.7455,42.0,40.0,36.0,39.0,37.0,28.0,46.0,3,spring,38.285714285714285,29.575356857142857
1334,1,2024-03-27 14:00:00+00:00,27.847,28.796999,29.397,29.247,29.597,30.296999,25.1455,43.0,41.0,37.0,40.0,37.0,31.0,59.0,3,spring,41.142857142857146,28.618214
1335,1,2024-03-27 15:00:00+00:00,26.296999,27.397,28.247,28.296999,28.597,29.046999,22.6955,50.0,45.0,41.0,43.0,39.0,36.0,71.0,3,spring,46.42857142857143,27.225356714285716
1336,1,2024-03-27 16:00:00+00:00,24.347,24.847,25.296999,26.546999,26.847,26.997,20.6455,59.0,50.0,49.0,49.0,45.0,42.0,79.0,3,spring,53.285714285714285,25.075356857142857
1337,1,2024-03-27 17:00:00+00:00,22.747,22.697,23.197,24.296999,24.597,24.447,18.6955,65.0,55.0,54.0,57.0,54.0,49.0,86.0,3,spring,60.0,22.95392842857143
1338,1,2024-03-27 18:00:00+00:00,21.296999,21.647,21.546999,21.847,22.796999,22.347,19.1955,74.0,66.0,66.0,63.0,61.0,56.0,85.0,3,spring,67.28571428571429,21.525356714285717
1339,1,2024-03-27 19:00:00+00:00,20.447,20.796999,20.397,20.897,21.847,21.147,18.345499,80.0,71.0,71.0,68.0,67.0,61.0,87.0,3,spring,72.14285714285714,20.55392828571428
1340,1,2024-03-27 20:00:00+00:00,19.847,20.697,19.897,20.447,21.347,20.397,17.845499,82.0,75.0,73.0,72.0,71.0,66.0,89.0,3,spring,75.42857142857143,20.068214142857137
1341,1,2024-03-27 21:00:00+00:00,19.447,20.247,20.046999,19.897,20.847,19.796999,17.3955,82.0,78.0,76.0,76.0,74.0,70.0,89.0,3,spring,77.85714285714286,19.668214000000003
1342,1,2024-03-27 22:00:00+00:00,19.046999,19.697,19.697,18.997,20.247,19.296999,16.9455,83.0,81.0,80.0,81.0,74.0,74.0,88.0,3,spring,80.14285714285714,19.132499714285718
1343,1,2024-03-27 23:00:00+00:00,18.197,19.347,19.397,17.997,19.697,18.997,16.595499,85.0,82.0,83.0,85.0,73.0,78.0,87.0,3,spring,81.85714285714286,18.60392842857143
1344,1,2024-03-28 00:00:00+00:00,16.997,19.447,17.597,18.296999,20.347,18.247,16.3955,91.0,80.0,88.0,86.0,75.0,83.0,87.0,3,spring,84.28571428571429,18.189642714285714
1345,1,2024-03-28 01:00:00+00:00,16.497,19.147,16.897,17.447,19.447,17.546999,15.7455,92.0,81.0,91.0,90.0,78.0,86.0,89.0,3,spring,86.71428571428571,17.532499857142856
1346,1,2024-03-28 02:00:00+00:00,16.047,18.847,16.197,16.546999,18.247,16.897,15.1455,93.0,82.0,93.0,93.0,83.0,89.0,92.0,3,spring,89.28571428571429,16.846785571428573
1347,1,2024-03-28 03:00:00+00:00,15.547,18.147,15.547,16.397,17.796999,16.947,15.2955,94.0,85.0,95.0,93.0,85.0,90.0,91.0,3,spring,90.42857142857143,16.525357000000003
1348,1,2024-03-28 04:00:00+00:00,15.197,17.247,14.896999,17.447,18.497,18.147,16.5455,95.0,89.0,97.0,89.0,84.0,87.0,85.0,3,spring,89.42857142857143,16.85392842857143
1349,1,2024-03-28 05:00:00+00:00,17.046999,18.497,17.097,19.296999,19.847,20.046999,18.5455,91.0,90.0,92.0,83.0,80.0,82.0,77.0,3,spring,85.0,18.625356714285715
1350,1,2024-03-28 06:00:00+00:00,20.847,21.497,20.847,21.597,21.447,22.046999,22.095499,77.0,75.0,78.0,74.0,75.0,75.0,62.0,3,spring,73.71428571428571,21.482499714285716
1351,1,2024-03-28 07:00:00+00:00,23.497,23.647,23.397,23.796999,23.296999,24.046999,24.4455,64.0,66.0,64.0,65.0,69.0,67.0,53.0,3,spring,64.0,23.732499571428573
1352,1,2024-03-28 08:00:00+00:00,25.147,25.447,25.747,26.046999,25.296999,26.097,26.7955,55.0,59.0,54.0,54.0,61.0,58.0,43.0,3,spring,54.857142857142854,25.79678542857143
1353,1,2024-03-28 09:00:00+00:00,26.497,26.897,27.447,27.847,26.997,27.747,28.595499,49.0,55.0,48.0,46.0,54.0,50.0,36.0,3,spring,48.285714285714285,27.432499857142858
1354,1,2024-03-28 10:00:00+00:00,27.697,28.097,28.097,28.897,28.147,28.897,29.7955,45.0,48.0,45.0,41.0,48.0,45.0,31.0,3,spring,43.285714285714285,28.518214285714283
1355,1,2024-03-28 11:00:00+00:00,28.197,28.897,29.097,29.447,28.947,29.697,30.4955,43.0,44.0,41.0,38.0,43.0,41.0,28.0,3,spring,39.714285714285715,29.25392857142857
1356,1,2024-03-28 12:00:00+00:00,28.697,29.197,29.197,29.747,29.546999,30.147,29.9955,40.0,38.0,40.0,37.0,39.0,40.0,31.0,3,spring,37.857142857142854,29.503928428571424
1357,1,2024-03-28 13:00:00+00:00,28.296999,29.347,29.597,29.747,29.647,30.097,29.0455,41.0,37.0,38.0,36.0,37.0,38.0,36.0,3,spring,37.57142857142857,29.396785571428573
1358,1,2024-03-28 14:00:00+00:00,27.546999,29.197,29.447,29.347,29.397,29.647,27.3955,43.0,38.0,37.0,36.0,36.0,37.0,44.0,3,spring,38.714285714285715,28.85392842857143
1359,1,2024-03-28 15:00:00+00:00,25.897,28.347,28.597,28.447,28.546999,28.697,25.6955,51.0,39.0,39.0,38.0,38.0,40.0,51.0,3,spring,42.285714285714285,27.746785571428575
1360,1,2024-03-28 16:00:00+00:00,24.347,25.497,25.497,26.597,26.747,26.847,23.9955,59.0,51.0,51.0,44.0,44.0,50.0,57.0,3,spring,50.857142857142854,25.646785714285716
1361,1,2024-03-28 17:00:00+00:00,22.546999,23.697,23.697,24.247,24.397,24.447,22.1955,69.0,57.0,55.0,52.0,52.0,63.0,62.0,3,spring,58.57142857142857,23.603928428571432
1362,1,2024-03-28 18:00:00+00:00,21.497,22.497,21.997,21.847,22.447,22.497,18.2955,84.0,63.0,64.0,82.0,61.0,74.0,88.0,3,spring,73.71428571428571,21.5825
1363,1,2024-03-28 19:00:00+00:00,21.046999,21.046999,20.697,20.897,21.397,21.397,17.4455,87.0,78.0,76.0,88.0,70.0,80.0,91.0,3,spring,81.42857142857143,20.56107114285714
1364,1,2024-03-28 20:00:00+00:00,20.597,19.947,19.847,20.447,20.747,20.647,17.345499,90.0,87.0,84.0,89.0,78.0,85.0,91.0,3,spring,86.28571428571429,19.939642714285714
1365,1,2024-03-28 21:00:00+00:00,20.046999,19.197,18.697,20.046999,20.197,19.947,17.2955,91.0,89.0,90.0,90.0,84.0,88.0,90.0,3,spring,88.85714285714286,19.34678542857143
1366,1,2024-03-28 22:00:00+00:00,19.647,18.796999,17.897,19.447,19.597,19.046999,17.1455,94.0,89.0,92.0,92.0,85.0,91.0,88.0,3,spring,90.14285714285714,18.79678542857143
1367,1,2024-03-28 23:00:00+00:00,19.097,17.497,16.897,18.796999,19.097,18.147,17.095499,97.0,91.0,94.0,94.0,84.0,93.0,86.0,3,spring,91.28571428571429,18.08964257142857
1368,1,2024-03-29 00:00:00+00:00,17.997,16.747,16.697,16.447,17.947,19.347,16.3955,97.0,91.0,93.0,94.0,89.0,90.0,89.0,3,spring,91.85714285714286,17.368214285714288
1369,1,2024-03-29 01:00:00+00:00,17.247,16.647,15.997,15.547,17.097,18.497,15.7955,98.0,92.0,95.0,97.0,93.0,93.0,90.0,3,spring,94.0,16.689642857142857
1370,1,2024-03-29 02:00:00+00:00,16.197,16.097,15.497,14.997,16.296999,17.647,15.2455,98.0,95.0,96.0,98.0,96.0,95.0,90.0,3,spring,95.42857142857143,15.996785571428571
1371,1,2024-03-29 03:00:00+00:00,15.197,15.347,15.247,15.247,16.247,17.447,15.5955,98.0,97.0,97.0,97.0,96.0,95.0,87.0,3,spring,95.28571428571429,15.761071428571428
1372,1,2024-03-29 04:00:00+00:00,14.597,14.847,15.097,16.697,17.447,18.296999,17.3955,98.0,97.0,96.0,92.0,92.0,92.0,79.0,3,spring,92.28571428571429,16.339642714285713
1373,1,2024-03-29 05:00:00+00:00,16.697,17.046999,17.397,18.897,19.497,19.747,20.0455,91.0,92.0,91.0,85.0,84.0,86.0,68.0,3,spring,85.28571428571429,18.475357
1374,1,2024-03-29 06:00:00+00:00,20.397,20.497,21.247,21.497,21.546999,21.397,21.3955,76.0,77.0,76.0,78.0,76.0,79.0,69.0,3,spring,75.85714285714286,21.139642714285714
1375,1,2024-03-29 07:00:00+00:00,22.747,22.897,23.796999,23.647,23.597,23.247,23.9955,67.0,65.0,67.0,69.0,67.0,70.0,58.0,3,spring,66.14285714285714,23.418214142857146
1376,1,2024-03-29 08:00:00+00:00,24.847,24.947,25.847,25.796999,25.747,25.247,26.7455,60.0,58.0,58.0,58.0,57.0,61.0,47.0,3,spring,57.0,25.59678557142857
1377,1,2024-03-29 09:00:00+00:00,26.147,26.597,27.397,27.597,27.497,26.847,28.8955,55.0,53.0,51.0,49.0,49.0,54.0,38.0,3,spring,49.857142857142854,27.282500000000002
1378,1,2024-03-29 10:00:00+00:00,27.296999,27.847,28.597,28.847,28.747,27.796999,30.4955,50.0,49.0,47.0,44.0,44.0,51.0,32.0,3,spring,45.285714285714285,28.518213999999997
1379,1,2024-03-29 11:00:00+00:00,27.997,28.546999,29.497,29.647,29.597,28.296999,31.5455,46.0,45.0,43.0,41.0,42.0,51.0,29.0,3,spring,42.42857142857143,29.303928285714285
1380,1,2024-03-29 12:00:00+00:00,28.097,28.897,29.546999,29.897,29.897,29.097,30.9955,44.0,42.0,41.0,40.0,39.0,44.0,32.0,3,spring,40.285714285714285,29.48964271428571
1381,1,2024-03-29 13:00:00+00:00,28.397,29.147,29.697,29.897,29.997,28.796999,27.6455,43.0,41.0,40.0,39.0,37.0,44.0,48.0,3,spring,41.714285714285715,29.082499857142857
1382,1,2024-03-29 14:00:00+00:00,28.097,28.947,29.397,29.597,29.697,28.097,22.7955,45.0,41.0,41.0,39.0,36.0,46.0,71.0,3,spring,45.57142857142857,28.08964285714286
1383,1,2024-03-29 15:00:00+00:00,27.247,28.397,28.597,28.697,28.796999,26.997,18.9955,46.0,37.0,40.0,41.0,39.0,51.0,89.0,3,spring,49.0,26.818214142857148
1384,1,2024-03-29 16:00:00+00:00,24.597,26.197,25.796999,26.947,26.796999,25.296999,17.5455,60.0,48.0,51.0,46.0,50.0,61.0,96.0,3,spring,58.857142857142854,24.739642428571425
1385,1,2024-03-29 17:00:00+00:00,22.747,23.147,23.097,24.597,24.197,23.247,17.1955,71.0,59.0,58.0,53.0,64.0,73.0,97.0,3,spring,67.85714285714286,22.603928571428572
1386,1,2024-03-29 18:00:00+00:00,20.897,21.697,22.247,22.747,22.147,21.647,16.595499,88.0,77.0,76.0,60.0,76.0,83.0,90.0,3,spring,78.57142857142857,21.13964271428571
1387,1,2024-03-29 19:00:00+00:00,20.197,21.546999,22.197,21.546999,21.347,20.947,16.4955,88.0,76.0,79.0,65.0,81.0,87.0,92.0,3,spring,81.14285714285714,20.611071142857146
1388,1,2024-03-29 20:00:00+00:00,19.647,21.197,21.597,20.697,21.147,20.647,16.6455,89.0,78.0,81.0,68.0,83.0,88.0,94.0,3,spring,83.0,20.225357142857142
1389,1,2024-03-29 21:00:00+00:00,19.247,20.296999,19.847,19.847,20.847,20.296999,16.7955,91.0,83.0,86.0,72.0,84.0,89.0,95.0,3,spring,85.71428571428571,19.59678542857143
1390,1,2024-03-29 22:00:00+00:00,18.647,19.046999,19.296999,18.796999,20.147,19.647,16.9455,95.0,86.0,80.0,78.0,86.0,91.0,95.0,3,spring,87.28571428571429,18.93249957142857
1391,1,2024-03-29 23:00:00+00:00,18.296999,18.697,18.697,17.796999,19.296999,18.897,17.1455,95.0,82.0,78.0,85.0,88.0,93.0,94.0,3,spring,87.85714285714286,18.403928142857144
1392,1,2024-03-30 00:00:00+00:00,18.097,17.347,17.796999,17.546999,17.546999,18.046999,15.695499,94.0,84.0,83.0,87.0,90.0,87.0,97.0,3,spring,88.85714285714286,17.439642142857142
1393,1,2024-03-30 01:00:00+00:00,17.796999,16.847,17.347,17.097,16.947,17.197,15.5455,95.0,89.0,87.0,89.0,92.0,91.0,97.0,3,spring,91.42857142857143,16.968214142857143
1394,1,2024-03-30 02:00:00+00:00,17.697,16.546999,17.046999,16.847,16.497,16.447,15.445499,95.0,92.0,91.0,91.0,94.0,94.0,97.0,3,spring,93.42857142857143,16.646785285714287
1395,1,2024-03-30 03:00:00+00:00,17.747,16.247,16.847,17.147,16.747,16.447,15.7955,94.0,94.0,92.0,90.0,93.0,94.0,96.0,3,spring,93.28571428571429,16.71107142857143
1396,1,2024-03-30 04:00:00+00:00,17.847,16.097,16.546999,18.397,18.046999,17.747,16.845499,94.0,94.0,94.0,86.0,89.0,89.0,93.0,3,spring,91.28571428571429,17.361071000000003
1397,1,2024-03-30 05:00:00+00:00,19.397,18.347,18.697,20.247,20.046999,19.897,18.2955,90.0,88.0,88.0,80.0,82.0,81.0,88.0,3,spring,85.28571428571429,19.275357000000003
1398,1,2024-03-30 06:00:00+00:00,21.647,21.397,21.897,22.197,22.097,22.097,19.3955,77.0,80.0,76.0,73.0,74.0,73.0,86.0,3,spring,77.0,21.532500000000002
1399,1,2024-03-30 07:00:00+00:00,23.647,23.546999,24.247,24.147,24.247,24.296999,20.7955,68.0,68.0,65.0,65.0,65.0,64.0,81.0,3,spring,68.0,23.561071142857145
1400,1,2024-03-30 08:00:00+00:00,25.347,25.697,26.247,26.147,26.497,26.546999,22.2455,60.0,60.0,57.0,57.0,56.0,55.0,77.0,3,spring,60.285714285714285,25.532499857142856
1401,1,2024-03-30 09:00:00+00:00,26.647,27.247,27.747,27.697,28.197,28.347,23.2955,55.0,56.0,51.0,51.0,48.0,47.0,73.0,3,spring,54.42857142857143,27.025357142857143
1402,1,2024-03-30 10:00:00+00:00,27.447,28.097,28.497,28.546999,29.097,29.546999,23.9455,52.0,52.0,48.0,47.0,44.0,42.0,70.0,3,spring,50.714285714285715,27.882499714285718
1403,1,2024-03-30 11:00:00+00:00,27.997,28.397,29.097,28.897,29.447,30.247,24.2955,49.0,50.0,45.0,46.0,41.0,38.0,67.0,3,spring,48.0,28.339642857142856
1404,1,2024-03-30 12:00:00+00:00,27.897,28.347,29.497,30.147,29.697,29.397,24.7955,52.0,50.0,41.0,40.0,41.0,45.0,62.0,3,spring,47.285714285714285,28.53964285714286
1405,1,2024-03-30 13:00:00+00:00,27.796999,27.997,29.397,30.097,29.647,28.397,23.7455,52.0,52.0,41.0,40.0,39.0,50.0,66.0,3,spring,48.57142857142857,28.153928428571426
1406,1,2024-03-30 14:00:00+00:00,26.347,24.497,28.397,29.697,29.296999,26.796999,22.4455,56.0,69.0,42.0,41.0,39.0,57.0,71.0,3,spring,53.57142857142857,26.782499714285716
1407,1,2024-03-30 15:00:00+00:00,23.597,23.147,24.697,28.597,28.296999,25.247,21.095499,75.0,76.0,63.0,46.0,43.0,65.0,77.0,3,spring,63.57142857142857,24.953928285714284
1408,1,2024-03-30 16:00:00+00:00,22.347,22.197,23.147,26.397,26.097,24.046999,19.6455,80.0,82.0,76.0,58.0,56.0,72.0,83.0,3,spring,72.42857142857143,23.411071285714286
1409,1,2024-03-30 17:00:00+00:00,21.546999,21.447,22.697,23.597,23.197,22.947,18.1955,84.0,88.0,79.0,74.0,73.0,80.0,90.0,3,spring,81.14285714285714,21.946785571428574
1410,1,2024-03-30 18:00:00+00:00,20.897,21.197,22.197,21.546999,20.997,21.947,17.7955,91.0,88.0,81.0,84.0,86.0,86.0,96.0,3,spring,87.42857142857143,20.939642714285714
1411,1,2024-03-30 19:00:00+00:00,20.247,20.747,21.347,20.747,20.097,21.147,17.4955,93.0,91.0,84.0,87.0,92.0,90.0,97.0,3,spring,90.57142857142857,20.261071428571427
1412,1,2024-03-30 20:00:00+00:00,19.397,20.147,20.347,20.347,19.897,20.447,17.1955,92.0,93.0,89.0,87.0,93.0,91.0,98.0,3,spring,91.85714285714286,19.6825
1413,1,2024-03-30 21:00:00+00:00,18.997,20.046999,20.497,19.897,19.747,19.796999,16.8955,89.0,93.0,83.0,87.0,94.0,93.0,98.0,3,spring,91.0,19.411071142857143
1414,1,2024-03-30 22:00:00+00:00,18.347,19.597,19.897,19.296999,19.447,19.147,16.595499,89.0,94.0,83.0,88.0,94.0,95.0,98.0,3,spring,91.57142857142857,18.903928285714283
1415,1,2024-03-30 23:00:00+00:00,18.046999,19.097,19.046999,18.647,19.147,18.497,16.2455,90.0,95.0,86.0,89.0,93.0,96.0,98.0,3,spring,92.42857142857143,18.38964257142857
1416,1,2024-03-31 00:00:00+00:00,18.796999,18.597,18.097,18.347,18.546999,18.897,16.6955,89.0,93.0,92.0,88.0,90.0,96.0,98.0,3,spring,92.28571428571429,18.282499714285713
1417,1,2024-03-31 01:00:00+00:00,18.747,18.597,17.747,17.947,18.097,18.397,16.595499,87.0,91.0,91.0,88.0,89.0,97.0,98.0,3,spring,91.57142857142857,18.01821414285714
1418,1,2024-03-31 02:00:00+00:00,18.447,18.847,17.546999,17.747,17.647,17.947,16.4955,86.0,89.0,90.0,87.0,89.0,96.0,98.0,3,spring,90.71428571428571,17.811071285714284
1419,1,2024-03-31 03:00:00+00:00,17.796999,18.897,17.347,18.046999,17.796999,18.046999,16.4955,87.0,87.0,89.0,84.0,87.0,94.0,98.0,3,spring,89.42857142857143,17.77535657142857
1420,1,2024-03-31 04:00:00+00:00,17.097,18.647,16.947,19.097,18.796999,18.947,16.345499,89.0,87.0,90.0,80.0,83.0,90.0,99.0,3,spring,88.28571428571429,17.982499714285716
1421,1,2024-03-31 05:00:00+00:00,18.597,19.597,19.046999,20.647,20.397,20.447,16.345499,87.0,85.0,86.0,74.0,78.0,83.0,100.0,3,spring,84.71428571428571,19.29678542857143
1422,1,2024-03-31 06:00:00+00:00,21.197,21.697,22.046999,22.647,22.097,22.097,19.8955,76.0,76.0,75.0,67.0,72.0,76.0,85.0,3,spring,75.28571428571429,21.668214142857146
1423,1,2024-03-31 07:00:00+00:00,23.097,23.397,24.046999,24.497,24.046999,24.046999,22.595499,68.0,68.0,65.0,60.0,64.0,67.0,72.0,3,spring,66.28571428571429,23.675356571428573
1424,1,2024-03-31 08:00:00+00:00,24.847,25.347,25.847,26.397,26.097,26.197,25.6955,60.0,61.0,57.0,52.0,56.0,56.0,56.0,3,spring,56.857142857142854,25.775357142857143
1425,1,2024-03-31 09:00:00+00:00,25.997,26.747,27.397,27.947,27.747,27.897,27.2955,55.0,54.0,51.0,45.0,49.0,48.0,48.0,3,spring,50.0,27.289642857142855
1426,1,2024-03-31 10:00:00+00:00,27.046999,27.897,28.347,29.046999,28.747,29.097,25.9955,50.0,50.0,47.0,40.0,44.0,43.0,56.0,3,spring,47.142857142857146,28.025356857142857
1427,1,2024-03-31 11:00:00+00:00,27.796999,28.247,28.796999,29.847,29.347,29.847,23.1955,46.0,49.0,44.0,36.0,42.0,40.0,71.0,3,spring,46.857142857142854,28.15392828571429
1428,1,2024-03-31 12:00:00+00:00,26.697,27.897,28.647,30.397,29.647,29.447,27.6955,53.0,46.0,47.0,33.0,41.0,42.0,44.0,3,spring,43.714285714285715,28.632499999999997
1429,1,2024-03-31 13:00:00+00:00,25.947,28.147,27.647,29.997,29.447,27.847,26.345499,57.0,44.0,49.0,32.0,39.0,50.0,50.0,3,spring,45.857142857142854,27.911071285714282
1430,1,2024-03-31 14:00:00+00:00,26.097,27.747,25.197,29.046999,28.897,25.397,24.4455,52.0,44.0,62.0,33.0,39.0,61.0,58.0,3,spring,49.857142857142854,26.689642714285714
1431,1,2024-03-31 15:00:00+00:00,23.897,26.447,23.997,27.697,27.796999,23.347,22.595499,65.0,50.0,69.0,38.0,43.0,71.0,66.0,3,spring,57.42857142857143,25.11107114285714
1432,1,2024-03-31 16:00:00+00:00,22.097,22.747,22.697,25.697,25.697,22.147,21.0455,78.0,78.0,76.0,52.0,57.0,77.0,74.0,3,spring,70.28571428571429,23.16107142857143
1433,1,2024-03-31 17:00:00+00:00,20.947,21.597,21.847,23.347,23.097,21.347,19.595499,86.0,86.0,82.0,71.0,75.0,82.0,82.0,3,spring,80.57142857142857,21.682499857142858
1434,1,2024-03-31 18:00:00+00:00,19.747,21.247,21.197,21.546999,21.097,20.647,16.6955,94.0,90.0,85.0,86.0,89.0,86.0,98.0,3,spring,89.71428571428571,20.311071285714288
1435,1,2024-03-31 19:00:00+00:00,19.197,20.447,20.296999,20.546999,20.296999,20.097,16.5455,96.0,93.0,89.0,92.0,93.0,89.0,99.0,3,spring,93.0,19.632499571428575
1436,1,2024-03-31 20:00:00+00:00,18.747,19.897,19.647,19.997,20.147,19.697,16.7455,98.0,96.0,90.0,94.0,93.0,90.0,98.0,3,spring,94.14285714285714,19.268214285714286
1437,1,2024-03-31 21:00:00+00:00,18.247,19.546999,19.046999,19.546999,19.897,19.197,16.8955,100.0,97.0,90.0,94.0,92.0,92.0,98.0,3,spring,94.71428571428571,18.911071
1438,1,2024-03-31 22:00:00+00:00,17.747,19.097,18.397,19.147,19.247,18.397,16.9455,99.0,97.0,91.0,92.0,91.0,94.0,98.0,3,spring,94.57142857142857,18.425357142857145
1439,1,2024-03-31 23:00:00+00:00,17.097,18.497,17.897,18.796999,18.546999,17.497,16.9455,99.0,95.0,91.0,87.0,89.0,96.0,98.0,3,spring,93.57142857142857,17.896785428571427
1440,1,2024-04-01 00:00:00+00:00,17.046999,17.747,17.347,18.097,18.647,18.697,16.8955,100.0,87.0,93.0,87.0,81.0,98.0,96.0,4,spring,91.71428571428571,17.782499857142856
1441,1,2024-04-01 01:00:00+00:00,16.447,17.247,16.997,17.497,17.997,17.997,16.2455,98.0,87.0,92.0,88.0,83.0,98.0,96.0,4,spring,91.71428571428571,17.203928571428573
1442,1,2024-04-01 02:00:00+00:00,16.296999,16.796999,16.796999,16.947,17.347,17.296999,15.3455,95.0,86.0,91.0,89.0,85.0,96.0,97.0,4,spring,91.28571428571429,16.68964228571429
1443,1,2024-04-01 03:00:00+00:00,15.646999,16.197,16.647,17.046999,17.347,17.197,15.0955,97.0,86.0,90.0,88.0,85.0,93.0,96.0,4,spring,90.71428571428571,16.453928285714287
1444,1,2024-04-01 04:00:00+00:00,15.247,15.646999,16.447,18.147,18.247,17.997,15.8955,96.0,88.0,90.0,84.0,82.0,89.0,93.0,4,spring,88.85714285714286,16.803928428571428
1445,1,2024-04-01 05:00:00+00:00,17.197,17.397,18.397,19.947,19.796999,19.347,17.2455,92.0,86.0,86.0,78.0,78.0,84.0,88.0,4,spring,84.57142857142857,18.475357
1446,1,2024-04-01 06:00:00+00:00,20.597,20.747,21.097,21.397,21.497,20.947,19.4955,76.0,74.0,70.0,66.0,72.0,78.0,80.0,4,spring,73.71428571428571,20.825357142857143
1447,1,2024-04-01 07:00:00+00:00,23.097,23.046999,23.546999,23.397,23.546999,22.847,21.9955,62.0,64.0,58.0,59.0,64.0,69.0,68.0,4,spring,63.42857142857143,23.068213857142858
1448,1,2024-04-01 08:00:00+00:00,25.046999,25.397,25.847,25.647,25.747,24.947,24.845499,54.0,55.0,49.0,52.0,55.0,59.0,54.0,4,spring,54.0,25.353928285714282
1449,1,2024-04-01 09:00:00+00:00,26.296999,26.796999,27.347,27.397,27.497,26.597,26.7955,49.0,49.0,47.0,47.0,48.0,51.0,45.0,4,spring,48.0,26.961071142857143
1450,1,2024-04-01 10:00:00+00:00,27.046999,27.147,28.447,28.447,28.497,27.546999,27.3955,48.0,46.0,45.0,44.0,43.0,47.0,42.0,4,spring,45.0,27.78964257142857
1451,1,2024-04-01 11:00:00+00:00,27.397,27.247,28.847,28.997,29.046999,28.097,27.1455,46.0,46.0,42.0,42.0,39.0,45.0,44.0,4,spring,43.42857142857143,28.111071285714285
1452,1,2024-04-01 12:00:00+00:00,27.897,27.097,28.546999,28.097,29.597,29.647,25.095499,44.0,50.0,43.0,43.0,36.0,29.0,55.0,4,spring,42.857142857142854,27.996785428571428
1453,1,2024-04-01 13:00:00+00:00,27.597,26.546999,28.347,27.447,28.747,29.546999,23.6455,44.0,53.0,41.0,45.0,41.0,28.0,65.0,4,spring,45.285714285714285,27.411071142857143
1454,1,2024-04-01 14:00:00+00:00,26.697,25.897,27.046999,26.397,27.347,28.997,21.4455,45.0,53.0,47.0,50.0,48.0,30.0,78.0,4,spring,50.142857142857146,26.261071285714287
1455,1,2024-04-01 15:00:00+00:00,25.546999,25.097,26.197,25.147,25.947,27.897,19.595499,50.0,54.0,50.0,56.0,55.0,36.0,89.0,4,spring,55.714285714285715,25.06107114285714
1456,1,2024-04-01 16:00:00+00:00,23.597,23.296999,24.046999,23.647,24.796999,25.847,18.345499,60.0,61.0,56.0,66.0,60.0,50.0,94.0,4,spring,63.857142857142854,23.368213714285712
1457,1,2024-04-01 17:00:00+00:00,21.997,21.847,22.147,21.947,23.697,23.247,17.4455,68.0,67.0,63.0,78.0,64.0,69.0,96.0,4,spring,72.14285714285714,21.76107142857143
1458,1,2024-04-01 18:00:00+00:00,20.497,21.147,21.046999,20.497,22.697,21.197,17.3955,80.0,71.0,68.0,90.0,69.0,83.0,97.0,4,spring,79.71428571428571,20.639642714285714
1459,1,2024-04-01 19:00:00+00:00,19.997,20.247,20.247,19.847,21.796999,20.296999,17.095499,82.0,77.0,73.0,93.0,74.0,88.0,98.0,4,spring,83.57142857142857,19.93249957142857
1460,1,2024-04-01 20:00:00+00:00,19.296999,19.447,19.447,19.296999,21.046999,19.947,16.8955,87.0,81.0,80.0,95.0,79.0,87.0,98.0,4,spring,86.71428571428571,19.33964242857143
1461,1,2024-04-01 21:00:00+00:00,18.747,18.796999,19.046999,18.897,20.147,19.546999,16.7955,90.0,85.0,84.0,96.0,84.0,88.0,98.0,4,spring,89.28571428571429,18.853928142857143
1462,1,2024-04-01 22:00:00+00:00,18.546999,18.347,18.747,18.697,19.046999,18.847,16.7955,91.0,87.0,86.0,97.0,88.0,92.0,98.0,4,spring,91.28571428571429,18.432499714285715
1463,1,2024-04-01 23:00:00+00:00,18.046999,18.097,18.347,18.597,17.847,18.147,16.8955,94.0,90.0,86.0,97.0,92.0,96.0,97.0,4,spring,93.14285714285714,17.99678557142857
1464,1,2024-04-02 00:00:00+00:00,16.997,17.197,18.647,18.897,17.847,18.647,15.2955,96.0,94.0,86.0,93.0,97.0,97.0,96.0,4,spring,94.14285714285714,17.646785714285716
1465,1,2024-04-02 01:00:00+00:00,16.247,16.897,17.997,18.147,17.296999,17.947,15.3455,98.0,94.0,89.0,94.0,97.0,96.0,96.0,4,spring,94.85714285714286,17.125357
1466,1,2024-04-02 02:00:00+00:00,15.847,16.597,17.347,17.296999,16.847,17.247,15.4955,97.0,94.0,91.0,96.0,95.0,94.0,97.0,4,spring,94.85714285714286,16.668214142857146
1467,1,2024-04-02 03:00:00+00:00,15.547,16.247,16.796999,17.097,16.997,17.097,15.8955,96.0,94.0,93.0,95.0,93.0,91.0,96.0,4,spring,94.0,16.525356999999996
1468,1,2024-04-02 04:00:00+00:00,15.447,16.097,16.497,17.897,17.997,17.897,16.5455,95.0,94.0,93.0,92.0,90.0,88.0,94.0,4,spring,92.28571428571429,16.91107142857143
1469,1,2024-04-02 05:00:00+00:00,17.697,17.997,18.247,19.397,19.597,19.347,17.4455,89.0,90.0,90.0,87.0,85.0,85.0,92.0,4,spring,88.28571428571429,18.532500000000002
1470,1,2024-04-02 06:00:00+00:00,20.796999,20.897,20.997,20.697,21.296999,20.947,18.595499,77.0,78.0,78.0,79.0,79.0,80.0,86.0,4,spring,79.57142857142857,20.603928142857143
1471,1,2024-04-02 07:00:00+00:00,23.097,23.046999,23.046999,22.597,23.097,22.796999,20.3955,64.0,65.0,68.0,70.0,70.0,72.0,75.0,4,spring,69.14285714285714,22.582499571428574
1472,1,2024-04-02 08:00:00+00:00,25.147,24.747,24.597,24.647,24.997,24.847,22.6455,55.0,57.0,62.0,60.0,60.0,63.0,62.0,4,spring,59.857142857142854,24.518214285714286
1473,1,2024-04-02 09:00:00+00:00,26.296999,25.997,25.897,26.147,26.447,26.497,24.595499,50.0,54.0,59.0,53.0,53.0,56.0,51.0,4,spring,53.714285714285715,25.982499714285712
1474,1,2024-04-02 10:00:00+00:00,27.147,26.597,26.197,27.046999,27.447,27.747,26.095499,47.0,54.0,60.0,50.0,49.0,50.0,46.0,4,spring,50.857142857142854,26.89678542857143
1475,1,2024-04-02 11:00:00+00:00,26.997,26.296999,24.997,27.497,28.046999,28.546999,27.2955,47.0,54.0,66.0,50.0,47.0,46.0,44.0,4,spring,50.57142857142857,27.096785285714283
1476,1,2024-04-02 12:00:00+00:00,25.397,26.197,23.697,22.597,28.147,28.597,21.2955,58.0,53.0,72.0,79.0,50.0,46.0,72.0,4,spring,61.42857142857143,25.1325
1477,1,2024-04-02 13:00:00+00:00,24.097,26.497,22.697,21.647,27.097,26.997,20.5455,66.0,51.0,78.0,84.0,54.0,54.0,78.0,4,spring,66.42857142857143,24.225357142857142
1478,1,2024-04-02 14:00:00+00:00,23.747,25.046999,22.697,20.847,25.347,24.647,20.4455,66.0,60.0,79.0,88.0,60.0,66.0,83.0,4,spring,71.71428571428571,23.25392842857143
1479,1,2024-04-02 15:00:00+00:00,22.897,23.296999,20.997,20.197,23.747,22.647,20.095499,71.0,69.0,85.0,91.0,67.0,76.0,87.0,4,spring,78.0,21.982499714285716
1480,1,2024-04-02 16:00:00+00:00,21.796999,22.147,19.947,19.747,22.597,21.447,18.9455,79.0,78.0,92.0,93.0,73.0,83.0,90.0,4,spring,84.0,20.94678557142857
1481,1,2024-04-02 17:00:00+00:00,20.647,21.296999,19.697,19.397,21.546999,20.597,17.595499,87.0,86.0,94.0,93.0,80.0,88.0,93.0,4,spring,88.71428571428571,20.111071
1482,1,2024-04-02 18:00:00+00:00,19.647,20.647,19.947,19.147,20.697,19.997,16.2955,94.0,86.0,94.0,95.0,85.0,92.0,99.0,4,spring,92.14285714285714,19.482499999999998
1483,1,2024-04-02 19:00:00+00:00,19.197,20.097,19.397,18.847,20.046999,19.647,15.8455,94.0,87.0,96.0,96.0,87.0,93.0,100.0,4,spring,93.28571428571429,19.011071285714284
1484,1,2024-04-02 20:00:00+00:00,19.046999,19.796999,19.046999,18.546999,19.597,19.497,16.1955,95.0,87.0,97.0,97.0,88.0,93.0,100.0,4,spring,93.85714285714286,18.818213714285715
1485,1,2024-04-02 21:00:00+00:00,18.546999,19.046999,18.947,18.296999,19.097,19.296999,16.4955,97.0,92.0,95.0,97.0,89.0,93.0,99.0,4,spring,94.57142857142857,18.53249942857143
1486,1,2024-04-02 22:00:00+00:00,18.147,19.347,18.847,17.997,18.497,18.997,16.4455,98.0,91.0,95.0,98.0,91.0,94.0,99.0,4,spring,95.14285714285714,18.325357142857143
1487,1,2024-04-02 23:00:00+00:00,17.847,19.197,18.397,17.697,17.847,18.697,16.3955,99.0,92.0,97.0,98.0,92.0,96.0,99.0,4,spring,96.14285714285714,18.011071428571427
1488,1,2024-04-03 00:00:00+00:00,18.597,18.747,18.097,18.147,17.497,17.897,15.0955,95.0,96.0,97.0,95.0,94.0,93.0,93.0,4,spring,94.71428571428571,17.725357142857142
1489,1,2024-04-03 01:00:00+00:00,18.546999,18.546999,17.796999,17.897,17.046999,17.347,14.8455,95.0,97.0,98.0,96.0,95.0,95.0,94.0,4,spring,95.71428571428571,17.43249942857143
1490,1,2024-04-03 02:00:00+00:00,18.147,18.397,17.796999,17.697,16.697,16.747,14.945499,96.0,97.0,98.0,97.0,96.0,97.0,92.0,4,spring,96.14285714285714,17.203928285714287
1491,1,2024-04-03 03:00:00+00:00,17.546999,18.046999,17.647,17.796999,16.847,16.796999,15.4955,97.0,98.0,99.0,97.0,95.0,97.0,89.0,4,spring,96.0,17.168213714285713
1492,1,2024-04-03 04:00:00+00:00,17.197,17.847,17.397,18.447,17.897,17.796999,16.9455,97.0,98.0,98.0,95.0,92.0,94.0,82.0,4,spring,93.71428571428571,17.64678557142857
1493,1,2024-04-03 05:00:00+00:00,18.397,18.546999,18.697,19.447,19.497,19.397,18.8955,96.0,96.0,95.0,92.0,88.0,90.0,73.0,4,spring,90.0,18.98249985714286
1494,1,2024-04-03 06:00:00+00:00,19.546999,19.997,20.647,20.447,21.247,21.147,19.095499,89.0,88.0,86.0,87.0,82.0,84.0,82.0,4,spring,85.42857142857143,20.30392828571428
1495,1,2024-04-03 07:00:00+00:00,20.597,21.347,22.497,21.997,23.197,23.097,20.7955,86.0,82.0,76.0,81.0,73.0,75.0,75.0,4,spring,78.28571428571429,21.9325
1496,1,2024-04-03 08:00:00+00:00,21.697,22.847,23.847,23.597,25.296999,25.197,22.5455,82.0,76.0,71.0,73.0,62.0,64.0,67.0,4,spring,70.71428571428571,23.575357
1497,1,2024-04-03 09:00:00+00:00,22.847,24.097,25.046999,24.847,26.847,26.697,23.7955,76.0,68.0,65.0,67.0,54.0,56.0,62.0,4,spring,64.0,24.882499857142857
1498,1,2024-04-03 10:00:00+00:00,23.747,24.997,25.997,25.546999,27.747,27.497,24.2955,71.0,64.0,62.0,64.0,51.0,54.0,61.0,4,spring,61.0,25.689642714285714
1499,1,2024-04-03 11:00:00+00:00,24.197,25.847,26.497,25.847,28.097,27.697,24.2455,69.0,62.0,59.0,63.0,50.0,54.0,64.0,4,spring,60.142857142857146,26.06107142857143
1500,1,2024-04-03 12:00:00+00:00,23.847,23.796999,24.546999,26.796999,28.796999,27.697,25.7955,71.0,72.0,65.0,56.0,48.0,54.0,46.0,4,spring,58.857142857142854,25.896785142857144
1501,1,2024-04-03 13:00:00+00:00,22.447,23.597,23.796999,25.497,27.197,26.397,23.5455,76.0,73.0,71.0,61.0,55.0,60.0,58.0,4,spring,64.85714285714286,24.639642714285714
1502,1,2024-04-03 14:00:00+00:00,21.347,22.497,22.197,23.546999,24.747,24.497,20.595499,83.0,77.0,77.0,70.0,65.0,67.0,76.0,4,spring,73.57142857142857,22.775356857142857
1503,1,2024-04-03 15:00:00+00:00,20.697,21.897,21.546999,21.897,22.697,22.897,18.2955,86.0,78.0,80.0,77.0,74.0,74.0,89.0,4,spring,79.71428571428571,21.418214142857142
1504,1,2024-04-03 16:00:00+00:00,20.046999,21.197,20.597,20.947,21.647,21.947,17.345499,89.0,84.0,86.0,81.0,79.0,79.0,93.0,4,spring,84.42857142857143,20.532499714285713
1505,1,2024-04-03 17:00:00+00:00,19.497,20.597,19.997,20.347,21.097,21.296999,17.0455,91.0,88.0,90.0,84.0,83.0,83.0,92.0,4,spring,87.28571428571429,19.98249985714286
1506,1,2024-04-03 18:00:00+00:00,18.497,19.147,19.796999,19.347,20.546999,20.647,18.095499,94.0,94.0,91.0,89.0,86.0,87.0,87.0,4,spring,89.71428571428571,19.439642428571428
1507,1,2024-04-03 19:00:00+00:00,18.447,18.747,19.546999,18.647,19.947,19.897,17.4955,93.0,96.0,91.0,90.0,89.0,90.0,89.0,4,spring,91.14285714285714,18.961071285714286
1508,1,2024-04-03 20:00:00+00:00,18.447,18.497,19.397,17.997,19.397,19.147,16.9455,91.0,95.0,91.0,90.0,92.0,93.0,91.0,4,spring,91.85714285714286,18.54678571428571
1509,1,2024-04-03 21:00:00+00:00,18.347,18.497,19.097,17.447,18.847,18.447,16.3955,90.0,94.0,92.0,90.0,94.0,95.0,93.0,4,spring,92.57142857142857,18.153928571428573
1510,1,2024-04-03 22:00:00+00:00,18.247,18.147,18.747,17.046999,18.296999,17.897,15.7955,88.0,94.0,93.0,91.0,95.0,96.0,94.0,4,spring,93.0,17.73964257142857
1511,1,2024-04-03 23:00:00+00:00,17.847,17.847,18.497,16.747,17.747,17.397,15.195499,91.0,95.0,94.0,93.0,95.0,95.0,95.0,4,spring,94.0,17.325357
1512,1,2024-04-04 00:00:00+00:00,17.897,17.247,18.046999,17.897,17.597,17.497,14.4955,92.0,94.0,92.0,88.0,97.0,93.0,96.0,4,spring,93.14285714285714,17.239642714285715
1513,1,2024-04-04 01:00:00+00:00,17.796999,17.247,17.647,17.147,16.947,16.997,14.0455,91.0,93.0,93.0,91.0,97.0,93.0,97.0,4,spring,93.57142857142857,16.832499857142857
1514,1,2024-04-04 02:00:00+00:00,17.597,17.046999,17.097,16.347,16.296999,16.546999,13.6455,91.0,94.0,94.0,95.0,97.0,94.0,98.0,4,spring,94.71428571428571,16.368213857142855
1515,1,2024-04-04 03:00:00+00:00,17.497,16.697,16.347,16.197,16.296999,16.747,13.8955,90.0,95.0,95.0,96.0,96.0,93.0,97.0,4,spring,94.57142857142857,16.239642714285715
1516,1,2024-04-04 04:00:00+00:00,17.347,16.147,15.997,17.197,17.347,17.897,15.2955,91.0,97.0,96.0,94.0,93.0,89.0,93.0,4,spring,93.28571428571429,16.746785714285714
1517,1,2024-04-04 05:00:00+00:00,18.247,17.897,18.046999,18.897,19.097,19.697,17.3955,92.0,94.0,90.0,90.0,88.0,84.0,86.0,4,spring,89.14285714285714,18.468214142857143
1518,1,2024-04-04 06:00:00+00:00,20.097,20.947,20.796999,21.046999,20.947,21.597,19.1955,85.0,82.0,82.0,82.0,82.0,77.0,82.0,4,spring,81.71428571428571,20.661071142857143
1519,1,2024-04-04 07:00:00+00:00,22.197,23.046999,22.997,22.697,22.897,23.597,21.4955,76.0,71.0,69.0,74.0,73.0,68.0,73.0,4,spring,72.0,22.70392842857143
1520,1,2024-04-04 08:00:00+00:00,23.947,24.747,24.847,24.247,24.997,25.647,23.9455,67.0,67.0,63.0,64.0,63.0,57.0,63.0,4,spring,63.42857142857143,24.625357142857144
1521,1,2024-04-04 09:00:00+00:00,25.497,26.397,26.347,25.546999,26.597,27.247,25.3955,61.0,58.0,57.0,56.0,55.0,49.0,57.0,4,spring,56.142857142857146,26.146785571428573
1522,1,2024-04-04 10:00:00+00:00,26.397,27.347,27.397,26.597,27.647,28.097,25.1455,56.0,54.0,52.0,52.0,50.0,45.0,60.0,4,spring,52.714285714285715,26.946785714285713
1523,1,2024-04-04 11:00:00+00:00,26.647,27.796999,28.097,27.347,28.247,28.397,23.9455,53.0,52.0,48.0,50.0,47.0,43.0,67.0,4,spring,51.42857142857143,27.211071285714286
1524,1,2024-04-04 12:00:00+00:00,27.147,27.796999,27.447,27.546999,26.997,28.796999,22.095499,48.0,51.0,53.0,52.0,50.0,43.0,74.0,4,spring,53.0,26.832499428571428
1525,1,2024-04-04 13:00:00+00:00,26.747,27.546999,27.197,26.546999,25.997,28.597,21.4455,49.0,52.0,54.0,56.0,56.0,44.0,79.0,4,spring,55.714285714285715,26.296785428571432
1526,1,2024-04-04 14:00:00+00:00,25.947,24.697,24.597,24.997,24.497,27.997,20.8955,52.0,65.0,69.0,62.0,66.0,47.0,83.0,4,spring,63.42857142857143,24.80392857142857
1527,1,2024-04-04 15:00:00+00:00,25.247,22.647,23.097,23.546999,23.197,26.997,20.095499,55.0,77.0,76.0,68.0,74.0,51.0,86.0,4,spring,69.57142857142857,23.54678542857143
1528,1,2024-04-04 16:00:00+00:00,23.447,21.546999,21.347,22.497,22.296999,25.347,18.845499,64.0,84.0,85.0,74.0,80.0,59.0,89.0,4,spring,76.42857142857143,22.189642428571428
1529,1,2024-04-04 17:00:00+00:00,21.747,21.046999,20.546999,21.597,21.597,23.347,17.345499,72.0,88.0,89.0,79.0,85.0,68.0,91.0,4,spring,81.71428571428571,21.03249957142857
1530,1,2024-04-04 18:00:00+00:00,20.046999,20.796999,20.796999,20.947,20.997,21.697,17.3955,78.0,89.0,91.0,87.0,89.0,76.0,89.0,4,spring,85.57142857142857,20.382499571428575
1531,1,2024-04-04 19:00:00+00:00,19.197,20.097,20.497,20.447,20.497,20.747,16.4455,81.0,92.0,93.0,89.0,91.0,80.0,91.0,4,spring,88.14285714285714,19.703928571428573
1532,1,2024-04-04 20:00:00+00:00,18.347,19.597,20.247,20.097,20.147,20.197,15.695499,83.0,94.0,94.0,91.0,93.0,83.0,93.0,4,spring,90.14285714285714,19.189642714285718
1533,1,2024-04-04 21:00:00+00:00,17.697,19.296999,19.747,19.747,19.697,19.597,15.195499,83.0,94.0,95.0,92.0,94.0,85.0,94.0,4,spring,91.0,18.711071142857147
1534,1,2024-04-04 22:00:00+00:00,17.046999,18.997,19.197,19.447,19.046999,18.796999,14.945499,82.0,94.0,97.0,94.0,96.0,88.0,95.0,4,spring,92.28571428571429,18.211070857142857
1535,1,2024-04-04 23:00:00+00:00,16.397,18.597,18.747,19.147,18.347,17.947,14.945499,83.0,95.0,98.0,96.0,98.0,90.0,96.0,4,spring,93.71428571428571,17.73249985714286
1536,1,2024-04-05 00:00:00+00:00,16.947,17.697,17.447,18.296999,17.296999,17.997,14.4955,91.0,96.0,97.0,97.0,98.0,96.0,96.0,4,spring,95.85714285714286,17.168214
1537,1,2024-04-05 01:00:00+00:00,16.447,17.097,17.147,17.747,16.847,17.347,14.1455,94.0,96.0,96.0,98.0,98.0,96.0,97.0,4,spring,96.42857142857143,16.6825
1538,1,2024-04-05 02:00:00+00:00,16.147,16.497,16.796999,17.247,16.497,16.697,13.8455,95.0,96.0,95.0,99.0,98.0,96.0,97.0,4,spring,96.57142857142857,16.24678557142857
1539,1,2024-04-05 03:00:00+00:00,15.896999,16.097,16.497,17.296999,16.647,16.697,14.195499,94.0,96.0,95.0,97.0,96.0,94.0,96.0,4,spring,95.42857142857143,16.189642428571428
1540,1,2024-04-05 04:00:00+00:00,15.797,15.896999,16.296999,18.296999,17.546999,17.796999,15.5455,94.0,95.0,94.0,92.0,93.0,90.0,92.0,4,spring,92.85714285714286,16.739642142857143
1541,1,2024-04-05 05:00:00+00:00,17.697,17.796999,18.247,19.847,18.997,19.497,17.4955,91.0,93.0,91.0,84.0,89.0,85.0,86.0,4,spring,88.42857142857143,18.511071285714284
1542,1,2024-04-05 06:00:00+00:00,20.796999,21.097,20.997,21.247,20.597,21.296999,18.9955,83.0,80.0,83.0,79.0,83.0,79.0,81.0,4,spring,81.14285714285714,20.718214
1543,1,2024-04-05 07:00:00+00:00,23.097,23.397,23.197,23.097,22.546999,23.046999,21.7455,68.0,66.0,69.0,71.0,74.0,71.0,69.0,4,spring,69.71428571428571,22.875356857142858
1544,1,2024-04-05 08:00:00+00:00,25.097,25.447,24.997,25.097,24.697,24.796999,24.8955,59.0,56.0,61.0,62.0,63.0,63.0,55.0,4,spring,59.857142857142854,25.00392842857143
1545,1,2024-04-05 09:00:00+00:00,26.347,26.347,26.546999,26.597,26.397,26.247,27.1955,54.0,52.0,54.0,55.0,55.0,56.0,45.0,4,spring,53.0,26.525356999999996
1546,1,2024-04-05 10:00:00+00:00,26.997,27.197,27.647,27.497,27.397,27.247,28.2455,51.0,49.0,50.0,50.0,50.0,51.0,40.0,4,spring,48.714285714285715,27.461071428571433
1547,1,2024-04-05 11:00:00+00:00,27.497,27.947,28.147,27.947,27.847,27.847,28.4955,51.0,49.0,49.0,47.0,48.0,48.0,40.0,4,spring,47.42857142857143,27.961071428571433
1548,1,2024-04-05 12:00:00+00:00,27.197,27.647,27.847,27.947,27.747,28.097,28.095499,51.0,43.0,51.0,49.0,51.0,48.0,40.0,4,spring,47.57142857142857,27.79678557142857
1549,1,2024-04-05 13:00:00+00:00,26.497,27.097,24.347,26.847,26.497,26.796999,25.845499,54.0,48.0,69.0,55.0,58.0,56.0,52.0,4,spring,56.0,26.27535685714286
1550,1,2024-04-05 14:00:00+00:00,24.097,25.647,22.747,25.046999,24.647,24.847,22.7455,70.0,57.0,79.0,65.0,70.0,68.0,69.0,4,spring,68.28571428571429,24.25392842857143
1551,1,2024-04-05 15:00:00+00:00,23.247,23.847,21.897,23.397,22.997,23.197,20.095499,73.0,66.0,83.0,74.0,79.0,77.0,82.0,4,spring,76.28571428571429,22.668214142857142
1552,1,2024-04-05 16:00:00+00:00,22.046999,22.897,20.947,22.197,21.947,22.197,18.345499,79.0,72.0,89.0,80.0,84.0,81.0,89.0,4,spring,82.0,21.51107114285714
1553,1,2024-04-05 17:00:00+00:00,20.947,21.747,20.597,21.147,21.147,21.447,17.095499,86.0,76.0,91.0,85.0,88.0,83.0,93.0,4,spring,86.0,20.589642714285713
1554,1,2024-04-05 18:00:00+00:00,19.947,21.097,20.647,19.997,20.447,20.847,16.2955,93.0,73.0,92.0,91.0,90.0,84.0,95.0,4,spring,88.28571428571429,19.896785714285716
1555,1,2024-04-05 19:00:00+00:00,19.296999,20.447,20.147,19.697,19.796999,20.397,15.7455,98.0,77.0,95.0,92.0,90.0,85.0,96.0,4,spring,90.42857142857143,19.36107114285714
1556,1,2024-04-05 20:00:00+00:00,18.997,20.097,19.947,19.546999,19.247,20.046999,15.5455,98.0,80.0,94.0,93.0,89.0,86.0,96.0,4,spring,90.85714285714286,19.06107114285714
1557,1,2024-04-05 21:00:00+00:00,19.046999,19.397,19.546999,19.296999,18.697,19.597,15.3955,95.0,84.0,96.0,93.0,88.0,87.0,96.0,4,spring,91.28571428571429,18.711071
1558,1,2024-04-05 22:00:00+00:00,18.847,18.697,19.046999,18.897,18.097,18.847,15.1455,93.0,88.0,97.0,94.0,89.0,88.0,96.0,4,spring,92.14285714285714,18.225357000000002
1559,1,2024-04-05 23:00:00+00:00,18.497,17.997,18.546999,18.397,17.546999,17.997,14.8955,93.0,92.0,97.0,96.0,91.0,90.0,96.0,4,spring,93.57142857142857,17.696785428571427
1560,1,2024-04-06 00:00:00+00:00,17.847,17.447,17.647,17.097,17.197,16.697,14.5955,98.0,95.0,94.0,97.0,97.0,93.0,97.0,4,spring,95.85714285714286,16.9325
1561,1,2024-04-06 01:00:00+00:00,16.997,17.097,16.997,16.147,16.447,16.047,14.2955,99.0,94.0,96.0,99.0,98.0,95.0,97.0,4,spring,96.85714285714286,16.28964285714286
1562,1,2024-04-06 02:00:00+00:00,16.296999,16.747,16.296999,15.396999,15.747,15.597,14.0455,98.0,94.0,98.0,100.0,98.0,96.0,98.0,4,spring,97.42857142857143,15.732499571428571
1563,1,2024-04-06 03:00:00+00:00,15.847,16.347,15.747,15.347,15.747,15.797,14.2955,97.0,94.0,98.0,99.0,97.0,95.0,97.0,4,spring,96.71428571428571,15.589642857142858
1564,1,2024-04-06 04:00:00+00:00,15.646999,16.047,15.497,16.546999,16.947,17.046999,15.2455,96.0,94.0,98.0,95.0,93.0,91.0,94.0,4,spring,94.42857142857143,16.139642428571428
1565,1,2024-04-06 05:00:00+00:00,17.697,17.947,17.347,18.497,18.897,18.947,16.6955,90.0,91.0,94.0,88.0,87.0,85.0,90.0,4,spring,89.28571428571429,18.00392857142857
1566,1,2024-04-06 06:00:00+00:00,20.697,20.897,20.647,20.046999,20.947,20.997,19.2955,79.0,80.0,82.0,88.0,80.0,78.0,85.0,4,spring,81.71428571428571,20.503928428571424
1567,1,2024-04-06 07:00:00+00:00,23.097,23.046999,22.697,21.697,22.997,23.197,21.4955,67.0,67.0,72.0,80.0,71.0,69.0,77.0,4,spring,71.85714285714286,22.60392842857143
1568,1,2024-04-06 08:00:00+00:00,25.097,25.147,24.497,23.546999,25.097,25.497,23.9455,59.0,57.0,63.0,70.0,62.0,60.0,67.0,4,spring,62.57142857142857,24.689642714285718
1569,1,2024-04-06 09:00:00+00:00,25.947,26.747,25.546999,24.947,26.796999,27.197,25.6955,55.0,51.0,61.0,63.0,54.0,52.0,60.0,4,spring,56.57142857142857,26.12535685714286
1570,1,2024-04-06 10:00:00+00:00,26.796999,27.397,26.197,25.897,27.897,27.897,26.4455,51.0,48.0,57.0,59.0,49.0,48.0,55.0,4,spring,52.42857142857143,26.932499857142854
1571,1,2024-04-06 11:00:00+00:00,27.247,28.046999,26.147,26.397,28.546999,27.997,26.4955,50.0,47.0,60.0,58.0,46.0,47.0,53.0,4,spring,51.57142857142857,27.268214
1572,1,2024-04-06 12:00:00+00:00,26.296999,26.197,26.546999,27.497,28.197,28.347,20.8955,54.0,53.0,58.0,52.0,45.0,48.0,78.0,4,spring,55.42857142857143,26.282499714285713
1573,1,2024-04-06 13:00:00+00:00,26.747,23.796999,25.147,26.546999,28.097,27.097,19.9955,54.0,66.0,66.0,57.0,45.0,55.0,84.0,4,spring,61.0,25.34678542857143
1574,1,2024-04-06 14:00:00+00:00,24.097,24.046999,22.546999,24.947,27.747,25.197,19.595499,69.0,66.0,77.0,64.0,46.0,65.0,88.0,4,spring,67.85714285714286,24.025356714285714
1575,1,2024-04-06 15:00:00+00:00,23.197,23.597,21.997,23.497,26.997,23.546999,19.1955,76.0,67.0,79.0,71.0,49.0,74.0,91.0,4,spring,72.42857142857143,23.146785571428573
1576,1,2024-04-06 16:00:00+00:00,22.046999,22.097,21.397,22.447,25.597,22.546999,18.5455,83.0,76.0,83.0,75.0,57.0,80.0,94.0,4,spring,78.28571428571429,22.09678542857143
1577,1,2024-04-06 17:00:00+00:00,20.747,20.997,20.847,21.546999,23.796999,21.847,17.845499,90.0,83.0,88.0,79.0,68.0,84.0,96.0,4,spring,84.0,21.08964242857143
1578,1,2024-04-06 18:00:00+00:00,20.497,20.046999,20.697,20.247,22.296999,21.197,17.1955,87.0,89.0,85.0,91.0,76.0,87.0,96.0,4,spring,87.28571428571429,20.311071142857145
1579,1,2024-04-06 19:00:00+00:00,19.597,19.747,20.197,19.897,21.347,20.597,16.9955,91.0,90.0,90.0,92.0,79.0,90.0,97.0,4,spring,89.85714285714286,19.768214285714286
1580,1,2024-04-06 20:00:00+00:00,18.997,19.347,19.997,19.697,20.697,20.097,16.9955,93.0,92.0,91.0,92.0,80.0,91.0,98.0,4,spring,91.0,19.40392857142857
1581,1,2024-04-06 21:00:00+00:00,18.546999,18.747,19.796999,19.347,20.046999,19.546999,16.8955,94.0,93.0,92.0,92.0,81.0,93.0,98.0,4,spring,91.85714285714286,18.989642285714286
1582,1,2024-04-06 22:00:00+00:00,18.296999,18.247,19.197,18.796999,19.247,18.897,16.5455,94.0,92.0,95.0,94.0,84.0,95.0,98.0,4,spring,93.14285714285714,18.461071142857143
1583,1,2024-04-06 23:00:00+00:00,17.697,17.796999,18.497,18.147,18.397,18.247,16.095499,95.0,93.0,98.0,96.0,88.0,97.0,98.0,4,spring,95.0,17.839642571428573
1584,1,2024-04-07 00:00:00+00:00,17.847,17.197,17.546999,17.197,17.447,17.296999,14.9955,99.0,95.0,98.0,99.0,91.0,91.0,97.0,4,spring,95.71428571428571,17.075356857142857
1585,1,2024-04-07 01:00:00+00:00,17.546999,16.647,16.997,16.546999,16.747,16.697,14.5955,100.0,96.0,98.0,100.0,93.0,93.0,97.0,4,spring,96.71428571428571,16.539642571428573
1586,1,2024-04-07 02:00:00+00:00,17.197,16.296999,16.447,15.947,16.147,16.247,14.1455,99.0,96.0,98.0,100.0,94.0,94.0,97.0,4,spring,96.85714285714286,16.061071285714284
1587,1,2024-04-07 03:00:00+00:00,16.997,16.047,15.947,16.047,16.247,16.397,14.3955,98.0,96.0,97.0,98.0,94.0,94.0,96.0,4,spring,96.14285714285714,16.011071428571427
1588,1,2024-04-07 04:00:00+00:00,16.697,15.997,15.896999,17.247,17.397,17.597,15.695499,98.0,95.0,96.0,94.0,91.0,91.0,93.0,4,spring,94.0,16.646785428571427
1589,1,2024-04-07 05:00:00+00:00,18.147,17.796999,18.046999,19.097,19.247,19.497,17.6455,93.0,91.0,91.0,88.0,85.0,85.0,87.0,4,spring,88.57142857142857,18.496785428571428
1590,1,2024-04-07 06:00:00+00:00,20.147,20.197,20.847,20.747,21.147,21.447,20.1955,84.0,84.0,79.0,87.0,79.0,79.0,78.0,4,spring,81.42857142857143,20.67535714285714
1591,1,2024-04-07 07:00:00+00:00,22.097,22.497,23.397,22.347,23.147,23.447,22.7955,74.0,73.0,67.0,78.0,72.0,71.0,66.0,4,spring,71.57142857142857,22.818214285714284
1592,1,2024-04-07 08:00:00+00:00,23.546999,24.247,25.046999,24.197,25.197,25.497,25.6455,66.0,64.0,59.0,67.0,65.0,61.0,51.0,4,spring,61.857142857142854,24.768214
1593,1,2024-04-07 09:00:00+00:00,24.947,25.497,26.296999,25.597,26.847,27.046999,27.7955,59.0,58.0,54.0,59.0,58.0,54.0,40.0,4,spring,54.57142857142857,26.289642571428573
1594,1,2024-04-07 10:00:00+00:00,25.546999,26.546999,27.447,26.497,27.947,27.847,28.9955,57.0,55.0,52.0,56.0,52.0,50.0,35.0,4,spring,51.0,27.26107114285714
1595,1,2024-04-07 11:00:00+00:00,25.647,26.847,27.796999,27.046999,28.597,28.147,29.4455,57.0,54.0,50.0,56.0,47.0,48.0,34.0,4,spring,49.42857142857143,27.64678542857143
1596,1,2024-04-07 12:00:00+00:00,26.347,26.046999,27.947,27.697,27.347,28.147,29.6955,57.0,63.0,48.0,51.0,52.0,46.0,34.0,4,spring,50.142857142857146,27.60392842857143
1597,1,2024-04-07 13:00:00+00:00,26.247,24.747,27.597,26.397,25.997,26.897,27.345499,61.0,70.0,50.0,59.0,59.0,53.0,45.0,4,spring,56.714285714285715,26.461071285714286
1598,1,2024-04-07 14:00:00+00:00,24.497,22.697,24.697,24.347,23.947,24.947,23.7455,69.0,79.0,65.0,70.0,70.0,64.0,61.0,4,spring,68.28571428571429,24.125357142857144
1599,1,2024-04-07 15:00:00+00:00,23.447,21.796999,23.347,22.597,22.296999,23.247,20.6955,74.0,81.0,74.0,80.0,79.0,74.0,75.0,4,spring,76.71428571428571,22.48964257142858
1600,1,2024-04-07 16:00:00+00:00,22.546999,20.497,22.046999,21.597,21.397,22.097,18.7455,79.0,88.0,82.0,85.0,84.0,81.0,85.0,4,spring,83.42857142857143,21.275356857142857
1601,1,2024-04-07 17:00:00+00:00,21.597,19.796999,21.447,20.947,20.847,21.247,17.2955,85.0,92.0,87.0,88.0,87.0,86.0,92.0,4,spring,88.14285714285714,20.453928428571427
1602,1,2024-04-07 18:00:00+00:00,19.447,19.147,20.347,20.546999,20.347,20.546999,16.3955,91.0,92.0,91.0,89.0,90.0,90.0,97.0,4,spring,91.42857142857143,19.539642571428573
1603,1,2024-04-07 19:00:00+00:00,19.097,18.397,19.997,20.046999,19.796999,20.147,15.7955,92.0,89.0,92.0,91.0,92.0,90.0,100.0,4,spring,92.28571428571429,19.039642571428573
1604,1,2024-04-07 20:00:00+00:00,18.897,18.147,19.597,19.647,19.247,19.897,16.095499,94.0,92.0,94.0,92.0,94.0,89.0,98.0,4,spring,93.28571428571429,18.789642714285712
1605,1,2024-04-07 21:00:00+00:00,18.847,18.046999,19.296999,19.296999,18.796999,19.546999,16.2955,94.0,93.0,95.0,93.0,95.0,88.0,96.0,4,spring,93.42857142857143,18.589642142857144
1606,1,2024-04-07 22:00:00+00:00,18.497,17.747,19.046999,18.997,18.447,18.847,16.095499,95.0,94.0,95.0,94.0,96.0,91.0,96.0,4,spring,94.42857142857143,18.239642571428572
1607,1,2024-04-07 23:00:00+00:00,18.247,17.546999,18.796999,18.697,18.147,17.997,15.7955,96.0,95.0,96.0,96.0,96.0,94.0,96.0,4,spring,95.57142857142857,17.889642571428574
1608,1,2024-04-08 00:00:00+00:00,18.597,17.447,18.497,17.947,18.397,17.546999,15.195499,95.0,93.0,95.0,97.0,95.0,96.0,96.0,4,spring,95.28571428571429,17.661071142857143
1609,1,2024-04-08 01:00:00+00:00,18.247,17.397,18.147,17.197,17.796999,16.747,14.6455,96.0,93.0,96.0,98.0,97.0,97.0,97.0,4,spring,96.28571428571429,17.168214142857142
1610,1,2024-04-08 02:00:00+00:00,17.897,17.247,17.597,16.447,17.147,16.047,14.2955,97.0,94.0,98.0,98.0,100.0,97.0,97.0,4,spring,97.28571428571429,16.66821428571429
1611,1,2024-04-08 03:00:00+00:00,17.347,17.147,17.247,16.397,17.046999,16.097,14.5955,99.0,94.0,99.0,97.0,100.0,96.0,96.0,4,spring,97.28571428571429,16.55392842857143
1612,1,2024-04-08 04:00:00+00:00,17.046999,16.847,16.796999,17.397,17.697,17.347,15.9955,100.0,95.0,100.0,94.0,98.0,92.0,92.0,4,spring,95.85714285714286,17.018214
1613,1,2024-04-08 05:00:00+00:00,18.397,18.097,18.296999,19.046999,18.796999,19.347,18.1455,96.0,92.0,96.0,89.0,94.0,86.0,86.0,4,spring,91.28571428571429,18.58964242857143
1614,1,2024-04-08 06:00:00+00:00,19.597,19.897,20.447,20.546999,20.247,21.397,20.095499,92.0,90.0,85.0,87.0,88.0,79.0,79.0,4,spring,85.71428571428571,20.318214
1615,1,2024-04-08 07:00:00+00:00,20.897,21.147,22.197,22.347,22.197,23.546999,22.4955,86.0,86.0,76.0,78.0,78.0,69.0,68.0,4,spring,77.28571428571429,22.11821414285714
1616,1,2024-04-08 08:00:00+00:00,22.247,22.497,23.897,24.347,24.447,25.747,25.0455,78.0,78.0,67.0,67.0,66.0,59.0,56.0,4,spring,67.28571428571429,24.032500000000002
1617,1,2024-04-08 09:00:00+00:00,23.497,23.447,25.046999,25.947,26.197,27.447,26.9955,72.0,73.0,61.0,58.0,57.0,50.0,46.0,4,spring,59.57142857142857,25.511071285714284
1618,1,2024-04-08 10:00:00+00:00,24.247,24.497,26.197,27.097,27.296999,28.397,28.345499,69.0,69.0,58.0,52.0,51.0,45.0,40.0,4,spring,54.857142857142854,26.582499714285714
1619,1,2024-04-08 11:00:00+00:00,24.847,25.046999,26.997,27.847,27.947,28.897,29.1455,67.0,66.0,55.0,49.0,48.0,43.0,37.0,4,spring,52.142857142857146,27.24678557142857
1620,1,2024-04-08 12:00:00+00:00,23.447,23.497,26.546999,27.847,28.097,27.147,28.095499,74.0,74.0,58.0,49.0,45.0,56.0,42.0,4,spring,56.857142857142854,26.38249971428571
1621,1,2024-04-08 13:00:00+00:00,21.546999,22.597,25.447,27.497,27.697,26.197,25.5455,80.0,78.0,65.0,49.0,47.0,61.0,55.0,4,spring,62.142857142857146,25.218214142857143
1622,1,2024-04-08 14:00:00+00:00,21.197,22.247,24.247,26.747,26.747,24.747,21.845499,80.0,76.0,71.0,51.0,51.0,67.0,74.0,4,spring,67.14285714285714,23.968214142857143
1623,1,2024-04-08 15:00:00+00:00,20.397,21.997,22.997,25.647,25.597,23.497,18.9955,84.0,75.0,76.0,55.0,57.0,73.0,89.0,4,spring,72.71428571428571,22.732499999999998
1624,1,2024-04-08 16:00:00+00:00,19.796999,21.197,21.747,24.147,24.197,22.697,17.8955,86.0,79.0,82.0,64.0,65.0,77.0,94.0,4,spring,78.14285714285714,21.668214142857146
1625,1,2024-04-08 17:00:00+00:00,19.247,20.597,20.897,22.347,22.597,22.097,17.6955,90.0,81.0,87.0,76.0,75.0,81.0,95.0,4,spring,83.57142857142857,20.782500000000002
1626,1,2024-04-08 18:00:00+00:00,18.497,19.597,20.546999,21.147,21.296999,21.447,16.595499,87.0,91.0,86.0,86.0,82.0,85.0,96.0,4,spring,87.57142857142857,19.875356714285715
1627,1,2024-04-08 19:00:00+00:00,18.347,19.296999,20.247,20.647,20.647,20.597,16.6955,87.0,92.0,89.0,89.0,85.0,89.0,95.0,4,spring,89.42857142857143,19.496785571428575
1628,1,2024-04-08 20:00:00+00:00,18.147,18.897,19.897,20.247,20.296999,19.647,16.9955,88.0,93.0,91.0,91.0,87.0,93.0,95.0,4,spring,91.14285714285714,19.161071285714282
1629,1,2024-04-08 21:00:00+00:00,18.046999,18.647,19.397,19.847,19.897,18.847,17.095499,89.0,94.0,94.0,93.0,88.0,96.0,94.0,4,spring,92.57142857142857,18.825356857142854
1630,1,2024-04-08 22:00:00+00:00,17.897,18.296999,18.947,19.347,19.197,18.247,16.7455,89.0,95.0,95.0,95.0,90.0,96.0,94.0,4,spring,93.42857142857143,18.382499857142857
1631,1,2024-04-08 23:00:00+00:00,17.747,17.947,18.796999,18.847,18.397,17.796999,16.1955,89.0,97.0,95.0,97.0,93.0,96.0,95.0,4,spring,94.57142857142857,17.96107114285714
1632,1,2024-04-09 00:00:00+00:00,17.647,17.397,18.097,17.447,17.796999,17.697,15.0955,95.0,98.0,95.0,98.0,99.0,95.0,96.0,4,spring,96.57142857142857,17.311071285714284
1633,1,2024-04-09 01:00:00+00:00,17.397,17.647,18.147,16.697,17.046999,17.046999,14.8455,95.0,97.0,95.0,99.0,99.0,96.0,97.0,4,spring,96.85714285714286,16.975356857142856
1634,1,2024-04-09 02:00:00+00:00,17.046999,17.546999,18.197,16.097,16.397,16.397,14.695499,95.0,97.0,95.0,100.0,98.0,96.0,98.0,4,spring,97.0,16.62535671428571
1635,1,2024-04-09 03:00:00+00:00,16.697,17.247,17.947,16.097,16.397,16.447,15.0955,96.0,98.0,96.0,99.0,96.0,95.0,97.0,4,spring,96.71428571428571,16.561071428571427
1636,1,2024-04-09 04:00:00+00:00,16.347,16.997,17.347,17.046999,17.447,17.546999,16.2455,96.0,98.0,98.0,96.0,92.0,91.0,94.0,4,spring,95.0,16.996785428571428
1637,1,2024-04-09 05:00:00+00:00,17.897,18.347,18.747,18.647,19.147,19.347,17.9955,93.0,95.0,96.0,91.0,86.0,86.0,89.0,4,spring,90.85714285714286,18.589642857142856
1638,1,2024-04-09 06:00:00+00:00,19.947,20.546999,20.046999,20.546999,20.997,21.247,20.095499,87.0,83.0,87.0,85.0,80.0,80.0,82.0,4,spring,83.42857142857143,20.489642285714286
1639,1,2024-04-09 07:00:00+00:00,21.697,22.447,22.296999,22.397,22.997,23.197,22.4455,79.0,74.0,75.0,76.0,72.0,73.0,72.0,4,spring,74.42857142857143,22.49678557142857
1640,1,2024-04-09 08:00:00+00:00,23.097,23.897,24.147,24.247,25.147,25.296999,24.9955,73.0,67.0,65.0,66.0,62.0,65.0,60.0,4,spring,65.42857142857143,24.403928428571426
1641,1,2024-04-09 09:00:00+00:00,24.397,25.147,25.697,25.747,26.796999,26.947,26.7955,66.0,61.0,58.0,58.0,55.0,58.0,52.0,4,spring,58.285714285714285,25.932499857142858
1642,1,2024-04-09 10:00:00+00:00,25.447,26.197,26.647,26.847,27.796999,28.097,27.6455,63.0,55.0,53.0,53.0,50.0,52.0,49.0,4,spring,53.57142857142857,26.95392842857143
1643,1,2024-04-09 11:00:00+00:00,25.947,26.647,27.296999,27.546999,28.347,28.796999,27.7955,64.0,55.0,53.0,50.0,48.0,47.0,50.0,4,spring,52.42857142857143,27.482499571428573
1644,1,2024-04-09 12:00:00+00:00,25.697,26.897,27.197,26.497,27.296999,29.296999,24.095499,63.0,55.0,54.0,59.0,56.0,43.0,65.0,4,spring,56.42857142857143,26.711070999999997
1645,1,2024-04-09 13:00:00+00:00,25.497,25.447,26.796999,26.147,26.097,27.747,22.6955,64.0,63.0,55.0,59.0,62.0,51.0,74.0,4,spring,61.142857142857146,25.775357000000007
1646,1,2024-04-09 14:00:00+00:00,24.597,23.796999,24.197,25.397,24.197,25.296999,20.9455,66.0,74.0,69.0,61.0,71.0,65.0,84.0,4,spring,70.0,24.061071142857145
1647,1,2024-04-09 15:00:00+00:00,23.097,23.097,22.447,24.497,22.597,23.247,19.4955,77.0,76.0,78.0,64.0,78.0,76.0,92.0,4,spring,77.28571428571429,22.63964285714286
1648,1,2024-04-09 16:00:00+00:00,21.347,21.697,21.597,23.397,21.647,22.147,18.6455,85.0,83.0,83.0,71.0,83.0,82.0,94.0,4,spring,83.0,21.49678571428571
1649,1,2024-04-09 17:00:00+00:00,20.597,20.796999,20.497,22.197,20.947,21.447,18.1455,89.0,88.0,90.0,80.0,87.0,86.0,93.0,4,spring,87.57142857142857,20.661071285714286
1650,1,2024-04-09 18:00:00+00:00,20.296999,20.097,20.097,20.397,20.447,20.897,16.3955,91.0,86.0,88.0,91.0,90.0,89.0,97.0,4,spring,90.28571428571429,19.803928428571428
1651,1,2024-04-09 19:00:00+00:00,19.697,19.847,19.697,19.897,20.147,20.447,16.1955,95.0,88.0,90.0,93.0,92.0,90.0,97.0,4,spring,92.14285714285714,19.41821428571429
1652,1,2024-04-09 20:00:00+00:00,19.197,19.597,19.397,19.546999,19.997,20.147,16.2455,96.0,90.0,91.0,93.0,92.0,89.0,97.0,4,spring,92.57142857142857,19.161071285714286
1653,1,2024-04-09 21:00:00+00:00,19.147,19.497,19.147,19.247,19.747,19.747,16.1955,95.0,91.0,92.0,94.0,93.0,89.0,96.0,4,spring,92.85714285714286,18.961071428571426
1654,1,2024-04-09 22:00:00+00:00,18.997,19.147,18.847,18.947,19.347,19.097,15.9955,94.0,92.0,93.0,95.0,95.0,92.0,96.0,4,spring,93.85714285714286,18.625357142857144
1655,1,2024-04-09 23:00:00+00:00,18.697,18.697,18.697,18.647,18.796999,18.397,15.7455,94.0,92.0,93.0,97.0,97.0,95.0,96.0,4,spring,94.85714285714286,18.23964271428571
1656,1,2024-04-10 00:00:00+00:00,18.097,18.747,18.847,18.147,17.597,18.397,15.4955,97.0,94.0,97.0,99.0,97.0,96.0,97.0,4,spring,96.71428571428571,17.90392857142857
1657,1,2024-04-10 01:00:00+00:00,17.947,18.447,18.497,17.597,16.847,17.647,14.9955,97.0,95.0,98.0,100.0,98.0,98.0,98.0,4,spring,97.71428571428571,17.42535714285714
1658,1,2024-04-10 02:00:00+00:00,17.796999,17.997,18.046999,17.046999,16.147,16.897,14.6455,98.0,96.0,99.0,100.0,100.0,99.0,98.0,4,spring,98.57142857142857,16.939642428571428
1659,1,2024-04-10 03:00:00+00:00,17.597,17.296999,17.697,17.046999,16.097,16.796999,14.8955,98.0,98.0,99.0,100.0,99.0,98.0,97.0,4,spring,98.42857142857143,16.775356714285714
1660,1,2024-04-10 04:00:00+00:00,17.296999,16.897,17.497,17.897,17.147,17.747,16.095499,98.0,99.0,100.0,97.0,96.0,95.0,93.0,4,spring,96.85714285714286,17.225356857142856
1661,1,2024-04-10 05:00:00+00:00,18.697,18.397,18.597,19.296999,18.847,19.397,17.9455,94.0,96.0,97.0,92.0,91.0,89.0,88.0,4,spring,92.42857142857143,18.739642714285715
1662,1,2024-04-10 06:00:00+00:00,20.247,20.697,20.546999,20.847,20.597,21.097,20.095499,88.0,85.0,87.0,85.0,85.0,83.0,79.0,4,spring,84.57142857142857,20.589642571428573
1663,1,2024-04-10 07:00:00+00:00,22.097,22.347,22.497,22.296999,22.197,22.897,22.5455,78.0,76.0,77.0,79.0,78.0,75.0,68.0,4,spring,75.85714285714286,22.411071285714286
1664,1,2024-04-10 08:00:00+00:00,23.497,23.546999,24.147,23.847,23.847,24.796999,25.2455,70.0,72.0,69.0,72.0,70.0,67.0,54.0,4,spring,67.71428571428571,24.132499714285718
1665,1,2024-04-10 09:00:00+00:00,24.697,24.796999,25.497,24.997,25.197,26.296999,27.2955,64.0,66.0,62.0,67.0,64.0,60.0,44.0,4,spring,61.0,25.539642571428573
1666,1,2024-04-10 10:00:00+00:00,25.697,25.697,26.497,25.747,26.347,27.347,28.6955,60.0,62.0,58.0,64.0,59.0,55.0,38.0,4,spring,56.57142857142857,26.575357142857143
1667,1,2024-04-10 11:00:00+00:00,26.447,26.197,27.046999,26.097,27.197,27.947,29.4455,57.0,60.0,55.0,62.0,56.0,51.0,35.0,4,spring,53.714285714285715,27.196785571428574
1668,1,2024-04-10 12:00:00+00:00,24.647,25.796999,26.296999,27.247,27.046999,26.347,29.2955,71.0,64.0,61.0,56.0,57.0,62.0,37.0,4,spring,58.285714285714285,26.668213857142856
1669,1,2024-04-10 13:00:00+00:00,23.747,24.897,24.597,26.247,26.097,25.497,27.845499,74.0,66.0,72.0,61.0,62.0,66.0,44.0,4,spring,63.57142857142857,25.561071285714284
1670,1,2024-04-10 14:00:00+00:00,23.347,22.947,23.046999,24.597,24.497,24.097,25.595499,74.0,77.0,78.0,70.0,70.0,73.0,57.0,4,spring,71.28571428571429,24.018213999999997
1671,1,2024-04-10 15:00:00+00:00,22.097,22.247,22.447,23.097,22.997,22.847,23.2955,80.0,81.0,81.0,77.0,78.0,79.0,68.0,4,spring,77.71428571428571,22.718214285714286
1672,1,2024-04-10 16:00:00+00:00,21.497,21.447,21.647,22.046999,21.947,21.847,21.0455,84.0,86.0,86.0,82.0,84.0,84.0,78.0,4,spring,83.42857142857143,21.639642714285717
1673,1,2024-04-10 17:00:00+00:00,21.046999,20.447,21.147,21.197,20.997,20.947,18.845499,87.0,91.0,89.0,87.0,88.0,89.0,87.0,4,spring,88.28571428571429,20.661071142857143
1674,1,2024-04-10 18:00:00+00:00,20.447,20.546999,20.747,20.347,20.247,20.247,17.3955,90.0,91.0,89.0,92.0,92.0,93.0,92.0,4,spring,91.28571428571429,19.99678557142857
1675,1,2024-04-10 19:00:00+00:00,19.447,20.097,20.296999,19.997,19.747,19.796999,16.6455,95.0,93.0,92.0,93.0,93.0,94.0,94.0,4,spring,93.42857142857143,19.43249971428571
1676,1,2024-04-10 20:00:00+00:00,19.247,19.747,19.796999,19.747,19.497,19.546999,16.2955,95.0,94.0,92.0,94.0,94.0,94.0,95.0,4,spring,94.0,19.125356857142858
1677,1,2024-04-10 21:00:00+00:00,19.046999,19.447,19.546999,19.447,19.147,19.247,15.9955,95.0,95.0,93.0,94.0,94.0,94.0,96.0,4,spring,94.42857142857143,18.839642571428573
1678,1,2024-04-10 22:00:00+00:00,18.647,19.046999,19.147,19.097,18.697,18.747,15.6455,96.0,97.0,95.0,95.0,95.0,95.0,96.0,4,spring,95.57142857142857,18.432499857142858
1679,1,2024-04-10 23:00:00+00:00,18.247,18.647,18.597,18.647,18.197,18.197,15.3455,97.0,98.0,96.0,95.0,97.0,96.0,96.0,4,spring,96.42857142857143,17.9825
1680,1,2024-04-11 00:00:00+00:00,18.447,18.147,17.697,18.447,17.847,17.397,15.7955,96.0,96.0,97.0,96.0,95.0,97.0,96.0,4,spring,96.14285714285714,17.6825
1681,1,2024-04-11 01:00:00+00:00,17.897,17.847,17.247,17.796999,17.296999,16.697,15.2455,98.0,97.0,97.0,97.0,96.0,98.0,97.0,4,spring,97.14285714285714,17.14678542857143
1682,1,2024-04-11 02:00:00+00:00,17.347,17.546999,16.897,17.046999,16.747,16.047,14.6455,99.0,97.0,97.0,98.0,97.0,99.0,98.0,4,spring,97.85714285714286,16.611071142857142
1683,1,2024-04-11 03:00:00+00:00,16.997,16.997,16.447,16.947,16.796999,16.097,14.695499,100.0,99.0,98.0,98.0,96.0,98.0,97.0,4,spring,98.0,16.42535685714286
1684,1,2024-04-11 04:00:00+00:00,16.747,16.397,16.347,17.796999,17.747,17.197,15.7955,100.0,99.0,97.0,95.0,93.0,95.0,94.0,4,spring,96.14285714285714,16.861071285714285
1685,1,2024-04-11 05:00:00+00:00,18.397,18.197,18.147,19.247,19.296999,19.046999,17.595499,97.0,96.0,93.0,91.0,89.0,90.0,89.0,4,spring,92.14285714285714,18.561071
1686,1,2024-04-11 06:00:00+00:00,20.697,20.947,20.497,20.296999,20.997,20.897,19.8955,86.0,83.0,87.0,88.0,84.0,84.0,82.0,4,spring,84.85714285714286,20.60392842857143
1687,1,2024-04-11 07:00:00+00:00,22.397,23.097,22.546999,22.097,22.947,22.796999,22.345499,77.0,74.0,78.0,82.0,77.0,75.0,72.0,4,spring,76.42857142857143,22.603928142857143
1688,1,2024-04-11 08:00:00+00:00,23.897,24.747,24.397,24.046999,25.147,24.747,24.9955,70.0,66.0,72.0,75.0,68.0,64.0,61.0,4,spring,68.0,24.568214142857137
1689,1,2024-04-11 09:00:00+00:00,24.847,25.796999,25.997,25.647,26.897,26.347,26.8955,65.0,61.0,66.0,68.0,61.0,56.0,52.0,4,spring,61.285714285714285,26.061071285714284
1690,1,2024-04-11 10:00:00+00:00,25.997,26.647,27.296999,26.847,28.296999,27.546999,27.7455,61.0,58.0,58.0,61.0,54.0,51.0,48.0,4,spring,55.857142857142854,27.196785285714288
1691,1,2024-04-11 11:00:00+00:00,26.597,27.046999,28.247,27.697,29.296999,28.296999,27.8955,59.0,57.0,53.0,54.0,48.0,49.0,47.0,4,spring,52.42857142857143,27.868213857142855
1692,1,2024-04-11 12:00:00+00:00,26.097,26.697,27.897,28.147,28.546999,27.597,28.7955,62.0,60.0,50.0,53.0,48.0,54.0,42.0,4,spring,52.714285714285715,27.682499857142858
1693,1,2024-04-11 13:00:00+00:00,25.597,26.347,27.747,26.997,28.497,26.997,27.2455,64.0,61.0,52.0,59.0,46.0,57.0,51.0,4,spring,55.714285714285715,27.06107142857143
1694,1,2024-04-11 14:00:00+00:00,23.947,24.597,27.397,25.097,28.046999,25.796999,24.7955,73.0,68.0,55.0,69.0,46.0,62.0,65.0,4,spring,62.57142857142857,25.668214000000003
1695,1,2024-04-11 15:00:00+00:00,22.697,23.097,23.897,23.447,27.147,24.546999,22.4955,78.0,76.0,72.0,77.0,50.0,68.0,77.0,4,spring,71.14285714285714,23.903928428571426
1696,1,2024-04-11 16:00:00+00:00,21.697,21.747,22.747,22.447,25.447,23.296999,20.7455,84.0,84.0,80.0,82.0,60.0,75.0,84.0,4,spring,78.42857142857143,22.589642714285713
1697,1,2024-04-11 17:00:00+00:00,20.947,20.796999,21.947,21.697,23.296999,21.997,19.1455,88.0,90.0,85.0,87.0,74.0,84.0,89.0,4,spring,85.28571428571429,21.40392828571429
1698,1,2024-04-11 18:00:00+00:00,19.997,20.497,20.597,21.147,21.597,20.897,17.7955,92.0,90.0,89.0,90.0,85.0,90.0,94.0,4,spring,90.0,20.361071428571428
1699,1,2024-04-11 19:00:00+00:00,19.597,19.747,19.647,20.697,20.847,20.197,16.7955,92.0,94.0,94.0,92.0,90.0,93.0,96.0,4,spring,93.0,19.646785714285716
1700,1,2024-04-11 20:00:00+00:00,19.046999,19.397,19.497,20.497,20.546999,19.697,16.095499,94.0,94.0,94.0,92.0,92.0,95.0,97.0,4,spring,94.0,19.25392814285714
1701,1,2024-04-11 21:00:00+00:00,18.697,19.197,19.397,20.197,20.147,19.197,15.5955,95.0,95.0,94.0,93.0,93.0,96.0,97.0,4,spring,94.71428571428571,18.91821428571428
1702,1,2024-04-11 22:00:00+00:00,18.347,19.247,19.097,19.597,19.397,18.597,15.2955,96.0,94.0,95.0,95.0,95.0,96.0,97.0,4,spring,95.42857142857143,18.51107142857143
1703,1,2024-04-11 23:00:00+00:00,17.997,18.897,18.647,18.897,18.597,18.046999,15.195499,97.0,93.0,95.0,98.0,97.0,95.0,96.0,4,spring,95.85714285714286,18.03964257142857
1704,1,2024-04-12 00:00:00+00:00,17.197,18.296999,18.147,17.897,18.697,17.097,15.0955,95.0,93.0,95.0,94.0,96.0,100.0,95.0,4,spring,95.42857142857143,17.489642714285715
1705,1,2024-04-12 01:00:00+00:00,16.647,17.847,17.546999,17.097,17.947,16.447,14.695499,96.0,95.0,96.0,96.0,97.0,100.0,96.0,4,spring,96.57142857142857,16.889642571428574
1706,1,2024-04-12 02:00:00+00:00,16.147,17.347,17.046999,16.296999,17.147,15.896999,14.2955,97.0,96.0,95.0,97.0,97.0,100.0,97.0,4,spring,97.0,16.311071
1707,1,2024-04-12 03:00:00+00:00,15.896999,16.997,16.697,16.247,17.046999,16.097,14.5955,97.0,96.0,95.0,97.0,96.0,98.0,96.0,4,spring,96.42857142857143,16.22535685714286
1708,1,2024-04-12 04:00:00+00:00,15.847,16.796999,16.497,17.497,18.097,17.447,15.8955,96.0,95.0,94.0,93.0,93.0,94.0,93.0,4,spring,94.0,16.868214142857145
1709,1,2024-04-12 05:00:00+00:00,17.997,18.697,18.597,19.497,19.796999,19.497,17.7955,92.0,92.0,92.0,87.0,88.0,88.0,88.0,4,spring,89.57142857142857,18.839642714285713
1710,1,2024-04-12 06:00:00+00:00,20.747,21.147,21.347,21.296999,21.546999,21.546999,19.8955,84.0,83.0,82.0,83.0,83.0,81.0,82.0,4,spring,82.57142857142857,21.07535671428571
1711,1,2024-04-12 07:00:00+00:00,22.546999,23.046999,23.197,23.147,23.247,23.546999,22.2455,77.0,76.0,76.0,75.0,76.0,73.0,71.0,4,spring,74.85714285714286,22.99678528571428
1712,1,2024-04-12 08:00:00+00:00,24.296999,24.697,25.147,25.097,24.997,25.497,24.7455,69.0,69.0,70.0,67.0,68.0,63.0,59.0,4,spring,66.42857142857143,24.925356999999998
1713,1,2024-04-12 09:00:00+00:00,26.397,25.997,26.796999,26.497,26.296999,27.046999,26.6955,60.0,62.0,64.0,61.0,62.0,56.0,49.0,4,spring,59.142857142857146,26.532499571428577
1714,1,2024-04-12 10:00:00+00:00,27.447,26.847,27.997,27.197,27.046999,28.046999,27.845499,54.0,60.0,56.0,59.0,59.0,52.0,43.0,4,spring,54.714285714285715,27.489642428571425
1715,1,2024-04-12 11:00:00+00:00,27.997,27.296999,28.647,27.397,27.447,28.597,28.345499,52.0,59.0,52.0,59.0,57.0,50.0,41.0,4,spring,52.857142857142854,27.961071142857143
1716,1,2024-04-12 12:00:00+00:00,27.447,27.347,28.197,26.847,27.647,27.796999,28.3955,56.0,61.0,52.0,68.0,57.0,55.0,39.0,4,spring,55.42857142857143,27.668214142857142
1717,1,2024-04-12 13:00:00+00:00,24.947,25.647,27.697,26.247,26.397,26.647,26.1955,70.0,72.0,55.0,69.0,63.0,60.0,51.0,4,spring,62.857142857142854,26.25392857142857
1718,1,2024-04-12 14:00:00+00:00,24.147,24.847,24.347,25.296999,24.497,24.796999,22.9455,73.0,73.0,73.0,71.0,72.0,69.0,69.0,4,spring,71.42857142857143,24.411071142857146
1719,1,2024-04-12 15:00:00+00:00,23.947,23.597,23.347,24.347,22.897,23.197,20.1955,73.0,75.0,74.0,73.0,80.0,76.0,83.0,4,spring,76.28571428571429,23.075357142857143
1720,1,2024-04-12 16:00:00+00:00,22.497,22.447,22.247,23.397,21.897,22.197,18.2955,83.0,82.0,82.0,77.0,85.0,82.0,91.0,4,spring,83.14285714285714,21.853928571428572
1721,1,2024-04-12 17:00:00+00:00,21.597,21.947,21.647,22.447,21.197,21.397,16.845499,86.0,85.0,85.0,83.0,89.0,86.0,96.0,4,spring,87.14285714285714,21.011071285714284
1722,1,2024-04-12 18:00:00+00:00,20.497,21.847,20.796999,20.847,20.647,20.796999,16.7955,91.0,87.0,90.0,91.0,92.0,90.0,96.0,4,spring,91.0,20.318214
1723,1,2024-04-12 19:00:00+00:00,20.247,21.197,20.796999,20.347,20.247,20.397,16.0455,90.0,90.0,91.0,93.0,94.0,92.0,98.0,4,spring,92.57142857142857,19.896785571428573
1724,1,2024-04-12 20:00:00+00:00,19.497,20.697,20.397,20.046999,20.046999,20.197,15.7955,93.0,91.0,92.0,93.0,94.0,94.0,98.0,4,spring,93.57142857142857,19.52535685714286
1725,1,2024-04-12 21:00:00+00:00,19.347,19.997,19.747,19.747,19.847,19.847,15.5955,94.0,91.0,95.0,94.0,95.0,95.0,98.0,4,spring,94.57142857142857,19.16107142857143
1726,1,2024-04-12 22:00:00+00:00,19.147,19.347,19.347,19.447,19.597,19.197,15.3455,95.0,90.0,96.0,95.0,96.0,96.0,98.0,4,spring,95.14285714285714,18.77535714285714
1727,1,2024-04-12 23:00:00+00:00,18.796999,18.947,19.296999,19.147,19.397,18.497,15.1455,96.0,89.0,96.0,97.0,97.0,97.0,97.0,4,spring,95.57142857142857,18.461071142857143
1728,1,2024-04-13 00:00:00+00:00,18.647,18.046999,19.147,18.347,17.897,18.647,15.0955,97.0,92.0,96.0,98.0,99.0,97.0,96.0,4,spring,96.42857142857143,17.975356999999995
1729,1,2024-04-13 01:00:00+00:00,18.347,17.597,18.697,17.747,17.347,17.997,14.7955,97.0,93.0,96.0,99.0,99.0,98.0,97.0,4,spring,97.0,17.503928571428574
1730,1,2024-04-13 02:00:00+00:00,17.847,17.197,18.347,17.147,16.947,17.296999,14.5455,96.0,94.0,94.0,99.0,98.0,99.0,97.0,4,spring,96.71428571428571,17.046785571428572
1731,1,2024-04-13 03:00:00+00:00,17.296999,16.897,17.897,17.147,17.097,17.247,14.8955,96.0,94.0,93.0,97.0,96.0,98.0,96.0,4,spring,95.71428571428571,16.925357
1732,1,2024-04-13 04:00:00+00:00,16.997,16.796999,17.647,18.097,18.097,18.197,16.1955,94.0,94.0,92.0,94.0,93.0,95.0,93.0,4,spring,93.57142857142857,17.432499857142854
1733,1,2024-04-13 05:00:00+00:00,18.747,18.697,19.296999,19.647,19.647,19.747,18.095499,88.0,90.0,90.0,89.0,88.0,90.0,89.0,4,spring,89.14285714285714,19.125356857142858
1734,1,2024-04-13 06:00:00+00:00,21.647,21.097,21.296999,21.347,21.397,21.347,20.2955,76.0,82.0,84.0,82.0,82.0,84.0,82.0,4,spring,81.71428571428571,21.20392842857143
1735,1,2024-04-13 07:00:00+00:00,23.747,23.296999,23.097,23.247,23.347,22.997,22.6455,65.0,69.0,72.0,73.0,73.0,76.0,71.0,4,spring,71.28571428571429,23.196785571428567
1736,1,2024-04-13 08:00:00+00:00,25.447,25.046999,24.697,25.247,25.447,24.697,25.1455,57.0,61.0,64.0,62.0,63.0,67.0,58.0,4,spring,61.714285714285715,25.10392842857143
1737,1,2024-04-13 09:00:00+00:00,26.897,26.397,26.147,26.597,27.097,26.097,26.9955,53.0,55.0,59.0,56.0,55.0,60.0,48.0,4,spring,55.142857142857146,26.603928571428575
1738,1,2024-04-13 10:00:00+00:00,27.697,27.397,27.097,26.947,28.097,27.046999,27.9955,51.0,53.0,54.0,56.0,50.0,56.0,43.0,4,spring,51.857142857142854,27.468214142857143
1739,1,2024-04-13 11:00:00+00:00,27.197,27.597,27.447,26.647,28.597,27.697,28.3955,52.0,52.0,53.0,60.0,47.0,54.0,41.0,4,spring,51.285714285714285,27.653928571428573
1740,1,2024-04-13 12:00:00+00:00,27.347,27.997,27.247,27.497,27.697,28.046999,28.1955,53.0,50.0,56.0,51.0,51.0,48.0,43.0,4,spring,50.285714285714285,27.718214142857143
1741,1,2024-04-13 13:00:00+00:00,27.046999,27.597,26.397,26.497,26.647,27.097,27.095499,52.0,49.0,63.0,57.0,57.0,54.0,50.0,4,spring,54.57142857142857,26.911071142857143
1742,1,2024-04-13 14:00:00+00:00,25.597,26.497,24.796999,24.897,25.097,25.497,25.345499,56.0,54.0,72.0,66.0,66.0,63.0,60.0,4,spring,62.42857142857143,25.38964257142857
1743,1,2024-04-13 15:00:00+00:00,24.497,24.747,23.747,23.447,23.597,23.997,23.2955,65.0,64.0,75.0,74.0,74.0,72.0,71.0,4,spring,70.71428571428571,23.90392857142857
1744,1,2024-04-13 16:00:00+00:00,22.847,23.147,22.546999,22.347,22.397,22.847,20.845499,74.0,74.0,82.0,80.0,80.0,78.0,81.0,4,spring,78.42857142857143,22.425356857142855
1745,1,2024-04-13 17:00:00+00:00,21.447,21.947,21.347,21.347,21.296999,21.796999,18.1455,83.0,81.0,88.0,86.0,86.0,84.0,91.0,4,spring,85.57142857142857,21.04678542857143
1746,1,2024-04-13 18:00:00+00:00,19.796999,20.647,20.697,20.897,20.447,20.897,16.2955,94.0,89.0,92.0,90.0,90.0,88.0,97.0,4,spring,91.42857142857143,19.953928428571427
1747,1,2024-04-13 19:00:00+00:00,19.747,20.147,20.347,20.397,19.897,20.097,15.695499,94.0,92.0,94.0,92.0,93.0,92.0,99.0,4,spring,93.71428571428571,19.475357000000002
1748,1,2024-04-13 20:00:00+00:00,19.497,19.997,19.997,20.046999,19.546999,19.447,15.6455,95.0,93.0,93.0,93.0,94.0,94.0,98.0,4,spring,94.28571428571429,19.168214000000003
1749,1,2024-04-13 21:00:00+00:00,19.097,19.597,19.747,19.697,19.247,18.847,15.5955,96.0,94.0,94.0,94.0,95.0,96.0,97.0,4,spring,95.14285714285714,18.8325
1750,1,2024-04-13 22:00:00+00:00,18.847,19.197,18.997,19.197,18.847,18.347,15.3955,97.0,95.0,97.0,96.0,96.0,96.0,97.0,4,spring,96.28571428571429,18.403928571428573
1751,1,2024-04-13 23:00:00+00:00,18.447,18.997,18.497,18.697,18.497,17.947,15.2455,98.0,96.0,99.0,98.0,96.0,95.0,96.0,4,spring,96.85714285714286,18.046785714285715
1752,1,2024-04-14 00:00:00+00:00,18.097,18.796999,18.397,18.546999,18.097,17.447,15.195499,98.0,95.0,98.0,98.0,99.0,98.0,96.0,4,spring,97.42857142857143,17.796785285714286
1753,1,2024-04-14 01:00:00+00:00,17.697,18.597,17.747,18.097,17.546999,16.697,14.8455,99.0,96.0,100.0,99.0,99.0,99.0,97.0,4,spring,98.42857142857143,17.318214142857144
1754,1,2024-04-14 02:00:00+00:00,17.197,18.097,17.397,17.747,16.997,15.947,14.4955,99.0,98.0,100.0,100.0,98.0,99.0,97.0,4,spring,98.71428571428571,16.839642857142856
1755,1,2024-04-14 03:00:00+00:00,16.697,17.697,17.097,17.847,17.046999,15.947,14.7955,99.0,99.0,100.0,99.0,96.0,98.0,96.0,4,spring,98.14285714285714,16.73249985714286
1756,1,2024-04-14 04:00:00+00:00,16.347,17.397,16.847,18.647,17.997,17.147,16.095499,99.0,99.0,99.0,96.0,93.0,94.0,93.0,4,spring,96.14285714285714,17.211071285714286
1757,1,2024-04-14 05:00:00+00:00,18.247,18.897,18.296999,19.897,19.546999,19.097,17.9955,93.0,96.0,94.0,91.0,88.0,89.0,88.0,4,spring,91.28571428571429,18.853928285714286
1758,1,2024-04-14 06:00:00+00:00,20.546999,20.796999,20.947,21.046999,21.247,21.097,19.8955,86.0,86.0,84.0,84.0,82.0,82.0,82.0,4,spring,83.71428571428571,20.796785285714286
1759,1,2024-04-14 07:00:00+00:00,22.546999,22.796999,23.046999,22.897,23.097,23.147,21.9955,73.0,74.0,71.0,75.0,73.0,73.0,72.0,4,spring,73.0,22.789642428571426
1760,1,2024-04-14 08:00:00+00:00,24.147,24.546999,24.847,24.947,25.097,25.247,24.2455,65.0,63.0,62.0,64.0,62.0,62.0,61.0,4,spring,62.714285714285715,24.725357
1761,1,2024-04-14 09:00:00+00:00,25.447,25.947,26.397,26.497,26.697,26.897,25.9955,61.0,57.0,54.0,56.0,53.0,53.0,52.0,4,spring,55.142857142857146,26.268214285714283
1762,1,2024-04-14 10:00:00+00:00,26.447,26.997,27.447,27.397,27.697,27.997,27.095499,59.0,54.0,51.0,52.0,48.0,48.0,47.0,4,spring,51.285714285714285,27.296785571428575
1763,1,2024-04-14 11:00:00+00:00,26.397,27.697,27.897,27.796999,28.296999,28.697,27.6955,59.0,51.0,48.0,51.0,47.0,45.0,45.0,4,spring,49.42857142857143,27.782499714285713
1764,1,2024-04-14 12:00:00+00:00,26.097,27.147,27.546999,28.046999,26.947,28.447,27.6955,64.0,55.0,53.0,48.0,52.0,46.0,45.0,4,spring,51.857142857142854,27.418214000000003
1765,1,2024-04-14 13:00:00+00:00,25.747,26.647,27.147,27.247,26.447,27.697,26.4955,65.0,58.0,56.0,52.0,55.0,50.0,52.0,4,spring,55.42857142857143,26.77535714285714
1766,1,2024-04-14 14:00:00+00:00,24.247,23.947,24.546999,25.897,25.747,26.447,24.595499,73.0,72.0,68.0,59.0,60.0,57.0,64.0,4,spring,64.71428571428571,25.06107114285714
1767,1,2024-04-14 15:00:00+00:00,22.947,23.197,23.296999,24.546999,24.847,25.147,22.595499,77.0,74.0,74.0,66.0,66.0,65.0,74.0,4,spring,70.85714285714286,23.796785285714286
1768,1,2024-04-14 16:00:00+00:00,21.497,21.947,22.497,23.347,23.747,23.796999,20.3955,84.0,79.0,81.0,73.0,74.0,73.0,82.0,4,spring,78.0,22.461071285714286
1769,1,2024-04-14 17:00:00+00:00,20.296999,21.347,21.897,22.147,22.497,22.347,18.095499,89.0,83.0,85.0,80.0,82.0,82.0,89.0,4,spring,84.28571428571429,21.232499714285712
1770,1,2024-04-14 18:00:00+00:00,20.046999,21.197,21.347,21.296999,21.347,21.147,17.4955,93.0,87.0,86.0,85.0,88.0,88.0,93.0,4,spring,88.57142857142857,20.553928285714285
1771,1,2024-04-14 19:00:00+00:00,19.597,20.697,20.897,20.497,20.447,20.296999,16.845499,94.0,89.0,88.0,89.0,90.0,91.0,94.0,4,spring,90.71428571428571,19.896785428571427
1772,1,2024-04-14 20:00:00+00:00,19.197,20.097,20.247,19.796999,19.647,19.647,16.595499,96.0,92.0,91.0,93.0,89.0,91.0,95.0,4,spring,92.42857142857143,19.318213999999994
1773,1,2024-04-14 21:00:00+00:00,18.847,19.697,19.796999,19.197,18.947,19.046999,16.2955,98.0,94.0,93.0,95.0,89.0,91.0,95.0,4,spring,93.57142857142857,18.832499714285714
1774,1,2024-04-14 22:00:00+00:00,18.597,19.597,19.247,18.697,18.347,18.497,15.8955,98.0,94.0,96.0,96.0,90.0,91.0,95.0,4,spring,94.28571428571429,18.411071428571432
1775,1,2024-04-14 23:00:00+00:00,18.347,18.897,18.697,18.247,17.847,18.046999,15.4955,99.0,97.0,97.0,97.0,91.0,91.0,96.0,4,spring,95.42857142857143,17.939642714285714
1776,1,2024-04-15 00:00:00+00:00,17.997,18.296999,18.296999,17.697,17.796999,17.597,15.695499,97.0,95.0,96.0,94.0,95.0,91.0,96.0,4,spring,94.85714285714286,17.625356571428572
1777,1,2024-04-15 01:00:00+00:00,17.546999,17.697,17.947,17.046999,17.247,17.046999,15.2455,96.0,95.0,95.0,95.0,95.0,93.0,97.0,4,spring,95.14285714285714,17.111071000000003
1778,1,2024-04-15 02:00:00+00:00,17.046999,17.447,17.546999,16.397,16.747,16.546999,14.7455,96.0,94.0,95.0,96.0,96.0,94.0,97.0,4,spring,95.42857142857143,16.639642428571428
1779,1,2024-04-15 03:00:00+00:00,16.697,17.097,17.197,16.497,16.847,16.647,14.8955,96.0,93.0,94.0,95.0,94.0,94.0,96.0,4,spring,94.57142857142857,16.55392857142857
1780,1,2024-04-15 04:00:00+00:00,16.497,16.947,16.847,17.697,17.997,17.796999,15.9955,96.0,94.0,95.0,91.0,90.0,91.0,93.0,4,spring,92.85714285714286,17.111071285714285
1781,1,2024-04-15 05:00:00+00:00,18.147,18.796999,18.497,19.647,19.747,19.597,17.7455,91.0,90.0,91.0,86.0,84.0,85.0,89.0,4,spring,88.0,18.882499857142854
1782,1,2024-04-15 06:00:00+00:00,20.997,20.697,21.097,21.247,21.497,21.497,19.595499,85.0,85.0,83.0,83.0,77.0,79.0,85.0,4,spring,82.42857142857143,20.94678557142857
1783,1,2024-04-15 07:00:00+00:00,22.897,22.997,22.747,22.997,23.197,23.397,21.8955,72.0,72.0,72.0,74.0,69.0,71.0,77.0,4,spring,72.42857142857143,22.875357142857144
1784,1,2024-04-15 08:00:00+00:00,24.546999,24.647,24.897,24.747,24.897,25.397,24.3955,64.0,65.0,64.0,64.0,60.0,61.0,67.0,4,spring,63.57142857142857,24.789642714285712
1785,1,2024-04-15 09:00:00+00:00,25.497,25.997,26.197,26.097,26.347,26.947,26.095499,59.0,59.0,57.0,56.0,53.0,54.0,60.0,4,spring,56.857142857142854,26.168214142857146
1786,1,2024-04-15 10:00:00+00:00,26.097,26.397,26.997,26.847,27.447,27.897,26.4955,56.0,56.0,53.0,53.0,49.0,50.0,59.0,4,spring,53.714285714285715,26.882499999999997
1787,1,2024-04-15 11:00:00+00:00,26.397,26.247,27.347,27.147,28.247,28.397,26.0455,55.0,59.0,53.0,54.0,46.0,48.0,60.0,4,spring,53.57142857142857,27.118214285714284
1788,1,2024-04-15 12:00:00+00:00,25.947,26.546999,27.747,26.796999,28.347,27.897,25.9955,62.0,59.0,52.0,58.0,48.0,49.0,64.0,4,spring,56.0,27.03964257142857
1789,1,2024-04-15 13:00:00+00:00,25.747,26.347,27.546999,25.997,27.247,27.197,24.845499,63.0,60.0,53.0,62.0,53.0,52.0,69.0,4,spring,58.857142857142854,26.418214
1790,1,2024-04-15 14:00:00+00:00,25.147,25.597,25.296999,24.647,25.447,26.097,23.2455,63.0,63.0,61.0,68.0,60.0,57.0,75.0,4,spring,63.857142857142854,25.06821414285714
1791,1,2024-04-15 15:00:00+00:00,23.997,23.546999,24.497,23.497,23.847,24.897,21.595499,67.0,76.0,65.0,74.0,67.0,62.0,81.0,4,spring,70.28571428571429,23.696785428571424
1792,1,2024-04-15 16:00:00+00:00,22.347,22.296999,23.046999,22.796999,22.697,23.697,19.7955,79.0,82.0,74.0,78.0,73.0,68.0,86.0,4,spring,77.14285714285714,22.382499571428575
1793,1,2024-04-15 17:00:00+00:00,21.647,21.597,21.997,22.197,21.647,22.497,17.9955,84.0,86.0,81.0,81.0,80.0,75.0,91.0,4,spring,82.57142857142857,21.368214285714284
1794,1,2024-04-15 18:00:00+00:00,20.397,20.647,21.046999,21.247,20.747,21.347,16.1955,90.0,89.0,88.0,88.0,85.0,81.0,97.0,4,spring,88.28571428571429,20.23249985714286
1795,1,2024-04-15 19:00:00+00:00,20.097,20.296999,20.497,20.597,19.897,20.397,15.695499,91.0,90.0,91.0,91.0,89.0,84.0,98.0,4,spring,90.57142857142857,19.63964257142857
1796,1,2024-04-15 20:00:00+00:00,19.546999,19.447,19.847,19.947,19.197,19.546999,15.695499,93.0,93.0,94.0,94.0,92.0,87.0,97.0,4,spring,92.85714285714286,19.03249957142857
1797,1,2024-04-15 21:00:00+00:00,18.997,18.897,19.197,19.397,18.597,18.847,15.695499,95.0,94.0,96.0,96.0,94.0,88.0,96.0,4,spring,94.14285714285714,18.518214142857147
1798,1,2024-04-15 22:00:00+00:00,18.597,18.197,18.747,18.897,18.147,18.397,15.5455,96.0,96.0,94.0,96.0,94.0,88.0,96.0,4,spring,94.28571428571429,18.07535714285714
1799,1,2024-04-15 23:00:00+00:00,18.097,17.747,18.247,18.397,17.847,18.147,15.3455,98.0,97.0,94.0,95.0,93.0,88.0,96.0,4,spring,94.42857142857143,17.689642857142857
1800,1,2024-04-16 00:00:00+00:00,17.296999,17.447,17.747,17.847,17.597,18.197,15.2955,99.0,96.0,94.0,93.0,92.0,88.0,96.0,4,spring,94.0,17.346785571428573
1801,1,2024-04-16 01:00:00+00:00,17.046999,17.147,17.397,17.247,17.046999,17.897,14.9955,99.0,96.0,94.0,93.0,93.0,89.0,97.0,4,spring,94.42857142857143,16.968213999999996
1802,1,2024-04-16 02:00:00+00:00,16.597,16.897,17.347,16.647,16.497,17.647,14.6455,99.0,96.0,93.0,94.0,95.0,90.0,98.0,4,spring,95.0,16.611071428571428
1803,1,2024-04-16 03:00:00+00:00,16.247,16.597,17.147,16.697,16.597,17.897,14.8955,100.0,95.0,93.0,93.0,94.0,89.0,97.0,4,spring,94.42857142857143,16.5825
1804,1,2024-04-16 04:00:00+00:00,15.997,16.546999,17.347,17.796999,17.796999,18.796999,15.9955,99.0,94.0,93.0,90.0,90.0,86.0,95.0,4,spring,92.42857142857143,17.182499428571425
1805,1,2024-04-16 05:00:00+00:00,18.197,18.296999,18.796999,19.497,19.647,20.197,17.6955,92.0,90.0,89.0,85.0,85.0,81.0,91.0,4,spring,87.57142857142857,18.90392828571429
1806,1,2024-04-16 06:00:00+00:00,20.796999,21.147,21.197,21.546999,21.546999,21.697,19.9955,85.0,82.0,81.0,79.0,78.0,76.0,82.0,4,spring,80.42857142857143,21.13249957142857
1807,1,2024-04-16 07:00:00+00:00,22.497,22.747,22.747,23.247,23.447,23.447,22.3955,78.0,75.0,75.0,72.0,70.0,69.0,73.0,4,spring,73.14285714285714,22.9325
1808,1,2024-04-16 08:00:00+00:00,24.296999,24.497,24.546999,25.097,25.397,25.296999,24.9955,71.0,68.0,69.0,64.0,61.0,61.0,62.0,4,spring,65.14285714285714,24.87535671428571
1809,1,2024-04-16 09:00:00+00:00,25.847,25.847,25.897,26.546999,26.847,26.796999,26.6955,61.0,59.0,62.0,57.0,54.0,55.0,55.0,4,spring,57.57142857142857,26.35392828571429
1810,1,2024-04-16 10:00:00+00:00,26.747,26.597,26.847,27.546999,27.697,27.847,26.7455,56.0,56.0,57.0,52.0,51.0,51.0,56.0,4,spring,54.142857142857146,27.146785571428573
1811,1,2024-04-16 11:00:00+00:00,27.097,27.197,27.647,28.197,28.097,28.497,25.845499,55.0,53.0,52.0,49.0,50.0,48.0,61.0,4,spring,52.57142857142857,27.511071285714287
1812,1,2024-04-16 12:00:00+00:00,26.747,27.197,28.247,28.447,28.397,27.296999,24.4955,56.0,55.0,51.0,46.0,50.0,57.0,68.0,4,spring,54.714285714285715,27.261071285714284
1813,1,2024-04-16 13:00:00+00:00,26.397,26.947,28.197,27.947,27.147,26.247,23.4955,57.0,58.0,50.0,47.0,57.0,61.0,73.0,4,spring,57.57142857142857,26.625357142857144
1814,1,2024-04-16 14:00:00+00:00,25.947,25.747,27.747,26.947,25.197,24.697,22.345499,58.0,63.0,50.0,51.0,68.0,67.0,78.0,4,spring,62.142857142857146,25.518214142857143
1815,1,2024-04-16 15:00:00+00:00,24.097,23.397,26.497,25.697,23.497,23.296999,21.095499,64.0,76.0,56.0,56.0,77.0,73.0,83.0,4,spring,69.28571428571429,23.93964257142857
1816,1,2024-04-16 16:00:00+00:00,22.147,22.447,23.347,24.097,22.497,22.296999,19.5455,77.0,82.0,74.0,64.0,82.0,79.0,88.0,4,spring,78.0,22.339642714285713
1817,1,2024-04-16 17:00:00+00:00,21.697,21.546999,21.747,22.247,21.796999,21.546999,17.8955,82.0,86.0,82.0,75.0,86.0,86.0,93.0,4,spring,84.28571428571429,21.211071
1818,1,2024-04-16 18:00:00+00:00,21.046999,20.697,21.397,21.597,21.197,20.897,16.6955,87.0,92.0,86.0,84.0,89.0,91.0,95.0,4,spring,89.14285714285714,20.50392842857143
1819,1,2024-04-16 19:00:00+00:00,20.397,20.147,20.697,20.897,20.747,20.546999,16.4955,91.0,93.0,91.0,88.0,91.0,93.0,94.0,4,spring,91.57142857142857,19.989642714285715
1820,1,2024-04-16 20:00:00+00:00,20.046999,19.747,20.046999,20.397,20.447,20.347,16.4955,93.0,95.0,93.0,90.0,92.0,94.0,93.0,4,spring,92.85714285714286,19.64678542857143
1821,1,2024-04-16 21:00:00+00:00,19.546999,19.147,19.697,19.997,20.097,20.046999,16.3955,95.0,98.0,94.0,92.0,93.0,94.0,92.0,4,spring,94.0,19.275356857142857
1822,1,2024-04-16 22:00:00+00:00,18.747,18.847,19.296999,19.647,19.697,19.497,16.0455,97.0,97.0,96.0,93.0,94.0,95.0,92.0,4,spring,94.85714285714286,18.825357
1823,1,2024-04-16 23:00:00+00:00,18.147,18.497,18.747,19.347,19.296999,18.847,15.6455,98.0,95.0,97.0,94.0,96.0,95.0,92.0,4,spring,95.28571428571429,18.361071285714285
1824,1,2024-04-17 00:00:00+00:00,17.046999,17.997,18.397,18.847,18.097,18.897,15.7955,95.0,98.0,96.0,92.0,97.0,95.0,95.0,4,spring,95.42857142857143,17.86821414285714
1825,1,2024-04-17 01:00:00+00:00,16.647,17.497,17.997,18.397,17.897,18.197,15.3455,95.0,97.0,94.0,91.0,95.0,94.0,96.0,4,spring,94.57142857142857,17.425357142857145
1826,1,2024-04-17 02:00:00+00:00,16.397,17.197,17.796999,17.997,17.796999,17.447,14.7455,94.0,95.0,92.0,89.0,92.0,91.0,97.0,4,spring,92.85714285714286,17.053928285714285
1827,1,2024-04-17 03:00:00+00:00,16.147,16.947,17.497,18.097,18.097,17.347,14.7955,95.0,93.0,91.0,87.0,89.0,89.0,96.0,4,spring,91.42857142857143,16.989642857142858
1828,1,2024-04-17 04:00:00+00:00,16.097,16.747,17.247,18.897,18.897,18.296999,15.945499,94.0,93.0,91.0,84.0,86.0,87.0,94.0,4,spring,89.85714285714286,17.446785428571427
1829,1,2024-04-17 05:00:00+00:00,18.046999,18.747,19.046999,20.147,20.097,19.897,17.7455,89.0,88.0,87.0,81.0,83.0,84.0,90.0,4,spring,86.0,19.103928285714286
1830,1,2024-04-17 06:00:00+00:00,21.046999,21.397,21.296999,21.647,21.497,21.597,18.6955,81.0,81.0,79.0,75.0,79.0,80.0,90.0,4,spring,80.71428571428571,21.02535685714286
1831,1,2024-04-17 07:00:00+00:00,22.947,23.247,23.046999,23.347,23.197,23.447,21.4455,70.0,72.0,73.0,69.0,72.0,72.0,80.0,4,spring,72.57142857142857,22.95392842857143
1832,1,2024-04-17 08:00:00+00:00,24.747,24.947,24.847,25.147,25.046999,25.447,24.845499,62.0,64.0,67.0,63.0,63.0,63.0,66.0,4,spring,64.0,25.003928285714284
1833,1,2024-04-17 09:00:00+00:00,26.247,26.597,26.497,26.647,26.597,27.046999,27.1955,57.0,58.0,59.0,57.0,56.0,55.0,56.0,4,spring,56.857142857142854,26.689642714285718
1834,1,2024-04-17 10:00:00+00:00,27.347,27.546999,27.447,27.597,27.597,28.046999,27.845499,52.0,52.0,53.0,53.0,52.0,50.0,52.0,4,spring,52.0,27.63249957142857
1835,1,2024-04-17 11:00:00+00:00,27.947,28.046999,28.296999,28.247,28.247,28.697,27.5455,49.0,49.0,50.0,50.0,49.0,47.0,51.0,4,spring,49.285714285714285,28.14678542857143
1836,1,2024-04-17 12:00:00+00:00,28.197,28.347,28.497,28.447,28.697,28.796999,25.1955,47.0,49.0,45.0,49.0,46.0,45.0,63.0,4,spring,49.142857142857146,28.025357000000003
1837,1,2024-04-17 13:00:00+00:00,27.997,28.397,28.296999,28.497,28.697,28.897,23.6955,45.0,47.0,46.0,48.0,44.0,43.0,70.0,4,spring,49.0,27.782499857142856
1838,1,2024-04-17 14:00:00+00:00,27.597,27.847,28.097,28.247,28.296999,28.747,21.7455,46.0,46.0,47.0,49.0,44.0,42.0,79.0,4,spring,50.42857142857143,27.225357
1839,1,2024-04-17 15:00:00+00:00,25.697,26.296999,27.097,27.497,27.447,28.046999,19.9955,58.0,57.0,54.0,53.0,47.0,44.0,87.0,4,spring,57.142857142857146,26.01107114285714
1840,1,2024-04-17 16:00:00+00:00,23.597,23.947,24.947,25.796999,25.697,26.497,18.595499,68.0,69.0,62.0,62.0,57.0,53.0,92.0,4,spring,66.14285714285714,24.153928285714283
1841,1,2024-04-17 17:00:00+00:00,22.347,22.347,23.447,23.546999,23.447,24.447,17.345499,74.0,78.0,67.0,73.0,71.0,65.0,95.0,4,spring,74.71428571428571,22.418214
1842,1,2024-04-17 18:00:00+00:00,20.497,21.597,21.647,21.546999,21.697,22.747,18.4955,81.0,83.0,76.0,85.0,82.0,75.0,91.0,4,spring,81.85714285714286,21.175356999999998
1843,1,2024-04-17 19:00:00+00:00,19.397,20.247,20.447,20.796999,20.997,21.747,17.7455,84.0,89.0,81.0,89.0,86.0,80.0,93.0,4,spring,86.0,20.19678557142857
1844,1,2024-04-17 20:00:00+00:00,18.647,19.546999,19.697,20.546999,20.796999,21.097,16.9455,87.0,90.0,86.0,91.0,87.0,83.0,96.0,4,spring,88.57142857142857,19.611071000000003
1845,1,2024-04-17 21:00:00+00:00,18.347,19.247,19.397,20.296999,20.647,20.546999,16.4955,89.0,87.0,88.0,92.0,88.0,86.0,97.0,4,spring,89.57142857142857,19.282499714285713
1846,1,2024-04-17 22:00:00+00:00,18.147,18.997,19.147,19.997,20.347,19.997,16.595499,90.0,87.0,88.0,94.0,90.0,89.0,97.0,4,spring,90.71428571428571,19.032499857142856
1847,1,2024-04-17 23:00:00+00:00,18.147,18.796999,18.947,19.747,20.046999,19.546999,16.9955,90.0,88.0,87.0,95.0,91.0,92.0,96.0,4,spring,91.28571428571429,18.889642428571428
1848,1,2024-04-18 00:00:00+00:00,17.197,18.697,18.747,19.447,18.647,18.747,15.9955,92.0,88.0,94.0,94.0,86.0,94.0,97.0,4,spring,92.14285714285714,18.211071428571426
1849,1,2024-04-18 01:00:00+00:00,17.147,18.697,18.647,19.046999,17.947,17.997,15.5955,92.0,87.0,91.0,94.0,87.0,94.0,97.0,4,spring,91.71428571428571,17.86821414285714
1850,1,2024-04-18 02:00:00+00:00,17.046999,18.747,18.546999,18.647,17.197,17.247,15.3455,92.0,87.0,89.0,93.0,89.0,93.0,97.0,4,spring,91.42857142857143,17.539642571428573
1851,1,2024-04-18 03:00:00+00:00,16.897,18.296999,17.997,18.697,17.147,17.147,15.5955,92.0,88.0,90.0,91.0,89.0,91.0,96.0,4,spring,91.0,17.39678557142857
1852,1,2024-04-18 04:00:00+00:00,16.647,17.796999,17.597,19.397,18.147,18.147,16.595499,92.0,90.0,92.0,88.0,86.0,88.0,93.0,4,spring,89.85714285714286,17.76107114285714
1853,1,2024-04-18 05:00:00+00:00,18.647,19.397,19.347,20.497,19.796999,19.796999,18.095499,86.0,85.0,87.0,83.0,82.0,84.0,88.0,4,spring,85.0,19.368213857142855
1854,1,2024-04-18 06:00:00+00:00,21.447,21.347,21.247,21.796999,21.546999,21.597,19.8955,76.0,75.0,77.0,76.0,77.0,78.0,83.0,4,spring,77.42857142857143,21.268214
1855,1,2024-04-18 07:00:00+00:00,23.097,23.147,22.747,23.597,23.397,23.497,22.2455,68.0,67.0,69.0,69.0,71.0,70.0,74.0,4,spring,69.71428571428571,23.103928571428565
1856,1,2024-04-18 08:00:00+00:00,24.796999,24.947,24.546999,25.597,25.347,25.546999,24.9455,62.0,61.0,64.0,62.0,63.0,61.0,62.0,4,spring,62.142857142857146,25.103928142857146
1857,1,2024-04-18 09:00:00+00:00,26.296999,26.397,25.947,27.247,26.897,27.197,26.9955,57.0,54.0,59.0,55.0,57.0,53.0,53.0,4,spring,55.42857142857143,26.711071285714286
1858,1,2024-04-18 10:00:00+00:00,27.147,27.097,27.147,28.397,27.947,28.347,28.2455,52.0,52.0,53.0,49.0,52.0,47.0,47.0,4,spring,50.285714285714285,27.761071428571427
1859,1,2024-04-18 11:00:00+00:00,27.697,27.647,27.897,29.197,28.597,29.097,28.845499,49.0,50.0,50.0,45.0,47.0,43.0,42.0,4,spring,46.57142857142857,28.425356999999998
1860,1,2024-04-18 12:00:00+00:00,27.247,27.947,28.397,28.796999,28.947,28.997,28.2955,54.0,48.0,47.0,46.0,45.0,44.0,41.0,4,spring,46.42857142857143,28.375357
1861,1,2024-04-18 13:00:00+00:00,27.046999,27.097,25.997,27.997,27.947,28.747,26.8955,56.0,49.0,58.0,49.0,50.0,44.0,49.0,4,spring,50.714285714285715,27.389642714285714
1862,1,2024-04-18 14:00:00+00:00,24.497,25.597,25.796999,26.597,26.296999,28.097,24.6955,69.0,58.0,60.0,54.0,58.0,46.0,63.0,4,spring,58.285714285714285,25.939642571428575
1863,1,2024-04-18 15:00:00+00:00,23.397,23.347,25.296999,25.147,24.747,27.046999,22.6955,75.0,72.0,61.0,60.0,66.0,51.0,74.0,4,spring,65.57142857142857,24.525356857142857
1864,1,2024-04-18 16:00:00+00:00,22.247,21.997,22.397,23.897,23.546999,25.347,21.2455,81.0,78.0,75.0,68.0,73.0,59.0,79.0,4,spring,73.28571428571429,22.953928428571427
1865,1,2024-04-18 17:00:00+00:00,21.197,21.046999,21.747,22.647,22.447,23.247,19.9955,87.0,82.0,78.0,76.0,79.0,70.0,82.0,4,spring,79.14285714285714,21.761071285714284
1866,1,2024-04-18 18:00:00+00:00,21.347,20.947,20.947,21.097,21.497,21.597,20.3955,82.0,84.0,83.0,86.0,85.0,79.0,72.0,4,spring,81.57142857142857,21.118214285714284
1867,1,2024-04-18 19:00:00+00:00,20.647,20.097,20.347,20.247,20.747,20.796999,19.345499,85.0,88.0,86.0,90.0,89.0,84.0,76.0,4,spring,85.42857142857143,20.318214
1868,1,2024-04-18 20:00:00+00:00,19.497,19.097,19.647,19.647,20.097,20.447,18.345499,87.0,91.0,88.0,92.0,92.0,87.0,82.0,4,spring,88.42857142857143,19.539642714285716
1869,1,2024-04-18 21:00:00+00:00,18.597,18.347,18.897,19.097,19.597,20.046999,17.4955,88.0,92.0,90.0,93.0,94.0,89.0,87.0,4,spring,90.42857142857143,18.86821414285714
1870,1,2024-04-18 22:00:00+00:00,17.947,17.897,18.296999,18.546999,19.197,19.497,16.7955,90.0,91.0,91.0,93.0,93.0,91.0,90.0,4,spring,91.28571428571429,18.31107114285714
1871,1,2024-04-18 23:00:00+00:00,17.497,17.447,17.847,18.046999,18.847,18.897,16.1955,91.0,90.0,91.0,91.0,91.0,91.0,92.0,4,spring,91.0,17.825357
1872,1,2024-04-19 00:00:00+00:00,17.046999,17.247,16.897,17.647,18.397,17.947,15.695499,92.0,92.0,93.0,91.0,87.0,85.0,97.0,4,spring,91.0,17.268213999999997
1873,1,2024-04-19 01:00:00+00:00,17.046999,16.847,16.597,17.197,17.847,17.296999,15.2955,93.0,92.0,94.0,92.0,89.0,88.0,97.0,4,spring,92.14285714285714,16.875356857142858
1874,1,2024-04-19 02:00:00+00:00,16.997,16.347,16.447,16.847,17.247,16.647,14.8955,93.0,94.0,94.0,93.0,92.0,90.0,98.0,4,spring,93.42857142857143,16.489642857142858
1875,1,2024-04-19 03:00:00+00:00,16.897,15.896999,16.296999,17.046999,17.247,16.697,15.0955,93.0,95.0,94.0,92.0,93.0,91.0,97.0,4,spring,93.57142857142857,16.453928142857144
1876,1,2024-04-19 04:00:00+00:00,16.747,15.646999,16.296999,18.147,18.247,17.897,16.2455,94.0,96.0,94.0,89.0,90.0,88.0,94.0,4,spring,92.14285714285714,17.032499714285713
1877,1,2024-04-19 05:00:00+00:00,18.447,17.546999,18.296999,19.796999,19.847,19.747,18.0455,89.0,92.0,90.0,84.0,86.0,84.0,90.0,4,spring,87.85714285714286,18.818213857142858
1878,1,2024-04-19 06:00:00+00:00,20.697,20.397,20.247,21.296999,21.546999,21.647,20.4955,82.0,80.0,83.0,77.0,80.0,78.0,78.0,4,spring,79.71428571428571,20.903928285714283
1879,1,2024-04-19 07:00:00+00:00,22.447,22.247,22.447,23.147,23.296999,23.546999,22.7955,75.0,75.0,76.0,70.0,72.0,71.0,69.0,4,spring,72.57142857142857,22.84678542857143
1880,1,2024-04-19 08:00:00+00:00,24.147,24.147,24.447,25.046999,25.097,25.497,25.2455,68.0,69.0,69.0,64.0,64.0,64.0,59.0,4,spring,65.28571428571429,24.803928428571428
1881,1,2024-04-19 09:00:00+00:00,25.397,25.697,25.947,26.546999,26.546999,26.997,27.095499,61.0,60.0,60.0,58.0,57.0,58.0,51.0,4,spring,57.857142857142854,26.318213857142858
1882,1,2024-04-19 10:00:00+00:00,25.997,26.546999,26.897,27.546999,27.546999,27.947,28.2455,58.0,56.0,54.0,54.0,53.0,53.0,45.0,4,spring,53.285714285714285,27.246785285714285
1883,1,2024-04-19 11:00:00+00:00,26.597,27.097,27.546999,28.147,28.097,28.497,28.845499,57.0,55.0,51.0,50.0,52.0,50.0,42.0,4,spring,51.0,27.832499714285717
1884,1,2024-04-19 12:00:00+00:00,26.897,27.497,27.697,27.647,27.947,28.097,28.3955,55.0,53.0,53.0,51.0,50.0,52.0,43.0,4,spring,51.0,27.739642857142858
1885,1,2024-04-19 13:00:00+00:00,26.647,27.197,27.397,27.247,26.997,27.147,26.4955,56.0,53.0,53.0,52.0,54.0,57.0,52.0,4,spring,53.857142857142854,27.018214285714283
1886,1,2024-04-19 14:00:00+00:00,25.296999,26.397,26.747,26.447,25.546999,25.647,23.7455,60.0,54.0,54.0,55.0,60.0,64.0,65.0,4,spring,58.857142857142854,25.68964257142857
1887,1,2024-04-19 15:00:00+00:00,23.147,25.097,25.546999,25.397,24.147,24.197,21.3955,73.0,59.0,58.0,60.0,67.0,71.0,77.0,4,spring,66.42857142857143,24.132499857142854
1888,1,2024-04-19 16:00:00+00:00,22.497,23.397,23.647,23.947,23.046999,23.046999,19.8955,77.0,70.0,70.0,67.0,73.0,77.0,84.0,4,spring,74.0,22.782499714285713
1889,1,2024-04-19 17:00:00+00:00,21.947,21.546999,21.697,22.247,21.997,21.947,18.7955,79.0,80.0,81.0,76.0,79.0,82.0,90.0,4,spring,81.0,21.45392842857143
1890,1,2024-04-19 18:00:00+00:00,20.647,20.647,20.897,20.847,21.147,21.046999,18.7955,85.0,84.0,84.0,86.0,84.0,87.0,90.0,4,spring,85.71428571428571,20.575357
1891,1,2024-04-19 19:00:00+00:00,20.197,20.097,20.546999,20.197,20.497,20.347,18.345499,88.0,88.0,85.0,90.0,88.0,90.0,92.0,4,spring,88.71428571428571,20.032499714285713
1892,1,2024-04-19 20:00:00+00:00,19.847,19.796999,19.796999,19.897,20.046999,19.847,17.9955,89.0,89.0,88.0,91.0,90.0,93.0,94.0,4,spring,90.57142857142857,19.603928142857143
1893,1,2024-04-19 21:00:00+00:00,19.397,19.397,19.197,19.597,19.597,19.347,17.6955,91.0,91.0,92.0,91.0,92.0,94.0,96.0,4,spring,92.42857142857143,19.175357142857145
1894,1,2024-04-19 22:00:00+00:00,19.097,19.046999,18.947,19.097,19.147,18.847,17.6455,92.0,91.0,93.0,91.0,92.0,93.0,97.0,4,spring,92.71428571428571,18.832499857142857
1895,1,2024-04-19 23:00:00+00:00,18.747,18.796999,18.647,18.546999,18.747,18.397,17.6455,92.0,90.0,92.0,90.0,90.0,91.0,97.0,4,spring,91.71428571428571,18.503928285714288
1896,1,2024-04-20 00:00:00+00:00,18.397,18.997,19.097,18.197,17.347,18.397,16.9955,93.0,86.0,90.0,92.0,91.0,90.0,97.0,4,spring,91.28571428571429,18.20392857142857
1897,1,2024-04-20 01:00:00+00:00,18.197,18.546999,18.546999,17.647,16.796999,17.796999,16.7955,91.0,87.0,92.0,93.0,91.0,90.0,97.0,4,spring,91.57142857142857,17.761070857142858
1898,1,2024-04-20 02:00:00+00:00,17.697,18.046999,17.947,17.097,16.347,17.247,16.595499,91.0,89.0,95.0,93.0,92.0,91.0,98.0,4,spring,92.71428571428571,17.282499714285716
1899,1,2024-04-20 03:00:00+00:00,17.097,17.597,17.347,17.147,16.497,17.296999,16.6955,93.0,91.0,96.0,92.0,92.0,90.0,97.0,4,spring,93.0,17.096785571428573
1900,1,2024-04-20 04:00:00+00:00,16.647,17.397,16.897,18.197,17.697,18.347,17.2955,95.0,92.0,97.0,88.0,89.0,88.0,95.0,4,spring,92.0,17.496785714285714
1901,1,2024-04-20 05:00:00+00:00,18.447,18.947,18.897,19.796999,19.497,19.997,18.1955,90.0,89.0,90.0,82.0,85.0,84.0,91.0,4,spring,87.28571428571429,19.111071285714285
1902,1,2024-04-20 06:00:00+00:00,20.847,21.347,21.397,21.546999,21.347,21.697,19.3955,84.0,81.0,81.0,77.0,80.0,80.0,86.0,4,spring,81.28571428571429,21.08249985714286
1903,1,2024-04-20 07:00:00+00:00,22.397,23.097,23.397,23.296999,23.197,23.447,22.1455,79.0,76.0,74.0,71.0,73.0,74.0,75.0,4,spring,74.57142857142857,22.99678557142857
1904,1,2024-04-20 08:00:00+00:00,24.147,24.697,24.997,24.997,25.147,25.247,25.2455,71.0,69.0,67.0,64.0,65.0,67.0,63.0,4,spring,66.57142857142857,24.925357142857138
1905,1,2024-04-20 09:00:00+00:00,25.647,25.747,25.897,26.247,26.546999,26.597,26.9955,63.0,61.0,61.0,60.0,59.0,62.0,56.0,4,spring,60.285714285714285,26.23964271428571
1906,1,2024-04-20 10:00:00+00:00,26.697,26.247,26.597,26.997,27.296999,27.347,26.345499,56.0,60.0,61.0,58.0,56.0,59.0,61.0,4,spring,58.714285714285715,26.78964257142857
1907,1,2024-04-20 11:00:00+00:00,27.147,26.697,26.997,27.347,27.497,27.647,24.3955,54.0,59.0,59.0,57.0,56.0,56.0,72.0,4,spring,59.0,26.818214285714284
1908,1,2024-04-20 12:00:00+00:00,27.296999,27.447,27.347,27.197,27.347,27.796999,26.9955,54.0,53.0,55.0,59.0,55.0,56.0,54.0,4,spring,55.142857142857146,27.34678542857143
1909,1,2024-04-20 13:00:00+00:00,26.796999,27.097,27.147,26.197,26.397,26.647,25.095499,57.0,55.0,56.0,64.0,61.0,61.0,63.0,4,spring,59.57142857142857,26.482499714285712
1910,1,2024-04-20 14:00:00+00:00,24.147,25.847,25.447,24.597,24.947,24.897,22.345499,70.0,60.0,63.0,71.0,70.0,67.0,77.0,4,spring,68.28571428571429,24.60392842857143
1911,1,2024-04-20 15:00:00+00:00,22.847,23.247,23.296999,23.197,23.546999,23.397,20.095499,76.0,73.0,77.0,77.0,77.0,73.0,88.0,4,spring,77.28571428571429,22.80392814285714
1912,1,2024-04-20 16:00:00+00:00,21.796999,21.947,22.046999,22.247,22.347,22.597,18.845499,82.0,81.0,83.0,82.0,80.0,77.0,93.0,4,spring,82.57142857142857,21.689642428571428
1913,1,2024-04-20 17:00:00+00:00,21.247,21.197,21.197,21.497,21.247,22.046999,18.095499,86.0,84.0,87.0,87.0,82.0,81.0,96.0,4,spring,86.14285714285714,20.932499714285715
1914,1,2024-04-20 18:00:00+00:00,20.697,20.747,20.847,20.947,20.347,21.546999,17.595499,91.0,86.0,88.0,90.0,83.0,84.0,99.0,4,spring,88.71428571428571,20.38964257142857
1915,1,2024-04-20 19:00:00+00:00,20.397,20.147,20.347,20.546999,19.747,20.997,17.4955,91.0,87.0,91.0,92.0,85.0,87.0,99.0,4,spring,90.28571428571429,19.953928428571427
1916,1,2024-04-20 20:00:00+00:00,20.097,19.947,19.847,20.247,19.347,20.447,17.6955,91.0,89.0,90.0,93.0,87.0,89.0,97.0,4,spring,90.85714285714286,19.661071428571432
1917,1,2024-04-20 21:00:00+00:00,19.597,19.597,19.546999,19.997,18.997,20.046999,17.7955,93.0,91.0,90.0,93.0,89.0,91.0,96.0,4,spring,91.85714285714286,19.368214
1918,1,2024-04-20 22:00:00+00:00,19.247,19.296999,19.347,19.697,18.647,19.847,17.6455,94.0,92.0,89.0,93.0,91.0,92.0,96.0,4,spring,92.42857142857143,19.10392842857143
1919,1,2024-04-20 23:00:00+00:00,18.947,18.997,19.097,19.347,18.397,19.796999,17.4455,95.0,93.0,89.0,92.0,94.0,92.0,97.0,4,spring,93.14285714285714,18.861071285714285
1920,1,2024-04-21 00:00:00+00:00,18.897,18.697,19.046999,18.796999,18.847,18.546999,16.7955,93.0,92.0,90.0,93.0,93.0,94.0,99.0,4,spring,93.42857142857143,18.518213857142857
1921,1,2024-04-21 01:00:00+00:00,18.796999,18.397,18.897,18.497,18.497,18.147,16.6955,94.0,92.0,91.0,94.0,93.0,94.0,99.0,4,spring,93.85714285714286,18.275357
1922,1,2024-04-21 02:00:00+00:00,18.597,18.046999,18.697,18.296999,18.247,17.796999,16.595499,93.0,93.0,90.0,94.0,93.0,93.0,99.0,4,spring,93.57142857142857,18.039642285714287
1923,1,2024-04-21 03:00:00+00:00,18.397,17.647,18.397,18.447,18.347,17.947,16.6955,93.0,93.0,91.0,93.0,92.0,92.0,99.0,4,spring,93.28571428571429,17.982499999999998
1924,1,2024-04-21 04:00:00+00:00,18.147,17.497,18.197,19.197,19.097,18.796999,17.0455,93.0,93.0,92.0,90.0,89.0,89.0,98.0,4,spring,92.0,18.282499857142856
1925,1,2024-04-21 05:00:00+00:00,19.546999,19.296999,19.546999,20.397,20.296999,20.046999,17.595499,89.0,88.0,89.0,86.0,85.0,85.0,96.0,4,spring,88.28571428571429,19.53249914285714
1926,1,2024-04-21 06:00:00+00:00,21.197,21.447,21.546999,21.647,21.597,21.447,17.4955,82.0,79.0,81.0,78.0,80.0,81.0,95.0,4,spring,82.28571428571429,20.911071285714286
1927,1,2024-04-21 07:00:00+00:00,22.897,22.947,23.347,23.197,22.997,22.947,17.6955,75.0,74.0,75.0,72.0,75.0,76.0,93.0,4,spring,77.14285714285714,22.28964285714286
1928,1,2024-04-21 08:00:00+00:00,24.247,24.847,25.097,24.897,24.497,24.597,17.9455,68.0,67.0,68.0,65.0,71.0,70.0,91.0,4,spring,71.42857142857143,23.732499999999998
1929,1,2024-04-21 09:00:00+00:00,24.997,26.197,26.247,26.197,25.747,25.847,18.3955,65.0,59.0,61.0,60.0,66.0,65.0,88.0,4,spring,66.28571428571429,24.80392857142857
1930,1,2024-04-21 10:00:00+00:00,25.847,26.947,27.097,27.046999,26.747,26.647,19.4955,62.0,56.0,57.0,57.0,61.0,61.0,83.0,4,spring,62.42857142857143,25.689642714285714
1931,1,2024-04-21 11:00:00+00:00,26.296999,27.397,27.546999,27.546999,27.546999,27.097,20.8955,59.0,53.0,54.0,56.0,55.0,59.0,77.0,4,spring,59.0,26.332499428571428
1932,1,2024-04-21 12:00:00+00:00,26.097,27.147,28.247,27.597,26.447,27.347,23.9955,59.0,55.0,47.0,56.0,61.0,57.0,71.0,4,spring,58.0,26.696785714285713
1933,1,2024-04-21 13:00:00+00:00,25.796999,26.796999,28.097,26.546999,26.097,26.497,22.7455,60.0,56.0,48.0,60.0,61.0,62.0,77.0,4,spring,60.57142857142857,26.08249957142857
1934,1,2024-04-21 14:00:00+00:00,25.546999,24.447,27.597,24.847,25.397,25.097,20.9455,58.0,69.0,46.0,68.0,63.0,70.0,84.0,4,spring,65.42857142857143,24.83964271428572
1935,1,2024-04-21 15:00:00+00:00,24.546999,23.296999,25.397,23.447,24.546999,23.796999,19.3955,61.0,75.0,57.0,74.0,67.0,76.0,90.0,4,spring,71.42857142857143,23.489642285714286
1936,1,2024-04-21 16:00:00+00:00,22.447,21.997,22.647,22.697,23.497,22.697,18.345499,76.0,82.0,79.0,79.0,73.0,78.0,94.0,4,spring,80.14285714285714,22.04678557142857
1937,1,2024-04-21 17:00:00+00:00,21.497,20.897,21.847,22.147,22.247,21.697,17.5455,83.0,87.0,83.0,83.0,81.0,79.0,96.0,4,spring,84.57142857142857,21.125357142857144
1938,1,2024-04-21 18:00:00+00:00,20.347,21.247,21.347,21.647,21.247,20.796999,17.595499,91.0,86.0,86.0,88.0,87.0,81.0,97.0,4,spring,88.0,20.603928285714286
1939,1,2024-04-21 19:00:00+00:00,19.597,20.447,20.897,20.897,20.597,20.046999,17.1955,93.0,90.0,87.0,91.0,90.0,85.0,98.0,4,spring,90.57142857142857,19.95392842857143
1940,1,2024-04-21 20:00:00+00:00,19.247,19.647,20.097,20.097,20.197,19.447,16.7955,92.0,93.0,90.0,93.0,91.0,89.0,99.0,4,spring,92.42857142857143,19.361071428571428
1941,1,2024-04-21 21:00:00+00:00,19.046999,19.046999,19.697,19.447,19.796999,18.947,16.4955,93.0,94.0,92.0,94.0,91.0,92.0,99.0,4,spring,93.57142857142857,18.925356714285716
1942,1,2024-04-21 22:00:00+00:00,18.947,18.397,19.197,18.947,19.347,18.597,16.1955,93.0,94.0,94.0,95.0,91.0,92.0,99.0,4,spring,94.0,18.51821428571429
1943,1,2024-04-21 23:00:00+00:00,18.647,17.997,18.947,18.546999,18.947,18.347,15.8955,95.0,93.0,92.0,95.0,90.0,91.0,99.0,4,spring,93.57142857142857,18.189642714285714
1944,1,2024-04-22 00:00:00+00:00,18.197,18.497,18.546999,18.546999,18.497,19.046999,16.595499,96.0,93.0,93.0,93.0,93.0,94.0,93.0,4,spring,93.57142857142857,18.27535657142857
1945,1,2024-04-22 01:00:00+00:00,18.097,17.997,18.097,18.046999,18.046999,18.497,16.4955,95.0,93.0,93.0,93.0,94.0,93.0,93.0,4,spring,93.42857142857143,17.89678542857143
1946,1,2024-04-22 02:00:00+00:00,17.597,17.347,17.747,17.546999,17.597,17.897,16.345499,95.0,94.0,91.0,92.0,95.0,92.0,93.0,4,spring,93.14285714285714,17.43964257142857
1947,1,2024-04-22 03:00:00+00:00,16.897,16.897,17.347,17.597,17.697,17.847,16.3955,95.0,94.0,91.0,91.0,94.0,90.0,92.0,4,spring,92.42857142857143,17.239642857142858
1948,1,2024-04-22 04:00:00+00:00,16.397,16.597,17.147,18.546999,18.747,18.697,16.7955,95.0,94.0,91.0,88.0,90.0,87.0,91.0,4,spring,90.85714285714286,17.561071285714284
1949,1,2024-04-22 05:00:00+00:00,18.597,18.647,19.247,20.046999,20.296999,20.147,17.4455,91.0,91.0,87.0,84.0,85.0,83.0,89.0,4,spring,87.14285714285714,19.203928285714287
1950,1,2024-04-22 06:00:00+00:00,20.447,21.347,21.847,21.647,21.947,21.647,19.7955,85.0,81.0,76.0,79.0,79.0,79.0,84.0,4,spring,80.42857142857143,21.239642857142858
1951,1,2024-04-22 07:00:00+00:00,22.497,23.097,23.796999,23.397,23.597,23.197,21.4955,77.0,76.0,70.0,73.0,73.0,73.0,75.0,4,spring,73.85714285714286,23.011071285714284
1952,1,2024-04-22 08:00:00+00:00,24.097,24.897,25.647,25.247,25.296999,24.796999,23.2955,72.0,70.0,65.0,67.0,66.0,67.0,64.0,4,spring,67.28571428571429,24.753928285714284
1953,1,2024-04-22 09:00:00+00:00,25.497,26.546999,26.997,26.697,26.497,26.046999,24.595499,65.0,60.0,57.0,62.0,62.0,62.0,56.0,4,spring,60.57142857142857,26.125356714285715
1954,1,2024-04-22 10:00:00+00:00,26.497,27.397,27.347,27.647,27.097,26.847,25.095499,60.0,55.0,54.0,58.0,60.0,59.0,52.0,4,spring,56.857142857142854,26.846785571428573
1955,1,2024-04-22 11:00:00+00:00,27.197,27.947,27.897,28.197,27.296999,27.296999,25.1455,55.0,53.0,53.0,55.0,61.0,57.0,51.0,4,spring,55.0,27.282499714285713
1956,1,2024-04-22 12:00:00+00:00,27.847,28.147,28.247,28.046999,27.597,27.296999,20.7955,51.0,50.0,49.0,51.0,56.0,58.0,74.0,4,spring,55.57142857142857,26.853928285714286
1957,1,2024-04-22 13:00:00+00:00,27.296999,27.647,26.997,26.897,26.447,26.397,20.7455,52.0,51.0,50.0,57.0,60.0,62.0,75.0,4,spring,58.142857142857146,26.061071285714284
1958,1,2024-04-22 14:00:00+00:00,26.197,25.597,26.347,25.097,24.697,24.947,20.6455,56.0,62.0,53.0,66.0,66.0,69.0,78.0,4,spring,64.28571428571429,24.78964285714286
1959,1,2024-04-22 15:00:00+00:00,23.197,23.697,24.247,23.546999,23.197,23.597,20.095499,74.0,69.0,65.0,74.0,72.0,76.0,81.0,4,spring,73.0,23.082499714285714
1960,1,2024-04-22 16:00:00+00:00,22.447,22.247,22.296999,22.597,22.197,22.647,18.845499,80.0,79.0,78.0,79.0,77.0,81.0,84.0,4,spring,79.71428571428571,21.896785428571427
1961,1,2024-04-22 17:00:00+00:00,21.546999,21.497,21.647,21.847,21.447,21.847,17.1455,86.0,85.0,84.0,84.0,81.0,86.0,87.0,4,spring,84.71428571428571,20.996785571428575
1962,1,2024-04-22 18:00:00+00:00,20.947,20.796999,21.296999,20.947,20.796999,21.147,16.3955,88.0,90.0,88.0,90.0,84.0,90.0,94.0,4,spring,89.14285714285714,20.33249957142857
1963,1,2024-04-22 19:00:00+00:00,20.397,20.296999,20.897,20.296999,20.247,20.497,15.945499,92.0,92.0,90.0,92.0,86.0,92.0,95.0,4,spring,91.28571428571429,19.796785285714286
1964,1,2024-04-22 20:00:00+00:00,19.796999,20.046999,20.397,19.747,19.847,19.997,15.5955,94.0,93.0,90.0,93.0,86.0,94.0,96.0,4,spring,92.28571428571429,19.34678542857143
1965,1,2024-04-22 21:00:00+00:00,19.447,19.847,19.847,19.197,19.397,19.546999,15.2955,94.0,92.0,92.0,94.0,87.0,94.0,96.0,4,spring,92.71428571428571,18.939642714285714
1966,1,2024-04-22 22:00:00+00:00,19.197,19.546999,19.647,18.697,18.847,19.247,15.1455,94.0,92.0,92.0,94.0,89.0,93.0,95.0,4,spring,92.71428571428571,18.618214142857145
1967,1,2024-04-22 23:00:00+00:00,18.897,19.247,19.497,18.197,18.347,18.997,15.0455,94.0,91.0,90.0,94.0,91.0,91.0,94.0,4,spring,92.14285714285714,18.318214285714284
1968,1,2024-04-23 00:00:00+00:00,18.697,18.647,19.046999,18.347,17.546999,18.796999,16.8955,94.0,92.0,88.0,90.0,92.0,95.0,97.0,4,spring,92.57142857142857,18.28249957142857
1969,1,2024-04-23 01:00:00+00:00,18.447,18.347,18.697,17.747,17.247,18.546999,16.7955,93.0,92.0,89.0,91.0,92.0,95.0,97.0,4,spring,92.71428571428571,17.975357
1970,1,2024-04-23 02:00:00+00:00,18.097,17.997,18.447,17.197,17.097,18.247,16.6455,94.0,93.0,90.0,92.0,91.0,94.0,97.0,4,spring,93.0,17.675357142857145
1971,1,2024-04-23 03:00:00+00:00,17.697,17.597,18.296999,17.247,17.447,18.347,16.595499,95.0,94.0,91.0,92.0,90.0,92.0,97.0,4,spring,93.0,17.603928285714286
1972,1,2024-04-23 04:00:00+00:00,17.397,17.347,18.296999,18.247,18.497,19.097,16.4955,95.0,94.0,90.0,88.0,87.0,90.0,97.0,4,spring,91.57142857142857,17.911071285714286
1973,1,2024-04-23 05:00:00+00:00,19.296999,19.397,19.847,19.847,19.997,20.296999,16.5455,90.0,89.0,86.0,83.0,82.0,86.0,97.0,4,spring,87.57142857142857,19.318214
1974,1,2024-04-23 06:00:00+00:00,21.546999,21.796999,21.647,21.796999,21.597,21.447,17.1955,83.0,82.0,82.0,74.0,77.0,83.0,97.0,4,spring,82.57142857142857,21.003928142857145
1975,1,2024-04-23 07:00:00+00:00,23.147,23.447,23.347,23.796999,23.397,22.497,17.2455,73.0,72.0,75.0,67.0,70.0,79.0,96.0,4,spring,76.0,22.411071285714286
1976,1,2024-04-23 08:00:00+00:00,24.647,24.997,25.097,25.796999,25.296999,23.546999,17.2955,68.0,66.0,66.0,59.0,63.0,75.0,96.0,4,spring,70.42857142857143,23.811071000000002
1977,1,2024-04-23 09:00:00+00:00,25.347,26.197,26.397,27.347,26.796999,24.497,17.3955,66.0,61.0,60.0,53.0,57.0,71.0,95.0,4,spring,66.14285714285714,24.85392842857143
1978,1,2024-04-23 10:00:00+00:00,25.897,27.046999,27.296999,28.147,27.697,25.397,17.6955,65.0,58.0,56.0,49.0,53.0,68.0,94.0,4,spring,63.285714285714285,25.596785428571426
1979,1,2024-04-23 11:00:00+00:00,26.097,27.247,27.747,28.497,28.147,26.147,18.095499,62.0,58.0,53.0,46.0,50.0,65.0,93.0,4,spring,61.0,25.99678557142857
1980,1,2024-04-23 12:00:00+00:00,26.147,27.296999,28.097,28.397,28.397,28.147,24.8955,56.0,57.0,50.0,51.0,49.0,49.0,59.0,4,spring,53.0,27.33964271428571
1981,1,2024-04-23 13:00:00+00:00,25.897,26.947,27.847,27.147,28.097,27.897,24.1455,58.0,59.0,49.0,57.0,49.0,50.0,65.0,4,spring,55.285714285714285,26.853928571428572
1982,1,2024-04-23 14:00:00+00:00,25.546999,23.897,26.847,25.197,27.347,27.347,22.6455,58.0,74.0,50.0,67.0,51.0,54.0,75.0,4,spring,61.285714285714285,25.546785571428575
1983,1,2024-04-23 15:00:00+00:00,24.997,23.097,23.497,23.497,26.347,26.447,21.095499,58.0,77.0,75.0,76.0,55.0,58.0,84.0,4,spring,69.0,24.139642714285714
1984,1,2024-04-23 16:00:00+00:00,22.897,22.197,22.397,22.447,24.847,25.046999,19.6955,71.0,83.0,83.0,82.0,61.0,64.0,89.0,4,spring,76.14285714285714,22.789642714285716
1985,1,2024-04-23 17:00:00+00:00,21.447,21.097,21.647,21.747,23.046999,23.296999,18.2955,82.0,89.0,87.0,86.0,70.0,72.0,93.0,4,spring,82.71428571428571,21.51107114285714
1986,1,2024-04-23 18:00:00+00:00,20.997,20.697,20.747,21.046999,21.647,21.847,17.6955,83.0,91.0,90.0,89.0,76.0,78.0,96.0,4,spring,86.14285714285714,20.668214142857146
1987,1,2024-04-23 19:00:00+00:00,20.947,20.247,20.247,20.497,21.046999,20.997,17.4455,82.0,91.0,92.0,92.0,79.0,82.0,96.0,4,spring,87.71428571428571,20.20392842857143
1988,1,2024-04-23 20:00:00+00:00,20.247,19.897,19.897,20.147,20.897,20.497,17.4455,86.0,91.0,92.0,94.0,80.0,84.0,96.0,4,spring,89.0,19.861071428571424
1989,1,2024-04-23 21:00:00+00:00,19.397,19.397,19.546999,19.796999,20.647,19.947,17.3955,92.0,92.0,94.0,95.0,81.0,86.0,96.0,4,spring,90.85714285714286,19.446785428571427
1990,1,2024-04-23 22:00:00+00:00,19.147,18.897,19.447,19.497,20.147,19.296999,17.2955,92.0,94.0,94.0,94.0,83.0,87.0,96.0,4,spring,91.42857142857143,19.10392842857143
1991,1,2024-04-23 23:00:00+00:00,18.947,18.296999,19.296999,19.247,19.597,18.647,17.1455,92.0,96.0,92.0,92.0,85.0,88.0,97.0,4,spring,91.71428571428571,18.73964257142857
1992,1,2024-04-24 00:00:00+00:00,18.796999,18.046999,18.897,19.546999,18.947,18.597,16.1955,92.0,95.0,91.0,93.0,86.0,87.0,99.0,4,spring,91.85714285714286,18.432499571428572
1993,1,2024-04-24 01:00:00+00:00,18.597,17.597,18.447,19.147,18.247,17.897,16.095499,92.0,95.0,92.0,92.0,87.0,88.0,99.0,4,spring,92.14285714285714,18.00392842857143
1994,1,2024-04-24 02:00:00+00:00,18.397,17.197,18.097,18.697,17.546999,17.296999,16.095499,92.0,95.0,93.0,92.0,89.0,89.0,99.0,4,spring,92.71428571428571,17.618213857142855
1995,1,2024-04-24 03:00:00+00:00,18.197,16.947,17.847,18.647,17.447,17.247,16.1955,93.0,96.0,94.0,90.0,88.0,88.0,98.0,4,spring,92.42857142857143,17.50392857142857
1996,1,2024-04-24 04:00:00+00:00,17.997,16.947,17.847,19.247,18.296999,18.197,16.4955,94.0,95.0,94.0,88.0,84.0,84.0,98.0,4,spring,91.0,17.861071285714285
1997,1,2024-04-24 05:00:00+00:00,18.997,18.747,19.046999,20.197,19.796999,19.796999,16.8955,95.0,91.0,92.0,85.0,79.0,79.0,97.0,4,spring,88.28571428571429,19.068213857142858
1998,1,2024-04-24 06:00:00+00:00,20.197,21.296999,21.046999,21.597,21.447,21.447,18.2955,85.0,84.0,84.0,81.0,73.0,74.0,90.0,4,spring,81.57142857142857,20.761071142857144
1999,1,2024-04-24 07:00:00+00:00,21.046999,23.147,22.197,22.796999,23.347,23.197,19.4955,80.0,78.0,80.0,77.0,67.0,69.0,84.0,4,spring,76.42857142857143,22.175356857142855
2000,1,2024-04-24 08:00:00+00:00,21.447,24.697,23.097,24.046999,25.397,24.997,20.9455,80.0,71.0,77.0,73.0,60.0,63.0,77.0,4,spring,71.57142857142857,23.518214142857147
2001,1,2024-04-24 09:00:00+00:00,21.647,25.847,23.197,25.046999,26.997,26.347,21.8955,80.0,63.0,75.0,69.0,54.0,59.0,72.0,4,spring,67.42857142857143,24.425356999999998
2002,1,2024-04-24 10:00:00+00:00,21.997,26.447,23.247,25.697,27.947,27.097,22.0455,82.0,59.0,77.0,66.0,50.0,56.0,71.0,4,spring,65.85714285714286,24.925357142857145
2003,1,2024-04-24 11:00:00+00:00,22.947,26.796999,23.597,26.097,28.447,27.397,21.7955,78.0,59.0,78.0,63.0,47.0,54.0,72.0,4,spring,64.42857142857143,25.296785571428575
2004,1,2024-04-24 12:00:00+00:00,22.147,25.447,26.296999,24.546999,27.947,27.897,24.7955,80.0,70.0,60.0,69.0,52.0,54.0,64.0,4,spring,64.14285714285714,25.582499714285714
2005,1,2024-04-24 13:00:00+00:00,22.546999,25.147,25.747,24.296999,26.897,27.197,23.345499,75.0,71.0,61.0,71.0,56.0,56.0,72.0,4,spring,66.0,25.025356714285714
2006,1,2024-04-24 14:00:00+00:00,22.546999,24.347,24.197,23.947,25.197,25.997,21.2455,75.0,74.0,71.0,75.0,62.0,59.0,82.0,4,spring,71.14285714285714,23.925356999999998
2007,1,2024-04-24 15:00:00+00:00,22.147,22.897,23.497,23.397,23.647,24.747,19.4955,75.0,78.0,75.0,79.0,69.0,64.0,91.0,4,spring,75.85714285714286,22.8325
2008,1,2024-04-24 16:00:00+00:00,20.947,21.796999,22.197,22.497,22.546999,23.597,18.5455,83.0,84.0,81.0,83.0,75.0,70.0,95.0,4,spring,81.57142857142857,21.732499714285716
2009,1,2024-04-24 17:00:00+00:00,19.897,20.847,21.197,21.447,21.647,22.447,17.9955,89.0,89.0,86.0,88.0,82.0,77.0,97.0,4,spring,86.85714285714286,20.7825
2010,1,2024-04-24 18:00:00+00:00,18.997,20.296999,20.597,20.697,20.947,21.447,16.8955,93.0,92.0,91.0,88.0,87.0,83.0,95.0,4,spring,89.85714285714286,19.98249985714286
2011,1,2024-04-24 19:00:00+00:00,18.597,19.947,20.296999,20.097,20.497,20.697,16.6455,94.0,93.0,91.0,92.0,89.0,86.0,95.0,4,spring,91.42857142857143,19.539642714285712
2012,1,2024-04-24 20:00:00+00:00,17.847,19.647,19.847,19.697,20.197,20.046999,16.7955,97.0,94.0,93.0,94.0,90.0,89.0,95.0,4,spring,93.14285714285714,19.153928428571426
2013,1,2024-04-24 21:00:00+00:00,17.697,19.247,19.347,19.397,19.847,19.546999,16.8955,97.0,95.0,95.0,95.0,90.0,90.0,95.0,4,spring,93.85714285714286,18.85392842857143
2014,1,2024-04-24 22:00:00+00:00,17.447,18.747,18.796999,19.147,19.296999,19.147,16.7455,97.0,96.0,97.0,95.0,90.0,91.0,96.0,4,spring,94.57142857142857,18.475356857142856
2015,1,2024-04-24 23:00:00+00:00,17.147,18.447,18.546999,18.947,18.697,18.847,16.5455,99.0,96.0,96.0,95.0,91.0,91.0,96.0,4,spring,94.85714285714286,18.168214142857146
2016,1,2024-04-25 00:00:00+00:00,16.947,18.546999,18.296999,18.497,18.997,18.546999,16.8955,98.0,96.0,96.0,92.0,92.0,88.0,97.0,4,spring,94.14285714285714,18.103928142857143
2017,1,2024-04-25 01:00:00+00:00,16.897,18.347,18.097,17.947,18.546999,17.847,16.7955,98.0,96.0,95.0,93.0,92.0,90.0,98.0,4,spring,94.57142857142857,17.782499857142856
2018,1,2024-04-25 02:00:00+00:00,16.997,18.147,17.796999,17.296999,18.097,17.147,16.6955,97.0,96.0,95.0,94.0,93.0,93.0,98.0,4,spring,95.14285714285714,17.453928285714287
2019,1,2024-04-25 03:00:00+00:00,16.997,17.947,17.347,17.197,18.097,17.097,16.7955,97.0,97.0,95.0,94.0,92.0,93.0,98.0,4,spring,95.14285714285714,17.353928571428575
2020,1,2024-04-25 04:00:00+00:00,16.897,17.546999,16.796999,18.097,18.796999,18.147,17.095499,97.0,98.0,97.0,91.0,90.0,89.0,97.0,4,spring,94.14285714285714,17.625356571428572
2021,1,2024-04-25 05:00:00+00:00,18.597,18.897,18.697,19.597,19.897,19.897,17.5455,93.0,98.0,93.0,86.0,86.0,83.0,96.0,4,spring,90.71428571428571,19.018214285714286
2022,1,2024-04-25 06:00:00+00:00,20.847,20.997,21.147,20.897,21.197,21.647,16.7955,86.0,87.0,84.0,84.0,82.0,76.0,97.0,4,spring,85.14285714285714,20.50392857142857
2023,1,2024-04-25 07:00:00+00:00,21.847,21.897,22.747,22.097,22.697,23.347,17.4455,82.0,83.0,78.0,79.0,76.0,69.0,94.0,4,spring,80.14285714285714,21.725357142857145
2024,1,2024-04-25 08:00:00+00:00,23.647,23.247,24.247,23.147,24.347,25.097,18.2955,72.0,77.0,71.0,74.0,69.0,63.0,90.0,4,spring,73.71428571428571,23.146785714285716
2025,1,2024-04-25 09:00:00+00:00,24.897,24.497,25.296999,24.097,25.647,26.497,18.8955,68.0,72.0,67.0,70.0,64.0,57.0,87.0,4,spring,69.28571428571429,24.261071285714287
2026,1,2024-04-25 10:00:00+00:00,25.597,25.447,26.247,24.997,26.397,27.447,18.9455,65.0,67.0,62.0,66.0,61.0,53.0,87.0,4,spring,65.85714285714286,25.01107142857143
2027,1,2024-04-25 11:00:00+00:00,26.046999,25.796999,26.747,25.697,26.796999,28.046999,18.6955,63.0,65.0,60.0,64.0,60.0,50.0,88.0,4,spring,64.28571428571429,25.403928
2028,1,2024-04-25 12:00:00+00:00,24.647,25.897,26.546999,27.447,26.747,28.347,23.3955,69.0,60.0,60.0,53.0,59.0,49.0,66.0,4,spring,59.42857142857143,26.146785571428573
2029,1,2024-04-25 13:00:00+00:00,24.747,25.697,25.897,26.247,25.997,27.397,22.3955,68.0,60.0,63.0,60.0,62.0,52.0,73.0,4,spring,62.57142857142857,25.482499999999998
2030,1,2024-04-25 14:00:00+00:00,23.947,24.147,24.347,24.347,24.647,25.847,20.9955,71.0,72.0,74.0,70.0,68.0,57.0,83.0,4,spring,70.71428571428571,24.03964285714286
2031,1,2024-04-25 15:00:00+00:00,22.897,22.997,22.796999,22.747,23.347,24.347,19.6955,76.0,79.0,79.0,78.0,74.0,64.0,91.0,4,spring,77.28571428571429,22.689642714285718
2032,1,2024-04-25 16:00:00+00:00,21.796999,21.747,21.546999,21.796999,22.347,23.046999,18.6455,84.0,87.0,84.0,83.0,79.0,72.0,95.0,4,spring,83.42857142857143,21.561070857142855
2033,1,2024-04-25 17:00:00+00:00,21.147,20.697,20.947,21.147,21.397,21.747,17.6955,87.0,91.0,87.0,86.0,84.0,82.0,96.0,4,spring,87.57142857142857,20.682499999999997
2034,1,2024-04-25 18:00:00+00:00,20.247,19.997,20.147,20.197,20.647,20.747,16.095499,92.0,93.0,90.0,91.0,88.0,89.0,95.0,4,spring,91.14285714285714,19.725357
2035,1,2024-04-25 19:00:00+00:00,19.796999,19.796999,19.747,19.747,20.147,20.097,15.5955,93.0,93.0,92.0,93.0,91.0,92.0,96.0,4,spring,92.85714285714286,19.275356857142857
2036,1,2024-04-25 20:00:00+00:00,19.447,19.497,19.447,19.497,19.747,19.697,15.3955,95.0,93.0,92.0,93.0,93.0,94.0,96.0,4,spring,93.71428571428571,18.961071428571433
2037,1,2024-04-25 21:00:00+00:00,19.197,19.247,19.097,19.296999,19.447,19.347,15.2955,95.0,93.0,93.0,93.0,94.0,94.0,96.0,4,spring,94.0,18.70392842857143
2038,1,2024-04-25 22:00:00+00:00,19.046999,19.046999,18.796999,19.046999,19.147,19.097,15.0955,95.0,95.0,94.0,94.0,95.0,94.0,96.0,4,spring,94.71428571428571,18.468213714285714
2039,1,2024-04-25 23:00:00+00:00,18.847,18.997,18.697,18.847,18.847,18.897,14.8955,96.0,93.0,94.0,94.0,95.0,93.0,96.0,4,spring,94.42857142857143,18.28964285714286
2040,1,2024-04-26 00:00:00+00:00,18.597,18.447,19.046999,18.447,18.796999,19.046999,16.7955,95.0,94.0,93.0,95.0,94.0,91.0,92.0,4,spring,93.42857142857143,18.45392814285714
2041,1,2024-04-26 01:00:00+00:00,18.347,18.296999,18.697,17.947,18.197,18.497,16.6955,96.0,94.0,93.0,96.0,95.0,92.0,92.0,4,spring,94.0,18.096785571428573
2042,1,2024-04-26 02:00:00+00:00,18.147,18.097,18.247,17.447,17.447,17.897,16.5455,96.0,95.0,94.0,97.0,96.0,93.0,92.0,4,spring,94.71428571428571,17.68964285714286
2043,1,2024-04-26 03:00:00+00:00,17.947,17.847,17.897,17.497,17.296999,17.847,16.595499,97.0,95.0,94.0,96.0,96.0,93.0,91.0,4,spring,94.57142857142857,17.56107114285714
2044,1,2024-04-26 04:00:00+00:00,17.447,17.546999,17.697,18.347,18.097,18.597,16.6455,99.0,96.0,94.0,93.0,93.0,90.0,91.0,4,spring,93.71428571428571,17.768214142857147
2045,1,2024-04-26 05:00:00+00:00,18.947,19.046999,19.097,19.697,19.447,19.897,16.845499,94.0,92.0,91.0,88.0,88.0,85.0,90.0,4,spring,89.71428571428571,18.996785428571428
2046,1,2024-04-26 06:00:00+00:00,20.197,20.847,21.147,21.046999,20.947,21.347,19.2955,88.0,86.0,84.0,85.0,82.0,80.0,86.0,4,spring,84.42857142857143,20.689642714285718
2047,1,2024-04-26 07:00:00+00:00,21.597,22.647,22.747,22.546999,22.597,22.997,20.6955,82.0,79.0,80.0,78.0,76.0,74.0,81.0,4,spring,78.57142857142857,22.261071285714287
2048,1,2024-04-26 08:00:00+00:00,22.597,24.147,24.347,24.247,24.347,24.747,21.9955,76.0,70.0,73.0,69.0,69.0,68.0,75.0,4,spring,71.42857142857143,23.775357142857143
2049,1,2024-04-26 09:00:00+00:00,23.546999,25.097,25.747,25.597,25.747,26.147,22.6955,70.0,64.0,64.0,62.0,64.0,62.0,73.0,4,spring,65.57142857142857,24.939642714285718
2050,1,2024-04-26 10:00:00+00:00,24.296999,25.997,26.647,26.597,26.747,26.997,22.2955,67.0,59.0,59.0,57.0,60.0,58.0,77.0,4,spring,62.42857142857143,25.653928428571437
2051,1,2024-04-26 11:00:00+00:00,24.697,26.597,27.147,27.247,27.347,27.447,21.2455,63.0,56.0,57.0,54.0,57.0,54.0,83.0,4,spring,60.57142857142857,25.961071428571426
2052,1,2024-04-26 12:00:00+00:00,23.847,26.347,27.497,27.447,27.597,27.897,24.095499,65.0,59.0,53.0,57.0,56.0,55.0,67.0,4,spring,58.857142857142854,26.389642714285714
2053,1,2024-04-26 13:00:00+00:00,23.847,26.097,26.897,26.897,26.546999,26.796999,23.4455,64.0,60.0,52.0,58.0,61.0,60.0,73.0,4,spring,61.142857142857146,25.789642571428573
2054,1,2024-04-26 14:00:00+00:00,23.497,25.847,25.947,25.847,24.847,25.097,22.4455,65.0,58.0,55.0,59.0,68.0,68.0,81.0,4,spring,64.85714285714286,24.789642857142862
2055,1,2024-04-26 15:00:00+00:00,22.497,24.897,23.097,24.697,23.347,23.597,21.2955,71.0,62.0,74.0,63.0,75.0,76.0,87.0,4,spring,72.57142857142857,23.346785714285716
2056,1,2024-04-26 16:00:00+00:00,21.097,23.046999,21.997,23.347,22.296999,22.546999,19.8955,78.0,72.0,83.0,70.0,80.0,82.0,91.0,4,spring,79.42857142857143,22.03249957142857
2057,1,2024-04-26 17:00:00+00:00,20.397,21.697,20.897,21.847,21.447,21.697,18.3955,80.0,78.0,88.0,79.0,85.0,87.0,93.0,4,spring,84.28571428571429,20.91107142857143
2058,1,2024-04-26 18:00:00+00:00,20.546999,20.697,20.747,20.497,20.747,20.997,16.9955,82.0,83.0,89.0,91.0,89.0,91.0,95.0,4,spring,88.57142857142857,20.175356999999998
2059,1,2024-04-26 19:00:00+00:00,19.697,19.597,20.197,19.997,20.247,20.597,16.5455,87.0,88.0,92.0,92.0,91.0,93.0,96.0,4,spring,91.28571428571429,19.55392857142857
2060,1,2024-04-26 20:00:00+00:00,18.747,18.747,19.947,19.647,19.847,20.347,16.3955,92.0,91.0,93.0,93.0,91.0,93.0,97.0,4,spring,92.85714285714286,19.096785714285716
2061,1,2024-04-26 21:00:00+00:00,17.997,18.247,19.647,19.296999,19.497,20.097,16.2955,95.0,93.0,93.0,93.0,92.0,93.0,97.0,4,spring,93.71428571428571,18.725357
2062,1,2024-04-26 22:00:00+00:00,17.497,18.296999,19.197,18.997,19.097,19.697,16.2455,96.0,92.0,95.0,94.0,93.0,93.0,97.0,4,spring,94.28571428571429,18.432499857142858
2063,1,2024-04-26 23:00:00+00:00,16.847,18.347,18.947,18.747,18.647,19.296999,16.2955,98.0,89.0,96.0,94.0,94.0,92.0,96.0,4,spring,94.14285714285714,18.161071285714286
2064,1,2024-04-27 00:00:00+00:00,15.747,18.397,18.647,18.697,18.497,18.296999,16.4955,98.0,94.0,95.0,94.0,93.0,95.0,98.0,4,spring,95.28571428571429,17.825357
2065,1,2024-04-27 01:00:00+00:00,15.447,18.046999,18.447,18.296999,17.947,17.697,16.4955,97.0,95.0,94.0,94.0,94.0,96.0,98.0,4,spring,95.42857142857143,17.482499714285716
2066,1,2024-04-27 02:00:00+00:00,14.997,17.647,18.296999,17.847,17.397,16.997,16.4955,97.0,95.0,93.0,95.0,95.0,96.0,97.0,4,spring,95.42857142857143,17.096785571428573
2067,1,2024-04-27 03:00:00+00:00,14.646999,17.147,18.046999,17.897,17.347,16.997,16.595499,97.0,95.0,92.0,94.0,95.0,95.0,96.0,4,spring,94.85714285714286,16.953928142857144
2068,1,2024-04-27 04:00:00+00:00,14.547,16.796999,17.847,18.697,18.197,18.046999,16.845499,97.0,96.0,93.0,91.0,93.0,92.0,95.0,4,spring,93.85714285714286,17.282499571428573
2069,1,2024-04-27 05:00:00+00:00,17.046999,18.796999,19.347,19.947,19.546999,19.697,17.2455,92.0,90.0,90.0,88.0,90.0,88.0,94.0,4,spring,90.28571428571429,18.803928142857142
2070,1,2024-04-27 06:00:00+00:00,20.147,20.997,21.647,21.197,21.046999,21.397,18.095499,84.0,80.0,82.0,85.0,85.0,83.0,91.0,4,spring,84.28571428571429,20.646785428571427
2071,1,2024-04-27 07:00:00+00:00,21.947,23.046999,23.397,22.796999,22.697,23.097,19.3955,74.0,73.0,75.0,79.0,79.0,76.0,87.0,4,spring,77.57142857142857,22.339642571428573
2072,1,2024-04-27 08:00:00+00:00,23.497,24.847,24.947,24.447,24.497,24.847,20.845499,66.0,64.0,68.0,73.0,71.0,68.0,82.0,4,spring,70.28571428571429,23.98964271428571
2073,1,2024-04-27 09:00:00+00:00,24.697,26.197,26.397,25.796999,25.897,26.197,21.4955,62.0,58.0,61.0,67.0,65.0,62.0,80.0,4,spring,65.0,25.23964271428571
2074,1,2024-04-27 10:00:00+00:00,25.546999,27.197,27.097,26.697,26.796999,27.097,20.595499,59.0,53.0,54.0,62.0,61.0,58.0,84.0,4,spring,61.57142857142857,25.861071000000003
2075,1,2024-04-27 11:00:00+00:00,25.997,27.697,27.597,27.296999,27.347,27.597,18.7955,57.0,50.0,51.0,57.0,57.0,56.0,91.0,4,spring,59.857142857142854,26.046785571428575
2076,1,2024-04-27 12:00:00+00:00,26.347,27.147,27.747,27.296999,27.247,27.647,17.2955,56.0,54.0,54.0,54.0,56.0,58.0,94.0,4,spring,60.857142857142854,25.81821414285714
2077,1,2024-04-27 13:00:00+00:00,25.447,26.947,27.147,26.247,26.247,26.546999,17.095499,61.0,51.0,53.0,59.0,61.0,63.0,95.0,4,spring,63.285714285714285,25.096785428571426
2078,1,2024-04-27 14:00:00+00:00,24.597,26.397,25.997,24.647,24.747,24.847,16.7955,64.0,51.0,58.0,68.0,70.0,70.0,97.0,4,spring,68.28571428571429,24.00392857142857
2079,1,2024-04-27 15:00:00+00:00,23.447,25.046999,23.447,23.147,23.397,23.347,16.4955,70.0,58.0,76.0,76.0,77.0,77.0,98.0,4,spring,76.0,22.61821414285714
2080,1,2024-04-27 16:00:00+00:00,22.046999,22.997,22.296999,22.046999,22.497,22.347,16.2455,80.0,68.0,83.0,82.0,82.0,82.0,98.0,4,spring,82.14285714285714,21.496785285714285
2081,1,2024-04-27 17:00:00+00:00,20.947,21.147,21.247,21.097,21.747,21.597,15.9955,86.0,80.0,88.0,86.0,85.0,87.0,97.0,4,spring,87.0,20.539642857142855
2082,1,2024-04-27 18:00:00+00:00,20.147,20.247,20.647,20.647,21.097,20.947,15.7955,88.0,89.0,88.0,86.0,88.0,90.0,96.0,4,spring,89.28571428571429,19.9325
2083,1,2024-04-27 19:00:00+00:00,19.197,19.747,20.347,20.147,20.497,20.397,15.6455,93.0,92.0,89.0,89.0,90.0,92.0,96.0,4,spring,91.57142857142857,19.42535714285714
2084,1,2024-04-27 20:00:00+00:00,18.796999,19.497,19.796999,19.796999,20.046999,19.947,15.8955,95.0,93.0,90.0,92.0,92.0,93.0,94.0,4,spring,92.71428571428571,19.11107085714286
2085,1,2024-04-27 21:00:00+00:00,18.497,19.147,19.296999,19.497,19.546999,19.546999,16.095499,97.0,94.0,93.0,94.0,93.0,93.0,92.0,4,spring,93.71428571428571,18.803927999999996
2086,1,2024-04-27 22:00:00+00:00,18.296999,18.747,18.997,19.197,19.046999,19.147,16.1955,98.0,95.0,94.0,95.0,93.0,93.0,90.0,4,spring,94.0,18.518214
2087,1,2024-04-27 23:00:00+00:00,18.097,18.447,18.796999,18.947,18.546999,18.697,16.2455,97.0,95.0,95.0,95.0,93.0,93.0,89.0,4,spring,93.85714285714286,18.253928285714288
2088,1,2024-04-28 00:00:00+00:00,17.747,17.897,18.546999,18.546999,18.197,18.147,15.5955,94.0,96.0,94.0,93.0,94.0,94.0,97.0,4,spring,94.57142857142857,17.81107114285714
2089,1,2024-04-28 01:00:00+00:00,17.197,17.647,17.997,17.947,17.497,17.497,15.445499,95.0,95.0,94.0,94.0,95.0,95.0,97.0,4,spring,95.0,17.31821414285714
2090,1,2024-04-28 02:00:00+00:00,16.647,17.147,17.597,17.347,16.747,16.847,15.3955,96.0,96.0,94.0,96.0,96.0,96.0,96.0,4,spring,95.71428571428571,16.818214285714284
2091,1,2024-04-28 03:00:00+00:00,16.247,16.647,17.296999,17.296999,16.697,16.847,15.7955,97.0,96.0,95.0,96.0,95.0,95.0,95.0,4,spring,95.57142857142857,16.689642571428575
2092,1,2024-04-28 04:00:00+00:00,16.097,16.397,17.046999,18.247,17.796999,17.947,16.9455,96.0,96.0,95.0,93.0,92.0,92.0,92.0,4,spring,93.71428571428571,17.211071142857143
2093,1,2024-04-28 05:00:00+00:00,18.197,18.447,18.897,19.747,19.647,19.697,18.5455,91.0,91.0,90.0,88.0,87.0,88.0,87.0,4,spring,88.85714285714286,19.025357142857143
2094,1,2024-04-28 06:00:00+00:00,20.697,21.397,21.197,21.447,21.397,21.397,19.6955,85.0,82.0,82.0,82.0,82.0,83.0,85.0,4,spring,83.0,21.0325
2095,1,2024-04-28 07:00:00+00:00,22.847,23.197,22.796999,22.947,22.997,22.947,21.3955,75.0,73.0,76.0,75.0,75.0,77.0,79.0,4,spring,75.71428571428571,22.73249985714286
2096,1,2024-04-28 08:00:00+00:00,24.447,24.796999,24.647,24.546999,24.497,24.497,23.1955,66.0,66.0,68.0,66.0,68.0,70.0,72.0,4,spring,68.0,24.375356857142858
2097,1,2024-04-28 09:00:00+00:00,25.697,25.697,25.947,25.796999,25.697,25.697,24.4955,62.0,60.0,60.0,60.0,63.0,64.0,66.0,4,spring,62.142857142857146,25.575356999999997
2098,1,2024-04-28 10:00:00+00:00,26.197,26.397,26.747,26.647,26.497,26.597,25.345499,55.0,56.0,56.0,56.0,60.0,60.0,61.0,4,spring,57.714285714285715,26.346785571428573
2099,1,2024-04-28 11:00:00+00:00,26.597,26.747,27.197,27.147,26.897,27.147,25.7455,54.0,55.0,53.0,54.0,60.0,58.0,57.0,4,spring,55.857142857142854,26.782499999999995
2100,1,2024-04-28 12:00:00+00:00,26.097,26.546999,26.796999,27.046999,26.997,26.947,23.6955,56.0,55.0,54.0,54.0,58.0,58.0,73.0,4,spring,58.285714285714285,26.30392814285715
2101,1,2024-04-28 13:00:00+00:00,25.697,26.347,26.497,25.947,26.347,25.897,22.9455,57.0,54.0,54.0,60.0,60.0,64.0,77.0,4,spring,60.857142857142854,25.66821428571429
2102,1,2024-04-28 14:00:00+00:00,25.046999,25.647,25.947,24.197,25.197,24.296999,21.9955,57.0,54.0,54.0,69.0,64.0,73.0,81.0,4,spring,64.57142857142857,24.618214
2103,1,2024-04-28 15:00:00+00:00,23.247,24.546999,24.697,22.647,23.997,22.947,20.9955,66.0,62.0,60.0,77.0,69.0,81.0,85.0,4,spring,71.42857142857143,23.29678557142857
2104,1,2024-04-28 16:00:00+00:00,21.347,22.697,22.247,21.546999,22.897,22.197,19.8955,79.0,71.0,75.0,82.0,74.0,85.0,88.0,4,spring,79.14285714285714,21.832499857142857
2105,1,2024-04-28 17:00:00+00:00,20.597,21.296999,20.897,20.647,21.796999,21.647,18.7455,85.0,79.0,83.0,85.0,80.0,88.0,89.0,4,spring,84.14285714285714,20.80392828571428
2106,1,2024-04-28 18:00:00+00:00,20.247,20.147,20.296999,20.447,20.847,21.097,17.1955,89.0,88.0,84.0,89.0,85.0,90.0,96.0,4,spring,88.71428571428571,20.039642714285716
2107,1,2024-04-28 19:00:00+00:00,19.647,19.847,19.597,19.897,20.097,20.347,16.9455,93.0,89.0,85.0,90.0,88.0,90.0,96.0,4,spring,90.14285714285714,19.482500000000005
2108,1,2024-04-28 20:00:00+00:00,19.447,19.447,19.347,19.447,19.447,19.597,17.095499,92.0,91.0,86.0,91.0,89.0,88.0,95.0,4,spring,90.28571428571429,19.11821414285714
2109,1,2024-04-28 21:00:00+00:00,19.197,18.947,19.147,19.046999,18.897,18.897,17.1955,93.0,91.0,88.0,91.0,90.0,87.0,94.0,4,spring,90.57142857142857,18.761071285714284
2110,1,2024-04-28 22:00:00+00:00,18.947,18.546999,18.796999,18.697,18.447,18.397,16.9955,93.0,91.0,90.0,92.0,91.0,88.0,95.0,4,spring,91.42857142857143,18.403928285714283
2111,1,2024-04-28 23:00:00+00:00,18.747,18.097,18.447,18.447,18.046999,17.997,16.6955,93.0,91.0,92.0,92.0,92.0,90.0,97.0,4,spring,92.42857142857143,18.06821414285714
2112,1,2024-04-29 00:00:00+00:00,17.897,18.397,17.847,18.197,17.546999,17.647,15.5955,94.0,93.0,94.0,94.0,95.0,90.0,96.0,4,spring,93.71428571428571,17.589642714285713
2113,1,2024-04-29 01:00:00+00:00,17.347,18.046999,17.597,17.597,16.997,16.997,15.2455,94.0,94.0,95.0,95.0,96.0,92.0,96.0,4,spring,94.57142857142857,17.11821414285714
2114,1,2024-04-29 02:00:00+00:00,16.947,17.597,17.197,17.046999,16.497,16.397,14.8455,95.0,95.0,96.0,96.0,96.0,94.0,97.0,4,spring,95.57142857142857,16.64678557142857
2115,1,2024-04-29 03:00:00+00:00,16.447,17.097,16.747,17.097,16.647,16.447,14.9955,95.0,95.0,96.0,95.0,95.0,94.0,96.0,4,spring,95.14285714285714,16.496785714285714
2116,1,2024-04-29 04:00:00+00:00,16.197,16.897,16.497,18.247,17.847,17.647,16.095499,95.0,95.0,96.0,91.0,91.0,90.0,93.0,4,spring,93.0,17.061071285714284
2117,1,2024-04-29 05:00:00+00:00,18.147,18.747,18.546999,19.997,19.747,19.497,17.7455,90.0,91.0,91.0,86.0,86.0,84.0,89.0,4,spring,88.14285714285714,18.918214142857142
2118,1,2024-04-29 06:00:00+00:00,20.597,20.997,21.447,21.597,21.597,21.347,19.8955,83.0,83.0,82.0,80.0,80.0,78.0,85.0,4,spring,81.57142857142857,21.068214285714287
2119,1,2024-04-29 07:00:00+00:00,22.397,23.046999,23.546999,23.296999,23.397,23.097,22.1455,78.0,76.0,75.0,73.0,72.0,72.0,75.0,4,spring,74.42857142857143,22.989642428571425
2120,1,2024-04-29 08:00:00+00:00,24.296999,24.747,25.097,24.997,25.147,24.847,24.6455,68.0,66.0,64.0,64.0,64.0,65.0,64.0,4,spring,65.0,24.825357
2121,1,2024-04-29 09:00:00+00:00,25.397,25.847,26.147,26.347,26.597,26.247,26.1955,61.0,59.0,57.0,58.0,57.0,60.0,57.0,4,spring,58.42857142857143,26.111071428571428
2122,1,2024-04-29 10:00:00+00:00,26.197,26.747,26.947,27.296999,27.546999,27.147,26.3955,57.0,55.0,54.0,54.0,52.0,56.0,58.0,4,spring,55.142857142857146,26.89678542857143
2123,1,2024-04-29 11:00:00+00:00,26.897,27.347,27.447,27.897,28.197,27.697,25.7455,54.0,53.0,53.0,51.0,49.0,54.0,65.0,4,spring,54.142857142857146,27.318214285714284
2124,1,2024-04-29 12:00:00+00:00,26.546999,27.497,27.497,27.847,28.347,28.347,26.595499,53.0,51.0,54.0,52.0,48.0,49.0,54.0,4,spring,51.57142857142857,27.52535685714286
2125,1,2024-04-29 13:00:00+00:00,25.796999,26.947,27.197,27.747,28.247,28.097,24.7955,58.0,53.0,54.0,52.0,46.0,49.0,63.0,4,spring,53.57142857142857,26.975357000000002
2126,1,2024-04-29 14:00:00+00:00,25.147,25.997,26.497,27.247,27.796999,27.447,22.2955,63.0,57.0,55.0,53.0,46.0,51.0,76.0,4,spring,57.285714285714285,26.061071285714288
2127,1,2024-04-29 15:00:00+00:00,23.897,24.697,24.897,26.347,26.897,26.397,20.1955,69.0,64.0,62.0,56.0,50.0,55.0,86.0,4,spring,63.142857142857146,24.761071428571427
2128,1,2024-04-29 16:00:00+00:00,22.347,22.897,22.347,24.796999,25.097,24.647,19.0455,80.0,75.0,79.0,63.0,61.0,64.0,91.0,4,spring,73.28571428571429,23.025357000000003
2129,1,2024-04-29 17:00:00+00:00,21.247,21.697,21.347,22.796999,22.796999,22.497,18.2955,85.0,81.0,85.0,73.0,76.0,75.0,94.0,4,spring,81.28571428571429,21.52535685714286
2130,1,2024-04-29 18:00:00+00:00,20.247,20.697,21.247,20.947,21.046999,20.796999,17.2955,91.0,87.0,86.0,83.0,87.0,84.0,95.0,4,spring,87.57142857142857,20.325356857142857
2131,1,2024-04-29 19:00:00+00:00,19.897,20.247,20.697,20.097,20.347,19.997,16.9955,91.0,90.0,89.0,86.0,91.0,88.0,96.0,4,spring,90.14285714285714,19.75392857142857
2132,1,2024-04-29 20:00:00+00:00,19.647,19.796999,20.097,19.546999,20.147,19.647,17.0455,91.0,92.0,90.0,88.0,92.0,90.0,95.0,4,spring,91.14285714285714,19.418214
2133,1,2024-04-29 21:00:00+00:00,19.497,19.647,19.447,19.046999,19.897,19.347,17.095499,91.0,91.0,90.0,89.0,93.0,91.0,95.0,4,spring,91.42857142857143,19.13964257142857
2134,1,2024-04-29 22:00:00+00:00,19.097,19.197,18.947,18.647,19.347,18.947,16.9955,93.0,93.0,90.0,91.0,94.0,92.0,95.0,4,spring,92.57142857142857,18.739642857142858
2135,1,2024-04-29 23:00:00+00:00,18.747,18.747,18.347,18.296999,18.747,18.546999,16.8955,94.0,95.0,92.0,93.0,95.0,93.0,95.0,4,spring,93.85714285714286,18.332499714285714
2136,1,2024-04-30 00:00:00+00:00,18.296999,18.647,18.497,17.847,18.247,18.147,16.095499,96.0,97.0,93.0,97.0,96.0,95.0,93.0,4,spring,95.28571428571429,17.968214
2137,1,2024-04-30 01:00:00+00:00,17.897,18.397,17.997,17.247,17.597,17.497,15.9955,96.0,96.0,93.0,98.0,96.0,96.0,93.0,4,spring,95.42857142857143,17.518214285714286
2138,1,2024-04-30 02:00:00+00:00,17.497,18.197,17.697,16.697,16.947,16.897,15.8955,96.0,95.0,94.0,98.0,97.0,96.0,94.0,4,spring,95.71428571428571,17.118214285714288
2139,1,2024-04-30 03:00:00+00:00,17.046999,17.747,17.397,16.796999,16.997,16.997,16.1955,97.0,95.0,95.0,96.0,95.0,95.0,93.0,4,spring,95.14285714285714,17.025356857142857
2140,1,2024-04-30 04:00:00+00:00,16.697,17.397,17.097,17.947,18.197,18.197,17.095499,97.0,95.0,96.0,92.0,91.0,91.0,90.0,4,spring,93.14285714285714,17.518214142857143
2141,1,2024-04-30 05:00:00+00:00,18.597,19.147,18.947,19.747,20.046999,20.097,18.3955,94.0,90.0,91.0,87.0,86.0,85.0,85.0,4,spring,88.28571428571429,19.282499857142856
2142,1,2024-04-30 06:00:00+00:00,21.046999,21.247,21.347,21.497,21.897,21.997,20.095499,87.0,85.0,83.0,83.0,80.0,78.0,83.0,4,spring,82.71428571428571,21.30392828571428
2143,1,2024-04-30 07:00:00+00:00,22.747,23.147,23.147,23.197,23.697,23.847,22.1955,77.0,78.0,79.0,76.0,73.0,71.0,75.0,4,spring,75.57142857142857,23.13964285714286
2144,1,2024-04-30 08:00:00+00:00,24.046999,24.747,24.796999,24.897,25.447,25.697,24.345499,70.0,68.0,69.0,67.0,64.0,63.0,66.0,4,spring,66.71428571428571,24.853928142857143
2145,1,2024-04-30 09:00:00+00:00,25.046999,25.897,25.997,26.247,26.847,27.097,25.8955,65.0,61.0,63.0,60.0,58.0,57.0,60.0,4,spring,60.57142857142857,26.146785571428573
2146,1,2024-04-30 10:00:00+00:00,25.847,26.147,26.796999,27.147,27.747,27.997,26.5455,62.0,61.0,59.0,55.0,54.0,54.0,57.0,4,spring,57.42857142857143,26.889642714285717
2147,1,2024-04-30 11:00:00+00:00,26.247,26.597,27.197,27.697,28.247,28.397,26.5455,60.0,59.0,55.0,52.0,52.0,52.0,55.0,4,spring,55.0,27.275357142857143
2148,1,2024-04-30 12:00:00+00:00,26.147,26.747,27.147,28.197,27.697,28.247,24.4955,60.0,59.0,53.0,52.0,54.0,54.0,68.0,4,spring,57.142857142857146,26.953928571428573
2149,1,2024-04-30 13:00:00+00:00,25.647,26.097,26.597,27.597,26.546999,27.097,23.095499,62.0,60.0,56.0,54.0,60.0,61.0,75.0,4,spring,61.142857142857146,26.09678542857143
2150,1,2024-04-30 14:00:00+00:00,24.447,24.947,26.046999,26.497,24.796999,25.296999,21.345499,69.0,63.0,57.0,57.0,70.0,71.0,82.0,4,spring,67.0,24.76821371428571
2151,1,2024-04-30 15:00:00+00:00,22.796999,22.947,24.897,25.247,23.197,23.647,19.7955,77.0,77.0,61.0,62.0,78.0,79.0,89.0,4,spring,74.71428571428571,23.218214142857143
2152,1,2024-04-30 16:00:00+00:00,21.546999,21.897,23.046999,23.847,22.097,22.347,18.7455,85.0,83.0,72.0,69.0,84.0,84.0,93.0,4,spring,81.42857142857143,21.932499714285715
2153,1,2024-04-30 17:00:00+00:00,20.796999,21.197,21.546999,22.247,21.147,21.147,17.9455,89.0,85.0,81.0,77.0,89.0,87.0,95.0,4,spring,86.14285714285714,20.861071142857146
2154,1,2024-04-30 18:00:00+00:00,20.497,20.147,20.897,21.247,20.447,20.247,18.095499,91.0,90.0,84.0,80.0,93.0,89.0,93.0,4,spring,88.57142857142857,20.225357
2155,1,2024-04-30 19:00:00+00:00,19.997,19.647,20.347,20.447,19.997,19.697,17.5455,92.0,92.0,87.0,84.0,95.0,92.0,94.0,4,spring,90.85714285714286,19.66821428571429
2156,1,2024-04-30 20:00:00+00:00,19.247,19.247,19.796999,19.847,19.796999,19.447,16.9955,95.0,93.0,89.0,87.0,95.0,94.0,95.0,4,spring,92.57142857142857,19.196785428571427
2157,1,2024-04-30 21:00:00+00:00,19.046999,18.947,19.296999,19.347,19.497,19.247,16.595499,95.0,93.0,92.0,89.0,95.0,95.0,96.0,4,spring,93.57142857142857,18.853928142857143
2158,1,2024-04-30 22:00:00+00:00,18.796999,18.697,19.147,18.897,19.046999,19.046999,16.4955,95.0,93.0,92.0,91.0,96.0,95.0,96.0,4,spring,94.0,18.58964242857143
2159,1,2024-04-30 23:00:00+00:00,18.447,18.397,19.147,18.597,18.546999,18.897,16.595499,96.0,94.0,91.0,91.0,96.0,94.0,95.0,4,spring,93.85714285714286,18.375356857142854
2160,1,2024-05-01 00:00:00+00:00,18.197,17.847,18.847,18.397,17.947,18.647,16.095499,97.0,95.0,92.0,91.0,94.0,94.0,96.0,5,spring,94.14285714285714,17.99678557142857
2161,1,2024-05-01 01:00:00+00:00,17.897,17.546999,18.546999,17.847,17.497,18.247,15.695499,97.0,95.0,92.0,92.0,95.0,94.0,96.0,5,spring,94.42857142857143,17.611071
2162,1,2024-05-01 02:00:00+00:00,17.497,17.397,18.097,17.296999,17.097,17.897,15.195499,97.0,95.0,93.0,94.0,95.0,94.0,97.0,5,spring,95.0,17.21107114285714
2163,1,2024-05-01 03:00:00+00:00,17.097,17.147,17.647,17.347,17.247,18.046999,15.2955,97.0,95.0,95.0,93.0,94.0,93.0,96.0,5,spring,94.71428571428571,17.118214142857145
2164,1,2024-05-01 04:00:00+00:00,16.897,16.897,17.296999,18.397,18.296999,18.997,16.3955,97.0,95.0,95.0,89.0,91.0,90.0,93.0,5,spring,92.85714285714286,17.59678542857143
2165,1,2024-05-01 05:00:00+00:00,18.697,18.647,18.997,19.997,19.897,20.397,18.0455,92.0,91.0,91.0,84.0,87.0,86.0,88.0,5,spring,88.42857142857143,19.239642857142854
2166,1,2024-05-01 06:00:00+00:00,21.046999,20.647,20.947,21.397,21.546999,21.796999,16.4955,87.0,86.0,84.0,82.0,82.0,82.0,95.0,5,spring,85.42857142857143,20.55392814285714
2167,1,2024-05-01 07:00:00+00:00,22.947,22.296999,22.897,23.097,23.247,23.147,17.1455,78.0,82.0,78.0,75.0,75.0,77.0,93.0,5,spring,79.71428571428571,22.111071285714285
2168,1,2024-05-01 08:00:00+00:00,24.097,23.897,24.647,24.847,25.046999,24.447,17.9455,71.0,72.0,71.0,68.0,67.0,71.0,90.0,5,spring,72.85714285714286,23.561071285714288
2169,1,2024-05-01 09:00:00+00:00,24.847,24.997,25.697,26.296999,26.397,25.546999,18.4955,69.0,66.0,62.0,61.0,60.0,66.0,89.0,5,spring,67.57142857142857,24.61107114285714
2170,1,2024-05-01 10:00:00+00:00,25.647,25.697,26.546999,27.247,27.197,26.347,18.595499,67.0,64.0,58.0,56.0,56.0,63.0,89.0,5,spring,64.71428571428571,25.325356857142854
2171,1,2024-05-01 11:00:00+00:00,26.097,25.947,27.046999,27.897,27.597,26.947,18.4455,65.0,59.0,56.0,53.0,54.0,62.0,91.0,5,spring,62.857142857142854,25.71107128571429
2172,1,2024-05-01 12:00:00+00:00,26.097,26.147,26.147,28.147,28.597,27.296999,21.2955,60.0,59.0,58.0,52.0,51.0,59.0,83.0,5,spring,60.285714285714285,26.24678557142857
2173,1,2024-05-01 13:00:00+00:00,25.597,26.147,25.997,27.697,28.046999,26.347,20.5455,60.0,57.0,58.0,53.0,52.0,63.0,85.0,5,spring,61.142857142857146,25.768214142857147
2174,1,2024-05-01 14:00:00+00:00,24.347,25.697,25.197,26.796999,26.997,24.796999,19.3955,70.0,57.0,60.0,55.0,56.0,70.0,89.0,5,spring,65.28571428571429,24.746785428571428
2175,1,2024-05-01 15:00:00+00:00,23.497,24.546999,24.296999,25.747,25.747,23.397,18.4955,69.0,65.0,65.0,59.0,61.0,77.0,92.0,5,spring,69.71428571428571,23.675356857142855
2176,1,2024-05-01 16:00:00+00:00,21.997,23.097,22.747,24.397,24.147,22.347,17.9955,76.0,73.0,73.0,65.0,70.0,83.0,93.0,5,spring,76.14285714285714,22.389642857142857
2177,1,2024-05-01 17:00:00+00:00,20.947,22.447,21.647,22.897,22.397,21.447,17.6955,82.0,76.0,78.0,73.0,80.0,88.0,93.0,5,spring,81.42857142857143,21.353928571428572
2178,1,2024-05-01 18:00:00+00:00,21.046999,20.497,20.796999,21.197,20.997,20.697,16.6955,88.0,85.0,86.0,82.0,88.0,92.0,96.0,5,spring,88.14285714285714,20.27535685714286
2179,1,2024-05-01 19:00:00+00:00,20.046999,19.697,20.447,20.296999,20.347,20.147,16.6455,93.0,89.0,86.0,86.0,91.0,94.0,96.0,5,spring,90.71428571428571,19.661071142857143
2180,1,2024-05-01 20:00:00+00:00,19.397,19.247,20.147,19.597,20.046999,19.747,16.9455,96.0,92.0,85.0,89.0,92.0,94.0,95.0,5,spring,91.85714285714286,19.303928428571428
2181,1,2024-05-01 21:00:00+00:00,19.046999,19.097,19.697,19.046999,19.847,19.397,17.095499,96.0,92.0,86.0,91.0,92.0,94.0,95.0,5,spring,92.28571428571429,19.032499571428566
2182,1,2024-05-01 22:00:00+00:00,18.847,19.046999,19.147,18.647,19.597,19.046999,16.7455,96.0,90.0,87.0,92.0,93.0,94.0,95.0,5,spring,92.42857142857143,18.725356857142856
2183,1,2024-05-01 23:00:00+00:00,18.747,18.897,18.697,18.347,19.397,18.747,16.1955,94.0,89.0,89.0,93.0,95.0,93.0,96.0,5,spring,92.71428571428571,18.432499999999997
2184,1,2024-05-02 00:00:00+00:00,18.247,18.097,18.597,18.647,18.697,18.796999,16.595499,94.0,92.0,91.0,94.0,91.0,91.0,97.0,5,spring,92.85714285714286,18.239642571428572
2185,1,2024-05-02 01:00:00+00:00,18.147,17.697,18.097,18.046999,18.147,18.497,16.4955,94.0,93.0,92.0,95.0,92.0,91.0,98.0,5,spring,93.57142857142857,17.875357
2186,1,2024-05-02 02:00:00+00:00,17.897,17.347,17.647,17.447,17.647,18.197,16.2955,95.0,94.0,94.0,95.0,94.0,92.0,98.0,5,spring,94.57142857142857,17.496785714285714
2187,1,2024-05-02 03:00:00+00:00,17.447,16.997,17.347,17.447,17.747,18.397,16.1955,95.0,95.0,95.0,93.0,93.0,91.0,99.0,5,spring,94.42857142857143,17.368214285714284
2188,1,2024-05-02 04:00:00+00:00,17.197,16.647,17.197,18.497,18.796999,19.296999,16.1955,95.0,96.0,94.0,90.0,89.0,88.0,99.0,5,spring,93.0,17.68964257142857
2189,1,2024-05-02 05:00:00+00:00,18.897,18.747,19.147,20.147,20.497,20.697,16.2955,91.0,93.0,88.0,85.0,84.0,85.0,99.0,5,spring,89.28571428571429,19.20392857142857
2190,1,2024-05-02 06:00:00+00:00,21.097,21.296999,21.447,21.796999,22.097,22.097,17.2955,84.0,84.0,82.0,79.0,78.0,80.0,95.0,5,spring,83.14285714285714,21.018214
2191,1,2024-05-02 07:00:00+00:00,22.747,22.897,23.296999,23.397,23.546999,23.546999,17.7955,78.0,79.0,76.0,72.0,73.0,74.0,91.0,5,spring,77.57142857142857,22.461071
2192,1,2024-05-02 08:00:00+00:00,24.296999,23.947,24.296999,24.997,24.997,24.997,18.4455,68.0,73.0,68.0,64.0,67.0,67.0,86.0,5,spring,70.42857142857143,23.711071142857143
2193,1,2024-05-02 09:00:00+00:00,25.147,24.897,25.447,26.247,26.147,26.197,19.3955,63.0,67.0,64.0,58.0,63.0,62.0,80.0,5,spring,65.28571428571429,24.7825
2194,1,2024-05-02 10:00:00+00:00,25.997,25.796999,26.147,26.997,26.997,27.147,21.1455,60.0,64.0,61.0,55.0,59.0,59.0,72.0,5,spring,61.42857142857143,25.74678557142857
2195,1,2024-05-02 11:00:00+00:00,26.447,25.997,26.747,27.397,27.597,27.796999,23.1455,60.0,64.0,58.0,53.0,57.0,57.0,64.0,5,spring,59.0,26.44678557142857
2196,1,2024-05-02 12:00:00+00:00,25.897,26.546999,27.397,26.847,28.147,27.647,19.3955,64.0,61.0,54.0,57.0,53.0,57.0,87.0,5,spring,61.857142857142854,25.98249985714285
2197,1,2024-05-02 13:00:00+00:00,25.447,25.947,26.897,25.897,27.597,26.546999,19.4455,66.0,61.0,52.0,62.0,54.0,61.0,88.0,5,spring,63.42857142857143,25.396785571428573
2198,1,2024-05-02 14:00:00+00:00,24.347,25.347,26.147,24.447,26.546999,24.796999,19.2955,72.0,61.0,55.0,70.0,56.0,69.0,89.0,5,spring,67.42857142857143,24.418214000000003
2199,1,2024-05-02 15:00:00+00:00,23.296999,24.197,24.647,23.097,25.397,23.247,18.8955,76.0,65.0,63.0,77.0,60.0,76.0,91.0,5,spring,72.57142857142857,23.25392842857143
2200,1,2024-05-02 16:00:00+00:00,22.197,22.796999,22.647,22.046999,24.097,22.296999,18.0455,82.0,73.0,75.0,82.0,66.0,81.0,93.0,5,spring,78.85714285714286,22.018213857142857
2201,1,2024-05-02 17:00:00+00:00,21.296999,21.796999,21.546999,21.147,22.697,21.546999,16.9455,86.0,80.0,82.0,86.0,74.0,86.0,94.0,5,spring,84.0,20.996785142857142
2202,1,2024-05-02 18:00:00+00:00,20.597,20.597,21.347,20.747,21.597,20.897,17.1955,92.0,91.0,87.0,89.0,81.0,90.0,94.0,5,spring,89.14285714285714,20.425357142857145
2203,1,2024-05-02 19:00:00+00:00,20.097,19.597,20.397,20.197,21.046999,20.247,16.9955,94.0,96.0,92.0,91.0,85.0,92.0,95.0,5,spring,92.14285714285714,19.79678557142857
2204,1,2024-05-02 20:00:00+00:00,20.097,19.247,20.296999,19.847,20.796999,19.647,16.7955,94.0,96.0,91.0,92.0,87.0,94.0,97.0,5,spring,93.0,19.532499714285713
2205,1,2024-05-02 21:00:00+00:00,19.847,19.147,19.796999,19.497,20.546999,19.147,16.6955,93.0,96.0,92.0,93.0,89.0,94.0,98.0,5,spring,93.57142857142857,19.239642571428572
2206,1,2024-05-02 22:00:00+00:00,19.597,18.947,19.546999,19.147,20.247,18.747,16.595499,93.0,96.0,92.0,94.0,90.0,93.0,99.0,5,spring,93.85714285714286,18.975356857142856
2207,1,2024-05-02 23:00:00+00:00,19.247,18.647,19.247,18.796999,19.997,18.397,16.5455,94.0,96.0,92.0,95.0,91.0,92.0,99.0,5,spring,94.14285714285714,18.69678557142857
2208,1,2024-05-03 00:00:00+00:00,18.947,19.347,19.397,18.397,19.247,19.046999,16.095499,94.0,92.0,91.0,93.0,91.0,92.0,96.0,5,spring,92.71428571428571,18.63964257142857
2209,1,2024-05-03 01:00:00+00:00,18.747,19.097,19.296999,17.947,18.747,18.497,15.9955,95.0,93.0,91.0,94.0,92.0,93.0,96.0,5,spring,93.42857142857143,18.332499857142857
2210,1,2024-05-03 02:00:00+00:00,18.546999,18.947,19.296999,17.546999,18.197,17.897,15.9955,95.0,93.0,91.0,95.0,92.0,93.0,97.0,5,spring,93.71428571428571,18.061071
2211,1,2024-05-03 03:00:00+00:00,18.397,18.947,19.147,17.597,18.247,17.897,16.095499,95.0,93.0,92.0,95.0,91.0,93.0,97.0,5,spring,93.71428571428571,18.046785571428572
2212,1,2024-05-03 04:00:00+00:00,18.397,18.847,18.697,18.497,19.197,18.847,16.2455,95.0,93.0,95.0,93.0,88.0,91.0,97.0,5,spring,93.14285714285714,18.389642857142857
2213,1,2024-05-03 05:00:00+00:00,19.347,19.847,19.546999,19.847,20.647,20.296999,16.4955,93.0,90.0,92.0,89.0,84.0,87.0,96.0,5,spring,90.14285714285714,19.43249971428571
2214,1,2024-05-03 06:00:00+00:00,20.247,20.497,20.046999,20.997,22.147,21.847,17.1955,91.0,87.0,89.0,86.0,79.0,83.0,94.0,5,spring,87.0,20.425357
2215,1,2024-05-03 07:00:00+00:00,21.897,22.097,21.147,22.447,23.647,23.347,18.7455,83.0,80.0,87.0,80.0,73.0,77.0,87.0,5,spring,81.0,21.90392857142857
2216,1,2024-05-03 08:00:00+00:00,22.697,23.197,22.947,24.046999,25.147,24.897,20.7455,82.0,75.0,78.0,73.0,67.0,70.0,79.0,5,spring,74.85714285714286,23.382499857142854
2217,1,2024-05-03 09:00:00+00:00,23.046999,24.197,24.197,25.296999,26.296999,26.097,22.095499,79.0,72.0,72.0,67.0,62.0,64.0,74.0,5,spring,70.0,24.461070857142857
2218,1,2024-05-03 10:00:00+00:00,23.546999,24.897,25.097,26.046999,27.097,26.847,22.3955,75.0,70.0,69.0,63.0,58.0,60.0,75.0,5,spring,67.14285714285714,25.132499714285718
2219,1,2024-05-03 11:00:00+00:00,24.296999,25.397,25.546999,26.447,27.546999,27.247,22.095499,72.0,68.0,68.0,61.0,55.0,58.0,79.0,5,spring,65.85714285714286,25.51107085714285
2220,1,2024-05-03 12:00:00+00:00,23.597,24.796999,25.247,25.947,26.197,26.796999,18.8955,74.0,69.0,69.0,66.0,61.0,62.0,94.0,5,spring,70.71428571428571,24.496785428571428
2221,1,2024-05-03 13:00:00+00:00,22.847,23.796999,24.447,25.296999,25.397,25.697,18.4455,76.0,74.0,73.0,68.0,65.0,67.0,95.0,5,spring,74.0,23.703928285714287
2222,1,2024-05-03 14:00:00+00:00,22.597,22.897,23.296999,24.247,24.197,23.997,18.1455,76.0,80.0,77.0,72.0,70.0,75.0,96.0,5,spring,78.0,22.768214142857143
2223,1,2024-05-03 15:00:00+00:00,22.197,22.447,22.497,23.197,22.997,22.497,17.8955,78.0,83.0,80.0,76.0,76.0,82.0,96.0,5,spring,81.57142857142857,21.961071428571426
2224,1,2024-05-03 16:00:00+00:00,21.147,21.597,21.697,22.147,21.897,21.546999,17.5455,84.0,88.0,85.0,81.0,82.0,85.0,97.0,5,spring,86.0,21.082499857142857
2225,1,2024-05-03 17:00:00+00:00,20.747,20.796999,21.296999,21.097,20.847,20.796999,17.1955,86.0,91.0,87.0,86.0,87.0,86.0,97.0,5,spring,88.57142857142857,20.396785285714287
2226,1,2024-05-03 18:00:00+00:00,19.997,20.247,20.397,20.296999,20.097,20.197,16.595499,92.0,95.0,90.0,91.0,91.0,87.0,99.0,5,spring,92.14285714285714,19.68964257142857
2227,1,2024-05-03 19:00:00+00:00,19.697,19.947,20.097,19.796999,19.796999,19.747,16.5455,94.0,95.0,92.0,93.0,92.0,88.0,99.0,5,spring,93.28571428571429,19.375356857142858
2228,1,2024-05-03 20:00:00+00:00,19.447,19.847,19.897,19.397,19.747,19.447,16.4955,96.0,95.0,92.0,95.0,92.0,88.0,98.0,5,spring,93.71428571428571,19.1825
2229,1,2024-05-03 21:00:00+00:00,19.296999,19.847,19.697,19.147,19.697,19.147,16.3955,96.0,94.0,92.0,96.0,91.0,89.0,98.0,5,spring,93.71428571428571,19.032499857142856
2230,1,2024-05-03 22:00:00+00:00,19.347,19.847,19.497,18.997,19.546999,18.847,15.9955,95.0,92.0,92.0,96.0,91.0,90.0,98.0,5,spring,93.42857142857143,18.86821414285714
2231,1,2024-05-03 23:00:00+00:00,19.197,19.597,19.347,18.947,19.347,18.597,15.4955,94.0,93.0,93.0,95.0,91.0,91.0,99.0,5,spring,93.71428571428571,18.646785714285716
2232,1,2024-05-04 00:00:00+00:00,18.997,18.997,19.197,19.147,19.046999,19.247,16.2955,95.0,93.0,93.0,92.0,93.0,88.0,99.0,5,spring,93.28571428571429,18.703928428571427
2233,1,2024-05-04 01:00:00+00:00,18.947,18.847,19.147,18.947,18.697,18.897,16.2455,94.0,93.0,93.0,93.0,94.0,89.0,99.0,5,spring,93.57142857142857,18.5325
2234,1,2024-05-04 02:00:00+00:00,18.697,18.796999,18.897,18.747,18.397,18.546999,16.2455,95.0,92.0,94.0,94.0,94.0,90.0,99.0,5,spring,94.0,18.332499714285714
2235,1,2024-05-04 03:00:00+00:00,18.597,18.697,18.796999,18.747,18.397,18.647,16.2955,93.0,92.0,94.0,95.0,94.0,90.0,99.0,5,spring,93.85714285714286,18.311071285714284
2236,1,2024-05-04 04:00:00+00:00,18.296999,18.597,18.597,19.097,18.947,19.447,16.4955,92.0,92.0,96.0,94.0,93.0,88.0,99.0,5,spring,93.42857142857143,18.49678557142857
2237,1,2024-05-04 05:00:00+00:00,19.097,18.897,18.947,19.747,19.847,20.647,16.7455,89.0,91.0,95.0,92.0,90.0,85.0,99.0,5,spring,91.57142857142857,19.132499999999997
2238,1,2024-05-04 06:00:00+00:00,19.697,19.497,20.546999,19.597,20.897,21.897,19.1955,81.0,84.0,90.0,93.0,87.0,81.0,84.0,5,spring,85.71428571428571,20.189642714285714
2239,1,2024-05-04 07:00:00+00:00,20.947,20.447,21.847,20.747,22.097,23.247,20.5455,78.0,80.0,85.0,89.0,81.0,76.0,80.0,5,spring,81.28571428571429,21.41107142857143
2240,1,2024-05-04 08:00:00+00:00,22.147,21.546999,23.097,22.197,23.397,24.697,22.095499,72.0,76.0,77.0,83.0,75.0,70.0,76.0,5,spring,75.57142857142857,22.73964257142857
2241,1,2024-05-04 09:00:00+00:00,23.296999,22.447,23.997,23.397,24.497,25.747,23.1955,68.0,73.0,73.0,78.0,69.0,65.0,73.0,5,spring,71.28571428571429,23.796785571428575
2242,1,2024-05-04 10:00:00+00:00,24.247,23.247,24.897,24.197,25.347,26.296999,23.6455,63.0,71.0,68.0,73.0,65.0,62.0,72.0,5,spring,67.71428571428571,24.553928428571428
2243,1,2024-05-04 11:00:00+00:00,24.597,23.997,25.296999,24.697,25.947,26.447,23.6955,61.0,67.0,66.0,68.0,62.0,60.0,72.0,5,spring,65.14285714285714,24.95392842857143
2244,1,2024-05-04 12:00:00+00:00,22.597,24.397,23.447,23.997,25.947,24.796999,23.1955,74.0,62.0,71.0,67.0,65.0,70.0,75.0,5,spring,69.14285714285714,24.05392842857143
2245,1,2024-05-04 13:00:00+00:00,22.497,24.046999,23.197,23.697,24.997,24.497,22.1455,72.0,66.0,71.0,67.0,69.0,72.0,80.0,5,spring,71.0,23.58249985714286
2246,1,2024-05-04 14:00:00+00:00,22.647,23.147,23.097,23.197,23.447,23.897,20.845499,72.0,73.0,72.0,68.0,76.0,74.0,86.0,5,spring,74.42857142857143,22.89678557142857
2247,1,2024-05-04 15:00:00+00:00,22.046999,22.197,22.796999,22.647,22.147,23.197,19.6955,76.0,76.0,73.0,70.0,82.0,77.0,91.0,5,spring,77.85714285714286,22.103928285714286
2248,1,2024-05-04 16:00:00+00:00,21.147,21.397,21.997,22.097,21.296999,22.296999,18.845499,80.0,80.0,78.0,73.0,87.0,81.0,93.0,5,spring,81.71428571428571,21.296785285714286
2249,1,2024-05-04 17:00:00+00:00,20.347,20.647,21.097,21.447,20.597,21.247,18.1455,84.0,84.0,83.0,76.0,91.0,86.0,94.0,5,spring,85.42857142857143,20.503928571428567
2250,1,2024-05-04 18:00:00+00:00,19.497,20.447,20.397,19.097,20.097,20.397,16.7955,88.0,86.0,92.0,93.0,94.0,89.0,98.0,5,spring,91.42857142857143,19.5325
2251,1,2024-05-04 19:00:00+00:00,18.997,19.947,19.997,18.647,19.796999,19.947,16.4955,88.0,89.0,94.0,95.0,95.0,90.0,98.0,5,spring,92.71428571428571,19.11821414285714
2252,1,2024-05-04 20:00:00+00:00,18.347,19.497,19.697,18.397,19.697,19.697,16.3955,88.0,91.0,95.0,95.0,94.0,90.0,98.0,5,spring,93.0,18.818214285714284
2253,1,2024-05-04 21:00:00+00:00,17.546999,19.147,19.597,18.247,19.597,19.447,16.2955,90.0,93.0,94.0,95.0,93.0,90.0,98.0,5,spring,93.28571428571429,18.553928428571428
2254,1,2024-05-04 22:00:00+00:00,16.847,18.546999,19.447,18.097,19.546999,19.147,16.0455,93.0,95.0,93.0,94.0,93.0,91.0,98.0,5,spring,93.85714285714286,18.23964257142857
2255,1,2024-05-04 23:00:00+00:00,16.247,18.197,19.197,17.997,19.497,18.847,15.7955,94.0,95.0,92.0,94.0,92.0,92.0,97.0,5,spring,93.71428571428571,17.968214285714286
2256,1,2024-05-05 00:00:00+00:00,16.147,17.847,17.697,17.747,18.997,19.597,16.3955,97.0,96.0,96.0,93.0,94.0,91.0,98.0,5,spring,95.0,17.775357142857143
2257,1,2024-05-05 01:00:00+00:00,15.797,17.397,17.097,17.197,18.697,19.397,16.095499,96.0,96.0,97.0,94.0,94.0,91.0,98.0,5,spring,95.14285714285714,17.382499857142857
2258,1,2024-05-05 02:00:00+00:00,15.396999,16.997,16.796999,16.597,18.447,19.147,15.7455,96.0,96.0,96.0,96.0,94.0,92.0,97.0,5,spring,95.28571428571429,17.018214
2259,1,2024-05-05 03:00:00+00:00,14.947,16.897,16.647,16.647,18.546999,19.296999,15.695499,97.0,96.0,96.0,95.0,93.0,91.0,96.0,5,spring,94.85714285714286,16.953928142857144
2260,1,2024-05-05 04:00:00+00:00,14.747,16.697,16.497,17.647,19.296999,19.997,16.095499,97.0,95.0,96.0,92.0,91.0,89.0,95.0,5,spring,93.57142857142857,17.282499714285713
2261,1,2024-05-05 05:00:00+00:00,16.447,18.347,18.347,19.296999,20.447,21.046999,16.845499,97.0,91.0,90.0,87.0,88.0,86.0,93.0,5,spring,90.28571428571429,18.68249957142857
2262,1,2024-05-05 06:00:00+00:00,18.897,20.597,20.597,21.546999,21.647,22.197,16.9955,86.0,84.0,82.0,81.0,84.0,82.0,96.0,5,spring,85.0,20.35392842857143
2263,1,2024-05-05 07:00:00+00:00,20.296999,22.597,22.597,22.947,22.947,23.447,17.1455,84.0,78.0,74.0,74.0,77.0,77.0,96.0,5,spring,80.0,21.711071285714286
2264,1,2024-05-05 08:00:00+00:00,21.546999,24.097,23.947,24.397,24.347,24.796999,17.1955,79.0,67.0,68.0,67.0,70.0,71.0,96.0,5,spring,74.0,22.90392828571429
2265,1,2024-05-05 09:00:00+00:00,22.947,24.747,25.046999,25.546999,25.397,25.796999,17.1955,71.0,63.0,61.0,61.0,64.0,67.0,96.0,5,spring,69.0,23.811071000000002
2266,1,2024-05-05 10:00:00+00:00,24.197,24.897,26.097,26.347,26.097,26.397,17.095499,65.0,64.0,55.0,57.0,62.0,65.0,96.0,5,spring,66.28571428571429,24.44678557142857
2267,1,2024-05-05 11:00:00+00:00,24.997,25.197,26.447,26.847,26.497,26.647,16.9455,60.0,63.0,52.0,55.0,61.0,64.0,97.0,5,spring,64.57142857142857,24.796785714285715
2268,1,2024-05-05 12:00:00+00:00,25.546999,24.397,26.947,26.897,26.847,26.697,21.2955,56.0,64.0,54.0,56.0,57.0,62.0,79.0,5,spring,61.142857142857146,25.518214142857143
2269,1,2024-05-05 13:00:00+00:00,24.997,24.046999,26.747,25.947,25.947,25.997,20.595499,57.0,68.0,53.0,61.0,62.0,65.0,82.0,5,spring,64.0,24.89678542857143
2270,1,2024-05-05 14:00:00+00:00,23.697,23.147,26.296999,24.447,24.546999,24.897,19.4955,65.0,74.0,52.0,68.0,70.0,69.0,86.0,5,spring,69.14285714285714,23.78964257142857
2271,1,2024-05-05 15:00:00+00:00,22.397,21.947,25.147,23.147,23.247,23.796999,18.595499,76.0,79.0,59.0,74.0,77.0,74.0,89.0,5,spring,75.42857142857143,22.611071142857135
2272,1,2024-05-05 16:00:00+00:00,21.046999,21.046999,23.147,22.296999,22.147,22.796999,17.9955,81.0,86.0,67.0,78.0,83.0,80.0,91.0,5,spring,80.85714285714286,21.49678514285714
2273,1,2024-05-05 17:00:00+00:00,20.247,20.546999,21.647,21.597,21.147,21.796999,17.595499,85.0,87.0,73.0,82.0,87.0,85.0,92.0,5,spring,84.42857142857143,20.653928142857144
2274,1,2024-05-05 18:00:00+00:00,19.796999,19.546999,20.347,20.197,20.347,20.947,15.9955,93.0,91.0,86.0,89.0,91.0,90.0,95.0,5,spring,90.71428571428571,19.596785428571426
2275,1,2024-05-05 19:00:00+00:00,19.397,18.697,19.947,19.697,19.847,20.397,15.7455,95.0,96.0,86.0,91.0,93.0,92.0,95.0,5,spring,92.57142857142857,19.103928571428572
2276,1,2024-05-05 20:00:00+00:00,19.046999,18.397,19.447,19.397,19.546999,20.046999,15.695499,97.0,96.0,88.0,91.0,93.0,93.0,94.0,5,spring,93.14285714285714,18.796785142857143
2277,1,2024-05-05 21:00:00+00:00,18.847,18.097,18.947,19.197,19.296999,19.697,15.5955,97.0,96.0,91.0,91.0,93.0,93.0,94.0,5,spring,93.57142857142857,18.525357000000003
2278,1,2024-05-05 22:00:00+00:00,18.697,17.747,18.347,18.997,18.997,19.347,15.3955,97.0,97.0,93.0,92.0,94.0,92.0,94.0,5,spring,94.14285714285714,18.218214285714286
2279,1,2024-05-05 23:00:00+00:00,18.296999,17.546999,17.897,18.897,18.747,19.046999,15.195499,98.0,96.0,95.0,92.0,94.0,90.0,95.0,5,spring,94.28571428571429,17.94678514285714
2280,1,2024-05-06 00:00:00+00:00,17.296999,16.947,17.597,18.197,18.847,18.897,15.4955,98.0,96.0,95.0,89.0,94.0,93.0,96.0,5,spring,94.42857142857143,17.61107128571428
2281,1,2024-05-06 01:00:00+00:00,16.947,16.647,16.997,17.796999,18.497,18.447,15.1455,98.0,96.0,95.0,89.0,93.0,93.0,97.0,5,spring,94.42857142857143,17.211071285714286
2282,1,2024-05-06 02:00:00+00:00,16.697,16.296999,16.447,17.447,18.147,17.947,14.8955,97.0,96.0,94.0,88.0,92.0,92.0,97.0,5,spring,93.71428571428571,16.839642714285713
2283,1,2024-05-06 03:00:00+00:00,16.447,16.047,16.497,17.597,18.247,17.997,15.0955,96.0,94.0,92.0,87.0,90.0,91.0,97.0,5,spring,92.42857142857143,16.846785714285712
2284,1,2024-05-06 04:00:00+00:00,16.247,15.797,17.497,18.546999,19.097,18.897,16.0455,96.0,94.0,89.0,84.0,86.0,88.0,95.0,5,spring,90.28571428571429,17.44678557142857
2285,1,2024-05-06 05:00:00+00:00,18.147,17.747,19.097,19.997,20.447,20.347,17.4955,90.0,89.0,85.0,81.0,81.0,84.0,93.0,5,spring,86.14285714285714,19.03964285714286
2286,1,2024-05-06 06:00:00+00:00,20.697,20.447,21.046999,21.347,21.897,21.847,18.1955,83.0,83.0,79.0,75.0,76.0,80.0,85.0,5,spring,80.14285714285714,20.78249985714286
2287,1,2024-05-06 07:00:00+00:00,22.247,22.197,22.546999,22.947,23.497,23.347,20.1955,75.0,76.0,74.0,71.0,70.0,74.0,77.0,5,spring,73.85714285714286,22.425357
2288,1,2024-05-06 08:00:00+00:00,23.647,24.097,23.796999,24.546999,25.197,24.847,22.5455,68.0,69.0,71.0,66.0,63.0,68.0,66.0,5,spring,67.28571428571429,24.09678542857143
2289,1,2024-05-06 09:00:00+00:00,25.046999,25.497,25.296999,25.847,26.497,26.046999,24.1955,64.0,62.0,66.0,62.0,58.0,63.0,59.0,5,spring,62.0,25.489642428571432
2290,1,2024-05-06 10:00:00+00:00,26.097,26.247,26.247,26.847,27.197,26.847,24.6955,59.0,57.0,59.0,57.0,55.0,59.0,56.0,5,spring,57.42857142857143,26.311071428571434
2291,1,2024-05-06 11:00:00+00:00,26.347,26.647,26.647,27.597,27.497,27.296999,24.4955,57.0,54.0,55.0,52.0,54.0,57.0,56.0,5,spring,55.0,26.646785571428573
2292,1,2024-05-06 12:00:00+00:00,26.296999,27.647,25.597,27.897,26.847,27.747,24.1955,58.0,49.0,59.0,49.0,55.0,54.0,58.0,5,spring,54.57142857142857,26.60392842857143
2293,1,2024-05-06 13:00:00+00:00,24.397,27.296999,26.247,27.546999,25.947,26.497,23.345499,70.0,49.0,57.0,51.0,59.0,60.0,65.0,5,spring,58.714285714285715,25.896785285714287
2294,1,2024-05-06 14:00:00+00:00,24.097,26.447,25.796999,26.796999,24.397,24.647,22.095499,70.0,50.0,58.0,54.0,66.0,69.0,74.0,5,spring,63.0,24.896785285714284
2295,1,2024-05-06 15:00:00+00:00,23.546999,24.796999,24.546999,25.796999,22.947,22.997,20.7955,74.0,60.0,65.0,58.0,73.0,77.0,82.0,5,spring,69.85714285714286,23.632499428571432
2296,1,2024-05-06 16:00:00+00:00,22.397,22.697,22.847,24.397,21.947,21.947,19.3955,81.0,73.0,72.0,64.0,79.0,83.0,86.0,5,spring,76.85714285714286,22.232499999999998
2297,1,2024-05-06 17:00:00+00:00,20.997,21.247,21.247,22.697,21.097,21.097,17.9455,88.0,79.0,79.0,70.0,85.0,88.0,88.0,5,spring,82.42857142857143,20.903928571428573
2298,1,2024-05-06 18:00:00+00:00,19.997,21.147,20.147,21.097,20.397,20.447,16.6955,90.0,76.0,85.0,76.0,89.0,91.0,92.0,5,spring,85.57142857142857,19.989642857142858
2299,1,2024-05-06 19:00:00+00:00,19.347,20.497,19.847,20.247,19.897,19.947,16.095499,91.0,79.0,84.0,81.0,91.0,93.0,94.0,5,spring,87.57142857142857,19.411071285714286
2300,1,2024-05-06 20:00:00+00:00,18.897,19.897,19.347,19.546999,19.597,19.546999,15.8455,90.0,81.0,87.0,86.0,92.0,93.0,94.0,5,spring,89.0,18.953928285714284
2301,1,2024-05-06 21:00:00+00:00,18.296999,19.097,18.947,18.897,19.247,19.247,15.5955,90.0,84.0,88.0,90.0,92.0,93.0,95.0,5,spring,90.28571428571429,18.475357
2302,1,2024-05-06 22:00:00+00:00,17.747,18.397,18.697,18.247,18.847,18.997,15.2955,91.0,86.0,88.0,91.0,90.0,92.0,96.0,5,spring,90.57142857142857,18.032500000000002
2303,1,2024-05-06 23:00:00+00:00,17.296999,17.847,18.447,17.597,18.497,18.847,15.0455,92.0,88.0,88.0,91.0,88.0,89.0,96.0,5,spring,90.28571428571429,17.653928428571426
2304,1,2024-05-07 00:00:00+00:00,16.397,17.497,17.247,17.097,17.597,18.447,14.8955,92.0,92.0,90.0,91.0,85.0,88.0,95.0,5,spring,90.42857142857143,17.025357142857143
2305,1,2024-05-07 01:00:00+00:00,16.097,16.997,16.796999,16.597,17.097,17.847,14.5455,93.0,93.0,90.0,91.0,87.0,89.0,96.0,5,spring,91.28571428571429,16.568214142857148
2306,1,2024-05-07 02:00:00+00:00,16.047,16.697,16.397,16.197,16.697,17.247,14.2955,93.0,93.0,91.0,91.0,91.0,90.0,96.0,5,spring,92.14285714285714,16.225357142857142
2307,1,2024-05-07 03:00:00+00:00,15.947,16.447,16.097,16.447,16.897,17.247,14.5955,93.0,93.0,93.0,90.0,91.0,90.0,96.0,5,spring,92.28571428571429,16.239642857142858
2308,1,2024-05-07 04:00:00+00:00,15.947,16.347,16.147,17.796999,18.097,18.347,15.695499,93.0,93.0,93.0,87.0,87.0,87.0,94.0,5,spring,90.57142857142857,16.911071142857146
2309,1,2024-05-07 05:00:00+00:00,18.247,18.697,18.546999,19.747,19.897,20.097,17.2955,89.0,88.0,88.0,82.0,81.0,82.0,91.0,5,spring,85.85714285714286,18.932499857142858
2310,1,2024-05-07 06:00:00+00:00,21.097,20.997,21.197,21.447,21.796999,21.796999,19.3955,79.0,80.0,77.0,78.0,74.0,77.0,85.0,5,spring,78.57142857142857,21.103928285714286
2311,1,2024-05-07 07:00:00+00:00,22.997,22.847,22.997,23.197,23.847,23.397,21.595499,71.0,71.0,70.0,71.0,67.0,70.0,76.0,5,spring,70.85714285714286,22.98249985714286
2312,1,2024-05-07 08:00:00+00:00,24.847,24.347,24.847,24.997,25.997,24.947,24.0455,64.0,66.0,65.0,63.0,59.0,63.0,66.0,5,spring,63.714285714285715,24.861071428571428
2313,1,2024-05-07 09:00:00+00:00,26.046999,25.447,26.296999,26.347,27.397,26.046999,25.6955,58.0,60.0,57.0,57.0,54.0,58.0,58.0,5,spring,57.42857142857143,26.182499571428572
2314,1,2024-05-07 10:00:00+00:00,26.796999,26.697,27.247,27.197,27.647,26.597,26.2455,56.0,56.0,54.0,53.0,53.0,56.0,55.0,5,spring,54.714285714285715,26.918214142857146
2315,1,2024-05-07 11:00:00+00:00,26.897,27.147,27.597,27.647,27.197,26.747,26.095499,56.0,53.0,52.0,51.0,54.0,57.0,55.0,5,spring,54.0,27.046785571428565
2316,1,2024-05-07 12:00:00+00:00,26.447,25.897,28.597,27.597,27.397,26.147,24.9955,57.0,63.0,45.0,49.0,53.0,66.0,62.0,5,spring,56.42857142857143,26.725357142857142
2317,1,2024-05-07 13:00:00+00:00,26.046999,23.397,28.497,26.947,26.447,25.447,23.4455,60.0,76.0,45.0,52.0,58.0,70.0,69.0,5,spring,61.42857142857143,25.746785571428575
2318,1,2024-05-07 14:00:00+00:00,23.897,23.597,27.747,25.796999,24.997,24.447,21.345499,74.0,78.0,45.0,57.0,66.0,74.0,79.0,5,spring,67.57142857142857,24.54678542857143
2319,1,2024-05-07 15:00:00+00:00,23.397,23.197,25.546999,24.647,23.597,23.447,19.595499,77.0,78.0,56.0,62.0,72.0,78.0,87.0,5,spring,72.85714285714286,23.346785428571426
2320,1,2024-05-07 16:00:00+00:00,22.397,22.247,23.197,23.497,22.447,22.497,18.595499,82.0,83.0,69.0,64.0,75.0,80.0,91.0,5,spring,77.71428571428571,22.125356999999997
2321,1,2024-05-07 17:00:00+00:00,21.397,21.147,22.247,22.347,21.347,21.497,17.9955,84.0,90.0,73.0,66.0,76.0,82.0,93.0,5,spring,80.57142857142857,21.13964285714286
2322,1,2024-05-07 18:00:00+00:00,19.897,20.397,20.497,21.697,20.397,20.597,16.595499,81.0,88.0,79.0,71.0,78.0,83.0,98.0,5,spring,82.57142857142857,20.011071285714284
2323,1,2024-05-07 19:00:00+00:00,19.046999,19.347,19.546999,20.897,19.697,19.847,16.2455,84.0,88.0,81.0,75.0,81.0,84.0,99.0,5,spring,84.57142857142857,19.232499714285716
2324,1,2024-05-07 20:00:00+00:00,18.347,18.497,18.697,20.296999,19.197,19.197,16.345499,87.0,88.0,85.0,77.0,84.0,85.0,99.0,5,spring,86.42857142857143,18.653928285714283
2325,1,2024-05-07 21:00:00+00:00,17.747,17.897,18.197,19.747,18.747,18.697,16.3955,90.0,88.0,89.0,80.0,86.0,86.0,98.0,5,spring,88.14285714285714,18.20392857142857
2326,1,2024-05-07 22:00:00+00:00,17.447,17.447,17.796999,19.247,18.347,18.397,16.1455,92.0,90.0,91.0,82.0,88.0,87.0,98.0,5,spring,89.71428571428571,17.832499857142857
2327,1,2024-05-07 23:00:00+00:00,17.296999,17.147,17.497,18.796999,17.997,18.296999,15.7955,93.0,93.0,92.0,84.0,89.0,88.0,97.0,5,spring,90.85714285714286,17.546785285714286
2328,1,2024-05-08 00:00:00+00:00,17.247,17.197,16.947,18.397,17.697,17.247,16.1955,94.0,93.0,93.0,86.0,90.0,92.0,97.0,5,spring,92.14285714285714,17.275357142857143
2329,1,2024-05-08 01:00:00+00:00,16.997,17.147,16.747,17.847,17.197,16.847,16.1455,94.0,93.0,92.0,88.0,92.0,93.0,97.0,5,spring,92.71428571428571,16.989642857142858
2330,1,2024-05-08 02:00:00+00:00,16.747,16.947,16.597,17.296999,16.747,16.497,16.1955,93.0,94.0,92.0,89.0,93.0,92.0,96.0,5,spring,92.71428571428571,16.718214142857143
2331,1,2024-05-08 03:00:00+00:00,16.497,16.647,16.347,17.296999,16.897,16.697,16.4955,93.0,94.0,92.0,89.0,92.0,91.0,95.0,5,spring,92.28571428571429,16.69678557142857
2332,1,2024-05-08 04:00:00+00:00,16.447,16.546999,16.296999,18.197,18.097,17.796999,17.095499,93.0,94.0,92.0,86.0,88.0,88.0,94.0,5,spring,90.71428571428571,17.21107085714286
2333,1,2024-05-08 05:00:00+00:00,18.447,18.597,18.647,19.697,19.897,19.497,17.9455,89.0,88.0,86.0,82.0,82.0,83.0,92.0,5,spring,86.0,18.961071428571426
2334,1,2024-05-08 06:00:00+00:00,21.147,21.347,21.247,21.397,21.697,21.247,18.9955,79.0,77.0,77.0,77.0,75.0,78.0,87.0,5,spring,78.57142857142857,21.011071428571427
2335,1,2024-05-08 07:00:00+00:00,22.546999,23.197,23.296999,23.097,23.397,23.147,21.095499,72.0,68.0,66.0,70.0,68.0,71.0,79.0,5,spring,70.57142857142857,22.82535671428571
2336,1,2024-05-08 08:00:00+00:00,24.247,24.796999,24.997,24.847,25.097,25.097,23.595499,66.0,62.0,61.0,62.0,61.0,62.0,69.0,5,spring,63.285714285714285,24.668214000000003
2337,1,2024-05-08 09:00:00+00:00,25.546999,25.796999,26.247,26.197,26.397,26.597,25.2955,59.0,60.0,56.0,56.0,55.0,56.0,63.0,5,spring,57.857142857142854,26.011071142857144
2338,1,2024-05-08 10:00:00+00:00,26.197,26.647,27.197,26.947,27.147,27.447,25.7455,57.0,59.0,53.0,53.0,52.0,53.0,63.0,5,spring,55.714285714285715,26.761071428571427
2339,1,2024-05-08 11:00:00+00:00,26.697,26.796999,27.247,27.296999,27.447,27.796999,25.345499,57.0,60.0,53.0,52.0,51.0,51.0,66.0,5,spring,55.714285714285715,26.94678514285714
2340,1,2024-05-08 12:00:00+00:00,24.397,26.097,26.997,27.347,26.747,27.247,26.095499,69.0,61.0,55.0,51.0,55.0,52.0,58.0,5,spring,57.285714285714285,26.418214142857142
2341,1,2024-05-08 13:00:00+00:00,23.947,23.747,23.997,26.197,26.296999,26.397,24.5455,70.0,74.0,72.0,57.0,56.0,56.0,66.0,5,spring,64.42857142857143,25.018214142857143
2342,1,2024-05-08 14:00:00+00:00,24.447,23.347,23.647,24.497,25.647,25.097,22.345499,63.0,75.0,74.0,66.0,57.0,62.0,78.0,5,spring,67.85714285714286,24.146785571428573
2343,1,2024-05-08 15:00:00+00:00,23.497,22.796999,23.597,23.046999,24.747,23.796999,20.3955,67.0,77.0,72.0,73.0,59.0,68.0,87.0,5,spring,71.85714285714286,23.12535671428571
2344,1,2024-05-08 16:00:00+00:00,21.847,22.197,22.497,22.046999,23.546999,22.697,18.8955,72.0,78.0,72.0,74.0,63.0,72.0,92.0,5,spring,74.71428571428571,21.961071142857143
2345,1,2024-05-08 17:00:00+00:00,20.447,21.097,21.046999,21.296999,22.097,21.697,17.5455,74.0,77.0,73.0,73.0,69.0,75.0,95.0,5,spring,76.57142857142857,20.746785428571428
2346,1,2024-05-08 18:00:00+00:00,19.147,20.597,19.546999,20.497,20.947,20.796999,16.4955,81.0,79.0,80.0,74.0,73.0,77.0,96.0,5,spring,80.0,19.718214
2347,1,2024-05-08 19:00:00+00:00,18.546999,19.997,18.997,19.697,20.247,20.097,16.2955,83.0,81.0,83.0,77.0,75.0,79.0,97.0,5,spring,82.14285714285714,19.125357
2348,1,2024-05-08 20:00:00+00:00,18.097,19.647,18.697,19.046999,19.847,19.546999,16.595499,85.0,81.0,84.0,80.0,77.0,80.0,98.0,5,spring,83.57142857142857,18.78249957142857
2349,1,2024-05-08 21:00:00+00:00,17.747,19.296999,18.447,18.546999,19.497,19.097,16.8955,87.0,82.0,86.0,82.0,78.0,81.0,98.0,5,spring,84.85714285714286,18.503928285714288
2350,1,2024-05-08 22:00:00+00:00,17.447,19.046999,18.197,18.296999,19.247,18.647,16.9455,89.0,84.0,87.0,84.0,80.0,83.0,98.0,5,spring,86.42857142857143,18.261071142857144
2351,1,2024-05-08 23:00:00+00:00,17.497,18.897,17.997,18.197,19.097,18.296999,16.9955,90.0,85.0,87.0,85.0,82.0,86.0,97.0,5,spring,87.42857142857143,18.139642714285714
2352,1,2024-05-09 00:00:00+00:00,16.747,17.947,17.597,17.997,18.747,18.097,14.8955,91.0,88.0,88.0,84.0,76.0,88.0,96.0,5,spring,87.28571428571429,17.4325
2353,1,2024-05-09 01:00:00+00:00,16.697,17.597,17.296999,17.497,18.647,17.997,14.445499,91.0,88.0,89.0,85.0,76.0,88.0,97.0,5,spring,87.71428571428571,17.168214
2354,1,2024-05-09 02:00:00+00:00,16.597,17.296999,16.847,16.847,18.597,18.046999,14.0955,90.0,89.0,90.0,85.0,75.0,87.0,98.0,5,spring,87.71428571428571,16.903928285714287
2355,1,2024-05-09 03:00:00+00:00,16.397,17.247,16.397,16.697,18.697,18.296999,14.2955,90.0,88.0,92.0,85.0,75.0,85.0,97.0,5,spring,87.42857142857143,16.861071285714285
2356,1,2024-05-09 04:00:00+00:00,16.397,17.447,16.296999,17.347,18.796999,18.796999,15.3455,90.0,86.0,92.0,83.0,77.0,84.0,94.0,5,spring,86.57142857142857,17.203928142857144
2357,1,2024-05-09 05:00:00+00:00,18.397,18.546999,18.397,18.447,18.997,19.546999,16.9455,85.0,84.0,87.0,81.0,80.0,82.0,91.0,5,spring,84.28571428571429,18.468214
2358,1,2024-05-09 06:00:00+00:00,20.447,20.447,20.647,20.947,19.546999,20.597,19.1955,78.0,77.0,79.0,77.0,80.0,79.0,85.0,5,spring,79.28571428571429,20.261071285714287
2359,1,2024-05-09 07:00:00+00:00,21.796999,21.997,22.247,22.546999,20.747,22.197,21.2455,71.0,70.0,72.0,71.0,76.0,74.0,77.0,5,spring,73.0,21.825356857142854
2360,1,2024-05-09 08:00:00+00:00,23.497,23.847,23.947,24.197,22.296999,24.147,23.7455,66.0,65.0,67.0,65.0,69.0,67.0,67.0,5,spring,66.57142857142857,23.668214142857142
2361,1,2024-05-09 09:00:00+00:00,24.347,25.546999,25.147,25.497,23.647,25.647,25.2955,62.0,59.0,62.0,60.0,64.0,62.0,61.0,5,spring,61.42857142857143,25.018214142857143
2362,1,2024-05-09 10:00:00+00:00,25.546999,26.197,26.046999,26.347,24.697,26.447,25.2955,57.0,57.0,59.0,57.0,61.0,59.0,63.0,5,spring,59.0,25.796785428571432
2363,1,2024-05-09 11:00:00+00:00,26.247,26.796999,26.447,26.847,25.546999,26.796999,24.3955,56.0,56.0,58.0,56.0,58.0,57.0,69.0,5,spring,58.57142857142857,26.153928142857144
2364,1,2024-05-09 12:00:00+00:00,26.497,26.747,26.497,26.147,26.447,26.847,23.095499,57.0,56.0,56.0,57.0,55.0,52.0,77.0,5,spring,58.57142857142857,26.039642714285716
2365,1,2024-05-09 13:00:00+00:00,23.897,23.997,26.097,25.546999,26.347,26.597,21.845499,73.0,71.0,58.0,59.0,55.0,52.0,81.0,5,spring,64.14285714285714,24.903928285714283
2366,1,2024-05-09 14:00:00+00:00,23.397,23.447,23.397,24.497,25.796999,26.046999,20.4955,72.0,71.0,73.0,62.0,57.0,53.0,85.0,5,spring,67.57142857142857,23.868214
2367,1,2024-05-09 15:00:00+00:00,22.447,22.497,22.847,23.397,24.947,25.197,19.2955,73.0,75.0,78.0,66.0,60.0,56.0,88.0,5,spring,70.85714285714286,22.946785714285713
2368,1,2024-05-09 16:00:00+00:00,21.947,22.147,21.847,22.197,23.546999,23.847,18.4455,74.0,77.0,85.0,70.0,65.0,62.0,91.0,5,spring,74.85714285714286,21.996785571428575
2369,1,2024-05-09 17:00:00+00:00,20.847,21.796999,21.296999,20.947,21.796999,22.197,17.7955,74.0,76.0,87.0,74.0,70.0,70.0,95.0,5,spring,78.0,20.95392814285714
2370,1,2024-05-09 18:00:00+00:00,19.597,20.597,20.497,19.747,20.397,20.847,17.2955,79.0,77.0,81.0,80.0,75.0,76.0,97.0,5,spring,80.71428571428571,19.853928571428575
2371,1,2024-05-09 19:00:00+00:00,19.097,20.097,19.947,19.296999,19.546999,19.997,16.8955,80.0,78.0,83.0,82.0,78.0,78.0,97.0,5,spring,82.28571428571429,19.268214
2372,1,2024-05-09 20:00:00+00:00,18.796999,19.747,19.697,19.097,18.997,19.397,16.7455,81.0,79.0,83.0,83.0,80.0,79.0,97.0,5,spring,83.14285714285714,18.925356999999998
2373,1,2024-05-09 21:00:00+00:00,18.347,19.347,19.347,18.997,18.647,18.947,16.4955,83.0,80.0,84.0,84.0,81.0,79.0,96.0,5,spring,83.85714285714286,18.589642857142856
2374,1,2024-05-09 22:00:00+00:00,18.147,18.997,19.147,18.897,18.597,18.697,16.0455,84.0,83.0,85.0,84.0,82.0,79.0,96.0,5,spring,84.71428571428571,18.361071428571428
2375,1,2024-05-09 23:00:00+00:00,17.997,18.697,18.897,18.847,18.747,18.647,15.4955,85.0,86.0,87.0,83.0,81.0,80.0,96.0,5,spring,85.42857142857143,18.189642857142854
2376,1,2024-05-10 00:00:00+00:00,16.997,18.397,18.847,18.546999,18.497,18.197,16.4955,91.0,89.0,85.0,89.0,89.0,86.0,96.0,5,spring,89.28571428571429,17.99678557142857
2377,1,2024-05-10 01:00:00+00:00,16.897,18.147,18.647,18.296999,18.197,18.197,16.1455,91.0,90.0,87.0,90.0,89.0,86.0,97.0,5,spring,90.0,17.789642714285716
2378,1,2024-05-10 02:00:00+00:00,16.847,18.147,18.447,18.046999,17.947,18.347,15.6455,92.0,89.0,88.0,90.0,90.0,86.0,97.0,5,spring,90.28571428571429,17.632499857142857
2379,1,2024-05-10 03:00:00+00:00,16.647,18.147,18.347,18.097,18.046999,18.597,15.695499,93.0,88.0,87.0,89.0,89.0,85.0,96.0,5,spring,89.57142857142857,17.653928285714287
2380,1,2024-05-10 04:00:00+00:00,16.647,17.897,18.147,18.597,18.697,19.046999,16.595499,93.0,91.0,88.0,87.0,87.0,84.0,93.0,5,spring,89.0,17.946785428571427
2381,1,2024-05-10 05:00:00+00:00,18.046999,18.546999,19.046999,19.447,19.697,19.697,17.9955,91.0,90.0,86.0,85.0,83.0,82.0,89.0,5,spring,86.57142857142857,18.925356714285716
2382,1,2024-05-10 06:00:00+00:00,20.147,19.397,20.796999,19.847,20.997,20.546999,19.1955,81.0,86.0,81.0,86.0,79.0,79.0,85.0,5,spring,82.42857142857143,20.13249971428571
2383,1,2024-05-10 07:00:00+00:00,21.647,21.046999,22.397,20.697,22.697,21.747,21.3955,73.0,78.0,75.0,82.0,73.0,75.0,76.0,5,spring,76.0,21.661071285714286
2384,1,2024-05-10 08:00:00+00:00,23.546999,23.597,24.247,21.796999,24.697,23.147,23.7455,65.0,67.0,69.0,78.0,66.0,70.0,66.0,5,spring,68.71428571428571,23.53964257142857
2385,1,2024-05-10 09:00:00+00:00,24.897,25.546999,25.747,22.947,26.197,24.347,25.3955,59.0,60.0,63.0,73.0,60.0,65.0,59.0,5,spring,62.714285714285715,25.011071285714287
2386,1,2024-05-10 10:00:00+00:00,25.497,26.247,26.546999,24.497,27.097,25.296999,26.095499,60.0,57.0,60.0,67.0,57.0,61.0,57.0,5,spring,59.857142857142854,25.896785285714284
2387,1,2024-05-10 11:00:00+00:00,26.197,26.597,26.796999,26.097,27.597,26.046999,26.095499,58.0,57.0,60.0,62.0,55.0,58.0,57.0,5,spring,58.142857142857146,26.489642428571425
2388,1,2024-05-10 12:00:00+00:00,25.447,26.147,26.697,26.947,27.197,27.347,24.8955,61.0,60.0,60.0,59.0,54.0,55.0,64.0,5,spring,59.0,26.3825
2389,1,2024-05-10 13:00:00+00:00,24.647,25.796999,24.647,26.097,26.546999,26.347,23.4455,66.0,62.0,69.0,64.0,57.0,59.0,72.0,5,spring,64.14285714285714,25.361071142857146
2390,1,2024-05-10 14:00:00+00:00,24.597,24.997,23.747,24.647,25.347,24.546999,21.5455,63.0,67.0,74.0,71.0,62.0,66.0,81.0,5,spring,69.14285714285714,24.20392842857143
2391,1,2024-05-10 15:00:00+00:00,23.097,23.347,22.947,23.397,24.097,22.997,19.8955,70.0,76.0,78.0,77.0,67.0,72.0,89.0,5,spring,75.57142857142857,22.825357142857143
2392,1,2024-05-10 16:00:00+00:00,21.497,21.997,21.697,22.747,22.847,22.097,18.845499,79.0,83.0,84.0,81.0,70.0,76.0,93.0,5,spring,80.85714285714286,21.675356999999998
2393,1,2024-05-10 17:00:00+00:00,20.897,21.247,21.147,22.347,21.497,21.397,18.1455,82.0,86.0,84.0,83.0,73.0,80.0,94.0,5,spring,83.14285714285714,20.953928571428573
2394,1,2024-05-10 18:00:00+00:00,19.947,20.697,20.546999,20.847,20.497,20.747,16.8955,88.0,85.0,80.0,84.0,75.0,82.0,96.0,5,spring,84.28571428571429,20.025357000000003
2395,1,2024-05-10 19:00:00+00:00,19.197,19.697,19.997,20.447,20.046999,20.097,16.6455,86.0,85.0,82.0,85.0,77.0,83.0,96.0,5,spring,84.85714285714286,19.44678557142857
2396,1,2024-05-10 20:00:00+00:00,18.497,19.046999,19.447,20.147,19.947,19.497,16.7955,84.0,84.0,83.0,87.0,78.0,83.0,96.0,5,spring,85.0,19.053928428571428
2397,1,2024-05-10 21:00:00+00:00,17.847,18.497,19.046999,19.847,19.796999,18.997,16.8955,86.0,85.0,85.0,88.0,79.0,84.0,95.0,5,spring,86.0,18.703928285714287
2398,1,2024-05-10 22:00:00+00:00,17.247,17.947,18.947,19.347,19.497,18.647,16.7955,88.0,86.0,85.0,89.0,80.0,86.0,95.0,5,spring,87.0,18.346785714285716
2399,1,2024-05-10 23:00:00+00:00,16.747,17.447,18.997,18.796999,19.147,18.447,16.595499,90.0,88.0,85.0,89.0,81.0,88.0,95.0,5,spring,88.0,18.025356857142857
2400,1,2024-05-11 00:00:00+00:00,16.546999,17.447,17.697,18.897,18.647,18.897,16.6955,92.0,90.0,90.0,88.0,88.0,85.0,95.0,5,spring,89.71428571428571,17.832499857142853
2401,1,2024-05-11 01:00:00+00:00,16.197,17.447,17.447,18.697,17.947,18.397,15.9955,92.0,90.0,90.0,87.0,89.0,86.0,96.0,5,spring,90.0,17.446785714285713
2402,1,2024-05-11 02:00:00+00:00,15.847,16.997,17.197,18.597,17.197,17.847,15.1455,92.0,91.0,90.0,87.0,90.0,87.0,97.0,5,spring,90.57142857142857,16.975357142857145
2403,1,2024-05-11 03:00:00+00:00,15.547,16.497,16.997,18.747,16.997,17.796999,14.9955,92.0,92.0,89.0,85.0,90.0,86.0,97.0,5,spring,90.14285714285714,16.79678557142857
2404,1,2024-05-11 04:00:00+00:00,15.497,16.296999,16.697,19.247,17.796999,18.546999,15.945499,92.0,92.0,90.0,83.0,88.0,84.0,94.0,5,spring,89.0,17.146785142857144
2405,1,2024-05-11 05:00:00+00:00,17.747,18.197,18.497,20.046999,19.247,19.796999,17.595499,87.0,88.0,85.0,80.0,84.0,80.0,89.0,5,spring,84.71428571428571,18.732499571428573
2406,1,2024-05-11 06:00:00+00:00,20.197,20.647,20.897,20.997,20.796999,21.247,18.8955,80.0,78.0,77.0,80.0,80.0,76.0,83.0,5,spring,79.14285714285714,20.525357000000003
2407,1,2024-05-11 07:00:00+00:00,22.097,22.447,22.647,22.597,22.546999,23.046999,21.095499,73.0,71.0,71.0,75.0,74.0,70.0,74.0,5,spring,72.57142857142857,22.353928142857143
2408,1,2024-05-11 08:00:00+00:00,23.997,24.296999,24.497,24.397,24.447,25.046999,23.4955,68.0,66.0,65.0,70.0,67.0,63.0,64.0,5,spring,66.14285714285714,24.31107114285714
2409,1,2024-05-11 09:00:00+00:00,25.497,26.046999,26.247,25.796999,25.947,26.597,25.2955,64.0,59.0,61.0,65.0,61.0,58.0,57.0,5,spring,60.714285714285715,25.918214000000003
2410,1,2024-05-11 10:00:00+00:00,26.497,27.197,27.347,26.546999,26.847,27.497,26.2455,60.0,53.0,55.0,61.0,56.0,54.0,53.0,5,spring,56.0,26.882499857142857
2411,1,2024-05-11 11:00:00+00:00,26.796999,27.697,27.997,26.847,27.347,27.947,26.595499,55.0,50.0,50.0,58.0,53.0,51.0,52.0,5,spring,52.714285714285715,27.318214
2412,1,2024-05-11 12:00:00+00:00,27.546999,27.197,28.046999,28.247,27.546999,26.647,25.595499,53.0,52.0,49.0,49.0,50.0,53.0,58.0,5,spring,52.0,27.26107085714285
2413,1,2024-05-11 13:00:00+00:00,27.097,26.997,28.197,27.747,26.747,26.147,24.3955,56.0,54.0,48.0,50.0,55.0,54.0,65.0,5,spring,54.57142857142857,26.761071428571427
2414,1,2024-05-11 14:00:00+00:00,25.647,26.397,27.947,26.697,25.397,25.347,22.6455,62.0,56.0,47.0,54.0,63.0,57.0,75.0,5,spring,59.142857142857146,25.725357142857145
2415,1,2024-05-11 15:00:00+00:00,24.197,23.046999,26.097,25.546999,23.997,24.247,20.8955,67.0,75.0,59.0,58.0,70.0,61.0,83.0,5,spring,67.57142857142857,24.003928285714288
2416,1,2024-05-11 16:00:00+00:00,22.197,21.897,23.847,24.296999,22.697,22.747,19.2455,72.0,81.0,68.0,63.0,72.0,66.0,88.0,5,spring,72.85714285714286,22.418214142857146
2417,1,2024-05-11 17:00:00+00:00,21.247,20.997,22.647,22.897,21.347,20.947,17.6455,78.0,85.0,73.0,70.0,73.0,71.0,92.0,5,spring,77.42857142857143,21.103928571428572
2418,1,2024-05-11 18:00:00+00:00,21.147,20.647,20.597,20.897,20.197,19.546999,15.9955,83.0,85.0,86.0,85.0,75.0,76.0,97.0,5,spring,83.85714285714286,19.861071285714285
2419,1,2024-05-11 19:00:00+00:00,20.147,20.247,19.497,19.947,19.247,18.796999,15.445499,86.0,86.0,88.0,87.0,79.0,80.0,97.0,5,spring,86.14285714285714,19.04678542857143
2420,1,2024-05-11 20:00:00+00:00,18.397,19.247,18.497,19.097,18.497,18.447,15.3455,92.0,91.0,89.0,87.0,84.0,83.0,97.0,5,spring,89.0,18.218214285714286
2421,1,2024-05-11 21:00:00+00:00,17.597,18.197,17.697,18.347,17.847,18.097,15.195499,89.0,88.0,88.0,87.0,88.0,85.0,96.0,5,spring,88.71428571428571,17.568214142857144
2422,1,2024-05-11 22:00:00+00:00,16.997,17.397,17.247,17.747,17.397,17.597,14.945499,88.0,86.0,89.0,89.0,90.0,87.0,96.0,5,spring,89.28571428571429,17.046785571428572
2423,1,2024-05-11 23:00:00+00:00,16.497,16.847,16.847,17.296999,17.147,17.147,14.695499,90.0,88.0,92.0,91.0,91.0,88.0,96.0,5,spring,90.85714285714286,16.63964257142857
2424,1,2024-05-12 00:00:00+00:00,15.747,16.397,15.997,17.046999,17.247,16.597,14.5955,94.0,93.0,94.0,91.0,88.0,92.0,97.0,5,spring,92.71428571428571,16.232499857142855
2425,1,2024-05-12 01:00:00+00:00,15.497,16.147,15.847,16.546999,16.697,16.247,14.2455,95.0,94.0,95.0,92.0,89.0,92.0,98.0,5,spring,93.57142857142857,15.889642714285714
2426,1,2024-05-12 02:00:00+00:00,15.396999,15.997,15.697,16.097,16.197,15.947,14.0455,95.0,94.0,95.0,93.0,90.0,92.0,98.0,5,spring,93.85714285714286,15.625357
2427,1,2024-05-12 03:00:00+00:00,15.347,15.947,15.697,16.247,16.296999,16.247,14.3955,94.0,93.0,94.0,92.0,90.0,90.0,97.0,5,spring,92.85714285714286,15.739642714285713
2428,1,2024-05-12 04:00:00+00:00,15.347,15.997,15.797,17.397,17.347,17.397,15.5455,94.0,93.0,94.0,89.0,87.0,86.0,94.0,5,spring,91.0,16.403928571428573
2429,1,2024-05-12 05:00:00+00:00,17.847,18.447,18.247,19.097,18.947,19.097,17.2455,89.0,86.0,89.0,83.0,82.0,81.0,91.0,5,spring,85.85714285714286,18.41821428571429
2430,1,2024-05-12 06:00:00+00:00,20.447,20.847,21.097,21.147,20.747,20.947,19.2955,80.0,77.0,77.0,77.0,77.0,76.0,84.0,5,spring,78.28571428571429,20.646785714285716
2431,1,2024-05-12 07:00:00+00:00,22.497,22.796999,22.997,23.046999,22.747,22.947,21.4955,72.0,70.0,71.0,71.0,72.0,71.0,75.0,5,spring,71.71428571428571,22.646785428571427
2432,1,2024-05-12 08:00:00+00:00,24.397,24.697,24.847,25.046999,24.897,25.097,23.845499,67.0,65.0,67.0,65.0,66.0,65.0,64.0,5,spring,65.57142857142857,24.68964257142857
2433,1,2024-05-12 09:00:00+00:00,26.046999,26.397,26.397,26.546999,26.546999,26.647,25.595499,63.0,60.0,62.0,60.0,61.0,60.0,56.0,5,spring,60.285714285714285,26.311070857142855
2434,1,2024-05-12 10:00:00+00:00,27.147,27.546999,27.296999,27.447,27.546999,27.347,26.4955,56.0,51.0,53.0,55.0,56.0,56.0,53.0,5,spring,54.285714285714285,27.261070999999998
2435,1,2024-05-12 11:00:00+00:00,27.796999,28.097,27.597,27.897,28.147,27.546999,26.7955,50.0,48.0,51.0,50.0,51.0,53.0,53.0,5,spring,50.857142857142854,27.696785428571427
2436,1,2024-05-12 12:00:00+00:00,27.747,27.997,27.697,28.546999,28.296999,27.546999,24.595499,50.0,47.0,51.0,45.0,47.0,50.0,66.0,5,spring,50.857142857142854,27.489642285714286
2437,1,2024-05-12 13:00:00+00:00,27.747,27.597,27.647,27.947,27.647,26.997,23.345499,49.0,50.0,51.0,47.0,49.0,52.0,72.0,5,spring,52.857142857142854,26.98964271428571
2438,1,2024-05-12 14:00:00+00:00,26.897,26.447,26.897,26.796999,26.447,26.046999,21.7455,51.0,53.0,51.0,52.0,54.0,57.0,79.0,5,spring,56.714285714285715,25.896785428571427
2439,1,2024-05-12 15:00:00+00:00,24.997,23.997,25.147,25.347,24.997,24.796999,20.1955,62.0,65.0,59.0,58.0,59.0,62.0,85.0,5,spring,64.28571428571429,24.211071285714286
2440,1,2024-05-12 16:00:00+00:00,23.046999,22.647,22.997,23.597,23.296999,23.147,18.6955,70.0,72.0,69.0,63.0,65.0,67.0,89.0,5,spring,70.71428571428571,22.489642571428572
2441,1,2024-05-12 17:00:00+00:00,21.046999,21.497,21.796999,21.546999,21.347,21.197,17.2455,77.0,77.0,75.0,69.0,72.0,73.0,93.0,5,spring,76.57142857142857,20.811071
2442,1,2024-05-12 18:00:00+00:00,20.397,19.546999,20.697,20.497,19.747,19.647,17.095499,80.0,77.0,86.0,77.0,77.0,78.0,95.0,5,spring,81.42857142857143,19.66107114285714
2443,1,2024-05-12 19:00:00+00:00,19.247,18.296999,20.097,19.247,18.747,18.747,16.845499,82.0,83.0,88.0,81.0,80.0,82.0,95.0,5,spring,84.42857142857143,18.746785428571428
2444,1,2024-05-12 20:00:00+00:00,18.397,17.497,18.497,18.097,18.046999,18.197,16.8955,84.0,87.0,94.0,84.0,83.0,84.0,95.0,5,spring,87.28571428571429,17.94678557142857
2445,1,2024-05-12 21:00:00+00:00,18.097,17.046999,17.447,17.296999,17.546999,17.796999,16.7955,85.0,88.0,96.0,87.0,85.0,87.0,94.0,5,spring,88.85714285714286,17.43249942857143
2446,1,2024-05-12 22:00:00+00:00,17.847,16.997,17.147,17.046999,17.147,17.397,16.3955,85.0,87.0,90.0,88.0,88.0,90.0,94.0,5,spring,88.85714285714286,17.139642714285714
2447,1,2024-05-12 23:00:00+00:00,17.697,16.897,16.947,17.147,16.947,17.147,15.8955,86.0,88.0,88.0,89.0,90.0,92.0,95.0,5,spring,89.71428571428571,16.95392857142857
2448,1,2024-05-13 00:00:00+00:00,17.247,16.847,15.797,17.046999,16.747,16.747,14.5955,89.0,91.0,94.0,89.0,91.0,92.0,96.0,5,spring,91.71428571428571,16.432499857142858
2449,1,2024-05-13 01:00:00+00:00,16.947,16.847,15.597,16.897,16.347,16.447,14.2455,90.0,91.0,94.0,89.0,92.0,92.0,96.0,5,spring,92.0,16.189642857142854
2450,1,2024-05-13 02:00:00+00:00,16.497,16.947,15.547,16.747,15.997,16.197,13.9955,92.0,90.0,94.0,88.0,91.0,92.0,97.0,5,spring,92.0,15.989642857142858
2451,1,2024-05-13 03:00:00+00:00,15.947,16.947,15.597,16.997,16.197,16.546999,14.2955,93.0,89.0,93.0,86.0,90.0,90.0,96.0,5,spring,91.0,16.075357
2452,1,2024-05-13 04:00:00+00:00,15.646999,16.847,16.047,17.897,17.347,17.796999,15.6455,93.0,90.0,92.0,83.0,86.0,86.0,93.0,5,spring,89.0,16.746785428571428
2453,1,2024-05-13 05:00:00+00:00,17.947,18.897,18.347,19.147,19.046999,19.597,17.595499,88.0,86.0,87.0,80.0,81.0,81.0,90.0,5,spring,84.71428571428571,18.653928285714283
2454,1,2024-05-13 06:00:00+00:00,21.097,21.397,21.296999,20.546999,20.897,21.397,19.6955,76.0,75.0,77.0,79.0,76.0,75.0,83.0,5,spring,77.28571428571429,20.903928285714283
2455,1,2024-05-13 07:00:00+00:00,22.997,23.147,22.796999,22.147,22.947,23.147,21.1455,70.0,70.0,72.0,75.0,70.0,69.0,78.0,5,spring,72.0,22.61821414285714
2456,1,2024-05-13 08:00:00+00:00,24.897,25.046999,24.097,23.997,25.097,24.847,22.6455,65.0,66.0,68.0,70.0,64.0,63.0,73.0,5,spring,67.0,24.375357
2457,1,2024-05-13 09:00:00+00:00,26.447,26.647,25.546999,25.546999,26.796999,26.197,23.6955,58.0,61.0,64.0,65.0,58.0,58.0,69.0,5,spring,61.857142857142854,25.83964242857143
2458,1,2024-05-13 10:00:00+00:00,27.397,27.847,26.997,26.697,27.897,27.097,24.095499,53.0,56.0,57.0,59.0,53.0,55.0,68.0,5,spring,57.285714285714285,26.861071285714285
2459,1,2024-05-13 11:00:00+00:00,27.847,28.647,27.597,27.546999,28.546999,27.597,23.9955,50.0,49.0,54.0,54.0,48.0,52.0,69.0,5,spring,53.714285714285715,27.39678542857143
2460,1,2024-05-13 12:00:00+00:00,27.546999,27.747,27.997,28.296999,28.897,28.447,25.595499,52.0,52.0,50.0,47.0,45.0,46.0,67.0,5,spring,51.285714285714285,27.789642428571426
2461,1,2024-05-13 13:00:00+00:00,27.397,27.497,28.046999,27.697,28.397,27.796999,24.1455,51.0,51.0,50.0,49.0,48.0,49.0,72.0,5,spring,52.857142857142854,27.282499714285713
2462,1,2024-05-13 14:00:00+00:00,26.397,26.997,27.597,26.546999,27.347,26.546999,22.1455,53.0,51.0,49.0,55.0,54.0,55.0,79.0,5,spring,56.57142857142857,26.225356857142856
2463,1,2024-05-13 15:00:00+00:00,23.647,25.397,25.347,25.197,26.046999,25.197,20.3955,65.0,59.0,60.0,61.0,60.0,62.0,84.0,5,spring,64.42857142857143,24.461071285714286
2464,1,2024-05-13 16:00:00+00:00,21.897,22.997,23.397,23.697,24.497,23.747,19.095499,74.0,69.0,70.0,66.0,64.0,69.0,88.0,5,spring,71.42857142857143,22.761071285714284
2465,1,2024-05-13 17:00:00+00:00,20.897,21.447,21.997,22.046999,22.697,22.247,18.0455,81.0,77.0,78.0,72.0,66.0,78.0,92.0,5,spring,77.71428571428571,21.339642714285713
2466,1,2024-05-13 18:00:00+00:00,20.597,20.697,20.597,20.597,21.247,20.897,16.2955,81.0,81.0,84.0,79.0,69.0,84.0,96.0,5,spring,82.0,20.1325
2467,1,2024-05-13 19:00:00+00:00,19.947,19.847,20.097,19.647,20.397,19.947,16.2955,86.0,86.0,85.0,81.0,71.0,87.0,96.0,5,spring,84.57142857142857,19.453928571428573
2468,1,2024-05-13 20:00:00+00:00,19.397,19.296999,19.447,18.947,19.947,19.147,16.845499,88.0,90.0,86.0,82.0,73.0,89.0,95.0,5,spring,86.14285714285714,19.003928285714284
2469,1,2024-05-13 21:00:00+00:00,18.546999,19.296999,18.647,18.296999,19.546999,18.497,17.095499,89.0,86.0,86.0,83.0,75.0,90.0,94.0,5,spring,86.14285714285714,18.561070714285712
2470,1,2024-05-13 22:00:00+00:00,18.097,18.947,17.747,17.546999,19.247,17.897,16.6955,84.0,82.0,86.0,86.0,76.0,90.0,95.0,5,spring,85.57142857142857,18.025357
2471,1,2024-05-13 23:00:00+00:00,17.647,18.097,17.046999,16.796999,19.046999,17.397,15.9955,83.0,82.0,88.0,89.0,77.0,90.0,96.0,5,spring,86.42857142857143,17.43249957142857
2472,1,2024-05-14 00:00:00+00:00,17.046999,17.597,17.097,15.947,16.497,16.447,14.695499,86.0,84.0,89.0,91.0,87.0,88.0,96.0,5,spring,88.71428571428571,16.47535685714286
2473,1,2024-05-14 01:00:00+00:00,16.697,17.296999,16.747,15.447,15.997,15.947,14.3455,89.0,86.0,91.0,93.0,88.0,90.0,97.0,5,spring,90.57142857142857,16.068214142857144
2474,1,2024-05-14 02:00:00+00:00,16.447,16.847,16.597,15.097,15.597,15.547,14.0455,90.0,87.0,92.0,94.0,89.0,92.0,98.0,5,spring,91.71428571428571,15.739642857142856
2475,1,2024-05-14 03:00:00+00:00,16.197,16.447,16.546999,15.497,15.797,15.797,14.2955,91.0,87.0,91.0,93.0,88.0,91.0,97.0,5,spring,91.14285714285714,15.79678557142857
2476,1,2024-05-14 04:00:00+00:00,16.197,16.097,16.497,17.046999,17.046999,17.097,15.4955,91.0,87.0,90.0,88.0,84.0,87.0,94.0,5,spring,88.71428571428571,16.496785428571428
2477,1,2024-05-14 05:00:00+00:00,18.546999,18.447,18.897,19.347,18.947,19.046999,17.2455,84.0,82.0,84.0,81.0,79.0,81.0,90.0,5,spring,83.0,18.63964257142857
2478,1,2024-05-14 06:00:00+00:00,21.247,21.247,21.296999,21.647,20.947,21.097,19.2955,74.0,71.0,72.0,74.0,73.0,74.0,85.0,5,spring,74.71428571428571,20.968214142857143
2479,1,2024-05-14 07:00:00+00:00,23.147,23.097,23.197,23.647,22.997,23.197,21.845499,67.0,63.0,66.0,68.0,67.0,67.0,75.0,5,spring,67.57142857142857,23.01821414285714
2480,1,2024-05-14 08:00:00+00:00,25.046999,24.997,25.147,25.647,25.097,25.347,24.6455,62.0,60.0,61.0,62.0,61.0,61.0,64.0,5,spring,61.57142857142857,25.132499857142857
2481,1,2024-05-14 09:00:00+00:00,26.747,26.747,26.847,27.197,26.747,27.046999,26.095499,57.0,56.0,56.0,57.0,56.0,55.0,58.0,5,spring,56.42857142857143,26.77535685714286
2482,1,2024-05-14 10:00:00+00:00,27.847,27.897,27.847,28.147,27.747,28.046999,25.1455,51.0,50.0,50.0,53.0,51.0,51.0,64.0,5,spring,52.857142857142854,27.525357000000003
2483,1,2024-05-14 11:00:00+00:00,28.397,28.447,28.347,28.597,28.247,28.546999,22.8955,49.0,47.0,47.0,50.0,47.0,48.0,75.0,5,spring,51.857142857142854,27.639642714285717
2484,1,2024-05-14 12:00:00+00:00,28.847,28.447,28.447,28.296999,28.447,28.697,22.595499,45.0,46.0,47.0,48.0,47.0,46.0,82.0,5,spring,51.57142857142857,27.68249971428571
2485,1,2024-05-14 13:00:00+00:00,28.697,28.447,28.197,27.697,27.947,28.197,21.595499,43.0,46.0,46.0,50.0,49.0,47.0,85.0,5,spring,52.285714285714285,27.253928428571424
2486,1,2024-05-14 14:00:00+00:00,28.247,27.997,27.197,26.647,26.947,27.197,20.595499,43.0,47.0,48.0,55.0,53.0,51.0,86.0,5,spring,54.714285714285715,26.403928428571426
2487,1,2024-05-14 15:00:00+00:00,26.046999,26.447,25.247,25.397,25.647,25.947,19.595499,57.0,56.0,59.0,60.0,58.0,56.0,87.0,5,spring,61.857142857142854,24.903928285714283
2488,1,2024-05-14 16:00:00+00:00,23.847,24.247,23.147,23.847,23.897,24.247,18.4455,70.0,65.0,69.0,67.0,66.0,64.0,89.0,5,spring,70.0,23.096785714285712
2489,1,2024-05-14 17:00:00+00:00,21.847,22.546999,21.847,22.097,21.897,22.247,17.2455,77.0,64.0,75.0,74.0,75.0,74.0,92.0,5,spring,75.85714285714286,21.38964271428571
2490,1,2024-05-14 18:00:00+00:00,21.296999,20.397,20.697,21.046999,20.296999,20.597,16.2955,74.0,82.0,69.0,77.0,82.0,81.0,95.0,5,spring,80.0,20.08964242857143
2491,1,2024-05-14 19:00:00+00:00,20.447,19.546999,19.647,20.046999,19.497,19.597,16.1455,74.0,85.0,66.0,80.0,86.0,82.0,96.0,5,spring,81.28571428571429,19.275356857142857
2492,1,2024-05-14 20:00:00+00:00,19.697,18.847,19.046999,19.247,19.147,18.997,16.5455,75.0,82.0,68.0,80.0,87.0,79.0,95.0,5,spring,80.85714285714286,18.789642714285712
2493,1,2024-05-14 21:00:00+00:00,19.296999,18.197,18.546999,18.647,18.847,18.546999,16.6955,77.0,81.0,71.0,81.0,88.0,78.0,95.0,5,spring,81.57142857142857,18.396785285714287
2494,1,2024-05-14 22:00:00+00:00,19.097,17.997,17.897,18.247,18.497,18.296999,16.2955,77.0,80.0,75.0,81.0,87.0,80.0,95.0,5,spring,82.14285714285714,18.046785571428572
2495,1,2024-05-14 23:00:00+00:00,18.147,17.947,17.397,18.046999,18.147,18.247,15.7455,83.0,81.0,79.0,81.0,86.0,83.0,96.0,5,spring,84.14285714285714,17.668214142857142
2496,1,2024-05-15 00:00:00+00:00,17.796999,17.796999,17.747,18.296999,18.046999,17.647,13.9955,83.0,84.0,81.0,77.0,83.0,80.0,96.0,5,spring,83.42857142857143,17.332499428571428
2497,1,2024-05-15 01:00:00+00:00,17.397,17.397,17.296999,18.247,17.747,17.247,13.4955,84.0,85.0,83.0,77.0,84.0,82.0,97.0,5,spring,84.57142857142857,16.975357
2498,1,2024-05-15 02:00:00+00:00,17.197,17.046999,16.597,18.296999,17.397,16.847,12.9955,86.0,86.0,86.0,76.0,87.0,85.0,97.0,5,spring,86.14285714285714,16.625356857142858
2499,1,2024-05-15 03:00:00+00:00,16.897,16.647,16.296999,18.597,17.546999,16.997,13.195499,88.0,87.0,86.0,75.0,87.0,86.0,96.0,5,spring,86.42857142857143,16.596785285714283
2500,1,2024-05-15 04:00:00+00:00,16.597,16.447,16.296999,19.296999,18.546999,17.997,14.445499,89.0,87.0,86.0,74.0,84.0,83.0,93.0,5,spring,85.14285714285714,17.089642285714284
2501,1,2024-05-15 05:00:00+00:00,18.597,18.447,18.397,20.296999,19.997,19.546999,16.345499,84.0,83.0,82.0,73.0,79.0,78.0,88.0,5,spring,81.0,18.803928142857142
2502,1,2024-05-15 06:00:00+00:00,21.046999,21.347,20.947,21.447,21.647,21.296999,18.595499,74.0,72.0,71.0,73.0,74.0,73.0,85.0,5,spring,74.57142857142857,20.903928142857144
2503,1,2024-05-15 07:00:00+00:00,22.847,23.147,22.897,23.247,23.497,23.296999,20.6955,67.0,66.0,65.0,68.0,68.0,67.0,78.0,5,spring,68.42857142857143,22.803928428571428
2504,1,2024-05-15 08:00:00+00:00,24.747,25.097,24.947,25.296999,25.546999,25.497,22.845499,62.0,62.0,60.0,61.0,61.0,61.0,71.0,5,spring,62.57142857142857,24.853928142857143
2505,1,2024-05-15 09:00:00+00:00,26.147,26.747,26.697,26.847,27.097,27.147,24.4955,55.0,53.0,55.0,56.0,56.0,56.0,65.0,5,spring,56.57142857142857,26.45392857142857
2506,1,2024-05-15 10:00:00+00:00,26.796999,27.796999,27.747,27.747,27.947,27.997,25.3955,51.0,46.0,48.0,52.0,52.0,52.0,60.0,5,spring,51.57142857142857,27.346785428571426
2507,1,2024-05-15 11:00:00+00:00,27.296999,28.197,28.247,28.247,28.296999,28.247,25.6955,51.0,45.0,46.0,49.0,50.0,49.0,57.0,5,spring,49.57142857142857,27.746785428571428
2508,1,2024-05-15 12:00:00+00:00,27.097,28.247,28.296999,28.097,28.546999,28.197,23.6955,50.0,45.0,43.0,49.0,46.0,50.0,66.0,5,spring,49.857142857142854,27.453928285714287
2509,1,2024-05-15 13:00:00+00:00,26.947,28.046999,28.197,27.747,28.097,27.147,22.4455,51.0,45.0,44.0,51.0,48.0,53.0,72.0,5,spring,52.0,26.94678557142857
2510,1,2024-05-15 14:00:00+00:00,26.647,27.647,27.697,26.997,27.247,25.546999,20.9955,51.0,45.0,43.0,55.0,52.0,59.0,78.0,5,spring,54.714285714285715,26.111071285714285
2511,1,2024-05-15 15:00:00+00:00,25.597,25.697,25.947,25.897,26.097,24.046999,19.595499,57.0,54.0,56.0,60.0,57.0,65.0,84.0,5,spring,61.857142857142854,24.696785428571427
2512,1,2024-05-15 16:00:00+00:00,23.397,23.497,24.097,24.347,24.546999,22.897,18.2955,68.0,64.0,66.0,66.0,63.0,71.0,88.0,5,spring,69.42857142857143,23.011071285714284
2513,1,2024-05-15 17:00:00+00:00,21.647,22.397,22.097,22.497,22.747,21.796999,17.0455,76.0,71.0,74.0,72.0,71.0,77.0,90.0,5,spring,75.85714285714286,21.461071285714286
2514,1,2024-05-15 18:00:00+00:00,20.796999,20.897,21.847,21.546999,21.247,20.847,15.9955,81.0,80.0,75.0,73.0,77.0,82.0,93.0,5,spring,80.14285714285714,20.453928285714284
2515,1,2024-05-15 19:00:00+00:00,20.597,20.046999,20.697,20.397,20.296999,19.897,15.4955,80.0,84.0,80.0,77.0,82.0,87.0,94.0,5,spring,83.42857142857143,19.63249971428571
2516,1,2024-05-15 20:00:00+00:00,19.897,19.397,19.647,19.397,19.647,19.046999,15.3955,82.0,85.0,85.0,80.0,87.0,90.0,95.0,5,spring,86.28571428571429,18.918214142857142
2517,1,2024-05-15 21:00:00+00:00,19.497,18.697,18.947,18.747,19.097,18.497,15.2955,82.0,85.0,86.0,82.0,90.0,92.0,95.0,5,spring,87.42857142857143,18.396785714285716
2518,1,2024-05-15 22:00:00+00:00,18.997,18.347,18.597,18.597,18.497,18.497,15.1455,83.0,85.0,85.0,83.0,92.0,90.0,95.0,5,spring,87.57142857142857,18.096785714285716
2519,1,2024-05-15 23:00:00+00:00,18.197,18.147,18.447,18.747,17.947,18.796999,14.9955,88.0,87.0,83.0,82.0,93.0,85.0,96.0,5,spring,87.71428571428571,17.896785571428573
2520,1,2024-05-16 00:00:00+00:00,17.697,17.847,18.397,18.997,18.546999,17.296999,14.8955,94.0,91.0,82.0,76.0,86.0,93.0,96.0,5,spring,88.28571428571429,17.668214
2521,1,2024-05-16 01:00:00+00:00,17.597,17.697,18.497,18.647,18.296999,16.546999,14.5455,93.0,90.0,81.0,79.0,86.0,94.0,96.0,5,spring,88.42857142857143,17.403928285714283
2522,1,2024-05-16 02:00:00+00:00,17.597,17.697,18.447,18.296999,17.997,15.847,14.3455,91.0,88.0,82.0,82.0,87.0,94.0,96.0,5,spring,88.57142857142857,17.175356999999998
2523,1,2024-05-16 03:00:00+00:00,17.796999,17.647,18.397,18.447,18.197,15.947,14.695499,86.0,86.0,85.0,83.0,86.0,92.0,95.0,5,spring,87.57142857142857,17.303928285714285
2524,1,2024-05-16 04:00:00+00:00,17.546999,17.647,18.447,19.296999,19.046999,17.347,15.7455,85.0,87.0,86.0,81.0,84.0,88.0,92.0,5,spring,86.14285714285714,17.868213857142855
2525,1,2024-05-16 05:00:00+00:00,18.947,18.796999,19.147,20.546999,20.347,19.546999,17.2455,83.0,86.0,84.0,78.0,81.0,83.0,87.0,5,spring,83.14285714285714,19.225356714285713
2526,1,2024-05-16 06:00:00+00:00,21.097,20.997,21.397,21.347,21.747,21.647,18.3955,74.0,74.0,76.0,75.0,77.0,77.0,84.0,5,spring,76.71428571428571,20.946785714285713
2527,1,2024-05-16 07:00:00+00:00,22.847,22.546999,22.647,22.847,23.347,23.447,20.8955,67.0,69.0,71.0,70.0,72.0,71.0,75.0,5,spring,70.71428571428571,22.65392842857143
2528,1,2024-05-16 08:00:00+00:00,24.247,24.097,24.247,24.546999,25.046999,25.097,23.6455,64.0,67.0,68.0,65.0,67.0,64.0,64.0,5,spring,65.57142857142857,24.418214000000003
2529,1,2024-05-16 09:00:00+00:00,25.397,25.296999,25.647,25.847,26.247,26.397,25.6955,59.0,61.0,62.0,61.0,63.0,58.0,56.0,5,spring,60.0,25.789642714285716
2530,1,2024-05-16 10:00:00+00:00,26.147,25.597,26.747,26.546999,26.796999,27.347,26.6955,55.0,59.0,55.0,57.0,61.0,53.0,51.0,5,spring,55.857142857142854,26.553928285714285
2531,1,2024-05-16 11:00:00+00:00,26.747,26.097,27.097,26.847,26.847,27.897,26.8955,52.0,56.0,51.0,54.0,60.0,50.0,48.0,5,spring,53.0,26.91821428571429
2532,1,2024-05-16 12:00:00+00:00,26.597,26.296999,26.947,27.347,27.697,27.197,25.4955,55.0,57.0,56.0,51.0,55.0,56.0,55.0,5,spring,55.0,26.79678557142857
2533,1,2024-05-16 13:00:00+00:00,26.597,26.296999,26.747,26.147,27.097,26.197,23.6455,55.0,56.0,54.0,57.0,55.0,61.0,64.0,5,spring,57.42857142857143,26.10392842857143
2534,1,2024-05-16 14:00:00+00:00,25.997,25.847,26.197,24.296999,25.997,24.747,20.9455,55.0,57.0,54.0,66.0,57.0,70.0,78.0,5,spring,62.42857142857143,24.861071285714285
2535,1,2024-05-16 15:00:00+00:00,24.447,24.947,25.247,22.747,24.747,23.347,18.7955,64.0,59.0,59.0,74.0,61.0,77.0,89.0,5,spring,69.0,23.468214285714286
2536,1,2024-05-16 16:00:00+00:00,22.597,23.647,23.447,21.747,23.197,22.296999,17.6955,72.0,68.0,68.0,79.0,69.0,83.0,94.0,5,spring,76.14285714285714,22.08964271428572
2537,1,2024-05-16 17:00:00+00:00,21.647,21.447,21.546999,21.046999,21.447,21.397,17.095499,73.0,77.0,78.0,83.0,79.0,88.0,96.0,5,spring,82.0,20.80392814285714
2538,1,2024-05-16 18:00:00+00:00,20.247,20.447,20.296999,20.447,20.046999,20.597,15.9955,83.0,79.0,84.0,86.0,86.0,91.0,97.0,5,spring,86.57142857142857,19.725356857142856
2539,1,2024-05-16 19:00:00+00:00,19.497,19.597,19.497,19.847,19.247,20.046999,16.095499,86.0,82.0,87.0,89.0,89.0,92.0,97.0,5,spring,88.85714285714286,19.118214
2540,1,2024-05-16 20:00:00+00:00,18.796999,19.046999,18.947,19.497,18.796999,19.597,16.6455,88.0,85.0,89.0,89.0,90.0,91.0,95.0,5,spring,89.57142857142857,18.761070999999998
2541,1,2024-05-16 21:00:00+00:00,18.147,18.497,18.497,19.197,18.447,19.197,16.9955,90.0,88.0,90.0,89.0,90.0,90.0,94.0,5,spring,90.14285714285714,18.42535714285714
2542,1,2024-05-16 22:00:00+00:00,17.546999,17.796999,17.997,18.847,18.197,18.597,16.7955,94.0,92.0,91.0,90.0,91.0,91.0,94.0,5,spring,91.85714285714286,17.968214
2543,1,2024-05-16 23:00:00+00:00,17.397,17.147,17.447,18.497,18.097,18.046999,16.345499,94.0,95.0,93.0,90.0,92.0,92.0,94.0,5,spring,92.85714285714286,17.568214
2544,1,2024-05-17 00:00:00+00:00,17.097,17.197,17.097,17.697,16.997,17.897,16.9955,95.0,93.0,94.0,93.0,94.0,92.0,95.0,5,spring,93.71428571428571,17.2825
2545,1,2024-05-17 01:00:00+00:00,16.897,16.847,16.747,17.247,16.497,17.647,16.845499,92.0,90.0,94.0,93.0,94.0,92.0,95.0,5,spring,92.85714285714286,16.961071285714286
2546,1,2024-05-17 02:00:00+00:00,16.447,16.697,16.546999,16.847,16.097,17.397,16.6455,91.0,88.0,92.0,92.0,94.0,91.0,94.0,5,spring,91.71428571428571,16.668214142857142
2547,1,2024-05-17 03:00:00+00:00,16.047,16.397,16.447,16.997,16.347,17.597,16.7955,92.0,90.0,90.0,90.0,92.0,90.0,93.0,5,spring,91.0,16.661071428571432
2548,1,2024-05-17 04:00:00+00:00,16.147,16.296999,16.546999,17.997,17.647,18.497,17.3955,91.0,91.0,90.0,87.0,88.0,88.0,91.0,5,spring,89.42857142857143,17.218214
2549,1,2024-05-17 05:00:00+00:00,18.546999,18.546999,18.747,19.546999,19.546999,19.796999,18.345499,86.0,86.0,86.0,83.0,82.0,84.0,89.0,5,spring,85.14285714285714,19.011070571428572
2550,1,2024-05-17 06:00:00+00:00,21.247,21.247,21.147,21.197,21.447,21.197,19.095499,75.0,76.0,76.0,80.0,76.0,80.0,85.0,5,spring,78.28571428571429,20.939642714285714
2551,1,2024-05-17 07:00:00+00:00,22.997,23.097,23.197,22.747,23.247,22.647,20.6955,69.0,70.0,69.0,75.0,69.0,74.0,80.0,5,spring,72.28571428571429,22.66107142857143
2552,1,2024-05-17 08:00:00+00:00,24.796999,24.847,25.046999,24.296999,25.046999,24.197,22.4455,64.0,66.0,65.0,70.0,63.0,68.0,74.0,5,spring,67.14285714285714,24.382499428571432
2553,1,2024-05-17 09:00:00+00:00,26.097,26.247,26.046999,25.546999,26.447,25.397,23.6955,57.0,58.0,59.0,65.0,57.0,62.0,70.0,5,spring,61.142857142857146,25.63964257142857
2554,1,2024-05-17 10:00:00+00:00,26.697,26.897,26.847,26.397,27.247,26.197,24.1955,53.0,52.0,55.0,61.0,53.0,58.0,68.0,5,spring,57.142857142857146,26.353928571428572
2555,1,2024-05-17 11:00:00+00:00,27.147,27.397,27.296999,26.897,27.647,26.747,24.1455,50.0,52.0,53.0,59.0,50.0,55.0,68.0,5,spring,55.285714285714285,26.75392842857143
2556,1,2024-05-17 12:00:00+00:00,27.647,27.397,28.046999,26.747,26.697,26.997,23.9955,48.0,53.0,49.0,58.0,55.0,57.0,67.0,5,spring,55.285714285714285,26.789642714285712
2557,1,2024-05-17 13:00:00+00:00,27.497,27.447,27.997,26.197,26.397,25.997,22.7955,50.0,53.0,50.0,59.0,55.0,62.0,74.0,5,spring,57.57142857142857,26.3325
2558,1,2024-05-17 14:00:00+00:00,27.147,26.947,27.497,25.296999,25.796999,24.447,21.2455,50.0,54.0,50.0,61.0,56.0,69.0,82.0,5,spring,60.285714285714285,25.482499714285716
2559,1,2024-05-17 15:00:00+00:00,25.847,25.647,26.197,24.197,24.897,22.997,19.7955,57.0,61.0,57.0,64.0,59.0,76.0,89.0,5,spring,66.14285714285714,24.225357142857142
2560,1,2024-05-17 16:00:00+00:00,23.597,23.296999,24.097,22.847,23.447,21.847,18.4955,66.0,70.0,66.0,71.0,68.0,81.0,93.0,5,spring,73.57142857142857,22.518214142857143
2561,1,2024-05-17 17:00:00+00:00,21.747,21.597,22.046999,21.347,21.697,20.847,17.2955,77.0,76.0,75.0,79.0,79.0,85.0,95.0,5,spring,80.85714285714286,20.939642714285718
2562,1,2024-05-17 18:00:00+00:00,20.046999,20.747,21.296999,20.497,20.247,19.947,16.095499,89.0,84.0,84.0,85.0,87.0,89.0,97.0,5,spring,87.85714285714286,19.83964242857143
2563,1,2024-05-17 19:00:00+00:00,19.597,20.347,20.546999,19.747,19.447,19.296999,15.5955,91.0,87.0,87.0,88.0,89.0,92.0,98.0,5,spring,90.28571428571429,19.225356857142856
2564,1,2024-05-17 20:00:00+00:00,19.397,19.747,19.847,19.247,18.997,18.747,15.4955,92.0,89.0,89.0,88.0,89.0,95.0,97.0,5,spring,91.28571428571429,18.7825
2565,1,2024-05-17 21:00:00+00:00,19.397,19.597,19.597,18.796999,18.546999,18.247,15.4955,91.0,90.0,90.0,89.0,89.0,96.0,97.0,5,spring,91.71428571428571,18.52535685714286
2566,1,2024-05-17 22:00:00+00:00,19.247,19.247,19.197,18.197,17.997,17.647,15.5455,90.0,92.0,92.0,91.0,91.0,95.0,96.0,5,spring,92.42857142857143,18.153928571428573
2567,1,2024-05-17 23:00:00+00:00,18.997,18.697,18.997,17.597,17.497,17.097,15.7455,91.0,94.0,94.0,94.0,93.0,92.0,96.0,5,spring,93.42857142857143,17.80392857142857
2568,1,2024-05-18 00:00:00+00:00,18.697,18.997,18.397,17.796999,18.046999,17.447,16.595499,89.0,93.0,94.0,93.0,94.0,88.0,98.0,5,spring,92.71428571428571,17.99678528571429
2569,1,2024-05-18 01:00:00+00:00,18.597,18.847,18.397,17.147,17.497,16.947,16.4455,91.0,92.0,90.0,93.0,94.0,89.0,98.0,5,spring,92.42857142857143,17.696785714285713
2570,1,2024-05-18 02:00:00+00:00,18.697,18.597,18.197,16.546999,16.947,16.497,16.2955,93.0,89.0,87.0,91.0,94.0,90.0,97.0,5,spring,91.57142857142857,17.396785571428573
2571,1,2024-05-18 03:00:00+00:00,18.697,18.247,17.796999,16.597,16.947,16.597,16.4955,94.0,87.0,86.0,89.0,93.0,90.0,96.0,5,spring,90.71428571428571,17.339642714285713
2572,1,2024-05-18 04:00:00+00:00,18.546999,17.796999,17.546999,17.747,17.947,17.546999,17.1955,93.0,88.0,88.0,86.0,90.0,86.0,94.0,5,spring,89.28571428571429,17.761070857142858
2573,1,2024-05-18 05:00:00+00:00,19.647,19.347,19.147,19.497,19.497,19.097,18.2955,91.0,87.0,85.0,81.0,86.0,81.0,90.0,5,spring,85.85714285714286,19.218214285714286
2574,1,2024-05-18 06:00:00+00:00,21.747,21.296999,21.197,21.296999,21.097,20.747,19.9955,79.0,77.0,80.0,79.0,81.0,75.0,82.0,5,spring,79.0,21.053928285714285
2575,1,2024-05-18 07:00:00+00:00,22.897,22.647,22.796999,22.897,22.647,22.497,21.5455,75.0,73.0,76.0,74.0,76.0,69.0,75.0,5,spring,74.0,22.561071285714288
2576,1,2024-05-18 08:00:00+00:00,24.046999,24.147,24.247,24.747,24.247,24.397,23.2455,72.0,70.0,72.0,67.0,70.0,63.0,67.0,5,spring,68.71428571428571,24.153928428571426
2577,1,2024-05-18 09:00:00+00:00,25.046999,25.296999,25.447,26.247,25.497,25.947,24.3955,66.0,65.0,67.0,62.0,65.0,58.0,62.0,5,spring,63.57142857142857,25.411071142857143
2578,1,2024-05-18 10:00:00+00:00,25.947,25.997,26.147,27.197,26.347,26.997,24.845499,61.0,58.0,61.0,57.0,61.0,53.0,60.0,5,spring,58.714285714285715,26.211071285714286
2579,1,2024-05-18 11:00:00+00:00,26.497,26.347,26.597,27.796999,26.897,27.647,24.7955,59.0,59.0,59.0,53.0,58.0,50.0,61.0,5,spring,57.0,26.653928428571426
2580,1,2024-05-18 12:00:00+00:00,26.546999,26.497,26.697,27.397,27.097,27.997,23.2955,57.0,57.0,57.0,54.0,54.0,51.0,69.0,5,spring,57.0,26.503928428571434
2581,1,2024-05-18 13:00:00+00:00,26.296999,26.447,26.296999,27.147,26.947,27.747,22.3955,59.0,58.0,59.0,54.0,54.0,52.0,74.0,5,spring,58.57142857142857,26.182499714285715
2582,1,2024-05-18 14:00:00+00:00,25.647,25.546999,25.796999,26.546999,26.447,27.147,21.095499,62.0,62.0,60.0,56.0,55.0,55.0,81.0,5,spring,61.57142857142857,25.461070857142854
2583,1,2024-05-18 15:00:00+00:00,23.097,23.296999,24.546999,25.597,25.597,26.147,19.8955,75.0,75.0,67.0,60.0,59.0,59.0,87.0,5,spring,68.85714285714286,24.02535685714286
2584,1,2024-05-18 16:00:00+00:00,21.796999,21.947,22.546999,24.147,24.097,24.546999,18.845499,82.0,81.0,79.0,68.0,67.0,65.0,90.0,5,spring,76.0,22.561070857142855
2585,1,2024-05-18 17:00:00+00:00,20.947,21.197,21.546999,22.347,22.247,22.597,17.845499,88.0,85.0,83.0,78.0,77.0,71.0,92.0,5,spring,82.0,21.246785428571428
2586,1,2024-05-18 18:00:00+00:00,20.897,20.796999,20.997,20.997,20.697,21.046999,17.095499,89.0,87.0,89.0,85.0,85.0,77.0,92.0,5,spring,86.28571428571429,20.361071
2587,1,2024-05-18 19:00:00+00:00,20.247,20.397,20.447,20.447,19.796999,20.247,16.845499,88.0,88.0,90.0,88.0,89.0,81.0,93.0,5,spring,88.14285714285714,19.775356857142857
2588,1,2024-05-18 20:00:00+00:00,19.747,20.397,20.046999,20.247,19.247,19.897,16.8955,90.0,83.0,90.0,88.0,92.0,85.0,93.0,5,spring,88.71428571428571,19.49678557142857
2589,1,2024-05-18 21:00:00+00:00,19.497,20.097,19.546999,20.097,18.747,19.546999,16.9955,91.0,83.0,92.0,88.0,93.0,88.0,94.0,5,spring,89.85714285714286,19.218214
2590,1,2024-05-18 22:00:00+00:00,19.097,19.447,19.147,19.847,18.247,19.197,17.0455,92.0,85.0,91.0,89.0,94.0,91.0,94.0,5,spring,90.85714285714286,18.861071428571428
2591,1,2024-05-18 23:00:00+00:00,18.847,18.796999,19.147,19.546999,17.847,18.897,17.095499,92.0,87.0,88.0,90.0,94.0,92.0,95.0,5,spring,91.14285714285714,18.596785285714283
2592,1,2024-05-19 00:00:00+00:00,18.147,18.197,18.647,18.997,18.847,17.497,14.8955,92.0,84.0,89.0,88.0,92.0,92.0,97.0,5,spring,90.57142857142857,17.889642857142857
2593,1,2024-05-19 01:00:00+00:00,17.997,17.647,18.447,18.597,18.546999,17.447,14.8455,93.0,86.0,87.0,87.0,90.0,91.0,97.0,5,spring,90.14285714285714,17.64678557142857
2594,1,2024-05-19 02:00:00+00:00,17.997,17.247,18.347,18.097,18.296999,17.597,14.945499,92.0,88.0,86.0,86.0,86.0,88.0,96.0,5,spring,88.85714285714286,17.503928285714284
2595,1,2024-05-19 03:00:00+00:00,17.847,17.046999,18.097,18.097,18.397,17.997,15.2955,90.0,89.0,86.0,85.0,83.0,86.0,95.0,5,spring,87.71428571428571,17.539642714285712
2596,1,2024-05-19 04:00:00+00:00,17.546999,16.997,17.947,18.796999,19.046999,18.697,15.8955,89.0,88.0,88.0,83.0,81.0,85.0,94.0,5,spring,86.85714285714286,17.846785285714287
2597,1,2024-05-19 05:00:00+00:00,18.847,18.747,19.046999,19.947,20.097,19.597,16.7455,90.0,87.0,87.0,81.0,80.0,83.0,93.0,5,spring,85.85714285714286,19.00392842857143
2598,1,2024-05-19 06:00:00+00:00,20.796999,21.347,21.147,21.197,21.247,20.647,18.595499,82.0,77.0,76.0,79.0,78.0,81.0,89.0,5,spring,80.28571428571429,20.711071142857143
2599,1,2024-05-19 07:00:00+00:00,22.147,22.947,22.447,22.296999,22.597,21.897,20.4455,74.0,72.0,71.0,76.0,74.0,77.0,84.0,5,spring,75.42857142857143,22.111071285714285
2600,1,2024-05-19 08:00:00+00:00,23.247,24.197,23.597,23.447,24.046999,23.247,22.4455,73.0,69.0,70.0,73.0,70.0,72.0,78.0,5,spring,72.14285714285714,23.461071285714286
2601,1,2024-05-19 09:00:00+00:00,24.747,25.046999,24.697,24.497,25.247,24.447,23.8955,69.0,66.0,67.0,70.0,66.0,68.0,73.0,5,spring,68.42857142857143,24.653928428571426
2602,1,2024-05-19 10:00:00+00:00,25.497,25.697,25.247,25.397,26.147,25.397,24.595499,65.0,62.0,64.0,66.0,62.0,64.0,69.0,5,spring,64.57142857142857,25.425356999999995
2603,1,2024-05-19 11:00:00+00:00,25.747,26.347,25.497,26.147,26.796999,26.197,24.7955,63.0,56.0,62.0,61.0,58.0,60.0,66.0,5,spring,60.857142857142854,25.932499857142858
2604,1,2024-05-19 12:00:00+00:00,26.296999,26.647,26.697,25.747,26.947,27.497,23.9955,60.0,56.0,55.0,61.0,59.0,54.0,72.0,5,spring,59.57142857142857,26.261071285714284
2605,1,2024-05-19 13:00:00+00:00,26.197,26.747,26.447,25.447,26.247,27.147,23.0455,60.0,55.0,56.0,62.0,63.0,54.0,76.0,5,spring,60.857142857142854,25.896785714285716
2606,1,2024-05-19 14:00:00+00:00,25.647,26.447,25.997,24.796999,24.997,26.447,22.0455,60.0,53.0,57.0,64.0,70.0,56.0,81.0,5,spring,63.0,25.19678557142857
2607,1,2024-05-19 15:00:00+00:00,24.197,25.497,25.247,23.947,23.796999,25.497,20.7955,68.0,61.0,62.0,68.0,76.0,60.0,85.0,5,spring,68.57142857142857,24.139642714285717
2608,1,2024-05-19 16:00:00+00:00,22.546999,23.097,23.296999,22.796999,22.697,24.097,19.1455,78.0,73.0,72.0,73.0,80.0,67.0,90.0,5,spring,76.14285714285714,22.525356714285717
2609,1,2024-05-19 17:00:00+00:00,21.147,21.747,21.647,21.397,21.647,22.447,17.345499,84.0,78.0,79.0,80.0,83.0,77.0,95.0,5,spring,82.28571428571429,21.053928428571425
2610,1,2024-05-19 18:00:00+00:00,19.697,20.296999,20.747,20.197,20.796999,20.997,17.095499,91.0,90.0,81.0,92.0,85.0,85.0,98.0,5,spring,88.85714285714286,19.975356714285713
2611,1,2024-05-19 19:00:00+00:00,18.997,19.647,19.997,19.796999,20.347,20.046999,16.9455,92.0,92.0,85.0,93.0,86.0,90.0,98.0,5,spring,90.85714285714286,19.39678542857143
2612,1,2024-05-19 20:00:00+00:00,18.397,19.147,19.546999,19.796999,20.097,19.296999,17.0455,94.0,92.0,87.0,91.0,87.0,93.0,98.0,5,spring,91.71428571428571,19.046785285714286
2613,1,2024-05-19 21:00:00+00:00,18.097,18.997,19.097,19.747,19.897,18.747,17.095499,95.0,91.0,90.0,89.0,87.0,95.0,97.0,5,spring,92.0,18.811071285714288
2614,1,2024-05-19 22:00:00+00:00,17.796999,18.796999,18.546999,19.497,19.647,18.296999,16.8955,95.0,90.0,92.0,90.0,87.0,95.0,97.0,5,spring,92.28571428571429,18.496785142857142
2615,1,2024-05-19 23:00:00+00:00,17.497,18.597,18.197,19.197,19.447,17.997,16.595499,95.0,90.0,93.0,91.0,87.0,95.0,96.0,5,spring,92.42857142857143,18.218214142857143
2616,1,2024-05-20 00:00:00+00:00,16.947,18.546999,18.546999,18.897,16.597,19.046999,16.095499,95.0,89.0,88.0,85.0,88.0,86.0,97.0,5,spring,89.71428571428571,17.81107085714286
2617,1,2024-05-20 01:00:00+00:00,16.997,18.296999,17.947,18.447,16.296999,18.447,15.9955,94.0,88.0,87.0,85.0,87.0,87.0,96.0,5,spring,89.14285714285714,17.489642571428572
2618,1,2024-05-20 02:00:00+00:00,17.347,18.046999,17.497,17.947,16.197,17.747,15.9955,92.0,86.0,85.0,86.0,87.0,87.0,95.0,5,spring,88.28571428571429,17.25392842857143
2619,1,2024-05-20 03:00:00+00:00,17.447,17.546999,16.947,17.997,16.597,17.647,16.1955,92.0,87.0,86.0,86.0,86.0,87.0,94.0,5,spring,88.28571428571429,17.19678557142857
2620,1,2024-05-20 04:00:00+00:00,17.197,17.147,16.447,18.847,17.847,18.597,16.4955,92.0,89.0,90.0,84.0,84.0,85.0,94.0,5,spring,88.28571428571429,17.51107142857143
2621,1,2024-05-20 05:00:00+00:00,18.697,18.447,18.247,20.147,19.647,20.097,17.0455,89.0,91.0,89.0,82.0,82.0,82.0,94.0,5,spring,87.0,18.903928571428573
2622,1,2024-05-20 06:00:00+00:00,20.347,20.947,21.247,20.796999,21.397,21.697,19.3955,86.0,81.0,77.0,82.0,78.0,78.0,87.0,5,spring,81.28571428571429,20.832499857142857
2623,1,2024-05-20 07:00:00+00:00,22.296999,22.847,22.947,22.447,23.097,23.296999,20.9955,78.0,70.0,70.0,77.0,72.0,72.0,81.0,5,spring,74.28571428571429,22.56107114285714
2624,1,2024-05-20 08:00:00+00:00,23.897,24.247,24.397,24.197,24.747,24.897,22.7455,71.0,63.0,67.0,70.0,65.0,66.0,75.0,5,spring,68.14285714285714,24.16107142857143
2625,1,2024-05-20 09:00:00+00:00,24.697,25.447,25.747,25.597,26.046999,26.147,23.7955,65.0,60.0,62.0,65.0,60.0,61.0,71.0,5,spring,63.42857142857143,25.35392842857143
2626,1,2024-05-20 10:00:00+00:00,25.397,26.097,26.347,26.447,26.847,26.947,23.7955,61.0,57.0,56.0,62.0,57.0,58.0,72.0,5,spring,60.42857142857143,25.982500000000005
2627,1,2024-05-20 11:00:00+00:00,26.097,26.447,26.796999,26.847,27.247,27.347,23.095499,57.0,56.0,54.0,60.0,56.0,55.0,76.0,5,spring,59.142857142857146,26.268214
2628,1,2024-05-20 12:00:00+00:00,26.147,26.597,27.097,26.997,26.597,27.347,24.6955,56.0,57.0,52.0,57.0,61.0,57.0,62.0,5,spring,57.42857142857143,26.496785714285718
2629,1,2024-05-20 13:00:00+00:00,25.597,26.447,26.897,25.947,25.747,26.247,23.4955,58.0,58.0,53.0,62.0,65.0,63.0,68.0,5,spring,61.0,25.768214285714286
2630,1,2024-05-20 14:00:00+00:00,25.497,25.546999,26.046999,24.296999,24.447,24.597,21.7455,57.0,60.0,55.0,70.0,70.0,71.0,78.0,5,spring,65.85714285714286,24.596785285714283
2631,1,2024-05-20 15:00:00+00:00,24.247,24.546999,24.997,22.847,23.147,23.147,20.095499,65.0,64.0,60.0,77.0,76.0,79.0,86.0,5,spring,72.42857142857143,23.28964257142857
2632,1,2024-05-20 16:00:00+00:00,22.046999,22.997,22.447,21.847,21.947,22.147,18.7455,79.0,73.0,72.0,83.0,81.0,84.0,90.0,5,spring,80.28571428571429,21.73964271428571
2633,1,2024-05-20 17:00:00+00:00,21.097,20.747,21.097,20.997,20.796999,21.347,17.4455,86.0,86.0,79.0,87.0,87.0,87.0,93.0,5,spring,86.42857142857143,20.50392842857143
2634,1,2024-05-20 18:00:00+00:00,19.497,20.197,20.147,20.296999,19.897,20.697,16.595499,94.0,87.0,82.0,89.0,91.0,90.0,97.0,5,spring,90.0,19.618214
2635,1,2024-05-20 19:00:00+00:00,19.097,19.397,19.597,19.847,19.397,20.147,16.2955,94.0,88.0,86.0,90.0,93.0,92.0,98.0,5,spring,91.57142857142857,19.111071428571428
2636,1,2024-05-20 20:00:00+00:00,19.097,18.747,19.497,19.597,19.147,19.697,16.3955,91.0,90.0,87.0,90.0,93.0,94.0,98.0,5,spring,91.85714285714286,18.8825
2637,1,2024-05-20 21:00:00+00:00,18.747,18.546999,19.197,19.397,18.847,19.296999,16.4955,92.0,91.0,90.0,90.0,93.0,94.0,98.0,5,spring,92.57142857142857,18.64678542857143
2638,1,2024-05-20 22:00:00+00:00,18.447,18.296999,18.897,19.247,18.447,18.947,16.4455,92.0,92.0,92.0,90.0,94.0,93.0,98.0,5,spring,93.0,18.389642714285717
2639,1,2024-05-20 23:00:00+00:00,18.296999,17.747,18.796999,19.097,18.046999,18.697,16.345499,93.0,94.0,92.0,91.0,95.0,90.0,97.0,5,spring,93.14285714285714,18.146785142857144
2640,1,2024-05-21 00:00:00+00:00,18.097,18.046999,18.397,18.497,17.997,18.796999,16.7955,94.0,92.0,90.0,91.0,94.0,91.0,97.0,5,spring,92.71428571428571,18.089642571428573
2641,1,2024-05-21 01:00:00+00:00,18.247,18.247,18.296999,17.997,17.546999,18.197,16.6955,93.0,90.0,87.0,91.0,93.0,91.0,97.0,5,spring,91.71428571428571,17.88964257142857
2642,1,2024-05-21 02:00:00+00:00,18.197,18.197,17.997,17.497,17.097,17.597,16.5455,92.0,89.0,87.0,90.0,92.0,91.0,97.0,5,spring,91.14285714285714,17.58964285714286
2643,1,2024-05-21 03:00:00+00:00,17.697,17.897,17.747,17.546999,17.197,17.546999,16.595499,94.0,90.0,90.0,89.0,90.0,90.0,97.0,5,spring,91.42857142857143,17.461071
2644,1,2024-05-21 04:00:00+00:00,17.296999,17.397,17.347,18.397,18.097,18.347,16.7955,95.0,92.0,93.0,87.0,88.0,88.0,97.0,5,spring,91.42857142857143,17.668214142857146
2645,1,2024-05-21 05:00:00+00:00,18.847,18.697,18.947,19.697,19.447,19.697,17.1455,92.0,91.0,88.0,84.0,85.0,84.0,96.0,5,spring,88.57142857142857,18.925357142857145
2646,1,2024-05-21 06:00:00+00:00,21.397,21.447,21.497,21.296999,20.847,21.147,19.2955,77.0,77.0,74.0,80.0,82.0,80.0,85.0,5,spring,79.28571428571429,20.98964271428571
2647,1,2024-05-21 07:00:00+00:00,22.597,22.447,22.597,22.397,22.097,22.697,21.0455,73.0,73.0,70.0,76.0,77.0,74.0,77.0,5,spring,74.28571428571429,22.268214285714286
2648,1,2024-05-21 08:00:00+00:00,24.046999,23.947,24.046999,23.497,23.397,24.347,22.9455,70.0,71.0,67.0,71.0,72.0,68.0,67.0,5,spring,69.42857142857143,23.74678542857143
2649,1,2024-05-21 09:00:00+00:00,25.046999,25.397,25.546999,24.447,24.447,25.647,24.1955,62.0,63.0,60.0,67.0,67.0,63.0,61.0,5,spring,63.285714285714285,24.961071142857143
2650,1,2024-05-21 10:00:00+00:00,25.497,26.296999,26.546999,25.347,25.397,26.546999,24.5455,59.0,58.0,55.0,63.0,64.0,59.0,60.0,5,spring,59.714285714285715,25.739642428571425
2651,1,2024-05-21 11:00:00+00:00,25.847,26.497,27.097,26.147,26.147,27.147,24.2955,58.0,56.0,53.0,60.0,61.0,56.0,63.0,5,spring,58.142857142857146,26.16821428571428
2652,1,2024-05-21 12:00:00+00:00,26.247,26.697,26.947,26.597,26.447,25.897,24.3955,55.0,54.0,54.0,60.0,61.0,65.0,67.0,5,spring,59.42857142857143,26.17535714285714
2653,1,2024-05-21 13:00:00+00:00,25.796999,26.697,26.747,25.796999,25.647,25.197,23.1455,58.0,54.0,55.0,63.0,65.0,68.0,74.0,5,spring,62.42857142857143,25.575356857142857
2654,1,2024-05-21 14:00:00+00:00,25.397,26.397,26.597,24.497,24.347,24.097,21.595499,58.0,54.0,56.0,68.0,72.0,73.0,82.0,5,spring,66.14285714285714,24.703928428571427
2655,1,2024-05-21 15:00:00+00:00,24.296999,25.447,25.747,23.296999,23.097,23.046999,20.095499,64.0,57.0,60.0,74.0,78.0,78.0,89.0,5,spring,71.42857142857143,23.575356571428568
2656,1,2024-05-21 16:00:00+00:00,22.247,22.947,22.347,22.296999,22.097,22.147,18.845499,74.0,70.0,75.0,80.0,82.0,83.0,93.0,5,spring,79.57142857142857,21.846785428571426
2657,1,2024-05-21 17:00:00+00:00,21.296999,21.296999,21.347,21.347,21.147,21.347,17.6955,79.0,80.0,80.0,86.0,85.0,87.0,95.0,5,spring,84.57142857142857,20.782499714285716
2658,1,2024-05-21 18:00:00+00:00,19.997,20.647,20.197,20.897,20.296999,20.497,17.3955,89.0,85.0,88.0,86.0,87.0,90.0,97.0,5,spring,88.85714285714286,19.989642714285715
2659,1,2024-05-21 19:00:00+00:00,19.847,19.796999,19.697,19.997,19.546999,19.647,17.1955,90.0,89.0,91.0,90.0,88.0,90.0,97.0,5,spring,90.71428571428571,19.38964257142857
2660,1,2024-05-21 20:00:00+00:00,19.497,19.347,19.296999,19.296999,18.897,18.796999,17.1455,91.0,91.0,93.0,92.0,87.0,89.0,96.0,5,spring,91.28571428571429,18.896785285714284
2661,1,2024-05-21 21:00:00+00:00,19.046999,19.097,19.197,18.647,18.347,18.046999,16.9955,92.0,90.0,92.0,94.0,87.0,88.0,95.0,5,spring,91.14285714285714,18.482499714285716
2662,1,2024-05-21 22:00:00+00:00,18.747,18.747,18.947,17.997,17.897,17.447,16.6955,93.0,90.0,92.0,95.0,88.0,89.0,95.0,5,spring,91.71428571428571,18.068214285714287
2663,1,2024-05-21 23:00:00+00:00,18.347,18.247,18.647,17.447,17.497,16.947,16.345499,91.0,90.0,93.0,95.0,88.0,90.0,96.0,5,spring,91.85714285714286,17.639642714285717
2664,1,2024-05-22 00:00:00+00:00,17.546999,18.097,18.397,18.347,17.697,16.847,16.595499,94.0,82.0,91.0,91.0,88.0,91.0,98.0,5,spring,90.71428571428571,17.64678542857143
2665,1,2024-05-22 01:00:00+00:00,17.197,17.997,18.497,18.046999,17.197,16.546999,16.4955,90.0,81.0,85.0,90.0,89.0,91.0,98.0,5,spring,89.14285714285714,17.425356857142855
2666,1,2024-05-22 02:00:00+00:00,17.097,17.997,18.296999,17.847,16.697,16.397,16.4455,88.0,80.0,83.0,87.0,90.0,91.0,98.0,5,spring,88.14285714285714,17.253928428571427
2667,1,2024-05-22 03:00:00+00:00,17.247,17.847,18.296999,17.997,16.747,16.697,16.595499,86.0,80.0,82.0,84.0,90.0,89.0,97.0,5,spring,86.85714285714286,17.34678542857143
2668,1,2024-05-22 04:00:00+00:00,17.447,17.347,18.347,18.697,17.647,17.697,17.1455,85.0,83.0,81.0,82.0,87.0,86.0,95.0,5,spring,85.57142857142857,17.761071428571427
2669,1,2024-05-22 05:00:00+00:00,18.647,18.697,18.747,19.747,19.097,19.197,17.8955,82.0,81.0,83.0,79.0,82.0,82.0,93.0,5,spring,83.14285714285714,18.861071428571428
2670,1,2024-05-22 06:00:00+00:00,20.046999,20.697,21.197,20.747,20.647,20.796999,19.095499,77.0,72.0,71.0,74.0,77.0,77.0,88.0,5,spring,76.57142857142857,20.461071
2671,1,2024-05-22 07:00:00+00:00,21.897,22.397,22.747,22.197,22.347,22.546999,19.8955,69.0,66.0,65.0,69.0,71.0,71.0,85.0,5,spring,70.85714285714286,22.00392842857143
2672,1,2024-05-22 08:00:00+00:00,23.497,24.197,24.247,23.847,24.097,24.397,20.595499,63.0,59.0,61.0,63.0,63.0,63.0,82.0,5,spring,64.85714285714286,23.553928428571428
2673,1,2024-05-22 09:00:00+00:00,24.546999,25.397,25.397,25.197,25.447,25.697,21.1955,58.0,55.0,57.0,58.0,58.0,58.0,80.0,5,spring,60.57142857142857,24.69678557142857
2674,1,2024-05-22 10:00:00+00:00,25.147,25.947,26.147,26.147,26.147,26.197,21.9455,54.0,52.0,53.0,54.0,55.0,56.0,79.0,5,spring,57.57142857142857,25.382499999999997
2675,1,2024-05-22 11:00:00+00:00,25.546999,25.497,26.697,26.847,26.397,26.147,22.5455,52.0,53.0,49.0,50.0,54.0,55.0,78.0,5,spring,55.857142857142854,25.668214142857142
2676,1,2024-05-22 12:00:00+00:00,25.997,26.546999,26.447,26.546999,26.647,26.046999,22.595499,48.0,47.0,50.0,50.0,53.0,53.0,68.0,5,spring,52.714285714285715,25.832499428571428
2677,1,2024-05-22 13:00:00+00:00,25.796999,26.546999,26.447,26.046999,26.347,25.697,21.9955,48.0,45.0,47.0,53.0,54.0,55.0,74.0,5,spring,53.714285714285715,25.553928142857142
2678,1,2024-05-22 14:00:00+00:00,25.197,25.347,26.247,25.197,25.747,25.097,20.6955,51.0,51.0,50.0,57.0,56.0,58.0,84.0,5,spring,58.142857142857146,24.78964285714286
2679,1,2024-05-22 15:00:00+00:00,23.597,23.647,24.397,24.097,24.796999,24.147,19.4955,58.0,57.0,62.0,62.0,60.0,62.0,91.0,5,spring,64.57142857142857,23.453928428571427
2680,1,2024-05-22 16:00:00+00:00,21.347,21.296999,22.247,22.747,23.247,22.647,18.6955,67.0,66.0,67.0,66.0,65.0,66.0,94.0,5,spring,70.14285714285714,21.74678557142857
2681,1,2024-05-22 17:00:00+00:00,19.897,19.796999,20.847,21.197,21.347,20.847,17.9455,71.0,70.0,69.0,71.0,72.0,71.0,94.0,5,spring,74.0,20.268214142857147
2682,1,2024-05-22 18:00:00+00:00,18.847,18.497,19.296999,19.247,19.747,19.347,16.8955,76.0,78.0,77.0,81.0,77.0,75.0,97.0,5,spring,80.14285714285714,18.839642714285713
2683,1,2024-05-22 19:00:00+00:00,17.897,17.647,18.247,18.397,18.747,18.497,16.6455,81.0,82.0,82.0,82.0,80.0,78.0,97.0,5,spring,83.14285714285714,18.011071428571427
2684,1,2024-05-22 20:00:00+00:00,17.147,17.097,17.597,17.897,18.046999,18.046999,16.4955,83.0,83.0,84.0,82.0,81.0,80.0,96.0,5,spring,84.14285714285714,17.475356857142856
2685,1,2024-05-22 21:00:00+00:00,16.647,16.747,17.046999,17.497,17.497,17.647,16.2955,85.0,84.0,84.0,83.0,83.0,82.0,95.0,5,spring,85.14285714285714,17.053928428571428
2686,1,2024-05-22 22:00:00+00:00,16.147,16.347,16.647,17.097,17.046999,17.347,16.095499,87.0,85.0,85.0,85.0,85.0,84.0,95.0,5,spring,86.57142857142857,16.67535685714286
2687,1,2024-05-22 23:00:00+00:00,15.797,15.947,16.296999,16.747,16.747,17.147,15.8955,88.0,86.0,87.0,87.0,87.0,86.0,94.0,5,spring,87.85714285714286,16.36821414285714
2688,1,2024-05-23 00:00:00+00:00,14.797,15.947,16.097,15.847,16.747,16.947,15.4955,92.0,85.0,87.0,91.0,85.0,87.0,96.0,5,spring,89.0,15.9825
2689,1,2024-05-23 01:00:00+00:00,14.547,15.646999,15.797,15.597,16.247,16.546999,15.0455,92.0,86.0,89.0,92.0,87.0,89.0,97.0,5,spring,90.28571428571429,15.632499714285716
2690,1,2024-05-23 02:00:00+00:00,14.247,15.347,15.547,15.447,15.847,16.197,14.4955,93.0,88.0,90.0,92.0,88.0,90.0,97.0,5,spring,91.14285714285714,15.303928571428571
2691,1,2024-05-23 03:00:00+00:00,13.947,15.047,15.396999,15.847,16.047,16.397,14.5955,93.0,90.0,90.0,90.0,87.0,89.0,96.0,5,spring,90.71428571428571,15.325356999999999
2692,1,2024-05-23 04:00:00+00:00,13.896999,14.997,15.447,17.046999,17.147,17.497,15.7455,93.0,90.0,89.0,86.0,83.0,85.0,93.0,5,spring,88.42857142857143,15.968214000000001
2693,1,2024-05-23 05:00:00+00:00,16.497,17.397,17.847,18.747,18.796999,19.197,17.5455,88.0,84.0,83.0,79.0,78.0,80.0,88.0,5,spring,82.85714285714286,18.00392842857143
2694,1,2024-05-23 06:00:00+00:00,19.697,20.247,20.296999,20.347,20.546999,20.897,18.8955,78.0,75.0,75.0,72.0,72.0,74.0,86.0,5,spring,76.0,20.13249971428571
2695,1,2024-05-23 07:00:00+00:00,21.997,22.296999,22.447,22.197,22.447,22.597,20.595499,66.0,65.0,65.0,66.0,66.0,68.0,81.0,5,spring,68.14285714285714,22.082499714285714
2696,1,2024-05-23 08:00:00+00:00,23.947,23.897,24.197,24.147,24.397,24.296999,22.345499,59.0,60.0,59.0,60.0,61.0,62.0,77.0,5,spring,62.57142857142857,23.889642571428567
2697,1,2024-05-23 09:00:00+00:00,25.296999,25.197,25.546999,25.647,25.947,25.597,23.4955,54.0,55.0,54.0,55.0,56.0,57.0,74.0,5,spring,57.857142857142854,25.246785428571428
2698,1,2024-05-23 10:00:00+00:00,26.097,26.147,26.497,26.546999,26.847,26.347,23.5455,49.0,51.0,51.0,51.0,52.0,53.0,75.0,5,spring,54.57142857142857,26.00392842857143
2699,1,2024-05-23 11:00:00+00:00,26.697,26.497,27.097,26.997,27.296999,26.697,22.9955,46.0,48.0,48.0,49.0,49.0,51.0,77.0,5,spring,52.57142857142857,26.325356999999997
2700,1,2024-05-23 12:00:00+00:00,26.296999,26.697,26.897,27.147,26.897,26.897,22.8955,47.0,44.0,45.0,46.0,48.0,49.0,75.0,5,spring,50.57142857142857,26.246785571428568
2701,1,2024-05-23 13:00:00+00:00,25.997,26.347,26.546999,26.546999,26.497,26.296999,21.845499,49.0,45.0,45.0,48.0,50.0,51.0,79.0,5,spring,52.42857142857143,25.72535657142857
2702,1,2024-05-23 14:00:00+00:00,25.497,25.647,25.897,25.397,25.647,25.247,20.7455,52.0,47.0,48.0,52.0,54.0,55.0,82.0,5,spring,55.714285714285715,24.868214285714284
2703,1,2024-05-23 15:00:00+00:00,24.046999,23.997,24.197,23.947,24.447,24.097,19.6955,60.0,56.0,57.0,57.0,59.0,60.0,85.0,5,spring,62.0,23.489642714285715
2704,1,2024-05-23 16:00:00+00:00,21.447,21.497,21.597,22.046999,22.747,22.947,18.7455,70.0,64.0,65.0,63.0,65.0,65.0,88.0,5,spring,68.57142857142857,21.575356999999997
2705,1,2024-05-23 17:00:00+00:00,19.647,19.697,19.747,19.847,20.647,21.697,17.845499,77.0,71.0,72.0,70.0,71.0,71.0,92.0,5,spring,74.85714285714286,19.875356999999997
2706,1,2024-05-23 18:00:00+00:00,19.347,18.397,18.097,19.597,18.897,20.447,16.4955,76.0,78.0,78.0,73.0,77.0,76.0,96.0,5,spring,79.14285714285714,18.75392857142857
2707,1,2024-05-23 19:00:00+00:00,18.546999,17.296999,17.046999,18.747,17.697,19.197,15.9955,78.0,83.0,83.0,76.0,82.0,80.0,96.0,5,spring,82.57142857142857,17.78964242857143
2708,1,2024-05-23 20:00:00+00:00,17.897,16.497,16.197,18.247,16.796999,17.997,15.7955,81.0,86.0,88.0,77.0,86.0,84.0,96.0,5,spring,85.42857142857143,17.061071285714284
2709,1,2024-05-23 21:00:00+00:00,17.247,15.947,15.547,17.796999,16.147,17.046999,15.695499,85.0,87.0,91.0,79.0,89.0,87.0,95.0,5,spring,87.57142857142857,16.48964242857143
2710,1,2024-05-23 22:00:00+00:00,16.546999,15.597,15.197,17.397,15.697,16.497,15.7455,88.0,87.0,91.0,81.0,90.0,88.0,95.0,5,spring,88.57142857142857,16.096785571428573
2711,1,2024-05-23 23:00:00+00:00,16.097,15.396999,15.097,17.046999,15.497,16.247,15.8455,88.0,89.0,91.0,82.0,91.0,88.0,95.0,5,spring,89.14285714285714,15.88964257142857
2712,1,2024-05-24 00:00:00+00:00,16.197,14.497,14.597,14.947,15.847,16.897,16.6955,91.0,92.0,92.0,92.0,88.0,85.0,95.0,5,spring,90.71428571428571,15.668214285714285
2713,1,2024-05-24 01:00:00+00:00,16.047,14.396999,14.247,14.497,15.347,16.497,16.595499,90.0,93.0,93.0,93.0,90.0,87.0,95.0,5,spring,91.57142857142857,15.375356857142858
2714,1,2024-05-24 02:00:00+00:00,15.697,14.197,14.047,14.097,14.896999,16.147,16.4455,90.0,94.0,94.0,94.0,92.0,88.0,95.0,5,spring,92.42857142857143,15.075356999999999
2715,1,2024-05-24 03:00:00+00:00,15.247,13.947,14.047,14.396999,15.097,16.296999,16.3955,91.0,94.0,94.0,93.0,92.0,88.0,95.0,5,spring,92.42857142857143,15.061071142857143
2716,1,2024-05-24 04:00:00+00:00,14.896999,13.797,14.146999,15.747,16.347,17.347,16.4455,92.0,94.0,93.0,89.0,88.0,85.0,95.0,5,spring,90.85714285714286,15.532499714285716
2717,1,2024-05-24 05:00:00+00:00,17.097,16.296999,16.747,17.796999,18.247,18.897,16.595499,88.0,90.0,88.0,82.0,82.0,81.0,95.0,5,spring,86.57142857142857,17.38249957142857
2718,1,2024-05-24 06:00:00+00:00,20.046999,19.647,19.947,20.147,20.197,20.546999,19.8955,74.0,76.0,75.0,75.0,75.0,76.0,83.0,5,spring,76.28571428571429,20.06107114285714
2719,1,2024-05-24 07:00:00+00:00,21.796999,21.546999,21.796999,22.097,22.097,22.296999,21.095499,68.0,70.0,69.0,69.0,69.0,71.0,79.0,5,spring,70.71428571428571,21.818213571428572
2720,1,2024-05-24 08:00:00+00:00,23.597,23.597,23.897,24.097,24.046999,24.197,22.2455,63.0,64.0,64.0,63.0,62.0,66.0,75.0,5,spring,65.28571428571429,23.668214142857146
2721,1,2024-05-24 09:00:00+00:00,25.147,25.447,25.697,25.647,25.546999,25.597,22.8955,58.0,56.0,56.0,57.0,57.0,61.0,74.0,5,spring,59.857142857142854,25.139642714285714
2722,1,2024-05-24 10:00:00+00:00,25.997,26.497,26.697,26.647,26.447,26.397,22.845499,52.0,51.0,50.0,52.0,53.0,57.0,76.0,5,spring,55.857142857142854,25.932499857142854
2723,1,2024-05-24 11:00:00+00:00,26.247,27.046999,27.197,27.247,26.947,26.697,22.3955,51.0,48.0,45.0,48.0,49.0,54.0,80.0,5,spring,53.57142857142857,26.25392842857143
2724,1,2024-05-24 12:00:00+00:00,25.397,26.747,27.097,27.197,27.546999,27.046999,23.9955,53.0,48.0,47.0,45.0,46.0,50.0,64.0,5,spring,50.42857142857143,26.432499714285715
2725,1,2024-05-24 13:00:00+00:00,25.447,26.647,27.046999,26.847,26.897,26.697,22.9955,53.0,49.0,48.0,47.0,50.0,51.0,69.0,5,spring,52.42857142857143,26.082499857142857
2726,1,2024-05-24 14:00:00+00:00,25.097,25.997,26.597,26.046999,25.697,25.947,21.4455,53.0,50.0,48.0,51.0,57.0,54.0,78.0,5,spring,55.857142857142854,25.261071285714287
2727,1,2024-05-24 15:00:00+00:00,24.097,24.847,25.147,25.097,24.397,24.897,19.9955,62.0,59.0,58.0,56.0,63.0,58.0,86.0,5,spring,63.142857142857146,24.068214285714284
2728,1,2024-05-24 16:00:00+00:00,21.897,22.647,22.747,23.847,23.097,23.296999,18.9955,72.0,68.0,66.0,61.0,67.0,65.0,91.0,5,spring,70.0,22.361071285714285
2729,1,2024-05-24 17:00:00+00:00,20.497,21.397,20.847,22.447,21.747,21.397,18.1455,76.0,71.0,75.0,66.0,71.0,75.0,94.0,5,spring,75.42857142857143,20.92535714285714
2730,1,2024-05-24 18:00:00+00:00,20.347,20.296999,20.647,20.546999,20.597,19.847,16.7955,77.0,78.0,73.0,77.0,74.0,82.0,98.0,5,spring,79.85714285714286,19.868214000000002
2731,1,2024-05-24 19:00:00+00:00,19.847,20.046999,19.546999,19.897,19.847,19.046999,16.4455,79.0,79.0,77.0,78.0,76.0,86.0,98.0,5,spring,81.85714285714286,19.239642428571432
2732,1,2024-05-24 20:00:00+00:00,19.497,19.747,19.046999,19.546999,19.296999,18.647,16.1455,80.0,79.0,77.0,76.0,78.0,88.0,98.0,5,spring,82.28571428571429,18.846785285714283
2733,1,2024-05-24 21:00:00+00:00,19.296999,19.347,18.546999,19.197,18.847,18.247,15.8955,79.0,78.0,78.0,75.0,79.0,90.0,97.0,5,spring,82.28571428571429,18.482499714285716
2734,1,2024-05-24 22:00:00+00:00,18.847,18.947,18.197,18.647,18.397,17.796999,15.7955,81.0,78.0,78.0,75.0,79.0,91.0,96.0,5,spring,82.57142857142857,18.089642714285713
2735,1,2024-05-24 23:00:00+00:00,18.447,18.497,18.046999,18.046999,17.997,17.397,15.7455,83.0,80.0,78.0,77.0,79.0,91.0,96.0,5,spring,83.42857142857143,17.73964257142857
2736,1,2024-05-25 00:00:00+00:00,18.197,17.197,16.247,18.046999,17.197,17.597,16.3955,84.0,86.0,88.0,78.0,87.0,80.0,94.0,5,spring,85.28571428571429,17.268214142857143
2737,1,2024-05-25 01:00:00+00:00,17.947,17.097,15.997,17.697,16.997,17.347,16.2955,86.0,87.0,88.0,80.0,88.0,81.0,95.0,5,spring,86.42857142857143,17.05392857142857
2738,1,2024-05-25 02:00:00+00:00,17.497,16.796999,15.896999,17.296999,16.947,17.197,16.1455,88.0,89.0,88.0,83.0,89.0,83.0,96.0,5,spring,88.0,16.825356714285714
2739,1,2024-05-25 03:00:00+00:00,16.997,16.597,15.896999,17.296999,17.247,17.347,16.095499,90.0,90.0,88.0,85.0,88.0,84.0,97.0,5,spring,88.85714285714286,16.782499571428573
2740,1,2024-05-25 04:00:00+00:00,16.647,16.447,16.097,17.847,17.947,17.897,16.1455,91.0,91.0,88.0,84.0,86.0,83.0,97.0,5,spring,88.57142857142857,17.00392857142857
2741,1,2024-05-25 05:00:00+00:00,18.097,17.947,17.796999,18.697,18.997,18.747,16.2955,88.0,88.0,86.0,82.0,82.0,81.0,96.0,5,spring,86.14285714285714,18.082499857142857
2742,1,2024-05-25 06:00:00+00:00,19.647,20.097,20.197,19.997,20.147,19.897,17.3955,85.0,77.0,75.0,77.0,78.0,78.0,94.0,5,spring,80.57142857142857,19.625357142857144
2743,1,2024-05-25 07:00:00+00:00,20.947,21.347,21.397,21.597,21.546999,21.546999,18.095499,77.0,73.0,70.0,72.0,74.0,73.0,93.0,5,spring,76.0,20.925356714285716
2744,1,2024-05-25 08:00:00+00:00,21.747,22.997,23.147,23.347,23.097,23.497,18.9955,74.0,69.0,67.0,66.0,70.0,67.0,91.0,5,spring,72.0,22.40392857142857
2745,1,2024-05-25 09:00:00+00:00,22.247,23.997,24.546999,24.747,24.397,24.947,19.8955,72.0,65.0,61.0,62.0,66.0,62.0,88.0,5,spring,68.0,23.539642714285716
2746,1,2024-05-25 10:00:00+00:00,22.447,24.296999,25.347,25.497,25.397,25.647,20.9455,72.0,62.0,57.0,60.0,61.0,59.0,83.0,5,spring,64.85714285714286,24.225357000000002
2747,1,2024-05-25 11:00:00+00:00,22.847,24.796999,25.847,25.847,26.097,25.897,21.9455,71.0,60.0,54.0,59.0,55.0,57.0,76.0,5,spring,61.714285714285715,24.75392842857143
2748,1,2024-05-25 12:00:00+00:00,24.097,24.997,25.247,25.947,25.647,26.197,23.595499,67.0,62.0,59.0,53.0,58.0,56.0,64.0,5,spring,59.857142857142854,25.10392842857143
2749,1,2024-05-25 13:00:00+00:00,23.697,24.897,25.097,25.697,25.197,25.997,22.9455,67.0,63.0,57.0,54.0,58.0,55.0,68.0,5,spring,60.285714285714285,24.78964285714286
2750,1,2024-05-25 14:00:00+00:00,22.947,24.247,24.796999,25.097,24.447,25.546999,21.6955,70.0,64.0,57.0,56.0,60.0,55.0,76.0,5,spring,62.57142857142857,24.111071142857146
2751,1,2024-05-25 15:00:00+00:00,22.197,23.197,23.796999,24.247,23.447,24.796999,20.2955,72.0,69.0,63.0,60.0,64.0,58.0,83.0,5,spring,67.0,23.139642571428574
2752,1,2024-05-25 16:00:00+00:00,21.097,21.647,22.097,23.147,21.947,23.497,18.7955,80.0,77.0,74.0,67.0,73.0,66.0,87.0,5,spring,74.85714285714286,21.746785714285718
2753,1,2024-05-25 17:00:00+00:00,20.097,20.947,20.897,21.796999,20.147,21.897,17.2455,90.0,82.0,81.0,75.0,85.0,76.0,90.0,5,spring,82.71428571428571,20.432499857142854
2754,1,2024-05-25 18:00:00+00:00,20.347,20.397,20.097,20.747,18.847,20.647,16.595499,87.0,85.0,85.0,82.0,94.0,84.0,92.0,5,spring,87.0,19.668214142857142
2755,1,2024-05-25 19:00:00+00:00,19.546999,20.247,19.847,20.046999,18.347,19.997,16.0455,91.0,84.0,83.0,85.0,97.0,88.0,93.0,5,spring,88.71428571428571,19.153928285714283
2756,1,2024-05-25 20:00:00+00:00,18.997,19.997,19.247,19.546999,18.296999,19.697,15.7455,91.0,85.0,86.0,86.0,97.0,90.0,94.0,5,spring,89.85714285714286,18.789642571428573
2757,1,2024-05-25 21:00:00+00:00,18.647,19.597,18.747,19.197,18.296999,19.497,15.5955,91.0,86.0,88.0,86.0,96.0,91.0,94.0,5,spring,90.28571428571429,18.511071285714284
2758,1,2024-05-25 22:00:00+00:00,18.397,19.247,18.447,18.897,18.247,19.397,15.5455,87.0,86.0,90.0,86.0,93.0,89.0,94.0,5,spring,89.28571428571429,18.31107142857143
2759,1,2024-05-25 23:00:00+00:00,18.247,18.847,18.546999,18.747,18.296999,19.397,15.6455,86.0,85.0,90.0,85.0,89.0,86.0,95.0,5,spring,88.0,18.246785428571428
2760,1,2024-05-26 00:00:00+00:00,17.647,18.097,18.296999,18.097,18.447,17.947,13.8955,89.0,91.0,89.0,84.0,86.0,86.0,96.0,5,spring,88.71428571428571,17.489642714285715
2761,1,2024-05-26 01:00:00+00:00,17.347,17.947,18.247,17.947,18.347,17.897,13.4955,92.0,91.0,89.0,85.0,85.0,86.0,97.0,5,spring,89.28571428571429,17.318214285714284
2762,1,2024-05-26 02:00:00+00:00,17.397,17.947,18.397,17.947,18.347,18.046999,13.0955,91.0,90.0,88.0,87.0,85.0,86.0,97.0,5,spring,89.14285714285714,17.311071285714284
2763,1,2024-05-26 03:00:00+00:00,17.447,17.947,18.397,18.097,18.546999,18.397,13.3955,89.0,90.0,88.0,88.0,84.0,85.0,96.0,5,spring,88.57142857142857,17.461071285714286
2764,1,2024-05-26 04:00:00+00:00,17.447,17.897,18.296999,18.397,18.947,18.947,14.7455,89.0,91.0,90.0,87.0,83.0,84.0,93.0,5,spring,88.14285714285714,17.811071285714284
2765,1,2024-05-26 05:00:00+00:00,18.097,18.497,18.647,18.947,19.497,19.647,16.7955,89.0,91.0,91.0,85.0,82.0,83.0,88.0,5,spring,87.0,18.589642857142856
2766,1,2024-05-26 06:00:00+00:00,19.847,20.347,19.347,20.347,20.447,20.647,19.3955,81.0,83.0,87.0,82.0,80.0,80.0,83.0,5,spring,82.28571428571429,20.05392857142857
2767,1,2024-05-26 07:00:00+00:00,21.347,22.046999,20.947,21.847,21.997,22.046999,21.2455,79.0,80.0,83.0,77.0,76.0,76.0,77.0,5,spring,78.28571428571429,21.639642571428567
2768,1,2024-05-26 08:00:00+00:00,22.897,23.747,22.447,23.597,23.897,23.747,23.2955,75.0,71.0,80.0,71.0,70.0,70.0,70.0,5,spring,72.42857142857143,23.375357142857144
2769,1,2024-05-26 09:00:00+00:00,24.197,25.097,23.847,24.997,25.447,25.097,24.7955,68.0,62.0,72.0,65.0,65.0,65.0,64.0,5,spring,65.85714285714286,24.7825
2770,1,2024-05-26 10:00:00+00:00,25.447,25.447,24.697,25.796999,26.447,25.997,25.4955,58.0,58.0,65.0,60.0,60.0,60.0,60.0,5,spring,60.142857142857146,25.61821414285714
2771,1,2024-05-26 11:00:00+00:00,26.147,25.847,25.296999,26.247,27.147,26.597,25.595499,55.0,56.0,62.0,56.0,55.0,55.0,57.0,5,spring,56.57142857142857,26.125356857142858
2772,1,2024-05-26 12:00:00+00:00,26.497,25.296999,24.546999,25.147,26.647,26.747,25.4955,50.0,60.0,66.0,63.0,51.0,54.0,56.0,5,spring,57.142857142857146,25.768214
2773,1,2024-05-26 13:00:00+00:00,26.247,25.347,24.747,25.046999,26.447,26.447,23.845499,50.0,58.0,64.0,63.0,52.0,55.0,65.0,5,spring,58.142857142857146,25.446785428571427
2774,1,2024-05-26 14:00:00+00:00,25.847,24.997,24.447,24.647,25.997,25.747,21.595499,50.0,58.0,62.0,64.0,56.0,58.0,79.0,5,spring,61.0,24.753928428571424
2775,1,2024-05-26 15:00:00+00:00,24.747,23.897,23.347,23.897,25.147,24.796999,19.595499,57.0,66.0,70.0,67.0,60.0,63.0,89.0,5,spring,67.42857142857143,23.63249971428571
2776,1,2024-05-26 16:00:00+00:00,22.947,22.647,21.747,22.497,23.647,23.447,18.1455,65.0,72.0,77.0,73.0,65.0,70.0,94.0,5,spring,73.71428571428571,22.15392857142857
2777,1,2024-05-26 17:00:00+00:00,21.197,20.546999,19.997,20.796999,21.747,21.796999,16.9955,74.0,83.0,86.0,81.0,71.0,78.0,96.0,5,spring,81.28571428571429,20.439642428571428
2778,1,2024-05-26 18:00:00+00:00,20.697,20.247,19.697,19.397,20.197,20.447,16.1955,78.0,83.0,82.0,88.0,77.0,85.0,96.0,5,spring,84.14285714285714,19.553928571428575
2779,1,2024-05-26 19:00:00+00:00,19.947,19.747,18.997,18.697,19.347,19.647,15.8455,83.0,84.0,85.0,90.0,82.0,89.0,97.0,5,spring,87.14285714285714,18.889642857142857
2780,1,2024-05-26 20:00:00+00:00,19.247,19.097,18.397,18.296999,18.897,19.097,15.8955,87.0,88.0,90.0,90.0,86.0,91.0,98.0,5,spring,90.0,18.418214142857146
2781,1,2024-05-26 21:00:00+00:00,19.296999,18.796999,17.997,17.947,18.447,18.597,15.8955,86.0,90.0,92.0,91.0,89.0,93.0,98.0,5,spring,91.28571428571429,18.13964257142857
2782,1,2024-05-26 22:00:00+00:00,18.546999,18.497,17.897,17.597,17.897,18.097,15.695499,90.0,91.0,92.0,92.0,90.0,95.0,98.0,5,spring,92.57142857142857,17.74678542857143
2783,1,2024-05-26 23:00:00+00:00,18.097,17.847,17.597,17.347,17.397,17.597,15.4955,94.0,93.0,93.0,94.0,89.0,97.0,97.0,5,spring,93.85714285714286,17.339642857142856
2784,1,2024-05-27 00:00:00+00:00,17.347,17.497,17.347,16.796999,17.947,16.546999,15.0955,92.0,96.0,93.0,95.0,84.0,99.0,96.0,5,spring,93.57142857142857,16.93964257142857
2785,1,2024-05-27 01:00:00+00:00,16.597,17.197,17.197,16.397,17.296999,16.097,14.5455,94.0,96.0,93.0,95.0,86.0,98.0,96.0,5,spring,94.0,16.475357000000002
2786,1,2024-05-27 02:00:00+00:00,15.896999,16.947,16.796999,16.047,16.546999,15.896999,13.9955,95.0,94.0,93.0,95.0,90.0,95.0,97.0,5,spring,94.14285714285714,16.01821371428571
2787,1,2024-05-27 03:00:00+00:00,15.347,16.197,16.197,16.247,16.447,16.197,14.0955,94.0,94.0,93.0,93.0,91.0,92.0,96.0,5,spring,93.28571428571429,15.818214285714287
2788,1,2024-05-27 04:00:00+00:00,15.047,15.597,15.597,17.247,17.397,17.296999,15.195499,94.0,93.0,94.0,89.0,87.0,89.0,94.0,5,spring,91.42857142857143,16.196785428571427
2789,1,2024-05-27 05:00:00+00:00,17.296999,17.697,17.697,18.796999,18.997,18.997,16.9455,87.0,86.0,89.0,84.0,81.0,85.0,90.0,5,spring,86.0,18.06107114285714
2790,1,2024-05-27 06:00:00+00:00,20.296999,20.147,20.847,20.546999,20.747,20.697,19.095499,79.0,80.0,77.0,78.0,75.0,80.0,84.0,5,spring,79.0,20.33964242857143
2791,1,2024-05-27 07:00:00+00:00,22.447,22.197,22.847,22.247,22.647,22.447,21.2455,71.0,73.0,72.0,72.0,69.0,74.0,76.0,5,spring,72.42857142857143,22.29678571428571
2792,1,2024-05-27 08:00:00+00:00,24.247,23.947,24.796999,24.097,24.697,24.296999,23.5455,65.0,67.0,64.0,66.0,62.0,68.0,68.0,5,spring,65.71428571428571,24.232499714285716
2793,1,2024-05-27 09:00:00+00:00,25.447,25.296999,25.947,25.546999,26.296999,25.796999,25.1955,58.0,61.0,58.0,61.0,56.0,62.0,61.0,5,spring,59.57142857142857,25.646785142857144
2794,1,2024-05-27 10:00:00+00:00,26.447,25.997,26.597,26.546999,27.197,26.847,25.845499,53.0,56.0,53.0,56.0,51.0,56.0,58.0,5,spring,54.714285714285715,26.496785428571428
2795,1,2024-05-27 11:00:00+00:00,26.997,26.697,27.147,27.147,27.597,27.546999,25.7955,49.0,53.0,50.0,51.0,48.0,51.0,57.0,5,spring,51.285714285714285,26.989642714285715
2796,1,2024-05-27 12:00:00+00:00,26.997,27.347,26.747,27.197,27.497,27.897,24.7955,48.0,46.0,53.0,49.0,47.0,47.0,61.0,5,spring,50.142857142857146,26.925357142857145
2797,1,2024-05-27 13:00:00+00:00,27.046999,27.397,26.647,26.897,27.097,27.697,23.3955,49.0,47.0,52.0,50.0,49.0,47.0,69.0,5,spring,51.857142857142854,26.596785571428573
2798,1,2024-05-27 14:00:00+00:00,26.546999,26.997,26.447,26.247,26.347,27.147,21.4955,50.0,49.0,53.0,54.0,53.0,50.0,80.0,5,spring,55.57142857142857,25.889642714285714
2799,1,2024-05-27 15:00:00+00:00,25.897,25.947,25.247,25.296999,25.296999,26.247,19.6955,53.0,54.0,60.0,59.0,58.0,54.0,88.0,5,spring,60.857142857142854,24.803928285714285
2800,1,2024-05-27 16:00:00+00:00,24.097,23.647,22.847,23.847,23.897,24.747,18.0455,61.0,66.0,73.0,64.0,64.0,61.0,92.0,5,spring,68.71428571428571,23.018214285714286
2801,1,2024-05-27 17:00:00+00:00,21.697,21.497,21.046999,22.046999,22.247,22.897,16.4455,76.0,76.0,83.0,70.0,71.0,70.0,93.0,5,spring,77.0,21.125356857142858
2802,1,2024-05-27 18:00:00+00:00,20.747,21.147,20.247,20.597,20.847,21.347,17.2955,81.0,75.0,83.0,74.0,76.0,78.0,94.0,5,spring,80.14285714285714,20.318214285714287
2803,1,2024-05-27 19:00:00+00:00,20.197,20.296999,19.747,19.497,19.847,20.497,16.6455,86.0,81.0,86.0,76.0,79.0,83.0,95.0,5,spring,83.71428571428571,19.53249985714286
2804,1,2024-05-27 20:00:00+00:00,19.497,19.747,18.847,18.647,19.097,19.947,16.095499,88.0,85.0,91.0,77.0,81.0,87.0,95.0,5,spring,86.28571428571429,18.839642714285713
2805,1,2024-05-27 21:00:00+00:00,18.796999,19.296999,17.847,17.947,18.397,19.497,15.5955,92.0,87.0,97.0,78.0,82.0,89.0,95.0,5,spring,88.57142857142857,18.196785428571427
2806,1,2024-05-27 22:00:00+00:00,18.397,18.697,17.397,17.296999,17.747,18.997,15.1455,94.0,90.0,95.0,81.0,84.0,89.0,95.0,5,spring,89.71428571428571,17.668214142857142
2807,1,2024-05-27 23:00:00+00:00,18.296999,17.847,17.046999,16.747,17.197,18.597,14.7455,95.0,94.0,91.0,86.0,85.0,86.0,95.0,5,spring,90.28571428571429,17.211071142857143
2808,1,2024-05-28 00:00:00+00:00,16.947,18.296999,17.597,15.947,15.947,18.397,14.3955,98.0,95.0,90.0,88.0,87.0,91.0,95.0,5,spring,92.0,16.789642714285716
2809,1,2024-05-28 01:00:00+00:00,16.347,18.046999,17.197,15.697,15.547,18.046999,13.8955,96.0,94.0,87.0,90.0,89.0,90.0,96.0,5,spring,91.71428571428571,16.396785428571427
2810,1,2024-05-28 02:00:00+00:00,15.797,17.796999,17.046999,15.697,15.396999,17.647,13.5955,94.0,91.0,87.0,92.0,92.0,87.0,97.0,5,spring,91.42857142857143,16.139642428571428
2811,1,2024-05-28 03:00:00+00:00,15.146999,17.397,16.947,16.147,15.797,17.697,13.8955,95.0,88.0,88.0,91.0,92.0,85.0,96.0,5,spring,90.71428571428571,16.146785571428573
2812,1,2024-05-28 04:00:00+00:00,14.847,16.997,16.897,17.247,16.997,18.296999,15.0955,95.0,89.0,90.0,87.0,88.0,83.0,93.0,5,spring,89.28571428571429,16.625357
2813,1,2024-05-28 05:00:00+00:00,17.197,18.747,18.647,18.847,18.747,19.296999,16.8955,90.0,85.0,85.0,81.0,82.0,81.0,90.0,5,spring,84.85714285714286,18.339642714285713
2814,1,2024-05-28 06:00:00+00:00,20.147,20.347,20.397,20.497,20.546999,20.597,19.095499,79.0,77.0,77.0,76.0,76.0,77.0,83.0,5,spring,77.85714285714286,20.232499714285716
2815,1,2024-05-28 07:00:00+00:00,21.847,22.247,22.097,22.347,22.447,22.347,21.595499,73.0,69.0,70.0,70.0,71.0,71.0,73.0,5,spring,71.0,22.132499857142857
2816,1,2024-05-28 08:00:00+00:00,23.647,24.197,23.947,24.347,24.447,24.397,24.2455,67.0,63.0,66.0,64.0,66.0,64.0,62.0,5,spring,64.57142857142857,24.17535714285714
2817,1,2024-05-28 09:00:00+00:00,25.397,25.947,25.347,25.897,25.997,26.046999,26.095499,60.0,56.0,60.0,59.0,61.0,58.0,54.0,5,spring,58.285714285714285,25.818213999999994
2818,1,2024-05-28 10:00:00+00:00,26.546999,27.097,26.197,26.897,26.947,26.997,26.7455,54.0,52.0,55.0,55.0,56.0,53.0,51.0,5,spring,53.714285714285715,26.775357000000003
2819,1,2024-05-28 11:00:00+00:00,27.147,27.747,26.546999,27.546999,27.397,27.546999,26.5455,50.0,47.0,54.0,52.0,52.0,49.0,52.0,5,spring,50.857142857142854,27.211071
2820,1,2024-05-28 12:00:00+00:00,27.447,27.397,27.947,27.397,27.497,27.497,25.2955,47.0,49.0,46.0,52.0,50.0,51.0,57.0,5,spring,50.285714285714285,27.211071428571433
2821,1,2024-05-28 13:00:00+00:00,27.447,27.546999,27.947,26.997,26.947,27.046999,23.9455,46.0,47.0,44.0,54.0,52.0,53.0,64.0,5,spring,51.42857142857143,26.839642571428573
2822,1,2024-05-28 14:00:00+00:00,27.147,27.247,27.347,26.147,25.847,26.097,22.0455,46.0,46.0,43.0,58.0,58.0,56.0,74.0,5,spring,54.42857142857143,25.982500000000005
2823,1,2024-05-28 15:00:00+00:00,25.847,25.796999,25.597,24.997,24.546999,24.947,20.3955,55.0,55.0,54.0,62.0,63.0,61.0,82.0,5,spring,61.714285714285715,24.589642571428573
2824,1,2024-05-28 16:00:00+00:00,23.296999,23.197,22.947,23.397,23.046999,23.397,19.095499,65.0,67.0,63.0,66.0,67.0,68.0,88.0,5,spring,69.14285714285714,22.62535671428571
2825,1,2024-05-28 17:00:00+00:00,21.247,21.697,21.697,21.546999,21.397,21.546999,17.9955,71.0,67.0,62.0,71.0,72.0,76.0,92.0,5,spring,73.0,21.018214
2826,1,2024-05-28 18:00:00+00:00,20.796999,20.347,20.046999,20.147,19.947,19.997,17.4955,74.0,71.0,68.0,77.0,76.0,82.0,96.0,5,spring,77.71428571428571,19.825356857142857
2827,1,2024-05-28 19:00:00+00:00,19.997,19.546999,18.997,19.097,18.897,18.897,17.2455,82.0,74.0,74.0,81.0,80.0,84.0,96.0,5,spring,81.57142857142857,18.953928428571427
2828,1,2024-05-28 20:00:00+00:00,19.747,19.097,18.447,18.347,18.147,18.046999,17.2955,81.0,76.0,77.0,84.0,83.0,84.0,95.0,5,spring,82.85714285714286,18.44678557142857
2829,1,2024-05-28 21:00:00+00:00,18.347,18.597,18.147,17.747,17.546999,17.347,17.1955,86.0,79.0,78.0,86.0,85.0,84.0,94.0,5,spring,84.57142857142857,17.846785571428573
2830,1,2024-05-28 22:00:00+00:00,17.347,17.647,17.747,17.296999,17.197,16.847,16.6455,89.0,83.0,80.0,87.0,86.0,85.0,94.0,5,spring,86.28571428571429,17.24678557142857
2831,1,2024-05-28 23:00:00+00:00,16.647,16.747,16.947,16.997,17.046999,16.546999,15.8955,90.0,87.0,83.0,87.0,87.0,85.0,95.0,5,spring,87.71428571428571,16.68964257142857
2832,1,2024-05-29 00:00:00+00:00,16.647,16.796999,17.097,16.546999,16.047,16.497,14.195499,88.0,84.0,82.0,87.0,88.0,88.0,96.0,5,spring,87.57142857142857,16.261070999999998
2833,1,2024-05-29 01:00:00+00:00,16.147,15.597,16.796999,15.947,15.197,15.896999,13.7955,90.0,89.0,84.0,89.0,91.0,90.0,97.0,5,spring,90.0,15.625356857142858
2834,1,2024-05-29 02:00:00+00:00,15.646999,14.847,16.597,15.396999,14.347,15.347,13.445499,91.0,92.0,86.0,92.0,94.0,92.0,97.0,5,spring,92.0,15.089642428571427
2835,1,2024-05-29 03:00:00+00:00,15.047,14.646999,16.197,15.497,14.297,15.447,13.695499,92.0,92.0,87.0,92.0,94.0,92.0,96.0,5,spring,92.14285714285714,14.975356857142856
2836,1,2024-05-29 04:00:00+00:00,14.646999,14.447,15.547,16.597,15.646999,16.647,14.7955,93.0,93.0,91.0,88.0,90.0,88.0,93.0,5,spring,90.85714285714286,15.475356857142856
2837,1,2024-05-29 05:00:00+00:00,16.847,16.697,17.247,18.347,17.747,18.497,16.5455,88.0,89.0,89.0,82.0,83.0,81.0,90.0,5,spring,86.0,17.41821428571429
2838,1,2024-05-29 06:00:00+00:00,19.847,19.847,20.597,20.247,19.897,20.347,18.7955,78.0,78.0,75.0,76.0,76.0,75.0,83.0,5,spring,77.28571428571429,19.93964285714286
2839,1,2024-05-29 07:00:00+00:00,22.046999,21.997,22.697,22.097,21.847,22.147,21.2455,70.0,70.0,68.0,70.0,70.0,70.0,75.0,5,spring,70.42857142857143,22.011071285714284
2840,1,2024-05-29 08:00:00+00:00,23.997,23.747,24.747,23.997,23.847,23.997,23.9455,64.0,65.0,62.0,64.0,64.0,66.0,65.0,5,spring,64.28571428571429,24.03964285714286
2841,1,2024-05-29 09:00:00+00:00,25.247,25.247,26.247,25.546999,25.397,25.497,25.8955,58.0,59.0,55.0,59.0,59.0,62.0,57.0,5,spring,58.42857142857143,25.58249985714286
2842,1,2024-05-29 10:00:00+00:00,26.097,26.197,27.097,26.447,26.497,26.497,26.7955,54.0,54.0,50.0,55.0,54.0,57.0,52.0,5,spring,53.714285714285715,26.518214285714286
2843,1,2024-05-29 11:00:00+00:00,26.747,26.847,27.647,26.947,27.247,27.197,26.9955,52.0,51.0,47.0,51.0,49.0,52.0,50.0,5,spring,50.285714285714285,27.089642857142856
2844,1,2024-05-29 12:00:00+00:00,26.647,26.897,27.097,27.597,27.197,27.247,25.4955,52.0,51.0,51.0,46.0,46.0,49.0,58.0,5,spring,50.42857142857143,26.8825
2845,1,2024-05-29 13:00:00+00:00,26.647,26.647,27.097,27.397,26.897,26.997,23.9955,51.0,52.0,50.0,46.0,49.0,50.0,66.0,5,spring,52.0,26.525357142857136
2846,1,2024-05-29 14:00:00+00:00,26.046999,26.397,26.697,26.847,26.097,26.296999,21.9455,52.0,52.0,51.0,49.0,54.0,52.0,76.0,5,spring,55.142857142857146,25.761071142857144
2847,1,2024-05-29 15:00:00+00:00,24.497,25.397,24.997,25.897,24.997,25.247,20.1955,61.0,56.0,59.0,53.0,60.0,56.0,85.0,5,spring,61.42857142857143,24.461071428571426
2848,1,2024-05-29 16:00:00+00:00,21.647,22.796999,22.296999,24.247,23.397,23.697,19.095499,78.0,66.0,76.0,60.0,64.0,61.0,90.0,5,spring,70.71428571428571,22.45392814285714
2849,1,2024-05-29 17:00:00+00:00,20.546999,20.897,20.947,22.147,21.497,21.847,18.2455,80.0,77.0,82.0,70.0,68.0,67.0,93.0,5,spring,76.71428571428571,20.875356999999997
2850,1,2024-05-29 18:00:00+00:00,20.197,20.447,20.046999,20.397,19.947,20.296999,17.4955,84.0,81.0,84.0,79.0,71.0,72.0,94.0,5,spring,80.71428571428571,19.832499714285714
2851,1,2024-05-29 19:00:00+00:00,19.796999,19.747,19.546999,19.497,19.197,19.447,16.6455,87.0,86.0,88.0,83.0,73.0,74.0,95.0,5,spring,83.71428571428571,19.125356857142858
2852,1,2024-05-29 20:00:00+00:00,19.397,19.097,18.597,19.046999,18.847,18.947,15.945499,89.0,89.0,92.0,85.0,75.0,74.0,95.0,5,spring,85.57142857142857,18.55392828571429
2853,1,2024-05-29 21:00:00+00:00,18.947,18.647,18.097,18.497,18.397,18.347,15.3955,91.0,91.0,95.0,87.0,77.0,75.0,95.0,5,spring,87.28571428571429,18.04678571428571
2854,1,2024-05-29 22:00:00+00:00,18.347,18.447,17.747,17.497,17.647,17.447,14.9955,94.0,92.0,96.0,91.0,80.0,79.0,95.0,5,spring,89.57142857142857,17.446785714285713
2855,1,2024-05-29 23:00:00+00:00,18.296999,18.197,17.296999,16.347,16.796999,16.497,14.7455,94.0,94.0,96.0,95.0,84.0,84.0,96.0,5,spring,91.85714285714286,16.882499571428575
2856,1,2024-05-30 00:00:00+00:00,17.796999,16.796999,16.397,15.497,15.347,15.896999,14.3955,92.0,96.0,94.0,93.0,95.0,86.0,95.0,5,spring,93.0,16.018213857142857
2857,1,2024-05-30 01:00:00+00:00,17.497,16.397,15.597,14.747,14.547,15.146999,13.9955,93.0,96.0,96.0,93.0,96.0,89.0,96.0,5,spring,94.14285714285714,15.41821414285714
2858,1,2024-05-30 02:00:00+00:00,17.647,16.347,15.097,14.197,13.896999,14.347,13.6455,92.0,93.0,95.0,92.0,96.0,92.0,97.0,5,spring,93.85714285714286,15.025356999999998
2859,1,2024-05-30 03:00:00+00:00,17.697,16.447,14.646999,14.396999,13.997,14.347,13.8955,91.0,88.0,93.0,89.0,94.0,92.0,96.0,5,spring,91.85714285714286,15.061071142857143
2860,1,2024-05-30 04:00:00+00:00,17.597,16.497,14.547,15.747,15.347,15.646999,15.0955,91.0,87.0,92.0,85.0,89.0,87.0,93.0,5,spring,89.14285714285714,15.782499857142856
2861,1,2024-05-30 05:00:00+00:00,18.397,17.897,16.847,17.796999,17.497,17.697,16.845499,90.0,86.0,88.0,80.0,83.0,80.0,88.0,5,spring,85.0,17.568214
2862,1,2024-05-30 06:00:00+00:00,19.947,20.046999,20.296999,20.147,19.647,19.796999,19.095499,79.0,77.0,76.0,74.0,76.0,73.0,83.0,5,spring,76.85714285714286,19.853927999999996
2863,1,2024-05-30 07:00:00+00:00,21.997,22.247,22.597,22.347,21.747,21.847,21.7455,75.0,72.0,70.0,67.0,69.0,68.0,74.0,5,spring,70.71428571428571,22.075357142857143
2864,1,2024-05-30 08:00:00+00:00,23.796999,24.197,24.647,24.546999,23.847,23.947,24.6455,71.0,65.0,63.0,60.0,63.0,63.0,63.0,5,spring,64.0,24.232499714285716
2865,1,2024-05-30 09:00:00+00:00,24.997,25.497,25.947,26.247,25.497,25.597,26.6955,60.0,58.0,55.0,54.0,57.0,59.0,55.0,5,spring,56.857142857142854,25.782500000000002
2866,1,2024-05-30 10:00:00+00:00,25.796999,26.347,26.796999,27.147,26.546999,26.697,27.4455,57.0,54.0,52.0,51.0,53.0,54.0,51.0,5,spring,53.142857142857146,26.682499571428572
2867,1,2024-05-30 11:00:00+00:00,26.046999,26.796999,27.347,27.497,27.097,27.397,27.345499,57.0,53.0,50.0,49.0,49.0,49.0,50.0,5,spring,51.0,27.07535671428571
2868,1,2024-05-30 12:00:00+00:00,26.097,26.397,27.296999,27.497,27.796999,27.197,25.8955,57.0,56.0,52.0,50.0,46.0,50.0,55.0,5,spring,52.285714285714285,26.88249971428571
2869,1,2024-05-30 13:00:00+00:00,26.097,26.347,27.247,27.197,27.697,26.897,24.2455,58.0,57.0,52.0,51.0,46.0,53.0,63.0,5,spring,54.285714285714285,26.5325
2870,1,2024-05-30 14:00:00+00:00,25.347,25.097,26.947,26.546999,27.197,26.097,21.8955,59.0,62.0,53.0,53.0,48.0,59.0,75.0,5,spring,58.42857142857143,25.589642714285713
2871,1,2024-05-30 15:00:00+00:00,24.647,23.997,25.847,25.546999,26.347,24.997,19.7955,63.0,67.0,55.0,57.0,52.0,63.0,85.0,5,spring,63.142857142857146,24.45392842857143
2872,1,2024-05-30 16:00:00+00:00,22.697,21.747,22.497,23.997,24.847,23.546999,18.2455,75.0,80.0,73.0,65.0,59.0,64.0,90.0,5,spring,72.28571428571429,22.511071285714284
2873,1,2024-05-30 17:00:00+00:00,20.796999,20.897,21.197,22.147,22.997,21.796999,16.9455,83.0,86.0,83.0,75.0,67.0,63.0,93.0,5,spring,78.57142857142857,20.968214
2874,1,2024-05-30 18:00:00+00:00,19.947,20.447,20.546999,20.097,21.447,20.347,15.7955,86.0,86.0,84.0,85.0,75.0,64.0,96.0,5,spring,82.28571428571429,19.803928428571428
2875,1,2024-05-30 19:00:00+00:00,19.447,19.697,20.147,19.197,20.497,19.497,15.3955,88.0,89.0,86.0,90.0,81.0,68.0,97.0,5,spring,85.57142857142857,19.125357142857144
2876,1,2024-05-30 20:00:00+00:00,19.097,19.046999,19.597,18.597,19.847,18.947,15.445499,91.0,91.0,88.0,93.0,85.0,73.0,96.0,5,spring,88.14285714285714,18.65392828571429
2877,1,2024-05-30 21:00:00+00:00,18.847,18.296999,18.796999,18.147,19.197,18.447,15.3955,92.0,94.0,94.0,95.0,89.0,77.0,95.0,5,spring,90.85714285714286,18.161071142857143
2878,1,2024-05-30 22:00:00+00:00,18.147,18.147,18.347,17.747,18.497,17.997,15.0455,95.0,95.0,95.0,96.0,92.0,79.0,95.0,5,spring,92.42857142857143,17.703928571428573
2879,1,2024-05-30 23:00:00+00:00,17.697,17.847,17.697,17.497,17.847,17.597,14.6455,95.0,96.0,95.0,96.0,93.0,80.0,94.0,5,spring,92.71428571428571,17.26107142857143
2880,1,2024-05-31 00:00:00+00:00,17.147,17.847,16.796999,16.347,16.247,17.046999,14.195499,95.0,94.0,96.0,95.0,94.0,87.0,95.0,5,spring,93.71428571428571,16.518213857142857
2881,1,2024-05-31 01:00:00+00:00,16.546999,17.347,16.047,15.547,15.396999,16.147,13.7455,94.0,94.0,95.0,95.0,95.0,90.0,96.0,5,spring,94.14285714285714,15.825356857142854
2882,1,2024-05-31 02:00:00+00:00,15.847,16.847,15.447,14.797,14.547,15.146999,13.3455,94.0,94.0,94.0,95.0,95.0,93.0,97.0,5,spring,94.57142857142857,15.139642714285714
2883,1,2024-05-31 03:00:00+00:00,15.297,16.247,15.047,14.797,14.547,14.947,13.5955,93.0,94.0,94.0,94.0,93.0,94.0,96.0,5,spring,94.0,14.925357142857143
2884,1,2024-05-31 04:00:00+00:00,14.947,15.797,14.797,15.997,15.847,16.097,14.7955,94.0,94.0,94.0,90.0,88.0,90.0,93.0,5,spring,91.85714285714286,15.468214285714286
2885,1,2024-05-31 05:00:00+00:00,16.796999,17.647,16.947,17.947,17.997,17.997,16.6955,91.0,90.0,90.0,85.0,82.0,82.0,89.0,5,spring,87.0,17.432499857142854
2886,1,2024-05-31 06:00:00+00:00,19.796999,19.847,20.046999,20.247,20.197,20.046999,18.4955,81.0,82.0,79.0,78.0,75.0,75.0,83.0,5,spring,79.0,19.811071
2887,1,2024-05-31 07:00:00+00:00,21.897,21.796999,22.147,22.397,22.447,22.197,21.1955,76.0,78.0,75.0,71.0,68.0,69.0,73.0,5,spring,72.85714285714286,22.011071285714287
2888,1,2024-05-31 08:00:00+00:00,23.796999,23.697,24.197,24.597,24.747,24.397,24.1955,70.0,73.0,69.0,64.0,61.0,63.0,62.0,5,spring,66.0,24.232499857142862
2889,1,2024-05-31 09:00:00+00:00,25.397,25.397,25.897,26.347,26.546999,26.147,26.3955,61.0,63.0,60.0,58.0,55.0,57.0,53.0,5,spring,58.142857142857146,26.018214142857143
2890,1,2024-05-31 10:00:00+00:00,26.447,26.497,26.997,27.397,27.597,27.147,27.2955,54.0,58.0,52.0,52.0,50.0,52.0,48.0,5,spring,52.285714285714285,27.05392857142857
2891,1,2024-05-31 11:00:00+00:00,27.046999,27.046999,27.597,27.997,28.097,27.647,27.2955,49.0,53.0,48.0,47.0,45.0,47.0,46.0,5,spring,47.857142857142854,27.532499714285713
2892,1,2024-05-31 12:00:00+00:00,27.247,27.296999,27.447,27.947,27.796999,28.046999,26.6955,47.0,51.0,49.0,46.0,47.0,44.0,49.0,5,spring,47.57142857142857,27.49678528571429
2893,1,2024-05-31 13:00:00+00:00,27.197,27.097,27.447,27.847,27.747,27.947,25.595499,48.0,51.0,49.0,46.0,47.0,44.0,56.0,5,spring,48.714285714285715,27.26821414285714
2894,1,2024-05-31 14:00:00+00:00,26.847,26.897,27.097,27.347,27.347,27.497,23.8955,49.0,52.0,50.0,49.0,49.0,46.0,67.0,5,spring,51.714285714285715,26.703928571428577
2895,1,2024-05-31 15:00:00+00:00,25.546999,25.747,26.296999,26.447,26.447,26.597,22.095499,55.0,58.0,56.0,53.0,54.0,51.0,77.0,5,spring,57.714285714285715,25.596785285714283
2896,1,2024-05-31 16:00:00+00:00,23.147,23.546999,24.247,24.796999,24.747,24.947,20.0455,65.0,66.0,63.0,59.0,62.0,59.0,84.0,5,spring,65.42857142857143,23.63964257142857
2897,1,2024-05-31 17:00:00+00:00,21.697,22.147,21.647,22.747,22.546999,22.796999,17.845499,73.0,74.0,74.0,67.0,73.0,70.0,90.0,5,spring,74.42857142857143,21.63249957142857
2898,1,2024-05-31 18:00:00+00:00,20.197,21.447,20.897,21.397,20.796999,21.046999,16.095499,84.0,71.0,78.0,75.0,81.0,79.0,96.0,5,spring,80.57142857142857,20.268213857142854
2899,1,2024-05-31 19:00:00+00:00,19.697,20.796999,20.447,20.597,19.847,19.997,15.5955,88.0,67.0,79.0,78.0,86.0,85.0,97.0,5,spring,82.85714285714286,19.568214142857148
2900,1,2024-05-31 20:00:00+00:00,19.546999,19.847,20.147,20.147,19.296999,19.347,15.5955,88.0,70.0,76.0,78.0,89.0,90.0,96.0,5,spring,83.85714285714286,19.13249971428571
2901,1,2024-05-31 21:00:00+00:00,19.247,19.347,19.546999,19.647,18.897,18.796999,15.4955,88.0,73.0,77.0,79.0,91.0,92.0,95.0,5,spring,85.0,18.711071142857143
2902,1,2024-05-31 22:00:00+00:00,18.247,18.397,18.796999,18.897,18.546999,18.347,15.1455,91.0,77.0,78.0,80.0,91.0,91.0,95.0,5,spring,86.14285714285714,18.053928285714285
2903,1,2024-05-31 23:00:00+00:00,17.897,17.546999,18.347,18.097,18.296999,18.097,14.7455,87.0,82.0,80.0,81.0,89.0,88.0,95.0,5,spring,86.0,17.575356857142857
2904,1,2024-06-01 00:00:00+00:00,18.397,16.897,17.747,18.147,17.147,17.197,14.0955,83.0,85.0,83.0,83.0,86.0,86.0,94.0,6,spring,85.71428571428571,17.089642857142856
2905,1,2024-06-01 01:00:00+00:00,18.147,16.197,17.397,17.447,16.697,16.447,13.6455,84.0,88.0,87.0,85.0,87.0,88.0,95.0,6,spring,87.71428571428571,16.568214285714284
2906,1,2024-06-01 02:00:00+00:00,17.647,15.547,16.897,16.647,16.397,15.697,13.2955,87.0,90.0,90.0,88.0,88.0,91.0,96.0,6,spring,90.0,16.018214285714286
2907,1,2024-06-01 03:00:00+00:00,17.296999,15.097,16.347,16.497,16.546999,15.646999,13.5955,88.0,90.0,92.0,88.0,87.0,91.0,96.0,6,spring,90.28571428571429,15.861070999999999
2908,1,2024-06-01 04:00:00+00:00,16.997,14.747,15.896999,17.347,17.447,16.847,14.8955,88.0,91.0,93.0,85.0,83.0,87.0,93.0,6,spring,88.57142857142857,16.311071285714288
2909,1,2024-06-01 05:00:00+00:00,18.296999,16.796999,17.947,18.847,18.796999,18.747,16.845499,85.0,86.0,87.0,79.0,78.0,80.0,89.0,6,spring,83.42857142857143,18.039642285714287
2910,1,2024-06-01 06:00:00+00:00,20.046999,20.197,19.997,20.447,20.397,20.697,19.095499,80.0,76.0,75.0,73.0,72.0,73.0,81.0,6,spring,75.71428571428571,20.125356857142858
2911,1,2024-06-01 07:00:00+00:00,21.796999,22.097,22.147,22.397,22.347,22.597,21.7955,72.0,69.0,69.0,68.0,67.0,67.0,71.0,6,spring,69.0,22.168214142857146
2912,1,2024-06-01 08:00:00+00:00,23.347,24.147,24.147,24.597,24.546999,24.597,24.7455,69.0,65.0,65.0,62.0,61.0,61.0,60.0,6,spring,63.285714285714285,24.303928428571428
2913,1,2024-06-01 09:00:00+00:00,25.097,25.997,26.046999,26.347,26.296999,26.197,26.8955,63.0,58.0,58.0,56.0,56.0,56.0,51.0,6,spring,56.857142857142854,26.125356857142858
2914,1,2024-06-01 10:00:00+00:00,26.597,27.197,27.247,27.497,27.447,27.296999,27.7955,56.0,51.0,52.0,50.0,50.0,50.0,45.0,6,spring,50.57142857142857,27.29678557142857
2915,1,2024-06-01 11:00:00+00:00,26.997,27.847,28.046999,28.247,28.197,28.046999,27.845499,52.0,47.0,48.0,44.0,43.0,45.0,42.0,6,spring,45.857142857142854,27.889642428571424
2916,1,2024-06-01 12:00:00+00:00,27.497,27.997,27.897,28.247,28.347,28.247,27.2955,47.0,44.0,45.0,43.0,40.0,42.0,43.0,6,spring,43.42857142857143,27.932499999999997
2917,1,2024-06-01 13:00:00+00:00,27.247,27.847,27.847,28.197,28.147,27.997,26.095499,48.0,44.0,46.0,44.0,42.0,44.0,51.0,6,spring,45.57142857142857,27.625356999999997
2918,1,2024-06-01 14:00:00+00:00,25.796999,27.147,27.397,27.796999,27.546999,27.296999,24.2955,55.0,45.0,45.0,47.0,47.0,48.0,63.0,6,spring,50.0,26.753928000000002
2919,1,2024-06-01 15:00:00+00:00,23.647,24.747,25.397,26.897,26.546999,26.197,22.4955,74.0,61.0,56.0,52.0,51.0,53.0,73.0,6,spring,60.0,25.132499857142854
2920,1,2024-06-01 16:00:00+00:00,21.997,23.046999,22.747,25.147,24.897,24.546999,20.6955,83.0,70.0,68.0,58.0,53.0,58.0,81.0,6,spring,67.28571428571429,23.29678542857143
2921,1,2024-06-01 17:00:00+00:00,20.947,21.597,21.697,22.897,22.847,22.497,18.8955,84.0,77.0,70.0,64.0,54.0,64.0,87.0,6,spring,71.42857142857143,21.625357142857148
2922,1,2024-06-01 18:00:00+00:00,20.347,20.397,20.347,20.347,21.097,20.897,16.6955,80.0,88.0,76.0,81.0,57.0,69.0,93.0,6,spring,77.71428571428571,20.018214285714286
2923,1,2024-06-01 19:00:00+00:00,19.296999,19.647,19.296999,19.247,19.997,20.097,15.945499,86.0,90.0,83.0,85.0,62.0,71.0,94.0,6,spring,81.57142857142857,19.075356714285714
2924,1,2024-06-01 20:00:00+00:00,18.347,18.697,18.247,18.546999,19.247,19.647,15.5955,90.0,94.0,89.0,86.0,68.0,72.0,93.0,6,spring,84.57142857142857,18.332499857142857
2925,1,2024-06-01 21:00:00+00:00,17.347,18.147,17.546999,17.947,18.497,19.197,15.2955,95.0,95.0,92.0,87.0,74.0,74.0,93.0,6,spring,87.14285714285714,17.711071285714286
2926,1,2024-06-01 22:00:00+00:00,17.296999,17.897,17.247,17.347,17.697,18.497,14.9955,93.0,94.0,92.0,87.0,80.0,78.0,94.0,6,spring,88.28571428571429,17.282499857142856
2927,1,2024-06-01 23:00:00+00:00,16.997,17.697,16.947,16.897,16.897,17.747,14.7955,94.0,94.0,91.0,86.0,86.0,82.0,94.0,6,spring,89.57142857142857,16.853928571428572
2928,1,2024-06-02 00:00:00+00:00,17.597,16.397,16.397,17.546999,17.447,16.747,14.5955,88.0,95.0,93.0,85.0,84.0,87.0,94.0,6,spring,89.42857142857143,16.675356999999998
2929,1,2024-06-02 01:00:00+00:00,17.296999,16.247,15.847,16.597,16.546999,15.797,13.9955,91.0,93.0,92.0,88.0,89.0,91.0,95.0,6,spring,91.28571428571429,16.04678542857143
2930,1,2024-06-02 02:00:00+00:00,16.796999,15.896999,15.447,15.597,15.597,14.947,13.4955,92.0,91.0,91.0,91.0,94.0,94.0,96.0,6,spring,92.71428571428571,15.39678542857143
2931,1,2024-06-02 03:00:00+00:00,15.947,15.347,15.097,15.447,15.447,14.947,13.695499,94.0,90.0,92.0,92.0,95.0,94.0,95.0,6,spring,93.14285714285714,15.132499857142857
2932,1,2024-06-02 04:00:00+00:00,15.747,15.097,14.896999,16.647,16.647,16.197,14.8455,92.0,90.0,92.0,88.0,91.0,90.0,91.0,6,spring,90.57142857142857,15.725357
2933,1,2024-06-02 05:00:00+00:00,17.796999,17.447,17.197,18.647,18.597,18.296999,16.595499,88.0,86.0,87.0,81.0,84.0,82.0,86.0,6,spring,84.85714285714286,17.796785285714286
2934,1,2024-06-02 06:00:00+00:00,20.347,20.397,20.397,20.247,20.697,20.497,19.1955,77.0,77.0,76.0,77.0,77.0,75.0,80.0,6,spring,77.0,20.25392857142857
2935,1,2024-06-02 07:00:00+00:00,22.397,22.347,22.546999,22.347,22.847,22.747,21.845499,71.0,70.0,71.0,71.0,69.0,68.0,70.0,6,spring,70.0,22.439642571428575
2936,1,2024-06-02 08:00:00+00:00,24.247,24.296999,24.497,24.497,25.046999,25.097,24.7955,65.0,65.0,66.0,65.0,61.0,60.0,59.0,6,spring,63.0,24.63964257142857
2937,1,2024-06-02 09:00:00+00:00,25.647,25.847,25.897,26.197,26.847,26.897,26.8955,59.0,58.0,59.0,59.0,54.0,54.0,51.0,6,spring,56.285714285714285,26.318214285714284
2938,1,2024-06-02 10:00:00+00:00,26.546999,26.647,26.796999,27.147,27.997,27.947,27.595499,53.0,52.0,54.0,54.0,48.0,48.0,47.0,6,spring,50.857142857142854,27.239642428571425
2939,1,2024-06-02 11:00:00+00:00,27.046999,27.247,27.296999,27.647,28.647,28.497,27.4455,52.0,50.0,51.0,50.0,43.0,44.0,47.0,6,spring,48.142857142857146,27.689642571428575
2940,1,2024-06-02 12:00:00+00:00,27.347,27.447,27.947,27.097,28.247,28.647,26.7955,51.0,50.0,46.0,50.0,46.0,41.0,48.0,6,spring,47.42857142857143,27.64678571428571
2941,1,2024-06-02 13:00:00+00:00,27.247,27.397,27.747,26.796999,27.997,28.597,25.3955,50.0,49.0,47.0,51.0,47.0,42.0,56.0,6,spring,48.857142857142854,27.311071285714288
2942,1,2024-06-02 14:00:00+00:00,26.847,26.947,27.296999,26.097,27.347,28.147,23.3955,49.0,48.0,46.0,55.0,50.0,45.0,67.0,6,spring,51.42857142857143,26.582499857142857
2943,1,2024-06-02 15:00:00+00:00,25.697,25.597,25.747,25.147,26.347,27.147,21.4955,57.0,56.0,55.0,59.0,55.0,49.0,77.0,6,spring,58.285714285714285,25.311071428571427
2944,1,2024-06-02 16:00:00+00:00,23.697,23.747,23.147,23.796999,24.796999,25.247,19.7455,67.0,64.0,65.0,65.0,61.0,54.0,85.0,6,spring,65.85714285714286,23.453928285714287
2945,1,2024-06-02 17:00:00+00:00,21.447,21.397,21.497,22.147,22.897,22.747,18.0455,75.0,75.0,74.0,71.0,69.0,59.0,92.0,6,spring,73.57142857142857,21.453928571428573
2946,1,2024-06-02 18:00:00+00:00,20.497,20.796999,20.947,20.397,21.247,20.747,16.095499,78.0,78.0,76.0,80.0,75.0,64.0,97.0,6,spring,78.28571428571429,20.103928285714286
2947,1,2024-06-02 19:00:00+00:00,19.397,19.747,20.046999,19.546999,20.046999,19.597,15.945499,86.0,84.0,83.0,84.0,79.0,69.0,97.0,6,spring,83.14285714285714,19.18964228571429
2948,1,2024-06-02 20:00:00+00:00,18.796999,18.997,19.497,19.046999,19.046999,18.897,16.5455,89.0,86.0,87.0,87.0,82.0,74.0,95.0,6,spring,85.71428571428571,18.689642428571428
2949,1,2024-06-02 21:00:00+00:00,18.847,18.296999,19.197,18.697,18.247,18.347,16.9955,87.0,86.0,89.0,89.0,85.0,78.0,93.0,6,spring,86.71428571428571,18.375357
2950,1,2024-06-02 22:00:00+00:00,18.747,17.697,18.847,18.447,17.647,17.947,17.095499,87.0,92.0,90.0,90.0,87.0,80.0,93.0,6,spring,88.42857142857143,18.061071285714284
2951,1,2024-06-02 23:00:00+00:00,18.497,17.697,18.147,18.347,17.247,17.647,17.0455,88.0,92.0,95.0,90.0,89.0,81.0,94.0,6,spring,89.85714285714286,17.80392857142857
2952,1,2024-06-03 00:00:00+00:00,18.046999,17.997,17.796999,17.546999,18.997,16.397,16.1955,88.0,93.0,88.0,92.0,86.0,84.0,93.0,6,spring,89.14285714285714,17.568213857142855
2953,1,2024-06-03 01:00:00+00:00,17.997,17.796999,17.247,17.197,18.397,15.646999,16.2455,87.0,88.0,87.0,92.0,86.0,85.0,93.0,6,spring,88.28571428571429,17.218213999999996
2954,1,2024-06-03 02:00:00+00:00,17.847,17.296999,17.197,16.947,17.697,14.797,16.2955,85.0,84.0,85.0,91.0,86.0,88.0,93.0,6,spring,87.42857142857143,16.868214142857145
2955,1,2024-06-03 03:00:00+00:00,17.397,16.647,16.997,17.147,17.497,14.847,16.6955,85.0,85.0,86.0,89.0,85.0,89.0,92.0,6,spring,87.28571428571429,16.74678571428571
2956,1,2024-06-03 04:00:00+00:00,16.747,16.197,16.897,18.147,18.197,16.296999,17.5455,88.0,89.0,87.0,85.0,82.0,86.0,89.0,6,spring,86.57142857142857,17.146785571428573
2957,1,2024-06-03 05:00:00+00:00,18.247,17.947,18.447,19.597,19.447,18.546999,18.7455,87.0,88.0,85.0,80.0,78.0,81.0,85.0,6,spring,83.42857142857143,18.711071285714286
2958,1,2024-06-03 06:00:00+00:00,20.897,20.897,20.947,21.546999,20.897,20.897,19.6955,76.0,75.0,74.0,73.0,74.0,75.0,82.0,6,spring,75.57142857142857,20.825357
2959,1,2024-06-03 07:00:00+00:00,22.947,22.897,22.997,23.347,22.697,23.197,22.1455,70.0,69.0,69.0,67.0,69.0,68.0,72.0,6,spring,69.14285714285714,22.889642857142857
2960,1,2024-06-03 08:00:00+00:00,24.847,24.796999,24.897,25.347,24.747,25.546999,24.9455,62.0,63.0,63.0,62.0,63.0,59.0,61.0,6,spring,61.857142857142854,25.018214000000004
2961,1,2024-06-03 09:00:00+00:00,26.296999,26.097,26.347,26.897,26.347,27.397,26.8955,53.0,56.0,54.0,57.0,58.0,52.0,52.0,6,spring,54.57142857142857,26.611071285714285
2962,1,2024-06-03 10:00:00+00:00,27.097,26.847,27.147,27.796999,27.347,28.497,27.4955,48.0,53.0,51.0,53.0,53.0,47.0,48.0,6,spring,50.42857142857143,27.46107128571429
2963,1,2024-06-03 11:00:00+00:00,27.597,27.447,27.697,28.247,27.947,29.097,27.2455,46.0,50.0,49.0,49.0,49.0,43.0,47.0,6,spring,47.57142857142857,27.896785714285716
2964,1,2024-06-03 12:00:00+00:00,27.647,27.247,27.747,28.046999,27.796999,28.647,26.4955,48.0,48.0,49.0,46.0,49.0,43.0,50.0,6,spring,47.57142857142857,27.66107114285714
2965,1,2024-06-03 13:00:00+00:00,27.296999,26.447,27.497,27.647,27.597,27.947,25.2955,49.0,52.0,47.0,47.0,50.0,45.0,57.0,6,spring,49.57142857142857,27.103928428571432
2966,1,2024-06-03 14:00:00+00:00,26.597,26.097,26.847,26.897,27.046999,26.647,23.595499,49.0,54.0,49.0,49.0,53.0,49.0,68.0,6,spring,53.0,26.246785428571425
2967,1,2024-06-03 15:00:00+00:00,25.347,25.147,25.197,25.747,26.147,25.296999,21.7955,58.0,56.0,60.0,54.0,57.0,55.0,77.0,6,spring,59.57142857142857,24.95392842857143
2968,1,2024-06-03 16:00:00+00:00,22.897,21.747,23.147,24.046999,24.697,23.847,19.9955,70.0,72.0,70.0,62.0,61.0,62.0,84.0,6,spring,68.71428571428571,22.911071285714286
2969,1,2024-06-03 17:00:00+00:00,20.997,20.697,21.197,21.997,22.947,22.247,18.1455,76.0,80.0,79.0,73.0,66.0,70.0,89.0,6,spring,76.14285714285714,21.17535714285714
2970,1,2024-06-03 18:00:00+00:00,20.147,20.296999,20.497,20.697,21.546999,20.997,16.095499,82.0,81.0,83.0,77.0,71.0,77.0,94.0,6,spring,80.71428571428571,20.039642428571426
2971,1,2024-06-03 19:00:00+00:00,19.147,19.497,19.546999,19.546999,20.847,20.296999,15.445499,88.0,85.0,87.0,83.0,75.0,81.0,96.0,6,spring,85.0,19.18964228571429
2972,1,2024-06-03 20:00:00+00:00,18.397,19.046999,18.847,18.597,20.497,19.897,15.3455,92.0,88.0,90.0,87.0,78.0,84.0,95.0,6,spring,87.71428571428571,18.661071285714286
2973,1,2024-06-03 21:00:00+00:00,17.847,18.897,18.546999,17.947,20.197,19.647,15.2955,94.0,89.0,90.0,91.0,80.0,86.0,95.0,6,spring,89.28571428571429,18.339642714285713
2974,1,2024-06-03 22:00:00+00:00,17.546999,18.847,18.647,17.647,19.897,19.497,15.1455,95.0,89.0,90.0,93.0,81.0,87.0,95.0,6,spring,90.0,18.175356999999998
2975,1,2024-06-03 23:00:00+00:00,17.147,18.847,18.497,17.647,19.597,19.447,14.9955,96.0,89.0,91.0,94.0,80.0,86.0,95.0,6,spring,90.14285714285714,18.025357142857143
2976,1,2024-06-04 00:00:00+00:00,17.796999,17.796999,18.796999,18.747,19.197,18.697,14.9955,92.0,91.0,87.0,89.0,89.0,81.0,95.0,6,spring,89.14285714285714,18.003928142857145
2977,1,2024-06-04 01:00:00+00:00,17.997,17.847,18.597,18.197,18.697,18.247,14.5955,90.0,89.0,86.0,89.0,88.0,82.0,96.0,6,spring,88.57142857142857,17.739642857142858
2978,1,2024-06-04 02:00:00+00:00,17.997,17.597,18.347,17.497,18.097,17.796999,14.2955,89.0,89.0,86.0,89.0,88.0,83.0,96.0,6,spring,88.57142857142857,17.375357
2979,1,2024-06-04 03:00:00+00:00,17.647,16.897,17.647,17.397,17.997,17.796999,14.5955,89.0,91.0,88.0,87.0,86.0,83.0,95.0,6,spring,88.42857142857143,17.139642714285714
2980,1,2024-06-04 04:00:00+00:00,17.197,16.347,17.046999,18.296999,18.796999,18.597,15.8455,91.0,93.0,91.0,84.0,83.0,81.0,92.0,6,spring,87.85714285714286,17.446785285714284
2981,1,2024-06-04 05:00:00+00:00,18.296999,17.897,18.747,19.747,20.097,19.847,17.6955,90.0,91.0,88.0,79.0,79.0,77.0,87.0,6,spring,84.42857142857143,18.90392842857143
2982,1,2024-06-04 06:00:00+00:00,20.697,20.947,21.447,21.747,21.497,21.296999,20.095499,81.0,78.0,77.0,76.0,75.0,73.0,79.0,6,spring,77.0,21.103928285714286
2983,1,2024-06-04 07:00:00+00:00,22.147,23.147,23.546999,23.497,23.046999,22.997,22.1955,79.0,71.0,70.0,69.0,70.0,68.0,69.0,6,spring,70.85714285714286,22.939642571428575
2984,1,2024-06-04 08:00:00+00:00,23.546999,25.147,25.447,25.347,24.747,24.847,24.4955,76.0,63.0,62.0,61.0,64.0,62.0,58.0,6,spring,63.714285714285715,24.79678557142857
2985,1,2024-06-04 09:00:00+00:00,24.897,26.546999,26.796999,26.796999,26.046999,26.296999,26.095499,67.0,54.0,55.0,55.0,59.0,57.0,50.0,6,spring,56.714285714285715,26.211070571428568
2986,1,2024-06-04 10:00:00+00:00,25.546999,27.097,27.497,27.697,26.847,27.197,26.7455,64.0,51.0,51.0,51.0,56.0,53.0,47.0,6,spring,53.285714285714285,26.94678557142857
2987,1,2024-06-04 11:00:00+00:00,25.296999,27.347,27.947,28.197,27.247,27.697,26.7455,67.0,50.0,49.0,49.0,53.0,49.0,47.0,6,spring,52.0,27.211071285714286
2988,1,2024-06-04 12:00:00+00:00,25.796999,27.796999,28.546999,27.997,28.147,27.747,25.7955,59.0,50.0,46.0,49.0,46.0,44.0,50.0,6,spring,49.142857142857146,27.403928142857144
2989,1,2024-06-04 13:00:00+00:00,25.147,27.497,28.347,27.197,27.197,27.546999,24.6455,60.0,49.0,45.0,51.0,49.0,45.0,57.0,6,spring,50.857142857142854,26.79678557142857
2990,1,2024-06-04 14:00:00+00:00,25.046999,27.097,28.046999,25.847,25.647,26.947,22.9455,57.0,48.0,46.0,56.0,55.0,49.0,67.0,6,spring,54.0,25.939642571428575
2991,1,2024-06-04 15:00:00+00:00,23.847,24.897,27.097,24.397,24.097,26.097,21.1955,63.0,58.0,51.0,62.0,62.0,53.0,76.0,6,spring,60.714285714285715,24.51821428571429
2992,1,2024-06-04 16:00:00+00:00,21.546999,22.796999,23.897,22.897,22.647,24.697,19.4955,75.0,73.0,60.0,69.0,70.0,58.0,83.0,6,spring,69.71428571428571,22.568213999999994
2993,1,2024-06-04 17:00:00+00:00,20.397,21.147,22.097,21.296999,21.197,22.997,17.7955,80.0,82.0,72.0,77.0,80.0,64.0,89.0,6,spring,77.71428571428571,20.989642714285715
2994,1,2024-06-04 18:00:00+00:00,20.546999,20.347,21.597,20.296999,19.997,21.597,17.6955,80.0,90.0,77.0,86.0,87.0,70.0,90.0,6,spring,82.85714285714286,20.296785428571432
2995,1,2024-06-04 19:00:00+00:00,19.897,19.597,21.147,19.347,19.147,20.796999,17.0455,83.0,92.0,78.0,89.0,91.0,75.0,92.0,6,spring,85.71428571428571,19.56821414285714
2996,1,2024-06-04 20:00:00+00:00,19.397,18.546999,20.647,18.897,18.546999,20.247,16.4955,84.0,95.0,79.0,89.0,93.0,79.0,92.0,6,spring,87.28571428571429,18.968214
2997,1,2024-06-04 21:00:00+00:00,19.097,17.847,20.097,18.546999,18.097,19.847,15.9955,86.0,96.0,81.0,89.0,93.0,82.0,93.0,6,spring,88.57142857142857,18.50392842857143
2998,1,2024-06-04 22:00:00+00:00,18.897,17.497,19.497,18.296999,17.847,19.546999,15.5455,87.0,95.0,84.0,89.0,92.0,82.0,93.0,6,spring,88.85714285714286,18.161071142857143
2999,1,2024-06-04 23:00:00+00:00,18.597,17.247,18.546999,18.197,17.796999,19.347,15.1455,87.0,94.0,87.0,88.0,90.0,80.0,93.0,6,spring,88.42857142857143,17.839642571428573
3000,1,2024-06-05 00:00:00+00:00,17.497,17.697,16.497,18.247,18.997,17.897,14.8955,90.0,92.0,92.0,85.0,83.0,86.0,93.0,6,spring,88.71428571428571,17.389642857142857
3001,1,2024-06-05 01:00:00+00:00,17.147,16.947,16.047,17.947,18.597,17.296999,14.445499,90.0,92.0,91.0,85.0,84.0,87.0,94.0,6,spring,89.0,16.918214
3002,1,2024-06-05 02:00:00+00:00,16.796999,16.447,16.247,17.546999,18.147,16.697,14.0955,91.0,92.0,89.0,86.0,86.0,89.0,94.0,6,spring,89.57142857142857,16.568214
3003,1,2024-06-05 03:00:00+00:00,16.546999,16.047,16.597,17.647,18.147,16.697,14.3955,92.0,92.0,88.0,86.0,86.0,89.0,93.0,6,spring,89.42857142857143,16.582499857142857
3004,1,2024-06-05 04:00:00+00:00,16.347,15.797,16.546999,18.497,18.897,17.647,15.7955,92.0,92.0,90.0,83.0,84.0,87.0,89.0,6,spring,88.14285714285714,17.075357
3005,1,2024-06-05 05:00:00+00:00,18.147,17.796999,18.447,19.796999,20.147,19.147,17.845499,89.0,89.0,87.0,79.0,80.0,83.0,82.0,6,spring,84.14285714285714,18.761070999999994
3006,1,2024-06-05 06:00:00+00:00,20.597,20.897,21.296999,21.097,21.546999,20.796999,19.9955,81.0,79.0,76.0,76.0,76.0,78.0,81.0,6,spring,78.14285714285714,20.889642428571428
3007,1,2024-06-05 07:00:00+00:00,22.347,22.997,23.296999,22.897,23.147,22.546999,22.1455,75.0,72.0,70.0,70.0,71.0,72.0,72.0,6,spring,71.71428571428571,22.768213999999997
3008,1,2024-06-05 08:00:00+00:00,24.097,24.697,25.197,24.847,24.897,24.447,24.345499,70.0,67.0,63.0,63.0,64.0,66.0,61.0,6,spring,64.85714285714286,24.64678557142857
3009,1,2024-06-05 09:00:00+00:00,25.597,26.046999,26.647,26.347,26.296999,25.947,25.8955,62.0,59.0,55.0,58.0,59.0,60.0,53.0,6,spring,58.0,26.111071142857146
3010,1,2024-06-05 10:00:00+00:00,26.647,26.747,27.597,27.147,27.247,26.997,26.6455,55.0,54.0,51.0,54.0,55.0,55.0,49.0,6,spring,53.285714285714285,27.00392857142857
3011,1,2024-06-05 11:00:00+00:00,27.296999,27.347,28.097,27.447,27.847,27.647,26.7455,52.0,51.0,48.0,51.0,51.0,51.0,48.0,6,spring,50.285714285714285,27.48964271428571
3012,1,2024-06-05 12:00:00+00:00,28.197,27.546999,28.347,27.947,27.597,28.847,26.3955,45.0,52.0,46.0,49.0,50.0,43.0,49.0,6,spring,47.714285714285715,27.83964271428572
3013,1,2024-06-05 13:00:00+00:00,28.046999,27.497,28.247,27.697,27.347,28.497,25.345499,43.0,52.0,46.0,49.0,50.0,44.0,56.0,6,spring,48.57142857142857,27.525356857142857
3014,1,2024-06-05 14:00:00+00:00,27.796999,27.046999,27.847,27.046999,26.747,27.697,23.7455,43.0,53.0,47.0,50.0,52.0,47.0,66.0,6,spring,51.142857142857146,26.846785285714287
3015,1,2024-06-05 15:00:00+00:00,26.447,25.997,26.397,25.997,25.796999,26.546999,21.9955,49.0,58.0,53.0,54.0,56.0,52.0,75.0,6,spring,56.714285714285715,25.596785428571426
3016,1,2024-06-05 16:00:00+00:00,24.147,24.197,23.697,24.147,24.247,24.897,19.9955,58.0,65.0,66.0,64.0,63.0,61.0,83.0,6,spring,65.71428571428571,23.618214285714284
3017,1,2024-06-05 17:00:00+00:00,22.347,22.097,21.296999,21.847,22.347,22.897,17.845499,67.0,73.0,79.0,77.0,73.0,72.0,91.0,6,spring,76.0,21.525356857142857
3018,1,2024-06-05 18:00:00+00:00,21.647,21.597,21.247,20.397,20.697,21.147,16.4955,67.0,71.0,78.0,80.0,80.0,80.0,94.0,6,spring,78.57142857142857,20.461071428571426
3019,1,2024-06-05 19:00:00+00:00,20.447,20.697,20.247,19.247,19.647,19.897,16.345499,70.0,79.0,84.0,86.0,84.0,84.0,94.0,6,spring,83.0,19.503928428571424
3020,1,2024-06-05 20:00:00+00:00,19.546999,19.997,19.097,18.347,18.847,18.897,16.595499,76.0,82.0,91.0,91.0,86.0,86.0,93.0,6,spring,86.42857142857143,18.76107114285714
3021,1,2024-06-05 21:00:00+00:00,18.597,19.247,17.997,17.747,18.197,17.997,16.6955,81.0,82.0,94.0,94.0,87.0,87.0,93.0,6,spring,88.28571428571429,18.068214285714284
3022,1,2024-06-05 22:00:00+00:00,17.697,18.647,17.097,17.397,17.647,17.147,16.3955,83.0,83.0,93.0,93.0,88.0,89.0,94.0,6,spring,89.0,17.432499999999997
3023,1,2024-06-05 23:00:00+00:00,16.796999,17.897,16.546999,17.296999,17.247,16.397,15.8955,86.0,84.0,91.0,90.0,88.0,92.0,95.0,6,spring,89.42857142857143,16.868213857142855
3024,1,2024-06-06 00:00:00+00:00,16.697,16.997,17.497,16.397,16.897,16.597,16.3955,85.0,87.0,86.0,91.0,87.0,91.0,94.0,6,spring,88.71428571428571,16.7825
3025,1,2024-06-06 01:00:00+00:00,15.896999,16.347,17.147,15.947,16.397,16.047,15.945499,88.0,89.0,87.0,91.0,89.0,92.0,95.0,6,spring,90.14285714285714,16.246785428571425
3026,1,2024-06-06 02:00:00+00:00,15.197,15.896999,16.897,15.547,15.896999,15.747,15.5455,91.0,90.0,87.0,92.0,91.0,92.0,96.0,6,spring,91.28571428571429,15.818214
3027,1,2024-06-06 03:00:00+00:00,14.697,15.547,16.347,15.797,16.047,15.997,15.695499,94.0,91.0,90.0,91.0,91.0,90.0,95.0,6,spring,91.71428571428571,15.732499857142857
3028,1,2024-06-06 04:00:00+00:00,14.947,15.297,15.896999,17.097,17.147,17.197,16.6455,93.0,93.0,92.0,86.0,87.0,85.0,92.0,6,spring,89.71428571428571,16.31821414285714
3029,1,2024-06-06 05:00:00+00:00,17.447,17.697,17.796999,19.046999,18.897,18.947,18.1455,87.0,88.0,88.0,80.0,81.0,78.0,86.0,6,spring,84.0,18.282499714285713
3030,1,2024-06-06 06:00:00+00:00,20.796999,20.397,20.947,21.197,20.747,20.697,19.4955,73.0,78.0,77.0,74.0,75.0,71.0,83.0,6,spring,75.85714285714286,20.611071285714285
3031,1,2024-06-06 07:00:00+00:00,22.796999,22.546999,22.847,23.147,22.697,22.296999,21.6455,66.0,69.0,70.0,68.0,69.0,66.0,75.0,6,spring,69.0,22.568213857142858
3032,1,2024-06-06 08:00:00+00:00,24.697,24.397,24.597,25.097,24.697,23.847,23.9955,60.0,64.0,66.0,61.0,63.0,61.0,66.0,6,spring,63.0,24.475357142857145
3033,1,2024-06-06 09:00:00+00:00,25.947,26.097,26.097,26.697,26.296999,25.147,25.6955,54.0,58.0,60.0,56.0,57.0,57.0,59.0,6,spring,57.285714285714285,25.99678557142857
3034,1,2024-06-06 10:00:00+00:00,26.897,27.097,27.046999,27.697,27.347,26.247,26.4955,52.0,51.0,54.0,51.0,52.0,53.0,54.0,6,spring,52.42857142857143,26.975357
3035,1,2024-06-06 11:00:00+00:00,27.247,27.497,27.597,28.296999,27.947,27.097,26.6955,50.0,49.0,52.0,47.0,48.0,51.0,52.0,6,spring,49.857142857142854,27.482499857142862
3036,1,2024-06-06 12:00:00+00:00,27.897,28.147,27.747,27.997,28.147,27.796999,26.2955,46.0,45.0,51.0,48.0,47.0,47.0,55.0,6,spring,48.42857142857143,27.718214142857143
3037,1,2024-06-06 13:00:00+00:00,27.597,28.147,27.747,27.897,27.747,27.447,24.6455,46.0,45.0,51.0,48.0,47.0,47.0,63.0,6,spring,49.57142857142857,27.318214285714284
3038,1,2024-06-06 14:00:00+00:00,27.147,27.747,27.197,27.397,26.847,26.697,22.345499,45.0,46.0,50.0,49.0,49.0,48.0,74.0,6,spring,51.57142857142857,26.48249985714286
3039,1,2024-06-06 15:00:00+00:00,25.796999,26.747,24.997,26.497,25.647,25.497,20.2955,51.0,50.0,63.0,52.0,52.0,51.0,83.0,6,spring,57.42857142857143,25.068214142857148
3040,1,2024-06-06 16:00:00+00:00,22.897,24.247,23.197,24.947,24.046999,23.597,18.7955,69.0,59.0,67.0,57.0,56.0,58.0,88.0,6,spring,64.85714285714286,23.10392842857143
3041,1,2024-06-06 17:00:00+00:00,21.546999,22.847,21.796999,22.997,22.247,21.296999,17.595499,77.0,63.0,71.0,63.0,60.0,66.0,92.0,6,spring,70.28571428571429,21.47535657142857
3042,1,2024-06-06 18:00:00+00:00,20.247,20.997,21.197,20.397,20.697,19.397,16.4955,85.0,81.0,67.0,70.0,64.0,73.0,95.0,6,spring,76.42857142857143,19.91821428571428
3043,1,2024-06-06 19:00:00+00:00,20.046999,20.697,20.546999,19.546999,19.796999,18.347,15.945499,88.0,83.0,71.0,73.0,67.0,77.0,96.0,6,spring,79.28571428571429,19.27535642857143
3044,1,2024-06-06 20:00:00+00:00,19.497,20.046999,19.747,19.046999,19.197,17.747,15.695499,90.0,84.0,75.0,76.0,70.0,79.0,95.0,6,spring,81.28571428571429,18.711071
3045,1,2024-06-06 21:00:00+00:00,18.447,18.997,18.847,18.546999,18.647,17.296999,15.4955,92.0,87.0,80.0,78.0,73.0,81.0,95.0,6,spring,83.71428571428571,18.03964257142857
3046,1,2024-06-06 22:00:00+00:00,17.897,17.997,18.147,17.796999,17.997,16.997,15.195499,87.0,89.0,83.0,81.0,76.0,82.0,95.0,6,spring,84.71428571428571,17.432499714285715
3047,1,2024-06-06 23:00:00+00:00,17.546999,17.296999,17.697,17.046999,17.447,16.847,14.945499,85.0,87.0,86.0,85.0,79.0,83.0,96.0,6,spring,85.85714285714286,16.975356571428573
3048,1,2024-06-07 00:00:00+00:00,15.847,16.747,17.097,16.796999,16.147,17.097,14.8955,89.0,85.0,88.0,86.0,86.0,82.0,96.0,6,spring,87.42857142857143,16.375357
3049,1,2024-06-07 01:00:00+00:00,15.747,16.247,16.947,16.347,15.747,16.347,14.445499,90.0,87.0,88.0,87.0,86.0,84.0,96.0,6,spring,88.28571428571429,15.975357
3050,1,2024-06-07 02:00:00+00:00,15.847,16.296999,16.747,16.097,15.447,15.547,14.1455,91.0,87.0,89.0,87.0,86.0,86.0,96.0,6,spring,88.85714285714286,15.732499857142857
3051,1,2024-06-07 03:00:00+00:00,16.147,16.397,16.447,16.347,15.747,15.497,14.3955,89.0,86.0,90.0,86.0,84.0,85.0,95.0,6,spring,87.85714285714286,15.85392857142857
3052,1,2024-06-07 04:00:00+00:00,16.197,16.447,16.296999,17.347,16.997,16.497,15.5955,89.0,86.0,91.0,83.0,81.0,81.0,92.0,6,spring,86.14285714285714,16.48249985714286
3053,1,2024-06-07 05:00:00+00:00,17.997,17.947,18.296999,18.897,18.796999,18.247,17.3955,84.0,84.0,85.0,78.0,76.0,76.0,87.0,6,spring,81.42857142857143,18.22535685714286
3054,1,2024-06-07 06:00:00+00:00,20.397,20.397,20.747,20.647,20.697,20.097,18.7955,76.0,72.0,74.0,75.0,71.0,70.0,82.0,6,spring,74.28571428571429,20.25392857142857
3055,1,2024-06-07 07:00:00+00:00,22.097,22.197,22.497,22.397,22.697,22.147,21.4955,69.0,66.0,69.0,70.0,66.0,65.0,72.0,6,spring,68.14285714285714,22.218214285714282
3056,1,2024-06-07 08:00:00+00:00,23.897,24.347,24.347,24.247,24.747,24.347,24.7455,64.0,60.0,64.0,64.0,60.0,59.0,60.0,6,spring,61.57142857142857,24.3825
3057,1,2024-06-07 09:00:00+00:00,25.397,25.947,25.847,25.697,26.347,26.097,26.9955,58.0,52.0,57.0,59.0,55.0,54.0,51.0,6,spring,55.142857142857146,26.046785714285715
3058,1,2024-06-07 10:00:00+00:00,26.647,26.997,26.796999,26.647,27.247,27.247,27.6455,52.0,47.0,50.0,55.0,51.0,49.0,48.0,6,spring,50.285714285714285,27.032499857142856
3059,1,2024-06-07 11:00:00+00:00,26.997,27.897,27.447,27.247,27.697,27.997,27.2955,50.0,44.0,47.0,51.0,47.0,45.0,48.0,6,spring,47.42857142857143,27.511071428571427
3060,1,2024-06-07 12:00:00+00:00,26.847,27.497,27.847,26.796999,27.447,27.897,25.6955,50.0,46.0,44.0,53.0,47.0,46.0,51.0,6,spring,48.142857142857146,27.146785571428573
3061,1,2024-06-07 13:00:00+00:00,27.046999,27.546999,27.997,26.697,27.247,27.847,25.1455,49.0,46.0,44.0,53.0,47.0,45.0,55.0,6,spring,48.42857142857143,27.075356857142857
3062,1,2024-06-07 14:00:00+00:00,26.847,26.997,27.546999,26.247,26.697,27.447,24.3955,49.0,47.0,43.0,55.0,49.0,46.0,61.0,6,spring,50.0,26.59678557142857
3063,1,2024-06-07 15:00:00+00:00,26.147,26.046999,26.447,25.397,25.796999,26.597,23.1955,50.0,51.0,47.0,58.0,52.0,49.0,68.0,6,spring,53.57142857142857,25.661071142857143
3064,1,2024-06-07 16:00:00+00:00,23.897,24.796999,24.046999,23.897,24.397,25.046999,20.9955,60.0,58.0,58.0,64.0,58.0,56.0,77.0,6,spring,61.57142857142857,23.86821385714285
3065,1,2024-06-07 17:00:00+00:00,21.747,21.747,22.647,21.997,22.697,23.097,18.345499,69.0,68.0,65.0,72.0,66.0,66.0,86.0,6,spring,70.28571428571429,21.753928428571424
3066,1,2024-06-07 18:00:00+00:00,20.296999,21.097,21.647,21.097,21.296999,21.447,19.595499,76.0,72.0,72.0,75.0,73.0,74.0,77.0,6,spring,74.14285714285714,20.925356714285716
3067,1,2024-06-07 19:00:00+00:00,19.447,20.597,21.046999,20.247,20.497,20.397,18.595499,81.0,72.0,75.0,80.0,78.0,80.0,80.0,6,spring,78.0,20.118214
3068,1,2024-06-07 20:00:00+00:00,18.697,19.647,20.647,19.747,19.997,19.697,17.7455,86.0,77.0,78.0,83.0,83.0,85.0,84.0,6,spring,82.28571428571429,19.453928571428573
3069,1,2024-06-07 21:00:00+00:00,18.347,18.997,20.097,19.397,19.597,19.147,16.9955,88.0,82.0,82.0,86.0,86.0,88.0,87.0,6,spring,85.57142857142857,18.939642857142854
3070,1,2024-06-07 22:00:00+00:00,18.097,18.796999,19.247,19.097,19.197,18.747,16.345499,90.0,85.0,86.0,88.0,89.0,90.0,89.0,6,spring,88.14285714285714,18.503928285714288
3071,1,2024-06-07 23:00:00+00:00,18.147,18.397,18.347,18.897,18.847,18.546999,15.7455,88.0,88.0,90.0,90.0,91.0,91.0,91.0,6,spring,89.85714285714286,18.132499857142854
3072,1,2024-06-08 00:00:00+00:00,18.097,18.447,17.947,18.347,18.947,17.747,15.7955,87.0,90.0,91.0,91.0,88.0,92.0,94.0,6,spring,90.42857142857143,17.903928571428573
3073,1,2024-06-08 01:00:00+00:00,17.947,18.147,17.647,18.046999,18.546999,17.497,15.0955,88.0,91.0,89.0,91.0,88.0,91.0,95.0,6,spring,90.42857142857143,17.56107114285714
3074,1,2024-06-08 02:00:00+00:00,17.697,17.997,17.197,17.796999,18.147,17.347,14.4955,89.0,91.0,88.0,91.0,88.0,90.0,95.0,6,spring,90.28571428571429,17.239642714285715
3075,1,2024-06-08 03:00:00+00:00,17.247,17.647,16.497,17.897,18.097,17.647,14.5955,91.0,90.0,89.0,90.0,87.0,87.0,94.0,6,spring,89.71428571428571,17.089642857142856
3076,1,2024-06-08 04:00:00+00:00,16.947,17.147,16.047,18.597,18.697,18.497,15.8455,92.0,91.0,90.0,87.0,85.0,84.0,90.0,6,spring,88.42857142857143,17.396785714285716
3077,1,2024-06-08 05:00:00+00:00,18.197,18.247,17.697,19.747,19.697,19.796999,17.845499,92.0,87.0,87.0,83.0,81.0,79.0,84.0,6,spring,84.71428571428571,18.746785428571428
3078,1,2024-06-08 06:00:00+00:00,20.497,20.796999,20.847,20.747,20.897,21.247,20.1955,81.0,76.0,73.0,79.0,77.0,74.0,75.0,6,spring,76.42857142857143,20.74678557142857
3079,1,2024-06-08 07:00:00+00:00,21.897,22.497,22.897,22.296999,22.497,22.947,22.595499,73.0,69.0,65.0,72.0,71.0,67.0,65.0,6,spring,68.85714285714286,22.518213999999997
3080,1,2024-06-08 08:00:00+00:00,23.147,24.247,24.747,24.046999,24.296999,24.796999,25.1455,70.0,64.0,58.0,64.0,63.0,59.0,55.0,6,spring,61.857142857142854,24.346785285714283
3081,1,2024-06-08 09:00:00+00:00,24.046999,25.597,26.046999,25.497,25.747,26.347,26.8955,64.0,55.0,50.0,57.0,57.0,52.0,47.0,6,spring,54.57142857142857,25.739642571428572
3082,1,2024-06-08 10:00:00+00:00,24.447,26.597,26.697,26.497,26.597,27.447,27.4455,59.0,49.0,46.0,53.0,53.0,48.0,44.0,6,spring,50.285714285714285,26.532500000000002
3083,1,2024-06-08 11:00:00+00:00,25.247,27.046999,27.397,27.197,27.097,28.197,27.2455,55.0,46.0,44.0,50.0,50.0,45.0,44.0,6,spring,47.714285714285715,27.061071285714288
3084,1,2024-06-08 12:00:00+00:00,25.046999,26.697,27.597,28.447,27.197,28.097,26.9955,64.0,51.0,46.0,43.0,50.0,45.0,45.0,6,spring,49.142857142857146,27.15392842857143
3085,1,2024-06-08 13:00:00+00:00,24.897,26.796999,27.697,28.497,26.997,27.897,25.8955,66.0,50.0,44.0,42.0,50.0,45.0,52.0,6,spring,49.857142857142854,26.953928428571427
3086,1,2024-06-08 14:00:00+00:00,24.796999,26.247,27.296999,28.097,26.347,27.296999,24.2955,62.0,50.0,45.0,42.0,51.0,46.0,62.0,6,spring,51.142857142857146,26.33964242857143
3087,1,2024-06-08 15:00:00+00:00,23.947,24.697,25.347,27.197,25.347,26.347,22.595499,66.0,60.0,54.0,45.0,55.0,49.0,70.0,6,spring,57.0,25.06821414285714
3088,1,2024-06-08 16:00:00+00:00,22.347,22.796999,21.497,25.296999,23.847,24.796999,20.845499,74.0,69.0,71.0,54.0,63.0,55.0,75.0,6,spring,65.85714285714286,23.061070857142855
3089,1,2024-06-08 17:00:00+00:00,21.347,21.296999,20.597,22.897,21.947,22.897,19.095499,78.0,75.0,77.0,66.0,73.0,63.0,79.0,6,spring,73.0,21.43964257142857
3090,1,2024-06-08 18:00:00+00:00,20.296999,20.097,21.046999,21.397,20.447,21.247,16.6955,85.0,78.0,75.0,69.0,81.0,71.0,89.0,6,spring,78.28571428571429,20.175356857142855
3091,1,2024-06-08 19:00:00+00:00,19.897,19.546999,20.447,20.447,19.597,19.997,15.8455,88.0,82.0,79.0,76.0,85.0,78.0,92.0,6,spring,82.85714285714286,19.396785571428573
3092,1,2024-06-08 20:00:00+00:00,19.447,19.397,19.796999,19.847,19.097,18.947,15.5455,91.0,84.0,82.0,81.0,87.0,84.0,94.0,6,spring,86.14285714285714,18.868214142857145
3093,1,2024-06-08 21:00:00+00:00,19.097,18.947,19.347,19.347,18.697,18.296999,15.4955,92.0,86.0,84.0,86.0,88.0,88.0,95.0,6,spring,88.42857142857143,18.461071285714286
3094,1,2024-06-08 22:00:00+00:00,18.747,18.647,18.847,18.897,18.397,18.197,15.8455,93.0,87.0,87.0,89.0,88.0,89.0,94.0,6,spring,89.57142857142857,18.225357142857142
3095,1,2024-06-08 23:00:00+00:00,18.497,18.147,18.546999,18.546999,18.247,18.447,16.4455,91.0,87.0,88.0,90.0,87.0,88.0,92.0,6,spring,89.0,18.125356857142858
3096,1,2024-06-09 00:00:00+00:00,17.597,17.697,17.247,18.197,18.497,18.597,14.3955,92.0,84.0,88.0,86.0,92.0,87.0,94.0,6,spring,89.0,17.461071428571426
3097,1,2024-06-09 01:00:00+00:00,17.147,17.046999,16.747,17.947,18.397,17.947,13.9955,93.0,85.0,89.0,85.0,91.0,88.0,95.0,6,spring,89.42857142857143,17.032499857142856
3098,1,2024-06-09 02:00:00+00:00,16.647,16.647,16.097,17.697,18.447,17.197,13.6455,93.0,86.0,90.0,84.0,89.0,89.0,95.0,6,spring,89.42857142857143,16.625357142857144
3099,1,2024-06-09 03:00:00+00:00,16.147,16.097,15.547,17.747,18.647,17.046999,13.8955,93.0,88.0,91.0,83.0,86.0,88.0,94.0,6,spring,89.0,16.44678557142857
3100,1,2024-06-09 04:00:00+00:00,15.896999,15.646999,15.197,18.247,19.046999,17.847,15.1455,91.0,89.0,93.0,81.0,83.0,83.0,90.0,6,spring,87.14285714285714,16.71821385714286
3101,1,2024-06-09 05:00:00+00:00,17.197,17.347,17.247,19.097,19.647,19.197,16.9955,89.0,85.0,87.0,79.0,80.0,77.0,84.0,6,spring,83.0,18.103928571428572
3102,1,2024-06-09 06:00:00+00:00,19.847,19.897,20.097,20.497,20.447,20.747,18.9955,78.0,74.0,75.0,74.0,76.0,70.0,74.0,6,spring,74.42857142857143,20.075357142857143
3103,1,2024-06-09 07:00:00+00:00,21.197,21.347,21.796999,21.997,21.697,22.447,21.4955,70.0,67.0,67.0,67.0,71.0,64.0,64.0,6,spring,67.14285714285714,21.711071285714286
3104,1,2024-06-09 08:00:00+00:00,22.447,22.997,23.597,23.647,23.147,24.296999,24.1955,64.0,61.0,59.0,60.0,66.0,58.0,52.0,6,spring,60.0,23.475357
3105,1,2024-06-09 09:00:00+00:00,23.296999,24.046999,24.847,24.947,24.296999,25.796999,26.1955,61.0,56.0,54.0,54.0,61.0,53.0,44.0,6,spring,54.714285714285715,24.775356571428574
3106,1,2024-06-09 10:00:00+00:00,23.647,24.747,25.647,25.647,25.046999,26.747,27.0455,60.0,51.0,49.0,50.0,57.0,49.0,40.0,6,spring,50.857142857142854,25.503928428571424
3107,1,2024-06-09 11:00:00+00:00,23.847,24.747,25.947,25.997,25.497,27.347,27.1955,60.0,52.0,46.0,49.0,55.0,46.0,40.0,6,spring,49.714285714285715,25.796785714285715
3108,1,2024-06-09 12:00:00+00:00,24.247,23.796999,25.397,25.697,26.397,25.747,26.4955,57.0,58.0,50.0,50.0,47.0,54.0,42.0,6,spring,51.142857142857146,25.39678557142857
3109,1,2024-06-09 13:00:00+00:00,24.296999,23.697,25.347,25.197,26.147,25.447,24.345499,56.0,59.0,49.0,54.0,48.0,56.0,54.0,6,spring,53.714285714285715,24.925356857142855
3110,1,2024-06-09 14:00:00+00:00,23.947,23.296999,24.497,24.296999,25.497,24.796999,21.1955,56.0,60.0,52.0,60.0,51.0,59.0,71.0,6,spring,58.42857142857143,23.932499571428572
3111,1,2024-06-09 15:00:00+00:00,22.447,22.497,23.147,23.296999,24.697,23.897,18.595499,64.0,68.0,58.0,64.0,54.0,62.0,84.0,6,spring,64.85714285714286,22.653928285714283
3112,1,2024-06-09 16:00:00+00:00,20.796999,21.097,21.796999,22.247,23.546999,22.546999,17.2455,76.0,73.0,60.0,65.0,56.0,65.0,90.0,6,spring,69.28571428571429,21.325356571428568
3113,1,2024-06-09 17:00:00+00:00,20.347,20.296999,20.546999,21.147,22.147,20.897,16.4955,72.0,74.0,61.0,64.0,58.0,68.0,93.0,6,spring,70.0,20.268213999999997
3114,1,2024-06-09 18:00:00+00:00,20.097,19.296999,19.647,19.997,20.997,19.597,16.4955,67.0,73.0,63.0,66.0,60.0,71.0,91.0,6,spring,70.14285714285714,19.44678557142857
3115,1,2024-06-09 19:00:00+00:00,19.296999,18.796999,18.897,19.397,20.296999,18.897,16.4455,68.0,72.0,67.0,69.0,62.0,72.0,90.0,6,spring,71.42857142857143,18.861071000000003
3116,1,2024-06-09 20:00:00+00:00,18.997,18.397,18.747,18.997,19.847,18.546999,16.3955,69.0,74.0,68.0,71.0,65.0,73.0,89.0,6,spring,72.71428571428571,18.561071285714288
3117,1,2024-06-09 21:00:00+00:00,18.497,18.197,18.197,18.647,19.447,18.197,16.1955,74.0,76.0,69.0,74.0,67.0,74.0,88.0,6,spring,74.57142857142857,18.196785714285717
3118,1,2024-06-09 22:00:00+00:00,18.046999,17.847,17.747,18.247,19.097,17.796999,15.5955,77.0,77.0,72.0,76.0,68.0,75.0,89.0,6,spring,76.28571428571429,17.768214000000004
3119,1,2024-06-09 23:00:00+00:00,17.796999,17.296999,17.697,17.847,18.796999,17.447,14.7455,79.0,78.0,74.0,78.0,70.0,75.0,90.0,6,spring,77.71428571428571,17.375356714285715
3120,1,2024-06-10 00:00:00+00:00,17.546999,17.296999,17.747,18.296999,18.347,16.347,16.1955,81.0,79.0,74.0,75.0,76.0,79.0,84.0,6,spring,78.28571428571429,17.396785285714284
3121,1,2024-06-10 01:00:00+00:00,17.296999,16.947,17.597,17.847,17.497,15.597,15.2455,83.0,80.0,75.0,76.0,78.0,82.0,86.0,6,spring,80.0,16.861071285714285
3122,1,2024-06-10 02:00:00+00:00,17.147,16.447,17.397,17.347,16.447,14.847,14.0455,84.0,81.0,75.0,76.0,80.0,85.0,89.0,6,spring,81.42857142857143,16.239642857142858
3123,1,2024-06-10 03:00:00+00:00,16.947,15.847,16.697,17.247,16.047,14.747,13.5955,84.0,80.0,77.0,75.0,80.0,86.0,89.0,6,spring,81.57142857142857,15.875357142857142
3124,1,2024-06-10 04:00:00+00:00,16.497,15.347,15.947,17.647,16.647,15.697,14.3955,86.0,80.0,80.0,73.0,77.0,82.0,84.0,6,spring,80.28571428571429,16.02535714285714
3125,1,2024-06-10 05:00:00+00:00,17.497,16.697,17.147,18.397,17.796999,17.247,15.8955,85.0,79.0,79.0,69.0,73.0,76.0,76.0,6,spring,76.71428571428571,17.239642714285715
3126,1,2024-06-10 06:00:00+00:00,19.197,18.947,19.296999,19.546999,19.197,18.947,16.8955,71.0,69.0,69.0,68.0,68.0,70.0,73.0,6,spring,69.71428571428571,18.861071142857146
3127,1,2024-06-10 07:00:00+00:00,20.747,20.597,21.046999,20.947,20.847,20.697,19.4455,66.0,63.0,62.0,64.0,63.0,65.0,65.0,6,spring,64.0,20.618214142857145
3128,1,2024-06-10 08:00:00+00:00,22.597,22.447,22.847,22.546999,22.747,22.597,22.2955,61.0,59.0,57.0,60.0,57.0,60.0,56.0,6,spring,58.57142857142857,22.582499857142857
3129,1,2024-06-10 09:00:00+00:00,23.847,23.947,24.347,23.847,24.247,24.097,24.4955,56.0,55.0,52.0,56.0,53.0,56.0,50.0,6,spring,54.0,24.118214285714284
3130,1,2024-06-10 10:00:00+00:00,24.546999,24.647,25.046999,24.647,25.147,25.147,25.7455,54.0,53.0,50.0,54.0,51.0,53.0,46.0,6,spring,51.57142857142857,24.989642571428565
3131,1,2024-06-10 11:00:00+00:00,24.947,25.097,25.397,25.147,25.697,25.796999,26.2955,53.0,51.0,50.0,52.0,50.0,51.0,45.0,6,spring,50.285714285714285,25.48249985714286
3132,1,2024-06-10 12:00:00+00:00,24.847,25.747,25.147,25.097,25.497,26.597,25.7955,54.0,48.0,52.0,53.0,50.0,46.0,46.0,6,spring,49.857142857142854,25.5325
3133,1,2024-06-10 13:00:00+00:00,25.097,25.597,24.897,25.046999,25.447,26.397,24.345499,54.0,49.0,52.0,53.0,50.0,47.0,52.0,6,spring,51.0,25.26107114285714
3134,1,2024-06-10 14:00:00+00:00,24.897,25.247,24.397,24.697,25.097,25.697,22.1455,55.0,49.0,52.0,54.0,50.0,49.0,61.0,6,spring,52.857142857142854,24.596785714285716
3135,1,2024-06-10 15:00:00+00:00,24.147,24.197,23.097,23.947,24.397,24.697,20.2955,57.0,53.0,58.0,56.0,52.0,52.0,67.0,6,spring,56.42857142857143,23.53964285714286
3136,1,2024-06-10 16:00:00+00:00,22.296999,22.046999,21.097,22.597,23.097,23.247,19.2955,65.0,59.0,63.0,59.0,55.0,55.0,69.0,6,spring,60.714285714285715,21.953928285714287
3137,1,2024-06-10 17:00:00+00:00,20.647,20.497,19.997,20.796999,21.447,21.447,18.6455,69.0,62.0,65.0,64.0,59.0,58.0,68.0,6,spring,63.57142857142857,20.49678557142857
3138,1,2024-06-10 18:00:00+00:00,19.497,19.397,18.296999,19.397,19.997,20.046999,16.8955,75.0,66.0,71.0,64.0,63.0,61.0,87.0,6,spring,69.57142857142857,19.075356857142854
3139,1,2024-06-10 19:00:00+00:00,18.997,18.597,17.647,18.347,18.997,19.347,16.7455,79.0,69.0,73.0,67.0,67.0,63.0,86.0,6,spring,72.0,18.382499999999997
3140,1,2024-06-10 20:00:00+00:00,18.847,18.097,17.197,17.497,18.197,19.046999,16.6455,81.0,71.0,75.0,70.0,71.0,66.0,85.0,6,spring,74.14285714285714,17.932499857142858
3141,1,2024-06-10 21:00:00+00:00,18.647,18.147,16.847,16.847,17.597,18.847,16.2955,80.0,72.0,76.0,73.0,75.0,67.0,85.0,6,spring,75.42857142857143,17.603928571428575
3142,1,2024-06-10 22:00:00+00:00,17.647,17.546999,16.397,16.447,17.147,18.647,15.3455,86.0,74.0,77.0,75.0,77.0,67.0,87.0,6,spring,77.57142857142857,17.025357
3143,1,2024-06-10 23:00:00+00:00,17.046999,16.647,16.047,16.247,16.897,18.546999,14.0955,90.0,79.0,79.0,76.0,79.0,67.0,89.0,6,spring,79.85714285714286,16.503928285714284
3144,1,2024-06-11 00:00:00+00:00,16.847,16.296999,16.047,16.197,15.947,17.647,12.9955,85.0,84.0,79.0,75.0,82.0,72.0,87.0,6,spring,80.57142857142857,15.996785571428571
3145,1,2024-06-11 01:00:00+00:00,16.047,15.747,15.847,15.447,15.447,17.247,12.1455,87.0,84.0,80.0,78.0,82.0,73.0,90.0,6,spring,82.0,15.418214285714285
3146,1,2024-06-11 02:00:00+00:00,15.247,14.847,15.497,14.646999,15.097,16.697,11.6455,89.0,87.0,81.0,81.0,82.0,74.0,93.0,6,spring,83.85714285714286,14.811071285714286
3147,1,2024-06-11 03:00:00+00:00,14.547,14.247,15.097,14.497,15.197,16.546999,11.8955,91.0,88.0,81.0,82.0,80.0,75.0,92.0,6,spring,84.14285714285714,14.575356999999999
3148,1,2024-06-11 04:00:00+00:00,13.947,13.947,14.797,15.396999,15.997,16.897,13.3455,92.0,88.0,83.0,80.0,77.0,75.0,86.0,6,spring,83.0,14.90392842857143
3149,1,2024-06-11 05:00:00+00:00,15.646999,16.097,16.296999,16.947,17.247,17.546999,15.5455,87.0,82.0,80.0,75.0,72.0,74.0,77.0,6,spring,78.14285714285714,16.475356714285716
3150,1,2024-06-11 06:00:00+00:00,18.597,18.647,18.247,18.697,18.747,18.647,17.9955,74.0,70.0,71.0,70.0,67.0,71.0,68.0,6,spring,70.14285714285714,18.511071428571427
3151,1,2024-06-11 07:00:00+00:00,20.697,20.747,20.296999,20.597,20.647,20.447,20.2455,67.0,63.0,64.0,64.0,62.0,65.0,61.0,6,spring,63.714285714285715,20.525356999999996
3152,1,2024-06-11 08:00:00+00:00,22.597,22.847,22.296999,22.747,22.747,22.647,22.5455,62.0,58.0,58.0,56.0,56.0,57.0,54.0,6,spring,57.285714285714285,22.632499857142857
3153,1,2024-06-11 09:00:00+00:00,24.046999,24.347,23.697,24.447,24.447,24.397,24.2955,57.0,53.0,53.0,50.0,52.0,51.0,49.0,6,spring,52.142857142857146,24.239642714285715
3154,1,2024-06-11 10:00:00+00:00,24.747,25.347,24.546999,25.447,25.447,25.447,25.3955,53.0,50.0,50.0,47.0,49.0,47.0,46.0,6,spring,48.857142857142854,25.19678557142857
3155,1,2024-06-11 11:00:00+00:00,25.447,25.897,25.546999,25.947,25.997,26.046999,25.9455,51.0,46.0,47.0,45.0,46.0,45.0,45.0,6,spring,46.42857142857143,25.832499714285714
3156,1,2024-06-11 12:00:00+00:00,25.497,25.397,26.497,25.647,25.796999,26.247,25.3955,50.0,50.0,44.0,45.0,47.0,44.0,48.0,6,spring,46.857142857142854,25.782499857142856
3157,1,2024-06-11 13:00:00+00:00,25.697,25.197,26.097,25.247,25.497,25.947,24.095499,49.0,51.0,43.0,46.0,47.0,44.0,53.0,6,spring,47.57142857142857,25.39678557142857
3158,1,2024-06-11 14:00:00+00:00,25.197,24.747,25.197,24.347,24.747,25.247,22.095499,50.0,52.0,47.0,48.0,47.0,44.0,60.0,6,spring,49.714285714285715,24.511071285714284
3159,1,2024-06-11 15:00:00+00:00,23.997,23.546999,23.897,23.147,23.796999,24.296999,20.3955,56.0,56.0,48.0,52.0,49.0,46.0,66.0,6,spring,53.285714285714285,23.296785285714286
3160,1,2024-06-11 16:00:00+00:00,21.796999,21.647,21.347,21.497,22.447,22.947,19.4455,64.0,63.0,55.0,57.0,52.0,49.0,69.0,6,spring,58.42857142857143,21.589642714285713
3161,1,2024-06-11 17:00:00+00:00,20.546999,20.747,19.847,19.546999,20.897,21.296999,18.845499,65.0,66.0,60.0,63.0,57.0,54.0,70.0,6,spring,62.142857142857146,20.24678514285714
3162,1,2024-06-11 18:00:00+00:00,20.796999,19.597,18.947,18.397,19.497,19.997,18.4955,68.0,75.0,65.0,66.0,61.0,58.0,69.0,6,spring,66.0,19.389642714285714
3163,1,2024-06-11 19:00:00+00:00,20.147,18.847,18.247,17.447,18.497,19.397,18.1455,71.0,78.0,70.0,70.0,65.0,62.0,69.0,6,spring,69.28571428571429,18.67535714285714
3164,1,2024-06-11 20:00:00+00:00,19.097,18.197,17.497,16.847,17.697,19.097,17.8955,77.0,80.0,74.0,73.0,69.0,65.0,68.0,6,spring,72.28571428571429,18.046785714285715
3165,1,2024-06-11 21:00:00+00:00,17.897,17.247,16.897,16.347,16.947,18.747,17.595499,82.0,84.0,78.0,75.0,73.0,68.0,68.0,6,spring,75.42857142857143,17.382499857142857
3166,1,2024-06-11 22:00:00+00:00,17.247,16.997,16.097,15.947,16.247,18.046999,17.2455,83.0,83.0,82.0,77.0,76.0,70.0,68.0,6,spring,77.0,16.832499857142857
3167,1,2024-06-11 23:00:00+00:00,16.947,16.796999,15.747,15.697,15.597,17.247,16.8955,83.0,82.0,83.0,78.0,78.0,72.0,69.0,6,spring,77.85714285714286,16.418214142857142
3168,1,2024-06-12 00:00:00+00:00,15.797,15.797,15.547,15.997,15.547,16.397,15.695499,85.0,95.0,83.0,77.0,79.0,80.0,92.0,6,spring,84.42857142857143,15.825356999999999
3169,1,2024-06-12 01:00:00+00:00,14.697,14.646999,15.297,15.347,15.247,16.197,14.5455,90.0,96.0,84.0,79.0,80.0,81.0,93.0,6,spring,86.14285714285714,15.139642714285714
3170,1,2024-06-12 02:00:00+00:00,13.947,14.197,15.447,14.697,14.997,16.197,13.0955,92.0,93.0,83.0,81.0,81.0,81.0,94.0,6,spring,86.42857142857143,14.65392857142857
3171,1,2024-06-12 03:00:00+00:00,13.396999,13.646999,15.547,14.597,15.146999,16.497,12.4955,92.0,92.0,83.0,81.0,80.0,80.0,93.0,6,spring,85.85714285714286,14.475356714285713
3172,1,2024-06-12 04:00:00+00:00,13.047,13.197,15.447,15.497,15.947,17.197,13.3955,93.0,92.0,83.0,79.0,78.0,76.0,88.0,6,spring,84.14285714285714,14.818214285714287
3173,1,2024-06-12 05:00:00+00:00,14.997,14.947,16.597,16.997,17.147,18.247,15.1455,88.0,90.0,84.0,75.0,74.0,71.0,82.0,6,spring,80.57142857142857,16.296785714285715
3174,1,2024-06-12 06:00:00+00:00,18.497,18.597,18.947,18.747,18.597,19.546999,17.3955,73.0,74.0,70.0,70.0,70.0,66.0,73.0,6,spring,70.85714285714286,18.61821414285714
3175,1,2024-06-12 07:00:00+00:00,20.796999,20.796999,20.796999,20.597,20.497,21.296999,20.0455,66.0,65.0,62.0,65.0,64.0,60.0,65.0,6,spring,63.857142857142854,20.689642285714285
3176,1,2024-06-12 08:00:00+00:00,22.796999,22.796999,22.697,22.697,22.597,23.296999,22.9955,60.0,61.0,59.0,60.0,58.0,54.0,56.0,6,spring,58.285714285714285,22.83964242857143
3177,1,2024-06-12 09:00:00+00:00,24.497,24.497,24.397,24.397,24.347,24.897,25.1955,53.0,55.0,55.0,55.0,52.0,49.0,49.0,6,spring,52.57142857142857,24.603928571428572
3178,1,2024-06-12 10:00:00+00:00,25.347,25.097,25.546999,25.447,25.447,25.947,26.1955,48.0,51.0,51.0,51.0,47.0,46.0,45.0,6,spring,48.42857142857143,25.575357
3179,1,2024-06-12 11:00:00+00:00,26.097,26.046999,26.147,26.046999,26.197,26.647,26.3955,46.0,48.0,48.0,47.0,43.0,44.0,42.0,6,spring,45.42857142857143,26.225356857142856
3180,1,2024-06-12 12:00:00+00:00,26.347,26.347,26.147,26.847,24.997,26.796999,26.1955,46.0,47.0,48.0,44.0,50.0,40.0,40.0,6,spring,45.0,26.239642714285715
3181,1,2024-06-12 13:00:00+00:00,26.597,26.247,26.296999,26.697,24.697,26.546999,24.6455,45.0,48.0,47.0,43.0,50.0,40.0,47.0,6,spring,45.714285714285715,25.961071142857143
3182,1,2024-06-12 14:00:00+00:00,26.247,26.147,26.097,26.147,23.897,25.796999,22.345499,44.0,46.0,46.0,44.0,52.0,41.0,57.0,6,spring,47.142857142857146,25.23964257142857
3183,1,2024-06-12 15:00:00+00:00,25.046999,24.847,25.197,25.147,22.847,24.747,20.2955,50.0,52.0,49.0,46.0,54.0,43.0,65.0,6,spring,51.285714285714285,24.018214142857143
3184,1,2024-06-12 16:00:00+00:00,22.497,22.497,22.397,23.497,21.546999,23.347,18.9955,60.0,60.0,59.0,51.0,58.0,46.0,70.0,6,spring,57.714285714285715,22.11107128571428
3185,1,2024-06-12 17:00:00+00:00,21.097,20.897,20.747,21.447,20.046999,21.647,18.0455,60.0,62.0,63.0,58.0,62.0,50.0,74.0,6,spring,61.285714285714285,20.561071285714288
3186,1,2024-06-12 18:00:00+00:00,19.296999,19.447,19.947,18.897,18.697,20.097,17.2955,65.0,64.0,64.0,65.0,66.0,54.0,79.0,6,spring,65.28571428571429,19.096785571428573
3187,1,2024-06-12 19:00:00+00:00,18.097,18.747,18.796999,17.546999,17.697,18.997,16.4955,70.0,69.0,67.0,71.0,69.0,59.0,80.0,6,spring,69.28571428571429,18.053928285714285
3188,1,2024-06-12 20:00:00+00:00,16.697,18.097,17.697,16.546999,16.847,18.046999,15.7455,77.0,72.0,71.0,77.0,72.0,65.0,81.0,6,spring,73.57142857142857,17.096785428571426
3189,1,2024-06-12 21:00:00+00:00,15.497,17.347,17.147,15.747,16.047,17.046999,15.0955,82.0,76.0,73.0,81.0,75.0,71.0,82.0,6,spring,77.14285714285714,16.275357
3190,1,2024-06-12 22:00:00+00:00,14.597,16.647,16.847,15.146999,15.247,15.896999,14.5455,86.0,79.0,76.0,84.0,79.0,76.0,83.0,6,spring,80.42857142857143,15.561071142857143
3191,1,2024-06-12 23:00:00+00:00,13.847,15.896999,16.546999,14.697,14.497,14.697,14.0455,90.0,83.0,80.0,85.0,83.0,82.0,85.0,6,spring,84.0,14.889642571428572
3192,1,2024-06-13 00:00:00+00:00,13.847,14.347,15.547,15.297,13.697,14.347,13.8955,89.0,90.0,84.0,84.0,85.0,82.0,93.0,6,spring,86.71428571428571,14.425357142857141
3193,1,2024-06-13 01:00:00+00:00,13.447,13.697,14.396999,14.547,12.847,14.047,13.1455,91.0,92.0,89.0,86.0,89.0,83.0,94.0,6,spring,89.14285714285714,13.732499857142855
3194,1,2024-06-13 02:00:00+00:00,13.146999,13.597,13.697,13.747,12.047,13.896999,12.4955,92.0,90.0,91.0,88.0,92.0,83.0,94.0,6,spring,90.0,13.232499714285714
3195,1,2024-06-13 03:00:00+00:00,12.896999,13.597,13.396999,13.697,12.097,14.247,12.5955,93.0,88.0,91.0,88.0,92.0,82.0,92.0,6,spring,89.42857142857143,13.218214
3196,1,2024-06-13 04:00:00+00:00,12.547,13.547,13.396999,14.947,13.646999,15.396999,13.7455,94.0,88.0,91.0,84.0,87.0,79.0,88.0,6,spring,87.28571428571429,13.88964242857143
3197,1,2024-06-13 05:00:00+00:00,14.697,15.597,15.597,16.997,16.047,17.097,15.5955,89.0,85.0,87.0,78.0,80.0,74.0,81.0,6,spring,82.0,15.946785714285715
3198,1,2024-06-13 06:00:00+00:00,18.697,18.697,18.847,19.147,18.497,18.947,17.595499,73.0,72.0,73.0,71.0,72.0,69.0,69.0,6,spring,71.28571428571429,18.632499857142857
3199,1,2024-06-13 07:00:00+00:00,21.397,21.347,21.296999,21.147,20.847,21.046999,20.1455,64.0,63.0,65.0,64.0,64.0,63.0,61.0,6,spring,63.42857142857143,21.032499714285713
3200,1,2024-06-13 08:00:00+00:00,23.296999,23.296999,23.296999,23.147,23.247,23.347,22.9455,58.0,58.0,60.0,57.0,56.0,57.0,52.0,6,spring,56.857142857142854,23.225356714285713
3201,1,2024-06-13 09:00:00+00:00,24.847,24.947,24.747,24.747,25.097,25.197,25.095499,53.0,52.0,53.0,51.0,49.0,51.0,45.0,6,spring,50.57142857142857,24.953928428571427
3202,1,2024-06-13 10:00:00+00:00,25.796999,25.796999,25.697,25.897,26.197,26.296999,26.2955,47.0,47.0,48.0,47.0,45.0,46.0,41.0,6,spring,45.857142857142854,25.996785285714285
3203,1,2024-06-13 11:00:00+00:00,26.447,26.497,26.296999,26.647,26.796999,26.997,26.7955,45.0,44.0,47.0,44.0,42.0,42.0,39.0,6,spring,43.285714285714285,26.639642571428574
3204,1,2024-06-13 12:00:00+00:00,26.546999,26.847,26.597,26.997,27.546999,26.447,25.6955,46.0,43.0,46.0,44.0,41.0,46.0,41.0,6,spring,43.857142857142854,26.668214000000003
3205,1,2024-06-13 13:00:00+00:00,26.447,26.847,26.697,27.046999,27.597,26.347,24.4955,46.0,43.0,46.0,44.0,40.0,46.0,47.0,6,spring,44.57142857142857,26.49678557142857
3206,1,2024-06-13 14:00:00+00:00,26.247,26.697,26.497,26.747,27.247,25.897,22.6455,47.0,43.0,46.0,44.0,41.0,47.0,56.0,6,spring,46.285714285714285,25.996785714285714
3207,1,2024-06-13 15:00:00+00:00,25.546999,25.796999,25.597,25.897,26.397,24.947,20.8955,48.0,46.0,48.0,48.0,44.0,50.0,63.0,6,spring,49.57142857142857,25.01107114285714
3208,1,2024-06-13 16:00:00+00:00,23.347,23.296999,23.347,24.197,24.597,23.097,19.345499,58.0,57.0,59.0,56.0,52.0,56.0,66.0,6,spring,57.714285714285715,23.032499714285713
3209,1,2024-06-13 17:00:00+00:00,20.897,21.947,21.747,21.947,22.247,20.697,17.845499,72.0,64.0,67.0,67.0,64.0,63.0,68.0,6,spring,66.42857142857143,21.04678557142857
3210,1,2024-06-13 18:00:00+00:00,20.397,20.296999,19.997,20.046999,20.347,18.796999,18.595499,73.0,76.0,78.0,76.0,73.0,70.0,66.0,6,spring,73.14285714285714,19.78249942857143
3211,1,2024-06-13 19:00:00+00:00,19.046999,19.947,19.397,19.197,19.247,17.796999,18.1455,81.0,78.0,81.0,80.0,79.0,76.0,66.0,6,spring,77.28571428571429,18.968213999999996
3212,1,2024-06-13 20:00:00+00:00,17.947,19.046999,19.046999,18.897,18.597,17.247,17.845499,87.0,84.0,85.0,82.0,83.0,82.0,65.0,6,spring,81.14285714285714,18.375356714285715
3213,1,2024-06-13 21:00:00+00:00,17.296999,18.647,18.647,18.647,18.147,16.796999,17.2955,88.0,86.0,87.0,84.0,86.0,87.0,66.0,6,spring,83.42857142857143,17.925356857142855
3214,1,2024-06-13 22:00:00+00:00,16.796999,18.197,18.347,18.397,17.897,16.296999,16.1955,89.0,89.0,89.0,86.0,87.0,89.0,70.0,6,spring,85.57142857142857,17.446785428571427
3215,1,2024-06-13 23:00:00+00:00,16.197,17.847,18.097,18.197,17.796999,15.896999,14.8955,92.0,90.0,91.0,87.0,88.0,90.0,76.0,6,spring,87.71428571428571,16.98964257142857
3216,1,2024-06-14 00:00:00+00:00,16.347,17.296999,17.546999,17.647,17.147,15.747,14.7955,92.0,94.0,84.0,89.0,88.0,83.0,84.0,6,spring,87.71428571428571,16.646785428571427
3217,1,2024-06-14 01:00:00+00:00,16.097,17.147,17.347,17.147,16.597,15.347,14.6455,93.0,91.0,82.0,90.0,90.0,83.0,85.0,6,spring,87.71428571428571,16.3325
3218,1,2024-06-14 02:00:00+00:00,15.896999,17.247,17.347,16.647,15.997,15.097,14.695499,90.0,83.0,80.0,90.0,93.0,83.0,85.0,6,spring,86.28571428571429,16.132499714285714
3219,1,2024-06-14 03:00:00+00:00,15.896999,16.997,17.296999,16.647,15.997,15.396999,15.0955,84.0,82.0,79.0,89.0,93.0,82.0,83.0,6,spring,84.57142857142857,16.189642428571428
3220,1,2024-06-14 04:00:00+00:00,15.847,16.597,17.097,17.447,16.897,16.497,15.9955,82.0,85.0,81.0,86.0,90.0,79.0,79.0,6,spring,83.14285714285714,16.625357142857144
3221,1,2024-06-14 05:00:00+00:00,17.247,17.497,17.997,18.697,18.347,18.097,17.2455,82.0,87.0,83.0,82.0,85.0,74.0,72.0,6,spring,80.71428571428571,17.875357142857144
3222,1,2024-06-14 06:00:00+00:00,19.497,19.997,19.747,20.447,19.897,19.796999,18.595499,73.0,74.0,74.0,76.0,79.0,69.0,75.0,6,spring,74.28571428571429,19.711071142857143
3223,1,2024-06-14 07:00:00+00:00,21.747,22.046999,21.397,21.847,21.546999,21.546999,20.095499,65.0,65.0,67.0,69.0,71.0,64.0,69.0,6,spring,67.14285714285714,21.461070857142857
3224,1,2024-06-14 08:00:00+00:00,23.747,23.997,23.046999,23.347,23.296999,23.296999,21.6955,59.0,58.0,62.0,61.0,62.0,58.0,62.0,6,spring,60.285714285714285,23.203928142857144
3225,1,2024-06-14 09:00:00+00:00,25.147,25.597,24.597,24.597,24.747,24.796999,23.095499,51.0,51.0,54.0,55.0,55.0,53.0,56.0,6,spring,53.57142857142857,24.65392828571429
3226,1,2024-06-14 10:00:00+00:00,26.147,26.647,25.597,25.546999,25.747,25.897,24.2455,46.0,45.0,49.0,51.0,51.0,49.0,52.0,6,spring,49.0,25.689642714285714
3227,1,2024-06-14 11:00:00+00:00,26.747,27.397,26.447,26.197,26.447,26.647,25.095499,43.0,42.0,46.0,49.0,48.0,45.0,49.0,6,spring,46.0,26.425356999999995
3228,1,2024-06-14 12:00:00+00:00,26.997,27.147,27.097,26.397,26.497,26.947,26.2955,43.0,41.0,44.0,49.0,48.0,46.0,44.0,6,spring,45.0,26.768214285714286
3229,1,2024-06-14 13:00:00+00:00,27.097,27.197,27.197,26.147,26.347,26.947,24.6955,41.0,42.0,43.0,49.0,48.0,45.0,51.0,6,spring,45.57142857142857,26.51821428571429
3230,1,2024-06-14 14:00:00+00:00,26.947,27.046999,26.897,25.546999,25.747,26.546999,22.345499,39.0,42.0,43.0,51.0,50.0,46.0,62.0,6,spring,47.57142857142857,25.868213714285712
3231,1,2024-06-14 15:00:00+00:00,25.597,26.046999,25.847,24.546999,24.847,25.697,20.2955,45.0,46.0,47.0,54.0,54.0,49.0,72.0,6,spring,52.42857142857143,24.696785428571427
3232,1,2024-06-14 16:00:00+00:00,23.097,23.747,23.497,22.997,23.397,24.097,18.8955,53.0,54.0,57.0,60.0,61.0,57.0,79.0,6,spring,60.142857142857146,22.818214285714287
3233,1,2024-06-14 17:00:00+00:00,21.796999,21.546999,21.947,21.097,21.597,22.046999,17.845499,60.0,70.0,60.0,68.0,70.0,68.0,86.0,6,spring,68.85714285714286,21.125356571428572
3234,1,2024-06-14 18:00:00+00:00,20.497,20.597,19.997,20.897,20.197,20.397,17.095499,66.0,77.0,79.0,73.0,78.0,77.0,90.0,6,spring,77.14285714285714,19.953928428571427
3235,1,2024-06-14 19:00:00+00:00,18.747,19.447,18.997,19.997,19.497,19.497,16.6455,78.0,83.0,85.0,78.0,82.0,83.0,92.0,6,spring,83.0,18.975357142857142
3236,1,2024-06-14 20:00:00+00:00,18.247,18.897,18.947,19.397,19.147,18.947,16.3955,83.0,84.0,86.0,81.0,85.0,87.0,93.0,6,spring,85.57142857142857,18.568214285714284
3237,1,2024-06-14 21:00:00+00:00,17.647,18.497,19.197,18.947,18.897,18.497,16.1955,87.0,86.0,83.0,83.0,87.0,90.0,93.0,6,spring,87.0,18.268214285714286
3238,1,2024-06-14 22:00:00+00:00,16.947,18.197,18.796999,18.597,18.647,18.097,16.095499,91.0,88.0,84.0,85.0,88.0,91.0,93.0,6,spring,88.57142857142857,17.911071142857146
3239,1,2024-06-14 23:00:00+00:00,16.447,17.947,18.397,18.347,18.447,17.847,16.095499,92.0,91.0,86.0,87.0,88.0,91.0,92.0,6,spring,89.57142857142857,17.646785571428573
3240,1,2024-06-15 00:00:00+00:00,15.697,17.347,18.147,18.397,17.747,17.097,16.2955,89.0,94.0,85.0,85.0,86.0,90.0,93.0,6,spring,88.85714285714286,17.246785714285714
3241,1,2024-06-15 01:00:00+00:00,15.597,17.347,18.097,18.147,17.647,16.347,16.2455,86.0,93.0,86.0,86.0,85.0,93.0,93.0,6,spring,88.85714285714286,17.06107142857143
3242,1,2024-06-15 02:00:00+00:00,15.197,17.447,17.997,17.897,17.647,15.597,16.1455,86.0,91.0,86.0,87.0,84.0,95.0,92.0,6,spring,88.71428571428571,16.846785714285712
3243,1,2024-06-15 03:00:00+00:00,14.646999,17.497,18.046999,17.997,17.947,15.497,16.095499,87.0,88.0,85.0,86.0,82.0,95.0,92.0,6,spring,87.85714285714286,16.818213857142858
3244,1,2024-06-15 04:00:00+00:00,14.146999,17.296999,17.897,18.597,18.597,16.597,16.0455,89.0,86.0,87.0,83.0,78.0,90.0,92.0,6,spring,86.42857142857143,17.02535685714286
3245,1,2024-06-15 05:00:00+00:00,16.397,18.247,18.997,19.546999,19.546999,18.397,16.0455,85.0,85.0,86.0,79.0,74.0,83.0,92.0,6,spring,83.42857142857143,18.168214
3246,1,2024-06-15 06:00:00+00:00,19.897,19.897,20.947,20.546999,20.697,20.247,16.7955,72.0,74.0,72.0,75.0,69.0,75.0,90.0,6,spring,75.28571428571429,19.861071285714285
3247,1,2024-06-15 07:00:00+00:00,22.147,22.046999,22.697,22.046999,22.147,22.147,18.9455,67.0,69.0,67.0,69.0,65.0,67.0,80.0,6,spring,69.14285714285714,21.73964257142857
3248,1,2024-06-15 08:00:00+00:00,24.296999,24.097,24.397,23.747,23.796999,24.147,21.845499,58.0,60.0,60.0,63.0,60.0,58.0,67.0,6,spring,60.857142857142854,23.761070999999998
3249,1,2024-06-15 09:00:00+00:00,25.947,25.497,25.647,25.147,25.147,25.747,24.095499,49.0,51.0,51.0,57.0,56.0,51.0,57.0,6,spring,53.142857142857146,25.31821414285714
3250,1,2024-06-15 10:00:00+00:00,26.897,26.347,26.447,26.046999,26.046999,26.747,25.2455,43.0,46.0,46.0,53.0,52.0,46.0,51.0,6,spring,48.142857142857146,26.253928285714284
3251,1,2024-06-15 11:00:00+00:00,27.347,26.647,26.897,26.597,26.697,27.347,25.6955,42.0,45.0,45.0,49.0,48.0,42.0,47.0,6,spring,45.42857142857143,26.746785714285718
3252,1,2024-06-15 12:00:00+00:00,27.647,26.997,27.197,26.847,27.046999,26.597,26.1955,40.0,42.0,44.0,46.0,45.0,48.0,45.0,6,spring,44.285714285714285,26.932499857142858
3253,1,2024-06-15 13:00:00+00:00,27.697,26.997,27.497,26.947,27.097,26.597,24.9455,39.0,42.0,44.0,45.0,45.0,48.0,53.0,6,spring,45.142857142857146,26.825357142857147
3254,1,2024-06-15 14:00:00+00:00,27.647,26.847,27.347,26.747,26.796999,26.247,23.1455,39.0,41.0,44.0,45.0,46.0,49.0,65.0,6,spring,47.0,26.396785571428573
3255,1,2024-06-15 15:00:00+00:00,26.397,25.796999,26.296999,25.947,25.947,25.497,21.2955,43.0,45.0,46.0,49.0,50.0,53.0,76.0,6,spring,51.714285714285715,25.311071142857145
3256,1,2024-06-15 16:00:00+00:00,23.947,23.697,23.397,24.046999,24.197,23.997,19.2455,52.0,53.0,63.0,59.0,58.0,61.0,84.0,6,spring,61.42857142857143,23.21821414285714
3257,1,2024-06-15 17:00:00+00:00,22.447,21.747,21.447,21.546999,21.897,22.046999,17.1455,58.0,63.0,75.0,73.0,69.0,71.0,91.0,6,spring,71.42857142857143,21.182499714285715
3258,1,2024-06-15 18:00:00+00:00,20.097,20.847,20.046999,20.347,19.997,20.447,16.7955,79.0,72.0,81.0,84.0,78.0,79.0,92.0,6,spring,80.71428571428571,19.79678557142857
3259,1,2024-06-15 19:00:00+00:00,19.296999,19.796999,19.497,19.397,18.947,19.497,16.4955,86.0,78.0,85.0,88.0,84.0,85.0,93.0,6,spring,85.57142857142857,18.989642571428572
3260,1,2024-06-15 20:00:00+00:00,18.697,19.296999,19.296999,18.897,18.296999,18.897,16.7455,90.0,83.0,88.0,88.0,87.0,89.0,92.0,6,spring,88.14285714285714,18.589642428571427
3261,1,2024-06-15 21:00:00+00:00,18.397,18.796999,18.947,18.546999,17.847,18.397,16.9955,91.0,85.0,89.0,88.0,90.0,92.0,91.0,6,spring,89.42857142857143,18.275356857142857
3262,1,2024-06-15 22:00:00+00:00,18.097,18.546999,18.747,18.197,17.597,17.997,16.9955,93.0,85.0,91.0,90.0,92.0,94.0,90.0,6,spring,90.71428571428571,18.025357000000003
3263,1,2024-06-15 23:00:00+00:00,18.046999,17.997,18.546999,17.997,17.546999,17.697,16.9455,94.0,86.0,91.0,91.0,93.0,94.0,90.0,6,spring,91.28571428571429,17.825356714285714
3264,1,2024-06-16 00:00:00+00:00,17.947,18.147,17.947,18.046999,17.697,17.247,15.9955,90.0,88.0,94.0,89.0,92.0,92.0,94.0,6,spring,91.28571428571429,17.575357
3265,1,2024-06-16 01:00:00+00:00,17.597,17.997,17.847,17.897,17.546999,17.247,15.945499,90.0,87.0,93.0,88.0,92.0,91.0,94.0,6,spring,90.71428571428571,17.43964257142857
3266,1,2024-06-16 02:00:00+00:00,17.197,17.847,17.847,17.796999,17.597,17.347,16.095499,91.0,87.0,90.0,87.0,89.0,89.0,93.0,6,spring,89.42857142857143,17.389642571428574
3267,1,2024-06-16 03:00:00+00:00,16.796999,17.897,17.897,17.947,17.897,17.647,16.4955,89.0,85.0,86.0,85.0,86.0,86.0,91.0,6,spring,86.85714285714286,17.511071285714284
3268,1,2024-06-16 04:00:00+00:00,16.497,17.897,17.796999,18.397,18.447,18.197,16.8955,89.0,84.0,84.0,81.0,81.0,81.0,90.0,6,spring,84.28571428571429,17.73249985714286
3269,1,2024-06-16 05:00:00+00:00,17.697,18.447,18.347,19.147,19.197,18.997,17.5455,88.0,82.0,85.0,77.0,75.0,75.0,89.0,6,spring,81.57142857142857,18.482499999999998
3270,1,2024-06-16 06:00:00+00:00,19.747,19.597,19.947,20.697,20.197,19.997,19.9955,81.0,79.0,75.0,71.0,69.0,69.0,75.0,6,spring,74.14285714285714,20.025357142857143
3271,1,2024-06-16 07:00:00+00:00,21.247,21.247,21.597,22.247,21.647,21.397,22.2455,77.0,75.0,69.0,65.0,63.0,64.0,67.0,6,spring,68.57142857142857,21.66107142857143
3272,1,2024-06-16 08:00:00+00:00,22.897,23.097,23.397,23.997,23.397,22.997,24.845499,71.0,70.0,66.0,60.0,57.0,59.0,57.0,6,spring,62.857142857142854,23.51821414285714
3273,1,2024-06-16 09:00:00+00:00,24.046999,24.597,24.997,25.397,24.796999,24.296999,26.4955,63.0,61.0,59.0,55.0,53.0,55.0,51.0,6,spring,56.714285714285715,24.94678528571428
3274,1,2024-06-16 10:00:00+00:00,24.597,25.397,25.697,26.147,25.747,25.197,26.4455,57.0,55.0,53.0,52.0,50.0,51.0,51.0,6,spring,52.714285714285715,25.603928571428572
3275,1,2024-06-16 11:00:00+00:00,25.197,25.847,26.347,26.447,26.347,25.847,25.4455,55.0,52.0,50.0,49.0,49.0,49.0,54.0,6,spring,51.142857142857146,25.925357142857145
3276,1,2024-06-16 12:00:00+00:00,24.447,26.397,26.847,26.546999,23.147,26.447,27.3955,61.0,49.0,48.0,48.0,59.0,48.0,41.0,6,spring,50.57142857142857,25.889642714285714
3277,1,2024-06-16 13:00:00+00:00,24.097,26.347,26.697,26.497,23.296999,26.347,25.6455,63.0,50.0,47.0,47.0,59.0,48.0,51.0,6,spring,52.142857142857146,25.561071285714288
3278,1,2024-06-16 14:00:00+00:00,22.497,26.046999,26.147,26.147,23.296999,25.796999,22.9455,73.0,50.0,46.0,48.0,60.0,49.0,66.0,6,spring,56.0,24.696785285714288
3279,1,2024-06-16 15:00:00+00:00,21.397,25.447,24.647,25.347,22.796999,24.897,20.595499,81.0,52.0,55.0,52.0,63.0,53.0,78.0,6,spring,62.0,23.589642571428566
3280,1,2024-06-16 16:00:00+00:00,20.497,22.997,22.546999,23.796999,21.447,23.497,19.095499,84.0,67.0,68.0,61.0,68.0,61.0,85.0,6,spring,70.57142857142857,21.98249957142857
3281,1,2024-06-16 17:00:00+00:00,19.897,20.947,20.847,21.847,19.697,21.747,17.9455,88.0,80.0,76.0,73.0,75.0,72.0,89.0,6,spring,79.0,20.41821428571429
3282,1,2024-06-16 18:00:00+00:00,18.947,19.647,20.247,19.697,18.247,20.347,16.4955,89.0,84.0,78.0,87.0,80.0,80.0,91.0,6,spring,84.14285714285714,19.089642857142856
3283,1,2024-06-16 19:00:00+00:00,18.347,19.147,19.747,18.897,17.546999,19.597,16.2955,90.0,84.0,83.0,91.0,83.0,84.0,92.0,6,spring,86.71428571428571,18.511071285714287
3284,1,2024-06-16 20:00:00+00:00,17.897,18.497,19.046999,18.347,17.147,19.147,16.595499,91.0,85.0,88.0,93.0,85.0,85.0,92.0,6,spring,88.42857142857143,18.09678542857143
3285,1,2024-06-16 21:00:00+00:00,17.796999,18.296999,18.697,17.796999,16.947,18.796999,16.7955,90.0,87.0,91.0,94.0,86.0,86.0,91.0,6,spring,89.28571428571429,17.875356571428572
3286,1,2024-06-16 22:00:00+00:00,17.296999,18.197,18.497,17.197,16.847,18.447,16.595499,92.0,87.0,91.0,95.0,85.0,87.0,91.0,6,spring,89.71428571428571,17.582499714285714
3287,1,2024-06-16 23:00:00+00:00,16.847,18.046999,18.147,16.597,16.897,18.147,16.2955,95.0,86.0,94.0,96.0,84.0,87.0,91.0,6,spring,90.42857142857143,17.282499857142856
3288,1,2024-06-17 00:00:00+00:00,16.897,17.296999,17.697,16.147,17.897,17.997,16.1955,94.0,92.0,92.0,92.0,90.0,82.0,93.0,6,spring,90.71428571428571,17.161071285714282
3289,1,2024-06-17 01:00:00+00:00,16.997,17.147,17.747,15.797,17.847,17.647,16.095499,91.0,89.0,89.0,90.0,89.0,80.0,93.0,6,spring,88.71428571428571,17.039642714285712
3290,1,2024-06-17 02:00:00+00:00,16.897,17.247,17.897,15.597,17.847,17.397,16.0455,88.0,83.0,82.0,88.0,87.0,78.0,92.0,6,spring,85.42857142857143,16.989642857142854
3291,1,2024-06-17 03:00:00+00:00,16.647,17.147,17.847,15.747,18.046999,17.397,16.1955,87.0,80.0,77.0,85.0,85.0,75.0,91.0,6,spring,82.85714285714286,17.003928428571427
3292,1,2024-06-17 04:00:00+00:00,16.296999,17.147,17.597,16.447,18.447,17.747,16.5455,88.0,76.0,77.0,81.0,82.0,73.0,89.0,6,spring,80.85714285714286,17.175357
3293,1,2024-06-17 05:00:00+00:00,17.447,17.247,17.747,17.497,18.997,18.397,17.095499,85.0,76.0,78.0,77.0,79.0,70.0,85.0,6,spring,78.57142857142857,17.775357
3294,1,2024-06-17 06:00:00+00:00,19.147,18.947,18.397,18.847,19.796999,19.347,19.2955,76.0,75.0,75.0,74.0,76.0,67.0,76.0,6,spring,74.14285714285714,19.111071285714285
3295,1,2024-06-17 07:00:00+00:00,20.747,20.247,19.597,19.947,21.046999,20.796999,21.6455,69.0,70.0,71.0,70.0,72.0,63.0,67.0,6,spring,68.85714285714286,20.575356857142854
3296,1,2024-06-17 08:00:00+00:00,22.397,21.747,20.947,21.447,22.597,22.546999,24.4455,65.0,67.0,66.0,64.0,68.0,59.0,57.0,6,spring,63.714285714285715,22.303928428571428
3297,1,2024-06-17 09:00:00+00:00,23.947,23.197,22.697,22.697,23.796999,23.997,26.3955,60.0,64.0,64.0,60.0,64.0,56.0,50.0,6,spring,59.714285714285715,23.81821414285714
3298,1,2024-06-17 10:00:00+00:00,24.847,24.296999,23.997,23.697,24.647,24.947,26.8955,55.0,59.0,61.0,57.0,61.0,53.0,47.0,6,spring,56.142857142857146,24.761071285714284
3299,1,2024-06-17 11:00:00+00:00,25.546999,25.046999,24.347,24.546999,25.147,25.546999,26.4955,52.0,55.0,58.0,55.0,58.0,50.0,46.0,6,spring,53.42857142857143,25.239642285714286
3300,1,2024-06-17 12:00:00+00:00,26.147,24.697,26.447,25.697,23.247,25.397,27.3955,49.0,55.0,48.0,51.0,65.0,53.0,41.0,6,spring,51.714285714285715,25.575357142857143
3301,1,2024-06-17 13:00:00+00:00,26.296999,24.697,26.447,25.747,23.546999,25.447,26.2455,48.0,55.0,47.0,51.0,64.0,52.0,48.0,6,spring,52.142857142857146,25.48964257142857
3302,1,2024-06-17 14:00:00+00:00,25.847,24.546999,26.296999,25.347,23.597,25.197,24.3955,49.0,55.0,47.0,52.0,65.0,52.0,60.0,6,spring,54.285714285714285,25.032499714285716
3303,1,2024-06-17 15:00:00+00:00,24.747,23.897,24.747,24.497,23.247,24.447,22.4955,54.0,58.0,54.0,56.0,67.0,55.0,70.0,6,spring,59.142857142857146,24.011071428571427
3304,1,2024-06-17 16:00:00+00:00,22.597,22.447,21.147,22.997,22.197,22.796999,20.595499,64.0,67.0,72.0,64.0,73.0,63.0,78.0,6,spring,68.71428571428571,22.111071142857146
3305,1,2024-06-17 17:00:00+00:00,20.397,20.897,20.147,21.046999,20.647,20.697,18.6455,77.0,75.0,78.0,74.0,81.0,75.0,85.0,6,spring,77.85714285714286,20.35392842857143
3306,1,2024-06-17 18:00:00+00:00,19.647,19.897,19.597,20.397,19.397,19.046999,16.7955,80.0,77.0,79.0,63.0,87.0,84.0,95.0,6,spring,80.71428571428571,19.25392842857143
3307,1,2024-06-17 19:00:00+00:00,19.147,19.147,18.597,19.296999,18.647,18.347,16.345499,81.0,82.0,82.0,69.0,89.0,88.0,97.0,6,spring,84.0,18.503928285714284
3308,1,2024-06-17 20:00:00+00:00,18.647,18.747,17.897,18.447,18.097,18.097,16.4455,84.0,80.0,78.0,75.0,88.0,90.0,95.0,6,spring,84.28571428571429,18.053928571428575
3309,1,2024-06-17 21:00:00+00:00,18.147,17.997,17.247,17.697,17.597,17.847,16.3955,86.0,79.0,76.0,80.0,88.0,92.0,94.0,6,spring,85.0,17.56107142857143
3310,1,2024-06-17 22:00:00+00:00,17.796999,17.597,16.497,16.947,17.097,17.397,15.8455,89.0,79.0,77.0,83.0,88.0,95.0,94.0,6,spring,86.42857142857143,17.025357
3311,1,2024-06-17 23:00:00+00:00,17.546999,17.197,15.747,16.247,16.597,16.947,15.0955,91.0,82.0,81.0,85.0,89.0,97.0,94.0,6,spring,88.42857142857143,16.48249985714286
3312,1,2024-06-18 00:00:00+00:00,14.747,16.897,15.297,14.997,16.197,17.347,16.3955,86.0,91.0,84.0,88.0,91.0,98.0,82.0,6,spring,88.57142857142857,15.9825
3313,1,2024-06-18 01:00:00+00:00,14.347,16.447,14.197,14.497,15.347,16.747,15.7455,85.0,87.0,89.0,89.0,90.0,97.0,83.0,6,spring,88.57142857142857,15.332499999999998
3314,1,2024-06-18 02:00:00+00:00,13.947,16.197,13.597,14.197,14.547,16.097,15.0955,85.0,80.0,90.0,89.0,89.0,95.0,83.0,6,spring,87.28571428571429,14.811071428571427
3315,1,2024-06-18 03:00:00+00:00,13.497,15.997,12.947,14.447,14.447,15.947,14.8955,85.0,79.0,90.0,87.0,87.0,92.0,82.0,6,spring,86.0,14.596785714285716
3316,1,2024-06-18 04:00:00+00:00,13.047,15.646999,12.597,15.497,15.447,16.546999,15.2955,85.0,82.0,89.0,83.0,83.0,88.0,80.0,6,spring,84.28571428571429,14.868214
3317,1,2024-06-18 05:00:00+00:00,14.747,16.597,14.347,17.097,17.197,17.647,16.1455,82.0,82.0,87.0,77.0,78.0,84.0,77.0,6,spring,81.0,16.25392857142857
3318,1,2024-06-18 06:00:00+00:00,18.296999,18.747,19.046999,18.497,19.046999,18.796999,18.595499,68.0,70.0,69.0,72.0,73.0,79.0,70.0,6,spring,71.57142857142857,18.71821357142857
3319,1,2024-06-18 07:00:00+00:00,20.847,20.697,20.847,20.597,20.997,19.997,21.3955,58.0,61.0,62.0,66.0,67.0,74.0,61.0,6,spring,64.14285714285714,20.768214285714286
3320,1,2024-06-18 08:00:00+00:00,23.046999,22.647,22.747,22.847,23.097,21.347,24.5455,54.0,58.0,59.0,59.0,61.0,68.0,51.0,6,spring,58.57142857142857,22.896785571428577
3321,1,2024-06-18 09:00:00+00:00,24.897,24.447,24.447,24.597,24.796999,22.497,26.7955,48.0,54.0,55.0,54.0,55.0,64.0,44.0,6,spring,53.42857142857143,24.639642714285717
3322,1,2024-06-18 10:00:00+00:00,25.947,25.546999,25.597,25.647,25.897,23.447,27.7955,45.0,50.0,50.0,50.0,50.0,61.0,40.0,6,spring,49.42857142857143,25.69678557142857
3323,1,2024-06-18 11:00:00+00:00,26.397,25.997,26.147,26.197,26.597,24.296999,27.9455,42.0,47.0,47.0,47.0,46.0,58.0,38.0,6,spring,46.42857142857143,26.225357000000002
3324,1,2024-06-18 12:00:00+00:00,26.447,25.897,26.296999,26.847,27.397,25.847,26.7955,43.0,48.0,45.0,41.0,42.0,51.0,40.0,6,spring,44.285714285714285,26.50392842857143
3325,1,2024-06-18 13:00:00+00:00,26.447,25.997,26.347,26.947,27.397,25.796999,24.9455,43.0,48.0,45.0,41.0,42.0,51.0,48.0,6,spring,45.42857142857143,26.268214142857143
3326,1,2024-06-18 14:00:00+00:00,26.147,25.796999,25.947,26.747,27.046999,25.347,21.9455,45.0,48.0,45.0,43.0,43.0,54.0,60.0,6,spring,48.285714285714285,25.568214000000005
3327,1,2024-06-18 15:00:00+00:00,25.296999,24.796999,24.847,25.997,26.247,24.647,19.4955,47.0,54.0,51.0,45.0,45.0,57.0,71.0,6,spring,52.857142857142854,24.475356857142856
3328,1,2024-06-18 16:00:00+00:00,23.847,23.497,22.897,24.347,24.647,23.546999,18.2955,55.0,60.0,59.0,47.0,48.0,63.0,78.0,6,spring,58.57142857142857,23.011071285714284
3329,1,2024-06-18 17:00:00+00:00,21.397,21.046999,20.897,22.247,22.597,22.197,17.6955,65.0,72.0,71.0,50.0,53.0,69.0,83.0,6,spring,66.14285714285714,21.15392842857143
3330,1,2024-06-18 18:00:00+00:00,20.397,21.147,20.947,20.347,20.747,20.847,17.1955,50.0,53.0,64.0,54.0,58.0,75.0,89.0,6,spring,63.285714285714285,20.232499999999998
3331,1,2024-06-18 19:00:00+00:00,19.397,19.847,19.747,19.247,19.447,19.597,16.4955,51.0,54.0,62.0,54.0,65.0,78.0,91.0,6,spring,65.0,19.111071428571428
3332,1,2024-06-18 20:00:00+00:00,18.697,18.997,18.897,18.546999,18.397,18.397,15.5455,55.0,56.0,61.0,53.0,72.0,80.0,93.0,6,spring,67.14285714285714,18.211071285714286
3333,1,2024-06-18 21:00:00+00:00,18.247,18.397,18.247,17.897,17.347,17.447,14.7955,60.0,61.0,61.0,53.0,78.0,81.0,94.0,6,spring,69.71428571428571,17.482499999999998
3334,1,2024-06-18 22:00:00+00:00,17.647,17.796999,17.647,17.397,16.247,16.847,14.3955,65.0,65.0,67.0,56.0,81.0,81.0,93.0,6,spring,72.57142857142857,16.85392842857143
3335,1,2024-06-18 23:00:00+00:00,16.997,16.997,17.097,16.997,15.197,16.447,14.2455,68.0,70.0,73.0,61.0,82.0,80.0,92.0,6,spring,75.14285714285714,16.2825
3336,1,2024-06-19 00:00:00+00:00,15.497,17.397,16.047,16.347,17.296999,15.847,14.695499,76.0,64.0,78.0,76.0,63.0,79.0,82.0,6,spring,74.0,16.161071142857143
3337,1,2024-06-19 01:00:00+00:00,14.997,16.546999,15.347,15.347,16.347,14.896999,13.8955,77.0,70.0,79.0,79.0,66.0,81.0,85.0,6,spring,76.71428571428571,15.339642571428572
3338,1,2024-06-19 02:00:00+00:00,14.447,15.797,14.797,14.297,15.197,14.047,13.2955,80.0,76.0,78.0,81.0,71.0,83.0,87.0,6,spring,79.42857142857143,14.553928571428571
3339,1,2024-06-19 03:00:00+00:00,14.047,15.247,14.297,14.047,14.797,13.947,13.4955,85.0,81.0,79.0,81.0,73.0,83.0,87.0,6,spring,81.28571428571429,14.268214285714285
3340,1,2024-06-19 04:00:00+00:00,13.847,14.697,13.947,15.146999,15.597,15.047,14.8455,88.0,85.0,84.0,79.0,73.0,80.0,82.0,6,spring,81.57142857142857,14.732499857142857
3341,1,2024-06-19 05:00:00+00:00,15.646999,16.447,15.697,17.046999,17.147,16.897,17.0455,85.0,83.0,85.0,76.0,71.0,75.0,74.0,6,spring,78.42857142857143,16.56107114285714
3342,1,2024-06-19 06:00:00+00:00,19.296999,19.397,19.197,18.997,18.947,18.947,19.2955,72.0,69.0,72.0,71.0,67.0,69.0,69.0,6,spring,69.85714285714286,19.153928428571426
3343,1,2024-06-19 07:00:00+00:00,21.647,21.697,21.447,20.897,21.097,21.197,21.8955,62.0,60.0,62.0,65.0,61.0,63.0,60.0,6,spring,61.857142857142854,21.41107142857143
3344,1,2024-06-19 08:00:00+00:00,23.796999,23.897,23.497,22.897,23.497,23.597,24.6955,55.0,54.0,57.0,59.0,52.0,56.0,51.0,6,spring,54.857142857142854,23.69678557142857
3345,1,2024-06-19 09:00:00+00:00,25.447,25.647,25.197,24.497,25.397,25.497,26.7955,49.0,49.0,51.0,54.0,46.0,50.0,43.0,6,spring,48.857142857142854,25.496785714285718
3346,1,2024-06-19 10:00:00+00:00,26.247,26.397,25.847,25.497,26.447,26.597,27.9955,45.0,44.0,48.0,50.0,43.0,45.0,38.0,6,spring,44.714285714285715,26.4325
3347,1,2024-06-19 11:00:00+00:00,26.647,27.247,26.397,26.097,26.997,27.197,28.4955,42.0,41.0,46.0,47.0,41.0,42.0,35.0,6,spring,42.0,27.011071428571427
3348,1,2024-06-19 12:00:00+00:00,26.046999,27.147,27.296999,26.847,27.147,27.347,27.1955,43.0,42.0,41.0,45.0,39.0,40.0,39.0,6,spring,41.285714285714285,27.003928285714288
3349,1,2024-06-19 13:00:00+00:00,25.697,26.897,27.247,26.747,27.046999,27.247,25.9455,43.0,42.0,41.0,45.0,40.0,41.0,44.0,6,spring,42.285714285714285,26.689642714285718
3350,1,2024-06-19 14:00:00+00:00,25.296999,26.197,26.497,26.296999,26.597,26.747,24.0455,43.0,43.0,42.0,47.0,44.0,43.0,51.0,6,spring,44.714285714285715,25.953928285714287
3351,1,2024-06-19 15:00:00+00:00,24.097,24.847,24.747,25.397,25.697,25.747,22.1955,47.0,46.0,51.0,49.0,47.0,46.0,58.0,6,spring,49.142857142857146,24.67535714285714
3352,1,2024-06-19 16:00:00+00:00,21.397,22.447,22.597,23.897,24.046999,23.947,20.4955,57.0,51.0,52.0,53.0,50.0,49.0,64.0,6,spring,53.714285714285715,22.689642714285714
3353,1,2024-06-19 17:00:00+00:00,19.847,20.697,20.947,21.947,21.997,21.697,18.845499,61.0,56.0,55.0,57.0,52.0,53.0,69.0,6,spring,57.57142857142857,20.85392842857143
3354,1,2024-06-19 18:00:00+00:00,18.347,19.647,19.296999,19.497,20.296999,19.747,17.2955,69.0,61.0,62.0,62.0,55.0,57.0,71.0,6,spring,62.42857142857143,19.161071142857143
3355,1,2024-06-19 19:00:00+00:00,17.397,18.847,18.546999,18.247,19.347,18.447,16.2455,73.0,66.0,66.0,67.0,58.0,62.0,76.0,6,spring,66.85714285714286,18.153928428571426
3356,1,2024-06-19 20:00:00+00:00,16.697,18.097,17.796999,17.296999,18.747,17.546999,15.4955,76.0,69.0,70.0,71.0,62.0,67.0,82.0,6,spring,71.0,17.38249957142857
3357,1,2024-06-19 21:00:00+00:00,16.546999,17.497,17.147,16.497,18.097,16.747,14.8955,76.0,71.0,72.0,75.0,66.0,72.0,86.0,6,spring,74.0,16.775357
3358,1,2024-06-19 22:00:00+00:00,16.347,16.897,16.697,15.797,17.197,16.097,14.445499,80.0,73.0,73.0,77.0,70.0,75.0,89.0,6,spring,76.71428571428571,16.211071285714286
3359,1,2024-06-19 23:00:00+00:00,16.097,16.647,16.847,15.197,16.296999,15.646999,14.195499,84.0,74.0,72.0,79.0,75.0,77.0,90.0,6,spring,78.71428571428571,15.846785285714285
3360,1,2024-06-20 00:00:00+00:00,16.497,15.947,16.647,15.447,15.597,15.297,14.0955,86.0,81.0,78.0,78.0,79.0,79.0,86.0,6,spring,81.0,15.646785714285713
3361,1,2024-06-20 01:00:00+00:00,16.897,15.497,16.397,14.997,15.047,14.797,13.3955,84.0,85.0,81.0,82.0,83.0,84.0,91.0,6,spring,84.28571428571429,15.289642857142855
3362,1,2024-06-20 02:00:00+00:00,17.447,15.297,15.997,14.597,14.547,14.396999,12.9955,81.0,86.0,83.0,86.0,88.0,89.0,95.0,6,spring,86.85714285714286,15.039642714285716
3363,1,2024-06-20 03:00:00+00:00,17.497,15.097,15.396999,14.847,14.697,14.697,13.3955,80.0,87.0,87.0,88.0,90.0,90.0,95.0,6,spring,88.14285714285714,15.089642714285715
3364,1,2024-06-20 04:00:00+00:00,17.397,14.847,15.047,16.047,15.947,16.047,14.8955,80.0,88.0,89.0,85.0,87.0,86.0,89.0,6,spring,86.28571428571429,15.746785714285712
3365,1,2024-06-20 05:00:00+00:00,17.997,16.847,16.997,17.847,17.897,18.046999,17.1455,80.0,84.0,83.0,79.0,80.0,79.0,78.0,6,spring,80.42857142857143,17.539642714285716
3366,1,2024-06-20 06:00:00+00:00,20.097,20.147,20.247,19.597,19.847,19.997,19.2955,72.0,72.0,70.0,73.0,73.0,71.0,70.0,6,spring,71.57142857142857,19.889642857142857
3367,1,2024-06-20 07:00:00+00:00,22.147,22.347,22.497,21.497,21.697,21.847,21.7455,62.0,62.0,60.0,66.0,66.0,64.0,60.0,6,spring,62.857142857142854,21.968214285714286
3368,1,2024-06-20 08:00:00+00:00,23.397,23.647,24.197,23.497,23.546999,23.647,24.2955,57.0,56.0,53.0,58.0,58.0,56.0,50.0,6,spring,55.42857142857143,23.74678557142857
3369,1,2024-06-20 09:00:00+00:00,24.197,24.447,25.597,25.097,25.046999,25.097,25.9955,53.0,53.0,48.0,51.0,51.0,50.0,44.0,6,spring,50.0,25.06821414285714
3370,1,2024-06-20 10:00:00+00:00,24.546999,24.397,26.296999,26.197,25.997,26.097,26.3955,50.0,53.0,44.0,46.0,47.0,45.0,43.0,6,spring,46.857142857142854,25.703928285714284
3371,1,2024-06-20 11:00:00+00:00,24.597,24.697,26.847,26.897,26.546999,26.747,25.9455,50.0,50.0,41.0,41.0,44.0,41.0,45.0,6,spring,44.57142857142857,26.039642714285716
3372,1,2024-06-20 12:00:00+00:00,24.697,25.796999,26.147,26.796999,26.247,26.796999,23.2955,48.0,47.0,44.0,41.0,45.0,42.0,58.0,6,spring,46.42857142857143,25.682499571428572
3373,1,2024-06-20 13:00:00+00:00,24.046999,25.097,25.697,26.447,26.097,26.697,23.0455,49.0,47.0,46.0,42.0,44.0,41.0,60.0,6,spring,47.0,25.303928428571428
3374,1,2024-06-20 14:00:00+00:00,24.347,24.447,24.497,25.697,25.647,26.247,23.095499,50.0,50.0,48.0,45.0,44.0,42.0,61.0,6,spring,48.57142857142857,24.85392842857143
3375,1,2024-06-20 15:00:00+00:00,23.347,23.397,23.046999,24.597,24.697,25.247,22.6955,52.0,53.0,52.0,49.0,47.0,45.0,63.0,6,spring,51.57142857142857,23.861071285714285
3376,1,2024-06-20 16:00:00+00:00,21.097,21.147,21.447,22.897,22.796999,23.197,21.2955,61.0,62.0,60.0,55.0,54.0,52.0,66.0,6,spring,58.57142857142857,21.98249985714286
3377,1,2024-06-20 17:00:00+00:00,19.296999,19.447,19.997,20.847,20.347,20.597,19.4455,70.0,71.0,66.0,62.0,63.0,61.0,69.0,6,spring,66.0,19.996785571428575
3378,1,2024-06-20 18:00:00+00:00,18.247,18.546999,18.647,20.296999,18.397,18.546999,17.9955,75.0,74.0,74.0,66.0,70.0,69.0,75.0,6,spring,71.85714285714286,18.668213857142856
3379,1,2024-06-20 19:00:00+00:00,17.546999,17.847,18.046999,19.397,17.347,17.497,16.8955,78.0,77.0,77.0,70.0,74.0,73.0,79.0,6,spring,75.42857142857143,17.79678542857143
3380,1,2024-06-20 20:00:00+00:00,16.997,17.046999,17.597,18.747,16.796999,16.997,15.945499,81.0,83.0,80.0,72.0,76.0,75.0,83.0,6,spring,78.57142857142857,17.161071
3381,1,2024-06-20 21:00:00+00:00,16.546999,16.647,17.447,18.147,16.347,16.597,15.195499,83.0,85.0,81.0,75.0,78.0,77.0,86.0,6,spring,80.71428571428571,16.703928285714287
3382,1,2024-06-20 22:00:00+00:00,15.997,16.397,17.046999,17.647,15.997,16.097,14.6455,85.0,85.0,82.0,78.0,81.0,81.0,89.0,6,spring,83.0,16.261071285714284
3383,1,2024-06-20 23:00:00+00:00,15.497,16.047,16.647,17.247,15.797,15.697,14.2955,88.0,85.0,84.0,80.0,85.0,85.0,91.0,6,spring,85.42857142857143,15.889642857142858
3384,1,2024-06-21 00:00:00+00:00,15.297,15.047,15.997,15.997,15.847,15.247,14.0955,87.0,90.0,86.0,87.0,88.0,90.0,91.0,6,summer,88.42857142857143,15.36107142857143
3385,1,2024-06-21 01:00:00+00:00,15.047,14.697,15.447,15.597,15.396999,14.797,13.4955,87.0,91.0,87.0,89.0,90.0,92.0,93.0,6,summer,89.85714285714286,14.925357
3386,1,2024-06-21 02:00:00+00:00,14.847,14.497,14.997,15.247,14.997,14.447,12.945499,86.0,92.0,89.0,91.0,91.0,92.0,95.0,6,summer,90.85714285714286,14.568214142857144
3387,1,2024-06-21 03:00:00+00:00,14.597,14.447,14.646999,15.497,15.247,14.747,13.195499,88.0,92.0,90.0,91.0,90.0,91.0,94.0,6,summer,90.85714285714286,14.625356857142858
3388,1,2024-06-21 04:00:00+00:00,14.497,14.396999,14.347,16.796999,16.447,16.097,14.695499,89.0,92.0,91.0,86.0,86.0,87.0,88.0,6,summer,88.42857142857143,15.325356714285714
3389,1,2024-06-21 05:00:00+00:00,16.597,16.397,16.447,18.697,18.247,18.147,16.9955,84.0,88.0,86.0,79.0,81.0,81.0,79.0,6,summer,82.57142857142857,17.361071428571428
3390,1,2024-06-21 06:00:00+00:00,19.947,19.847,19.997,20.597,20.147,20.147,19.3955,71.0,73.0,72.0,71.0,74.0,74.0,70.0,6,summer,72.14285714285714,20.011071428571427
3391,1,2024-06-21 07:00:00+00:00,21.897,21.647,22.247,22.247,22.197,22.046999,21.6955,60.0,61.0,59.0,64.0,66.0,66.0,61.0,6,summer,62.42857142857143,21.99678557142857
3392,1,2024-06-21 08:00:00+00:00,23.447,23.046999,23.647,23.796999,24.347,23.897,24.1455,55.0,56.0,53.0,56.0,56.0,57.0,52.0,6,summer,55.0,23.76107114285714
3393,1,2024-06-21 09:00:00+00:00,24.747,24.097,24.647,25.046999,25.947,25.247,25.7955,51.0,52.0,50.0,50.0,49.0,50.0,46.0,6,summer,49.714285714285715,25.075357
3394,1,2024-06-21 10:00:00+00:00,25.697,25.097,25.147,25.796999,26.697,25.947,26.2455,48.0,49.0,49.0,47.0,45.0,47.0,44.0,6,summer,47.0,25.803928428571428
3395,1,2024-06-21 11:00:00+00:00,26.097,25.796999,25.897,26.147,26.947,26.147,25.9455,46.0,46.0,46.0,46.0,44.0,46.0,45.0,6,summer,45.57142857142857,26.139642714285714
3396,1,2024-06-21 12:00:00+00:00,25.697,26.247,26.147,25.796999,26.247,25.997,26.3955,46.0,43.0,44.0,46.0,48.0,47.0,45.0,6,summer,45.57142857142857,26.075357
3397,1,2024-06-21 13:00:00+00:00,25.597,25.897,25.747,25.597,25.897,25.647,25.345499,46.0,43.0,45.0,45.0,48.0,48.0,50.0,6,summer,46.42857142857143,25.675356999999995
3398,1,2024-06-21 14:00:00+00:00,24.847,24.997,24.847,25.046999,25.147,24.997,23.6455,47.0,45.0,47.0,46.0,49.0,50.0,58.0,6,summer,48.857142857142854,24.789642714285716
3399,1,2024-06-21 15:00:00+00:00,23.397,23.647,23.397,23.997,24.046999,23.997,21.9955,50.0,47.0,51.0,48.0,52.0,53.0,66.0,6,summer,52.42857142857143,23.49678557142857
3400,1,2024-06-21 16:00:00+00:00,20.947,20.997,20.947,22.197,22.397,22.347,20.4455,57.0,56.0,57.0,54.0,57.0,59.0,72.0,6,summer,58.857142857142854,21.46821428571429
3401,1,2024-06-21 17:00:00+00:00,19.097,19.046999,18.897,19.947,20.397,20.296999,18.8955,63.0,64.0,64.0,62.0,63.0,67.0,78.0,6,summer,65.85714285714286,19.51107114285714
3402,1,2024-06-21 18:00:00+00:00,18.097,17.947,17.796999,17.697,18.796999,18.697,17.4955,65.0,67.0,67.0,66.0,68.0,73.0,89.0,6,summer,70.71428571428571,18.075356857142857
3403,1,2024-06-21 19:00:00+00:00,17.546999,17.347,17.147,16.796999,17.997,17.847,16.7455,65.0,68.0,69.0,69.0,70.0,77.0,92.0,6,summer,72.85714285714286,17.346785428571426
3404,1,2024-06-21 20:00:00+00:00,16.947,16.597,16.647,16.347,17.597,17.447,16.2455,68.0,72.0,74.0,71.0,70.0,79.0,92.0,6,summer,75.14285714285714,16.8325
3405,1,2024-06-21 21:00:00+00:00,16.397,15.896999,16.247,15.896999,17.247,17.046999,15.7955,73.0,77.0,74.0,73.0,70.0,81.0,92.0,6,summer,77.14285714285714,16.361071
3406,1,2024-06-21 22:00:00+00:00,15.997,15.396999,15.797,15.297,16.747,16.546999,15.3455,75.0,80.0,74.0,75.0,72.0,82.0,93.0,6,summer,78.71428571428571,15.875356857142858
3407,1,2024-06-21 23:00:00+00:00,15.447,14.847,15.396999,14.747,16.247,16.097,14.945499,76.0,82.0,77.0,77.0,74.0,83.0,93.0,6,summer,80.28571428571429,15.389642571428572
3408,1,2024-06-22 00:00:00+00:00,14.396999,14.396999,14.347,14.947,14.697,15.547,13.9955,82.0,83.0,83.0,80.0,79.0,84.0,95.0,6,summer,83.71428571428571,14.618213999999998
3409,1,2024-06-22 01:00:00+00:00,14.097,14.047,14.047,14.396999,14.197,14.947,13.6455,83.0,86.0,85.0,83.0,80.0,85.0,96.0,6,summer,85.42857142857143,14.196785571428572
3410,1,2024-06-22 02:00:00+00:00,14.197,13.847,13.847,13.797,13.797,14.447,13.3955,83.0,86.0,86.0,86.0,81.0,86.0,98.0,6,summer,86.57142857142857,13.90392857142857
3411,1,2024-06-22 03:00:00+00:00,14.247,13.896999,13.646999,13.896999,13.997,14.497,13.7955,83.0,85.0,87.0,86.0,80.0,85.0,96.0,6,summer,86.0,13.996785285714287
3412,1,2024-06-22 04:00:00+00:00,13.747,13.697,13.547,14.997,15.097,15.547,15.2455,86.0,86.0,88.0,82.0,76.0,81.0,90.0,6,summer,84.14285714285714,14.553928571428571
3413,1,2024-06-22 05:00:00+00:00,15.547,15.646999,15.646999,16.747,16.847,17.197,17.345499,82.0,82.0,83.0,76.0,71.0,74.0,80.0,6,summer,78.28571428571429,16.425356714285716
3414,1,2024-06-22 06:00:00+00:00,18.046999,18.296999,18.697,18.497,18.796999,19.046999,19.095499,72.0,70.0,71.0,69.0,65.0,68.0,71.0,6,summer,69.42857142857143,18.639642142857145
3415,1,2024-06-22 07:00:00+00:00,20.247,20.046999,20.897,20.397,21.097,21.097,21.2955,65.0,63.0,61.0,63.0,59.0,62.0,63.0,6,summer,62.285714285714285,20.725357000000002
3416,1,2024-06-22 08:00:00+00:00,22.597,22.046999,22.897,22.397,23.597,23.347,23.5455,58.0,58.0,56.0,56.0,52.0,56.0,56.0,6,summer,56.0,22.918214142857146
3417,1,2024-06-22 09:00:00+00:00,24.546999,23.897,24.447,24.097,25.546999,25.097,25.2955,53.0,53.0,51.0,51.0,47.0,51.0,50.0,6,summer,50.857142857142854,24.703928285714287
3418,1,2024-06-22 10:00:00+00:00,25.597,25.497,25.247,25.347,26.697,26.147,26.5455,48.0,49.0,48.0,47.0,43.0,48.0,45.0,6,summer,46.857142857142854,25.868214285714288
3419,1,2024-06-22 11:00:00+00:00,26.296999,25.947,25.997,26.197,27.296999,26.697,27.2455,46.0,46.0,46.0,45.0,41.0,46.0,42.0,6,summer,44.57142857142857,26.52535685714286
3420,1,2024-06-22 12:00:00+00:00,26.546999,26.447,26.647,26.697,27.097,26.697,27.6955,44.0,45.0,44.0,44.0,43.0,43.0,41.0,6,summer,43.42857142857143,26.83249985714286
3421,1,2024-06-22 13:00:00+00:00,26.546999,26.597,26.847,26.597,26.947,26.247,25.1455,44.0,45.0,43.0,44.0,43.0,43.0,53.0,6,summer,45.0,26.418214142857142
3422,1,2024-06-22 14:00:00+00:00,26.247,26.247,26.747,25.947,26.397,25.296999,21.2455,44.0,43.0,42.0,45.0,45.0,44.0,70.0,6,summer,47.57142857142857,25.44678557142857
3423,1,2024-06-22 15:00:00+00:00,25.497,24.697,25.347,24.847,25.347,23.997,18.2955,46.0,47.0,45.0,47.0,47.0,47.0,83.0,6,summer,51.714285714285715,24.003928571428577
3424,1,2024-06-22 16:00:00+00:00,22.697,22.247,22.447,23.046999,23.497,22.197,17.1455,57.0,52.0,50.0,51.0,51.0,52.0,88.0,6,summer,57.285714285714285,21.896785571428573
3425,1,2024-06-22 17:00:00+00:00,20.897,20.397,20.247,20.747,21.147,20.147,16.8955,63.0,56.0,56.0,56.0,55.0,59.0,90.0,6,summer,62.142857142857146,20.068214285714284
3426,1,2024-06-22 18:00:00+00:00,19.347,18.997,18.097,18.796999,19.397,18.497,17.3955,79.0,62.0,61.0,61.0,59.0,64.0,87.0,6,summer,67.57142857142857,18.64678557142857
3427,1,2024-06-22 19:00:00+00:00,17.947,17.847,17.097,18.046999,18.747,17.747,17.1955,82.0,64.0,66.0,63.0,60.0,66.0,86.0,6,summer,69.57142857142857,17.803928428571428
3428,1,2024-06-22 20:00:00+00:00,16.697,16.847,16.296999,17.697,18.697,17.447,16.9455,82.0,68.0,69.0,64.0,61.0,66.0,85.0,6,summer,70.71428571428571,17.23249985714286
3429,1,2024-06-22 21:00:00+00:00,15.747,16.147,15.947,17.347,18.546999,17.147,16.595499,81.0,71.0,71.0,65.0,61.0,66.0,84.0,6,summer,71.28571428571429,16.782499714285713
3430,1,2024-06-22 22:00:00+00:00,15.047,15.747,15.597,16.897,18.097,16.697,16.2455,80.0,73.0,73.0,66.0,62.0,67.0,83.0,6,summer,72.0,16.3325
3431,1,2024-06-22 23:00:00+00:00,14.646999,15.646999,15.297,16.447,17.546999,16.247,15.8955,80.0,73.0,74.0,67.0,63.0,68.0,83.0,6,summer,72.57142857142857,15.961071
3432,1,2024-06-23 00:00:00+00:00,14.896999,14.497,14.847,15.697,16.597,16.197,15.3955,76.0,79.0,73.0,72.0,67.0,69.0,89.0,6,summer,75.0,15.446785571428572
3433,1,2024-06-23 01:00:00+00:00,14.847,14.097,14.297,14.747,15.947,15.797,14.5455,76.0,80.0,76.0,77.0,69.0,70.0,91.0,6,summer,77.0,14.896785714285715
3434,1,2024-06-23 02:00:00+00:00,14.497,13.947,13.697,13.697,15.347,15.497,13.445499,77.0,80.0,80.0,82.0,71.0,70.0,93.0,6,summer,79.0,14.303928428571426
3435,1,2024-06-23 03:00:00+00:00,14.146999,14.047,13.297,13.447,15.247,15.646999,13.195499,78.0,80.0,83.0,84.0,72.0,70.0,92.0,6,summer,79.85714285714286,14.146785285714286
3436,1,2024-06-23 04:00:00+00:00,13.797,14.497,13.047,14.597,15.997,16.397,14.2455,80.0,78.0,84.0,81.0,71.0,69.0,87.0,6,summer,78.57142857142857,14.653928571428569
3437,1,2024-06-23 05:00:00+00:00,15.447,16.047,15.097,16.546999,17.296999,17.546999,16.095499,79.0,75.0,81.0,75.0,68.0,66.0,80.0,6,summer,74.85714285714286,16.296785142857143
3438,1,2024-06-23 06:00:00+00:00,18.647,18.597,18.647,18.796999,18.847,19.046999,18.9955,67.0,66.0,66.0,65.0,64.0,63.0,67.0,6,summer,65.42857142857143,18.79678542857143
3439,1,2024-06-23 07:00:00+00:00,20.597,20.597,20.897,20.897,20.796999,21.046999,21.6455,61.0,59.0,58.0,60.0,59.0,58.0,59.0,6,summer,59.142857142857146,20.925356857142855
3440,1,2024-06-23 08:00:00+00:00,22.597,22.847,23.097,23.147,22.997,23.347,24.5455,56.0,54.0,53.0,55.0,52.0,52.0,50.0,6,summer,53.142857142857146,23.225357142857142
3441,1,2024-06-23 09:00:00+00:00,24.397,24.647,24.897,24.847,24.747,25.097,26.6955,53.0,49.0,49.0,51.0,47.0,47.0,44.0,6,summer,48.57142857142857,25.046785714285715
3442,1,2024-06-23 10:00:00+00:00,25.296999,25.847,25.947,25.796999,25.747,25.997,27.8955,48.0,46.0,46.0,48.0,44.0,45.0,39.0,6,summer,45.142857142857146,26.075356857142857
3443,1,2024-06-23 11:00:00+00:00,26.147,26.296999,26.447,26.296999,26.347,26.397,28.345499,44.0,44.0,43.0,45.0,42.0,43.0,37.0,6,summer,42.57142857142857,26.611071
3444,1,2024-06-23 12:00:00+00:00,26.697,26.697,26.847,26.147,25.796999,26.447,26.095499,41.0,43.0,41.0,45.0,44.0,43.0,43.0,6,summer,42.857142857142854,26.38964257142857
3445,1,2024-06-23 13:00:00+00:00,26.397,26.697,26.796999,25.947,25.546999,26.046999,24.4955,41.0,42.0,41.0,45.0,43.0,44.0,50.0,6,summer,43.714285714285715,25.989642428571425
3446,1,2024-06-23 14:00:00+00:00,25.796999,26.147,26.447,25.347,24.897,25.197,22.345499,42.0,42.0,41.0,45.0,43.0,45.0,60.0,6,summer,45.42857142857143,25.168214
3447,1,2024-06-23 15:00:00+00:00,24.197,24.497,25.046999,24.296999,23.796999,23.947,20.595499,46.0,47.0,45.0,47.0,45.0,48.0,67.0,6,summer,49.285714285714285,23.76821371428571
3448,1,2024-06-23 16:00:00+00:00,21.897,21.796999,22.197,22.447,21.897,22.097,19.845499,52.0,52.0,53.0,52.0,50.0,53.0,68.0,6,summer,54.285714285714285,21.73964257142857
3449,1,2024-06-23 17:00:00+00:00,19.796999,19.796999,19.897,20.147,19.546999,19.947,19.5455,58.0,57.0,59.0,59.0,56.0,58.0,65.0,6,summer,58.857142857142854,19.811071
3450,1,2024-06-23 18:00:00+00:00,18.546999,18.046999,18.296999,18.347,17.597,18.197,16.7955,63.0,63.0,60.0,64.0,62.0,63.0,84.0,6,summer,65.57142857142857,17.975356714285716
3451,1,2024-06-23 19:00:00+00:00,18.046999,17.046999,17.197,17.296999,16.447,17.347,16.6955,65.0,66.0,64.0,67.0,65.0,66.0,84.0,6,summer,68.14285714285714,17.153928142857144
3452,1,2024-06-23 20:00:00+00:00,17.747,16.097,16.397,16.747,15.747,16.997,16.7455,66.0,71.0,68.0,69.0,67.0,68.0,83.0,6,summer,70.28571428571429,16.639642857142857
3453,1,2024-06-23 21:00:00+00:00,17.296999,15.497,15.847,16.296999,15.146999,16.546999,16.7955,67.0,73.0,71.0,70.0,69.0,70.0,82.0,6,summer,71.71428571428571,16.203927999999998
3454,1,2024-06-23 22:00:00+00:00,16.647,14.997,15.247,15.797,14.597,15.847,16.7455,69.0,74.0,75.0,72.0,71.0,72.0,81.0,6,summer,73.42857142857143,15.696785714285713
3455,1,2024-06-23 23:00:00+00:00,15.947,14.597,14.597,15.347,14.247,15.097,16.6955,72.0,74.0,78.0,73.0,74.0,74.0,79.0,6,summer,74.85714285714286,15.218214285714284
3456,1,2024-06-24 00:00:00+00:00,14.747,13.646999,14.646999,15.197,14.396999,14.997,13.4955,76.0,79.0,78.0,73.0,73.0,70.0,88.0,6,summer,76.71428571428571,14.446785285714286
3457,1,2024-06-24 01:00:00+00:00,14.047,13.497,14.447,14.396999,13.747,14.396999,12.9955,78.0,78.0,77.0,76.0,75.0,72.0,90.0,6,summer,78.0,13.932499714285711
3458,1,2024-06-24 02:00:00+00:00,13.447,13.396999,13.997,13.547,13.146999,13.747,12.6455,79.0,78.0,78.0,79.0,77.0,74.0,91.0,6,summer,79.42857142857143,13.418213999999997
3459,1,2024-06-24 03:00:00+00:00,12.797,13.197,13.447,13.396999,13.197,13.797,12.9955,81.0,79.0,80.0,79.0,77.0,74.0,89.0,6,summer,79.85714285714286,13.261071285714284
3460,1,2024-06-24 04:00:00+00:00,12.547,13.146999,13.097,14.297,14.347,14.847,14.2955,82.0,79.0,81.0,76.0,74.0,72.0,83.0,6,summer,78.14285714285714,13.79678557142857
3461,1,2024-06-24 05:00:00+00:00,14.497,15.347,15.297,15.896999,16.147,16.497,16.2455,80.0,73.0,75.0,70.0,69.0,68.0,75.0,6,summer,72.85714285714286,15.70392842857143
3462,1,2024-06-24 06:00:00+00:00,18.147,18.147,18.296999,18.147,18.097,18.347,18.8955,64.0,64.0,64.0,64.0,64.0,63.0,64.0,6,summer,63.857142857142854,18.296785571428575
3463,1,2024-06-24 07:00:00+00:00,20.296999,20.397,20.597,20.296999,20.097,20.397,21.1455,59.0,58.0,56.0,58.0,58.0,57.0,56.0,6,summer,57.42857142857143,20.461071142857143
3464,1,2024-06-24 08:00:00+00:00,22.647,22.796999,22.897,22.697,22.247,22.597,23.3955,54.0,52.0,49.0,51.0,52.0,51.0,48.0,6,summer,51.0,22.75392842857143
3465,1,2024-06-24 09:00:00+00:00,24.647,24.697,24.647,24.546999,23.947,24.296999,25.095499,49.0,47.0,44.0,46.0,47.0,46.0,43.0,6,summer,46.0,24.55392814285714
3466,1,2024-06-24 10:00:00+00:00,26.046999,26.097,25.947,25.647,25.097,25.296999,25.9955,45.0,44.0,40.0,43.0,44.0,43.0,41.0,6,summer,42.857142857142854,25.732499714285716
3467,1,2024-06-24 11:00:00+00:00,26.546999,26.747,26.747,26.296999,25.847,25.796999,26.2455,42.0,41.0,39.0,41.0,42.0,42.0,41.0,6,summer,41.142857142857146,26.318213857142858
3468,1,2024-06-24 12:00:00+00:00,26.747,27.147,27.097,26.597,26.046999,26.347,25.3955,39.0,39.0,37.0,41.0,42.0,40.0,43.0,6,summer,40.142857142857146,26.48249985714286
3469,1,2024-06-24 13:00:00+00:00,26.647,27.147,26.947,26.296999,25.847,26.097,24.095499,39.0,38.0,36.0,41.0,42.0,40.0,47.0,6,summer,40.42857142857143,26.153928285714283
3470,1,2024-06-24 14:00:00+00:00,26.296999,26.747,26.397,25.497,25.197,25.397,22.2455,39.0,36.0,36.0,41.0,43.0,41.0,54.0,6,summer,41.42857142857143,25.39678557142857
3471,1,2024-06-24 15:00:00+00:00,25.147,25.347,24.796999,24.247,23.997,24.197,20.595499,43.0,41.0,41.0,43.0,45.0,44.0,59.0,6,summer,45.142857142857146,24.04678542857143
3472,1,2024-06-24 16:00:00+00:00,21.847,22.097,21.447,22.247,21.947,22.197,19.6455,55.0,50.0,45.0,47.0,48.0,48.0,62.0,6,summer,50.714285714285715,21.6325
3473,1,2024-06-24 17:00:00+00:00,19.747,19.546999,18.847,19.747,19.397,19.647,18.9455,58.0,56.0,55.0,53.0,51.0,54.0,63.0,6,summer,55.714285714285715,19.411071285714286
3474,1,2024-06-24 18:00:00+00:00,17.897,17.897,17.397,17.647,17.296999,17.546999,18.095499,63.0,60.0,61.0,58.0,55.0,59.0,71.0,6,summer,61.0,17.682499571428572
3475,1,2024-06-24 19:00:00+00:00,17.097,16.897,16.247,16.197,16.147,16.296999,17.595499,67.0,61.0,65.0,63.0,59.0,63.0,71.0,6,summer,64.14285714285714,16.639642571428574
3476,1,2024-06-24 20:00:00+00:00,16.097,15.597,15.097,15.097,15.547,15.497,17.0455,70.0,65.0,68.0,67.0,63.0,67.0,72.0,6,summer,67.42857142857143,15.71107142857143
3477,1,2024-06-24 21:00:00+00:00,15.547,14.646999,14.247,14.146999,14.997,14.697,16.4955,71.0,68.0,71.0,71.0,67.0,71.0,72.0,6,summer,70.14285714285714,14.968214000000001
3478,1,2024-06-24 22:00:00+00:00,15.197,13.997,13.497,13.297,14.497,13.697,15.945499,71.0,71.0,73.0,75.0,70.0,76.0,72.0,6,summer,72.57142857142857,14.303928428571428
3479,1,2024-06-24 23:00:00+00:00,14.747,13.646999,12.797,12.646999,14.146999,12.697,15.3955,72.0,74.0,76.0,79.0,72.0,81.0,73.0,6,summer,75.28571428571429,13.725356714285715
3480,1,2024-06-25 00:00:00+00:00,13.146999,13.047,12.247,12.047,11.297,14.247,12.8955,79.0,78.0,80.0,83.0,83.0,77.0,84.0,6,summer,80.57142857142857,12.703928428571428
3481,1,2024-06-25 01:00:00+00:00,12.697,12.547,11.747,11.347,10.646999,13.697,12.2455,82.0,80.0,82.0,86.0,86.0,80.0,85.0,6,summer,83.0,12.132499857142859
3482,1,2024-06-25 02:00:00+00:00,12.297,12.396999,11.297,10.797,10.197,13.146999,11.6455,84.0,79.0,82.0,87.0,88.0,82.0,87.0,6,summer,84.14285714285714,11.682499714285713
3483,1,2024-06-25 03:00:00+00:00,11.597,12.297,11.047,11.047,10.597,13.297,11.7955,85.0,79.0,81.0,86.0,87.0,81.0,86.0,6,summer,83.57142857142857,11.668214285714287
3484,1,2024-06-25 04:00:00+00:00,11.146999,12.146999,10.947,12.597,12.297,14.497,13.195499,86.0,79.0,82.0,80.0,82.0,76.0,80.0,6,summer,80.71428571428571,12.403928142857142
3485,1,2024-06-25 05:00:00+00:00,13.247,14.447,13.297,14.997,14.797,16.347,15.3955,82.0,76.0,79.0,72.0,73.0,68.0,72.0,6,summer,74.57142857142857,14.646785714285715
3486,1,2024-06-25 06:00:00+00:00,17.347,17.897,17.247,17.447,17.347,18.247,17.8955,63.0,62.0,62.0,62.0,65.0,60.0,60.0,6,summer,62.0,17.6325
3487,1,2024-06-25 07:00:00+00:00,19.397,20.097,19.847,19.897,19.747,20.197,20.2955,57.0,56.0,51.0,53.0,56.0,54.0,53.0,6,summer,54.285714285714285,19.92535714285714
3488,1,2024-06-25 08:00:00+00:00,21.847,22.697,22.397,22.397,22.147,22.296999,22.7955,53.0,51.0,44.0,44.0,48.0,48.0,45.0,6,summer,47.57142857142857,22.36821414285714
3489,1,2024-06-25 09:00:00+00:00,23.947,24.847,24.296999,24.397,24.097,23.947,24.7955,48.0,47.0,39.0,37.0,41.0,43.0,40.0,6,summer,42.142857142857146,24.33249985714286
3490,1,2024-06-25 10:00:00+00:00,25.247,26.097,25.546999,25.647,25.447,25.097,26.095499,45.0,43.0,38.0,34.0,38.0,40.0,37.0,6,summer,39.285714285714285,25.596785428571426
3491,1,2024-06-25 11:00:00+00:00,25.647,26.397,26.247,26.347,26.347,25.897,26.845499,43.0,40.0,38.0,34.0,36.0,39.0,35.0,6,summer,37.857142857142854,26.24678557142857
3492,1,2024-06-25 12:00:00+00:00,26.046999,26.296999,26.247,26.546999,26.247,26.347,26.2955,42.0,41.0,41.0,34.0,38.0,38.0,33.0,6,summer,38.142857142857146,26.28964242857143
3493,1,2024-06-25 13:00:00+00:00,26.046999,26.397,26.447,26.447,26.247,26.197,25.1955,43.0,41.0,40.0,34.0,39.0,37.0,37.0,6,summer,38.714285714285715,26.139642714285714
3494,1,2024-06-25 14:00:00+00:00,25.647,26.247,26.197,25.947,25.796999,25.597,23.345499,45.0,41.0,41.0,35.0,41.0,37.0,44.0,6,summer,40.57142857142857,25.53964257142857
3495,1,2024-06-25 15:00:00+00:00,24.247,25.497,25.497,24.796999,24.796999,24.447,21.2955,50.0,43.0,42.0,37.0,43.0,39.0,51.0,6,summer,43.57142857142857,24.368214
3496,1,2024-06-25 16:00:00+00:00,21.397,22.097,22.296999,22.597,22.947,22.397,18.9955,59.0,56.0,53.0,41.0,45.0,45.0,56.0,6,summer,50.714285714285715,21.81821414285714
3497,1,2024-06-25 17:00:00+00:00,19.947,20.397,20.247,19.747,20.546999,19.747,16.5455,62.0,61.0,49.0,46.0,48.0,53.0,61.0,6,summer,54.285714285714285,19.59678557142857
3498,1,2024-06-25 18:00:00+00:00,18.647,18.247,17.997,17.747,18.347,17.497,14.8955,59.0,58.0,57.0,53.0,52.0,60.0,62.0,6,summer,57.285714285714285,17.625357142857144
3499,1,2024-06-25 19:00:00+00:00,17.247,16.397,16.296999,16.047,16.747,15.997,13.945499,66.0,65.0,65.0,59.0,58.0,65.0,64.0,6,summer,63.142857142857146,16.09678542857143
3500,1,2024-06-25 20:00:00+00:00,16.597,15.047,14.847,14.697,15.347,14.847,13.2955,69.0,70.0,72.0,67.0,64.0,69.0,66.0,6,summer,68.14285714285714,14.953928571428571
3501,1,2024-06-25 21:00:00+00:00,16.296999,14.097,13.747,13.497,14.047,13.797,12.7955,69.0,72.0,75.0,73.0,70.0,73.0,68.0,6,summer,71.42857142857143,14.039642714285716
3502,1,2024-06-25 22:00:00+00:00,15.997,13.447,13.197,12.447,12.646999,12.797,12.3455,67.0,72.0,74.0,79.0,75.0,78.0,70.0,6,summer,73.57142857142857,13.268214142857142
3503,1,2024-06-25 23:00:00+00:00,15.347,12.747,12.447,11.547,11.347,11.947,11.9955,68.0,75.0,76.0,83.0,80.0,82.0,71.0,6,summer,76.42857142857143,12.4825
3504,1,2024-06-26 00:00:00+00:00,14.697,11.747,12.047,11.597,10.646999,11.097,11.8955,72.0,83.0,82.0,85.0,85.0,79.0,75.0,6,summer,80.14285714285714,11.961071285714285
3505,1,2024-06-26 01:00:00+00:00,13.597,11.646999,11.997,11.396999,9.896999,10.247,11.195499,78.0,85.0,84.0,86.0,88.0,83.0,79.0,6,summer,83.28571428571429,11.425356571428571
3506,1,2024-06-26 02:00:00+00:00,13.247,11.797,12.396999,11.447,9.297,9.547,10.5455,81.0,84.0,83.0,86.0,91.0,88.0,83.0,6,summer,85.14285714285714,11.182499857142856
3507,1,2024-06-26 03:00:00+00:00,13.497,11.547,12.847,12.047,9.646999,9.847,10.695499,79.0,86.0,80.0,84.0,90.0,88.0,84.0,6,summer,84.42857142857143,11.44678542857143
3508,1,2024-06-26 04:00:00+00:00,13.497,11.297,13.347,13.547,11.597,11.697,12.1455,79.0,87.0,79.0,80.0,84.0,82.0,79.0,6,summer,81.42857142857143,12.446785714285713
3509,1,2024-06-26 05:00:00+00:00,15.347,13.997,15.497,15.597,14.497,14.547,14.3955,78.0,82.0,76.0,74.0,76.0,73.0,70.0,6,summer,75.57142857142857,14.839642857142858
3510,1,2024-06-26 06:00:00+00:00,18.097,17.747,18.197,17.597,17.347,17.296999,17.3955,64.0,67.0,64.0,66.0,67.0,64.0,61.0,6,summer,64.71428571428571,17.668214142857146
3511,1,2024-06-26 07:00:00+00:00,20.097,20.147,20.097,19.697,20.046999,19.747,20.1455,57.0,58.0,57.0,59.0,58.0,56.0,53.0,6,summer,56.857142857142854,19.99678557142857
3512,1,2024-06-26 08:00:00+00:00,22.147,22.347,21.947,21.897,22.697,22.097,23.095499,51.0,52.0,52.0,52.0,50.0,48.0,45.0,6,summer,50.0,22.31821414285714
3513,1,2024-06-26 09:00:00+00:00,23.597,23.947,23.197,23.647,24.697,23.947,25.2955,48.0,47.0,49.0,47.0,43.0,42.0,39.0,6,summer,45.0,24.046785714285715
3514,1,2024-06-26 10:00:00+00:00,24.497,24.747,24.697,24.697,25.697,25.147,26.2955,46.0,45.0,46.0,44.0,40.0,39.0,35.0,6,summer,42.142857142857146,25.111071428571428
3515,1,2024-06-26 11:00:00+00:00,25.046999,25.397,25.247,25.296999,25.997,25.847,26.5455,44.0,44.0,44.0,43.0,39.0,38.0,33.0,6,summer,40.714285714285715,25.625356857142858
3516,1,2024-06-26 12:00:00+00:00,24.847,25.647,25.796999,24.497,26.397,25.997,26.7955,43.0,44.0,43.0,47.0,39.0,39.0,35.0,6,summer,41.42857142857143,25.71107128571429
3517,1,2024-06-26 13:00:00+00:00,24.796999,25.597,25.947,24.447,26.296999,26.046999,24.8955,43.0,43.0,43.0,47.0,40.0,39.0,42.0,6,summer,42.42857142857143,25.432499571428572
3518,1,2024-06-26 14:00:00+00:00,24.546999,24.997,25.447,24.197,25.796999,25.847,22.1455,42.0,43.0,43.0,47.0,41.0,41.0,52.0,6,summer,44.142857142857146,24.711071142857143
3519,1,2024-06-26 15:00:00+00:00,23.447,23.447,24.247,23.497,24.747,25.046999,19.9955,44.0,48.0,47.0,49.0,44.0,43.0,60.0,6,summer,47.857142857142854,23.48964271428571
3520,1,2024-06-26 16:00:00+00:00,20.747,20.897,21.697,21.997,22.847,23.197,19.095499,52.0,55.0,54.0,52.0,48.0,47.0,62.0,6,summer,52.857142857142854,21.49678557142857
3521,1,2024-06-26 17:00:00+00:00,18.947,18.897,19.497,20.046999,20.447,20.697,18.845499,57.0,61.0,59.0,57.0,53.0,52.0,62.0,6,summer,57.285714285714285,19.625356857142858
3522,1,2024-06-26 18:00:00+00:00,18.247,17.847,18.347,18.497,18.447,18.546999,18.3955,60.0,64.0,62.0,61.0,57.0,56.0,61.0,6,summer,60.142857142857146,18.332499857142857
3523,1,2024-06-26 19:00:00+00:00,17.447,16.947,16.796999,17.546999,17.247,17.197,17.9455,63.0,68.0,67.0,63.0,60.0,59.0,62.0,6,summer,63.142857142857146,17.303928285714285
3524,1,2024-06-26 20:00:00+00:00,16.897,16.047,15.947,16.947,16.397,16.147,17.4955,66.0,72.0,69.0,64.0,63.0,61.0,63.0,6,summer,65.42857142857143,16.55392857142857
3525,1,2024-06-26 21:00:00+00:00,16.697,15.747,16.296999,16.546999,15.747,15.146999,16.8955,66.0,71.0,65.0,65.0,65.0,65.0,65.0,6,summer,66.0,16.153928142857144
3526,1,2024-06-26 22:00:00+00:00,16.697,16.296999,16.397,16.296999,15.297,13.947,15.945499,64.0,67.0,65.0,66.0,67.0,71.0,69.0,6,summer,67.0,15.839642428571427
3527,1,2024-06-26 23:00:00+00:00,16.597,16.546999,16.296999,16.247,14.997,12.797,14.7455,61.0,65.0,68.0,67.0,70.0,78.0,74.0,6,summer,69.0,15.461071142857142
3528,1,2024-06-27 00:00:00+00:00,15.847,16.497,15.097,16.097,16.247,14.297,13.5955,64.0,64.0,73.0,72.0,69.0,71.0,75.0,6,summer,69.71428571428571,15.382499999999999
3529,1,2024-06-27 01:00:00+00:00,14.646999,16.097,14.896999,15.497,15.547,13.747,12.8955,71.0,63.0,73.0,73.0,72.0,74.0,79.0,6,summer,72.14285714285714,14.761071142857144
3530,1,2024-06-27 02:00:00+00:00,13.597,15.547,14.947,14.896999,14.697,13.247,12.2455,78.0,65.0,72.0,74.0,76.0,78.0,82.0,6,summer,75.0,14.16821414285714
3531,1,2024-06-27 03:00:00+00:00,12.847,15.097,14.997,14.847,14.497,13.347,12.3955,83.0,67.0,71.0,74.0,78.0,79.0,83.0,6,summer,76.42857142857143,14.00392857142857
3532,1,2024-06-27 04:00:00+00:00,12.547,14.947,14.547,15.747,15.396999,14.597,13.7955,85.0,69.0,74.0,72.0,75.0,76.0,78.0,6,summer,75.57142857142857,14.511071285714284
3533,1,2024-06-27 05:00:00+00:00,15.146999,16.197,16.097,17.197,16.897,16.497,15.945499,77.0,69.0,73.0,68.0,70.0,71.0,69.0,6,summer,71.0,16.282499714285713
3534,1,2024-06-27 06:00:00+00:00,18.447,18.697,18.647,18.747,18.546999,18.347,18.4955,67.0,62.0,64.0,65.0,65.0,65.0,59.0,6,summer,63.857142857142854,18.561071285714284
3535,1,2024-06-27 07:00:00+00:00,20.647,21.347,20.647,20.046999,20.296999,19.997,21.2955,58.0,51.0,57.0,60.0,59.0,59.0,52.0,6,summer,56.57142857142857,20.61107114285714
3536,1,2024-06-27 08:00:00+00:00,22.397,23.497,22.397,21.247,22.147,21.546999,24.2455,51.0,42.0,52.0,56.0,53.0,53.0,44.0,6,summer,50.142857142857146,22.49678557142857
3537,1,2024-06-27 09:00:00+00:00,23.497,24.796999,23.546999,22.296999,23.597,22.747,26.3955,47.0,39.0,48.0,52.0,48.0,49.0,39.0,6,summer,46.0,23.839642428571427
3538,1,2024-06-27 10:00:00+00:00,24.046999,25.697,24.447,23.347,24.497,23.447,27.345499,45.0,37.0,45.0,48.0,45.0,47.0,36.0,6,summer,43.285714285714285,24.68964257142857
3539,1,2024-06-27 11:00:00+00:00,24.546999,26.097,24.697,24.296999,25.046999,23.796999,27.4455,43.0,36.0,43.0,45.0,43.0,46.0,34.0,6,summer,41.42857142857143,25.13249942857143
3540,1,2024-06-27 12:00:00+00:00,25.397,25.747,26.147,25.097,23.997,25.397,26.6955,40.0,37.0,36.0,42.0,46.0,40.0,36.0,6,summer,39.57142857142857,25.496785714285718
3541,1,2024-06-27 13:00:00+00:00,25.046999,25.546999,25.847,24.897,23.747,25.097,24.8955,41.0,37.0,36.0,41.0,46.0,40.0,43.0,6,summer,40.57142857142857,25.01107114285714
3542,1,2024-06-27 14:00:00+00:00,24.296999,24.747,24.647,24.347,23.247,24.447,22.3955,42.0,39.0,38.0,41.0,46.0,41.0,54.0,6,summer,43.0,24.018214142857143
3543,1,2024-06-27 15:00:00+00:00,23.046999,23.296999,22.997,23.447,22.497,23.447,20.2955,45.0,43.0,42.0,43.0,48.0,43.0,62.0,6,summer,46.57142857142857,22.718214
3544,1,2024-06-27 16:00:00+00:00,20.697,20.796999,20.947,21.897,21.347,21.947,18.9955,52.0,50.0,47.0,48.0,52.0,48.0,65.0,6,summer,51.714285714285715,20.94678557142857
3545,1,2024-06-27 17:00:00+00:00,18.697,18.897,19.097,19.947,19.997,20.147,18.095499,59.0,57.0,54.0,56.0,57.0,54.0,67.0,6,summer,57.714285714285715,19.26821414285714
3546,1,2024-06-27 18:00:00+00:00,17.397,17.997,18.397,18.296999,18.947,18.697,18.6955,68.0,60.0,58.0,63.0,61.0,59.0,61.0,6,summer,61.42857142857143,18.346785571428573
3547,1,2024-06-27 19:00:00+00:00,16.447,16.597,17.296999,17.597,18.397,17.897,17.6455,72.0,66.0,62.0,65.0,62.0,62.0,64.0,6,summer,64.71428571428571,17.411071285714282
3548,1,2024-06-27 20:00:00+00:00,15.447,15.497,16.296999,17.397,18.197,17.447,16.3955,76.0,71.0,66.0,65.0,62.0,63.0,70.0,6,summer,67.57142857142857,16.668214142857146
3549,1,2024-06-27 21:00:00+00:00,14.547,14.947,15.597,17.097,17.947,17.046999,15.2955,80.0,75.0,68.0,66.0,62.0,64.0,74.0,6,summer,69.85714285714286,16.068214142857144
3550,1,2024-06-27 22:00:00+00:00,13.947,14.697,15.047,16.447,17.597,16.647,14.5955,83.0,78.0,71.0,69.0,62.0,65.0,77.0,6,summer,72.14285714285714,15.568214285714287
3551,1,2024-06-27 23:00:00+00:00,13.497,14.297,14.847,15.697,17.296999,16.296999,14.1455,85.0,81.0,77.0,73.0,63.0,65.0,78.0,6,summer,74.57142857142857,15.153928285714285
3552,1,2024-06-28 00:00:00+00:00,12.997,13.847,14.997,15.646999,15.396999,16.497,16.3955,86.0,85.0,79.0,72.0,73.0,64.0,66.0,6,summer,75.0,15.111071142857142
3553,1,2024-06-28 01:00:00+00:00,12.597,13.547,14.247,15.447,15.247,16.247,15.195499,88.0,86.0,84.0,73.0,74.0,65.0,72.0,6,summer,77.42857142857143,14.64678557142857
3554,1,2024-06-28 02:00:00+00:00,12.646999,13.197,13.797,15.396999,15.297,16.097,13.6455,89.0,86.0,86.0,74.0,74.0,67.0,79.0,6,summer,79.28571428571429,14.296785428571427
3555,1,2024-06-28 03:00:00+00:00,13.297,12.947,13.547,15.646999,15.747,16.296999,13.0955,86.0,87.0,88.0,74.0,73.0,68.0,82.0,6,summer,79.71428571428571,14.368214
3556,1,2024-06-28 04:00:00+00:00,13.747,12.847,13.197,16.447,16.647,16.897,14.2455,84.0,88.0,89.0,73.0,71.0,67.0,77.0,6,summer,78.42857142857143,14.861071428571424
3557,1,2024-06-28 05:00:00+00:00,15.797,15.347,15.497,17.597,17.847,17.796999,16.345499,78.0,80.0,82.0,70.0,68.0,65.0,69.0,6,summer,73.14285714285714,16.603928285714286
3558,1,2024-06-28 06:00:00+00:00,18.097,18.497,18.747,18.697,19.247,18.897,18.9955,69.0,68.0,67.0,69.0,64.0,62.0,59.0,6,summer,65.42857142857143,18.739642857142854
3559,1,2024-06-28 07:00:00+00:00,19.997,20.947,21.247,19.796999,20.796999,20.247,21.1455,61.0,58.0,57.0,65.0,58.0,58.0,53.0,6,summer,58.57142857142857,20.59678542857143
3560,1,2024-06-28 08:00:00+00:00,21.697,22.997,23.597,21.046999,22.497,21.796999,23.595499,55.0,52.0,49.0,60.0,51.0,53.0,46.0,6,summer,52.285714285714285,22.461071
3561,1,2024-06-28 09:00:00+00:00,23.197,24.847,25.197,22.197,23.997,23.046999,25.2955,50.0,46.0,44.0,55.0,45.0,48.0,41.0,6,summer,47.0,23.968214142857143
3562,1,2024-06-28 10:00:00+00:00,23.897,26.097,26.046999,23.447,25.247,23.847,25.845499,47.0,42.0,40.0,50.0,41.0,45.0,39.0,6,summer,43.42857142857143,24.918214
3563,1,2024-06-28 11:00:00+00:00,24.897,26.546999,26.747,24.697,26.296999,24.397,25.6455,45.0,40.0,37.0,46.0,38.0,42.0,40.0,6,summer,41.142857142857146,25.603928285714286
3564,1,2024-06-28 12:00:00+00:00,26.097,25.097,26.296999,25.947,25.997,25.747,25.8955,41.0,44.0,37.0,41.0,39.0,39.0,40.0,6,summer,40.142857142857146,25.868214142857145
3565,1,2024-06-28 13:00:00+00:00,26.097,25.147,25.647,25.697,25.647,25.497,24.5455,41.0,44.0,39.0,41.0,39.0,39.0,46.0,6,summer,41.285714285714285,25.468214285714282
3566,1,2024-06-28 14:00:00+00:00,25.796999,25.147,25.197,25.046999,24.897,24.597,22.5455,40.0,43.0,39.0,42.0,40.0,41.0,53.0,6,summer,42.57142857142857,24.746785428571428
3567,1,2024-06-28 15:00:00+00:00,24.147,23.897,23.947,24.097,23.847,23.497,20.8955,46.0,45.0,41.0,44.0,43.0,44.0,59.0,6,summer,46.0,23.475357142857145
3568,1,2024-06-28 16:00:00+00:00,21.397,21.747,20.747,22.546999,22.296999,22.347,19.9955,55.0,51.0,52.0,49.0,48.0,48.0,61.0,6,summer,52.0,21.582499714285714
3569,1,2024-06-28 17:00:00+00:00,19.296999,19.647,18.597,20.597,20.397,21.046999,19.4455,60.0,57.0,59.0,55.0,55.0,52.0,61.0,6,summer,57.0,19.861071142857146
3570,1,2024-06-28 18:00:00+00:00,17.796999,17.897,17.347,19.497,18.796999,19.847,19.3955,64.0,63.0,61.0,60.0,61.0,56.0,59.0,6,summer,60.57142857142857,18.653928285714283
3571,1,2024-06-28 19:00:00+00:00,16.697,17.647,16.697,18.546999,17.796999,18.847,18.2455,69.0,64.0,64.0,64.0,65.0,60.0,62.0,6,summer,64.0,17.782499714285713
3572,1,2024-06-28 20:00:00+00:00,15.646999,16.947,16.546999,17.947,17.147,17.947,16.7955,74.0,67.0,66.0,66.0,67.0,63.0,67.0,6,summer,67.14285714285714,16.996785428571428
3573,1,2024-06-28 21:00:00+00:00,15.146999,15.697,16.097,17.397,16.546999,17.247,15.5955,75.0,73.0,67.0,69.0,70.0,66.0,71.0,6,summer,70.14285714285714,16.246785428571428
3574,1,2024-06-28 22:00:00+00:00,14.847,14.847,15.347,16.796999,15.896999,16.847,14.8955,75.0,78.0,71.0,72.0,74.0,68.0,74.0,6,summer,73.14285714285714,15.63964257142857
3575,1,2024-06-28 23:00:00+00:00,14.146999,13.896999,14.847,16.197,15.347,16.647,14.4955,78.0,82.0,74.0,74.0,78.0,70.0,77.0,6,summer,76.14285714285714,15.082499714285714
3576,1,2024-06-29 00:00:00+00:00,12.547,15.047,13.997,14.197,15.197,15.297,13.9955,85.0,77.0,80.0,81.0,77.0,80.0,85.0,6,summer,80.71428571428571,14.325357142857143
3577,1,2024-06-29 01:00:00+00:00,11.896999,14.396999,13.197,12.896999,14.247,14.396999,13.2955,90.0,79.0,84.0,87.0,82.0,84.0,89.0,6,summer,85.0,13.475356571428572
3578,1,2024-06-29 02:00:00+00:00,11.697,13.697,12.547,11.597,13.247,13.396999,12.695499,91.0,82.0,87.0,92.0,87.0,88.0,92.0,6,summer,88.42857142857143,12.69678542857143
3579,1,2024-06-29 03:00:00+00:00,11.347,12.896999,12.047,11.396999,13.146999,13.247,12.8955,91.0,85.0,89.0,94.0,88.0,89.0,92.0,6,summer,89.71428571428571,12.425356714285714
3580,1,2024-06-29 04:00:00+00:00,10.947,12.347,11.847,13.047,14.497,14.547,14.3955,92.0,87.0,89.0,88.0,83.0,84.0,85.0,6,summer,86.85714285714286,13.089642857142858
3581,1,2024-06-29 05:00:00+00:00,13.347,14.597,14.347,15.797,16.697,16.747,16.6455,86.0,81.0,82.0,79.0,75.0,75.0,75.0,6,summer,79.0,15.453928571428571
3582,1,2024-06-29 06:00:00+00:00,17.947,18.197,18.597,18.447,18.897,19.097,18.3955,72.0,67.0,66.0,70.0,67.0,66.0,66.0,6,summer,67.71428571428571,18.51107142857143
3583,1,2024-06-29 07:00:00+00:00,20.497,20.647,21.046999,20.897,20.847,21.546999,21.0455,63.0,59.0,59.0,62.0,61.0,58.0,57.0,6,summer,59.857142857142854,20.932499714285715
3584,1,2024-06-29 08:00:00+00:00,22.947,23.197,23.447,23.347,22.747,24.147,23.8955,56.0,54.0,53.0,54.0,56.0,49.0,49.0,6,summer,53.0,23.389642857142857
3585,1,2024-06-29 09:00:00+00:00,24.647,25.296999,25.447,25.247,24.247,26.097,25.9955,49.0,47.0,47.0,48.0,51.0,43.0,42.0,6,summer,46.714285714285715,25.282499857142856
3586,1,2024-06-29 10:00:00+00:00,25.197,26.497,26.697,26.447,25.147,27.097,26.9955,45.0,43.0,43.0,43.0,47.0,39.0,38.0,6,summer,42.57142857142857,26.296785714285715
3587,1,2024-06-29 11:00:00+00:00,26.197,27.397,27.046999,27.097,25.647,27.497,27.2955,41.0,41.0,40.0,39.0,44.0,37.0,35.0,6,summer,39.57142857142857,26.882499857142857
3588,1,2024-06-29 12:00:00+00:00,26.546999,27.147,27.497,27.197,27.147,25.997,27.4955,40.0,38.0,37.0,36.0,39.0,39.0,34.0,6,summer,37.57142857142857,27.003928428571424
3589,1,2024-06-29 13:00:00+00:00,26.597,27.197,27.397,27.296999,27.046999,25.796999,26.5455,40.0,38.0,37.0,34.0,38.0,39.0,38.0,6,summer,37.714285714285715,26.83964242857143
3590,1,2024-06-29 14:00:00+00:00,26.247,26.847,27.247,27.097,26.546999,25.296999,25.1955,40.0,37.0,36.0,33.0,39.0,39.0,44.0,6,summer,38.285714285714285,26.35392828571429
3591,1,2024-06-29 15:00:00+00:00,25.147,25.546999,26.147,26.247,25.546999,24.296999,23.7955,42.0,42.0,38.0,36.0,42.0,42.0,50.0,6,summer,41.714285714285715,25.246785285714285
3592,1,2024-06-29 16:00:00+00:00,22.347,22.497,23.447,24.347,23.747,22.347,22.4955,51.0,52.0,51.0,44.0,51.0,49.0,55.0,6,summer,50.42857142857143,23.0325
3593,1,2024-06-29 17:00:00+00:00,19.947,19.747,20.947,21.847,21.497,19.897,21.2455,60.0,65.0,56.0,56.0,63.0,58.0,59.0,6,summer,59.57142857142857,20.732499999999998
3594,1,2024-06-29 18:00:00+00:00,18.097,18.447,20.247,19.397,19.647,17.796999,19.6955,70.0,69.0,57.0,65.0,73.0,66.0,58.0,6,summer,65.42857142857143,19.04678557142857
3595,1,2024-06-29 19:00:00+00:00,17.897,17.546999,19.347,18.147,18.747,16.497,18.6455,75.0,68.0,57.0,71.0,78.0,71.0,61.0,6,summer,68.71428571428571,18.11821414285714
3596,1,2024-06-29 20:00:00+00:00,17.546999,16.397,17.897,17.296999,18.347,15.597,17.4955,77.0,69.0,64.0,75.0,80.0,75.0,65.0,6,summer,72.14285714285714,17.225356857142856
3597,1,2024-06-29 21:00:00+00:00,16.497,15.047,16.097,16.546999,17.796999,14.847,16.4955,80.0,73.0,73.0,78.0,82.0,78.0,68.0,6,summer,76.0,16.18964257142857
3598,1,2024-06-29 22:00:00+00:00,15.297,13.896999,14.947,15.747,16.847,14.197,15.7955,85.0,78.0,80.0,79.0,85.0,82.0,71.0,6,summer,80.0,15.246785571428571
3599,1,2024-06-29 23:00:00+00:00,14.047,12.747,14.146999,14.997,15.847,13.697,15.195499,89.0,84.0,84.0,79.0,87.0,85.0,73.0,6,summer,83.0,14.382499714285714
3600,1,2024-06-30 00:00:00+00:00,13.597,13.597,13.947,12.497,15.297,14.697,13.3955,85.0,82.0,82.0,89.0,84.0,85.0,82.0,6,summer,84.14285714285714,13.86107142857143
3601,1,2024-06-30 01:00:00+00:00,12.896999,12.497,13.097,11.597,14.247,14.347,12.8455,85.0,88.0,85.0,92.0,87.0,87.0,86.0,6,summer,87.14285714285714,13.075357
3602,1,2024-06-30 02:00:00+00:00,12.197,11.646999,12.197,10.847,13.047,14.146999,12.3455,87.0,92.0,88.0,94.0,91.0,88.0,91.0,6,summer,90.14285714285714,12.346785428571428
3603,1,2024-06-30 03:00:00+00:00,11.497,11.197,11.697,11.047,12.847,14.597,12.5955,91.0,93.0,89.0,93.0,91.0,86.0,92.0,6,summer,90.71428571428571,12.21107142857143
3604,1,2024-06-30 04:00:00+00:00,11.097,10.896999,11.547,12.797,14.247,15.947,14.0955,93.0,93.0,90.0,87.0,85.0,81.0,86.0,6,summer,87.85714285714286,12.946785571428572
3605,1,2024-06-30 05:00:00+00:00,13.646999,13.597,13.947,15.547,16.597,17.897,16.345499,86.0,84.0,84.0,77.0,75.0,73.0,75.0,6,summer,79.14285714285714,15.368214
3606,1,2024-06-30 06:00:00+00:00,18.546999,18.296999,17.997,18.447,18.997,19.847,19.095499,67.0,67.0,67.0,67.0,66.0,65.0,65.0,6,summer,66.28571428571429,18.746785285714285
3607,1,2024-06-30 07:00:00+00:00,20.947,20.847,20.747,20.997,21.247,21.847,21.7955,58.0,58.0,59.0,59.0,59.0,58.0,56.0,6,summer,58.142857142857146,21.203928571428573
3608,1,2024-06-30 08:00:00+00:00,23.197,23.347,23.447,23.597,23.497,23.847,24.7455,53.0,52.0,52.0,52.0,53.0,52.0,47.0,6,summer,51.57142857142857,23.66821428571428
3609,1,2024-06-30 09:00:00+00:00,24.997,25.247,25.497,25.647,25.247,25.347,26.8955,48.0,47.0,46.0,46.0,48.0,47.0,40.0,6,summer,46.0,25.55392857142857
3610,1,2024-06-30 10:00:00+00:00,25.997,26.447,26.697,26.947,26.296999,26.097,27.7955,43.0,42.0,40.0,41.0,45.0,46.0,36.0,6,summer,41.857142857142854,26.611071285714285
3611,1,2024-06-30 11:00:00+00:00,26.546999,27.247,27.347,27.697,26.847,26.347,27.8955,41.0,40.0,38.0,37.0,42.0,46.0,33.0,6,summer,39.57142857142857,27.132499857142857
3612,1,2024-06-30 12:00:00+00:00,26.897,27.397,27.296999,27.597,27.897,27.447,27.3955,39.0,38.0,32.0,35.0,36.0,39.0,34.0,6,summer,36.142857142857146,27.418214142857142
3613,1,2024-06-30 13:00:00+00:00,26.947,27.347,27.546999,27.697,27.997,26.897,25.4455,38.0,38.0,32.0,33.0,36.0,41.0,41.0,6,summer,37.0,27.125357
3614,1,2024-06-30 14:00:00+00:00,26.697,27.247,27.046999,27.397,27.747,25.847,22.7955,38.0,38.0,35.0,33.0,36.0,44.0,52.0,6,summer,39.42857142857143,26.396785571428573
3615,1,2024-06-30 15:00:00+00:00,25.947,26.347,25.997,26.447,26.796999,24.647,20.6955,40.0,39.0,38.0,36.0,39.0,49.0,61.0,6,summer,43.142857142857146,25.268214142857143
3616,1,2024-06-30 16:00:00+00:00,22.997,23.546999,22.897,24.347,24.697,23.197,19.845499,51.0,50.0,51.0,43.0,45.0,55.0,65.0,6,summer,51.42857142857143,23.075356857142857
3617,1,2024-06-30 17:00:00+00:00,20.897,21.046999,20.497,21.546999,21.897,21.597,19.595499,54.0,58.0,54.0,53.0,52.0,62.0,67.0,6,summer,57.142857142857146,21.011070999999998
3618,1,2024-06-30 18:00:00+00:00,18.947,19.747,19.147,19.546999,19.647,20.296999,18.3955,60.0,65.0,54.0,59.0,59.0,68.0,73.0,6,summer,62.57142857142857,19.38964257142857
3619,1,2024-06-30 19:00:00+00:00,17.947,18.997,18.597,18.347,18.447,19.546999,17.8955,56.0,62.0,47.0,62.0,64.0,72.0,76.0,6,summer,62.714285714285715,18.539642714285716
3620,1,2024-06-30 20:00:00+00:00,16.947,18.397,17.697,17.647,17.697,19.097,17.2955,63.0,59.0,54.0,63.0,69.0,75.0,79.0,6,summer,66.0,17.825357142857143
3621,1,2024-06-30 21:00:00+00:00,16.247,17.747,16.997,16.747,17.097,18.597,16.8955,70.0,63.0,64.0,66.0,73.0,78.0,81.0,6,summer,70.71428571428571,17.18964285714286
3622,1,2024-06-30 22:00:00+00:00,15.597,16.796999,15.747,15.396999,16.497,17.947,16.8955,72.0,69.0,73.0,72.0,76.0,81.0,81.0,6,summer,74.85714285714286,16.411071142857143
3623,1,2024-06-30 23:00:00+00:00,14.597,15.997,14.396999,13.896999,15.997,17.296999,17.095499,77.0,72.0,80.0,80.0,79.0,83.0,80.0,6,summer,78.71428571428571,15.611070857142858
3624,1,2024-07-01 00:00:00+00:00,13.247,14.097,13.097,12.646999,12.797,16.697,16.3955,82.0,78.0,86.0,85.0,89.0,81.0,84.0,7,summer,83.57142857142857,14.139642714285715
3625,1,2024-07-01 01:00:00+00:00,12.547,13.146999,11.997,11.547,11.797,15.847,16.0455,85.0,82.0,90.0,90.0,92.0,84.0,85.0,7,summer,86.85714285714286,13.275357
3626,1,2024-07-01 02:00:00+00:00,11.896999,12.396999,11.146999,10.547,10.747,15.047,15.4955,88.0,85.0,92.0,93.0,95.0,87.0,87.0,7,summer,89.57142857142857,12.468213857142855
3627,1,2024-07-01 03:00:00+00:00,11.396999,11.896999,10.646999,10.597,10.847,14.896999,15.4955,89.0,88.0,93.0,92.0,94.0,87.0,86.0,7,summer,89.85714285714286,12.253927999999998
3628,1,2024-07-01 04:00:00+00:00,10.947,11.547,10.497,12.347,12.747,15.797,16.3955,90.0,89.0,92.0,86.0,86.0,83.0,82.0,7,summer,86.85714285714286,12.896785714285715
3629,1,2024-07-01 05:00:00+00:00,13.197,13.847,13.396999,15.146999,15.797,17.397,17.7955,84.0,84.0,83.0,76.0,74.0,76.0,75.0,7,summer,78.85714285714286,15.225356857142856
3630,1,2024-07-01 06:00:00+00:00,17.296999,17.997,18.497,18.397,18.747,19.296999,19.7955,68.0,66.0,66.0,65.0,63.0,69.0,71.0,7,summer,66.85714285714286,18.575356857142854
3631,1,2024-07-01 07:00:00+00:00,20.046999,20.497,21.197,21.247,21.447,21.647,21.9955,59.0,58.0,58.0,56.0,55.0,61.0,61.0,7,summer,58.285714285714285,21.153928428571426
3632,1,2024-07-01 08:00:00+00:00,22.597,23.097,23.897,24.147,24.097,24.347,24.4455,52.0,51.0,51.0,46.0,48.0,53.0,49.0,7,summer,50.0,23.803928571428575
3633,1,2024-07-01 09:00:00+00:00,24.747,25.296999,25.847,26.397,26.147,26.347,26.2955,43.0,42.0,43.0,39.0,43.0,47.0,41.0,7,summer,42.57142857142857,25.86821414285714
3634,1,2024-07-01 10:00:00+00:00,26.097,26.546999,26.947,27.597,27.247,27.397,27.0455,38.0,37.0,40.0,35.0,39.0,43.0,37.0,7,summer,38.42857142857143,26.98249985714286
3635,1,2024-07-01 11:00:00+00:00,26.947,27.296999,27.347,28.046999,27.747,27.847,27.1455,36.0,34.0,37.0,33.0,36.0,40.0,37.0,7,summer,36.142857142857146,27.482499714285716
3636,1,2024-07-01 12:00:00+00:00,27.147,27.197,27.647,27.796999,27.997,28.647,25.6955,36.0,35.0,35.0,32.0,33.0,36.0,41.0,7,summer,35.42857142857143,27.446785571428567
3637,1,2024-07-01 13:00:00+00:00,26.997,27.097,27.597,27.796999,28.097,28.647,24.595499,36.0,36.0,34.0,32.0,32.0,35.0,46.0,7,summer,35.857142857142854,27.26107114285714
3638,1,2024-07-01 14:00:00+00:00,26.546999,26.796999,27.197,27.497,27.847,28.197,23.1955,36.0,36.0,34.0,32.0,32.0,35.0,53.0,7,summer,36.857142857142854,26.753928285714288
3639,1,2024-07-01 15:00:00+00:00,25.697,25.497,26.546999,26.546999,26.897,27.147,21.9955,38.0,39.0,38.0,35.0,34.0,37.0,59.0,7,summer,40.0,25.76107114285714
3640,1,2024-07-01 16:00:00+00:00,22.347,22.497,23.847,24.597,24.697,24.947,21.1455,51.0,51.0,44.0,42.0,40.0,43.0,62.0,7,summer,47.57142857142857,23.43964285714286
3641,1,2024-07-01 17:00:00+00:00,20.197,20.097,20.847,21.997,21.847,22.147,20.4455,57.0,51.0,55.0,50.0,48.0,51.0,63.0,7,summer,53.57142857142857,21.082500000000003
3642,1,2024-07-01 18:00:00+00:00,19.447,18.697,18.796999,19.247,19.447,19.847,20.3955,57.0,55.0,50.0,57.0,55.0,58.0,63.0,7,summer,56.42857142857143,19.411071285714286
3643,1,2024-07-01 19:00:00+00:00,18.397,17.497,17.097,17.347,18.197,18.697,19.845499,57.0,57.0,57.0,63.0,60.0,63.0,66.0,7,summer,60.42857142857143,18.15392842857143
3644,1,2024-07-01 20:00:00+00:00,17.597,16.397,15.997,15.697,17.397,18.147,19.4955,62.0,63.0,66.0,68.0,64.0,66.0,68.0,7,summer,65.28571428571429,17.246785714285714
3645,1,2024-07-01 21:00:00+00:00,16.847,15.597,15.347,14.347,16.597,17.447,19.095499,68.0,70.0,73.0,73.0,68.0,70.0,70.0,7,summer,70.28571428571429,16.468214142857146
3646,1,2024-07-01 22:00:00+00:00,16.197,14.947,14.697,13.347,15.447,16.347,18.4455,71.0,73.0,77.0,79.0,72.0,74.0,72.0,7,summer,74.0,15.632499999999999
3647,1,2024-07-01 23:00:00+00:00,15.297,13.947,13.797,12.597,14.247,15.146999,17.7455,72.0,76.0,80.0,85.0,76.0,77.0,74.0,7,summer,77.14285714285714,14.682499857142854
3648,1,2024-07-02 00:00:00+00:00,14.097,13.847,13.047,12.146999,13.396999,13.797,15.5955,78.0,75.0,84.0,89.0,83.0,78.0,79.0,7,summer,80.85714285714286,13.703928285714285
3649,1,2024-07-02 01:00:00+00:00,13.447,13.347,12.597,11.447,12.247,12.547,14.8455,80.0,78.0,85.0,92.0,88.0,83.0,82.0,7,summer,84.0,12.925357142857141
3650,1,2024-07-02 02:00:00+00:00,12.896999,12.797,12.047,11.097,11.247,11.396999,14.2455,83.0,81.0,87.0,92.0,91.0,89.0,85.0,7,summer,86.85714285714286,12.246785428571428
3651,1,2024-07-02 03:00:00+00:00,12.347,12.247,11.497,11.547,11.297,11.297,14.3955,85.0,84.0,88.0,89.0,91.0,90.0,85.0,7,summer,87.42857142857143,12.089642857142858
3652,1,2024-07-02 04:00:00+00:00,11.997,11.646999,10.997,13.297,13.047,13.047,15.5455,86.0,87.0,90.0,83.0,84.0,83.0,80.0,7,summer,84.71428571428571,12.796785571428572
3653,1,2024-07-02 05:00:00+00:00,14.247,13.797,12.997,15.947,15.797,15.896999,17.3955,81.0,82.0,86.0,74.0,74.0,72.0,73.0,7,summer,77.42857142857143,15.153928428571428
3654,1,2024-07-02 06:00:00+00:00,18.197,18.147,17.796999,19.147,18.546999,18.796999,19.8955,67.0,64.0,68.0,63.0,64.0,62.0,65.0,7,summer,64.71428571428571,18.646785285714284
3655,1,2024-07-02 07:00:00+00:00,21.046999,20.997,20.847,21.647,21.147,21.546999,22.4455,57.0,55.0,58.0,56.0,56.0,54.0,57.0,7,summer,56.142857142857146,21.382499714285718
3656,1,2024-07-02 08:00:00+00:00,23.497,23.497,23.497,24.247,23.747,24.347,25.345499,51.0,48.0,50.0,49.0,48.0,47.0,47.0,7,summer,48.57142857142857,24.025356999999996
3657,1,2024-07-02 09:00:00+00:00,25.447,25.697,25.647,26.197,25.747,26.497,27.3955,44.0,39.0,41.0,44.0,42.0,41.0,40.0,7,summer,41.57142857142857,26.08964285714286
3658,1,2024-07-02 10:00:00+00:00,26.197,27.097,26.947,27.247,26.796999,27.697,28.1455,39.0,34.0,33.0,40.0,38.0,37.0,36.0,7,summer,36.714285714285715,27.161071285714286
3659,1,2024-07-02 11:00:00+00:00,26.847,27.697,27.747,27.647,27.296999,28.247,28.095499,37.0,32.0,30.0,37.0,35.0,34.0,34.0,7,summer,34.142857142857146,27.65392828571428
3660,1,2024-07-02 12:00:00+00:00,27.247,27.847,27.597,27.697,26.847,27.947,27.4955,37.0,32.0,31.0,33.0,38.0,33.0,34.0,7,summer,34.0,27.525357142857143
3661,1,2024-07-02 13:00:00+00:00,27.197,27.697,27.597,27.597,26.697,27.796999,26.2455,37.0,33.0,31.0,32.0,37.0,34.0,40.0,7,summer,34.857142857142854,27.261071285714284
3662,1,2024-07-02 14:00:00+00:00,26.847,27.247,27.147,27.097,26.147,27.247,24.595499,38.0,34.0,30.0,32.0,37.0,36.0,48.0,7,summer,36.42857142857143,26.618214142857138
3663,1,2024-07-02 15:00:00+00:00,26.097,26.296999,25.747,26.097,25.197,26.197,23.095499,41.0,36.0,32.0,35.0,39.0,39.0,55.0,7,summer,39.57142857142857,25.532499714285713
3664,1,2024-07-02 16:00:00+00:00,24.296999,23.147,22.347,24.296999,23.697,24.247,21.9955,48.0,47.0,41.0,42.0,45.0,41.0,58.0,7,summer,46.0,23.43249971428571
3665,1,2024-07-02 17:00:00+00:00,21.647,21.097,19.647,22.046999,21.847,21.796999,21.0455,56.0,51.0,56.0,52.0,53.0,42.0,58.0,7,summer,52.57142857142857,21.303928285714285
3666,1,2024-07-02 18:00:00+00:00,19.647,19.947,19.347,18.897,20.247,19.747,17.4955,59.0,56.0,53.0,52.0,60.0,45.0,69.0,7,summer,56.285714285714285,19.3325
3667,1,2024-07-02 19:00:00+00:00,18.597,19.247,17.847,17.597,19.197,18.647,16.9455,63.0,59.0,57.0,58.0,63.0,49.0,72.0,7,summer,60.142857142857146,18.296785714285715
3668,1,2024-07-02 20:00:00+00:00,17.796999,17.897,16.497,16.796999,18.447,17.947,16.9455,66.0,65.0,64.0,63.0,65.0,54.0,73.0,7,summer,64.28571428571429,17.47535685714286
3669,1,2024-07-02 21:00:00+00:00,17.296999,17.046999,15.497,16.097,17.747,17.097,16.8955,67.0,70.0,70.0,69.0,67.0,60.0,74.0,7,summer,68.14285714285714,16.81107114285714
3670,1,2024-07-02 22:00:00+00:00,17.097,16.697,14.497,15.347,17.046999,15.697,16.5455,69.0,73.0,76.0,75.0,70.0,67.0,75.0,7,summer,72.14285714285714,16.132499857142857
3671,1,2024-07-02 23:00:00+00:00,16.546999,16.147,13.847,14.646999,16.397,14.097,16.095499,72.0,77.0,81.0,80.0,73.0,75.0,76.0,7,summer,76.28571428571429,15.396785285714286
3672,1,2024-07-03 00:00:00+00:00,14.997,14.396999,13.997,12.597,14.297,14.797,17.3955,78.0,85.0,86.0,90.0,82.0,75.0,70.0,7,summer,80.85714285714286,14.639642714285714
3673,1,2024-07-03 01:00:00+00:00,14.047,13.547,13.697,11.747,13.497,13.847,16.5455,83.0,90.0,88.0,94.0,85.0,80.0,73.0,7,summer,84.71428571428571,13.846785714285714
3674,1,2024-07-03 02:00:00+00:00,13.847,13.396999,13.697,11.097,12.847,12.947,15.5455,84.0,90.0,88.0,96.0,87.0,85.0,77.0,7,summer,86.71428571428571,13.339642714285715
3675,1,2024-07-03 03:00:00+00:00,13.797,13.297,13.797,11.347,13.047,12.896999,15.2955,84.0,89.0,88.0,95.0,86.0,87.0,78.0,7,summer,86.71428571428571,13.35392842857143
3676,1,2024-07-03 04:00:00+00:00,14.347,13.646999,13.297,13.097,14.597,14.297,16.2955,83.0,87.0,90.0,89.0,80.0,83.0,75.0,7,summer,83.85714285714286,14.225357
3677,1,2024-07-03 05:00:00+00:00,16.047,15.847,15.497,15.747,16.947,16.546999,18.0455,80.0,82.0,83.0,80.0,72.0,75.0,69.0,7,summer,77.28571428571429,16.382499857142857
3678,1,2024-07-03 06:00:00+00:00,18.497,19.197,19.296999,18.546999,19.147,18.847,20.1955,72.0,71.0,68.0,70.0,64.0,67.0,63.0,7,summer,67.85714285714286,19.10392828571429
3679,1,2024-07-03 07:00:00+00:00,20.796999,21.296999,21.796999,21.397,20.947,21.247,23.1955,63.0,63.0,60.0,60.0,59.0,60.0,53.0,7,summer,59.714285714285715,21.525356714285714
3680,1,2024-07-03 08:00:00+00:00,22.796999,23.597,24.046999,24.347,22.647,23.647,26.4955,57.0,57.0,54.0,49.0,54.0,52.0,41.0,7,summer,52.0,23.93964257142857
3681,1,2024-07-03 09:00:00+00:00,24.546999,25.546999,25.897,26.597,24.046999,25.397,28.7955,50.0,48.0,45.0,41.0,50.0,47.0,33.0,7,summer,44.857142857142854,25.83249957142857
3682,1,2024-07-03 10:00:00+00:00,25.997,25.697,27.046999,27.847,25.197,25.947,29.4955,44.0,44.0,39.0,36.0,44.0,45.0,29.0,7,summer,40.142857142857146,26.74678557142857
3683,1,2024-07-03 11:00:00+00:00,26.046999,26.647,27.796999,28.447,26.097,25.796999,29.1455,41.0,41.0,35.0,34.0,39.0,44.0,28.0,7,summer,37.42857142857143,27.139642428571428
3684,1,2024-07-03 12:00:00+00:00,26.847,27.197,27.647,28.796999,26.597,27.697,27.095499,39.0,38.0,35.0,31.0,38.0,35.0,34.0,7,summer,35.714285714285715,27.411071142857143
3685,1,2024-07-03 13:00:00+00:00,26.947,27.497,27.647,28.747,26.796999,27.747,25.4955,39.0,38.0,35.0,29.0,36.0,34.0,40.0,7,summer,35.857142857142854,27.268214142857143
3686,1,2024-07-03 14:00:00+00:00,26.597,27.296999,27.347,28.296999,26.747,27.397,23.5455,40.0,39.0,35.0,29.0,35.0,35.0,48.0,7,summer,37.285714285714285,26.746785428571428
3687,1,2024-07-03 15:00:00+00:00,25.997,26.546999,26.397,27.296999,26.046999,26.546999,21.8955,41.0,39.0,37.0,32.0,37.0,38.0,55.0,7,summer,39.857142857142854,25.818213714285715
3688,1,2024-07-03 16:00:00+00:00,23.897,23.296999,24.097,25.296999,24.296999,24.747,21.0455,51.0,51.0,50.0,41.0,44.0,45.0,58.0,7,summer,48.57142857142857,23.811071000000002
3689,1,2024-07-03 17:00:00+00:00,21.847,21.697,21.147,22.697,21.897,22.397,20.4955,59.0,59.0,61.0,54.0,54.0,54.0,61.0,7,summer,57.42857142857143,21.739642857142854
3690,1,2024-07-03 18:00:00+00:00,20.597,20.347,20.796999,19.546999,19.947,20.447,17.3955,69.0,69.0,60.0,79.0,62.0,61.0,71.0,7,summer,67.28571428571429,19.868214
3691,1,2024-07-03 19:00:00+00:00,20.197,19.796999,20.046999,18.597,18.947,19.296999,16.595499,70.0,69.0,62.0,85.0,66.0,64.0,74.0,7,summer,70.0,19.068213714285715
3692,1,2024-07-03 20:00:00+00:00,18.997,19.097,19.097,18.347,18.397,18.546999,16.3955,75.0,69.0,66.0,88.0,68.0,66.0,75.0,7,summer,72.42857142857143,18.411071285714286
3693,1,2024-07-03 21:00:00+00:00,18.447,18.447,18.197,18.197,17.747,17.796999,16.1955,77.0,71.0,70.0,89.0,70.0,68.0,76.0,7,summer,74.42857142857143,17.861071285714285
3694,1,2024-07-03 22:00:00+00:00,17.397,18.247,17.447,18.046999,16.747,16.947,15.7455,83.0,71.0,73.0,88.0,74.0,72.0,77.0,7,summer,76.85714285714286,17.225357
3695,1,2024-07-03 23:00:00+00:00,17.296999,18.097,16.997,18.046999,15.646999,16.147,15.2955,80.0,71.0,75.0,85.0,78.0,76.0,78.0,7,summer,77.57142857142857,16.789642428571426
3696,1,2024-07-04 00:00:00+00:00,18.497,16.347,16.097,17.247,17.747,14.497,16.095499,72.0,78.0,81.0,84.0,86.0,82.0,79.0,7,summer,80.28571428571429,16.646785571428573
3697,1,2024-07-04 01:00:00+00:00,18.247,15.997,15.847,16.697,17.347,13.497,15.3455,72.0,81.0,82.0,84.0,84.0,87.0,82.0,7,summer,81.71428571428571,16.139642857142857
3698,1,2024-07-04 02:00:00+00:00,17.546999,15.697,15.547,16.147,16.897,12.547,14.695499,75.0,83.0,83.0,84.0,81.0,91.0,84.0,7,summer,83.0,15.582499714285712
3699,1,2024-07-04 03:00:00+00:00,17.097,15.447,15.497,16.097,16.847,12.597,14.7955,76.0,83.0,83.0,83.0,78.0,91.0,84.0,7,summer,82.57142857142857,15.482500000000002
3700,1,2024-07-04 04:00:00+00:00,16.397,15.347,15.497,16.847,17.347,14.347,15.945499,80.0,83.0,83.0,80.0,76.0,85.0,79.0,7,summer,80.85714285714286,15.961071285714285
3701,1,2024-07-04 05:00:00+00:00,17.796999,17.197,17.247,18.147,18.197,17.147,17.845499,78.0,79.0,80.0,75.0,73.0,74.0,72.0,7,summer,75.85714285714286,17.653928285714287
3702,1,2024-07-04 06:00:00+00:00,19.697,20.247,20.147,19.197,19.497,19.997,21.095499,69.0,68.0,66.0,72.0,69.0,64.0,58.0,7,summer,66.57142857142857,19.98249985714286
3703,1,2024-07-04 07:00:00+00:00,22.046999,22.197,22.296999,20.997,21.497,22.796999,23.2955,61.0,62.0,59.0,66.0,63.0,55.0,51.0,7,summer,59.57142857142857,22.161071
3704,1,2024-07-04 08:00:00+00:00,24.447,24.296999,24.847,23.097,23.847,25.647,25.845499,55.0,56.0,52.0,59.0,55.0,47.0,42.0,7,summer,52.285714285714285,24.575356857142857
3705,1,2024-07-04 09:00:00+00:00,26.097,25.697,26.597,24.747,25.796999,27.796999,27.6955,48.0,49.0,46.0,54.0,48.0,40.0,36.0,7,summer,45.857142857142854,26.34678542857143
3706,1,2024-07-04 10:00:00+00:00,27.197,26.447,27.296999,25.747,26.997,29.046999,28.5455,43.0,45.0,42.0,50.0,43.0,35.0,33.0,7,summer,41.57142857142857,27.325356857142857
3707,1,2024-07-04 11:00:00+00:00,26.897,27.046999,27.747,26.296999,27.747,29.597,28.7455,43.0,43.0,40.0,48.0,39.0,32.0,31.0,7,summer,39.42857142857143,27.72535685714286
3708,1,2024-07-04 12:00:00+00:00,28.097,28.247,28.497,28.097,27.046999,28.647,28.3955,38.0,39.0,39.0,36.0,39.0,34.0,33.0,7,summer,36.857142857142854,28.146785571428573
3709,1,2024-07-04 13:00:00+00:00,28.296999,28.046999,28.597,27.296999,27.046999,27.847,26.595499,38.0,39.0,39.0,38.0,37.0,38.0,39.0,7,summer,38.285714285714285,27.67535642857143
3710,1,2024-07-04 14:00:00+00:00,28.197,27.397,28.347,25.647,26.597,26.597,23.7955,38.0,40.0,39.0,44.0,37.0,44.0,48.0,7,summer,41.42857142857143,26.653928571428573
3711,1,2024-07-04 15:00:00+00:00,27.197,25.697,27.296999,23.997,25.597,25.147,21.3955,39.0,46.0,40.0,52.0,40.0,50.0,57.0,7,summer,46.285714285714285,25.189642714285714
3712,1,2024-07-04 16:00:00+00:00,24.247,23.296999,23.447,22.497,23.847,23.697,19.845499,51.0,57.0,58.0,61.0,48.0,54.0,65.0,7,summer,56.285714285714285,22.982499714285716
3713,1,2024-07-04 17:00:00+00:00,22.947,21.347,22.197,20.947,21.597,22.097,18.6955,54.0,66.0,64.0,72.0,58.0,57.0,74.0,7,summer,63.57142857142857,21.403928571428573
3714,1,2024-07-04 18:00:00+00:00,20.947,19.947,20.046999,20.247,19.796999,20.447,17.595499,63.0,72.0,72.0,73.0,66.0,62.0,79.0,7,summer,69.57142857142857,19.861071
3715,1,2024-07-04 19:00:00+00:00,20.197,18.847,18.597,19.046999,18.947,18.647,17.7455,65.0,75.0,74.0,79.0,69.0,69.0,78.0,7,summer,72.71428571428571,18.86107128571428
3716,1,2024-07-04 20:00:00+00:00,19.296999,17.897,17.447,18.247,18.546999,16.796999,18.3955,70.0,76.0,77.0,82.0,69.0,77.0,73.0,7,summer,74.85714285714286,18.089642428571427
3717,1,2024-07-04 21:00:00+00:00,18.097,17.347,16.597,17.497,18.197,15.347,18.595499,75.0,76.0,81.0,84.0,70.0,84.0,70.0,7,summer,77.14285714285714,17.382499857142857
3718,1,2024-07-04 22:00:00+00:00,17.097,16.747,16.147,16.497,17.796999,14.547,17.7455,77.0,78.0,83.0,86.0,71.0,88.0,70.0,7,summer,79.0,16.653928428571426
3719,1,2024-07-04 23:00:00+00:00,16.497,15.896999,15.497,15.497,17.397,14.197,16.3955,80.0,83.0,85.0,87.0,72.0,90.0,72.0,7,summer,81.28571428571429,15.911071285714286
3720,1,2024-07-05 00:00:00+00:00,17.546999,14.947,16.597,16.147,14.847,14.347,15.8955,77.0,89.0,81.0,79.0,88.0,89.0,78.0,7,summer,83.0,15.761071285714284
3721,1,2024-07-05 01:00:00+00:00,16.847,14.797,16.296999,15.396999,14.447,14.146999,14.9955,80.0,91.0,82.0,82.0,89.0,90.0,82.0,7,summer,85.14285714285714,15.275356714285712
3722,1,2024-07-05 02:00:00+00:00,16.447,14.847,15.896999,14.697,14.247,14.347,14.0955,82.0,90.0,84.0,85.0,91.0,90.0,86.0,7,summer,86.85714285714286,14.939642714285712
3723,1,2024-07-05 03:00:00+00:00,16.147,14.997,15.747,14.597,14.597,14.997,14.0955,83.0,88.0,84.0,86.0,91.0,88.0,86.0,7,summer,86.57142857142857,15.025357142857143
3724,1,2024-07-05 04:00:00+00:00,15.896999,15.347,15.947,15.497,15.797,16.296999,15.5455,84.0,86.0,83.0,82.0,86.0,83.0,79.0,7,summer,83.28571428571429,15.761071142857144
3725,1,2024-07-05 05:00:00+00:00,17.546999,16.747,17.247,17.046999,17.597,18.046999,17.845499,79.0,82.0,79.0,76.0,78.0,76.0,69.0,7,summer,77.0,17.43964228571429
3726,1,2024-07-05 06:00:00+00:00,19.796999,19.397,19.147,19.447,19.497,19.947,20.595499,67.0,70.0,73.0,67.0,71.0,69.0,59.0,7,summer,68.0,19.68964257142857
3727,1,2024-07-05 07:00:00+00:00,21.847,21.447,21.097,21.147,21.597,22.197,23.7455,60.0,62.0,65.0,62.0,64.0,61.0,50.0,7,summer,60.57142857142857,21.868214285714284
3728,1,2024-07-05 08:00:00+00:00,24.097,23.046999,23.296999,22.997,23.796999,24.597,27.1455,54.0,58.0,59.0,57.0,58.0,53.0,40.0,7,summer,54.142857142857146,24.139642428571428
3729,1,2024-07-05 09:00:00+00:00,25.546999,24.947,25.197,24.447,25.546999,26.397,29.4955,49.0,52.0,53.0,53.0,52.0,46.0,33.0,7,summer,48.285714285714285,25.93964257142857
3730,1,2024-07-05 10:00:00+00:00,26.747,26.546999,26.247,25.397,26.546999,27.296999,30.3955,44.0,49.0,48.0,50.0,48.0,42.0,28.0,7,summer,44.142857142857146,27.025356714285714
3731,1,2024-07-05 11:00:00+00:00,27.647,26.997,27.046999,25.947,27.097,27.597,30.2455,41.0,43.0,43.0,48.0,44.0,40.0,26.0,7,summer,40.714285714285715,27.511071285714287
3732,1,2024-07-05 12:00:00+00:00,27.197,28.097,27.897,25.847,27.597,28.497,29.595499,43.0,38.0,39.0,48.0,40.0,34.0,30.0,7,summer,38.857142857142854,27.81821414285714
3733,1,2024-07-05 13:00:00+00:00,27.197,27.997,28.147,25.897,26.997,27.947,26.7455,43.0,38.0,39.0,47.0,42.0,35.0,42.0,7,summer,40.857142857142854,27.275357142857143
3734,1,2024-07-05 14:00:00+00:00,26.647,27.597,27.847,25.597,25.796999,26.847,22.845499,46.0,39.0,39.0,46.0,46.0,38.0,58.0,7,summer,44.57142857142857,26.168214000000003
3735,1,2024-07-05 15:00:00+00:00,23.897,26.097,26.997,24.847,24.447,25.597,19.7955,58.0,42.0,40.0,49.0,52.0,43.0,72.0,7,summer,50.857142857142854,24.525357142857143
3736,1,2024-07-05 16:00:00+00:00,20.947,21.546999,22.347,23.296999,22.747,24.147,18.5455,73.0,69.0,65.0,58.0,63.0,51.0,79.0,7,summer,65.42857142857143,21.939642571428575
3737,1,2024-07-05 17:00:00+00:00,20.097,20.247,20.597,21.296999,20.847,22.546999,18.1955,79.0,78.0,75.0,71.0,75.0,61.0,84.0,7,summer,74.71428571428571,20.546785428571432
3738,1,2024-07-05 18:00:00+00:00,19.097,20.296999,19.997,19.296999,19.397,21.097,16.3955,87.0,73.0,79.0,87.0,85.0,70.0,92.0,7,summer,81.85714285714286,19.368214
3739,1,2024-07-05 19:00:00+00:00,18.296999,19.697,19.597,18.647,18.747,19.947,16.2455,91.0,75.0,84.0,89.0,88.0,79.0,93.0,7,summer,85.57142857142857,18.739642714285715
3740,1,2024-07-05 20:00:00+00:00,17.647,18.296999,19.247,18.147,18.546999,18.947,16.3955,92.0,83.0,87.0,90.0,88.0,88.0,91.0,7,summer,88.42857142857143,18.175356857142855
3741,1,2024-07-05 21:00:00+00:00,17.247,17.647,18.997,17.697,18.296999,18.296999,16.4955,92.0,85.0,88.0,90.0,88.0,93.0,90.0,7,summer,89.42857142857143,17.81107114285714
3742,1,2024-07-05 22:00:00+00:00,16.897,17.447,18.697,17.347,17.697,18.097,16.6455,92.0,84.0,89.0,90.0,90.0,93.0,89.0,7,summer,89.57142857142857,17.546785714285715
3743,1,2024-07-05 23:00:00+00:00,16.847,17.197,18.397,17.147,17.046999,18.197,16.7955,90.0,83.0,90.0,89.0,92.0,90.0,88.0,7,summer,88.85714285714286,17.375357
3744,1,2024-07-06 00:00:00+00:00,17.397,17.697,17.897,17.546999,15.997,15.896999,15.4955,92.0,82.0,81.0,86.0,95.0,85.0,91.0,7,summer,87.42857142857143,16.846785428571426
3745,1,2024-07-06 01:00:00+00:00,17.197,17.546999,17.647,17.296999,15.597,15.697,14.945499,93.0,82.0,80.0,84.0,93.0,84.0,91.0,7,summer,86.71428571428571,16.561071
3746,1,2024-07-06 02:00:00+00:00,17.397,17.447,17.296999,17.097,15.347,15.597,14.445499,91.0,80.0,81.0,81.0,90.0,84.0,92.0,7,summer,85.57142857142857,16.375356857142854
3747,1,2024-07-06 03:00:00+00:00,17.296999,17.397,17.046999,17.147,15.597,15.896999,14.5955,88.0,79.0,82.0,78.0,86.0,82.0,90.0,7,summer,83.57142857142857,16.425356714285712
3748,1,2024-07-06 04:00:00+00:00,17.147,17.097,16.847,17.497,16.447,16.697,15.8455,84.0,80.0,82.0,76.0,83.0,79.0,86.0,7,summer,81.42857142857143,16.796785714285715
3749,1,2024-07-06 05:00:00+00:00,17.597,17.796999,17.697,18.147,17.747,17.897,17.7955,84.0,79.0,81.0,74.0,79.0,75.0,79.0,7,summer,78.71428571428571,17.811071285714288
3750,1,2024-07-06 06:00:00+00:00,19.947,19.647,19.546999,19.097,19.247,19.197,19.4955,69.0,71.0,70.0,72.0,75.0,71.0,71.0,7,summer,71.28571428571429,19.45392842857143
3751,1,2024-07-06 07:00:00+00:00,21.546999,21.097,20.997,20.447,20.997,20.647,22.4955,63.0,65.0,64.0,68.0,69.0,66.0,60.0,7,summer,65.0,21.175356999999998
3752,1,2024-07-06 08:00:00+00:00,22.796999,22.546999,22.697,22.097,22.997,22.247,26.1955,60.0,61.0,60.0,63.0,63.0,61.0,48.0,7,summer,59.42857142857143,23.082499714285717
3753,1,2024-07-06 09:00:00+00:00,23.697,24.046999,24.397,23.397,24.497,23.597,28.7955,58.0,56.0,54.0,59.0,58.0,57.0,38.0,7,summer,54.285714285714285,24.632499857142854
3754,1,2024-07-06 10:00:00+00:00,24.546999,25.347,25.247,24.147,25.397,24.597,29.5455,55.0,49.0,52.0,56.0,55.0,53.0,33.0,7,summer,50.42857142857143,25.54678557142857
3755,1,2024-07-06 11:00:00+00:00,25.647,25.997,25.497,24.546999,25.847,25.397,29.1955,51.0,46.0,50.0,54.0,53.0,50.0,32.0,7,summer,48.0,26.018214142857143
3756,1,2024-07-06 12:00:00+00:00,25.647,25.796999,25.597,25.147,24.697,26.447,28.2955,50.0,47.0,47.0,50.0,52.0,44.0,33.0,7,summer,46.142857142857146,25.94678557142857
3757,1,2024-07-06 13:00:00+00:00,25.347,25.796999,25.897,25.247,24.647,26.247,25.845499,52.0,45.0,46.0,49.0,51.0,45.0,45.0,7,summer,47.57142857142857,25.575356857142857
3758,1,2024-07-06 14:00:00+00:00,24.497,25.847,25.697,25.097,24.296999,25.796999,22.595499,55.0,44.0,46.0,48.0,51.0,48.0,61.0,7,summer,50.42857142857143,24.83249957142857
3759,1,2024-07-06 15:00:00+00:00,23.647,24.897,25.247,24.546999,23.597,24.997,19.9955,60.0,47.0,46.0,51.0,53.0,52.0,75.0,7,summer,54.857142857142854,23.846785571428573
3760,1,2024-07-06 16:00:00+00:00,21.897,23.197,23.147,23.197,22.397,23.497,18.6455,69.0,55.0,56.0,59.0,60.0,59.0,82.0,7,summer,62.857142857142854,22.2825
3761,1,2024-07-06 17:00:00+00:00,20.597,22.046999,21.296999,21.397,20.947,21.647,17.8955,76.0,61.0,67.0,69.0,70.0,68.0,86.0,7,summer,71.0,20.832499714285714
3762,1,2024-07-06 18:00:00+00:00,19.097,19.647,20.897,19.796999,19.747,20.097,17.3955,82.0,84.0,68.0,77.0,77.0,76.0,88.0,7,summer,78.85714285714286,19.525356999999996
3763,1,2024-07-06 19:00:00+00:00,18.546999,19.397,19.747,19.046999,19.147,19.197,17.345499,83.0,83.0,78.0,82.0,80.0,81.0,88.0,7,summer,82.14285714285714,18.918213857142856
3764,1,2024-07-06 20:00:00+00:00,17.947,19.147,19.296999,18.647,18.847,18.597,17.345499,86.0,85.0,80.0,85.0,81.0,85.0,87.0,7,summer,84.14285714285714,18.54678542857143
3765,1,2024-07-06 21:00:00+00:00,17.597,18.647,18.697,18.347,18.546999,18.097,17.2955,89.0,88.0,81.0,87.0,82.0,87.0,87.0,7,summer,85.85714285714286,18.175357
3766,1,2024-07-06 22:00:00+00:00,17.497,18.197,18.447,18.147,18.097,17.647,17.2455,89.0,91.0,82.0,88.0,84.0,87.0,87.0,7,summer,86.85714285714286,17.896785714285716
3767,1,2024-07-06 23:00:00+00:00,17.397,17.947,18.247,18.046999,17.597,17.296999,17.1455,89.0,91.0,83.0,88.0,87.0,87.0,88.0,7,summer,87.57142857142857,17.668214
3768,1,2024-07-07 00:00:00+00:00,17.296999,17.546999,17.597,18.046999,15.797,17.197,16.095499,89.0,90.0,87.0,90.0,94.0,90.0,89.0,7,summer,89.85714285714286,17.08249942857143
3769,1,2024-07-07 01:00:00+00:00,16.697,17.197,16.897,17.546999,15.097,16.597,15.7455,91.0,91.0,89.0,89.0,95.0,90.0,90.0,7,summer,90.71428571428571,16.539642714285712
3770,1,2024-07-07 02:00:00+00:00,16.147,16.747,16.197,17.046999,14.447,15.947,15.5455,91.0,91.0,90.0,88.0,94.0,91.0,91.0,7,summer,90.85714285714286,16.011071285714287
3771,1,2024-07-07 03:00:00+00:00,15.947,16.097,15.997,16.897,14.447,15.896999,15.8955,89.0,91.0,90.0,86.0,92.0,90.0,89.0,7,summer,89.57142857142857,15.882499857142856
3772,1,2024-07-07 04:00:00+00:00,15.646999,15.646999,16.097,17.397,15.497,16.796999,16.8955,90.0,92.0,87.0,84.0,88.0,86.0,85.0,7,summer,87.42857142857143,16.28249957142857
3773,1,2024-07-07 05:00:00+00:00,16.897,17.046999,17.397,18.296999,17.247,18.296999,18.4455,88.0,87.0,84.0,81.0,83.0,81.0,78.0,7,summer,83.14285714285714,17.661071
3774,1,2024-07-07 06:00:00+00:00,20.046999,20.197,19.497,19.897,19.147,19.897,18.8955,76.0,73.0,73.0,71.0,77.0,75.0,75.0,7,summer,74.28571428571429,19.653928428571426
3775,1,2024-07-07 07:00:00+00:00,21.897,22.097,21.497,21.697,21.347,21.697,21.5455,69.0,66.0,65.0,63.0,68.0,68.0,64.0,7,summer,66.14285714285714,21.6825
3776,1,2024-07-07 08:00:00+00:00,23.296999,23.747,23.447,23.647,23.747,23.647,24.7455,64.0,60.0,59.0,55.0,59.0,59.0,51.0,7,summer,58.142857142857146,23.75392842857143
3777,1,2024-07-07 09:00:00+00:00,24.397,24.997,25.497,25.247,25.546999,25.147,27.095499,55.0,54.0,50.0,48.0,51.0,53.0,41.0,7,summer,50.285714285714285,25.418214
3778,1,2024-07-07 10:00:00+00:00,24.947,26.046999,26.347,26.397,26.397,26.046999,28.1455,53.0,49.0,44.0,44.0,47.0,50.0,36.0,7,summer,46.142857142857146,26.332499714285714
3779,1,2024-07-07 11:00:00+00:00,25.697,26.497,26.947,27.247,26.597,26.546999,28.345499,51.0,47.0,43.0,41.0,46.0,48.0,34.0,7,summer,44.285714285714285,26.839642571428573
3780,1,2024-07-07 12:00:00+00:00,26.597,27.296999,27.447,27.697,26.197,27.197,25.3955,45.0,43.0,40.0,38.0,45.0,41.0,44.0,7,summer,42.285714285714285,26.832499857142857
3781,1,2024-07-07 13:00:00+00:00,26.546999,26.897,26.947,26.947,26.447,26.947,24.3955,45.0,44.0,40.0,43.0,43.0,41.0,49.0,7,summer,43.57142857142857,26.44678557142857
3782,1,2024-07-07 14:00:00+00:00,25.997,26.247,26.546999,25.546999,26.247,26.296999,23.345499,45.0,45.0,40.0,50.0,42.0,43.0,54.0,7,summer,45.57142857142857,25.74678514285714
3783,1,2024-07-07 15:00:00+00:00,25.197,25.397,25.347,24.147,25.447,25.197,22.1955,48.0,48.0,45.0,58.0,45.0,47.0,59.0,7,summer,50.0,24.703928571428573
3784,1,2024-07-07 16:00:00+00:00,22.796999,23.046999,22.897,22.747,23.747,23.497,20.7455,60.0,59.0,58.0,65.0,53.0,56.0,64.0,7,summer,59.285714285714285,22.78249971428571
3785,1,2024-07-07 17:00:00+00:00,21.147,21.597,21.397,21.247,21.447,21.397,19.2455,70.0,70.0,66.0,73.0,65.0,67.0,68.0,7,summer,68.42857142857143,21.068214285714284
3786,1,2024-07-07 18:00:00+00:00,19.497,19.597,19.397,20.097,19.497,19.697,19.595499,90.0,83.0,83.0,77.0,75.0,76.0,68.0,7,summer,78.85714285714286,19.625357
3787,1,2024-07-07 19:00:00+00:00,19.046999,18.747,18.847,19.296999,18.147,18.697,18.845499,91.0,88.0,87.0,82.0,83.0,82.0,70.0,7,summer,83.28571428571429,18.80392814285714
3788,1,2024-07-07 20:00:00+00:00,18.296999,18.296999,18.296999,18.747,17.097,18.097,17.845499,93.0,90.0,90.0,86.0,90.0,85.0,74.0,7,summer,86.85714285714286,18.096785142857144
3789,1,2024-07-07 21:00:00+00:00,17.847,17.647,17.997,18.296999,16.296999,17.597,16.9955,95.0,93.0,93.0,89.0,95.0,88.0,77.0,7,summer,90.0,17.525356857142857
3790,1,2024-07-07 22:00:00+00:00,17.546999,17.597,17.897,17.897,15.896999,17.247,16.4955,94.0,93.0,93.0,90.0,97.0,90.0,79.0,7,summer,90.85714285714286,17.225356857142856
3791,1,2024-07-07 23:00:00+00:00,17.397,17.296999,17.697,17.546999,15.747,16.997,16.1455,95.0,94.0,95.0,91.0,96.0,92.0,81.0,7,summer,92.0,16.975356857142856
3792,1,2024-07-08 00:00:00+00:00,17.497,17.747,17.147,16.747,17.296999,17.247,16.1955,95.0,92.0,93.0,93.0,95.0,94.0,90.0,7,summer,93.14285714285714,17.125357
3793,1,2024-07-08 01:00:00+00:00,17.447,17.597,16.997,16.546999,16.947,16.997,15.4955,95.0,93.0,93.0,93.0,95.0,95.0,91.0,7,summer,93.57142857142857,16.861071285714285
3794,1,2024-07-08 02:00:00+00:00,17.347,17.497,16.897,16.347,16.597,16.847,14.7455,95.0,93.0,93.0,93.0,94.0,95.0,92.0,7,summer,93.57142857142857,16.611071428571428
3795,1,2024-07-08 03:00:00+00:00,17.097,17.546999,16.847,16.447,16.647,16.947,14.695499,95.0,93.0,93.0,93.0,93.0,94.0,91.0,7,summer,93.14285714285714,16.603928285714286
3796,1,2024-07-08 04:00:00+00:00,16.697,17.447,16.546999,16.947,17.247,17.397,15.695499,95.0,92.0,94.0,92.0,91.0,92.0,86.0,7,summer,91.71428571428571,16.853928285714282
3797,1,2024-07-08 05:00:00+00:00,17.497,17.947,17.347,17.796999,18.147,18.097,17.345499,93.0,92.0,93.0,91.0,89.0,89.0,79.0,7,summer,89.42857142857143,17.739642571428572
3798,1,2024-07-08 06:00:00+00:00,19.097,18.947,19.147,18.897,19.296999,19.046999,17.8955,86.0,85.0,87.0,85.0,85.0,85.0,82.0,7,summer,85.0,18.903928285714283
3799,1,2024-07-08 07:00:00+00:00,20.947,20.347,20.296999,20.147,20.697,20.497,20.6955,78.0,80.0,81.0,80.0,79.0,78.0,71.0,7,summer,78.14285714285714,20.518214142857143
3800,1,2024-07-08 08:00:00+00:00,22.347,21.597,21.847,21.597,22.296999,22.197,24.1455,68.0,74.0,76.0,74.0,71.0,70.0,58.0,7,summer,70.14285714285714,22.289642714285716
3801,1,2024-07-08 09:00:00+00:00,23.597,22.347,23.197,22.847,23.597,23.397,26.4955,61.0,72.0,69.0,68.0,64.0,65.0,48.0,7,summer,63.857142857142854,23.639642857142857
3802,1,2024-07-08 10:00:00+00:00,24.497,22.997,24.247,23.747,24.597,23.697,26.8955,57.0,70.0,63.0,63.0,59.0,65.0,45.0,7,summer,60.285714285714285,24.3825
3803,1,2024-07-08 11:00:00+00:00,25.046999,23.447,24.747,24.397,25.347,23.447,26.1455,55.0,68.0,60.0,59.0,54.0,69.0,46.0,7,summer,58.714285714285715,24.65392842857143
3804,1,2024-07-08 12:00:00+00:00,25.097,22.947,24.847,24.947,26.197,25.197,24.8955,54.0,71.0,61.0,57.0,49.0,57.0,52.0,7,summer,57.285714285714285,24.875357142857144
3805,1,2024-07-08 13:00:00+00:00,25.046999,23.147,25.247,24.697,25.597,24.747,23.8955,56.0,68.0,59.0,57.0,52.0,58.0,58.0,7,summer,58.285714285714285,24.625357000000005
3806,1,2024-07-08 14:00:00+00:00,24.597,22.997,24.796999,24.097,24.497,23.897,22.2955,55.0,68.0,56.0,58.0,57.0,60.0,68.0,7,summer,60.285714285714285,23.882499857142857
3807,1,2024-07-08 15:00:00+00:00,21.847,22.597,23.597,23.197,23.296999,22.796999,20.7955,72.0,68.0,61.0,61.0,64.0,64.0,77.0,7,summer,66.71428571428571,22.589642571428573
3808,1,2024-07-08 16:00:00+00:00,20.697,21.497,21.697,21.847,21.897,21.497,19.4455,81.0,75.0,73.0,69.0,72.0,71.0,83.0,7,summer,74.85714285714286,21.225357142857145
3809,1,2024-07-08 17:00:00+00:00,19.897,20.296999,20.546999,20.147,20.347,20.046999,18.1955,87.0,82.0,80.0,80.0,82.0,81.0,89.0,7,summer,83.0,19.925356714285716
3810,1,2024-07-08 18:00:00+00:00,19.147,19.497,20.296999,19.397,19.046999,18.747,17.095499,90.0,90.0,80.0,89.0,89.0,88.0,91.0,7,summer,88.14285714285714,19.03249957142857
3811,1,2024-07-08 19:00:00+00:00,18.497,19.046999,19.097,18.597,18.296999,17.847,16.7455,93.0,90.0,86.0,93.0,93.0,92.0,92.0,7,summer,91.28571428571429,18.303928285714285
3812,1,2024-07-08 20:00:00+00:00,17.997,18.397,18.147,17.897,17.847,17.097,16.4455,95.0,93.0,92.0,96.0,95.0,94.0,92.0,7,summer,93.85714285714286,17.689642857142857
3813,1,2024-07-08 21:00:00+00:00,17.697,17.796999,17.046999,17.447,17.347,16.497,16.1955,96.0,96.0,97.0,97.0,96.0,96.0,92.0,7,summer,95.71428571428571,17.14678542857143
3814,1,2024-07-08 22:00:00+00:00,17.097,17.296999,16.546999,17.247,16.697,15.947,15.945499,98.0,97.0,97.0,97.0,97.0,97.0,92.0,7,summer,96.42857142857143,16.682499571428572
3815,1,2024-07-08 23:00:00+00:00,16.747,16.796999,16.897,17.247,16.047,15.447,15.7455,98.0,97.0,94.0,95.0,98.0,97.0,92.0,7,summer,95.85714285714286,16.418214142857142
3816,1,2024-07-09 00:00:00+00:00,16.097,16.497,16.647,17.347,16.097,16.597,15.7955,97.0,96.0,94.0,93.0,95.0,95.0,89.0,7,summer,94.14285714285714,16.43964285714286
3817,1,2024-07-09 01:00:00+00:00,15.697,16.247,16.847,17.097,15.697,16.397,15.2455,97.0,95.0,93.0,94.0,96.0,95.0,90.0,7,summer,94.28571428571429,16.17535714285714
3818,1,2024-07-09 02:00:00+00:00,15.347,16.147,17.046999,16.847,15.396999,16.147,14.5955,97.0,95.0,91.0,94.0,96.0,95.0,91.0,7,summer,94.14285714285714,15.932499714285713
3819,1,2024-07-09 03:00:00+00:00,15.097,15.997,16.947,16.997,15.597,16.296999,14.5955,97.0,95.0,90.0,93.0,95.0,94.0,90.0,7,summer,93.42857142857143,15.932499857142856
3820,1,2024-07-09 04:00:00+00:00,14.847,15.697,16.447,17.647,16.546999,16.897,15.445499,97.0,95.0,91.0,89.0,91.0,91.0,86.0,7,summer,91.42857142857143,16.218214
3821,1,2024-07-09 05:00:00+00:00,16.197,16.847,17.397,18.697,18.046999,17.847,16.9455,94.0,93.0,89.0,84.0,86.0,87.0,80.0,7,summer,87.57142857142857,17.425356999999998
3822,1,2024-07-09 06:00:00+00:00,18.796999,19.296999,19.947,19.697,19.697,19.097,19.4955,87.0,84.0,79.0,82.0,79.0,82.0,72.0,7,summer,80.71428571428571,19.432499714285715
3823,1,2024-07-09 07:00:00+00:00,20.796999,21.347,22.347,21.347,21.647,20.947,22.1955,82.0,77.0,69.0,75.0,70.0,74.0,61.0,7,summer,72.57142857142857,21.518214142857143
3824,1,2024-07-09 08:00:00+00:00,22.697,23.197,24.197,23.247,23.796999,23.147,25.1955,72.0,69.0,61.0,67.0,61.0,65.0,49.0,7,summer,63.42857142857143,23.639642714285714
3825,1,2024-07-09 09:00:00+00:00,23.997,24.597,25.147,24.597,25.447,24.796999,27.095499,63.0,60.0,53.0,62.0,53.0,57.0,41.0,7,summer,55.57142857142857,25.096785428571426
3826,1,2024-07-09 10:00:00+00:00,24.546999,25.497,25.397,25.046999,26.296999,25.546999,27.0455,58.0,53.0,52.0,61.0,48.0,53.0,41.0,7,summer,52.285714285714285,25.625356571428572
3827,1,2024-07-09 11:00:00+00:00,25.097,25.747,25.647,24.897,26.697,25.796999,25.845499,56.0,52.0,51.0,63.0,45.0,50.0,45.0,7,summer,51.714285714285715,25.675356857142855
3828,1,2024-07-09 12:00:00+00:00,25.747,25.147,26.197,25.796999,25.847,26.497,26.4955,50.0,56.0,47.0,55.0,55.0,48.0,40.0,7,summer,50.142857142857146,25.96107128571428
3829,1,2024-07-09 13:00:00+00:00,25.296999,25.247,26.247,24.997,25.447,26.197,25.4455,50.0,57.0,47.0,58.0,55.0,48.0,45.0,7,summer,51.42857142857143,25.553928428571428
3830,1,2024-07-09 14:00:00+00:00,24.447,25.097,26.247,23.747,24.597,25.597,23.8955,54.0,54.0,44.0,64.0,55.0,50.0,54.0,7,summer,53.57142857142857,24.80392857142857
3831,1,2024-07-09 15:00:00+00:00,22.997,22.796999,25.397,22.546999,23.597,24.597,22.3955,62.0,62.0,49.0,69.0,58.0,54.0,62.0,7,summer,59.42857142857143,23.47535685714286
3832,1,2024-07-09 16:00:00+00:00,21.447,21.397,22.947,21.597,22.296999,22.997,20.9455,71.0,73.0,59.0,73.0,66.0,61.0,67.0,7,summer,67.14285714285714,21.946785571428574
3833,1,2024-07-09 17:00:00+00:00,20.447,20.747,21.546999,20.747,20.796999,21.097,19.595499,78.0,77.0,64.0,78.0,76.0,70.0,71.0,7,summer,73.42857142857143,20.711071
3834,1,2024-07-09 18:00:00+00:00,19.796999,19.747,20.497,19.947,19.447,19.497,17.7955,82.0,86.0,74.0,79.0,85.0,77.0,74.0,7,summer,79.57142857142857,19.532499857142856
3835,1,2024-07-09 19:00:00+00:00,19.097,19.247,20.046999,19.247,18.397,18.597,17.2955,85.0,89.0,74.0,80.0,91.0,79.0,75.0,7,summer,81.85714285714286,18.846785571428573
3836,1,2024-07-09 20:00:00+00:00,18.447,18.796999,19.697,18.647,17.447,18.097,16.9955,88.0,91.0,71.0,78.0,96.0,80.0,75.0,7,summer,82.71428571428571,18.303928428571428
3837,1,2024-07-09 21:00:00+00:00,17.796999,18.296999,19.296999,18.147,16.747,17.546999,16.595499,90.0,90.0,71.0,78.0,98.0,80.0,75.0,7,summer,83.14285714285714,17.775356428571428
3838,1,2024-07-09 22:00:00+00:00,17.397,17.897,18.647,17.697,16.247,16.847,16.095499,89.0,89.0,75.0,79.0,96.0,81.0,75.0,7,summer,83.42857142857143,17.261071285714287
3839,1,2024-07-09 23:00:00+00:00,17.046999,17.546999,18.247,17.347,15.896999,16.147,15.5455,89.0,88.0,76.0,82.0,92.0,83.0,75.0,7,summer,83.57142857142857,16.82535671428571
3840,1,2024-07-10 00:00:00+00:00,16.697,16.597,17.597,17.296999,15.797,15.547,14.9955,91.0,90.0,79.0,81.0,87.0,88.0,71.0,7,summer,83.85714285714286,16.36107128571428
3841,1,2024-07-10 01:00:00+00:00,16.796999,16.347,17.747,16.897,15.447,14.997,14.2455,88.0,90.0,77.0,81.0,87.0,89.0,72.0,7,summer,83.42857142857143,16.06821414285714
3842,1,2024-07-10 02:00:00+00:00,16.647,16.247,17.397,16.597,15.197,14.547,13.4955,88.0,90.0,78.0,81.0,86.0,89.0,73.0,7,summer,83.57142857142857,15.7325
3843,1,2024-07-10 03:00:00+00:00,16.147,16.097,17.046999,16.647,15.396999,14.646999,13.4955,90.0,89.0,79.0,80.0,84.0,87.0,72.0,7,summer,83.0,15.639642428571424
3844,1,2024-07-10 04:00:00+00:00,15.597,15.847,16.697,17.247,16.247,15.547,14.5955,91.0,89.0,80.0,78.0,81.0,82.0,67.0,7,summer,81.14285714285714,15.968214285714286
3845,1,2024-07-10 05:00:00+00:00,16.947,17.147,17.296999,18.247,17.597,16.997,16.4455,87.0,85.0,80.0,75.0,77.0,74.0,60.0,7,summer,76.85714285714286,17.23964271428571
3846,1,2024-07-10 06:00:00+00:00,19.546999,19.796999,19.347,19.097,19.097,18.597,18.9955,74.0,76.0,69.0,70.0,73.0,67.0,57.0,7,summer,69.42857142857143,19.211071142857143
3847,1,2024-07-10 07:00:00+00:00,21.497,21.397,21.347,20.947,20.947,20.247,21.4455,65.0,68.0,61.0,64.0,67.0,60.0,50.0,7,summer,62.142857142857146,21.118214285714288
3848,1,2024-07-10 08:00:00+00:00,23.597,23.247,23.296999,23.046999,23.046999,22.046999,24.1455,58.0,62.0,57.0,58.0,60.0,54.0,42.0,7,summer,55.857142857142854,23.203927999999998
3849,1,2024-07-10 09:00:00+00:00,24.847,24.497,24.796999,24.597,24.647,23.647,26.1955,53.0,57.0,53.0,53.0,55.0,49.0,37.0,7,summer,51.0,24.74678557142857
3850,1,2024-07-10 10:00:00+00:00,25.546999,25.046999,25.046999,25.296999,25.497,25.046999,27.1455,51.0,53.0,49.0,51.0,51.0,45.0,34.0,7,summer,47.714285714285715,25.518213571428568
3851,1,2024-07-10 11:00:00+00:00,25.947,24.697,25.147,25.497,25.847,26.247,27.345499,49.0,53.0,48.0,50.0,49.0,43.0,32.0,7,summer,46.285714285714285,25.81821414285714
3852,1,2024-07-10 12:00:00+00:00,25.447,23.997,25.897,26.447,25.447,25.947,27.1955,48.0,58.0,46.0,43.0,50.0,50.0,34.0,7,summer,47.0,25.76821428571429
3853,1,2024-07-10 13:00:00+00:00,25.247,23.296999,25.647,26.097,25.597,25.697,25.8955,48.0,63.0,45.0,44.0,49.0,50.0,39.0,7,summer,48.285714285714285,25.353928428571432
3854,1,2024-07-10 14:00:00+00:00,25.097,23.947,25.197,25.347,25.447,25.046999,23.7955,46.0,56.0,45.0,47.0,49.0,51.0,47.0,7,summer,48.714285714285715,24.839642714285713
3855,1,2024-07-10 15:00:00+00:00,23.997,23.247,24.147,24.397,24.897,24.147,21.7955,48.0,57.0,47.0,50.0,50.0,54.0,53.0,7,summer,51.285714285714285,23.803928571428568
3856,1,2024-07-10 16:00:00+00:00,21.546999,21.147,21.697,23.097,23.597,22.897,19.9955,57.0,64.0,56.0,53.0,54.0,58.0,57.0,7,summer,57.0,21.99678557142857
3857,1,2024-07-10 17:00:00+00:00,19.546999,19.397,20.046999,21.546999,21.847,21.397,18.2955,65.0,69.0,64.0,57.0,60.0,63.0,60.0,7,summer,62.57142857142857,20.296785285714286
3858,1,2024-07-10 18:00:00+00:00,18.747,18.647,18.796999,19.697,20.347,20.197,19.595499,71.0,61.0,70.0,62.0,65.0,67.0,59.0,7,summer,65.0,19.43249971428571
3859,1,2024-07-10 19:00:00+00:00,17.597,17.747,17.747,18.947,19.397,19.546999,19.1955,74.0,64.0,74.0,62.0,69.0,69.0,60.0,7,summer,67.42857142857143,18.596785571428573
3860,1,2024-07-10 20:00:00+00:00,16.697,17.197,16.997,18.546999,18.647,19.147,18.9455,77.0,69.0,76.0,62.0,71.0,69.0,60.0,7,summer,69.14285714285714,18.025356999999996
3861,1,2024-07-10 21:00:00+00:00,16.097,17.046999,16.397,18.097,18.046999,18.647,18.4955,79.0,73.0,78.0,62.0,73.0,70.0,61.0,7,summer,70.85714285714286,17.54678542857143
3862,1,2024-07-10 22:00:00+00:00,15.697,16.947,15.947,17.397,17.546999,17.747,17.5455,81.0,68.0,75.0,65.0,73.0,72.0,64.0,7,summer,71.14285714285714,16.975357
3863,1,2024-07-10 23:00:00+00:00,15.396999,16.296999,15.297,16.597,17.197,16.747,16.345499,81.0,66.0,70.0,70.0,72.0,76.0,67.0,7,summer,71.71428571428571,16.268213857142857
3864,1,2024-07-11 00:00:00+00:00,14.697,15.197,15.047,15.646999,16.347,16.747,13.9955,77.0,75.0,73.0,75.0,77.0,74.0,71.0,7,summer,74.57142857142857,15.382499857142859
3865,1,2024-07-11 01:00:00+00:00,14.297,14.947,14.497,15.247,15.797,15.896999,13.5455,78.0,79.0,77.0,78.0,79.0,77.0,73.0,7,summer,77.28571428571429,14.889642714285714
3866,1,2024-07-11 02:00:00+00:00,13.896999,14.646999,14.146999,14.947,15.247,15.047,13.1455,79.0,81.0,80.0,81.0,82.0,81.0,74.0,7,summer,79.71428571428571,14.439642428571428
3867,1,2024-07-11 03:00:00+00:00,13.447,14.247,13.896999,15.097,15.247,14.847,13.3955,82.0,85.0,82.0,82.0,83.0,82.0,74.0,7,summer,81.42857142857143,14.311071285714286
3868,1,2024-07-11 04:00:00+00:00,13.146999,13.947,13.646999,15.896999,16.147,15.747,14.6455,84.0,88.0,84.0,80.0,81.0,80.0,70.0,7,summer,81.0,14.739642428571429
3869,1,2024-07-11 05:00:00+00:00,14.747,15.597,15.047,17.147,17.647,17.296999,16.5455,82.0,84.0,82.0,77.0,76.0,75.0,64.0,7,summer,77.14285714285714,16.289642714285716
3870,1,2024-07-11 06:00:00+00:00,17.947,18.397,18.197,18.546999,19.347,18.997,19.1955,72.0,71.0,73.0,69.0,71.0,70.0,64.0,7,summer,70.0,18.661071285714286
3871,1,2024-07-11 07:00:00+00:00,20.247,20.647,20.447,20.597,21.447,20.847,21.845499,65.0,63.0,64.0,63.0,64.0,65.0,55.0,7,summer,62.714285714285715,20.86821414285714
3872,1,2024-07-11 08:00:00+00:00,22.497,22.747,22.447,22.897,23.796999,22.897,24.6455,59.0,57.0,60.0,57.0,57.0,61.0,46.0,7,summer,56.714285714285715,23.132499857142854
3873,1,2024-07-11 09:00:00+00:00,24.497,24.647,24.197,24.697,25.546999,24.497,26.7955,54.0,52.0,56.0,52.0,51.0,56.0,38.0,7,summer,51.285714285714285,24.98249985714286
3874,1,2024-07-11 10:00:00+00:00,25.697,25.796999,25.546999,25.897,26.296999,25.497,27.9455,47.0,46.0,50.0,47.0,48.0,52.0,33.0,7,summer,46.142857142857146,26.096785285714283
3875,1,2024-07-11 11:00:00+00:00,26.147,26.147,26.046999,26.647,26.397,26.147,28.4455,44.0,43.0,45.0,43.0,47.0,48.0,30.0,7,summer,42.857142857142854,26.56821414285714
3876,1,2024-07-11 12:00:00+00:00,26.097,26.647,26.796999,26.697,27.397,26.847,27.095499,44.0,40.0,42.0,41.0,39.0,41.0,36.0,7,summer,40.42857142857143,26.79678542857143
3877,1,2024-07-11 13:00:00+00:00,26.347,26.697,26.747,26.747,27.497,26.947,25.3955,45.0,41.0,42.0,40.0,38.0,40.0,43.0,7,summer,41.285714285714285,26.625357142857144
3878,1,2024-07-11 14:00:00+00:00,26.097,26.447,26.497,26.347,27.247,26.796999,22.8955,46.0,40.0,42.0,42.0,39.0,41.0,55.0,7,summer,43.57142857142857,26.04678557142857
3879,1,2024-07-11 15:00:00+00:00,25.296999,25.397,24.597,25.397,26.497,26.046999,20.7955,46.0,43.0,48.0,44.0,42.0,43.0,64.0,7,summer,47.142857142857146,24.86107114285714
3880,1,2024-07-11 16:00:00+00:00,22.147,22.796999,22.247,23.497,24.847,24.397,19.4955,54.0,55.0,52.0,48.0,46.0,48.0,69.0,7,summer,53.142857142857146,22.775356999999996
3881,1,2024-07-11 17:00:00+00:00,20.296999,20.947,20.097,21.046999,22.697,22.197,18.5455,58.0,59.0,57.0,54.0,52.0,56.0,71.0,7,summer,58.142857142857146,20.832499714285717
3882,1,2024-07-11 18:00:00+00:00,19.147,18.796999,18.847,19.296999,20.847,20.296999,17.9955,65.0,61.0,65.0,62.0,58.0,63.0,70.0,7,summer,63.42857142857143,19.318213857142858
3883,1,2024-07-11 19:00:00+00:00,18.546999,17.747,18.197,18.397,19.747,19.147,16.8955,68.0,65.0,67.0,65.0,64.0,69.0,74.0,7,summer,67.42857142857143,18.382499857142857
3884,1,2024-07-11 20:00:00+00:00,18.347,17.397,17.647,17.947,19.046999,18.296999,15.8955,70.0,67.0,70.0,67.0,69.0,75.0,78.0,7,summer,70.85714285714286,17.79678542857143
3885,1,2024-07-11 21:00:00+00:00,17.947,16.947,17.247,17.447,18.296999,17.546999,15.0955,71.0,70.0,74.0,69.0,74.0,80.0,82.0,7,summer,74.28571428571429,17.218214
3886,1,2024-07-11 22:00:00+00:00,17.197,16.047,16.997,16.697,17.397,16.796999,14.5955,73.0,75.0,74.0,72.0,78.0,83.0,85.0,7,summer,77.14285714285714,16.53249985714286
3887,1,2024-07-11 23:00:00+00:00,16.247,15.297,16.497,15.847,16.546999,16.147,14.2955,74.0,80.0,75.0,76.0,82.0,85.0,88.0,7,summer,80.0,15.839642714285715
3888,1,2024-07-12 00:00:00+00:00,14.797,15.097,15.547,15.247,15.646999,16.347,14.2955,74.0,76.0,83.0,81.0,82.0,83.0,86.0,7,summer,80.71428571428571,15.282499857142856
3889,1,2024-07-12 01:00:00+00:00,14.146999,14.347,14.896999,14.547,14.847,16.047,13.7955,77.0,78.0,86.0,84.0,85.0,85.0,88.0,7,summer,83.28571428571429,14.661071142857141
3890,1,2024-07-12 02:00:00+00:00,13.747,13.697,14.447,13.947,14.247,15.896999,13.3455,77.0,81.0,88.0,86.0,88.0,86.0,91.0,7,summer,85.28571428571429,14.189642714285712
3891,1,2024-07-12 03:00:00+00:00,13.497,13.247,14.097,13.947,14.247,16.147,13.5955,78.0,82.0,89.0,87.0,88.0,86.0,90.0,7,summer,85.71428571428571,14.111071428571426
3892,1,2024-07-12 04:00:00+00:00,13.297,12.896999,13.597,14.847,15.247,16.897,14.8455,79.0,82.0,91.0,85.0,85.0,84.0,85.0,7,summer,84.42857142857143,14.518214142857142
3893,1,2024-07-12 05:00:00+00:00,14.947,14.447,15.197,16.347,16.897,17.997,16.7455,78.0,80.0,86.0,81.0,80.0,81.0,76.0,7,summer,80.28571428571429,16.0825
3894,1,2024-07-12 06:00:00+00:00,17.647,18.296999,18.197,18.197,18.597,19.347,18.8955,69.0,66.0,70.0,73.0,74.0,77.0,66.0,7,summer,70.71428571428571,18.45392842857143
3895,1,2024-07-12 07:00:00+00:00,19.997,20.647,20.197,19.897,20.296999,21.097,21.6955,57.0,56.0,60.0,67.0,68.0,70.0,57.0,7,summer,62.142857142857146,20.546785571428575
3896,1,2024-07-12 08:00:00+00:00,22.147,22.597,22.296999,21.796999,21.997,23.097,24.7955,50.0,52.0,52.0,61.0,62.0,61.0,49.0,7,summer,55.285714285714285,22.675356857142855
3897,1,2024-07-12 09:00:00+00:00,24.147,24.247,24.147,23.397,23.497,24.747,26.9955,46.0,47.0,45.0,55.0,57.0,54.0,42.0,7,summer,49.42857142857143,24.45392857142857
3898,1,2024-07-12 10:00:00+00:00,25.546999,25.147,25.296999,24.546999,24.647,25.796999,27.6455,43.0,44.0,42.0,51.0,52.0,49.0,38.0,7,summer,45.57142857142857,25.51821371428571
3899,1,2024-07-12 11:00:00+00:00,25.947,26.097,26.097,25.347,25.546999,26.447,27.3955,41.0,41.0,41.0,47.0,48.0,46.0,36.0,7,summer,42.857142857142854,26.125357
3900,1,2024-07-12 12:00:00+00:00,26.497,26.046999,26.347,25.247,26.097,27.247,26.4955,36.0,42.0,40.0,45.0,44.0,39.0,38.0,7,summer,40.57142857142857,26.282499857142852
3901,1,2024-07-12 13:00:00+00:00,26.597,26.147,26.347,25.147,25.947,27.296999,24.7955,35.0,41.0,40.0,44.0,43.0,38.0,45.0,7,summer,40.857142857142854,26.039642714285716
3902,1,2024-07-12 14:00:00+00:00,26.197,25.397,25.847,24.697,25.347,27.046999,22.2455,35.0,42.0,40.0,44.0,44.0,39.0,56.0,7,summer,42.857142857142854,25.25392842857143
3903,1,2024-07-12 15:00:00+00:00,24.697,23.597,24.447,23.847,24.347,26.296999,20.095499,40.0,46.0,43.0,45.0,46.0,42.0,65.0,7,summer,46.714285714285715,23.903928285714283
3904,1,2024-07-12 16:00:00+00:00,21.947,21.497,22.347,22.447,22.747,24.647,18.595499,48.0,53.0,48.0,49.0,51.0,47.0,72.0,7,summer,52.57142857142857,22.032499857142856
3905,1,2024-07-12 17:00:00+00:00,20.247,19.597,20.347,20.647,20.697,22.546999,17.3955,55.0,60.0,55.0,55.0,58.0,53.0,77.0,7,summer,59.0,20.211071285714286
3906,1,2024-07-12 18:00:00+00:00,19.097,18.697,19.397,19.147,18.997,20.747,18.095499,60.0,64.0,61.0,62.0,64.0,59.0,71.0,7,summer,63.0,19.168214142857142
3907,1,2024-07-12 19:00:00+00:00,17.997,17.697,18.397,18.046999,17.897,19.747,18.095499,66.0,69.0,66.0,66.0,68.0,62.0,71.0,7,summer,66.85714285714286,18.268214
3908,1,2024-07-12 20:00:00+00:00,16.697,16.796999,17.546999,17.197,17.147,19.147,18.3955,72.0,74.0,69.0,70.0,72.0,64.0,69.0,7,summer,70.0,17.56107114285714
3909,1,2024-07-12 21:00:00+00:00,15.547,15.947,16.497,16.546999,16.546999,18.497,18.3955,76.0,77.0,73.0,73.0,75.0,67.0,68.0,7,summer,72.71428571428571,16.853928285714286
3910,1,2024-07-12 22:00:00+00:00,14.847,15.396999,15.747,16.197,16.047,17.697,17.7455,77.0,77.0,76.0,76.0,77.0,71.0,70.0,7,summer,74.85714285714286,16.239642714285715
3911,1,2024-07-12 23:00:00+00:00,14.547,15.297,15.347,16.047,15.646999,16.947,16.845499,79.0,77.0,78.0,79.0,78.0,76.0,74.0,7,summer,77.28571428571429,15.811071142857143
3912,1,2024-07-13 00:00:00+00:00,13.747,14.896999,15.247,14.997,15.847,15.997,16.595499,88.0,84.0,82.0,85.0,75.0,82.0,75.0,7,summer,81.57142857142857,15.332499714285715
3913,1,2024-07-13 01:00:00+00:00,13.347,14.396999,14.896999,14.547,15.297,15.347,15.3955,91.0,88.0,85.0,87.0,79.0,84.0,80.0,7,summer,84.85714285714286,14.746785428571426
3914,1,2024-07-13 02:00:00+00:00,13.097,14.146999,14.597,14.197,14.697,14.747,13.945499,92.0,90.0,86.0,89.0,84.0,85.0,85.0,7,summer,87.28571428571429,14.203928285714285
3915,1,2024-07-13 03:00:00+00:00,12.896999,14.047,14.297,14.396999,14.597,14.697,13.3955,92.0,90.0,87.0,88.0,86.0,84.0,87.0,7,summer,87.71428571428571,14.046785428571429
3916,1,2024-07-13 04:00:00+00:00,12.896999,14.097,14.047,15.497,15.297,15.497,14.3955,92.0,88.0,88.0,84.0,85.0,81.0,82.0,7,summer,85.71428571428571,14.532499857142856
3917,1,2024-07-13 05:00:00+00:00,15.097,15.997,15.847,17.097,16.546999,16.897,16.345499,85.0,82.0,82.0,78.0,81.0,75.0,72.0,7,summer,79.28571428571429,16.261071142857144
3918,1,2024-07-13 06:00:00+00:00,18.697,18.997,19.147,18.847,18.046999,18.597,18.6955,70.0,70.0,68.0,70.0,76.0,69.0,67.0,7,summer,70.0,18.718214142857143
3919,1,2024-07-13 07:00:00+00:00,21.046999,21.247,21.197,20.796999,19.897,20.796999,21.0455,60.0,60.0,60.0,64.0,69.0,61.0,57.0,7,summer,61.57142857142857,20.861071000000003
3920,1,2024-07-13 08:00:00+00:00,23.296999,23.447,23.296999,22.897,21.947,23.347,23.5455,53.0,53.0,53.0,57.0,61.0,52.0,47.0,7,summer,53.714285714285715,23.111071142857146
3921,1,2024-07-13 09:00:00+00:00,25.097,24.997,24.847,24.597,23.647,25.347,25.3955,47.0,47.0,47.0,51.0,54.0,44.0,40.0,7,summer,47.142857142857146,24.846785714285716
3922,1,2024-07-13 10:00:00+00:00,26.147,25.497,25.546999,25.597,24.697,26.497,26.4955,43.0,44.0,44.0,46.0,49.0,38.0,36.0,7,summer,42.857142857142854,25.78249985714286
3923,1,2024-07-13 11:00:00+00:00,26.197,25.697,26.097,26.147,25.296999,27.097,26.9955,40.0,43.0,42.0,43.0,46.0,33.0,34.0,7,summer,40.142857142857146,26.218214142857143
3924,1,2024-07-13 12:00:00+00:00,27.097,26.697,26.647,26.347,25.647,26.647,27.3955,37.0,39.0,40.0,40.0,43.0,39.0,35.0,7,summer,39.0,26.639642857142857
3925,1,2024-07-13 13:00:00+00:00,26.847,26.747,26.447,26.497,25.647,26.796999,25.5455,39.0,38.0,40.0,39.0,42.0,37.0,42.0,7,summer,39.57142857142857,26.361071285714285
3926,1,2024-07-13 14:00:00+00:00,26.647,26.347,26.147,26.347,25.296999,26.597,22.7455,40.0,38.0,41.0,39.0,42.0,36.0,51.0,7,summer,41.0,25.73249985714286
3927,1,2024-07-13 15:00:00+00:00,25.897,25.647,25.347,25.647,24.447,25.796999,20.2955,41.0,40.0,43.0,41.0,44.0,38.0,60.0,7,summer,43.857142857142854,24.725357
3928,1,2024-07-13 16:00:00+00:00,23.247,22.947,22.697,23.947,22.697,24.046999,18.6955,53.0,51.0,55.0,47.0,50.0,43.0,66.0,7,summer,52.142857142857146,22.611071285714285
3929,1,2024-07-13 17:00:00+00:00,21.296999,20.897,20.947,21.747,20.447,21.697,17.5455,59.0,59.0,62.0,54.0,58.0,51.0,70.0,7,summer,59.0,20.653928428571426
3930,1,2024-07-13 18:00:00+00:00,19.497,19.647,19.296999,19.597,18.497,19.597,17.4955,65.0,64.0,65.0,63.0,66.0,59.0,72.0,7,summer,64.85714285714286,19.089642714285713
3931,1,2024-07-13 19:00:00+00:00,18.247,18.347,18.647,18.597,17.197,18.046999,17.1455,69.0,68.0,65.0,66.0,72.0,66.0,72.0,7,summer,68.28571428571429,18.032499857142856
3932,1,2024-07-13 20:00:00+00:00,16.947,16.997,17.947,18.147,16.247,16.697,17.095499,73.0,72.0,67.0,66.0,77.0,72.0,70.0,7,summer,71.0,17.15392842857143
3933,1,2024-07-13 21:00:00+00:00,15.847,15.896999,17.447,17.597,15.547,15.697,16.8955,78.0,77.0,70.0,68.0,80.0,77.0,70.0,7,summer,74.28571428571429,16.418214142857142
3934,1,2024-07-13 22:00:00+00:00,15.047,14.896999,17.046999,16.796999,15.197,15.097,16.2955,81.0,82.0,73.0,72.0,81.0,81.0,72.0,7,summer,77.42857142857143,15.768213857142856
3935,1,2024-07-13 23:00:00+00:00,14.247,14.197,16.597,15.997,15.047,14.747,15.4955,85.0,85.0,75.0,78.0,81.0,84.0,76.0,7,summer,80.57142857142857,15.189642857142855
3936,1,2024-07-14 00:00:00+00:00,13.797,13.197,13.947,15.347,15.947,15.247,15.695499,87.0,89.0,85.0,82.0,79.0,81.0,77.0,7,summer,82.85714285714286,14.739642714285713
3937,1,2024-07-14 01:00:00+00:00,13.047,12.547,13.297,14.797,15.297,14.747,14.7455,92.0,92.0,90.0,84.0,82.0,84.0,81.0,7,summer,86.42857142857143,14.068214285714285
3938,1,2024-07-14 02:00:00+00:00,12.646999,12.396999,12.997,14.396999,14.597,14.297,13.7955,93.0,94.0,93.0,86.0,85.0,87.0,85.0,7,summer,89.0,13.589642428571429
3939,1,2024-07-14 03:00:00+00:00,12.347,12.497,12.896999,14.547,14.547,14.396999,13.695499,94.0,94.0,93.0,86.0,86.0,88.0,86.0,7,summer,89.57142857142857,13.561070999999998
3940,1,2024-07-14 04:00:00+00:00,12.146999,12.597,12.847,15.597,15.497,15.447,14.7455,94.0,93.0,93.0,82.0,82.0,85.0,81.0,7,summer,87.14285714285714,14.125357
3941,1,2024-07-14 05:00:00+00:00,14.447,14.646999,14.896999,17.247,17.147,17.046999,16.6455,87.0,88.0,87.0,76.0,76.0,79.0,71.0,7,summer,80.57142857142857,16.011070999999998
3942,1,2024-07-14 06:00:00+00:00,18.497,18.497,18.597,18.997,18.997,18.847,19.095499,72.0,69.0,73.0,71.0,69.0,72.0,63.0,7,summer,69.85714285714286,18.789642714285712
3943,1,2024-07-14 07:00:00+00:00,21.197,20.897,21.046999,21.046999,21.197,20.947,22.0455,63.0,60.0,65.0,63.0,62.0,65.0,53.0,7,summer,61.57142857142857,21.196785428571427
3944,1,2024-07-14 08:00:00+00:00,23.747,23.247,23.347,23.347,23.697,23.197,25.2955,55.0,54.0,58.0,55.0,54.0,57.0,41.0,7,summer,53.42857142857143,23.696785714285717
3945,1,2024-07-14 09:00:00+00:00,25.147,25.046999,24.947,25.147,25.597,24.997,27.6955,48.0,47.0,49.0,48.0,48.0,50.0,33.0,7,summer,46.142857142857146,25.511071285714287
3946,1,2024-07-14 10:00:00+00:00,26.247,25.897,25.847,26.147,26.647,25.947,28.5455,42.0,41.0,43.0,44.0,43.0,45.0,29.0,7,summer,41.0,26.468214285714286
3947,1,2024-07-14 11:00:00+00:00,27.197,26.796999,26.796999,26.597,27.097,26.447,28.5455,39.0,38.0,40.0,41.0,39.0,41.0,27.0,7,summer,37.857142857142854,27.068214000000005
3948,1,2024-07-14 12:00:00+00:00,27.097,27.397,27.247,26.546999,27.197,26.397,27.2955,38.0,37.0,38.0,40.0,36.0,39.0,31.0,7,summer,37.0,27.025356999999996
3949,1,2024-07-14 13:00:00+00:00,27.347,27.647,27.447,26.597,27.247,26.447,26.095499,37.0,36.0,37.0,39.0,35.0,37.0,36.0,7,summer,36.714285714285715,26.975357000000002
3950,1,2024-07-14 14:00:00+00:00,27.097,27.296999,27.097,26.347,26.997,26.296999,24.345499,37.0,36.0,37.0,38.0,35.0,36.0,45.0,7,summer,37.714285714285715,26.49678528571428
3951,1,2024-07-14 15:00:00+00:00,26.147,26.296999,26.197,25.747,26.197,25.597,22.7955,38.0,37.0,38.0,40.0,38.0,38.0,52.0,7,summer,40.142857142857146,25.56821414285714
3952,1,2024-07-14 16:00:00+00:00,23.546999,23.597,23.546999,24.546999,24.497,23.897,21.6955,46.0,45.0,46.0,44.0,44.0,45.0,56.0,7,summer,46.57142857142857,23.61821385714286
3953,1,2024-07-14 17:00:00+00:00,21.046999,21.147,21.546999,22.947,22.347,21.647,20.7455,57.0,55.0,54.0,50.0,53.0,54.0,60.0,7,summer,54.714285714285715,21.63249971428571
3954,1,2024-07-14 18:00:00+00:00,20.147,20.697,19.247,21.796999,20.597,19.697,19.7955,67.0,62.0,64.0,58.0,61.0,62.0,64.0,7,summer,62.57142857142857,20.282499857142856
3955,1,2024-07-14 19:00:00+00:00,19.296999,20.197,19.546999,20.697,19.897,18.397,18.595499,68.0,66.0,70.0,65.0,67.0,67.0,69.0,7,summer,67.42857142857143,19.518213857142854
3956,1,2024-07-14 20:00:00+00:00,18.046999,19.046999,18.847,19.747,19.647,17.397,17.3955,71.0,71.0,76.0,72.0,71.0,70.0,74.0,7,summer,72.14285714285714,18.589642571428566
3957,1,2024-07-14 21:00:00+00:00,17.447,17.747,18.046999,18.897,19.097,16.447,16.3955,75.0,76.0,79.0,78.0,76.0,74.0,77.0,7,summer,76.42857142857143,17.725357000000002
3958,1,2024-07-14 22:00:00+00:00,16.997,16.546999,16.447,18.147,17.897,15.447,15.7955,77.0,81.0,86.0,82.0,81.0,78.0,78.0,7,summer,80.42857142857143,16.75392842857143
3959,1,2024-07-14 23:00:00+00:00,16.747,15.896999,15.896999,17.447,16.397,14.497,15.445499,77.0,84.0,86.0,84.0,87.0,83.0,78.0,7,summer,82.71428571428571,16.046785285714286
3960,1,2024-07-15 00:00:00+00:00,16.347,17.097,14.497,16.947,15.997,14.646999,15.195499,80.0,79.0,87.0,84.0,84.0,87.0,76.0,7,summer,82.42857142857143,15.818214
3961,1,2024-07-15 01:00:00+00:00,16.296999,16.597,14.497,16.347,15.047,14.047,14.6455,78.0,79.0,85.0,84.0,86.0,88.0,77.0,7,summer,82.42857142857143,15.353928428571427
3962,1,2024-07-15 02:00:00+00:00,15.947,15.896999,14.247,15.847,14.197,13.747,14.195499,79.0,81.0,85.0,84.0,87.0,88.0,78.0,7,summer,83.14285714285714,14.868213999999998
3963,1,2024-07-15 03:00:00+00:00,14.997,15.047,13.646999,15.947,14.146999,14.047,14.3955,83.0,83.0,87.0,82.0,86.0,86.0,77.0,7,summer,83.42857142857143,14.603928285714284
3964,1,2024-07-15 04:00:00+00:00,14.047,14.146999,12.997,16.897,15.347,15.347,15.6455,86.0,86.0,89.0,77.0,80.0,81.0,72.0,7,summer,81.57142857142857,14.91821414285714
3965,1,2024-07-15 05:00:00+00:00,15.646999,15.747,14.797,18.447,17.397,17.296999,17.5455,81.0,81.0,84.0,70.0,71.0,74.0,65.0,7,summer,75.14285714285714,16.696785428571427
3966,1,2024-07-15 06:00:00+00:00,19.397,19.747,18.947,20.197,19.546999,19.296999,19.2955,61.0,61.0,65.0,64.0,63.0,67.0,63.0,7,summer,63.42857142857143,19.48964257142857
3967,1,2024-07-15 07:00:00+00:00,21.697,21.997,21.796999,21.947,21.796999,21.397,22.1955,53.0,52.0,55.0,56.0,56.0,59.0,54.0,7,summer,55.0,21.832499714285717
3968,1,2024-07-15 08:00:00+00:00,23.897,24.247,24.247,23.796999,24.147,23.546999,25.4455,48.0,46.0,49.0,48.0,49.0,51.0,44.0,7,summer,47.857142857142854,24.18964257142857
3969,1,2024-07-15 09:00:00+00:00,25.647,26.046999,25.997,25.197,25.997,25.296999,27.7955,44.0,41.0,42.0,42.0,43.0,45.0,37.0,7,summer,42.0,25.996785428571428
3970,1,2024-07-15 10:00:00+00:00,26.796999,27.296999,26.997,25.897,26.997,26.347,28.595499,39.0,35.0,37.0,39.0,39.0,41.0,33.0,7,summer,37.57142857142857,26.989642428571432
3971,1,2024-07-15 11:00:00+00:00,26.847,27.447,27.597,26.147,27.447,26.997,28.4455,37.0,35.0,35.0,39.0,37.0,38.0,31.0,7,summer,36.0,27.27535714285714
3972,1,2024-07-15 12:00:00+00:00,26.796999,27.497,27.947,26.347,26.947,27.597,27.6955,39.0,35.0,34.0,39.0,39.0,36.0,33.0,7,summer,36.42857142857143,27.261071285714287
3973,1,2024-07-15 13:00:00+00:00,26.796999,27.247,27.597,26.447,26.847,27.497,26.8955,40.0,36.0,35.0,38.0,39.0,36.0,36.0,7,summer,37.142857142857146,27.046785571428575
3974,1,2024-07-15 14:00:00+00:00,26.647,26.796999,27.097,26.347,26.497,26.997,25.7455,40.0,36.0,35.0,38.0,39.0,36.0,42.0,7,summer,38.0,26.589642714285713
3975,1,2024-07-15 15:00:00+00:00,25.747,25.897,26.247,25.796999,25.747,26.197,24.4955,42.0,38.0,37.0,40.0,41.0,38.0,48.0,7,summer,40.57142857142857,25.73249985714286
3976,1,2024-07-15 16:00:00+00:00,23.247,23.847,23.897,24.296999,24.397,24.847,23.095499,50.0,44.0,45.0,46.0,46.0,42.0,54.0,7,summer,46.714285714285715,23.946785428571427
3977,1,2024-07-15 17:00:00+00:00,21.647,22.247,22.197,22.347,22.747,23.147,21.6455,56.0,50.0,50.0,54.0,52.0,47.0,60.0,7,summer,52.714285714285715,22.2825
3978,1,2024-07-15 18:00:00+00:00,20.947,20.447,21.147,20.697,21.296999,21.697,19.9955,72.0,58.0,55.0,64.0,58.0,53.0,64.0,7,summer,60.57142857142857,20.889642714285714
3979,1,2024-07-15 19:00:00+00:00,19.597,19.097,20.097,19.546999,20.447,20.796999,18.8955,81.0,69.0,62.0,71.0,64.0,59.0,69.0,7,summer,67.85714285714286,19.782499714285713
3980,1,2024-07-15 20:00:00+00:00,18.847,18.397,18.796999,18.647,19.847,20.147,17.7955,86.0,73.0,70.0,76.0,71.0,66.0,74.0,7,summer,73.71428571428571,18.925356999999998
3981,1,2024-07-15 21:00:00+00:00,18.647,17.847,18.347,17.897,19.197,19.497,16.8955,88.0,74.0,74.0,81.0,76.0,71.0,78.0,7,summer,77.42857142857143,18.3325
3982,1,2024-07-15 22:00:00+00:00,18.447,16.796999,17.747,17.247,18.347,18.747,16.2955,87.0,79.0,77.0,85.0,80.0,75.0,80.0,7,summer,80.42857142857143,17.66107128571429
3983,1,2024-07-15 23:00:00+00:00,18.046999,15.547,16.697,16.697,17.447,18.046999,15.945499,88.0,85.0,82.0,88.0,84.0,78.0,81.0,7,summer,83.71428571428571,16.918213857142856
3984,1,2024-07-16 00:00:00+00:00,17.247,15.597,15.197,16.147,15.947,17.647,15.0955,87.0,84.0,92.0,84.0,84.0,80.0,82.0,7,summer,84.71428571428571,16.12535714285714
3985,1,2024-07-16 01:00:00+00:00,17.147,15.297,14.847,15.497,15.396999,16.997,14.4955,86.0,84.0,91.0,86.0,86.0,81.0,83.0,7,summer,85.28571428571429,15.668214142857144
3986,1,2024-07-16 02:00:00+00:00,16.897,15.146999,14.747,14.997,14.997,16.397,13.945499,87.0,83.0,90.0,86.0,87.0,81.0,83.0,7,summer,85.28571428571429,15.303928285714283
3987,1,2024-07-16 03:00:00+00:00,16.796999,14.896999,14.646999,15.146999,15.146999,16.347,14.0955,86.0,83.0,89.0,85.0,86.0,80.0,81.0,7,summer,84.28571428571429,15.296785000000002
3988,1,2024-07-16 04:00:00+00:00,16.597,14.497,14.497,16.197,16.247,17.097,15.3455,86.0,84.0,89.0,81.0,81.0,76.0,76.0,7,summer,81.85714285714286,15.7825
3989,1,2024-07-16 05:00:00+00:00,17.647,16.047,16.197,17.847,17.947,18.397,17.345499,83.0,82.0,83.0,76.0,74.0,71.0,69.0,7,summer,76.85714285714286,17.346785571428573
3990,1,2024-07-16 06:00:00+00:00,20.247,20.097,19.647,19.796999,19.747,19.847,19.6955,72.0,66.0,66.0,69.0,67.0,65.0,63.0,7,summer,66.85714285714286,19.868214142857145
3991,1,2024-07-16 07:00:00+00:00,22.197,22.347,22.347,21.947,21.647,21.597,22.4455,64.0,59.0,56.0,58.0,60.0,59.0,55.0,7,summer,58.714285714285715,22.075357142857143
3992,1,2024-07-16 08:00:00+00:00,23.397,24.247,24.347,24.197,23.597,23.546999,25.4955,56.0,51.0,49.0,47.0,53.0,53.0,45.0,7,summer,50.57142857142857,24.11821414285714
3993,1,2024-07-16 09:00:00+00:00,24.546999,25.397,25.897,25.847,24.947,25.046999,27.6955,49.0,43.0,41.0,38.0,47.0,48.0,38.0,7,summer,43.42857142857143,25.625356857142858
3994,1,2024-07-16 10:00:00+00:00,25.347,26.397,27.147,26.497,25.347,25.947,28.4455,46.0,38.0,36.0,35.0,44.0,43.0,34.0,7,summer,39.42857142857143,26.446785714285713
3995,1,2024-07-16 11:00:00+00:00,26.347,26.897,27.447,26.497,25.197,26.447,28.2955,43.0,38.0,35.0,35.0,42.0,39.0,32.0,7,summer,37.714285714285715,26.732499999999998
3996,1,2024-07-16 12:00:00+00:00,26.897,26.947,27.897,27.046999,25.796999,26.796999,26.7955,41.0,39.0,35.0,34.0,38.0,38.0,34.0,7,summer,37.0,26.88249957142857
3997,1,2024-07-16 13:00:00+00:00,26.546999,26.647,27.497,26.897,25.796999,26.697,25.845499,41.0,39.0,36.0,33.0,37.0,37.0,38.0,7,summer,37.285714285714285,26.561071
3998,1,2024-07-16 14:00:00+00:00,26.247,26.397,27.097,26.447,25.546999,26.147,24.4455,41.0,38.0,35.0,33.0,37.0,37.0,45.0,7,summer,38.0,26.046785571428575
3999,1,2024-07-16 15:00:00+00:00,25.546999,25.747,26.296999,25.497,24.847,25.296999,22.9955,43.0,39.0,36.0,36.0,39.0,40.0,52.0,7,summer,40.714285714285715,25.175356714285716
4000,1,2024-07-16 16:00:00+00:00,23.147,23.597,23.947,23.747,23.497,23.897,21.345499,50.0,47.0,42.0,44.0,43.0,48.0,58.0,7,summer,47.42857142857143,23.311071285714284
4001,1,2024-07-16 17:00:00+00:00,21.046999,22.347,22.147,21.497,21.796999,22.197,19.6455,68.0,53.0,48.0,56.0,50.0,59.0,63.0,7,summer,56.714285714285715,21.525356857142857
4002,1,2024-07-16 18:00:00+00:00,20.847,21.497,20.247,19.747,20.247,20.697,18.4955,61.0,63.0,56.0,65.0,56.0,68.0,64.0,7,summer,61.857142857142854,20.25392857142857
4003,1,2024-07-16 19:00:00+00:00,18.947,19.497,19.447,18.347,19.097,19.697,17.5455,72.0,74.0,65.0,73.0,62.0,73.0,67.0,7,summer,69.42857142857143,18.93964285714286
4004,1,2024-07-16 20:00:00+00:00,18.597,18.397,17.947,17.197,18.197,18.947,16.9455,76.0,82.0,73.0,80.0,69.0,75.0,70.0,7,summer,75.0,18.032500000000002
4005,1,2024-07-16 21:00:00+00:00,18.347,18.046999,17.296999,16.347,17.347,18.247,16.3955,79.0,85.0,78.0,85.0,74.0,78.0,73.0,7,summer,78.85714285714286,17.432499714285715
4006,1,2024-07-16 22:00:00+00:00,17.546999,17.647,16.497,15.847,16.597,17.447,15.8455,83.0,87.0,84.0,88.0,78.0,81.0,76.0,7,summer,82.42857142857143,16.775357
4007,1,2024-07-16 23:00:00+00:00,16.997,17.546999,16.047,15.547,15.947,16.747,15.445499,86.0,86.0,86.0,90.0,80.0,84.0,79.0,7,summer,84.42857142857143,16.325356857142857
4008,1,2024-07-17 00:00:00+00:00,15.947,17.046999,15.646999,14.447,14.847,15.646999,15.2955,86.0,86.0,90.0,95.0,93.0,88.0,82.0,7,summer,88.57142857142857,15.553928142857142
4009,1,2024-07-17 01:00:00+00:00,15.447,16.697,15.197,13.896999,14.146999,15.097,15.3955,87.0,87.0,91.0,96.0,94.0,89.0,80.0,7,summer,89.14285714285714,15.125356857142856
4010,1,2024-07-17 02:00:00+00:00,14.847,16.047,15.047,13.547,13.597,14.697,15.695499,88.0,89.0,91.0,96.0,95.0,89.0,77.0,7,summer,89.28571428571429,14.782499857142856
4011,1,2024-07-17 03:00:00+00:00,14.497,15.547,15.047,13.896999,13.797,14.896999,16.2955,88.0,89.0,89.0,93.0,93.0,87.0,73.0,7,summer,87.42857142857143,14.853928285714286
4012,1,2024-07-17 04:00:00+00:00,14.447,15.197,14.896999,15.447,15.197,16.047,17.1955,89.0,89.0,89.0,87.0,87.0,83.0,69.0,7,summer,84.71428571428571,15.489642714285713
4013,1,2024-07-17 05:00:00+00:00,16.197,16.697,16.897,17.697,17.397,17.796999,18.3955,84.0,85.0,81.0,78.0,78.0,77.0,65.0,7,summer,78.28571428571429,17.29678557142857
4014,1,2024-07-17 06:00:00+00:00,19.597,19.847,20.147,20.147,19.647,19.697,19.7955,72.0,73.0,68.0,69.0,69.0,70.0,62.0,7,summer,69.0,19.839642857142856
4015,1,2024-07-17 07:00:00+00:00,21.647,21.947,22.447,22.097,21.947,21.796999,22.6455,64.0,65.0,59.0,60.0,60.0,62.0,53.0,7,summer,60.42857142857143,22.075357
4016,1,2024-07-17 08:00:00+00:00,23.897,24.147,24.597,23.997,24.397,24.046999,25.9455,56.0,56.0,52.0,51.0,51.0,53.0,43.0,7,summer,51.714285714285715,24.432499857142858
4017,1,2024-07-17 09:00:00+00:00,25.397,25.796999,25.947,25.397,26.247,25.847,28.095499,47.0,47.0,44.0,44.0,43.0,46.0,36.0,7,summer,43.857142857142854,26.103928285714282
4018,1,2024-07-17 10:00:00+00:00,26.046999,26.647,27.046999,26.147,27.296999,26.847,28.4455,42.0,43.0,40.0,40.0,38.0,41.0,33.0,7,summer,39.57142857142857,26.925356714285716
4019,1,2024-07-17 11:00:00+00:00,26.497,27.296999,27.447,26.447,27.847,27.397,27.6955,41.0,40.0,37.0,39.0,35.0,38.0,32.0,7,summer,37.42857142857143,27.23249985714286
4020,1,2024-07-17 12:00:00+00:00,25.247,27.796999,27.097,27.747,26.796999,27.546999,28.1955,45.0,38.0,38.0,36.0,36.0,35.0,30.0,7,summer,36.857142857142854,27.203928142857144
4021,1,2024-07-17 13:00:00+00:00,25.546999,27.897,27.597,27.796999,26.947,27.647,27.5455,45.0,35.0,35.0,34.0,33.0,34.0,32.0,7,summer,35.42857142857143,27.282499714285713
4022,1,2024-07-17 14:00:00+00:00,25.647,27.497,27.647,27.497,26.897,27.497,26.4955,45.0,35.0,34.0,33.0,31.0,33.0,37.0,7,summer,35.42857142857143,27.025357142857143
4023,1,2024-07-17 15:00:00+00:00,24.847,26.597,26.897,26.647,26.247,26.697,25.095499,50.0,36.0,35.0,34.0,33.0,35.0,43.0,7,summer,38.0,26.146785571428573
4024,1,2024-07-17 16:00:00+00:00,22.897,24.546999,24.397,24.897,24.597,24.796999,23.095499,60.0,42.0,41.0,39.0,44.0,41.0,51.0,7,summer,45.42857142857143,24.175356714285716
4025,1,2024-07-17 17:00:00+00:00,21.546999,22.247,21.947,22.597,22.347,22.247,20.7455,63.0,53.0,51.0,47.0,60.0,51.0,59.0,7,summer,54.857142857142854,21.95392842857143
4026,1,2024-07-17 18:00:00+00:00,19.647,21.147,21.197,19.947,20.397,20.046999,19.4955,71.0,58.0,58.0,56.0,73.0,59.0,64.0,7,summer,62.714285714285715,20.268214142857143
4027,1,2024-07-17 19:00:00+00:00,18.947,20.197,20.347,18.897,19.046999,18.597,18.4955,73.0,62.0,62.0,63.0,80.0,66.0,69.0,7,summer,67.85714285714286,19.218214142857143
4028,1,2024-07-17 20:00:00+00:00,18.197,19.296999,19.497,18.397,17.947,17.497,17.7955,77.0,67.0,68.0,70.0,85.0,72.0,73.0,7,summer,73.14285714285714,18.375357
4029,1,2024-07-17 21:00:00+00:00,17.597,18.397,18.497,17.897,16.897,16.597,17.1955,80.0,73.0,71.0,76.0,88.0,77.0,76.0,7,summer,77.28571428571429,17.5825
4030,1,2024-07-17 22:00:00+00:00,16.947,17.796999,17.897,17.197,15.797,15.896999,16.7455,82.0,74.0,73.0,80.0,91.0,82.0,77.0,7,summer,79.85714285714286,16.896785428571427
4031,1,2024-07-17 23:00:00+00:00,16.397,17.097,17.046999,16.497,14.797,15.396999,16.4455,84.0,77.0,78.0,82.0,92.0,86.0,76.0,7,summer,82.14285714285714,16.23964257142857
4032,1,2024-07-18 00:00:00+00:00,16.147,16.347,16.447,16.947,14.197,13.146999,15.695499,83.0,80.0,82.0,76.0,92.0,97.0,78.0,7,summer,84.0,15.561071142857143
4033,1,2024-07-18 01:00:00+00:00,15.547,15.697,16.247,15.947,13.347,12.396999,14.945499,86.0,82.0,84.0,81.0,94.0,99.0,81.0,7,summer,86.71428571428571,14.875356857142856
4034,1,2024-07-18 02:00:00+00:00,15.146999,14.947,15.797,14.896999,12.697,11.847,14.0955,89.0,85.0,86.0,87.0,92.0,99.0,85.0,7,summer,89.0,14.203928285714284
4035,1,2024-07-18 03:00:00+00:00,14.847,14.297,14.847,14.646999,12.997,12.247,14.0955,90.0,88.0,90.0,90.0,89.0,96.0,85.0,7,summer,89.71428571428571,13.996785571428571
4036,1,2024-07-18 04:00:00+00:00,14.347,13.747,13.997,15.747,14.646999,14.197,15.4955,91.0,90.0,93.0,86.0,83.0,88.0,79.0,7,summer,87.14285714285714,14.596785571428573
4037,1,2024-07-18 05:00:00+00:00,16.047,15.747,16.097,17.647,17.197,17.097,17.7455,85.0,83.0,85.0,77.0,74.0,77.0,69.0,7,summer,78.57142857142857,16.796785714285715
4038,1,2024-07-18 06:00:00+00:00,19.247,19.296999,19.546999,20.097,19.796999,19.947,20.095499,71.0,67.0,68.0,67.0,65.0,66.0,60.0,7,summer,66.28571428571429,19.718213714285714
4039,1,2024-07-18 07:00:00+00:00,21.497,21.497,21.847,22.296999,22.397,22.597,22.6455,63.0,59.0,60.0,58.0,55.0,55.0,51.0,7,summer,57.285714285714285,22.111071285714285
4040,1,2024-07-18 08:00:00+00:00,23.847,23.897,24.197,24.697,24.997,25.197,25.345499,54.0,52.0,52.0,47.0,45.0,44.0,42.0,7,summer,48.0,24.59678557142857
4041,1,2024-07-18 09:00:00+00:00,25.747,25.796999,26.097,26.546999,26.947,27.197,27.2955,44.0,43.0,42.0,39.0,37.0,36.0,35.0,7,summer,39.42857142857143,26.518214
4042,1,2024-07-18 10:00:00+00:00,26.847,27.046999,27.447,27.447,27.747,28.296999,28.0455,39.0,37.0,36.0,35.0,33.0,31.0,32.0,7,summer,34.714285714285715,27.553928285714285
4043,1,2024-07-18 11:00:00+00:00,27.347,27.497,28.147,27.796999,27.847,28.747,28.0455,36.0,34.0,31.0,32.0,31.0,28.0,30.0,7,summer,31.714285714285715,27.918214142857146
4044,1,2024-07-18 12:00:00+00:00,27.296999,27.197,27.097,27.747,27.546999,28.347,27.1955,34.0,36.0,33.0,33.0,29.0,30.0,33.0,7,summer,32.57142857142857,27.489642571428572
4045,1,2024-07-18 13:00:00+00:00,27.247,27.147,26.997,27.747,27.447,28.247,26.4955,33.0,35.0,31.0,31.0,28.0,29.0,35.0,7,summer,31.714285714285715,27.3325
4046,1,2024-07-18 14:00:00+00:00,27.197,26.747,27.147,27.447,27.097,27.847,25.3955,32.0,34.0,29.0,29.0,28.0,28.0,39.0,7,summer,31.285714285714285,26.982500000000005
4047,1,2024-07-18 15:00:00+00:00,26.397,25.647,26.497,26.647,26.197,26.947,24.1955,33.0,37.0,30.0,30.0,30.0,30.0,44.0,7,summer,33.42857142857143,26.075357142857143
4048,1,2024-07-18 16:00:00+00:00,24.197,23.497,23.597,24.947,24.347,25.247,22.8955,42.0,46.0,38.0,36.0,35.0,34.0,48.0,7,summer,39.857142857142854,24.103928571428572
4049,1,2024-07-18 17:00:00+00:00,21.897,21.997,21.347,22.747,21.897,23.046999,21.4955,53.0,54.0,47.0,45.0,43.0,41.0,53.0,7,summer,48.0,22.061071285714284
4050,1,2024-07-18 18:00:00+00:00,20.197,20.997,20.546999,19.997,19.897,20.796999,19.2955,63.0,58.0,59.0,53.0,51.0,49.0,65.0,7,summer,56.857142857142854,20.246785428571428
4051,1,2024-07-18 19:00:00+00:00,18.697,20.247,19.546999,18.897,18.697,18.497,18.1955,67.0,59.0,63.0,61.0,62.0,61.0,69.0,7,summer,63.142857142857146,18.968214142857143
4052,1,2024-07-18 20:00:00+00:00,17.497,19.197,18.347,18.197,17.947,16.197,17.345499,71.0,65.0,69.0,68.0,73.0,75.0,72.0,7,summer,70.42857142857143,17.818214142857144
4053,1,2024-07-18 21:00:00+00:00,16.697,18.296999,17.247,17.447,17.147,14.447,16.595499,76.0,73.0,74.0,74.0,82.0,86.0,74.0,7,summer,77.0,16.839642571428573
4054,1,2024-07-18 22:00:00+00:00,15.247,17.597,16.647,16.347,16.197,13.597,15.9955,81.0,74.0,76.0,78.0,85.0,90.0,76.0,7,summer,80.0,15.946785714285713
4055,1,2024-07-18 23:00:00+00:00,14.646999,16.697,16.197,15.197,15.197,13.297,15.4955,82.0,78.0,76.0,80.0,85.0,91.0,78.0,7,summer,81.42857142857143,15.246785571428571
4056,1,2024-07-19 00:00:00+00:00,14.197,15.896999,14.097,13.297,13.547,13.896999,14.9955,79.0,78.0,84.0,85.0,90.0,87.0,76.0,7,summer,82.71428571428571,14.275356857142855
4057,1,2024-07-19 01:00:00+00:00,13.646999,15.197,13.747,12.697,12.797,13.247,14.3455,82.0,83.0,85.0,88.0,91.0,89.0,77.0,7,summer,85.0,13.668214142857142
4058,1,2024-07-19 02:00:00+00:00,13.347,14.646999,13.597,12.146999,12.347,12.747,13.7455,88.0,85.0,86.0,91.0,91.0,89.0,78.0,7,summer,86.85714285714286,13.225356857142856
4059,1,2024-07-19 03:00:00+00:00,13.247,14.247,13.396999,12.447,12.747,13.047,13.8955,91.0,86.0,86.0,91.0,88.0,87.0,76.0,7,summer,86.42857142857143,13.289642714285714
4060,1,2024-07-19 04:00:00+00:00,13.146999,13.997,13.297,14.047,14.347,14.646999,15.2955,91.0,86.0,85.0,85.0,82.0,81.0,71.0,7,summer,83.0,14.111071142857142
4061,1,2024-07-19 05:00:00+00:00,15.396999,15.997,15.697,16.497,16.796999,17.046999,17.4455,83.0,79.0,77.0,75.0,74.0,72.0,64.0,7,summer,74.85714285714286,16.411071
4062,1,2024-07-19 06:00:00+00:00,18.997,19.397,19.397,19.097,19.296999,19.546999,19.8955,67.0,62.0,63.0,67.0,65.0,63.0,59.0,7,summer,63.714285714285715,19.375356857142858
4063,1,2024-07-19 07:00:00+00:00,21.397,21.747,21.897,21.546999,21.847,22.147,22.8955,59.0,56.0,57.0,58.0,56.0,53.0,50.0,7,summer,55.57142857142857,21.925356999999998
4064,1,2024-07-19 08:00:00+00:00,23.747,24.197,24.347,24.046999,24.497,24.847,26.1955,52.0,49.0,49.0,49.0,46.0,43.0,40.0,7,summer,46.857142857142854,24.553928428571428
4065,1,2024-07-19 09:00:00+00:00,25.747,26.247,26.147,25.947,26.497,26.897,28.4955,46.0,43.0,41.0,41.0,38.0,35.0,32.0,7,summer,39.42857142857143,26.56821428571428
4066,1,2024-07-19 10:00:00+00:00,26.247,27.147,26.847,26.847,27.497,27.847,29.1955,38.0,37.0,36.0,37.0,34.0,31.0,28.0,7,summer,34.42857142857143,27.375357142857144
4067,1,2024-07-19 11:00:00+00:00,26.497,27.647,27.546999,27.147,27.847,28.147,28.9455,36.0,34.0,34.0,34.0,33.0,30.0,27.0,7,summer,32.57142857142857,27.682499857142858
4068,1,2024-07-19 12:00:00+00:00,26.697,27.247,27.497,27.097,27.397,27.697,28.3955,38.0,34.0,34.0,33.0,34.0,32.0,27.0,7,summer,33.142857142857146,27.4325
4069,1,2024-07-19 13:00:00+00:00,26.847,27.147,27.347,26.947,27.296999,27.397,27.595499,38.0,34.0,34.0,32.0,33.0,32.0,30.0,7,summer,33.285714285714285,27.225356857142856
4070,1,2024-07-19 14:00:00+00:00,26.697,26.546999,27.247,26.497,26.947,26.847,26.345499,38.0,34.0,34.0,33.0,34.0,33.0,34.0,7,summer,34.285714285714285,26.732499714285716
4071,1,2024-07-19 15:00:00+00:00,25.897,25.697,26.447,25.597,26.147,25.897,24.7955,39.0,38.0,36.0,36.0,36.0,37.0,40.0,7,summer,37.42857142857143,25.7825
4072,1,2024-07-19 16:00:00+00:00,24.046999,23.697,24.497,23.997,24.597,24.347,22.6455,48.0,46.0,45.0,42.0,41.0,46.0,48.0,7,summer,45.142857142857146,23.975357000000002
4073,1,2024-07-19 17:00:00+00:00,22.046999,22.046999,22.296999,21.897,22.647,22.397,20.1455,57.0,55.0,53.0,51.0,49.0,57.0,58.0,7,summer,54.285714285714285,21.92535671428571
4074,1,2024-07-19 18:00:00+00:00,21.247,21.697,20.796999,20.647,20.847,20.747,17.9955,62.0,55.0,58.0,59.0,56.0,66.0,70.0,7,summer,60.857142857142854,20.568214142857148
4075,1,2024-07-19 19:00:00+00:00,20.597,20.847,19.546999,18.947,19.497,19.796999,17.1955,63.0,59.0,62.0,69.0,64.0,71.0,74.0,7,summer,66.0,19.489642571428572
4076,1,2024-07-19 20:00:00+00:00,19.997,20.147,18.546999,17.397,18.347,19.097,16.8955,67.0,65.0,67.0,79.0,71.0,73.0,75.0,7,summer,71.0,18.632499857142857
4077,1,2024-07-19 21:00:00+00:00,19.497,19.296999,17.747,16.296999,17.347,18.447,16.595499,70.0,69.0,73.0,86.0,78.0,76.0,76.0,7,summer,75.42857142857143,17.88964242857143
4078,1,2024-07-19 22:00:00+00:00,18.747,17.796999,16.597,15.896999,16.497,17.597,16.1955,74.0,74.0,77.0,88.0,83.0,79.0,77.0,7,summer,78.85714285714286,17.04678542857143
4079,1,2024-07-19 23:00:00+00:00,18.247,16.947,15.797,15.896999,15.847,16.747,15.7955,78.0,78.0,82.0,87.0,86.0,82.0,77.0,7,summer,81.42857142857143,16.468214142857143
4080,1,2024-07-20 00:00:00+00:00,16.497,15.896999,16.597,15.747,15.146999,14.396999,15.195499,82.0,82.0,77.0,82.0,85.0,91.0,78.0,7,summer,82.42857142857143,15.639642285714284
4081,1,2024-07-20 01:00:00+00:00,15.947,15.797,15.896999,15.197,14.347,13.497,14.6455,82.0,80.0,80.0,83.0,86.0,93.0,79.0,7,summer,83.28571428571429,15.04678557142857
4082,1,2024-07-20 02:00:00+00:00,15.297,15.396999,15.297,14.896999,13.396999,12.747,14.1455,86.0,82.0,83.0,84.0,88.0,94.0,79.0,7,summer,85.14285714285714,14.453928142857142
4083,1,2024-07-20 03:00:00+00:00,14.797,15.047,14.797,15.146999,13.396999,12.947,14.3955,89.0,85.0,85.0,83.0,86.0,92.0,77.0,7,summer,85.28571428571429,14.361071142857144
4084,1,2024-07-20 04:00:00+00:00,14.447,14.697,14.297,16.197,14.947,14.597,15.695499,90.0,87.0,87.0,80.0,80.0,84.0,71.0,7,summer,82.71428571428571,14.982499857142857
4085,1,2024-07-20 05:00:00+00:00,16.296999,16.497,16.197,17.796999,17.347,17.197,17.6455,85.0,82.0,81.0,74.0,71.0,74.0,62.0,7,summer,75.57142857142857,16.996785428571428
4086,1,2024-07-20 06:00:00+00:00,19.697,19.497,19.847,19.897,19.847,19.847,19.7955,69.0,67.0,65.0,66.0,62.0,63.0,57.0,7,summer,64.14285714285714,19.775357142857143
4087,1,2024-07-20 07:00:00+00:00,21.697,21.796999,22.347,22.046999,22.296999,22.447,22.3955,64.0,59.0,57.0,58.0,54.0,53.0,49.0,7,summer,56.285714285714285,22.146785285714287
4088,1,2024-07-20 08:00:00+00:00,23.747,24.147,24.847,24.397,24.747,25.046999,25.2455,56.0,53.0,50.0,50.0,46.0,43.0,40.0,7,summer,48.285714285714285,24.596785571428573
4089,1,2024-07-20 09:00:00+00:00,25.296999,25.997,26.347,26.147,26.697,26.997,27.2955,48.0,46.0,42.0,43.0,39.0,36.0,34.0,7,summer,41.142857142857146,26.39678557142857
4090,1,2024-07-20 10:00:00+00:00,26.347,26.597,26.897,26.997,27.897,27.997,28.1455,43.0,41.0,38.0,39.0,35.0,32.0,30.0,7,summer,36.857142857142854,27.26821428571429
4091,1,2024-07-20 11:00:00+00:00,26.597,27.247,27.247,27.347,28.497,28.347,28.1955,41.0,38.0,37.0,37.0,32.0,31.0,29.0,7,summer,35.0,27.63964285714286
4092,1,2024-07-20 12:00:00+00:00,26.447,26.897,26.597,26.796999,27.796999,28.697,27.4955,41.0,41.0,38.0,39.0,34.0,30.0,31.0,7,summer,36.285714285714285,27.246785428571428
4093,1,2024-07-20 13:00:00+00:00,26.497,27.147,26.597,26.997,27.697,28.597,26.9955,41.0,39.0,39.0,37.0,33.0,29.0,33.0,7,summer,35.857142857142854,27.218214285714286
4094,1,2024-07-20 14:00:00+00:00,26.397,27.046999,26.747,27.046999,27.197,28.097,26.095499,42.0,38.0,39.0,36.0,34.0,30.0,37.0,7,summer,36.57142857142857,26.946785285714288
4095,1,2024-07-20 15:00:00+00:00,25.947,26.497,26.046999,26.497,26.197,27.197,24.7955,41.0,39.0,39.0,38.0,37.0,33.0,42.0,7,summer,38.42857142857143,26.168214142857146
4096,1,2024-07-20 16:00:00+00:00,24.046999,24.296999,23.997,24.796999,24.247,25.747,22.6455,51.0,47.0,46.0,44.0,44.0,39.0,51.0,7,summer,46.0,24.253928142857145
4097,1,2024-07-20 17:00:00+00:00,22.147,22.097,22.997,22.447,21.697,23.847,19.9955,59.0,56.0,52.0,52.0,54.0,47.0,62.0,7,summer,54.57142857142857,22.17535714285714
4098,1,2024-07-20 18:00:00+00:00,20.997,21.097,21.097,20.647,19.546999,21.897,18.2955,65.0,62.0,58.0,59.0,63.0,55.0,66.0,7,summer,61.142857142857146,20.511071285714284
4099,1,2024-07-20 19:00:00+00:00,20.347,20.247,20.296999,19.597,18.197,19.897,17.5455,69.0,63.0,62.0,66.0,70.0,63.0,68.0,7,summer,65.85714285714286,19.44678557142857
4100,1,2024-07-20 20:00:00+00:00,19.697,19.897,19.546999,18.897,17.247,17.897,17.3955,70.0,65.0,68.0,72.0,76.0,71.0,68.0,7,summer,70.0,18.653928428571426
4101,1,2024-07-20 21:00:00+00:00,18.647,19.247,18.597,18.247,16.447,16.197,17.1955,75.0,69.0,74.0,77.0,81.0,78.0,69.0,7,summer,74.71428571428571,17.796785714285715
4102,1,2024-07-20 22:00:00+00:00,17.847,18.697,17.497,17.497,15.847,14.947,16.7955,79.0,72.0,79.0,81.0,84.0,85.0,71.0,7,summer,78.71428571428571,17.018214285714286
4103,1,2024-07-20 23:00:00+00:00,17.247,17.747,16.247,16.796999,15.447,14.047,16.3955,83.0,77.0,85.0,85.0,86.0,91.0,74.0,7,summer,83.0,16.275357
4104,1,2024-07-21 00:00:00+00:00,16.897,16.697,16.247,17.397,14.896999,14.146999,15.3955,85.0,82.0,84.0,81.0,89.0,92.0,79.0,7,summer,84.57142857142857,15.953928285714284
4105,1,2024-07-21 01:00:00+00:00,16.296999,15.947,15.597,16.247,14.247,13.297,14.8455,86.0,86.0,86.0,85.0,90.0,94.0,81.0,7,summer,86.85714285714286,15.211071285714285
4106,1,2024-07-21 02:00:00+00:00,15.396999,15.447,14.847,15.047,13.847,12.497,14.3955,89.0,88.0,87.0,89.0,88.0,95.0,83.0,7,summer,88.42857142857143,14.496785571428571
4107,1,2024-07-21 03:00:00+00:00,14.646999,14.697,13.947,14.697,14.146999,12.697,14.695499,92.0,91.0,92.0,90.0,85.0,92.0,82.0,7,summer,89.14285714285714,14.218213857142857
4108,1,2024-07-21 04:00:00+00:00,14.146999,14.146999,13.396999,15.847,15.597,14.547,16.2455,93.0,93.0,93.0,85.0,79.0,84.0,75.0,7,summer,86.0,14.846785285714285
4109,1,2024-07-21 05:00:00+00:00,15.947,15.997,15.396999,17.897,17.796999,17.347,18.595499,88.0,86.0,86.0,77.0,71.0,73.0,65.0,7,summer,78.0,16.99678528571429
4110,1,2024-07-21 06:00:00+00:00,19.546999,19.796999,19.697,19.997,20.197,20.147,21.2955,71.0,71.0,70.0,68.0,63.0,63.0,55.0,7,summer,65.85714285714286,20.09678542857143
4111,1,2024-07-21 07:00:00+00:00,22.046999,22.247,22.397,22.546999,22.897,22.796999,23.7955,63.0,63.0,60.0,58.0,54.0,55.0,47.0,7,summer,57.142857142857146,22.675356714285716
4112,1,2024-07-21 08:00:00+00:00,24.347,24.546999,24.897,25.197,25.747,25.397,26.345499,55.0,55.0,51.0,49.0,44.0,47.0,40.0,7,summer,48.714285714285715,25.211071142857143
4113,1,2024-07-21 09:00:00+00:00,25.697,25.647,26.597,27.247,27.997,27.447,28.1955,48.0,47.0,43.0,41.0,36.0,41.0,34.0,7,summer,41.42857142857143,26.975357142857145
4114,1,2024-07-21 10:00:00+00:00,26.747,26.647,27.697,28.397,29.247,28.647,28.9955,43.0,43.0,39.0,36.0,30.0,36.0,31.0,7,summer,36.857142857142854,28.05392857142857
4115,1,2024-07-21 11:00:00+00:00,27.647,27.647,28.447,28.947,29.847,29.247,29.0455,40.0,40.0,35.0,34.0,26.0,33.0,29.0,7,summer,33.857142857142854,28.689642857142854
4116,1,2024-07-21 12:00:00+00:00,27.647,27.497,28.447,29.097,28.897,29.597,28.6955,39.0,40.0,35.0,30.0,29.0,32.0,30.0,7,summer,33.57142857142857,28.55392857142857
4117,1,2024-07-21 13:00:00+00:00,27.847,27.647,28.497,29.097,28.897,29.647,27.4955,38.0,39.0,34.0,28.0,27.0,30.0,33.0,7,summer,32.714285714285715,28.44678571428571
4118,1,2024-07-21 14:00:00+00:00,27.546999,27.597,28.296999,28.697,28.597,29.247,25.6455,37.0,37.0,33.0,28.0,27.0,28.0,38.0,7,summer,32.57142857142857,27.946785428571435
4119,1,2024-07-21 15:00:00+00:00,26.997,26.897,27.397,27.747,27.647,28.296999,23.7955,38.0,38.0,34.0,31.0,29.0,30.0,44.0,7,summer,34.857142857142854,26.968214142857143
4120,1,2024-07-21 16:00:00+00:00,24.796999,24.796999,25.046999,25.796999,25.647,26.296999,22.1455,47.0,47.0,41.0,41.0,37.0,37.0,49.0,7,summer,42.714285714285715,24.932499285714282
4121,1,2024-07-21 17:00:00+00:00,22.597,22.397,22.697,23.247,23.097,23.647,20.5455,62.0,63.0,56.0,54.0,47.0,48.0,55.0,7,summer,55.0,22.603928571428572
4122,1,2024-07-21 18:00:00+00:00,19.847,20.247,21.397,21.247,20.997,21.597,18.1955,87.0,80.0,73.0,75.0,56.0,57.0,70.0,7,summer,71.14285714285714,20.50392857142857
4123,1,2024-07-21 19:00:00+00:00,19.647,19.796999,20.097,20.147,19.947,20.697,17.6455,89.0,84.0,85.0,82.0,61.0,64.0,73.0,7,summer,76.85714285714286,19.711071285714286
4124,1,2024-07-21 20:00:00+00:00,19.546999,19.046999,19.597,19.546999,19.347,20.296999,17.6955,90.0,87.0,87.0,86.0,63.0,70.0,73.0,7,summer,79.42857142857143,19.296785142857146
4125,1,2024-07-21 21:00:00+00:00,19.347,17.697,19.097,19.097,18.647,19.796999,17.595499,91.0,93.0,89.0,89.0,66.0,75.0,73.0,7,summer,82.28571428571429,18.753928285714284
4126,1,2024-07-21 22:00:00+00:00,18.947,17.447,18.546999,18.796999,17.597,18.947,17.095499,94.0,88.0,93.0,90.0,70.0,77.0,74.0,7,summer,83.71428571428571,18.196785285714288
4127,1,2024-07-21 23:00:00+00:00,18.796999,17.046999,18.197,18.647,16.447,17.947,16.4955,94.0,86.0,95.0,90.0,74.0,77.0,76.0,7,summer,84.57142857142857,17.653928285714283
4128,1,2024-07-22 00:00:00+00:00,18.147,17.947,18.247,18.347,17.597,17.046999,16.1955,88.0,93.0,93.0,93.0,86.0,72.0,75.0,7,summer,85.71428571428571,17.64678557142857
4129,1,2024-07-22 01:00:00+00:00,18.147,17.647,17.897,17.997,16.897,16.347,15.3955,87.0,91.0,94.0,94.0,86.0,75.0,78.0,7,summer,86.42857142857143,17.189642857142854
4130,1,2024-07-22 02:00:00+00:00,17.796999,17.397,17.447,17.747,16.047,15.597,14.6455,86.0,87.0,90.0,95.0,86.0,80.0,81.0,7,summer,86.42857142857143,16.668214142857142
4131,1,2024-07-22 03:00:00+00:00,17.597,17.296999,17.097,17.747,15.747,15.597,14.695499,83.0,85.0,86.0,94.0,86.0,81.0,81.0,7,summer,85.14285714285714,16.53964257142857
4132,1,2024-07-22 04:00:00+00:00,17.447,17.046999,16.747,18.147,16.247,16.697,16.0455,81.0,85.0,85.0,92.0,84.0,77.0,75.0,7,summer,82.71428571428571,16.91107128571429
4133,1,2024-07-22 05:00:00+00:00,17.997,17.647,17.497,18.847,17.197,18.447,18.1955,80.0,85.0,84.0,88.0,81.0,69.0,66.0,7,summer,79.0,17.975357142857142
4134,1,2024-07-22 06:00:00+00:00,18.897,18.796999,19.697,19.247,18.546999,20.296999,20.9955,76.0,77.0,71.0,78.0,76.0,62.0,57.0,7,summer,71.0,19.496785285714285
4135,1,2024-07-22 07:00:00+00:00,20.447,20.397,20.847,20.847,20.397,22.147,23.845499,69.0,71.0,66.0,71.0,68.0,56.0,48.0,7,summer,64.14285714285714,21.275356999999996
4136,1,2024-07-22 08:00:00+00:00,21.847,21.796999,22.647,22.897,22.597,24.046999,26.9455,65.0,66.0,60.0,62.0,59.0,49.0,39.0,7,summer,57.142857142857146,23.253928285714288
4137,1,2024-07-22 09:00:00+00:00,23.097,22.997,24.497,24.546999,24.397,25.597,29.1955,60.0,60.0,54.0,55.0,51.0,44.0,31.0,7,summer,50.714285714285715,24.90392842857143
4138,1,2024-07-22 10:00:00+00:00,23.847,22.597,25.647,25.597,25.546999,26.796999,30.1455,56.0,61.0,48.0,50.0,46.0,39.0,25.0,7,summer,46.42857142857143,25.739642571428572
4139,1,2024-07-22 11:00:00+00:00,24.296999,22.647,25.847,26.247,26.247,27.647,30.1955,56.0,62.0,52.0,47.0,44.0,35.0,22.0,7,summer,45.42857142857143,26.161071285714286
4140,1,2024-07-22 12:00:00+00:00,26.546999,22.546999,27.447,24.397,24.747,26.447,29.7955,41.0,66.0,42.0,56.0,62.0,35.0,24.0,7,summer,46.57142857142857,25.98964257142857
4141,1,2024-07-22 13:00:00+00:00,26.796999,22.697,27.247,24.546999,24.296999,25.997,28.595499,39.0,65.0,42.0,55.0,62.0,37.0,27.0,7,summer,46.714285714285715,25.739642285714286
4142,1,2024-07-22 14:00:00+00:00,26.546999,22.897,27.097,24.546999,23.847,25.247,26.6455,39.0,63.0,40.0,55.0,61.0,41.0,32.0,7,summer,47.285714285714285,25.261071142857144
4143,1,2024-07-22 15:00:00+00:00,25.247,22.597,26.497,24.046999,23.147,24.247,24.6955,47.0,63.0,39.0,57.0,62.0,47.0,38.0,7,summer,50.42857142857143,24.35392842857143
4144,1,2024-07-22 16:00:00+00:00,22.847,21.397,24.097,22.697,22.147,22.897,22.7455,65.0,71.0,53.0,64.0,68.0,58.0,44.0,7,summer,60.42857142857143,22.689642857142854
4145,1,2024-07-22 17:00:00+00:00,21.647,20.447,22.497,20.897,20.897,21.347,20.7455,74.0,76.0,57.0,73.0,76.0,72.0,51.0,7,summer,68.42857142857143,21.211071428571426
4146,1,2024-07-22 18:00:00+00:00,20.947,20.046999,20.647,19.747,19.947,20.046999,19.7955,72.0,81.0,58.0,78.0,83.0,82.0,67.0,7,summer,74.42857142857143,20.168214000000003
4147,1,2024-07-22 19:00:00+00:00,18.997,19.197,19.997,19.147,19.397,19.397,19.2455,79.0,86.0,63.0,82.0,87.0,87.0,70.0,7,summer,79.14285714285714,19.339642857142852
4148,1,2024-07-22 20:00:00+00:00,17.747,18.447,19.347,18.796999,19.097,19.046999,19.095499,83.0,91.0,66.0,85.0,89.0,89.0,71.0,7,summer,82.0,18.796785285714286
4149,1,2024-07-22 21:00:00+00:00,17.296999,17.347,17.347,18.497,18.796999,18.397,18.7955,80.0,93.0,77.0,87.0,91.0,89.0,71.0,7,summer,84.0,18.068214
4150,1,2024-07-22 22:00:00+00:00,16.546999,16.197,15.997,18.197,18.397,16.947,18.1455,78.0,92.0,83.0,86.0,93.0,87.0,69.0,7,summer,84.0,17.20392842857143
4151,1,2024-07-22 23:00:00+00:00,15.697,15.097,15.197,17.897,17.947,15.146999,17.3955,80.0,93.0,84.0,84.0,95.0,84.0,66.0,7,summer,83.71428571428571,16.339642714285713
4152,1,2024-07-23 00:00:00+00:00,14.097,16.597,14.747,17.897,18.397,17.497,19.095499,88.0,87.0,89.0,95.0,92.0,97.0,49.0,7,summer,85.28571428571429,16.90392842857143
4153,1,2024-07-23 01:00:00+00:00,13.497,15.646999,14.547,17.197,17.897,16.546999,17.6455,91.0,89.0,90.0,94.0,94.0,95.0,53.0,7,summer,86.57142857142857,16.13964257142857
4154,1,2024-07-23 02:00:00+00:00,12.997,14.847,14.497,16.347,17.397,15.396999,15.7955,93.0,91.0,89.0,93.0,96.0,91.0,60.0,7,summer,87.57142857142857,15.325357
4155,1,2024-07-23 03:00:00+00:00,12.597,14.396999,14.247,16.047,17.247,14.997,14.9955,94.0,90.0,90.0,91.0,96.0,86.0,63.0,7,summer,87.14285714285714,14.932499857142858
4156,1,2024-07-23 04:00:00+00:00,12.247,13.997,14.197,16.597,17.747,15.747,15.8955,94.0,90.0,90.0,88.0,92.0,80.0,59.0,7,summer,84.71428571428571,15.203928571428571
4157,1,2024-07-23 05:00:00+00:00,14.347,15.947,15.697,17.647,18.697,17.247,17.7455,87.0,83.0,87.0,84.0,86.0,73.0,51.0,7,summer,78.71428571428571,16.761071428571427
4158,1,2024-07-23 06:00:00+00:00,18.296999,19.747,18.747,18.897,19.847,18.997,19.6955,71.0,68.0,74.0,77.0,79.0,66.0,48.0,7,summer,69.0,19.175356999999998
4159,1,2024-07-23 07:00:00+00:00,21.097,21.897,21.347,20.647,21.247,21.097,22.4955,59.0,61.0,63.0,70.0,72.0,58.0,41.0,7,summer,60.57142857142857,21.40392857142857
4160,1,2024-07-23 08:00:00+00:00,23.447,24.097,23.546999,22.647,22.796999,23.497,25.595499,52.0,54.0,55.0,61.0,64.0,49.0,34.0,7,summer,52.714285714285715,23.661070999999996
4161,1,2024-07-23 09:00:00+00:00,25.447,25.947,25.497,24.296999,24.197,25.447,27.7955,43.0,48.0,44.0,54.0,57.0,42.0,29.0,7,summer,45.285714285714285,25.518214142857143
4162,1,2024-07-23 10:00:00+00:00,26.747,26.747,26.597,25.447,25.397,26.747,28.4455,37.0,41.0,38.0,49.0,51.0,37.0,27.0,7,summer,40.0,26.58964285714286
4163,1,2024-07-23 11:00:00+00:00,27.197,27.597,27.347,26.296999,26.447,27.597,28.1455,35.0,39.0,36.0,46.0,47.0,33.0,26.0,7,summer,37.42857142857143,27.23249985714286
4164,1,2024-07-23 12:00:00+00:00,28.097,27.546999,27.597,27.647,27.796999,27.397,28.595499,33.0,39.0,37.0,34.0,39.0,36.0,25.0,7,summer,34.714285714285715,27.811071
4165,1,2024-07-23 13:00:00+00:00,27.997,27.697,27.597,27.546999,27.697,27.546999,27.845499,33.0,38.0,37.0,33.0,38.0,34.0,28.0,7,summer,34.42857142857143,27.70392814285714
4166,1,2024-07-23 14:00:00+00:00,27.597,27.296999,27.197,26.997,27.197,27.247,26.595499,33.0,36.0,37.0,34.0,38.0,34.0,32.0,7,summer,34.857142857142854,27.16107114285714
4167,1,2024-07-23 15:00:00+00:00,26.747,26.447,26.347,26.046999,26.097,26.497,24.9955,34.0,37.0,37.0,37.0,43.0,37.0,37.0,7,summer,37.42857142857143,26.168214142857146
4168,1,2024-07-23 16:00:00+00:00,24.447,23.597,24.147,24.347,24.097,24.997,22.6955,44.0,49.0,45.0,43.0,56.0,45.0,42.0,7,summer,46.285714285714285,24.046785714285715
4169,1,2024-07-23 17:00:00+00:00,21.847,21.897,22.197,22.247,21.497,23.097,19.9955,51.0,57.0,55.0,52.0,74.0,56.0,47.0,7,summer,56.0,21.825357142857143
4170,1,2024-07-23 18:00:00+00:00,20.296999,20.847,20.947,19.847,19.546999,21.347,17.4955,54.0,47.0,58.0,52.0,87.0,65.0,53.0,7,summer,59.42857142857143,20.04678542857143
4171,1,2024-07-23 19:00:00+00:00,18.947,19.697,20.347,18.647,18.747,20.197,16.595499,47.0,46.0,55.0,55.0,93.0,72.0,54.0,7,summer,60.285714285714285,19.025357000000003
4172,1,2024-07-23 20:00:00+00:00,17.497,18.247,19.497,17.897,18.497,19.296999,16.4455,49.0,53.0,56.0,57.0,94.0,77.0,53.0,7,summer,62.714285714285715,18.19678557142857
4173,1,2024-07-23 21:00:00+00:00,16.546999,17.247,19.097,16.947,18.296999,18.197,16.3955,56.0,61.0,59.0,61.0,95.0,81.0,52.0,7,summer,66.42857142857143,17.532499714285713
4174,1,2024-07-23 22:00:00+00:00,14.947,16.197,18.247,15.447,17.997,16.647,16.5455,65.0,68.0,64.0,69.0,96.0,83.0,50.0,7,summer,70.71428571428571,16.575357142857143
4175,1,2024-07-23 23:00:00+00:00,13.396999,14.947,17.097,13.797,17.747,14.896999,16.845499,76.0,72.0,70.0,78.0,96.0,84.0,48.0,7,summer,74.85714285714286,15.532499571428572
4176,1,2024-07-24 00:00:00+00:00,12.297,15.097,14.197,12.797,17.697,17.796999,13.7955,81.0,81.0,85.0,83.0,93.0,92.0,53.0,7,summer,81.14285714285714,14.811071285714286
4177,1,2024-07-24 01:00:00+00:00,11.697,14.347,13.447,11.997,16.697,17.397,13.195499,83.0,83.0,82.0,85.0,89.0,94.0,55.0,7,summer,81.57142857142857,14.111071285714285
4178,1,2024-07-24 02:00:00+00:00,11.297,13.646999,12.847,11.547,15.547,16.947,12.6455,82.0,83.0,78.0,85.0,84.0,98.0,58.0,7,summer,81.14285714285714,13.496785571428571
4179,1,2024-07-24 03:00:00+00:00,10.997,13.297,12.097,11.847,15.047,16.897,12.7955,81.0,80.0,79.0,83.0,79.0,98.0,59.0,7,summer,79.85714285714286,13.282499999999999
4180,1,2024-07-24 04:00:00+00:00,10.847,12.747,11.547,13.347,15.646999,17.397,13.945499,82.0,82.0,81.0,78.0,76.0,94.0,57.0,7,summer,78.57142857142857,13.639642571428572
4181,1,2024-07-24 05:00:00+00:00,12.997,14.747,13.447,15.597,16.897,18.296999,15.8455,79.0,79.0,79.0,71.0,73.0,88.0,52.0,7,summer,74.42857142857143,15.40392842857143
4182,1,2024-07-24 06:00:00+00:00,17.296999,18.347,18.097,17.497,18.397,19.397,19.1955,67.0,68.0,65.0,66.0,69.0,81.0,45.0,7,summer,65.85714285714286,18.31821414285714
4183,1,2024-07-24 07:00:00+00:00,20.497,21.147,20.847,20.097,20.197,20.847,22.1455,58.0,59.0,56.0,58.0,62.0,72.0,39.0,7,summer,57.714285714285715,20.825357142857143
4184,1,2024-07-24 08:00:00+00:00,23.347,23.647,23.197,22.747,22.296999,22.597,25.345499,50.0,52.0,51.0,50.0,54.0,62.0,33.0,7,summer,50.285714285714285,23.31107114285714
4185,1,2024-07-24 09:00:00+00:00,25.296999,25.497,25.046999,24.796999,23.997,23.997,27.6955,41.0,43.0,45.0,43.0,48.0,54.0,28.0,7,summer,43.142857142857146,25.18964242857143
4186,1,2024-07-24 10:00:00+00:00,26.497,26.647,26.046999,25.947,25.147,24.997,28.6955,36.0,36.0,42.0,39.0,45.0,50.0,25.0,7,summer,39.0,26.282499857142856
4187,1,2024-07-24 11:00:00+00:00,27.247,27.447,26.847,26.497,25.897,25.697,28.845499,34.0,34.0,39.0,38.0,44.0,49.0,22.0,7,summer,37.142857142857146,26.925356999999998
4188,1,2024-07-24 12:00:00+00:00,27.546999,27.447,27.247,26.697,26.847,26.447,28.8955,33.0,34.0,36.0,38.0,36.0,39.0,20.0,7,summer,33.714285714285715,27.303928428571428
4189,1,2024-07-24 13:00:00+00:00,27.296999,27.397,27.147,26.597,26.697,26.546999,27.9955,34.0,35.0,37.0,38.0,37.0,39.0,22.0,7,summer,34.57142857142857,27.096785428571426
4190,1,2024-07-24 14:00:00+00:00,26.796999,26.697,26.647,26.147,26.147,26.197,26.595499,35.0,36.0,38.0,40.0,40.0,40.0,27.0,7,summer,36.57142857142857,26.46107114285714
4191,1,2024-07-24 15:00:00+00:00,25.897,25.796999,25.697,25.197,25.097,25.347,24.7955,37.0,38.0,39.0,44.0,46.0,45.0,33.0,7,summer,40.285714285714285,25.40392842857143
4192,1,2024-07-24 16:00:00+00:00,23.347,23.497,23.796999,23.447,23.296999,23.697,22.3955,43.0,44.0,46.0,53.0,56.0,56.0,41.0,7,summer,48.42857142857143,23.353928285714286
4193,1,2024-07-24 17:00:00+00:00,21.546999,21.897,21.796999,21.197,21.097,21.546999,19.6455,47.0,49.0,62.0,66.0,69.0,70.0,50.0,7,summer,59.0,21.246785285714285
4194,1,2024-07-24 18:00:00+00:00,19.847,19.796999,19.947,19.046999,19.247,19.747,18.2955,62.0,63.0,75.0,82.0,79.0,82.0,55.0,7,summer,71.14285714285714,19.418214
4195,1,2024-07-24 19:00:00+00:00,19.397,19.296999,19.397,17.796999,18.197,18.647,17.2955,69.0,71.0,82.0,89.0,85.0,88.0,63.0,7,summer,78.14285714285714,18.575356857142857
4196,1,2024-07-24 20:00:00+00:00,18.947,18.847,18.597,16.897,17.546999,17.947,16.7955,71.0,76.0,87.0,93.0,89.0,92.0,71.0,7,summer,82.71428571428571,17.939642714285714
4197,1,2024-07-24 21:00:00+00:00,18.497,18.447,17.647,16.097,17.046999,17.447,16.3955,75.0,79.0,91.0,96.0,91.0,94.0,76.0,7,summer,86.0,17.368214142857145
4198,1,2024-07-24 22:00:00+00:00,17.847,17.597,16.847,15.396999,16.747,17.197,15.945499,78.0,84.0,93.0,98.0,92.0,95.0,77.0,7,summer,88.14285714285714,16.79678542857143
4199,1,2024-07-24 23:00:00+00:00,17.347,17.247,16.497,14.896999,16.597,17.147,15.5955,81.0,87.0,94.0,99.0,93.0,94.0,75.0,7,summer,89.0,16.475357
4200,1,2024-07-25 00:00:00+00:00,13.847,15.847,16.947,15.597,14.497,16.847,14.195499,93.0,91.0,88.0,95.0,99.0,94.0,67.0,7,summer,89.57142857142857,15.39678557142857
4201,1,2024-07-25 01:00:00+00:00,12.646999,14.697,16.397,14.547,13.847,16.097,13.5955,97.0,95.0,90.0,98.0,100.0,96.0,68.0,7,summer,92.0,14.546785571428572
4202,1,2024-07-25 02:00:00+00:00,12.097,13.997,16.197,13.347,13.347,15.297,13.1455,97.0,97.0,91.0,100.0,100.0,98.0,70.0,7,summer,93.28571428571429,13.918214285714285
4203,1,2024-07-25 03:00:00+00:00,11.797,13.947,15.347,13.146999,13.597,15.146999,13.4955,97.0,96.0,94.0,100.0,98.0,97.0,70.0,7,summer,93.14285714285714,13.782499714285715
4204,1,2024-07-25 04:00:00+00:00,11.396999,13.896999,14.747,14.547,15.097,16.197,15.195499,98.0,95.0,95.0,95.0,93.0,93.0,65.0,7,summer,90.57142857142857,14.439642428571428
4205,1,2024-07-25 05:00:00+00:00,13.597,15.797,16.347,16.947,17.347,17.947,17.7455,91.0,90.0,90.0,88.0,86.0,86.0,58.0,7,summer,84.14285714285714,16.5325
4206,1,2024-07-25 06:00:00+00:00,18.897,18.697,19.247,19.447,19.597,19.796999,20.2955,73.0,79.0,79.0,81.0,78.0,78.0,46.0,7,summer,73.42857142857143,19.425356999999998
4207,1,2024-07-25 07:00:00+00:00,21.647,21.497,21.546999,21.197,21.747,21.697,22.9955,66.0,67.0,70.0,71.0,67.0,68.0,38.0,7,summer,63.857142857142854,21.761071285714284
4208,1,2024-07-25 08:00:00+00:00,23.847,23.796999,23.397,22.997,23.897,23.697,25.7455,50.0,51.0,57.0,60.0,55.0,57.0,31.0,7,summer,51.57142857142857,23.911071285714286
4209,1,2024-07-25 09:00:00+00:00,24.897,24.997,25.046999,24.447,25.597,25.296999,27.7955,42.0,43.0,47.0,51.0,45.0,49.0,25.0,7,summer,43.142857142857146,25.439642571428575
4210,1,2024-07-25 10:00:00+00:00,25.647,25.497,25.796999,25.597,26.697,26.247,28.7455,40.0,39.0,42.0,45.0,40.0,46.0,22.0,7,summer,39.142857142857146,26.318214142857148
4211,1,2024-07-25 11:00:00+00:00,26.347,26.296999,26.697,26.447,27.296999,26.796999,29.0455,38.0,37.0,38.0,40.0,37.0,45.0,20.0,7,summer,36.42857142857143,26.989642428571425
4212,1,2024-07-25 12:00:00+00:00,26.947,26.997,26.647,26.347,27.046999,27.447,28.8955,38.0,35.0,34.0,45.0,37.0,38.0,22.0,7,summer,35.57142857142857,27.189642714285718
4213,1,2024-07-25 13:00:00+00:00,26.997,26.847,26.697,26.447,26.947,27.497,28.4455,38.0,36.0,33.0,43.0,36.0,36.0,23.0,7,summer,35.0,27.125357142857148
4214,1,2024-07-25 14:00:00+00:00,26.546999,26.247,26.347,26.147,26.546999,27.197,27.4455,38.0,37.0,34.0,42.0,37.0,35.0,25.0,7,summer,35.42857142857143,26.63964257142857
4215,1,2024-07-25 15:00:00+00:00,25.546999,25.447,25.296999,25.397,25.647,26.347,25.8955,41.0,39.0,39.0,44.0,40.0,37.0,30.0,7,summer,38.57142857142857,25.653928285714283
4216,1,2024-07-25 16:00:00+00:00,23.497,23.197,22.847,23.847,23.947,24.647,23.345499,47.0,48.0,48.0,52.0,48.0,45.0,41.0,7,summer,47.0,23.61821414285714
4217,1,2024-07-25 17:00:00+00:00,21.847,21.147,20.947,21.747,21.747,22.397,20.1955,56.0,54.0,54.0,63.0,59.0,55.0,55.0,7,summer,56.57142857142857,21.4325
4218,1,2024-07-25 18:00:00+00:00,20.747,19.847,19.647,20.247,19.747,20.447,17.4955,68.0,66.0,63.0,72.0,69.0,65.0,72.0,7,summer,67.85714285714286,19.739642857142858
4219,1,2024-07-25 19:00:00+00:00,19.397,18.747,18.747,18.897,18.197,19.046999,16.4955,76.0,73.0,67.0,79.0,77.0,72.0,74.0,7,summer,74.0,18.50392842857143
4220,1,2024-07-25 20:00:00+00:00,18.747,17.546999,17.497,17.747,16.897,17.897,16.2455,80.0,81.0,73.0,85.0,84.0,79.0,71.0,7,summer,79.0,17.511071285714284
4221,1,2024-07-25 21:00:00+00:00,17.897,16.097,15.447,16.847,15.896999,16.947,15.9955,85.0,89.0,84.0,90.0,89.0,84.0,69.0,7,summer,84.28571428571429,16.44678557142857
4222,1,2024-07-25 22:00:00+00:00,17.397,15.097,14.047,16.197,15.297,16.247,15.3455,88.0,94.0,91.0,93.0,92.0,88.0,69.0,7,summer,87.85714285714286,15.661071428571429
4223,1,2024-07-25 23:00:00+00:00,17.147,14.547,13.247,15.747,14.997,15.697,14.6455,90.0,95.0,94.0,96.0,92.0,91.0,70.0,7,summer,89.71428571428571,15.146785714285715
4224,1,2024-07-26 00:00:00+00:00,16.147,13.847,13.847,15.097,13.247,16.347,14.9955,92.0,96.0,95.0,96.0,95.0,84.0,63.0,7,summer,88.71428571428571,14.789642857142857
4225,1,2024-07-26 01:00:00+00:00,15.947,13.697,13.597,14.247,12.396999,15.797,14.2955,93.0,95.0,94.0,97.0,97.0,86.0,65.0,7,summer,89.57142857142857,14.282499857142856
4226,1,2024-07-26 02:00:00+00:00,15.447,13.597,13.297,13.297,11.697,15.047,13.6455,95.0,94.0,94.0,99.0,99.0,88.0,67.0,7,summer,90.85714285714286,13.718214285714284
4227,1,2024-07-26 03:00:00+00:00,14.797,13.146999,12.697,13.197,11.896999,14.997,13.8955,96.0,95.0,95.0,98.0,97.0,88.0,66.0,7,summer,90.71428571428571,13.518213999999999
4228,1,2024-07-26 04:00:00+00:00,14.197,12.597,12.347,14.597,13.597,16.247,15.5455,97.0,96.0,95.0,93.0,90.0,84.0,61.0,7,summer,88.0,14.161071428571429
4229,1,2024-07-26 05:00:00+00:00,15.997,14.646999,14.347,16.897,16.247,18.197,18.095499,90.0,89.0,88.0,86.0,80.0,77.0,54.0,7,summer,80.57142857142857,16.34678542857143
4230,1,2024-07-26 06:00:00+00:00,19.847,19.447,18.397,19.097,18.947,20.247,19.9955,73.0,74.0,72.0,73.0,70.0,69.0,53.0,7,summer,69.14285714285714,19.42535714285714
4231,1,2024-07-26 07:00:00+00:00,22.097,22.046999,20.997,21.647,21.647,22.397,22.1455,63.0,63.0,64.0,62.0,59.0,60.0,45.0,7,summer,59.42857142857143,21.853928428571425
4232,1,2024-07-26 08:00:00+00:00,23.647,24.296999,23.546999,24.197,24.347,24.647,24.4455,52.0,49.0,51.0,50.0,47.0,50.0,37.0,7,summer,48.0,24.161071142857143
4233,1,2024-07-26 09:00:00+00:00,24.897,26.097,25.697,26.197,26.397,26.397,26.095499,45.0,41.0,41.0,40.0,38.0,42.0,31.0,7,summer,39.714285714285715,25.96821414285714
4234,1,2024-07-26 10:00:00+00:00,25.796999,26.796999,27.347,27.347,27.397,27.347,26.8955,42.0,36.0,35.0,35.0,34.0,38.0,28.0,7,summer,35.42857142857143,26.989642571428572
4235,1,2024-07-26 11:00:00+00:00,26.347,27.497,28.247,27.997,27.747,27.847,27.095499,39.0,32.0,31.0,32.0,32.0,35.0,27.0,7,summer,32.57142857142857,27.539642714285716
4236,1,2024-07-26 12:00:00+00:00,27.347,26.897,28.497,28.597,26.597,28.597,29.2955,37.0,31.0,26.0,25.0,40.0,25.0,21.0,7,summer,29.285714285714285,27.975357142857145
4237,1,2024-07-26 13:00:00+00:00,27.447,27.247,27.796999,28.397,26.697,28.397,28.4455,36.0,30.0,27.0,24.0,37.0,24.0,23.0,7,summer,28.714285714285715,27.775357000000003
4238,1,2024-07-26 14:00:00+00:00,27.147,26.997,27.347,27.747,26.597,27.747,27.0455,36.0,30.0,27.0,24.0,34.0,24.0,27.0,7,summer,28.857142857142858,27.232499999999998
4239,1,2024-07-26 15:00:00+00:00,26.397,26.147,26.497,26.546999,25.847,26.546999,25.2955,35.0,32.0,28.0,27.0,35.0,27.0,33.0,7,summer,31.0,26.182499714285715
4240,1,2024-07-26 16:00:00+00:00,24.046999,23.597,24.296999,24.497,23.997,24.497,22.8955,41.0,39.0,33.0,32.0,44.0,34.0,43.0,7,summer,38.0,23.97535685714286
4241,1,2024-07-26 17:00:00+00:00,22.647,21.546999,22.597,21.897,21.497,21.897,20.095499,45.0,46.0,38.0,40.0,58.0,45.0,54.0,7,summer,46.57142857142857,21.73964257142857
4242,1,2024-07-26 18:00:00+00:00,21.247,20.546999,21.296999,19.247,19.397,19.546999,18.595499,53.0,52.0,45.0,52.0,70.0,55.0,57.0,7,summer,54.857142857142854,19.982499428571426
4243,1,2024-07-26 19:00:00+00:00,19.847,20.447,20.247,17.247,18.147,17.697,17.595499,58.0,54.0,52.0,61.0,76.0,66.0,61.0,7,summer,61.142857142857146,18.74678557142857
4244,1,2024-07-26 20:00:00+00:00,18.347,18.947,18.796999,15.547,17.347,16.047,17.1955,69.0,57.0,58.0,71.0,81.0,76.0,62.0,7,summer,67.71428571428571,17.461071285714283
4245,1,2024-07-26 21:00:00+00:00,17.796999,16.747,17.197,14.146999,16.747,14.697,16.7955,74.0,71.0,67.0,78.0,84.0,85.0,64.0,7,summer,74.71428571428571,16.303928285714285
4246,1,2024-07-26 22:00:00+00:00,16.697,15.797,16.097,13.247,16.347,13.697,16.2455,80.0,78.0,74.0,82.0,87.0,90.0,67.0,7,summer,79.71428571428571,15.446785714285713
4247,1,2024-07-26 23:00:00+00:00,16.097,15.347,14.747,12.747,16.197,12.947,15.7955,85.0,80.0,80.0,85.0,89.0,92.0,71.0,7,summer,83.14285714285714,14.83964285714286
4248,1,2024-07-27 00:00:00+00:00,15.597,15.797,15.646999,12.997,14.146999,12.247,15.3955,86.0,80.0,78.0,86.0,95.0,96.0,73.0,7,summer,84.85714285714286,14.546785428571427
4249,1,2024-07-27 01:00:00+00:00,15.047,15.597,15.097,12.247,13.547,12.047,14.8955,87.0,83.0,81.0,88.0,96.0,96.0,73.0,7,summer,86.28571428571429,14.068214285714285
4250,1,2024-07-27 02:00:00+00:00,14.697,15.146999,14.997,11.646999,12.997,12.197,14.4955,88.0,86.0,80.0,89.0,97.0,95.0,71.0,7,summer,86.57142857142857,13.73964257142857
4251,1,2024-07-27 03:00:00+00:00,14.597,14.997,14.447,11.997,13.247,12.997,14.8955,87.0,85.0,81.0,87.0,95.0,91.0,68.0,7,summer,84.85714285714286,13.882499999999999
4252,1,2024-07-27 04:00:00+00:00,14.547,14.847,14.396999,13.847,14.847,14.747,16.4955,85.0,85.0,81.0,82.0,89.0,84.0,63.0,7,summer,81.28571428571429,14.818214142857142
4253,1,2024-07-27 05:00:00+00:00,16.347,16.647,15.997,16.597,17.247,17.147,18.8955,80.0,79.0,79.0,74.0,80.0,74.0,56.0,7,summer,74.57142857142857,16.982499999999998
4254,1,2024-07-27 06:00:00+00:00,20.247,20.296999,19.697,19.097,19.697,19.647,21.3955,68.0,64.0,67.0,61.0,71.0,64.0,49.0,7,summer,63.42857142857143,20.011071285714284
4255,1,2024-07-27 07:00:00+00:00,22.947,22.597,22.647,21.947,22.197,22.296999,24.0455,58.0,57.0,56.0,51.0,60.0,53.0,41.0,7,summer,53.714285714285715,22.668214142857146
4256,1,2024-07-27 08:00:00+00:00,25.296999,25.097,24.897,24.796999,24.747,24.997,26.7955,48.0,47.0,48.0,41.0,48.0,42.0,33.0,7,summer,43.857142857142854,25.232499714285716
4257,1,2024-07-27 09:00:00+00:00,26.697,26.897,26.597,26.997,26.647,26.997,28.595499,39.0,38.0,39.0,33.0,39.0,34.0,27.0,7,summer,35.57142857142857,27.061071285714284
4258,1,2024-07-27 10:00:00+00:00,27.296999,27.796999,27.597,28.147,27.447,27.897,28.9455,35.0,35.0,32.0,29.0,35.0,30.0,25.0,7,summer,31.571428571428573,27.875356857142858
4259,1,2024-07-27 11:00:00+00:00,26.897,27.347,27.347,28.647,27.597,28.097,28.345499,36.0,34.0,32.0,27.0,33.0,29.0,25.0,7,summer,30.857142857142858,27.75392842857143
4260,1,2024-07-27 12:00:00+00:00,26.997,27.247,28.397,28.897,28.147,26.296999,29.4955,36.0,34.0,28.0,26.0,28.0,37.0,22.0,7,summer,30.142857142857142,27.925356999999995
4261,1,2024-07-27 13:00:00+00:00,26.997,27.296999,28.097,28.597,27.997,26.397,28.6955,34.0,33.0,30.0,26.0,27.0,35.0,24.0,7,summer,29.857142857142858,27.725357000000002
4262,1,2024-07-27 14:00:00+00:00,26.697,27.046999,27.697,27.897,27.546999,26.447,27.4955,34.0,33.0,30.0,27.0,26.0,34.0,28.0,7,summer,30.285714285714285,27.26107114285714
4263,1,2024-07-27 15:00:00+00:00,25.847,26.046999,26.847,26.747,26.497,25.897,26.095499,36.0,35.0,31.0,31.0,29.0,38.0,32.0,7,summer,33.142857142857146,26.282499714285713
4264,1,2024-07-27 16:00:00+00:00,24.097,24.046999,24.747,24.997,24.497,24.347,24.5455,43.0,41.0,36.0,41.0,39.0,51.0,37.0,7,summer,41.142857142857146,24.468214142857143
4265,1,2024-07-27 17:00:00+00:00,23.097,22.147,23.147,22.847,21.897,22.197,22.8955,47.0,57.0,41.0,54.0,52.0,68.0,42.0,7,summer,51.57142857142857,22.603928571428572
4266,1,2024-07-27 18:00:00+00:00,20.147,20.897,21.097,20.497,19.597,20.347,20.3955,70.0,71.0,52.0,55.0,64.0,81.0,52.0,7,summer,63.57142857142857,20.425357142857145
4267,1,2024-07-27 19:00:00+00:00,18.947,19.647,19.897,18.796999,17.947,19.147,19.2955,75.0,76.0,59.0,63.0,72.0,86.0,57.0,7,summer,69.71428571428571,19.09678557142857
4268,1,2024-07-27 20:00:00+00:00,17.947,17.897,18.046999,17.197,16.647,18.247,18.6455,79.0,82.0,67.0,70.0,79.0,87.0,60.0,7,summer,74.85714285714286,17.803928428571428
4269,1,2024-07-27 21:00:00+00:00,16.947,16.747,16.497,15.847,15.447,17.447,17.9955,83.0,86.0,75.0,77.0,84.0,88.0,63.0,7,summer,79.42857142857143,16.703928571428573
4270,1,2024-07-27 22:00:00+00:00,16.147,16.097,15.396999,14.797,14.297,16.697,17.345499,86.0,85.0,83.0,82.0,89.0,90.0,65.0,7,summer,82.85714285714286,15.82535685714286
4271,1,2024-07-27 23:00:00+00:00,15.797,15.447,15.047,13.997,13.347,16.097,16.7455,87.0,86.0,86.0,87.0,93.0,92.0,66.0,7,summer,85.28571428571429,15.211071428571428
4272,1,2024-07-28 00:00:00+00:00,14.597,14.797,15.297,13.047,15.047,14.447,16.1955,88.0,86.0,83.0,90.0,95.0,98.0,69.0,7,summer,87.0,14.775357142857143
4273,1,2024-07-28 01:00:00+00:00,14.146999,14.447,14.847,12.347,14.396999,13.747,15.5455,88.0,86.0,82.0,90.0,96.0,98.0,71.0,7,summer,87.28571428571429,14.211071142857142
4274,1,2024-07-28 02:00:00+00:00,13.847,14.047,14.197,11.797,13.747,13.097,14.8455,89.0,88.0,85.0,89.0,97.0,97.0,72.0,7,summer,88.14285714285714,13.653928571428569
4275,1,2024-07-28 03:00:00+00:00,13.997,13.396999,13.396999,12.146999,13.896999,13.347,14.9955,88.0,91.0,90.0,86.0,94.0,94.0,71.0,7,summer,87.71428571428571,13.596785142857142
4276,1,2024-07-28 04:00:00+00:00,14.146999,12.797,12.847,13.947,15.396999,14.997,16.4455,88.0,94.0,93.0,80.0,86.0,87.0,66.0,7,summer,84.85714285714286,14.368213999999998
4277,1,2024-07-28 05:00:00+00:00,15.646999,15.047,15.146999,16.647,17.697,17.497,18.7455,85.0,86.0,85.0,72.0,75.0,77.0,59.0,7,summer,77.0,16.63249971428571
4278,1,2024-07-28 06:00:00+00:00,19.247,19.546999,19.647,19.447,20.097,19.997,21.2955,71.0,70.0,68.0,66.0,65.0,67.0,53.0,7,summer,65.71428571428571,19.89678557142857
4279,1,2024-07-28 07:00:00+00:00,21.597,22.447,22.697,21.997,22.597,22.447,24.345499,62.0,58.0,57.0,57.0,56.0,58.0,45.0,7,summer,56.142857142857146,22.589642714285713
4280,1,2024-07-28 08:00:00+00:00,24.197,25.147,25.296999,24.546999,25.147,24.897,27.6455,52.0,47.0,47.0,47.0,47.0,49.0,37.0,7,summer,46.57142857142857,25.268213999999997
4281,1,2024-07-28 09:00:00+00:00,25.546999,27.046999,26.897,26.546999,27.097,26.647,29.9955,46.0,38.0,39.0,39.0,40.0,42.0,30.0,7,summer,39.142857142857146,27.111071
4282,1,2024-07-28 10:00:00+00:00,26.597,28.147,28.147,27.647,28.147,27.347,30.8955,42.0,34.0,35.0,35.0,36.0,38.0,26.0,7,summer,35.142857142857146,28.132499999999997
4283,1,2024-07-28 11:00:00+00:00,27.347,28.497,28.697,28.197,28.597,27.347,30.845499,39.0,33.0,33.0,32.0,33.0,36.0,23.0,7,summer,32.714285714285715,28.50392842857143
4284,1,2024-07-28 12:00:00+00:00,27.697,28.397,28.447,28.847,27.947,29.097,29.6955,37.0,34.0,34.0,30.0,32.0,28.0,24.0,7,summer,31.285714285714285,28.58964285714286
4285,1,2024-07-28 13:00:00+00:00,27.546999,27.947,28.597,28.647,27.697,28.796999,28.6455,36.0,34.0,32.0,29.0,32.0,28.0,27.0,7,summer,31.142857142857142,28.268214
4286,1,2024-07-28 14:00:00+00:00,27.097,27.597,27.447,28.046999,27.197,28.046999,27.0455,36.0,35.0,36.0,30.0,34.0,30.0,31.0,7,summer,33.142857142857146,27.496785428571428
4287,1,2024-07-28 15:00:00+00:00,26.247,26.796999,24.546999,26.947,26.197,26.897,25.4955,38.0,36.0,52.0,34.0,38.0,34.0,36.0,7,summer,38.285714285714285,26.16107114285714
4288,1,2024-07-28 16:00:00+00:00,23.447,23.347,22.947,25.046999,24.497,25.197,24.095499,57.0,61.0,63.0,44.0,44.0,41.0,43.0,7,summer,50.42857142857143,24.082499714285714
4289,1,2024-07-28 17:00:00+00:00,21.697,21.247,21.247,22.697,22.347,23.046999,22.7455,67.0,69.0,73.0,58.0,52.0,50.0,50.0,7,summer,59.857142857142854,22.146785571428573
4290,1,2024-07-28 18:00:00+00:00,20.747,20.296999,19.796999,20.796999,20.447,21.097,21.595499,76.0,76.0,80.0,73.0,59.0,58.0,54.0,7,summer,68.0,20.682499428571425
4291,1,2024-07-28 19:00:00+00:00,19.747,19.296999,19.197,19.697,18.897,19.397,20.9955,81.0,82.0,81.0,79.0,66.0,66.0,58.0,7,summer,73.28571428571429,19.60392842857143
4292,1,2024-07-28 20:00:00+00:00,18.747,19.147,18.697,19.046999,17.597,17.847,20.6455,86.0,82.0,84.0,81.0,73.0,73.0,60.0,7,summer,77.0,18.81821414285714
4293,1,2024-07-28 21:00:00+00:00,17.847,18.747,17.796999,18.397,16.697,16.647,20.2955,92.0,85.0,89.0,84.0,78.0,79.0,62.0,7,summer,81.28571428571429,18.061071285714288
4294,1,2024-07-28 22:00:00+00:00,17.546999,18.097,16.697,17.597,16.497,16.047,19.7955,93.0,88.0,95.0,88.0,80.0,82.0,63.0,7,summer,84.14285714285714,17.468214142857143
4295,1,2024-07-28 23:00:00+00:00,17.747,16.697,16.147,16.796999,16.697,15.847,19.2955,91.0,95.0,96.0,93.0,79.0,83.0,62.0,7,summer,85.57142857142857,17.03249985714286
4296,1,2024-07-29 00:00:00+00:00,16.347,16.447,15.697,15.896999,17.247,16.947,16.7955,93.0,93.0,90.0,98.0,84.0,83.0,73.0,7,summer,87.71428571428571,16.48249985714286
4297,1,2024-07-29 01:00:00+00:00,16.247,16.097,15.297,15.097,16.347,16.047,16.3955,91.0,93.0,85.0,96.0,86.0,87.0,73.0,7,summer,87.28571428571429,15.932500000000001
4298,1,2024-07-29 02:00:00+00:00,15.947,15.797,14.597,14.347,15.497,15.097,16.1455,89.0,91.0,82.0,93.0,85.0,90.0,72.0,7,summer,86.0,15.346785714285714
4299,1,2024-07-29 03:00:00+00:00,15.447,15.997,14.297,14.347,15.396999,15.047,16.4955,87.0,86.0,84.0,88.0,83.0,89.0,69.0,7,summer,83.71428571428571,15.289642714285716
4300,1,2024-07-29 04:00:00+00:00,14.896999,15.697,14.047,15.497,16.497,16.347,17.6955,87.0,84.0,87.0,82.0,78.0,83.0,64.0,7,summer,80.71428571428571,15.811071285714286
4301,1,2024-07-29 05:00:00+00:00,16.546999,17.197,15.947,17.397,18.347,18.447,19.5455,82.0,80.0,82.0,75.0,70.0,73.0,57.0,7,summer,74.14285714285714,17.632499857142857
4302,1,2024-07-29 06:00:00+00:00,19.647,20.546999,19.847,19.647,20.347,20.697,21.595499,70.0,69.0,66.0,69.0,62.0,63.0,50.0,7,summer,64.14285714285714,20.332499714285714
4303,1,2024-07-29 07:00:00+00:00,22.147,22.947,22.796999,22.046999,22.546999,23.097,24.2455,62.0,59.0,56.0,60.0,54.0,54.0,43.0,7,summer,55.42857142857143,22.83249957142857
4304,1,2024-07-29 08:00:00+00:00,24.046999,24.947,25.197,24.647,24.947,25.597,26.9955,54.0,50.0,48.0,50.0,46.0,45.0,36.0,7,summer,47.0,25.19678557142857
4305,1,2024-07-29 09:00:00+00:00,25.347,26.397,26.897,26.647,26.897,27.546999,28.8955,48.0,41.0,41.0,42.0,40.0,38.0,31.0,7,summer,40.142857142857146,26.946785571428567
4306,1,2024-07-29 10:00:00+00:00,26.296999,27.447,27.747,27.747,28.296999,28.697,29.2455,43.0,37.0,36.0,37.0,35.0,34.0,29.0,7,summer,35.857142857142854,27.925356857142855
4307,1,2024-07-29 11:00:00+00:00,27.197,27.397,28.247,28.197,29.247,29.247,28.7455,41.0,37.0,33.0,34.0,32.0,31.0,28.0,7,summer,33.714285714285715,28.32535714285714
4308,1,2024-07-29 12:00:00+00:00,27.296999,26.997,27.447,27.747,28.197,29.697,27.7955,39.0,42.0,37.0,36.0,33.0,29.0,28.0,7,summer,34.857142857142854,27.882499857142857
4309,1,2024-07-29 13:00:00+00:00,25.997,27.097,27.296999,26.847,28.046999,29.497,26.7955,47.0,41.0,37.0,42.0,32.0,28.0,29.0,7,summer,36.57142857142857,27.368214
4310,1,2024-07-29 14:00:00+00:00,24.147,26.697,27.147,25.447,27.597,28.796999,25.3955,61.0,41.0,37.0,51.0,33.0,29.0,32.0,7,summer,40.57142857142857,26.461071285714286
4311,1,2024-07-29 15:00:00+00:00,23.447,25.796999,26.546999,23.997,26.697,27.647,23.9955,62.0,42.0,37.0,60.0,36.0,33.0,37.0,7,summer,43.857142857142854,25.446785428571427
4312,1,2024-07-29 16:00:00+00:00,21.796999,23.997,23.097,22.497,25.147,25.796999,22.595499,74.0,47.0,61.0,67.0,43.0,41.0,44.0,7,summer,53.857142857142854,23.561071
4313,1,2024-07-29 17:00:00+00:00,20.897,21.997,21.447,20.947,23.147,23.447,21.1455,80.0,61.0,68.0,75.0,52.0,52.0,53.0,7,summer,63.0,21.861071428571428
4314,1,2024-07-29 18:00:00+00:00,19.046999,19.097,21.546999,19.747,21.447,21.447,17.9955,91.0,87.0,66.0,81.0,61.0,62.0,74.0,7,summer,74.57142857142857,20.04678542857143
4315,1,2024-07-29 19:00:00+00:00,18.147,18.997,19.997,19.397,20.447,20.147,17.595499,94.0,87.0,72.0,83.0,68.0,70.0,78.0,7,summer,78.85714285714286,19.24678557142857
4316,1,2024-07-29 20:00:00+00:00,18.147,18.897,19.197,19.497,19.697,19.197,17.7455,93.0,88.0,78.0,82.0,74.0,78.0,78.0,7,summer,81.57142857142857,18.91107142857143
4317,1,2024-07-29 21:00:00+00:00,18.147,18.697,18.546999,19.447,18.897,18.347,17.8955,92.0,88.0,82.0,82.0,79.0,84.0,79.0,7,summer,83.71428571428571,18.56821414285714
4318,1,2024-07-29 22:00:00+00:00,17.997,18.347,17.647,19.097,17.697,17.497,17.7455,93.0,90.0,87.0,84.0,82.0,88.0,80.0,7,summer,86.28571428571429,18.00392857142857
4319,1,2024-07-29 23:00:00+00:00,17.997,18.197,16.697,18.697,16.397,16.747,17.5455,92.0,91.0,91.0,87.0,84.0,91.0,80.0,7,summer,88.0,17.46821428571429
4320,1,2024-07-30 00:00:00+00:00,17.296999,17.597,17.847,17.947,17.546999,17.697,15.8955,95.0,86.0,85.0,89.0,90.0,90.0,79.0,7,summer,87.71428571428571,17.403928285714287
4321,1,2024-07-30 01:00:00+00:00,16.997,17.347,17.796999,17.247,17.046999,17.046999,15.3455,95.0,87.0,81.0,87.0,90.0,88.0,81.0,7,summer,87.0,16.975356714285716
4322,1,2024-07-30 02:00:00+00:00,16.697,17.296999,17.647,16.546999,16.546999,16.296999,14.7955,95.0,90.0,78.0,84.0,88.0,85.0,82.0,7,summer,86.0,16.546785142857143
4323,1,2024-07-30 03:00:00+00:00,16.197,17.296999,16.847,16.347,16.647,16.197,15.0955,95.0,91.0,81.0,80.0,84.0,81.0,80.0,7,summer,84.57142857142857,16.375357
4324,1,2024-07-30 04:00:00+00:00,15.947,17.247,16.296999,16.847,17.497,17.147,16.6955,95.0,90.0,86.0,77.0,78.0,76.0,73.0,7,summer,82.14285714285714,16.811071285714284
4325,1,2024-07-30 05:00:00+00:00,17.147,18.046999,17.747,17.847,18.947,18.796999,19.1455,92.0,86.0,81.0,74.0,70.0,70.0,62.0,7,summer,76.42857142857143,18.239642571428572
4326,1,2024-07-30 06:00:00+00:00,19.647,19.147,20.347,19.597,20.546999,20.597,21.6955,82.0,84.0,69.0,70.0,62.0,63.0,53.0,7,summer,69.0,20.225357000000002
4327,1,2024-07-30 07:00:00+00:00,22.046999,20.296999,22.447,21.897,22.546999,22.747,24.0455,73.0,79.0,59.0,61.0,54.0,55.0,46.0,7,summer,61.0,22.289642428571426
4328,1,2024-07-30 08:00:00+00:00,23.747,21.397,24.747,24.447,24.747,25.147,26.4955,61.0,75.0,51.0,50.0,47.0,46.0,40.0,7,summer,52.857142857142854,24.389642857142857
4329,1,2024-07-30 09:00:00+00:00,24.847,22.097,26.447,26.397,26.397,26.847,28.1955,55.0,72.0,44.0,42.0,41.0,40.0,35.0,7,summer,47.0,25.88964285714286
4330,1,2024-07-30 10:00:00+00:00,25.597,22.497,26.847,27.296999,27.046999,27.497,28.7455,52.0,69.0,38.0,38.0,37.0,37.0,32.0,7,summer,43.285714285714285,26.503928285714284
4331,1,2024-07-30 11:00:00+00:00,25.847,22.947,27.447,27.546999,27.147,27.497,28.5455,50.0,67.0,36.0,35.0,34.0,36.0,30.0,7,summer,41.142857142857146,26.71107128571429
4332,1,2024-07-30 12:00:00+00:00,25.796999,24.697,27.747,28.097,27.347,29.597,29.595499,51.0,58.0,36.0,31.0,33.0,26.0,25.0,7,summer,37.142857142857146,27.553928285714285
4333,1,2024-07-30 13:00:00+00:00,25.796999,24.296999,27.697,27.947,26.947,29.597,28.845499,46.0,61.0,35.0,31.0,36.0,25.0,27.0,7,summer,37.285714285714285,27.303928142857142
4334,1,2024-07-30 14:00:00+00:00,25.697,23.296999,27.347,27.497,26.247,29.296999,27.595499,43.0,66.0,34.0,32.0,41.0,24.0,31.0,7,summer,38.714285714285715,26.711071
4335,1,2024-07-30 15:00:00+00:00,24.847,22.296999,25.947,26.597,25.247,28.296999,26.1955,46.0,70.0,40.0,34.0,45.0,26.0,36.0,7,summer,42.42857142857143,25.63249971428571
4336,1,2024-07-30 16:00:00+00:00,22.997,20.597,23.546999,25.097,23.647,26.296999,24.6455,55.0,81.0,53.0,39.0,48.0,32.0,42.0,7,summer,50.0,23.832499714285714
4337,1,2024-07-30 17:00:00+00:00,21.647,19.847,22.147,23.097,21.747,23.697,22.9455,64.0,87.0,54.0,45.0,50.0,40.0,49.0,7,summer,55.57142857142857,22.16107142857143
4338,1,2024-07-30 18:00:00+00:00,19.347,19.847,20.697,20.546999,20.046999,21.197,19.2955,87.0,86.0,69.0,71.0,53.0,49.0,58.0,7,summer,67.57142857142857,20.13964257142857
4339,1,2024-07-30 19:00:00+00:00,18.947,19.497,19.747,19.147,18.897,19.046999,18.4955,89.0,88.0,69.0,74.0,55.0,57.0,62.0,7,summer,70.57142857142857,19.11107128571428
4340,1,2024-07-30 20:00:00+00:00,18.747,19.097,18.697,17.897,18.046999,16.997,18.095499,91.0,87.0,73.0,75.0,58.0,65.0,65.0,7,summer,73.42857142857143,18.225356857142856
4341,1,2024-07-30 21:00:00+00:00,18.647,18.497,17.647,16.847,17.147,15.447,17.6955,92.0,89.0,77.0,76.0,61.0,72.0,67.0,7,summer,76.28571428571429,17.418214285714285
4342,1,2024-07-30 22:00:00+00:00,18.747,17.847,16.847,15.997,16.097,14.547,17.2455,84.0,88.0,81.0,77.0,67.0,77.0,67.0,7,summer,77.28571428571429,16.761071428571427
4343,1,2024-07-30 23:00:00+00:00,18.447,17.097,16.097,15.347,15.047,14.146999,16.845499,76.0,84.0,85.0,79.0,73.0,80.0,66.0,7,summer,77.57142857142857,16.146785428571427
4344,1,2024-07-31 00:00:00+00:00,16.847,16.997,16.047,14.997,13.697,13.047,17.095499,80.0,80.0,82.0,74.0,78.0,80.0,64.0,7,summer,76.85714285714286,15.532499857142858
4345,1,2024-07-31 01:00:00+00:00,16.097,16.347,15.497,14.097,12.896999,12.497,16.2455,81.0,82.0,84.0,77.0,81.0,83.0,67.0,7,summer,79.28571428571429,14.811071285714288
4346,1,2024-07-31 02:00:00+00:00,15.497,16.047,15.197,13.247,12.347,12.047,15.2455,82.0,82.0,85.0,82.0,82.0,86.0,71.0,7,summer,81.42857142857143,14.2325
4347,1,2024-07-31 03:00:00+00:00,15.047,15.896999,14.797,13.297,12.597,12.396999,15.195499,83.0,81.0,87.0,83.0,81.0,86.0,72.0,7,summer,81.85714285714286,14.175356714285712
4348,1,2024-07-31 04:00:00+00:00,14.847,15.847,14.396999,14.747,14.146999,13.847,16.5455,84.0,79.0,88.0,78.0,75.0,81.0,67.0,7,summer,78.85714285714286,14.911071142857141
4349,1,2024-07-31 05:00:00+00:00,15.947,17.046999,15.747,17.097,16.597,15.997,18.7455,83.0,77.0,84.0,69.0,66.0,73.0,59.0,7,summer,73.0,16.739642714285715
4350,1,2024-07-31 06:00:00+00:00,17.796999,18.747,18.897,19.447,19.147,18.296999,20.8955,75.0,65.0,74.0,58.0,58.0,65.0,52.0,7,summer,63.857142857142854,19.032499714285713
4351,1,2024-07-31 07:00:00+00:00,19.647,20.747,20.796999,22.046999,21.847,20.647,23.4955,65.0,54.0,66.0,50.0,50.0,57.0,45.0,7,summer,55.285714285714285,21.318214
4352,1,2024-07-31 08:00:00+00:00,21.447,22.647,22.497,24.847,24.747,23.147,26.3955,57.0,50.0,62.0,41.0,43.0,49.0,37.0,7,summer,48.42857142857143,23.67535714285714
4353,1,2024-07-31 09:00:00+00:00,23.747,24.397,23.997,26.997,26.997,25.097,28.4955,52.0,48.0,58.0,35.0,37.0,42.0,31.0,7,summer,43.285714285714285,25.67535714285714
4354,1,2024-07-31 10:00:00+00:00,25.597,26.097,25.097,28.296999,28.397,26.397,29.3955,46.0,45.0,53.0,31.0,32.0,37.0,27.0,7,summer,38.714285714285715,27.039642714285712
4355,1,2024-07-31 11:00:00+00:00,26.546999,27.497,25.796999,28.997,29.197,27.197,29.5455,39.0,37.0,48.0,29.0,29.0,34.0,25.0,7,summer,34.42857142857143,27.825356857142857
4356,1,2024-07-31 12:00:00+00:00,28.197,28.296999,27.447,28.897,28.497,28.847,29.7955,32.0,31.0,38.0,28.0,29.0,28.0,24.0,7,summer,30.0,28.56821414285714
4357,1,2024-07-31 13:00:00+00:00,28.147,28.597,27.296999,28.997,28.497,28.947,27.9455,32.0,26.0,37.0,26.0,28.0,26.0,29.0,7,summer,29.142857142857142,28.346785571428573
4358,1,2024-07-31 14:00:00+00:00,27.546999,28.296999,26.747,28.747,28.197,28.647,25.1455,30.0,23.0,36.0,24.0,28.0,26.0,37.0,7,summer,29.142857142857142,27.618214
4359,1,2024-07-31 15:00:00+00:00,26.697,27.296999,25.647,27.747,27.296999,27.546999,22.9955,33.0,25.0,41.0,26.0,30.0,28.0,43.0,7,summer,32.285714285714285,26.461071
4360,1,2024-07-31 16:00:00+00:00,23.647,23.347,23.296999,25.447,25.296999,25.147,22.2455,44.0,38.0,56.0,33.0,36.0,36.0,45.0,7,summer,41.142857142857146,24.06107114285714
4361,1,2024-07-31 17:00:00+00:00,21.397,20.447,21.296999,22.397,22.697,22.046999,22.095499,48.0,46.0,59.0,43.0,44.0,46.0,44.0,7,summer,47.142857142857146,21.768213857142854
4362,1,2024-07-31 18:00:00+00:00,19.347,19.097,19.347,19.597,20.497,19.497,21.3955,58.0,57.0,57.0,57.0,51.0,54.0,58.0,7,summer,56.0,19.825357142857143
4363,1,2024-07-31 19:00:00+00:00,17.997,18.347,18.647,18.247,19.296999,18.197,20.7955,64.0,64.0,63.0,63.0,54.0,56.0,58.0,7,summer,60.285714285714285,18.789642714285716
4364,1,2024-07-31 20:00:00+00:00,17.447,17.796999,18.147,17.347,18.546999,17.546999,20.1955,63.0,64.0,65.0,68.0,56.0,56.0,56.0,7,summer,61.142857142857146,18.146785285714284
4365,1,2024-07-31 21:00:00+00:00,17.296999,17.147,17.447,16.497,17.697,16.796999,19.595499,57.0,65.0,66.0,73.0,59.0,57.0,56.0,7,summer,61.857142857142854,17.496785285714285
4366,1,2024-07-31 22:00:00+00:00,16.247,16.296999,16.147,15.497,16.546999,15.747,18.8955,63.0,70.0,72.0,78.0,63.0,60.0,59.0,7,summer,66.42857142857143,16.482499714285712
4367,1,2024-07-31 23:00:00+00:00,15.047,15.547,14.896999,14.497,15.347,14.646999,18.1455,72.0,73.0,78.0,83.0,68.0,64.0,62.0,7,summer,71.42857142857143,15.446785428571427
4368,1,2024-08-01 00:00:00+00:00,14.697,14.247,14.347,13.797,13.797,14.347,17.9955,78.0,81.0,79.0,85.0,76.0,71.0,66.0,8,summer,76.57142857142857,14.746785714285712
4369,1,2024-08-01 01:00:00+00:00,13.747,13.447,13.597,12.997,12.797,13.297,17.1455,83.0,85.0,83.0,88.0,78.0,75.0,69.0,8,summer,80.14285714285714,13.861071428571426
4370,1,2024-08-01 02:00:00+00:00,13.097,12.947,13.097,12.297,11.997,12.396999,16.1455,85.0,87.0,84.0,89.0,79.0,78.0,72.0,8,summer,82.0,13.139642714285714
4371,1,2024-08-01 03:00:00+00:00,12.646999,12.697,12.497,12.447,12.047,12.396999,15.8955,86.0,87.0,85.0,87.0,78.0,78.0,73.0,8,summer,82.0,12.946785428571427
4372,1,2024-08-01 04:00:00+00:00,12.247,12.547,12.146999,13.797,13.597,13.797,16.9455,87.0,87.0,86.0,80.0,72.0,73.0,68.0,8,summer,79.0,13.582499857142855
4373,1,2024-08-01 05:00:00+00:00,13.896999,14.197,14.247,15.947,16.047,16.097,18.7955,83.0,83.0,79.0,71.0,64.0,65.0,60.0,8,summer,72.14285714285714,15.603928428571427
4374,1,2024-08-01 06:00:00+00:00,18.046999,18.046999,17.897,17.747,18.597,18.546999,20.9955,65.0,64.0,65.0,70.0,56.0,57.0,51.0,8,summer,61.142857142857146,18.553928142857142
4375,1,2024-08-01 07:00:00+00:00,20.546999,20.447,20.497,19.847,21.247,21.097,23.6455,55.0,56.0,56.0,63.0,48.0,50.0,43.0,8,summer,53.0,21.04678557142857
4376,1,2024-08-01 08:00:00+00:00,22.997,22.847,22.897,22.197,24.046999,23.747,26.4955,49.0,51.0,49.0,56.0,41.0,43.0,35.0,8,summer,46.285714285714285,23.60392842857143
4377,1,2024-08-01 09:00:00+00:00,25.097,24.796999,24.847,24.046999,26.197,25.847,28.6955,44.0,45.0,45.0,50.0,35.0,37.0,28.0,8,summer,40.57142857142857,25.64678542857143
4378,1,2024-08-01 10:00:00+00:00,26.497,25.947,26.247,25.147,27.546999,27.147,29.9455,38.0,39.0,39.0,44.0,31.0,33.0,24.0,8,summer,35.42857142857143,26.925356999999998
4379,1,2024-08-01 11:00:00+00:00,26.796999,26.447,26.947,25.796999,28.296999,27.897,30.4955,34.0,34.0,35.0,38.0,28.0,30.0,21.0,8,summer,31.428571428571427,27.525356714285714
4380,1,2024-08-01 12:00:00+00:00,27.197,27.296999,27.647,26.647,27.997,27.747,30.8955,34.0,32.0,30.0,35.0,27.0,30.0,18.0,8,summer,29.428571428571427,27.918214142857142
4381,1,2024-08-01 13:00:00+00:00,26.997,27.197,27.197,26.647,27.897,27.097,29.845499,35.0,32.0,30.0,34.0,26.0,31.0,20.0,8,summer,29.714285714285715,27.553928428571428
4382,1,2024-08-01 14:00:00+00:00,26.747,26.796999,26.847,26.296999,27.397,25.947,28.0455,36.0,33.0,30.0,35.0,27.0,33.0,25.0,8,summer,31.285714285714285,26.868214
4383,1,2024-08-01 15:00:00+00:00,26.097,25.997,26.097,25.447,26.296999,24.447,25.9955,38.0,34.0,29.0,38.0,30.0,37.0,30.0,8,summer,33.714285714285715,25.768214142857143
4384,1,2024-08-01 16:00:00+00:00,23.597,23.847,24.046999,23.897,24.147,22.497,23.5455,49.0,46.0,39.0,44.0,36.0,42.0,36.0,8,summer,41.714285714285715,23.653928428571426
4385,1,2024-08-01 17:00:00+00:00,21.447,21.997,21.697,21.947,21.347,20.247,20.845499,52.0,52.0,51.0,51.0,44.0,49.0,43.0,8,summer,48.857142857142854,21.361071285714285
4386,1,2024-08-01 18:00:00+00:00,20.546999,20.347,20.347,20.247,18.997,18.397,18.595499,51.0,47.0,57.0,53.0,51.0,54.0,47.0,8,summer,51.42857142857143,19.63964257142857
4387,1,2024-08-01 19:00:00+00:00,19.647,19.247,19.046999,18.947,17.597,17.197,17.3955,52.0,50.0,52.0,58.0,56.0,57.0,50.0,8,summer,53.57142857142857,18.439642714285714
4388,1,2024-08-01 20:00:00+00:00,18.347,17.947,17.796999,17.947,16.597,16.397,16.595499,60.0,56.0,56.0,62.0,61.0,59.0,54.0,8,summer,58.285714285714285,17.375356857142854
4389,1,2024-08-01 21:00:00+00:00,17.046999,16.147,17.046999,16.997,15.747,15.797,15.8955,70.0,66.0,63.0,66.0,65.0,61.0,57.0,8,summer,64.0,16.382499714285714
4390,1,2024-08-01 22:00:00+00:00,16.697,15.896999,15.997,15.896999,14.947,15.547,15.195499,70.0,68.0,71.0,72.0,67.0,65.0,61.0,8,summer,67.71428571428571,15.739642428571427
4391,1,2024-08-01 23:00:00+00:00,15.247,14.047,15.097,14.847,14.247,15.497,14.5955,78.0,76.0,76.0,77.0,68.0,70.0,65.0,8,summer,72.85714285714286,14.796785714285715
4392,1,2024-08-02 00:00:00+00:00,14.547,14.047,14.447,13.396999,12.297,12.646999,13.695499,81.0,82.0,77.0,81.0,84.0,77.0,59.0,8,summer,77.28571428571429,13.58249957142857
4393,1,2024-08-02 01:00:00+00:00,14.146999,13.597,13.697,12.547,11.497,11.646999,13.0955,80.0,82.0,83.0,85.0,86.0,84.0,62.0,8,summer,80.28571428571429,12.88964257142857
4394,1,2024-08-02 02:00:00+00:00,13.396999,13.247,12.947,11.847,10.947,10.797,12.6455,78.0,79.0,89.0,88.0,86.0,91.0,65.0,8,summer,82.28571428571429,12.261071285714284
4395,1,2024-08-02 03:00:00+00:00,13.447,12.947,12.347,11.997,11.197,10.896999,12.8955,72.0,80.0,94.0,88.0,85.0,93.0,66.0,8,summer,82.57142857142857,12.246785571428571
4396,1,2024-08-02 04:00:00+00:00,13.447,12.646999,12.197,13.396999,12.747,12.646999,14.2455,73.0,85.0,94.0,84.0,82.0,87.0,65.0,8,summer,81.42857142857143,13.046785285714284
4397,1,2024-08-02 05:00:00+00:00,15.047,14.547,14.197,15.597,15.097,15.447,16.345499,74.0,83.0,88.0,77.0,76.0,77.0,61.0,8,summer,76.57142857142857,15.182499857142858
4398,1,2024-08-02 06:00:00+00:00,18.046999,18.147,18.147,17.796999,17.647,18.247,19.2955,62.0,69.0,71.0,71.0,70.0,67.0,53.0,8,summer,66.14285714285714,18.18964257142857
4399,1,2024-08-02 07:00:00+00:00,20.347,20.397,20.546999,20.247,20.347,21.046999,22.595499,56.0,61.0,61.0,63.0,62.0,58.0,44.0,8,summer,57.857142857142854,20.789642428571426
4400,1,2024-08-02 08:00:00+00:00,22.747,22.546999,22.847,22.747,23.197,23.897,26.2455,52.0,55.0,55.0,54.0,53.0,48.0,34.0,8,summer,50.142857142857146,23.461071285714286
4401,1,2024-08-02 09:00:00+00:00,24.847,24.546999,24.796999,24.647,25.397,26.097,28.8955,44.0,47.0,47.0,47.0,45.0,41.0,27.0,8,summer,42.57142857142857,25.603928285714286
4402,1,2024-08-02 10:00:00+00:00,26.197,26.046999,26.197,25.546999,26.647,27.247,29.7955,40.0,41.0,42.0,43.0,40.0,37.0,23.0,8,summer,38.0,26.811071142857145
4403,1,2024-08-02 11:00:00+00:00,26.296999,26.546999,26.796999,25.847,27.247,27.697,29.6455,39.0,38.0,38.0,41.0,36.0,35.0,22.0,8,summer,35.57142857142857,27.153928142857147
4404,1,2024-08-02 12:00:00+00:00,25.997,25.647,26.897,26.147,25.796999,27.647,28.8955,39.0,40.0,36.0,38.0,42.0,32.0,22.0,8,summer,35.57142857142857,26.71821414285714
4405,1,2024-08-02 13:00:00+00:00,26.147,25.947,26.897,26.397,26.046999,27.796999,28.2955,38.0,40.0,36.0,37.0,42.0,31.0,22.0,8,summer,35.142857142857146,26.78964257142857
4406,1,2024-08-02 14:00:00+00:00,25.947,25.897,26.546999,26.497,26.097,27.647,27.345499,37.0,40.0,36.0,36.0,42.0,31.0,24.0,8,summer,35.142857142857146,26.568213999999994
4407,1,2024-08-02 15:00:00+00:00,25.347,25.147,25.647,25.947,25.546999,26.847,25.9955,38.0,41.0,37.0,38.0,44.0,33.0,28.0,8,summer,37.0,25.782499857142856
4408,1,2024-08-02 16:00:00+00:00,22.947,23.347,23.897,24.347,23.947,24.947,23.9455,47.0,48.0,47.0,44.0,48.0,39.0,36.0,8,summer,44.142857142857146,23.911071428571432
4409,1,2024-08-02 17:00:00+00:00,21.497,21.847,21.847,22.147,21.747,22.447,21.4955,54.0,55.0,53.0,52.0,53.0,48.0,46.0,8,summer,51.57142857142857,21.861071428571424
4410,1,2024-08-02 18:00:00+00:00,19.947,20.447,20.147,20.147,19.897,20.247,21.4955,62.0,59.0,61.0,59.0,58.0,55.0,49.0,8,summer,57.57142857142857,20.3325
4411,1,2024-08-02 19:00:00+00:00,19.197,19.747,19.296999,19.097,18.847,18.747,19.9955,64.0,63.0,63.0,64.0,63.0,60.0,55.0,8,summer,61.714285714285715,19.275357000000003
4412,1,2024-08-02 20:00:00+00:00,18.497,18.847,17.947,18.296999,18.147,17.597,18.595499,67.0,67.0,70.0,69.0,67.0,63.0,60.0,8,summer,66.14285714285714,18.275356857142857
4413,1,2024-08-02 21:00:00+00:00,17.747,18.097,16.647,17.546999,17.497,16.597,17.4955,70.0,70.0,76.0,73.0,71.0,66.0,64.0,8,summer,70.0,17.375357
4414,1,2024-08-02 22:00:00+00:00,17.147,17.347,15.197,16.647,16.697,15.797,16.8955,72.0,73.0,82.0,77.0,74.0,70.0,65.0,8,summer,73.28571428571429,16.5325
4415,1,2024-08-02 23:00:00+00:00,16.296999,16.647,14.347,15.697,15.947,15.146999,16.6455,76.0,74.0,84.0,81.0,77.0,73.0,64.0,8,summer,75.57142857142857,15.818214
4416,1,2024-08-03 00:00:00+00:00,14.896999,15.097,16.247,15.197,15.747,15.197,16.8955,82.0,81.0,77.0,79.0,76.0,77.0,48.0,8,summer,74.28571428571429,15.611071285714287
4417,1,2024-08-03 01:00:00+00:00,14.097,14.747,15.247,14.247,14.797,14.247,15.8455,85.0,82.0,81.0,83.0,79.0,80.0,51.0,8,summer,77.28571428571429,14.746785714285716
4418,1,2024-08-03 02:00:00+00:00,13.847,14.197,14.146999,13.347,13.797,13.347,14.945499,85.0,84.0,85.0,86.0,83.0,83.0,55.0,8,summer,80.14285714285714,13.946785428571427
4419,1,2024-08-03 03:00:00+00:00,13.396999,13.547,13.497,13.297,13.697,13.297,14.8955,86.0,86.0,86.0,86.0,83.0,83.0,56.0,8,summer,80.85714285714286,13.661071285714286
4420,1,2024-08-03 04:00:00+00:00,12.997,13.146999,13.247,14.597,14.947,14.497,15.9955,86.0,87.0,85.0,81.0,77.0,78.0,54.0,8,summer,78.28571428571429,14.20392842857143
4421,1,2024-08-03 05:00:00+00:00,14.797,15.197,15.247,16.697,17.097,16.497,17.845499,80.0,80.0,79.0,72.0,68.0,70.0,49.0,8,summer,71.14285714285714,16.19678557142857
4422,1,2024-08-03 06:00:00+00:00,19.046999,19.147,18.597,18.897,19.347,18.747,19.6955,62.0,58.0,66.0,64.0,59.0,62.0,46.0,8,summer,59.57142857142857,19.06821414285714
4423,1,2024-08-03 07:00:00+00:00,21.296999,21.296999,21.296999,21.296999,21.796999,21.347,22.845499,55.0,53.0,55.0,56.0,52.0,55.0,39.0,8,summer,52.142857142857146,21.596784857142858
4424,1,2024-08-03 08:00:00+00:00,23.647,23.747,23.597,23.796999,24.347,24.147,26.3955,51.0,49.0,49.0,49.0,46.0,48.0,32.0,8,summer,46.285714285714285,24.23964271428571
4425,1,2024-08-03 09:00:00+00:00,25.597,25.597,25.347,25.796999,26.347,26.347,28.9955,46.0,45.0,44.0,43.0,41.0,42.0,27.0,8,summer,41.142857142857146,26.289642714285716
4426,1,2024-08-03 10:00:00+00:00,26.546999,26.897,26.097,27.046999,27.397,27.497,29.8955,41.0,41.0,40.0,39.0,38.0,38.0,24.0,8,summer,37.285714285714285,27.339642571428566
4427,1,2024-08-03 11:00:00+00:00,27.046999,27.546999,27.147,27.796999,27.897,27.997,29.7955,40.0,36.0,37.0,36.0,36.0,36.0,23.0,8,summer,34.857142857142854,27.889642428571424
4428,1,2024-08-03 12:00:00+00:00,27.347,28.347,28.197,28.497,28.397,27.497,29.3955,39.0,33.0,34.0,33.0,33.0,38.0,23.0,8,summer,33.285714285714285,28.239642857142854
4429,1,2024-08-03 13:00:00+00:00,27.296999,28.296999,28.197,28.497,28.497,27.097,28.5455,39.0,33.0,33.0,32.0,32.0,39.0,25.0,8,summer,33.285714285714285,28.061071142857145
4430,1,2024-08-03 14:00:00+00:00,26.847,28.046999,27.897,28.147,28.247,26.197,27.095499,38.0,32.0,33.0,32.0,31.0,41.0,30.0,8,summer,33.857142857142854,27.496785428571428
4431,1,2024-08-03 15:00:00+00:00,23.997,26.697,27.197,27.247,27.447,25.147,25.4955,52.0,35.0,33.0,34.0,33.0,43.0,34.0,8,summer,37.714285714285715,26.17535714285714
4432,1,2024-08-03 16:00:00+00:00,22.546999,23.897,24.247,25.546999,25.747,23.796999,23.6455,57.0,46.0,43.0,38.0,38.0,46.0,39.0,8,summer,43.857142857142854,24.20392814285714
4433,1,2024-08-03 17:00:00+00:00,21.197,22.247,22.197,23.296999,23.497,22.247,21.595499,60.0,50.0,47.0,45.0,45.0,49.0,44.0,8,summer,48.57142857142857,22.325356857142857
4434,1,2024-08-03 18:00:00+00:00,19.546999,20.747,20.847,21.147,21.647,20.947,20.7955,65.0,54.0,52.0,52.0,51.0,52.0,45.0,8,summer,53.0,20.811071285714288
4435,1,2024-08-03 19:00:00+00:00,18.697,19.997,19.747,19.997,20.796999,20.147,19.3955,69.0,55.0,56.0,57.0,54.0,53.0,48.0,8,summer,56.0,19.825357
4436,1,2024-08-03 20:00:00+00:00,18.497,19.147,18.897,19.247,20.347,19.597,17.9455,71.0,58.0,60.0,60.0,56.0,54.0,53.0,8,summer,58.857142857142854,19.096785714285716
4437,1,2024-08-03 21:00:00+00:00,18.097,18.247,18.197,18.546999,19.697,18.947,16.6955,72.0,63.0,64.0,64.0,58.0,56.0,56.0,8,summer,61.857142857142854,18.346785571428573
4438,1,2024-08-03 22:00:00+00:00,16.997,17.397,17.647,17.697,18.546999,18.147,15.8955,77.0,67.0,67.0,68.0,62.0,60.0,58.0,8,summer,65.57142857142857,17.475357
4439,1,2024-08-03 23:00:00+00:00,16.047,16.347,16.947,16.847,17.197,17.247,15.3455,81.0,72.0,71.0,71.0,67.0,65.0,59.0,8,summer,69.42857142857143,16.568214285714287
4440,1,2024-08-04 00:00:00+00:00,14.747,15.197,16.147,16.447,15.646999,16.147,16.1955,86.0,78.0,75.0,72.0,68.0,71.0,62.0,8,summer,73.14285714285714,15.789642714285714
4441,1,2024-08-04 01:00:00+00:00,14.197,14.447,15.497,15.447,14.747,15.047,15.3955,87.0,81.0,77.0,76.0,71.0,77.0,64.0,8,summer,76.14285714285714,14.968214285714284
4442,1,2024-08-04 02:00:00+00:00,13.797,13.896999,14.847,14.547,14.047,13.997,14.695499,88.0,83.0,79.0,79.0,74.0,82.0,66.0,8,summer,78.71428571428571,14.261071142857142
4443,1,2024-08-04 03:00:00+00:00,13.396999,13.447,14.396999,14.396999,14.047,13.896999,14.7955,89.0,84.0,80.0,80.0,75.0,83.0,66.0,8,summer,79.57142857142857,14.053927999999999
4444,1,2024-08-04 04:00:00+00:00,13.396999,13.097,13.997,15.447,15.146999,15.197,16.1455,88.0,85.0,82.0,76.0,73.0,78.0,61.0,8,summer,77.57142857142857,14.632499714285714
4445,1,2024-08-04 05:00:00+00:00,15.497,15.146999,16.047,17.296999,16.947,17.347,18.345499,80.0,79.0,76.0,68.0,68.0,70.0,54.0,8,summer,70.71428571428571,16.661071000000003
4446,1,2024-08-04 06:00:00+00:00,18.796999,18.747,18.947,19.147,18.947,19.647,20.3955,66.0,64.0,61.0,62.0,63.0,62.0,53.0,8,summer,61.57142857142857,19.23249985714286
4447,1,2024-08-04 07:00:00+00:00,21.046999,21.046999,21.397,21.546999,21.296999,22.046999,23.1955,58.0,57.0,55.0,55.0,56.0,55.0,45.0,8,summer,54.42857142857143,21.653927857142858
4448,1,2024-08-04 08:00:00+00:00,23.347,23.497,23.997,24.147,23.796999,24.597,26.1955,53.0,52.0,49.0,49.0,48.0,47.0,37.0,8,summer,47.857142857142854,24.225357000000002
4449,1,2024-08-04 09:00:00+00:00,25.296999,25.597,26.147,26.247,25.847,26.597,28.4955,46.0,46.0,43.0,43.0,42.0,41.0,31.0,8,summer,41.714285714285715,26.31821414285714
4450,1,2024-08-04 10:00:00+00:00,26.296999,27.046999,27.546999,27.497,27.046999,27.747,29.6455,41.0,40.0,39.0,38.0,39.0,37.0,27.0,8,summer,37.285714285714285,27.546785142857146
4451,1,2024-08-04 11:00:00+00:00,27.046999,27.847,28.097,28.197,27.697,28.397,30.0455,37.0,36.0,34.0,34.0,37.0,34.0,26.0,8,summer,34.0,28.189642714285714
4452,1,2024-08-04 12:00:00+00:00,27.296999,27.647,28.296999,28.747,28.597,28.347,30.3955,35.0,36.0,31.0,30.0,32.0,32.0,22.0,8,summer,31.142857142857142,28.475356857142856
4453,1,2024-08-04 13:00:00+00:00,27.296999,27.697,28.247,28.747,28.546999,28.447,28.6955,34.0,35.0,31.0,28.0,31.0,31.0,28.0,8,summer,31.142857142857142,28.239642571428572
4454,1,2024-08-04 14:00:00+00:00,27.197,27.546999,27.897,28.296999,28.147,28.197,26.1455,34.0,34.0,31.0,28.0,31.0,31.0,36.0,8,summer,32.142857142857146,27.63249971428571
4455,1,2024-08-04 15:00:00+00:00,26.546999,26.697,27.046999,27.397,27.347,27.347,24.095499,33.0,34.0,32.0,30.0,33.0,33.0,43.0,8,summer,34.0,26.639642428571428
4456,1,2024-08-04 16:00:00+00:00,24.247,24.447,25.147,25.697,25.847,25.497,23.0455,40.0,39.0,38.0,36.0,37.0,39.0,44.0,8,summer,39.0,24.846785714285716
4457,1,2024-08-04 17:00:00+00:00,21.947,21.997,23.097,23.497,23.847,23.046999,22.4955,51.0,46.0,46.0,45.0,43.0,46.0,44.0,8,summer,45.857142857142854,22.84678557142857
4458,1,2024-08-04 18:00:00+00:00,20.046999,20.296999,20.597,21.546999,22.197,20.997,19.595499,59.0,53.0,51.0,49.0,49.0,53.0,60.0,8,summer,53.42857142857143,20.753928000000002
4459,1,2024-08-04 19:00:00+00:00,18.847,18.847,19.397,20.147,21.147,19.796999,19.5455,59.0,57.0,49.0,53.0,54.0,58.0,60.0,8,summer,55.714285714285715,19.675356999999998
4460,1,2024-08-04 20:00:00+00:00,17.796999,17.796999,18.546999,19.046999,20.397,19.046999,20.095499,62.0,58.0,52.0,57.0,59.0,62.0,57.0,8,summer,58.142857142857146,18.961070571428568
4461,1,2024-08-04 21:00:00+00:00,16.697,16.647,16.847,18.147,19.647,18.347,20.3955,67.0,63.0,60.0,60.0,63.0,66.0,56.0,8,summer,62.142857142857146,18.103928571428572
4462,1,2024-08-04 22:00:00+00:00,16.296999,15.547,15.646999,17.447,18.796999,17.597,20.095499,68.0,68.0,65.0,63.0,66.0,70.0,57.0,8,summer,65.28571428571429,17.346785142857144
4463,1,2024-08-04 23:00:00+00:00,14.947,14.197,14.247,16.997,17.947,16.947,19.5455,73.0,75.0,73.0,67.0,69.0,74.0,59.0,8,summer,70.0,16.403928571428573
4464,1,2024-08-05 00:00:00+00:00,15.447,12.997,13.396999,16.097,18.147,16.497,19.6955,79.0,84.0,84.0,73.0,73.0,71.0,60.0,8,summer,74.85714285714286,16.039642714285712
4465,1,2024-08-05 01:00:00+00:00,15.097,12.797,12.747,14.896999,17.147,15.347,18.4455,78.0,84.0,87.0,78.0,75.0,77.0,64.0,8,summer,77.57142857142857,15.211071285714285
4466,1,2024-08-05 02:00:00+00:00,14.597,12.547,12.146999,13.697,16.047,14.297,16.8955,78.0,85.0,88.0,84.0,77.0,83.0,71.0,8,summer,80.85714285714286,14.318214142857142
4467,1,2024-08-05 03:00:00+00:00,13.747,12.197,11.646999,13.447,15.747,14.146999,16.2955,81.0,87.0,89.0,85.0,77.0,86.0,73.0,8,summer,82.57142857142857,13.88964257142857
4468,1,2024-08-05 04:00:00+00:00,12.997,11.947,11.396999,14.747,16.597,15.297,17.1955,85.0,88.0,89.0,80.0,72.0,82.0,69.0,8,summer,80.71428571428571,14.311071285714286
4469,1,2024-08-05 05:00:00+00:00,14.797,13.947,13.497,17.046999,18.247,17.296999,19.0455,81.0,83.0,83.0,70.0,65.0,74.0,61.0,8,summer,73.85714285714286,16.268214
4470,1,2024-08-05 06:00:00+00:00,18.296999,18.097,18.147,18.947,20.097,19.447,21.1455,65.0,65.0,64.0,62.0,58.0,66.0,52.0,8,summer,61.714285714285715,19.168214142857146
4471,1,2024-08-05 07:00:00+00:00,21.046999,21.046999,20.947,21.447,22.347,21.796999,23.9455,56.0,55.0,54.0,53.0,51.0,57.0,44.0,8,summer,52.857142857142854,21.79678528571429
4472,1,2024-08-05 08:00:00+00:00,23.546999,23.747,23.497,23.947,24.847,24.347,27.095499,48.0,46.0,46.0,45.0,44.0,47.0,36.0,8,summer,44.57142857142857,24.432499714285715
4473,1,2024-08-05 09:00:00+00:00,25.296999,25.597,25.397,25.947,26.796999,26.397,29.2955,39.0,39.0,41.0,39.0,38.0,39.0,30.0,8,summer,37.857142857142854,26.38964257142857
4474,1,2024-08-05 10:00:00+00:00,26.546999,26.847,26.647,27.197,27.747,27.747,30.095499,34.0,35.0,36.0,35.0,34.0,35.0,26.0,8,summer,33.57142857142857,27.546785428571432
4475,1,2024-08-05 11:00:00+00:00,27.347,27.497,27.647,27.897,28.147,28.597,30.0455,32.0,32.0,33.0,32.0,32.0,32.0,24.0,8,summer,31.0,28.16821428571429
4476,1,2024-08-05 12:00:00+00:00,27.947,27.447,27.947,27.847,28.796999,28.947,28.595499,31.0,33.0,31.0,32.0,29.0,31.0,28.0,8,summer,30.714285714285715,28.218213999999996
4477,1,2024-08-05 13:00:00+00:00,27.546999,27.397,27.847,27.847,28.697,28.796999,27.5455,32.0,34.0,30.0,31.0,28.0,30.0,29.0,8,summer,30.571428571428573,27.953928285714287
4478,1,2024-08-05 14:00:00+00:00,27.097,27.147,27.546999,27.497,28.147,28.147,26.0455,32.0,33.0,29.0,31.0,28.0,30.0,32.0,8,summer,30.714285714285715,27.375357
4479,1,2024-08-05 15:00:00+00:00,26.296999,26.447,26.697,26.597,27.197,27.147,24.4955,33.0,33.0,29.0,33.0,31.0,32.0,36.0,8,summer,32.42857142857143,26.411071285714286
4480,1,2024-08-05 16:00:00+00:00,23.796999,23.997,23.747,24.847,25.546999,25.546999,22.7955,40.0,40.0,39.0,39.0,40.0,36.0,44.0,8,summer,39.714285714285715,24.325356714285714
4481,1,2024-08-05 17:00:00+00:00,21.997,22.247,21.747,22.597,23.447,23.546999,21.0455,46.0,46.0,47.0,48.0,53.0,42.0,54.0,8,summer,48.0,22.375357
4482,1,2024-08-05 18:00:00+00:00,21.147,21.397,19.747,19.947,21.647,21.847,20.9955,50.0,49.0,55.0,53.0,64.0,48.0,56.0,8,summer,53.57142857142857,20.961071428571426
4483,1,2024-08-05 19:00:00+00:00,19.947,20.046999,19.197,18.947,20.497,20.847,20.0455,61.0,61.0,59.0,59.0,72.0,54.0,62.0,8,summer,61.142857142857146,19.932499857142858
4484,1,2024-08-05 20:00:00+00:00,19.796999,19.397,18.697,18.546999,19.597,20.197,19.1455,62.0,67.0,63.0,63.0,77.0,59.0,67.0,8,summer,65.42857142857143,19.339642571428573
4485,1,2024-08-05 21:00:00+00:00,19.147,18.397,18.397,18.097,18.897,19.497,18.3955,65.0,76.0,67.0,67.0,82.0,64.0,71.0,8,summer,70.28571428571429,18.689642857142854
4486,1,2024-08-05 22:00:00+00:00,18.147,17.546999,17.347,17.397,18.347,18.597,17.9455,74.0,83.0,74.0,72.0,85.0,67.0,72.0,8,summer,75.28571428571429,17.90392842857143
4487,1,2024-08-05 23:00:00+00:00,17.046999,16.597,16.097,16.697,17.897,17.697,17.7455,81.0,87.0,80.0,77.0,87.0,69.0,70.0,8,summer,78.71428571428571,17.111071285714285
4488,1,2024-08-06 00:00:00+00:00,14.247,15.297,15.197,14.697,16.796999,17.647,17.095499,91.0,92.0,84.0,84.0,90.0,90.0,71.0,8,summer,86.0,15.853928285714288
4489,1,2024-08-06 01:00:00+00:00,13.697,14.347,14.747,13.646999,15.997,17.097,16.1955,92.0,95.0,85.0,87.0,92.0,90.0,73.0,8,summer,87.71428571428571,15.10392842857143
4490,1,2024-08-06 02:00:00+00:00,13.197,14.197,14.047,12.747,15.197,16.597,15.4955,92.0,94.0,86.0,89.0,94.0,89.0,75.0,8,summer,88.42857142857143,14.496785714285712
4491,1,2024-08-06 03:00:00+00:00,12.646999,14.047,13.347,12.747,15.197,16.647,15.5955,93.0,93.0,86.0,87.0,92.0,86.0,74.0,8,summer,87.28571428571429,14.318214142857144
4492,1,2024-08-06 04:00:00+00:00,12.197,13.697,13.146999,14.297,16.397,17.447,17.0455,93.0,92.0,86.0,80.0,85.0,81.0,68.0,8,summer,83.57142857142857,14.889642714285714
4493,1,2024-08-06 05:00:00+00:00,14.547,15.697,15.447,16.796999,18.296999,18.796999,19.345499,84.0,84.0,78.0,69.0,74.0,73.0,59.0,8,summer,74.42857142857143,16.989642285714286
4494,1,2024-08-06 06:00:00+00:00,19.397,19.296999,19.497,19.347,20.397,20.296999,21.845499,64.0,68.0,63.0,58.0,63.0,66.0,53.0,8,summer,62.142857142857146,20.011070999999998
4495,1,2024-08-06 07:00:00+00:00,22.296999,22.296999,22.347,21.796999,22.647,22.097,24.345499,52.0,54.0,54.0,49.0,53.0,59.0,46.0,8,summer,52.42857142857143,22.546785142857143
4496,1,2024-08-06 08:00:00+00:00,24.546999,24.597,24.647,24.296999,24.997,24.046999,26.9955,42.0,42.0,45.0,41.0,43.0,51.0,39.0,8,summer,43.285714285714285,24.875356714285715
4497,1,2024-08-06 09:00:00+00:00,26.147,26.147,26.197,26.247,26.947,25.597,28.9955,34.0,34.0,37.0,35.0,36.0,46.0,33.0,8,summer,36.42857142857143,26.611071428571428
4498,1,2024-08-06 10:00:00+00:00,27.296999,27.347,27.497,27.447,28.247,26.647,30.2955,31.0,30.0,32.0,31.0,32.0,43.0,27.0,8,summer,32.285714285714285,27.825356999999997
4499,1,2024-08-06 11:00:00+00:00,27.897,28.097,28.296999,28.097,29.046999,27.247,30.9955,30.0,28.0,30.0,28.0,30.0,41.0,23.0,8,summer,30.0,28.52535685714286
4500,1,2024-08-06 12:00:00+00:00,27.747,28.447,28.397,28.546999,28.296999,28.847,30.095499,30.0,29.0,30.0,28.0,30.0,31.0,24.0,8,summer,28.857142857142858,28.625356714285715
4501,1,2024-08-06 13:00:00+00:00,27.447,27.997,28.046999,28.296999,28.296999,28.847,29.3955,29.0,28.0,30.0,27.0,29.0,29.0,25.0,8,summer,28.142857142857142,28.33249957142857
4502,1,2024-08-06 14:00:00+00:00,26.897,27.397,27.447,27.546999,27.947,28.397,28.0455,28.0,28.0,29.0,27.0,29.0,29.0,30.0,8,summer,28.571428571428573,27.668214142857142
4503,1,2024-08-06 15:00:00+00:00,26.347,26.597,26.597,26.397,26.997,27.447,26.2955,29.0,30.0,31.0,29.0,32.0,32.0,36.0,8,summer,31.285714285714285,26.66821428571429
4504,1,2024-08-06 16:00:00+00:00,24.546999,24.647,24.796999,24.697,25.097,25.647,23.8955,36.0,36.0,37.0,34.0,40.0,40.0,47.0,8,summer,38.57142857142857,24.76107114285714
4505,1,2024-08-06 17:00:00+00:00,23.397,23.147,23.397,22.597,22.697,23.247,21.1455,41.0,39.0,41.0,41.0,52.0,52.0,61.0,8,summer,46.714285714285715,22.803928571428575
4506,1,2024-08-06 18:00:00+00:00,21.747,21.397,20.947,20.546999,20.697,21.296999,19.2955,51.0,57.0,57.0,50.0,62.0,63.0,69.0,8,summer,58.42857142857143,20.846785428571426
4507,1,2024-08-06 19:00:00+00:00,20.497,19.997,19.697,19.397,19.597,20.046999,18.9455,62.0,61.0,64.0,59.0,70.0,72.0,71.0,8,summer,65.57142857142857,19.739642714285715
4508,1,2024-08-06 20:00:00+00:00,19.046999,18.847,18.796999,18.597,18.997,19.197,18.7955,69.0,69.0,69.0,68.0,77.0,80.0,71.0,8,summer,71.85714285714286,18.89678542857143
4509,1,2024-08-06 21:00:00+00:00,16.796999,17.197,17.347,17.747,18.347,18.546999,18.595499,81.0,78.0,76.0,75.0,82.0,85.0,70.0,8,summer,78.14285714285714,17.796785285714286
4510,1,2024-08-06 22:00:00+00:00,15.697,16.447,16.347,16.647,17.546999,18.197,18.1955,84.0,80.0,79.0,78.0,84.0,87.0,67.0,8,summer,79.85714285714286,17.011071285714287
4511,1,2024-08-06 23:00:00+00:00,15.597,16.796999,16.047,15.547,16.796999,18.097,17.7455,78.0,71.0,75.0,78.0,84.0,86.0,62.0,8,summer,76.28571428571429,16.661071142857143
4512,1,2024-08-07 00:00:00+00:00,15.597,16.247,15.497,16.397,13.697,17.197,17.6955,75.0,72.0,75.0,72.0,82.0,74.0,48.0,8,summer,71.14285714285714,16.046785714285715
4513,1,2024-08-07 01:00:00+00:00,14.847,15.297,14.797,15.447,12.797,16.296999,16.4455,76.0,75.0,76.0,73.0,84.0,75.0,50.0,8,summer,72.71428571428571,15.132499857142857
4514,1,2024-08-07 02:00:00+00:00,14.197,14.547,14.347,14.396999,12.146999,15.297,15.1455,77.0,77.0,76.0,74.0,84.0,78.0,53.0,8,summer,74.14285714285714,14.296785428571427
4515,1,2024-08-07 03:00:00+00:00,13.697,14.146999,13.896999,14.197,12.396999,15.047,14.7955,77.0,79.0,78.0,74.0,82.0,78.0,54.0,8,summer,74.57142857142857,14.025356714285712
4516,1,2024-08-07 04:00:00+00:00,13.447,13.847,13.646999,15.297,14.097,16.147,16.0455,77.0,80.0,80.0,71.0,76.0,73.0,51.0,8,summer,72.57142857142857,14.646785571428572
4517,1,2024-08-07 05:00:00+00:00,15.646999,16.097,15.896999,17.247,16.747,17.997,18.2955,73.0,75.0,75.0,66.0,67.0,65.0,45.0,8,summer,66.57142857142857,16.84678542857143
4518,1,2024-08-07 06:00:00+00:00,19.546999,19.597,19.497,19.447,19.347,19.997,20.595499,59.0,60.0,58.0,58.0,59.0,58.0,44.0,8,summer,56.57142857142857,19.718214
4519,1,2024-08-07 07:00:00+00:00,22.046999,22.197,21.897,21.697,21.796999,22.097,23.8955,51.0,52.0,53.0,52.0,52.0,51.0,37.0,8,summer,49.714285714285715,22.232499714285716
4520,1,2024-08-07 08:00:00+00:00,24.046999,24.697,24.347,24.247,24.296999,24.347,27.595499,46.0,46.0,48.0,46.0,46.0,44.0,30.0,8,summer,43.714285714285715,24.796785285714286
4521,1,2024-08-07 09:00:00+00:00,25.796999,26.647,26.296999,26.296999,26.247,26.197,30.1955,43.0,41.0,43.0,41.0,41.0,39.0,25.0,8,summer,39.0,26.811071
4522,1,2024-08-07 10:00:00+00:00,26.997,27.697,27.497,27.597,27.497,27.497,31.095499,39.0,35.0,37.0,37.0,36.0,35.0,22.0,8,summer,34.42857142857143,27.982499857142862
4523,1,2024-08-07 11:00:00+00:00,27.796999,27.497,27.997,28.397,28.197,28.347,30.9455,36.0,35.0,34.0,33.0,33.0,33.0,21.0,8,summer,32.142857142857146,28.45392842857143
4524,1,2024-08-07 12:00:00+00:00,27.647,29.147,28.397,28.397,28.697,28.397,29.6955,36.0,30.0,32.0,32.0,30.0,29.0,22.0,8,summer,30.142857142857142,28.625357142857144
4525,1,2024-08-07 13:00:00+00:00,27.697,28.997,28.347,28.497,28.647,28.447,28.1955,35.0,29.0,31.0,30.0,28.0,27.0,26.0,8,summer,29.428571428571427,28.403928571428573
4526,1,2024-08-07 14:00:00+00:00,27.097,28.546999,28.046999,28.247,28.197,28.097,26.0455,37.0,30.0,31.0,30.0,28.0,27.0,31.0,8,summer,30.571428571428573,27.753928285714288
4527,1,2024-08-07 15:00:00+00:00,26.347,27.247,27.497,27.447,27.197,27.247,24.1955,38.0,32.0,31.0,32.0,30.0,29.0,36.0,8,summer,32.57142857142857,26.73964285714286
4528,1,2024-08-07 16:00:00+00:00,23.847,24.097,23.897,25.647,25.197,25.497,23.0455,46.0,44.0,47.0,38.0,36.0,35.0,38.0,8,summer,40.57142857142857,24.461071428571433
4529,1,2024-08-07 17:00:00+00:00,22.397,22.647,21.847,23.197,22.647,23.247,22.1955,49.0,47.0,52.0,48.0,45.0,44.0,40.0,8,summer,46.42857142857143,22.596785714285712
4530,1,2024-08-07 18:00:00+00:00,20.997,21.147,21.046999,21.097,20.546999,21.296999,19.595499,55.0,54.0,55.0,51.0,53.0,52.0,43.0,8,summer,51.857142857142854,20.818213714285715
4531,1,2024-08-07 19:00:00+00:00,20.046999,20.697,20.447,19.947,19.347,20.046999,18.595499,60.0,57.0,58.0,56.0,57.0,58.0,46.0,8,summer,56.0,19.875356714285715
4532,1,2024-08-07 20:00:00+00:00,19.497,20.046999,19.546999,19.197,18.546999,19.097,17.9455,60.0,58.0,62.0,59.0,60.0,62.0,48.0,8,summer,58.42857142857143,19.125356714285715
4533,1,2024-08-07 21:00:00+00:00,18.747,18.796999,18.497,18.497,17.796999,18.247,17.3955,63.0,63.0,65.0,63.0,63.0,66.0,50.0,8,summer,61.857142857142854,18.282499714285713
4534,1,2024-08-07 22:00:00+00:00,17.597,17.997,17.747,17.697,16.897,17.397,16.8955,69.0,66.0,66.0,67.0,67.0,70.0,52.0,8,summer,65.28571428571429,17.461071428571426
4535,1,2024-08-07 23:00:00+00:00,17.147,16.897,16.947,16.897,15.997,16.697,16.4955,70.0,71.0,70.0,71.0,72.0,73.0,54.0,8,summer,68.71428571428571,16.725357142857145
4536,1,2024-08-08 00:00:00+00:00,16.647,16.247,16.097,16.047,15.447,14.797,18.1955,70.0,71.0,75.0,73.0,77.0,77.0,51.0,8,summer,70.57142857142857,16.211071428571426
4537,1,2024-08-08 01:00:00+00:00,15.697,15.497,15.597,15.547,14.697,13.997,16.8955,74.0,74.0,77.0,75.0,81.0,79.0,56.0,8,summer,73.71428571428571,15.418214285714285
4538,1,2024-08-08 02:00:00+00:00,14.947,14.847,15.497,15.197,14.047,13.347,15.445499,78.0,78.0,78.0,76.0,85.0,81.0,61.0,8,summer,76.71428571428571,14.761071285714284
4539,1,2024-08-08 03:00:00+00:00,14.497,14.396999,15.497,15.396999,14.146999,13.547,14.9955,81.0,82.0,78.0,75.0,85.0,79.0,63.0,8,summer,77.57142857142857,14.63964242857143
4540,1,2024-08-08 04:00:00+00:00,14.197,14.197,15.497,16.296999,15.297,14.947,15.945499,84.0,84.0,80.0,72.0,79.0,74.0,60.0,8,summer,76.14285714285714,15.19678542857143
4541,1,2024-08-08 05:00:00+00:00,16.247,16.497,17.046999,17.747,17.147,17.147,17.8955,80.0,78.0,77.0,66.0,70.0,66.0,53.0,8,summer,70.0,17.10392842857143
4542,1,2024-08-08 06:00:00+00:00,19.747,19.546999,19.897,19.747,19.147,19.397,20.1955,65.0,67.0,66.0,62.0,62.0,58.0,45.0,8,summer,60.714285714285715,19.668214142857142
4543,1,2024-08-08 07:00:00+00:00,22.447,22.097,21.897,21.497,21.347,21.647,23.3955,55.0,58.0,58.0,57.0,55.0,52.0,37.0,8,summer,53.142857142857146,22.04678571428571
4544,1,2024-08-08 08:00:00+00:00,24.847,24.697,23.747,23.497,23.647,23.947,26.9455,48.0,51.0,52.0,50.0,49.0,46.0,29.0,8,summer,46.42857142857143,24.475357142857145
4545,1,2024-08-08 09:00:00+00:00,26.447,26.097,25.296999,25.147,25.497,25.697,29.6955,43.0,45.0,46.0,45.0,44.0,41.0,23.0,8,summer,41.0,26.268214142857147
4546,1,2024-08-08 10:00:00+00:00,27.097,27.147,26.647,26.347,26.597,26.697,31.1455,40.0,40.0,41.0,41.0,40.0,38.0,19.0,8,summer,37.0,27.3825
4547,1,2024-08-08 11:00:00+00:00,27.447,28.147,27.447,27.296999,27.197,27.147,31.6955,38.0,37.0,37.0,38.0,38.0,35.0,18.0,8,summer,34.42857142857143,28.053928428571428
4548,1,2024-08-08 12:00:00+00:00,28.046999,28.197,28.647,28.046999,27.897,27.647,30.7955,36.0,35.0,34.0,34.0,35.0,35.0,20.0,8,summer,32.714285714285715,28.468213999999996
4549,1,2024-08-08 13:00:00+00:00,28.247,28.097,28.647,28.147,27.997,27.796999,28.7955,35.0,36.0,33.0,33.0,34.0,34.0,25.0,8,summer,32.857142857142854,28.24678557142857
4550,1,2024-08-08 14:00:00+00:00,27.897,27.897,28.397,27.847,27.697,27.647,25.7955,35.0,35.0,32.0,33.0,34.0,33.0,34.0,8,summer,33.714285714285715,27.596785714285716
4551,1,2024-08-08 15:00:00+00:00,27.247,27.197,27.647,27.046999,26.897,26.847,23.4955,35.0,35.0,33.0,36.0,36.0,35.0,40.0,8,summer,35.714285714285715,26.625357
4552,1,2024-08-08 16:00:00+00:00,24.046999,24.247,25.097,25.296999,25.197,24.997,22.6455,49.0,47.0,39.0,43.0,42.0,40.0,42.0,8,summer,43.142857142857146,24.503928285714288
4553,1,2024-08-08 17:00:00+00:00,22.197,21.247,22.497,23.046999,22.897,22.497,22.4455,57.0,64.0,52.0,52.0,51.0,48.0,42.0,8,summer,52.285714285714285,22.40392842857143
4554,1,2024-08-08 18:00:00+00:00,20.046999,21.046999,21.247,20.796999,21.046999,20.397,21.7955,78.0,61.0,60.0,59.0,58.0,55.0,44.0,8,summer,59.285714285714285,20.911070857142857
4555,1,2024-08-08 19:00:00+00:00,19.847,20.097,20.546999,19.697,19.947,19.097,21.4955,78.0,65.0,63.0,63.0,62.0,60.0,45.0,8,summer,62.285714285714285,20.10392842857143
4556,1,2024-08-08 20:00:00+00:00,19.697,19.197,19.497,19.097,19.247,18.197,21.1955,76.0,70.0,66.0,64.0,65.0,64.0,46.0,8,summer,64.42857142857143,19.446785714285713
4557,1,2024-08-08 21:00:00+00:00,19.046999,18.397,18.447,18.447,18.697,17.397,20.595499,75.0,74.0,70.0,67.0,67.0,68.0,48.0,8,summer,67.0,18.718213999999996
4558,1,2024-08-08 22:00:00+00:00,18.147,17.447,17.546999,17.697,18.247,16.546999,19.3955,77.0,78.0,74.0,71.0,70.0,73.0,53.0,8,summer,70.85714285714286,17.861071142857142
4559,1,2024-08-08 23:00:00+00:00,17.397,16.546999,16.997,16.947,17.897,15.797,17.8955,80.0,82.0,77.0,76.0,72.0,78.0,60.0,8,summer,75.0,17.06821414285714
4560,1,2024-08-09 00:00:00+00:00,15.997,16.296999,16.247,16.197,15.447,16.947,16.4955,83.0,77.0,81.0,80.0,79.0,76.0,64.0,8,summer,77.14285714285714,16.23249985714286
4561,1,2024-08-09 01:00:00+00:00,15.646999,15.597,15.747,15.747,15.297,16.647,15.445499,84.0,80.0,83.0,82.0,80.0,77.0,69.0,8,summer,79.28571428571429,15.732499714285712
4562,1,2024-08-09 02:00:00+00:00,15.597,15.447,15.297,15.497,15.547,16.497,14.6455,84.0,80.0,85.0,84.0,79.0,76.0,74.0,8,summer,80.28571428571429,15.50392857142857
4563,1,2024-08-09 03:00:00+00:00,15.547,15.547,15.347,15.747,16.097,16.747,14.6455,82.0,80.0,84.0,83.0,77.0,74.0,75.0,8,summer,79.28571428571429,15.668214285714285
4564,1,2024-08-09 04:00:00+00:00,15.646999,15.997,15.797,16.796999,17.097,17.647,15.8955,81.0,77.0,82.0,78.0,74.0,70.0,70.0,8,summer,76.0,16.411071142857143
4565,1,2024-08-09 05:00:00+00:00,17.397,17.397,17.597,18.397,18.397,18.997,17.9955,75.0,73.0,75.0,71.0,69.0,65.0,61.0,8,summer,69.85714285714286,18.025357142857143
4566,1,2024-08-09 06:00:00+00:00,19.947,19.647,20.147,20.147,19.897,20.347,20.4955,65.0,63.0,65.0,63.0,64.0,60.0,53.0,8,summer,61.857142857142854,20.089642857142856
4567,1,2024-08-09 07:00:00+00:00,22.197,21.747,22.197,21.997,21.597,21.697,23.7955,58.0,57.0,58.0,57.0,58.0,56.0,43.0,8,summer,55.285714285714285,22.175357142857145
4568,1,2024-08-09 08:00:00+00:00,24.497,24.046999,24.497,23.947,23.447,23.046999,27.3955,52.0,51.0,51.0,50.0,52.0,52.0,33.0,8,summer,48.714285714285715,24.411071142857143
4569,1,2024-08-09 09:00:00+00:00,25.697,25.847,26.046999,25.597,24.947,24.097,29.9955,45.0,45.0,44.0,45.0,47.0,49.0,26.0,8,summer,43.0,26.032499857142856
4570,1,2024-08-09 10:00:00+00:00,26.647,27.046999,27.296999,26.697,26.046999,24.747,31.095499,41.0,40.0,39.0,41.0,43.0,46.0,22.0,8,summer,38.857142857142854,27.082499428571424
4571,1,2024-08-09 11:00:00+00:00,27.447,27.947,28.046999,27.447,26.796999,25.147,31.2455,39.0,37.0,37.0,38.0,40.0,45.0,21.0,8,summer,36.714285714285715,27.725356857142856
4572,1,2024-08-09 12:00:00+00:00,27.947,27.397,28.597,28.347,28.147,26.796999,31.4955,38.0,41.0,37.0,34.0,34.0,37.0,22.0,8,summer,34.714285714285715,28.389642714285714
4573,1,2024-08-09 13:00:00+00:00,27.847,27.447,28.247,28.447,28.147,26.097,30.1955,37.0,40.0,36.0,32.0,33.0,41.0,25.0,8,summer,34.857142857142854,28.06107142857143
4574,1,2024-08-09 14:00:00+00:00,27.497,26.847,27.897,28.147,27.747,25.097,27.9955,37.0,40.0,36.0,31.0,33.0,47.0,31.0,8,summer,36.42857142857143,27.318214285714284
4575,1,2024-08-09 15:00:00+00:00,26.796999,24.447,26.997,27.296999,26.897,23.997,25.7955,38.0,49.0,36.0,33.0,35.0,52.0,38.0,8,summer,40.142857142857146,26.032499714285716
4576,1,2024-08-09 16:00:00+00:00,24.247,20.497,22.197,25.597,25.397,22.897,23.6455,50.0,75.0,63.0,39.0,41.0,56.0,47.0,8,summer,53.0,23.496785714285714
4577,1,2024-08-09 17:00:00+00:00,20.647,19.747,19.647,23.397,23.447,21.796999,21.4955,74.0,79.0,81.0,47.0,50.0,60.0,58.0,8,summer,64.14285714285714,21.453928428571427
4578,1,2024-08-09 18:00:00+00:00,19.447,19.197,19.046999,19.046999,21.697,20.796999,21.2955,81.0,87.0,85.0,88.0,59.0,63.0,60.0,8,summer,74.71428571428571,20.075356714285714
4579,1,2024-08-09 19:00:00+00:00,18.947,18.847,18.947,18.247,20.397,19.997,20.6955,86.0,87.0,82.0,92.0,68.0,66.0,62.0,8,summer,77.57142857142857,19.439642857142854
4580,1,2024-08-09 20:00:00+00:00,18.796999,18.447,18.597,18.247,19.247,19.397,20.4455,89.0,86.0,85.0,89.0,78.0,69.0,63.0,8,summer,79.85714285714286,19.025357000000003
4581,1,2024-08-09 21:00:00+00:00,18.897,18.247,18.397,18.197,18.447,18.796999,19.9955,89.0,81.0,87.0,87.0,85.0,72.0,64.0,8,summer,80.71428571428571,18.711071285714286
4582,1,2024-08-09 22:00:00+00:00,18.947,17.647,18.097,17.796999,18.046999,18.296999,18.9955,82.0,79.0,87.0,86.0,88.0,75.0,67.0,8,summer,80.57142857142857,18.261070999999998
4583,1,2024-08-09 23:00:00+00:00,18.447,16.897,17.796999,17.397,17.897,17.847,17.7955,76.0,81.0,86.0,86.0,89.0,77.0,70.0,8,summer,80.71428571428571,17.725357
4584,1,2024-08-10 00:00:00+00:00,17.847,17.796999,17.347,15.396999,17.097,17.747,17.4955,75.0,84.0,80.0,84.0,80.0,75.0,68.0,8,summer,78.0,17.246785428571428
4585,1,2024-08-10 01:00:00+00:00,17.347,17.546999,17.247,14.947,16.897,17.397,16.6455,76.0,83.0,78.0,85.0,79.0,76.0,70.0,8,summer,78.14285714285714,16.86107128571428
4586,1,2024-08-10 02:00:00+00:00,16.997,17.347,16.897,14.697,16.897,17.046999,15.8955,77.0,81.0,79.0,85.0,79.0,77.0,72.0,8,summer,78.57142857142857,16.539642714285716
4587,1,2024-08-10 03:00:00+00:00,16.597,16.947,16.897,14.947,17.147,17.147,15.8955,77.0,79.0,78.0,84.0,78.0,77.0,72.0,8,summer,77.85714285714286,16.511071428571427
4588,1,2024-08-10 04:00:00+00:00,16.247,16.647,16.947,15.797,17.597,17.796999,17.0455,76.0,79.0,77.0,79.0,76.0,74.0,67.0,8,summer,75.42857142857143,16.86821414285714
4589,1,2024-08-10 05:00:00+00:00,17.197,17.197,17.697,17.147,18.247,18.897,18.9455,76.0,79.0,76.0,72.0,72.0,69.0,59.0,8,summer,71.85714285714286,17.903928571428573
4590,1,2024-08-10 06:00:00+00:00,19.397,17.897,19.046999,18.947,19.347,20.347,21.595499,65.0,76.0,69.0,65.0,68.0,64.0,48.0,8,summer,65.0,19.51107114285714
4591,1,2024-08-10 07:00:00+00:00,21.197,19.997,20.296999,20.847,21.247,22.397,24.2955,60.0,66.0,63.0,59.0,61.0,57.0,41.0,8,summer,58.142857142857146,21.468214142857143
4592,1,2024-08-10 08:00:00+00:00,22.847,21.897,22.447,22.997,23.597,24.747,27.1455,55.0,59.0,57.0,52.0,54.0,49.0,34.0,8,summer,51.42857142857143,23.66821428571428
4593,1,2024-08-10 09:00:00+00:00,24.046999,23.747,24.447,24.796999,25.447,26.546999,29.095499,51.0,54.0,51.0,47.0,47.0,43.0,29.0,8,summer,46.0,25.44678514285714
4594,1,2024-08-10 10:00:00+00:00,25.046999,25.247,25.747,25.897,26.546999,27.347,29.7455,47.0,48.0,45.0,43.0,42.0,40.0,26.0,8,summer,41.57142857142857,26.51107114285714
4595,1,2024-08-10 11:00:00+00:00,25.447,26.097,26.647,26.597,27.197,27.597,29.5455,44.0,43.0,40.0,39.0,38.0,38.0,25.0,8,summer,38.142857142857146,27.01821428571429
4596,1,2024-08-10 12:00:00+00:00,26.647,26.947,27.247,27.597,27.897,26.897,28.7955,43.0,40.0,42.0,37.0,33.0,42.0,24.0,8,summer,37.285714285714285,27.432499999999997
4597,1,2024-08-10 13:00:00+00:00,26.697,27.147,27.147,27.747,27.897,26.097,27.6455,43.0,39.0,41.0,35.0,32.0,45.0,27.0,8,summer,37.42857142857143,27.196785714285713
4598,1,2024-08-10 14:00:00+00:00,26.497,26.947,26.897,27.497,27.597,24.647,26.2455,42.0,40.0,40.0,33.0,32.0,51.0,31.0,8,summer,38.42857142857143,26.618214285714284
4599,1,2024-08-10 15:00:00+00:00,25.697,26.597,25.947,26.697,26.747,23.247,24.8955,44.0,40.0,40.0,35.0,34.0,56.0,36.0,8,summer,40.714285714285715,25.68964285714286
4600,1,2024-08-10 16:00:00+00:00,23.497,23.997,23.296999,24.997,24.947,21.997,23.595499,53.0,49.0,51.0,41.0,40.0,59.0,42.0,8,summer,47.857142857142854,23.76107114285714
4601,1,2024-08-10 17:00:00+00:00,20.796999,22.147,21.597,22.697,22.597,20.796999,22.345499,68.0,53.0,56.0,50.0,47.0,62.0,50.0,8,summer,55.142857142857146,21.853928142857143
4602,1,2024-08-10 18:00:00+00:00,19.097,21.046999,21.046999,19.997,20.697,19.747,20.6955,84.0,57.0,58.0,65.0,54.0,65.0,60.0,8,summer,63.285714285714285,20.332499714285714
4603,1,2024-08-10 19:00:00+00:00,18.897,20.397,20.447,18.847,19.647,18.947,20.845499,85.0,61.0,59.0,69.0,58.0,67.0,57.0,8,summer,65.14285714285714,19.71821414285714
4604,1,2024-08-10 20:00:00+00:00,18.546999,19.697,19.647,17.997,18.997,18.347,21.1455,85.0,63.0,62.0,72.0,61.0,69.0,52.0,8,summer,66.28571428571429,19.19678557142857
4605,1,2024-08-10 21:00:00+00:00,18.046999,19.046999,18.497,17.197,18.347,17.747,20.9955,81.0,64.0,67.0,75.0,64.0,71.0,50.0,8,summer,67.42857142857143,18.553928285714285
4606,1,2024-08-10 22:00:00+00:00,17.296999,18.497,17.597,16.397,17.546999,17.046999,20.0455,81.0,63.0,69.0,78.0,67.0,74.0,52.0,8,summer,69.14285714285714,17.775356714285714
4607,1,2024-08-10 23:00:00+00:00,16.647,17.897,17.046999,15.697,16.796999,16.347,18.6955,84.0,64.0,70.0,81.0,69.0,76.0,57.0,8,summer,71.57142857142857,17.018213999999997
4608,1,2024-08-11 00:00:00+00:00,15.947,16.897,16.347,15.896999,16.647,16.997,17.2955,87.0,72.0,72.0,71.0,68.0,74.0,63.0,8,summer,72.42857142857143,16.575357
4609,1,2024-08-11 01:00:00+00:00,15.597,16.197,15.896999,15.247,15.447,16.397,16.1955,88.0,76.0,73.0,72.0,73.0,76.0,69.0,8,summer,75.28571428571429,15.853928428571425
4610,1,2024-08-11 02:00:00+00:00,15.297,15.697,15.497,14.697,14.197,15.947,15.3455,88.0,77.0,73.0,72.0,78.0,76.0,75.0,8,summer,77.0,15.239642857142858
4611,1,2024-08-11 03:00:00+00:00,15.097,15.347,15.247,14.747,13.896999,16.097,15.2955,88.0,78.0,75.0,71.0,80.0,75.0,77.0,8,summer,77.71428571428571,15.103928428571427
4612,1,2024-08-11 04:00:00+00:00,14.947,15.247,14.947,15.747,15.097,16.997,16.3955,87.0,77.0,77.0,68.0,75.0,71.0,73.0,8,summer,75.42857142857143,15.625357142857142
4613,1,2024-08-11 05:00:00+00:00,16.397,16.796999,16.397,17.347,17.247,18.447,18.2955,83.0,73.0,74.0,64.0,66.0,65.0,66.0,8,summer,70.14285714285714,17.275357
4614,1,2024-08-11 06:00:00+00:00,18.897,19.397,19.097,19.197,19.647,20.197,21.095499,71.0,60.0,64.0,62.0,57.0,59.0,55.0,8,summer,61.142857142857146,19.64678557142857
4615,1,2024-08-11 07:00:00+00:00,21.046999,21.847,21.847,21.747,22.347,22.497,23.8955,64.0,52.0,56.0,54.0,49.0,52.0,45.0,8,summer,53.142857142857146,22.175356999999998
4616,1,2024-08-11 08:00:00+00:00,23.296999,24.497,24.447,24.546999,25.247,25.046999,26.845499,59.0,46.0,50.0,47.0,42.0,45.0,36.0,8,summer,46.42857142857143,24.84678514285714
4617,1,2024-08-11 09:00:00+00:00,25.097,26.647,26.447,26.796999,27.546999,27.097,28.3955,53.0,41.0,42.0,40.0,36.0,39.0,31.0,8,summer,40.285714285714285,26.861071142857146
4618,1,2024-08-11 10:00:00+00:00,25.847,27.597,27.447,28.046999,28.796999,28.247,27.2455,47.0,35.0,36.0,35.0,32.0,35.0,34.0,8,summer,36.285714285714285,27.60392828571429
4619,1,2024-08-11 11:00:00+00:00,26.647,28.147,28.296999,28.747,29.397,28.847,24.595499,44.0,33.0,34.0,31.0,29.0,33.0,42.0,8,summer,35.142857142857146,27.81107114285714
4620,1,2024-08-11 12:00:00+00:00,27.296999,27.847,28.546999,29.247,29.247,29.046999,27.095499,39.0,36.0,31.0,29.0,28.0,30.0,30.0,8,summer,31.857142857142858,28.332499428571428
4621,1,2024-08-11 13:00:00+00:00,27.197,27.447,28.597,29.197,29.197,28.997,26.095499,40.0,36.0,30.0,28.0,27.0,29.0,33.0,8,summer,31.857142857142858,28.10392842857143
4622,1,2024-08-11 14:00:00+00:00,26.796999,26.847,28.296999,28.697,28.697,28.597,24.8955,40.0,38.0,31.0,29.0,28.0,29.0,38.0,8,summer,33.285714285714285,27.546785428571432
4623,1,2024-08-11 15:00:00+00:00,25.747,25.997,27.597,27.697,27.647,27.697,23.7955,43.0,39.0,31.0,31.0,31.0,31.0,42.0,8,summer,35.42857142857143,26.596785714285716
4624,1,2024-08-11 16:00:00+00:00,23.697,24.147,25.497,25.847,25.697,25.847,23.095499,57.0,49.0,38.0,35.0,36.0,36.0,43.0,8,summer,42.0,24.832499857142857
4625,1,2024-08-11 17:00:00+00:00,21.747,22.147,23.097,23.497,23.247,23.447,22.4955,62.0,55.0,48.0,41.0,43.0,43.0,44.0,8,summer,48.0,22.811071428571427
4626,1,2024-08-11 18:00:00+00:00,20.296999,20.197,21.897,21.847,21.247,21.546999,18.9955,65.0,65.0,50.0,49.0,49.0,48.0,55.0,8,summer,54.42857142857143,20.861071142857146
4627,1,2024-08-11 19:00:00+00:00,19.597,19.447,21.147,20.697,20.247,20.697,18.7955,65.0,66.0,50.0,52.0,51.0,50.0,56.0,8,summer,55.714285714285715,20.089642857142856
4628,1,2024-08-11 20:00:00+00:00,19.097,18.997,20.247,19.747,19.697,20.347,19.095499,67.0,68.0,54.0,55.0,51.0,51.0,56.0,8,summer,57.42857142857143,19.60392842857143
4629,1,2024-08-11 21:00:00+00:00,18.447,18.747,19.447,18.847,18.997,19.796999,19.095499,71.0,70.0,61.0,58.0,53.0,53.0,57.0,8,summer,60.42857142857143,19.053928285714285
4630,1,2024-08-11 22:00:00+00:00,17.397,18.147,18.497,17.796999,17.897,18.747,18.4455,76.0,72.0,65.0,61.0,58.0,56.0,61.0,8,summer,64.14285714285714,18.132499857142854
4631,1,2024-08-11 23:00:00+00:00,17.046999,17.347,17.347,16.747,16.647,17.546999,17.4955,76.0,74.0,69.0,64.0,65.0,61.0,66.0,8,summer,67.85714285714286,17.168214
4632,1,2024-08-12 00:00:00+00:00,16.546999,16.747,16.447,16.147,15.146999,14.547,16.095499,81.0,77.0,73.0,67.0,74.0,75.0,74.0,8,summer,74.42857142857143,15.953928142857142
4633,1,2024-08-12 01:00:00+00:00,16.296999,16.047,15.896999,14.997,14.197,13.447,15.3955,80.0,79.0,74.0,72.0,78.0,80.0,79.0,8,summer,77.42857142857143,15.182499714285713
4634,1,2024-08-12 02:00:00+00:00,15.997,15.747,15.896999,13.947,13.396999,12.646999,14.7455,79.0,79.0,72.0,77.0,81.0,84.0,83.0,8,summer,79.28571428571429,14.625356714285711
4635,1,2024-08-12 03:00:00+00:00,15.646999,15.047,15.497,13.747,13.497,12.797,14.8955,79.0,82.0,74.0,79.0,81.0,85.0,83.0,8,summer,80.42857142857143,14.446785571428572
4636,1,2024-08-12 04:00:00+00:00,14.697,14.646999,14.747,14.947,14.847,14.547,16.1955,83.0,83.0,79.0,76.0,77.0,80.0,77.0,8,summer,79.28571428571429,14.946785571428569
4637,1,2024-08-12 05:00:00+00:00,16.497,16.296999,16.447,16.997,17.097,17.247,18.345499,78.0,81.0,76.0,70.0,70.0,70.0,67.0,8,summer,73.14285714285714,16.989642571428572
4638,1,2024-08-12 06:00:00+00:00,19.847,19.397,19.647,19.296999,19.497,19.997,20.6955,65.0,68.0,63.0,65.0,63.0,61.0,57.0,8,summer,63.142857142857146,19.768214142857143
4639,1,2024-08-12 07:00:00+00:00,21.847,21.697,22.347,21.847,22.147,22.647,24.0455,59.0,61.0,56.0,56.0,55.0,52.0,46.0,8,summer,55.0,22.368214285714284
4640,1,2024-08-12 08:00:00+00:00,24.097,24.147,24.997,24.647,24.997,25.247,27.845499,54.0,55.0,48.0,46.0,45.0,44.0,35.0,8,summer,46.714285714285715,25.139642714285714
4641,1,2024-08-12 09:00:00+00:00,25.747,25.947,27.046999,26.847,27.197,27.296999,30.595499,45.0,47.0,39.0,38.0,38.0,37.0,26.0,8,summer,38.57142857142857,27.239642428571425
4642,1,2024-08-12 10:00:00+00:00,26.247,26.697,28.147,28.046999,28.397,28.397,31.595499,41.0,41.0,33.0,34.0,34.0,33.0,22.0,8,summer,34.0,28.218213999999996
4643,1,2024-08-12 11:00:00+00:00,26.847,27.597,28.897,28.647,28.997,28.947,31.4955,40.0,38.0,31.0,32.0,32.0,30.0,20.0,8,summer,31.857142857142858,28.775357142857143
4644,1,2024-08-12 12:00:00+00:00,27.397,27.947,28.546999,29.197,29.147,29.247,31.9955,38.0,36.0,33.0,29.0,29.0,28.0,19.0,8,summer,30.285714285714285,29.068214142857137
4645,1,2024-08-12 13:00:00+00:00,27.647,27.897,28.247,29.147,29.147,29.097,30.3955,37.0,36.0,33.0,27.0,27.0,27.0,23.0,8,summer,30.0,28.79678571428571
4646,1,2024-08-12 14:00:00+00:00,27.397,27.447,27.847,28.747,28.747,28.597,27.7955,37.0,36.0,33.0,26.0,26.0,27.0,30.0,8,summer,30.714285714285715,28.082500000000003
4647,1,2024-08-12 15:00:00+00:00,26.397,26.597,26.897,27.847,27.796999,27.546999,25.595499,38.0,37.0,34.0,28.0,28.0,29.0,36.0,8,summer,32.857142857142854,26.95392814285714
4648,1,2024-08-12 16:00:00+00:00,23.747,24.347,24.296999,26.197,25.847,25.647,24.3955,49.0,47.0,42.0,34.0,34.0,35.0,38.0,8,summer,39.857142857142854,24.925356999999998
4649,1,2024-08-12 17:00:00+00:00,21.597,22.397,22.497,24.046999,23.347,23.296999,23.595499,61.0,55.0,49.0,43.0,42.0,44.0,39.0,8,summer,47.57142857142857,22.968213857142853
4650,1,2024-08-12 18:00:00+00:00,20.847,21.147,20.796999,21.796999,21.296999,21.247,22.1955,67.0,67.0,64.0,50.0,50.0,52.0,45.0,8,summer,56.42857142857143,21.33249957142857
4651,1,2024-08-12 19:00:00+00:00,20.296999,20.397,20.447,20.796999,20.197,19.947,21.7455,71.0,67.0,63.0,55.0,57.0,58.0,46.0,8,summer,59.57142857142857,20.54678542857143
4652,1,2024-08-12 20:00:00+00:00,19.747,19.597,19.647,20.147,19.597,19.046999,21.4455,74.0,73.0,69.0,60.0,64.0,63.0,46.0,8,summer,64.14285714285714,19.889642714285717
4653,1,2024-08-12 21:00:00+00:00,19.296999,19.097,18.546999,19.497,18.997,18.247,21.095499,76.0,79.0,79.0,64.0,69.0,67.0,47.0,8,summer,68.71428571428571,19.25392814285714
4654,1,2024-08-12 22:00:00+00:00,18.296999,18.597,18.197,18.597,18.347,17.497,20.4955,80.0,82.0,80.0,68.0,70.0,70.0,48.0,8,summer,71.14285714285714,18.575357
4655,1,2024-08-12 23:00:00+00:00,17.347,18.197,17.046999,17.697,17.747,16.796999,19.7955,84.0,83.0,85.0,71.0,69.0,71.0,50.0,8,summer,73.28571428571429,17.803928285714285
4656,1,2024-08-13 00:00:00+00:00,17.097,16.997,17.397,17.247,16.097,16.897,19.1955,84.0,81.0,81.0,72.0,75.0,68.0,52.0,8,summer,73.28571428571429,17.275357142857143
4657,1,2024-08-13 01:00:00+00:00,16.697,16.347,17.097,16.247,15.396999,15.947,17.8955,83.0,83.0,77.0,74.0,75.0,70.0,57.0,8,summer,74.14285714285714,16.518214142857143
4658,1,2024-08-13 02:00:00+00:00,16.047,15.497,16.097,15.297,14.797,14.797,16.5455,85.0,84.0,79.0,75.0,74.0,74.0,63.0,8,summer,76.28571428571429,15.5825
4659,1,2024-08-13 03:00:00+00:00,15.497,14.847,15.097,15.197,14.947,14.597,16.095499,87.0,85.0,82.0,74.0,72.0,75.0,65.0,8,summer,77.14285714285714,15.182499857142858
4660,1,2024-08-13 04:00:00+00:00,15.047,14.447,14.447,16.347,16.097,15.847,17.0455,88.0,85.0,83.0,70.0,68.0,71.0,62.0,8,summer,75.28571428571429,15.61107142857143
4661,1,2024-08-13 05:00:00+00:00,16.997,16.647,16.447,18.347,17.997,17.947,18.9455,81.0,79.0,80.0,63.0,63.0,63.0,57.0,8,summer,69.42857142857143,17.618214285714284
4662,1,2024-08-13 06:00:00+00:00,20.447,19.897,20.247,20.397,20.097,20.296999,21.7955,67.0,65.0,66.0,57.0,57.0,56.0,47.0,8,summer,59.285714285714285,20.45392842857143
4663,1,2024-08-13 07:00:00+00:00,22.497,22.247,22.546999,22.796999,22.597,22.897,24.9455,59.0,57.0,58.0,50.0,50.0,49.0,40.0,8,summer,51.857142857142854,22.932499714285715
4664,1,2024-08-13 08:00:00+00:00,24.597,24.647,24.847,25.447,25.296999,25.647,28.4955,52.0,51.0,51.0,42.0,42.0,41.0,31.0,8,summer,44.285714285714285,25.56821414285714
4665,1,2024-08-13 09:00:00+00:00,25.697,26.397,26.697,27.497,27.447,27.796999,31.1955,45.0,44.0,44.0,35.0,36.0,35.0,25.0,8,summer,37.714285714285715,27.532499857142856
4666,1,2024-08-13 10:00:00+00:00,26.397,26.947,27.796999,28.647,28.697,28.947,32.6455,41.0,39.0,36.0,31.0,31.0,31.0,21.0,8,summer,32.857142857142854,28.582499857142857
4667,1,2024-08-13 11:00:00+00:00,27.397,28.147,28.046999,29.247,29.347,29.497,33.245502,38.0,35.0,31.0,28.0,28.0,29.0,19.0,8,summer,29.714285714285715,29.275357285714286
4668,1,2024-08-13 12:00:00+00:00,27.296999,28.447,28.497,29.247,29.347,28.997,32.0955,40.0,35.0,29.0,26.0,26.0,28.0,20.0,8,summer,29.142857142857142,29.132499857142857
4669,1,2024-08-13 13:00:00+00:00,27.247,28.197,28.247,28.947,29.247,28.997,30.345499,40.0,34.0,30.0,26.0,25.0,27.0,24.0,8,summer,29.428571428571427,28.74678557142857
4670,1,2024-08-13 14:00:00+00:00,27.046999,27.647,28.097,28.247,28.796999,28.697,27.7955,40.0,34.0,30.0,27.0,25.0,27.0,29.0,8,summer,30.285714285714285,28.04678542857143
4671,1,2024-08-13 15:00:00+00:00,26.546999,26.597,27.197,27.097,27.897,27.847,25.6955,40.0,37.0,30.0,29.0,27.0,28.0,34.0,8,summer,32.142857142857146,26.98249985714286
4672,1,2024-08-13 16:00:00+00:00,24.147,23.847,24.247,25.347,26.347,26.046999,24.6455,47.0,50.0,40.0,33.0,31.0,32.0,37.0,8,summer,38.57142857142857,24.94678557142857
4673,1,2024-08-13 17:00:00+00:00,22.247,22.147,22.347,23.197,24.296999,23.747,23.9955,53.0,57.0,48.0,39.0,36.0,38.0,39.0,8,summer,44.285714285714285,23.139642714285714
4674,1,2024-08-13 18:00:00+00:00,21.546999,20.997,20.997,20.897,22.447,21.947,22.2955,53.0,59.0,56.0,52.0,42.0,43.0,50.0,8,summer,50.714285714285715,21.589642714285713
4675,1,2024-08-13 19:00:00+00:00,20.897,20.447,20.197,19.747,20.897,21.197,21.9955,54.0,60.0,57.0,60.0,51.0,47.0,51.0,8,summer,54.285714285714285,20.768214285714286
4676,1,2024-08-13 20:00:00+00:00,20.347,19.847,19.296999,18.897,19.497,20.947,22.0455,58.0,63.0,63.0,67.0,60.0,50.0,50.0,8,summer,58.714285714285715,20.125357
4677,1,2024-08-13 21:00:00+00:00,19.447,19.147,18.497,18.147,18.397,20.546999,21.6955,65.0,68.0,68.0,73.0,67.0,53.0,49.0,8,summer,63.285714285714285,19.411071285714286
4678,1,2024-08-13 22:00:00+00:00,18.546999,18.347,18.197,17.447,17.796999,19.647,20.5455,70.0,74.0,71.0,76.0,68.0,56.0,49.0,8,summer,66.28571428571429,18.64678542857143
4679,1,2024-08-13 23:00:00+00:00,17.747,17.497,17.497,16.796999,17.546999,18.546999,18.9955,73.0,77.0,75.0,77.0,65.0,58.0,50.0,8,summer,67.85714285714286,17.803928142857142
4680,1,2024-08-14 00:00:00+00:00,16.997,16.647,16.296999,17.147,17.497,17.347,17.2955,74.0,75.0,78.0,75.0,64.0,63.0,52.0,8,summer,68.71428571428571,17.032499857142856
4681,1,2024-08-14 01:00:00+00:00,16.147,15.797,15.547,16.296999,17.097,16.147,16.2455,78.0,79.0,78.0,77.0,65.0,69.0,56.0,8,summer,71.71428571428571,16.182499857142854
4682,1,2024-08-14 02:00:00+00:00,15.547,15.297,15.247,15.447,16.796999,15.047,15.4955,80.0,80.0,78.0,79.0,68.0,76.0,60.0,8,summer,74.42857142857143,15.553928428571428
4683,1,2024-08-14 03:00:00+00:00,15.247,15.047,15.197,15.297,16.997,14.797,15.5955,81.0,81.0,78.0,78.0,68.0,79.0,62.0,8,summer,75.28571428571429,15.453928571428571
4684,1,2024-08-14 04:00:00+00:00,14.947,14.697,15.547,16.347,17.747,15.997,16.7955,82.0,83.0,76.0,74.0,65.0,75.0,60.0,8,summer,73.57142857142857,16.01107142857143
4685,1,2024-08-14 05:00:00+00:00,16.897,16.697,17.147,18.097,18.997,18.046999,18.7955,77.0,77.0,73.0,68.0,61.0,68.0,56.0,8,summer,68.57142857142857,17.811071285714284
4686,1,2024-08-14 06:00:00+00:00,19.747,19.796999,19.796999,19.947,20.546999,20.347,21.1955,62.0,65.0,62.0,63.0,56.0,60.0,51.0,8,summer,59.857142857142854,20.196785285714288
4687,1,2024-08-14 07:00:00+00:00,22.247,22.296999,21.897,22.097,22.747,22.897,24.6955,55.0,57.0,56.0,56.0,50.0,52.0,42.0,8,summer,52.57142857142857,22.696785571428574
4688,1,2024-08-14 08:00:00+00:00,24.697,24.697,24.497,24.347,25.296999,25.697,28.6455,49.0,51.0,50.0,48.0,43.0,43.0,33.0,8,summer,45.285714285714285,25.411071285714286
4689,1,2024-08-14 09:00:00+00:00,26.497,26.347,26.497,26.147,27.347,27.796999,31.3955,43.0,44.0,43.0,41.0,38.0,36.0,26.0,8,summer,38.714285714285715,27.432499857142858
4690,1,2024-08-14 10:00:00+00:00,27.397,27.247,27.247,27.247,28.497,28.796999,32.195503,37.0,37.0,37.0,37.0,35.0,31.0,23.0,8,summer,33.857142857142854,28.375357428571427
4691,1,2024-08-14 11:00:00+00:00,28.447,28.347,27.796999,27.847,29.097,29.147,31.7455,34.0,34.0,34.0,35.0,34.0,29.0,22.0,8,summer,31.714285714285715,28.918214142857142
4692,1,2024-08-14 12:00:00+00:00,28.647,28.497,28.447,28.546999,29.247,29.847,30.7955,34.0,35.0,34.0,31.0,28.0,27.0,24.0,8,summer,30.428571428571427,29.146785571428573
4693,1,2024-08-14 13:00:00+00:00,28.647,28.397,27.697,28.546999,29.147,29.847,28.9955,33.0,33.0,34.0,29.0,27.0,25.0,27.0,8,summer,29.714285714285715,28.75392842857143
4694,1,2024-08-14 14:00:00+00:00,28.147,27.947,27.697,28.197,28.697,29.447,26.5455,33.0,33.0,34.0,29.0,27.0,24.0,33.0,8,summer,30.428571428571427,28.096785714285716
4695,1,2024-08-14 15:00:00+00:00,27.296999,26.997,26.747,27.247,27.697,28.497,24.3955,34.0,35.0,35.0,30.0,29.0,27.0,39.0,8,summer,32.714285714285715,26.98249985714285
4696,1,2024-08-14 16:00:00+00:00,24.997,24.897,24.296999,25.347,25.796999,26.597,22.8955,41.0,42.0,44.0,35.0,36.0,35.0,46.0,8,summer,39.857142857142854,24.97535685714286
4697,1,2024-08-14 17:00:00+00:00,23.347,23.247,22.447,22.847,23.296999,24.197,21.6955,49.0,48.0,54.0,43.0,45.0,47.0,54.0,8,summer,48.57142857142857,23.011071285714287
4698,1,2024-08-14 18:00:00+00:00,20.997,21.947,21.097,20.897,21.197,22.147,22.095499,58.0,58.0,57.0,56.0,53.0,57.0,49.0,8,summer,55.42857142857143,21.48249985714285
4699,1,2024-08-14 19:00:00+00:00,20.347,21.147,19.247,19.947,19.847,20.997,21.345499,64.0,65.0,69.0,61.0,60.0,64.0,53.0,8,summer,62.285714285714285,20.411071285714286
4700,1,2024-08-14 20:00:00+00:00,19.947,20.747,17.497,19.397,18.796999,20.197,20.4955,68.0,65.0,81.0,65.0,65.0,70.0,58.0,8,summer,67.42857142857143,19.582499857142857
4701,1,2024-08-14 21:00:00+00:00,19.947,19.497,15.896999,18.747,17.897,19.497,19.6955,66.0,71.0,91.0,70.0,70.0,73.0,61.0,8,summer,71.71428571428571,18.73964271428571
4702,1,2024-08-14 22:00:00+00:00,19.247,18.097,15.497,17.697,16.997,18.697,18.9455,69.0,80.0,92.0,76.0,73.0,72.0,62.0,8,summer,74.85714285714286,17.8825
4703,1,2024-08-14 23:00:00+00:00,17.997,17.497,15.646999,16.497,16.197,17.947,18.1955,77.0,81.0,86.0,83.0,74.0,69.0,62.0,8,summer,76.0,17.139642714285717
4704,1,2024-08-15 00:00:00+00:00,17.397,17.397,15.646999,14.697,15.047,17.197,17.8955,75.0,78.0,80.0,89.0,82.0,91.0,67.0,8,summer,80.28571428571429,16.468214142857143
4705,1,2024-08-15 01:00:00+00:00,16.497,16.747,15.146999,14.197,14.297,16.147,16.9455,78.0,80.0,80.0,89.0,84.0,88.0,68.0,8,summer,81.0,15.711071285714283
4706,1,2024-08-15 02:00:00+00:00,15.797,16.097,14.847,13.747,13.597,15.146999,16.0455,80.0,83.0,82.0,88.0,86.0,82.0,69.0,8,summer,81.42857142857143,15.039642714285714
4707,1,2024-08-15 03:00:00+00:00,15.347,15.597,14.646999,14.097,13.747,15.047,16.095499,82.0,84.0,83.0,85.0,85.0,76.0,67.0,8,summer,80.28571428571429,14.939642571428573
4708,1,2024-08-15 04:00:00+00:00,15.097,15.247,14.547,15.646999,15.247,16.347,17.6455,84.0,86.0,85.0,78.0,79.0,71.0,61.0,8,summer,77.71428571428571,15.682499857142858
4709,1,2024-08-15 05:00:00+00:00,17.097,17.347,16.796999,17.947,17.597,18.497,20.0455,79.0,79.0,79.0,70.0,71.0,67.0,53.0,8,summer,71.14285714285714,17.90392842857143
4710,1,2024-08-15 06:00:00+00:00,20.447,20.647,20.147,19.997,20.046999,20.796999,22.6955,63.0,63.0,65.0,65.0,62.0,61.0,45.0,8,summer,60.57142857142857,20.682499714285715
4711,1,2024-08-15 07:00:00+00:00,22.947,23.097,22.647,22.397,22.597,23.097,25.2455,55.0,55.0,56.0,57.0,54.0,54.0,39.0,8,summer,52.857142857142854,23.146785714285716
4712,1,2024-08-15 08:00:00+00:00,25.197,25.497,25.197,24.897,25.197,25.546999,27.845499,49.0,47.0,49.0,48.0,47.0,45.0,34.0,8,summer,45.57142857142857,25.625356857142858
4713,1,2024-08-15 09:00:00+00:00,26.497,26.997,26.847,26.847,27.247,27.447,29.8955,42.0,42.0,43.0,41.0,40.0,39.0,29.0,8,summer,39.42857142857143,27.396785714285716
4714,1,2024-08-15 10:00:00+00:00,27.796999,28.097,27.497,27.997,28.447,28.697,31.2955,38.0,35.0,38.0,36.0,35.0,35.0,25.0,8,summer,34.57142857142857,28.54678557142857
4715,1,2024-08-15 11:00:00+00:00,28.497,28.747,28.546999,28.546999,29.046999,29.447,32.0455,36.0,33.0,34.0,32.0,31.0,32.0,21.0,8,summer,31.285714285714285,29.268213857142857
4716,1,2024-08-15 12:00:00+00:00,28.997,28.796999,28.796999,28.947,29.397,29.947,30.9955,34.0,32.0,33.0,32.0,25.0,26.0,25.0,8,summer,29.571428571428573,29.411071142857143
4717,1,2024-08-15 13:00:00+00:00,29.097,29.046999,29.097,28.897,29.347,29.897,28.6955,32.0,31.0,31.0,30.0,23.0,24.0,31.0,8,summer,28.857142857142858,29.15392842857143
4718,1,2024-08-15 14:00:00+00:00,28.497,28.546999,28.897,28.397,28.897,29.497,25.4455,31.0,30.0,30.0,30.0,23.0,23.0,40.0,8,summer,29.571428571428573,28.311071285714284
4719,1,2024-08-15 15:00:00+00:00,27.647,27.697,28.046999,27.397,27.897,28.546999,22.7955,32.0,31.0,29.0,32.0,26.0,25.0,49.0,8,summer,32.0,27.146785428571427
4720,1,2024-08-15 16:00:00+00:00,25.546999,25.447,25.447,25.546999,25.897,26.697,21.5455,37.0,36.0,35.0,38.0,33.0,32.0,56.0,8,summer,38.142857142857146,25.161071142857143
4721,1,2024-08-15 17:00:00+00:00,22.997,22.997,23.046999,23.197,23.347,24.347,20.8955,48.0,48.0,45.0,47.0,42.0,41.0,62.0,8,summer,47.57142857142857,22.975357000000002
4722,1,2024-08-15 18:00:00+00:00,20.497,22.546999,22.197,20.947,21.197,22.347,22.1955,84.0,52.0,53.0,54.0,50.0,49.0,54.0,8,summer,56.57142857142857,21.70392842857143
4723,1,2024-08-15 19:00:00+00:00,19.947,21.796999,21.147,19.997,19.897,21.197,21.2955,85.0,54.0,59.0,59.0,56.0,54.0,59.0,8,summer,60.857142857142854,20.75392842857143
4724,1,2024-08-15 20:00:00+00:00,19.546999,20.546999,20.097,19.497,19.046999,20.397,20.6455,87.0,60.0,68.0,63.0,61.0,57.0,64.0,8,summer,65.71428571428571,19.968213857142853
4725,1,2024-08-15 21:00:00+00:00,19.046999,19.847,19.296999,18.897,18.197,19.647,20.1955,90.0,64.0,73.0,67.0,65.0,60.0,67.0,8,summer,69.42857142857143,19.303928285714285
4726,1,2024-08-15 22:00:00+00:00,18.247,19.046999,18.647,17.947,17.147,18.796999,19.9955,92.0,67.0,72.0,72.0,70.0,64.0,67.0,8,summer,72.0,18.54678542857143
4727,1,2024-08-15 23:00:00+00:00,17.197,17.947,18.147,16.897,16.047,18.046999,19.9455,94.0,71.0,70.0,76.0,74.0,67.0,66.0,8,summer,74.0,17.746785571428568
4728,1,2024-08-16 00:00:00+00:00,16.347,16.597,16.997,17.647,15.497,16.747,18.3955,93.0,75.0,74.0,73.0,76.0,76.0,70.0,8,summer,76.71428571428571,16.889642857142857
4729,1,2024-08-16 01:00:00+00:00,15.947,15.847,16.197,16.847,14.646999,15.697,17.3955,85.0,78.0,76.0,76.0,79.0,79.0,72.0,8,summer,77.85714285714286,16.082499857142857
4730,1,2024-08-16 02:00:00+00:00,15.197,15.247,15.697,16.097,13.997,14.597,16.345499,83.0,79.0,77.0,78.0,81.0,81.0,76.0,8,summer,79.28571428571429,15.311071285714286
4731,1,2024-08-16 03:00:00+00:00,14.646999,14.597,15.197,15.997,14.197,14.447,16.1955,85.0,82.0,78.0,78.0,80.0,81.0,76.0,8,summer,80.0,15.039642714285714
4732,1,2024-08-16 04:00:00+00:00,14.447,14.347,14.847,16.947,15.797,15.847,17.4955,86.0,83.0,81.0,74.0,75.0,76.0,70.0,8,summer,77.85714285714286,15.675357142857141
4733,1,2024-08-16 05:00:00+00:00,16.796999,16.647,17.097,18.597,18.296999,18.247,19.6455,79.0,76.0,75.0,69.0,67.0,68.0,62.0,8,summer,70.85714285714286,17.903928285714287
4734,1,2024-08-16 06:00:00+00:00,19.447,19.997,20.147,20.397,20.747,20.697,21.595499,72.0,63.0,60.0,61.0,59.0,60.0,56.0,8,summer,61.57142857142857,20.432499857142858
4735,1,2024-08-16 07:00:00+00:00,21.796999,22.546999,22.796999,22.147,22.997,23.197,24.2455,63.0,54.0,52.0,55.0,51.0,52.0,47.0,8,summer,53.42857142857143,22.818213857142855
4736,1,2024-08-16 08:00:00+00:00,24.197,24.997,25.347,24.147,25.247,25.796999,27.0455,56.0,47.0,45.0,47.0,43.0,44.0,38.0,8,summer,45.714285714285715,25.253928428571424
4737,1,2024-08-16 09:00:00+00:00,25.847,27.046999,27.397,25.597,26.847,27.697,28.595499,47.0,41.0,39.0,42.0,37.0,37.0,33.0,8,summer,39.42857142857143,27.003928285714288
4738,1,2024-08-16 10:00:00+00:00,26.796999,28.347,28.597,26.046999,27.546999,28.546999,27.9455,41.0,34.0,32.0,40.0,34.0,33.0,34.0,8,summer,35.42857142857143,27.689642285714285
4739,1,2024-08-16 11:00:00+00:00,27.347,28.847,28.997,25.947,27.647,28.747,25.9955,38.0,30.0,29.0,39.0,32.0,30.0,39.0,8,summer,33.857142857142854,27.64678571428571
4740,1,2024-08-16 12:00:00+00:00,27.247,28.447,28.897,27.796999,27.697,26.897,24.7955,38.0,31.0,27.0,32.0,33.0,33.0,44.0,8,summer,34.0,27.396785571428573
4741,1,2024-08-16 13:00:00+00:00,27.097,28.347,28.947,27.747,27.647,26.847,24.345499,38.0,31.0,27.0,31.0,31.0,32.0,46.0,8,summer,33.714285714285715,27.282499857142856
4742,1,2024-08-16 14:00:00+00:00,26.747,27.997,28.647,27.397,27.397,26.747,24.095499,37.0,31.0,27.0,31.0,31.0,32.0,47.0,8,summer,33.714285714285715,27.00392842857142
4743,1,2024-08-16 15:00:00+00:00,25.697,26.697,27.497,26.447,26.597,26.097,23.595499,41.0,33.0,29.0,33.0,32.0,34.0,50.0,8,summer,36.0,26.089642714285713
4744,1,2024-08-16 16:00:00+00:00,22.847,23.647,24.046999,24.397,24.897,24.497,22.4455,52.0,44.0,37.0,38.0,37.0,39.0,57.0,8,summer,43.42857142857143,23.825357
4745,1,2024-08-16 17:00:00+00:00,20.697,21.947,21.796999,21.796999,22.647,22.397,20.9455,56.0,48.0,47.0,45.0,45.0,45.0,65.0,8,summer,50.142857142857146,21.746785428571428
4746,1,2024-08-16 18:00:00+00:00,19.147,19.747,20.747,20.397,20.847,20.697,21.095499,62.0,53.0,50.0,49.0,51.0,50.0,54.0,8,summer,52.714285714285715,20.382499857142854
4747,1,2024-08-16 19:00:00+00:00,18.397,18.546999,19.697,19.497,19.997,19.897,20.595499,63.0,57.0,53.0,52.0,55.0,53.0,53.0,8,summer,55.142857142857146,19.518213999999997
4748,1,2024-08-16 20:00:00+00:00,17.546999,17.897,18.997,19.097,19.546999,19.497,20.0455,66.0,60.0,57.0,55.0,58.0,55.0,53.0,8,summer,57.714285714285715,18.946785428571427
4749,1,2024-08-16 21:00:00+00:00,16.796999,17.347,17.997,18.497,18.947,19.046999,19.2955,69.0,63.0,61.0,58.0,61.0,57.0,54.0,8,summer,60.42857142857143,18.27535685714286
4750,1,2024-08-16 22:00:00+00:00,15.896999,16.546999,16.796999,17.247,17.947,18.296999,18.1955,72.0,67.0,66.0,64.0,66.0,60.0,58.0,8,summer,64.71428571428571,17.27535657142857
4751,1,2024-08-16 23:00:00+00:00,15.247,15.297,15.197,15.797,16.847,17.447,16.9455,75.0,71.0,72.0,71.0,72.0,62.0,63.0,8,summer,69.42857142857143,16.111071428571428
4752,1,2024-08-17 00:00:00+00:00,14.247,14.597,14.097,13.497,16.697,17.247,15.695499,79.0,75.0,80.0,78.0,72.0,62.0,74.0,8,summer,74.28571428571429,15.15392842857143
4753,1,2024-08-17 01:00:00+00:00,13.646999,13.347,13.547,12.447,16.447,16.397,15.0455,80.0,83.0,81.0,82.0,72.0,66.0,75.0,8,summer,77.0,14.411071285714286
4754,1,2024-08-17 02:00:00+00:00,13.097,12.947,12.947,11.646999,16.546999,15.547,14.3955,82.0,83.0,82.0,84.0,69.0,70.0,77.0,8,summer,78.14285714285714,13.875356857142858
4755,1,2024-08-17 03:00:00+00:00,12.547,12.497,12.497,11.797,16.847,15.447,14.3955,84.0,83.0,82.0,83.0,67.0,71.0,76.0,8,summer,78.0,13.718214285714286
4756,1,2024-08-17 04:00:00+00:00,12.247,12.247,12.247,13.447,17.247,16.397,15.2955,85.0,82.0,81.0,76.0,66.0,68.0,71.0,8,summer,75.57142857142857,14.161071428571429
4757,1,2024-08-17 05:00:00+00:00,14.197,14.747,14.747,16.097,17.847,17.997,16.845499,82.0,75.0,75.0,66.0,64.0,62.0,64.0,8,summer,69.71428571428571,16.068214142857144
4758,1,2024-08-17 06:00:00+00:00,18.247,18.296999,18.747,18.796999,18.597,19.847,20.9955,62.0,61.0,58.0,57.0,62.0,56.0,45.0,8,summer,57.285714285714285,19.075356857142857
4759,1,2024-08-17 07:00:00+00:00,20.697,20.697,21.147,21.447,19.597,22.046999,24.1455,52.0,52.0,52.0,49.0,59.0,49.0,37.0,8,summer,50.0,21.396785571428573
4760,1,2024-08-17 08:00:00+00:00,23.097,22.847,23.296999,24.097,20.747,24.497,27.595499,47.0,48.0,46.0,43.0,55.0,42.0,30.0,8,summer,44.42857142857143,23.73964257142857
4761,1,2024-08-17 09:00:00+00:00,24.997,24.197,24.897,26.197,21.947,26.447,30.095499,43.0,44.0,41.0,37.0,51.0,36.0,25.0,8,summer,39.57142857142857,25.539642714285716
4762,1,2024-08-17 10:00:00+00:00,26.247,24.546999,25.347,27.397,23.296999,27.497,31.095499,40.0,43.0,39.0,33.0,46.0,33.0,22.0,8,summer,36.57142857142857,26.489642428571425
4763,1,2024-08-17 11:00:00+00:00,26.447,25.046999,26.046999,28.046999,24.697,28.046999,31.095499,37.0,42.0,36.0,31.0,42.0,31.0,20.0,8,summer,34.142857142857146,27.061070714285712
4764,1,2024-08-17 12:00:00+00:00,26.447,26.497,26.497,27.397,25.897,26.097,29.7955,39.0,38.0,35.0,31.0,35.0,35.0,22.0,8,summer,33.57142857142857,26.946785714285713
4765,1,2024-08-17 13:00:00+00:00,26.546999,26.847,26.247,27.296999,25.897,25.747,28.4455,39.0,37.0,35.0,30.0,35.0,36.0,25.0,8,summer,33.857142857142854,26.718214
4766,1,2024-08-17 14:00:00+00:00,26.247,26.546999,26.046999,26.997,25.847,25.247,26.345499,39.0,37.0,35.0,30.0,35.0,38.0,31.0,8,summer,35.0,26.182499571428572
4767,1,2024-08-17 15:00:00+00:00,25.197,25.647,25.347,26.197,25.296999,24.397,24.3955,41.0,39.0,36.0,32.0,37.0,42.0,37.0,8,summer,37.714285714285715,25.211071285714286
4768,1,2024-08-17 16:00:00+00:00,23.097,23.296999,23.497,24.747,23.747,22.897,22.595499,50.0,51.0,44.0,36.0,41.0,48.0,45.0,8,summer,45.0,23.41107114285714
4769,1,2024-08-17 17:00:00+00:00,21.597,21.397,22.197,22.796999,21.647,21.046999,20.845499,56.0,50.0,48.0,42.0,46.0,56.0,54.0,8,summer,50.285714285714285,21.646785285714284
4770,1,2024-08-17 18:00:00+00:00,20.497,20.447,20.697,21.447,19.997,19.397,20.1955,63.0,53.0,51.0,47.0,50.0,62.0,46.0,8,summer,53.142857142857146,20.3825
4771,1,2024-08-17 19:00:00+00:00,19.796999,19.497,19.647,20.447,19.397,18.097,20.0455,72.0,56.0,52.0,50.0,51.0,66.0,47.0,8,summer,56.285714285714285,19.561071285714288
4772,1,2024-08-17 20:00:00+00:00,18.947,18.747,18.296999,19.647,19.247,16.947,20.3955,84.0,59.0,57.0,52.0,52.0,69.0,47.0,8,summer,60.0,18.889642714285717
4773,1,2024-08-17 21:00:00+00:00,18.296999,18.197,17.497,18.897,18.847,15.997,20.3955,79.0,64.0,62.0,54.0,54.0,72.0,47.0,8,summer,61.714285714285715,18.303928428571428
4774,1,2024-08-17 22:00:00+00:00,17.897,17.447,17.046999,18.147,17.697,15.347,19.6455,79.0,70.0,64.0,57.0,60.0,75.0,48.0,8,summer,64.71428571428571,17.603928428571425
4775,1,2024-08-17 23:00:00+00:00,17.747,16.447,16.546999,17.497,16.296999,14.847,18.595499,82.0,74.0,63.0,61.0,67.0,78.0,50.0,8,summer,67.85714285714286,16.853928142857143
4776,1,2024-08-18 00:00:00+00:00,16.097,14.247,14.297,16.147,16.197,13.797,15.7955,90.0,85.0,80.0,66.0,67.0,81.0,51.0,8,summer,74.28571428571429,15.225357142857144
4777,1,2024-08-18 01:00:00+00:00,15.297,13.697,14.297,15.347,15.297,13.097,14.8955,91.0,87.0,81.0,70.0,70.0,83.0,55.0,8,summer,76.71428571428571,14.561071428571427
4778,1,2024-08-18 02:00:00+00:00,14.747,13.646999,14.497,14.646999,14.547,12.597,14.0955,85.0,84.0,78.0,73.0,72.0,84.0,60.0,8,summer,76.57142857142857,14.111071142857142
4779,1,2024-08-18 03:00:00+00:00,14.146999,13.297,13.997,14.646999,14.547,12.896999,14.195499,83.0,83.0,78.0,73.0,72.0,82.0,62.0,8,summer,76.14285714285714,13.961070857142856
4780,1,2024-08-18 04:00:00+00:00,13.646999,13.347,13.597,15.747,15.646999,14.597,15.5455,83.0,80.0,78.0,70.0,69.0,75.0,60.0,8,summer,73.57142857142857,14.58964257142857
4781,1,2024-08-18 05:00:00+00:00,15.797,15.797,15.997,17.597,17.497,17.147,17.7955,77.0,72.0,71.0,64.0,63.0,66.0,55.0,8,summer,66.85714285714286,16.80392857142857
4782,1,2024-08-18 06:00:00+00:00,18.847,18.947,18.947,19.647,19.546999,19.747,20.1955,62.0,62.0,60.0,56.0,57.0,57.0,51.0,8,summer,57.857142857142854,19.411071285714286
4783,1,2024-08-18 07:00:00+00:00,21.147,21.497,21.747,22.097,21.997,22.296999,22.9955,56.0,55.0,52.0,49.0,50.0,49.0,43.0,8,summer,50.57142857142857,21.96821414285714
4784,1,2024-08-18 08:00:00+00:00,23.597,23.997,24.197,24.847,24.647,24.897,26.0455,50.0,48.0,46.0,42.0,42.0,42.0,35.0,8,summer,43.57142857142857,24.603928571428572
4785,1,2024-08-18 09:00:00+00:00,24.847,25.796999,25.997,26.947,26.647,26.747,28.1955,44.0,42.0,40.0,36.0,36.0,37.0,28.0,8,summer,37.57142857142857,26.453928428571427
4786,1,2024-08-18 10:00:00+00:00,25.347,26.147,26.796999,27.947,27.546999,27.546999,28.8955,43.0,39.0,36.0,33.0,33.0,34.0,25.0,8,summer,34.714285714285715,27.175356714285716
4787,1,2024-08-18 11:00:00+00:00,25.947,26.296999,27.147,28.247,27.796999,27.597,28.7455,41.0,39.0,34.0,31.0,31.0,32.0,24.0,8,summer,33.142857142857146,27.39678542857143
4788,1,2024-08-18 12:00:00+00:00,26.347,26.397,27.497,26.397,27.147,26.597,29.095499,39.0,38.0,34.0,35.0,32.0,36.0,23.0,8,summer,33.857142857142854,27.06821414285714
4789,1,2024-08-18 13:00:00+00:00,26.447,26.046999,27.296999,26.097,27.046999,26.697,27.8955,39.0,39.0,34.0,36.0,32.0,35.0,26.0,8,summer,34.42857142857143,26.78964242857143
4790,1,2024-08-18 14:00:00+00:00,26.247,25.747,26.997,25.697,26.747,26.497,26.3955,38.0,40.0,35.0,38.0,32.0,35.0,30.0,8,summer,35.42857142857143,26.332500000000003
4791,1,2024-08-18 15:00:00+00:00,25.147,24.897,25.947,24.947,25.947,25.796999,24.9955,42.0,44.0,39.0,40.0,34.0,36.0,33.0,8,summer,38.285714285714285,25.382499857142857
4792,1,2024-08-18 16:00:00+00:00,22.897,22.796999,23.397,23.647,24.247,24.147,23.7955,47.0,50.0,50.0,44.0,39.0,40.0,34.0,8,summer,43.42857142857143,23.561071285714288
4793,1,2024-08-18 17:00:00+00:00,21.197,21.296999,21.697,21.997,22.046999,21.947,22.6455,48.0,49.0,49.0,48.0,45.0,45.0,35.0,8,summer,45.57142857142857,21.832499714285714
4794,1,2024-08-18 18:00:00+00:00,19.847,20.147,20.497,19.847,20.197,19.947,21.595499,55.0,56.0,53.0,53.0,51.0,51.0,38.0,8,summer,51.0,20.29678557142857
4795,1,2024-08-18 19:00:00+00:00,18.597,19.247,19.397,19.046999,19.147,18.447,20.3955,59.0,59.0,56.0,55.0,54.0,56.0,41.0,8,summer,54.285714285714285,19.182499857142858
4796,1,2024-08-18 20:00:00+00:00,17.447,18.397,18.597,18.847,18.447,17.147,19.1455,61.0,62.0,57.0,57.0,57.0,61.0,44.0,8,summer,57.0,18.28964285714286
4797,1,2024-08-18 21:00:00+00:00,16.647,17.796999,18.247,18.546999,17.697,15.997,18.095499,62.0,63.0,61.0,58.0,60.0,66.0,48.0,8,summer,59.714285714285715,17.575356714285714
4798,1,2024-08-18 22:00:00+00:00,16.147,17.197,18.296999,18.046999,16.747,14.997,17.3955,65.0,67.0,65.0,61.0,64.0,71.0,51.0,8,summer,63.42857142857143,16.975356857142856
4799,1,2024-08-18 23:00:00+00:00,15.396999,16.997,17.796999,17.497,15.697,14.146999,16.9455,70.0,70.0,66.0,64.0,68.0,76.0,54.0,8,summer,66.85714285714286,16.35392814285714
4800,1,2024-08-19 00:00:00+00:00,13.646999,15.847,14.847,16.047,15.597,14.197,16.6955,78.0,75.0,77.0,69.0,71.0,74.0,60.0,8,summer,72.0,15.268214142857142
4801,1,2024-08-19 01:00:00+00:00,13.097,14.896999,14.747,15.146999,14.597,13.197,15.4955,82.0,80.0,79.0,72.0,75.0,77.0,65.0,8,summer,75.71428571428571,14.453928285714287
4802,1,2024-08-19 02:00:00+00:00,12.597,14.447,14.797,14.297,13.697,12.396999,14.5455,83.0,79.0,77.0,75.0,78.0,78.0,68.0,8,summer,76.85714285714286,13.825356999999999
4803,1,2024-08-19 03:00:00+00:00,12.347,13.997,14.597,14.247,13.697,12.597,14.4955,81.0,78.0,76.0,75.0,78.0,77.0,69.0,8,summer,76.28571428571429,13.711071428571428
4804,1,2024-08-19 04:00:00+00:00,12.347,13.646999,14.396999,15.447,15.097,14.297,15.7955,79.0,78.0,78.0,72.0,73.0,72.0,65.0,8,summer,73.85714285714286,14.432499714285713
4805,1,2024-08-19 05:00:00+00:00,14.997,15.947,16.397,17.497,17.397,16.947,17.9955,72.0,74.0,75.0,67.0,66.0,64.0,58.0,8,summer,68.0,16.739642857142854
4806,1,2024-08-19 06:00:00+00:00,18.447,18.897,19.397,19.597,19.847,19.647,20.1955,59.0,63.0,64.0,64.0,58.0,56.0,53.0,8,summer,59.57142857142857,19.4325
4807,1,2024-08-19 07:00:00+00:00,21.197,21.597,21.997,21.947,22.497,22.296999,22.6955,51.0,55.0,55.0,56.0,50.0,49.0,45.0,8,summer,51.57142857142857,22.032499857142856
4808,1,2024-08-19 08:00:00+00:00,23.747,24.296999,24.497,24.447,25.247,24.947,25.4955,46.0,47.0,48.0,46.0,41.0,41.0,35.0,8,summer,43.42857142857143,24.668214142857142
4809,1,2024-08-19 09:00:00+00:00,25.697,26.397,26.147,26.397,27.296999,26.997,27.6955,41.0,41.0,41.0,38.0,34.0,35.0,28.0,8,summer,36.857142857142854,26.661071285714282
4810,1,2024-08-19 10:00:00+00:00,26.796999,26.997,26.947,27.497,28.197,28.097,29.2455,37.0,36.0,37.0,34.0,31.0,31.0,24.0,8,summer,32.857142857142854,27.682499857142858
4811,1,2024-08-19 11:00:00+00:00,27.296999,27.597,27.647,27.997,28.397,28.546999,30.2455,35.0,34.0,33.0,32.0,30.0,28.0,22.0,8,summer,30.571428571428573,28.246785428571428
4812,1,2024-08-19 12:00:00+00:00,27.247,28.147,27.747,28.197,28.147,29.046999,29.8955,34.0,30.0,34.0,30.0,31.0,27.0,22.0,8,summer,29.714285714285715,28.34678557142857
4813,1,2024-08-19 13:00:00+00:00,27.147,28.046999,27.997,28.197,28.097,28.947,29.2455,33.0,30.0,33.0,29.0,30.0,26.0,23.0,8,summer,29.142857142857142,28.239642714285715
4814,1,2024-08-19 14:00:00+00:00,26.747,27.597,27.397,27.847,27.747,28.497,28.0455,33.0,30.0,33.0,28.0,30.0,26.0,25.0,8,summer,29.285714285714285,27.696785714285713
4815,1,2024-08-19 15:00:00+00:00,26.097,26.497,26.597,26.947,26.897,27.497,26.6955,34.0,32.0,34.0,30.0,31.0,28.0,29.0,8,summer,31.142857142857142,26.746785714285714
4816,1,2024-08-19 16:00:00+00:00,23.747,23.997,24.197,25.147,25.197,25.546999,25.2455,49.0,43.0,40.0,34.0,35.0,33.0,35.0,8,summer,38.42857142857143,24.725357
4817,1,2024-08-19 17:00:00+00:00,21.197,21.796999,22.147,22.847,23.046999,23.046999,23.6955,48.0,47.0,45.0,40.0,41.0,39.0,41.0,8,summer,43.0,22.53964242857143
4818,1,2024-08-19 18:00:00+00:00,20.647,20.947,20.697,20.497,21.296999,20.947,22.4955,46.0,50.0,52.0,49.0,46.0,45.0,42.0,8,summer,47.142857142857146,21.075357
4819,1,2024-08-19 19:00:00+00:00,19.597,19.947,20.247,19.397,20.397,19.597,22.2455,49.0,52.0,57.0,55.0,50.0,50.0,42.0,8,summer,50.714285714285715,20.20392857142857
4820,1,2024-08-19 20:00:00+00:00,18.747,19.046999,19.597,18.747,19.897,18.647,22.0455,52.0,56.0,64.0,60.0,54.0,54.0,42.0,8,summer,54.57142857142857,19.532499857142856
4821,1,2024-08-19 21:00:00+00:00,17.697,18.147,19.147,18.046999,19.247,17.847,21.595499,59.0,63.0,70.0,65.0,58.0,58.0,43.0,8,summer,59.42857142857143,18.818213999999994
4822,1,2024-08-19 22:00:00+00:00,16.647,17.447,17.947,17.097,18.147,17.247,20.595499,66.0,67.0,74.0,70.0,64.0,61.0,46.0,8,summer,64.0,17.875357
4823,1,2024-08-19 23:00:00+00:00,15.947,16.397,17.147,16.047,16.847,16.796999,19.2955,71.0,72.0,79.0,76.0,70.0,63.0,49.0,8,summer,68.57142857142857,16.925356999999998
4824,1,2024-08-20 00:00:00+00:00,14.597,14.497,15.797,15.347,15.797,15.197,17.595499,75.0,78.0,79.0,76.0,69.0,73.0,63.0,8,summer,73.28571428571429,15.546785571428574
4825,1,2024-08-20 01:00:00+00:00,13.847,14.146999,15.146999,14.997,14.896999,13.947,16.6455,80.0,79.0,83.0,76.0,72.0,78.0,64.0,8,summer,76.0,14.803928142857142
4826,1,2024-08-20 02:00:00+00:00,12.896999,13.896999,14.597,14.847,14.047,12.847,15.9955,83.0,77.0,83.0,74.0,74.0,81.0,62.0,8,summer,76.28571428571429,14.161071142857143
4827,1,2024-08-20 03:00:00+00:00,12.247,13.396999,14.396999,15.146999,13.997,12.797,16.095499,84.0,77.0,82.0,71.0,74.0,81.0,59.0,8,summer,75.42857142857143,14.011070857142858
4828,1,2024-08-20 04:00:00+00:00,12.146999,13.247,14.097,16.097,15.297,14.396999,17.3955,82.0,76.0,81.0,68.0,70.0,75.0,54.0,8,summer,72.28571428571429,14.668214
4829,1,2024-08-20 05:00:00+00:00,14.447,15.497,16.197,17.546999,17.347,17.046999,19.4955,78.0,71.0,75.0,64.0,64.0,64.0,49.0,8,summer,66.42857142857143,16.79678542857143
4830,1,2024-08-20 06:00:00+00:00,19.097,18.447,19.296999,19.397,19.546999,19.647,21.4955,59.0,57.0,55.0,60.0,57.0,55.0,42.0,8,summer,55.0,19.56107114285714
4831,1,2024-08-20 07:00:00+00:00,21.347,21.097,21.747,21.597,21.796999,22.147,24.095499,48.0,48.0,50.0,53.0,49.0,48.0,36.0,8,summer,47.42857142857143,21.975356857142856
4832,1,2024-08-20 08:00:00+00:00,23.397,23.296999,24.247,23.897,24.147,24.597,26.7955,44.0,44.0,45.0,46.0,41.0,41.0,31.0,8,summer,41.714285714285715,24.339642714285713
4833,1,2024-08-20 09:00:00+00:00,25.046999,25.046999,25.747,25.647,25.847,26.347,28.7955,40.0,39.0,40.0,40.0,35.0,36.0,27.0,8,summer,36.714285714285715,26.068214000000005
4834,1,2024-08-20 10:00:00+00:00,24.897,26.046999,26.847,26.447,26.397,26.947,29.7955,38.0,36.0,36.0,37.0,32.0,34.0,24.0,8,summer,33.857142857142854,26.768214142857143
4835,1,2024-08-20 11:00:00+00:00,25.497,25.947,27.447,26.697,26.296999,26.847,30.095499,37.0,35.0,34.0,35.0,32.0,33.0,22.0,8,summer,32.57142857142857,26.975356857142856
4836,1,2024-08-20 12:00:00+00:00,25.546999,26.546999,26.197,24.796999,27.097,25.847,29.8955,37.0,33.0,35.0,39.0,31.0,35.0,23.0,8,summer,33.285714285714285,26.561071000000002
4837,1,2024-08-20 13:00:00+00:00,25.597,26.097,25.697,24.897,27.046999,25.697,28.6955,36.0,33.0,36.0,39.0,29.0,35.0,27.0,8,summer,33.57142857142857,26.246785571428575
4838,1,2024-08-20 14:00:00+00:00,25.097,25.747,24.947,24.947,26.697,25.447,26.7455,37.0,33.0,38.0,39.0,29.0,34.0,33.0,8,summer,34.714285714285715,25.66107142857143
4839,1,2024-08-20 15:00:00+00:00,24.296999,25.046999,24.147,24.546999,25.847,24.847,24.8955,40.0,35.0,42.0,41.0,31.0,36.0,39.0,8,summer,37.714285714285715,24.803928142857142
4840,1,2024-08-20 16:00:00+00:00,22.497,23.197,22.697,23.247,24.247,23.546999,23.3955,48.0,42.0,47.0,47.0,36.0,41.0,46.0,8,summer,43.857142857142854,23.261071285714287
4841,1,2024-08-20 17:00:00+00:00,20.997,22.046999,21.847,21.497,22.147,21.847,22.0455,55.0,48.0,49.0,55.0,44.0,47.0,55.0,8,summer,50.42857142857143,21.775357000000003
4842,1,2024-08-20 18:00:00+00:00,20.546999,20.847,20.247,18.697,20.296999,20.447,20.6955,57.0,55.0,65.0,69.0,52.0,53.0,53.0,8,summer,57.714285714285715,20.253928285714288
4843,1,2024-08-20 19:00:00+00:00,19.747,19.497,20.046999,18.147,18.897,19.697,19.845499,62.0,64.0,61.0,72.0,61.0,57.0,59.0,8,summer,62.285714285714285,19.41107114285714
4844,1,2024-08-20 20:00:00+00:00,18.397,19.197,19.697,17.796999,17.796999,19.247,19.1455,72.0,68.0,60.0,75.0,69.0,61.0,65.0,8,summer,67.14285714285714,18.753928285714284
4845,1,2024-08-20 21:00:00+00:00,17.997,18.747,18.997,17.497,16.947,18.747,18.6955,78.0,71.0,65.0,77.0,76.0,64.0,69.0,8,summer,71.42857142857143,18.232499999999998
4846,1,2024-08-20 22:00:00+00:00,17.597,18.197,18.247,17.347,16.497,18.046999,18.6955,83.0,73.0,70.0,78.0,79.0,67.0,69.0,8,summer,74.14285714285714,17.803928428571428
4847,1,2024-08-20 23:00:00+00:00,17.046999,17.647,17.597,17.296999,16.397,17.347,18.8955,82.0,75.0,72.0,79.0,80.0,70.0,66.0,8,summer,74.85714285714286,17.461071142857143
4848,1,2024-08-21 00:00:00+00:00,15.747,17.597,16.447,17.647,17.197,14.146999,16.9955,88.0,74.0,80.0,81.0,76.0,79.0,79.0,8,summer,79.57142857142857,16.539642714285712
4849,1,2024-08-21 01:00:00+00:00,15.797,17.546999,16.247,17.197,16.897,13.797,16.7955,84.0,69.0,79.0,82.0,75.0,77.0,76.0,8,summer,77.42857142857143,16.325357
4850,1,2024-08-21 02:00:00+00:00,15.747,17.247,15.847,16.796999,16.747,13.797,16.7955,79.0,67.0,79.0,81.0,73.0,73.0,71.0,8,summer,74.71428571428571,16.139642714285717
4851,1,2024-08-21 03:00:00+00:00,15.447,16.796999,15.597,16.796999,16.847,14.347,16.9955,78.0,68.0,78.0,79.0,70.0,69.0,66.0,8,summer,72.57142857142857,16.118214000000002
4852,1,2024-08-21 04:00:00+00:00,15.447,16.397,14.646999,17.347,17.296999,15.697,17.4455,77.0,70.0,81.0,74.0,68.0,64.0,63.0,8,summer,71.0,16.325356857142857
4853,1,2024-08-21 05:00:00+00:00,16.947,17.397,16.597,18.247,18.046999,17.647,18.1455,75.0,69.0,77.0,68.0,66.0,59.0,61.0,8,summer,67.85714285714286,17.575356999999997
4854,1,2024-08-21 06:00:00+00:00,19.397,19.296999,19.697,18.947,19.097,19.697,18.9955,58.0,59.0,59.0,63.0,63.0,54.0,51.0,8,summer,58.142857142857146,19.303928428571428
4855,1,2024-08-21 07:00:00+00:00,21.197,21.747,22.046999,20.647,20.647,22.046999,19.1955,55.0,52.0,53.0,57.0,57.0,48.0,50.0,8,summer,53.142857142857146,21.075356857142857
4856,1,2024-08-21 08:00:00+00:00,23.296999,23.947,24.497,22.247,22.497,24.497,19.1955,49.0,46.0,45.0,51.0,51.0,41.0,50.0,8,summer,47.57142857142857,22.882499857142857
4857,1,2024-08-21 09:00:00+00:00,25.046999,25.197,25.897,23.296999,23.897,26.397,19.1955,43.0,42.0,39.0,48.0,45.0,36.0,50.0,8,summer,43.285714285714285,24.13249971428571
4858,1,2024-08-21 10:00:00+00:00,25.647,25.747,26.347,23.447,24.546999,27.296999,19.1955,39.0,38.0,36.0,47.0,42.0,33.0,51.0,8,summer,40.857142857142854,24.603928285714286
4859,1,2024-08-21 11:00:00+00:00,25.747,25.497,26.546999,23.046999,24.796999,27.597,19.095499,38.0,38.0,35.0,49.0,40.0,31.0,53.0,8,summer,40.57142857142857,24.618213714285712
4860,1,2024-08-21 12:00:00+00:00,26.147,24.647,25.447,24.647,23.947,25.097,22.4955,35.0,40.0,36.0,40.0,43.0,37.0,41.0,8,summer,38.857142857142854,24.6325
4861,1,2024-08-21 13:00:00+00:00,25.947,24.546999,25.097,24.546999,23.897,24.947,21.4955,35.0,40.0,38.0,40.0,43.0,37.0,44.0,8,summer,39.57142857142857,24.353928285714286
4862,1,2024-08-21 14:00:00+00:00,26.097,24.046999,25.046999,24.347,23.747,24.747,20.1455,35.0,44.0,37.0,40.0,45.0,37.0,49.0,8,summer,41.0,24.02535685714286
4863,1,2024-08-21 15:00:00+00:00,25.497,23.247,24.397,23.796999,23.296999,24.247,19.095499,35.0,49.0,41.0,42.0,47.0,39.0,53.0,8,summer,43.714285714285715,23.36821385714285
4864,1,2024-08-21 16:00:00+00:00,23.546999,21.347,22.796999,22.697,22.247,23.147,18.6955,42.0,51.0,47.0,46.0,51.0,43.0,55.0,8,summer,47.857142857142854,22.068214000000005
4865,1,2024-08-21 17:00:00+00:00,21.897,20.546999,21.046999,21.247,20.897,21.747,18.595499,46.0,53.0,54.0,52.0,57.0,49.0,56.0,8,summer,52.42857142857143,20.853928142857143
4866,1,2024-08-21 18:00:00+00:00,20.447,19.747,20.247,20.296999,19.597,20.497,18.595499,55.0,58.0,55.0,56.0,62.0,55.0,56.0,8,summer,56.714285714285715,19.918214000000003
4867,1,2024-08-21 19:00:00+00:00,19.897,19.197,19.847,19.597,18.497,19.597,18.3955,58.0,60.0,57.0,60.0,67.0,60.0,57.0,8,summer,59.857142857142854,19.28964285714286
4868,1,2024-08-21 20:00:00+00:00,19.296999,18.697,19.397,19.247,17.497,18.897,18.4955,64.0,63.0,60.0,63.0,73.0,66.0,56.0,8,summer,63.57142857142857,18.789642714285716
4869,1,2024-08-21 21:00:00+00:00,18.597,18.147,18.747,18.796999,16.747,18.296999,18.595499,67.0,67.0,65.0,65.0,76.0,70.0,56.0,8,summer,66.57142857142857,18.275356714285714
4870,1,2024-08-21 22:00:00+00:00,18.046999,17.397,18.147,18.197,16.447,17.847,18.7455,68.0,72.0,68.0,67.0,76.0,72.0,55.0,8,summer,68.28571428571429,17.832499857142857
4871,1,2024-08-21 23:00:00+00:00,17.647,16.597,17.697,17.597,16.397,17.447,18.8955,69.0,76.0,71.0,69.0,75.0,73.0,54.0,8,summer,69.57142857142857,17.468214285714286
4872,1,2024-08-22 00:00:00+00:00,17.546999,16.147,17.497,17.546999,16.747,16.697,16.7955,65.0,83.0,66.0,67.0,75.0,75.0,63.0,8,summer,70.57142857142857,16.99678542857143
4873,1,2024-08-22 01:00:00+00:00,17.046999,15.697,16.847,16.796999,15.747,16.097,15.7455,67.0,83.0,67.0,70.0,79.0,75.0,68.0,8,summer,72.71428571428571,16.282499714285713
4874,1,2024-08-22 02:00:00+00:00,16.647,14.896999,16.197,15.947,14.646999,15.497,14.945499,66.0,84.0,69.0,73.0,82.0,75.0,73.0,8,summer,74.57142857142857,15.539642428571428
4875,1,2024-08-22 03:00:00+00:00,15.896999,14.347,15.497,15.646999,14.396999,15.497,14.8955,71.0,84.0,72.0,74.0,83.0,74.0,74.0,8,summer,76.0,15.168213857142858
4876,1,2024-08-22 04:00:00+00:00,15.497,14.447,14.747,16.147,15.547,16.397,16.095499,76.0,84.0,77.0,72.0,78.0,71.0,70.0,8,summer,75.42857142857143,15.55392842857143
4877,1,2024-08-22 05:00:00+00:00,16.796999,15.747,16.597,17.197,17.497,17.897,18.1455,73.0,80.0,73.0,69.0,71.0,67.0,62.0,8,summer,70.71428571428571,17.125357
4878,1,2024-08-22 06:00:00+00:00,18.347,18.397,18.546999,19.447,19.447,19.497,20.8955,67.0,66.0,65.0,62.0,63.0,62.0,51.0,8,summer,62.285714285714285,19.225357
4879,1,2024-08-22 07:00:00+00:00,20.447,20.147,19.796999,20.796999,21.347,21.397,23.595499,59.0,60.0,60.0,58.0,56.0,55.0,43.0,8,summer,55.857142857142854,21.07535671428571
4880,1,2024-08-22 08:00:00+00:00,22.747,21.796999,21.997,22.296999,23.197,23.397,26.595499,52.0,55.0,55.0,54.0,48.0,48.0,35.0,8,summer,49.57142857142857,23.146785285714284
4881,1,2024-08-22 09:00:00+00:00,24.347,23.747,23.847,23.597,24.447,24.796999,28.7955,46.0,49.0,50.0,50.0,43.0,42.0,29.0,8,summer,44.142857142857146,24.796785571428575
4882,1,2024-08-22 10:00:00+00:00,24.546999,24.747,24.647,24.597,24.697,25.296999,29.8955,42.0,44.0,44.0,46.0,41.0,38.0,25.0,8,summer,40.0,25.489642571428572
4883,1,2024-08-22 11:00:00+00:00,24.347,24.997,25.097,25.347,24.296999,25.197,30.2455,42.0,42.0,42.0,43.0,41.0,37.0,23.0,8,summer,38.57142857142857,25.646785571428573
4884,1,2024-08-22 12:00:00+00:00,24.347,24.097,23.697,25.347,23.997,24.847,24.4955,41.0,43.0,49.0,40.0,44.0,38.0,40.0,8,summer,42.142857142857146,24.40392857142857
4885,1,2024-08-22 13:00:00+00:00,23.997,24.247,23.097,25.147,23.546999,24.347,23.595499,42.0,43.0,50.0,39.0,45.0,39.0,42.0,8,summer,42.857142857142854,23.996785428571428
4886,1,2024-08-22 14:00:00+00:00,24.247,24.147,22.796999,24.697,22.697,23.497,22.7955,41.0,42.0,51.0,39.0,49.0,42.0,45.0,8,summer,44.142857142857146,23.553928428571428
4887,1,2024-08-22 15:00:00+00:00,23.796999,23.497,21.947,23.997,21.697,22.546999,22.095499,42.0,43.0,54.0,41.0,53.0,45.0,47.0,8,summer,46.42857142857143,22.796785285714286
4888,1,2024-08-22 16:00:00+00:00,22.147,21.796999,20.447,22.947,20.697,21.497,21.4455,47.0,50.0,62.0,45.0,59.0,50.0,50.0,8,summer,51.857142857142854,21.56821414285714
4889,1,2024-08-22 17:00:00+00:00,20.847,20.397,19.397,21.697,19.597,20.296999,20.9455,51.0,59.0,67.0,52.0,65.0,57.0,52.0,8,summer,57.57142857142857,20.45392842857143
4890,1,2024-08-22 18:00:00+00:00,19.497,18.947,20.347,19.497,18.597,19.296999,20.6955,60.0,64.0,55.0,68.0,71.0,62.0,56.0,8,summer,62.285714285714285,19.55392842857143
4891,1,2024-08-22 19:00:00+00:00,18.447,17.997,19.647,18.546999,17.796999,18.647,20.4955,65.0,68.0,59.0,73.0,74.0,65.0,57.0,8,summer,65.85714285714286,18.79678542857143
4892,1,2024-08-22 20:00:00+00:00,17.197,17.147,18.947,17.897,17.147,18.147,20.3955,71.0,70.0,60.0,77.0,77.0,66.0,57.0,8,summer,68.28571428571429,18.125357142857137
4893,1,2024-08-22 21:00:00+00:00,16.347,16.197,18.247,17.247,16.497,17.546999,20.095499,74.0,74.0,66.0,80.0,79.0,68.0,57.0,8,summer,71.14285714285714,17.453928285714287
4894,1,2024-08-22 22:00:00+00:00,15.497,15.347,17.147,16.546999,15.847,16.546999,19.4955,78.0,79.0,69.0,83.0,81.0,71.0,58.0,8,summer,74.14285714285714,16.63249971428571
4895,1,2024-08-22 23:00:00+00:00,14.547,14.447,15.947,15.847,15.197,15.447,18.7455,83.0,84.0,77.0,86.0,83.0,74.0,60.0,8,summer,78.14285714285714,15.739642857142858
4896,1,2024-08-23 00:00:00+00:00,16.447,15.697,13.896999,14.547,14.947,15.447,16.4955,75.0,81.0,87.0,83.0,84.0,78.0,63.0,8,summer,78.71428571428571,15.353928428571427
4897,1,2024-08-23 01:00:00+00:00,16.497,15.947,13.597,13.847,14.047,14.747,15.5455,72.0,77.0,86.0,85.0,86.0,81.0,68.0,8,summer,79.28571428571429,14.889642857142858
4898,1,2024-08-23 02:00:00+00:00,16.447,15.646999,13.297,13.297,13.097,13.997,14.7955,72.0,79.0,88.0,87.0,88.0,85.0,72.0,8,summer,81.57142857142857,14.368214142857141
4899,1,2024-08-23 03:00:00+00:00,15.947,15.047,12.896999,13.497,12.947,13.997,14.8955,76.0,83.0,90.0,86.0,88.0,86.0,73.0,8,summer,83.14285714285714,14.175357
4900,1,2024-08-23 04:00:00+00:00,15.297,14.497,12.697,14.896999,13.997,15.297,16.2955,80.0,86.0,90.0,82.0,84.0,81.0,68.0,8,summer,81.57142857142857,14.711071285714285
4901,1,2024-08-23 05:00:00+00:00,16.796999,16.397,15.297,16.997,15.747,17.347,18.5455,79.0,81.0,83.0,75.0,77.0,73.0,60.0,8,summer,75.42857142857143,16.73249985714286
4902,1,2024-08-23 06:00:00+00:00,19.447,19.347,18.597,18.947,17.747,19.347,20.8955,64.0,63.0,68.0,67.0,70.0,65.0,52.0,8,summer,64.14285714285714,19.189642857142854
4903,1,2024-08-23 07:00:00+00:00,21.197,21.796999,20.697,21.197,19.997,21.197,23.3955,58.0,56.0,59.0,58.0,62.0,58.0,44.0,8,summer,56.42857142857143,21.353928428571432
4904,1,2024-08-23 08:00:00+00:00,23.497,24.347,22.497,23.546999,22.497,22.997,25.8955,52.0,49.0,55.0,49.0,54.0,50.0,37.0,8,summer,49.42857142857143,23.611071285714285
4905,1,2024-08-23 09:00:00+00:00,25.197,25.897,23.997,25.147,24.447,24.347,27.4955,43.0,40.0,50.0,42.0,47.0,45.0,32.0,8,summer,42.714285714285715,25.218214285714286
4906,1,2024-08-23 10:00:00+00:00,26.497,25.497,25.247,25.546999,25.697,24.997,27.5455,37.0,39.0,43.0,39.0,42.0,42.0,31.0,8,summer,39.0,25.86107128571428
4907,1,2024-08-23 11:00:00+00:00,26.747,26.296999,25.247,25.197,26.447,25.197,26.6455,35.0,37.0,43.0,39.0,39.0,41.0,33.0,8,summer,38.142857142857146,25.968214142857143
4908,1,2024-08-23 12:00:00+00:00,26.847,26.296999,26.247,23.897,27.347,24.747,23.595499,36.0,38.0,39.0,43.0,34.0,41.0,45.0,8,summer,39.42857142857143,25.568214
4909,1,2024-08-23 13:00:00+00:00,26.397,26.546999,26.296999,22.847,26.997,24.347,22.5455,34.0,37.0,39.0,50.0,34.0,42.0,50.0,8,summer,40.857142857142854,25.13964257142857
4910,1,2024-08-23 14:00:00+00:00,25.897,26.647,26.447,21.497,26.247,23.897,21.6955,36.0,36.0,37.0,60.0,36.0,44.0,56.0,8,summer,43.57142857142857,24.618214285714288
4911,1,2024-08-23 15:00:00+00:00,25.046999,25.847,25.647,20.247,25.197,23.147,21.095499,39.0,37.0,38.0,68.0,39.0,47.0,60.0,8,summer,46.857142857142854,23.746785428571428
4912,1,2024-08-23 16:00:00+00:00,22.397,23.947,23.247,19.247,23.597,21.997,20.7955,50.0,46.0,48.0,72.0,47.0,52.0,61.0,8,summer,53.714285714285715,22.175357142857145
4913,1,2024-08-23 17:00:00+00:00,21.247,21.897,21.546999,18.397,21.647,20.597,20.6955,54.0,54.0,57.0,75.0,56.0,58.0,61.0,8,summer,59.285714285714285,20.861071285714285
4914,1,2024-08-23 18:00:00+00:00,20.647,20.247,19.997,18.897,20.147,19.347,18.9955,57.0,57.0,61.0,70.0,64.0,63.0,57.0,8,summer,61.285714285714285,19.75392857142857
4915,1,2024-08-23 19:00:00+00:00,20.197,19.397,19.397,18.296999,19.597,18.497,18.6455,59.0,61.0,63.0,72.0,67.0,67.0,60.0,8,summer,64.14285714285714,19.14678557142857
4916,1,2024-08-23 20:00:00+00:00,19.497,18.997,19.147,17.947,19.497,17.796999,18.8955,62.0,63.0,64.0,73.0,67.0,70.0,62.0,8,summer,65.85714285714286,18.825356999999997
4917,1,2024-08-23 21:00:00+00:00,18.897,18.647,18.697,17.597,19.197,17.197,19.095499,65.0,65.0,66.0,73.0,68.0,73.0,63.0,8,summer,67.57142857142857,18.475357
4918,1,2024-08-23 22:00:00+00:00,18.397,18.247,17.947,17.197,18.347,16.697,18.9455,66.0,66.0,69.0,73.0,72.0,76.0,65.0,8,summer,69.57142857142857,17.968214285714286
4919,1,2024-08-23 23:00:00+00:00,18.147,17.447,16.997,16.847,17.247,16.247,18.6455,66.0,70.0,72.0,74.0,77.0,79.0,66.0,8,summer,72.0,17.368214285714284
4920,1,2024-08-24 00:00:00+00:00,16.397,16.796999,16.697,17.397,16.796999,16.796999,17.4955,75.0,72.0,71.0,69.0,76.0,75.0,64.0,8,summer,71.71428571428571,16.911070999999996
4921,1,2024-08-24 01:00:00+00:00,15.947,16.247,15.896999,16.747,16.347,15.896999,16.845499,77.0,74.0,74.0,71.0,77.0,79.0,65.0,8,summer,73.85714285714286,16.275356714285714
4922,1,2024-08-24 02:00:00+00:00,15.597,15.847,15.396999,16.097,15.896999,15.047,16.4455,78.0,76.0,76.0,74.0,79.0,82.0,65.0,8,summer,75.71428571428571,15.761071142857142
4923,1,2024-08-24 03:00:00+00:00,15.197,15.396999,15.297,16.047,15.997,14.947,16.6955,79.0,77.0,77.0,74.0,78.0,82.0,64.0,8,summer,75.85714285714286,15.653928428571428
4924,1,2024-08-24 04:00:00+00:00,15.146999,15.396999,15.347,16.947,16.796999,16.147,18.0455,79.0,78.0,77.0,71.0,74.0,77.0,60.0,8,summer,73.71428571428571,16.261070999999998
4925,1,2024-08-24 05:00:00+00:00,16.997,17.097,17.197,18.447,18.097,18.097,20.0455,74.0,74.0,72.0,66.0,68.0,69.0,54.0,8,summer,68.14285714285714,17.996785714285718
4926,1,2024-08-24 06:00:00+00:00,19.847,19.847,19.747,19.397,19.697,20.147,22.7955,62.0,63.0,62.0,64.0,62.0,61.0,44.0,8,summer,59.714285714285715,20.211071428571426
4927,1,2024-08-24 07:00:00+00:00,22.197,22.247,22.147,21.697,21.897,22.247,25.0455,55.0,55.0,55.0,57.0,55.0,54.0,39.0,8,summer,52.857142857142854,22.496785714285718
4928,1,2024-08-24 08:00:00+00:00,24.447,24.546999,24.546999,24.197,24.447,24.397,27.3955,48.0,49.0,48.0,49.0,48.0,46.0,34.0,8,summer,46.0,24.853928285714286
4929,1,2024-08-24 09:00:00+00:00,25.747,25.546999,26.546999,26.046999,26.347,25.997,28.595499,42.0,44.0,43.0,43.0,42.0,41.0,32.0,8,summer,41.0,26.403927999999997
4930,1,2024-08-24 10:00:00+00:00,25.947,26.647,27.097,26.897,27.247,26.947,27.7455,40.0,40.0,38.0,40.0,39.0,37.0,34.0,8,summer,38.285714285714285,26.932499999999997
4931,1,2024-08-24 11:00:00+00:00,25.997,26.147,27.296999,27.046999,27.497,27.397,25.6955,39.0,41.0,37.0,39.0,37.0,35.0,38.0,8,summer,38.0,26.72535685714286
4932,1,2024-08-24 12:00:00+00:00,27.046999,26.947,27.697,26.497,25.247,27.097,25.8955,36.0,37.0,36.0,41.0,42.0,36.0,37.0,8,summer,37.857142857142854,26.632499857142857
4933,1,2024-08-24 13:00:00+00:00,27.147,26.597,27.197,25.447,24.697,25.897,25.345499,36.0,37.0,36.0,46.0,44.0,42.0,38.0,8,summer,39.857142857142854,26.04678557142857
4934,1,2024-08-24 14:00:00+00:00,26.796999,26.197,26.647,23.847,23.847,24.097,23.9455,35.0,37.0,37.0,52.0,48.0,52.0,42.0,8,summer,43.285714285714285,25.05392842857143
4935,1,2024-08-24 15:00:00+00:00,26.147,24.546999,26.147,22.447,22.796999,22.546999,22.595499,37.0,42.0,38.0,58.0,52.0,60.0,46.0,8,summer,47.57142857142857,23.889642285714284
4936,1,2024-08-24 16:00:00+00:00,24.597,22.697,23.796999,21.497,21.447,21.447,21.6455,42.0,49.0,49.0,61.0,57.0,65.0,50.0,8,summer,53.285714285714285,22.44678557142857
4937,1,2024-08-24 17:00:00+00:00,21.247,21.197,21.847,20.796999,19.947,20.546999,20.7955,60.0,56.0,58.0,64.0,62.0,69.0,53.0,8,summer,60.285714285714285,20.911071142857143
4938,1,2024-08-24 18:00:00+00:00,21.147,20.997,19.897,19.947,18.697,19.847,18.095499,55.0,55.0,73.0,65.0,66.0,72.0,78.0,8,summer,66.28571428571429,19.803928428571428
4939,1,2024-08-24 19:00:00+00:00,20.546999,20.397,19.247,19.197,17.947,19.347,17.7455,58.0,58.0,74.0,70.0,67.0,75.0,79.0,8,summer,68.71428571428571,19.203928428571427
4940,1,2024-08-24 20:00:00+00:00,19.947,20.197,19.147,18.796999,17.447,19.046999,17.4455,60.0,59.0,70.0,74.0,66.0,78.0,80.0,8,summer,69.57142857142857,18.861071142857146
4941,1,2024-08-24 21:00:00+00:00,19.647,19.597,18.747,18.497,16.947,18.697,17.1955,61.0,62.0,71.0,76.0,67.0,81.0,80.0,8,summer,71.14285714285714,18.475357142857145
4942,1,2024-08-24 22:00:00+00:00,19.147,19.097,18.147,18.197,16.347,18.247,17.0455,63.0,64.0,73.0,76.0,70.0,83.0,79.0,8,summer,72.57142857142857,18.032500000000002
4943,1,2024-08-24 23:00:00+00:00,18.597,18.397,17.697,17.997,15.747,17.796999,16.9955,66.0,67.0,76.0,74.0,75.0,85.0,78.0,8,summer,74.42857142857143,17.60392842857143
4944,1,2024-08-25 00:00:00+00:00,17.897,18.597,17.947,15.947,15.697,17.046999,18.3955,70.0,66.0,68.0,77.0,81.0,84.0,65.0,8,summer,73.0,17.361071285714285
4945,1,2024-08-25 01:00:00+00:00,17.697,17.947,17.296999,15.097,15.447,16.546999,17.4455,72.0,67.0,69.0,79.0,81.0,85.0,67.0,8,summer,74.28571428571429,16.782499714285713
4946,1,2024-08-25 02:00:00+00:00,17.546999,17.347,16.397,14.347,15.247,16.047,16.2455,72.0,69.0,71.0,80.0,81.0,85.0,70.0,8,summer,75.42857142857143,16.168214142857142
4947,1,2024-08-25 03:00:00+00:00,17.097,16.597,15.797,14.347,15.547,16.097,15.8955,72.0,71.0,73.0,79.0,79.0,84.0,70.0,8,summer,75.42857142857143,15.911071428571429
4948,1,2024-08-25 04:00:00+00:00,16.647,16.247,15.597,15.497,16.447,16.947,16.9455,74.0,74.0,73.0,75.0,75.0,80.0,64.0,8,summer,73.57142857142857,16.3325
4949,1,2024-08-25 05:00:00+00:00,17.796999,17.697,17.197,17.447,17.796999,18.347,18.8955,72.0,71.0,71.0,68.0,69.0,74.0,55.0,8,summer,68.57142857142857,17.882499714285718
4950,1,2024-08-25 06:00:00+00:00,19.947,19.546999,20.247,19.747,19.447,19.796999,21.1955,61.0,64.0,59.0,62.0,63.0,68.0,52.0,8,summer,61.285714285714285,19.989642571428572
4951,1,2024-08-25 07:00:00+00:00,21.897,21.647,22.247,22.097,21.597,21.296999,23.845499,55.0,56.0,53.0,55.0,56.0,62.0,43.0,8,summer,54.285714285714285,22.089642571428573
4952,1,2024-08-25 08:00:00+00:00,23.997,23.697,24.397,24.647,24.046999,22.847,26.7455,49.0,50.0,46.0,48.0,49.0,56.0,34.0,8,summer,47.42857142857143,24.339642714285713
4953,1,2024-08-25 09:00:00+00:00,25.497,25.347,25.046999,26.497,25.897,24.147,28.6955,45.0,45.0,43.0,42.0,43.0,51.0,28.0,8,summer,42.42857142857143,25.875357
4954,1,2024-08-25 10:00:00+00:00,25.597,26.347,25.347,27.147,26.747,25.296999,29.095499,43.0,41.0,42.0,39.0,41.0,47.0,26.0,8,summer,39.857142857142854,26.51107114285714
4955,1,2024-08-25 11:00:00+00:00,26.847,26.296999,25.947,27.046999,26.947,26.197,28.5455,40.0,40.0,40.0,38.0,40.0,44.0,26.0,8,summer,38.285714285714285,26.832499714285714
4956,1,2024-08-25 12:00:00+00:00,27.296999,26.147,26.397,26.747,26.897,26.796999,25.3955,38.0,41.0,38.0,37.0,37.0,42.0,34.0,8,summer,38.142857142857146,26.525356857142857
4957,1,2024-08-25 13:00:00+00:00,26.997,25.796999,26.597,26.597,26.497,25.796999,24.345499,38.0,41.0,37.0,37.0,38.0,46.0,36.0,8,summer,39.0,26.08964242857143
4958,1,2024-08-25 14:00:00+00:00,26.397,24.947,26.247,26.197,25.796999,24.247,23.3955,40.0,43.0,38.0,38.0,40.0,52.0,38.0,8,summer,41.285714285714285,25.31821414285714
4959,1,2024-08-25 15:00:00+00:00,24.947,23.497,25.647,25.447,24.847,22.747,22.6955,43.0,47.0,39.0,40.0,43.0,58.0,40.0,8,summer,44.285714285714285,24.26107142857143
4960,1,2024-08-25 16:00:00+00:00,23.147,22.397,23.447,24.147,23.546999,21.347,22.4955,49.0,49.0,47.0,46.0,49.0,66.0,40.0,8,summer,49.42857142857143,22.932499857142858
4961,1,2024-08-25 17:00:00+00:00,21.697,21.147,21.796999,22.447,21.997,19.947,22.595499,51.0,54.0,51.0,53.0,57.0,75.0,40.0,8,summer,54.42857142857143,21.66107114285714
4962,1,2024-08-25 18:00:00+00:00,20.447,19.247,20.546999,20.847,20.697,18.897,22.3955,57.0,67.0,54.0,56.0,63.0,81.0,38.0,8,summer,59.42857142857143,20.439642714285714
4963,1,2024-08-25 19:00:00+00:00,19.947,18.597,19.697,19.697,19.847,18.397,21.7455,60.0,68.0,57.0,60.0,67.0,81.0,41.0,8,summer,62.0,19.70392857142857
4964,1,2024-08-25 20:00:00+00:00,19.597,18.497,18.897,18.697,19.197,18.247,20.9955,63.0,68.0,62.0,63.0,70.0,78.0,44.0,8,summer,64.0,19.16107142857143
4965,1,2024-08-25 21:00:00+00:00,19.097,18.097,18.147,17.847,18.546999,18.046999,20.1955,65.0,70.0,68.0,66.0,73.0,76.0,48.0,8,summer,66.57142857142857,18.568214
4966,1,2024-08-25 22:00:00+00:00,18.046999,17.447,17.647,17.247,17.697,17.697,19.2455,69.0,74.0,68.0,67.0,76.0,76.0,52.0,8,summer,68.85714285714286,17.861071285714285
4967,1,2024-08-25 23:00:00+00:00,17.546999,16.647,17.046999,16.796999,16.796999,17.296999,18.1955,71.0,77.0,67.0,68.0,78.0,77.0,55.0,8,summer,70.42857142857143,17.189642142857142
4968,1,2024-08-26 00:00:00+00:00,17.447,16.047,16.647,16.546999,18.046999,17.546999,15.7955,69.0,79.0,70.0,73.0,70.0,71.0,64.0,8,summer,70.85714285714286,16.868213857142855
4969,1,2024-08-26 01:00:00+00:00,16.597,15.646999,15.896999,15.697,17.546999,17.197,14.945499,72.0,80.0,74.0,75.0,72.0,73.0,68.0,8,summer,73.42857142857143,16.218213714285714
4970,1,2024-08-26 02:00:00+00:00,15.947,15.247,15.197,14.947,17.046999,16.897,14.445499,75.0,80.0,77.0,76.0,73.0,74.0,71.0,8,summer,75.14285714285714,15.675356857142855
4971,1,2024-08-26 03:00:00+00:00,15.396999,15.047,14.747,14.896999,16.997,16.947,14.695499,77.0,80.0,79.0,75.0,73.0,75.0,71.0,8,summer,75.71428571428571,15.532499571428572
4972,1,2024-08-26 04:00:00+00:00,15.247,15.247,14.597,16.047,17.647,17.397,16.0455,78.0,78.0,80.0,71.0,70.0,74.0,66.0,8,summer,73.85714285714286,16.0325
4973,1,2024-08-26 05:00:00+00:00,16.997,17.197,16.847,17.897,18.796999,18.197,18.2455,72.0,71.0,72.0,66.0,65.0,71.0,58.0,8,summer,67.85714285714286,17.739642714285715
4974,1,2024-08-26 06:00:00+00:00,19.347,19.647,19.647,19.847,20.247,19.247,20.4955,61.0,60.0,62.0,61.0,59.0,68.0,51.0,8,summer,60.285714285714285,19.7825
4975,1,2024-08-26 07:00:00+00:00,21.147,22.147,22.347,22.397,22.347,20.697,23.2955,55.0,52.0,54.0,54.0,53.0,63.0,43.0,8,summer,53.42857142857143,22.05392857142857
4976,1,2024-08-26 08:00:00+00:00,23.347,24.697,24.897,25.247,24.796999,22.397,26.2955,49.0,46.0,47.0,46.0,45.0,57.0,34.0,8,summer,46.285714285714285,24.525357000000003
4977,1,2024-08-26 09:00:00+00:00,25.447,25.947,26.497,27.296999,26.546999,23.747,28.4955,43.0,42.0,41.0,40.0,40.0,52.0,28.0,8,summer,40.857142857142854,26.28249971428571
4978,1,2024-08-26 10:00:00+00:00,26.097,26.296999,27.147,28.097,27.147,24.647,29.5455,41.0,41.0,38.0,37.0,37.0,49.0,25.0,8,summer,38.285714285714285,26.99678557142857
4979,1,2024-08-26 11:00:00+00:00,26.197,27.697,27.347,28.046999,27.046999,25.197,29.7955,41.0,37.0,37.0,36.0,35.0,46.0,24.0,8,summer,36.57142857142857,27.332499714285714
4980,1,2024-08-26 12:00:00+00:00,25.397,27.097,27.747,28.197,27.897,27.546999,27.7955,41.0,38.0,37.0,36.0,36.0,38.0,28.0,8,summer,36.285714285714285,27.382499857142857
4981,1,2024-08-26 13:00:00+00:00,25.447,26.546999,27.697,27.397,25.947,25.947,26.845499,41.0,40.0,37.0,38.0,46.0,46.0,31.0,8,summer,39.857142857142854,26.54678542857143
4982,1,2024-08-26 14:00:00+00:00,24.997,25.747,27.147,26.046999,23.097,23.546999,25.6455,42.0,41.0,37.0,41.0,59.0,59.0,34.0,8,summer,44.714285714285715,25.175356857142855
4983,1,2024-08-26 15:00:00+00:00,23.947,24.447,25.296999,24.497,20.747,21.497,24.4955,44.0,44.0,43.0,48.0,71.0,69.0,37.0,8,summer,50.857142857142854,23.561071285714288
4984,1,2024-08-26 16:00:00+00:00,22.397,23.046999,23.546999,22.597,19.546999,20.347,23.4955,49.0,48.0,48.0,61.0,78.0,75.0,39.0,8,summer,56.857142857142854,22.139642428571428
4985,1,2024-08-26 17:00:00+00:00,20.997,21.747,22.097,20.497,18.847,19.546999,22.5455,55.0,51.0,52.0,78.0,82.0,79.0,40.0,8,summer,62.42857142857143,20.896785571428573
4986,1,2024-08-26 18:00:00+00:00,20.597,20.947,20.597,19.546999,18.347,18.947,20.095499,55.0,52.0,68.0,83.0,84.0,82.0,54.0,8,summer,68.28571428571429,19.868214
4987,1,2024-08-26 19:00:00+00:00,19.697,20.046999,19.947,18.796999,17.997,18.447,18.845499,58.0,56.0,68.0,85.0,84.0,84.0,59.0,8,summer,70.57142857142857,19.111071000000003
4988,1,2024-08-26 20:00:00+00:00,18.796999,19.147,19.097,18.546999,17.796999,18.097,17.8955,63.0,60.0,67.0,82.0,82.0,86.0,64.0,8,summer,72.0,18.482499571428573
4989,1,2024-08-26 21:00:00+00:00,18.597,18.296999,18.497,18.247,17.647,17.747,17.095499,65.0,63.0,66.0,79.0,80.0,86.0,69.0,8,summer,72.57142857142857,18.018214
4990,1,2024-08-26 22:00:00+00:00,18.447,17.546999,17.997,17.597,17.447,17.347,16.345499,65.0,65.0,65.0,79.0,80.0,85.0,73.0,8,summer,73.14285714285714,17.532499714285716
4991,1,2024-08-26 23:00:00+00:00,18.597,17.046999,17.546999,16.847,17.247,16.947,15.7955,64.0,65.0,65.0,79.0,81.0,83.0,77.0,8,summer,73.42857142857143,17.14678542857143
4992,1,2024-08-27 00:00:00+00:00,17.046999,17.197,16.546999,17.647,16.947,17.497,15.695499,72.0,65.0,72.0,74.0,88.0,76.0,77.0,8,summer,74.85714285714286,16.939642428571428
4993,1,2024-08-27 01:00:00+00:00,16.597,17.097,16.097,17.247,16.447,17.447,15.2955,73.0,65.0,76.0,75.0,88.0,76.0,80.0,8,summer,76.14285714285714,16.603928571428575
4994,1,2024-08-27 02:00:00+00:00,16.097,16.897,16.047,16.897,15.896999,17.397,15.0455,77.0,67.0,77.0,77.0,88.0,74.0,83.0,8,summer,77.57142857142857,16.325356999999997
4995,1,2024-08-27 03:00:00+00:00,15.896999,16.647,16.097,16.897,15.847,17.597,15.4955,80.0,70.0,78.0,79.0,87.0,72.0,82.0,8,summer,78.28571428571429,16.35392842857143
4996,1,2024-08-27 04:00:00+00:00,15.646999,16.397,15.896999,17.347,16.497,18.097,17.0455,83.0,74.0,79.0,79.0,84.0,69.0,75.0,8,summer,77.57142857142857,16.703928285714287
4997,1,2024-08-27 05:00:00+00:00,17.447,17.697,17.647,18.147,17.597,18.796999,19.2455,78.0,72.0,76.0,77.0,79.0,65.0,64.0,8,summer,73.0,18.082499857142857
4998,1,2024-08-27 06:00:00+00:00,20.546999,20.546999,19.397,18.597,18.997,19.897,20.3955,64.0,63.0,70.0,75.0,74.0,61.0,58.0,8,summer,66.42857142857143,19.768214
4999,1,2024-08-27 07:00:00+00:00,22.997,23.097,21.546999,19.796999,20.847,21.647,21.6455,55.0,53.0,60.0,71.0,68.0,56.0,53.0,8,summer,59.42857142857143,21.653928285714283
5000,1,2024-08-27 08:00:00+00:00,25.247,25.347,23.747,21.296999,22.947,23.796999,22.7455,48.0,47.0,53.0,64.0,61.0,50.0,48.0,8,summer,53.0,23.589642571428573
5001,1,2024-08-27 09:00:00+00:00,26.697,26.847,25.296999,22.647,24.647,25.546999,23.8955,42.0,41.0,47.0,59.0,55.0,46.0,44.0,8,summer,47.714285714285715,25.082499714285714
5002,1,2024-08-27 10:00:00+00:00,27.647,27.897,25.747,23.997,25.796999,26.796999,25.4455,38.0,37.0,47.0,55.0,51.0,42.0,39.0,8,summer,44.142857142857146,26.18964257142857
5003,1,2024-08-27 11:00:00+00:00,28.097,28.546999,26.647,25.197,26.546999,27.697,26.9955,36.0,34.0,43.0,51.0,47.0,40.0,35.0,8,summer,40.857142857142854,27.103928285714286
5004,1,2024-08-27 12:00:00+00:00,27.647,28.597,27.447,26.847,27.046999,26.847,28.4955,37.0,33.0,39.0,41.0,45.0,45.0,30.0,8,summer,38.57142857142857,27.561071285714288
5005,1,2024-08-27 13:00:00+00:00,27.197,27.847,26.947,25.847,26.197,25.497,27.2455,38.0,34.0,40.0,46.0,49.0,52.0,33.0,8,summer,41.714285714285715,26.682499999999997
5006,1,2024-08-27 14:00:00+00:00,27.046999,26.847,25.247,24.197,24.747,23.397,25.4455,37.0,37.0,50.0,55.0,56.0,63.0,37.0,8,summer,47.857142857142854,25.275356999999996
5007,1,2024-08-27 15:00:00+00:00,26.296999,26.147,24.947,22.647,23.296999,21.597,23.8955,38.0,38.0,48.0,63.0,64.0,72.0,42.0,8,summer,52.142857142857146,24.118214
5008,1,2024-08-27 16:00:00+00:00,24.347,23.997,23.597,21.546999,22.046999,20.546999,22.845499,45.0,44.0,51.0,70.0,73.0,77.0,46.0,8,summer,58.0,22.703927999999998
5009,1,2024-08-27 17:00:00+00:00,22.347,21.697,22.296999,20.647,20.796999,19.796999,22.0455,52.0,52.0,53.0,77.0,83.0,79.0,51.0,8,summer,63.857142857142854,21.375356714285715
5010,1,2024-08-27 18:00:00+00:00,21.296999,20.796999,21.497,18.997,19.647,19.097,21.4955,56.0,57.0,53.0,87.0,90.0,81.0,54.0,8,summer,68.28571428571429,20.403928285714283
5011,1,2024-08-27 19:00:00+00:00,20.197,19.796999,20.147,18.347,18.597,18.296999,20.4455,59.0,60.0,59.0,87.0,92.0,82.0,60.0,8,summer,71.28571428571429,19.40392828571429
5012,1,2024-08-27 20:00:00+00:00,18.947,18.947,18.796999,17.647,17.597,17.497,19.4955,66.0,64.0,63.0,86.0,90.0,81.0,66.0,8,summer,73.71428571428571,18.418214142857146
5013,1,2024-08-27 21:00:00+00:00,18.147,18.046999,18.147,16.997,16.747,16.796999,18.595499,72.0,72.0,66.0,85.0,89.0,81.0,71.0,8,summer,76.57142857142857,17.639642428571428
5014,1,2024-08-27 22:00:00+00:00,17.647,17.546999,17.697,16.397,15.997,16.296999,17.595499,75.0,75.0,71.0,84.0,89.0,81.0,75.0,8,summer,78.57142857142857,17.025356714285714
5015,1,2024-08-27 23:00:00+00:00,16.897,17.197,17.247,15.797,15.396999,15.896999,16.595499,80.0,78.0,76.0,82.0,89.0,82.0,79.0,8,summer,80.85714285714286,16.43249957142857
5016,1,2024-08-28 00:00:00+00:00,16.047,16.997,16.697,15.646999,15.697,16.147,15.9955,84.0,80.0,79.0,82.0,82.0,84.0,80.0,8,summer,81.57142857142857,16.175356999999998
5017,1,2024-08-28 01:00:00+00:00,15.597,16.597,16.447,15.047,15.047,15.747,15.3455,87.0,82.0,81.0,86.0,84.0,85.0,84.0,8,summer,84.14285714285714,15.689642857142857
5018,1,2024-08-28 02:00:00+00:00,15.297,15.947,15.997,14.597,14.396999,15.497,14.9955,89.0,84.0,84.0,88.0,87.0,86.0,86.0,8,summer,86.28571428571429,15.246785571428571
5019,1,2024-08-28 03:00:00+00:00,15.047,15.497,15.547,14.896999,14.447,15.646999,15.3955,90.0,86.0,86.0,88.0,88.0,85.0,85.0,8,summer,86.85714285714286,15.211071142857142
5020,1,2024-08-28 04:00:00+00:00,14.997,15.197,15.197,16.347,15.646999,16.347,16.8955,89.0,88.0,87.0,83.0,85.0,83.0,78.0,8,summer,84.71428571428571,15.803928428571428
5021,1,2024-08-28 05:00:00+00:00,17.397,17.546999,17.647,18.597,17.546999,17.497,19.1955,80.0,79.0,78.0,74.0,79.0,79.0,67.0,8,summer,76.57142857142857,17.918214
5022,1,2024-08-28 06:00:00+00:00,20.847,21.247,21.097,20.497,19.697,18.997,22.2955,65.0,61.0,63.0,65.0,72.0,74.0,54.0,8,summer,64.85714285714286,20.66821428571429
5023,1,2024-08-28 07:00:00+00:00,23.296999,23.546999,23.747,22.947,22.197,21.097,24.8955,55.0,52.0,52.0,56.0,64.0,66.0,45.0,8,summer,55.714285714285715,23.103928285714286
5024,1,2024-08-28 08:00:00+00:00,25.247,25.647,25.747,25.647,24.947,23.497,27.595499,49.0,46.0,46.0,47.0,54.0,57.0,36.0,8,summer,47.857142857142854,25.475356999999995
5025,1,2024-08-28 09:00:00+00:00,26.997,27.347,27.247,27.697,27.097,25.397,29.4955,43.0,41.0,40.0,40.0,46.0,49.0,29.0,8,summer,41.142857142857146,27.325357142857143
5026,1,2024-08-28 10:00:00+00:00,27.997,27.897,28.247,28.747,28.247,26.447,30.2455,37.0,36.0,35.0,35.0,40.0,45.0,25.0,8,summer,36.142857142857146,28.261071428571427
5027,1,2024-08-28 11:00:00+00:00,28.546999,28.347,28.497,29.147,28.796999,26.997,30.2455,34.0,34.0,33.0,33.0,36.0,43.0,24.0,8,summer,33.857142857142854,28.653928285714283
5028,1,2024-08-28 12:00:00+00:00,28.497,28.546999,28.447,28.947,29.796999,28.247,30.6955,33.0,33.0,32.0,30.0,29.0,35.0,22.0,8,summer,30.571428571428573,29.025356857142864
5029,1,2024-08-28 13:00:00+00:00,28.247,28.497,28.397,28.697,29.796999,27.897,29.845499,33.0,32.0,32.0,30.0,27.0,35.0,23.0,8,summer,30.285714285714285,28.768213999999997
5030,1,2024-08-28 14:00:00+00:00,27.397,27.647,27.997,28.147,29.397,27.097,28.3955,35.0,34.0,32.0,31.0,27.0,37.0,26.0,8,summer,31.714285714285715,28.011071428571427
5031,1,2024-08-28 15:00:00+00:00,26.046999,25.997,26.847,27.046999,28.347,25.897,26.7955,38.0,40.0,35.0,34.0,29.0,41.0,31.0,8,summer,35.42857142857143,26.711071142857143
5032,1,2024-08-28 16:00:00+00:00,23.747,23.497,24.097,25.046999,26.247,24.046999,25.0455,45.0,49.0,44.0,40.0,36.0,47.0,38.0,8,summer,42.714285714285715,24.532499714285716
5033,1,2024-08-28 17:00:00+00:00,21.347,21.296999,21.697,22.597,23.497,21.796999,23.095499,54.0,58.0,53.0,49.0,46.0,54.0,47.0,8,summer,51.57142857142857,22.189642428571425
5034,1,2024-08-28 18:00:00+00:00,20.046999,19.997,20.097,20.697,21.296999,19.997,20.1955,59.0,60.0,59.0,57.0,54.0,60.0,54.0,8,summer,57.57142857142857,20.332499714285714
5035,1,2024-08-28 19:00:00+00:00,19.147,19.147,19.247,19.647,20.247,18.997,19.595499,63.0,64.0,63.0,63.0,58.0,63.0,56.0,8,summer,61.42857142857143,19.432499857142854
5036,1,2024-08-28 20:00:00+00:00,18.447,18.597,18.847,19.097,19.697,18.397,19.2955,67.0,68.0,67.0,69.0,60.0,64.0,59.0,8,summer,64.85714285714286,18.91107142857143
5037,1,2024-08-28 21:00:00+00:00,18.147,17.897,18.397,18.597,19.097,17.847,18.7955,71.0,73.0,69.0,73.0,63.0,66.0,62.0,8,summer,68.14285714285714,18.396785714285716
5038,1,2024-08-28 22:00:00+00:00,17.847,17.546999,17.747,18.046999,18.097,17.296999,17.7455,74.0,76.0,73.0,76.0,68.0,70.0,68.0,8,summer,72.14285714285714,17.761070999999998
5039,1,2024-08-28 23:00:00+00:00,17.347,17.046999,17.147,17.597,16.997,16.847,16.4955,76.0,79.0,76.0,78.0,73.0,75.0,75.0,8,summer,76.0,17.06821414285714
5040,1,2024-08-29 00:00:00+00:00,16.747,16.647,16.546999,16.947,16.546999,16.397,16.4955,79.0,79.0,78.0,78.0,82.0,79.0,76.0,8,summer,78.71428571428571,16.618214
5041,1,2024-08-29 01:00:00+00:00,16.247,16.047,16.047,16.247,15.747,15.697,15.7455,82.0,83.0,81.0,81.0,86.0,83.0,81.0,8,summer,82.42857142857143,15.968214285714286
5042,1,2024-08-29 02:00:00+00:00,15.797,15.497,15.447,15.497,14.997,15.097,14.9955,85.0,86.0,84.0,85.0,89.0,87.0,86.0,8,summer,86.0,15.332499999999998
5043,1,2024-08-29 03:00:00+00:00,15.447,14.997,14.896999,15.547,15.097,15.197,15.0955,86.0,89.0,87.0,85.0,89.0,87.0,86.0,8,summer,87.0,15.182499857142856
5044,1,2024-08-29 04:00:00+00:00,15.197,14.797,14.597,16.847,16.497,16.397,16.5455,87.0,90.0,89.0,80.0,83.0,82.0,79.0,8,summer,84.28571428571429,15.839642857142858
5045,1,2024-08-29 05:00:00+00:00,17.447,17.097,17.046999,18.897,18.697,18.296999,18.8955,79.0,82.0,80.0,71.0,73.0,74.0,68.0,8,summer,75.28571428571429,18.053928285714285
5046,1,2024-08-29 06:00:00+00:00,21.197,20.647,21.046999,20.897,21.046999,20.447,21.7955,62.0,66.0,64.0,64.0,63.0,66.0,58.0,8,summer,63.285714285714285,21.01107114285714
5047,1,2024-08-29 07:00:00+00:00,23.897,23.347,23.897,23.546999,23.597,22.997,25.1955,53.0,55.0,52.0,56.0,54.0,57.0,47.0,8,summer,53.42857142857143,23.782499857142856
5048,1,2024-08-29 08:00:00+00:00,26.296999,25.796999,26.097,26.347,26.347,25.747,28.9455,46.0,48.0,45.0,48.0,45.0,48.0,35.0,8,summer,45.0,26.511071142857144
5049,1,2024-08-29 09:00:00+00:00,28.046999,27.796999,27.947,28.497,28.447,27.897,30.9955,39.0,43.0,40.0,41.0,37.0,40.0,28.0,8,summer,38.285714285714285,28.518213999999997
5050,1,2024-08-29 10:00:00+00:00,29.197,28.847,29.197,29.597,29.597,28.997,29.9955,35.0,36.0,35.0,35.0,32.0,34.0,29.0,8,summer,33.714285714285715,29.346785714285716
5051,1,2024-08-29 11:00:00+00:00,29.597,29.347,29.847,30.046999,30.046999,29.497,27.345499,33.0,31.0,31.0,30.0,28.0,30.0,34.0,8,summer,31.0,29.389642428571428
5052,1,2024-08-29 12:00:00+00:00,29.097,28.897,29.597,29.897,29.546999,30.947,25.4955,30.0,30.0,29.0,29.0,28.0,23.0,39.0,8,summer,29.714285714285715,29.06821414285714
5053,1,2024-08-29 13:00:00+00:00,28.697,28.947,29.347,29.347,29.097,30.447,24.4955,31.0,30.0,29.0,29.0,29.0,22.0,41.0,8,summer,30.142857142857142,28.625357142857144
5054,1,2024-08-29 14:00:00+00:00,27.947,28.296999,28.796999,28.296999,28.147,29.397,23.9955,33.0,31.0,29.0,32.0,31.0,22.0,43.0,8,summer,31.571428571428573,27.839642428571427
5055,1,2024-08-29 15:00:00+00:00,26.347,26.847,26.997,26.897,26.847,27.947,23.3955,38.0,36.0,35.0,36.0,35.0,25.0,46.0,8,summer,35.857142857142854,26.468214285714286
5056,1,2024-08-29 16:00:00+00:00,23.796999,24.347,24.647,24.847,24.897,25.796999,22.3955,44.0,44.0,42.0,43.0,41.0,33.0,53.0,8,summer,42.857142857142854,24.38964257142857
5057,1,2024-08-29 17:00:00+00:00,21.546999,21.997,22.296999,22.447,22.546999,23.247,21.2955,51.0,52.0,51.0,51.0,48.0,43.0,62.0,8,summer,51.142857142857146,22.196785285714288
5058,1,2024-08-29 18:00:00+00:00,20.546999,20.296999,20.597,20.247,20.647,21.197,23.2955,55.0,58.0,56.0,57.0,54.0,51.0,41.0,8,summer,53.142857142857146,20.975356857142856
5059,1,2024-08-29 19:00:00+00:00,19.847,19.397,19.597,19.296999,19.597,20.247,21.6955,56.0,60.0,60.0,59.0,56.0,54.0,46.0,8,summer,55.857142857142854,19.95392842857143
5060,1,2024-08-29 20:00:00+00:00,19.197,18.796999,18.997,18.897,18.997,19.796999,20.095499,61.0,63.0,61.0,60.0,57.0,55.0,50.0,8,summer,58.142857142857146,19.253928142857145
5061,1,2024-08-29 21:00:00+00:00,18.497,18.197,18.347,18.447,18.397,19.347,18.7955,65.0,67.0,65.0,62.0,58.0,56.0,55.0,8,summer,61.142857142857146,18.575357142857143
5062,1,2024-08-29 22:00:00+00:00,17.947,17.597,17.697,17.796999,17.697,18.647,18.095499,69.0,71.0,69.0,67.0,62.0,59.0,59.0,8,summer,65.14285714285714,17.92535685714286
5063,1,2024-08-29 23:00:00+00:00,17.247,17.097,17.247,17.147,16.997,17.947,17.6955,72.0,74.0,73.0,72.0,67.0,62.0,63.0,8,summer,69.0,17.339642857142856
5064,1,2024-08-30 00:00:00+00:00,16.747,16.546999,16.847,16.597,16.647,16.247,17.095499,75.0,78.0,75.0,78.0,74.0,70.0,64.0,8,summer,73.42857142857143,16.675356857142855
5065,1,2024-08-30 01:00:00+00:00,16.397,15.847,15.947,15.646999,15.646999,15.297,16.1955,77.0,83.0,79.0,82.0,79.0,75.0,67.0,8,summer,77.42857142857143,15.853928285714286
5066,1,2024-08-30 02:00:00+00:00,15.896999,15.247,15.247,14.646999,14.697,14.396999,15.3955,80.0,86.0,83.0,86.0,85.0,81.0,70.0,8,summer,81.57142857142857,15.075356714285714
5067,1,2024-08-30 03:00:00+00:00,15.197,14.747,14.697,14.547,14.597,14.396999,15.445499,83.0,88.0,86.0,86.0,86.0,82.0,70.0,8,summer,83.0,14.803928285714283
5068,1,2024-08-30 04:00:00+00:00,14.747,14.396999,14.347,15.797,15.947,15.797,16.7455,86.0,89.0,88.0,80.0,81.0,77.0,65.0,8,summer,80.85714285714286,15.396785571428572
5069,1,2024-08-30 05:00:00+00:00,17.046999,16.847,16.796999,17.897,18.197,18.097,18.9455,77.0,79.0,79.0,71.0,72.0,67.0,57.0,8,summer,71.71428571428571,17.68964257142857
5070,1,2024-08-30 06:00:00+00:00,20.647,20.296999,20.397,20.497,20.697,20.597,21.9955,62.0,65.0,65.0,63.0,62.0,58.0,50.0,8,summer,60.714285714285715,20.73249985714286
5071,1,2024-08-30 07:00:00+00:00,23.796999,23.397,23.347,23.197,23.497,23.347,25.0455,50.0,53.0,54.0,54.0,52.0,50.0,40.0,8,summer,50.42857142857143,23.661071285714286
5072,1,2024-08-30 08:00:00+00:00,26.497,26.197,26.046999,26.147,26.597,26.296999,28.345499,42.0,44.0,46.0,44.0,42.0,42.0,29.0,8,summer,41.285714285714285,26.58964242857143
5073,1,2024-08-30 09:00:00+00:00,28.397,28.247,28.347,28.447,28.897,28.546999,30.6955,36.0,37.0,39.0,36.0,34.0,35.0,21.0,8,summer,34.0,28.796785571428575
5074,1,2024-08-30 10:00:00+00:00,29.647,29.347,29.597,29.747,30.097,29.697,31.4455,30.0,31.0,31.0,30.0,28.0,30.0,18.0,8,summer,28.285714285714285,29.93964285714286
5075,1,2024-08-30 11:00:00+00:00,30.046999,29.847,30.296999,30.347,30.597,30.097,31.1955,26.0,28.0,28.0,26.0,25.0,26.0,18.0,8,summer,25.285714285714285,30.346785428571433
5076,1,2024-08-30 12:00:00+00:00,30.147,29.397,30.397,30.796999,30.497,30.397,27.095499,23.0,26.0,25.0,23.0,23.0,23.0,29.0,8,summer,24.571428571428573,29.818214
5077,1,2024-08-30 13:00:00+00:00,29.046999,28.796999,28.847,30.097,29.796999,29.947,27.2455,25.0,27.0,28.0,23.0,23.0,24.0,28.0,8,summer,25.428571428571427,29.111071000000003
5078,1,2024-08-30 14:00:00+00:00,28.347,28.046999,26.997,28.697,28.497,28.947,27.845499,27.0,30.0,35.0,26.0,24.0,26.0,26.0,8,summer,27.714285714285715,28.196785428571424
5079,1,2024-08-30 15:00:00+00:00,26.747,26.147,26.296999,27.097,26.897,27.697,27.7955,28.0,34.0,39.0,30.0,28.0,30.0,25.0,8,summer,30.571428571428573,26.95392842857143
5080,1,2024-08-30 16:00:00+00:00,23.796999,23.197,24.197,25.097,24.847,25.997,26.4955,38.0,42.0,43.0,37.0,35.0,35.0,28.0,8,summer,36.857142857142854,24.803928428571428
5081,1,2024-08-30 17:00:00+00:00,21.397,20.997,22.197,22.847,22.497,23.997,24.595499,50.0,53.0,48.0,46.0,44.0,42.0,32.0,8,summer,45.0,22.64678557142857
5082,1,2024-08-30 18:00:00+00:00,20.697,19.947,20.647,21.497,20.697,22.397,21.3955,54.0,51.0,54.0,50.0,51.0,46.0,40.0,8,summer,49.42857142857143,21.03964285714286
5083,1,2024-08-30 19:00:00+00:00,20.197,19.197,20.097,20.597,19.897,21.546999,19.8955,53.0,52.0,55.0,52.0,53.0,47.0,42.0,8,summer,50.57142857142857,20.203928428571427
5084,1,2024-08-30 20:00:00+00:00,19.247,18.747,19.597,19.997,19.647,21.097,18.595499,53.0,54.0,55.0,52.0,52.0,45.0,44.0,8,summer,50.714285714285715,19.561071285714284
5085,1,2024-08-30 21:00:00+00:00,18.197,18.147,19.046999,19.347,19.247,20.447,17.595499,55.0,57.0,57.0,54.0,53.0,46.0,47.0,8,summer,52.714285714285715,18.861071142857146
5086,1,2024-08-30 22:00:00+00:00,17.247,17.497,18.497,18.397,18.397,19.197,16.9455,60.0,62.0,58.0,58.0,57.0,51.0,53.0,8,summer,57.0,18.025357142857143
5087,1,2024-08-30 23:00:00+00:00,16.597,16.796999,17.597,17.447,17.447,17.796999,16.595499,65.0,67.0,62.0,62.0,62.0,58.0,61.0,8,summer,62.42857142857143,17.182499571428572
5088,1,2024-08-31 00:00:00+00:00,15.747,16.447,16.397,16.697,16.497,16.147,16.3955,71.0,72.0,68.0,68.0,73.0,68.0,65.0,8,summer,69.28571428571429,16.3325
5089,1,2024-08-31 01:00:00+00:00,15.097,15.997,15.847,15.997,15.597,15.097,15.695499,75.0,76.0,72.0,73.0,78.0,74.0,72.0,8,summer,74.28571428571429,15.618214142857141
5090,1,2024-08-31 02:00:00+00:00,14.497,15.497,15.396999,15.447,14.747,14.197,15.2455,79.0,78.0,76.0,77.0,82.0,80.0,79.0,8,summer,78.71428571428571,15.00392842857143
5091,1,2024-08-31 03:00:00+00:00,13.947,14.997,14.997,15.597,14.747,14.197,15.4955,81.0,80.0,80.0,78.0,82.0,82.0,80.0,8,summer,80.42857142857143,14.85392857142857
5092,1,2024-08-31 04:00:00+00:00,13.646999,14.697,14.497,16.697,16.197,15.697,16.845499,83.0,82.0,83.0,74.0,76.0,76.0,73.0,8,summer,78.14285714285714,15.468214000000001
5093,1,2024-08-31 05:00:00+00:00,16.097,17.097,16.847,18.447,18.546999,18.147,18.8955,74.0,73.0,76.0,67.0,65.0,67.0,62.0,8,summer,69.14285714285714,17.725357
5094,1,2024-08-31 06:00:00+00:00,19.597,20.397,20.597,20.497,20.997,20.747,20.6955,62.0,59.0,59.0,59.0,55.0,56.0,53.0,8,summer,57.57142857142857,20.50392857142857
5095,1,2024-08-31 07:00:00+00:00,22.796999,23.097,23.397,23.046999,23.497,23.497,23.4955,51.0,49.0,49.0,51.0,46.0,45.0,44.0,8,summer,47.857142857142854,23.26107114285714
5096,1,2024-08-31 08:00:00+00:00,25.546999,25.597,25.747,25.847,26.046999,26.447,26.6455,43.0,42.0,42.0,43.0,37.0,34.0,35.0,8,summer,39.42857142857143,25.982499714285716
5097,1,2024-08-31 09:00:00+00:00,27.796999,27.796999,27.546999,27.847,27.947,28.647,28.8955,37.0,36.0,37.0,37.0,30.0,25.0,28.0,8,summer,32.857142857142854,28.068213857142858
5098,1,2024-08-31 10:00:00+00:00,28.796999,29.397,28.997,28.546999,28.897,29.897,29.6955,31.0,32.0,33.0,33.0,26.0,21.0,25.0,8,summer,28.714285714285715,29.175356857142855
5099,1,2024-08-31 11:00:00+00:00,29.247,29.597,29.597,28.397,29.247,30.447,29.5455,28.0,27.0,28.0,32.0,25.0,20.0,25.0,8,summer,26.428571428571427,29.439642857142854
5100,1,2024-08-31 12:00:00+00:00,29.397,29.597,29.597,29.546999,28.947,30.497,28.1955,26.0,24.0,26.0,25.0,26.0,20.0,27.0,8,summer,24.857142857142858,29.396785571428573
5101,1,2024-08-31 13:00:00+00:00,28.997,29.147,29.397,28.697,28.247,29.397,27.4455,25.0,25.0,25.0,26.0,27.0,23.0,27.0,8,summer,25.428571428571427,28.76107142857143
5102,1,2024-08-31 14:00:00+00:00,27.947,27.997,27.796999,27.197,27.046999,27.597,26.3955,28.0,27.0,28.0,29.0,29.0,27.0,28.0,8,summer,28.0,27.425356857142862
5103,1,2024-08-31 15:00:00+00:00,25.897,25.997,25.796999,25.697,25.647,25.747,25.1955,34.0,32.0,33.0,32.0,32.0,32.0,30.0,8,summer,32.142857142857146,25.711071285714286
5104,1,2024-08-31 16:00:00+00:00,24.147,24.046999,23.497,24.347,23.947,23.997,23.7455,37.0,38.0,40.0,36.0,37.0,37.0,33.0,8,summer,36.857142857142854,23.96107128571429
5105,1,2024-08-31 17:00:00+00:00,22.447,22.296999,21.897,23.046999,22.046999,22.247,22.095499,43.0,45.0,45.0,40.0,42.0,42.0,38.0,8,summer,42.142857142857146,22.29678514285714
5106,1,2024-08-31 18:00:00+00:00,21.697,21.447,20.197,21.046999,20.546999,20.796999,21.2955,47.0,48.0,48.0,48.0,47.0,46.0,41.0,8,summer,46.42857142857143,21.00392814285714
5107,1,2024-08-31 19:00:00+00:00,20.997,20.796999,19.296999,20.046999,19.796999,19.947,20.1955,49.0,51.0,50.0,52.0,50.0,48.0,46.0,8,summer,49.42857142857143,20.153928
5108,1,2024-08-31 20:00:00+00:00,20.447,20.247,18.647,19.296999,19.447,19.447,19.2455,51.0,54.0,55.0,55.0,53.0,49.0,52.0,8,summer,52.714285714285715,19.539642714285716
5109,1,2024-08-31 21:00:00+00:00,19.497,19.747,17.997,18.546999,18.897,18.847,18.2955,55.0,56.0,58.0,58.0,56.0,51.0,58.0,8,summer,56.0,18.83249985714286
5110,1,2024-08-31 22:00:00+00:00,18.397,17.747,17.147,17.597,17.796999,18.046999,17.2955,60.0,63.0,62.0,62.0,61.0,55.0,63.0,8,summer,60.857142857142854,17.718214
5111,1,2024-08-31 23:00:00+00:00,17.247,16.447,16.247,16.597,16.597,17.147,16.2955,65.0,70.0,66.0,66.0,66.0,60.0,67.0,8,summer,65.71428571428571,16.653928571428573
5112,1,2024-09-01 00:00:00+00:00,15.697,16.546999,15.146999,16.747,16.197,16.147,16.1955,71.0,70.0,70.0,67.0,68.0,66.0,66.0,9,summer,68.28571428571429,16.09678542857143
5113,1,2024-09-01 01:00:00+00:00,14.597,15.896999,14.697,16.296999,15.847,15.597,15.3955,75.0,73.0,73.0,70.0,71.0,70.0,71.0,9,summer,71.85714285714286,15.475356857142856
5114,1,2024-09-01 02:00:00+00:00,14.197,15.497,14.247,16.047,15.797,15.297,14.4955,77.0,77.0,78.0,72.0,73.0,73.0,76.0,9,summer,75.14285714285714,15.082499999999998
5115,1,2024-09-01 03:00:00+00:00,13.997,15.146999,13.797,16.296999,16.247,15.646999,14.4955,78.0,80.0,83.0,72.0,72.0,73.0,77.0,9,summer,76.42857142857143,15.089642428571429
5116,1,2024-09-01 04:00:00+00:00,13.997,15.197,13.396999,17.247,17.247,16.947,15.8455,80.0,81.0,87.0,69.0,68.0,68.0,72.0,9,summer,75.0,15.696785571428572
5117,1,2024-09-01 05:00:00+00:00,16.546999,17.046999,15.997,18.647,18.647,18.847,17.9955,72.0,74.0,78.0,64.0,62.0,60.0,62.0,9,summer,67.42857142857143,17.675356857142855
5118,1,2024-09-01 06:00:00+00:00,20.296999,19.796999,20.347,19.947,20.347,20.947,20.1955,54.0,58.0,59.0,60.0,55.0,52.0,51.0,9,summer,55.57142857142857,20.268214
5119,1,2024-09-01 07:00:00+00:00,23.097,22.147,23.197,22.197,22.497,23.247,23.345499,43.0,47.0,47.0,52.0,48.0,45.0,42.0,9,summer,46.285714285714285,22.81821414285714
5120,1,2024-09-01 08:00:00+00:00,25.546999,24.697,25.747,24.796999,24.947,25.647,26.7955,36.0,39.0,39.0,42.0,41.0,38.0,32.0,9,summer,38.142857142857146,25.453928285714287
5121,1,2024-09-01 09:00:00+00:00,27.247,26.697,27.546999,26.747,26.847,27.546999,29.095499,32.0,33.0,34.0,35.0,35.0,33.0,26.0,9,summer,32.57142857142857,27.389642428571428
5122,1,2024-09-01 10:00:00+00:00,28.597,28.197,28.247,27.697,27.947,28.697,29.4955,29.0,30.0,30.0,31.0,32.0,30.0,24.0,9,summer,29.428571428571427,28.41107142857143
5123,1,2024-09-01 11:00:00+00:00,28.546999,27.597,28.147,27.997,28.497,29.347,28.7455,27.0,29.0,29.0,29.0,30.0,28.0,25.0,9,summer,28.142857142857142,28.411071285714286
5124,1,2024-09-01 12:00:00+00:00,28.147,26.647,27.697,27.847,28.796999,27.897,27.3955,29.0,31.0,29.0,27.0,27.0,28.0,27.0,9,summer,28.285714285714285,27.775356999999996
5125,1,2024-09-01 13:00:00+00:00,27.747,26.497,27.647,27.347,28.296999,27.546999,26.595499,28.0,31.0,29.0,28.0,27.0,28.0,29.0,9,summer,28.571428571428573,27.38249957142857
5126,1,2024-09-01 14:00:00+00:00,26.546999,25.497,27.197,26.497,27.296999,26.947,25.5455,31.0,32.0,30.0,30.0,28.0,29.0,31.0,9,summer,30.142857142857142,26.503928285714288
5127,1,2024-09-01 15:00:00+00:00,25.447,24.697,26.097,25.296999,25.897,25.947,24.3955,32.0,33.0,33.0,33.0,31.0,32.0,34.0,9,summer,32.57142857142857,25.396785571428573
5128,1,2024-09-01 16:00:00+00:00,23.447,23.097,23.947,23.546999,23.997,24.347,22.9455,38.0,38.0,39.0,38.0,36.0,37.0,37.0,9,summer,37.57142857142857,23.618214142857145
5129,1,2024-09-01 17:00:00+00:00,21.747,21.397,22.046999,21.447,21.697,22.347,21.3955,43.0,43.0,44.0,44.0,43.0,43.0,40.0,9,summer,42.857142857142854,21.725357000000002
5130,1,2024-09-01 18:00:00+00:00,20.796999,20.997,20.497,20.197,19.796999,20.796999,22.2955,45.0,44.0,48.0,48.0,49.0,48.0,39.0,9,summer,45.857142857142854,20.768213857142857
5131,1,2024-09-01 19:00:00+00:00,19.947,20.097,19.347,19.546999,18.647,20.046999,21.1455,47.0,47.0,52.0,50.0,54.0,50.0,43.0,9,summer,49.0,19.825356857142854
5132,1,2024-09-01 20:00:00+00:00,19.947,19.197,18.597,19.347,17.847,19.697,19.6455,47.0,50.0,57.0,51.0,57.0,51.0,48.0,9,summer,51.57142857142857,19.1825
5133,1,2024-09-01 21:00:00+00:00,19.597,18.397,18.247,18.997,17.147,19.247,18.3955,51.0,55.0,60.0,53.0,61.0,53.0,53.0,9,summer,55.142857142857146,18.57535714285714
5134,1,2024-09-01 22:00:00+00:00,19.046999,17.447,18.147,18.247,16.347,18.447,17.5455,55.0,60.0,61.0,56.0,64.0,55.0,58.0,9,summer,58.42857142857143,17.889642714285717
5135,1,2024-09-01 23:00:00+00:00,18.397,16.747,17.947,17.296999,15.597,17.546999,16.845499,57.0,63.0,63.0,59.0,68.0,58.0,63.0,9,summer,61.57142857142857,17.196785285714284
5136,1,2024-09-02 00:00:00+00:00,16.747,17.546999,18.296999,17.296999,16.397,17.097,15.9955,61.0,61.0,59.0,61.0,67.0,67.0,71.0,9,summer,63.857142857142854,17.053928142857142
5137,1,2024-09-02 01:00:00+00:00,15.646999,16.947,17.497,16.497,15.697,16.647,15.0455,65.0,63.0,61.0,65.0,72.0,71.0,76.0,9,summer,67.57142857142857,16.282499857142856
5138,1,2024-09-02 02:00:00+00:00,14.847,16.597,16.597,15.697,15.247,16.296999,14.195499,70.0,66.0,65.0,69.0,76.0,76.0,81.0,9,summer,71.85714285714286,15.63964257142857
5139,1,2024-09-02 03:00:00+00:00,14.547,16.296999,16.447,15.597,15.447,16.447,14.2955,73.0,68.0,68.0,70.0,77.0,77.0,81.0,9,summer,73.42857142857143,15.582499857142858
5140,1,2024-09-02 04:00:00+00:00,15.197,16.147,16.647,16.597,16.597,17.397,15.8455,73.0,70.0,69.0,67.0,73.0,74.0,74.0,9,summer,71.42857142857143,16.346785714285712
5141,1,2024-09-02 05:00:00+00:00,17.296999,18.097,17.847,18.347,18.347,18.847,18.345499,67.0,64.0,66.0,62.0,66.0,67.0,64.0,9,summer,65.14285714285714,18.161071142857146
5142,1,2024-09-02 06:00:00+00:00,20.097,20.247,20.097,20.197,20.397,20.546999,20.7955,56.0,54.0,58.0,59.0,58.0,60.0,53.0,9,summer,56.857142857142854,20.339642714285713
5143,1,2024-09-02 07:00:00+00:00,22.197,22.747,22.447,22.447,22.847,22.697,24.2455,49.0,47.0,50.0,52.0,50.0,52.0,43.0,9,summer,49.0,22.80392857142857
5144,1,2024-09-02 08:00:00+00:00,24.197,25.397,24.947,25.097,25.546999,25.046999,28.0455,43.0,39.0,43.0,44.0,42.0,44.0,33.0,9,summer,41.142857142857146,25.468214
5145,1,2024-09-02 09:00:00+00:00,26.397,27.546999,27.296999,27.097,27.546999,26.847,30.2955,37.0,34.0,37.0,38.0,36.0,38.0,27.0,9,summer,35.285714285714285,27.575356714285714
5146,1,2024-09-02 10:00:00+00:00,27.897,28.997,28.697,27.897,28.347,27.647,29.845499,32.0,30.0,31.0,34.0,33.0,35.0,26.0,9,summer,31.571428571428573,28.475357
5147,1,2024-09-02 11:00:00+00:00,28.046999,28.747,28.997,28.046999,28.497,27.897,27.7955,30.0,28.0,28.0,31.0,31.0,33.0,29.0,9,summer,30.0,28.28964257142857
5148,1,2024-09-02 12:00:00+00:00,27.046999,27.697,29.247,28.296999,27.897,28.796999,27.7955,33.0,30.0,27.0,30.0,30.0,29.0,30.0,9,summer,29.857142857142858,28.111071000000003
5149,1,2024-09-02 13:00:00+00:00,27.197,27.447,29.296999,27.997,27.796999,28.597,26.345499,33.0,30.0,27.0,30.0,30.0,29.0,33.0,9,summer,30.285714285714285,27.811071000000002
5150,1,2024-09-02 14:00:00+00:00,26.847,26.697,28.747,27.447,27.447,28.046999,24.4955,34.0,32.0,28.0,31.0,30.0,30.0,37.0,9,summer,31.714285714285715,27.10392842857143
5151,1,2024-09-02 15:00:00+00:00,25.546999,26.147,27.747,26.546999,26.697,27.097,22.9955,38.0,34.0,29.0,33.0,32.0,32.0,41.0,9,summer,34.142857142857146,26.111071142857146
5152,1,2024-09-02 16:00:00+00:00,23.647,24.997,25.347,25.197,25.147,25.546999,22.1455,47.0,39.0,36.0,38.0,37.0,37.0,44.0,9,summer,39.714285714285715,24.575357
5153,1,2024-09-02 17:00:00+00:00,22.347,23.296999,23.697,23.546999,23.197,23.597,21.6955,50.0,43.0,43.0,44.0,43.0,43.0,48.0,9,summer,44.857142857142854,23.053928285714285
5154,1,2024-09-02 18:00:00+00:00,20.747,21.147,22.296999,21.747,21.546999,21.997,21.595499,57.0,49.0,48.0,49.0,49.0,48.0,46.0,9,summer,49.42857142857143,21.58249957142857
5155,1,2024-09-02 19:00:00+00:00,19.847,20.546999,21.497,20.796999,20.597,21.046999,21.0455,59.0,51.0,51.0,52.0,53.0,52.0,49.0,9,summer,52.42857142857143,20.768213857142857
5156,1,2024-09-02 20:00:00+00:00,18.997,20.197,20.747,20.197,19.947,20.447,20.4955,61.0,52.0,55.0,55.0,56.0,56.0,53.0,9,summer,55.42857142857143,20.146785714285716
5157,1,2024-09-02 21:00:00+00:00,18.247,19.397,20.097,19.546999,19.247,19.897,19.6955,66.0,58.0,59.0,58.0,59.0,59.0,57.0,9,summer,59.42857142857143,19.44678557142857
5158,1,2024-09-02 22:00:00+00:00,17.197,18.447,19.247,18.597,18.397,19.197,18.4955,71.0,63.0,62.0,62.0,63.0,63.0,62.0,9,summer,63.714285714285715,18.511071428571427
5159,1,2024-09-02 23:00:00+00:00,16.347,17.247,18.296999,17.647,17.497,18.597,17.095499,74.0,67.0,64.0,66.0,66.0,66.0,68.0,9,summer,67.28571428571429,17.532499714285716
5160,1,2024-09-03 00:00:00+00:00,16.847,15.797,17.347,18.147,16.947,17.397,18.6955,68.0,72.0,70.0,64.0,72.0,70.0,61.0,9,summer,68.14285714285714,17.311071428571427
5161,1,2024-09-03 01:00:00+00:00,15.947,15.047,16.347,16.847,16.247,16.647,17.3955,73.0,77.0,77.0,72.0,77.0,74.0,67.0,9,summer,73.85714285714286,16.353928571428572
5162,1,2024-09-03 02:00:00+00:00,15.447,14.547,15.646999,15.497,15.646999,16.047,15.8955,76.0,81.0,82.0,80.0,81.0,78.0,74.0,9,summer,78.85714285714286,15.532499714285715
5163,1,2024-09-03 03:00:00+00:00,14.797,14.297,15.146999,15.097,15.797,16.147,15.4955,80.0,84.0,85.0,84.0,82.0,79.0,77.0,9,summer,81.57142857142857,15.25392842857143
5164,1,2024-09-03 04:00:00+00:00,14.396999,14.347,14.896999,16.447,17.147,17.296999,16.9455,83.0,84.0,87.0,79.0,76.0,75.0,71.0,9,summer,79.28571428571429,15.925356714285712
5165,1,2024-09-03 05:00:00+00:00,17.197,17.447,17.447,18.747,19.247,19.097,19.5455,73.0,71.0,78.0,69.0,67.0,67.0,61.0,9,summer,69.42857142857143,18.389642857142857
5166,1,2024-09-03 06:00:00+00:00,20.447,21.046999,20.997,20.897,21.296999,20.997,21.8955,61.0,57.0,59.0,61.0,58.0,60.0,51.0,9,summer,58.142857142857146,21.082499714285714
5167,1,2024-09-03 07:00:00+00:00,23.296999,23.847,23.046999,22.647,23.247,22.947,25.1955,51.0,49.0,51.0,54.0,50.0,53.0,42.0,9,summer,50.0,23.461071142857143
5168,1,2024-09-03 08:00:00+00:00,25.997,26.046999,25.046999,24.197,25.147,24.997,28.6955,44.0,42.0,45.0,47.0,43.0,46.0,33.0,9,summer,42.857142857142854,25.73249971428572
5169,1,2024-09-03 09:00:00+00:00,27.697,27.247,25.647,25.347,26.546999,26.497,30.7955,37.0,37.0,41.0,42.0,38.0,41.0,28.0,9,summer,37.714285714285715,27.111071285714292
5170,1,2024-09-03 10:00:00+00:00,28.447,28.347,26.197,25.947,27.147,27.296999,30.595499,33.0,33.0,39.0,40.0,36.0,38.0,27.0,9,summer,35.142857142857146,27.711071142857143
5171,1,2024-09-03 11:00:00+00:00,29.247,28.796999,27.447,26.147,27.247,27.597,28.9955,31.0,31.0,37.0,39.0,36.0,36.0,29.0,9,summer,34.142857142857146,27.925356999999998
5172,1,2024-09-03 12:00:00+00:00,28.947,29.397,27.947,26.897,26.046999,26.947,27.6955,32.0,30.0,33.0,39.0,42.0,37.0,31.0,9,summer,34.857142857142854,27.69678557142857
5173,1,2024-09-03 13:00:00+00:00,28.647,28.897,27.847,26.847,26.097,26.897,25.9955,33.0,30.0,33.0,39.0,41.0,37.0,37.0,9,summer,35.714285714285715,27.318214285714284
5174,1,2024-09-03 14:00:00+00:00,28.197,28.447,27.447,26.397,25.847,26.597,23.8955,34.0,31.0,34.0,39.0,40.0,37.0,44.0,9,summer,37.0,26.68964285714286
5175,1,2024-09-03 15:00:00+00:00,26.947,27.097,26.397,25.647,25.296999,25.947,22.095499,37.0,34.0,37.0,40.0,41.0,39.0,51.0,9,summer,39.857142857142854,25.63249971428571
5176,1,2024-09-03 16:00:00+00:00,23.847,24.447,23.747,24.347,24.097,24.647,21.095499,49.0,44.0,51.0,43.0,46.0,42.0,56.0,9,summer,47.285714285714285,23.74678557142857
5177,1,2024-09-03 17:00:00+00:00,22.697,22.947,21.697,22.697,22.597,22.997,20.4455,50.0,48.0,61.0,47.0,54.0,47.0,60.0,9,summer,52.42857142857143,22.296785714285715
5178,1,2024-09-03 18:00:00+00:00,19.847,20.247,21.447,19.897,21.296999,21.497,18.7955,80.0,73.0,51.0,79.0,60.0,51.0,73.0,9,summer,66.71428571428571,20.432499857142854
5179,1,2024-09-03 19:00:00+00:00,19.296999,19.397,20.796999,19.247,20.497,20.447,18.3955,84.0,81.0,54.0,79.0,62.0,55.0,74.0,9,summer,69.85714285714286,19.725356857142856
5180,1,2024-09-03 20:00:00+00:00,18.897,19.296999,20.247,19.046999,19.997,19.647,18.1455,82.0,79.0,56.0,74.0,62.0,58.0,74.0,9,summer,69.28571428571429,19.325356857142857
5181,1,2024-09-03 21:00:00+00:00,18.347,19.347,19.647,18.796999,19.546999,18.847,17.8955,76.0,70.0,61.0,70.0,63.0,62.0,74.0,9,summer,68.0,18.918214000000003
5182,1,2024-09-03 22:00:00+00:00,17.897,18.796999,19.447,18.197,19.197,17.947,17.4955,75.0,70.0,62.0,71.0,65.0,68.0,75.0,9,summer,69.42857142857143,18.425356999999998
5183,1,2024-09-03 23:00:00+00:00,17.497,18.247,19.097,17.497,18.897,17.046999,17.0455,78.0,71.0,62.0,73.0,67.0,75.0,76.0,9,summer,71.71428571428571,17.903928428571426
5184,1,2024-09-04 00:00:00+00:00,18.046999,17.796999,17.647,17.796999,18.247,18.747,18.2955,68.0,74.0,69.0,75.0,68.0,64.0,66.0,9,summer,69.14285714285714,18.08249957142857
5185,1,2024-09-04 01:00:00+00:00,17.546999,17.597,17.296999,17.147,17.796999,18.296999,17.6955,70.0,74.0,71.0,75.0,70.0,66.0,68.0,9,summer,70.57142857142857,17.625356571428572
5186,1,2024-09-04 02:00:00+00:00,17.296999,17.497,17.296999,16.497,17.347,17.847,16.9955,71.0,73.0,70.0,77.0,71.0,68.0,71.0,9,summer,71.57142857142857,17.253928285714288
5187,1,2024-09-04 03:00:00+00:00,17.147,17.197,17.296999,16.296999,17.296999,17.747,16.8955,71.0,73.0,70.0,77.0,71.0,68.0,71.0,9,summer,71.57142857142857,17.12535671428571
5188,1,2024-09-04 04:00:00+00:00,17.347,17.046999,17.296999,16.947,17.697,18.147,17.7455,71.0,74.0,70.0,75.0,69.0,67.0,67.0,9,summer,70.42857142857143,17.461071142857143
5189,1,2024-09-04 05:00:00+00:00,18.597,17.747,18.397,18.097,18.447,18.947,19.2955,68.0,72.0,67.0,71.0,65.0,64.0,60.0,9,summer,66.71428571428571,18.50392857142857
5190,1,2024-09-04 06:00:00+00:00,20.447,19.447,18.847,20.796999,19.647,19.997,21.3955,61.0,65.0,68.0,57.0,61.0,61.0,52.0,9,summer,60.714285714285715,20.082499857142857
5191,1,2024-09-04 07:00:00+00:00,22.097,21.497,20.147,22.097,21.597,21.497,24.845499,55.0,56.0,61.0,53.0,55.0,56.0,43.0,9,summer,54.142857142857146,21.968214142857143
5192,1,2024-09-04 08:00:00+00:00,23.296999,23.597,22.197,23.296999,23.947,23.296999,28.6455,52.0,49.0,53.0,49.0,48.0,50.0,34.0,9,summer,47.857142857142854,24.03964242857143
5193,1,2024-09-04 09:00:00+00:00,24.546999,24.897,23.347,24.397,25.796999,24.747,30.8955,48.0,45.0,50.0,45.0,42.0,45.0,28.0,9,summer,43.285714285714285,25.518213999999997
5194,1,2024-09-04 10:00:00+00:00,25.897,25.247,23.296999,25.497,26.747,25.747,30.4955,43.0,43.0,52.0,42.0,39.0,42.0,28.0,9,summer,41.285714285714285,26.132499857142857
5195,1,2024-09-04 11:00:00+00:00,26.796999,25.997,23.197,26.447,27.147,26.397,28.5455,41.0,41.0,54.0,39.0,37.0,40.0,30.0,9,summer,40.285714285714285,26.361071285714285
5196,1,2024-09-04 12:00:00+00:00,27.046999,26.247,20.947,27.147,25.997,26.796999,23.9955,38.0,41.0,58.0,37.0,39.0,39.0,45.0,9,summer,42.42857142857143,25.453928285714287
5197,1,2024-09-04 13:00:00+00:00,26.997,26.347,21.647,26.997,25.747,26.597,22.595499,37.0,39.0,57.0,37.0,38.0,39.0,50.0,9,summer,42.42857142857143,25.275356999999996
5198,1,2024-09-04 14:00:00+00:00,26.647,25.647,22.296999,26.497,24.997,26.147,21.6455,37.0,40.0,56.0,37.0,39.0,39.0,54.0,9,summer,43.142857142857146,24.839642714285713
5199,1,2024-09-04 15:00:00+00:00,25.247,24.447,22.097,25.597,24.046999,25.347,20.8955,41.0,42.0,56.0,40.0,41.0,41.0,58.0,9,summer,45.57142857142857,23.95392842857143
5200,1,2024-09-04 16:00:00+00:00,23.546999,22.296999,20.897,24.097,22.847,23.997,20.1955,47.0,51.0,62.0,46.0,46.0,46.0,62.0,9,summer,51.42857142857143,22.55392828571429
5201,1,2024-09-04 17:00:00+00:00,21.997,21.097,19.747,22.197,21.497,22.347,19.6955,51.0,54.0,65.0,53.0,52.0,52.0,65.0,9,summer,56.0,21.225357142857145
5202,1,2024-09-04 18:00:00+00:00,20.747,21.197,20.397,20.796999,20.397,20.897,19.2955,59.0,54.0,54.0,56.0,57.0,57.0,71.0,9,summer,58.285714285714285,20.532499857142856
5203,1,2024-09-04 19:00:00+00:00,19.997,20.397,19.697,19.997,19.796999,19.897,19.1455,63.0,60.0,57.0,59.0,59.0,60.0,69.0,9,summer,61.0,19.84678557142857
5204,1,2024-09-04 20:00:00+00:00,19.397,19.997,19.197,19.397,19.497,19.097,18.845499,65.0,64.0,60.0,61.0,59.0,63.0,67.0,9,summer,62.714285714285715,19.34678557142857
5205,1,2024-09-04 21:00:00+00:00,18.847,19.497,18.796999,18.847,19.247,18.497,18.4955,67.0,64.0,63.0,63.0,59.0,65.0,66.0,9,summer,63.857142857142854,18.889642714285714
5206,1,2024-09-04 22:00:00+00:00,18.397,18.947,18.497,18.197,18.947,18.097,17.9955,67.0,64.0,63.0,65.0,59.0,67.0,67.0,9,summer,64.57142857142857,18.439642857142854
5207,1,2024-09-04 23:00:00+00:00,17.697,18.546999,17.796999,17.597,18.647,17.796999,17.4455,68.0,63.0,64.0,67.0,58.0,70.0,69.0,9,summer,65.57142857142857,17.932499571428572
5208,1,2024-09-05 00:00:00+00:00,16.796999,17.546999,16.897,18.097,16.647,16.796999,17.3955,71.0,67.0,67.0,68.0,73.0,76.0,68.0,9,summer,70.0,17.168213857142856
5209,1,2024-09-05 01:00:00+00:00,16.497,17.197,16.347,17.747,16.197,16.247,17.0455,71.0,68.0,68.0,69.0,75.0,77.0,69.0,9,summer,71.0,16.753928571428574
5210,1,2024-09-05 02:00:00+00:00,16.296999,16.997,15.847,17.347,15.797,15.797,16.7455,72.0,69.0,70.0,70.0,77.0,78.0,69.0,9,summer,72.14285714285714,16.403928428571426
5211,1,2024-09-05 03:00:00+00:00,16.147,16.647,15.646999,17.397,15.896999,15.947,16.8955,72.0,71.0,71.0,69.0,78.0,77.0,68.0,9,summer,72.28571428571429,16.368214
5212,1,2024-09-05 04:00:00+00:00,15.896999,16.546999,15.847,18.046999,16.697,16.847,17.595499,73.0,71.0,72.0,67.0,76.0,73.0,65.0,9,summer,71.0,16.78249942857143
5213,1,2024-09-05 05:00:00+00:00,17.546999,18.097,17.947,19.097,17.947,18.247,18.6955,69.0,67.0,66.0,63.0,72.0,66.0,61.0,9,summer,66.28571428571429,18.225357
5214,1,2024-09-05 06:00:00+00:00,20.296999,20.097,19.847,20.097,19.347,19.947,20.595499,60.0,59.0,58.0,58.0,67.0,60.0,58.0,9,summer,60.0,20.032499714285713
5215,1,2024-09-05 07:00:00+00:00,22.397,21.697,21.847,21.997,20.997,22.097,22.9955,54.0,54.0,52.0,52.0,61.0,53.0,50.0,9,summer,53.714285714285715,22.00392857142857
5216,1,2024-09-05 08:00:00+00:00,24.347,23.197,24.046999,24.147,22.796999,24.546999,25.8955,48.0,49.0,45.0,45.0,53.0,47.0,41.0,9,summer,46.857142857142854,24.139642428571428
5217,1,2024-09-05 09:00:00+00:00,25.796999,24.997,24.847,25.647,24.247,26.546999,27.6955,43.0,44.0,42.0,40.0,47.0,41.0,35.0,9,summer,41.714285714285715,25.682499714285715
5218,1,2024-09-05 10:00:00+00:00,26.397,26.247,25.197,26.097,25.197,27.847,27.2955,40.0,40.0,41.0,38.0,43.0,37.0,36.0,9,summer,39.285714285714285,26.325357142857143
5219,1,2024-09-05 11:00:00+00:00,27.097,26.197,25.247,25.897,25.796999,28.647,25.7455,39.0,39.0,41.0,38.0,41.0,34.0,40.0,9,summer,38.857142857142854,26.375356999999997
5220,1,2024-09-05 12:00:00+00:00,26.197,26.197,25.897,24.847,26.347,24.796999,27.595499,41.0,39.0,38.0,43.0,39.0,41.0,38.0,9,summer,39.857142857142854,25.982499714285716
5221,1,2024-09-05 13:00:00+00:00,26.546999,25.796999,25.796999,24.497,26.247,24.847,25.9455,39.0,40.0,38.0,43.0,39.0,41.0,44.0,9,summer,40.57142857142857,25.66821385714286
5222,1,2024-09-05 14:00:00+00:00,26.147,25.747,25.947,23.947,25.747,24.546999,23.2455,39.0,39.0,38.0,45.0,40.0,41.0,53.0,9,summer,42.142857142857146,25.04678557142857
5223,1,2024-09-05 15:00:00+00:00,25.097,25.046999,25.347,23.147,24.947,23.897,20.9955,41.0,40.0,39.0,47.0,42.0,43.0,61.0,9,summer,44.714285714285715,24.06821414285714
5224,1,2024-09-05 16:00:00+00:00,23.347,23.046999,23.046999,22.097,23.647,22.647,19.7455,46.0,45.0,45.0,51.0,46.0,46.0,67.0,9,summer,49.42857142857143,22.51107114285714
5225,1,2024-09-05 17:00:00+00:00,21.447,20.847,20.847,20.847,22.046999,21.046999,18.9455,51.0,51.0,51.0,56.0,51.0,51.0,73.0,9,summer,54.857142857142854,20.861071142857146
5226,1,2024-09-05 18:00:00+00:00,21.647,19.447,19.747,19.997,20.747,19.697,21.2955,55.0,56.0,57.0,55.0,55.0,55.0,55.0,9,summer,55.42857142857143,20.368214285714284
5227,1,2024-09-05 19:00:00+00:00,20.647,18.647,19.046999,19.447,19.947,18.897,20.4455,65.0,60.0,59.0,57.0,58.0,58.0,56.0,9,summer,59.0,19.58249985714286
5228,1,2024-09-05 20:00:00+00:00,20.046999,18.197,18.997,19.347,19.447,18.347,19.6455,67.0,61.0,59.0,57.0,61.0,60.0,56.0,9,summer,60.142857142857146,19.146785571428573
5229,1,2024-09-05 21:00:00+00:00,19.197,17.397,18.497,19.046999,18.997,17.847,18.8955,65.0,65.0,62.0,59.0,63.0,63.0,56.0,9,summer,61.857142857142854,18.553928428571428
5230,1,2024-09-05 22:00:00+00:00,18.097,16.597,17.647,18.247,18.546999,17.197,18.1955,65.0,70.0,67.0,64.0,64.0,68.0,58.0,9,summer,65.14285714285714,17.789642714285712
5231,1,2024-09-05 23:00:00+00:00,17.296999,15.847,16.897,17.247,18.197,16.546999,17.4955,68.0,75.0,71.0,69.0,65.0,75.0,60.0,9,summer,69.0,17.075356857142857
5232,1,2024-09-06 00:00:00+00:00,17.546999,15.597,16.947,16.347,16.747,15.997,15.695499,73.0,79.0,74.0,78.0,69.0,79.0,71.0,9,summer,74.71428571428571,16.411071142857143
5233,1,2024-09-06 01:00:00+00:00,17.447,15.197,16.847,16.097,16.447,15.797,15.0955,77.0,83.0,77.0,80.0,71.0,80.0,75.0,9,summer,77.57142857142857,16.1325
5234,1,2024-09-06 02:00:00+00:00,17.447,14.947,16.897,15.997,16.147,15.747,14.5455,77.0,85.0,77.0,80.0,73.0,80.0,78.0,9,summer,78.57142857142857,15.96107142857143
5235,1,2024-09-06 03:00:00+00:00,17.347,15.097,16.997,16.447,16.447,16.197,14.7955,77.0,84.0,76.0,78.0,73.0,78.0,77.0,9,summer,77.57142857142857,16.18964285714286
5236,1,2024-09-06 04:00:00+00:00,17.247,15.447,17.147,17.747,17.597,17.296999,16.2955,77.0,82.0,75.0,72.0,69.0,72.0,71.0,9,summer,74.0,16.968214142857143
5237,1,2024-09-06 05:00:00+00:00,18.347,17.947,18.697,19.597,19.347,18.847,18.595499,74.0,73.0,70.0,64.0,62.0,65.0,61.0,9,summer,67.0,18.768214142857143
5238,1,2024-09-06 06:00:00+00:00,20.546999,20.296999,21.097,21.447,21.046999,20.647,20.3955,62.0,61.0,58.0,55.0,56.0,57.0,57.0,9,summer,58.0,20.78249957142857
5239,1,2024-09-06 07:00:00+00:00,22.497,22.447,22.796999,23.247,22.697,22.947,23.595499,55.0,53.0,52.0,49.0,50.0,50.0,46.0,9,summer,50.714285714285715,22.88964257142857
5240,1,2024-09-06 08:00:00+00:00,24.247,24.647,24.597,25.097,24.347,25.447,27.0455,48.0,47.0,46.0,43.0,44.0,43.0,36.0,9,summer,43.857142857142854,25.06107142857143
5241,1,2024-09-06 09:00:00+00:00,25.197,26.046999,25.647,26.546999,25.697,27.397,29.1955,44.0,42.0,42.0,38.0,40.0,37.0,29.0,9,summer,38.857142857142854,26.532499714285713
5242,1,2024-09-06 10:00:00+00:00,26.447,26.997,26.447,27.546999,26.647,28.347,29.095499,40.0,38.0,39.0,35.0,37.0,34.0,28.0,9,summer,35.857142857142854,27.361071142857146
5243,1,2024-09-06 11:00:00+00:00,26.647,27.747,27.097,28.247,27.247,28.747,27.6955,39.0,37.0,35.0,32.0,36.0,32.0,30.0,9,summer,34.42857142857143,27.632500000000004
5244,1,2024-09-06 12:00:00+00:00,27.097,27.347,28.046999,28.447,26.697,28.046999,27.4955,37.0,36.0,33.0,32.0,39.0,33.0,29.0,9,summer,34.142857142857146,27.596785428571426
5245,1,2024-09-06 13:00:00+00:00,26.796999,26.997,27.347,28.147,26.546999,27.947,26.7955,36.0,36.0,33.0,32.0,39.0,32.0,30.0,9,summer,34.0,27.225356857142856
5246,1,2024-09-06 14:00:00+00:00,26.296999,26.597,27.147,27.347,26.097,27.397,25.6955,37.0,36.0,32.0,33.0,39.0,33.0,32.0,9,summer,34.57142857142857,26.65392842857143
5247,1,2024-09-06 15:00:00+00:00,25.296999,25.497,26.147,26.296999,25.347,26.397,24.595499,39.0,39.0,34.0,35.0,41.0,35.0,34.0,9,summer,36.714285714285715,25.653928142857144
5248,1,2024-09-06 16:00:00+00:00,23.247,23.097,23.796999,24.697,24.046999,24.647,23.7955,47.0,46.0,41.0,40.0,46.0,40.0,36.0,9,summer,42.285714285714285,23.903928285714283
5249,1,2024-09-06 17:00:00+00:00,21.447,20.947,21.647,22.796999,22.397,22.397,23.0455,51.0,53.0,47.0,46.0,52.0,46.0,38.0,9,summer,47.57142857142857,22.09678557142857
5250,1,2024-09-06 18:00:00+00:00,18.997,19.947,20.647,22.296999,21.046999,20.546999,21.595499,62.0,58.0,56.0,51.0,57.0,52.0,44.0,9,summer,54.285714285714285,20.72535657142857
5251,1,2024-09-06 19:00:00+00:00,17.947,18.897,20.147,21.497,20.347,19.497,20.6955,67.0,61.0,58.0,53.0,59.0,57.0,48.0,9,summer,57.57142857142857,19.861071428571428
5252,1,2024-09-06 20:00:00+00:00,17.247,18.497,19.747,20.897,19.997,18.796999,19.7455,70.0,61.0,58.0,55.0,59.0,62.0,52.0,9,summer,59.57142857142857,19.275357000000003
5253,1,2024-09-06 21:00:00+00:00,16.847,18.147,19.347,20.247,19.597,18.197,18.8955,73.0,64.0,60.0,57.0,60.0,67.0,56.0,9,summer,62.42857142857143,18.75392857142857
5254,1,2024-09-06 22:00:00+00:00,16.447,17.847,18.597,19.247,18.997,17.546999,18.2955,74.0,65.0,63.0,62.0,64.0,72.0,60.0,9,summer,65.71428571428571,18.139642714285717
5255,1,2024-09-06 23:00:00+00:00,15.997,17.296999,17.897,18.147,18.296999,16.997,17.8955,76.0,69.0,66.0,68.0,69.0,76.0,65.0,9,summer,69.85714285714286,17.503928285714284
5256,1,2024-09-07 00:00:00+00:00,15.997,16.947,16.997,17.046999,17.046999,17.397,17.8955,74.0,73.0,73.0,74.0,71.0,73.0,66.0,9,summer,72.0,17.04678542857143
5257,1,2024-09-07 01:00:00+00:00,15.747,16.897,16.796999,16.847,16.747,16.847,17.095499,76.0,74.0,75.0,75.0,73.0,76.0,70.0,9,summer,74.14285714285714,16.711071142857143
5258,1,2024-09-07 02:00:00+00:00,15.447,16.647,16.697,16.897,16.647,16.397,15.8955,78.0,75.0,77.0,75.0,74.0,79.0,75.0,9,summer,76.14285714285714,16.375357142857137
5259,1,2024-09-07 03:00:00+00:00,15.097,16.747,16.897,17.296999,16.997,16.597,15.4955,80.0,75.0,76.0,74.0,73.0,78.0,77.0,9,summer,76.14285714285714,16.44678557142857
5260,1,2024-09-07 04:00:00+00:00,15.097,16.897,17.097,18.097,17.947,17.697,16.4955,80.0,75.0,76.0,71.0,70.0,73.0,72.0,9,summer,73.85714285714286,17.046785714285715
5261,1,2024-09-07 05:00:00+00:00,17.397,18.397,18.796999,19.197,19.296999,19.447,18.2455,74.0,70.0,70.0,66.0,65.0,66.0,63.0,9,summer,67.71428571428571,18.682499714285715
5262,1,2024-09-07 06:00:00+00:00,20.546999,20.447,21.046999,21.247,20.897,21.197,21.4955,63.0,61.0,61.0,58.0,59.0,59.0,52.0,9,summer,59.0,20.982499714285716
5263,1,2024-09-07 07:00:00+00:00,22.897,22.796999,22.897,23.247,22.796999,22.947,23.9455,55.0,53.0,54.0,51.0,53.0,53.0,44.0,9,summer,51.857142857142854,23.075356857142857
5264,1,2024-09-07 08:00:00+00:00,24.997,24.997,24.397,25.447,24.847,24.697,26.6955,47.0,48.0,49.0,44.0,46.0,47.0,36.0,9,summer,45.285714285714285,25.153928571428573
5265,1,2024-09-07 09:00:00+00:00,26.397,26.546999,24.897,27.147,26.546999,26.147,28.6955,41.0,43.0,47.0,38.0,40.0,42.0,30.0,9,summer,40.142857142857146,26.625356857142858
5266,1,2024-09-07 10:00:00+00:00,27.197,28.046999,24.897,28.197,27.747,27.296999,29.3955,37.0,37.0,46.0,34.0,36.0,38.0,27.0,9,summer,36.42857142857143,27.53964257142857
5267,1,2024-09-07 11:00:00+00:00,27.597,28.697,25.097,28.796999,28.546999,28.046999,29.2455,36.0,35.0,44.0,31.0,34.0,34.0,27.0,9,summer,34.42857142857143,28.00392814285714
5268,1,2024-09-07 12:00:00+00:00,28.097,28.347,27.997,28.747,28.546999,27.546999,26.3955,36.0,33.0,34.0,32.0,32.0,37.0,33.0,9,summer,33.857142857142854,27.953928285714287
5269,1,2024-09-07 13:00:00+00:00,27.747,27.697,28.197,28.497,28.247,27.097,24.6955,36.0,34.0,34.0,31.0,32.0,38.0,39.0,9,summer,34.857142857142854,27.453928571428573
5270,1,2024-09-07 14:00:00+00:00,26.697,25.546999,27.546999,27.747,27.397,26.147,22.7455,37.0,41.0,34.0,32.0,33.0,41.0,47.0,9,summer,37.857142857142854,26.26107114285714
5271,1,2024-09-07 15:00:00+00:00,25.296999,24.747,26.647,26.597,26.247,24.747,21.3955,41.0,44.0,35.0,35.0,36.0,48.0,52.0,9,summer,41.57142857142857,25.096785571428576
5272,1,2024-09-07 16:00:00+00:00,23.697,23.296999,24.597,24.847,24.697,22.697,21.1955,47.0,51.0,42.0,43.0,43.0,61.0,52.0,9,summer,48.42857142857143,23.575357000000004
5273,1,2024-09-07 17:00:00+00:00,22.296999,21.847,23.147,22.697,22.897,20.247,21.595499,51.0,54.0,48.0,52.0,52.0,77.0,50.0,9,summer,54.857142857142854,22.103928285714286
5274,1,2024-09-07 18:00:00+00:00,20.947,21.796999,21.847,21.097,21.397,18.447,22.6955,54.0,48.0,55.0,60.0,60.0,89.0,41.0,9,summer,58.142857142857146,21.175357
5275,1,2024-09-07 19:00:00+00:00,20.347,21.147,21.247,20.546999,20.546999,17.897,21.095499,57.0,52.0,57.0,61.0,64.0,93.0,49.0,9,summer,61.857142857142854,20.403928142857144
5276,1,2024-09-07 20:00:00+00:00,20.097,20.847,20.747,20.296999,20.046999,17.947,19.2455,58.0,55.0,59.0,61.0,67.0,93.0,60.0,9,summer,64.71428571428571,19.88964257142857
5277,1,2024-09-07 21:00:00+00:00,19.647,20.647,20.347,19.997,19.497,18.097,17.7955,59.0,54.0,58.0,61.0,69.0,91.0,68.0,9,summer,65.71428571428571,19.4325
5278,1,2024-09-07 22:00:00+00:00,18.997,20.097,19.796999,19.397,18.796999,18.097,17.095499,61.0,56.0,57.0,62.0,69.0,86.0,73.0,9,summer,66.28571428571429,18.896785285714284
5279,1,2024-09-07 23:00:00+00:00,18.046999,18.897,19.147,18.747,18.097,18.147,16.845499,64.0,64.0,62.0,64.0,69.0,78.0,76.0,9,summer,68.14285714285714,18.275356857142857
5280,1,2024-09-08 00:00:00+00:00,16.947,17.197,17.997,18.747,18.147,18.447,16.3955,71.0,71.0,69.0,62.0,65.0,66.0,75.0,9,summer,68.42857142857143,17.696785714285713
5281,1,2024-09-08 01:00:00+00:00,16.847,16.697,17.497,18.296999,17.697,18.147,15.7455,73.0,74.0,72.0,65.0,68.0,66.0,78.0,9,summer,70.85714285714286,17.275356999999996
5282,1,2024-09-08 02:00:00+00:00,16.847,16.296999,17.347,17.847,17.296999,17.897,15.2455,75.0,76.0,74.0,68.0,71.0,68.0,80.0,9,summer,73.14285714285714,16.968213999999996
5283,1,2024-09-08 03:00:00+00:00,16.697,15.646999,17.197,17.897,17.397,18.097,15.4955,76.0,80.0,75.0,70.0,72.0,69.0,79.0,9,summer,74.42857142857143,16.918214142857142
5284,1,2024-09-08 04:00:00+00:00,16.347,15.047,17.296999,18.647,18.296999,18.796999,16.7455,79.0,83.0,75.0,68.0,69.0,67.0,73.0,9,summer,73.42857142857143,17.311071
5285,1,2024-09-08 05:00:00+00:00,18.247,17.597,18.796999,19.847,19.697,19.947,18.7455,73.0,74.0,71.0,64.0,65.0,64.0,63.0,9,summer,67.71428571428571,18.98249985714286
5286,1,2024-09-08 06:00:00+00:00,20.847,20.647,20.397,21.247,21.347,21.397,21.1955,61.0,61.0,66.0,59.0,59.0,59.0,53.0,9,summer,59.714285714285715,21.01107142857143
5287,1,2024-09-08 07:00:00+00:00,23.397,22.947,22.747,23.247,23.296999,23.497,24.2455,52.0,53.0,57.0,52.0,52.0,52.0,43.0,9,summer,51.57142857142857,23.339642714285713
5288,1,2024-09-08 08:00:00+00:00,25.847,25.546999,25.197,25.397,25.497,25.947,27.7455,45.0,46.0,50.0,45.0,45.0,45.0,34.0,9,summer,44.285714285714285,25.882499857142854
5289,1,2024-09-08 09:00:00+00:00,27.397,27.847,27.046999,27.147,27.296999,27.897,29.8955,40.0,39.0,44.0,39.0,39.0,38.0,27.0,9,summer,38.0,27.78964257142857
5290,1,2024-09-08 10:00:00+00:00,28.747,28.897,28.197,28.347,28.497,29.046999,29.6955,35.0,34.0,38.0,35.0,35.0,34.0,26.0,9,summer,33.857142857142854,28.775357000000003
5291,1,2024-09-08 11:00:00+00:00,29.247,29.447,28.847,29.147,29.296999,29.697,28.1455,33.0,31.0,35.0,33.0,32.0,31.0,28.0,9,summer,31.857142857142858,29.11821414285714
5292,1,2024-09-08 12:00:00+00:00,30.046999,29.546999,29.947,29.796999,29.247,29.847,28.7955,30.0,32.0,30.0,31.0,30.0,28.0,29.0,9,summer,30.0,29.603928142857143
5293,1,2024-09-08 13:00:00+00:00,29.847,29.447,29.947,29.697,28.247,29.497,28.1955,28.0,30.0,29.0,29.0,33.0,28.0,30.0,9,summer,29.571428571428573,29.26821428571429
5294,1,2024-09-08 14:00:00+00:00,29.296999,28.947,29.397,29.197,26.546999,28.647,27.4455,27.0,31.0,29.0,28.0,39.0,29.0,32.0,9,summer,30.714285714285715,28.496785428571428
5295,1,2024-09-08 15:00:00+00:00,28.147,27.897,28.597,28.147,25.046999,27.546999,26.3955,29.0,32.0,29.0,31.0,44.0,31.0,35.0,9,summer,33.0,27.396785428571427
5296,1,2024-09-08 16:00:00+00:00,25.447,24.847,25.747,26.147,24.046999,25.997,24.7455,41.0,42.0,39.0,40.0,46.0,36.0,40.0,9,summer,40.57142857142857,25.282499857142852
5297,1,2024-09-08 17:00:00+00:00,23.796999,22.796999,23.546999,23.546999,23.247,24.197,22.7955,45.0,48.0,48.0,52.0,48.0,42.0,47.0,9,summer,47.142857142857146,23.418213714285713
5298,1,2024-09-08 18:00:00+00:00,22.247,20.897,21.447,22.847,22.497,22.647,22.8955,56.0,52.0,52.0,51.0,50.0,47.0,47.0,9,summer,50.714285714285715,22.211071428571426
5299,1,2024-09-08 19:00:00+00:00,20.597,19.647,20.397,21.296999,21.847,21.747,22.4455,71.0,57.0,56.0,58.0,54.0,49.0,50.0,9,summer,56.42857142857143,21.139642714285714
5300,1,2024-09-08 20:00:00+00:00,19.497,18.997,19.296999,19.796999,21.296999,21.097,22.345499,80.0,60.0,62.0,65.0,58.0,50.0,52.0,9,summer,61.0,20.332499428571428
5301,1,2024-09-08 21:00:00+00:00,18.697,17.947,18.747,18.546999,20.697,20.447,21.9955,74.0,65.0,66.0,70.0,61.0,52.0,54.0,9,summer,63.142857142857146,19.582499857142857
5302,1,2024-09-08 22:00:00+00:00,17.647,16.947,17.897,17.497,19.947,19.546999,21.0455,69.0,67.0,70.0,72.0,63.0,55.0,55.0,9,summer,64.42857142857143,18.646785571428573
5303,1,2024-09-08 23:00:00+00:00,16.647,16.397,16.546999,16.647,19.147,18.647,19.845499,70.0,65.0,74.0,72.0,64.0,59.0,55.0,9,summer,65.57142857142857,17.696785428571427
5304,1,2024-09-09 00:00:00+00:00,15.847,15.297,14.997,15.697,15.646999,18.296999,18.3955,81.0,73.0,77.0,76.0,80.0,64.0,58.0,9,summer,72.71428571428571,16.31107114285714
5305,1,2024-09-09 01:00:00+00:00,15.097,14.747,14.447,14.747,15.197,17.897,18.345499,84.0,76.0,80.0,80.0,80.0,66.0,59.0,9,summer,75.0,15.782499857142858
5306,1,2024-09-09 02:00:00+00:00,14.646999,14.197,14.047,13.947,15.047,17.647,18.345499,85.0,80.0,84.0,85.0,82.0,68.0,61.0,9,summer,77.85714285714286,15.411071142857141
5307,1,2024-09-09 03:00:00+00:00,14.297,13.797,13.697,14.047,15.497,17.847,18.6955,86.0,83.0,86.0,85.0,81.0,68.0,61.0,9,summer,78.57142857142857,15.411071428571427
5308,1,2024-09-09 04:00:00+00:00,13.847,13.497,13.697,15.547,16.847,18.546999,19.345499,87.0,85.0,86.0,79.0,76.0,67.0,60.0,9,summer,77.14285714285714,15.903928285714287
5309,1,2024-09-09 05:00:00+00:00,16.147,16.497,16.847,17.947,18.847,19.697,20.2955,80.0,75.0,75.0,70.0,69.0,64.0,57.0,9,summer,70.0,18.03964285714286
5310,1,2024-09-09 06:00:00+00:00,19.796999,20.447,20.296999,20.497,21.097,21.247,21.8955,69.0,59.0,62.0,62.0,61.0,59.0,52.0,9,summer,60.57142857142857,20.753928285714284
5311,1,2024-09-09 07:00:00+00:00,22.697,23.597,23.397,23.247,23.747,23.597,25.095499,57.0,49.0,52.0,53.0,52.0,51.0,43.0,9,summer,51.0,23.625357
5312,1,2024-09-09 08:00:00+00:00,25.796999,26.447,26.397,26.147,26.697,26.447,28.5455,46.0,41.0,42.0,44.0,43.0,42.0,33.0,9,summer,41.57142857142857,26.639642714285714
5313,1,2024-09-09 09:00:00+00:00,28.397,28.796999,28.697,28.347,28.947,28.597,30.7955,37.0,33.0,34.0,37.0,35.0,35.0,27.0,9,summer,34.0,28.939642714285718
5314,1,2024-09-09 10:00:00+00:00,29.796999,30.247,29.796999,29.497,30.296999,29.747,31.095499,30.0,27.0,28.0,32.0,30.0,31.0,25.0,9,summer,29.0,30.068213714285715
5315,1,2024-09-09 11:00:00+00:00,30.197,31.097,30.046999,30.046999,30.997,30.296999,30.2455,26.0,23.0,25.0,29.0,27.0,29.0,25.0,9,summer,26.285714285714285,30.418213857142856
5316,1,2024-09-09 12:00:00+00:00,30.147,31.247,30.197,30.247,30.647,29.796999,27.6955,28.0,23.0,24.0,24.0,25.0,33.0,31.0,9,summer,26.857142857142858,29.99678557142857
5317,1,2024-09-09 13:00:00+00:00,30.347,31.046999,30.147,30.247,30.497,28.897,26.6955,27.0,22.0,24.0,24.0,24.0,36.0,33.0,9,summer,27.142857142857142,29.69678557142857
5318,1,2024-09-09 14:00:00+00:00,29.847,30.697,29.897,29.897,29.947,27.447,25.595499,29.0,21.0,24.0,24.0,24.0,41.0,35.0,9,summer,28.285714285714285,29.04678557142857
5319,1,2024-09-09 15:00:00+00:00,28.897,29.097,29.147,28.947,28.897,25.847,24.4955,31.0,25.0,25.0,26.0,26.0,46.0,38.0,9,summer,31.0,27.90392857142857
5320,1,2024-09-09 16:00:00+00:00,25.897,25.447,25.597,26.847,26.947,24.046999,23.4455,39.0,37.0,38.0,28.0,30.0,51.0,42.0,9,summer,37.857142857142854,25.46107128571429
5321,1,2024-09-09 17:00:00+00:00,24.097,23.147,23.397,24.046999,24.497,22.147,22.3955,38.0,41.0,41.0,31.0,36.0,57.0,47.0,9,summer,41.57142857142857,23.389642714285714
5322,1,2024-09-09 18:00:00+00:00,22.597,21.397,21.247,21.747,22.497,20.597,20.6955,40.0,45.0,42.0,41.0,42.0,62.0,58.0,9,summer,47.142857142857146,21.53964285714286
5323,1,2024-09-09 19:00:00+00:00,21.697,20.546999,20.447,20.747,21.597,19.697,19.7455,41.0,53.0,51.0,46.0,47.0,66.0,63.0,9,summer,52.42857142857143,20.639642714285714
5324,1,2024-09-09 20:00:00+00:00,20.847,20.296999,19.897,20.397,21.197,19.147,19.1955,49.0,58.0,53.0,50.0,52.0,68.0,66.0,9,summer,56.57142857142857,20.139642714285714
5325,1,2024-09-09 21:00:00+00:00,20.046999,19.447,18.847,19.796999,20.497,18.747,18.7955,56.0,62.0,59.0,55.0,57.0,70.0,67.0,9,summer,60.857142857142854,19.453928285714287
5326,1,2024-09-09 22:00:00+00:00,18.847,17.897,17.347,18.597,18.947,18.347,18.4955,62.0,68.0,66.0,60.0,63.0,70.0,66.0,9,summer,65.0,18.353928571428572
5327,1,2024-09-09 23:00:00+00:00,17.647,16.546999,15.797,17.197,17.097,18.097,18.2955,68.0,73.0,73.0,64.0,68.0,70.0,63.0,9,summer,68.42857142857143,17.239642714285715
5328,1,2024-09-10 00:00:00+00:00,16.997,15.997,14.997,15.247,15.747,15.047,17.4955,72.0,72.0,77.0,75.0,72.0,79.0,63.0,9,summer,72.85714285714286,15.932500000000001
5329,1,2024-09-10 01:00:00+00:00,16.097,14.597,14.396999,14.146999,14.396999,14.097,16.5455,77.0,78.0,78.0,79.0,78.0,82.0,68.0,9,summer,77.14285714285714,14.896785285714286
5330,1,2024-09-10 02:00:00+00:00,15.447,14.047,14.047,13.297,13.247,13.447,15.695499,81.0,80.0,78.0,82.0,83.0,84.0,74.0,9,summer,80.28571428571429,14.175357
5331,1,2024-09-10 03:00:00+00:00,14.997,13.646999,13.497,13.447,13.247,13.747,15.7955,82.0,82.0,80.0,81.0,84.0,83.0,75.0,9,summer,81.0,14.053928428571428
5332,1,2024-09-10 04:00:00+00:00,14.896999,13.646999,13.197,15.247,15.097,15.547,17.2455,82.0,83.0,82.0,75.0,77.0,76.0,69.0,9,summer,77.71428571428571,14.982499714285714
5333,1,2024-09-10 05:00:00+00:00,17.796999,16.847,16.197,18.097,18.147,18.296999,19.595499,71.0,72.0,74.0,66.0,66.0,66.0,60.0,9,summer,67.85714285714286,17.85392814285714
5334,1,2024-09-10 06:00:00+00:00,21.247,20.947,20.647,20.997,21.247,21.197,22.095499,59.0,59.0,59.0,58.0,55.0,56.0,48.0,9,summer,56.285714285714285,21.19678557142857
5335,1,2024-09-10 07:00:00+00:00,24.546999,24.197,23.796999,24.197,24.347,24.347,25.3955,47.0,47.0,48.0,47.0,46.0,45.0,40.0,9,summer,45.714285714285715,24.40392828571429
5336,1,2024-09-10 08:00:00+00:00,27.647,27.097,26.796999,27.497,27.497,27.647,29.095499,38.0,38.0,39.0,36.0,37.0,34.0,31.0,9,summer,36.142857142857146,27.61107114285714
5337,1,2024-09-10 09:00:00+00:00,29.947,29.497,29.247,29.847,29.847,30.097,31.3955,31.0,30.0,32.0,28.0,30.0,26.0,25.0,9,summer,28.857142857142858,29.982500000000005
5338,1,2024-09-10 10:00:00+00:00,31.197,31.247,30.647,30.546999,31.097,31.397,31.2955,26.0,23.0,26.0,24.0,24.0,22.0,24.0,9,summer,24.142857142857142,31.061071285714288
5339,1,2024-09-10 11:00:00+00:00,31.747,30.697,30.397,30.247,31.546999,31.847,29.7955,22.0,21.0,23.0,23.0,20.0,20.0,26.0,9,summer,22.142857142857142,30.896785571428573
5340,1,2024-09-10 12:00:00+00:00,31.447,31.247,30.347,30.747,31.546999,31.296999,26.2955,19.0,22.0,22.0,22.0,19.0,20.0,32.0,9,summer,22.285714285714285,30.418214
5341,1,2024-09-10 13:00:00+00:00,30.897,30.647,30.897,30.197,30.796999,30.397,24.6455,20.0,21.0,19.0,22.0,18.0,21.0,37.0,9,summer,22.571428571428573,29.782499857142856
5342,1,2024-09-10 14:00:00+00:00,29.796999,29.697,29.747,29.147,29.546999,28.897,23.2455,19.0,20.0,21.0,23.0,18.0,24.0,43.0,9,summer,24.0,28.582499714285714
5343,1,2024-09-10 15:00:00+00:00,28.197,27.997,27.497,27.697,27.897,27.147,22.1955,20.0,21.0,24.0,26.0,22.0,28.0,47.0,9,summer,26.857142857142858,26.946785714285713
5344,1,2024-09-10 16:00:00+00:00,25.397,24.897,24.296999,25.697,25.647,25.046999,21.6955,27.0,28.0,32.0,32.0,31.0,35.0,49.0,9,summer,33.42857142857143,24.668214000000003
5345,1,2024-09-10 17:00:00+00:00,23.546999,22.397,22.046999,23.347,23.046999,22.697,21.5455,36.0,39.0,43.0,41.0,44.0,43.0,51.0,9,summer,42.42857142857143,22.661071
5346,1,2024-09-10 18:00:00+00:00,21.147,20.847,20.397,20.397,20.897,20.796999,22.4955,43.0,52.0,49.0,54.0,54.0,49.0,45.0,9,summer,49.42857142857143,20.99678557142857
5347,1,2024-09-10 19:00:00+00:00,20.697,20.097,19.697,19.296999,19.597,19.747,22.095499,45.0,55.0,51.0,57.0,58.0,51.0,46.0,9,summer,51.857142857142854,20.175356857142855
5348,1,2024-09-10 20:00:00+00:00,19.546999,19.147,19.197,18.597,18.697,19.197,22.095499,41.0,54.0,54.0,58.0,59.0,52.0,46.0,9,summer,52.0,19.496785428571428
5349,1,2024-09-10 21:00:00+00:00,17.997,17.997,18.397,17.997,17.897,18.546999,21.7955,49.0,58.0,58.0,60.0,61.0,55.0,47.0,9,summer,55.42857142857143,18.661071285714286
5350,1,2024-09-10 22:00:00+00:00,16.947,17.197,17.296999,17.296999,17.046999,17.647,20.9455,60.0,65.0,62.0,63.0,66.0,62.0,49.0,9,summer,61.0,17.768213857142857
5351,1,2024-09-10 23:00:00+00:00,16.097,16.546999,16.497,16.647,16.247,16.747,19.845499,67.0,69.0,66.0,67.0,72.0,71.0,51.0,9,summer,66.14285714285714,16.946785428571427
5352,1,2024-09-11 00:00:00+00:00,14.697,15.247,16.497,15.997,14.847,15.447,18.095499,72.0,74.0,73.0,75.0,74.0,80.0,64.0,9,summer,73.14285714285714,15.832499857142858
5353,1,2024-09-11 01:00:00+00:00,13.997,14.646999,15.646999,14.997,13.896999,14.646999,17.0455,80.0,76.0,76.0,80.0,79.0,85.0,68.0,9,summer,77.71428571428571,14.982499428571428
5354,1,2024-09-11 02:00:00+00:00,13.396999,14.146999,14.896999,14.047,13.097,13.947,15.945499,84.0,79.0,80.0,86.0,83.0,88.0,73.0,9,summer,81.85714285714286,14.211070857142856
5355,1,2024-09-11 03:00:00+00:00,12.947,13.697,14.497,14.097,13.347,14.247,15.7955,86.0,82.0,82.0,87.0,83.0,88.0,73.0,9,summer,83.0,14.089642857142858
5356,1,2024-09-11 04:00:00+00:00,12.797,13.697,14.447,15.797,15.297,15.997,17.1955,86.0,83.0,84.0,81.0,76.0,81.0,68.0,9,summer,79.85714285714286,15.032499999999999
5357,1,2024-09-11 05:00:00+00:00,16.296999,16.947,17.347,18.497,18.247,18.697,19.595499,73.0,71.0,74.0,71.0,65.0,69.0,58.0,9,summer,68.71428571428571,17.946785428571427
5358,1,2024-09-11 06:00:00+00:00,20.397,20.897,21.147,20.997,21.247,21.447,21.4955,59.0,57.0,60.0,61.0,54.0,58.0,46.0,9,summer,56.42857142857143,21.089642857142856
5359,1,2024-09-11 07:00:00+00:00,23.997,24.347,24.147,23.796999,24.197,24.197,24.9455,45.0,45.0,50.0,52.0,45.0,49.0,37.0,9,summer,46.142857142857146,24.23249985714286
5360,1,2024-09-11 08:00:00+00:00,27.447,27.397,26.997,26.747,27.197,26.947,28.7955,34.0,37.0,43.0,42.0,37.0,40.0,28.0,9,summer,37.285714285714285,27.361071428571428
5361,1,2024-09-11 09:00:00+00:00,30.046999,29.796999,29.197,28.997,29.447,28.997,31.3955,26.0,30.0,36.0,35.0,31.0,34.0,22.0,9,summer,30.571428571428573,29.696785428571424
5362,1,2024-09-11 10:00:00+00:00,31.447,31.197,29.847,30.296999,30.697,29.997,31.7455,22.0,26.0,29.0,31.0,27.0,31.0,20.0,9,summer,26.571428571428573,30.746785571428568
5363,1,2024-09-11 11:00:00+00:00,31.647,31.897,30.697,30.897,31.247,30.247,30.845499,20.0,22.0,26.0,28.0,24.0,30.0,21.0,9,summer,24.428571428571427,31.06821414285714
5364,1,2024-09-11 12:00:00+00:00,31.747,31.597,30.847,30.747,31.247,31.197,33.495502,19.0,21.0,25.0,26.0,23.0,23.0,18.0,9,summer,22.142857142857142,31.553928857142857
5365,1,2024-09-11 13:00:00+00:00,31.147,31.447,30.697,29.997,30.697,30.197,31.8955,19.0,20.0,25.0,27.0,23.0,26.0,20.0,9,summer,22.857142857142858,30.868214285714284
5366,1,2024-09-11 14:00:00+00:00,29.447,30.546999,29.697,28.647,29.597,28.546999,29.345499,17.0,21.0,26.0,30.0,26.0,31.0,25.0,9,summer,25.142857142857142,29.403928142857144
5367,1,2024-09-11 15:00:00+00:00,28.046999,28.397,27.897,27.097,28.247,26.796999,27.095499,20.0,22.0,31.0,34.0,30.0,36.0,28.0,9,summer,28.714285714285715,27.653928142857144
5368,1,2024-09-11 16:00:00+00:00,24.947,25.747,25.497,25.347,26.497,24.997,25.7455,27.0,27.0,35.0,38.0,36.0,41.0,29.0,9,summer,33.285714285714285,25.539642857142862
5369,1,2024-09-11 17:00:00+00:00,22.397,23.197,23.497,23.397,24.497,23.147,24.6955,38.0,38.0,37.0,43.0,44.0,47.0,30.0,9,summer,39.57142857142857,23.546785714285715
5370,1,2024-09-11 18:00:00+00:00,21.247,21.046999,22.247,22.046999,22.796999,21.497,22.8955,49.0,47.0,45.0,50.0,51.0,52.0,41.0,9,summer,47.857142857142854,21.96821385714286
5371,1,2024-09-11 19:00:00+00:00,19.947,19.647,21.197,20.697,21.597,20.247,21.7455,56.0,53.0,48.0,54.0,55.0,56.0,41.0,9,summer,51.857142857142854,20.725357142857145
5372,1,2024-09-11 20:00:00+00:00,18.697,17.796999,20.197,19.546999,20.697,19.197,20.6455,60.0,59.0,51.0,57.0,58.0,58.0,40.0,9,summer,54.714285714285715,19.539642571428573
5373,1,2024-09-11 21:00:00+00:00,17.397,16.397,19.347,18.747,19.847,18.247,19.595499,62.0,64.0,54.0,59.0,61.0,61.0,40.0,9,summer,57.285714285714285,18.511071285714287
5374,1,2024-09-11 22:00:00+00:00,16.847,15.747,18.347,18.447,18.997,17.296999,18.595499,62.0,67.0,58.0,59.0,64.0,64.0,43.0,9,summer,59.57142857142857,17.753928285714288
5375,1,2024-09-11 23:00:00+00:00,16.197,15.146999,17.447,18.447,18.147,16.397,17.6455,68.0,69.0,60.0,59.0,66.0,68.0,47.0,9,summer,62.42857142857143,17.061071285714284
5376,1,2024-09-12 00:00:00+00:00,15.047,14.297,16.647,16.796999,15.997,15.646999,16.1955,72.0,72.0,64.0,68.0,67.0,72.0,54.0,9,summer,67.0,15.803928285714283
5377,1,2024-09-12 01:00:00+00:00,14.497,13.597,16.047,16.047,15.347,14.747,15.2955,75.0,77.0,67.0,71.0,70.0,76.0,58.0,9,summer,70.57142857142857,15.0825
5378,1,2024-09-12 02:00:00+00:00,14.047,13.297,15.347,15.396999,14.896999,14.097,14.5455,77.0,80.0,71.0,74.0,75.0,80.0,62.0,9,summer,74.14285714285714,14.518214
5379,1,2024-09-12 03:00:00+00:00,13.646999,13.146999,14.747,15.497,15.197,14.347,14.7955,79.0,82.0,76.0,75.0,76.0,80.0,63.0,9,summer,75.85714285714286,14.482499714285714
5380,1,2024-09-12 04:00:00+00:00,13.597,13.347,14.597,16.796999,16.546999,15.947,16.4955,80.0,82.0,79.0,71.0,71.0,75.0,58.0,9,summer,73.71428571428571,15.332499714285714
5381,1,2024-09-12 05:00:00+00:00,16.997,17.097,17.697,18.897,18.647,18.397,19.1455,69.0,70.0,69.0,65.0,62.0,66.0,50.0,9,summer,64.42857142857143,18.125357142857137
5382,1,2024-09-12 06:00:00+00:00,20.546999,20.947,21.247,21.247,20.897,21.046999,21.8955,56.0,56.0,55.0,58.0,54.0,57.0,40.0,9,summer,53.714285714285715,21.118214
5383,1,2024-09-12 07:00:00+00:00,23.546999,23.897,24.097,23.947,23.447,23.947,25.595499,48.0,48.0,47.0,50.0,47.0,49.0,33.0,9,summer,46.0,24.068214
5384,1,2024-09-12 08:00:00+00:00,26.497,26.697,26.747,26.847,26.197,26.997,29.6455,41.0,41.0,40.0,42.0,40.0,41.0,25.0,9,summer,38.57142857142857,27.08964285714286
5385,1,2024-09-12 09:00:00+00:00,28.597,28.847,28.997,29.097,28.347,29.247,32.495502,35.0,36.0,34.0,35.0,35.0,35.0,20.0,9,summer,32.857142857142854,29.375357428571427
5386,1,2024-09-12 10:00:00+00:00,28.897,29.247,29.347,30.497,29.697,30.347,33.3455,32.0,33.0,32.0,31.0,31.0,31.0,18.0,9,summer,29.714285714285715,30.196785714285713
5387,1,2024-09-12 11:00:00+00:00,30.046999,30.147,30.097,31.247,30.397,30.647,33.0455,30.0,30.0,29.0,28.0,29.0,28.0,17.0,9,summer,27.285714285714285,30.803928428571428
5388,1,2024-09-12 12:00:00+00:00,30.046999,30.447,30.897,31.097,31.097,30.447,32.195503,27.0,28.0,28.0,28.0,26.0,28.0,18.0,9,summer,26.142857142857142,30.889643142857146
5389,1,2024-09-12 13:00:00+00:00,30.397,30.697,30.847,30.197,30.296999,29.947,30.845499,27.0,27.0,27.0,30.0,28.0,29.0,20.0,9,summer,26.857142857142858,30.461071142857143
5390,1,2024-09-12 14:00:00+00:00,29.497,29.847,30.296999,28.597,28.847,28.947,28.9955,28.0,27.0,27.0,34.0,32.0,31.0,23.0,9,summer,28.857142857142858,29.289642714285716
5391,1,2024-09-12 15:00:00+00:00,26.447,26.796999,28.447,26.747,27.247,27.647,27.2955,36.0,37.0,31.0,40.0,36.0,34.0,27.0,9,summer,34.42857142857143,27.23249985714286
5392,1,2024-09-12 16:00:00+00:00,23.997,25.296999,25.546999,24.647,25.597,25.947,25.9955,45.0,40.0,40.0,51.0,40.0,39.0,32.0,9,summer,41.0,25.289642571428573
5393,1,2024-09-12 17:00:00+00:00,22.247,23.647,23.947,22.296999,23.796999,23.947,24.8955,57.0,47.0,45.0,64.0,44.0,45.0,37.0,9,summer,48.42857142857143,23.53964257142857
5394,1,2024-09-12 18:00:00+00:00,19.097,21.597,21.796999,23.247,22.296999,22.197,23.7955,86.0,67.0,61.0,47.0,48.0,50.0,42.0,9,summer,57.285714285714285,22.003928285714288
5395,1,2024-09-12 19:00:00+00:00,18.947,21.046999,20.447,21.796999,21.347,20.997,22.4955,86.0,69.0,73.0,51.0,51.0,54.0,44.0,9,summer,61.142857142857146,21.011071142857144
5396,1,2024-09-12 20:00:00+00:00,18.796999,20.997,19.697,20.497,20.647,20.046999,21.1455,88.0,62.0,79.0,54.0,53.0,58.0,44.0,9,summer,62.57142857142857,20.26107114285714
5397,1,2024-09-12 21:00:00+00:00,18.597,20.296999,19.097,19.197,19.847,19.097,19.8955,88.0,59.0,78.0,57.0,56.0,61.0,45.0,9,summer,63.42857142857143,19.432499857142858
5398,1,2024-09-12 22:00:00+00:00,18.447,18.947,17.897,17.847,18.647,18.046999,18.845499,79.0,57.0,74.0,61.0,60.0,64.0,46.0,9,summer,63.0,18.38249971428571
5399,1,2024-09-12 23:00:00+00:00,17.597,17.597,16.897,16.546999,17.296999,16.947,17.8955,70.0,61.0,68.0,65.0,65.0,67.0,47.0,9,summer,63.285714285714285,17.253928285714288
5400,1,2024-09-13 00:00:00+00:00,16.647,15.747,15.447,16.397,15.947,17.097,16.7955,67.0,67.0,75.0,68.0,72.0,66.0,48.0,9,summer,66.14285714285714,16.296785714285715
5401,1,2024-09-13 01:00:00+00:00,15.597,14.947,14.347,15.247,14.997,15.947,15.8955,72.0,70.0,80.0,72.0,76.0,72.0,51.0,9,summer,70.42857142857143,15.282499999999999
5402,1,2024-09-13 02:00:00+00:00,14.847,14.297,13.547,14.297,14.197,14.947,15.0455,76.0,73.0,84.0,76.0,79.0,78.0,55.0,9,summer,74.42857142857143,14.453928571428573
5403,1,2024-09-13 03:00:00+00:00,14.597,13.847,13.097,14.347,14.396999,14.947,15.195499,77.0,76.0,85.0,77.0,79.0,80.0,56.0,9,summer,75.71428571428571,14.346785428571428
5404,1,2024-09-13 04:00:00+00:00,15.047,13.896999,13.047,15.947,16.047,16.546999,16.7955,75.0,78.0,85.0,72.0,73.0,74.0,53.0,9,summer,72.85714285714286,15.332499714285715
5405,1,2024-09-13 05:00:00+00:00,18.046999,17.296999,16.847,18.597,18.647,19.147,19.3955,66.0,69.0,69.0,64.0,63.0,65.0,47.0,9,summer,63.285714285714285,18.282499714285713
5406,1,2024-09-13 06:00:00+00:00,21.247,21.097,21.397,21.597,21.397,21.847,22.8955,54.0,55.0,54.0,56.0,54.0,55.0,37.0,9,summer,52.142857142857146,21.639642857142857
5407,1,2024-09-13 07:00:00+00:00,24.497,24.247,24.697,24.647,24.347,24.597,26.2955,45.0,47.0,45.0,47.0,46.0,47.0,31.0,9,summer,44.0,24.76107142857143
5408,1,2024-09-13 08:00:00+00:00,27.447,27.397,27.447,27.897,27.397,27.397,29.9455,37.0,39.0,38.0,38.0,38.0,39.0,25.0,9,summer,36.285714285714285,27.846785714285712
5409,1,2024-09-13 09:00:00+00:00,29.697,29.697,29.697,30.296999,29.747,29.546999,32.695503,31.0,32.0,33.0,31.0,32.0,33.0,20.0,9,summer,30.285714285714285,30.196785857142856
5410,1,2024-09-13 10:00:00+00:00,30.647,30.897,30.847,31.347,30.947,30.697,34.1455,27.0,27.0,27.0,27.0,28.0,29.0,17.0,9,summer,26.0,31.361071428571428
5411,1,2024-09-13 11:00:00+00:00,31.097,31.397,31.046999,31.497,31.397,31.147,34.745502,24.0,24.0,23.0,25.0,26.0,27.0,16.0,9,summer,23.571428571428573,31.76107157142857
5412,1,2024-09-13 12:00:00+00:00,31.046999,31.296999,30.897,30.197,31.597,31.197,34.5955,23.0,22.0,23.0,26.0,23.0,25.0,15.0,9,summer,22.428571428571427,31.54678542857143
5413,1,2024-09-13 13:00:00+00:00,30.597,30.897,29.647,29.747,30.997,30.647,32.8955,23.0,22.0,25.0,26.0,24.0,24.0,17.0,9,summer,23.0,30.77535714285714
5414,1,2024-09-13 14:00:00+00:00,29.947,29.747,28.147,29.046999,29.697,29.546999,30.345499,23.0,23.0,29.0,27.0,27.0,23.0,21.0,9,summer,24.714285714285715,29.496785285714285
5415,1,2024-09-13 15:00:00+00:00,28.497,27.897,27.497,27.947,27.997,27.947,27.9955,21.0,26.0,29.0,30.0,31.0,26.0,24.0,9,summer,26.714285714285715,27.968214285714282
5416,1,2024-09-13 16:00:00+00:00,25.546999,25.447,24.897,26.097,25.597,25.497,26.345499,29.0,30.0,31.0,36.0,37.0,34.0,27.0,9,summer,32.0,25.63249971428571
5417,1,2024-09-13 17:00:00+00:00,23.046999,23.097,22.397,23.897,22.796999,22.497,24.9455,41.0,41.0,42.0,44.0,45.0,45.0,30.0,9,summer,41.142857142857146,23.23964257142857
5418,1,2024-09-13 18:00:00+00:00,21.397,21.747,21.347,21.947,20.597,20.097,22.7955,49.0,50.0,52.0,48.0,51.0,54.0,48.0,9,summer,50.285714285714285,21.41821428571429
5419,1,2024-09-13 19:00:00+00:00,20.796999,20.997,20.597,20.947,19.546999,18.697,21.6455,51.0,53.0,56.0,51.0,54.0,58.0,48.0,9,summer,53.0,20.461071142857143
5420,1,2024-09-13 20:00:00+00:00,19.997,20.447,19.997,20.397,19.147,17.847,20.6955,52.0,54.0,58.0,53.0,56.0,61.0,46.0,9,summer,54.285714285714285,19.78964285714286
5421,1,2024-09-13 21:00:00+00:00,19.497,19.647,19.397,19.747,18.647,17.147,19.6955,49.0,49.0,57.0,55.0,58.0,63.0,46.0,9,summer,53.857142857142854,19.111071428571428
5422,1,2024-09-13 22:00:00+00:00,18.597,18.497,18.647,18.647,17.847,16.497,18.4455,52.0,59.0,60.0,58.0,62.0,67.0,50.0,9,summer,58.285714285714285,18.16821428571429
5423,1,2024-09-13 23:00:00+00:00,17.697,17.697,17.897,17.397,17.046999,15.997,17.1455,60.0,63.0,65.0,61.0,67.0,70.0,56.0,9,summer,63.142857142857146,17.26821414285714
5424,1,2024-09-14 00:00:00+00:00,16.197,16.397,16.897,16.347,15.247,14.997,16.1955,69.0,68.0,68.0,67.0,73.0,77.0,61.0,9,summer,69.0,16.039642857142855
5425,1,2024-09-14 01:00:00+00:00,15.047,15.247,15.747,14.947,14.197,13.997,15.3955,75.0,73.0,75.0,74.0,79.0,82.0,65.0,9,summer,74.71428571428571,14.939642857142857
5426,1,2024-09-14 02:00:00+00:00,14.247,14.297,14.797,13.547,13.396999,13.097,14.695499,78.0,77.0,80.0,80.0,83.0,87.0,69.0,9,summer,79.14285714285714,14.011071142857142
5427,1,2024-09-14 03:00:00+00:00,13.646999,13.646999,13.947,13.297,13.547,13.197,14.8955,80.0,80.0,84.0,82.0,84.0,87.0,69.0,9,summer,80.85714285714286,13.739642571428572
5428,1,2024-09-14 04:00:00+00:00,13.597,13.447,13.497,14.947,15.247,14.747,16.4955,79.0,81.0,86.0,76.0,78.0,81.0,63.0,9,summer,77.71428571428571,14.568214285714285
5429,1,2024-09-14 05:00:00+00:00,16.997,16.796999,16.847,17.697,17.947,17.247,18.9955,68.0,68.0,71.0,65.0,67.0,72.0,53.0,9,summer,66.28571428571429,17.50392842857143
5430,1,2024-09-14 06:00:00+00:00,20.647,21.197,20.796999,20.497,20.796999,20.046999,22.2955,55.0,53.0,54.0,55.0,57.0,61.0,41.0,9,summer,53.714285714285715,20.896785285714284
5431,1,2024-09-14 07:00:00+00:00,23.897,24.847,24.647,23.747,23.897,23.247,25.845499,44.0,41.0,38.0,44.0,48.0,49.0,33.0,9,summer,42.42857142857143,24.303928428571425
5432,1,2024-09-14 08:00:00+00:00,26.997,28.046999,28.046999,27.247,27.197,26.697,29.6955,33.0,31.0,27.0,33.0,38.0,36.0,25.0,9,summer,31.857142857142858,27.703928285714287
5433,1,2024-09-14 09:00:00+00:00,29.147,30.247,30.097,29.897,29.697,29.397,32.5955,27.0,26.0,23.0,24.0,31.0,25.0,19.0,9,summer,25.0,30.15392857142857
5434,1,2024-09-14 10:00:00+00:00,30.497,31.597,31.397,31.347,30.997,31.046999,34.245502,23.0,22.0,21.0,18.0,26.0,19.0,16.0,9,summer,20.714285714285715,31.589643
5435,1,2024-09-14 11:00:00+00:00,30.947,31.697,32.047,31.997,31.447,31.997,34.995502,20.0,19.0,17.0,15.0,23.0,16.0,15.0,9,summer,17.857142857142858,32.16107171428571
5436,1,2024-09-14 12:00:00+00:00,30.347,31.847,31.347,31.597,31.947,31.747,31.1955,19.0,17.0,15.0,13.0,17.0,13.0,15.0,9,summer,15.571428571428571,31.4325
5437,1,2024-09-14 13:00:00+00:00,30.147,31.046999,30.747,30.747,30.947,30.697,30.4455,16.0,16.0,14.0,12.0,17.0,13.0,14.0,9,summer,14.571428571428571,30.682499857142858
5438,1,2024-09-14 14:00:00+00:00,29.046999,29.447,29.347,29.147,29.247,28.897,29.2455,16.0,16.0,16.0,14.0,18.0,15.0,14.0,9,summer,15.571428571428571,29.19678557142857
5439,1,2024-09-14 15:00:00+00:00,27.447,27.647,27.147,27.247,27.296999,26.897,27.4955,18.0,18.0,21.0,18.0,22.0,20.0,16.0,9,summer,19.0,27.31107128571428
5440,1,2024-09-14 16:00:00+00:00,24.546999,24.697,24.046999,24.897,24.947,24.647,24.7955,25.0,25.0,29.0,26.0,31.0,29.0,20.0,9,summer,26.428571428571427,24.653928285714283
5441,1,2024-09-14 17:00:00+00:00,22.097,22.147,21.546999,22.197,22.296999,22.197,21.595499,36.0,35.0,42.0,37.0,42.0,40.0,26.0,9,summer,36.857142857142854,22.011070999999998
5442,1,2024-09-14 18:00:00+00:00,20.197,20.497,20.897,20.097,20.197,20.197,20.595499,48.0,48.0,48.0,48.0,51.0,49.0,29.0,9,summer,45.857142857142854,20.382499857142857
5443,1,2024-09-14 19:00:00+00:00,18.597,19.897,20.147,19.247,19.147,19.097,19.345499,54.0,52.0,52.0,51.0,54.0,54.0,34.0,9,summer,50.142857142857146,19.35392842857143
5444,1,2024-09-14 20:00:00+00:00,17.647,19.447,19.847,18.997,18.597,18.447,18.5455,59.0,52.0,49.0,51.0,54.0,56.0,40.0,9,summer,51.57142857142857,18.78964285714286
5445,1,2024-09-14 21:00:00+00:00,16.747,18.147,18.796999,18.546999,17.997,17.796999,17.7955,61.0,56.0,54.0,53.0,56.0,59.0,45.0,9,summer,54.857142857142854,17.975356714285716
5446,1,2024-09-14 22:00:00+00:00,15.997,16.796999,17.597,17.597,16.997,16.997,17.095499,63.0,62.0,62.0,57.0,62.0,63.0,49.0,9,summer,59.714285714285715,17.011071142857144
5447,1,2024-09-14 23:00:00+00:00,15.247,15.997,16.897,16.447,15.896999,16.197,16.4455,67.0,67.0,65.0,63.0,69.0,66.0,52.0,9,summer,64.14285714285714,16.161071285714282
5448,1,2024-09-15 00:00:00+00:00,14.247,14.697,15.396999,15.646999,14.097,15.447,14.9955,73.0,75.0,68.0,73.0,73.0,68.0,59.0,9,summer,69.85714285714286,14.932499714285715
5449,1,2024-09-15 01:00:00+00:00,13.847,14.347,14.547,14.447,12.847,14.247,14.0955,76.0,78.0,73.0,79.0,79.0,73.0,63.0,9,summer,74.42857142857143,14.053928571428571
5450,1,2024-09-15 02:00:00+00:00,13.396999,13.896999,13.896999,13.297,11.747,13.047,13.2455,79.0,81.0,77.0,85.0,84.0,78.0,67.0,9,summer,78.71428571428571,13.218213857142855
5451,1,2024-09-15 03:00:00+00:00,12.997,13.697,13.447,13.247,11.847,12.997,13.4955,83.0,83.0,81.0,86.0,85.0,79.0,67.0,9,summer,80.57142857142857,13.10392857142857
5452,1,2024-09-15 04:00:00+00:00,13.247,13.896999,13.396999,14.997,13.896999,14.697,15.3455,83.0,84.0,84.0,78.0,78.0,73.0,60.0,9,summer,77.14285714285714,14.211071
5453,1,2024-09-15 05:00:00+00:00,16.697,16.997,16.897,17.847,17.147,17.497,18.2455,70.0,73.0,71.0,65.0,66.0,62.0,50.0,9,summer,65.28571428571429,17.332500000000003
5454,1,2024-09-15 06:00:00+00:00,20.247,20.597,20.897,20.546999,20.447,20.447,21.595499,56.0,60.0,54.0,56.0,54.0,52.0,40.0,9,summer,53.142857142857146,20.682499714285715
5455,1,2024-09-15 07:00:00+00:00,23.447,23.597,23.897,23.546999,23.647,23.546999,25.6455,46.0,49.0,45.0,47.0,44.0,43.0,31.0,9,summer,43.57142857142857,23.903928285714283
5456,1,2024-09-15 08:00:00+00:00,26.497,26.447,26.597,26.647,26.947,26.796999,30.0455,38.0,40.0,38.0,37.0,35.0,35.0,22.0,9,summer,35.0,27.139642714285714
5457,1,2024-09-15 09:00:00+00:00,28.647,28.347,28.796999,29.046999,29.447,29.247,33.195503,31.0,34.0,33.0,30.0,28.0,28.0,16.0,9,summer,28.571428571428573,29.532500142857142
5458,1,2024-09-15 10:00:00+00:00,29.697,29.397,30.147,30.447,30.897,30.497,34.3455,26.0,28.0,28.0,25.0,24.0,24.0,13.0,9,summer,24.0,30.775357142857143
5459,1,2024-09-15 11:00:00+00:00,30.597,30.247,29.796999,31.097,31.597,30.997,34.245502,24.0,26.0,25.0,23.0,22.0,23.0,13.0,9,summer,22.285714285714285,31.225357285714285
5460,1,2024-09-15 12:00:00+00:00,30.697,30.447,30.296999,31.097,31.347,31.247,32.995502,24.0,26.0,26.0,22.0,21.0,21.0,12.0,9,summer,21.714285714285715,31.16107157142857
5461,1,2024-09-15 13:00:00+00:00,30.296999,30.097,29.796999,30.647,31.046999,30.796999,32.1455,24.0,25.0,26.0,21.0,21.0,21.0,13.0,9,summer,21.571428571428573,30.689642285714285
5462,1,2024-09-15 14:00:00+00:00,29.546999,29.397,28.947,29.697,30.197,29.796999,30.6455,24.0,25.0,26.0,21.0,21.0,21.0,16.0,9,summer,22.0,29.746785428571428
5463,1,2024-09-15 15:00:00+00:00,28.497,28.247,27.497,28.447,28.947,28.447,28.6955,25.0,28.0,29.0,24.0,23.0,23.0,19.0,9,summer,24.428571428571427,28.396785714285716
5464,1,2024-09-15 16:00:00+00:00,26.597,22.847,21.397,26.796999,27.046999,26.447,26.0455,35.0,54.0,61.0,30.0,28.0,28.0,23.0,9,summer,37.0,25.311071142857145
5465,1,2024-09-15 17:00:00+00:00,24.247,21.447,20.597,24.847,24.697,23.997,22.9455,39.0,66.0,66.0,39.0,34.0,34.0,28.0,9,summer,43.714285714285715,23.25392857142857
5466,1,2024-09-15 18:00:00+00:00,23.347,19.897,20.497,22.147,22.546999,21.847,22.7955,34.0,77.0,70.0,55.0,40.0,40.0,30.0,9,summer,49.42857142857143,21.868214142857145
5467,1,2024-09-15 19:00:00+00:00,21.997,19.296999,20.097,20.947,20.796999,20.247,20.845499,42.0,80.0,72.0,57.0,46.0,46.0,32.0,9,summer,53.57142857142857,20.603928142857143
5468,1,2024-09-15 20:00:00+00:00,21.247,18.747,19.497,20.046999,19.296999,18.947,18.8955,45.0,81.0,74.0,56.0,51.0,52.0,33.0,9,summer,56.0,19.52535685714286
5469,1,2024-09-15 21:00:00+00:00,20.647,18.296999,19.397,19.197,18.097,17.747,17.3955,42.0,77.0,68.0,56.0,56.0,58.0,35.0,9,summer,56.0,18.682499857142854
5470,1,2024-09-15 22:00:00+00:00,19.397,17.546999,18.796999,18.347,17.247,16.647,16.595499,48.0,68.0,63.0,57.0,60.0,63.0,39.0,9,summer,56.857142857142854,17.796785285714286
5471,1,2024-09-15 23:00:00+00:00,18.247,16.697,18.097,17.546999,16.747,15.646999,16.2455,58.0,70.0,65.0,58.0,63.0,67.0,44.0,9,summer,60.714285714285715,17.032499714285713
5472,1,2024-09-16 00:00:00+00:00,17.747,16.347,16.647,16.197,16.546999,15.447,16.4955,60.0,77.0,74.0,69.0,65.0,72.0,44.0,9,summer,65.85714285714286,16.489642714285715
5473,1,2024-09-16 01:00:00+00:00,17.147,15.997,16.197,15.497,15.646999,14.597,15.5455,63.0,78.0,75.0,71.0,70.0,76.0,49.0,9,summer,68.85714285714286,15.803928428571426
5474,1,2024-09-16 02:00:00+00:00,16.197,15.697,15.896999,14.997,14.847,13.896999,14.695499,67.0,77.0,75.0,73.0,74.0,80.0,53.0,9,summer,71.28571428571429,15.175356714285712
5475,1,2024-09-16 03:00:00+00:00,15.497,16.047,15.797,15.247,14.997,14.146999,14.8955,70.0,75.0,75.0,73.0,75.0,80.0,54.0,9,summer,71.71428571428571,15.232499857142857
5476,1,2024-09-16 04:00:00+00:00,15.146999,16.397,15.797,16.497,16.497,15.896999,16.6955,72.0,74.0,75.0,69.0,69.0,73.0,49.0,9,summer,68.71428571428571,16.13249971428571
5477,1,2024-09-16 05:00:00+00:00,18.296999,18.046999,18.147,18.397,18.897,18.647,19.4955,62.0,67.0,69.0,63.0,60.0,62.0,41.0,9,summer,60.57142857142857,18.56107114285714
5478,1,2024-09-16 06:00:00+00:00,21.597,21.296999,21.097,20.597,21.497,21.546999,22.9955,53.0,50.0,56.0,59.0,51.0,52.0,33.0,9,summer,50.57142857142857,21.518214
5479,1,2024-09-16 07:00:00+00:00,24.747,24.347,23.747,23.397,24.497,24.647,26.3955,44.0,43.0,49.0,51.0,43.0,44.0,27.0,9,summer,43.0,24.53964285714286
5480,1,2024-09-16 08:00:00+00:00,27.697,27.247,26.697,26.597,27.697,27.847,30.0455,37.0,37.0,41.0,42.0,36.0,36.0,21.0,9,summer,35.714285714285715,27.68964285714286
5481,1,2024-09-16 09:00:00+00:00,29.647,29.147,28.897,29.097,30.046999,30.247,32.695503,29.0,32.0,35.0,34.0,31.0,30.0,17.0,9,summer,29.714285714285715,29.96821457142857
5482,1,2024-09-16 10:00:00+00:00,30.497,29.697,29.847,30.397,31.046999,31.497,33.7955,26.0,29.0,32.0,29.0,28.0,26.0,15.0,9,summer,26.428571428571427,30.96821414285714
5483,1,2024-09-16 11:00:00+00:00,31.296999,30.497,30.296999,30.947,31.197,31.897,33.8955,24.0,27.0,30.0,26.0,26.0,24.0,14.0,9,summer,24.428571428571427,31.43249971428571
5484,1,2024-09-16 12:00:00+00:00,30.546999,29.897,30.347,30.247,30.296999,31.697,33.5955,24.0,26.0,28.0,31.0,26.0,25.0,14.0,9,summer,24.857142857142858,30.946785428571427
5485,1,2024-09-16 13:00:00+00:00,29.697,29.397,29.997,28.647,29.447,30.647,32.1455,26.0,28.0,29.0,37.0,29.0,28.0,16.0,9,summer,27.571428571428573,29.996785714285714
5486,1,2024-09-16 14:00:00+00:00,29.296999,28.147,27.296999,26.247,28.097,28.796999,29.9955,28.0,32.0,38.0,46.0,35.0,33.0,20.0,9,summer,33.142857142857146,28.268213857142854
5487,1,2024-09-16 15:00:00+00:00,25.897,26.147,25.997,24.046999,26.497,26.897,28.095499,42.0,44.0,45.0,55.0,42.0,39.0,23.0,9,summer,41.42857142857143,26.225356857142852
5488,1,2024-09-16 16:00:00+00:00,22.796999,24.796999,23.296999,22.497,24.447,25.046999,26.6955,62.0,45.0,57.0,64.0,53.0,47.0,26.0,9,summer,50.57142857142857,24.225356571428573
5489,1,2024-09-16 17:00:00+00:00,21.747,23.247,20.597,21.197,22.097,23.197,25.4955,69.0,49.0,76.0,72.0,65.0,56.0,29.0,9,summer,59.42857142857143,22.51107142857143
5490,1,2024-09-16 18:00:00+00:00,19.947,20.747,22.497,19.197,20.347,21.647,23.1955,80.0,69.0,51.0,83.0,73.0,64.0,42.0,9,summer,66.0,21.082500000000003
5491,1,2024-09-16 19:00:00+00:00,19.747,20.247,20.747,18.447,19.697,20.697,23.0455,81.0,70.0,63.0,89.0,72.0,69.0,39.0,9,summer,69.0,20.375357142857144
5492,1,2024-09-16 20:00:00+00:00,19.046999,19.796999,20.046999,18.197,19.597,20.147,23.1455,86.0,62.0,69.0,93.0,67.0,72.0,33.0,9,summer,68.85714285714286,19.996785285714285
5493,1,2024-09-16 21:00:00+00:00,18.546999,18.997,20.597,17.997,19.397,19.647,22.6955,81.0,60.0,57.0,93.0,64.0,73.0,31.0,9,summer,65.57142857142857,19.69678557142857
5494,1,2024-09-16 22:00:00+00:00,17.997,18.597,19.747,17.647,18.796999,19.097,20.9955,72.0,63.0,57.0,88.0,65.0,71.0,37.0,9,summer,64.71428571428571,18.98249985714286
5495,1,2024-09-16 23:00:00+00:00,17.197,18.347,18.647,17.397,18.046999,18.647,18.7455,74.0,64.0,62.0,79.0,68.0,67.0,48.0,9,summer,66.0,18.14678557142857
5496,1,2024-09-17 00:00:00+00:00,16.847,18.347,17.597,17.247,16.247,16.397,16.6955,75.0,65.0,69.0,77.0,81.0,68.0,62.0,9,summer,71.0,17.053928571428575
5497,1,2024-09-17 01:00:00+00:00,16.347,17.847,16.747,16.597,15.646999,15.547,15.8455,75.0,67.0,74.0,79.0,83.0,72.0,67.0,9,summer,73.85714285714286,16.368214142857145
5498,1,2024-09-17 02:00:00+00:00,15.797,17.447,16.247,15.947,15.146999,14.847,15.0955,77.0,69.0,77.0,84.0,85.0,76.0,71.0,9,summer,77.0,15.789642714285714
5499,1,2024-09-17 03:00:00+00:00,15.297,16.897,15.847,15.947,15.347,15.047,15.2955,80.0,72.0,79.0,85.0,85.0,77.0,71.0,9,summer,78.42857142857143,15.668214285714285
5500,1,2024-09-17 04:00:00+00:00,15.097,16.546999,15.797,17.046999,16.546999,16.697,16.9455,82.0,75.0,80.0,80.0,81.0,72.0,65.0,9,summer,76.42857142857143,16.38249957142857
5501,1,2024-09-17 05:00:00+00:00,17.546999,18.597,18.597,18.847,18.497,19.247,19.4955,76.0,68.0,71.0,72.0,74.0,63.0,55.0,9,summer,68.42857142857143,18.689642714285714
5502,1,2024-09-17 06:00:00+00:00,20.697,21.546999,21.097,21.197,20.546999,21.847,22.1955,61.0,56.0,59.0,62.0,67.0,55.0,50.0,9,summer,58.57142857142857,21.303928285714285
5503,1,2024-09-17 07:00:00+00:00,23.247,23.997,23.347,23.347,22.947,24.597,25.0455,54.0,50.0,52.0,55.0,59.0,47.0,42.0,9,summer,51.285714285714285,23.789642857142862
5504,1,2024-09-17 08:00:00+00:00,26.097,26.897,25.947,25.647,25.546999,27.397,28.095499,47.0,43.0,44.0,47.0,50.0,40.0,33.0,9,summer,43.42857142857143,26.518213999999997
5505,1,2024-09-17 09:00:00+00:00,28.097,29.147,28.097,27.347,27.296999,29.247,30.4955,40.0,36.0,39.0,42.0,44.0,35.0,27.0,9,summer,37.57142857142857,28.53249985714286
5506,1,2024-09-17 10:00:00+00:00,29.197,30.397,29.647,28.347,27.597,29.597,32.195503,36.0,32.0,33.0,38.0,43.0,34.0,22.0,9,summer,34.0,29.568214714285716
5507,1,2024-09-17 11:00:00+00:00,29.697,30.897,30.247,28.747,27.097,28.997,33.245502,33.0,29.0,30.0,36.0,44.0,35.0,19.0,9,summer,32.285714285714285,29.846786
5508,1,2024-09-17 12:00:00+00:00,30.097,29.947,30.397,26.296999,27.947,28.447,31.1955,30.0,31.0,30.0,45.0,40.0,38.0,21.0,9,summer,33.57142857142857,29.189642714285718
5509,1,2024-09-17 13:00:00+00:00,29.897,28.747,29.546999,25.197,27.397,27.347,27.7955,29.0,35.0,31.0,50.0,41.0,42.0,34.0,9,summer,37.42857142857143,27.989642714285715
5510,1,2024-09-17 14:00:00+00:00,28.897,26.997,26.046999,23.747,26.597,25.747,23.2455,31.0,40.0,46.0,57.0,43.0,48.0,53.0,9,summer,45.42857142857143,25.89678557142857
5511,1,2024-09-17 15:00:00+00:00,25.997,25.897,24.546999,22.447,25.697,24.097,19.8955,44.0,46.0,53.0,63.0,45.0,56.0,66.0,9,summer,53.285714285714285,24.08249985714286
5512,1,2024-09-17 16:00:00+00:00,25.046999,22.847,20.897,21.546999,24.747,22.497,19.0455,48.0,62.0,75.0,68.0,48.0,67.0,69.0,9,summer,62.42857142857143,22.375356857142858
5513,1,2024-09-17 17:00:00+00:00,23.497,20.997,19.997,20.847,23.647,20.897,19.4455,59.0,75.0,80.0,73.0,51.0,79.0,66.0,9,summer,69.0,21.3325
5514,1,2024-09-17 18:00:00+00:00,21.647,21.347,21.597,19.546999,22.497,19.647,20.595499,67.0,71.0,69.0,79.0,54.0,86.0,61.0,9,summer,69.57142857142857,20.982499714285716
5515,1,2024-09-17 19:00:00+00:00,20.747,20.497,20.847,19.097,21.147,18.947,19.9955,75.0,80.0,76.0,80.0,57.0,82.0,63.0,9,summer,73.28571428571429,20.1825
5516,1,2024-09-17 20:00:00+00:00,19.697,20.247,20.647,18.747,19.697,18.546999,19.1455,77.0,75.0,70.0,80.0,61.0,73.0,66.0,9,summer,71.71428571428571,19.532499857142856
5517,1,2024-09-17 21:00:00+00:00,18.697,19.546999,19.847,18.347,18.597,18.147,18.3955,71.0,63.0,60.0,79.0,64.0,67.0,68.0,9,summer,67.42857142857143,18.79678557142857
5518,1,2024-09-17 22:00:00+00:00,17.697,18.497,18.796999,17.796999,18.046999,17.546999,17.8955,71.0,68.0,68.0,78.0,66.0,68.0,68.0,9,summer,69.57142857142857,18.039642285714287
5519,1,2024-09-17 23:00:00+00:00,17.247,18.046999,18.647,17.247,17.847,16.997,17.4955,73.0,70.0,68.0,77.0,68.0,71.0,67.0,9,summer,70.57142857142857,17.646785571428573
5520,1,2024-09-18 00:00:00+00:00,16.397,17.697,17.497,18.147,17.497,17.247,17.8955,76.0,72.0,72.0,72.0,76.0,73.0,62.0,9,summer,71.85714285714286,17.482499999999998
5521,1,2024-09-18 01:00:00+00:00,16.397,17.347,17.097,17.847,17.097,16.897,16.9455,76.0,75.0,74.0,73.0,78.0,75.0,66.0,9,summer,73.85714285714286,17.089642857142856
5522,1,2024-09-18 02:00:00+00:00,16.497,17.097,16.947,17.597,16.747,16.597,15.945499,77.0,77.0,75.0,73.0,80.0,76.0,70.0,9,summer,75.42857142857143,16.775357
5523,1,2024-09-18 03:00:00+00:00,16.347,16.997,16.897,17.796999,16.947,16.796999,15.9955,78.0,77.0,75.0,72.0,79.0,76.0,70.0,9,summer,75.28571428571429,16.825356857142857
5524,1,2024-09-18 04:00:00+00:00,16.247,17.046999,16.997,18.546999,17.997,17.647,17.595499,79.0,76.0,75.0,69.0,74.0,73.0,64.0,9,summer,72.85714285714286,17.439642428571428
5525,1,2024-09-18 05:00:00+00:00,18.347,18.546999,18.697,19.747,19.647,18.997,20.2455,73.0,71.0,71.0,64.0,67.0,67.0,53.0,9,summer,66.57142857142857,19.175356999999998
5526,1,2024-09-18 06:00:00+00:00,20.947,20.997,21.497,21.397,21.497,20.697,23.3955,63.0,62.0,58.0,55.0,60.0,61.0,52.0,9,summer,58.714285714285715,21.489642857142858
5527,1,2024-09-18 07:00:00+00:00,23.747,23.647,24.347,23.997,23.747,23.046999,26.9455,54.0,54.0,50.0,48.0,53.0,54.0,42.0,9,summer,50.714285714285715,24.211071285714286
5528,1,2024-09-18 08:00:00+00:00,26.397,26.447,27.097,26.697,26.247,25.796999,31.0455,47.0,45.0,43.0,40.0,45.0,47.0,32.0,9,summer,42.714285714285715,27.10392842857143
5529,1,2024-09-18 09:00:00+00:00,28.347,28.347,28.747,28.697,28.197,27.897,33.3955,39.0,38.0,37.0,35.0,39.0,41.0,25.0,9,summer,36.285714285714285,29.089642857142856
5530,1,2024-09-18 10:00:00+00:00,28.847,29.046999,29.597,29.597,29.397,28.997,32.5455,34.0,33.0,32.0,32.0,35.0,37.0,25.0,9,summer,32.57142857142857,29.71821414285714
5531,1,2024-09-18 11:00:00+00:00,29.897,29.897,30.247,29.747,30.046999,29.497,29.9955,31.0,31.0,30.0,31.0,32.0,35.0,29.0,9,summer,31.285714285714285,29.903928428571426
5532,1,2024-09-18 12:00:00+00:00,29.147,30.947,29.697,29.847,29.647,30.897,30.7955,34.0,28.0,33.0,34.0,34.0,26.0,27.0,9,summer,30.857142857142858,30.139642857142857
5533,1,2024-09-18 13:00:00+00:00,29.247,30.697,29.597,29.546999,28.997,29.847,28.6955,34.0,28.0,33.0,33.0,35.0,30.0,33.0,9,summer,32.285714285714285,29.518214142857143
5534,1,2024-09-18 14:00:00+00:00,28.947,30.046999,28.747,28.747,27.897,28.147,26.0455,34.0,29.0,34.0,34.0,37.0,36.0,41.0,9,summer,35.0,28.36821414285714
5535,1,2024-09-18 15:00:00+00:00,27.997,28.647,26.947,27.546999,26.546999,26.497,23.595499,35.0,32.0,40.0,37.0,41.0,41.0,50.0,9,summer,39.42857142857143,26.825356714285714
5536,1,2024-09-18 16:00:00+00:00,25.447,25.046999,24.097,25.546999,24.697,25.147,21.345499,45.0,47.0,56.0,46.0,50.0,43.0,61.0,9,summer,49.714285714285715,24.475356714285713
5537,1,2024-09-18 17:00:00+00:00,23.647,21.447,22.097,23.097,22.546999,23.847,19.345499,54.0,70.0,65.0,59.0,62.0,45.0,74.0,9,summer,61.285714285714285,22.289642571428573
5538,1,2024-09-18 18:00:00+00:00,20.947,20.447,22.447,20.247,20.847,22.647,18.8955,67.0,81.0,60.0,79.0,71.0,47.0,76.0,9,summer,68.71428571428571,20.92535714285714
5539,1,2024-09-18 19:00:00+00:00,19.847,20.197,21.497,19.897,19.897,21.647,18.595499,71.0,84.0,67.0,82.0,77.0,52.0,77.0,9,summer,72.85714285714286,20.225356999999995
5540,1,2024-09-18 20:00:00+00:00,19.247,19.847,21.147,19.647,19.397,20.747,18.6455,70.0,87.0,70.0,85.0,80.0,58.0,75.0,9,summer,75.0,19.81107142857143
5541,1,2024-09-18 21:00:00+00:00,19.147,19.546999,20.447,19.447,19.046999,19.947,18.6955,71.0,87.0,71.0,85.0,81.0,62.0,73.0,9,summer,75.71428571428571,19.468214
5542,1,2024-09-18 22:00:00+00:00,19.097,18.997,19.947,19.447,18.796999,19.097,18.7455,68.0,84.0,68.0,81.0,76.0,64.0,71.0,9,summer,73.14285714285714,19.161071285714286
5543,1,2024-09-18 23:00:00+00:00,17.947,18.197,19.247,19.497,18.697,18.347,18.7455,72.0,79.0,66.0,75.0,69.0,64.0,69.0,9,summer,70.57142857142857,18.66821428571429
5544,1,2024-09-19 00:00:00+00:00,16.897,17.847,18.197,18.947,19.447,18.397,17.2955,76.0,72.0,70.0,75.0,61.0,65.0,76.0,9,summer,70.71428571428571,18.146785714285716
5545,1,2024-09-19 01:00:00+00:00,15.847,17.097,17.497,18.147,18.847,17.947,16.3955,82.0,75.0,72.0,76.0,63.0,66.0,78.0,9,summer,73.14285714285714,17.396785714285716
5546,1,2024-09-19 02:00:00+00:00,15.297,16.897,16.796999,17.197,18.197,17.447,15.2455,86.0,76.0,75.0,79.0,68.0,68.0,82.0,9,summer,76.28571428571429,16.725357000000002
5547,1,2024-09-19 03:00:00+00:00,15.097,16.796999,16.247,16.997,18.097,17.497,15.195499,87.0,77.0,78.0,79.0,70.0,68.0,81.0,9,summer,77.14285714285714,16.561071142857145
5548,1,2024-09-19 04:00:00+00:00,15.097,16.697,16.097,17.947,18.897,18.247,16.845499,86.0,78.0,79.0,74.0,67.0,66.0,73.0,9,summer,74.71428571428571,17.11821414285714
5549,1,2024-09-19 05:00:00+00:00,17.947,18.947,18.697,19.697,20.296999,19.447,19.4955,77.0,70.0,71.0,67.0,62.0,62.0,61.0,9,summer,67.14285714285714,19.218214142857143
5550,1,2024-09-19 06:00:00+00:00,21.296999,21.397,21.796999,21.497,21.997,20.997,22.8955,63.0,61.0,58.0,59.0,56.0,58.0,50.0,9,summer,57.857142857142854,21.696785428571424
5551,1,2024-09-19 07:00:00+00:00,24.097,24.147,24.597,23.796999,24.097,23.097,26.7455,55.0,54.0,51.0,52.0,50.0,53.0,39.0,9,summer,50.57142857142857,24.368214142857145
5552,1,2024-09-19 08:00:00+00:00,26.647,26.796999,27.296999,26.296999,26.497,25.546999,30.9455,48.0,46.0,43.0,45.0,43.0,46.0,30.0,9,summer,43.0,27.14678514285714
5553,1,2024-09-19 09:00:00+00:00,27.997,28.347,28.796999,28.197,28.397,27.497,33.495502,41.0,40.0,36.0,39.0,37.0,41.0,23.0,9,summer,36.714285714285715,28.961071571428565
5554,1,2024-09-19 10:00:00+00:00,29.247,29.847,30.097,29.347,29.597,28.546999,33.3455,38.0,36.0,33.0,35.0,33.0,37.0,21.0,9,summer,33.285714285714285,30.003928428571434
5555,1,2024-09-19 11:00:00+00:00,29.796999,30.347,30.097,29.947,30.347,29.046999,31.4955,35.0,33.0,32.0,32.0,30.0,34.0,23.0,9,summer,31.285714285714285,30.153928285714283
5556,1,2024-09-19 12:00:00+00:00,29.497,30.147,30.397,30.497,29.897,30.296999,27.095499,36.0,33.0,33.0,31.0,35.0,31.0,37.0,9,summer,33.714285714285715,29.68964257142857
5557,1,2024-09-19 13:00:00+00:00,29.197,29.947,29.546999,29.947,29.296999,29.947,25.7955,35.0,31.0,34.0,31.0,36.0,31.0,41.0,9,summer,34.142857142857146,29.09678542857143
5558,1,2024-09-19 14:00:00+00:00,26.097,28.046999,26.997,28.796999,28.147,29.046999,24.4955,49.0,38.0,47.0,33.0,38.0,33.0,46.0,9,summer,40.57142857142857,27.37535671428571
5559,1,2024-09-19 15:00:00+00:00,24.046999,24.747,24.397,27.296999,26.796999,27.647,23.2955,64.0,61.0,57.0,39.0,43.0,38.0,51.0,9,summer,50.42857142857143,25.461071
5560,1,2024-09-19 16:00:00+00:00,22.847,21.647,22.397,25.247,25.046999,25.497,22.095499,70.0,77.0,71.0,51.0,53.0,50.0,56.0,9,summer,61.142857142857146,23.53964257142857
5561,1,2024-09-19 17:00:00+00:00,21.296999,21.147,21.447,22.897,22.997,22.847,20.9455,81.0,80.0,80.0,66.0,66.0,66.0,62.0,9,summer,71.57142857142857,21.939642714285714
5562,1,2024-09-19 18:00:00+00:00,20.296999,20.347,20.847,20.546999,21.447,20.847,20.595499,86.0,85.0,81.0,81.0,77.0,78.0,65.0,9,summer,79.0,20.70392814285714
5563,1,2024-09-19 19:00:00+00:00,20.097,19.597,20.097,19.947,20.697,19.997,20.595499,86.0,89.0,85.0,85.0,82.0,83.0,65.0,9,summer,82.14285714285714,20.146785571428573
5564,1,2024-09-19 20:00:00+00:00,19.747,19.046999,19.546999,19.647,20.397,19.796999,20.845499,87.0,91.0,87.0,88.0,85.0,84.0,62.0,9,summer,83.42857142857143,19.861070857142856
5565,1,2024-09-19 21:00:00+00:00,19.347,18.497,19.347,19.447,20.097,19.647,20.7955,90.0,93.0,87.0,90.0,87.0,85.0,60.0,9,summer,84.57142857142857,19.596785714285716
5566,1,2024-09-19 22:00:00+00:00,19.046999,18.247,19.046999,19.347,19.697,19.447,20.1455,90.0,93.0,89.0,91.0,89.0,87.0,59.0,9,summer,85.42857142857143,19.282499714285713
5567,1,2024-09-19 23:00:00+00:00,18.796999,18.097,18.697,19.347,19.347,19.296999,19.1455,89.0,92.0,91.0,91.0,91.0,88.0,59.0,9,summer,85.85714285714286,18.961071142857143
5568,1,2024-09-20 00:00:00+00:00,17.997,17.647,18.546999,18.296999,18.947,19.147,17.4955,84.0,92.0,90.0,87.0,86.0,82.0,62.0,9,summer,83.28571428571429,18.29678542857143
5569,1,2024-09-20 01:00:00+00:00,17.647,17.397,18.546999,17.947,18.296999,18.647,16.4955,87.0,89.0,90.0,85.0,87.0,81.0,66.0,9,summer,83.57142857142857,17.853928285714286
5570,1,2024-09-20 02:00:00+00:00,17.347,17.046999,18.447,17.546999,17.546999,18.097,15.5455,89.0,88.0,87.0,83.0,89.0,78.0,71.0,9,summer,83.57142857142857,17.368213857142855
5571,1,2024-09-20 03:00:00+00:00,17.296999,16.847,18.397,17.597,17.447,18.097,15.5955,88.0,88.0,83.0,80.0,88.0,75.0,72.0,9,summer,82.0,17.325357000000004
5572,1,2024-09-20 04:00:00+00:00,17.447,16.997,18.197,18.197,18.397,18.947,17.1955,88.0,88.0,81.0,77.0,82.0,70.0,66.0,9,summer,78.85714285714286,17.91107142857143
5573,1,2024-09-20 05:00:00+00:00,18.897,18.497,18.796999,19.247,20.046999,20.347,19.7955,84.0,83.0,80.0,72.0,74.0,65.0,57.0,9,summer,73.57142857142857,19.375356857142858
5574,1,2024-09-20 06:00:00+00:00,20.097,20.597,20.397,20.747,21.847,22.046999,23.3955,77.0,72.0,73.0,67.0,66.0,59.0,48.0,9,summer,66.0,21.303928428571428
5575,1,2024-09-20 07:00:00+00:00,21.247,22.147,22.147,22.597,23.997,24.247,27.095499,74.0,66.0,66.0,62.0,59.0,52.0,38.0,9,summer,59.57142857142857,23.35392842857143
5576,1,2024-09-20 08:00:00+00:00,22.397,23.247,24.046999,24.747,26.347,26.697,31.095499,70.0,64.0,60.0,55.0,52.0,45.0,29.0,9,summer,53.57142857142857,25.51107114285714
5577,1,2024-09-20 09:00:00+00:00,23.796999,24.847,24.947,26.296999,28.097,28.397,33.3955,65.0,59.0,57.0,51.0,46.0,40.0,23.0,9,summer,48.714285714285715,27.11107114285714
5578,1,2024-09-20 10:00:00+00:00,24.847,25.747,25.247,26.997,29.097,29.097,32.5455,62.0,55.0,56.0,49.0,41.0,37.0,24.0,9,summer,46.285714285714285,27.653928571428573
5579,1,2024-09-20 11:00:00+00:00,25.147,26.397,25.296999,27.097,29.546999,29.046999,29.9455,59.0,53.0,57.0,49.0,38.0,36.0,29.0,9,summer,45.857142857142854,27.496785285714285
5580,1,2024-09-20 12:00:00+00:00,24.546999,26.647,26.397,26.597,27.046999,28.546999,25.9955,60.0,53.0,53.0,50.0,48.0,40.0,43.0,9,summer,49.57142857142857,26.539642428571426
5581,1,2024-09-20 13:00:00+00:00,24.447,21.697,22.247,25.546999,24.597,26.546999,23.845499,61.0,82.0,80.0,57.0,61.0,51.0,51.0,9,summer,63.285714285714285,24.13249957142857
5582,1,2024-09-20 14:00:00+00:00,23.897,20.897,20.397,23.747,21.296999,23.597,21.7455,64.0,82.0,89.0,67.0,78.0,66.0,59.0,9,summer,72.14285714285714,22.225357
5583,1,2024-09-20 15:00:00+00:00,23.097,20.997,20.497,22.247,18.847,21.147,20.2955,69.0,79.0,87.0,76.0,90.0,78.0,65.0,9,summer,77.71428571428571,21.018214285714286
5584,1,2024-09-20 16:00:00+00:00,21.997,20.397,20.347,21.397,18.197,19.697,19.8955,78.0,85.0,88.0,81.0,92.0,81.0,67.0,9,summer,81.71428571428571,20.275357142857143
5585,1,2024-09-20 17:00:00+00:00,21.147,19.847,20.147,20.796999,18.497,18.796999,20.095499,84.0,88.0,88.0,85.0,90.0,81.0,66.0,9,summer,83.14285714285714,19.903928142857144
5586,1,2024-09-20 18:00:00+00:00,20.197,19.747,19.046999,20.296999,18.747,18.147,22.3955,84.0,84.0,93.0,85.0,88.0,81.0,49.0,9,summer,80.57142857142857,19.79678542857143
5587,1,2024-09-20 19:00:00+00:00,19.447,19.347,18.347,19.796999,18.747,17.847,21.6955,86.0,86.0,95.0,88.0,88.0,83.0,51.0,9,summer,82.42857142857143,19.31821414285714
5588,1,2024-09-20 20:00:00+00:00,18.897,18.897,18.046999,19.296999,18.697,17.847,20.7955,89.0,90.0,96.0,90.0,89.0,87.0,54.0,9,summer,85.0,18.925356857142855
5589,1,2024-09-20 21:00:00+00:00,18.497,18.597,17.796999,18.847,18.697,17.897,19.8955,91.0,91.0,96.0,91.0,90.0,89.0,57.0,9,summer,86.42857142857143,18.60392842857143
5590,1,2024-09-20 22:00:00+00:00,18.347,18.296999,17.497,18.447,18.647,17.897,18.9455,86.0,87.0,93.0,89.0,90.0,91.0,60.0,9,summer,85.14285714285714,18.29678557142857
5591,1,2024-09-20 23:00:00+00:00,18.046999,17.847,17.147,18.046999,18.597,17.897,17.9955,82.0,85.0,91.0,86.0,90.0,92.0,62.0,9,summer,84.0,17.93964257142857
5592,1,2024-09-21 00:00:00+00:00,17.747,17.397,17.097,18.247,17.747,18.097,17.7955,81.0,88.0,88.0,84.0,84.0,90.0,63.0,9,summer,82.57142857142857,17.732499999999998
5593,1,2024-09-21 01:00:00+00:00,17.296999,17.097,16.647,17.546999,17.097,17.947,16.7455,84.0,88.0,89.0,84.0,85.0,89.0,68.0,9,summer,83.85714285714286,17.196785428571427
5594,1,2024-09-21 02:00:00+00:00,16.897,16.747,16.497,16.796999,16.397,17.747,15.3955,86.0,89.0,90.0,86.0,87.0,87.0,75.0,9,summer,85.71428571428571,16.63964271428571
5595,1,2024-09-21 03:00:00+00:00,16.597,16.647,16.197,16.647,16.347,17.897,15.195499,87.0,89.0,90.0,86.0,87.0,85.0,77.0,9,summer,85.85714285714286,16.503928428571427
5596,1,2024-09-21 04:00:00+00:00,16.447,16.747,16.097,17.497,17.296999,18.497,16.7955,89.0,88.0,90.0,83.0,84.0,82.0,71.0,9,summer,83.85714285714286,17.05392842857143
5597,1,2024-09-21 05:00:00+00:00,18.296999,18.247,18.247,18.997,18.897,19.397,19.4455,83.0,85.0,86.0,79.0,78.0,79.0,61.0,9,summer,78.71428571428571,18.789642714285716
5598,1,2024-09-21 06:00:00+00:00,20.747,21.097,20.897,20.697,20.647,20.597,21.8955,74.0,72.0,75.0,75.0,72.0,75.0,52.0,9,summer,70.71428571428571,20.93964285714286
5599,1,2024-09-21 07:00:00+00:00,22.997,23.097,22.697,22.796999,22.647,22.397,24.7955,64.0,63.0,67.0,67.0,65.0,69.0,44.0,9,summer,62.714285714285715,23.061071285714284
5600,1,2024-09-21 08:00:00+00:00,25.197,24.597,24.296999,25.097,24.796999,24.497,27.9455,56.0,58.0,60.0,58.0,57.0,62.0,35.0,9,summer,55.142857142857146,25.203928285714284
5601,1,2024-09-21 09:00:00+00:00,26.747,25.997,25.447,26.747,26.497,26.046999,30.095499,50.0,55.0,55.0,52.0,51.0,57.0,29.0,9,summer,49.857142857142854,26.79678542857143
5602,1,2024-09-21 10:00:00+00:00,27.796999,27.197,26.147,27.447,27.697,26.796999,30.5455,48.0,51.0,53.0,49.0,46.0,55.0,26.0,9,summer,46.857142857142854,27.661071142857143
5603,1,2024-09-21 11:00:00+00:00,27.847,27.597,27.046999,27.497,28.497,27.046999,29.9455,46.0,49.0,50.0,48.0,43.0,55.0,26.0,9,summer,45.285714285714285,27.925356857142862
5604,1,2024-09-21 12:00:00+00:00,27.296999,27.296999,26.447,25.097,28.247,25.897,28.9955,47.0,48.0,53.0,66.0,41.0,57.0,28.0,9,summer,48.57142857142857,27.03964257142857
5605,1,2024-09-21 13:00:00+00:00,27.097,25.597,26.197,24.546999,26.597,25.247,27.2455,45.0,54.0,54.0,70.0,50.0,62.0,32.0,9,summer,52.42857142857143,26.075356999999997
5606,1,2024-09-21 14:00:00+00:00,26.997,22.897,23.597,23.796999,24.097,24.147,25.1955,40.0,70.0,73.0,75.0,64.0,68.0,38.0,9,summer,61.142857142857146,24.389642714285714
5607,1,2024-09-21 15:00:00+00:00,26.147,21.447,22.747,22.997,22.046999,23.097,23.4955,41.0,79.0,78.0,79.0,75.0,73.0,43.0,9,summer,66.85714285714286,23.139642714285714
5608,1,2024-09-21 16:00:00+00:00,23.847,20.897,21.897,22.147,20.947,22.296999,22.4455,50.0,81.0,84.0,83.0,81.0,73.0,48.0,9,summer,71.42857142857143,22.06821414285714
5609,1,2024-09-21 17:00:00+00:00,22.147,20.197,21.197,21.247,20.296999,21.597,21.7455,55.0,85.0,87.0,87.0,84.0,72.0,53.0,9,summer,74.71428571428571,21.203928428571427
5610,1,2024-09-21 18:00:00+00:00,20.697,19.796999,20.997,20.046999,19.747,20.847,20.3955,65.0,89.0,75.0,92.0,85.0,70.0,63.0,9,summer,77.0,20.361071142857146
5611,1,2024-09-21 19:00:00+00:00,19.497,19.247,20.046999,19.497,19.197,20.097,20.595499,71.0,92.0,77.0,95.0,81.0,69.0,59.0,9,summer,77.71428571428571,19.73964257142857
5612,1,2024-09-21 20:00:00+00:00,18.497,18.997,18.796999,19.097,18.747,19.347,21.1955,77.0,93.0,80.0,97.0,75.0,68.0,52.0,9,summer,77.42857142857143,19.239642714285715
5613,1,2024-09-21 21:00:00+00:00,17.796999,18.447,17.997,18.647,18.247,18.647,21.2955,80.0,92.0,82.0,97.0,70.0,68.0,49.0,9,summer,76.85714285714286,18.725357000000002
5614,1,2024-09-21 22:00:00+00:00,17.397,18.147,17.347,18.046999,17.597,18.046999,20.1955,81.0,85.0,84.0,95.0,70.0,70.0,54.0,9,summer,77.0,18.111071142857142
5615,1,2024-09-21 23:00:00+00:00,16.897,17.647,16.947,17.447,16.847,17.546999,18.595499,83.0,81.0,84.0,92.0,72.0,73.0,64.0,9,summer,78.42857142857143,17.418214
5616,1,2024-09-22 00:00:00+00:00,16.697,17.697,16.597,16.347,16.897,16.697,16.7955,82.0,82.0,87.0,91.0,84.0,81.0,73.0,9,summer,82.85714285714286,16.818214285714284
5617,1,2024-09-22 01:00:00+00:00,16.247,17.296999,16.296999,15.947,16.546999,15.997,16.095499,84.0,83.0,87.0,91.0,85.0,82.0,76.0,9,summer,84.0,16.346785142857144
5618,1,2024-09-22 02:00:00+00:00,15.947,16.997,16.097,15.697,16.347,15.347,15.695499,85.0,83.0,87.0,91.0,86.0,85.0,78.0,9,summer,85.0,16.018214142857143
5619,1,2024-09-22 03:00:00+00:00,15.646999,16.546999,15.847,15.896999,16.647,15.396999,16.095499,86.0,85.0,88.0,90.0,85.0,84.0,76.0,9,summer,84.85714285714286,16.011070714285715
5620,1,2024-09-22 04:00:00+00:00,15.597,16.347,15.747,16.847,17.546999,16.597,17.6955,86.0,87.0,88.0,87.0,79.0,78.0,69.0,9,summer,82.0,16.625357
5621,1,2024-09-22 05:00:00+00:00,18.046999,18.247,17.747,18.347,18.947,18.497,20.095499,79.0,82.0,84.0,82.0,71.0,69.0,58.0,9,summer,75.0,18.561071142857145
5622,1,2024-09-22 06:00:00+00:00,20.847,21.097,20.897,20.247,20.647,20.597,23.1955,71.0,68.0,68.0,74.0,63.0,61.0,47.0,9,summer,64.57142857142857,21.075357142857143
5623,1,2024-09-22 07:00:00+00:00,23.046999,23.397,22.997,22.447,22.847,22.947,25.845499,62.0,59.0,59.0,67.0,55.0,54.0,39.0,9,summer,56.42857142857143,23.361071142857146
5624,1,2024-09-22 08:00:00+00:00,25.347,25.197,24.847,24.796999,25.347,25.447,28.5455,55.0,54.0,54.0,60.0,48.0,48.0,31.0,9,summer,50.0,25.646785571428573
5625,1,2024-09-22 09:00:00+00:00,26.847,26.497,26.296999,26.647,27.296999,27.447,30.4955,48.0,49.0,49.0,53.0,42.0,43.0,26.0,9,summer,44.285714285714285,27.36107114285714
5626,1,2024-09-22 10:00:00+00:00,27.747,27.147,26.897,27.796999,28.397,28.597,31.2955,44.0,45.0,46.0,47.0,38.0,38.0,23.0,9,summer,40.142857142857146,28.268214142857143
5627,1,2024-09-22 11:00:00+00:00,28.197,27.546999,27.347,28.397,28.897,29.247,31.345499,41.0,43.0,45.0,42.0,36.0,35.0,23.0,9,summer,37.857142857142854,28.711071142857143
5628,1,2024-09-22 12:00:00+00:00,27.947,27.697,28.197,27.546999,26.697,28.997,31.2955,42.0,41.0,40.0,45.0,52.0,30.0,21.0,9,summer,38.714285714285715,28.339642714285713
5629,1,2024-09-22 13:00:00+00:00,24.897,25.296999,27.697,26.847,25.947,28.397,29.9955,55.0,51.0,42.0,49.0,54.0,29.0,22.0,9,summer,43.142857142857146,27.011071285714284
5630,1,2024-09-22 14:00:00+00:00,24.647,21.997,24.447,25.597,24.796999,27.247,28.095499,54.0,67.0,59.0,56.0,58.0,30.0,25.0,9,summer,49.857142857142854,25.261071142857137
5631,1,2024-09-22 15:00:00+00:00,23.597,21.347,22.897,24.397,23.697,25.897,26.2955,57.0,69.0,67.0,62.0,62.0,33.0,29.0,9,summer,54.142857142857146,24.018214285714286
5632,1,2024-09-22 16:00:00+00:00,21.796999,20.497,21.847,23.296999,22.947,24.397,24.7955,67.0,76.0,73.0,66.0,66.0,39.0,36.0,9,summer,60.42857142857143,22.79678542857143
5633,1,2024-09-22 17:00:00+00:00,21.097,19.947,20.796999,22.197,22.296999,22.747,23.3955,73.0,79.0,79.0,69.0,71.0,46.0,45.0,9,summer,66.0,21.782499714285713
5634,1,2024-09-22 18:00:00+00:00,20.397,19.497,20.997,21.247,21.546999,21.296999,22.4955,73.0,86.0,76.0,70.0,73.0,51.0,42.0,9,summer,67.28571428571429,21.068214
5635,1,2024-09-22 19:00:00+00:00,20.347,19.347,20.296999,20.347,20.497,20.197,21.1455,68.0,88.0,78.0,66.0,70.0,52.0,46.0,9,summer,66.85714285714286,20.311071285714288
5636,1,2024-09-22 20:00:00+00:00,19.796999,19.296999,19.497,19.447,19.296999,19.347,19.8955,67.0,85.0,78.0,59.0,63.0,51.0,49.0,9,summer,64.57142857142857,19.511070999999998
5637,1,2024-09-22 21:00:00+00:00,19.397,18.796999,18.847,18.697,18.296999,18.597,18.7955,66.0,79.0,73.0,55.0,60.0,51.0,54.0,9,summer,62.57142857142857,18.77535685714286
5638,1,2024-09-22 22:00:00+00:00,19.147,17.997,18.296999,18.046999,17.647,17.997,17.9455,69.0,72.0,61.0,56.0,62.0,54.0,61.0,9,summer,62.142857142857146,18.153928285714283
5639,1,2024-09-22 23:00:00+00:00,18.497,17.147,17.447,17.546999,17.147,17.546999,17.2955,69.0,69.0,63.0,60.0,67.0,58.0,68.0,9,summer,64.85714285714286,17.518214
5640,1,2024-09-23 00:00:00+00:00,17.397,17.597,16.847,16.296999,16.497,17.597,16.8955,73.0,62.0,70.0,74.0,68.0,71.0,70.0,9,autumn,69.71428571428571,17.018214142857143
5641,1,2024-09-23 01:00:00+00:00,16.497,16.897,16.597,15.697,15.597,16.997,16.1955,74.0,67.0,70.0,75.0,72.0,74.0,74.0,9,autumn,72.28571428571429,16.353928571428572
5642,1,2024-09-23 02:00:00+00:00,16.147,16.397,16.047,15.297,14.697,16.447,15.5955,75.0,72.0,73.0,77.0,76.0,76.0,77.0,9,autumn,75.14285714285714,15.803928571428571
5643,1,2024-09-23 03:00:00+00:00,16.147,16.047,15.747,15.447,14.597,16.597,15.7955,75.0,75.0,75.0,76.0,77.0,76.0,76.0,9,autumn,75.71428571428571,15.768214285714285
5644,1,2024-09-23 04:00:00+00:00,16.197,16.197,15.747,16.447,15.797,17.796999,17.345499,76.0,76.0,77.0,71.0,74.0,72.0,68.0,9,autumn,73.42857142857143,16.503928285714284
5645,1,2024-09-23 05:00:00+00:00,17.747,18.097,17.796999,18.046999,17.847,19.747,19.7455,73.0,71.0,72.0,65.0,69.0,65.0,57.0,9,autumn,67.42857142857143,18.432499714285715
5646,1,2024-09-23 06:00:00+00:00,20.697,20.796999,20.097,20.147,19.947,21.697,22.3955,61.0,61.0,61.0,50.0,63.0,58.0,43.0,9,autumn,56.714285714285715,20.825357
5647,1,2024-09-23 07:00:00+00:00,22.897,22.997,22.296999,22.247,22.097,23.747,25.0455,54.0,53.0,54.0,45.0,56.0,52.0,35.0,9,autumn,49.857142857142854,23.04678557142857
5648,1,2024-09-23 08:00:00+00:00,25.097,25.097,24.497,24.497,24.296999,25.897,27.7955,48.0,47.0,47.0,42.0,49.0,46.0,28.0,9,autumn,43.857142857142854,25.311071285714288
5649,1,2024-09-23 09:00:00+00:00,26.296999,26.597,26.247,26.296999,26.046999,27.447,29.8955,44.0,42.0,43.0,39.0,43.0,41.0,23.0,9,autumn,39.285714285714285,26.975356714285713
5650,1,2024-09-23 10:00:00+00:00,26.847,27.597,27.397,27.347,27.197,28.197,31.0455,41.0,39.0,39.0,36.0,38.0,38.0,19.0,9,autumn,35.714285714285715,27.946785714285717
5651,1,2024-09-23 11:00:00+00:00,26.897,27.647,27.796999,27.897,27.897,28.397,31.4455,41.0,37.0,37.0,34.0,35.0,36.0,18.0,9,autumn,34.0,28.282499857142856
5652,1,2024-09-23 12:00:00+00:00,26.347,26.847,28.046999,28.397,28.197,27.546999,30.8955,40.0,37.0,34.0,31.0,34.0,35.0,20.0,9,autumn,33.0,28.039642571428573
5653,1,2024-09-23 13:00:00+00:00,26.546999,26.747,27.697,27.897,27.796999,27.097,30.095499,39.0,36.0,34.0,31.0,33.0,35.0,20.0,9,autumn,32.57142857142857,27.696785285714288
5654,1,2024-09-23 14:00:00+00:00,26.197,26.546999,26.897,26.897,26.897,26.046999,28.7455,39.0,34.0,35.0,31.0,34.0,37.0,21.0,9,autumn,33.0,26.889642571428567
5655,1,2024-09-23 15:00:00+00:00,24.997,25.347,25.447,25.546999,25.597,24.697,27.1955,42.0,32.0,36.0,34.0,36.0,40.0,22.0,9,autumn,34.57142857142857,25.546785571428575
5656,1,2024-09-23 16:00:00+00:00,22.796999,22.997,23.097,23.647,23.697,22.747,25.2455,47.0,37.0,43.0,40.0,41.0,47.0,25.0,9,autumn,40.0,23.46107128571428
5657,1,2024-09-23 17:00:00+00:00,20.897,21.147,21.347,21.447,21.447,20.497,23.0455,53.0,40.0,48.0,48.0,48.0,55.0,28.0,9,autumn,45.714285714285715,21.40392857142857
5658,1,2024-09-23 18:00:00+00:00,20.197,21.347,19.796999,20.296999,19.597,18.697,22.7955,53.0,43.0,57.0,55.0,54.0,61.0,30.0,9,autumn,50.42857142857143,20.38964257142857
5659,1,2024-09-23 19:00:00+00:00,19.097,20.697,18.697,19.546999,18.497,17.847,21.5455,54.0,43.0,59.0,56.0,56.0,61.0,31.0,9,autumn,51.42857142857143,19.418214142857146
5660,1,2024-09-23 20:00:00+00:00,17.947,20.097,18.397,19.147,17.847,17.546999,20.2955,56.0,45.0,55.0,56.0,57.0,59.0,33.0,9,autumn,51.57142857142857,18.75392842857143
5661,1,2024-09-23 21:00:00+00:00,17.447,19.747,18.197,18.747,17.296999,17.247,19.095499,58.0,46.0,49.0,57.0,59.0,59.0,35.0,9,autumn,51.857142857142854,18.253928285714288
5662,1,2024-09-23 22:00:00+00:00,17.247,18.997,17.397,18.197,16.796999,16.796999,17.9455,57.0,49.0,53.0,60.0,62.0,63.0,40.0,9,autumn,54.857142857142854,17.625356857142854
5663,1,2024-09-23 23:00:00+00:00,16.997,17.997,16.796999,17.647,16.447,16.397,16.8955,55.0,52.0,59.0,65.0,66.0,69.0,46.0,9,autumn,58.857142857142854,17.025356999999996
