location_id,date,precipitation_previous_day1,precipitation_previous_day2,precipitation_previous_day3,precipitation_previous_day4,precipitation_previous_day5,precipitation_previous_day6,precipitation_previous_day7,global_tilted_irradiance_previous_day1,global_tilted_irradiance_previous_day2,global_tilted_irradiance_previous_day3,global_tilted_irradiance_previous_day4,global_tilted_irradiance_previous_day5,global_tilted_irradiance_previous_day6,global_tilted_irradiance_previous_day7,month,season,average_precipitation,precipitation,global_tilted_irradiance
3,2024-02-01 00:00:00+00:00,0.0,0.0,0.0,0.0,0.0,0.0,0.0,0.0,0.0,0.0,0.0,0.0,0.0,0.0,2,winter,0.0,0.0,0.0
3,2024-02-01 01:00:00+00:00,0.0,0.0,0.0,0.0,0.0,0.0,0.0,0.0,0.0,0.0,0.0,0.0,0.0,0.0,2,winter,0.0,0.0,0.0
3,2024-02-01 02:00:00+00:00,0.0,0.0,0.0,0.0,0.0,0.0,0.0,0.0,0.0,0.0,0.0,0.0,0.0,0.0,2,winter,0.0,0.0,0.0
3,2024-02-01 03:00:00+00:00,0.0,0.0,0.0,0.0,0.0,0.0,0.0,0.0,0.0,0.0,0.0,0.0,0.0,0.0,2,winter,0.0,0.0,0.0
3,2024-02-01 04:00:00+00:00,0.0,0.0,0.0,0.0,0.0,0.0,0.0,0.0,0.0,0.0,0.0,0.0,0.0,0.0,2,winter,0.0,0.0,0.0
3,2024-02-01 05:00:00+00:00,0.0,0.0,0.0,0.0,0.0,0.0,0.0,0.0,0.0,0.0,0.0,0.0,0.0,0.0,2,winter,0.0,0.0,0.0
3,2024-02-01 06:00:00+00:00,0.0,0.0,0.0,0.0,0.0,0.0,0.0,0.0,0.0,0.0,0.0,0.0,0.0,0.0,2,winter,0.0,0.0,0.0
3,2024-02-01 07:00:00+00:00,0.0,0.0,0.0,0.0,0.0,0.0,0.0,22.0,27.999998,23.0,33.999996,27.999996,22.0,47.999985,2,winter,0.0,0.0,19.0
3,2024-02-01 08:00:00+00:00,0.0,0.0,0.0,0.0,0.0,0.0,0.0,95.0,139.0,100.0,111.0,94.0,71.0,162.99998,2,winter,0.0,0.0,89.0
3,2024-02-01 09:00:00+00:00,0.0,0.0,0.0,0.0,0.0,0.0,0.0,222.0,272.0,229.0,186.0,160.0,124.0,264.0,2,winter,0.0,0.0,225.0
3,2024-02-01 10:00:00+00:00,0.0,0.0,0.0,0.0,0.0,0.0,0.0,355.0,372.0,372.0,275.0,253.0,208.0,349.99997,2,winter,0.0,0.0,360.0
3,2024-02-01 11:00:00+00:00,0.0,0.0,0.0,0.0,0.0,0.0,0.0,414.0,425.99997,427.99997,365.0,356.0,309.0,409.0,2,winter,0.0,0.0,414.99997
3,2024-02-01 12:00:00+00:00,0.0,0.0,0.0,0.0,0.0,0.0,0.0,415.00003,420.00003,418.0,406.0,265.0,231.0,440.00003,2,winter,0.0,0.0,416.00003
3,2024-02-01 13:00:00+00:00,0.0,0.0,0.0,0.0,0.0,0.0,0.0,354.0,363.0,367.0,373.0,242.0,240.0,398.00003,2,winter,0.0,0.0,357.0
3,2024-02-01 14:00:00+00:00,0.0,0.0,0.0,0.0,0.0,0.0,0.0,252.00002,255.00002,258.00003,284.0,183.0,212.0,306.0,2,winter,0.0,0.0,253.00002
3,2024-02-01 15:00:00+00:00,0.0,0.0,0.0,0.0,0.0,0.0,0.0,126.0,123.0,125.0,162.0,105.0,134.0,174.99995,2,winter,0.0,0.0,120.0
3,2024-02-01 16:00:00+00:00,0.0,0.0,0.0,0.0,0.0,0.0,0.0,19.0,22.0,18.0,38.999992,26.999998,33.999996,41.999996,2,winter,0.0,0.0,21.0
3,2024-02-01 17:00:00+00:00,0.0,0.0,0.0,0.0,0.0,0.0,0.0,0.0,0.0,0.0,0.0,0.0,0.0,0.0,2,winter,0.0,0.0,0.0
3,2024-02-01 18:00:00+00:00,0.0,0.0,0.0,0.0,0.0,0.0,0.0,0.0,0.0,0.0,0.0,0.0,0.0,0.0,2,winter,0.0,0.0,0.0
3,2024-02-01 19:00:00+00:00,0.2,0.0,0.0,0.0,0.0,0.0,0.0,0.0,0.0,0.0,0.0,0.0,0.0,0.0,2,winter,0.03,0.0,0.0
3,2024-02-01 20:00:00+00:00,0.2,0.0,0.0,0.0,0.0,0.0,0.0,0.0,0.0,0.0,0.0,0.0,0.0,0.0,2,winter,0.03,0.3,0.0
3,2024-02-01 21:00:00+00:00,0.2,0.5,0.1,0.0,0.0,0.0,0.0,0.0,0.0,0.0,0.0,0.0,0.0,0.0,2,winter,0.11,0.6,0.0
3,2024-02-01 22:00:00+00:00,0.3,0.4,0.3,0.2,0.0,0.0,0.0,0.0,0.0,0.0,0.0,0.0,0.0,0.0,2,winter,0.17,0.4,0.0
3,2024-02-01 23:00:00+00:00,0.1,0.1,0.1,0.2,0.0,0.0,0.0,0.0,0.0,0.0,0.0,0.0,0.0,0.0,2,winter,0.07,0.0,0.0
3,2024-02-02 00:00:00+00:00,0.0,0.0,0.0,0.1,0.0,0.0,0.0,0.0,0.0,0.0,0.0,0.0,0.0,0.0,2,winter,0.01,0.0,0.0
3,2024-02-02 01:00:00+00:00,0.0,0.0,0.0,0.0,0.0,0.0,0.0,0.0,0.0,0.0,0.0,0.0,0.0,0.0,2,winter,0.0,0.0,0.0
3,2024-02-02 02:00:00+00:00,0.0,0.0,0.0,0.0,0.0,0.0,0.0,0.0,0.0,0.0,0.0,0.0,0.0,0.0,2,winter,0.0,0.0,0.0
3,2024-02-02 03:00:00+00:00,0.0,0.0,0.0,0.0,0.0,0.0,0.0,0.0,0.0,0.0,0.0,0.0,0.0,0.0,2,winter,0.0,0.0,0.0
3,2024-02-02 04:00:00+00:00,0.0,0.0,0.0,0.0,0.0,0.0,0.0,0.0,0.0,0.0,0.0,0.0,0.0,0.0,2,winter,0.0,0.0,0.0
3,2024-02-02 05:00:00+00:00,0.0,0.0,0.0,0.0,0.0,0.0,0.0,0.0,0.0,0.0,0.0,0.0,0.0,0.0,2,winter,0.0,0.0,0.0
3,2024-02-02 06:00:00+00:00,0.0,0.0,0.0,0.0,0.0,0.0,0.0,0.0,0.0,0.0,0.0,0.0,0.0,0.0,2,winter,0.0,0.0,0.0
3,2024-02-02 07:00:00+00:00,0.0,0.0,0.0,0.0,0.0,0.0,0.0,32.999992,31.999996,33.999992,48.999985,12.999999,27.999996,47.999985,2,winter,0.0,0.0,32.999992
3,2024-02-02 08:00:00+00:00,0.0,0.0,0.0,0.0,0.0,0.0,0.0,151.99998,150.99998,158.99998,162.99998,44.0,91.0,160.00003,2,winter,0.0,0.0,157.0
3,2024-02-02 09:00:00+00:00,0.0,0.0,0.0,0.0,0.0,0.0,0.0,273.0,288.0,293.0,264.0,73.0,152.0,260.00003,2,winter,0.0,0.0,291.0
3,2024-02-02 10:00:00+00:00,0.0,0.0,0.0,0.0,0.0,0.0,0.0,308.0,389.0,394.99997,353.0,107.0,228.0,348.0,2,winter,0.0,0.0,392.99997
3,2024-02-02 11:00:00+00:00,0.0,0.0,0.0,0.0,0.0,0.0,0.0,370.0,440.99997,447.99997,419.99997,142.0,306.0,412.99997,2,winter,0.0,0.0,425.99997
3,2024-02-02 12:00:00+00:00,0.0,0.0,0.0,0.0,0.0,0.0,0.0,399.00003,372.0,438.0,237.0,382.0,387.00003,435.00003,2,winter,0.0,0.0,420.00003
3,2024-02-02 13:00:00+00:00,0.0,0.0,0.0,0.0,0.0,0.0,0.0,361.0,350.0,351.00003,209.0,310.0,358.0,366.99997,2,winter,0.0,0.0,358.0
3,2024-02-02 14:00:00+00:00,0.0,0.0,0.0,0.0,0.0,0.0,0.0,271.0,265.0,241.00002,154.0,202.0,281.0,254.00003,2,winter,0.0,0.0,272.0
3,2024-02-02 15:00:00+00:00,0.0,0.0,0.0,0.0,0.0,0.0,0.0,147.00003,139.00003,127.000015,86.00001,100.00001,164.00003,136.00002,2,winter,0.0,0.0,143.00003
3,2024-02-02 16:00:00+00:00,0.0,0.0,0.0,0.0,0.0,0.0,0.0,26.0,26.0,23.0,21.0,23.0,40.0,35.000004,2,winter,0.0,0.0,22.0
3,2024-02-02 17:00:00+00:00,0.0,0.0,0.0,0.0,0.0,0.0,0.0,0.0,0.0,0.0,0.0,0.0,0.0,0.0,2,winter,0.0,0.0,0.0
3,2024-02-02 18:00:00+00:00,0.0,0.0,0.0,0.0,0.0,0.0,0.0,0.0,0.0,0.0,0.0,0.0,0.0,0.0,2,winter,0.0,0.0,0.0
3,2024-02-02 19:00:00+00:00,0.0,0.0,0.0,0.1,0.1,0.0,0.0,0.0,0.0,0.0,0.0,0.0,0.0,0.0,2,winter,0.03,0.0,0.0
3,2024-02-02 20:00:00+00:00,0.0,0.0,0.0,0.1,0.1,0.0,0.0,0.0,0.0,0.0,0.0,0.0,0.0,0.0,2,winter,0.03,0.0,0.0
3,2024-02-02 21:00:00+00:00,0.0,0.0,0.0,0.1,0.1,0.0,0.0,0.0,0.0,0.0,0.0,0.0,0.0,0.0,2,winter,0.03,0.0,0.0
3,2024-02-02 22:00:00+00:00,0.1,0.0,0.0,0.0,0.1,0.0,0.0,0.0,0.0,0.0,0.0,0.0,0.0,0.0,2,winter,0.03,0.0,0.0
3,2024-02-02 23:00:00+00:00,0.1,0.1,0.0,0.0,0.1,0.0,0.0,0.0,0.0,0.0,0.0,0.0,0.0,0.0,2,winter,0.04,0.0,0.0
3,2024-02-03 00:00:00+00:00,0.1,0.1,0.0,0.0,0.0,0.0,0.0,0.0,0.0,0.0,0.0,0.0,0.0,0.0,2,winter,0.03,0.0,0.0
3,2024-02-03 01:00:00+00:00,0.0,0.0,0.0,0.0,0.0,0.0,0.0,0.0,0.0,0.0,0.0,0.0,0.0,0.0,2,winter,0.0,0.0,0.0
3,2024-02-03 02:00:00+00:00,0.0,0.0,0.1,0.0,0.0,0.0,0.0,0.0,0.0,0.0,0.0,0.0,0.0,0.0,2,winter,0.01,0.0,0.0
3,2024-02-03 03:00:00+00:00,0.0,0.0,0.2,0.0,0.0,0.0,0.0,0.0,0.0,0.0,0.0,0.0,0.0,0.0,2,winter,0.03,0.0,0.0
3,2024-02-03 04:00:00+00:00,0.0,0.0,0.0,0.0,0.0,0.0,0.0,0.0,0.0,0.0,0.0,0.0,0.0,0.0,2,winter,0.0,0.0,0.0
3,2024-02-03 05:00:00+00:00,0.0,0.0,0.0,0.0,0.0,0.0,0.0,0.0,0.0,0.0,0.0,0.0,0.0,0.0,2,winter,0.0,0.0,0.0
3,2024-02-03 06:00:00+00:00,0.0,0.0,0.0,0.0,0.0,0.0,0.0,0.0,0.0,0.0,0.0,0.0,0.0,0.0,2,winter,0.0,0.0,0.0
3,2024-02-03 07:00:00+00:00,0.0,0.0,0.0,0.0,0.0,0.0,0.0,20.0,12.0,13.0,22.0,22.0,24.0,52.000004,2,winter,0.0,0.0,33.0
3,2024-02-03 08:00:00+00:00,0.0,0.0,0.0,0.0,0.0,0.0,0.0,85.0,83.0,51.0,71.0,73.0,77.0,170.99997,2,winter,0.0,0.0,154.0
3,2024-02-03 09:00:00+00:00,0.0,0.0,0.0,0.0,0.0,0.0,0.0,223.0,177.0,87.0,117.0,121.0,126.0,276.00003,2,winter,0.0,0.0,286.0
3,2024-02-03 10:00:00+00:00,0.0,0.0,0.0,0.0,0.0,0.0,0.0,359.0,191.0,133.0,172.0,179.0,180.0,366.99997,2,winter,0.0,0.0,388.0
3,2024-02-03 11:00:00+00:00,0.0,0.0,0.0,0.0,0.0,0.0,0.0,430.99997,203.0,135.0,227.0,239.0,233.0,435.99997,2,winter,0.0,0.0,439.99997
3,2024-02-03 12:00:00+00:00,0.0,0.0,0.0,0.0,0.0,0.0,0.0,440.0,391.0,144.0,145.0,212.0,196.0,440.0,2,winter,0.0,0.0,439.0
3,2024-02-03 13:00:00+00:00,0.0,0.0,0.0,0.1,0.0,0.0,0.0,378.00003,357.00003,115.0,118.0,196.0,219.0,399.0,2,winter,0.01,0.0,384.00003
3,2024-02-03 14:00:00+00:00,0.0,0.0,0.0,0.1,0.0,0.0,0.0,281.0,236.0,82.0,81.0,156.0,211.00002,308.99997,2,winter,0.01,0.0,282.00003
3,2024-02-03 15:00:00+00:00,0.0,0.0,0.0,0.1,0.0,0.0,0.0,140.0,132.0,52.0,43.0,94.0,143.0,180.00002,2,winter,0.01,0.0,150.0
3,2024-02-03 16:00:00+00:00,0.0,0.0,0.0,0.0,0.0,0.0,0.0,28.0,24.0,14.0,11.0,25.000002,38.0,45.00001,2,winter,0.0,0.0,29.000002
3,2024-02-03 17:00:00+00:00,0.0,0.0,0.0,0.0,0.0,0.0,0.0,0.0,0.0,0.0,0.0,0.0,0.0,0.0,2,winter,0.0,0.0,0.0
3,2024-02-03 18:00:00+00:00,0.0,0.0,0.0,0.0,0.0,0.0,0.0,0.0,0.0,0.0,0.0,0.0,0.0,0.0,2,winter,0.0,0.0,0.0
3,2024-02-03 19:00:00+00:00,0.0,0.0,0.0,0.0,0.0,0.0,0.0,0.0,0.0,0.0,0.0,0.0,0.0,0.0,2,winter,0.0,0.0,0.0
3,2024-02-03 20:00:00+00:00,0.0,0.0,0.0,0.0,0.0,0.0,0.0,0.0,0.0,0.0,0.0,0.0,0.0,0.0,2,winter,0.0,0.0,0.0
3,2024-02-03 21:00:00+00:00,0.0,0.0,0.0,0.0,0.0,0.0,0.0,0.0,0.0,0.0,0.0,0.0,0.0,0.0,2,winter,0.0,0.0,0.0
3,2024-02-03 22:00:00+00:00,0.0,0.0,0.0,0.0,0.0,0.0,0.0,0.0,0.0,0.0,0.0,0.0,0.0,0.0,2,winter,0.0,0.0,0.0
3,2024-02-03 23:00:00+00:00,0.0,0.0,0.0,0.0,0.0,0.0,0.0,0.0,0.0,0.0,0.0,0.0,0.0,0.0,2,winter,0.0,0.0,0.0
3,2024-02-04 00:00:00+00:00,0.0,0.0,0.0,0.0,0.0,0.1,0.0,0.0,0.0,0.0,0.0,0.0,0.0,0.0,2,winter,0.01,0.0,0.0
3,2024-02-04 01:00:00+00:00,0.0,0.0,0.0,0.0,0.0,0.0,0.0,0.0,0.0,0.0,0.0,0.0,0.0,0.0,2,winter,0.0,0.0,0.0
3,2024-02-04 02:00:00+00:00,0.0,0.0,0.0,0.0,0.0,0.0,0.0,0.0,0.0,0.0,0.0,0.0,0.0,0.0,2,winter,0.0,0.0,0.0
3,2024-02-04 03:00:00+00:00,0.0,0.0,0.0,0.0,0.0,0.0,0.0,0.0,0.0,0.0,0.0,0.0,0.0,0.0,2,winter,0.0,0.0,0.0
3,2024-02-04 04:00:00+00:00,0.0,0.0,0.0,0.0,0.0,0.0,0.0,0.0,0.0,0.0,0.0,0.0,0.0,0.0,2,winter,0.0,0.0,0.0
3,2024-02-04 05:00:00+00:00,0.0,0.0,0.0,0.0,0.0,0.0,0.0,0.0,0.0,0.0,0.0,0.0,0.0,0.0,2,winter,0.0,0.0,0.0
3,2024-02-04 06:00:00+00:00,0.0,0.0,0.0,0.0,0.0,0.0,0.0,0.0,0.0,0.0,0.0,0.0,0.0,0.0,2,winter,0.0,0.0,0.0
3,2024-02-04 07:00:00+00:00,0.0,0.0,0.0,0.0,0.0,0.0,0.0,22.000002,27.000002,22.000002,24.000002,51.000015,51.000015,33.0,2,winter,0.0,0.0,32.000004
3,2024-02-04 08:00:00+00:00,0.0,0.0,0.0,0.0,0.0,0.0,0.0,98.99999,110.99999,101.99999,75.0,166.99997,167.99997,108.000015,2,winter,0.0,0.0,121.999985
3,2024-02-04 09:00:00+00:00,0.0,0.0,0.0,0.0,0.0,0.0,0.0,197.0,202.0,238.0,129.0,266.0,270.0,173.00002,2,winter,0.0,0.0,198.0
3,2024-02-04 10:00:00+00:00,0.0,0.0,0.0,0.0,0.0,0.0,0.0,273.0,248.99998,288.0,219.99998,345.99997,358.99997,231.0,2,winter,0.0,0.0,225.99998
3,2024-02-04 11:00:00+00:00,0.0,0.0,0.0,0.0,0.0,0.0,0.0,302.0,330.0,304.0,330.0,399.0,425.0,276.0,2,winter,0.0,0.0,324.0
3,2024-02-04 12:00:00+00:00,0.0,0.0,0.0,0.0,0.0,0.0,0.0,325.0,368.0,434.0,299.0,436.0,430.0,447.99997,2,winter,0.0,0.0,290.0
3,2024-02-04 13:00:00+00:00,0.0,0.0,0.0,0.0,0.0,0.0,0.0,191.0,291.0,389.99997,279.0,392.99997,385.99997,405.0,2,winter,0.0,0.0,240.99998
3,2024-02-04 14:00:00+00:00,0.0,0.0,0.0,0.0,0.0,0.0,0.0,171.0,240.00002,289.0,216.0,303.00003,298.00003,312.99997,2,winter,0.0,0.0,211.00002
3,2024-02-04 15:00:00+00:00,0.0,0.0,0.0,0.0,0.0,0.0,0.0,135.99998,139.99997,148.99998,128.99998,176.99997,174.99997,184.0,2,winter,0.0,0.0,133.99998
3,2024-02-04 16:00:00+00:00,0.0,0.0,0.0,0.0,0.0,0.0,0.0,29.999998,28.999998,28.999998,34.999996,44.999992,45.999992,47.000004,2,winter,0.0,0.0,27.999998
3,2024-02-04 17:00:00+00:00,0.0,0.0,0.0,0.0,0.0,0.0,0.0,0.0,0.0,0.0,0.0,0.0,0.0,0.0,2,winter,0.0,0.0,0.0
3,2024-02-04 18:00:00+00:00,0.0,0.0,0.0,0.0,0.0,0.0,0.0,0.0,0.0,0.0,0.0,0.0,0.0,0.0,2,winter,0.0,0.0,0.0
3,2024-02-04 19:00:00+00:00,0.0,0.0,0.0,0.0,0.0,0.0,0.0,0.0,0.0,0.0,0.0,0.0,0.0,0.0,2,winter,0.0,0.0,0.0
3,2024-02-04 20:00:00+00:00,0.0,0.0,0.0,0.0,0.0,0.0,0.0,0.0,0.0,0.0,0.0,0.0,0.0,0.0,2,winter,0.0,0.0,0.0
3,2024-02-04 21:00:00+00:00,0.0,0.0,0.0,0.0,0.0,0.0,0.0,0.0,0.0,0.0,0.0,0.0,0.0,0.0,2,winter,0.0,0.0,0.0
3,2024-02-04 22:00:00+00:00,0.0,0.0,0.0,0.0,0.0,0.0,0.0,0.0,0.0,0.0,0.0,0.0,0.0,0.0,2,winter,0.0,0.0,0.0
3,2024-02-04 23:00:00+00:00,0.0,0.0,0.0,0.0,0.0,0.0,0.0,0.0,0.0,0.0,0.0,0.0,0.0,0.0,2,winter,0.0,0.0,0.0
3,2024-02-05 00:00:00+00:00,0.0,0.0,0.0,0.1,0.0,0.0,0.0,0.0,0.0,0.0,0.0,0.0,0.0,0.0,2,winter,0.01,0.0,0.0
3,2024-02-05 01:00:00+00:00,0.0,0.0,0.0,0.0,0.0,0.0,0.0,0.0,0.0,0.0,0.0,0.0,0.0,0.0,2,winter,0.0,0.0,0.0
3,2024-02-05 02:00:00+00:00,0.0,0.0,0.0,0.0,0.0,0.0,0.0,0.0,0.0,0.0,0.0,0.0,0.0,0.0,2,winter,0.0,0.0,0.0
3,2024-02-05 03:00:00+00:00,0.0,0.0,0.0,0.0,0.0,0.0,0.0,0.0,0.0,0.0,0.0,0.0,0.0,0.0,2,winter,0.0,0.0,0.0
3,2024-02-05 04:00:00+00:00,0.0,0.0,0.0,0.0,0.0,0.0,0.0,0.0,0.0,0.0,0.0,0.0,0.0,0.0,2,winter,0.0,0.0,0.0
3,2024-02-05 05:00:00+00:00,0.0,0.0,0.0,0.0,0.0,0.0,0.0,0.0,0.0,0.0,0.0,0.0,0.0,0.0,2,winter,0.0,0.0,0.0
3,2024-02-05 06:00:00+00:00,0.0,0.0,0.0,0.0,0.0,0.0,0.0,0.0,0.0,0.0,0.0,0.0,0.0,0.0,2,winter,0.0,0.0,0.0
3,2024-02-05 07:00:00+00:00,0.0,0.0,0.0,0.0,0.0,0.0,0.0,33.0,31.0,25.0,34.0,42.000004,27.0,42.000015,2,winter,0.0,0.0,32.0
3,2024-02-05 08:00:00+00:00,0.0,0.0,0.0,0.0,0.0,0.0,0.0,123.0,121.0,106.0,108.0,134.0,86.0,135.0,2,winter,0.0,0.0,144.0
3,2024-02-05 09:00:00+00:00,0.0,0.0,0.0,0.0,0.0,0.0,0.0,219.0,213.0,197.0,175.0,218.0,137.0,219.0,2,winter,0.0,0.0,226.0
3,2024-02-05 10:00:00+00:00,0.0,0.0,0.0,0.0,0.0,0.0,0.0,284.0,272.0,318.0,248.0,313.0,185.0,311.0,2,winter,0.0,0.0,291.0
3,2024-02-05 11:00:00+00:00,0.0,0.0,0.0,0.0,0.0,0.0,0.0,335.0,311.0,373.0,317.0,404.0,224.0,397.0,2,winter,0.0,0.0,311.0
3,2024-02-05 12:00:00+00:00,0.0,0.0,0.0,0.0,0.0,0.0,0.0,332.0,328.0,453.0,243.0,445.0,200.0,446.00003,2,winter,0.0,0.0,340.0
3,2024-02-05 13:00:00+00:00,0.0,0.0,0.0,0.0,0.0,0.0,0.0,332.0,319.0,401.0,219.0,403.0,181.0,400.0,2,winter,0.0,0.0,393.0
3,2024-02-05 14:00:00+00:00,0.0,0.0,0.0,0.0,0.0,0.0,0.0,294.0,295.0,300.0,169.0,312.0,142.0,305.00006,2,winter,0.0,0.0,293.00003
3,2024-02-05 15:00:00+00:00,0.0,0.0,0.0,0.0,0.0,0.0,0.0,163.00003,161.00003,163.00003,101.0,185.00003,85.00001,179.00003,2,winter,0.0,0.0,159.00003
3,2024-02-05 16:00:00+00:00,0.0,0.0,0.0,0.0,0.0,0.0,0.0,34.000008,34.000008,34.000008,29.000002,48.00001,23.000002,47.000008,2,winter,0.0,0.0,33.000004
3,2024-02-05 17:00:00+00:00,0.0,0.0,0.0,0.0,0.0,0.0,0.0,0.0,0.0,0.0,0.0,0.0,0.0,0.0,2,winter,0.0,0.0,0.0
3,2024-02-05 18:00:00+00:00,0.0,0.0,0.0,0.0,0.0,0.0,0.0,0.0,0.0,0.0,0.0,0.0,0.0,0.0,2,winter,0.0,0.0,0.0
3,2024-02-05 19:00:00+00:00,0.0,0.0,0.0,0.0,0.0,0.0,0.0,0.0,0.0,0.0,0.0,0.0,0.0,0.0,2,winter,0.0,0.0,0.0
3,2024-02-05 20:00:00+00:00,0.0,0.0,0.0,0.0,0.0,0.0,0.0,0.0,0.0,0.0,0.0,0.0,0.0,0.0,2,winter,0.0,0.0,0.0
3,2024-02-05 21:00:00+00:00,0.0,0.0,0.0,0.0,0.0,0.0,0.0,0.0,0.0,0.0,0.0,0.0,0.0,0.0,2,winter,0.0,0.0,0.0
3,2024-02-05 22:00:00+00:00,0.0,0.0,0.0,0.0,0.0,0.0,0.0,0.0,0.0,0.0,0.0,0.0,0.0,0.0,2,winter,0.0,0.0,0.0
3,2024-02-05 23:00:00+00:00,0.0,0.0,0.0,0.0,0.0,0.0,0.0,0.0,0.0,0.0,0.0,0.0,0.0,0.0,2,winter,0.0,0.0,0.0
3,2024-02-06 00:00:00+00:00,0.0,0.0,0.0,0.0,0.0,0.0,0.0,0.0,0.0,0.0,0.0,0.0,0.0,0.0,2,winter,0.0,0.0,0.0
3,2024-02-06 01:00:00+00:00,0.0,0.0,0.0,0.0,0.0,0.0,0.0,0.0,0.0,0.0,0.0,0.0,0.0,0.0,2,winter,0.0,0.0,0.0
3,2024-02-06 02:00:00+00:00,0.0,0.0,0.0,0.0,0.0,0.0,0.0,0.0,0.0,0.0,0.0,0.0,0.0,0.0,2,winter,0.0,0.0,0.0
3,2024-02-06 03:00:00+00:00,0.0,0.0,0.0,0.0,0.0,0.0,0.0,0.0,0.0,0.0,0.0,0.0,0.0,0.0,2,winter,0.0,0.0,0.0
3,2024-02-06 04:00:00+00:00,0.0,0.0,0.0,0.0,0.0,0.0,0.0,0.0,0.0,0.0,0.0,0.0,0.0,0.0,2,winter,0.0,0.0,0.0
3,2024-02-06 05:00:00+00:00,0.0,0.0,0.0,0.0,0.0,0.0,0.0,0.0,0.0,0.0,0.0,0.0,0.0,0.0,2,winter,0.0,0.0,0.0
3,2024-02-06 06:00:00+00:00,0.0,0.0,0.0,0.0,0.0,0.0,0.0,0.0,0.0,0.0,0.0,0.0,0.0,0.0,2,winter,0.0,0.0,0.0
3,2024-02-06 07:00:00+00:00,0.0,0.0,0.0,0.0,0.0,0.0,0.0,41.000004,40.000004,41.000004,55.000015,56.00001,56.000015,50.999985,2,winter,0.0,0.0,40.000004
3,2024-02-06 08:00:00+00:00,0.0,0.0,0.0,0.0,0.0,0.0,0.0,169.0,168.0,168.0,175.0,179.0,179.0,163.99997,2,winter,0.0,0.0,168.0
3,2024-02-06 09:00:00+00:00,0.0,0.0,0.0,0.0,0.0,0.0,0.0,302.99997,301.99994,301.99997,276.99997,281.99997,282.99997,258.0,2,winter,0.0,0.0,301.99994
3,2024-02-06 10:00:00+00:00,0.0,0.0,0.0,0.0,0.0,0.0,0.0,405.0,404.0,404.0,364.0,374.0,374.0,335.00003,2,winter,0.0,0.0,402.0
3,2024-02-06 11:00:00+00:00,0.0,0.0,0.0,0.0,0.0,0.0,0.0,458.0,459.0,458.0,427.0,441.0,442.0,386.99997,2,winter,0.0,0.0,459.0
3,2024-02-06 12:00:00+00:00,0.0,0.0,0.0,0.0,0.0,0.0,0.0,459.0,461.00003,458.00003,454.00003,449.00003,454.00003,459.00003,2,winter,0.0,0.0,459.0
3,2024-02-06 13:00:00+00:00,0.0,0.0,0.0,0.0,0.0,0.0,0.0,403.99997,405.99997,403.99997,407.99997,406.99997,398.99997,415.99994,2,winter,0.0,0.0,405.99997
3,2024-02-06 14:00:00+00:00,0.0,0.0,0.0,0.0,0.0,0.0,0.0,300.99994,302.99994,300.99994,312.99997,316.99994,295.99997,322.0,2,winter,0.0,0.0,302.99997
3,2024-02-06 15:00:00+00:00,0.0,0.0,0.0,0.0,0.0,0.0,0.0,164.99997,165.99997,165.99997,185.99997,189.99997,167.99997,192.00002,2,winter,0.0,0.0,166.99997
3,2024-02-06 16:00:00+00:00,0.0,0.0,0.0,0.0,0.0,0.0,0.0,36.0,36.0,36.0,50.000004,50.000004,43.000004,50.999996,2,winter,0.0,0.0,37.0
3,2024-02-06 17:00:00+00:00,0.0,0.0,0.0,0.0,0.0,0.0,0.0,0.0,0.0,0.0,0.0,0.0,0.0,0.0,2,winter,0.0,0.0,0.0
3,2024-02-06 18:00:00+00:00,0.0,0.0,0.0,0.0,0.0,0.0,0.0,0.0,0.0,0.0,0.0,0.0,0.0,0.0,2,winter,0.0,0.0,0.0
3,2024-02-06 19:00:00+00:00,0.0,0.0,0.0,0.0,0.0,0.0,0.0,0.0,0.0,0.0,0.0,0.0,0.0,0.0,2,winter,0.0,0.0,0.0
3,2024-02-06 20:00:00+00:00,0.0,0.0,0.0,0.0,0.0,0.0,0.0,0.0,0.0,0.0,0.0,0.0,0.0,0.0,2,winter,0.0,0.0,0.0
3,2024-02-06 21:00:00+00:00,0.0,0.0,0.0,0.0,0.0,0.0,0.0,0.0,0.0,0.0,0.0,0.0,0.0,0.0,2,winter,0.0,0.0,0.0
3,2024-02-06 22:00:00+00:00,0.0,0.0,0.0,0.0,0.0,0.0,0.0,0.0,0.0,0.0,0.0,0.0,0.0,0.0,2,winter,0.0,0.0,0.0
3,2024-02-06 23:00:00+00:00,0.0,0.0,0.0,0.0,0.0,0.0,0.0,0.0,0.0,0.0,0.0,0.0,0.0,0.0,2,winter,0.0,0.0,0.0
3,2024-02-07 00:00:00+00:00,0.0,0.0,0.0,0.0,0.0,0.0,0.0,0.0,0.0,0.0,0.0,0.0,0.0,0.0,2,winter,0.0,0.0,0.0
3,2024-02-07 01:00:00+00:00,0.0,0.0,0.0,0.0,0.0,0.0,0.0,0.0,0.0,0.0,0.0,0.0,0.0,0.0,2,winter,0.0,0.0,0.0
3,2024-02-07 02:00:00+00:00,0.0,0.0,0.0,0.0,0.0,0.0,0.0,0.0,0.0,0.0,0.0,0.0,0.0,0.0,2,winter,0.0,0.0,0.0
3,2024-02-07 03:00:00+00:00,0.0,0.0,0.0,0.0,0.0,0.0,0.0,0.0,0.0,0.0,0.0,0.0,0.0,0.0,2,winter,0.0,0.0,0.0
3,2024-02-07 04:00:00+00:00,0.0,0.0,0.0,0.0,0.0,0.0,0.0,0.0,0.0,0.0,0.0,0.0,0.0,0.0,2,winter,0.0,0.0,0.0
3,2024-02-07 05:00:00+00:00,0.0,0.0,0.0,0.0,0.0,0.0,0.0,0.0,0.0,0.0,0.0,0.0,0.0,0.0,2,winter,0.0,0.0,0.0
3,2024-02-07 06:00:00+00:00,0.0,0.0,0.0,0.0,0.0,0.0,0.0,0.0,0.0,0.0,0.0,0.0,0.0,0.0,2,winter,0.0,0.0,0.0
3,2024-02-07 07:00:00+00:00,0.0,0.0,0.0,0.0,0.0,0.0,0.0,40.999992,40.999996,40.999992,58.99998,30.999996,51.99999,59.000015,2,winter,0.0,0.0,39.999996
3,2024-02-07 08:00:00+00:00,0.0,0.0,0.0,0.0,0.0,0.0,0.0,166.0,149.0,153.0,180.0,95.0,159.0,181.00002,2,winter,0.0,0.0,167.0
3,2024-02-07 09:00:00+00:00,0.0,0.0,0.0,0.0,0.0,0.0,0.0,275.0,295.0,252.0,282.00003,149.0,249.0,285.0,2,winter,0.0,0.0,281.0
3,2024-02-07 10:00:00+00:00,0.0,0.0,0.0,0.0,0.0,0.0,0.0,371.99997,407.99997,361.0,365.99997,199.0,333.0,376.99997,2,winter,0.0,0.0,273.0
3,2024-02-07 11:00:00+00:00,0.0,0.0,0.0,0.0,0.0,0.0,0.0,389.0,464.0,424.0,424.0,238.0,397.0,447.0,2,winter,0.0,0.0,279.0
3,2024-02-07 12:00:00+00:00,0.0,0.0,0.0,0.0,0.0,0.0,0.0,355.99997,420.99994,348.0,432.99997,196.0,433.99997,330.00003,2,winter,0.0,0.0,298.99997
3,2024-02-07 13:00:00+00:00,0.0,0.0,0.0,0.0,0.0,0.0,0.0,260.00003,305.00003,282.0,365.00003,204.0,389.00003,304.0,2,winter,0.0,0.0,268.0
3,2024-02-07 14:00:00+00:00,0.0,0.0,0.0,0.0,0.0,0.0,0.0,209.0,215.00002,191.0,258.0,185.0,298.0,243.99998,2,winter,0.0,0.0,214.00002
3,2024-02-07 15:00:00+00:00,0.0,0.0,0.0,0.0,0.0,0.0,0.0,122.0,140.0,112.0,146.0,125.0,178.0,152.99997,2,winter,0.0,0.0,114.0
3,2024-02-07 16:00:00+00:00,0.0,0.0,0.0,0.0,0.0,0.0,0.0,30.999998,33.999996,28.999998,40.999996,36.999996,48.999992,43.999992,2,winter,0.0,0.0,25.999998
3,2024-02-07 17:00:00+00:00,0.0,0.0,0.0,0.0,0.0,0.0,0.0,0.0,0.0,0.0,0.0,0.0,0.0,0.0,2,winter,0.0,0.0,0.0
3,2024-02-07 18:00:00+00:00,0.0,0.0,0.0,0.0,0.0,0.0,0.0,0.0,0.0,0.0,0.0,0.0,0.0,0.0,2,winter,0.0,0.0,0.0
3,2024-02-07 19:00:00+00:00,0.0,0.0,0.0,0.0,0.0,0.0,0.0,0.0,0.0,0.0,0.0,0.0,0.0,0.0,2,winter,0.0,0.0,0.0
3,2024-02-07 20:00:00+00:00,0.0,0.0,0.0,0.0,0.0,0.0,0.0,0.0,0.0,0.0,0.0,0.0,0.0,0.0,2,winter,0.0,0.0,0.0
3,2024-02-07 21:00:00+00:00,0.0,0.0,0.0,0.0,0.0,0.0,0.0,0.0,0.0,0.0,0.0,0.0,0.0,0.0,2,winter,0.0,0.0,0.0
3,2024-02-07 22:00:00+00:00,0.0,0.0,0.0,0.0,0.0,0.0,0.0,0.0,0.0,0.0,0.0,0.0,0.0,0.0,2,winter,0.0,0.0,0.0
3,2024-02-07 23:00:00+00:00,0.0,0.0,0.0,0.0,0.0,0.0,0.0,0.0,0.0,0.0,0.0,0.0,0.0,0.0,2,winter,0.0,0.0,0.0
3,2024-02-08 00:00:00+00:00,0.0,0.0,0.0,0.0,0.0,0.0,0.0,0.0,0.0,0.0,0.0,0.0,0.0,0.0,2,winter,0.0,0.0,0.0
3,2024-02-08 01:00:00+00:00,0.0,0.0,0.0,0.0,0.0,0.0,0.0,0.0,0.0,0.0,0.0,0.0,0.0,0.0,2,winter,0.0,0.0,0.0
3,2024-02-08 02:00:00+00:00,0.0,0.0,0.0,0.0,0.0,0.0,0.0,0.0,0.0,0.0,0.0,0.0,0.0,0.0,2,winter,0.0,0.0,0.0
3,2024-02-08 03:00:00+00:00,0.0,0.0,0.0,0.0,0.0,0.0,0.0,0.0,0.0,0.0,0.0,0.0,0.0,0.0,2,winter,0.0,0.0,0.0
3,2024-02-08 04:00:00+00:00,0.0,0.0,0.0,0.0,0.0,0.0,0.0,0.0,0.0,0.0,0.0,0.0,0.0,0.0,2,winter,0.0,0.0,0.0
3,2024-02-08 05:00:00+00:00,0.0,0.0,0.0,0.0,0.0,0.0,0.0,0.0,0.0,0.0,0.0,0.0,0.0,0.0,2,winter,0.0,0.0,0.0
3,2024-02-08 06:00:00+00:00,0.0,0.0,0.0,0.0,0.0,0.0,0.0,0.0,0.0,0.0,0.0,0.0,0.0,0.0,2,winter,0.0,0.0,0.0
3,2024-02-08 07:00:00+00:00,0.0,0.0,0.0,0.0,0.0,0.0,0.0,35.0,38.000004,39.000004,53.000008,38.000004,62.00001,22.000004,2,winter,0.0,0.0,37.0
3,2024-02-08 08:00:00+00:00,0.0,0.0,0.0,0.0,0.0,0.0,0.0,128.0,137.0,161.0,157.0,110.0,187.99998,66.0,2,winter,0.0,0.0,146.0
3,2024-02-08 09:00:00+00:00,0.0,0.0,0.0,0.0,0.0,0.0,0.0,235.0,235.0,301.99997,244.99998,175.0,280.0,101.0,2,winter,0.0,0.0,288.0
3,2024-02-08 10:00:00+00:00,0.0,0.0,0.0,0.0,0.0,0.0,0.1,369.0,405.99997,412.99997,320.0,243.0,299.0,121.0,2,winter,0.01,0.0,372.99997
3,2024-02-08 11:00:00+00:00,0.0,0.0,0.0,0.0,0.0,0.0,0.1,468.00003,461.00003,469.0,375.0,307.0,252.0,126.0,2,winter,0.01,0.0,441.00003
3,2024-02-08 12:00:00+00:00,0.0,0.0,0.0,0.0,0.0,0.0,0.0,381.0,465.0,470.99997,426.99997,415.0,466.0,436.0,2,winter,0.0,0.0,379.0
3,2024-02-08 13:00:00+00:00,0.0,0.0,0.0,0.0,0.0,0.0,0.0,332.0,329.0,405.0,378.0,373.0,420.0,394.99997,2,winter,0.0,0.0,287.0
3,2024-02-08 14:00:00+00:00,0.0,0.0,0.0,0.0,0.0,0.0,0.0,257.0,273.0,271.0,286.0,282.0,325.99997,308.00006,2,winter,0.0,0.0,241.99998
3,2024-02-08 15:00:00+00:00,0.0,0.0,0.0,0.0,0.0,0.0,0.0,170.99998,166.99998,156.99998,170.99997,167.99998,195.99997,185.99998,2,winter,0.0,0.0,162.99997
3,2024-02-08 16:00:00+00:00,0.0,0.0,0.0,0.0,0.0,0.0,0.0,41.0,40.0,39.0,49.0,49.0,56.000004,52.0,2,winter,0.0,0.0,39.0
3,2024-02-08 17:00:00+00:00,0.0,0.0,0.0,0.0,0.0,0.0,0.0,0.0,0.0,0.0,0.0,0.0,0.0,0.0,2,winter,0.0,0.0,0.0
3,2024-02-08 18:00:00+00:00,0.0,0.0,0.0,0.0,0.0,0.0,0.0,0.0,0.0,0.0,0.0,0.0,0.0,0.0,2,winter,0.0,0.0,0.0
3,2024-02-08 19:00:00+00:00,0.0,0.0,0.0,0.0,0.0,0.0,0.0,0.0,0.0,0.0,0.0,0.0,0.0,0.0,2,winter,0.0,0.0,0.0
3,2024-02-08 20:00:00+00:00,0.0,0.0,0.0,0.0,0.0,0.0,0.0,0.0,0.0,0.0,0.0,0.0,0.0,0.0,2,winter,0.0,0.0,0.0
3,2024-02-08 21:00:00+00:00,0.0,0.0,0.0,0.0,0.0,0.0,0.0,0.0,0.0,0.0,0.0,0.0,0.0,0.0,2,winter,0.0,0.0,0.0
3,2024-02-08 22:00:00+00:00,0.0,0.0,0.0,0.0,0.0,0.0,0.0,0.0,0.0,0.0,0.0,0.0,0.0,0.0,2,winter,0.0,0.0,0.0
3,2024-02-08 23:00:00+00:00,0.0,0.0,0.0,0.0,0.0,0.0,0.0,0.0,0.0,0.0,0.0,0.0,0.0,0.0,2,winter,0.0,0.0,0.0
3,2024-02-09 00:00:00+00:00,0.0,0.0,0.0,0.0,0.0,0.0,0.0,0.0,0.0,0.0,0.0,0.0,0.0,0.0,2,winter,0.0,0.0,0.0
3,2024-02-09 01:00:00+00:00,0.0,0.0,0.0,0.0,0.0,0.0,0.0,0.0,0.0,0.0,0.0,0.0,0.0,0.0,2,winter,0.0,0.0,0.0
3,2024-02-09 02:00:00+00:00,0.0,0.0,0.0,0.0,0.0,0.0,0.0,0.0,0.0,0.0,0.0,0.0,0.0,0.0,2,winter,0.0,0.0,0.0
3,2024-02-09 03:00:00+00:00,0.0,0.0,0.0,0.0,0.0,0.0,0.0,0.0,0.0,0.0,0.0,0.0,0.0,0.0,2,winter,0.0,0.0,0.0
3,2024-02-09 04:00:00+00:00,0.0,0.0,0.0,0.0,0.0,0.0,0.0,0.0,0.0,0.0,0.0,0.0,0.0,0.0,2,winter,0.0,0.0,0.0
3,2024-02-09 05:00:00+00:00,0.0,0.0,0.0,0.0,0.0,0.0,0.0,0.0,0.0,0.0,0.0,0.0,0.0,0.0,2,winter,0.0,0.0,0.0
3,2024-02-09 06:00:00+00:00,0.0,0.0,0.0,0.0,0.0,0.0,0.0,0.0,0.0,0.0,0.0,0.0,0.0,0.0,2,winter,0.0,0.0,0.0
3,2024-02-09 07:00:00+00:00,0.0,0.0,0.0,0.0,0.0,0.0,0.0,44.999996,45.999992,44.999996,60.99999,64.999985,56.999992,63.99999,2,winter,0.0,0.0,47.999992
3,2024-02-09 08:00:00+00:00,0.0,0.0,0.0,0.0,0.0,0.0,0.0,179.00003,152.00002,167.00002,174.00003,187.00003,164.00002,185.00002,2,winter,0.0,0.0,181.00003
3,2024-02-09 09:00:00+00:00,0.0,0.0,0.0,0.0,0.0,0.0,0.0,314.00003,220.0,276.0,270.0,291.0,255.0,286.00003,2,winter,0.0,0.0,315.0
3,2024-02-09 10:00:00+00:00,0.0,0.0,0.0,0.0,0.0,0.0,0.0,414.0,289.0,387.0,356.0,382.0,337.0,370.0,2,winter,0.0,0.0,417.0
3,2024-02-09 11:00:00+00:00,0.0,0.0,0.0,0.0,0.0,0.0,0.0,418.99997,315.0,405.99997,421.99997,449.99994,400.99997,428.0,2,winter,0.0,0.0,454.99994
3,2024-02-09 12:00:00+00:00,0.0,0.0,0.0,0.0,0.0,0.0,0.0,301.0,306.0,201.0,452.0,468.00003,467.00003,455.0,2,winter,0.0,0.0,350.0
3,2024-02-09 13:00:00+00:00,0.0,0.0,0.0,0.0,0.0,0.0,0.0,283.0,292.0,153.0,411.0,421.0,423.0,399.99994,2,winter,0.0,0.0,326.0
3,2024-02-09 14:00:00+00:00,0.0,0.0,0.0,0.0,0.0,0.0,0.0,246.0,177.0,120.0,323.0,325.0,330.99997,299.0,2,winter,0.0,0.0,185.0
3,2024-02-09 15:00:00+00:00,0.0,0.0,0.0,0.0,0.0,0.0,0.0,133.0,75.0,79.0,199.0,196.0,203.0,178.0,2,winter,0.0,0.0,88.0
3,2024-02-09 16:00:00+00:00,0.0,0.0,0.0,0.0,0.0,0.0,0.0,28.0,24.0,23.0,59.00001,58.00001,61.00001,53.000015,2,winter,0.0,0.0,22.0
3,2024-02-09 17:00:00+00:00,0.0,0.0,0.0,0.0,0.0,0.0,0.0,0.0,0.0,0.0,0.0,0.0,0.0,0.0,2,winter,0.0,0.0,0.0
3,2024-02-09 18:00:00+00:00,0.0,0.0,0.0,0.0,0.0,0.0,0.0,0.0,0.0,0.0,0.0,0.0,0.0,0.0,2,winter,0.0,0.0,0.0
3,2024-02-09 19:00:00+00:00,0.0,0.0,0.0,0.0,0.0,0.0,0.0,0.0,0.0,0.0,0.0,0.0,0.0,0.0,2,winter,0.0,0.0,0.0
3,2024-02-09 20:00:00+00:00,0.0,0.0,0.0,0.0,0.0,0.0,0.0,0.0,0.0,0.0,0.0,0.0,0.0,0.0,2,winter,0.0,0.0,0.0
3,2024-02-09 21:00:00+00:00,0.0,0.0,0.0,0.0,0.0,0.0,0.0,0.0,0.0,0.0,0.0,0.0,0.0,0.0,2,winter,0.0,0.0,0.0
3,2024-02-09 22:00:00+00:00,0.0,0.0,0.0,0.0,0.0,0.0,0.0,0.0,0.0,0.0,0.0,0.0,0.0,0.0,2,winter,0.0,0.0,0.0
3,2024-02-09 23:00:00+00:00,0.0,0.0,0.0,0.0,0.0,0.0,0.0,0.0,0.0,0.0,0.0,0.0,0.0,0.0,2,winter,0.0,0.0,0.0
3,2024-02-10 00:00:00+00:00,0.0,0.0,0.0,0.0,0.0,0.0,0.0,0.0,0.0,0.0,0.0,0.0,0.0,0.0,2,winter,0.0,0.0,0.0
3,2024-02-10 01:00:00+00:00,0.0,0.0,0.0,0.0,0.0,0.0,0.0,0.0,0.0,0.0,0.0,0.0,0.0,0.0,2,winter,0.0,0.0,0.0
3,2024-02-10 02:00:00+00:00,0.0,0.0,0.0,0.0,0.0,0.0,0.0,0.0,0.0,0.0,0.0,0.0,0.0,0.0,2,winter,0.0,0.0,0.0
3,2024-02-10 03:00:00+00:00,0.0,0.0,0.0,0.0,0.0,0.0,0.0,0.0,0.0,0.0,0.0,0.0,0.0,0.0,2,winter,0.0,0.0,0.0
3,2024-02-10 04:00:00+00:00,0.0,0.0,0.0,0.0,0.0,0.0,0.0,0.0,0.0,0.0,0.0,0.0,0.0,0.0,2,winter,0.0,0.0,0.0
3,2024-02-10 05:00:00+00:00,0.0,0.0,0.0,0.0,0.0,0.0,0.0,0.0,0.0,0.0,0.0,0.0,0.0,0.0,2,winter,0.0,0.0,0.0
3,2024-02-10 06:00:00+00:00,0.0,0.0,0.0,0.0,0.0,0.0,0.0,0.0,0.0,0.0,0.0,0.0,0.0,0.0,2,winter,0.0,0.0,0.0
3,2024-02-10 07:00:00+00:00,0.0,0.1,0.1,0.0,0.0,0.0,0.0,31.0,25.0,31.000002,31.0,60.00001,70.00002,14.999998,2,winter,0.03,0.0,49.000008
3,2024-02-10 08:00:00+00:00,0.0,0.1,0.1,0.0,0.0,0.0,0.0,120.0,81.0,111.0,86.0,167.0,196.0,41.0,2,winter,0.03,0.0,138.0
3,2024-02-10 09:00:00+00:00,0.0,0.1,0.1,0.0,0.0,0.0,0.0,207.0,181.0,261.0,133.0,252.0,299.0,68.0,2,winter,0.03,0.0,229.0
3,2024-02-10 10:00:00+00:00,0.0,0.0,0.0,0.0,0.0,0.0,0.0,256.0,247.0,280.0,174.0,299.0,381.00003,109.0,2,winter,0.0,0.0,356.0
3,2024-02-10 11:00:00+00:00,0.0,0.0,0.0,0.0,0.0,0.0,0.0,290.0,290.0,315.0,203.0,308.0,431.00003,158.0,2,winter,0.0,0.0,433.00003
3,2024-02-10 12:00:00+00:00,0.0,0.0,0.0,0.0,0.0,0.0,0.0,433.0,296.0,304.0,221.0,480.00003,354.0,474.00003,2,winter,0.0,0.0,413.00003
3,2024-02-10 13:00:00+00:00,0.1,0.1,0.0,0.0,0.0,0.0,0.0,310.0,257.0,220.0,200.0,435.99997,324.0,432.0,2,winter,0.03,0.0,264.0
3,2024-02-10 14:00:00+00:00,0.1,0.1,0.0,0.0,0.0,0.0,0.0,98.0,129.0,184.0,159.0,342.0,266.0,340.0,2,winter,0.03,0.0,127.0
3,2024-02-10 15:00:00+00:00,0.1,0.1,0.0,0.0,0.0,0.0,0.0,57.0,61.0,109.0,100.0,210.99997,170.99997,209.00005,2,winter,0.03,0.0,79.0
3,2024-02-10 16:00:00+00:00,0.1,0.0,0.0,0.1,0.0,0.0,0.0,16.0,20.0,29.0,30.0,65.000015,54.000008,63.00001,2,winter,0.03,0.0,26.0
3,2024-02-10 17:00:00+00:00,0.1,0.0,0.0,0.1,0.0,0.0,0.0,0.0,0.0,0.0,0.0,0.0,0.0,0.0,2,winter,0.03,0.0,0.0
3,2024-02-10 18:00:00+00:00,0.1,0.0,0.0,0.1,0.0,0.0,0.0,0.0,0.0,0.0,0.0,0.0,0.0,0.0,2,winter,0.03,0.0,0.0
3,2024-02-10 19:00:00+00:00,0.0,0.0,0.1,0.1,0.0,0.0,0.0,0.0,0.0,0.0,0.0,0.0,0.0,0.0,2,winter,0.03,0.0,0.0
3,2024-02-10 20:00:00+00:00,0.0,0.0,0.1,0.1,0.0,0.0,0.0,0.0,0.0,0.0,0.0,0.0,0.0,0.0,2,winter,0.03,0.0,0.0
3,2024-02-10 21:00:00+00:00,0.0,0.0,0.1,0.1,0.0,0.0,0.0,0.0,0.0,0.0,0.0,0.0,0.0,0.0,2,winter,0.03,0.0,0.0
3,2024-02-10 22:00:00+00:00,0.0,0.0,0.0,0.2,0.0,0.0,0.0,0.0,0.0,0.0,0.0,0.0,0.0,0.0,2,winter,0.03,0.0,0.0
3,2024-02-10 23:00:00+00:00,0.0,0.0,0.0,0.2,0.0,0.0,0.0,0.0,0.0,0.0,0.0,0.0,0.0,0.0,2,winter,0.03,0.0,0.0
3,2024-02-11 00:00:00+00:00,0.0,0.0,0.0,0.2,0.0,0.0,0.0,0.0,0.0,0.0,0.0,0.0,0.0,0.0,2,winter,0.03,0.0,0.0
3,2024-02-11 01:00:00+00:00,0.0,0.0,0.0,0.1,0.0,0.0,0.0,0.0,0.0,0.0,0.0,0.0,0.0,0.0,2,winter,0.01,0.0,0.0
3,2024-02-11 02:00:00+00:00,0.0,0.0,0.0,0.1,0.0,0.0,0.0,0.0,0.0,0.0,0.0,0.0,0.0,0.0,2,winter,0.01,0.0,0.0
3,2024-02-11 03:00:00+00:00,0.0,0.0,0.0,0.1,0.0,0.0,0.0,0.0,0.0,0.0,0.0,0.0,0.0,0.0,2,winter,0.01,0.0,0.0
3,2024-02-11 04:00:00+00:00,0.0,0.0,0.1,0.0,0.0,0.0,0.0,0.0,0.0,0.0,0.0,0.0,0.0,0.0,2,winter,0.01,0.0,0.0
3,2024-02-11 05:00:00+00:00,0.0,0.0,0.1,0.0,0.0,0.0,0.0,0.0,0.0,0.0,0.0,0.0,0.0,0.0,2,winter,0.01,0.0,0.0
3,2024-02-11 06:00:00+00:00,0.0,0.0,0.1,0.0,0.0,0.0,0.0,0.0,0.0,0.0,0.0,0.0,0.0,0.0,2,winter,0.01,0.0,0.0
3,2024-02-11 07:00:00+00:00,0.0,0.0,0.4,0.1,0.0,0.0,0.0,15.0,19.0,21.0,46.0,36.0,38.0,16.0,2,winter,0.07,0.0,36.0
3,2024-02-11 08:00:00+00:00,0.0,0.0,0.4,0.1,0.0,0.0,0.0,75.0,61.0,61.0,123.99999,96.0,104.0,43.0,2,winter,0.07,0.0,163.99998
3,2024-02-11 09:00:00+00:00,0.0,0.0,0.4,0.1,0.0,0.0,0.0,241.0,84.0,124.0,192.0,146.0,158.0,66.0,2,winter,0.07,0.0,286.0
3,2024-02-11 10:00:00+00:00,0.0,0.0,0.0,0.1,0.3,0.2,0.0,331.0,140.0,197.0,253.0,189.0,196.0,83.0,2,winter,0.09,0.3,419.0
3,2024-02-11 11:00:00+00:00,0.0,0.0,0.0,0.1,0.3,0.2,0.0,382.0,194.0,276.0,301.0,218.0,217.0,95.0,2,winter,0.09,0.3,419.0
3,2024-02-11 12:00:00+00:00,0.0,0.0,0.0,0.1,0.3,0.2,0.0,449.0,389.0,182.0,202.0,186.0,281.0,308.0,2,winter,0.09,0.3,355.0
3,2024-02-11 13:00:00+00:00,0.0,0.2,0.0,0.0,0.0,0.3,0.0,319.0,329.0,143.0,189.0,149.0,238.0,208.99998,2,winter,0.07,0.3,262.0
3,2024-02-11 14:00:00+00:00,0.0,0.2,0.0,0.0,0.0,0.3,0.0,185.0,210.0,96.0,152.0,105.0,168.0,85.0,2,winter,0.07,0.3,183.0
3,2024-02-11 15:00:00+00:00,0.0,0.2,0.0,0.0,0.0,0.3,0.0,86.0,95.0,54.0,95.0,60.0,96.0,22.999998,2,winter,0.07,0.3,86.0
3,2024-02-11 16:00:00+00:00,0.0,0.0,0.0,0.0,0.0,0.3,0.0,21.0,22.0,19.0,29.0,20.0,30.0,12.999998,2,winter,0.04,0.0,19.0
3,2024-02-11 17:00:00+00:00,0.0,0.0,0.0,0.0,0.0,0.3,0.0,0.0,0.0,0.0,0.0,0.0,0.0,0.0,2,winter,0.04,0.0,0.0
3,2024-02-11 18:00:00+00:00,0.0,0.0,0.0,0.0,0.0,0.3,0.0,0.0,0.0,0.0,0.0,0.0,0.0,0.0,2,winter,0.04,0.0,0.0
3,2024-02-11 19:00:00+00:00,0.0,0.0,0.1,0.0,0.0,0.0,0.0,0.0,0.0,0.0,0.0,0.0,0.0,0.0,2,winter,0.01,0.0,0.0
3,2024-02-11 20:00:00+00:00,0.0,0.0,0.1,0.0,0.0,0.0,0.0,0.0,0.0,0.0,0.0,0.0,0.0,0.0,2,winter,0.01,0.0,0.0
3,2024-02-11 21:00:00+00:00,0.0,0.0,0.1,0.0,0.0,0.0,0.0,0.0,0.0,0.0,0.0,0.0,0.0,0.0,2,winter,0.01,0.0,0.0
3,2024-02-11 22:00:00+00:00,0.0,0.0,0.0,0.0,0.0,0.0,0.0,0.0,0.0,0.0,0.0,0.0,0.0,0.0,2,winter,0.0,0.0,0.0
3,2024-02-11 23:00:00+00:00,0.0,0.0,0.0,0.0,0.0,0.0,0.0,0.0,0.0,0.0,0.0,0.0,0.0,0.0,2,winter,0.0,0.0,0.0
3,2024-02-12 00:00:00+00:00,0.0,0.0,0.0,0.0,0.0,0.0,0.0,0.0,0.0,0.0,0.0,0.0,0.0,0.0,2,winter,0.0,0.0,0.0
3,2024-02-12 01:00:00+00:00,0.0,0.0,0.0,0.1,0.0,0.0,0.0,0.0,0.0,0.0,0.0,0.0,0.0,0.0,2,winter,0.01,0.0,0.0
3,2024-02-12 02:00:00+00:00,0.0,0.0,0.0,0.1,0.0,0.0,0.0,0.0,0.0,0.0,0.0,0.0,0.0,0.0,2,winter,0.01,0.0,0.0
3,2024-02-12 03:00:00+00:00,0.0,0.0,0.0,0.1,0.0,0.0,0.0,0.0,0.0,0.0,0.0,0.0,0.0,0.0,2,winter,0.01,0.0,0.0
3,2024-02-12 04:00:00+00:00,0.2,0.0,0.0,0.0,0.0,0.0,0.0,0.0,0.0,0.0,0.0,0.0,0.0,0.0,2,winter,0.03,1.3,0.0
3,2024-02-12 05:00:00+00:00,0.2,0.0,0.0,0.0,0.0,0.0,0.0,0.0,0.0,0.0,0.0,0.0,0.0,0.0,2,winter,0.03,1.3,0.0
3,2024-02-12 06:00:00+00:00,0.2,0.0,0.0,0.0,0.0,0.0,0.0,0.0,0.0,0.0,0.0,0.0,0.0,0.0,2,winter,0.03,1.3,0.0
3,2024-02-12 07:00:00+00:00,1.0,0.0,0.2,0.6,0.0,0.1,0.0,43.0,37.0,25.0,25.0,72.999985,21.0,57.999992,2,winter,0.27,1.3,32.0
3,2024-02-12 08:00:00+00:00,1.0,0.0,0.2,0.6,0.0,0.1,0.0,148.0,110.0,82.0,66.0,192.0,55.0,151.0,2,winter,0.27,1.3,98.0
3,2024-02-12 09:00:00+00:00,1.0,0.0,0.2,0.6,0.0,0.1,0.0,272.0,200.0,175.0,98.0,290.0,84.0,233.0,2,winter,0.27,1.3,138.0
3,2024-02-12 10:00:00+00:00,0.3,0.9,0.1,0.0,0.0,0.1,0.0,383.99997,286.0,250.0,117.0,366.99997,115.0,320.00003,2,winter,0.2,0.1,129.0
3,2024-02-12 11:00:00+00:00,0.3,0.9,0.1,0.0,0.0,0.1,0.0,400.00003,338.0,257.0,120.0,414.00003,142.0,397.99997,2,winter,0.2,0.1,114.0
3,2024-02-12 12:00:00+00:00,0.3,0.9,0.1,0.0,0.0,0.1,0.0,278.0,400.0,326.0,285.0,204.0,197.0,367.0,2,winter,0.2,0.1,140.0
3,2024-02-12 13:00:00+00:00,0.1,0.9,0.2,0.0,0.0,0.0,0.1,254.0,344.0,277.0,268.0,186.0,170.0,296.0,2,winter,0.19,0.1,97.0
3,2024-02-12 14:00:00+00:00,0.1,0.9,0.2,0.0,0.0,0.0,0.1,175.0,266.0,203.0,223.0,156.0,127.0,193.0,2,winter,0.19,0.1,71.0
3,2024-02-12 15:00:00+00:00,0.1,0.9,0.2,0.0,0.0,0.0,0.1,84.0,165.0,114.0,146.0,102.0,74.0,98.0,2,winter,0.19,0.1,73.0
3,2024-02-12 16:00:00+00:00,0.0,0.0,0.0,0.0,0.2,0.0,0.1,27.0,42.999996,22.0,50.999996,34.0,22.0,25.999996,2,winter,0.04,0.0,21.0
3,2024-02-12 17:00:00+00:00,0.0,0.0,0.0,0.0,0.2,0.0,0.1,0.0,0.0,0.0,0.0,0.0,0.0,0.0,2,winter,0.04,0.0,0.0
3,2024-02-12 18:00:00+00:00,0.0,0.0,0.0,0.0,0.2,0.0,0.1,0.0,0.0,0.0,0.0,0.0,0.0,0.0,2,winter,0.04,0.0,0.0
3,2024-02-12 19:00:00+00:00,0.0,0.0,0.0,0.0,0.5,0.0,2.2,0.0,0.0,0.0,0.0,0.0,0.0,0.0,2,winter,0.39,0.0,0.0
3,2024-02-12 20:00:00+00:00,0.0,0.0,0.0,0.0,0.5,0.0,2.2,0.0,0.0,0.0,0.0,0.0,0.0,0.0,2,winter,0.39,0.0,0.0
3,2024-02-12 21:00:00+00:00,0.0,0.0,0.0,0.0,0.5,0.0,2.2,0.0,0.0,0.0,0.0,0.0,0.0,0.0,2,winter,0.39,0.0,0.0
3,2024-02-12 22:00:00+00:00,0.0,0.0,0.0,0.0,0.0,0.0,0.6,0.0,0.0,0.0,0.0,0.0,0.0,0.0,2,winter,0.09,0.0,0.0
3,2024-02-12 23:00:00+00:00,0.0,0.0,0.0,0.0,0.0,0.0,0.6,0.0,0.0,0.0,0.0,0.0,0.0,0.0,2,winter,0.09,0.0,0.0
3,2024-02-13 00:00:00+00:00,0.0,0.0,0.0,0.0,0.0,0.0,0.6,0.0,0.0,0.0,0.0,0.0,0.0,0.0,2,winter,0.09,0.0,0.0
3,2024-02-13 01:00:00+00:00,0.0,0.0,0.0,0.0,0.0,0.0,0.1,0.0,0.0,0.0,0.0,0.0,0.0,0.0,2,winter,0.01,0.0,0.0
3,2024-02-13 02:00:00+00:00,0.0,0.0,0.0,0.0,0.0,0.0,0.1,0.0,0.0,0.0,0.0,0.0,0.0,0.0,2,winter,0.01,0.0,0.0
3,2024-02-13 03:00:00+00:00,0.0,0.0,0.0,0.0,0.0,0.0,0.1,0.0,0.0,0.0,0.0,0.0,0.0,0.0,2,winter,0.01,0.0,0.0
3,2024-02-13 04:00:00+00:00,0.0,0.0,0.0,0.0,0.0,0.0,0.1,0.0,0.0,0.0,0.0,0.0,0.0,0.0,2,winter,0.01,0.1,0.0
3,2024-02-13 05:00:00+00:00,0.0,0.0,0.0,0.0,0.0,0.0,0.1,0.0,0.0,0.0,0.0,0.0,0.0,0.0,2,winter,0.01,0.1,0.0
3,2024-02-13 06:00:00+00:00,0.0,0.0,0.0,0.0,0.0,0.0,0.1,0.0,0.0,0.0,0.0,0.0,0.0,0.0,2,winter,0.01,0.1,0.0
3,2024-02-13 07:00:00+00:00,0.0,0.0,0.0,0.0,0.0,0.1,0.0,53.999996,55.999992,60.999992,74.999985,68.99999,38.0,2.0,2,winter,0.01,0.1,59.999992
3,2024-02-13 08:00:00+00:00,0.0,0.0,0.0,0.0,0.0,0.1,0.0,162.00002,188.00003,200.00003,190.00003,177.00002,97.00001,4.0,2,winter,0.01,0.1,201.00003
3,2024-02-13 09:00:00+00:00,0.0,0.0,0.0,0.0,0.0,0.1,0.0,240.0,302.0,326.0,290.0,268.0,147.0,8.0,2,winter,0.01,0.1,316.0
3,2024-02-13 10:00:00+00:00,0.2,0.0,0.0,0.0,0.0,1.5,0.0,309.0,347.0,412.0,385.00003,345.0,198.0,14.0,2,winter,0.24,0.1,346.0
3,2024-02-13 11:00:00+00:00,0.2,0.0,0.0,0.0,0.0,1.5,0.0,358.0,282.0,444.0,464.0,399.0,238.0,23.0,2,winter,0.24,0.1,324.0
3,2024-02-13 12:00:00+00:00,0.2,0.0,0.0,0.0,0.0,1.5,0.0,221.0,289.0,351.0,498.0,308.0,438.0,490.0,2,winter,0.24,0.1,306.0
3,2024-02-13 13:00:00+00:00,0.0,0.0,0.0,0.0,0.0,1.9,0.0,201.0,275.0,242.0,454.00003,285.0,372.0,455.00006,2,winter,0.27,0.1,275.0
3,2024-02-13 14:00:00+00:00,0.0,0.0,0.0,0.0,0.0,1.9,0.0,184.0,216.0,210.0,360.00003,242.0,268.0,361.0,2,winter,0.27,0.1,212.0
3,2024-02-13 15:00:00+00:00,0.0,0.0,0.0,0.0,0.0,1.9,0.0,151.0,124.00001,143.0,228.00003,159.0,158.0,227.00002,2,winter,0.27,0.1,120.0
3,2024-02-13 16:00:00+00:00,0.0,0.0,0.0,0.0,0.0,1.9,0.0,50.0,35.0,42.0,78.00001,52.000004,53.0,77.00002,2,winter,0.27,0.0,42.0
3,2024-02-13 17:00:00+00:00,0.0,0.0,0.0,0.0,0.0,1.9,0.0,0.0,0.0,0.0,0.0,0.0,0.0,0.0,2,winter,0.27,0.0,0.0
3,2024-02-13 18:00:00+00:00,0.0,0.0,0.0,0.0,0.0,1.9,0.0,0.0,0.0,0.0,0.0,0.0,0.0,0.0,2,winter,0.27,0.0,0.0
3,2024-02-13 19:00:00+00:00,0.0,0.0,0.0,0.0,0.0,1.8,0.0,0.0,0.0,0.0,0.0,0.0,0.0,0.0,2,winter,0.26,0.0,0.0
3,2024-02-13 20:00:00+00:00,0.0,0.0,0.0,0.0,0.0,1.8,0.0,0.0,0.0,0.0,0.0,0.0,0.0,0.0,2,winter,0.26,0.0,0.0
3,2024-02-13 21:00:00+00:00,0.0,0.0,0.0,0.0,0.0,1.8,0.0,0.0,0.0,0.0,0.0,0.0,0.0,0.0,2,winter,0.26,0.0,0.0
3,2024-02-13 22:00:00+00:00,0.0,0.0,0.0,0.0,0.0,0.0,0.1,0.0,0.0,0.0,0.0,0.0,0.0,0.0,2,winter,0.01,0.0,0.0
3,2024-02-13 23:00:00+00:00,0.0,0.0,0.0,0.0,0.0,0.0,0.1,0.0,0.0,0.0,0.0,0.0,0.0,0.0,2,winter,0.01,0.0,0.0
3,2024-02-14 00:00:00+00:00,0.0,0.0,0.0,0.0,0.0,0.0,0.1,0.0,0.0,0.0,0.0,0.0,0.0,0.0,2,winter,0.01,0.0,0.0
3,2024-02-14 01:00:00+00:00,0.0,0.0,0.0,0.0,0.0,0.1,1.1,0.0,0.0,0.0,0.0,0.0,0.0,0.0,2,winter,0.17,0.0,0.0
3,2024-02-14 02:00:00+00:00,0.0,0.0,0.0,0.0,0.0,0.1,1.1,0.0,0.0,0.0,0.0,0.0,0.0,0.0,2,winter,0.17,0.0,0.0
3,2024-02-14 03:00:00+00:00,0.0,0.0,0.0,0.0,0.0,0.1,1.1,0.0,0.0,0.0,0.0,0.0,0.0,0.0,2,winter,0.17,0.0,0.0
3,2024-02-14 04:00:00+00:00,0.0,0.0,0.0,0.0,0.0,0.1,1.1,0.0,0.0,0.0,0.0,0.0,0.0,0.0,2,winter,0.17,0.0,0.0
3,2024-02-14 05:00:00+00:00,0.0,0.0,0.0,0.0,0.0,0.1,1.1,0.0,0.0,0.0,0.0,0.0,0.0,0.0,2,winter,0.17,0.0,0.0
3,2024-02-14 06:00:00+00:00,0.0,0.0,0.0,0.0,0.0,0.1,1.1,1.0,1.0,1.0,1.9999992,1.9999992,1.0,0.0,2,winter,0.17,0.0,1.0
3,2024-02-14 07:00:00+00:00,0.0,0.0,0.0,0.0,0.0,0.5,0.3,62.000008,63.000008,63.000008,85.000015,86.000015,32.0,12.000001,2,winter,0.11,0.0,58.000004
3,2024-02-14 08:00:00+00:00,0.0,0.0,0.0,0.0,0.0,0.5,0.3,204.99997,194.99997,204.99997,210.99997,212.99997,81.0,29.0,2,winter,0.11,0.0,197.99997
3,2024-02-14 09:00:00+00:00,0.0,0.0,0.0,0.0,0.0,0.5,0.3,344.0,346.00003,349.0,318.0,319.0,121.0,48.0,2,winter,0.11,0.0,343.0
3,2024-02-14 10:00:00+00:00,0.0,0.0,0.0,0.0,0.0,0.0,0.6,449.99997,453.99997,455.0,414.0,408.0,144.0,78.0,2,winter,0.09,0.0,453.99997
3,2024-02-14 11:00:00+00:00,0.0,0.0,0.0,0.0,0.0,0.0,0.6,497.99997,510.99997,511.99994,486.99994,469.99997,151.0,115.0,2,winter,0.09,0.0,507.99997
3,2024-02-14 12:00:00+00:00,0.0,0.0,0.0,0.0,0.0,0.0,0.6,480.99997,474.99997,493.99997,505.99997,503.99994,165.0,132.0,2,winter,0.09,0.0,502.99997
3,2024-02-14 13:00:00+00:00,0.0,0.0,0.0,0.0,0.0,0.0,0.4,401.0,434.00003,391.0,462.00003,457.00003,145.0,117.0,2,winter,0.06,0.0,447.00006
3,2024-02-14 14:00:00+00:00,0.0,0.0,0.0,0.0,0.0,0.0,0.4,329.99997,333.99994,269.99997,366.99994,360.99994,106.99999,107.0,2,winter,0.06,0.0,347.99994
3,2024-02-14 15:00:00+00:00,0.0,0.0,0.0,0.0,0.0,0.0,0.4,199.99997,201.99997,173.99998,232.99995,226.99997,63.999996,75.0,2,winter,0.06,0.0,204.99997
3,2024-02-14 16:00:00+00:00,0.0,0.0,0.0,0.0,0.0,0.0,0.4,57.999996,59.999996,54.0,82.0,78.99999,22.0,24.999996,2,winter,0.06,0.0,58.999996
3,2024-02-14 17:00:00+00:00,0.0,0.0,0.0,0.0,0.0,0.0,0.4,0.0,0.0,0.0,0.0,0.0,0.0,0.0,2,winter,0.06,0.0,0.0
3,2024-02-14 18:00:00+00:00,0.0,0.0,0.0,0.0,0.0,0.0,0.4,0.0,0.0,0.0,0.0,0.0,0.0,0.0,2,winter,0.06,0.0,0.0
3,2024-02-14 19:00:00+00:00,0.0,0.0,0.0,0.0,0.0,0.0,0.1,0.0,0.0,0.0,0.0,0.0,0.0,0.0,2,winter,0.01,0.0,0.0
3,2024-02-14 20:00:00+00:00,0.0,0.0,0.0,0.0,0.0,0.0,0.1,0.0,0.0,0.0,0.0,0.0,0.0,0.0,2,winter,0.01,0.0,0.0
3,2024-02-14 21:00:00+00:00,0.0,0.0,0.0,0.0,0.0,0.0,0.1,0.0,0.0,0.0,0.0,0.0,0.0,0.0,2,winter,0.01,0.0,0.0
3,2024-02-14 22:00:00+00:00,0.0,0.0,0.0,0.0,0.0,0.0,0.6,0.0,0.0,0.0,0.0,0.0,0.0,0.0,2,winter,0.09,0.0,0.0
3,2024-02-14 23:00:00+00:00,0.0,0.0,0.0,0.0,0.0,0.0,0.6,0.0,0.0,0.0,0.0,0.0,0.0,0.0,2,winter,0.09,0.0,0.0
3,2024-02-15 00:00:00+00:00,0.0,0.0,0.0,0.0,0.0,0.0,0.6,0.0,0.0,0.0,0.0,0.0,0.0,0.0,2,winter,0.09,0.0,0.0
3,2024-02-15 01:00:00+00:00,0.0,0.0,0.0,0.0,0.0,0.0,1.5,0.0,0.0,0.0,0.0,0.0,0.0,0.0,2,winter,0.21,0.0,0.0
3,2024-02-15 02:00:00+00:00,0.0,0.0,0.0,0.0,0.0,0.0,1.5,0.0,0.0,0.0,0.0,0.0,0.0,0.0,2,winter,0.21,0.0,0.0
3,2024-02-15 03:00:00+00:00,0.0,0.0,0.0,0.0,0.0,0.0,1.5,0.0,0.0,0.0,0.0,0.0,0.0,0.0,2,winter,0.21,0.0,0.0
3,2024-02-15 04:00:00+00:00,0.0,0.0,0.0,0.0,0.0,0.0,1.5,0.0,0.0,0.0,0.0,0.0,0.0,0.0,2,winter,0.21,0.0,0.0
3,2024-02-15 05:00:00+00:00,0.0,0.0,0.0,0.0,0.0,0.0,1.5,0.0,0.0,0.0,0.0,0.0,0.0,0.0,2,winter,0.21,0.0,0.0
3,2024-02-15 06:00:00+00:00,0.0,0.0,0.0,0.0,0.0,0.0,1.5,1.0,1.0,1.0,1.999999,2.999999,1.999999,1.0000002,2,winter,0.21,0.0,0.0
3,2024-02-15 07:00:00+00:00,0.0,0.0,0.0,0.0,0.0,0.0,1.2,55.0,45.0,58.0,47.0,62.0,49.0,17.000004,2,winter,0.17,0.0,36.0
3,2024-02-15 08:00:00+00:00,0.0,0.0,0.0,0.0,0.0,0.0,1.2,174.0,81.0,186.00002,113.0,152.0,115.0,41.0,2,winter,0.17,0.0,112.0
3,2024-02-15 09:00:00+00:00,0.0,0.0,0.0,0.0,0.0,0.0,1.2,319.0,123.0,311.0,168.0,225.0,182.0,66.0,2,winter,0.17,0.0,222.0
3,2024-02-15 10:00:00+00:00,0.0,0.0,0.0,0.0,0.0,0.0,0.0,438.0,220.0,423.0,210.0,281.0,284.0,112.0,2,winter,0.0,0.0,329.0
3,2024-02-15 11:00:00+00:00,0.0,0.0,0.0,0.0,0.0,0.0,0.0,499.0,295.0,465.0,234.0,315.0,401.0,169.0,2,winter,0.0,0.0,443.0
3,2024-02-15 12:00:00+00:00,0.0,0.0,0.0,0.0,0.0,0.0,0.0,483.99994,448.99997,365.0,508.99994,446.99997,477.99994,484.0,2,winter,0.0,0.0,481.99997
3,2024-02-15 13:00:00+00:00,0.0,0.0,0.0,0.0,0.0,0.0,0.0,434.99997,388.0,282.0,457.99994,401.99994,418.99997,444.00003,2,winter,0.0,0.0,436.99997
3,2024-02-15 14:00:00+00:00,0.0,0.0,0.0,0.0,0.0,0.0,0.0,327.99997,290.0,189.0,355.99997,308.99997,311.99997,356.99997,2,winter,0.0,0.0,326.99997
3,2024-02-15 15:00:00+00:00,0.0,0.0,0.0,0.0,0.0,0.0,0.0,189.99998,168.0,106.0,222.99998,188.99998,186.99998,230.00002,2,winter,0.0,0.0,190.99998
3,2024-02-15 16:00:00+00:00,0.0,0.0,0.0,0.0,0.0,0.0,0.0,57.0,49.0,41.0,79.0,64.0,65.0,81.99997,2,winter,0.0,0.0,59.999996
3,2024-02-15 17:00:00+00:00,0.0,0.0,0.0,0.0,0.0,0.0,0.0,0.0,0.0,0.0,2.0000005,1.0,1.0,1.9999988,2,winter,0.0,0.0,0.0
3,2024-02-15 18:00:00+00:00,0.0,0.0,0.0,0.0,0.0,0.0,0.0,0.0,0.0,0.0,0.0,0.0,0.0,0.0,2,winter,0.0,0.0,0.0
3,2024-02-15 19:00:00+00:00,0.0,0.0,0.0,0.0,0.0,0.0,0.0,0.0,0.0,0.0,0.0,0.0,0.0,0.0,2,winter,0.0,0.0,0.0
3,2024-02-15 20:00:00+00:00,0.0,0.0,0.0,0.0,0.0,0.0,0.0,0.0,0.0,0.0,0.0,0.0,0.0,0.0,2,winter,0.0,0.0,0.0
3,2024-02-15 21:00:00+00:00,0.0,0.0,0.0,0.0,0.0,0.0,0.0,0.0,0.0,0.0,0.0,0.0,0.0,0.0,2,winter,0.0,0.0,0.0
3,2024-02-15 22:00:00+00:00,0.0,0.0,0.0,0.0,0.0,0.0,0.0,0.0,0.0,0.0,0.0,0.0,0.0,0.0,2,winter,0.0,0.0,0.0
3,2024-02-15 23:00:00+00:00,0.0,0.0,0.0,0.0,0.0,0.0,0.0,0.0,0.0,0.0,0.0,0.0,0.0,0.0,2,winter,0.0,0.0,0.0
3,2024-02-16 00:00:00+00:00,0.0,0.0,0.0,0.0,0.0,0.0,0.0,0.0,0.0,0.0,0.0,0.0,0.0,0.0,2,winter,0.0,0.0,0.0
3,2024-02-16 01:00:00+00:00,0.0,0.0,0.0,0.0,0.0,0.0,0.0,0.0,0.0,0.0,0.0,0.0,0.0,0.0,2,winter,0.0,0.0,0.0
3,2024-02-16 02:00:00+00:00,0.0,0.0,0.0,0.0,0.0,0.0,0.0,0.0,0.0,0.0,0.0,0.0,0.0,0.0,2,winter,0.0,0.0,0.0
3,2024-02-16 03:00:00+00:00,0.0,0.0,0.0,0.0,0.0,0.0,0.0,0.0,0.0,0.0,0.0,0.0,0.0,0.0,2,winter,0.0,0.0,0.0
3,2024-02-16 04:00:00+00:00,0.0,0.0,0.0,0.0,0.0,0.0,0.0,0.0,0.0,0.0,0.0,0.0,0.0,0.0,2,winter,0.0,0.0,0.0
3,2024-02-16 05:00:00+00:00,0.0,0.0,0.0,0.0,0.0,0.0,0.0,0.0,0.0,0.0,0.0,0.0,0.0,0.0,2,winter,0.0,0.0,0.0
3,2024-02-16 06:00:00+00:00,0.0,0.0,0.0,0.0,0.0,0.0,0.0,1.0,1.0,1.0,5.000004,6.000005,4.0000024,6.000002,2,winter,0.0,0.0,1.0
3,2024-02-16 07:00:00+00:00,0.0,0.0,0.0,0.0,0.0,0.0,0.0,66.000015,65.000015,62.000008,82.000015,93.00003,77.000015,95.99997,2,winter,0.0,0.0,65.000015
3,2024-02-16 08:00:00+00:00,0.0,0.0,0.0,0.0,0.0,0.0,0.0,203.99997,201.99997,195.99997,194.99997,217.99997,180.99997,226.00002,2,winter,0.0,0.0,201.99997
3,2024-02-16 09:00:00+00:00,0.0,0.0,0.0,0.0,0.0,0.0,0.0,342.0,339.0,334.0,291.0,325.0,273.0,338.0,2,winter,0.0,0.0,339.0
3,2024-02-16 10:00:00+00:00,0.0,0.0,0.0,0.0,0.0,0.0,0.0,447.0,443.0,441.0,381.0,421.0,366.0,438.00003,2,winter,0.0,0.0,445.0
3,2024-02-16 11:00:00+00:00,0.0,0.0,0.0,0.0,0.0,0.0,0.0,504.0,500.0,496.0,455.0,493.0,448.0,514.0,2,winter,0.0,0.0,503.0
3,2024-02-16 12:00:00+00:00,0.0,0.0,0.0,0.0,0.0,0.0,0.0,503.00006,501.00006,475.00006,497.00006,510.00006,394.0,381.0,2,winter,0.0,0.0,504.00003
3,2024-02-16 13:00:00+00:00,0.0,0.0,0.0,0.0,0.0,0.0,0.0,448.00003,446.00006,433.00006,455.00003,466.00006,360.00003,342.0,2,winter,0.0,0.0,450.00003
3,2024-02-16 14:00:00+00:00,0.0,0.0,0.0,0.0,0.0,0.0,0.0,344.0,342.0,337.0,362.0,370.0,285.0,269.0,2,winter,0.0,0.0,347.0
3,2024-02-16 15:00:00+00:00,0.0,0.0,0.0,0.0,0.0,0.0,0.0,205.00003,203.00003,203.00003,232.00005,235.00005,180.00003,168.00003,2,winter,0.0,0.0,208.00003
3,2024-02-16 16:00:00+00:00,0.0,0.0,0.0,0.0,0.0,0.0,0.0,63.000004,62.000004,62.000004,85.00001,86.00001,64.0,56.999992,2,winter,0.0,0.0,64.0
3,2024-02-16 17:00:00+00:00,0.0,0.0,0.0,0.0,0.0,0.0,0.0,1.0,1.0,0.0,3.0000012,3.0000012,3.0000005,1.9999998,2,winter,0.0,0.0,0.0
3,2024-02-16 18:00:00+00:00,0.0,0.0,0.0,0.0,0.0,0.0,0.0,0.0,0.0,0.0,0.0,0.0,0.0,0.0,2,winter,0.0,0.0,0.0
3,2024-02-16 19:00:00+00:00,0.0,0.0,0.0,0.0,0.0,0.0,0.0,0.0,0.0,0.0,0.0,0.0,0.0,0.0,2,winter,0.0,0.0,0.0
3,2024-02-16 20:00:00+00:00,0.0,0.0,0.0,0.0,0.0,0.0,0.0,0.0,0.0,0.0,0.0,0.0,0.0,0.0,2,winter,0.0,0.0,0.0
3,2024-02-16 21:00:00+00:00,0.0,0.0,0.0,0.0,0.0,0.0,0.0,0.0,0.0,0.0,0.0,0.0,0.0,0.0,2,winter,0.0,0.0,0.0
3,2024-02-16 22:00:00+00:00,0.0,0.0,0.0,0.0,0.0,0.0,0.0,0.0,0.0,0.0,0.0,0.0,0.0,0.0,2,winter,0.0,0.0,0.0
3,2024-02-16 23:00:00+00:00,0.0,0.0,0.0,0.0,0.0,0.0,0.0,0.0,0.0,0.0,0.0,0.0,0.0,0.0,2,winter,0.0,0.0,0.0
3,2024-02-17 00:00:00+00:00,0.0,0.0,0.0,0.0,0.0,0.0,0.0,0.0,0.0,0.0,0.0,0.0,0.0,0.0,2,winter,0.0,0.0,0.0
3,2024-02-17 01:00:00+00:00,0.0,0.0,0.0,0.0,0.0,0.0,0.0,0.0,0.0,0.0,0.0,0.0,0.0,0.0,2,winter,0.0,0.0,0.0
3,2024-02-17 02:00:00+00:00,0.0,0.0,0.0,0.0,0.0,0.0,0.0,0.0,0.0,0.0,0.0,0.0,0.0,0.0,2,winter,0.0,0.0,0.0
3,2024-02-17 03:00:00+00:00,0.0,0.0,0.0,0.0,0.0,0.0,0.0,0.0,0.0,0.0,0.0,0.0,0.0,0.0,2,winter,0.0,0.0,0.0
3,2024-02-17 04:00:00+00:00,0.0,0.0,0.0,0.0,0.0,0.0,0.0,0.0,0.0,0.0,0.0,0.0,0.0,0.0,2,winter,0.0,0.0,0.0
3,2024-02-17 05:00:00+00:00,0.0,0.0,0.0,0.0,0.0,0.0,0.0,0.0,0.0,0.0,0.0,0.0,0.0,0.0,2,winter,0.0,0.0,0.0
3,2024-02-17 06:00:00+00:00,0.0,0.0,0.0,0.0,0.0,0.0,0.0,1.0,1.0,1.0,2.0,5.999998,5.999998,0.0,2,winter,0.0,0.0,1.0
3,2024-02-17 07:00:00+00:00,0.0,0.0,0.0,0.0,0.0,0.0,0.0,70.000015,69.000015,56.000004,20.0,71.00001,73.000015,3.0000005,2,winter,0.0,0.0,69.000015
3,2024-02-17 08:00:00+00:00,0.0,0.0,0.0,0.0,0.0,0.0,0.0,208.0,207.0,147.0,45.0,164.0,169.0,7.0,2,winter,0.0,0.0,207.0
3,2024-02-17 09:00:00+00:00,0.0,0.0,0.0,0.0,0.0,0.0,0.0,346.0,343.0,276.0,70.0,243.0,251.0,11.0,2,winter,0.0,0.0,345.0
3,2024-02-17 10:00:00+00:00,0.0,0.0,0.0,0.0,0.0,0.0,0.0,451.99997,446.99997,400.0,108.0,313.0,326.0,16.0,2,winter,0.0,0.0,451.99997
3,2024-02-17 11:00:00+00:00,0.0,0.0,0.0,0.0,0.0,0.0,0.0,508.00003,502.0,489.0,154.0,363.0,383.0,21.0,2,winter,0.0,0.0,510.0
3,2024-02-17 12:00:00+00:00,0.0,0.0,0.0,0.0,0.0,0.0,0.0,511.0,507.0,476.0,175.0,491.0,503.0,481.0,2,winter,0.0,0.0,511.0
3,2024-02-17 13:00:00+00:00,0.0,0.0,0.0,0.0,0.0,0.0,0.0,454.99997,451.0,385.0,139.0,452.0,459.0,454.99994,2,winter,0.0,0.0,458.0
3,2024-02-17 14:00:00+00:00,0.0,0.0,0.0,0.0,0.0,0.0,0.0,351.0,348.0,275.0,104.0,357.0,366.0,371.99994,2,winter,0.0,0.0,352.0
3,2024-02-17 15:00:00+00:00,0.0,0.0,0.0,0.0,0.0,0.0,0.0,211.0,210.0,162.0,65.0,226.0,234.0,241.99995,2,winter,0.0,0.0,209.0
3,2024-02-17 16:00:00+00:00,0.0,0.0,0.0,0.1,0.0,0.0,0.0,66.000015,66.000015,47.000004,25.0,81.00002,86.00002,89.000015,2,winter,0.01,0.0,66.000015
3,2024-02-17 17:00:00+00:00,0.0,0.0,0.0,0.1,0.0,0.0,0.0,1.0,1.0,1.0,1.0,4.0,4.0,3.9999986,2,winter,0.01,0.0,1.0
3,2024-02-17 18:00:00+00:00,0.0,0.0,0.0,0.1,0.0,0.0,0.0,0.0,0.0,0.0,0.0,0.0,0.0,0.0,2,winter,0.01,0.0,0.0
3,2024-02-17 19:00:00+00:00,0.0,0.0,0.0,0.0,0.0,0.0,0.0,0.0,0.0,0.0,0.0,0.0,0.0,0.0,2,winter,0.0,0.0,0.0
3,2024-02-17 20:00:00+00:00,0.0,0.0,0.0,0.0,0.0,0.0,0.0,0.0,0.0,0.0,0.0,0.0,0.0,0.0,2,winter,0.0,0.0,0.0
3,2024-02-17 21:00:00+00:00,0.0,0.0,0.0,0.0,0.0,0.0,0.0,0.0,0.0,0.0,0.0,0.0,0.0,0.0,2,winter,0.0,0.0,0.0
3,2024-02-17 22:00:00+00:00,0.0,0.0,0.1,0.0,0.2,0.0,0.2,0.0,0.0,0.0,0.0,0.0,0.0,0.0,2,winter,0.07,0.0,0.0
3,2024-02-17 23:00:00+00:00,0.0,0.0,0.1,0.0,0.2,0.0,0.2,0.0,0.0,0.0,0.0,0.0,0.0,0.0,2,winter,0.07,0.0,0.0
3,2024-02-18 00:00:00+00:00,0.0,0.0,0.1,0.0,0.2,0.0,0.2,0.0,0.0,0.0,0.0,0.0,0.0,0.0,2,winter,0.07,0.0,0.0
3,2024-02-18 01:00:00+00:00,0.0,0.0,0.0,0.0,0.3,0.0,0.1,0.0,0.0,0.0,0.0,0.0,0.0,0.0,2,winter,0.06,0.0,0.0
3,2024-02-18 02:00:00+00:00,0.0,0.0,0.0,0.0,0.3,0.0,0.1,0.0,0.0,0.0,0.0,0.0,0.0,0.0,2,winter,0.06,0.0,0.0
3,2024-02-18 03:00:00+00:00,0.0,0.0,0.0,0.0,0.3,0.0,0.1,0.0,0.0,0.0,0.0,0.0,0.0,0.0,2,winter,0.06,0.0,0.0
3,2024-02-18 04:00:00+00:00,0.0,0.0,0.0,0.0,0.2,0.0,0.1,0.0,0.0,0.0,0.0,0.0,0.0,0.0,2,winter,0.04,0.0,0.0
3,2024-02-18 05:00:00+00:00,0.0,0.0,0.0,0.0,0.2,0.0,0.1,0.0,0.0,0.0,0.0,0.0,0.0,0.0,2,winter,0.04,0.0,0.0
3,2024-02-18 06:00:00+00:00,0.0,0.0,0.0,0.0,0.2,0.0,0.1,2.0,2.0,2.0,8.0,9.0,9.0,4.0000014,2,winter,0.04,0.0,2.0
3,2024-02-18 07:00:00+00:00,0.0,0.0,0.0,0.0,0.0,0.0,0.0,74.000015,74.000015,75.000015,82.000015,100.00002,95.00002,38.0,2,winter,0.0,0.0,78.000015
3,2024-02-18 08:00:00+00:00,0.0,0.0,0.0,0.0,0.0,0.0,0.0,213.99998,212.99998,220.99998,185.0,226.99998,211.99998,88.0,2,winter,0.0,0.0,224.99998
3,2024-02-18 09:00:00+00:00,0.0,0.0,0.0,0.0,0.0,0.0,0.0,332.0,301.0,363.0,275.0,328.0,314.0,125.0,2,winter,0.0,0.0,368.0
3,2024-02-18 10:00:00+00:00,0.0,0.0,0.0,0.1,0.0,0.0,0.0,399.0,340.0,460.00003,365.0,393.0,411.00003,134.0,2,winter,0.01,0.0,473.0
3,2024-02-18 11:00:00+00:00,0.0,0.0,0.0,0.1,0.0,0.0,0.0,466.00003,388.0,492.00003,442.00003,418.00003,490.00003,118.0,2,winter,0.01,0.0,521.0
3,2024-02-18 12:00:00+00:00,0.0,0.0,0.0,0.1,0.0,0.0,0.0,504.0,389.0,247.0,522.0,477.0,414.0,493.99994,2,winter,0.01,0.0,478.0
3,2024-02-18 13:00:00+00:00,0.0,0.0,0.0,0.0,0.0,0.2,0.0,428.00003,318.0,337.0,474.00006,451.00003,381.00003,433.0,2,winter,0.03,0.0,434.00003
3,2024-02-18 14:00:00+00:00,0.0,0.0,0.0,0.0,0.0,0.2,0.0,297.0,291.0,304.0,376.99997,368.99997,307.0,327.0,2,winter,0.03,0.0,350.0
3,2024-02-18 15:00:00+00:00,0.0,0.0,0.0,0.0,0.0,0.2,0.0,189.99997,200.99997,185.99997,241.99997,241.99997,200.99997,200.0,2,winter,0.03,0.0,220.99997
3,2024-02-18 16:00:00+00:00,0.0,0.0,0.0,0.0,0.0,0.2,0.0,66.0,65.0,60.0,91.0,92.0,79.0,73.0,2,winter,0.03,0.0,71.0
3,2024-02-18 17:00:00+00:00,0.0,0.0,0.0,0.0,0.0,0.2,0.0,1.0,1.0,1.0,6.0,6.0,6.0,4.000001,2,winter,0.03,0.0,1.0
3,2024-02-18 18:00:00+00:00,0.0,0.0,0.0,0.0,0.0,0.2,0.0,0.0,0.0,0.0,0.0,0.0,0.0,0.0,2,winter,0.03,0.0,0.0
3,2024-02-18 19:00:00+00:00,0.0,0.0,0.0,0.0,0.0,0.0,0.0,0.0,0.0,0.0,0.0,0.0,0.0,0.0,2,winter,0.0,0.0,0.0
3,2024-02-18 20:00:00+00:00,0.0,0.0,0.0,0.0,0.0,0.0,0.0,0.0,0.0,0.0,0.0,0.0,0.0,0.0,2,winter,0.0,0.0,0.0
3,2024-02-18 21:00:00+00:00,0.0,0.0,0.0,0.0,0.0,0.0,0.0,0.0,0.0,0.0,0.0,0.0,0.0,0.0,2,winter,0.0,0.0,0.0
3,2024-02-18 22:00:00+00:00,0.0,0.0,0.0,0.0,0.0,0.0,0.0,0.0,0.0,0.0,0.0,0.0,0.0,0.0,2,winter,0.0,0.0,0.0
3,2024-02-18 23:00:00+00:00,0.0,0.0,0.0,0.0,0.0,0.0,0.0,0.0,0.0,0.0,0.0,0.0,0.0,0.0,2,winter,0.0,0.0,0.0
3,2024-02-19 00:00:00+00:00,0.0,0.0,0.0,0.0,0.0,0.0,0.0,0.0,0.0,0.0,0.0,0.0,0.0,0.0,2,winter,0.0,0.0,0.0
3,2024-02-19 01:00:00+00:00,0.0,0.0,0.0,0.0,0.0,0.1,0.0,0.0,0.0,0.0,0.0,0.0,0.0,0.0,2,winter,0.01,0.0,0.0
3,2024-02-19 02:00:00+00:00,0.0,0.0,0.0,0.0,0.0,0.1,0.0,0.0,0.0,0.0,0.0,0.0,0.0,0.0,2,winter,0.01,0.0,0.0
3,2024-02-19 03:00:00+00:00,0.0,0.0,0.0,0.0,0.0,0.1,0.0,0.0,0.0,0.0,0.0,0.0,0.0,0.0,2,winter,0.01,0.0,0.0
3,2024-02-19 04:00:00+00:00,0.0,0.0,0.0,0.0,0.0,0.1,0.0,0.0,0.0,0.0,0.0,0.0,0.0,0.0,2,winter,0.01,0.0,0.0
3,2024-02-19 05:00:00+00:00,0.0,0.0,0.0,0.0,0.0,0.1,0.0,0.0,0.0,0.0,0.0,0.0,0.0,0.0,2,winter,0.01,0.0,0.0
3,2024-02-19 06:00:00+00:00,0.0,0.0,0.0,0.0,0.0,0.1,0.0,2.0,2.0,2.0,9.000001,7.0,4.0,1.0,2,winter,0.01,0.0,2.0
3,2024-02-19 07:00:00+00:00,0.0,0.0,0.0,0.0,0.0,0.2,0.0,55.0,48.0,45.0,84.999985,65.0,38.0,11.0,2,winter,0.03,0.0,69.0
3,2024-02-19 08:00:00+00:00,0.0,0.0,0.0,0.0,0.0,0.2,0.0,170.0,146.0,135.0,191.0,142.0,85.0,24.999998,2,winter,0.03,0.0,187.0
3,2024-02-19 09:00:00+00:00,0.0,0.0,0.0,0.0,0.0,0.2,0.0,360.0,338.0,302.0,275.0,211.0,127.0,38.0,2,winter,0.03,0.0,274.0
3,2024-02-19 10:00:00+00:00,0.0,0.0,0.0,0.0,0.0,0.0,0.1,477.0,467.99997,453.0,332.0,294.0,191.0,54.0,2,winter,0.01,0.0,435.99997
3,2024-02-19 11:00:00+00:00,0.0,0.0,0.0,0.0,0.0,0.0,0.1,521.0,518.0,495.0,356.0,374.0,265.0,71.0,2,winter,0.01,0.0,527.0
3,2024-02-19 12:00:00+00:00,0.0,0.0,0.0,0.0,0.0,0.0,0.1,514.0,484.0,446.0,456.0,324.0,294.0,321.0,2,winter,0.01,0.0,509.99997
3,2024-02-19 13:00:00+00:00,0.0,0.0,0.0,0.0,0.0,0.0,0.4,458.0,461.0,429.0,421.0,305.0,273.0,289.0,2,winter,0.06,0.0,443.0
3,2024-02-19 14:00:00+00:00,0.0,0.0,0.0,0.0,0.0,0.0,0.4,302.99997,344.99997,366.99997,333.0,260.0,224.0,227.0,2,winter,0.06,0.0,315.0
3,2024-02-19 15:00:00+00:00,0.0,0.0,0.0,0.0,0.0,0.0,0.4,132.0,180.0,223.00002,212.00002,175.0,149.0,144.0,2,winter,0.06,0.0,163.0
3,2024-02-19 16:00:00+00:00,0.0,0.0,0.0,0.0,0.0,0.0,0.4,40.0,48.000004,73.00001,80.000015,67.00001,57.0,54.000008,2,winter,0.06,0.1,49.0
3,2024-02-19 17:00:00+00:00,0.0,0.0,0.0,0.0,0.0,0.0,0.4,1.0,1.0,1.0,5.000001,5.000001,4.0,4.000001,2,winter,0.06,0.1,1.0
3,2024-02-19 18:00:00+00:00,0.0,0.0,0.0,0.0,0.0,0.0,0.4,0.0,0.0,0.0,0.0,0.0,0.0,0.0,2,winter,0.06,0.1,0.0
3,2024-02-19 19:00:00+00:00,0.2,0.0,0.0,0.0,0.0,0.0,0.0,0.0,0.0,0.0,0.0,0.0,0.0,0.0,2,winter,0.03,0.1,0.0
3,2024-02-19 20:00:00+00:00,0.2,0.0,0.0,0.0,0.0,0.0,0.0,0.0,0.0,0.0,0.0,0.0,0.0,0.0,2,winter,0.03,0.1,0.0
3,2024-02-19 21:00:00+00:00,0.2,0.0,0.0,0.0,0.0,0.0,0.0,0.0,0.0,0.0,0.0,0.0,0.0,0.0,2,winter,0.03,0.1,0.0
3,2024-02-19 22:00:00+00:00,0.5,0.1,0.0,0.0,0.0,0.0,0.0,0.0,0.0,0.0,0.0,0.0,0.0,0.0,2,winter,0.09,0.1,0.0
3,2024-02-19 23:00:00+00:00,0.5,0.1,0.0,0.0,0.0,0.0,0.0,0.0,0.0,0.0,0.0,0.0,0.0,0.0,2,winter,0.09,0.5,0.0
3,2024-02-20 00:00:00+00:00,0.5,0.1,0.0,0.0,0.0,0.0,0.0,0.0,0.0,0.0,0.0,0.0,0.0,0.0,2,winter,0.09,0.4,0.0
3,2024-02-20 01:00:00+00:00,0.0,0.0,0.0,0.0,0.0,0.0,0.2,0.0,0.0,0.0,0.0,0.0,0.0,0.0,2,winter,0.03,0.1,0.0
3,2024-02-20 02:00:00+00:00,0.0,0.0,0.0,0.0,0.0,0.0,0.2,0.0,0.0,0.0,0.0,0.0,0.0,0.0,2,winter,0.03,0.0,0.0
3,2024-02-20 03:00:00+00:00,0.0,0.0,0.0,0.0,0.0,0.0,0.2,0.0,0.0,0.0,0.0,0.0,0.0,0.0,2,winter,0.03,0.0,0.0
3,2024-02-20 04:00:00+00:00,0.0,0.0,0.0,0.0,0.0,0.0,0.2,0.0,0.0,0.0,0.0,0.0,0.0,0.0,2,winter,0.03,0.0,0.0
3,2024-02-20 05:00:00+00:00,0.0,0.0,0.0,0.0,0.0,0.0,0.2,0.0,0.0,0.0,0.0,0.0,0.0,0.0,2,winter,0.03,0.0,0.0
3,2024-02-20 06:00:00+00:00,0.0,0.0,0.0,0.0,0.0,0.0,0.2,3.0,3.9999995,3.0,3.0,1.0,3.9999995,3.0000017,2,winter,0.03,0.0,3.0
3,2024-02-20 07:00:00+00:00,0.0,0.0,0.0,0.0,0.0,0.0,0.0,63.0,84.000015,81.00001,31.000002,17.0,52.000008,46.99999,2,winter,0.0,0.0,52.0
3,2024-02-20 08:00:00+00:00,0.0,0.0,0.0,0.0,0.0,0.0,0.0,157.0,215.0,225.99998,87.0,64.0,179.99998,172.00003,2,winter,0.0,0.0,132.0
3,2024-02-20 09:00:00+00:00,0.0,0.0,0.0,0.0,0.0,0.0,0.0,264.0,258.0,371.0,143.0,122.0,330.0,325.0,2,winter,0.0,0.0,241.0
3,2024-02-20 10:00:00+00:00,0.0,0.0,0.0,0.0,0.0,0.0,0.1,363.0,313.0,481.99997,170.0,154.0,432.99997,441.00003,2,winter,0.01,0.0,331.0
3,2024-02-20 11:00:00+00:00,0.0,0.0,0.0,0.0,0.0,0.0,0.1,416.0,439.0,501.0,166.0,160.0,475.0,502.0,2,winter,0.01,0.0,359.0
3,2024-02-20 12:00:00+00:00,0.0,0.0,0.0,0.0,0.0,0.0,0.1,381.0,387.0,405.0,207.0,431.0,176.0,340.0,2,winter,0.01,0.0,347.0
3,2024-02-20 13:00:00+00:00,0.0,0.0,0.0,0.0,0.0,0.0,0.0,305.0,317.0,320.99997,176.0,357.99997,165.0,234.99998,2,winter,0.0,0.0,333.0
3,2024-02-20 14:00:00+00:00,0.0,0.0,0.0,0.0,0.0,0.0,0.0,167.0,251.0,330.0,124.0,250.0,135.0,114.99999,2,winter,0.0,0.0,245.0
3,2024-02-20 15:00:00+00:00,0.0,0.0,0.0,0.0,0.0,0.0,0.0,147.0,138.0,190.0,74.0,149.0,88.0,39.0,2,winter,0.0,0.0,182.0
3,2024-02-20 16:00:00+00:00,0.0,0.0,0.0,0.0,0.0,0.0,0.0,60.0,45.0,74.0,33.0,65.0,34.0,11.0,2,winter,0.0,0.0,66.0
3,2024-02-20 17:00:00+00:00,0.0,0.0,0.0,0.0,0.0,0.0,0.0,1.0,1.0,2.0,3.9999995,5.999999,3.0,1.0,2,winter,0.0,0.0,1.0
3,2024-02-20 18:00:00+00:00,0.0,0.0,0.0,0.0,0.0,0.0,0.0,0.0,0.0,0.0,0.0,0.0,0.0,0.0,2,winter,0.0,0.0,0.0
3,2024-02-20 19:00:00+00:00,0.3,0.1,0.0,0.2,0.0,0.0,0.0,0.0,0.0,0.0,0.0,0.0,0.0,0.0,2,winter,0.09,0.0,0.0
3,2024-02-20 20:00:00+00:00,0.3,0.1,0.0,0.2,0.0,0.0,0.0,0.0,0.0,0.0,0.0,0.0,0.0,0.0,2,winter,0.09,0.0,0.0
3,2024-02-20 21:00:00+00:00,0.3,0.1,0.0,0.2,0.0,0.0,0.0,0.0,0.0,0.0,0.0,0.0,0.0,0.0,2,winter,0.09,0.1,0.0
3,2024-02-20 22:00:00+00:00,0.1,0.0,0.0,0.0,0.0,0.0,0.0,0.0,0.0,0.0,0.0,0.0,0.0,0.0,2,winter,0.01,0.3,0.0
3,2024-02-20 23:00:00+00:00,0.1,0.0,0.0,0.0,0.0,0.0,0.0,0.0,0.0,0.0,0.0,0.0,0.0,0.0,2,winter,0.01,0.1,0.0
3,2024-02-21 00:00:00+00:00,0.1,0.0,0.0,0.0,0.0,0.0,0.0,0.0,0.0,0.0,0.0,0.0,0.0,0.0,2,winter,0.01,0.0,0.0
3,2024-02-21 01:00:00+00:00,0.0,0.0,0.0,0.0,0.0,0.0,0.0,0.0,0.0,0.0,0.0,0.0,0.0,0.0,2,winter,0.0,0.0,0.0
3,2024-02-21 02:00:00+00:00,0.0,0.0,0.0,0.0,0.0,0.0,0.0,0.0,0.0,0.0,0.0,0.0,0.0,0.0,2,winter,0.0,0.0,0.0
3,2024-02-21 03:00:00+00:00,0.0,0.0,0.0,0.0,0.0,0.0,0.0,0.0,0.0,0.0,0.0,0.0,0.0,0.0,2,winter,0.0,0.0,0.0
3,2024-02-21 04:00:00+00:00,0.0,0.0,0.0,0.0,0.0,0.0,0.0,0.0,0.0,0.0,0.0,0.0,0.0,0.0,2,winter,0.0,0.0,0.0
3,2024-02-21 05:00:00+00:00,0.0,0.0,0.0,0.0,0.0,0.0,0.0,0.0,0.0,0.0,0.0,0.0,0.0,0.0,2,winter,0.0,0.0,0.0
3,2024-02-21 06:00:00+00:00,0.0,0.0,0.0,0.0,0.0,0.0,0.0,3.0,3.0,4.0000005,3.0,3.0,1.0,0.0,2,winter,0.0,0.0,2.0
3,2024-02-21 07:00:00+00:00,0.0,0.0,0.0,0.0,0.0,0.0,0.0,79.0,78.00001,88.00001,39.0,46.0,22.0,29.000004,2,winter,0.0,0.0,46.0
3,2024-02-21 08:00:00+00:00,0.0,0.0,0.0,0.0,0.0,0.0,0.0,179.00002,231.00003,242.00003,134.0,168.00002,70.0,150.00002,2,winter,0.0,0.0,133.0
3,2024-02-21 09:00:00+00:00,0.0,0.0,0.0,0.0,0.0,0.0,0.0,353.0,378.0,388.0,251.0,320.0,124.0,310.0,2,winter,0.0,0.0,290.0
3,2024-02-21 10:00:00+00:00,0.0,0.0,0.0,0.0,0.0,0.0,0.0,450.99994,490.99994,496.99997,341.0,436.99997,156.0,422.99997,2,winter,0.0,0.0,407.99997
3,2024-02-21 11:00:00+00:00,0.0,0.0,0.0,0.0,0.0,0.0,0.0,430.0,548.0,552.0,393.0,504.0,165.0,472.0,2,winter,0.0,0.0,360.0
3,2024-02-21 12:00:00+00:00,0.0,0.0,0.0,0.0,0.0,0.0,0.0,234.0,438.0,545.0,500.99997,489.0,443.0,505.00003,2,winter,0.0,0.0,298.0
3,2024-02-21 13:00:00+00:00,0.0,0.0,0.0,0.0,0.0,0.0,0.0,353.0,396.0,486.0,457.0,445.0,404.0,469.0,2,winter,0.0,0.0,237.0
3,2024-02-21 14:00:00+00:00,0.0,0.0,0.0,0.0,0.0,0.0,0.0,243.0,296.0,360.00003,364.00003,352.0,318.0,386.99997,2,winter,0.0,0.0,235.00002
3,2024-02-21 15:00:00+00:00,0.0,0.0,0.0,0.0,0.0,0.0,0.0,148.00002,181.00002,236.00003,238.00003,229.00003,204.00003,259.0,2,winter,0.0,0.0,177.00002
3,2024-02-21 16:00:00+00:00,0.0,0.0,0.0,0.0,0.0,0.0,0.0,72.0,80.0,84.00001,97.00001,93.0,81.0,105.0,2,winter,0.0,0.0,74.0
3,2024-02-21 17:00:00+00:00,0.0,0.0,0.0,0.0,0.0,0.0,0.0,2.9999998,2.9999998,2.9999998,9.999998,9.999998,7.9999995,10.000004,2,winter,0.0,0.0,2.0
3,2024-02-21 18:00:00+00:00,0.0,0.0,0.0,0.0,0.0,0.0,0.0,0.0,0.0,0.0,0.0,0.0,0.0,0.0,2,winter,0.0,0.0,0.0
3,2024-02-21 19:00:00+00:00,0.0,0.0,0.0,0.0,0.0,0.0,0.0,0.0,0.0,0.0,0.0,0.0,0.0,0.0,2,winter,0.0,0.0,0.0
3,2024-02-21 20:00:00+00:00,0.0,0.0,0.0,0.0,0.0,0.0,0.0,0.0,0.0,0.0,0.0,0.0,0.0,0.0,2,winter,0.0,0.0,0.0
3,2024-02-21 21:00:00+00:00,0.0,0.0,0.0,0.0,0.0,0.0,0.0,0.0,0.0,0.0,0.0,0.0,0.0,0.0,2,winter,0.0,0.0,0.0
3,2024-02-21 22:00:00+00:00,0.0,0.0,0.0,0.0,0.0,0.0,0.0,0.0,0.0,0.0,0.0,0.0,0.0,0.0,2,winter,0.0,0.0,0.0
3,2024-02-21 23:00:00+00:00,0.0,0.0,0.0,0.0,0.0,0.0,0.0,0.0,0.0,0.0,0.0,0.0,0.0,0.0,2,winter,0.0,0.0,0.0
3,2024-02-22 00:00:00+00:00,0.0,0.0,0.0,0.0,0.0,0.0,0.0,0.0,0.0,0.0,0.0,0.0,0.0,0.0,2,winter,0.0,0.0,0.0
3,2024-02-22 01:00:00+00:00,0.0,0.0,0.0,0.0,0.0,0.0,0.0,0.0,0.0,0.0,0.0,0.0,0.0,0.0,2,winter,0.0,0.0,0.0
3,2024-02-22 02:00:00+00:00,0.0,0.0,0.0,0.0,0.0,0.0,0.0,0.0,0.0,0.0,0.0,0.0,0.0,0.0,2,winter,0.0,0.0,0.0
3,2024-02-22 03:00:00+00:00,0.0,0.0,0.0,0.0,0.0,0.0,0.0,0.0,0.0,0.0,0.0,0.0,0.0,0.0,2,winter,0.0,0.0,0.0
3,2024-02-22 04:00:00+00:00,0.0,0.0,0.0,0.0,0.0,0.0,0.0,0.0,0.0,0.0,0.0,0.0,0.0,0.0,2,winter,0.0,0.0,0.0
3,2024-02-22 05:00:00+00:00,0.0,0.0,0.0,0.0,0.0,0.0,0.0,0.0,0.0,0.0,0.0,0.0,0.0,0.0,2,winter,0.0,0.0,0.0
3,2024-02-22 06:00:00+00:00,0.0,0.0,0.0,0.0,0.0,0.0,0.0,4.0,4.0,4.0,3.0,3.0,3.0,3.000001,2,winter,0.0,0.0,4.0
3,2024-02-22 07:00:00+00:00,0.0,0.0,0.0,0.0,0.0,0.0,0.0,81.0,78.0,73.0,33.0,36.0,40.0,49.000015,2,winter,0.0,0.0,74.0
3,2024-02-22 08:00:00+00:00,0.0,0.0,0.0,0.0,0.0,0.0,0.0,202.0,204.0,175.0,105.0,123.0,142.0,188.99998,2,winter,0.0,0.0,187.0
3,2024-02-22 09:00:00+00:00,0.0,0.0,0.0,0.0,0.0,0.0,0.0,346.99997,355.99997,319.99997,193.0,220.0,267.0,364.0,2,winter,0.0,0.0,282.0
3,2024-02-22 10:00:00+00:00,0.0,0.0,0.0,0.0,0.0,0.0,0.1,412.0,364.0,425.0,270.0,261.0,358.0,490.0,2,winter,0.01,0.0,390.0
3,2024-02-22 11:00:00+00:00,0.0,0.0,0.0,0.0,0.0,0.0,0.1,442.0,435.0,448.0,322.0,247.0,402.0,552.0,2,winter,0.01,0.0,465.0
3,2024-02-22 12:00:00+00:00,0.0,0.0,0.0,0.0,0.0,0.0,0.1,389.0,438.0,435.0,467.0,543.0,394.0,555.0,2,winter,0.01,0.0,412.0
3,2024-02-22 13:00:00+00:00,0.0,0.0,0.0,0.0,0.0,0.0,0.1,324.0,305.0,433.99997,443.99997,501.99994,360.0,509.99997,2,winter,0.01,0.0,359.0
3,2024-02-22 14:00:00+00:00,0.0,0.0,0.0,0.0,0.0,0.0,0.1,309.0,220.0,325.0,369.99997,406.99997,289.0,413.0,2,winter,0.01,0.0,233.0
3,2024-02-22 15:00:00+00:00,0.0,0.0,0.0,0.0,0.0,0.0,0.1,199.00002,141.0,158.0,248.00003,270.00006,189.00002,273.0,2,winter,0.01,0.0,103.0
3,2024-02-22 16:00:00+00:00,0.0,0.0,0.0,0.0,0.0,0.0,0.1,60.0,59.999996,47.0,100.999985,110.99997,76.99999,111.99996,2,winter,0.01,0.0,39.0
3,2024-02-22 17:00:00+00:00,0.0,0.0,0.0,0.0,0.0,0.0,0.1,2.0,2.0,2.0,11.000004,12.000006,8.000002,12.000007,2,winter,0.01,0.0,2.0
3,2024-02-22 18:00:00+00:00,0.0,0.0,0.0,0.0,0.0,0.0,0.1,0.0,0.0,0.0,0.0,0.0,0.0,0.0,2,winter,0.01,0.0,0.0
3,2024-02-22 19:00:00+00:00,0.0,0.0,0.0,0.0,0.0,0.0,0.0,0.0,0.0,0.0,0.0,0.0,0.0,0.0,2,winter,0.0,0.0,0.0
3,2024-02-22 20:00:00+00:00,0.0,0.0,0.0,0.0,0.0,0.0,0.0,0.0,0.0,0.0,0.0,0.0,0.0,0.0,2,winter,0.0,0.0,0.0
3,2024-02-22 21:00:00+00:00,0.0,0.0,0.0,0.0,0.0,0.0,0.0,0.0,0.0,0.0,0.0,0.0,0.0,0.0,2,winter,0.0,0.0,0.0
3,2024-02-22 22:00:00+00:00,0.0,0.0,0.0,0.0,0.0,0.0,0.0,0.0,0.0,0.0,0.0,0.0,0.0,0.0,2,winter,0.0,0.0,0.0
3,2024-02-22 23:00:00+00:00,0.0,0.0,0.0,0.0,0.0,0.0,0.0,0.0,0.0,0.0,0.0,0.0,0.0,0.0,2,winter,0.0,0.0,0.0
3,2024-02-23 00:00:00+00:00,0.0,0.0,0.0,0.0,0.0,0.0,0.0,0.0,0.0,0.0,0.0,0.0,0.0,0.0,2,winter,0.0,0.0,0.0
3,2024-02-23 01:00:00+00:00,0.0,0.0,0.0,0.0,0.0,0.0,0.0,0.0,0.0,0.0,0.0,0.0,0.0,0.0,2,winter,0.0,0.0,0.0
3,2024-02-23 02:00:00+00:00,0.0,0.0,0.0,0.0,0.0,0.0,0.0,0.0,0.0,0.0,0.0,0.0,0.0,0.0,2,winter,0.0,0.0,0.0
3,2024-02-23 03:00:00+00:00,0.0,0.0,0.0,0.0,0.0,0.0,0.0,0.0,0.0,0.0,0.0,0.0,0.0,0.0,2,winter,0.0,0.1,0.0
3,2024-02-23 04:00:00+00:00,0.0,0.0,0.0,0.0,0.0,0.0,0.0,0.0,0.0,0.0,0.0,0.0,0.0,0.0,2,winter,0.0,0.4,0.0
3,2024-02-23 05:00:00+00:00,0.0,0.0,0.0,0.0,0.0,0.0,0.0,0.0,0.0,0.0,0.0,0.0,0.0,0.0,2,winter,0.0,0.0,0.0
3,2024-02-23 06:00:00+00:00,0.0,0.0,0.0,0.0,0.0,0.0,0.0,3.0,3.0,3.0,3.0,3.0,6.0,3.0000021,2,winter,0.0,0.0,2.0
3,2024-02-23 07:00:00+00:00,0.0,0.0,0.0,0.0,0.0,0.0,0.0,42.0,49.0,52.0,28.0,27.0,48.0,28.999996,2,winter,0.0,0.0,43.0
3,2024-02-23 08:00:00+00:00,0.0,0.0,0.0,0.0,0.0,0.0,0.0,103.0,111.0,112.0,85.0,81.0,127.0,89.00001,2,winter,0.0,0.0,124.0
3,2024-02-23 09:00:00+00:00,0.0,0.0,0.0,0.0,0.0,0.0,0.0,173.0,167.0,197.0,157.0,149.0,207.0,157.0,2,winter,0.0,0.0,224.0
3,2024-02-23 10:00:00+00:00,0.0,0.0,0.0,0.4,0.0,0.0,0.0,262.0,236.0,234.0,235.0,228.0,251.0,198.0,2,winter,0.06,0.0,256.0
3,2024-02-23 11:00:00+00:00,0.0,0.0,0.0,0.4,0.0,0.0,0.0,315.0,312.0,273.0,304.0,299.0,255.0,210.0,2,winter,0.06,0.0,250.0
3,2024-02-23 12:00:00+00:00,0.0,0.0,0.0,0.4,0.0,0.0,0.0,270.0,213.0,343.0,214.0,401.0,397.0,399.0,2,winter,0.06,0.0,268.0
3,2024-02-23 13:00:00+00:00,0.1,0.0,0.0,0.2,0.3,0.0,0.0,194.0,201.0,293.0,222.0,370.0,355.0,327.0,2,winter,0.09,0.1,203.0
3,2024-02-23 14:00:00+00:00,0.1,0.0,0.0,0.2,0.3,0.0,0.0,156.0,175.0,230.0,204.0,297.0,271.0,217.0,2,winter,0.09,0.1,200.0
3,2024-02-23 15:00:00+00:00,0.1,0.0,0.0,0.2,0.3,0.0,0.0,84.0,113.0,144.99998,146.0,192.99998,171.99998,117.00001,2,winter,0.09,0.3,115.0
3,2024-02-23 16:00:00+00:00,0.0,0.0,0.0,0.0,0.1,0.0,0.0,33.0,46.0,51.0,62.0,76.0,72.0,42.000008,2,winter,0.01,0.2,45.0
3,2024-02-23 17:00:00+00:00,0.0,0.0,0.0,0.0,0.1,0.0,0.0,2.0,2.0,2.0,6.9999995,7.999999,8.999999,3.9999995,2,winter,0.01,0.0,2.0
3,2024-02-23 18:00:00+00:00,0.0,0.0,0.0,0.0,0.1,0.0,0.0,0.0,0.0,0.0,0.0,0.0,0.0,0.0,2,winter,0.01,0.0,0.0
3,2024-02-23 19:00:00+00:00,0.0,0.0,0.0,0.0,0.0,0.0,0.0,0.0,0.0,0.0,0.0,0.0,0.0,0.0,2,winter,0.0,0.0,0.0
3,2024-02-23 20:00:00+00:00,0.0,0.0,0.0,0.0,0.0,0.0,0.0,0.0,0.0,0.0,0.0,0.0,0.0,0.0,2,winter,0.0,0.0,0.0
3,2024-02-23 21:00:00+00:00,0.0,0.0,0.0,0.0,0.0,0.0,0.0,0.0,0.0,0.0,0.0,0.0,0.0,0.0,2,winter,0.0,0.0,0.0
3,2024-02-23 22:00:00+00:00,0.0,0.0,0.0,0.0,0.0,0.9,0.0,0.0,0.0,0.0,0.0,0.0,0.0,0.0,2,winter,0.13,0.0,0.0
3,2024-02-23 23:00:00+00:00,0.0,0.0,0.0,0.0,0.0,0.9,0.0,0.0,0.0,0.0,0.0,0.0,0.0,0.0,2,winter,0.13,0.0,0.0
3,2024-02-24 00:00:00+00:00,0.0,0.0,0.0,0.0,0.0,0.9,0.0,0.0,0.0,0.0,0.0,0.0,0.0,0.0,2,winter,0.13,0.0,0.0
3,2024-02-24 01:00:00+00:00,0.0,0.0,0.0,0.0,0.0,1.0,0.0,0.0,0.0,0.0,0.0,0.0,0.0,0.0,2,winter,0.14,0.0,0.0
3,2024-02-24 02:00:00+00:00,0.0,0.0,0.0,0.0,0.0,1.0,0.0,0.0,0.0,0.0,0.0,0.0,0.0,0.0,2,winter,0.14,0.0,0.0
3,2024-02-24 03:00:00+00:00,0.0,0.0,0.0,0.0,0.0,1.0,0.0,0.0,0.0,0.0,0.0,0.0,0.0,0.0,2,winter,0.14,0.0,0.0
3,2024-02-24 04:00:00+00:00,0.4,0.2,0.1,0.0,0.0,1.0,0.0,0.0,0.0,0.0,0.0,0.0,0.0,0.0,2,winter,0.24,0.0,0.0
3,2024-02-24 05:00:00+00:00,0.4,0.2,0.1,0.0,0.0,1.0,0.0,0.0,0.0,0.0,0.0,0.0,0.0,0.0,2,winter,0.24,0.2,0.0
3,2024-02-24 06:00:00+00:00,0.4,0.2,0.1,0.0,0.0,1.0,0.0,2.0,2.0,3.0,3.0,3.0,3.0,3.0,2,winter,0.24,0.0,2.0
3,2024-02-24 07:00:00+00:00,0.1,0.4,0.2,0.0,0.0,0.7,0.0,27.0,44.0,33.0,25.0,22.0,29.0,12.0,2,winter,0.2,0.1,29.0
3,2024-02-24 08:00:00+00:00,0.1,0.4,0.2,0.0,0.0,0.7,0.0,61.0,65.0,83.0,73.0,57.0,90.0,13.0,2,winter,0.2,0.4,64.0
3,2024-02-24 09:00:00+00:00,0.1,0.4,0.2,0.0,0.0,0.7,0.0,101.0,107.0,143.0,127.0,95.0,164.0,25.0,2,winter,0.2,0.4,81.0
3,2024-02-24 10:00:00+00:00,0.1,0.0,0.0,0.1,0.9,0.2,0.0,118.0,151.0,196.0,167.0,118.0,223.0,104.0,2,winter,0.19,0.7,89.0
3,2024-02-24 11:00:00+00:00,0.1,0.0,0.0,0.1,0.9,0.2,0.0,102.0,152.0,249.0,186.0,128.0,257.0,227.0,2,winter,0.19,1.1,89.0
3,2024-02-24 12:00:00+00:00,0.1,0.0,0.0,0.1,0.9,0.2,0.0,78.0,342.0,291.0,202.0,172.0,164.0,121.0,2,winter,0.19,1.6,67.0
3,2024-02-24 13:00:00+00:00,0.9,0.0,0.1,0.2,0.1,0.0,0.0,89.0,375.0,167.0,157.0,250.0,131.0,118.0,2,winter,0.19,1.5,79.0
3,2024-02-24 14:00:00+00:00,0.9,0.0,0.1,0.2,0.1,0.0,0.0,99.0,283.0,104.0,95.0,299.0,85.0,106.0,2,winter,0.19,0.4,100.0
3,2024-02-24 15:00:00+00:00,0.9,0.0,0.1,0.2,0.1,0.0,0.0,66.0,205.0,47.0,49.0,247.99998,48.0,82.0,2,winter,0.19,0.1,95.0
3,2024-02-24 16:00:00+00:00,0.7,0.0,0.0,0.0,0.0,0.0,0.0,26.0,80.0,17.0,22.0,113.00001,20.0,43.999992,2,winter,0.1,0.0,46.0
3,2024-02-24 17:00:00+00:00,0.7,0.0,0.0,0.0,0.0,0.0,0.0,1.0,3.0,1.0,4.0,14.999995,3.0,7.999996,2,winter,0.1,0.1,2.0
3,2024-02-24 18:00:00+00:00,0.7,0.0,0.0,0.0,0.0,0.0,0.0,0.0,0.0,0.0,0.0,0.0,0.0,0.0,2,winter,0.1,0.1,0.0
3,2024-02-24 19:00:00+00:00,0.0,0.0,0.3,0.0,0.0,0.0,0.0,0.0,0.0,0.0,0.0,0.0,0.0,0.0,2,winter,0.04,0.0,0.0
3,2024-02-24 20:00:00+00:00,0.0,0.0,0.3,0.0,0.0,0.0,0.0,0.0,0.0,0.0,0.0,0.0,0.0,0.0,2,winter,0.04,0.0,0.0
3,2024-02-24 21:00:00+00:00,0.0,0.0,0.3,0.0,0.0,0.0,0.0,0.0,0.0,0.0,0.0,0.0,0.0,0.0,2,winter,0.04,0.0,0.0
3,2024-02-24 22:00:00+00:00,0.2,0.0,0.0,0.0,0.0,0.0,0.0,0.0,0.0,0.0,0.0,0.0,0.0,0.0,2,winter,0.03,0.0,0.0
3,2024-02-24 23:00:00+00:00,0.2,0.0,0.0,0.0,0.0,0.0,0.0,0.0,0.0,0.0,0.0,0.0,0.0,0.0,2,winter,0.03,0.0,0.0
3,2024-02-25 00:00:00+00:00,0.2,0.0,0.0,0.0,0.0,0.0,0.0,0.0,0.0,0.0,0.0,0.0,0.0,0.0,2,winter,0.03,0.0,0.0
3,2024-02-25 01:00:00+00:00,0.0,0.0,0.0,0.0,0.0,0.5,0.0,0.0,0.0,0.0,0.0,0.0,0.0,0.0,2,winter,0.07,0.0,0.0
3,2024-02-25 02:00:00+00:00,0.0,0.0,0.0,0.0,0.0,0.5,0.0,0.0,0.0,0.0,0.0,0.0,0.0,0.0,2,winter,0.07,0.0,0.0
3,2024-02-25 03:00:00+00:00,0.0,0.0,0.0,0.0,0.0,0.5,0.0,0.0,0.0,0.0,0.0,0.0,0.0,0.0,2,winter,0.07,0.0,0.0
3,2024-02-25 04:00:00+00:00,0.0,0.0,0.0,0.0,0.0,0.5,0.0,0.0,0.0,0.0,0.0,0.0,0.0,0.0,2,winter,0.07,0.0,0.0
3,2024-02-25 05:00:00+00:00,0.0,0.0,0.0,0.0,0.0,0.5,0.0,0.0,0.0,0.0,0.0,0.0,0.0,0.0,2,winter,0.07,0.0,0.0
3,2024-02-25 06:00:00+00:00,0.0,0.0,0.0,0.0,0.0,0.5,0.0,7.0,7.0000005,7.0,6.0,6.0,9.000001,6.0000005,2,winter,0.07,0.0,5.0
3,2024-02-25 07:00:00+00:00,0.0,0.2,0.0,0.0,0.0,0.0,0.1,76.0,89.0,83.0,54.0,46.0,76.0,62.000004,2,winter,0.04,0.0,61.0
3,2024-02-25 08:00:00+00:00,0.0,0.2,0.0,0.0,0.0,0.0,0.1,162.0,174.0,224.99997,169.99998,126.0,224.99997,204.99998,2,winter,0.04,0.0,116.0
3,2024-02-25 09:00:00+00:00,0.0,0.2,0.0,0.0,0.0,0.0,0.1,196.0,157.0,405.0,302.0,233.0,394.0,364.0,2,winter,0.04,0.0,222.0
3,2024-02-25 10:00:00+00:00,0.0,0.0,0.1,0.0,0.0,0.4,0.0,171.0,189.0,508.0,395.0,362.0,508.0,437.99997,2,winter,0.07,0.2,179.0
3,2024-02-25 11:00:00+00:00,0.0,0.0,0.1,0.0,0.0,0.4,0.0,236.0,282.0,475.0,436.0,487.0,555.0,426.0,2,winter,0.07,0.1,151.0
3,2024-02-25 12:00:00+00:00,0.0,0.0,0.1,0.0,0.0,0.4,0.0,219.0,316.0,285.0,289.0,586.0,557.0,513.0,2,winter,0.07,0.0,219.0
3,2024-02-25 13:00:00+00:00,0.0,0.0,0.0,0.0,0.4,0.2,0.0,247.0,228.0,268.0,242.0,534.99994,499.99997,447.0,2,winter,0.09,0.0,158.0
3,2024-02-25 14:00:00+00:00,0.0,0.0,0.0,0.0,0.4,0.2,0.0,209.0,199.0,214.0,173.0,428.99997,393.0,340.00003,2,winter,0.09,0.0,158.0
3,2024-02-25 15:00:00+00:00,0.0,0.0,0.0,0.0,0.4,0.2,0.0,135.0,128.0,140.0,103.0,283.99997,259.0,210.00002,2,winter,0.09,0.3,82.0
3,2024-02-25 16:00:00+00:00,0.0,0.5,0.0,0.0,0.0,0.2,0.0,49.0,51.0,58.999996,40.0,119.999985,112.999985,80.0,2,winter,0.1,0.0,37.0
3,2024-02-25 17:00:00+00:00,0.0,0.5,0.0,0.0,0.0,0.2,0.0,3.0,3.0,3.0,5.0,16.000002,16.000002,8.999996,2,winter,0.1,0.0,2.0
3,2024-02-25 18:00:00+00:00,0.0,0.5,0.0,0.0,0.0,0.2,0.0,0.0,0.0,0.0,0.0,0.0,0.0,0.0,2,winter,0.1,0.0,0.0
3,2024-02-25 19:00:00+00:00,0.1,0.1,0.0,0.0,0.0,0.5,0.0,0.0,0.0,0.0,0.0,0.0,0.0,0.0,2,winter,0.1,0.1,0.0
3,2024-02-25 20:00:00+00:00,0.1,0.1,0.0,0.0,0.0,0.5,0.0,0.0,0.0,0.0,0.0,0.0,0.0,0.0,2,winter,0.1,0.0,0.0
3,2024-02-25 21:00:00+00:00,0.1,0.1,0.0,0.0,0.0,0.5,0.0,0.0,0.0,0.0,0.0,0.0,0.0,0.0,2,winter,0.1,0.0,0.0
3,2024-02-25 22:00:00+00:00,0.0,0.0,0.0,0.0,0.0,0.6,0.5,0.0,0.0,0.0,0.0,0.0,0.0,0.0,2,winter,0.16,0.0,0.0
3,2024-02-25 23:00:00+00:00,0.0,0.0,0.0,0.0,0.0,0.6,0.5,0.0,0.0,0.0,0.0,0.0,0.0,0.0,2,winter,0.16,0.0,0.0
3,2024-02-26 00:00:00+00:00,0.0,0.0,0.0,0.0,0.0,0.6,0.5,0.0,0.0,0.0,0.0,0.0,0.0,0.0,2,winter,0.16,0.1,0.0
3,2024-02-26 01:00:00+00:00,0.0,0.0,0.0,0.0,0.0,0.1,1.4,0.0,0.0,0.0,0.0,0.0,0.0,0.0,2,winter,0.21,0.1,0.0
3,2024-02-26 02:00:00+00:00,0.0,0.0,0.0,0.0,0.0,0.1,1.4,0.0,0.0,0.0,0.0,0.0,0.0,0.0,2,winter,0.21,0.0,0.0
3,2024-02-26 03:00:00+00:00,0.0,0.0,0.0,0.0,0.0,0.1,1.4,0.0,0.0,0.0,0.0,0.0,0.0,0.0,2,winter,0.21,0.0,0.0
3,2024-02-26 04:00:00+00:00,0.0,0.0,0.0,0.0,0.0,0.1,1.4,0.0,0.0,0.0,0.0,0.0,0.0,0.0,2,winter,0.21,0.0,0.0
3,2024-02-26 05:00:00+00:00,0.0,0.0,0.0,0.0,0.0,0.1,1.4,0.0,0.0,0.0,0.0,0.0,0.0,0.0,2,winter,0.21,0.0,0.0
3,2024-02-26 06:00:00+00:00,0.0,0.0,0.0,0.0,0.0,0.1,1.4,6.0,5.0,7.0,6.0,9.000002,9.0,3.0,2,winter,0.21,0.0,3.0
3,2024-02-26 07:00:00+00:00,0.0,0.0,0.0,0.0,0.0,0.0,0.3,66.0,83.00001,86.0,54.0,58.0,65.0,14.0,2,winter,0.04,0.0,40.0
3,2024-02-26 08:00:00+00:00,0.0,0.0,0.0,0.0,0.0,0.0,0.3,169.0,227.99998,191.0,170.0,145.0,178.0,22.0,2,winter,0.04,0.0,102.0
3,2024-02-26 09:00:00+00:00,0.0,0.0,0.0,0.0,0.0,0.0,0.3,304.0,395.0,316.0,299.0,238.0,292.0,26.0,2,winter,0.04,0.0,192.0
3,2024-02-26 10:00:00+00:00,0.0,0.0,0.0,0.0,0.0,0.0,0.2,464.0,496.0,452.0,375.0,313.0,337.0,26.0,2,winter,0.03,0.0,282.0
3,2024-02-26 11:00:00+00:00,0.0,0.0,0.0,0.0,0.0,0.0,0.2,525.0,536.0,547.0,389.0,358.0,316.0,25.0,2,winter,0.03,0.0,395.0
3,2024-02-26 12:00:00+00:00,0.0,0.0,0.0,0.0,0.0,0.0,0.2,545.0,562.0,557.0,479.0,216.0,536.0,444.0,2,winter,0.03,0.0,456.0
3,2024-02-26 13:00:00+00:00,0.0,0.0,0.0,0.0,0.0,0.0,0.2,499.00003,508.00003,500.00006,438.00003,175.0,451.00003,357.0,2,winter,0.03,0.0,395.00003
3,2024-02-26 14:00:00+00:00,0.0,0.0,0.0,0.0,0.0,0.0,0.2,379.0,373.0,387.0,353.0,138.0,320.0,232.0,2,winter,0.03,0.0,363.0
3,2024-02-26 15:00:00+00:00,0.0,0.0,0.0,0.0,0.0,0.0,0.2,230.00003,239.00003,211.00003,235.00002,92.0,193.00002,122.999985,2,winter,0.03,0.0,214.00003
3,2024-02-26 16:00:00+00:00,0.0,0.0,0.0,0.0,0.0,0.0,0.2,92.999985,97.99999,89.99999,101.99999,40.0,81.0,44.0,2,winter,0.03,0.0,75.99999
3,2024-02-26 17:00:00+00:00,0.0,0.0,0.0,0.0,0.0,0.0,0.2,5.000001,6.0000014,6.0000014,14.000004,6.0,12.000001,5.0,2,winter,0.03,0.0,5.000001
3,2024-02-26 18:00:00+00:00,0.0,0.0,0.0,0.0,0.0,0.0,0.2,0.0,0.0,0.0,0.0,0.0,0.0,0.0,2,winter,0.03,0.0,0.0
3,2024-02-26 19:00:00+00:00,0.0,0.0,0.0,0.0,0.0,0.0,0.0,0.0,0.0,0.0,0.0,0.0,0.0,0.0,2,winter,0.0,0.0,0.0
3,2024-02-26 20:00:00+00:00,0.0,0.0,0.0,0.0,0.0,0.0,0.0,0.0,0.0,0.0,0.0,0.0,0.0,0.0,2,winter,0.0,0.0,0.0
3,2024-02-26 21:00:00+00:00,0.0,0.0,0.0,0.0,0.0,0.0,0.0,0.0,0.0,0.0,0.0,0.0,0.0,0.0,2,winter,0.0,0.0,0.0
3,2024-02-26 22:00:00+00:00,0.0,0.0,0.0,0.0,0.0,0.0,2.0,0.0,0.0,0.0,0.0,0.0,0.0,0.0,2,winter,0.29,0.0,0.0
3,2024-02-26 23:00:00+00:00,0.0,0.0,0.0,0.0,0.0,0.0,2.0,0.0,0.0,0.0,0.0,0.0,0.0,0.0,2,winter,0.29,0.0,0.0
3,2024-02-27 00:00:00+00:00,0.0,0.0,0.0,0.0,0.0,0.0,2.0,0.0,0.0,0.0,0.0,0.0,0.0,0.0,2,winter,0.29,0.0,0.0
3,2024-02-27 01:00:00+00:00,0.0,0.0,0.0,0.0,0.0,0.0,1.0,0.0,0.0,0.0,0.0,0.0,0.0,0.0,2,winter,0.14,0.0,0.0
3,2024-02-27 02:00:00+00:00,0.0,0.0,0.0,0.0,0.0,0.0,1.0,0.0,0.0,0.0,0.0,0.0,0.0,0.0,2,winter,0.14,0.0,0.0
3,2024-02-27 03:00:00+00:00,0.0,0.0,0.0,0.0,0.0,0.0,1.0,0.0,0.0,0.0,0.0,0.0,0.0,0.0,2,winter,0.14,0.0,0.0
3,2024-02-27 04:00:00+00:00,0.0,0.0,0.0,0.0,0.0,0.0,1.0,0.0,0.0,0.0,0.0,0.0,0.0,0.0,2,winter,0.14,0.0,0.0
3,2024-02-27 05:00:00+00:00,0.0,0.0,0.0,0.0,0.0,0.0,1.0,0.0,0.0,0.0,0.0,0.0,0.0,0.0,2,winter,0.14,0.0,0.0
3,2024-02-27 06:00:00+00:00,0.0,0.0,0.0,0.0,0.0,0.0,1.0,8.0,7.0,8.0,3.0,6.0,11.999998,0.0,2,winter,0.14,0.0,6.0
3,2024-02-27 07:00:00+00:00,0.0,0.0,0.0,0.0,0.0,0.0,0.5,83.0,60.0,74.0,24.0,37.0,70.99999,24.0,2,winter,0.07,0.0,64.0
3,2024-02-27 08:00:00+00:00,0.0,0.0,0.0,0.0,0.0,0.0,0.5,195.0,127.0,168.0,73.0,88.0,169.0,111.0,2,winter,0.07,0.0,156.0
3,2024-02-27 09:00:00+00:00,0.0,0.0,0.0,0.0,0.0,0.0,0.5,229.0,211.0,311.0,129.0,144.0,276.0,210.0,2,winter,0.07,0.0,244.0
3,2024-02-27 10:00:00+00:00,0.0,0.0,0.0,0.0,0.0,0.0,0.0,307.0,298.0,476.0,172.0,187.0,371.0,235.0,2,winter,0.0,0.0,346.0
3,2024-02-27 11:00:00+00:00,0.0,0.0,0.0,0.0,0.0,0.0,0.0,263.0,288.0,535.0,194.0,215.0,440.0,194.0,2,winter,0.0,0.0,375.0
3,2024-02-27 12:00:00+00:00,0.0,0.0,0.0,0.0,0.0,0.0,0.0,298.0,309.0,403.0,301.0,197.0,117.0,534.0,2,winter,0.0,0.0,371.0
3,2024-02-27 13:00:00+00:00,0.0,0.0,0.0,0.0,0.0,0.0,0.0,218.0,302.0,232.0,258.0,171.0,82.0,471.0,2,winter,0.0,0.0,260.0
3,2024-02-27 14:00:00+00:00,0.0,0.0,0.0,0.0,0.0,0.0,0.0,173.0,221.0,122.0,186.0,139.0,53.0,362.0,2,winter,0.0,0.0,170.0
3,2024-02-27 15:00:00+00:00,0.0,0.0,0.0,0.0,0.0,0.0,0.0,132.0,96.0,55.0,116.0,95.0,31.0,236.99998,2,winter,0.0,0.0,144.0
3,2024-02-27 16:00:00+00:00,0.0,0.1,0.1,0.0,0.0,0.0,0.0,50.0,31.0,26.0,55.0,43.0,15.0,108.0,2,winter,0.03,0.0,52.0
3,2024-02-27 17:00:00+00:00,0.0,0.1,0.1,0.0,0.0,0.0,0.0,3.0,2.0,3.0000005,10.0,7.0,3.0,18.000008,2,winter,0.03,0.0,3.0
3,2024-02-27 18:00:00+00:00,0.0,0.1,0.1,0.0,0.0,0.0,0.0,0.0,0.0,0.0,0.0,0.0,0.0,0.0,2,winter,0.03,0.0,0.0
3,2024-02-27 19:00:00+00:00,0.0,0.0,0.0,0.0,0.0,0.0,0.0,0.0,0.0,0.0,0.0,0.0,0.0,0.0,2,winter,0.0,0.0,0.0
3,2024-02-27 20:00:00+00:00,0.0,0.0,0.0,0.0,0.0,0.0,0.0,0.0,0.0,0.0,0.0,0.0,0.0,0.0,2,winter,0.0,0.0,0.0
3,2024-02-27 21:00:00+00:00,0.0,0.0,0.0,0.0,0.0,0.0,0.0,0.0,0.0,0.0,0.0,0.0,0.0,0.0,2,winter,0.0,0.0,0.0
3,2024-02-27 22:00:00+00:00,0.0,0.0,0.0,0.0,0.0,0.0,0.0,0.0,0.0,0.0,0.0,0.0,0.0,0.0,2,winter,0.0,0.0,0.0
3,2024-02-27 23:00:00+00:00,0.0,0.0,0.0,0.0,0.0,0.0,0.0,0.0,0.0,0.0,0.0,0.0,0.0,0.0,2,winter,0.0,0.0,0.0
3,2024-02-28 00:00:00+00:00,0.0,0.0,0.0,0.0,0.0,0.0,0.0,0.0,0.0,0.0,0.0,0.0,0.0,0.0,2,winter,0.0,0.0,0.0
3,2024-02-28 01:00:00+00:00,0.0,0.0,0.0,0.0,0.0,0.0,0.0,0.0,0.0,0.0,0.0,0.0,0.0,0.0,2,winter,0.0,0.0,0.0
3,2024-02-28 02:00:00+00:00,0.0,0.0,0.0,0.0,0.0,0.0,0.0,0.0,0.0,0.0,0.0,0.0,0.0,0.0,2,winter,0.0,0.0,0.0
3,2024-02-28 03:00:00+00:00,0.0,0.0,0.0,0.0,0.0,0.0,0.0,0.0,0.0,0.0,0.0,0.0,0.0,0.0,2,winter,0.0,0.0,0.0
3,2024-02-28 04:00:00+00:00,0.0,0.0,0.0,0.0,0.0,0.0,0.0,0.0,0.0,0.0,0.0,0.0,0.0,0.0,2,winter,0.0,0.0,0.0
3,2024-02-28 05:00:00+00:00,0.0,0.0,0.0,0.0,0.0,0.0,0.0,0.0,0.0,0.0,0.0,0.0,0.0,0.0,2,winter,0.0,0.0,0.0
3,2024-02-28 06:00:00+00:00,0.0,0.0,0.0,0.0,0.0,0.0,0.0,10.0,9.0,9.0,9.0,3.0,6.0,9.000005,2,winter,0.0,0.0,10.999999
3,2024-02-28 07:00:00+00:00,0.0,0.0,0.0,0.0,0.0,0.0,0.0,95.00001,111.000015,102.00001,58.0,26.0,38.0,60.000008,2,winter,0.0,0.0,107.000015
3,2024-02-28 08:00:00+00:00,0.0,0.0,0.0,0.0,0.0,0.0,0.0,209.99998,267.99997,257.99997,153.0,82.0,100.0,161.0,2,winter,0.0,0.0,217.99998
3,2024-02-28 09:00:00+00:00,0.0,0.0,0.0,0.0,0.0,0.0,0.0,381.99997,396.99997,345.0,267.0,146.0,181.0,276.0,2,winter,0.0,0.0,269.0
3,2024-02-28 10:00:00+00:00,0.0,0.0,0.0,0.0,0.0,0.0,0.0,452.0,479.0,393.0,376.0,191.0,275.0,367.0,2,winter,0.0,0.0,333.0
3,2024-02-28 11:00:00+00:00,0.0,0.0,0.0,0.0,0.0,0.0,0.0,390.0,476.0,411.0,461.0,211.0,365.0,422.0,2,winter,0.0,0.0,384.0
3,2024-02-28 12:00:00+00:00,0.0,0.0,0.0,0.0,0.0,0.0,0.0,371.0,434.0,537.0,508.0,485.0,166.0,333.0,2,winter,0.0,0.0,399.0
3,2024-02-28 13:00:00+00:00,0.0,0.0,0.0,0.0,0.0,0.0,0.0,356.0,442.0,442.0,447.0,425.0,197.0,366.0,2,winter,0.0,0.0,351.0
3,2024-02-28 14:00:00+00:00,0.0,0.0,0.0,0.0,0.0,0.0,0.0,327.0,310.0,242.0,339.0,324.0,213.0,356.0,2,winter,0.0,0.0,305.0
3,2024-02-28 15:00:00+00:00,0.0,0.0,0.0,0.0,0.0,0.0,0.0,221.0,167.0,189.0,215.0,205.0,171.0,271.0,2,winter,0.0,0.0,225.0
3,2024-02-28 16:00:00+00:00,0.0,0.0,0.0,0.0,0.0,0.0,0.0,75.0,74.0,72.0,92.0,87.0,81.0,127.99999,2,winter,0.0,0.0,93.00001
3,2024-02-28 17:00:00+00:00,0.0,0.0,0.0,0.0,0.0,0.0,0.0,5.0,6.0,5.0,14.0,13.0,13.0,20.999989,2,winter,0.0,0.0,7.0
3,2024-02-28 18:00:00+00:00,0.0,0.0,0.0,0.0,0.0,0.0,0.0,0.0,0.0,0.0,0.0,0.0,0.0,0.0,2,winter,0.0,0.0,0.0
3,2024-02-28 19:00:00+00:00,0.0,0.0,0.0,0.0,0.0,0.0,0.0,0.0,0.0,0.0,0.0,0.0,0.0,0.0,2,winter,0.0,0.0,0.0
3,2024-02-28 20:00:00+00:00,0.0,0.0,0.0,0.0,0.0,0.0,0.0,0.0,0.0,0.0,0.0,0.0,0.0,0.0,2,winter,0.0,0.0,0.0
3,2024-02-28 21:00:00+00:00,0.0,0.0,0.0,0.0,0.0,0.0,0.0,0.0,0.0,0.0,0.0,0.0,0.0,0.0,2,winter,0.0,0.0,0.0
3,2024-02-28 22:00:00+00:00,0.0,0.0,0.0,0.0,0.0,0.2,0.0,0.0,0.0,0.0,0.0,0.0,0.0,0.0,2,winter,0.03,0.0,0.0
3,2024-02-28 23:00:00+00:00,0.0,0.0,0.0,0.0,0.0,0.2,0.0,0.0,0.0,0.0,0.0,0.0,0.0,0.0,2,winter,0.03,0.0,0.0
3,2024-02-29 00:00:00+00:00,0.0,0.0,0.0,0.0,0.0,0.2,0.0,0.0,0.0,0.0,0.0,0.0,0.0,0.0,2,winter,0.03,0.0,0.0
3,2024-02-29 01:00:00+00:00,0.0,0.0,0.0,0.0,0.0,0.1,0.0,0.0,0.0,0.0,0.0,0.0,0.0,0.0,2,winter,0.01,0.0,0.0
3,2024-02-29 02:00:00+00:00,0.0,0.0,0.0,0.0,0.0,0.1,0.0,0.0,0.0,0.0,0.0,0.0,0.0,0.0,2,winter,0.01,0.0,0.0
3,2024-02-29 03:00:00+00:00,0.0,0.0,0.0,0.0,0.0,0.1,0.0,0.0,0.0,0.0,0.0,0.0,0.0,0.0,2,winter,0.01,0.0,0.0
3,2024-02-29 04:00:00+00:00,0.0,0.0,0.0,0.0,0.0,0.1,0.0,0.0,0.0,0.0,0.0,0.0,0.0,0.0,2,winter,0.01,0.0,0.0
3,2024-02-29 05:00:00+00:00,0.0,0.0,0.0,0.0,0.0,0.1,0.0,0.0,0.0,0.0,0.0,0.0,0.0,0.0,2,winter,0.01,0.0,0.0
3,2024-02-29 06:00:00+00:00,0.0,0.0,0.0,0.0,0.0,0.1,0.0,9.0,11.0,8.0,6.0,9.0,9.0,0.0,2,winter,0.01,0.0,9.0
3,2024-02-29 07:00:00+00:00,0.0,0.0,0.0,0.0,0.0,0.0,0.0,65.0,80.0,69.0,40.0,52.0,50.0,2.0,2,winter,0.0,0.0,79.0
3,2024-02-29 08:00:00+00:00,0.0,0.0,0.0,0.0,0.0,0.0,0.0,165.0,179.0,120.0,106.0,128.0,118.0,10.0,2,winter,0.0,0.2,128.0
3,2024-02-29 09:00:00+00:00,0.0,0.0,0.0,0.0,0.0,0.0,0.0,141.0,188.0,213.0,186.0,219.0,182.0,20.0,2,winter,0.0,0.0,208.0
3,2024-02-29 10:00:00+00:00,0.0,0.0,0.0,0.0,0.1,0.0,0.0,243.0,260.0,299.0,261.0,312.0,204.0,29.0,2,winter,0.01,0.0,261.0
3,2024-02-29 11:00:00+00:00,0.0,0.0,0.0,0.0,0.1,0.0,0.0,469.0,383.0,309.0,317.0,392.0,188.0,34.0,2,winter,0.01,0.0,227.0
3,2024-02-29 12:00:00+00:00,0.0,0.0,0.0,0.0,0.1,0.0,0.0,510.0,449.0,245.0,375.0,418.0,355.0,449.0,2,winter,0.01,0.0,263.0
3,2024-02-29 13:00:00+00:00,0.0,0.0,0.0,0.0,0.1,0.0,0.0,467.0,444.0,332.0,345.0,365.0,285.0,364.0,2,winter,0.01,0.0,280.0
3,2024-02-29 14:00:00+00:00,0.0,0.0,0.0,0.0,0.1,0.0,0.0,386.99997,270.0,333.0,266.0,259.0,187.0,235.0,2,winter,0.01,0.0,237.0
3,2024-02-29 15:00:00+00:00,0.0,0.0,0.0,0.0,0.1,0.0,0.0,211.0,162.0,237.99998,168.0,154.0,102.0,124.00001,2,winter,0.01,0.0,171.0
3,2024-02-29 16:00:00+00:00,0.0,0.0,0.0,0.0,0.1,0.0,0.0,64.0,92.0,92.0,70.0,63.0,41.0,45.999996,2,winter,0.01,0.0,100.0
3,2024-02-29 17:00:00+00:00,0.0,0.0,0.0,0.0,0.1,0.0,0.0,6.999999,7.999999,6.999999,9.999999,9.0,6.0,6.0,2,winter,0.01,0.0,6.999999
3,2024-02-29 18:00:00+00:00,0.0,0.0,0.0,0.0,0.1,0.0,0.0,0.0,0.0,0.0,0.0,0.0,0.0,0.0,2,winter,0.01,0.0,0.0
3,2024-02-29 19:00:00+00:00,0.0,0.0,0.0,0.0,0.1,0.0,0.0,0.0,0.0,0.0,0.0,0.0,0.0,0.0,2,winter,0.01,0.0,0.0
3,2024-02-29 20:00:00+00:00,0.0,0.0,0.0,0.0,0.1,0.0,0.0,0.0,0.0,0.0,0.0,0.0,0.0,0.0,2,winter,0.01,0.0,0.0
3,2024-02-29 21:00:00+00:00,0.0,0.0,0.0,0.0,0.1,0.0,0.0,0.0,0.0,0.0,0.0,0.0,0.0,0.0,2,winter,0.01,0.0,0.0
3,2024-02-29 22:00:00+00:00,0.0,0.0,0.0,0.0,0.1,0.0,0.1,0.0,0.0,0.0,0.0,0.0,0.0,0.0,2,winter,0.03,0.0,0.0
3,2024-02-29 23:00:00+00:00,0.0,0.0,0.0,0.0,0.1,0.0,0.1,0.0,0.0,0.0,0.0,0.0,0.0,0.0,2,winter,0.03,0.0,0.0
3,2024-03-01 00:00:00+00:00,0.0,0.0,0.0,0.0,0.1,0.0,0.1,0.0,0.0,0.0,0.0,0.0,0.0,0.0,3,winter,0.03,0.0,0.0
3,2024-03-01 01:00:00+00:00,0.0,0.0,0.0,0.0,0.0,0.0,0.0,0.0,0.0,0.0,0.0,0.0,0.0,0.0,3,winter,0.0,0.1,0.0
3,2024-03-01 02:00:00+00:00,0.0,0.0,0.0,0.0,0.0,0.0,0.0,0.0,0.0,0.0,0.0,0.0,0.0,0.0,3,winter,0.0,0.1,0.0
3,2024-03-01 03:00:00+00:00,0.0,0.0,0.0,0.0,0.0,0.0,0.0,0.0,0.0,0.0,0.0,0.0,0.0,0.0,3,winter,0.0,0.1,0.0
3,2024-03-01 04:00:00+00:00,0.1,0.0,0.0,0.1,0.0,0.0,0.0,0.0,0.0,0.0,0.0,0.0,0.0,0.0,3,winter,0.03,0.0,0.0
3,2024-03-01 05:00:00+00:00,0.1,0.0,0.0,0.1,0.0,0.0,0.0,0.0,0.0,0.0,0.0,0.0,0.0,0.0,3,winter,0.03,0.0,0.0
3,2024-03-01 06:00:00+00:00,0.1,0.0,0.0,0.1,0.0,0.0,0.0,4.0,6.0,7.0,9.0,12.0,6.0,6.000002,3,winter,0.03,0.0,6.0
3,2024-03-01 07:00:00+00:00,0.0,0.0,0.0,0.0,0.0,0.0,0.0,38.0,56.0,69.0,47.0,71.0,35.0,21.999998,3,winter,0.0,0.0,80.0
3,2024-03-01 08:00:00+00:00,0.0,0.0,0.0,0.0,0.0,0.0,0.0,80.0,116.0,191.0,105.0,177.0,89.0,32.0,3,winter,0.0,0.0,217.0
3,2024-03-01 09:00:00+00:00,0.0,0.0,0.0,0.0,0.0,0.0,0.0,153.0,107.0,303.0,168.0,291.0,159.0,34.0,3,winter,0.0,0.0,278.0
3,2024-03-01 10:00:00+00:00,0.0,0.0,0.0,0.0,0.1,0.0,0.0,202.0,282.0,341.0,224.0,367.0,248.0,33.0,3,winter,0.01,0.0,190.0
3,2024-03-01 11:00:00+00:00,0.0,0.0,0.0,0.0,0.1,0.0,0.0,298.0,478.0,230.0,265.0,399.0,340.0,33.0,3,winter,0.01,0.0,167.0
3,2024-03-01 12:00:00+00:00,0.0,0.0,0.0,0.0,0.1,0.0,0.0,275.0,292.0,298.0,292.0,121.0,452.0,497.0,3,winter,0.01,0.0,176.0
3,2024-03-01 13:00:00+00:00,0.0,0.0,0.0,0.0,0.0,0.1,0.0,258.0,253.0,297.0,254.0,123.0,395.99997,410.0,3,winter,0.01,0.0,259.0
3,2024-03-01 14:00:00+00:00,0.0,0.0,0.0,0.0,0.0,0.1,0.0,249.0,163.0,281.0,182.0,114.0,302.0,283.0,3,winter,0.01,0.0,228.0
3,2024-03-01 15:00:00+00:00,0.0,0.0,0.0,0.0,0.0,0.1,0.0,208.0,185.0,212.0,111.0,86.0,196.0,164.0,3,winter,0.01,0.0,133.0
3,2024-03-01 16:00:00+00:00,0.0,0.1,0.0,0.0,0.0,0.1,0.0,83.0,63.000004,80.00001,50.0,43.000004,90.000015,67.99999,3,winter,0.03,0.0,71.0
3,2024-03-01 17:00:00+00:00,0.0,0.1,0.0,0.0,0.0,0.1,0.0,7.0,5.0,2.0,9.0,8.0,16.0,11.000002,3,winter,0.03,0.0,7.0
3,2024-03-01 18:00:00+00:00,0.0,0.1,0.0,0.0,0.0,0.1,0.0,0.0,0.0,0.0,0.0,0.0,0.0,0.0,3,winter,0.03,0.0,0.0
3,2024-03-01 19:00:00+00:00,0.0,0.3,0.0,0.0,0.0,0.0,0.0,0.0,0.0,0.0,0.0,0.0,0.0,0.0,3,winter,0.04,0.0,0.0
3,2024-03-01 20:00:00+00:00,0.0,0.3,0.0,0.0,0.0,0.0,0.0,0.0,0.0,0.0,0.0,0.0,0.0,0.0,3,winter,0.04,0.0,0.0
3,2024-03-01 21:00:00+00:00,0.0,0.3,0.0,0.0,0.0,0.0,0.0,0.0,0.0,0.0,0.0,0.0,0.0,0.0,3,winter,0.04,0.0,0.0
3,2024-03-01 22:00:00+00:00,0.0,0.0,0.0,0.0,0.0,0.0,0.0,0.0,0.0,0.0,0.0,0.0,0.0,0.0,3,winter,0.0,0.0,0.0
3,2024-03-01 23:00:00+00:00,0.0,0.0,0.0,0.0,0.0,0.0,0.0,0.0,0.0,0.0,0.0,0.0,0.0,0.0,3,winter,0.0,0.0,0.0
3,2024-03-02 00:00:00+00:00,0.0,0.0,0.0,0.0,0.0,0.0,0.0,0.0,0.0,0.0,0.0,0.0,0.0,0.0,3,winter,0.0,0.0,0.0
3,2024-03-02 01:00:00+00:00,0.0,0.0,0.0,0.0,0.0,0.0,0.1,0.0,0.0,0.0,0.0,0.0,0.0,0.0,3,winter,0.01,0.0,0.0
3,2024-03-02 02:00:00+00:00,0.0,0.0,0.0,0.0,0.0,0.0,0.1,0.0,0.0,0.0,0.0,0.0,0.0,0.0,3,winter,0.01,0.0,0.0
3,2024-03-02 03:00:00+00:00,0.0,0.0,0.0,0.0,0.0,0.0,0.1,0.0,0.0,0.0,0.0,0.0,0.0,0.0,3,winter,0.01,0.0,0.0
3,2024-03-02 04:00:00+00:00,0.0,0.0,0.0,0.0,0.0,0.0,0.1,0.0,0.0,0.0,0.0,0.0,0.0,0.0,3,winter,0.01,0.0,0.0
3,2024-03-02 05:00:00+00:00,0.0,0.0,0.0,0.0,0.0,0.0,0.1,0.0,0.0,0.0,0.0,0.0,0.0,0.0,3,winter,0.01,0.0,0.0
3,2024-03-02 06:00:00+00:00,0.0,0.0,0.0,0.0,0.0,0.0,0.1,14.0,8.0,9.0,9.0,14.999998,9.0,11.999999,3,winter,0.01,0.0,10.0
3,2024-03-02 07:00:00+00:00,0.0,0.0,0.0,0.0,0.0,0.0,0.2,111.00001,76.0,80.0,62.000004,92.000015,37.0,79.0,3,winter,0.03,0.0,76.0
3,2024-03-02 08:00:00+00:00,0.0,0.0,0.0,0.0,0.0,0.0,0.2,214.0,207.00002,204.0,177.00002,242.00003,66.0,215.99998,3,winter,0.03,0.0,177.0
3,2024-03-02 09:00:00+00:00,0.0,0.0,0.0,0.0,0.0,0.0,0.2,338.0,406.99997,349.0,315.99997,408.99997,87.0,375.0,3,winter,0.03,0.0,291.0
3,2024-03-02 10:00:00+00:00,0.0,0.0,0.0,0.0,0.0,0.0,0.0,437.0,547.0,515.0,440.0,522.0,101.0,492.0,3,winter,0.0,0.0,450.0
3,2024-03-02 11:00:00+00:00,0.0,0.0,0.0,0.0,0.0,0.0,0.0,507.0,576.0,594.0,531.0,574.0,105.0,556.0,3,winter,0.0,0.0,505.0
3,2024-03-02 12:00:00+00:00,0.0,0.0,0.0,0.0,0.0,0.0,0.0,558.0,567.0,598.0,562.0,505.00003,293.0,469.0,3,winter,0.0,0.0,518.0
3,2024-03-02 13:00:00+00:00,0.0,0.0,0.0,0.3,0.0,0.0,0.0,456.0,524.0,517.0,521.0,464.0,310.0,483.0,3,winter,0.04,0.0,477.0
3,2024-03-02 14:00:00+00:00,0.0,0.0,0.0,0.3,0.0,0.0,0.0,420.00003,424.00003,337.00003,416.00003,385.00003,298.0,428.0,3,winter,0.04,0.0,413.00006
3,2024-03-02 15:00:00+00:00,0.0,0.0,0.0,0.3,0.0,0.0,0.0,285.0,284.0,268.99997,278.0,268.0,232.0,306.0,3,winter,0.04,0.0,285.99997
3,2024-03-02 16:00:00+00:00,0.0,0.0,0.0,0.2,0.0,0.0,0.0,122.99998,122.99998,122.99998,127.99998,125.99998,117.999985,143.0,3,winter,0.03,0.0,118.999985
3,2024-03-02 17:00:00+00:00,0.0,0.0,0.0,0.2,0.0,0.0,0.0,10.000001,10.000001,10.000001,22.000004,23.000004,23.000004,23.999998,3,winter,0.03,0.0,10.000001
3,2024-03-02 18:00:00+00:00,0.0,0.0,0.0,0.2,0.0,0.0,0.0,0.0,0.0,0.0,0.0,0.0,0.0,0.0,3,winter,0.03,0.0,0.0
3,2024-03-02 19:00:00+00:00,0.0,0.0,0.0,0.1,0.0,0.0,0.0,0.0,0.0,0.0,0.0,0.0,0.0,0.0,3,winter,0.01,0.0,0.0
3,2024-03-02 20:00:00+00:00,0.0,0.0,0.0,0.1,0.0,0.0,0.0,0.0,0.0,0.0,0.0,0.0,0.0,0.0,3,winter,0.01,0.0,0.0
3,2024-03-02 21:00:00+00:00,0.0,0.0,0.0,0.1,0.0,0.0,0.0,0.0,0.0,0.0,0.0,0.0,0.0,0.0,3,winter,0.01,0.0,0.0
3,2024-03-02 22:00:00+00:00,0.0,0.0,0.0,0.0,0.0,0.0,0.0,0.0,0.0,0.0,0.0,0.0,0.0,0.0,3,winter,0.0,0.0,0.0
3,2024-03-02 23:00:00+00:00,0.0,0.0,0.0,0.0,0.0,0.0,0.0,0.0,0.0,0.0,0.0,0.0,0.0,0.0,3,winter,0.0,0.0,0.0
3,2024-03-03 00:00:00+00:00,0.0,0.0,0.0,0.0,0.0,0.0,0.0,0.0,0.0,0.0,0.0,0.0,0.0,0.0,3,winter,0.0,0.0,0.0
3,2024-03-03 01:00:00+00:00,0.0,0.0,0.0,0.0,0.0,0.0,0.0,0.0,0.0,0.0,0.0,0.0,0.0,0.0,3,winter,0.0,0.0,0.0
3,2024-03-03 02:00:00+00:00,0.0,0.0,0.0,0.0,0.0,0.0,0.0,0.0,0.0,0.0,0.0,0.0,0.0,0.0,3,winter,0.0,0.0,0.0
3,2024-03-03 03:00:00+00:00,0.0,0.0,0.0,0.0,0.0,0.0,0.0,0.0,0.0,0.0,0.0,0.0,0.0,0.0,3,winter,0.0,0.0,0.0
3,2024-03-03 04:00:00+00:00,0.0,0.0,0.0,0.0,0.0,0.0,0.0,0.0,0.0,0.0,0.0,0.0,0.0,0.0,3,winter,0.0,0.0,0.0
3,2024-03-03 05:00:00+00:00,0.0,0.0,0.0,0.0,0.0,0.0,0.0,0.0,0.0,0.0,0.0,0.0,0.0,0.0,3,winter,0.0,0.0,0.0
3,2024-03-03 06:00:00+00:00,0.0,0.0,0.0,0.0,0.0,0.0,0.0,12.0,11.0,18.0,18.0,15.0,15.0,11.999996,3,winter,0.0,0.0,14.0
3,2024-03-03 07:00:00+00:00,0.0,0.0,0.0,0.0,0.0,0.0,0.0,95.99999,77.0,139.99997,100.999985,91.999985,91.999985,67.0,3,winter,0.0,0.0,88.99999
3,2024-03-03 08:00:00+00:00,0.0,0.0,0.0,0.0,0.0,0.0,0.0,210.0,196.0,284.0,253.0,239.0,241.0,168.0,3,winter,0.0,0.0,215.0
3,2024-03-03 09:00:00+00:00,0.0,0.0,0.0,0.0,0.0,0.0,0.0,399.0,393.0,421.0,419.0,404.0,409.0,290.0,3,winter,0.0,0.0,356.0
3,2024-03-03 10:00:00+00:00,0.0,0.0,0.0,0.0,0.0,0.0,0.0,477.0,515.0,555.0,537.0,525.0,534.0,408.0,3,winter,0.0,0.0,466.0
3,2024-03-03 11:00:00+00:00,0.0,0.0,0.0,0.0,0.0,0.0,0.0,557.0,595.0,604.0,596.0,586.0,601.0,506.0,3,winter,0.0,0.0,534.0
3,2024-03-03 12:00:00+00:00,0.0,0.0,0.0,0.0,0.0,0.0,0.0,506.0,520.0,614.0,610.0,568.0,598.0,531.0,3,winter,0.0,0.0,553.0
3,2024-03-03 13:00:00+00:00,0.0,0.0,0.0,0.0,0.0,0.0,0.0,451.0,445.0,554.0,559.0,522.0,538.0,477.0,3,winter,0.0,0.0,467.0
3,2024-03-03 14:00:00+00:00,0.0,0.0,0.0,0.0,0.0,0.0,0.0,399.0,414.0,440.0,453.0,425.0,423.0,369.00003,3,winter,0.0,0.0,396.0
3,2024-03-03 15:00:00+00:00,0.0,0.0,0.0,0.0,0.0,0.0,0.0,289.0,289.99997,290.99997,309.99997,287.99997,278.99997,240.99998,3,winter,0.0,0.0,259.0
3,2024-03-03 16:00:00+00:00,0.0,0.0,0.0,0.0,0.0,0.0,0.0,128.0,127.00001,126.00001,147.0,132.0,127.00001,111.0,3,winter,0.0,0.0,112.0
3,2024-03-03 17:00:00+00:00,0.0,0.0,0.0,0.0,0.0,0.0,0.0,11.000003,12.000003,12.000003,28.000013,23.000008,23.000008,19.999998,3,winter,0.0,0.0,12.000003
3,2024-03-03 18:00:00+00:00,0.0,0.0,0.0,0.0,0.0,0.0,0.0,0.0,0.0,0.0,0.0,0.0,0.0,0.0,3,winter,0.0,0.0,0.0
3,2024-03-03 19:00:00+00:00,0.0,0.0,0.0,0.0,0.0,0.0,0.0,0.0,0.0,0.0,0.0,0.0,0.0,0.0,3,winter,0.0,0.0,0.0
3,2024-03-03 20:00:00+00:00,0.0,0.0,0.0,0.0,0.0,0.0,0.0,0.0,0.0,0.0,0.0,0.0,0.0,0.0,3,winter,0.0,0.0,0.0
3,2024-03-03 21:00:00+00:00,0.0,0.0,0.0,0.0,0.0,0.0,0.0,0.0,0.0,0.0,0.0,0.0,0.0,0.0,3,winter,0.0,0.0,0.0
3,2024-03-03 22:00:00+00:00,0.0,0.0,0.0,0.0,0.0,0.0,0.0,0.0,0.0,0.0,0.0,0.0,0.0,0.0,3,winter,0.0,0.0,0.0
3,2024-03-03 23:00:00+00:00,0.0,0.0,0.0,0.0,0.0,0.0,0.0,0.0,0.0,0.0,0.0,0.0,0.0,0.0,3,winter,0.0,0.0,0.0
3,2024-03-04 00:00:00+00:00,0.0,0.0,0.0,0.0,0.0,0.0,0.0,0.0,0.0,0.0,0.0,0.0,0.0,0.0,3,winter,0.0,0.0,0.0
3,2024-03-04 01:00:00+00:00,0.0,0.0,0.0,0.0,0.0,0.0,0.0,0.0,0.0,0.0,0.0,0.0,0.0,0.0,3,winter,0.0,0.0,0.0
3,2024-03-04 02:00:00+00:00,0.0,0.0,0.0,0.0,0.0,0.0,0.0,0.0,0.0,0.0,0.0,0.0,0.0,0.0,3,winter,0.0,0.0,0.0
3,2024-03-04 03:00:00+00:00,0.0,0.0,0.0,0.0,0.0,0.0,0.0,0.0,0.0,0.0,0.0,0.0,0.0,0.0,3,winter,0.0,0.0,0.0
3,2024-03-04 04:00:00+00:00,0.0,0.0,0.0,0.0,0.0,0.0,0.0,0.0,0.0,0.0,0.0,0.0,0.0,0.0,3,winter,0.0,0.0,0.0
3,2024-03-04 05:00:00+00:00,0.0,0.0,0.0,0.0,0.0,0.0,0.0,0.0,0.0,0.0,0.0,0.0,0.0,0.0,3,winter,0.0,0.0,0.0
3,2024-03-04 06:00:00+00:00,0.0,0.0,0.0,0.0,0.0,0.0,0.0,16.0,18.0,18.0,15.000001,18.0,9.0,9.000001,3,winter,0.0,0.0,18.0
3,2024-03-04 07:00:00+00:00,0.0,0.0,0.0,0.0,0.0,0.0,0.0,102.0,113.0,122.00001,89.00001,93.0,40.0,31.000006,3,winter,0.0,0.0,107.0
3,2024-03-04 08:00:00+00:00,0.0,0.0,0.0,0.0,0.0,0.0,0.0,230.0,228.0,230.0,227.0,221.0,80.0,43.0,3,winter,0.0,0.0,204.0
3,2024-03-04 09:00:00+00:00,0.0,0.0,0.0,0.0,0.0,0.0,0.0,325.0,282.0,344.0,369.0,362.0,121.0,44.999996,3,winter,0.0,0.0,279.0
3,2024-03-04 10:00:00+00:00,0.0,0.0,0.0,0.0,0.0,0.0,0.0,393.0,411.0,470.0,438.0,479.0,156.0,40.0,3,winter,0.0,0.0,361.0
3,2024-03-04 11:00:00+00:00,0.0,0.0,0.0,0.0,0.0,0.0,0.0,489.0,537.0,579.0,431.0,556.0,180.0,34.0,3,winter,0.0,0.0,462.0
3,2024-03-04 12:00:00+00:00,0.0,0.0,0.0,0.0,0.0,0.0,0.0,554.0,505.0,505.0,483.0,396.0,545.0,414.0,3,winter,0.0,0.0,522.0
3,2024-03-04 13:00:00+00:00,0.0,0.0,0.0,0.0,0.0,0.0,0.0,522.0,513.0,501.0,453.0,358.0,489.0,345.0,3,winter,0.0,0.0,509.00003
3,2024-03-04 14:00:00+00:00,0.0,0.0,0.0,0.0,0.0,0.0,0.0,417.0,403.0,441.0,380.0,288.0,364.0,247.0,3,winter,0.0,0.0,434.00003
3,2024-03-04 15:00:00+00:00,0.0,0.0,0.0,0.0,0.0,0.0,0.0,277.0,215.0,279.0,266.0,195.0,228.0,150.0,3,winter,0.0,0.0,293.0
3,2024-03-04 16:00:00+00:00,0.0,0.0,0.0,0.0,0.0,0.0,0.0,115.999985,83.0,82.0,128.99998,92.0,103.99999,66.0,3,winter,0.0,0.0,131.99997
3,2024-03-04 17:00:00+00:00,0.0,0.0,0.0,0.0,0.0,0.0,0.0,11.999999,9.999999,7.0,24.999992,17.999998,18.999998,11.999998,3,winter,0.0,0.0,12.999997
3,2024-03-04 18:00:00+00:00,0.0,0.0,0.0,0.0,0.0,0.0,0.0,0.0,0.0,0.0,0.0,0.0,0.0,0.0,3,winter,0.0,0.0,0.0
3,2024-03-04 19:00:00+00:00,0.0,0.0,0.0,0.0,0.0,0.0,0.0,0.0,0.0,0.0,0.0,0.0,0.0,0.0,3,winter,0.0,0.0,0.0
3,2024-03-04 20:00:00+00:00,0.0,0.0,0.0,0.0,0.0,0.0,0.0,0.0,0.0,0.0,0.0,0.0,0.0,0.0,3,winter,0.0,0.0,0.0
3,2024-03-04 21:00:00+00:00,0.0,0.0,0.0,0.0,0.0,0.0,0.0,0.0,0.0,0.0,0.0,0.0,0.0,0.0,3,winter,0.0,0.0,0.0
3,2024-03-04 22:00:00+00:00,0.0,0.0,0.0,0.0,0.0,0.0,0.0,0.0,0.0,0.0,0.0,0.0,0.0,0.0,3,winter,0.0,0.0,0.0
3,2024-03-04 23:00:00+00:00,0.0,0.0,0.0,0.0,0.0,0.0,0.0,0.0,0.0,0.0,0.0,0.0,0.0,0.0,3,winter,0.0,0.0,0.0
3,2024-03-05 00:00:00+00:00,0.0,0.0,0.0,0.0,0.0,0.0,0.0,0.0,0.0,0.0,0.0,0.0,0.0,0.0,3,winter,0.0,0.0,0.0
3,2024-03-05 01:00:00+00:00,0.0,0.0,0.0,0.0,0.0,0.0,0.0,0.0,0.0,0.0,0.0,0.0,0.0,0.0,3,winter,0.0,0.0,0.0
3,2024-03-05 02:00:00+00:00,0.0,0.0,0.0,0.0,0.0,0.0,0.0,0.0,0.0,0.0,0.0,0.0,0.0,0.0,3,winter,0.0,0.0,0.0
3,2024-03-05 03:00:00+00:00,0.0,0.0,0.0,0.0,0.0,0.0,0.0,0.0,0.0,0.0,0.0,0.0,0.0,0.0,3,winter,0.0,0.0,0.0
3,2024-03-05 04:00:00+00:00,0.0,0.0,0.0,0.0,0.0,0.0,0.0,0.0,0.0,0.0,0.0,0.0,0.0,0.0,3,winter,0.0,0.0,0.0
3,2024-03-05 05:00:00+00:00,0.0,0.0,0.0,0.0,0.0,0.0,0.0,0.0,0.0,0.0,0.0,0.0,0.0,0.0,3,winter,0.0,0.0,0.0
3,2024-03-05 06:00:00+00:00,0.0,0.0,0.0,0.0,0.0,0.0,0.0,19.0,19.0,17.0,18.0,15.0,15.0,14.999999,3,winter,0.0,0.0,21.0
3,2024-03-05 07:00:00+00:00,0.0,0.0,0.0,0.6,0.0,0.0,0.0,131.00002,130.00002,89.0,80.0,64.0,83.0,76.99999,3,winter,0.09,0.0,140.00002
3,2024-03-05 08:00:00+00:00,0.0,0.0,0.0,0.6,0.0,0.0,0.0,268.0,278.0,138.0,166.0,127.0,205.0,184.0,3,winter,0.09,0.0,317.0
3,2024-03-05 09:00:00+00:00,0.0,0.0,0.0,0.6,0.0,0.0,0.0,390.0,416.00003,251.0,246.0,196.0,338.0,299.99997,3,winter,0.09,0.0,445.0
3,2024-03-05 10:00:00+00:00,0.0,0.0,0.0,0.0,0.0,0.0,0.0,475.0,509.0,335.0,282.0,289.0,436.0,385.99997,3,winter,0.0,0.0,550.0
3,2024-03-05 11:00:00+00:00,0.0,0.0,0.0,0.0,0.0,0.0,0.0,499.0,565.0,321.0,281.0,385.0,486.0,433.0,3,winter,0.0,0.0,597.0
3,2024-03-05 12:00:00+00:00,0.0,0.0,0.0,0.0,0.0,0.0,0.0,568.0,559.0,393.0,353.0,285.0,540.0,476.0,3,winter,0.0,0.0,564.0
3,2024-03-05 13:00:00+00:00,0.0,0.0,0.0,0.1,0.1,0.1,0.2,473.0,430.0,403.0,356.0,283.0,456.0,443.0,3,winter,0.07,0.0,471.0
3,2024-03-05 14:00:00+00:00,0.0,0.0,0.0,0.1,0.1,0.1,0.2,272.0,366.0,302.0,334.0,256.0,326.0,363.0,3,winter,0.07,0.0,342.0
3,2024-03-05 15:00:00+00:00,0.0,0.0,0.0,0.1,0.1,0.1,0.2,148.0,274.0,230.0,258.0,190.0,201.0,250.0,3,winter,0.07,0.0,194.0
3,2024-03-05 16:00:00+00:00,0.0,0.0,0.4,0.4,0.6,0.1,0.2,76.0,130.99998,104.0,134.99998,94.0,94.99999,119.0,3,winter,0.24,0.0,71.0
3,2024-03-05 17:00:00+00:00,0.0,0.0,0.4,0.4,0.6,0.1,0.2,9.0,13.000002,12.000001,29.00001,19.000002,20.000002,23.0,3,winter,0.24,0.0,11.0
3,2024-03-05 18:00:00+00:00,0.0,0.0,0.4,0.4,0.6,0.1,0.2,0.0,0.0,0.0,0.0,0.0,0.0,0.0,3,winter,0.24,0.0,0.0
3,2024-03-05 19:00:00+00:00,0.0,0.1,0.0,0.0,0.0,0.5,0.1,0.0,0.0,0.0,0.0,0.0,0.0,0.0,3,winter,0.1,0.0,0.0
3,2024-03-05 20:00:00+00:00,0.0,0.1,0.0,0.0,0.0,0.5,0.1,0.0,0.0,0.0,0.0,0.0,0.0,0.0,3,winter,0.1,0.0,0.0
3,2024-03-05 21:00:00+00:00,0.0,0.1,0.0,0.0,0.0,0.5,0.1,0.0,0.0,0.0,0.0,0.0,0.0,0.0,3,winter,0.1,0.0,0.0
3,2024-03-05 22:00:00+00:00,0.1,0.3,0.1,0.0,0.0,0.0,0.5,0.0,0.0,0.0,0.0,0.0,0.0,0.0,3,winter,0.14,0.0,0.0
3,2024-03-05 23:00:00+00:00,0.1,0.3,0.1,0.0,0.0,0.0,0.5,0.0,0.0,0.0,0.0,0.0,0.0,0.0,3,winter,0.14,0.0,0.0
3,2024-03-06 00:00:00+00:00,0.1,0.3,0.1,0.0,0.0,0.0,0.5,0.0,0.0,0.0,0.0,0.0,0.0,0.0,3,winter,0.14,0.0,0.0
3,2024-03-06 01:00:00+00:00,0.0,0.0,0.0,0.0,0.0,0.1,0.0,0.0,0.0,0.0,0.0,0.0,0.0,0.0,3,winter,0.01,0.0,0.0
3,2024-03-06 02:00:00+00:00,0.0,0.0,0.0,0.0,0.0,0.1,0.0,0.0,0.0,0.0,0.0,0.0,0.0,0.0,3,winter,0.01,0.0,0.0
3,2024-03-06 03:00:00+00:00,0.0,0.0,0.0,0.0,0.0,0.1,0.0,0.0,0.0,0.0,0.0,0.0,0.0,0.0,3,winter,0.01,0.0,0.0
3,2024-03-06 04:00:00+00:00,0.0,0.0,0.0,0.0,0.0,0.1,0.0,0.0,0.0,0.0,0.0,0.0,0.0,0.0,3,winter,0.01,0.0,0.0
3,2024-03-06 05:00:00+00:00,0.0,0.0,0.0,0.0,0.0,0.1,0.0,0.0,0.0,0.0,0.0,0.0,0.0,0.0,3,winter,0.01,0.0,0.0
3,2024-03-06 06:00:00+00:00,0.0,0.0,0.0,0.0,0.0,0.1,0.0,22.000002,15.000001,16.0,18.000002,24.000004,24.000004,18.0,3,winter,0.01,0.0,18.0
3,2024-03-06 07:00:00+00:00,0.0,0.0,0.5,0.0,0.0,0.0,0.1,140.0,72.0,87.0,98.0,112.99999,107.0,100.999985,3,winter,0.09,0.0,124.99999
3,2024-03-06 08:00:00+00:00,0.0,0.0,0.5,0.0,0.0,0.0,0.1,301.0,168.0,238.0,245.99998,247.99998,224.0,258.0,3,winter,0.09,0.0,295.0
3,2024-03-06 09:00:00+00:00,0.0,0.0,0.5,0.0,0.0,0.0,0.1,455.0,375.0,418.0,404.0,391.0,347.0,433.00006,3,winter,0.09,0.0,440.00003
3,2024-03-06 10:00:00+00:00,0.0,0.0,0.0,0.0,0.0,0.0,0.1,565.0,525.0,546.0,502.0,505.0,452.0,559.0,3,winter,0.01,0.0,535.0
3,2024-03-06 11:00:00+00:00,0.0,0.0,0.0,0.0,0.0,0.0,0.1,597.0,603.0,579.0,536.0,573.0,524.0,626.0,3,winter,0.01,0.0,581.0
3,2024-03-06 12:00:00+00:00,0.0,0.0,0.0,0.0,0.0,0.0,0.1,515.0,512.0,541.0,365.0,596.0,324.0,337.0,3,winter,0.01,0.0,589.0
3,2024-03-06 13:00:00+00:00,0.0,0.1,0.1,0.1,0.0,0.0,0.0,436.0,440.0,464.0,331.0,539.0,302.0,265.0,3,winter,0.04,0.0,539.99994
3,2024-03-06 14:00:00+00:00,0.0,0.1,0.1,0.1,0.0,0.0,0.0,363.00003,328.00003,351.0,285.0,430.00003,257.0,180.0,3,winter,0.04,0.0,424.0
3,2024-03-06 15:00:00+00:00,0.0,0.1,0.1,0.1,0.0,0.0,0.0,268.0,251.00002,213.0,205.0,291.0,185.0,106.000015,3,winter,0.04,0.0,249.0
3,2024-03-06 16:00:00+00:00,0.0,0.0,0.3,0.0,0.0,0.0,0.0,125.000015,107.000015,74.00001,103.000015,140.00003,93.00001,50.0,3,winter,0.04,0.0,93.00001
3,2024-03-06 17:00:00+00:00,0.0,0.0,0.3,0.0,0.0,0.0,0.0,14.0,13.0,5.0,21.0,28.0,20.0,10.999998,3,winter,0.04,0.0,15.0
3,2024-03-06 18:00:00+00:00,0.0,0.0,0.3,0.0,0.0,0.0,0.0,0.0,0.0,0.0,0.0,0.0,0.0,0.0,3,winter,0.04,0.0,0.0
3,2024-03-06 19:00:00+00:00,0.0,0.0,0.2,0.0,1.6,0.0,0.0,0.0,0.0,0.0,0.0,0.0,0.0,0.0,3,winter,0.26,0.7,0.0
3,2024-03-06 20:00:00+00:00,0.0,0.0,0.2,0.0,1.6,0.0,0.0,0.0,0.0,0.0,0.0,0.0,0.0,0.0,3,winter,0.26,0.7,0.0
3,2024-03-06 21:00:00+00:00,0.0,0.0,0.2,0.0,1.6,0.0,0.0,0.0,0.0,0.0,0.0,0.0,0.0,0.0,3,winter,0.26,0.7,0.0
3,2024-03-06 22:00:00+00:00,0.4,0.3,1.0,0.0,0.4,0.0,0.1,0.0,0.0,0.0,0.0,0.0,0.0,0.0,3,winter,0.31,0.1,0.0
3,2024-03-06 23:00:00+00:00,0.4,0.3,1.0,0.0,0.4,0.0,0.1,0.0,0.0,0.0,0.0,0.0,0.0,0.0,3,winter,0.31,0.1,0.0
3,2024-03-07 00:00:00+00:00,0.4,0.3,1.0,0.0,0.4,0.0,0.1,0.0,0.0,0.0,0.0,0.0,0.0,0.0,3,winter,0.31,0.1,0.0
3,2024-03-07 01:00:00+00:00,0.0,0.0,0.6,0.0,0.8,0.0,0.0,0.0,0.0,0.0,0.0,0.0,0.0,0.0,3,winter,0.2,0.0,0.0
3,2024-03-07 02:00:00+00:00,0.0,0.0,0.6,0.0,0.8,0.0,0.0,0.0,0.0,0.0,0.0,0.0,0.0,0.0,3,winter,0.2,0.0,0.0
3,2024-03-07 03:00:00+00:00,0.0,0.0,0.6,0.0,0.8,0.0,0.0,0.0,0.0,0.0,0.0,0.0,0.0,0.0,3,winter,0.2,0.0,0.0
3,2024-03-07 04:00:00+00:00,0.1,0.0,0.0,0.0,0.2,0.0,0.0,0.0,0.0,0.0,0.0,0.0,0.0,0.0,3,winter,0.04,0.1,0.0
3,2024-03-07 05:00:00+00:00,0.1,0.0,0.0,0.0,0.2,0.0,0.0,0.0,0.0,0.0,0.0,0.0,0.0,0.0,3,winter,0.04,0.1,0.0
3,2024-03-07 06:00:00+00:00,0.1,0.0,0.0,0.0,0.2,0.0,0.0,6.0,12.0,13.0,15.0,15.0,12.0,24.000004,3,winter,0.04,0.1,7.0
3,2024-03-07 07:00:00+00:00,0.1,0.0,0.0,0.2,0.5,0.0,0.0,34.0,68.0,69.0,51.0,73.0,57.0,118.000015,3,winter,0.11,0.3,41.0
3,2024-03-07 08:00:00+00:00,0.1,0.0,0.0,0.2,0.5,0.0,0.0,75.0,169.0,149.0,80.0,165.0,130.0,269.0,3,winter,0.11,0.3,91.0
3,2024-03-07 09:00:00+00:00,0.1,0.0,0.0,0.2,0.5,0.0,0.0,108.0,283.0,261.0,106.0,265.0,209.0,400.99997,3,winter,0.11,0.3,135.0
3,2024-03-07 10:00:00+00:00,0.3,0.2,0.0,0.0,0.0,0.0,0.0,127.0,421.0,436.0,144.0,331.0,267.0,398.0,3,winter,0.07,0.2,165.0
3,2024-03-07 11:00:00+00:00,0.3,0.2,0.0,0.0,0.0,0.0,0.0,131.0,508.0,478.0,188.0,362.0,299.0,288.0,3,winter,0.07,0.2,178.0
3,2024-03-07 12:00:00+00:00,0.3,0.2,0.0,0.0,0.0,0.0,0.0,120.0,180.0,228.0,266.0,648.0,647.0,258.0,3,winter,0.07,0.2,175.0
3,2024-03-07 13:00:00+00:00,0.2,0.1,0.0,0.0,0.0,0.0,0.0,96.0,213.0,247.0,253.0,591.0,597.0,208.0,3,winter,0.04,0.2,155.0
3,2024-03-07 14:00:00+00:00,0.2,0.1,0.0,0.0,0.0,0.0,0.0,70.0,155.0,217.0,216.0,479.99994,491.99994,141.0,3,winter,0.04,0.2,121.0
3,2024-03-07 15:00:00+00:00,0.2,0.1,0.0,0.0,0.0,0.0,0.0,45.0,106.0,160.0,154.0,330.0,343.0,85.00001,3,winter,0.04,0.2,78.0
3,2024-03-07 16:00:00+00:00,0.2,0.0,0.0,0.0,0.0,0.0,0.0,22.0,57.000004,84.0,75.0,162.00003,169.00003,44.0,3,winter,0.03,0.2,36.0
3,2024-03-07 17:00:00+00:00,0.2,0.0,0.0,0.0,0.0,0.0,0.0,5.0,4.0,11.0,15.0,33.0,35.0,10.999998,3,winter,0.03,0.2,8.0
3,2024-03-07 18:00:00+00:00,0.2,0.0,0.0,0.0,0.0,0.0,0.0,0.0,0.0,0.0,0.0,0.0,0.0,0.0,3,winter,0.03,0.2,0.0
3,2024-03-07 19:00:00+00:00,0.4,0.0,0.0,0.0,0.0,0.0,0.0,0.0,0.0,0.0,0.0,0.0,0.0,0.0,3,winter,0.06,0.0,0.0
3,2024-03-07 20:00:00+00:00,0.4,0.0,0.0,0.0,0.0,0.0,0.0,0.0,0.0,0.0,0.0,0.0,0.0,0.0,3,winter,0.06,0.0,0.0
3,2024-03-07 21:00:00+00:00,0.4,0.0,0.0,0.0,0.0,0.0,0.0,0.0,0.0,0.0,0.0,0.0,0.0,0.0,3,winter,0.06,0.0,0.0
3,2024-03-07 22:00:00+00:00,0.0,0.0,0.1,0.0,0.0,0.0,0.0,0.0,0.0,0.0,0.0,0.0,0.0,0.0,3,winter,0.01,0.0,0.0
3,2024-03-07 23:00:00+00:00,0.0,0.0,0.1,0.0,0.0,0.0,0.0,0.0,0.0,0.0,0.0,0.0,0.0,0.0,3,winter,0.01,0.0,0.0
3,2024-03-08 00:00:00+00:00,0.0,0.0,0.1,0.0,0.0,0.0,0.0,0.0,0.0,0.0,0.0,0.0,0.0,0.0,3,winter,0.01,0.0,0.0
3,2024-03-08 01:00:00+00:00,0.0,0.2,0.2,0.0,0.0,0.0,0.2,0.0,0.0,0.0,0.0,0.0,0.0,0.0,3,winter,0.09,0.0,0.0
3,2024-03-08 02:00:00+00:00,0.0,0.2,0.2,0.0,0.0,0.0,0.2,0.0,0.0,0.0,0.0,0.0,0.0,0.0,3,winter,0.09,0.0,0.0
3,2024-03-08 03:00:00+00:00,0.0,0.2,0.2,0.0,0.0,0.0,0.2,0.0,0.0,0.0,0.0,0.0,0.0,0.0,3,winter,0.09,0.0,0.0
3,2024-03-08 04:00:00+00:00,0.0,0.1,0.0,0.0,0.0,0.0,0.2,0.0,0.0,0.0,0.0,0.0,0.0,0.0,3,winter,0.04,0.0,0.0
3,2024-03-08 05:00:00+00:00,0.0,0.1,0.0,0.0,0.0,0.0,0.2,0.0,0.0,0.0,0.0,0.0,0.0,0.0,3,winter,0.04,0.0,0.0
3,2024-03-08 06:00:00+00:00,0.0,0.1,0.0,0.0,0.0,0.0,0.2,14.0,11.0,27.999998,29.999996,15.0,21.0,8.999996,3,winter,0.04,0.0,9.0
3,2024-03-08 07:00:00+00:00,0.1,0.1,0.0,0.0,0.0,0.0,0.0,89.0,67.0,155.00002,134.0,63.0,86.0,33.0,3,winter,0.03,0.0,60.0
3,2024-03-08 08:00:00+00:00,0.1,0.1,0.0,0.0,0.0,0.0,0.0,200.00002,160.0,307.0,289.0,127.0,169.0,57.0,3,winter,0.03,0.0,140.0
3,2024-03-08 09:00:00+00:00,0.1,0.1,0.0,0.0,0.0,0.0,0.0,285.0,270.0,459.0,444.0,190.0,247.0,88.0,3,winter,0.03,0.0,217.0
3,2024-03-08 10:00:00+00:00,0.0,0.1,0.0,0.0,0.0,0.0,0.1,330.0,379.0,588.0,543.0,230.0,292.0,130.0,3,winter,0.03,0.0,281.0
3,2024-03-08 11:00:00+00:00,0.0,0.1,0.0,0.0,0.0,0.0,0.1,355.0,451.0,646.0,578.0,250.0,303.0,180.0,3,winter,0.03,0.0,328.0
3,2024-03-08 12:00:00+00:00,0.0,0.1,0.0,0.0,0.0,0.0,0.1,381.0,462.0,379.0,648.0,511.0,660.0,552.0,3,winter,0.03,0.0,364.0
3,2024-03-08 13:00:00+00:00,0.1,0.1,0.0,0.0,0.0,0.0,0.0,381.0,415.0,307.0,583.0,489.0,605.0,532.0,3,winter,0.03,0.1,369.0
3,2024-03-08 14:00:00+00:00,0.1,0.1,0.0,0.0,0.0,0.0,0.0,322.0,323.00003,245.0,464.0,423.0,495.0,463.00003,3,winter,0.03,0.1,314.0
3,2024-03-08 15:00:00+00:00,0.1,0.1,0.0,0.0,0.0,0.0,0.0,203.0,196.0,241.00002,318.0,309.00003,345.00003,334.00003,3,winter,0.03,0.1,201.0
3,2024-03-08 16:00:00+00:00,0.0,0.0,0.0,0.0,0.0,0.0,0.0,85.0,79.0,139.0,160.99998,159.99998,171.99998,165.0,3,winter,0.0,0.0,86.0
3,2024-03-08 17:00:00+00:00,0.0,0.0,0.0,0.0,0.0,0.0,0.0,16.0,14.0,16.999998,34.999992,34.999992,36.999992,32.999992,3,winter,0.0,0.0,17.0
3,2024-03-08 18:00:00+00:00,0.0,0.0,0.0,0.0,0.0,0.0,0.0,0.0,0.0,0.0,0.0,0.0,0.0,0.0,3,winter,0.0,0.0,0.0
3,2024-03-08 19:00:00+00:00,0.0,0.0,0.0,0.0,0.0,0.0,0.0,0.0,0.0,0.0,0.0,0.0,0.0,0.0,3,winter,0.0,0.0,0.0
3,2024-03-08 20:00:00+00:00,0.0,0.0,0.0,0.0,0.0,0.0,0.0,0.0,0.0,0.0,0.0,0.0,0.0,0.0,3,winter,0.0,0.0,0.0
3,2024-03-08 21:00:00+00:00,0.0,0.0,0.0,0.0,0.0,0.0,0.0,0.0,0.0,0.0,0.0,0.0,0.0,0.0,3,winter,0.0,0.0,0.0
3,2024-03-08 22:00:00+00:00,0.0,0.0,0.0,0.0,0.0,0.0,0.0,0.0,0.0,0.0,0.0,0.0,0.0,0.0,3,winter,0.0,0.0,0.0
3,2024-03-08 23:00:00+00:00,0.0,0.0,0.0,0.0,0.0,0.0,0.0,0.0,0.0,0.0,0.0,0.0,0.0,0.0,3,winter,0.0,0.0,0.0
3,2024-03-09 00:00:00+00:00,0.0,0.0,0.0,0.0,0.0,0.0,0.0,0.0,0.0,0.0,0.0,0.0,0.0,0.0,3,winter,0.0,0.0,0.0
3,2024-03-09 01:00:00+00:00,0.0,0.0,0.0,0.0,0.0,0.0,0.0,0.0,0.0,0.0,0.0,0.0,0.0,0.0,3,winter,0.0,0.0,0.0
3,2024-03-09 02:00:00+00:00,0.0,0.0,0.0,0.0,0.0,0.0,0.0,0.0,0.0,0.0,0.0,0.0,0.0,0.0,3,winter,0.0,0.0,0.0
3,2024-03-09 03:00:00+00:00,0.0,0.0,0.0,0.0,0.0,0.0,0.0,0.0,0.0,0.0,0.0,0.0,0.0,0.0,3,winter,0.0,0.0,0.0
3,2024-03-09 04:00:00+00:00,0.0,0.0,0.0,0.0,0.0,0.0,0.0,0.0,0.0,0.0,0.0,0.0,0.0,0.0,3,winter,0.0,0.0,0.0
3,2024-03-09 05:00:00+00:00,0.0,0.0,0.0,0.0,0.0,0.0,0.0,0.0,0.0,0.0,0.0,0.0,0.0,0.0,3,winter,0.0,0.0,0.0
3,2024-03-09 06:00:00+00:00,0.0,0.0,0.0,0.0,0.0,0.0,0.0,18.0,20.0,25.0,33.0,33.0,33.0,17.999996,3,winter,0.0,0.0,21.0
3,2024-03-09 07:00:00+00:00,0.0,0.0,0.0,0.0,0.0,0.0,0.0,105.99999,129.0,155.99998,141.00002,142.00003,142.00002,69.0,3,winter,0.0,0.0,131.99998
3,2024-03-09 08:00:00+00:00,0.0,0.0,0.0,0.0,0.0,0.0,0.0,240.0,295.0,343.0,290.99997,295.99997,295.99997,131.0,3,winter,0.0,0.0,302.0
3,2024-03-09 09:00:00+00:00,0.0,0.0,0.0,0.0,0.0,0.0,0.0,372.0,447.99997,475.99997,438.00003,446.0,457.0,188.0,3,winter,0.0,0.0,461.99994
3,2024-03-09 10:00:00+00:00,0.0,0.0,0.0,0.0,0.0,0.6,0.0,482.0,557.0,530.0,529.0,533.0,579.0,232.0,3,winter,0.09,0.0,584.0
3,2024-03-09 11:00:00+00:00,0.0,0.0,0.0,0.0,0.0,0.6,0.0,549.0,597.0,534.00006,557.0,551.0,650.0,256.0,3,winter,0.09,0.0,633.0
3,2024-03-09 12:00:00+00:00,0.0,0.0,0.0,0.0,0.0,0.6,0.0,573.0,554.0,519.0,542.0,532.0,379.0,423.0,3,winter,0.09,0.0,585.0
3,2024-03-09 13:00:00+00:00,0.0,0.1,0.0,0.0,0.0,0.2,0.0,537.0,442.0,462.0,477.0,481.0,323.0,299.0,3,winter,0.04,0.0,461.0
3,2024-03-09 14:00:00+00:00,0.0,0.1,0.0,0.0,0.0,0.2,0.0,426.0,302.0,351.0,361.0,374.00003,252.0,121.999985,3,winter,0.04,0.0,315.0
3,2024-03-09 15:00:00+00:00,0.0,0.1,0.0,0.0,0.0,0.2,0.0,246.0,156.0,193.0,228.0,252.0,167.0,23.0,3,winter,0.04,0.0,171.0
3,2024-03-09 16:00:00+00:00,0.0,0.4,0.0,0.0,0.7,0.2,0.0,87.0,46.0,62.0,99.00001,129.00002,77.00001,9.0,3,winter,0.19,0.1,59.0
3,2024-03-09 17:00:00+00:00,0.0,0.4,0.0,0.0,0.7,0.2,0.0,13.0,4.0,7.0,17.0,28.999998,13.999999,5.0,3,winter,0.19,0.1,8.0
3,2024-03-09 18:00:00+00:00,0.0,0.4,0.0,0.0,0.7,0.2,0.0,0.0,0.0,0.0,0.0,0.0,0.0,0.0,3,winter,0.19,0.1,0.0
3,2024-03-09 19:00:00+00:00,0.0,0.0,0.0,0.0,0.0,0.0,0.0,0.0,0.0,0.0,0.0,0.0,0.0,0.0,3,winter,0.0,0.1,0.0
3,2024-03-09 20:00:00+00:00,0.0,0.0,0.0,0.0,0.0,0.0,0.0,0.0,0.0,0.0,0.0,0.0,0.0,0.0,3,winter,0.0,0.1,0.0
3,2024-03-09 21:00:00+00:00,0.0,0.0,0.0,0.0,0.0,0.0,0.0,0.0,0.0,0.0,0.0,0.0,0.0,0.0,3,winter,0.0,0.1,0.0
3,2024-03-09 22:00:00+00:00,0.0,0.0,0.0,0.0,0.0,0.0,0.0,0.0,0.0,0.0,0.0,0.0,0.0,0.0,3,winter,0.0,0.0,0.0
3,2024-03-09 23:00:00+00:00,0.0,0.0,0.0,0.0,0.0,0.0,0.0,0.0,0.0,0.0,0.0,0.0,0.0,0.0,3,winter,0.0,0.0,0.0
3,2024-03-10 00:00:00+00:00,0.0,0.0,0.0,0.0,0.0,0.0,0.0,0.0,0.0,0.0,0.0,0.0,0.0,0.0,3,winter,0.0,0.0,0.0
3,2024-03-10 01:00:00+00:00,0.0,0.0,0.0,0.0,0.0,0.1,0.0,0.0,0.0,0.0,0.0,0.0,0.0,0.0,3,winter,0.01,0.0,0.0
3,2024-03-10 02:00:00+00:00,0.0,0.0,0.0,0.0,0.0,0.1,0.0,0.0,0.0,0.0,0.0,0.0,0.0,0.0,3,winter,0.01,0.0,0.0
3,2024-03-10 03:00:00+00:00,0.0,0.0,0.0,0.0,0.0,0.1,0.0,0.0,0.0,0.0,0.0,0.0,0.0,0.0,3,winter,0.01,0.0,0.0
3,2024-03-10 04:00:00+00:00,0.0,0.0,0.0,0.0,0.0,0.1,0.0,0.0,0.0,0.0,0.0,0.0,0.0,0.0,3,winter,0.01,0.0,0.0
3,2024-03-10 05:00:00+00:00,0.0,0.0,0.0,0.0,0.0,0.1,0.0,0.0,0.0,0.0,0.0,0.0,0.0,0.0,3,winter,0.01,0.0,0.0
3,2024-03-10 06:00:00+00:00,0.0,0.0,0.0,0.0,0.0,0.1,0.0,25.0,24.0,23.0,20.0,30.0,33.0,11.999998,3,winter,0.01,0.0,20.0
3,2024-03-10 07:00:00+00:00,0.0,0.0,0.0,0.0,0.0,0.0,0.0,152.0,149.0,142.0,125.0,128.0,141.0,68.99999,3,winter,0.0,0.0,130.0
3,2024-03-10 08:00:00+00:00,0.0,0.0,0.0,0.0,0.0,0.0,0.0,334.0,331.0,313.0,279.0,268.0,296.0,179.00002,3,winter,0.0,0.0,293.0
3,2024-03-10 09:00:00+00:00,0.0,0.0,0.0,0.0,0.0,0.0,0.0,479.00006,481.00006,446.00003,414.00003,407.0,453.0,313.0,3,winter,0.0,0.0,438.0
3,2024-03-10 10:00:00+00:00,0.0,0.0,0.0,0.0,0.0,0.1,0.0,559.0,572.0,518.0,506.00006,496.0,558.0,440.0,3,winter,0.01,0.0,537.0
3,2024-03-10 11:00:00+00:00,0.0,0.0,0.0,0.0,0.0,0.1,0.0,572.0,606.0,539.0,533.0,527.0,605.0,538.0,3,winter,0.01,0.0,565.0
3,2024-03-10 12:00:00+00:00,0.0,0.0,0.0,0.0,0.0,0.1,0.0,515.0,591.99994,525.0,480.0,289.0,642.0,606.0,3,winter,0.01,0.0,500.0
3,2024-03-10 13:00:00+00:00,0.0,0.0,0.0,0.0,0.0,0.0,0.0,403.0,520.0,462.0,366.0,257.0,575.0,536.0,3,winter,0.0,0.0,370.0
3,2024-03-10 14:00:00+00:00,0.0,0.0,0.0,0.0,0.0,0.0,0.0,277.0,392.0,348.0,244.0,211.0,452.0,417.0,3,winter,0.0,0.0,241.0
3,2024-03-10 15:00:00+00:00,0.0,0.0,0.0,0.0,0.0,0.0,0.0,157.0,219.0,192.0,133.0,149.0,306.0,274.0,3,winter,0.0,0.0,136.0
3,2024-03-10 16:00:00+00:00,0.0,0.0,0.0,0.0,0.0,0.0,0.0,61.0,75.0,62.0,48.0,78.0,155.00002,127.999985,3,winter,0.0,0.0,56.0
3,2024-03-10 17:00:00+00:00,0.0,0.0,0.0,0.0,0.0,0.0,0.0,11.0,10.0,8.0,8.0,18.0,33.999992,24.999996,3,winter,0.0,0.0,11.0
3,2024-03-10 18:00:00+00:00,0.0,0.0,0.0,0.0,0.0,0.0,0.0,0.0,0.0,0.0,0.0,0.0,0.0,0.0,3,winter,0.0,0.0,0.0
3,2024-03-10 19:00:00+00:00,0.0,0.0,0.0,0.1,0.0,0.4,0.4,0.0,0.0,0.0,0.0,0.0,0.0,0.0,3,winter,0.13,0.0,0.0
3,2024-03-10 20:00:00+00:00,0.0,0.0,0.0,0.1,0.0,0.4,0.4,0.0,0.0,0.0,0.0,0.0,0.0,0.0,3,winter,0.13,0.0,0.0
3,2024-03-10 21:00:00+00:00,0.0,0.0,0.0,0.1,0.0,0.4,0.4,0.0,0.0,0.0,0.0,0.0,0.0,0.0,3,winter,0.13,0.0,0.0
3,2024-03-10 22:00:00+00:00,0.0,0.0,0.0,0.0,0.1,0.1,0.1,0.0,0.0,0.0,0.0,0.0,0.0,0.0,3,winter,0.04,0.0,0.0
3,2024-03-10 23:00:00+00:00,0.0,0.0,0.0,0.0,0.1,0.1,0.1,0.0,0.0,0.0,0.0,0.0,0.0,0.0,3,winter,0.04,0.0,0.0
3,2024-03-11 00:00:00+00:00,0.0,0.0,0.0,0.0,0.1,0.1,0.1,0.0,0.0,0.0,0.0,0.0,0.0,0.0,3,winter,0.04,0.0,0.0
3,2024-03-11 01:00:00+00:00,0.0,0.0,0.0,0.0,0.1,0.0,0.0,0.0,0.0,0.0,0.0,0.0,0.0,0.0,3,winter,0.01,0.0,0.0
3,2024-03-11 02:00:00+00:00,0.0,0.0,0.0,0.0,0.1,0.0,0.0,0.0,0.0,0.0,0.0,0.0,0.0,0.0,3,winter,0.01,0.0,0.0
3,2024-03-11 03:00:00+00:00,0.0,0.0,0.0,0.0,0.1,0.0,0.0,0.0,0.0,0.0,0.0,0.0,0.0,0.0,3,winter,0.01,0.0,0.0
3,2024-03-11 04:00:00+00:00,0.0,1.3,0.0,0.4,0.1,0.0,0.0,0.0,0.0,0.0,0.0,0.0,0.0,0.0,3,winter,0.26,0.0,0.0
3,2024-03-11 05:00:00+00:00,0.0,1.3,0.0,0.4,0.1,0.0,0.0,0.0,0.0,0.0,0.0,0.0,0.0,0.0,3,winter,0.26,0.0,0.0
3,2024-03-11 06:00:00+00:00,0.0,1.3,0.0,0.4,0.1,0.0,0.0,14.0,7.0,12.0,15.0,13.0,9.0,32.999996,3,winter,0.26,0.0,18.0
3,2024-03-11 07:00:00+00:00,0.1,0.5,0.3,0.9,0.1,1.3,0.0,97.99999,36.0,68.0,91.0,86.0,55.0,144.99998,3,winter,0.46,0.0,115.99999
3,2024-03-11 08:00:00+00:00,0.1,0.5,0.3,0.9,0.1,1.3,0.0,213.0,77.0,149.0,200.0,209.0,147.0,313.00003,3,winter,0.46,0.0,253.0
3,2024-03-11 09:00:00+00:00,0.1,0.5,0.3,0.9,0.1,1.3,0.0,274.0,125.0,216.0,276.0,360.0,260.0,481.0,3,winter,0.46,0.0,346.0
3,2024-03-11 10:00:00+00:00,1.3,0.6,0.0,0.2,0.0,0.0,0.0,267.0,173.0,260.0,308.0,516.0,361.0,577.0,3,winter,0.3,0.7,376.0
3,2024-03-11 11:00:00+00:00,1.3,0.6,0.0,0.2,0.0,0.0,0.0,249.0,210.0,290.0,326.0,621.0,436.0,600.0,3,winter,0.3,0.7,370.0
3,2024-03-11 12:00:00+00:00,1.3,0.6,0.0,0.2,0.0,0.0,0.0,268.0,231.0,320.0,361.0,643.0,591.0,542.0,3,winter,0.3,0.7,345.0
3,2024-03-11 13:00:00+00:00,0.0,0.2,0.0,0.1,0.0,0.0,0.3,283.0,229.0,327.0,377.0,586.0,518.0,514.0,3,winter,0.09,0.0,295.0
3,2024-03-11 14:00:00+00:00,0.0,0.2,0.0,0.1,0.0,0.0,0.3,245.0,197.0,283.0,329.0,461.0,404.0,436.99997,3,winter,0.09,0.0,225.0
3,2024-03-11 15:00:00+00:00,0.0,0.2,0.0,0.1,0.0,0.0,0.3,148.0,135.0,186.0,213.0,282.0,272.0,313.0,3,winter,0.09,0.0,144.0
3,2024-03-11 16:00:00+00:00,0.0,0.0,0.0,0.0,0.0,0.0,0.3,55.0,66.0,85.0,94.0,116.0,139.0,160.0,3,winter,0.04,0.0,69.0
3,2024-03-11 17:00:00+00:00,0.0,0.0,0.0,0.0,0.0,0.0,0.3,9.0,15.0,18.0,19.0,22.0,31.999994,34.999992,3,winter,0.04,0.0,15.0
3,2024-03-11 18:00:00+00:00,0.0,0.0,0.0,0.0,0.0,0.0,0.3,0.0,0.0,0.0,0.0,0.0,0.0,0.0,3,winter,0.04,0.0,0.0
3,2024-03-11 19:00:00+00:00,0.0,0.0,0.0,0.0,0.0,0.0,1.3,0.0,0.0,0.0,0.0,0.0,0.0,0.0,3,winter,0.19,0.0,0.0
3,2024-03-11 20:00:00+00:00,0.0,0.0,0.0,0.0,0.0,0.0,1.3,0.0,0.0,0.0,0.0,0.0,0.0,0.0,3,winter,0.19,0.0,0.0
3,2024-03-11 21:00:00+00:00,0.0,0.0,0.0,0.0,0.0,0.0,1.3,0.0,0.0,0.0,0.0,0.0,0.0,0.0,3,winter,0.19,0.0,0.0
3,2024-03-11 22:00:00+00:00,0.0,0.0,0.0,0.0,0.0,0.0,0.0,0.0,0.0,0.0,0.0,0.0,0.0,0.0,3,winter,0.0,0.0,0.0
3,2024-03-11 23:00:00+00:00,0.0,0.0,0.0,0.0,0.0,0.0,0.0,0.0,0.0,0.0,0.0,0.0,0.0,0.0,3,winter,0.0,0.0,0.0
3,2024-03-12 00:00:00+00:00,0.0,0.0,0.0,0.0,0.0,0.0,0.0,0.0,0.0,0.0,0.0,0.0,0.0,0.0,3,winter,0.0,0.0,0.0
3,2024-03-12 01:00:00+00:00,0.0,0.0,0.4,0.0,0.0,0.0,0.0,0.0,0.0,0.0,0.0,0.0,0.0,0.0,3,winter,0.06,0.0,0.0
3,2024-03-12 02:00:00+00:00,0.0,0.0,0.4,0.0,0.0,0.0,0.0,0.0,0.0,0.0,0.0,0.0,0.0,0.0,3,winter,0.06,0.0,0.0
3,2024-03-12 03:00:00+00:00,0.0,0.0,0.4,0.0,0.0,0.0,0.0,0.0,0.0,0.0,0.0,0.0,0.0,0.0,3,winter,0.06,0.0,0.0
3,2024-03-12 04:00:00+00:00,0.0,0.0,1.1,0.0,0.0,0.0,0.0,0.0,0.0,0.0,0.0,0.0,0.0,0.0,3,winter,0.16,0.0,0.0
3,2024-03-12 05:00:00+00:00,0.0,0.0,1.1,0.0,0.0,0.0,0.0,0.0,0.0,0.0,0.0,0.0,0.0,0.0,3,winter,0.16,0.0,0.0
3,2024-03-12 06:00:00+00:00,0.0,0.0,1.1,0.0,0.0,0.0,0.0,26.0,17.0,11.0,19.0,28.0,34.0,3.000001,3,winter,0.16,0.0,27.0
3,2024-03-12 07:00:00+00:00,0.0,0.0,0.5,0.1,0.0,0.0,0.0,150.00002,91.0,71.0,101.00001,162.00002,153.00002,20.999998,3,winter,0.09,0.0,160.00002
3,2024-03-12 08:00:00+00:00,0.0,0.0,0.5,0.1,0.0,0.0,0.0,310.0,192.0,159.0,209.0,353.0,295.0,63.000004,3,winter,0.09,0.0,330.0
3,2024-03-12 09:00:00+00:00,0.0,0.0,0.5,0.1,0.0,0.0,0.0,389.99997,274.0,232.0,281.0,509.99997,401.99997,147.0,3,winter,0.09,0.0,401.0
3,2024-03-12 10:00:00+00:00,0.0,0.2,0.0,0.2,0.0,0.0,0.0,374.0,324.0,281.0,307.0,607.0,458.0,308.0,3,winter,0.06,0.0,361.0
3,2024-03-12 11:00:00+00:00,0.0,0.2,0.0,0.2,0.0,0.0,0.0,333.0,345.0,323.0,319.0,646.0,481.0,508.99997,3,winter,0.06,0.0,307.0
3,2024-03-12 12:00:00+00:00,0.0,0.2,0.0,0.2,0.0,0.0,0.0,323.0,342.0,380.0,347.0,636.0,485.0,632.0,3,winter,0.06,0.0,322.0
3,2024-03-12 13:00:00+00:00,0.0,0.0,0.0,0.1,0.0,0.6,0.0,307.0,308.0,415.0,359.0,566.0,456.0,557.0,3,winter,0.1,0.0,345.0
3,2024-03-12 14:00:00+00:00,0.0,0.0,0.0,0.1,0.0,0.6,0.0,248.0,239.0,369.0,307.0,434.0,387.0,429.0,3,winter,0.1,0.0,305.0
3,2024-03-12 15:00:00+00:00,0.0,0.0,0.0,0.1,0.0,0.6,0.0,145.0,141.0,238.0,189.0,255.0,283.0,282.0,3,winter,0.1,0.0,193.0
3,2024-03-12 16:00:00+00:00,0.0,0.0,0.0,0.0,0.0,0.6,0.0,54.0,55.0,101.0,75.0,97.00001,159.0,137.0,3,winter,0.09,0.0,81.0
3,2024-03-12 17:00:00+00:00,0.0,0.0,0.0,0.0,0.0,0.6,0.0,9.0,9.0,20.0,13.0,17.0,42.0,28.999992,3,winter,0.09,0.0,16.0
3,2024-03-12 18:00:00+00:00,0.0,0.0,0.0,0.0,0.0,0.6,0.0,0.0,0.0,0.0,0.0,0.0,0.0,0.0,3,winter,0.09,0.0,0.0
3,2024-03-12 19:00:00+00:00,0.0,0.2,0.0,0.0,0.0,0.0,0.2,0.0,0.0,0.0,0.0,0.0,0.0,0.0,3,winter,0.06,0.1,0.0
3,2024-03-12 20:00:00+00:00,0.0,0.2,0.0,0.0,0.0,0.0,0.2,0.0,0.0,0.0,0.0,0.0,0.0,0.0,3,winter,0.06,0.1,0.0
3,2024-03-12 21:00:00+00:00,0.0,0.2,0.0,0.0,0.0,0.0,0.2,0.0,0.0,0.0,0.0,0.0,0.0,0.0,3,winter,0.06,0.1,0.0
3,2024-03-12 22:00:00+00:00,0.2,0.4,0.3,0.0,0.0,0.0,0.0,0.0,0.0,0.0,0.0,0.0,0.0,0.0,3,winter,0.13,0.2,0.0
3,2024-03-12 23:00:00+00:00,0.2,0.4,0.3,0.0,0.0,0.0,0.0,0.0,0.0,0.0,0.0,0.0,0.0,0.0,3,winter,0.13,0.2,0.0
3,2024-03-13 00:00:00+00:00,0.2,0.4,0.3,0.0,0.0,0.0,0.0,0.0,0.0,0.0,0.0,0.0,0.0,0.0,3,winter,0.13,0.2,0.0
3,2024-03-13 01:00:00+00:00,0.7,0.9,0.0,0.0,0.0,0.2,0.0,0.0,0.0,0.0,0.0,0.0,0.0,0.0,3,winter,0.26,0.5,0.0
3,2024-03-13 02:00:00+00:00,0.7,0.9,0.0,0.0,0.0,0.2,0.0,0.0,0.0,0.0,0.0,0.0,0.0,0.0,3,winter,0.26,0.5,0.0
3,2024-03-13 03:00:00+00:00,0.7,0.9,0.0,0.0,0.0,0.2,0.0,0.0,0.0,0.0,0.0,0.0,0.0,0.0,3,winter,0.26,0.5,0.0
3,2024-03-13 04:00:00+00:00,0.5,0.8,0.0,0.0,0.0,0.2,0.0,0.0,0.0,0.0,0.0,0.0,0.0,0.0,3,winter,0.21,0.2,0.0
3,2024-03-13 05:00:00+00:00,0.5,0.8,0.0,0.0,0.0,0.2,0.0,0.0,0.0,0.0,0.0,0.0,0.0,0.0,3,winter,0.21,0.2,0.0
3,2024-03-13 06:00:00+00:00,0.5,0.8,0.0,0.0,0.0,0.2,0.0,10.0,11.0,10.0,29.0,6.0,19.0,34.0,3,winter,0.21,0.2,12.0
3,2024-03-13 07:00:00+00:00,0.0,0.0,0.0,0.0,0.0,0.2,0.0,48.0,80.0,36.0,168.0,20.0,104.0,148.0,3,winter,0.03,0.0,79.0
3,2024-03-13 08:00:00+00:00,0.0,0.0,0.0,0.0,0.0,0.2,0.0,102.0,179.0,64.0,360.0,63.0,214.0,298.0,3,winter,0.03,0.0,169.0
3,2024-03-13 09:00:00+00:00,0.0,0.0,0.0,0.0,0.0,0.2,0.0,166.0,254.0,96.0,509.0,208.0,281.0,466.0,3,winter,0.03,0.0,218.0
3,2024-03-13 10:00:00+00:00,0.0,0.1,0.1,0.1,0.0,0.1,0.0,230.0,289.0,132.0,591.0,440.0,295.0,631.0,3,winter,0.06,0.0,219.0
3,2024-03-13 11:00:00+00:00,0.0,0.1,0.1,0.1,0.0,0.1,0.0,270.0,289.0,166.0,617.0,618.0,300.0,740.0,3,winter,0.06,0.0,216.0
3,2024-03-13 12:00:00+00:00,0.0,0.1,0.1,0.1,0.0,0.1,0.0,272.0,253.0,198.0,597.0,648.0,326.0,754.0,3,winter,0.06,0.0,254.0
3,2024-03-13 13:00:00+00:00,0.0,0.0,0.1,0.0,0.0,0.0,0.2,240.0,191.0,216.0,524.0,571.0,344.0,687.0,3,winter,0.04,0.1,289.0
3,2024-03-13 14:00:00+00:00,0.0,0.0,0.1,0.0,0.0,0.0,0.2,183.0,127.0,195.0,404.99997,436.99994,325.0,571.99994,3,winter,0.04,0.1,261.0
3,2024-03-13 15:00:00+00:00,0.0,0.0,0.1,0.0,0.0,0.0,0.2,110.0,73.0,132.0,250.0,270.0,263.0,424.0,3,winter,0.04,0.1,163.0
3,2024-03-13 16:00:00+00:00,0.0,0.0,0.3,0.0,0.0,0.0,0.2,44.0,31.0,62.0,109.0,116.0,164.0,246.0,3,winter,0.07,0.0,64.0
3,2024-03-13 17:00:00+00:00,0.0,0.0,0.3,0.0,0.0,0.0,0.2,8.0,6.0,14.0,23.0,23.0,47.000008,67.00001,3,winter,0.07,0.0,11.0
3,2024-03-13 18:00:00+00:00,0.0,0.0,0.3,0.0,0.0,0.0,0.2,0.0,0.0,0.0,0.0,0.0,0.0,0.0,3,winter,0.07,0.0,0.0
3,2024-03-13 19:00:00+00:00,0.0,0.0,0.9,0.0,0.0,0.0,0.1,0.0,0.0,0.0,0.0,0.0,0.0,0.0,3,winter,0.14,0.0,0.0
3,2024-03-13 20:00:00+00:00,0.0,0.0,0.9,0.0,0.0,0.0,0.1,0.0,0.0,0.0,0.0,0.0,0.0,0.0,3,winter,0.14,0.0,0.0
3,2024-03-13 21:00:00+00:00,0.0,0.0,0.9,0.0,0.0,0.0,0.1,0.0,0.0,0.0,0.0,0.0,0.0,0.0,3,winter,0.14,0.0,0.0
3,2024-03-13 22:00:00+00:00,0.0,0.0,0.0,0.1,0.0,0.0,0.1,0.0,0.0,0.0,0.0,0.0,0.0,0.0,3,winter,0.03,0.0,0.0
3,2024-03-13 23:00:00+00:00,0.0,0.0,0.0,0.1,0.0,0.0,0.1,0.0,0.0,0.0,0.0,0.0,0.0,0.0,3,winter,0.03,0.0,0.0
3,2024-03-14 00:00:00+00:00,0.0,0.0,0.0,0.1,0.0,0.0,0.1,0.0,0.0,0.0,0.0,0.0,0.0,0.0,3,winter,0.03,0.0,0.0
3,2024-03-14 01:00:00+00:00,0.0,0.0,0.0,0.1,0.0,0.0,0.0,0.0,0.0,0.0,0.0,0.0,0.0,0.0,3,winter,0.01,0.0,0.0
3,2024-03-14 02:00:00+00:00,0.0,0.0,0.0,0.1,0.0,0.0,0.0,0.0,0.0,0.0,0.0,0.0,0.0,0.0,3,winter,0.01,0.0,0.0
3,2024-03-14 03:00:00+00:00,0.0,0.0,0.0,0.1,0.0,0.0,0.0,0.0,0.0,0.0,0.0,0.0,0.0,0.0,3,winter,0.01,0.0,0.0
3,2024-03-14 04:00:00+00:00,0.0,0.0,0.0,0.0,0.0,0.0,0.0,0.0,0.0,0.0,0.0,0.0,0.0,0.0,3,winter,0.0,0.0,0.0
3,2024-03-14 05:00:00+00:00,0.0,0.0,0.0,0.0,0.0,0.0,0.0,0.0,0.0,0.0,0.0,0.0,0.0,0.0,3,winter,0.0,0.0,0.0
3,2024-03-14 06:00:00+00:00,0.0,0.0,0.0,0.0,0.0,0.0,0.0,32.0,31.0,31.0,29.0,30.0,41.0,22.0,3,winter,0.0,0.0,31.0
3,2024-03-14 07:00:00+00:00,0.0,0.0,0.0,0.0,0.0,0.0,0.0,176.0,175.0,173.0,158.0,161.0,165.0,117.0,3,winter,0.0,0.0,169.0
3,2024-03-14 08:00:00+00:00,0.0,0.0,0.0,0.0,0.0,0.0,0.0,366.00003,367.00003,365.0,318.0,325.0,313.0,261.0,3,winter,0.0,0.0,346.0
3,2024-03-14 09:00:00+00:00,0.0,0.0,0.0,0.0,0.0,0.0,0.0,498.0,500.0,512.0,387.0,400.0,448.0,437.0,3,winter,0.0,0.0,451.0
3,2024-03-14 10:00:00+00:00,0.0,0.0,0.0,0.1,0.1,0.0,0.0,547.0,552.0,587.0,352.0,376.0,553.0,620.0,3,winter,0.03,0.0,466.0
3,2024-03-14 11:00:00+00:00,0.0,0.0,0.0,0.1,0.1,0.0,0.0,529.0,546.0,592.0,291.0,333.0,623.0,745.0,3,winter,0.03,0.0,445.0
3,2024-03-14 12:00:00+00:00,0.0,0.0,0.0,0.1,0.1,0.0,0.0,449.0,496.0,524.0,261.0,340.0,653.0,764.0,3,winter,0.03,0.0,431.0
3,2024-03-14 13:00:00+00:00,0.0,0.0,0.0,0.0,0.0,0.0,0.0,324.0,403.0,401.0,233.0,347.0,632.0,694.0,3,winter,0.0,0.0,395.0
3,2024-03-14 14:00:00+00:00,0.0,0.0,0.0,0.0,0.0,0.0,0.0,215.0,295.0,274.0,182.0,300.0,553.0,577.0,3,winter,0.0,0.0,319.0
3,2024-03-14 15:00:00+00:00,0.0,0.0,0.0,0.0,0.0,0.0,0.0,142.0,185.0,165.0,109.0,193.00002,421.00006,429.0,3,winter,0.0,0.0,203.00002
3,2024-03-14 16:00:00+00:00,0.0,0.0,0.0,0.0,0.0,0.0,0.0,80.0,88.0,75.0,45.0,85.0,248.0,249.99998,3,winter,0.0,0.0,93.0
3,2024-03-14 17:00:00+00:00,0.0,0.0,0.0,0.0,0.0,0.0,0.0,22.0,21.0,17.0,9.0,18.0,68.999985,68.999985,3,winter,0.0,0.0,21.0
3,2024-03-14 18:00:00+00:00,0.0,0.0,0.0,0.0,0.0,0.0,0.0,0.0,0.0,0.0,0.0,0.0,0.0,0.0,3,winter,0.0,0.0,0.0
3,2024-03-14 19:00:00+00:00,0.0,0.0,0.0,0.0,0.0,0.0,0.0,0.0,0.0,0.0,0.0,0.0,0.0,0.0,3,winter,0.0,0.0,0.0
3,2024-03-14 20:00:00+00:00,0.0,0.0,0.0,0.0,0.0,0.0,0.0,0.0,0.0,0.0,0.0,0.0,0.0,0.0,3,winter,0.0,0.0,0.0
3,2024-03-14 21:00:00+00:00,0.0,0.0,0.0,0.0,0.0,0.0,0.0,0.0,0.0,0.0,0.0,0.0,0.0,0.0,3,winter,0.0,0.0,0.0
3,2024-03-14 22:00:00+00:00,0.0,0.0,0.0,0.0,0.0,0.0,0.1,0.0,0.0,0.0,0.0,0.0,0.0,0.0,3,winter,0.01,0.0,0.0
3,2024-03-14 23:00:00+00:00,0.0,0.0,0.0,0.0,0.0,0.0,0.1,0.0,0.0,0.0,0.0,0.0,0.0,0.0,3,winter,0.01,0.0,0.0
3,2024-03-15 00:00:00+00:00,0.0,0.0,0.0,0.0,0.0,0.0,0.1,0.0,0.0,0.0,0.0,0.0,0.0,0.0,3,winter,0.01,0.0,0.0
3,2024-03-15 01:00:00+00:00,0.0,0.0,0.0,0.0,0.0,0.1,0.0,0.0,0.0,0.0,0.0,0.0,0.0,0.0,3,winter,0.01,0.0,0.0
3,2024-03-15 02:00:00+00:00,0.0,0.0,0.0,0.0,0.0,0.1,0.0,0.0,0.0,0.0,0.0,0.0,0.0,0.0,3,winter,0.01,0.0,0.0
3,2024-03-15 03:00:00+00:00,0.0,0.0,0.0,0.0,0.0,0.1,0.0,0.0,0.0,0.0,0.0,0.0,0.0,0.0,3,winter,0.01,0.0,0.0
3,2024-03-15 04:00:00+00:00,0.1,0.0,0.0,0.0,0.0,0.1,0.0,0.0,0.0,0.0,0.0,0.0,0.0,0.0,3,winter,0.03,0.0,0.0
3,2024-03-15 05:00:00+00:00,0.1,0.0,0.0,0.0,0.0,0.1,0.0,0.0,0.0,0.0,0.0,0.0,0.0,0.0,3,winter,0.03,0.0,0.0
3,2024-03-15 06:00:00+00:00,0.1,0.0,0.0,0.0,0.0,0.1,0.0,18.0,26.0,32.0,35.0,35.0,11.0,33.0,3,winter,0.03,0.0,14.0
3,2024-03-15 07:00:00+00:00,0.0,0.0,0.0,0.0,0.0,0.3,0.1,90.0,124.99999,163.99998,180.99997,173.99998,52.0,139.99998,3,winter,0.06,0.0,73.0
3,2024-03-15 08:00:00+00:00,0.0,0.0,0.0,0.0,0.0,0.3,0.1,198.0,260.0,329.99997,375.99997,351.99997,130.0,289.0,3,winter,0.06,0.0,165.0
3,2024-03-15 09:00:00+00:00,0.0,0.0,0.0,0.0,0.0,0.3,0.1,324.0,396.0,416.0,513.0,462.0,266.0,461.0,3,winter,0.06,0.0,278.0
3,2024-03-15 10:00:00+00:00,0.0,0.0,0.0,0.0,0.0,0.0,0.0,451.0,511.0,411.0,572.99994,486.0,443.0,633.99994,3,winter,0.0,0.0,399.0
3,2024-03-15 11:00:00+00:00,0.0,0.0,0.0,0.0,0.0,0.0,0.0,542.0,570.0,389.0,591.0,464.0,584.0,750.0,3,winter,0.0,0.0,494.0
3,2024-03-15 12:00:00+00:00,0.0,0.0,0.0,0.0,0.0,0.0,0.0,575.0,548.0,418.0,603.0,424.0,629.0,766.0,3,winter,0.0,0.0,556.00006
3,2024-03-15 13:00:00+00:00,0.0,0.0,0.0,0.0,0.0,0.0,0.0,545.0,461.0,440.0,576.0,357.0,596.0,697.0,3,winter,0.0,0.0,562.0
3,2024-03-15 14:00:00+00:00,0.0,0.0,0.0,0.0,0.0,0.0,0.0,444.0,346.0,386.0,473.0,273.0,512.0,581.0,3,winter,0.0,0.0,475.99997
3,2024-03-15 15:00:00+00:00,0.0,0.0,0.0,0.0,0.0,0.0,0.0,281.0,220.0,248.0,298.0,181.0,388.0,433.0,3,winter,0.0,0.0,300.0
3,2024-03-15 16:00:00+00:00,0.0,0.0,0.0,0.0,0.0,0.0,0.0,122.99999,104.0,108.0,130.0,93.0,229.99997,253.99998,3,winter,0.0,0.0,125.99999
3,2024-03-15 17:00:00+00:00,0.0,0.0,0.0,0.0,0.0,0.0,0.0,26.0,24.0,23.0,27.0,23.0,64.0,71.0,3,winter,0.0,0.0,25.0
3,2024-03-15 18:00:00+00:00,0.0,0.0,0.0,0.0,0.0,0.0,0.0,0.0,0.0,0.0,0.0,0.0,0.0,0.0,3,winter,0.0,0.0,0.0
3,2024-03-15 19:00:00+00:00,0.0,0.0,0.0,0.0,0.0,0.0,0.0,0.0,0.0,0.0,0.0,0.0,0.0,0.0,3,winter,0.0,0.0,0.0
3,2024-03-15 20:00:00+00:00,0.0,0.0,0.0,0.0,0.0,0.0,0.0,0.0,0.0,0.0,0.0,0.0,0.0,0.0,3,winter,0.0,0.0,0.0
3,2024-03-15 21:00:00+00:00,0.0,0.0,0.0,0.0,0.0,0.0,0.0,0.0,0.0,0.0,0.0,0.0,0.0,0.0,3,winter,0.0,0.0,0.0
3,2024-03-15 22:00:00+00:00,0.0,0.0,0.0,0.0,0.0,0.0,0.0,0.0,0.0,0.0,0.0,0.0,0.0,0.0,3,winter,0.0,0.0,0.0
3,2024-03-15 23:00:00+00:00,0.0,0.0,0.0,0.0,0.0,0.0,0.0,0.0,0.0,0.0,0.0,0.0,0.0,0.0,3,winter,0.0,0.0,0.0
3,2024-03-16 00:00:00+00:00,0.0,0.0,0.0,0.0,0.0,0.0,0.0,0.0,0.0,0.0,0.0,0.0,0.0,0.0,3,winter,0.0,0.0,0.0
3,2024-03-16 01:00:00+00:00,0.0,0.0,0.0,0.0,0.0,0.0,0.0,0.0,0.0,0.0,0.0,0.0,0.0,0.0,3,winter,0.0,0.0,0.0
3,2024-03-16 02:00:00+00:00,0.0,0.0,0.0,0.0,0.0,0.0,0.0,0.0,0.0,0.0,0.0,0.0,0.0,0.0,3,winter,0.0,0.0,0.0
3,2024-03-16 03:00:00+00:00,0.0,0.0,0.0,0.0,0.0,0.0,0.0,0.0,0.0,0.0,0.0,0.0,0.0,0.0,3,winter,0.0,0.0,0.0
3,2024-03-16 04:00:00+00:00,0.0,0.0,0.0,0.0,0.0,0.0,0.0,0.0,0.0,0.0,0.0,0.0,0.0,0.0,3,winter,0.0,0.0,0.0
3,2024-03-16 05:00:00+00:00,0.0,0.0,0.0,0.0,0.0,0.0,0.0,0.0,0.0,0.0,0.0,0.0,0.0,0.0,3,winter,0.0,0.0,0.0
3,2024-03-16 06:00:00+00:00,0.0,0.0,0.0,0.0,0.0,0.0,0.0,23.0,29.0,23.0,21.0,19.0,33.0,48.0,3,winter,0.0,0.0,24.0
3,2024-03-16 07:00:00+00:00,0.0,0.0,0.0,0.0,0.0,0.0,0.0,105.0,145.00002,114.00001,104.0,91.0,136.0,173.00002,3,winter,0.0,0.0,112.00001
3,2024-03-16 08:00:00+00:00,0.0,0.0,0.0,0.0,0.0,0.0,0.0,206.0,292.0,238.0,224.0,193.0,264.0,327.0,3,winter,0.0,0.0,228.0
3,2024-03-16 09:00:00+00:00,0.0,0.0,0.0,0.0,0.0,0.0,0.0,264.0,375.0,343.0,351.0,295.0,374.0,483.0,3,winter,0.0,0.0,321.0
3,2024-03-16 10:00:00+00:00,0.1,0.0,0.0,0.0,0.0,0.0,0.0,272.0,381.0,413.0,466.0,382.0,453.0,624.0,3,winter,0.01,0.0,377.0
3,2024-03-16 11:00:00+00:00,0.1,0.0,0.0,0.0,0.0,0.0,0.0,267.0,350.0,440.0,531.0,435.0,509.0,718.0,3,winter,0.01,0.0,406.0
3,2024-03-16 12:00:00+00:00,0.1,0.0,0.0,0.0,0.0,0.0,0.0,280.0,310.0,418.0,524.0,448.0,547.0,738.0,3,winter,0.01,0.0,423.0
3,2024-03-16 13:00:00+00:00,0.1,0.0,0.0,0.0,0.0,0.0,0.1,284.0,253.0,352.0,453.0,416.0,548.00006,689.0,3,winter,0.03,0.0,408.0
3,2024-03-16 14:00:00+00:00,0.1,0.0,0.0,0.0,0.0,0.0,0.1,248.0,188.0,263.0,345.0,332.0,496.0,586.0,3,winter,0.03,0.0,339.0
3,2024-03-16 15:00:00+00:00,0.1,0.0,0.0,0.0,0.0,0.0,0.1,167.0,122.0,163.0,212.0,204.0,391.0,439.0,3,winter,0.03,0.0,219.0
3,2024-03-16 16:00:00+00:00,0.0,0.0,0.0,0.1,0.3,0.0,0.1,82.0,61.0,73.0,93.0,85.0,241.00003,259.00003,3,winter,0.07,0.0,100.0
3,2024-03-16 17:00:00+00:00,0.0,0.0,0.0,0.1,0.3,0.0,0.1,20.0,15.0,16.0,20.0,17.0,70.0,72.99999,3,winter,0.07,0.0,22.0
3,2024-03-16 18:00:00+00:00,0.0,0.0,0.0,0.1,0.3,0.0,0.1,0.0,0.0,0.0,0.0,0.0,0.0,0.0,3,winter,0.07,0.0,0.0
3,2024-03-16 19:00:00+00:00,0.6,0.0,0.3,1.0,0.3,0.0,0.0,0.0,0.0,0.0,0.0,0.0,0.0,0.0,3,winter,0.31,0.1,0.0
3,2024-03-16 20:00:00+00:00,0.6,0.0,0.3,1.0,0.3,0.0,0.0,0.0,0.0,0.0,0.0,0.0,0.0,0.0,3,winter,0.31,0.1,0.0
3,2024-03-16 21:00:00+00:00,0.6,0.0,0.3,1.0,0.3,0.0,0.0,0.0,0.0,0.0,0.0,0.0,0.0,0.0,3,winter,0.31,0.1,0.0
3,2024-03-16 22:00:00+00:00,0.0,0.2,0.4,0.6,0.0,0.0,0.0,0.0,0.0,0.0,0.0,0.0,0.0,0.0,3,winter,0.17,0.0,0.0
3,2024-03-16 23:00:00+00:00,0.0,0.2,0.4,0.6,0.0,0.0,0.0,0.0,0.0,0.0,0.0,0.0,0.0,0.0,3,winter,0.17,0.0,0.0
3,2024-03-17 00:00:00+00:00,0.0,0.2,0.4,0.6,0.0,0.0,0.0,0.0,0.0,0.0,0.0,0.0,0.0,0.0,3,winter,0.17,0.0,0.0
3,2024-03-17 01:00:00+00:00,0.5,0.0,0.1,1.7,0.0,0.0,0.0,0.0,0.0,0.0,0.0,0.0,0.0,0.0,3,winter,0.33,0.5,0.0
3,2024-03-17 02:00:00+00:00,0.5,0.0,0.1,1.7,0.0,0.0,0.0,0.0,0.0,0.0,0.0,0.0,0.0,0.0,3,winter,0.33,0.5,0.0
3,2024-03-17 03:00:00+00:00,0.5,0.0,0.1,1.7,0.0,0.0,0.0,0.0,0.0,0.0,0.0,0.0,0.0,0.0,3,winter,0.33,0.5,0.0
3,2024-03-17 04:00:00+00:00,0.0,0.0,0.0,0.0,0.0,0.0,0.0,0.0,0.0,0.0,0.0,0.0,0.0,0.0,3,winter,0.0,0.2,0.0
3,2024-03-17 05:00:00+00:00,0.0,0.0,0.0,0.0,0.0,0.0,0.0,0.0,0.0,0.0,0.0,0.0,0.0,0.0,3,winter,0.0,0.2,0.0
3,2024-03-17 06:00:00+00:00,0.0,0.0,0.0,0.0,0.0,0.0,0.0,38.0,35.0,37.0,39.0,41.0,50.0,47.0,3,winter,0.0,0.2,38.0
3,2024-03-17 07:00:00+00:00,0.0,0.0,0.0,0.0,0.0,0.0,0.0,183.0,171.0,180.0,184.0,190.0,175.0,169.0,3,winter,0.0,0.0,178.0
3,2024-03-17 08:00:00+00:00,0.0,0.0,0.0,0.0,0.0,0.0,0.0,378.0,360.0,376.0,382.0,389.0,328.0,322.0,3,winter,0.0,0.0,364.0
3,2024-03-17 09:00:00+00:00,0.0,0.0,0.0,0.0,0.0,0.0,0.0,535.0,522.0,538.0,544.0,549.0,473.0,491.0,3,winter,0.0,0.0,519.0
3,2024-03-17 10:00:00+00:00,0.0,0.0,0.0,0.0,0.0,0.0,0.0,631.0,633.00006,643.0,647.0,647.0,596.0,654.0,3,winter,0.0,0.0,619.0
3,2024-03-17 11:00:00+00:00,0.0,0.0,0.0,0.0,0.0,0.0,0.0,670.0,687.0,693.0,689.0,685.0,679.0,761.0,3,winter,0.0,0.0,660.0
3,2024-03-17 12:00:00+00:00,0.0,0.0,0.0,0.0,0.0,0.0,0.0,662.0,686.0,696.0,675.0,669.0,707.0,774.0,3,winter,0.0,0.0,645.0
3,2024-03-17 13:00:00+00:00,0.0,0.0,0.0,0.0,0.0,0.0,0.0,595.0,620.0,636.0,598.0,593.0,675.0,706.0,3,winter,0.0,0.0,569.0
3,2024-03-17 14:00:00+00:00,0.0,0.0,0.0,0.0,0.0,0.0,0.0,469.00006,488.0,508.0,465.0,462.0,584.0,590.0,3,winter,0.0,0.0,444.0
3,2024-03-17 15:00:00+00:00,0.0,0.0,0.0,0.0,0.0,0.0,0.0,295.0,302.0,320.0,287.0,288.0,442.00006,442.00006,3,winter,0.0,0.0,283.0
3,2024-03-17 16:00:00+00:00,0.0,0.0,0.0,0.0,0.0,0.0,0.0,132.0,130.0,143.0,125.0,128.0,262.99997,262.99997,3,winter,0.0,0.0,132.0
3,2024-03-17 17:00:00+00:00,0.0,0.0,0.0,0.0,0.0,0.0,0.0,29.0,27.0,31.0,26.0,28.0,76.0,76.0,3,winter,0.0,0.0,30.0
3,2024-03-17 18:00:00+00:00,0.0,0.0,0.0,0.0,0.0,0.0,0.0,0.0,0.0,0.0,0.0,0.0,0.0,0.0,3,winter,0.0,0.0,0.0
3,2024-03-17 19:00:00+00:00,0.0,0.0,0.0,0.0,0.0,0.0,0.0,0.0,0.0,0.0,0.0,0.0,0.0,0.0,3,winter,0.0,0.0,0.0
3,2024-03-17 20:00:00+00:00,0.0,0.0,0.0,0.0,0.0,0.0,0.0,0.0,0.0,0.0,0.0,0.0,0.0,0.0,3,winter,0.0,0.0,0.0
3,2024-03-17 21:00:00+00:00,0.0,0.0,0.0,0.0,0.0,0.0,0.0,0.0,0.0,0.0,0.0,0.0,0.0,0.0,3,winter,0.0,0.0,0.0
3,2024-03-17 22:00:00+00:00,0.0,0.0,0.0,0.0,0.0,0.0,0.0,0.0,0.0,0.0,0.0,0.0,0.0,0.0,3,winter,0.0,0.0,0.0
3,2024-03-17 23:00:00+00:00,0.0,0.0,0.0,0.0,0.0,0.0,0.0,0.0,0.0,0.0,0.0,0.0,0.0,0.0,3,winter,0.0,0.0,0.0
3,2024-03-18 00:00:00+00:00,0.0,0.0,0.0,0.0,0.0,0.0,0.0,0.0,0.0,0.0,0.0,0.0,0.0,0.0,3,winter,0.0,0.0,0.0
3,2024-03-18 01:00:00+00:00,0.0,0.0,0.0,0.0,0.0,0.0,0.0,0.0,0.0,0.0,0.0,0.0,0.0,0.0,3,winter,0.0,0.0,0.0
3,2024-03-18 02:00:00+00:00,0.0,0.0,0.0,0.0,0.0,0.0,0.0,0.0,0.0,0.0,0.0,0.0,0.0,0.0,3,winter,0.0,0.0,0.0
3,2024-03-18 03:00:00+00:00,0.0,0.0,0.0,0.0,0.0,0.0,0.0,0.0,0.0,0.0,0.0,0.0,0.0,0.0,3,winter,0.0,0.0,0.0
3,2024-03-18 04:00:00+00:00,0.0,0.0,0.0,0.0,0.0,0.0,0.0,0.0,0.0,0.0,0.0,0.0,0.0,0.0,3,winter,0.0,1.1,0.0
3,2024-03-18 05:00:00+00:00,0.0,0.0,0.0,0.0,0.0,0.0,0.0,0.0,0.0,0.0,0.0,0.0,0.0,0.0,3,winter,0.0,1.1,0.0
3,2024-03-18 06:00:00+00:00,0.0,0.0,0.0,0.0,0.0,0.0,0.0,24.0,22.0,41.0,39.0,43.0,44.999996,44.999996,3,winter,0.0,1.1,31.0
3,2024-03-18 07:00:00+00:00,0.5,0.6,0.0,0.0,0.0,0.0,0.0,93.0,96.0,184.0,184.0,192.0,164.0,161.0,3,winter,0.16,0.0,151.0
3,2024-03-18 08:00:00+00:00,0.5,0.6,0.0,0.0,0.0,0.0,0.0,172.0,187.0,347.0,372.0,387.0,314.0,314.0,3,winter,0.16,0.0,317.0
3,2024-03-18 09:00:00+00:00,0.5,0.6,0.0,0.0,0.0,0.0,0.0,210.0,240.0,376.0,495.0,523.0,464.0,486.0,3,winter,0.16,0.0,455.0
3,2024-03-18 10:00:00+00:00,0.1,0.1,0.3,0.0,0.0,0.0,0.1,204.0,244.0,272.0,533.0,581.0,596.0,654.0,3,winter,0.09,0.0,544.99994
3,2024-03-18 11:00:00+00:00,0.1,0.1,0.3,0.0,0.0,0.0,0.1,200.0,224.0,192.0,530.0,597.0,686.0,766.0,3,winter,0.09,0.0,590.00006
3,2024-03-18 12:00:00+00:00,0.1,0.1,0.3,0.0,0.0,0.0,0.1,234.0,191.0,268.0,528.0,601.0,715.0,781.0,3,winter,0.09,0.0,603.0
3,2024-03-18 13:00:00+00:00,0.0,0.0,0.0,0.0,0.0,0.0,0.1,269.0,146.0,388.0,493.0,565.0,681.0,713.0,3,winter,0.01,0.0,564.0
3,2024-03-18 14:00:00+00:00,0.0,0.0,0.0,0.0,0.0,0.0,0.1,257.0,106.0,400.0,393.0,459.0,589.0,595.0,3,winter,0.01,0.0,458.0
3,2024-03-18 15:00:00+00:00,0.0,0.0,0.0,0.0,0.0,0.0,0.1,187.0,77.0,275.0,231.0,289.0,447.0,441.0,3,winter,0.01,0.0,293.0
3,2024-03-18 16:00:00+00:00,0.0,0.0,0.0,0.0,0.0,0.0,0.1,101.0,48.0,128.0,86.0,127.0,268.0,259.0,3,winter,0.01,0.0,134.0
3,2024-03-18 17:00:00+00:00,0.0,0.0,0.0,0.0,0.0,0.0,0.1,27.0,15.0,29.0,14.0,27.0,78.0,74.0,3,winter,0.01,0.0,30.0
3,2024-03-18 18:00:00+00:00,0.0,0.0,0.0,0.0,0.0,0.0,0.1,0.0,0.0,0.0,0.0,0.0,0.0,0.0,3,winter,0.01,0.0,0.0
3,2024-03-18 19:00:00+00:00,0.0,0.1,0.0,0.0,0.0,0.0,0.0,0.0,0.0,0.0,0.0,0.0,0.0,0.0,3,winter,0.01,0.2,0.0
3,2024-03-18 20:00:00+00:00,0.0,0.1,0.0,0.0,0.0,0.0,0.0,0.0,0.0,0.0,0.0,0.0,0.0,0.0,3,winter,0.01,0.2,0.0
3,2024-03-18 21:00:00+00:00,0.0,0.1,0.0,0.0,0.0,0.0,0.0,0.0,0.0,0.0,0.0,0.0,0.0,0.0,3,winter,0.01,0.2,0.0
3,2024-03-18 22:00:00+00:00,0.0,0.2,0.0,0.1,0.2,0.0,0.0,0.0,0.0,0.0,0.0,0.0,0.0,0.0,3,winter,0.07,0.0,0.0
3,2024-03-18 23:00:00+00:00,0.0,0.2,0.0,0.1,0.2,0.0,0.0,0.0,0.0,0.0,0.0,0.0,0.0,0.0,3,winter,0.07,0.0,0.0
3,2024-03-19 00:00:00+00:00,0.0,0.2,0.0,0.1,0.2,0.0,0.0,0.0,0.0,0.0,0.0,0.0,0.0,0.0,3,winter,0.07,0.0,0.0
3,2024-03-19 01:00:00+00:00,0.0,0.0,0.0,0.0,0.0,0.3,0.0,0.0,0.0,0.0,0.0,0.0,0.0,0.0,3,winter,0.04,0.0,0.0
3,2024-03-19 02:00:00+00:00,0.0,0.0,0.0,0.0,0.0,0.3,0.0,0.0,0.0,0.0,0.0,0.0,0.0,0.0,3,winter,0.04,0.0,0.0
3,2024-03-19 03:00:00+00:00,0.0,0.0,0.0,0.0,0.0,0.3,0.0,0.0,0.0,0.0,0.0,0.0,0.0,0.0,3,winter,0.04,0.0,0.0
3,2024-03-19 04:00:00+00:00,0.0,0.0,0.0,0.0,0.0,0.3,0.0,0.0,0.0,0.0,0.0,0.0,0.0,0.0,3,winter,0.04,0.0,0.0
3,2024-03-19 05:00:00+00:00,0.0,0.0,0.0,0.0,0.0,0.3,0.0,0.0,0.0,0.0,0.0,0.0,0.0,0.0,3,winter,0.04,0.0,0.0
3,2024-03-19 06:00:00+00:00,0.0,0.0,0.0,0.0,0.0,0.3,0.0,39.0,45.0,31.0,46.0,14.0,28.0,41.0,3,winter,0.04,0.0,41.0
3,2024-03-19 07:00:00+00:00,0.0,0.0,0.0,0.0,0.0,0.2,0.0,172.99998,201.99998,161.99998,200.99997,69.0,99.0,162.99998,3,winter,0.03,0.0,183.99998
3,2024-03-19 08:00:00+00:00,0.0,0.0,0.0,0.0,0.0,0.2,0.0,351.0,402.0,347.0,393.0,158.0,177.0,297.0,3,winter,0.03,0.0,370.0
3,2024-03-19 09:00:00+00:00,0.0,0.0,0.0,0.0,0.0,0.2,0.0,502.0,533.0,502.0,504.0,263.0,211.0,334.0,3,winter,0.03,0.0,503.0
3,2024-03-19 10:00:00+00:00,0.0,0.0,0.0,0.0,0.0,0.2,1.4,602.0,572.0,603.99994,518.0,374.0,202.0,273.0,3,winter,0.23,0.0,562.0
3,2024-03-19 11:00:00+00:00,0.0,0.0,0.0,0.0,0.0,0.2,1.4,634.0,548.0,645.0,486.0,470.0,205.0,208.0,3,winter,0.23,0.0,568.0
3,2024-03-19 12:00:00+00:00,0.0,0.0,0.0,0.0,0.0,0.2,1.4,583.0,475.0,619.0,447.0,550.0,256.0,206.0,3,winter,0.23,0.0,533.0
3,2024-03-19 13:00:00+00:00,0.0,0.0,0.0,0.0,0.0,0.0,0.2,466.0,360.0,531.0,383.0,581.0,316.0,224.0,3,winter,0.03,0.0,454.0
3,2024-03-19 14:00:00+00:00,0.0,0.0,0.0,0.0,0.0,0.0,0.2,336.0,255.0,406.0,294.0,510.0,334.0,218.0,3,winter,0.03,0.0,350.0
3,2024-03-19 15:00:00+00:00,0.0,0.0,0.0,0.0,0.0,0.0,0.2,210.0,174.0,259.0,184.0,334.0,295.0,178.0,3,winter,0.03,0.0,232.0
3,2024-03-19 16:00:00+00:00,0.0,0.0,0.0,0.0,0.0,0.0,0.2,101.0,101.0,124.0,86.0,150.0,204.0,115.0,3,winter,0.03,0.0,119.0
3,2024-03-19 17:00:00+00:00,0.0,0.0,0.0,0.0,0.0,0.0,0.2,25.0,29.0,29.0,20.0,33.0,65.0,35.0,3,winter,0.03,0.0,31.0
3,2024-03-19 18:00:00+00:00,0.0,0.0,0.0,0.0,0.0,0.0,0.2,0.0,0.0,0.0,0.0,0.0,0.0,0.0,3,winter,0.03,0.0,0.0
3,2024-03-19 19:00:00+00:00,0.0,0.0,0.0,0.0,0.0,0.0,0.6,0.0,0.0,0.0,0.0,0.0,0.0,0.0,3,winter,0.09,0.0,0.0
3,2024-03-19 20:00:00+00:00,0.0,0.0,0.0,0.0,0.0,0.0,0.6,0.0,0.0,0.0,0.0,0.0,0.0,0.0,3,winter,0.09,0.0,0.0
3,2024-03-19 21:00:00+00:00,0.0,0.0,0.0,0.0,0.0,0.0,0.6,0.0,0.0,0.0,0.0,0.0,0.0,0.0,3,winter,0.09,0.0,0.0
3,2024-03-19 22:00:00+00:00,0.0,0.0,0.0,0.0,0.0,0.0,0.0,0.0,0.0,0.0,0.0,0.0,0.0,0.0,3,winter,0.0,0.0,0.0
3,2024-03-19 23:00:00+00:00,0.0,0.0,0.0,0.0,0.0,0.0,0.0,0.0,0.0,0.0,0.0,0.0,0.0,0.0,3,winter,0.0,0.0,0.0
3,2024-03-20 00:00:00+00:00,0.0,0.0,0.0,0.0,0.0,0.0,0.0,0.0,0.0,0.0,0.0,0.0,0.0,0.0,3,winter,0.0,0.0,0.0
3,2024-03-20 01:00:00+00:00,0.0,0.0,0.0,0.0,0.0,0.0,0.0,0.0,0.0,0.0,0.0,0.0,0.0,0.0,3,winter,0.0,0.0,0.0
3,2024-03-20 02:00:00+00:00,0.0,0.0,0.0,0.0,0.0,0.0,0.0,0.0,0.0,0.0,0.0,0.0,0.0,0.0,3,winter,0.0,0.0,0.0
3,2024-03-20 03:00:00+00:00,0.0,0.0,0.0,0.0,0.0,0.0,0.0,0.0,0.0,0.0,0.0,0.0,0.0,0.0,3,winter,0.0,0.0,0.0
3,2024-03-20 04:00:00+00:00,0.0,0.0,0.0,0.0,0.0,0.0,0.0,0.0,0.0,0.0,0.0,0.0,0.0,0.0,3,winter,0.0,0.0,0.0
3,2024-03-20 05:00:00+00:00,0.0,0.0,0.0,0.0,0.0,0.0,0.0,0.99999994,0.99999994,0.99999994,0.99999994,0.99999994,2.0000002,2.0000002,3,winter,0.0,0.0,0.99999994
3,2024-03-20 06:00:00+00:00,0.0,0.0,0.0,0.0,0.0,0.0,0.0,50.0,51.0,51.0,51.0,52.0,67.0,63.0,3,winter,0.0,0.0,51.0
3,2024-03-20 07:00:00+00:00,0.0,0.0,0.0,0.0,0.0,0.0,0.0,205.0,207.0,208.0,207.0,209.0,203.0,193.0,3,winter,0.0,0.0,207.0
3,2024-03-20 08:00:00+00:00,0.0,0.0,0.0,0.0,0.0,0.0,0.0,407.99997,409.99997,411.99994,409.99997,414.0,358.99997,350.99997,3,winter,0.0,0.0,409.99997
3,2024-03-20 09:00:00+00:00,0.0,0.0,0.0,0.0,0.0,0.0,0.0,569.0,570.0,572.0,572.0,575.0,508.0,518.0,3,winter,0.0,0.0,571.0
3,2024-03-20 10:00:00+00:00,0.0,0.0,0.0,0.0,0.0,0.0,0.0,666.0,666.0,667.0,671.0,670.0,634.0,675.0,3,winter,0.0,0.0,667.0
3,2024-03-20 11:00:00+00:00,0.0,0.0,0.0,0.0,0.0,0.0,0.0,709.0,708.0,707.0,714.0,710.0,716.0,777.0,3,winter,0.0,0.0,709.0
3,2024-03-20 12:00:00+00:00,0.0,0.0,0.0,0.0,0.0,0.0,0.0,710.0,709.0,707.0,715.0,708.0,739.0,787.0,3,winter,0.0,0.0,710.0
3,2024-03-20 13:00:00+00:00,0.0,0.0,0.0,0.0,0.0,0.0,0.0,651.0,650.0,649.0,656.0,648.0,700.0,719.0,3,winter,0.0,0.0,652.0
3,2024-03-20 14:00:00+00:00,0.0,0.0,0.0,0.0,0.0,0.0,0.0,523.0,523.0,522.0,527.0,520.0,604.0,604.0,3,winter,0.0,0.0,525.00006
3,2024-03-20 15:00:00+00:00,0.0,0.0,0.0,0.0,0.0,0.0,0.0,334.0,334.0,333.0,337.0,332.0,458.0,456.0,3,winter,0.0,0.0,335.0
3,2024-03-20 16:00:00+00:00,0.0,0.0,0.0,0.0,0.0,0.0,0.0,154.0,154.0,153.0,156.0,154.0,277.0,276.0,3,winter,0.0,0.0,154.0
3,2024-03-20 17:00:00+00:00,0.0,0.0,0.0,0.0,0.0,0.0,0.0,34.999996,34.999996,34.999996,35.999996,34.999996,81.999985,81.999985,3,winter,0.0,0.0,34.999996
3,2024-03-20 18:00:00+00:00,0.0,0.0,0.0,0.0,0.0,0.0,0.0,0.0,0.0,0.0,0.0,0.0,0.0,0.0,3,winter,0.0,0.0,0.0
3,2024-03-20 19:00:00+00:00,0.0,0.0,0.0,0.0,0.0,0.0,0.0,0.0,0.0,0.0,0.0,0.0,0.0,0.0,3,winter,0.0,0.0,0.0
3,2024-03-20 20:00:00+00:00,0.0,0.0,0.0,0.0,0.0,0.0,0.0,0.0,0.0,0.0,0.0,0.0,0.0,0.0,3,winter,0.0,0.0,0.0
3,2024-03-20 21:00:00+00:00,0.0,0.0,0.0,0.0,0.0,0.0,0.0,0.0,0.0,0.0,0.0,0.0,0.0,0.0,3,winter,0.0,0.0,0.0
3,2024-03-20 22:00:00+00:00,0.0,0.0,0.0,0.0,0.0,0.0,0.0,0.0,0.0,0.0,0.0,0.0,0.0,0.0,3,winter,0.0,0.0,0.0
3,2024-03-20 23:00:00+00:00,0.0,0.0,0.0,0.0,0.0,0.0,0.0,0.0,0.0,0.0,0.0,0.0,0.0,0.0,3,winter,0.0,0.0,0.0
3,2024-03-21 00:00:00+00:00,0.0,0.0,0.0,0.0,0.0,0.0,0.0,0.0,0.0,0.0,0.0,0.0,0.0,0.0,3,spring,0.0,0.0,0.0
3,2024-03-21 01:00:00+00:00,0.0,0.0,0.0,0.0,0.0,0.0,0.0,0.0,0.0,0.0,0.0,0.0,0.0,0.0,3,spring,0.0,0.0,0.0
3,2024-03-21 02:00:00+00:00,0.0,0.0,0.0,0.0,0.0,0.0,0.0,0.0,0.0,0.0,0.0,0.0,0.0,0.0,3,spring,0.0,0.0,0.0
3,2024-03-21 03:00:00+00:00,0.0,0.0,0.0,0.0,0.0,0.0,0.0,0.0,0.0,0.0,0.0,0.0,0.0,0.0,3,spring,0.0,0.0,0.0
3,2024-03-21 04:00:00+00:00,0.0,0.0,0.0,0.0,0.0,0.0,0.0,0.0,0.0,0.0,0.0,0.0,0.0,0.0,3,spring,0.0,0.0,0.0
3,2024-03-21 05:00:00+00:00,0.0,0.0,0.0,0.0,0.0,0.0,0.0,2.0,2.0,2.0,2.0,2.0,3.0000002,4.0000005,3,spring,0.0,0.0,2.0
3,2024-03-21 06:00:00+00:00,0.0,0.0,0.0,0.0,0.0,0.0,0.0,50.0,52.0,52.0,54.0,54.0,67.0,71.0,3,spring,0.0,0.0,53.0
3,2024-03-21 07:00:00+00:00,0.0,0.0,0.0,0.0,0.0,0.0,0.0,195.0,206.0,203.0,213.0,209.0,200.0,206.0,3,spring,0.0,0.0,208.0
3,2024-03-21 08:00:00+00:00,0.0,0.0,0.0,0.0,0.0,0.0,0.0,383.0,405.00006,400.00006,415.00003,407.0,356.00003,365.00003,3,spring,0.0,0.0,407.0
3,2024-03-21 09:00:00+00:00,0.0,0.0,0.0,0.0,0.0,0.0,0.0,543.0,565.0,557.0,567.0,555.0,507.00003,531.0,3,spring,0.0,0.0,566.0
3,2024-03-21 10:00:00+00:00,0.0,0.0,0.0,0.0,0.0,0.0,0.0,651.0,664.0,654.0,648.0,633.0,636.0,684.0,3,spring,0.0,0.0,664.0
3,2024-03-21 11:00:00+00:00,0.0,0.0,0.0,0.0,0.0,0.0,0.0,704.0,703.0,698.0,674.0,663.0,721.0,782.0,3,spring,0.0,0.0,706.0
3,2024-03-21 12:00:00+00:00,0.0,0.0,0.0,0.0,0.0,0.0,0.0,705.0,686.0,698.0,662.0,665.0,745.0,791.0,3,spring,0.0,0.0,703.0
3,2024-03-21 13:00:00+00:00,0.0,0.0,0.0,0.0,0.0,0.0,0.0,643.0,608.0,640.0,596.99994,617.0,705.0,723.0,3,spring,0.0,0.0,640.0
3,2024-03-21 14:00:00+00:00,0.0,0.0,0.0,0.0,0.0,0.0,0.0,512.0,476.0,511.0,476.0,500.0,608.0,608.0,3,spring,0.0,0.0,508.0
3,2024-03-21 15:00:00+00:00,0.0,0.0,0.0,0.0,0.0,0.0,0.0,323.0,300.0,322.0,306.0,321.0,462.0,460.0,3,spring,0.0,0.0,318.0
3,2024-03-21 16:00:00+00:00,0.0,0.0,0.0,0.0,0.0,0.0,0.0,146.0,138.0,144.0,145.0,149.0,281.00003,280.0,3,spring,0.0,0.0,141.0
3,2024-03-21 17:00:00+00:00,0.0,0.0,0.0,0.0,0.0,0.0,0.0,33.0,31.999998,31.999998,34.0,34.0,83.99999,83.99999,3,spring,0.0,0.0,31.0
3,2024-03-21 18:00:00+00:00,0.0,0.0,0.0,0.0,0.0,0.0,0.0,0.0,0.0,0.0,0.0,0.0,0.0,0.0,3,spring,0.0,0.0,0.0
3,2024-03-21 19:00:00+00:00,0.0,0.0,0.0,0.0,0.0,0.0,0.0,0.0,0.0,0.0,0.0,0.0,0.0,0.0,3,spring,0.0,0.0,0.0
3,2024-03-21 20:00:00+00:00,0.0,0.0,0.0,0.0,0.0,0.0,0.0,0.0,0.0,0.0,0.0,0.0,0.0,0.0,3,spring,0.0,0.0,0.0
3,2024-03-21 21:00:00+00:00,0.0,0.0,0.0,0.0,0.0,0.0,0.0,0.0,0.0,0.0,0.0,0.0,0.0,0.0,3,spring,0.0,0.0,0.0
3,2024-03-21 22:00:00+00:00,0.0,0.0,0.0,0.0,0.0,0.0,0.0,0.0,0.0,0.0,0.0,0.0,0.0,0.0,3,spring,0.0,0.0,0.0
3,2024-03-21 23:00:00+00:00,0.0,0.0,0.0,0.0,0.0,0.0,0.0,0.0,0.0,0.0,0.0,0.0,0.0,0.0,3,spring,0.0,0.0,0.0
3,2024-03-22 00:00:00+00:00,0.0,0.0,0.0,0.0,0.0,0.0,0.0,0.0,0.0,0.0,0.0,0.0,0.0,0.0,3,spring,0.0,0.0,0.0
3,2024-03-22 01:00:00+00:00,0.0,0.2,0.0,0.0,0.0,0.0,0.0,0.0,0.0,0.0,0.0,0.0,0.0,0.0,3,spring,0.03,0.0,0.0
3,2024-03-22 02:00:00+00:00,0.0,0.2,0.0,0.0,0.0,0.0,0.0,0.0,0.0,0.0,0.0,0.0,0.0,0.0,3,spring,0.03,0.0,0.0
3,2024-03-22 03:00:00+00:00,0.0,0.2,0.0,0.0,0.0,0.0,0.0,0.0,0.0,0.0,0.0,0.0,0.0,0.0,3,spring,0.03,0.0,0.0
3,2024-03-22 04:00:00+00:00,0.0,0.0,0.0,0.0,0.0,0.0,0.0,0.0,0.0,0.0,0.0,0.0,0.0,0.0,3,spring,0.0,0.0,0.0
3,2024-03-22 05:00:00+00:00,0.0,0.0,0.0,0.0,0.0,0.0,0.0,2.0,2.0,1.0,1.0,2.0,5.0,4.0,3,spring,0.0,0.0,1.0
3,2024-03-22 06:00:00+00:00,0.0,0.0,0.0,0.0,0.0,0.0,0.0,50.0,39.0,19.0,36.0,46.0,70.0,50.0,3,spring,0.0,0.0,42.0
3,2024-03-22 07:00:00+00:00,0.0,0.0,0.8,0.0,0.0,0.0,0.0,192.0,152.0,71.0,164.0,181.0,209.0,130.0,3,spring,0.11,0.0,180.0
3,2024-03-22 08:00:00+00:00,0.0,0.0,0.8,0.0,0.0,0.0,0.0,375.0,298.0,164.0,328.0,351.0,357.0,236.0,3,spring,0.11,0.0,365.0
3,2024-03-22 09:00:00+00:00,0.0,0.0,0.8,0.0,0.0,0.0,0.0,522.0,418.0,332.0,427.0,462.0,444.0,409.0,3,spring,0.11,0.0,506.99997
3,2024-03-22 10:00:00+00:00,0.0,0.0,0.0,0.0,0.0,0.0,0.0,610.0,492.0,550.0,447.0,502.0,465.0,628.0,3,spring,0.0,0.0,586.99994
3,2024-03-22 11:00:00+00:00,0.0,0.0,0.0,0.0,0.0,0.0,0.0,628.0,515.0,689.0,428.0,499.0,474.0,787.0,3,spring,0.0,0.0,610.0
3,2024-03-22 12:00:00+00:00,0.0,0.0,0.0,0.0,0.0,0.0,0.0,561.0,485.0,658.0,399.0,479.0,512.0,811.0,3,spring,0.0,0.0,583.0
3,2024-03-22 13:00:00+00:00,0.0,0.3,0.0,0.1,0.0,0.0,0.0,433.0,407.0,518.0,346.0,426.0,538.0,736.0,3,spring,0.06,0.0,501.0
3,2024-03-22 14:00:00+00:00,0.0,0.3,0.0,0.1,0.0,0.0,0.0,305.0,303.0,359.0,273.0,337.0,509.00003,613.0,3,spring,0.06,0.0,383.0
3,2024-03-22 15:00:00+00:00,0.0,0.3,0.0,0.1,0.0,0.0,0.0,197.0,186.0,212.0,187.0,219.0,417.00006,462.00003,3,spring,0.06,0.0,242.0
3,2024-03-22 16:00:00+00:00,0.0,0.0,0.0,0.0,0.0,0.0,0.0,104.0,84.0,92.0,103.0,106.99999,272.99997,281.99997,3,spring,0.0,0.0,113.99999
3,2024-03-22 17:00:00+00:00,0.0,0.0,0.0,0.0,0.0,0.0,0.0,27.999998,19.0,20.0,28.999998,27.0,86.999985,85.999985,3,spring,0.0,0.0,27.0
3,2024-03-22 18:00:00+00:00,0.0,0.0,0.0,0.0,0.0,0.0,0.0,0.0,0.0,0.0,0.0,0.0,0.0,0.0,3,spring,0.0,0.0,0.0
3,2024-03-22 19:00:00+00:00,0.0,0.0,0.0,0.0,0.0,0.0,0.0,0.0,0.0,0.0,0.0,0.0,0.0,0.0,3,spring,0.0,0.0,0.0
3,2024-03-22 20:00:00+00:00,0.0,0.0,0.0,0.0,0.0,0.0,0.0,0.0,0.0,0.0,0.0,0.0,0.0,0.0,3,spring,0.0,0.0,0.0
3,2024-03-22 21:00:00+00:00,0.0,0.0,0.0,0.0,0.0,0.0,0.0,0.0,0.0,0.0,0.0,0.0,0.0,0.0,3,spring,0.0,0.0,0.0
3,2024-03-22 22:00:00+00:00,0.0,0.0,0.0,0.0,0.0,0.0,0.0,0.0,0.0,0.0,0.0,0.0,0.0,0.0,3,spring,0.0,0.0,0.0
3,2024-03-22 23:00:00+00:00,0.0,0.0,0.0,0.0,0.0,0.0,0.0,0.0,0.0,0.0,0.0,0.0,0.0,0.0,3,spring,0.0,0.0,0.0
3,2024-03-23 00:00:00+00:00,0.0,0.0,0.0,0.0,0.0,0.0,0.0,0.0,0.0,0.0,0.0,0.0,0.0,0.0,3,spring,0.0,0.0,0.0
3,2024-03-23 01:00:00+00:00,0.0,0.0,0.0,0.0,0.0,0.0,0.0,0.0,0.0,0.0,0.0,0.0,0.0,0.0,3,spring,0.0,0.0,0.0
3,2024-03-23 02:00:00+00:00,0.0,0.0,0.0,0.0,0.0,0.0,0.0,0.0,0.0,0.0,0.0,0.0,0.0,0.0,3,spring,0.0,0.0,0.0
3,2024-03-23 03:00:00+00:00,0.0,0.0,0.0,0.0,0.0,0.0,0.0,0.0,0.0,0.0,0.0,0.0,0.0,0.0,3,spring,0.0,0.0,0.0
3,2024-03-23 04:00:00+00:00,0.0,0.0,0.0,0.0,0.0,0.0,0.0,0.0,0.0,0.0,0.0,0.0,0.0,0.0,3,spring,0.0,0.0,0.0
3,2024-03-23 05:00:00+00:00,0.0,0.0,0.0,0.0,0.0,0.0,0.0,3.0,3.0,3.0,2.0,4.0,6.9999995,6.9999995,3,spring,0.0,0.0,4.0
3,2024-03-23 06:00:00+00:00,0.0,0.0,0.0,0.0,0.0,0.0,0.0,57.0,54.0,58.0,44.0,60.0,77.0,79.0,3,spring,0.0,0.0,60.0
3,2024-03-23 07:00:00+00:00,0.0,0.0,0.0,0.0,0.0,0.0,0.0,212.0,203.0,212.0,166.0,217.0,215.0,227.0,3,spring,0.0,0.0,217.0
3,2024-03-23 08:00:00+00:00,0.0,0.0,0.0,0.0,0.0,0.0,0.0,411.0,398.0,409.0,332.0,416.0,372.0,372.0,3,spring,0.0,0.0,416.0
3,2024-03-23 09:00:00+00:00,0.0,0.0,0.0,0.0,0.0,0.0,0.0,569.0,560.0,565.0,494.0,571.0,516.0,422.0,3,spring,0.0,0.0,573.0
3,2024-03-23 10:00:00+00:00,0.0,0.0,0.0,0.0,0.0,0.0,0.2,667.0,666.0,661.0,630.99994,663.0,633.0,379.0,3,spring,0.03,0.0,667.0
3,2024-03-23 11:00:00+00:00,0.0,0.0,0.0,0.0,0.0,0.0,0.2,706.0,703.0,704.0,711.0,702.0,709.0,344.0,3,spring,0.03,0.0,704.0
3,2024-03-23 12:00:00+00:00,0.0,0.0,0.0,0.0,0.0,0.0,0.2,697.0,666.0,705.0,719.0,703.0,734.0,385.0,3,spring,0.03,0.0,697.0
3,2024-03-23 13:00:00+00:00,0.0,0.0,0.0,0.0,0.0,0.0,0.0,627.0,560.0,648.0,653.0,646.0,702.0,445.0,3,spring,0.0,0.0,630.0
3,2024-03-23 14:00:00+00:00,0.0,0.0,0.0,0.0,0.0,0.0,0.0,492.0,415.0,522.0,522.0,521.0,610.99994,453.0,3,spring,0.0,0.0,493.0
3,2024-03-23 15:00:00+00:00,0.0,0.0,0.0,0.0,0.0,0.0,0.0,302.0,249.0,337.0,338.0,336.0,469.00003,391.0,3,spring,0.0,0.0,296.0
3,2024-03-23 16:00:00+00:00,0.0,0.0,0.0,0.0,0.0,0.0,0.0,130.0,106.0,160.0,161.0,158.0,290.00003,270.0,3,spring,0.0,0.0,120.0
3,2024-03-23 17:00:00+00:00,0.0,0.0,0.0,0.0,0.0,0.0,0.0,28.0,23.0,40.000004,40.000004,39.0,92.000015,92.000015,3,spring,0.0,0.0,23.0
3,2024-03-23 18:00:00+00:00,0.0,0.0,0.0,0.0,0.0,0.0,0.0,0.0,0.0,0.0,0.0,0.0,0.0,0.0,3,spring,0.0,0.0,0.0
3,2024-03-23 19:00:00+00:00,0.0,0.0,0.0,0.0,0.0,0.0,0.0,0.0,0.0,0.0,0.0,0.0,0.0,0.0,3,spring,0.0,0.0,0.0
3,2024-03-23 20:00:00+00:00,0.0,0.0,0.0,0.0,0.0,0.0,0.0,0.0,0.0,0.0,0.0,0.0,0.0,0.0,3,spring,0.0,0.0,0.0
3,2024-03-23 21:00:00+00:00,0.0,0.0,0.0,0.0,0.0,0.0,0.0,0.0,0.0,0.0,0.0,0.0,0.0,0.0,3,spring,0.0,0.0,0.0
3,2024-03-23 22:00:00+00:00,0.1,0.0,0.0,0.1,0.0,0.0,0.0,0.0,0.0,0.0,0.0,0.0,0.0,0.0,3,spring,0.03,0.0,0.0
3,2024-03-23 23:00:00+00:00,0.1,0.0,0.0,0.1,0.0,0.0,0.0,0.0,0.0,0.0,0.0,0.0,0.0,0.0,3,spring,0.03,0.0,0.0
3,2024-03-24 00:00:00+00:00,0.1,0.0,0.0,0.1,0.0,0.0,0.0,0.0,0.0,0.0,0.0,0.0,0.0,0.0,3,spring,0.03,0.0,0.0
3,2024-03-24 01:00:00+00:00,0.1,0.1,0.1,0.4,0.0,0.0,0.0,0.0,0.0,0.0,0.0,0.0,0.0,0.0,3,spring,0.1,0.1,0.0
3,2024-03-24 02:00:00+00:00,0.1,0.1,0.1,0.4,0.0,0.0,0.0,0.0,0.0,0.0,0.0,0.0,0.0,0.0,3,spring,0.1,0.1,0.0
3,2024-03-24 03:00:00+00:00,0.1,0.1,0.1,0.4,0.0,0.0,0.0,0.0,0.0,0.0,0.0,0.0,0.0,0.0,3,spring,0.1,0.1,0.0
3,2024-03-24 04:00:00+00:00,0.7,0.6,0.7,0.0,0.0,0.0,0.0,0.0,0.0,0.0,0.0,0.0,0.0,0.0,3,spring,0.29,0.8,0.0
3,2024-03-24 05:00:00+00:00,0.7,0.6,0.7,0.0,0.0,0.0,0.0,1.0,0.0,1.0,1.0,1.0,2.0,9.0,3,spring,0.29,0.8,0.0
3,2024-03-24 06:00:00+00:00,0.7,0.6,0.7,0.0,0.0,0.0,0.0,8.0,18.0,16.0,8.0,39.0,35.0,85.0,3,spring,0.29,0.8,8.0
3,2024-03-24 07:00:00+00:00,1.3,0.1,0.0,0.1,0.0,0.1,0.0,25.0,87.0,56.0,29.0,172.0,145.0,225.0,3,spring,0.23,1.0,32.0
3,2024-03-24 08:00:00+00:00,1.3,0.1,0.0,0.1,0.0,0.1,0.0,59.0,176.0,104.0,70.0,336.0,281.0,386.0,3,spring,0.23,1.0,80.0
3,2024-03-24 09:00:00+00:00,1.3,0.1,0.0,0.1,0.0,0.1,0.0,129.0,226.0,133.0,149.0,408.0,340.0,551.0,3,spring,0.23,1.0,169.0
3,2024-03-24 10:00:00+00:00,0.0,0.2,0.8,0.1,0.1,0.0,0.0,226.0,232.0,139.0,255.0,379.0,320.0,702.0,3,spring,0.17,0.1,286.0
3,2024-03-24 11:00:00+00:00,0.0,0.2,0.8,0.1,0.1,0.0,0.0,306.0,233.0,130.0,350.0,329.0,304.0,797.0,3,spring,0.17,0.1,372.0
3,2024-03-24 12:00:00+00:00,0.0,0.2,0.8,0.1,0.1,0.0,0.0,338.0,261.0,108.0,421.0,314.0,347.0,804.0,3,spring,0.17,0.1,387.0
3,2024-03-24 13:00:00+00:00,0.0,0.0,0.7,0.0,0.0,0.0,0.6,329.0,283.0,79.0,448.0,298.0,398.0,736.0,3,spring,0.19,0.0,348.0
3,2024-03-24 14:00:00+00:00,0.0,0.0,0.7,0.0,0.0,0.0,0.6,284.0,261.0,57.0,385.0,256.0,403.0,622.0,3,spring,0.19,0.0,279.0
3,2024-03-24 15:00:00+00:00,0.0,0.0,0.7,0.0,0.0,0.0,0.6,209.0,188.0,48.0,231.0,183.0,348.0,473.0,3,spring,0.19,0.0,191.0
3,2024-03-24 16:00:00+00:00,0.0,0.0,0.1,0.4,1.0,0.0,0.6,120.0,102.0,37.0,83.0,104.0,241.0,294.0,3,spring,0.3,0.0,101.0
3,2024-03-24 17:00:00+00:00,0.0,0.0,0.1,0.4,1.0,0.0,0.6,37.0,30.0,14.0,13.0,32.0,83.99999,95.99999,3,spring,0.3,0.0,29.0
3,2024-03-24 18:00:00+00:00,0.0,0.0,0.1,0.4,1.0,0.0,0.6,0.0,0.0,0.0,0.0,0.0,0.0,0.0,3,spring,0.3,0.0,0.0
3,2024-03-24 19:00:00+00:00,0.0,0.0,0.0,0.5,1.4,0.0,1.6,0.0,0.0,0.0,0.0,0.0,0.0,0.0,3,spring,0.5,0.0,0.0
3,2024-03-24 20:00:00+00:00,0.0,0.0,0.0,0.5,1.4,0.0,1.6,0.0,0.0,0.0,0.0,0.0,0.0,0.0,3,spring,0.5,0.0,0.0
3,2024-03-24 21:00:00+00:00,0.0,0.0,0.0,0.5,1.4,0.0,1.6,0.0,0.0,0.0,0.0,0.0,0.0,0.0,3,spring,0.5,0.0,0.0
3,2024-03-24 22:00:00+00:00,0.0,0.0,0.0,0.0,1.4,0.1,0.0,0.0,0.0,0.0,0.0,0.0,0.0,0.0,3,spring,0.21,0.0,0.0
3,2024-03-24 23:00:00+00:00,0.0,0.0,0.0,0.0,1.4,0.1,0.0,0.0,0.0,0.0,0.0,0.0,0.0,0.0,3,spring,0.21,0.0,0.0
3,2024-03-25 00:00:00+00:00,0.0,0.0,0.0,0.0,1.4,0.1,0.0,0.0,0.0,0.0,0.0,0.0,0.0,0.0,3,spring,0.21,0.0,0.0
3,2024-03-25 01:00:00+00:00,0.0,0.0,0.0,0.0,0.3,0.8,0.0,0.0,0.0,0.0,0.0,0.0,0.0,0.0,3,spring,0.16,0.0,0.0
3,2024-03-25 02:00:00+00:00,0.0,0.0,0.0,0.0,0.3,0.8,0.0,0.0,0.0,0.0,0.0,0.0,0.0,0.0,3,spring,0.16,0.0,0.0
3,2024-03-25 03:00:00+00:00,0.0,0.0,0.0,0.0,0.3,0.8,0.0,0.0,0.0,0.0,0.0,0.0,0.0,0.0,3,spring,0.16,0.0,0.0
3,2024-03-25 04:00:00+00:00,1.6,0.0,0.0,0.0,0.0,0.8,0.0,0.0,0.0,0.0,0.0,0.0,0.0,0.0,3,spring,0.34,0.0,0.0
3,2024-03-25 05:00:00+00:00,1.6,0.0,0.0,0.0,0.0,0.8,0.0,4.0,5.0,5.0,5.0,5.0,1.0,10.0,3,spring,0.34,0.0,6.0
3,2024-03-25 06:00:00+00:00,1.6,0.0,0.0,0.0,0.0,0.8,0.0,63.0,65.0,61.999996,67.0,68.0,27.0,88.99999,3,spring,0.34,0.0,69.0
3,2024-03-25 07:00:00+00:00,0.0,0.0,0.0,0.0,0.0,0.3,0.1,232.00003,229.00002,220.00003,232.00003,234.00003,112.0,230.00003,3,spring,0.06,0.0,236.00003
3,2024-03-25 08:00:00+00:00,0.0,0.0,0.0,0.0,0.0,0.3,0.1,441.0,433.00003,418.0,435.00003,436.00006,236.0,391.0,3,spring,0.06,0.0,437.0
3,2024-03-25 09:00:00+00:00,0.0,0.0,0.0,0.0,0.0,0.3,0.1,578.0,586.00006,560.0,585.0,572.0,360.0,556.0,3,spring,0.06,0.0,567.0
3,2024-03-25 10:00:00+00:00,0.1,0.1,0.0,0.1,0.1,0.0,0.0,627.0,669.0,630.0,662.0,627.0,471.0,707.0,3,spring,0.06,0.1,613.0
3,2024-03-25 11:00:00+00:00,0.1,0.1,0.0,0.1,0.1,0.0,0.0,638.0,697.0,655.0,690.0,639.0,556.0,802.0,3,spring,0.06,0.1,619.0
3,2024-03-25 12:00:00+00:00,0.1,0.1,0.0,0.1,0.1,0.0,0.0,654.0,689.0,664.0,688.0,639.0,604.0,809.0,3,spring,0.06,0.1,628.0
3,2024-03-25 13:00:00+00:00,0.0,0.0,0.0,0.0,0.0,0.0,0.0,633.0,626.0,626.0,635.0,599.0,603.0,741.0,3,spring,0.0,0.0,601.0
3,2024-03-25 14:00:00+00:00,0.0,0.0,0.0,0.0,0.0,0.0,0.0,531.0,501.0,515.0,517.0,494.0,548.00006,626.0,3,spring,0.0,0.0,503.0
3,2024-03-25 15:00:00+00:00,0.0,0.0,0.0,0.0,0.0,0.0,0.0,347.0,321.0,334.0,340.0,325.0,442.0,477.0,3,spring,0.0,0.0,333.0
3,2024-03-25 16:00:00+00:00,0.1,0.0,0.0,0.0,0.0,0.0,0.0,164.0,151.0,158.0,168.0,159.0,289.0,298.0,3,spring,0.01,0.0,163.0
3,2024-03-25 17:00:00+00:00,0.1,0.0,0.0,0.0,0.0,0.0,0.0,42.0,39.0,41.0,45.0,43.0,100.0,100.0,3,spring,0.01,0.0,44.0
3,2024-03-25 18:00:00+00:00,0.1,0.0,0.0,0.0,0.0,0.0,0.0,0.0,0.0,0.0,0.0,0.0,0.0,0.0,3,spring,0.01,0.0,0.0
3,2024-03-25 19:00:00+00:00,0.0,0.0,0.0,0.0,0.0,0.0,0.0,0.0,0.0,0.0,0.0,0.0,0.0,0.0,3,spring,0.0,0.0,0.0
3,2024-03-25 20:00:00+00:00,0.0,0.0,0.0,0.0,0.0,0.0,0.0,0.0,0.0,0.0,0.0,0.0,0.0,0.0,3,spring,0.0,0.0,0.0
3,2024-03-25 21:00:00+00:00,0.0,0.0,0.0,0.0,0.0,0.0,0.0,0.0,0.0,0.0,0.0,0.0,0.0,0.0,3,spring,0.0,0.0,0.0
3,2024-03-25 22:00:00+00:00,0.0,0.0,0.0,0.0,0.0,0.0,0.0,0.0,0.0,0.0,0.0,0.0,0.0,0.0,3,spring,0.0,0.0,0.0
3,2024-03-25 23:00:00+00:00,0.0,0.0,0.0,0.0,0.0,0.0,0.0,0.0,0.0,0.0,0.0,0.0,0.0,0.0,3,spring,0.0,0.0,0.0
3,2024-03-26 00:00:00+00:00,0.0,0.0,0.0,0.0,0.0,0.0,0.0,0.0,0.0,0.0,0.0,0.0,0.0,0.0,3,spring,0.0,0.0,0.0
3,2024-03-26 01:00:00+00:00,0.0,0.0,0.0,0.0,0.0,0.0,0.0,0.0,0.0,0.0,0.0,0.0,0.0,0.0,3,spring,0.0,0.0,0.0
3,2024-03-26 02:00:00+00:00,0.0,0.0,0.0,0.0,0.0,0.0,0.0,0.0,0.0,0.0,0.0,0.0,0.0,0.0,3,spring,0.0,0.0,0.0
3,2024-03-26 03:00:00+00:00,0.0,0.0,0.0,0.0,0.0,0.0,0.0,0.0,0.0,0.0,0.0,0.0,0.0,0.0,3,spring,0.0,0.0,0.0
3,2024-03-26 04:00:00+00:00,0.0,0.0,0.0,0.0,0.0,0.0,0.0,0.0,0.0,0.0,0.0,0.0,0.0,0.0,3,spring,0.0,0.0,0.0
3,2024-03-26 05:00:00+00:00,0.0,0.0,0.0,0.0,0.0,0.0,0.0,7.0,6.0,7.0,6.0,6.0,8.0,12.000001,3,spring,0.0,0.0,6.0
3,2024-03-26 06:00:00+00:00,0.0,0.0,0.0,0.0,0.0,0.0,0.0,72.99999,69.99999,71.99999,58.999996,70.99999,59.999996,91.999985,3,spring,0.0,0.0,71.99999
3,2024-03-26 07:00:00+00:00,0.0,0.0,0.0,0.0,0.0,0.0,0.0,243.0,230.0,238.0,184.0,231.0,153.0,236.0,3,spring,0.0,0.0,239.0
3,2024-03-26 08:00:00+00:00,0.0,0.0,0.0,0.0,0.0,0.0,0.0,451.99994,429.0,441.99994,342.0,401.0,252.0,392.0,3,spring,0.0,0.0,445.99997
3,2024-03-26 09:00:00+00:00,0.0,0.0,0.0,0.0,0.0,0.0,0.0,614.0,584.0,603.0,488.0,443.0,337.0,518.0,3,spring,0.0,0.0,609.00006
3,2024-03-26 10:00:00+00:00,0.0,0.0,0.0,0.0,0.0,0.0,0.1,706.0,677.0,699.0,604.0,356.0,397.0,604.0,3,spring,0.01,0.0,705.0
3,2024-03-26 11:00:00+00:00,0.0,0.0,0.0,0.0,0.0,0.0,0.1,738.0,715.0,728.0,669.0,260.0,425.0,656.0,3,spring,0.01,0.0,735.0
3,2024-03-26 12:00:00+00:00,0.0,0.0,0.0,0.0,0.0,0.0,0.1,718.0,715.0,692.0,679.0,243.0,415.0,680.0,3,spring,0.01,0.0,705.0
3,2024-03-26 13:00:00+00:00,0.0,0.0,0.0,0.0,0.1,0.2,0.0,638.0,656.0,593.0,624.0,249.0,369.0,660.0,3,spring,0.04,0.0,611.0
3,2024-03-26 14:00:00+00:00,0.0,0.0,0.0,0.0,0.1,0.2,0.0,502.0,524.0,444.0,495.0,214.0,300.0,584.0,3,spring,0.04,0.0,465.0
3,2024-03-26 15:00:00+00:00,0.0,0.0,0.0,0.0,0.1,0.2,0.0,320.0,327.0,262.0,303.0,127.0,215.0,454.0,3,spring,0.04,0.0,280.0
3,2024-03-26 16:00:00+00:00,0.0,0.0,0.5,0.1,0.1,0.2,0.0,151.0,144.0,106.0,127.0,48.0,124.0,287.00003,3,spring,0.13,0.0,118.0
3,2024-03-26 17:00:00+00:00,0.0,0.0,0.5,0.1,0.1,0.2,0.0,40.0,34.0,22.0,28.0,9.0,40.0,100.000015,3,spring,0.13,0.0,26.0
3,2024-03-26 18:00:00+00:00,0.0,0.0,0.5,0.1,0.1,0.2,0.0,0.0,0.0,0.0,0.0,0.0,0.0,0.0,3,spring,0.13,0.0,0.0
3,2024-03-26 19:00:00+00:00,0.0,0.0,0.0,0.0,0.0,0.1,0.5,0.0,0.0,0.0,0.0,0.0,0.0,0.0,3,spring,0.09,0.0,0.0
3,2024-03-26 20:00:00+00:00,0.0,0.0,0.0,0.0,0.0,0.1,0.5,0.0,0.0,0.0,0.0,0.0,0.0,0.0,3,spring,0.09,0.0,0.0
3,2024-03-26 21:00:00+00:00,0.0,0.0,0.0,0.0,0.0,0.1,0.5,0.0,0.0,0.0,0.0,0.0,0.0,0.0,3,spring,0.09,0.0,0.0
3,2024-03-26 22:00:00+00:00,0.0,0.0,0.1,0.0,0.0,0.0,0.0,0.0,0.0,0.0,0.0,0.0,0.0,0.0,3,spring,0.01,0.1,0.0
3,2024-03-26 23:00:00+00:00,0.0,0.0,0.1,0.0,0.0,0.0,0.0,0.0,0.0,0.0,0.0,0.0,0.0,0.0,3,spring,0.01,0.1,0.0
3,2024-03-27 00:00:00+00:00,0.0,0.0,0.1,0.0,0.0,0.0,0.0,0.0,0.0,0.0,0.0,0.0,0.0,0.0,3,spring,0.01,0.1,0.0
3,2024-03-27 01:00:00+00:00,0.2,0.0,0.1,0.0,0.0,0.0,0.0,0.0,0.0,0.0,0.0,0.0,0.0,0.0,3,spring,0.04,0.0,0.0
3,2024-03-27 02:00:00+00:00,0.2,0.0,0.1,0.0,0.0,0.0,0.0,0.0,0.0,0.0,0.0,0.0,0.0,0.0,3,spring,0.04,0.0,0.0
3,2024-03-27 03:00:00+00:00,0.2,0.0,0.1,0.0,0.0,0.0,0.0,0.0,0.0,0.0,0.0,0.0,0.0,0.0,3,spring,0.04,0.0,0.0
3,2024-03-27 04:00:00+00:00,0.0,0.0,0.0,0.0,0.0,0.0,0.0,0.0,0.0,0.0,0.0,0.0,0.0,0.0,3,spring,0.0,0.0,0.0
3,2024-03-27 05:00:00+00:00,0.0,0.0,0.0,0.0,0.0,0.0,0.0,7.0,7.0,7.0,6.0,7.0,15.0,12.0,3,spring,0.0,0.0,7.0
3,2024-03-27 06:00:00+00:00,0.0,0.0,0.0,0.0,0.0,0.0,0.0,71.0,71.0,72.0,66.0,71.0,102.99999,89.99999,3,spring,0.0,0.0,72.0
3,2024-03-27 07:00:00+00:00,0.0,0.0,0.0,0.0,0.0,0.0,0.0,231.99998,233.0,233.0,219.99998,231.0,251.99997,228.0,3,spring,0.0,0.0,233.0
3,2024-03-27 08:00:00+00:00,0.0,0.0,0.0,0.0,0.0,0.0,0.0,430.0,431.0,428.0,406.0,430.0,410.0,389.0,3,spring,0.0,0.0,430.0
3,2024-03-27 09:00:00+00:00,0.0,0.0,0.0,0.0,0.0,0.0,0.0,580.0,577.0,567.0,537.0,581.0,540.0,557.0,3,spring,0.0,0.0,579.0
3,2024-03-27 10:00:00+00:00,0.0,0.0,0.0,0.2,0.0,0.0,0.0,664.0,651.0,633.0,593.0,667.0,629.0,713.0,3,spring,0.03,0.0,662.0
3,2024-03-27 11:00:00+00:00,0.0,0.0,0.0,0.2,0.0,0.0,0.0,687.00006,657.0,647.00006,577.0,698.0,684.0,811.0,3,spring,0.03,0.0,685.0
3,2024-03-27 12:00:00+00:00,0.0,0.0,0.0,0.2,0.0,0.0,0.0,651.0,591.0,627.0,484.0,684.0,707.0,819.0,3,spring,0.03,0.0,653.0
3,2024-03-27 13:00:00+00:00,0.0,0.0,0.0,0.1,0.0,0.0,0.0,558.0,469.0,559.0,339.0,613.0,686.0,750.0,3,spring,0.01,0.0,564.0
3,2024-03-27 14:00:00+00:00,0.0,0.0,0.0,0.1,0.0,0.0,0.0,430.0,342.0,441.0,210.0,487.0,608.0,634.0,3,spring,0.01,0.0,435.0
3,2024-03-27 15:00:00+00:00,0.0,0.0,0.0,0.1,0.0,0.0,0.0,281.0,230.0,282.0,120.0,315.0,475.00003,485.00006,3,spring,0.01,0.0,279.0
3,2024-03-27 16:00:00+00:00,0.0,0.0,0.0,0.1,0.0,0.0,0.0,142.0,128.0,133.0,57.0,152.0,304.00003,306.0,3,spring,0.01,0.0,135.0
3,2024-03-27 17:00:00+00:00,0.0,0.0,0.0,0.1,0.0,0.0,0.0,42.0,42.0,36.0,16.0,42.0,109.0,109.0,3,spring,0.01,0.0,38.0
3,2024-03-27 18:00:00+00:00,0.0,0.0,0.0,0.1,0.0,0.0,0.0,0.0,0.0,0.0,0.0,0.0,0.0,0.0,3,spring,0.01,0.0,0.0
3,2024-03-27 19:00:00+00:00,0.0,0.0,0.0,0.8,0.0,0.0,0.0,0.0,0.0,0.0,0.0,0.0,0.0,0.0,3,spring,0.11,0.0,0.0
3,2024-03-27 20:00:00+00:00,0.0,0.0,0.0,0.8,0.0,0.0,0.0,0.0,0.0,0.0,0.0,0.0,0.0,0.0,3,spring,0.11,0.0,0.0
3,2024-03-27 21:00:00+00:00,0.0,0.0,0.0,0.8,0.0,0.0,0.0,0.0,0.0,0.0,0.0,0.0,0.0,0.0,3,spring,0.11,0.0,0.0
3,2024-03-27 22:00:00+00:00,1.0,0.1,0.1,0.1,0.0,0.0,0.0,0.0,0.0,0.0,0.0,0.0,0.0,0.0,3,spring,0.19,0.8,0.0
3,2024-03-27 23:00:00+00:00,1.0,0.1,0.1,0.1,0.0,0.0,0.0,0.0,0.0,0.0,0.0,0.0,0.0,0.0,3,spring,0.19,0.8,0.0
3,2024-03-28 00:00:00+00:00,1.0,0.1,0.1,0.1,0.0,0.0,0.0,0.0,0.0,0.0,0.0,0.0,0.0,0.0,3,spring,0.19,0.8,0.0
3,2024-03-28 01:00:00+00:00,0.2,0.5,0.5,0.1,2.0,0.0,0.0,0.0,0.0,0.0,0.0,0.0,0.0,0.0,3,spring,0.47,0.0,0.0
3,2024-03-28 02:00:00+00:00,0.2,0.5,0.5,0.1,2.0,0.0,0.0,0.0,0.0,0.0,0.0,0.0,0.0,0.0,3,spring,0.47,0.0,0.0
3,2024-03-28 03:00:00+00:00,0.2,0.5,0.5,0.1,2.0,0.0,0.0,0.0,0.0,0.0,0.0,0.0,0.0,0.0,3,spring,0.47,0.0,0.0
3,2024-03-28 04:00:00+00:00,0.0,0.0,0.0,0.0,3.2,0.0,0.0,0.0,0.0,0.0,0.0,0.0,0.0,0.0,3,spring,0.46,0.0,0.0
3,2024-03-28 05:00:00+00:00,0.0,0.0,0.0,0.0,3.2,0.0,0.0,9.0,9.0,7.0,4.0,2.0,11.999999,4.0,3,spring,0.46,0.0,9.0
3,2024-03-28 06:00:00+00:00,0.0,0.0,0.0,0.0,3.2,0.0,0.0,80.99999,80.99999,68.0,30.0,16.0,84.99999,40.0,3,spring,0.46,0.0,80.99999
3,2024-03-28 07:00:00+00:00,0.0,0.0,0.0,0.0,0.3,0.2,0.1,252.00002,253.00002,226.0,77.0,47.0,227.0,126.0,3,spring,0.09,0.0,253.00002
3,2024-03-28 08:00:00+00:00,0.0,0.0,0.0,0.0,0.3,0.2,0.1,455.99997,457.0,423.99994,158.0,113.0,373.99997,231.99998,3,spring,0.09,0.0,457.0
3,2024-03-28 09:00:00+00:00,0.0,0.0,0.0,0.0,0.3,0.2,0.1,609.99994,606.0,582.0,320.0,269.0,439.0,312.0,3,spring,0.09,0.0,609.0
3,2024-03-28 10:00:00+00:00,0.0,0.0,0.1,0.1,0.0,0.0,0.8,690.0,679.0,679.0,537.0,486.0,425.0,358.0,3,spring,0.14,0.0,686.0
3,2024-03-28 11:00:00+00:00,0.0,0.0,0.1,0.1,0.0,0.0,0.8,691.0,673.0,701.0,681.99994,624.0,411.0,374.0,3,spring,0.14,0.0,680.0
3,2024-03-28 12:00:00+00:00,0.0,0.0,0.1,0.1,0.0,0.0,0.8,598.0,576.0,634.0,665.0,575.0,452.0,363.0,3,spring,0.14,0.0,574.0
3,2024-03-28 13:00:00+00:00,0.0,0.0,0.0,0.5,0.0,0.0,1.7,442.0,419.0,499.0,544.0,419.0,498.0,324.0,3,spring,0.31,0.0,405.0
3,2024-03-28 14:00:00+00:00,0.0,0.0,0.0,0.5,0.0,0.0,1.7,297.0,284.0,349.0,402.0,282.0,490.0,265.0,3,spring,0.31,0.0,265.0
3,2024-03-28 15:00:00+00:00,0.0,0.0,0.0,0.5,0.0,0.0,1.7,188.0,196.0,205.0,267.0,198.0,415.0,192.0,3,spring,0.31,0.0,180.0
3,2024-03-28 16:00:00+00:00,0.0,0.0,0.0,0.0,0.0,0.0,1.7,101.0,121.0,89.0,143.0,124.0,285.99997,114.0,3,spring,0.24,0.0,113.0
3,2024-03-28 17:00:00+00:00,0.0,0.0,0.0,0.0,0.0,0.0,1.7,33.0,44.0,22.0,44.999996,44.999996,109.999985,39.0,3,spring,0.24,0.0,41.0
3,2024-03-28 18:00:00+00:00,0.0,0.0,0.0,0.0,0.0,0.0,1.7,0.0,0.0,0.0,0.0,0.0,0.0,0.0,3,spring,0.24,0.0,0.0
3,2024-03-28 19:00:00+00:00,0.0,0.0,0.0,0.0,0.0,0.0,0.9,0.0,0.0,0.0,0.0,0.0,0.0,0.0,3,spring,0.13,0.0,0.0
3,2024-03-28 20:00:00+00:00,0.0,0.0,0.0,0.0,0.0,0.0,0.9,0.0,0.0,0.0,0.0,0.0,0.0,0.0,3,spring,0.13,0.0,0.0
3,2024-03-28 21:00:00+00:00,0.0,0.0,0.0,0.0,0.0,0.0,0.9,0.0,0.0,0.0,0.0,0.0,0.0,0.0,3,spring,0.13,0.0,0.0
3,2024-03-28 22:00:00+00:00,0.0,0.0,0.0,0.0,0.0,0.0,0.0,0.0,0.0,0.0,0.0,0.0,0.0,0.0,3,spring,0.0,0.0,0.0
3,2024-03-28 23:00:00+00:00,0.0,0.0,0.0,0.0,0.0,0.0,0.0,0.0,0.0,0.0,0.0,0.0,0.0,0.0,3,spring,0.0,0.0,0.0
3,2024-03-29 00:00:00+00:00,0.0,0.0,0.0,0.0,0.0,0.0,0.0,0.0,0.0,0.0,0.0,0.0,0.0,0.0,3,spring,0.0,0.0,0.0
3,2024-03-29 01:00:00+00:00,0.0,0.0,0.0,0.0,0.0,0.0,0.0,0.0,0.0,0.0,0.0,0.0,0.0,0.0,3,spring,0.0,0.0,0.0
3,2024-03-29 02:00:00+00:00,0.0,0.0,0.0,0.0,0.0,0.0,0.0,0.0,0.0,0.0,0.0,0.0,0.0,0.0,3,spring,0.0,0.0,0.0
3,2024-03-29 03:00:00+00:00,0.0,0.0,0.0,0.0,0.0,0.0,0.0,0.0,0.0,0.0,0.0,0.0,0.0,0.0,3,spring,0.0,0.0,0.0
3,2024-03-29 04:00:00+00:00,0.0,0.0,0.0,0.0,0.0,0.0,0.0,0.0,0.0,0.0,0.0,0.0,0.0,0.0,3,spring,0.0,0.0,0.0
3,2024-03-29 05:00:00+00:00,0.0,0.0,0.0,0.0,0.0,0.0,0.0,9.0,10.0,9.0,8.0,10.0,20.0,18.0,3,spring,0.0,0.0,9.0
3,2024-03-29 06:00:00+00:00,0.0,0.0,0.0,0.0,0.0,0.0,0.0,76.99999,79.99999,75.99999,68.0,80.99999,117.999985,106.999985,3,spring,0.0,0.0,78.99999
3,2024-03-29 07:00:00+00:00,0.0,0.0,0.0,0.0,0.0,0.0,0.0,237.99997,241.99997,236.99998,216.99998,247.99997,271.99997,252.99997,3,spring,0.0,0.0,240.99997
3,2024-03-29 08:00:00+00:00,0.0,0.0,0.0,0.0,0.0,0.0,0.0,436.0,439.0,434.0,404.0,451.0,433.0,416.0,3,spring,0.0,0.0,435.0
3,2024-03-29 09:00:00+00:00,0.0,0.0,0.0,0.0,0.0,0.0,0.0,597.0,592.00006,598.0,564.0,612.0,569.0,581.0,3,spring,0.0,0.0,581.0
3,2024-03-29 10:00:00+00:00,0.0,0.0,0.0,0.0,0.0,0.0,0.0,701.0,685.0,706.0,676.0,710.0,670.0,729.0,3,spring,0.0,0.0,661.0
3,2024-03-29 11:00:00+00:00,0.0,0.0,0.0,0.0,0.0,0.0,0.0,729.0,721.0,733.0,723.0,729.0,731.0,821.0,3,spring,0.0,0.0,673.0
3,2024-03-29 12:00:00+00:00,0.0,0.0,0.0,0.0,0.0,0.0,0.0,667.0,710.0,652.0,694.0,654.0,751.0,826.0,3,spring,0.0,0.0,612.0
3,2024-03-29 13:00:00+00:00,0.0,0.0,0.0,0.0,0.0,0.0,0.0,536.0,641.0,497.0,598.0,510.0,720.0,758.0,3,spring,0.0,0.0,492.0
3,2024-03-29 14:00:00+00:00,0.0,0.0,0.0,0.0,0.0,0.0,0.0,394.0,513.0,351.0,465.0,368.0,632.0,642.0,3,spring,0.0,0.0,362.0
3,2024-03-29 15:00:00+00:00,0.0,0.0,0.0,0.0,0.0,0.0,0.0,261.0,334.0,239.0,310.0,249.0,491.0,493.0,3,spring,0.0,0.0,241.0
3,2024-03-29 16:00:00+00:00,0.0,0.0,0.0,0.0,0.0,0.0,0.0,142.0,164.0,141.0,164.0,144.0,314.0,314.0,3,spring,0.0,0.0,132.0
3,2024-03-29 17:00:00+00:00,0.0,0.0,0.0,0.0,0.0,0.0,0.0,47.000004,48.000004,50.000004,52.000004,50.000004,117.000015,117.000015,3,spring,0.0,0.0,44.0
3,2024-03-29 18:00:00+00:00,0.0,0.0,0.0,0.0,0.0,0.0,0.0,0.0,0.0,0.0,0.0,0.0,0.0,0.0,3,spring,0.0,0.0,0.0
3,2024-03-29 19:00:00+00:00,0.0,0.0,0.0,0.0,0.0,0.0,0.0,0.0,0.0,0.0,0.0,0.0,0.0,0.0,3,spring,0.0,0.0,0.0
3,2024-03-29 20:00:00+00:00,0.0,0.0,0.0,0.0,0.0,0.0,0.0,0.0,0.0,0.0,0.0,0.0,0.0,0.0,3,spring,0.0,0.0,0.0
3,2024-03-29 21:00:00+00:00,0.0,0.0,0.0,0.0,0.0,0.0,0.0,0.0,0.0,0.0,0.0,0.0,0.0,0.0,3,spring,0.0,0.0,0.0
3,2024-03-29 22:00:00+00:00,0.0,0.0,0.0,0.0,0.0,0.0,0.0,0.0,0.0,0.0,0.0,0.0,0.0,0.0,3,spring,0.0,0.0,0.0
3,2024-03-29 23:00:00+00:00,0.0,0.0,0.0,0.0,0.0,0.0,0.0,0.0,0.0,0.0,0.0,0.0,0.0,0.0,3,spring,0.0,0.0,0.0
3,2024-03-30 00:00:00+00:00,0.0,0.0,0.0,0.0,0.0,0.0,0.0,0.0,0.0,0.0,0.0,0.0,0.0,0.0,3,spring,0.0,0.0,0.0
3,2024-03-30 01:00:00+00:00,0.0,0.0,0.0,0.0,0.0,0.0,0.0,0.0,0.0,0.0,0.0,0.0,0.0,0.0,3,spring,0.0,0.0,0.0
3,2024-03-30 02:00:00+00:00,0.0,0.0,0.0,0.0,0.0,0.0,0.0,0.0,0.0,0.0,0.0,0.0,0.0,0.0,3,spring,0.0,0.0,0.0
3,2024-03-30 03:00:00+00:00,0.0,0.0,0.0,0.0,0.0,0.0,0.0,0.0,0.0,0.0,0.0,0.0,0.0,0.0,3,spring,0.0,0.0,0.0
3,2024-03-30 04:00:00+00:00,0.0,0.0,0.0,0.0,0.0,0.0,0.0,0.0,0.0,0.0,0.0,0.0,0.0,0.0,3,spring,0.0,0.0,0.0
3,2024-03-30 05:00:00+00:00,0.0,0.0,0.0,0.0,0.0,0.0,0.0,11.0,11.0,11.0,10.0,10.0,19.0,19.0,3,spring,0.0,0.0,11.0
3,2024-03-30 06:00:00+00:00,0.0,0.0,0.0,0.0,0.0,0.0,0.0,87.0,87.0,87.0,82.0,73.0,112.99999,108.99999,3,spring,0.0,0.0,88.0
3,2024-03-30 07:00:00+00:00,0.0,0.0,0.0,0.0,0.0,0.0,0.0,256.99997,257.99997,257.99997,250.99997,206.99998,264.0,253.99997,3,spring,0.0,0.0,260.0
3,2024-03-30 08:00:00+00:00,0.0,0.0,0.0,0.0,0.0,0.0,0.0,462.00006,464.0,464.0,457.00003,373.0,421.00003,417.00003,3,spring,0.0,0.0,466.00003
3,2024-03-30 09:00:00+00:00,0.0,0.0,0.0,0.0,0.0,0.0,0.0,618.0,622.0,621.00006,614.0,537.0,541.0,583.0,3,spring,0.0,0.0,622.0
3,2024-03-30 10:00:00+00:00,0.0,0.0,0.0,0.0,0.0,0.0,0.0,708.0,715.0,711.0,705.0,676.0,615.0,732.0,3,spring,0.0,0.0,710.0
3,2024-03-30 11:00:00+00:00,0.0,0.0,0.0,0.0,0.0,0.0,0.0,744.0,752.0,747.0,742.0,756.0,659.0,825.0,3,spring,0.0,0.0,744.0
3,2024-03-30 12:00:00+00:00,0.0,0.0,0.0,0.0,0.0,0.0,0.0,737.0,745.0,742.0,736.0,756.0,684.0,831.0,3,spring,0.0,0.0,739.0
3,2024-03-30 13:00:00+00:00,0.0,0.0,0.0,0.0,0.0,0.0,0.0,673.0,679.0,680.0,674.0,682.0,671.0,762.0,3,spring,0.0,0.0,677.99994
3,2024-03-30 14:00:00+00:00,0.0,0.0,0.0,0.0,0.0,0.0,0.0,546.0,550.0,553.0,547.0,547.0,602.0,646.00006,3,spring,0.0,0.0,551.0
3,2024-03-30 15:00:00+00:00,0.0,0.0,0.0,0.0,0.0,0.0,0.0,364.00003,366.00003,369.0,364.00003,364.00003,478.00006,497.00003,3,spring,0.0,0.0,367.00003
3,2024-03-30 16:00:00+00:00,0.0,0.0,0.0,0.0,0.0,0.0,0.0,185.0,185.99998,187.99998,185.99998,185.0,312.99997,317.99997,3,spring,0.0,0.0,185.99998
3,2024-03-30 17:00:00+00:00,0.0,0.0,0.0,0.0,0.0,0.0,0.0,58.000004,58.000004,58.000004,58.000004,58.000004,121.000015,121.000015,3,spring,0.0,0.0,58.000004
3,2024-03-30 18:00:00+00:00,0.0,0.0,0.0,0.0,0.0,0.0,0.0,0.99999994,0.99999994,0.99999994,0.99999994,0.99999994,1.9999998,1.9999998,3,spring,0.0,0.0,0.99999994
3,2024-03-30 19:00:00+00:00,0.0,0.0,0.0,0.0,0.0,0.0,0.0,0.0,0.0,0.0,0.0,0.0,0.0,0.0,3,spring,0.0,0.0,0.0
3,2024-03-30 20:00:00+00:00,0.0,0.0,0.0,0.0,0.0,0.0,0.0,0.0,0.0,0.0,0.0,0.0,0.0,0.0,3,spring,0.0,0.0,0.0
3,2024-03-30 21:00:00+00:00,0.0,0.0,0.0,0.0,0.0,0.0,0.0,0.0,0.0,0.0,0.0,0.0,0.0,0.0,3,spring,0.0,0.0,0.0
3,2024-03-30 22:00:00+00:00,0.0,0.0,0.0,0.0,0.0,0.0,0.0,0.0,0.0,0.0,0.0,0.0,0.0,0.0,3,spring,0.0,0.0,0.0
3,2024-03-30 23:00:00+00:00,0.0,0.0,0.0,0.0,0.0,0.0,0.0,0.0,0.0,0.0,0.0,0.0,0.0,0.0,3,spring,0.0,0.0,0.0
3,2024-03-31 00:00:00+00:00,0.0,0.0,0.0,0.0,0.0,0.0,0.0,0.0,0.0,0.0,0.0,0.0,0.0,0.0,3,spring,0.0,0.0,0.0
3,2024-03-31 01:00:00+00:00,0.0,0.0,0.0,0.0,0.0,0.0,0.0,0.0,0.0,0.0,0.0,0.0,0.0,0.0,3,spring,0.0,0.0,0.0
3,2024-03-31 02:00:00+00:00,0.0,0.0,0.0,0.0,0.0,0.0,0.0,0.0,0.0,0.0,0.0,0.0,0.0,0.0,3,spring,0.0,0.0,0.0
3,2024-03-31 03:00:00+00:00,0.0,0.0,0.0,0.0,0.0,0.0,0.0,0.0,0.0,0.0,0.0,0.0,0.0,0.0,3,spring,0.0,0.0,0.0
3,2024-03-31 04:00:00+00:00,0.0,0.0,0.0,0.0,0.0,0.0,0.0,0.0,0.0,0.0,0.0,0.0,0.0,0.0,3,spring,0.0,0.0,0.0
3,2024-03-31 05:00:00+00:00,0.0,0.0,0.0,0.0,0.0,0.0,0.0,7.0,11.0,8.0,8.0,12.0,17.0,24.0,3,spring,0.0,0.0,9.0
3,2024-03-31 06:00:00+00:00,0.0,0.0,0.0,0.0,0.0,0.0,0.0,68.0,83.0,74.0,63.0,92.0,101.0,128.0,3,spring,0.0,0.0,78.0
3,2024-03-31 07:00:00+00:00,0.0,0.0,0.0,0.0,0.0,0.0,0.0,224.00002,245.00002,239.00002,189.0,270.0,247.00002,281.00003,3,spring,0.0,0.0,251.00003
3,2024-03-31 08:00:00+00:00,0.0,0.0,0.0,0.0,0.0,0.0,0.0,422.99997,443.0,439.99997,345.0,471.99994,397.99997,445.99997,3,spring,0.0,0.0,461.99997
3,2024-03-31 09:00:00+00:00,0.0,0.0,0.0,0.0,0.0,0.0,0.0,590.0,604.0,573.0,471.0,589.0,480.0,606.0,3,spring,0.0,0.0,616.0
3,2024-03-31 10:00:00+00:00,0.0,0.0,0.0,0.0,0.0,0.0,0.0,703.0,708.0,627.0,554.0,611.0,491.0,746.0,3,spring,0.0,0.0,695.0
3,2024-03-31 11:00:00+00:00,0.0,0.0,0.0,0.0,0.0,0.0,0.0,753.0,743.0,644.0,593.0,605.0,494.0,830.0,3,spring,0.0,0.0,723.0
3,2024-03-31 12:00:00+00:00,0.0,0.0,0.0,0.0,0.0,0.0,0.0,734.0,701.0,665.0,589.0,622.0,530.0,833.0,3,spring,0.0,0.0,721.0
3,2024-03-31 13:00:00+00:00,0.0,0.0,0.0,0.0,0.0,0.0,0.0,646.0,590.99994,647.0,536.0,616.0,556.0,765.0,3,spring,0.0,0.0,666.0
3,2024-03-31 14:00:00+00:00,0.0,0.0,0.0,0.0,0.0,0.0,0.0,511.99997,450.0,550.0,441.0,531.0,531.0,650.0,3,spring,0.0,0.0,544.0
3,2024-03-31 15:00:00+00:00,0.0,0.0,0.0,0.0,0.0,0.0,0.0,345.0,294.0,372.0,311.0,362.0,445.0,501.0,3,spring,0.0,0.0,362.0
3,2024-03-31 16:00:00+00:00,0.0,0.0,0.0,0.0,0.0,0.0,0.0,183.0,151.0,189.0,175.0,187.0,306.99997,322.0,3,spring,0.0,0.0,183.0
3,2024-03-31 17:00:00+00:00,0.0,0.0,0.0,0.0,0.0,0.0,0.0,60.0,49.0,60.0,62.0,60.0,126.0,126.0,3,spring,0.0,0.0,57.0
3,2024-03-31 18:00:00+00:00,0.0,0.0,0.0,0.0,0.0,0.0,0.0,1.9999998,1.9999998,1.9999998,1.9999998,1.9999998,3.999999,3.999999,3,spring,0.0,0.0,1.9999998
3,2024-03-31 19:00:00+00:00,0.0,0.0,0.0,0.0,0.0,0.0,0.0,0.0,0.0,0.0,0.0,0.0,0.0,0.0,3,spring,0.0,0.0,0.0
3,2024-03-31 20:00:00+00:00,0.0,0.0,0.0,0.0,0.0,0.0,0.0,0.0,0.0,0.0,0.0,0.0,0.0,0.0,3,spring,0.0,0.0,0.0
3,2024-03-31 21:00:00+00:00,0.0,0.0,0.0,0.0,0.0,0.0,0.0,0.0,0.0,0.0,0.0,0.0,0.0,0.0,3,spring,0.0,0.0,0.0
3,2024-03-31 22:00:00+00:00,0.0,0.0,0.0,0.0,0.0,0.0,0.0,0.0,0.0,0.0,0.0,0.0,0.0,0.0,3,spring,0.0,0.0,0.0
3,2024-03-31 23:00:00+00:00,0.0,0.0,0.0,0.0,0.0,0.0,0.0,0.0,0.0,0.0,0.0,0.0,0.0,0.0,3,spring,0.0,0.0,0.0
3,2024-04-01 00:00:00+00:00,0.0,0.0,0.0,0.0,0.0,0.0,0.0,0.0,0.0,0.0,0.0,0.0,0.0,0.0,4,spring,0.0,0.0,0.0
3,2024-04-01 01:00:00+00:00,0.0,0.0,0.0,0.0,0.0,0.0,0.0,0.0,0.0,0.0,0.0,0.0,0.0,0.0,4,spring,0.0,0.0,0.0
3,2024-04-01 02:00:00+00:00,0.0,0.0,0.0,0.0,0.0,0.0,0.0,0.0,0.0,0.0,0.0,0.0,0.0,0.0,4,spring,0.0,0.0,0.0
3,2024-04-01 03:00:00+00:00,0.0,0.0,0.0,0.0,0.0,0.0,0.0,0.0,0.0,0.0,0.0,0.0,0.0,0.0,4,spring,0.0,0.0,0.0
3,2024-04-01 04:00:00+00:00,0.0,0.0,0.0,0.0,0.0,0.0,0.0,0.0,0.0,0.0,0.0,0.0,0.0,0.0,4,spring,0.0,0.0,0.0
3,2024-04-01 05:00:00+00:00,0.0,0.0,0.0,0.0,0.0,0.0,0.0,12.0,13.0,13.0,11.0,13.0,19.999998,25.999996,4,spring,0.0,0.0,13.0
3,2024-04-01 06:00:00+00:00,0.0,0.0,0.0,0.0,0.0,0.0,0.0,84.99999,88.99999,87.99999,81.99999,90.99999,107.99999,133.99998,4,spring,0.0,0.0,86.99999
3,2024-04-01 07:00:00+00:00,0.0,0.0,0.0,0.0,0.0,0.0,0.0,244.0,251.0,247.0,238.0,261.0,252.0,290.0,4,spring,0.0,0.0,245.0
3,2024-04-01 08:00:00+00:00,0.0,0.0,0.0,0.0,0.0,0.0,0.0,436.00006,446.0,440.0,427.00003,464.00006,411.00003,455.00006,4,spring,0.0,0.0,435.00006
3,2024-04-01 09:00:00+00:00,0.0,0.0,0.0,0.0,0.0,0.0,0.0,590.0,599.0,597.0,582.0,616.0,553.0,613.99994,4,spring,0.0,0.0,584.0
3,2024-04-01 10:00:00+00:00,0.0,0.0,0.0,0.0,0.0,0.0,0.0,688.99994,693.0,702.0,685.0,700.0,663.0,752.0,4,spring,0.0,0.0,679.0
3,2024-04-01 11:00:00+00:00,0.0,0.0,0.0,0.0,0.0,0.0,0.0,730.0,728.0,743.0,726.0,730.0,734.0,834.0,4,spring,0.0,0.0,720.0
3,2024-04-01 12:00:00+00:00,0.0,0.0,0.0,0.0,0.0,0.0,0.0,716.0,708.0,718.0,700.0,723.0,758.0,836.0,4,spring,0.0,0.0,717.0
3,2024-04-01 13:00:00+00:00,0.0,0.0,0.0,0.0,0.0,0.0,0.0,640.0,628.0,627.0,611.0,660.0,726.0,769.0,4,spring,0.0,0.0,655.0
3,2024-04-01 14:00:00+00:00,0.0,0.0,0.0,0.0,0.0,0.0,0.0,509.0,497.0,490.0,479.0,531.0,639.0,654.0,4,spring,0.0,0.0,529.0
3,2024-04-01 15:00:00+00:00,0.0,0.0,0.0,0.0,0.0,0.0,0.0,333.0,327.0,320.0,317.0,342.0,499.99997,505.0,4,spring,0.0,0.0,343.0
3,2024-04-01 16:00:00+00:00,0.0,0.0,0.0,0.2,0.2,0.0,0.0,165.0,166.0,161.0,164.0,163.0,325.0,326.0,4,spring,0.06,0.0,167.0
3,2024-04-01 17:00:00+00:00,0.0,0.0,0.0,0.2,0.2,0.0,0.0,52.0,53.0,51.0,54.0,48.0,130.0,130.0,4,spring,0.06,0.0,50.0
3,2024-04-01 18:00:00+00:00,0.0,0.0,0.0,0.2,0.2,0.0,0.0,2.0,2.0,2.0,3.0000002,2.0,6.000001,6.000001,4,spring,0.06,0.0,2.0
3,2024-04-01 19:00:00+00:00,0.0,0.0,0.0,3.1,0.6,0.2,0.0,0.0,0.0,0.0,0.0,0.0,0.0,0.0,4,spring,0.56,0.0,0.0
3,2024-04-01 20:00:00+00:00,0.0,0.0,0.0,3.1,0.6,0.2,0.0,0.0,0.0,0.0,0.0,0.0,0.0,0.0,4,spring,0.56,0.0,0.0
3,2024-04-01 21:00:00+00:00,0.0,0.0,0.0,3.1,0.6,0.2,0.0,0.0,0.0,0.0,0.0,0.0,0.0,0.0,4,spring,0.56,0.0,0.0
3,2024-04-01 22:00:00+00:00,0.5,0.7,0.7,1.6,1.9,0.0,0.0,0.0,0.0,0.0,0.0,0.0,0.0,0.0,4,spring,0.77,0.8,0.0
3,2024-04-01 23:00:00+00:00,0.5,0.7,0.7,1.6,1.9,0.0,0.0,0.0,0.0,0.0,0.0,0.0,0.0,0.0,4,spring,0.77,0.8,0.0
3,2024-04-02 00:00:00+00:00,0.5,0.7,0.7,1.6,1.9,0.0,0.0,0.0,0.0,0.0,0.0,0.0,0.0,0.0,4,spring,0.77,0.8,0.0
3,2024-04-02 01:00:00+00:00,0.2,0.0,0.4,0.0,0.0,0.0,0.0,0.0,0.0,0.0,0.0,0.0,0.0,0.0,4,spring,0.09,0.1,0.0
3,2024-04-02 02:00:00+00:00,0.2,0.0,0.4,0.0,0.0,0.0,0.0,0.0,0.0,0.0,0.0,0.0,0.0,0.0,4,spring,0.09,0.1,0.0
3,2024-04-02 03:00:00+00:00,0.2,0.0,0.4,0.0,0.0,0.0,0.0,0.0,0.0,0.0,0.0,0.0,0.0,0.0,4,spring,0.09,0.1,0.0
3,2024-04-02 04:00:00+00:00,0.1,0.0,0.3,0.0,0.0,0.0,0.0,0.0,0.0,0.0,0.0,0.0,0.0,0.0,4,spring,0.06,0.0,0.0
3,2024-04-02 05:00:00+00:00,0.1,0.0,0.3,0.0,0.0,0.0,0.0,7.0,13.0,8.0,13.0,14.0,25.999998,29.999996,4,spring,0.06,0.0,11.0
3,2024-04-02 06:00:00+00:00,0.1,0.0,0.3,0.0,0.0,0.0,0.0,66.0,79.0,57.0,92.0,92.0,132.0,143.0,4,spring,0.06,0.0,75.0
3,2024-04-02 07:00:00+00:00,0.0,0.0,0.0,0.0,0.0,0.1,0.0,221.0,209.0,165.0,266.0,255.0,288.0,302.0,4,spring,0.01,0.0,216.0
3,2024-04-02 08:00:00+00:00,0.0,0.0,0.0,0.0,0.0,0.1,0.0,420.0,365.0,304.0,470.0,449.0,450.99994,467.0,4,spring,0.01,0.0,392.0
3,2024-04-02 09:00:00+00:00,0.0,0.0,0.0,0.0,0.0,0.1,0.0,581.0,505.0,446.0,615.0,608.0,585.0,625.0,4,spring,0.01,0.0,556.0
3,2024-04-02 10:00:00+00:00,0.0,0.0,0.0,0.0,0.0,0.0,0.0,683.0,612.0,572.0,685.0,713.0,681.0,759.0,4,spring,0.0,0.0,686.0
3,2024-04-02 11:00:00+00:00,0.0,0.0,0.0,0.0,0.0,0.0,0.0,716.0,671.0,635.0,695.0,739.0,738.0,838.0,4,spring,0.0,0.0,736.0
3,2024-04-02 12:00:00+00:00,0.0,0.0,0.0,0.0,0.0,0.0,0.0,673.0,678.0,602.0,657.0,662.0,757.0,839.0,4,spring,0.0,0.0,666.0
3,2024-04-02 13:00:00+00:00,0.0,0.4,0.7,0.2,0.3,0.0,0.1,563.0,624.0,499.0,566.0,514.0,728.0,772.0,4,spring,0.24,0.1,517.0
3,2024-04-02 14:00:00+00:00,0.0,0.4,0.7,0.2,0.3,0.0,0.1,420.0,501.0,374.0,438.0,372.0,642.0,658.0,4,spring,0.24,0.1,369.0
3,2024-04-02 15:00:00+00:00,0.0,0.4,0.7,0.2,0.3,0.0,0.1,261.0,315.0,246.0,283.0,260.0,504.0,509.0,4,spring,0.24,0.1,251.0
3,2024-04-02 16:00:00+00:00,0.0,0.0,0.1,0.0,0.0,0.0,0.1,122.0,141.0,129.0,141.0,159.0,329.0,330.0,4,spring,0.03,0.0,146.0
3,2024-04-02 17:00:00+00:00,0.0,0.0,0.1,0.0,0.0,0.0,0.1,36.0,39.0,44.0,45.000004,62.000008,134.00003,134.00003,4,spring,0.03,0.0,55.000004
3,2024-04-02 18:00:00+00:00,0.0,0.0,0.1,0.0,0.0,0.0,0.1,2.0,2.0,3.0000002,3.0000002,4.0000005,9.000002,9.000002,4,spring,0.03,0.0,3.0000002
3,2024-04-02 19:00:00+00:00,0.0,0.0,0.0,0.0,0.0,0.0,0.1,0.0,0.0,0.0,0.0,0.0,0.0,0.0,4,spring,0.01,0.1,0.0
3,2024-04-02 20:00:00+00:00,0.0,0.0,0.0,0.0,0.0,0.0,0.1,0.0,0.0,0.0,0.0,0.0,0.0,0.0,4,spring,0.01,0.1,0.0
3,2024-04-02 21:00:00+00:00,0.0,0.0,0.0,0.0,0.0,0.0,0.1,0.0,0.0,0.0,0.0,0.0,0.0,0.0,4,spring,0.01,0.1,0.0
3,2024-04-02 22:00:00+00:00,0.0,0.0,0.0,0.0,0.0,0.0,0.2,0.0,0.0,0.0,0.0,0.0,0.0,0.0,4,spring,0.03,0.0,0.0
3,2024-04-02 23:00:00+00:00,0.0,0.0,0.0,0.0,0.0,0.0,0.2,0.0,0.0,0.0,0.0,0.0,0.0,0.0,4,spring,0.03,0.0,0.0
3,2024-04-03 00:00:00+00:00,0.0,0.0,0.0,0.0,0.0,0.0,0.2,0.0,0.0,0.0,0.0,0.0,0.0,0.0,4,spring,0.03,0.0,0.0
3,2024-04-03 01:00:00+00:00,0.0,0.0,0.0,0.0,0.0,0.0,0.0,0.0,0.0,0.0,0.0,0.0,0.0,0.0,4,spring,0.0,0.0,0.0
3,2024-04-03 02:00:00+00:00,0.0,0.0,0.0,0.0,0.0,0.0,0.0,0.0,0.0,0.0,0.0,0.0,0.0,0.0,4,spring,0.0,0.0,0.0
3,2024-04-03 03:00:00+00:00,0.0,0.0,0.0,0.0,0.0,0.0,0.0,0.0,0.0,0.0,0.0,0.0,0.0,0.0,4,spring,0.0,0.0,0.0
3,2024-04-03 04:00:00+00:00,0.0,0.0,0.0,0.0,0.0,0.0,0.0,0.0,0.0,0.0,0.0,0.0,0.0,0.0,4,spring,0.0,0.0,0.0
3,2024-04-03 05:00:00+00:00,0.0,0.0,0.0,0.0,0.0,0.0,0.0,16.0,16.0,16.0,15.0,15.0,32.0,31.0,4,spring,0.0,0.0,15.0
3,2024-04-03 06:00:00+00:00,0.0,0.0,0.0,0.0,0.0,0.0,0.0,98.0,103.0,98.0,100.0,102.0,151.0,145.0,4,spring,0.0,0.0,95.0
3,2024-04-03 07:00:00+00:00,0.0,0.0,0.0,0.0,0.0,0.0,0.0,257.0,281.0,259.0,275.0,282.0,313.0,303.0,4,spring,0.0,0.0,256.0
3,2024-04-03 08:00:00+00:00,0.0,0.0,0.0,0.0,0.0,0.0,0.0,442.0,483.0,443.0,469.0,482.0,475.0,468.0,4,spring,0.0,0.0,442.0
3,2024-04-03 09:00:00+00:00,0.0,0.0,0.0,0.0,0.0,0.0,0.0,586.0,617.0,570.0,581.0,601.0,611.0,627.0,4,spring,0.0,0.0,584.0
3,2024-04-03 10:00:00+00:00,0.0,0.0,0.0,0.0,0.0,0.0,0.0,672.0,669.0,627.0,598.0,626.0,708.0,762.0,4,spring,0.0,0.0,665.0
3,2024-04-03 11:00:00+00:00,0.0,0.0,0.0,0.0,0.0,0.0,0.0,688.0,661.0,625.0,557.0,595.0,766.0,843.0,4,spring,0.0,0.0,673.0
3,2024-04-03 12:00:00+00:00,0.0,0.0,0.0,0.0,0.0,0.0,0.0,625.0,610.0,568.0,478.0,531.0,781.0,844.0,4,spring,0.0,0.0,597.0
3,2024-04-03 13:00:00+00:00,0.0,0.0,0.0,0.0,0.0,0.0,0.0,499.0,512.0,464.0,363.0,431.0,746.0,776.0,4,spring,0.0,0.0,460.0
3,2024-04-03 14:00:00+00:00,0.0,0.0,0.0,0.0,0.0,0.0,0.0,354.0,381.0,338.0,248.0,315.0,655.0,662.0,4,spring,0.0,0.0,316.0
3,2024-04-03 15:00:00+00:00,0.0,0.0,0.0,0.0,0.0,0.0,0.0,207.0,227.0,204.0,146.0,195.0,512.0,513.0,4,spring,0.0,0.0,187.0
3,2024-04-03 16:00:00+00:00,0.0,0.0,0.0,0.0,0.0,0.0,0.0,88.0,97.0,91.0,67.0,94.0,334.0,334.0,4,spring,0.0,0.0,85.0
3,2024-04-03 17:00:00+00:00,0.0,0.0,0.0,0.0,0.0,0.0,0.0,22.0,25.0,26.0,20.0,29.0,138.0,138.0,4,spring,0.0,0.0,24.0
3,2024-04-03 18:00:00+00:00,0.0,0.0,0.0,0.0,0.0,0.0,0.0,1.0,2.0,2.0,1.0,2.0,10.999998,10.999998,4,spring,0.0,0.0,2.0
3,2024-04-03 19:00:00+00:00,0.0,0.0,0.0,0.0,0.0,0.0,0.0,0.0,0.0,0.0,0.0,0.0,0.0,0.0,4,spring,0.0,0.0,0.0
3,2024-04-03 20:00:00+00:00,0.0,0.0,0.0,0.0,0.0,0.0,0.0,0.0,0.0,0.0,0.0,0.0,0.0,0.0,4,spring,0.0,0.0,0.0
3,2024-04-03 21:00:00+00:00,0.0,0.0,0.0,0.0,0.0,0.0,0.0,0.0,0.0,0.0,0.0,0.0,0.0,0.0,4,spring,0.0,0.0,0.0
3,2024-04-03 22:00:00+00:00,0.0,0.0,0.0,0.0,0.0,0.0,0.0,0.0,0.0,0.0,0.0,0.0,0.0,0.0,4,spring,0.0,0.0,0.0
3,2024-04-03 23:00:00+00:00,0.0,0.0,0.0,0.0,0.0,0.0,0.0,0.0,0.0,0.0,0.0,0.0,0.0,0.0,4,spring,0.0,0.0,0.0
3,2024-04-04 00:00:00+00:00,0.0,0.0,0.0,0.0,0.0,0.0,0.0,0.0,0.0,0.0,0.0,0.0,0.0,0.0,4,spring,0.0,0.0,0.0
3,2024-04-04 01:00:00+00:00,0.0,0.0,0.0,0.0,0.0,0.0,0.0,0.0,0.0,0.0,0.0,0.0,0.0,0.0,4,spring,0.0,0.0,0.0
3,2024-04-04 02:00:00+00:00,0.0,0.0,0.0,0.0,0.0,0.0,0.0,0.0,0.0,0.0,0.0,0.0,0.0,0.0,4,spring,0.0,0.0,0.0
3,2024-04-04 03:00:00+00:00,0.0,0.0,0.0,0.0,0.0,0.0,0.0,0.0,0.0,0.0,0.0,0.0,0.0,0.0,4,spring,0.0,0.0,0.0
3,2024-04-04 04:00:00+00:00,0.0,0.0,0.0,0.0,0.0,0.0,0.0,0.0,0.0,0.0,0.0,0.0,0.0,0.0,4,spring,0.0,0.0,0.0
3,2024-04-04 05:00:00+00:00,0.0,0.0,0.0,0.0,0.0,0.0,0.0,13.0,13.0,16.0,17.0,17.0,32.999992,18.0,4,spring,0.0,0.0,13.0
3,2024-04-04 06:00:00+00:00,0.0,0.0,0.0,0.0,0.0,0.0,0.0,88.0,90.0,101.0,107.0,103.0,150.0,84.0,4,spring,0.0,0.0,92.0
3,2024-04-04 07:00:00+00:00,0.0,0.0,0.0,0.0,0.0,0.0,0.2,252.0,253.0,273.0,283.0,277.0,311.0,176.0,4,spring,0.03,0.0,265.0
3,2024-04-04 08:00:00+00:00,0.0,0.0,0.0,0.0,0.0,0.0,0.2,448.0,447.0,472.0,483.0,479.0,472.0,293.0,4,spring,0.03,0.0,470.0
3,2024-04-04 09:00:00+00:00,0.0,0.0,0.0,0.0,0.0,0.0,0.2,590.0,586.0,610.0,615.0,633.0,601.0,457.0,4,spring,0.03,0.0,615.0
3,2024-04-04 10:00:00+00:00,0.0,0.0,0.0,0.0,0.0,0.0,0.0,665.0,659.0,676.0,667.0,722.0,690.0,649.0,4,spring,0.0,0.0,688.0
3,2024-04-04 11:00:00+00:00,0.0,0.0,0.0,0.0,0.0,0.0,0.0,691.0,685.0,690.0,678.0,753.0,741.0,790.0,4,spring,0.0,0.0,711.0
3,2024-04-04 12:00:00+00:00,0.0,0.0,0.0,0.0,0.0,0.0,0.0,685.0,682.0,671.0,676.0,736.0,759.0,824.0,4,spring,0.0,0.0,706.0
3,2024-04-04 13:00:00+00:00,0.0,0.0,0.0,0.0,0.0,0.0,0.0,630.0,632.0,605.0,633.99994,661.0,731.0,771.0,4,spring,0.0,0.0,650.0
3,2024-04-04 14:00:00+00:00,0.0,0.0,0.0,0.0,0.0,0.0,0.0,518.0,521.0,491.0,529.0,532.0,646.99994,665.0,4,spring,0.0,0.0,535.0
3,2024-04-04 15:00:00+00:00,0.0,0.0,0.0,0.0,0.0,0.0,0.0,355.0,356.0,336.0,363.0,360.0,510.0,519.0,4,spring,0.0,0.0,364.0
3,2024-04-04 16:00:00+00:00,0.0,0.0,0.0,0.0,0.0,0.0,0.0,192.0,190.0,183.0,195.0,192.0,336.0,339.0,4,spring,0.0,0.0,193.0
3,2024-04-04 17:00:00+00:00,0.0,0.0,0.0,0.0,0.0,0.0,0.0,67.99999,66.99999,66.0,68.99999,67.99999,141.99998,141.99998,4,spring,0.0,0.0,67.99999
3,2024-04-04 18:00:00+00:00,0.0,0.0,0.0,0.0,0.0,0.0,0.0,6.000001,6.000001,6.000001,6.000001,6.000001,13.000003,13.000003,4,spring,0.0,0.0,6.000001
3,2024-04-04 19:00:00+00:00,0.0,0.0,0.0,0.0,0.0,0.0,0.0,0.0,0.0,0.0,0.0,0.0,0.0,0.0,4,spring,0.0,0.0,0.0
3,2024-04-04 20:00:00+00:00,0.0,0.0,0.0,0.0,0.0,0.0,0.0,0.0,0.0,0.0,0.0,0.0,0.0,0.0,4,spring,0.0,0.0,0.0
3,2024-04-04 21:00:00+00:00,0.0,0.0,0.0,0.0,0.0,0.0,0.0,0.0,0.0,0.0,0.0,0.0,0.0,0.0,4,spring,0.0,0.0,0.0
3,2024-04-04 22:00:00+00:00,0.0,0.0,0.0,0.0,0.0,0.0,0.0,0.0,0.0,0.0,0.0,0.0,0.0,0.0,4,spring,0.0,0.0,0.0
3,2024-04-04 23:00:00+00:00,0.0,0.0,0.0,0.0,0.0,0.0,0.0,0.0,0.0,0.0,0.0,0.0,0.0,0.0,4,spring,0.0,0.0,0.0
3,2024-04-05 00:00:00+00:00,0.0,0.0,0.0,0.0,0.0,0.0,0.0,0.0,0.0,0.0,0.0,0.0,0.0,0.0,4,spring,0.0,0.0,0.0
3,2024-04-05 01:00:00+00:00,0.0,0.0,0.0,0.0,0.0,0.0,0.0,0.0,0.0,0.0,0.0,0.0,0.0,0.0,4,spring,0.0,0.0,0.0
3,2024-04-05 02:00:00+00:00,0.0,0.0,0.0,0.0,0.0,0.0,0.0,0.0,0.0,0.0,0.0,0.0,0.0,0.0,4,spring,0.0,0.0,0.0
3,2024-04-05 03:00:00+00:00,0.0,0.0,0.0,0.0,0.0,0.0,0.0,0.0,0.0,0.0,0.0,0.0,0.0,0.0,4,spring,0.0,0.0,0.0
3,2024-04-05 04:00:00+00:00,0.0,0.0,0.0,0.0,0.0,0.0,0.0,0.0,0.0,0.0,0.0,0.0,0.0,0.0,4,spring,0.0,0.0,0.0
3,2024-04-05 05:00:00+00:00,0.0,0.0,0.0,0.0,0.0,0.0,0.0,18.0,18.0,18.0,17.0,17.0,36.999996,36.999996,4,spring,0.0,0.0,18.0
3,2024-04-05 06:00:00+00:00,0.0,0.0,0.0,0.0,0.0,0.0,0.0,108.00001,105.00001,104.00001,106.0,101.00001,162.00002,161.00002,4,spring,0.0,0.0,108.00001
3,2024-04-05 07:00:00+00:00,0.0,0.0,0.0,0.0,0.0,0.0,0.0,280.0,272.0,271.0,285.0,267.0,326.0,323.0,4,spring,0.0,0.0,280.0
3,2024-04-05 08:00:00+00:00,0.0,0.0,0.0,0.0,0.0,0.0,0.0,479.0,467.0,467.0,492.00006,457.00003,488.00006,488.00006,4,spring,0.0,0.0,480.00006
3,2024-04-05 09:00:00+00:00,0.0,0.0,0.0,0.0,0.0,0.0,0.0,631.0,618.99994,621.0,645.0,586.0,621.0,643.99994,4,spring,0.0,0.0,634.0
3,2024-04-05 10:00:00+00:00,0.0,0.0,0.0,0.0,0.0,0.0,0.0,721.0,712.0,719.0,726.0,644.0,713.0,775.0,4,spring,0.0,0.0,725.0
3,2024-04-05 11:00:00+00:00,0.0,0.0,0.0,0.0,0.0,0.0,0.0,755.0,749.0,754.0,741.0,654.0,766.0,851.0,4,spring,0.0,0.0,761.0
3,2024-04-05 12:00:00+00:00,0.0,0.0,0.0,0.0,0.0,0.0,0.0,743.0,732.0,727.0,692.0,632.0,782.0,851.0,4,spring,0.0,0.0,749.0
3,2024-04-05 13:00:00+00:00,0.0,0.0,0.0,0.0,0.0,0.0,0.0,673.0,657.0,639.0,585.0,567.0,749.0,783.0,4,spring,0.0,0.0,679.00006
3,2024-04-05 14:00:00+00:00,0.0,0.0,0.0,0.0,0.0,0.0,0.0,546.0,530.0,505.0,449.0,461.0,660.0,669.0,4,spring,0.0,0.0,551.0
3,2024-04-05 15:00:00+00:00,0.0,0.0,0.0,0.0,0.0,0.0,0.0,369.0,363.0,338.0,298.0,321.0,518.0,520.0,4,spring,0.0,0.0,372.0
3,2024-04-05 16:00:00+00:00,0.0,0.0,0.0,0.0,0.0,0.0,0.0,195.00002,199.00003,179.00002,159.0,180.00002,341.00003,342.00003,4,spring,0.0,0.0,197.00002
3,2024-04-05 17:00:00+00:00,0.0,0.0,0.0,0.0,0.0,0.0,0.0,69.0,72.00001,64.0,57.000004,68.00001,146.00002,146.00002,4,spring,0.0,0.0,70.00001
3,2024-04-05 18:00:00+00:00,0.0,0.0,0.0,0.0,0.0,0.0,0.0,7.0000005,7.0000005,6.0000005,5.0,7.0000005,15.000002,15.000002,4,spring,0.0,0.0,7.0000005
3,2024-04-05 19:00:00+00:00,0.0,0.0,0.0,0.0,0.0,0.0,0.0,0.0,0.0,0.0,0.0,0.0,0.0,0.0,4,spring,0.0,0.0,0.0
3,2024-04-05 20:00:00+00:00,0.0,0.0,0.0,0.0,0.0,0.0,0.0,0.0,0.0,0.0,0.0,0.0,0.0,0.0,4,spring,0.0,0.0,0.0
3,2024-04-05 21:00:00+00:00,0.0,0.0,0.0,0.0,0.0,0.0,0.0,0.0,0.0,0.0,0.0,0.0,0.0,0.0,4,spring,0.0,0.0,0.0
3,2024-04-05 22:00:00+00:00,0.0,0.0,0.0,0.0,0.0,0.0,0.0,0.0,0.0,0.0,0.0,0.0,0.0,0.0,4,spring,0.0,0.0,0.0
3,2024-04-05 23:00:00+00:00,0.0,0.0,0.0,0.0,0.0,0.0,0.0,0.0,0.0,0.0,0.0,0.0,0.0,0.0,4,spring,0.0,0.0,0.0
3,2024-04-06 00:00:00+00:00,0.0,0.0,0.0,0.0,0.0,0.0,0.0,0.0,0.0,0.0,0.0,0.0,0.0,0.0,4,spring,0.0,0.0,0.0
3,2024-04-06 01:00:00+00:00,0.0,0.0,0.0,0.0,0.0,0.0,0.0,0.0,0.0,0.0,0.0,0.0,0.0,0.0,4,spring,0.0,0.0,0.0
3,2024-04-06 02:00:00+00:00,0.0,0.0,0.0,0.0,0.0,0.0,0.0,0.0,0.0,0.0,0.0,0.0,0.0,0.0,4,spring,0.0,0.0,0.0
3,2024-04-06 03:00:00+00:00,0.0,0.0,0.0,0.0,0.0,0.0,0.0,0.0,0.0,0.0,0.0,0.0,0.0,0.0,4,spring,0.0,0.0,0.0
3,2024-04-06 04:00:00+00:00,0.0,0.0,0.0,0.0,0.0,0.0,0.0,0.0,0.0,0.0,0.0,0.0,0.0,0.0,4,spring,0.0,0.0,0.0
3,2024-04-06 05:00:00+00:00,0.0,0.0,0.0,0.0,0.0,0.0,0.0,19.0,18.0,19.0,19.0,19.0,39.999992,38.999992,4,spring,0.0,0.0,19.0
3,2024-04-06 06:00:00+00:00,0.0,0.0,0.0,0.0,0.0,0.0,0.0,109.0,103.0,109.0,110.0,106.0,169.0,166.0,4,spring,0.0,0.0,109.0
3,2024-04-06 07:00:00+00:00,0.0,0.0,0.0,0.0,0.0,0.0,0.0,278.0,265.0,282.0,285.0,268.0,334.0,327.0,4,spring,0.0,0.0,282.0
3,2024-04-06 08:00:00+00:00,0.0,0.0,0.0,0.0,0.0,0.0,0.0,474.0,457.0,484.0,487.99997,457.99997,496.0,493.0,4,spring,0.0,0.0,481.0
3,2024-04-06 09:00:00+00:00,0.0,0.0,0.0,0.0,0.0,0.0,0.0,625.0,610.0,634.0,641.0,612.0,623.00006,649.0,4,spring,0.0,0.0,628.0
3,2024-04-06 10:00:00+00:00,0.0,0.0,0.0,0.0,0.0,0.0,0.0,717.0,709.0,719.0,730.0,716.0,706.0,779.0,4,spring,0.0,0.0,711.0
3,2024-04-06 11:00:00+00:00,0.0,0.0,0.0,0.0,0.0,0.0,0.0,755.0,755.0,752.0,764.0,765.0,752.0,855.0,4,spring,0.0,0.0,743.0
3,2024-04-06 12:00:00+00:00,0.0,0.0,0.0,0.0,0.0,0.0,0.0,747.0,751.0,747.0,757.0,764.0,768.0,855.0,4,spring,0.0,0.0,741.0
3,2024-04-06 13:00:00+00:00,0.0,0.0,0.0,0.0,0.0,0.0,0.0,682.0,687.99994,687.99994,693.0,701.0,739.0,787.0,4,spring,0.0,0.0,686.0
3,2024-04-06 14:00:00+00:00,0.0,0.0,0.0,0.0,0.0,0.0,0.0,557.0,563.0,566.0,568.0,575.0,655.0,673.0,4,spring,0.0,0.0,566.0
3,2024-04-06 15:00:00+00:00,0.0,0.0,0.0,0.0,0.0,0.0,0.0,379.0,385.0,387.0,389.0,394.0,517.0,524.0,4,spring,0.0,0.0,386.0
3,2024-04-06 16:00:00+00:00,0.0,0.0,0.0,0.0,0.0,0.0,0.0,203.99998,206.99998,208.99998,209.99997,211.99997,343.99994,344.99997,4,spring,0.0,0.0,206.99998
3,2024-04-06 17:00:00+00:00,0.0,0.0,0.0,0.0,0.0,0.0,0.0,74.0,75.0,76.0,77.0,77.0,150.0,150.0,4,spring,0.0,0.0,75.0
3,2024-04-06 18:00:00+00:00,0.0,0.0,0.0,0.0,0.0,0.0,0.0,8.000001,8.000001,8.000001,8.000001,8.000001,17.000004,17.000004,4,spring,0.0,0.0,8.000001
3,2024-04-06 19:00:00+00:00,0.0,0.0,0.0,0.0,0.0,0.0,0.0,0.0,0.0,0.0,0.0,0.0,0.0,0.0,4,spring,0.0,0.0,0.0
3,2024-04-06 20:00:00+00:00,0.0,0.0,0.0,0.0,0.0,0.0,0.0,0.0,0.0,0.0,0.0,0.0,0.0,0.0,4,spring,0.0,0.0,0.0
3,2024-04-06 21:00:00+00:00,0.0,0.0,0.0,0.0,0.0,0.0,0.0,0.0,0.0,0.0,0.0,0.0,0.0,0.0,4,spring,0.0,0.0,0.0
3,2024-04-06 22:00:00+00:00,0.0,0.0,0.0,0.0,0.0,0.0,0.0,0.0,0.0,0.0,0.0,0.0,0.0,0.0,4,spring,0.0,0.0,0.0
3,2024-04-06 23:00:00+00:00,0.0,0.0,0.0,0.0,0.0,0.0,0.0,0.0,0.0,0.0,0.0,0.0,0.0,0.0,4,spring,0.0,0.0,0.0
3,2024-04-07 00:00:00+00:00,0.0,0.0,0.0,0.0,0.0,0.0,0.0,0.0,0.0,0.0,0.0,0.0,0.0,0.0,4,spring,0.0,0.0,0.0
3,2024-04-07 01:00:00+00:00,0.0,0.0,0.0,0.0,0.0,0.0,0.0,0.0,0.0,0.0,0.0,0.0,0.0,0.0,4,spring,0.0,0.0,0.0
3,2024-04-07 02:00:00+00:00,0.0,0.0,0.0,0.0,0.0,0.0,0.0,0.0,0.0,0.0,0.0,0.0,0.0,0.0,4,spring,0.0,0.0,0.0
3,2024-04-07 03:00:00+00:00,0.0,0.0,0.0,0.0,0.0,0.0,0.0,0.0,0.0,0.0,0.0,0.0,0.0,0.0,4,spring,0.0,0.0,0.0
3,2024-04-07 04:00:00+00:00,0.0,0.0,0.0,0.0,0.0,0.0,0.0,0.0,0.0,0.0,0.0,0.0,0.0,0.0,4,spring,0.0,0.0,0.0
3,2024-04-07 05:00:00+00:00,0.0,0.0,0.0,0.0,0.0,0.0,0.0,21.0,21.0,20.0,21.0,22.0,43.999996,44.999992,4,spring,0.0,0.0,21.0
3,2024-04-07 06:00:00+00:00,0.0,0.0,0.0,0.0,0.0,0.0,0.0,113.99999,113.99999,111.99999,113.99999,116.99999,180.99998,182.99998,4,spring,0.0,0.0,113.99999
3,2024-04-07 07:00:00+00:00,0.0,0.0,0.0,0.0,0.0,0.0,0.0,286.0,287.0,283.0,287.0,294.0,349.0,350.0,4,spring,0.0,0.0,287.0
3,2024-04-07 08:00:00+00:00,0.0,0.0,0.0,0.0,0.0,0.0,0.0,484.0,486.00003,480.0,487.0,496.0,512.0,516.0,4,spring,0.0,0.0,485.0
3,2024-04-07 09:00:00+00:00,0.0,0.0,0.0,0.0,0.0,0.0,0.0,635.0,636.0,631.0,641.0,649.0,641.0,667.0,4,spring,0.0,0.0,635.0
3,2024-04-07 10:00:00+00:00,0.0,0.0,0.0,0.0,0.0,0.0,0.0,726.0,725.0,723.0,736.0,738.0,727.0,790.0,4,spring,0.0,0.0,722.0
3,2024-04-07 11:00:00+00:00,0.0,0.0,0.0,0.0,0.0,0.0,0.0,764.0,760.0,762.0,777.0,773.0,775.0,859.0,4,spring,0.0,0.0,758.0
3,2024-04-07 12:00:00+00:00,0.0,0.0,0.0,0.0,0.0,0.0,0.0,759.0,755.0,757.0,771.0,768.0,789.0,856.0,4,spring,0.0,0.0,753.0
3,2024-04-07 13:00:00+00:00,0.0,0.0,0.0,0.0,0.0,0.0,0.0,697.0,693.0,695.0,707.0,706.0,756.0,790.0,4,spring,0.0,0.0,694.0
3,2024-04-07 14:00:00+00:00,0.0,0.0,0.0,0.0,0.0,0.0,0.0,572.0,570.0,571.0,581.0,581.0,667.0,676.0,4,spring,0.0,0.0,571.0
3,2024-04-07 15:00:00+00:00,0.0,0.0,0.0,0.0,0.0,0.0,0.0,391.0,390.0,392.0,399.0,399.0,525.0,527.0,4,spring,0.0,0.0,392.0
3,2024-04-07 16:00:00+00:00,0.0,0.0,0.0,0.0,0.0,0.0,0.0,212.0,210.99998,212.0,217.0,216.0,349.0,349.0,4,spring,0.0,0.0,212.99998
3,2024-04-07 17:00:00+00:00,0.0,0.0,0.0,0.0,0.0,0.0,0.0,78.0,78.0,78.99999,81.0,79.99999,153.99998,153.99998,4,spring,0.0,0.0,78.99999
3,2024-04-07 18:00:00+00:00,0.0,0.0,0.0,0.0,0.0,0.0,0.0,9.0,9.0,9.0,10.0,9.0,19.0,19.0,4,spring,0.0,0.0,9.0
3,2024-04-07 19:00:00+00:00,0.0,0.0,0.0,0.0,0.0,0.0,0.0,0.0,0.0,0.0,0.0,0.0,0.0,0.0,4,spring,0.0,0.0,0.0
3,2024-04-07 20:00:00+00:00,0.0,0.0,0.0,0.0,0.0,0.0,0.0,0.0,0.0,0.0,0.0,0.0,0.0,0.0,4,spring,0.0,0.0,0.0
3,2024-04-07 21:00:00+00:00,0.0,0.0,0.0,0.0,0.0,0.0,0.0,0.0,0.0,0.0,0.0,0.0,0.0,0.0,4,spring,0.0,0.0,0.0
3,2024-04-07 22:00:00+00:00,0.0,0.0,0.0,0.0,0.0,0.0,0.0,0.0,0.0,0.0,0.0,0.0,0.0,0.0,4,spring,0.0,0.0,0.0
3,2024-04-07 23:00:00+00:00,0.0,0.0,0.0,0.0,0.0,0.0,0.0,0.0,0.0,0.0,0.0,0.0,0.0,0.0,4,spring,0.0,0.0,0.0
3,2024-04-08 00:00:00+00:00,0.0,0.0,0.0,0.0,0.0,0.0,0.0,0.0,0.0,0.0,0.0,0.0,0.0,0.0,4,spring,0.0,0.0,0.0
3,2024-04-08 01:00:00+00:00,0.0,0.0,0.0,0.0,0.0,0.0,0.0,0.0,0.0,0.0,0.0,0.0,0.0,0.0,4,spring,0.0,0.0,0.0
3,2024-04-08 02:00:00+00:00,0.0,0.0,0.0,0.0,0.0,0.0,0.0,0.0,0.0,0.0,0.0,0.0,0.0,0.0,4,spring,0.0,0.0,0.0
3,2024-04-08 03:00:00+00:00,0.0,0.0,0.0,0.0,0.0,0.0,0.0,0.0,0.0,0.0,0.0,0.0,0.0,0.0,4,spring,0.0,0.0,0.0
3,2024-04-08 04:00:00+00:00,0.0,0.0,0.0,0.0,0.0,0.0,0.0,0.0,0.0,0.0,0.0,0.0,0.0,0.0,4,spring,0.0,0.0,0.0
3,2024-04-08 05:00:00+00:00,0.0,0.0,0.0,0.0,0.0,0.0,0.0,23.0,23.0,23.0,24.0,23.0,48.000004,48.000004,4,spring,0.0,0.0,23.0
3,2024-04-08 06:00:00+00:00,0.0,0.0,0.0,0.0,0.0,0.0,0.0,122.0,123.0,124.0,125.0,123.0,190.0,190.0,4,spring,0.0,0.0,121.0
3,2024-04-08 07:00:00+00:00,0.0,0.0,0.0,0.0,0.0,0.0,0.0,301.0,304.0,304.0,306.0,303.0,360.0,358.0,4,spring,0.0,0.0,299.0
3,2024-04-08 08:00:00+00:00,0.0,0.0,0.0,0.0,0.0,0.0,0.0,505.0,509.0,510.0,513.0,508.0,524.0,524.0,4,spring,0.0,0.0,502.0
3,2024-04-08 09:00:00+00:00,0.0,0.0,0.0,0.0,0.0,0.0,0.0,661.0,665.0,666.0,668.0,661.0,654.0,674.0,4,spring,0.0,0.0,659.0
3,2024-04-08 10:00:00+00:00,0.0,0.0,0.0,0.0,0.0,0.0,0.0,753.0,756.0,759.0,760.0,749.0,743.0,795.0,4,spring,0.0,0.0,756.0
3,2024-04-08 11:00:00+00:00,0.0,0.0,0.0,0.0,0.0,0.0,0.0,791.0,793.0,796.0,797.0,783.0,792.0,863.0,4,spring,0.0,0.0,793.0
3,2024-04-08 12:00:00+00:00,0.0,0.0,0.0,0.0,0.0,0.0,0.0,785.0,787.0,789.0,790.0,775.0,803.0,860.0,4,spring,0.0,0.0,776.0
3,2024-04-08 13:00:00+00:00,0.0,0.0,0.0,0.0,0.0,0.0,0.0,722.0,724.0,725.0,726.0,712.0,767.0,793.0,4,spring,0.0,0.0,699.0
3,2024-04-08 14:00:00+00:00,0.0,0.0,0.0,0.0,0.0,0.0,0.0,592.0,594.0,596.0,597.0,586.0,675.0,680.0,4,spring,0.0,0.0,565.0
3,2024-04-08 15:00:00+00:00,0.0,0.0,0.0,0.0,0.0,0.0,0.0,402.0,405.0,410.99997,412.0,403.0,531.0,531.0,4,spring,0.0,0.0,383.0
3,2024-04-08 16:00:00+00:00,0.0,0.0,0.0,0.0,0.0,0.0,0.0,214.0,217.0,225.0,226.0,220.0,353.0,353.0,4,spring,0.0,0.0,206.0
3,2024-04-08 17:00:00+00:00,0.0,0.0,0.0,0.0,0.0,0.0,0.0,79.00001,80.00001,85.00001,86.00001,83.00001,158.00003,158.00003,4,spring,0.0,0.0,77.00001
3,2024-04-08 18:00:00+00:00,0.0,0.0,0.0,0.0,0.0,0.0,0.0,10.000001,10.000001,11.000002,11.000002,11.000002,21.000004,21.000004,4,spring,0.0,0.0,10.000001
3,2024-04-08 19:00:00+00:00,0.0,0.0,0.0,0.0,0.0,0.0,0.0,0.0,0.0,0.0,0.0,0.0,0.0,0.0,4,spring,0.0,0.0,0.0
3,2024-04-08 20:00:00+00:00,0.0,0.0,0.0,0.0,0.0,0.0,0.0,0.0,0.0,0.0,0.0,0.0,0.0,0.0,4,spring,0.0,0.0,0.0
3,2024-04-08 21:00:00+00:00,0.0,0.0,0.0,0.0,0.0,0.0,0.0,0.0,0.0,0.0,0.0,0.0,0.0,0.0,4,spring,0.0,0.0,0.0
3,2024-04-08 22:00:00+00:00,0.0,0.0,0.0,0.0,0.0,0.0,0.0,0.0,0.0,0.0,0.0,0.0,0.0,0.0,4,spring,0.0,0.0,0.0
3,2024-04-08 23:00:00+00:00,0.0,0.0,0.0,0.0,0.0,0.0,0.0,0.0,0.0,0.0,0.0,0.0,0.0,0.0,4,spring,0.0,0.0,0.0
3,2024-04-09 00:00:00+00:00,0.0,0.0,0.0,0.0,0.0,0.0,0.0,0.0,0.0,0.0,0.0,0.0,0.0,0.0,4,spring,0.0,0.0,0.0
3,2024-04-09 01:00:00+00:00,0.0,0.0,0.0,0.0,0.0,0.0,0.0,0.0,0.0,0.0,0.0,0.0,0.0,0.0,4,spring,0.0,0.0,0.0
3,2024-04-09 02:00:00+00:00,0.0,0.0,0.0,0.0,0.0,0.0,0.0,0.0,0.0,0.0,0.0,0.0,0.0,0.0,4,spring,0.0,0.0,0.0
3,2024-04-09 03:00:00+00:00,0.0,0.0,0.0,0.0,0.0,0.0,0.0,0.0,0.0,0.0,0.0,0.0,0.0,0.0,4,spring,0.0,0.0,0.0
3,2024-04-09 04:00:00+00:00,0.0,0.0,0.0,0.0,0.0,0.0,0.0,0.0,0.0,0.0,0.0,0.0,0.0,0.0,4,spring,0.0,0.0,0.0
3,2024-04-09 05:00:00+00:00,0.0,0.0,0.0,0.0,0.0,0.0,0.0,23.999998,23.999998,24.999998,24.999998,24.999998,48.999992,50.999992,4,spring,0.0,0.0,22.0
3,2024-04-09 06:00:00+00:00,0.0,0.0,0.0,0.0,0.0,0.0,0.0,119.99999,119.0,124.99999,124.99999,126.99999,191.99997,196.99997,4,spring,0.0,0.0,116.0
3,2024-04-09 07:00:00+00:00,0.0,0.0,0.0,0.0,0.0,0.0,0.0,287.0,282.0,302.0,303.0,305.0,362.0,366.0,4,spring,0.0,0.0,282.0
3,2024-04-09 08:00:00+00:00,0.0,0.0,0.0,0.0,0.0,0.0,0.0,477.0,465.0,501.0,504.0,507.0,525.0,532.0,4,spring,0.0,0.0,473.0
3,2024-04-09 09:00:00+00:00,0.0,0.0,0.0,0.0,0.0,0.0,0.0,620.0,604.0,642.0,656.0,660.0,651.0,681.0,4,spring,0.0,0.0,618.0
3,2024-04-09 10:00:00+00:00,0.0,0.0,0.0,0.0,0.0,0.0,0.0,704.0,689.0,715.0,745.0,750.0,732.0,801.0,4,spring,0.0,0.0,705.0
3,2024-04-09 11:00:00+00:00,0.0,0.0,0.0,0.0,0.0,0.0,0.0,740.0,722.0,741.0,780.0,787.0,776.0,867.0,4,spring,0.0,0.0,739.0
3,2024-04-09 12:00:00+00:00,0.0,0.0,0.0,0.0,0.0,0.0,0.0,739.0,711.00006,739.0,775.0,781.0,789.0,863.0,4,spring,0.0,0.0,727.0
3,2024-04-09 13:00:00+00:00,0.0,0.0,0.0,0.0,0.0,0.0,0.0,687.00006,647.00006,690.0,713.0,718.0,758.0,797.0,4,spring,0.0,0.0,660.0
3,2024-04-09 14:00:00+00:00,0.0,0.0,0.0,0.0,0.0,0.0,0.0,571.0,532.0,576.0,588.0,591.0,671.0,684.0,4,spring,0.0,0.0,539.0
3,2024-04-09 15:00:00+00:00,0.0,0.0,0.0,0.0,0.0,0.0,0.0,395.00003,374.00003,400.00003,407.00003,406.00003,531.00006,535.00006,4,spring,0.0,0.0,371.00003
3,2024-04-09 16:00:00+00:00,0.0,0.0,0.0,0.0,0.0,0.0,0.0,218.0,214.0,221.0,225.0,221.0,356.00003,357.0,4,spring,0.0,0.0,204.0
3,2024-04-09 17:00:00+00:00,0.0,0.0,0.0,0.0,0.0,0.0,0.0,84.0,85.0,85.0,87.0,84.0,162.00002,162.00002,4,spring,0.0,0.0,79.0
3,2024-04-09 18:00:00+00:00,0.0,0.0,0.0,0.0,0.0,0.0,0.0,11.000001,12.000002,12.000002,12.000002,11.000001,23.000004,23.000004,4,spring,0.0,0.0,11.000001
3,2024-04-09 19:00:00+00:00,0.0,0.0,0.0,0.0,0.0,0.0,0.0,0.0,0.0,0.0,0.0,0.0,0.0,0.0,4,spring,0.0,0.0,0.0
3,2024-04-09 20:00:00+00:00,0.0,0.0,0.0,0.0,0.0,0.0,0.0,0.0,0.0,0.0,0.0,0.0,0.0,0.0,4,spring,0.0,0.0,0.0
3,2024-04-09 21:00:00+00:00,0.0,0.0,0.0,0.0,0.0,0.0,0.0,0.0,0.0,0.0,0.0,0.0,0.0,0.0,4,spring,0.0,0.0,0.0
3,2024-04-09 22:00:00+00:00,0.0,0.0,0.0,0.0,0.0,0.0,0.0,0.0,0.0,0.0,0.0,0.0,0.0,0.0,4,spring,0.0,0.0,0.0
3,2024-04-09 23:00:00+00:00,0.0,0.0,0.0,0.0,0.0,0.0,0.0,0.0,0.0,0.0,0.0,0.0,0.0,0.0,4,spring,0.0,0.0,0.0
3,2024-04-10 00:00:00+00:00,0.0,0.0,0.0,0.0,0.0,0.0,0.0,0.0,0.0,0.0,0.0,0.0,0.0,0.0,4,spring,0.0,0.0,0.0
3,2024-04-10 01:00:00+00:00,0.0,0.0,0.0,0.0,0.0,0.0,0.0,0.0,0.0,0.0,0.0,0.0,0.0,0.0,4,spring,0.0,0.0,0.0
3,2024-04-10 02:00:00+00:00,0.0,0.0,0.0,0.0,0.0,0.0,0.0,0.0,0.0,0.0,0.0,0.0,0.0,0.0,4,spring,0.0,0.0,0.0
3,2024-04-10 03:00:00+00:00,0.0,0.0,0.0,0.0,0.0,0.0,0.0,0.0,0.0,0.0,0.0,0.0,0.0,0.0,4,spring,0.0,0.0,0.0
3,2024-04-10 04:00:00+00:00,0.0,0.0,0.0,0.0,0.0,0.0,0.0,0.0,0.0,0.0,0.0,0.0,0.0,0.0,4,spring,0.0,0.0,0.0
3,2024-04-10 05:00:00+00:00,0.0,0.0,0.0,0.0,0.0,0.0,0.0,25.0,22.0,25.0,26.0,19.0,52.000008,52.000008,4,spring,0.0,0.0,25.0
3,2024-04-10 06:00:00+00:00,0.0,0.0,0.0,0.0,0.0,0.0,0.0,126.00001,115.0,125.00001,125.00001,98.0,200.00002,198.00002,4,spring,0.0,0.0,125.00001
3,2024-04-10 07:00:00+00:00,0.0,0.0,0.0,0.0,0.0,0.0,0.0,300.0,284.0,297.0,293.0,242.0,371.99997,365.99997,4,spring,0.0,0.0,302.0
3,2024-04-10 08:00:00+00:00,0.0,0.0,0.0,0.0,0.0,0.0,0.0,494.0,475.00003,488.0,484.0,416.0,532.0,532.0,4,spring,0.0,0.0,500.0
3,2024-04-10 09:00:00+00:00,0.0,0.0,0.0,0.0,0.0,0.0,0.0,626.0,610.0,619.0,630.0,574.0,636.0,682.0,4,spring,0.0,0.0,642.0
3,2024-04-10 10:00:00+00:00,0.0,0.0,0.0,0.0,0.0,0.0,0.0,687.0,679.0,682.0,720.0,701.0,681.0,803.0,4,spring,0.0,0.0,715.0
3,2024-04-10 11:00:00+00:00,0.0,0.0,0.0,0.0,0.0,0.0,0.0,702.0,695.0,696.99994,758.0,771.0,701.0,871.0,4,spring,0.0,0.0,733.0
3,2024-04-10 12:00:00+00:00,0.0,0.0,0.0,0.0,0.0,0.0,0.0,690.0,670.0,682.0,753.0,773.0,717.0,867.0,4,spring,0.0,0.0,709.0
3,2024-04-10 13:00:00+00:00,0.0,0.0,0.0,0.0,0.0,0.6,0.0,634.0,596.0,621.0,693.0,706.0,705.0,800.0,4,spring,0.09,0.0,633.0
3,2024-04-10 14:00:00+00:00,0.0,0.0,0.0,0.0,0.0,0.6,0.0,520.0,478.0,506.0,571.0,578.0,639.0,687.0,4,spring,0.09,0.0,510.0
3,2024-04-10 15:00:00+00:00,0.0,0.0,0.0,0.0,0.0,0.6,0.0,353.0,324.0,340.0,393.0,398.0,516.0,538.0,4,spring,0.09,0.0,346.0
3,2024-04-10 16:00:00+00:00,0.0,0.0,0.0,0.0,0.0,0.6,0.0,189.0,176.0,179.0,216.0,218.0,353.0,361.0,4,spring,0.09,0.0,187.0
3,2024-04-10 17:00:00+00:00,0.0,0.0,0.0,0.0,0.0,0.6,0.0,71.0,67.0,66.0,84.0,84.0,165.0,166.0,4,spring,0.09,0.0,72.0
3,2024-04-10 18:00:00+00:00,0.0,0.0,0.0,0.0,0.0,0.6,0.0,10.000001,10.000001,9.0,12.000002,12.000002,25.000006,25.000006,4,spring,0.09,0.0,10.000001
3,2024-04-10 19:00:00+00:00,0.0,0.0,0.0,0.0,0.0,0.2,0.0,0.0,0.0,0.0,0.0,0.0,0.0,0.0,4,spring,0.03,0.0,0.0
3,2024-04-10 20:00:00+00:00,0.0,0.0,0.0,0.0,0.0,0.2,0.0,0.0,0.0,0.0,0.0,0.0,0.0,0.0,4,spring,0.03,0.0,0.0
3,2024-04-10 21:00:00+00:00,0.0,0.0,0.0,0.0,0.0,0.2,0.0,0.0,0.0,0.0,0.0,0.0,0.0,0.0,4,spring,0.03,0.0,0.0
3,2024-04-10 22:00:00+00:00,0.0,0.0,0.0,0.0,0.0,0.0,0.0,0.0,0.0,0.0,0.0,0.0,0.0,0.0,4,spring,0.0,0.0,0.0
3,2024-04-10 23:00:00+00:00,0.0,0.0,0.0,0.0,0.0,0.0,0.0,0.0,0.0,0.0,0.0,0.0,0.0,0.0,4,spring,0.0,0.0,0.0
3,2024-04-11 00:00:00+00:00,0.0,0.0,0.0,0.0,0.0,0.0,0.0,0.0,0.0,0.0,0.0,0.0,0.0,0.0,4,spring,0.0,0.0,0.0
3,2024-04-11 01:00:00+00:00,0.0,0.0,0.0,0.0,0.0,0.0,0.0,0.0,0.0,0.0,0.0,0.0,0.0,0.0,4,spring,0.0,0.0,0.0
3,2024-04-11 02:00:00+00:00,0.0,0.0,0.0,0.0,0.0,0.0,0.0,0.0,0.0,0.0,0.0,0.0,0.0,0.0,4,spring,0.0,0.0,0.0
3,2024-04-11 03:00:00+00:00,0.0,0.0,0.0,0.0,0.0,0.0,0.0,0.0,0.0,0.0,0.0,0.0,0.0,0.0,4,spring,0.0,0.0,0.0
3,2024-04-11 04:00:00+00:00,0.0,0.0,0.0,0.0,0.0,0.0,0.0,0.0,0.0,0.0,0.0,0.0,0.0,0.0,4,spring,0.0,0.0,0.0
3,2024-04-11 05:00:00+00:00,0.0,0.0,0.0,0.0,0.0,0.0,0.0,24.0,26.000002,24.0,26.000002,27.000002,30.000002,54.000008,4,spring,0.0,0.0,18.0
3,2024-04-11 06:00:00+00:00,0.0,0.0,0.0,0.0,0.0,0.0,0.0,121.0,124.0,117.0,127.00001,129.0,109.0,207.00002,4,spring,0.0,0.0,102.0
3,2024-04-11 07:00:00+00:00,0.0,0.0,0.0,0.0,0.0,0.0,0.0,293.0,288.0,274.0,297.0,303.0,199.0,385.0,4,spring,0.0,0.0,265.0
3,2024-04-11 08:00:00+00:00,0.0,0.0,0.0,0.0,0.0,0.0,0.0,487.0,473.0,452.0,491.0,499.0,307.0,537.0,4,spring,0.0,0.0,444.0
3,2024-04-11 09:00:00+00:00,0.0,0.0,0.0,0.0,0.0,0.0,0.0,629.0,616.0,585.0,642.0,650.00006,461.0,589.0,4,spring,0.0,0.0,542.0
3,2024-04-11 10:00:00+00:00,0.0,0.0,0.0,0.0,0.0,0.0,0.0,707.0,704.99994,663.0,737.0,743.0,643.0,548.0,4,spring,0.0,0.0,553.0
3,2024-04-11 11:00:00+00:00,0.0,0.0,0.0,0.0,0.0,0.0,0.0,733.00006,738.0,699.0,775.0,781.0,777.0,488.0,4,spring,0.0,0.0,529.0
3,2024-04-11 12:00:00+00:00,0.0,0.0,0.0,0.0,0.0,0.0,0.0,717.0,720.0,704.0,756.0,774.0,813.0,462.0,4,spring,0.0,0.0,501.0
3,2024-04-11 13:00:00+00:00,0.0,0.0,0.0,0.0,0.0,0.0,0.0,649.0,645.0,662.0,678.0,709.0,771.0,438.0,4,spring,0.0,0.0,450.0
3,2024-04-11 14:00:00+00:00,0.0,0.0,0.0,0.0,0.0,0.0,0.0,531.0,522.0,556.0,550.99994,583.0,675.0,383.0,4,spring,0.0,0.0,371.0
3,2024-04-11 15:00:00+00:00,0.0,0.0,0.0,0.0,0.0,0.0,0.0,371.0,358.0,390.0,385.0,402.0,536.0,292.0,4,spring,0.0,0.0,267.0
3,2024-04-11 16:00:00+00:00,0.0,0.0,0.0,0.0,0.0,0.0,0.0,210.0,198.0,219.00002,220.0,222.0,363.00003,189.0,4,spring,0.0,0.0,161.0
3,2024-04-11 17:00:00+00:00,0.0,0.0,0.0,0.0,0.0,0.0,0.0,85.0,78.0,87.0,89.0,87.0,170.0,86.0,4,spring,0.0,0.0,69.0
3,2024-04-11 18:00:00+00:00,0.0,0.0,0.0,0.0,0.0,0.0,0.0,12.999999,12.0,12.999999,13.999999,12.999999,26.999996,13.999999,4,spring,0.0,0.0,11.0
3,2024-04-11 19:00:00+00:00,0.0,0.0,0.0,0.0,0.0,0.0,0.0,0.0,0.0,0.0,0.0,0.0,0.0,0.0,4,spring,0.0,0.0,0.0
3,2024-04-11 20:00:00+00:00,0.0,0.0,0.0,0.0,0.0,0.0,0.0,0.0,0.0,0.0,0.0,0.0,0.0,0.0,4,spring,0.0,0.0,0.0
3,2024-04-11 21:00:00+00:00,0.0,0.0,0.0,0.0,0.0,0.0,0.0,0.0,0.0,0.0,0.0,0.0,0.0,0.0,4,spring,0.0,0.0,0.0
3,2024-04-11 22:00:00+00:00,0.0,0.0,0.0,0.0,0.0,0.0,0.0,0.0,0.0,0.0,0.0,0.0,0.0,0.0,4,spring,0.0,0.0,0.0
3,2024-04-11 23:00:00+00:00,0.0,0.0,0.0,0.0,0.0,0.0,0.0,0.0,0.0,0.0,0.0,0.0,0.0,0.0,4,spring,0.0,0.0,0.0
3,2024-04-12 00:00:00+00:00,0.0,0.0,0.0,0.0,0.0,0.0,0.0,0.0,0.0,0.0,0.0,0.0,0.0,0.0,4,spring,0.0,0.0,0.0
3,2024-04-12 01:00:00+00:00,0.0,0.0,0.0,0.0,0.0,0.0,0.0,0.0,0.0,0.0,0.0,0.0,0.0,0.0,4,spring,0.0,0.0,0.0
3,2024-04-12 02:00:00+00:00,0.0,0.0,0.0,0.0,0.0,0.0,0.0,0.0,0.0,0.0,0.0,0.0,0.0,0.0,4,spring,0.0,0.0,0.0
3,2024-04-12 03:00:00+00:00,0.0,0.0,0.0,0.0,0.0,0.0,0.0,0.0,0.0,0.0,0.0,0.0,0.0,0.0,4,spring,0.0,0.0,0.0
3,2024-04-12 04:00:00+00:00,0.0,0.0,0.0,0.0,0.0,0.0,0.0,0.0,0.0,0.0,0.0,0.0,0.0,0.0,4,spring,0.0,0.0,0.0
3,2024-04-12 05:00:00+00:00,0.0,0.0,0.0,0.0,0.0,0.0,0.0,28.0,27.0,27.0,22.0,28.0,57.999992,38.0,4,spring,0.0,0.0,29.0
3,2024-04-12 06:00:00+00:00,0.0,0.0,0.0,0.0,0.0,0.0,0.0,133.0,129.0,130.0,111.0,128.0,213.0,151.0,4,spring,0.0,0.0,134.0
3,2024-04-12 07:00:00+00:00,0.0,0.0,0.0,0.0,0.0,0.0,0.0,308.0,298.0,306.0,271.0,293.0,386.0,300.0,4,spring,0.0,0.0,309.0
3,2024-04-12 08:00:00+00:00,0.0,0.0,0.0,0.0,0.0,0.0,0.0,504.0,490.0,504.0,461.0,479.0,548.0,466.0,4,spring,0.0,0.0,505.0
3,2024-04-12 09:00:00+00:00,0.0,0.0,0.0,0.0,0.0,0.0,0.0,651.0,640.99994,651.0,620.0,628.0,670.0,634.0,4,spring,0.0,0.0,653.0
3,2024-04-12 10:00:00+00:00,0.0,0.0,0.0,0.0,0.0,0.0,0.0,737.0,737.0,735.0,734.0,727.0,747.0,786.0,4,spring,0.0,0.0,742.0
3,2024-04-12 11:00:00+00:00,0.0,0.0,0.0,0.0,0.0,0.0,0.0,769.0,781.0,764.0,790.0,773.0,786.0,879.0,4,spring,0.0,0.0,778.0
3,2024-04-12 12:00:00+00:00,0.0,0.0,0.0,0.0,0.0,0.0,0.0,756.0,777.0,744.0,787.0,766.0,797.0,882.0,4,spring,0.0,0.0,772.0
3,2024-04-12 13:00:00+00:00,0.0,0.0,0.0,0.0,0.0,0.0,0.0,688.0,715.0,670.0,719.0,701.0,767.0,811.0,4,spring,0.0,0.0,710.0
3,2024-04-12 14:00:00+00:00,0.0,0.0,0.0,0.0,0.0,0.0,0.0,566.0,591.0,547.0,591.0,578.0,681.0,694.0,4,spring,0.0,0.0,588.0
3,2024-04-12 15:00:00+00:00,0.0,0.0,0.0,0.0,0.0,0.0,0.0,397.0,412.0,385.0,411.0,405.0,541.0,545.0,4,spring,0.0,0.0,410.0
3,2024-04-12 16:00:00+00:00,0.0,0.0,0.0,0.0,0.0,0.0,0.0,227.0,231.0,222.0,230.0,230.0,367.0,368.0,4,spring,0.0,0.0,230.0
3,2024-04-12 17:00:00+00:00,0.0,0.0,0.0,0.0,0.0,0.0,0.0,93.00001,93.00001,92.00001,92.00001,94.00001,174.00003,174.00003,4,spring,0.0,0.0,93.00001
3,2024-04-12 18:00:00+00:00,0.0,0.0,0.0,0.0,0.0,0.0,0.0,15.0,15.0,15.0,15.0,15.0,29.0,29.0,4,spring,0.0,0.0,15.0
3,2024-04-12 19:00:00+00:00,0.0,0.0,0.0,0.0,0.0,0.0,0.0,0.0,0.0,0.0,0.0,0.0,0.0,0.0,4,spring,0.0,0.0,0.0
3,2024-04-12 20:00:00+00:00,0.0,0.0,0.0,0.0,0.0,0.0,0.0,0.0,0.0,0.0,0.0,0.0,0.0,0.0,4,spring,0.0,0.0,0.0
3,2024-04-12 21:00:00+00:00,0.0,0.0,0.0,0.0,0.0,0.0,0.0,0.0,0.0,0.0,0.0,0.0,0.0,0.0,4,spring,0.0,0.0,0.0
3,2024-04-12 22:00:00+00:00,0.0,0.0,0.0,0.0,0.0,0.0,0.0,0.0,0.0,0.0,0.0,0.0,0.0,0.0,4,spring,0.0,0.0,0.0
3,2024-04-12 23:00:00+00:00,0.0,0.0,0.0,0.0,0.0,0.0,0.0,0.0,0.0,0.0,0.0,0.0,0.0,0.0,4,spring,0.0,0.0,0.0
3,2024-04-13 00:00:00+00:00,0.0,0.0,0.0,0.0,0.0,0.0,0.0,0.0,0.0,0.0,0.0,0.0,0.0,0.0,4,spring,0.0,0.0,0.0
3,2024-04-13 01:00:00+00:00,0.0,0.0,0.0,0.0,0.0,0.0,0.0,0.0,0.0,0.0,0.0,0.0,0.0,0.0,4,spring,0.0,0.0,0.0
3,2024-04-13 02:00:00+00:00,0.0,0.0,0.0,0.0,0.0,0.0,0.0,0.0,0.0,0.0,0.0,0.0,0.0,0.0,4,spring,0.0,0.0,0.0
3,2024-04-13 03:00:00+00:00,0.0,0.0,0.0,0.0,0.0,0.0,0.0,0.0,0.0,0.0,0.0,0.0,0.0,0.0,4,spring,0.0,0.0,0.0
3,2024-04-13 04:00:00+00:00,0.0,0.0,0.0,0.0,0.0,0.0,0.0,0.0,0.0,0.0,0.0,0.0,0.0,0.0,4,spring,0.0,0.0,0.0
3,2024-04-13 05:00:00+00:00,0.0,0.0,0.0,0.0,0.0,0.0,0.0,31.0,31.0,31.0,28.0,28.0,61.0,62.0,4,spring,0.0,0.0,31.0
3,2024-04-13 06:00:00+00:00,0.0,0.0,0.0,0.0,0.0,0.0,0.0,141.99998,142.99998,140.99998,131.99998,119.99999,220.99997,221.99997,4,spring,0.0,0.0,142.99998
3,2024-04-13 07:00:00+00:00,0.0,0.0,0.0,0.0,0.0,0.0,0.0,321.0,322.0,319.0,307.0,261.0,396.0,393.0,4,spring,0.0,0.0,320.0
3,2024-04-13 08:00:00+00:00,0.0,0.0,0.0,0.0,0.0,0.0,0.0,519.0,519.0,516.0,505.0,425.0,555.0,559.0,4,spring,0.0,0.0,516.0
3,2024-04-13 09:00:00+00:00,0.0,0.0,0.0,0.0,0.0,0.0,0.0,665.0,664.0,665.0,656.0,582.99994,658.0,705.0,4,spring,0.0,0.0,660.0
3,2024-04-13 10:00:00+00:00,0.0,0.0,0.0,0.0,0.0,0.0,0.0,747.0,746.0,753.0,747.0,719.0,703.0,820.0,4,spring,0.0,0.0,741.0
3,2024-04-13 11:00:00+00:00,0.0,0.0,0.0,0.0,0.0,0.0,0.0,778.0,776.0,788.0,785.0,792.0,722.0,882.0,4,spring,0.0,0.0,772.0
3,2024-04-13 12:00:00+00:00,0.0,0.0,0.0,0.0,0.0,0.0,0.0,771.0,765.0,781.0,778.0,783.0,737.0,876.0,4,spring,0.0,0.0,766.0
3,2024-04-13 13:00:00+00:00,0.0,0.0,0.0,0.0,0.0,0.0,0.0,711.0,702.0,718.0,715.0,700.0,725.0,810.0,4,spring,0.0,0.0,708.0
3,2024-04-13 14:00:00+00:00,0.0,0.0,0.0,0.0,0.0,0.0,0.0,591.0,581.0,593.99994,592.0,559.0,657.0,697.0,4,spring,0.0,0.0,588.99994
3,2024-04-13 15:00:00+00:00,0.0,0.0,0.0,0.0,0.0,0.0,0.0,413.99997,408.0,415.99997,415.99997,372.99997,532.0,549.0,4,spring,0.0,0.0,412.99997
3,2024-04-13 16:00:00+00:00,0.0,0.0,0.0,0.0,0.0,0.0,0.0,235.0,233.0,236.0,238.0,195.0,366.99997,371.99997,4,spring,0.0,0.0,235.0
3,2024-04-13 17:00:00+00:00,0.0,0.0,0.0,0.0,0.0,0.0,0.0,97.0,97.0,97.0,98.00001,73.0,178.00002,178.00002,4,spring,0.0,0.0,97.0
3,2024-04-13 18:00:00+00:00,0.0,0.0,0.0,0.0,0.0,0.0,0.0,15.999998,15.999998,15.999998,16.999998,11.999999,30.999992,30.999992,4,spring,0.0,0.0,15.999998
3,2024-04-13 19:00:00+00:00,0.0,0.0,0.0,0.0,0.0,0.0,0.0,0.0,0.0,0.0,0.0,0.0,0.0,0.0,4,spring,0.0,0.0,0.0
3,2024-04-13 20:00:00+00:00,0.0,0.0,0.0,0.0,0.0,0.0,0.0,0.0,0.0,0.0,0.0,0.0,0.0,0.0,4,spring,0.0,0.0,0.0
3,2024-04-13 21:00:00+00:00,0.0,0.0,0.0,0.0,0.0,0.0,0.0,0.0,0.0,0.0,0.0,0.0,0.0,0.0,4,spring,0.0,0.0,0.0
3,2024-04-13 22:00:00+00:00,0.0,0.0,0.0,0.0,0.0,0.0,0.0,0.0,0.0,0.0,0.0,0.0,0.0,0.0,4,spring,0.0,0.0,0.0
3,2024-04-13 23:00:00+00:00,0.0,0.0,0.0,0.0,0.0,0.0,0.0,0.0,0.0,0.0,0.0,0.0,0.0,0.0,4,spring,0.0,0.0,0.0
3,2024-04-14 00:00:00+00:00,0.0,0.0,0.0,0.0,0.0,0.0,0.0,0.0,0.0,0.0,0.0,0.0,0.0,0.0,4,spring,0.0,0.0,0.0
3,2024-04-14 01:00:00+00:00,0.0,0.0,0.0,0.0,0.0,0.0,0.0,0.0,0.0,0.0,0.0,0.0,0.0,0.0,4,spring,0.0,0.0,0.0
3,2024-04-14 02:00:00+00:00,0.0,0.0,0.0,0.0,0.0,0.0,0.0,0.0,0.0,0.0,0.0,0.0,0.0,0.0,4,spring,0.0,0.0,0.0
3,2024-04-14 03:00:00+00:00,0.0,0.0,0.0,0.0,0.0,0.0,0.0,0.0,0.0,0.0,0.0,0.0,0.0,0.0,4,spring,0.0,0.0,0.0
3,2024-04-14 04:00:00+00:00,0.0,0.0,0.0,0.0,0.0,0.0,0.0,0.0,0.0,0.0,0.0,0.0,0.0,0.0,4,spring,0.0,0.0,0.0
3,2024-04-14 05:00:00+00:00,0.0,0.0,0.0,0.0,0.0,0.0,0.0,33.0,33.0,32.0,33.0,32.0,67.00001,66.00001,4,spring,0.0,0.0,32.0
3,2024-04-14 06:00:00+00:00,0.0,0.0,0.0,0.0,0.0,0.0,0.0,148.0,148.0,146.0,148.0,146.0,234.99998,231.99998,4,spring,0.0,0.0,146.0
3,2024-04-14 07:00:00+00:00,0.0,0.0,0.0,0.0,0.0,0.0,0.0,330.0,330.0,328.0,329.0,327.0,411.0,405.0,4,spring,0.0,0.0,327.0
3,2024-04-14 08:00:00+00:00,0.0,0.0,0.0,0.0,0.0,0.0,0.0,531.0,532.0,530.0,531.0,527.0,573.0,570.0,4,spring,0.0,0.0,528.0
3,2024-04-14 09:00:00+00:00,0.0,0.0,0.0,0.0,0.0,0.0,0.0,683.0,683.0,683.0,684.0,679.0,695.0,715.0,4,spring,0.0,0.0,680.0
3,2024-04-14 10:00:00+00:00,0.0,0.0,0.0,0.0,0.0,0.0,0.0,774.0,771.0,774.0,775.0,770.0,769.0,827.0,4,spring,0.0,0.0,770.0
3,2024-04-14 11:00:00+00:00,0.0,0.0,0.0,0.0,0.0,0.0,0.0,811.0,806.0,812.0,813.0,808.0,806.0,886.0,4,spring,0.0,0.0,808.0
3,2024-04-14 12:00:00+00:00,0.0,0.0,0.0,0.0,0.0,0.0,0.0,803.0,799.0,804.0,805.0,800.0,814.0,879.0,4,spring,0.0,0.0,801.0
3,2024-04-14 13:00:00+00:00,0.0,0.0,0.0,0.0,0.0,0.0,0.0,738.0,736.0,739.0,741.0,737.0,780.0,813.0,4,spring,0.0,0.0,737.0
3,2024-04-14 14:00:00+00:00,0.0,0.0,0.0,0.0,0.0,0.0,0.0,612.0,611.0,613.00006,615.0,611.0,691.0,701.0,4,spring,0.0,0.0,612.0
3,2024-04-14 15:00:00+00:00,0.0,0.0,0.0,0.0,0.0,0.0,0.0,432.0,431.00003,432.0,434.00003,430.00003,549.00006,552.0,4,spring,0.0,0.0,431.00003
3,2024-04-14 16:00:00+00:00,0.0,0.0,0.0,0.0,0.0,0.0,0.0,248.0,247.00002,247.00002,249.0,246.0,374.00003,375.0,4,spring,0.0,0.0,247.00002
3,2024-04-14 17:00:00+00:00,0.0,0.0,0.0,0.0,0.0,0.0,0.0,104.0,104.0,104.0,104.0,103.0,181.0,181.0,4,spring,0.0,0.0,104.0
3,2024-04-14 18:00:00+00:00,0.0,0.0,0.0,0.0,0.0,0.0,0.0,18.000002,18.000002,18.000002,18.000002,18.000002,33.000008,33.000008,4,spring,0.0,0.0,18.000002
3,2024-04-14 19:00:00+00:00,0.0,0.0,0.0,0.0,0.0,0.0,0.0,0.0,0.0,0.0,0.0,0.0,0.0,0.0,4,spring,0.0,0.0,0.0
3,2024-04-14 20:00:00+00:00,0.0,0.0,0.0,0.0,0.0,0.0,0.0,0.0,0.0,0.0,0.0,0.0,0.0,0.0,4,spring,0.0,0.0,0.0
3,2024-04-14 21:00:00+00:00,0.0,0.0,0.0,0.0,0.0,0.0,0.0,0.0,0.0,0.0,0.0,0.0,0.0,0.0,4,spring,0.0,0.0,0.0
3,2024-04-14 22:00:00+00:00,0.0,0.0,0.0,0.0,0.0,0.0,0.0,0.0,0.0,0.0,0.0,0.0,0.0,0.0,4,spring,0.0,0.0,0.0
3,2024-04-14 23:00:00+00:00,0.0,0.0,0.0,0.0,0.0,0.0,0.0,0.0,0.0,0.0,0.0,0.0,0.0,0.0,4,spring,0.0,0.0,0.0
3,2024-04-15 00:00:00+00:00,0.0,0.0,0.0,0.0,0.0,0.0,0.0,0.0,0.0,0.0,0.0,0.0,0.0,0.0,4,spring,0.0,0.0,0.0
3,2024-04-15 01:00:00+00:00,0.0,0.0,0.0,0.0,0.0,0.0,0.0,0.0,0.0,0.0,0.0,0.0,0.0,0.0,4,spring,0.0,0.0,0.0
3,2024-04-15 02:00:00+00:00,0.0,0.0,0.0,0.0,0.0,0.0,0.0,0.0,0.0,0.0,0.0,0.0,0.0,0.0,4,spring,0.0,0.0,0.0
3,2024-04-15 03:00:00+00:00,0.0,0.0,0.0,0.0,0.0,0.0,0.0,0.0,0.0,0.0,0.0,0.0,0.0,0.0,4,spring,0.0,0.0,0.0
3,2024-04-15 04:00:00+00:00,0.0,0.0,0.0,0.0,0.0,0.0,0.0,0.0,0.0,0.0,0.0,0.0,0.0,0.0,4,spring,0.0,0.0,0.0
3,2024-04-15 05:00:00+00:00,0.0,0.0,0.0,0.0,0.0,0.0,0.0,36.0,36.0,36.0,36.0,37.0,47.0,73.99999,4,spring,0.0,0.0,36.0
3,2024-04-15 06:00:00+00:00,0.0,0.0,0.0,0.0,0.0,0.0,0.0,156.00002,156.00002,156.00002,156.00002,157.00002,172.00002,252.00003,4,spring,0.0,0.0,156.00002
3,2024-04-15 07:00:00+00:00,0.0,0.0,0.0,0.0,0.0,0.0,0.0,341.0,341.0,340.0,341.0,343.0,328.0,430.0,4,spring,0.0,0.0,340.0
3,2024-04-15 08:00:00+00:00,0.0,0.0,0.0,0.0,0.0,0.0,0.0,545.0,544.0,543.0,544.0,545.0,491.00006,594.0,4,spring,0.0,0.0,543.0
3,2024-04-15 09:00:00+00:00,0.0,0.0,0.0,0.0,0.0,0.0,0.0,696.0,694.0,694.0,694.0,694.0,626.0,734.0,4,spring,0.0,0.0,693.0
3,2024-04-15 10:00:00+00:00,0.0,0.0,0.0,0.0,0.0,0.0,0.0,784.0,782.0,783.0,782.0,780.0,725.0,837.0,4,spring,0.0,0.0,781.0
3,2024-04-15 11:00:00+00:00,0.0,0.0,0.0,0.0,0.0,0.0,0.0,816.0,814.0,815.0,815.0,804.0,784.0,890.0,4,spring,0.0,0.0,814.0
3,2024-04-15 12:00:00+00:00,0.0,0.0,0.0,0.0,0.0,0.0,0.0,802.0,798.0,796.0,800.0,772.0,802.0,881.0,4,spring,0.0,0.0,801.0
3,2024-04-15 13:00:00+00:00,0.0,0.0,0.0,0.0,0.0,0.0,0.0,731.0,725.0,719.0,728.0,680.0,769.0,815.0,4,spring,0.0,0.0,732.0
3,2024-04-15 14:00:00+00:00,0.0,0.0,0.0,0.0,0.0,0.0,0.0,600.0,597.0,589.0,601.0,545.0,682.0,704.0,4,spring,0.0,0.0,598.0
3,2024-04-15 15:00:00+00:00,0.0,0.0,0.0,0.0,0.0,0.0,0.0,416.0,421.0,413.0,425.0,376.0,547.0,555.0,4,spring,0.0,0.0,406.0
3,2024-04-15 16:00:00+00:00,0.0,0.0,0.0,0.0,0.0,0.0,0.0,233.0,243.0,238.00002,246.00002,212.0,376.00003,379.0,4,spring,0.0,0.0,218.0
3,2024-04-15 17:00:00+00:00,0.0,0.0,0.0,0.0,0.0,0.0,0.0,96.0,103.0,101.00001,105.0,88.0,185.00002,185.00002,4,spring,0.0,0.0,86.0
3,2024-04-15 18:00:00+00:00,0.0,0.0,0.0,0.0,0.0,0.0,0.0,16.999998,18.999998,17.999998,18.999998,15.999999,34.999996,34.999996,4,spring,0.0,0.0,14.999999
3,2024-04-15 19:00:00+00:00,0.0,0.0,0.0,0.0,0.0,0.0,0.0,0.0,0.0,0.0,0.0,0.0,0.0,0.0,4,spring,0.0,0.0,0.0
3,2024-04-15 20:00:00+00:00,0.0,0.0,0.0,0.0,0.0,0.0,0.0,0.0,0.0,0.0,0.0,0.0,0.0,0.0,4,spring,0.0,0.0,0.0
3,2024-04-15 21:00:00+00:00,0.0,0.0,0.0,0.0,0.0,0.0,0.0,0.0,0.0,0.0,0.0,0.0,0.0,0.0,4,spring,0.0,0.0,0.0
3,2024-04-15 22:00:00+00:00,0.0,0.0,0.0,0.0,0.0,0.0,0.0,0.0,0.0,0.0,0.0,0.0,0.0,0.0,4,spring,0.0,0.0,0.0
3,2024-04-15 23:00:00+00:00,0.0,0.0,0.0,0.0,0.0,0.0,0.0,0.0,0.0,0.0,0.0,0.0,0.0,0.0,4,spring,0.0,0.0,0.0
3,2024-04-16 00:00:00+00:00,0.0,0.0,0.0,0.0,0.0,0.0,0.0,0.0,0.0,0.0,0.0,0.0,0.0,0.0,4,spring,0.0,0.0,0.0
3,2024-04-16 01:00:00+00:00,0.0,0.0,0.0,0.0,0.0,0.0,0.0,0.0,0.0,0.0,0.0,0.0,0.0,0.0,4,spring,0.0,0.0,0.0
3,2024-04-16 02:00:00+00:00,0.0,0.0,0.0,0.0,0.0,0.0,0.0,0.0,0.0,0.0,0.0,0.0,0.0,0.0,4,spring,0.0,0.0,0.0
3,2024-04-16 03:00:00+00:00,0.0,0.0,0.0,0.0,0.0,0.0,0.0,0.0,0.0,0.0,0.0,0.0,0.0,0.0,4,spring,0.0,0.0,0.0
3,2024-04-16 04:00:00+00:00,0.0,0.0,0.0,0.0,0.0,0.0,0.0,0.0,0.0,0.0,0.0,0.0,0.0,0.0,4,spring,0.0,0.0,0.0
3,2024-04-16 05:00:00+00:00,0.0,0.0,0.0,0.0,0.0,0.0,0.0,37.999996,30.999998,35.999996,37.999996,37.999996,72.999985,63.99999,4,spring,0.0,0.0,36.999996
3,2024-04-16 06:00:00+00:00,0.0,0.0,0.0,0.0,0.0,0.0,0.0,152.0,135.0,152.0,155.0,155.0,243.0,204.0,4,spring,0.0,0.0,154.0
3,2024-04-16 07:00:00+00:00,0.0,0.0,0.0,0.0,0.0,0.0,0.0,322.0,304.0,333.00003,337.00003,336.0,421.00006,343.00003,4,spring,0.0,0.0,336.0
3,2024-04-16 08:00:00+00:00,0.0,0.0,0.0,0.0,0.0,0.0,0.0,503.0,489.0,525.0,532.0,530.0,582.0,483.0,4,spring,0.0,0.0,522.0
3,2024-04-16 09:00:00+00:00,0.0,0.0,0.0,0.0,0.0,0.0,0.0,624.0,617.0,645.0,671.0,666.0,687.0,640.0,4,spring,0.0,0.0,629.0
3,2024-04-16 10:00:00+00:00,0.7,0.0,0.0,0.0,0.0,0.0,0.0,677.0,679.99994,685.0,743.0,733.0,734.0,795.0,4,spring,0.1,0.4,648.0
3,2024-04-16 11:00:00+00:00,0.7,0.0,0.0,0.0,0.0,0.0,0.0,679.0,689.0,669.0,754.0,748.00006,751.0,893.0,4,spring,0.1,0.4,611.0
3,2024-04-16 12:00:00+00:00,0.7,0.0,0.0,0.0,0.0,0.0,0.0,644.0,654.0,604.0,711.0,724.0,762.0,896.0,4,spring,0.1,0.4,531.0
3,2024-04-16 13:00:00+00:00,0.6,0.0,0.0,0.0,0.0,0.0,0.3,565.0,570.0,498.0,615.0,652.0,743.0,824.0,4,spring,0.13,0.2,414.0
3,2024-04-16 14:00:00+00:00,0.6,0.0,0.0,0.0,0.0,0.0,0.3,441.0,450.0,385.0,485.0,535.0,670.0,707.0,4,spring,0.13,0.2,293.0
3,2024-04-16 15:00:00+00:00,0.6,0.0,0.0,0.0,0.0,0.0,0.3,277.0,302.0,279.0,331.0,379.0,543.0,559.0,4,spring,0.13,0.2,181.0
3,2024-04-16 16:00:00+00:00,0.4,0.5,0.2,0.1,0.0,0.0,0.3,130.0,163.0,178.0,186.0,222.0,377.99997,382.0,4,spring,0.21,0.3,91.0
3,2024-04-16 17:00:00+00:00,0.4,0.5,0.2,0.1,0.0,0.0,0.3,43.0,65.0,84.00001,78.00001,97.00001,189.00003,189.00003,4,spring,0.21,0.3,33.0
3,2024-04-16 18:00:00+00:00,0.4,0.5,0.2,0.1,0.0,0.0,0.3,7.0,12.0,15.999999,15.0,18.0,36.999996,36.999996,4,spring,0.21,0.3,6.0
3,2024-04-16 19:00:00+00:00,0.4,0.5,0.8,0.0,0.2,0.1,0.2,0.0,0.0,0.0,0.0,0.0,0.0,0.0,4,spring,0.31,0.1,0.0
3,2024-04-16 20:00:00+00:00,0.4,0.5,0.8,0.0,0.2,0.1,0.2,0.0,0.0,0.0,0.0,0.0,0.0,0.0,4,spring,0.31,0.1,0.0
3,2024-04-16 21:00:00+00:00,0.4,0.5,0.8,0.0,0.2,0.1,0.2,0.0,0.0,0.0,0.0,0.0,0.0,0.0,4,spring,0.31,0.1,0.0
3,2024-04-16 22:00:00+00:00,0.6,0.2,0.5,1.1,0.0,0.5,0.1,0.0,0.0,0.0,0.0,0.0,0.0,0.0,4,spring,0.43,0.1,0.0
3,2024-04-16 23:00:00+00:00,0.6,0.2,0.5,1.1,0.0,0.5,0.1,0.0,0.0,0.0,0.0,0.0,0.0,0.0,4,spring,0.43,0.1,0.0
3,2024-04-17 00:00:00+00:00,0.6,0.2,0.5,1.1,0.0,0.5,0.1,0.0,0.0,0.0,0.0,0.0,0.0,0.0,4,spring,0.43,0.1,0.0
3,2024-04-17 01:00:00+00:00,0.9,0.0,0.2,0.7,0.0,0.7,0.1,0.0,0.0,0.0,0.0,0.0,0.0,0.0,4,spring,0.37,1.5,0.0
3,2024-04-17 02:00:00+00:00,0.9,0.0,0.2,0.7,0.0,0.7,0.1,0.0,0.0,0.0,0.0,0.0,0.0,0.0,4,spring,0.37,1.5,0.0
3,2024-04-17 03:00:00+00:00,0.9,0.0,0.2,0.7,0.0,0.7,0.1,0.0,0.0,0.0,0.0,0.0,0.0,0.0,4,spring,0.37,1.5,0.0
3,2024-04-17 04:00:00+00:00,0.2,0.7,0.5,0.7,0.0,0.7,0.1,0.0,0.0,0.0,0.0,0.0,0.0,0.0,4,spring,0.41,0.4,0.0
3,2024-04-17 05:00:00+00:00,0.2,0.7,0.5,0.7,0.0,0.7,0.1,8.0,6.0,6.0,6.0,27.0,9.0,9.0,4,spring,0.41,0.4,9.0
3,2024-04-17 06:00:00+00:00,0.2,0.7,0.5,0.7,0.0,0.7,0.1,33.0,23.0,23.0,21.0,101.0,36.0,36.0,4,spring,0.41,0.4,36.0
3,2024-04-17 07:00:00+00:00,0.2,1.0,1.4,0.7,0.0,1.1,1.2,78.0,48.0,48.0,44.0,207.0,77.0,81.0,4,spring,0.8,0.3,77.0
3,2024-04-17 08:00:00+00:00,0.2,1.0,1.4,0.7,0.0,1.1,1.2,129.0,83.0,78.0,74.0,299.0,121.0,158.0,4,spring,0.8,0.3,123.0
3,2024-04-17 09:00:00+00:00,0.2,1.0,1.4,0.7,0.0,1.1,1.2,167.0,126.0,104.0,111.0,305.0,143.0,294.0,4,spring,0.8,0.3,164.0
3,2024-04-17 10:00:00+00:00,0.2,0.5,0.9,0.8,0.4,0.7,0.1,192.0,174.0,126.0,149.0,232.0,149.0,472.0,4,spring,0.51,0.2,196.0
3,2024-04-17 11:00:00+00:00,0.2,0.5,0.9,0.8,0.4,0.7,0.1,218.0,228.0,155.0,176.0,157.0,173.0,619.0,4,spring,0.51,0.2,215.0
3,2024-04-17 12:00:00+00:00,0.2,0.5,0.9,0.8,0.4,0.7,0.1,263.0,301.0,208.0,186.0,131.0,240.0,684.0,4,spring,0.51,0.2,220.0
3,2024-04-17 13:00:00+00:00,0.1,0.1,0.4,0.4,0.5,0.2,0.0,300.0,360.0,256.0,177.0,124.0,314.0,681.0,4,spring,0.24,0.3,208.0
3,2024-04-17 14:00:00+00:00,0.1,0.1,0.4,0.4,0.5,0.2,0.0,286.0,344.0,245.0,151.0,105.0,349.0,624.0,4,spring,0.24,0.3,180.0
3,2024-04-17 15:00:00+00:00,0.1,0.1,0.4,0.4,0.5,0.2,0.0,213.0,242.0,166.0,107.0,67.0,336.0,522.00006,4,spring,0.24,0.3,138.0
3,2024-04-17 16:00:00+00:00,0.0,0.0,0.8,0.2,1.2,0.2,0.0,125.0,125.0,78.0,60.0,33.0,270.0,374.0,4,spring,0.34,0.1,89.0
3,2024-04-17 17:00:00+00:00,0.0,0.0,0.8,0.2,1.2,0.2,0.0,54.0,47.0,26.0,26.0,12.0,149.0,193.0,4,spring,0.34,0.1,43.0
3,2024-04-17 18:00:00+00:00,0.0,0.0,0.8,0.2,1.2,0.2,0.0,11.0,9.0,5.0,5.0,2.0,30.999998,39.0,4,spring,0.34,0.1,9.0
3,2024-04-17 19:00:00+00:00,0.0,0.0,0.2,0.1,0.7,0.0,0.0,0.0,0.0,0.0,0.0,0.0,0.0,0.0,4,spring,0.14,0.0,0.0
3,2024-04-17 20:00:00+00:00,0.0,0.0,0.2,0.1,0.7,0.0,0.0,0.0,0.0,0.0,0.0,0.0,0.0,0.0,4,spring,0.14,0.0,0.0
3,2024-04-17 21:00:00+00:00,0.0,0.0,0.2,0.1,0.7,0.0,0.0,0.0,0.0,0.0,0.0,0.0,0.0,0.0,4,spring,0.14,0.0,0.0
3,2024-04-17 22:00:00+00:00,0.0,0.0,0.6,0.2,0.6,0.1,0.0,0.0,0.0,0.0,0.0,0.0,0.0,0.0,4,spring,0.21,0.0,0.0
3,2024-04-17 23:00:00+00:00,0.0,0.0,0.6,0.2,0.6,0.1,0.0,0.0,0.0,0.0,0.0,0.0,0.0,0.0,4,spring,0.21,0.0,0.0
3,2024-04-18 00:00:00+00:00,0.0,0.0,0.6,0.2,0.6,0.1,0.0,0.0,0.0,0.0,0.0,0.0,0.0,0.0,4,spring,0.21,0.0,0.0
3,2024-04-18 01:00:00+00:00,0.0,0.0,0.0,0.1,0.4,0.0,0.0,0.0,0.0,0.0,0.0,0.0,0.0,0.0,4,spring,0.07,0.0,0.0
3,2024-04-18 02:00:00+00:00,0.0,0.0,0.0,0.1,0.4,0.0,0.0,0.0,0.0,0.0,0.0,0.0,0.0,0.0,4,spring,0.07,0.0,0.0
3,2024-04-18 03:00:00+00:00,0.0,0.0,0.0,0.1,0.4,0.0,0.0,0.0,0.0,0.0,0.0,0.0,0.0,0.0,4,spring,0.07,0.0,0.0
3,2024-04-18 04:00:00+00:00,0.0,0.0,0.0,0.6,0.2,0.0,0.0,0.0,0.0,0.0,0.0,0.0,0.0,0.0,4,spring,0.11,0.0,0.0
3,2024-04-18 05:00:00+00:00,0.0,0.0,0.0,0.6,0.2,0.0,0.0,44.0,45.0,39.0,14.0,22.0,91.0,56.0,4,spring,0.11,0.0,45.0
3,2024-04-18 06:00:00+00:00,0.0,0.0,0.0,0.6,0.2,0.0,0.0,152.0,160.0,116.0,82.0,102.0,272.0,180.0,4,spring,0.11,0.0,153.0
3,2024-04-18 07:00:00+00:00,0.1,0.1,0.1,0.1,0.0,0.0,0.0,298.0,317.0,193.0,223.00002,243.0,453.00006,333.00003,4,spring,0.06,0.1,293.0
3,2024-04-18 08:00:00+00:00,0.1,0.1,0.1,0.1,0.0,0.0,0.0,454.0,474.0,284.0,381.0,379.0,613.0,499.0,4,spring,0.06,0.1,438.0
3,2024-04-18 09:00:00+00:00,0.1,0.1,0.1,0.1,0.0,0.0,0.0,586.0,558.0,425.0,466.0,396.0,718.0,664.0,4,spring,0.06,0.1,546.0
3,2024-04-18 10:00:00+00:00,0.2,0.1,0.1,0.1,0.7,0.0,0.0,682.0,572.0,592.0,479.0,309.0,767.0,811.0,4,spring,0.17,0.1,612.0
3,2024-04-18 11:00:00+00:00,0.2,0.1,0.1,0.1,0.7,0.0,0.0,728.0,571.0,685.0,465.0,222.0,785.0,900.0,4,spring,0.17,0.1,636.0
3,2024-04-18 12:00:00+00:00,0.2,0.1,0.1,0.1,0.7,0.0,0.0,717.0,603.0,628.0,448.0,209.0,792.0,901.0,4,spring,0.17,0.1,623.0
3,2024-04-18 13:00:00+00:00,0.0,0.1,0.3,0.3,0.3,0.0,0.0,652.0,619.0,487.0,412.0,219.0,769.0,830.0,4,spring,0.14,0.0,567.0
3,2024-04-18 14:00:00+00:00,0.0,0.1,0.3,0.3,0.3,0.0,0.0,540.0,557.0,360.0,357.0,203.0,690.0,713.0,4,spring,0.14,0.0,466.0
3,2024-04-18 15:00:00+00:00,0.0,0.1,0.3,0.3,0.3,0.0,0.0,387.99997,404.99997,278.0,287.0,149.0,556.99994,564.99994,4,spring,0.14,0.0,325.0
3,2024-04-18 16:00:00+00:00,0.0,0.0,0.0,0.0,0.1,0.0,0.0,233.00002,236.00002,197.00002,201.0,90.0,387.00006,389.00003,4,spring,0.01,0.0,184.0
3,2024-04-18 17:00:00+00:00,0.0,0.0,0.0,0.0,0.1,0.0,0.0,105.0,103.0,103.0,103.0,41.0,197.0,197.0,4,spring,0.01,0.0,78.0
3,2024-04-18 18:00:00+00:00,0.0,0.0,0.0,0.0,0.1,0.0,0.0,21.000002,21.000002,21.000002,22.000002,8.0,41.000008,41.000008,4,spring,0.01,0.0,16.0
3,2024-04-18 19:00:00+00:00,0.0,0.0,0.0,0.0,0.0,0.0,0.1,0.0,0.0,0.0,0.0,0.0,0.0,0.0,4,spring,0.01,0.0,0.0
3,2024-04-18 20:00:00+00:00,0.0,0.0,0.0,0.0,0.0,0.0,0.1,0.0,0.0,0.0,0.0,0.0,0.0,0.0,4,spring,0.01,0.0,0.0
3,2024-04-18 21:00:00+00:00,0.0,0.0,0.0,0.0,0.0,0.0,0.1,0.0,0.0,0.0,0.0,0.0,0.0,0.0,4,spring,0.01,0.0,0.0
3,2024-04-18 22:00:00+00:00,0.0,0.0,0.0,0.0,0.0,0.0,0.0,0.0,0.0,0.0,0.0,0.0,0.0,0.0,4,spring,0.0,0.0,0.0
3,2024-04-18 23:00:00+00:00,0.0,0.0,0.0,0.0,0.0,0.0,0.0,0.0,0.0,0.0,0.0,0.0,0.0,0.0,4,spring,0.0,0.0,0.0
3,2024-04-19 00:00:00+00:00,0.0,0.0,0.0,0.0,0.0,0.0,0.0,0.0,0.0,0.0,0.0,0.0,0.0,0.0,4,spring,0.0,0.0,0.0
3,2024-04-19 01:00:00+00:00,0.0,0.0,0.0,0.0,0.0,0.0,0.0,0.0,0.0,0.0,0.0,0.0,0.0,0.0,4,spring,0.0,0.0,0.0
3,2024-04-19 02:00:00+00:00,0.0,0.0,0.0,0.0,0.0,0.0,0.0,0.0,0.0,0.0,0.0,0.0,0.0,0.0,4,spring,0.0,0.0,0.0
3,2024-04-19 03:00:00+00:00,0.0,0.0,0.0,0.0,0.0,0.0,0.0,0.0,0.0,0.0,0.0,0.0,0.0,0.0,4,spring,0.0,0.0,0.0
3,2024-04-19 04:00:00+00:00,0.0,0.0,0.0,0.0,0.0,0.0,0.0,0.0,0.0,0.0,0.0,0.0,0.0,0.0,4,spring,0.0,0.0,0.0
3,2024-04-19 05:00:00+00:00,0.0,0.0,0.0,0.0,0.0,0.0,0.0,48.0,48.0,42.0,46.0,49.0,97.99999,51.0,4,spring,0.0,0.0,49.0
3,2024-04-19 06:00:00+00:00,0.0,0.0,0.0,0.0,0.0,0.0,0.0,174.00002,173.00002,160.00002,166.00002,178.00002,282.00003,165.00002,4,spring,0.0,0.0,176.00002
3,2024-04-19 07:00:00+00:00,0.0,0.0,0.0,0.1,0.0,0.0,0.0,364.0,362.0,349.0,350.0,373.0,463.99997,314.0,4,spring,0.01,0.0,368.0
3,2024-04-19 08:00:00+00:00,0.0,0.0,0.0,0.1,0.0,0.0,0.0,571.0,569.0,559.0,544.0,565.0,624.0,481.0,4,spring,0.01,0.0,570.0
3,2024-04-19 09:00:00+00:00,0.0,0.0,0.0,0.1,0.0,0.0,0.0,724.0,724.0,713.0,665.0,640.0,735.0,652.0,4,spring,0.01,0.0,697.0
3,2024-04-19 10:00:00+00:00,0.0,0.0,0.0,0.1,0.0,0.0,0.0,814.0,816.0,803.0,710.0,608.0,794.0,807.0,4,spring,0.01,0.0,747.0
3,2024-04-19 11:00:00+00:00,0.0,0.0,0.0,0.1,0.0,0.0,0.0,849.0,854.0,840.0,720.0,566.0,817.0,903.0,4,spring,0.01,0.0,757.0
3,2024-04-19 12:00:00+00:00,0.0,0.0,0.0,0.1,0.0,0.0,0.0,839.0,844.0,833.0,729.0,584.0,821.0,906.0,4,spring,0.01,0.0,760.0
3,2024-04-19 13:00:00+00:00,0.0,0.0,0.0,0.0,0.0,0.0,0.0,772.0,776.0,769.0,703.0,603.0,788.0,834.0,4,spring,0.0,0.0,725.0
3,2024-04-19 14:00:00+00:00,0.0,0.0,0.0,0.0,0.0,0.0,0.0,642.0,647.0,643.0,607.0,547.0,702.0,716.0,4,spring,0.0,0.0,622.0
3,2024-04-19 15:00:00+00:00,0.0,0.0,0.0,0.0,0.0,0.0,0.0,455.0,464.0,462.0,438.0,403.0,564.0,568.0,4,spring,0.0,0.0,451.0
3,2024-04-19 16:00:00+00:00,0.0,0.0,0.0,0.0,0.0,0.0,0.0,264.0,275.0,274.0,259.0,241.0,391.0,392.0,4,spring,0.0,0.0,269.0
3,2024-04-19 17:00:00+00:00,0.0,0.0,0.0,0.0,0.0,0.0,0.0,116.0,124.0,123.0,116.0,109.0,200.0,200.0,4,spring,0.0,0.0,121.0
3,2024-04-19 18:00:00+00:00,0.0,0.0,0.0,0.0,0.0,0.0,0.0,23.999998,25.999998,25.0,23.999998,23.0,43.0,43.0,4,spring,0.0,0.0,25.0
3,2024-04-19 19:00:00+00:00,0.0,0.0,0.0,0.0,0.0,0.0,0.0,0.0,0.0,0.0,0.0,0.0,0.0,0.0,4,spring,0.0,0.0,0.0
3,2024-04-19 20:00:00+00:00,0.0,0.0,0.0,0.0,0.0,0.0,0.0,0.0,0.0,0.0,0.0,0.0,0.0,0.0,4,spring,0.0,0.0,0.0
3,2024-04-19 21:00:00+00:00,0.0,0.0,0.0,0.0,0.0,0.0,0.0,0.0,0.0,0.0,0.0,0.0,0.0,0.0,4,spring,0.0,0.0,0.0
3,2024-04-19 22:00:00+00:00,0.0,0.0,0.0,0.0,0.0,0.0,0.0,0.0,0.0,0.0,0.0,0.0,0.0,0.0,4,spring,0.0,0.0,0.0
3,2024-04-19 23:00:00+00:00,0.0,0.0,0.0,0.0,0.0,0.0,0.0,0.0,0.0,0.0,0.0,0.0,0.0,0.0,4,spring,0.0,0.0,0.0
3,2024-04-20 00:00:00+00:00,0.0,0.0,0.0,0.0,0.0,0.0,0.0,0.0,0.0,0.0,0.0,0.0,0.0,0.0,4,spring,0.0,0.0,0.0
3,2024-04-20 01:00:00+00:00,0.0,0.0,0.0,0.0,0.0,0.0,0.0,0.0,0.0,0.0,0.0,0.0,0.0,0.0,4,spring,0.0,0.0,0.0
3,2024-04-20 02:00:00+00:00,0.0,0.0,0.0,0.0,0.0,0.0,0.0,0.0,0.0,0.0,0.0,0.0,0.0,0.0,4,spring,0.0,0.0,0.0
3,2024-04-20 03:00:00+00:00,0.0,0.0,0.0,0.0,0.0,0.0,0.0,0.0,0.0,0.0,0.0,0.0,0.0,0.0,4,spring,0.0,0.0,0.0
3,2024-04-20 04:00:00+00:00,0.0,0.0,0.0,0.0,0.0,0.0,0.0,0.0,0.0,0.0,0.0,0.0,0.0,0.0,4,spring,0.0,0.0,0.0
3,2024-04-20 05:00:00+00:00,0.0,0.0,0.0,0.0,0.0,0.0,0.0,52.000004,47.000004,40.0,52.000004,54.000004,106.000015,102.000015,4,spring,0.0,0.0,52.000004
3,2024-04-20 06:00:00+00:00,0.0,0.0,0.0,0.0,0.0,0.0,0.0,181.0,164.0,147.0,170.0,186.00002,294.0,285.0,4,spring,0.0,0.0,181.0
3,2024-04-20 07:00:00+00:00,0.0,0.0,0.0,0.0,0.0,0.0,0.0,375.0,339.0,320.0,333.0,380.0,478.0,464.0,4,spring,0.0,0.0,371.0
3,2024-04-20 08:00:00+00:00,0.0,0.0,0.0,0.0,0.0,0.0,0.0,570.0,531.0,518.0,509.0,583.0,637.0,628.0,4,spring,0.0,0.0,568.0
3,2024-04-20 09:00:00+00:00,0.0,0.0,0.0,0.0,0.0,0.0,0.0,671.0,691.0,681.00006,653.99994,722.0,746.0,763.0,4,spring,0.0,0.0,695.0
3,2024-04-20 10:00:00+00:00,0.0,0.0,0.0,0.0,0.0,0.0,0.0,678.0,802.0,795.0,758.0,787.0,801.0,859.0,4,spring,0.0,0.0,744.0
3,2024-04-20 11:00:00+00:00,0.0,0.0,0.0,0.0,0.0,0.0,0.0,633.0,837.0,850.0,808.0,786.0,822.0,906.0,4,spring,0.0,0.0,733.0
3,2024-04-20 12:00:00+00:00,0.0,0.0,0.0,0.0,0.0,0.0,0.0,559.0,781.0,840.0,800.0,721.0,824.0,895.0,4,spring,0.0,0.0,668.0
3,2024-04-20 13:00:00+00:00,0.0,0.0,0.0,0.0,0.0,0.0,0.2,456.0,651.0,762.0,732.0,602.0,792.0,830.0,4,spring,0.03,0.0,555.0
3,2024-04-20 14:00:00+00:00,0.0,0.0,0.0,0.0,0.0,0.0,0.2,349.0,482.0,625.0,611.0,459.0,705.0,719.0,4,spring,0.03,0.0,424.0
3,2024-04-20 15:00:00+00:00,0.0,0.0,0.0,0.0,0.0,0.0,0.2,251.0,290.0,436.99997,443.99997,305.0,567.0,570.99994,4,spring,0.03,0.0,288.0
3,2024-04-20 16:00:00+00:00,0.0,0.0,0.0,0.0,0.0,0.0,0.2,160.0,126.0,249.0,270.0,167.0,395.0,396.0,4,spring,0.03,0.0,165.0
3,2024-04-20 17:00:00+00:00,0.0,0.0,0.0,0.0,0.0,0.0,0.2,78.00001,38.0,108.000015,125.000015,70.0,204.00003,204.00003,4,spring,0.03,0.0,73.0
3,2024-04-20 18:00:00+00:00,0.0,0.0,0.0,0.0,0.0,0.0,0.2,17.0,7.0,23.000002,27.000004,14.0,45.000008,45.000008,4,spring,0.03,0.0,15.0
3,2024-04-20 19:00:00+00:00,0.0,0.0,0.0,0.0,0.0,0.0,0.1,0.0,0.0,0.0,0.0,0.0,0.0,0.0,4,spring,0.01,0.0,0.0
3,2024-04-20 20:00:00+00:00,0.0,0.0,0.0,0.0,0.0,0.0,0.1,0.0,0.0,0.0,0.0,0.0,0.0,0.0,4,spring,0.01,0.0,0.0
3,2024-04-20 21:00:00+00:00,0.0,0.0,0.0,0.0,0.0,0.0,0.1,0.0,0.0,0.0,0.0,0.0,0.0,0.0,4,spring,0.01,0.0,0.0
3,2024-04-20 22:00:00+00:00,0.0,0.0,0.0,0.0,0.0,0.0,0.0,0.0,0.0,0.0,0.0,0.0,0.0,0.0,4,spring,0.0,0.1,0.0
3,2024-04-20 23:00:00+00:00,0.0,0.0,0.0,0.0,0.0,0.0,0.0,0.0,0.0,0.0,0.0,0.0,0.0,0.0,4,spring,0.0,0.1,0.0
3,2024-04-21 00:00:00+00:00,0.0,0.0,0.0,0.0,0.0,0.0,0.0,0.0,0.0,0.0,0.0,0.0,0.0,0.0,4,spring,0.0,0.1,0.0
3,2024-04-21 01:00:00+00:00,0.9,0.0,0.0,0.0,0.0,0.0,0.0,0.0,0.0,0.0,0.0,0.0,0.0,0.0,4,spring,0.13,0.0,0.0
3,2024-04-21 02:00:00+00:00,0.9,0.0,0.0,0.0,0.0,0.0,0.0,0.0,0.0,0.0,0.0,0.0,0.0,0.0,4,spring,0.13,0.0,0.0
3,2024-04-21 03:00:00+00:00,0.9,0.0,0.0,0.0,0.0,0.0,0.0,0.0,0.0,0.0,0.0,0.0,0.0,0.0,4,spring,0.13,0.0,0.0
3,2024-04-21 04:00:00+00:00,0.0,0.0,0.0,0.0,0.0,0.0,0.0,0.0,0.0,1.0000002,0.0,1.0000002,1.0000002,1.0000002,4,spring,0.0,0.0,1.0000002
3,2024-04-21 05:00:00+00:00,0.0,0.0,0.0,0.0,0.0,0.0,0.0,35.0,31.0,39.0,34.0,48.999996,96.999985,94.999985,4,spring,0.0,0.0,44.999996
3,2024-04-21 06:00:00+00:00,0.0,0.0,0.0,0.0,0.0,0.0,0.0,113.0,106.0,126.0,114.0,164.0,273.0,263.0,4,spring,0.0,0.0,138.0
3,2024-04-21 07:00:00+00:00,0.0,0.0,0.1,0.1,0.0,0.0,0.0,223.0,216.0,245.0,228.0,333.0,460.0,439.0,4,spring,0.03,0.0,259.0
3,2024-04-21 08:00:00+00:00,0.0,0.0,0.1,0.1,0.0,0.0,0.0,338.0,330.0,359.0,339.0,507.0,604.0,606.0,4,spring,0.03,0.0,378.0
3,2024-04-21 09:00:00+00:00,0.0,0.0,0.1,0.1,0.0,0.0,0.0,423.0,400.0,411.0,390.0,611.0,618.0,750.0,4,spring,0.03,0.0,457.0
3,2024-04-21 10:00:00+00:00,0.0,0.0,0.0,0.2,0.1,0.4,0.1,471.0,424.0,403.0,382.0,645.0,520.0,857.0,4,spring,0.11,0.0,491.0
3,2024-04-21 11:00:00+00:00,0.0,0.0,0.0,0.2,0.1,0.4,0.1,482.0,423.0,376.0,338.0,646.0,437.0,909.0,4,spring,0.11,0.0,495.0
3,2024-04-21 12:00:00+00:00,0.0,0.0,0.0,0.2,0.1,0.4,0.1,454.0,408.0,361.0,269.0,645.0,456.0,895.0,4,spring,0.11,0.0,485.0
3,2024-04-21 13:00:00+00:00,0.0,0.0,0.0,1.0,0.0,0.3,0.0,392.0,373.0,337.0,184.0,614.0,510.0,822.0,4,spring,0.19,0.0,447.0
3,2024-04-21 14:00:00+00:00,0.0,0.0,0.0,1.0,0.0,0.3,0.0,310.0,318.0,282.0,113.0,529.0,517.0,701.0,4,spring,0.19,0.0,368.0
3,2024-04-21 15:00:00+00:00,0.0,0.0,0.0,1.0,0.0,0.3,0.0,217.0,247.0,194.0,66.0,388.99997,458.99994,542.99994,4,spring,0.19,0.0,249.0
3,2024-04-21 16:00:00+00:00,0.0,0.0,0.0,0.9,0.0,0.3,0.0,128.0,167.0,107.0,35.0,238.0,352.0,364.0,4,spring,0.17,0.0,132.0
3,2024-04-21 17:00:00+00:00,0.0,0.0,0.0,0.9,0.0,0.3,0.0,58.0,85.0,45.0,15.0,111.0,195.00002,185.0,4,spring,0.17,0.0,53.0
3,2024-04-21 18:00:00+00:00,0.0,0.0,0.0,0.9,0.0,0.3,0.0,12.0,19.0,9.0,3.0,23.999998,44.999996,40.999996,4,spring,0.17,0.0,11.0
3,2024-04-21 19:00:00+00:00,0.0,0.0,0.0,1.9,0.0,0.0,0.0,0.0,0.0,0.0,0.0,0.0,0.0,0.0,4,spring,0.27,0.0,0.0
3,2024-04-21 20:00:00+00:00,0.0,0.0,0.0,1.9,0.0,0.0,0.0,0.0,0.0,0.0,0.0,0.0,0.0,0.0,4,spring,0.27,0.0,0.0
3,2024-04-21 21:00:00+00:00,0.0,0.0,0.0,1.9,0.0,0.0,0.0,0.0,0.0,0.0,0.0,0.0,0.0,0.0,4,spring,0.27,0.0,0.0
3,2024-04-21 22:00:00+00:00,0.0,0.0,0.0,0.5,0.5,0.0,0.0,0.0,0.0,0.0,0.0,0.0,0.0,0.0,4,spring,0.14,0.0,0.0
3,2024-04-21 23:00:00+00:00,0.0,0.0,0.0,0.5,0.5,0.0,0.0,0.0,0.0,0.0,0.0,0.0,0.0,0.0,4,spring,0.14,0.0,0.0
3,2024-04-22 00:00:00+00:00,0.0,0.0,0.0,0.5,0.5,0.0,0.0,0.0,0.0,0.0,0.0,0.0,0.0,0.0,4,spring,0.14,0.0,0.0
3,2024-04-22 01:00:00+00:00,0.0,0.0,0.0,0.3,0.7,0.0,0.0,0.0,0.0,0.0,0.0,0.0,0.0,0.0,4,spring,0.14,0.0,0.0
3,2024-04-22 02:00:00+00:00,0.0,0.0,0.0,0.3,0.7,0.0,0.0,0.0,0.0,0.0,0.0,0.0,0.0,0.0,4,spring,0.14,0.0,0.0
3,2024-04-22 03:00:00+00:00,0.0,0.0,0.0,0.3,0.7,0.0,0.0,0.0,0.0,0.0,0.0,0.0,0.0,0.0,4,spring,0.14,0.0,0.0
3,2024-04-22 04:00:00+00:00,0.0,0.0,0.0,0.0,0.3,0.0,0.0,2.0,2.0,2.0,1.0,0.0,3.0,2.0,4,spring,0.04,0.0,2.0
3,2024-04-22 05:00:00+00:00,0.0,0.0,0.0,0.0,0.3,0.0,0.0,58.999996,58.999996,58.0,17.0,10.0,82.99999,73.99999,4,spring,0.04,0.0,58.0
3,2024-04-22 06:00:00+00:00,0.0,0.0,0.0,0.0,0.3,0.0,0.0,191.0,193.0,193.0,46.0,32.0,235.0,209.00002,4,spring,0.04,0.0,182.0
3,2024-04-22 07:00:00+00:00,0.0,0.0,0.0,0.0,0.1,0.0,0.0,385.0,389.99997,392.0,85.0,62.0,412.0,370.0,4,spring,0.01,0.0,353.0
3,2024-04-22 08:00:00+00:00,0.0,0.0,0.0,0.0,0.1,0.0,0.0,580.0,582.0,578.0,169.0,96.0,588.0,531.0,4,spring,0.01,0.0,528.0
3,2024-04-22 09:00:00+00:00,0.0,0.0,0.0,0.0,0.1,0.0,0.0,685.0,665.0,624.0,368.0,129.0,726.0,655.0,4,spring,0.01,0.0,646.0
3,2024-04-22 10:00:00+00:00,0.0,0.0,0.0,0.0,0.7,0.0,0.0,699.0,643.0,544.0,646.0,160.0,817.0,735.0,4,spring,0.1,0.0,700.0
3,2024-04-22 11:00:00+00:00,0.0,0.0,0.0,0.0,0.7,0.0,0.0,673.0,581.0,452.0,840.0,181.0,865.0,773.0,4,spring,0.1,0.0,692.0
3,2024-04-22 12:00:00+00:00,0.0,0.0,0.0,0.0,0.7,0.0,0.0,637.0,513.0,426.0,843.0,192.0,869.0,772.0,4,spring,0.1,0.0,619.0
3,2024-04-22 13:00:00+00:00,0.0,0.0,0.0,0.0,0.1,0.0,0.0,574.0,430.0,413.0,723.0,188.0,823.0,724.0,4,spring,0.01,0.0,499.0
3,2024-04-22 14:00:00+00:00,0.0,0.0,0.0,0.0,0.1,0.0,0.0,482.0,348.0,367.0,571.0,165.0,725.0,633.0,4,spring,0.01,0.0,377.0
3,2024-04-22 15:00:00+00:00,0.0,0.0,0.0,0.0,0.1,0.0,0.0,367.0,276.0,280.0,416.0,122.0,579.99994,503.99994,4,spring,0.01,0.0,269.0
3,2024-04-22 16:00:00+00:00,0.0,0.0,0.0,0.0,0.0,0.0,0.0,242.99998,199.99998,182.0,259.99997,74.0,402.99997,348.99997,4,spring,0.0,0.0,171.0
3,2024-04-22 17:00:00+00:00,0.0,0.0,0.0,0.0,0.0,0.0,0.0,123.0,108.0,91.0,126.0,35.0,211.0,182.0,4,spring,0.0,0.0,84.0
3,2024-04-22 18:00:00+00:00,0.0,0.0,0.0,0.0,0.0,0.0,0.0,28.000002,25.000002,21.000002,28.000002,8.0,49.000004,42.000004,4,spring,0.0,0.0,19.0
3,2024-04-22 19:00:00+00:00,0.0,0.0,0.0,0.0,0.0,0.0,0.0,0.0,0.0,0.0,0.0,0.0,0.0,0.0,4,spring,0.0,0.0,0.0
3,2024-04-22 20:00:00+00:00,0.0,0.0,0.0,0.0,0.0,0.0,0.0,0.0,0.0,0.0,0.0,0.0,0.0,0.0,4,spring,0.0,0.0,0.0
3,2024-04-22 21:00:00+00:00,0.0,0.0,0.0,0.0,0.0,0.0,0.0,0.0,0.0,0.0,0.0,0.0,0.0,0.0,4,spring,0.0,0.0,0.0
3,2024-04-22 22:00:00+00:00,0.0,0.0,0.0,0.0,0.0,0.0,1.1,0.0,0.0,0.0,0.0,0.0,0.0,0.0,4,spring,0.16,0.0,0.0
3,2024-04-22 23:00:00+00:00,0.0,0.0,0.0,0.0,0.0,0.0,1.1,0.0,0.0,0.0,0.0,0.0,0.0,0.0,4,spring,0.16,0.0,0.0
3,2024-04-23 00:00:00+00:00,0.0,0.0,0.0,0.0,0.0,0.0,1.1,0.0,0.0,0.0,0.0,0.0,0.0,0.0,4,spring,0.16,0.0,0.0
3,2024-04-23 01:00:00+00:00,0.0,0.0,0.0,0.0,0.0,0.0,0.0,0.0,0.0,0.0,0.0,0.0,0.0,0.0,4,spring,0.0,0.0,0.0
3,2024-04-23 02:00:00+00:00,0.0,0.0,0.0,0.0,0.0,0.0,0.0,0.0,0.0,0.0,0.0,0.0,0.0,0.0,4,spring,0.0,0.0,0.0
3,2024-04-23 03:00:00+00:00,0.0,0.0,0.0,0.0,0.0,0.0,0.0,0.0,0.0,0.0,0.0,0.0,0.0,0.0,4,spring,0.0,0.0,0.0
3,2024-04-23 04:00:00+00:00,0.0,0.0,0.0,0.0,0.0,0.0,0.0,3.0,3.0,3.0,2.0,2.0,5.0,4.0,4,spring,0.0,0.0,3.0
3,2024-04-23 05:00:00+00:00,0.0,0.0,0.0,0.0,0.0,0.0,0.0,56.999996,53.999996,54.999996,38.0,38.0,100.99999,76.99999,4,spring,0.0,0.0,57.999996
3,2024-04-23 06:00:00+00:00,0.0,0.0,0.0,0.0,0.0,0.0,0.0,180.99998,168.99998,153.0,136.0,115.0,265.99997,210.99998,4,spring,0.0,0.0,184.99998
3,2024-04-23 07:00:00+00:00,0.0,0.0,0.0,0.0,0.0,0.0,0.0,361.0,337.0,267.0,294.0,219.0,437.0,369.0,4,spring,0.0,0.0,373.0
3,2024-04-23 08:00:00+00:00,0.0,0.0,0.0,0.0,0.0,0.0,0.0,551.0,520.0,392.0,445.0,325.0,567.99994,535.0,4,spring,0.0,0.0,555.0
3,2024-04-23 09:00:00+00:00,0.0,0.0,0.0,0.0,0.0,0.0,0.0,696.0,673.0,522.0,488.0,404.0,589.0,695.0,4,spring,0.0,0.0,639.0
3,2024-04-23 10:00:00+00:00,0.0,0.0,0.0,0.1,0.2,0.0,0.0,781.0,783.0,644.0,430.0,446.0,512.0,833.0,4,spring,0.04,0.0,624.0
3,2024-04-23 11:00:00+00:00,0.0,0.0,0.0,0.1,0.2,0.0,0.0,779.0,826.0,713.0,349.0,443.0,430.0,915.0,4,spring,0.04,0.0,556.0
3,2024-04-23 12:00:00+00:00,0.0,0.0,0.0,0.1,0.2,0.0,0.0,666.0,790.0,704.0,291.0,388.0,409.0,914.0,4,spring,0.04,0.0,460.0
3,2024-04-23 13:00:00+00:00,0.0,0.0,0.0,0.2,0.3,0.0,0.0,484.0,686.0,632.0,235.0,298.0,406.0,843.0,4,spring,0.07,0.0,340.0
3,2024-04-23 14:00:00+00:00,0.0,0.0,0.0,0.2,0.3,0.0,0.0,317.0,542.0,518.0,183.0,204.0,373.0,728.0,4,spring,0.07,0.0,231.0
3,2024-04-23 15:00:00+00:00,0.0,0.0,0.0,0.2,0.3,0.0,0.0,194.0,373.0,373.0,137.0,117.0,302.0,581.0,4,spring,0.07,0.0,146.0
3,2024-04-23 16:00:00+00:00,0.0,0.5,0.0,0.0,0.4,0.0,0.0,101.0,211.00002,226.00002,94.0,50.0,212.00002,406.00006,4,spring,0.13,0.0,82.0
3,2024-04-23 17:00:00+00:00,0.0,0.5,0.0,0.0,0.4,0.0,0.0,41.0,93.0,107.00001,49.0,15.0,113.0,215.00002,4,spring,0.13,0.0,36.0
3,2024-04-23 18:00:00+00:00,0.0,0.5,0.0,0.0,0.4,0.0,0.0,9.0,21.000002,24.000002,12.0,3.0,27.000002,50.000008,4,spring,0.13,0.0,8.0
3,2024-04-23 19:00:00+00:00,0.0,0.4,0.0,0.0,0.1,0.2,0.2,0.0,0.0,0.0,0.0,0.0,0.0,0.0,4,spring,0.13,0.0,0.0
3,2024-04-23 20:00:00+00:00,0.0,0.4,0.0,0.0,0.1,0.2,0.2,0.0,0.0,0.0,0.0,0.0,0.0,0.0,4,spring,0.13,0.0,0.0
3,2024-04-23 21:00:00+00:00,0.0,0.4,0.0,0.0,0.1,0.2,0.2,0.0,0.0,0.0,0.0,0.0,0.0,0.0,4,spring,0.13,0.0,0.0
3,2024-04-23 22:00:00+00:00,0.0,0.0,0.2,0.0,0.0,0.5,0.1,0.0,0.0,0.0,0.0,0.0,0.0,0.0,4,spring,0.11,0.0,0.0
3,2024-04-23 23:00:00+00:00,0.0,0.0,0.2,0.0,0.0,0.5,0.1,0.0,0.0,0.0,0.0,0.0,0.0,0.0,4,spring,0.11,0.0,0.0
3,2024-04-24 00:00:00+00:00,0.0,0.0,0.2,0.0,0.0,0.5,0.1,0.0,0.0,0.0,0.0,0.0,0.0,0.0,4,spring,0.11,0.0,0.0
3,2024-04-24 01:00:00+00:00,0.0,0.0,0.0,0.0,0.1,1.1,0.0,0.0,0.0,0.0,0.0,0.0,0.0,0.0,4,spring,0.17,0.1,0.0
3,2024-04-24 02:00:00+00:00,0.0,0.0,0.0,0.0,0.1,1.1,0.0,0.0,0.0,0.0,0.0,0.0,0.0,0.0,4,spring,0.17,0.1,0.0
3,2024-04-24 03:00:00+00:00,0.0,0.0,0.0,0.0,0.1,1.1,0.0,0.0,0.0,0.0,0.0,0.0,0.0,0.0,4,spring,0.17,0.1,0.0
3,2024-04-24 04:00:00+00:00,0.0,0.0,0.0,0.0,0.2,1.1,0.0,4.0000005,2.0,3.0,2.0,0.99999994,0.99999994,8.000002,4,spring,0.19,0.0,3.0
3,2024-04-24 05:00:00+00:00,0.0,0.0,0.0,0.0,0.2,1.1,0.0,63.0,37.0,48.0,36.0,17.0,18.0,110.0,4,spring,0.19,0.0,41.0
3,2024-04-24 06:00:00+00:00,0.0,0.0,0.0,0.0,0.2,1.1,0.0,176.00002,105.0,155.0,123.0,52.0,53.0,282.00003,4,spring,0.19,0.0,104.0
3,2024-04-24 07:00:00+00:00,0.0,0.0,0.0,0.0,0.1,0.4,0.0,319.0,195.0,320.0,266.0,105.0,102.0,460.0,4,spring,0.07,0.2,166.0
3,2024-04-24 08:00:00+00:00,0.0,0.0,0.0,0.0,0.1,0.4,0.0,449.0,298.0,489.0,419.0,193.0,178.0,614.99994,4,spring,0.07,0.2,237.0
3,2024-04-24 09:00:00+00:00,0.0,0.0,0.0,0.0,0.1,0.4,0.0,504.0,415.0,588.0,519.0,355.0,303.0,705.0,4,spring,0.07,0.2,338.0
3,2024-04-24 10:00:00+00:00,0.0,0.1,0.1,0.1,0.0,0.1,0.8,488.0,527.0,614.0,560.0,565.0,462.0,731.0,4,spring,0.17,0.0,452.0
3,2024-04-24 11:00:00+00:00,0.0,0.1,0.1,0.1,0.0,0.1,0.8,463.0,574.0,590.0,550.0,717.0,594.0,736.0,4,spring,0.17,0.0,521.0
3,2024-04-24 12:00:00+00:00,0.0,0.1,0.1,0.1,0.0,0.1,0.8,479.0,510.0,530.0,488.0,747.0,658.0,752.0,4,spring,0.17,0.0,504.0
3,2024-04-24 13:00:00+00:00,0.0,0.2,1.4,0.7,0.0,0.0,0.0,490.0,381.0,435.0,386.0,686.0,662.0,747.0,4,spring,0.33,0.2,430.0
3,2024-04-24 14:00:00+00:00,0.0,0.2,1.4,0.7,0.0,0.0,0.0,440.0,265.0,331.0,285.0,574.0,617.0,686.0,4,spring,0.33,0.2,337.0
3,2024-04-24 15:00:00+00:00,0.0,0.2,1.4,0.7,0.0,0.0,0.0,316.0,184.0,226.0,198.0,425.00003,528.0,564.0,4,spring,0.33,0.2,237.0
3,2024-04-24 16:00:00+00:00,0.3,0.1,0.3,0.9,0.0,0.0,0.0,182.0,117.0,132.0,122.0,265.00003,393.0,403.0,4,spring,0.23,0.0,141.0
3,2024-04-24 17:00:00+00:00,0.3,0.1,0.3,0.9,0.0,0.0,0.0,82.0,59.0,61.0,59.0,129.0,218.0,218.0,4,spring,0.23,0.0,66.0
3,2024-04-24 18:00:00+00:00,0.3,0.1,0.3,0.9,0.0,0.0,0.0,19.0,14.0,14.0,14.0,30.0,53.0,52.0,4,spring,0.23,0.0,15.0
3,2024-04-24 19:00:00+00:00,0.0,0.0,0.0,0.0,0.0,0.0,0.5,0.0,0.0,0.0,0.0,0.0,0.0,0.0,4,spring,0.07,0.0,0.0
3,2024-04-24 20:00:00+00:00,0.0,0.0,0.0,0.0,0.0,0.0,0.5,0.0,0.0,0.0,0.0,0.0,0.0,0.0,4,spring,0.07,0.0,0.0
3,2024-04-24 21:00:00+00:00,0.0,0.0,0.0,0.0,0.0,0.0,0.5,0.0,0.0,0.0,0.0,0.0,0.0,0.0,4,spring,0.07,0.0,0.0
3,2024-04-24 22:00:00+00:00,0.0,0.0,0.0,0.0,0.0,0.0,0.1,0.0,0.0,0.0,0.0,0.0,0.0,0.0,4,spring,0.01,0.0,0.0
3,2024-04-24 23:00:00+00:00,0.0,0.0,0.0,0.0,0.0,0.0,0.1,0.0,0.0,0.0,0.0,0.0,0.0,0.0,4,spring,0.01,0.0,0.0
3,2024-04-25 00:00:00+00:00,0.0,0.0,0.0,0.0,0.0,0.0,0.1,0.0,0.0,0.0,0.0,0.0,0.0,0.0,4,spring,0.01,0.0,0.0
3,2024-04-25 01:00:00+00:00,0.0,0.0,0.0,0.0,0.0,0.0,0.0,0.0,0.0,0.0,0.0,0.0,0.0,0.0,4,spring,0.0,0.0,0.0
3,2024-04-25 02:00:00+00:00,0.0,0.0,0.0,0.0,0.0,0.0,0.0,0.0,0.0,0.0,0.0,0.0,0.0,0.0,4,spring,0.0,0.0,0.0
3,2024-04-25 03:00:00+00:00,0.0,0.0,0.0,0.0,0.0,0.0,0.0,0.0,0.0,0.0,0.0,0.0,0.0,0.0,4,spring,0.0,0.0,0.0
3,2024-04-25 04:00:00+00:00,0.0,0.0,0.0,0.0,0.0,0.0,0.0,5.0,5.0,5.0,2.0,4.0,8.0,9.0,4,spring,0.0,0.0,4.0
3,2024-04-25 05:00:00+00:00,0.0,0.0,0.0,0.0,0.0,0.0,0.0,62.999992,65.99999,67.99999,28.0,47.0,89.999985,111.999985,4,spring,0.0,0.0,52.999996
3,2024-04-25 06:00:00+00:00,0.0,0.0,0.0,0.0,0.0,0.0,0.0,196.0,187.0,201.0,88.0,158.0,241.0,283.0,4,spring,0.0,0.0,156.0
3,2024-04-25 07:00:00+00:00,0.0,0.0,0.0,0.0,0.0,0.0,0.1,396.0,348.0,391.0,183.0,338.0,421.0,466.00003,4,spring,0.01,0.1,299.0
3,2024-04-25 08:00:00+00:00,0.0,0.0,0.0,0.0,0.0,0.0,0.1,583.0,504.0,578.0,307.0,524.0,568.0,613.0,4,spring,0.01,0.1,434.0
3,2024-04-25 09:00:00+00:00,0.0,0.0,0.0,0.0,0.0,0.0,0.1,629.0,583.0,673.0,463.0,616.00006,583.0,655.0,4,spring,0.01,0.1,482.0
3,2024-04-25 10:00:00+00:00,0.0,0.1,0.1,0.0,0.1,0.0,0.2,552.0,590.0,681.0,629.0,621.0,484.0,603.0,4,spring,0.07,0.0,452.0
3,2024-04-25 11:00:00+00:00,0.0,0.1,0.1,0.0,0.1,0.0,0.2,477.0,583.0,662.0,737.0,606.0,399.0,535.0,4,spring,0.07,0.0,416.0
3,2024-04-25 12:00:00+00:00,0.0,0.1,0.1,0.0,0.1,0.0,0.2,490.0,608.0,660.0,751.0,623.0,410.0,506.0,4,spring,0.07,0.0,422.0
3,2024-04-25 13:00:00+00:00,0.0,0.0,0.0,0.0,0.0,0.0,0.4,522.0,621.0,639.0,685.0,624.0,454.0,483.0,4,spring,0.06,0.0,431.0
3,2024-04-25 14:00:00+00:00,0.0,0.0,0.0,0.0,0.0,0.0,0.4,489.0,562.0,556.0,555.0,561.0,459.0,431.0,4,spring,0.06,0.0,400.0
3,2024-04-25 15:00:00+00:00,0.0,0.0,0.0,0.0,0.0,0.0,0.4,376.00003,421.00003,409.0,371.0,424.00003,410.00003,347.0,4,spring,0.06,0.0,321.0
3,2024-04-25 16:00:00+00:00,0.0,0.0,0.0,0.2,0.0,0.0,0.4,240.0,260.0,250.0,192.0,268.0,318.0,246.0,4,spring,0.09,0.0,221.0
3,2024-04-25 17:00:00+00:00,0.0,0.0,0.0,0.2,0.0,0.0,0.4,119.99999,126.0,119.99999,76.0,132.0,182.99998,133.0,4,spring,0.09,0.0,117.0
3,2024-04-25 18:00:00+00:00,0.0,0.0,0.0,0.2,0.0,0.0,0.4,29.0,30.000002,28.0,17.0,32.0,45.000004,33.0,4,spring,0.09,0.0,28.0
3,2024-04-25 19:00:00+00:00,0.0,0.0,0.0,0.0,0.0,0.0,0.3,0.0,0.0,0.0,0.0,0.0,0.0,0.0,4,spring,0.04,0.0,0.0
3,2024-04-25 20:00:00+00:00,0.0,0.0,0.0,0.0,0.0,0.0,0.3,0.0,0.0,0.0,0.0,0.0,0.0,0.0,4,spring,0.04,0.0,0.0
3,2024-04-25 21:00:00+00:00,0.0,0.0,0.0,0.0,0.0,0.0,0.3,0.0,0.0,0.0,0.0,0.0,0.0,0.0,4,spring,0.04,0.0,0.0
3,2024-04-25 22:00:00+00:00,0.0,0.0,0.0,0.0,0.0,0.0,0.0,0.0,0.0,0.0,0.0,0.0,0.0,0.0,4,spring,0.0,0.0,0.0
3,2024-04-25 23:00:00+00:00,0.0,0.0,0.0,0.0,0.0,0.0,0.0,0.0,0.0,0.0,0.0,0.0,0.0,0.0,4,spring,0.0,0.0,0.0
3,2024-04-26 00:00:00+00:00,0.0,0.0,0.0,0.0,0.0,0.0,0.0,0.0,0.0,0.0,0.0,0.0,0.0,0.0,4,spring,0.0,0.0,0.0
3,2024-04-26 01:00:00+00:00,0.0,0.0,0.0,0.0,0.0,0.0,0.0,0.0,0.0,0.0,0.0,0.0,0.0,0.0,4,spring,0.0,0.0,0.0
3,2024-04-26 02:00:00+00:00,0.0,0.0,0.0,0.0,0.0,0.0,0.0,0.0,0.0,0.0,0.0,0.0,0.0,0.0,4,spring,0.0,0.0,0.0
3,2024-04-26 03:00:00+00:00,0.0,0.0,0.0,0.0,0.0,0.0,0.0,0.0,0.0,0.0,0.0,0.0,0.0,0.0,4,spring,0.0,0.0,0.0
3,2024-04-26 04:00:00+00:00,0.0,0.0,0.0,0.0,0.0,0.0,0.0,7.0,6.0,6.0,6.0,6.0,14.0,13.0,4,spring,0.0,0.0,6.0
3,2024-04-26 05:00:00+00:00,0.0,0.0,0.0,0.0,0.0,0.0,0.0,69.00001,67.00001,69.00001,66.00001,63.000004,141.00002,132.00002,4,spring,0.0,0.0,69.00001
3,2024-04-26 06:00:00+00:00,0.0,0.0,0.0,0.0,0.0,0.0,0.0,196.00002,194.0,197.0,187.0,187.0,335.0,316.00003,4,spring,0.0,0.0,198.0
3,2024-04-26 07:00:00+00:00,0.1,0.1,0.0,0.0,0.0,0.0,0.0,372.0,375.0,377.0,354.0,370.0,520.00006,495.0,4,spring,0.03,0.0,379.0
3,2024-04-26 08:00:00+00:00,0.1,0.1,0.0,0.0,0.0,0.0,0.0,553.00006,562.0,565.0,533.0,565.0,677.0,656.0,4,spring,0.03,0.0,566.0
3,2024-04-26 09:00:00+00:00,0.1,0.1,0.0,0.0,0.0,0.0,0.0,677.0,691.0,702.0,675.0,709.0,783.0,787.0,4,spring,0.03,0.0,691.0
3,2024-04-26 10:00:00+00:00,0.0,0.0,0.0,0.0,0.0,0.0,0.0,739.0,756.0,781.0,771.0,792.0,834.0,880.0,4,spring,0.0,0.1,750.0
3,2024-04-26 11:00:00+00:00,0.0,0.0,0.0,0.0,0.0,0.0,0.0,761.0,781.0,813.0,819.0,815.0,851.0,923.0,4,spring,0.0,0.1,767.0
3,2024-04-26 12:00:00+00:00,0.0,0.0,0.0,0.0,0.0,0.0,0.0,765.0,788.0,811.0,821.0,783.0,850.0,911.0,4,spring,0.0,0.1,767.0
3,2024-04-26 13:00:00+00:00,0.0,0.0,0.0,0.0,0.0,0.0,0.0,727.0,752.0,759.0,768.0,693.0,814.0,846.0,4,spring,0.0,0.0,726.0
3,2024-04-26 14:00:00+00:00,0.0,0.0,0.0,0.0,0.0,0.0,0.0,620.0,646.0,641.0,653.0,554.0,726.0,736.0,4,spring,0.0,0.0,616.0
3,2024-04-26 15:00:00+00:00,0.0,0.0,0.0,0.0,0.0,0.0,0.0,443.0,470.0,458.0,481.0,375.0,587.0,589.0,4,spring,0.0,0.0,439.0
3,2024-04-26 16:00:00+00:00,0.0,0.0,0.0,0.0,0.1,0.0,0.0,258.0,283.0,270.0,298.0,205.0,414.99994,414.99994,4,spring,0.01,0.0,254.99998
3,2024-04-26 17:00:00+00:00,0.0,0.0,0.0,0.0,0.1,0.0,0.0,119.0,134.0,125.0,145.0,88.0,225.0,225.0,4,spring,0.01,0.0,117.0
3,2024-04-26 18:00:00+00:00,0.0,0.0,0.0,0.0,0.1,0.0,0.0,27.999996,31.999996,29.999996,34.999996,20.0,55.999992,55.999992,4,spring,0.01,0.0,27.999996
3,2024-04-26 19:00:00+00:00,0.0,0.0,0.0,0.0,0.0,0.0,0.0,0.0,0.0,0.0,0.0,0.0,0.0,0.0,4,spring,0.0,0.0,0.0
3,2024-04-26 20:00:00+00:00,0.0,0.0,0.0,0.0,0.0,0.0,0.0,0.0,0.0,0.0,0.0,0.0,0.0,0.0,4,spring,0.0,0.0,0.0
3,2024-04-26 21:00:00+00:00,0.0,0.0,0.0,0.0,0.0,0.0,0.0,0.0,0.0,0.0,0.0,0.0,0.0,0.0,4,spring,0.0,0.0,0.0
3,2024-04-26 22:00:00+00:00,0.0,0.0,0.0,0.0,0.0,0.0,0.0,0.0,0.0,0.0,0.0,0.0,0.0,0.0,4,spring,0.0,0.0,0.0
3,2024-04-26 23:00:00+00:00,0.0,0.0,0.0,0.0,0.0,0.0,0.0,0.0,0.0,0.0,0.0,0.0,0.0,0.0,4,spring,0.0,0.0,0.0
3,2024-04-27 00:00:00+00:00,0.0,0.0,0.0,0.0,0.0,0.0,0.0,0.0,0.0,0.0,0.0,0.0,0.0,0.0,4,spring,0.0,0.0,0.0
3,2024-04-27 01:00:00+00:00,0.0,0.0,0.0,0.0,0.0,0.0,0.0,0.0,0.0,0.0,0.0,0.0,0.0,0.0,4,spring,0.0,0.0,0.0
3,2024-04-27 02:00:00+00:00,0.0,0.0,0.0,0.0,0.0,0.0,0.0,0.0,0.0,0.0,0.0,0.0,0.0,0.0,4,spring,0.0,0.0,0.0
3,2024-04-27 03:00:00+00:00,0.0,0.0,0.0,0.0,0.0,0.0,0.0,0.0,0.0,0.0,0.0,0.0,0.0,0.0,4,spring,0.0,0.0,0.0
3,2024-04-27 04:00:00+00:00,0.0,0.0,0.0,0.0,0.0,0.0,0.0,8.0,8.0,8.0,8.0,8.0,16.0,15.0,4,spring,0.0,0.0,8.0
3,2024-04-27 05:00:00+00:00,0.0,0.0,0.0,0.0,0.0,0.0,0.0,74.0,72.0,73.0,73.0,72.0,146.0,131.0,4,spring,0.0,0.0,72.0
3,2024-04-27 06:00:00+00:00,0.0,0.0,0.0,0.0,0.0,0.0,0.0,206.0,204.0,204.99998,204.99998,202.0,340.99997,309.0,4,spring,0.0,0.0,204.99998
3,2024-04-27 07:00:00+00:00,0.0,0.0,0.0,0.0,0.0,0.0,0.0,391.0,389.0,388.0,390.0,387.0,528.0,485.00003,4,spring,0.0,0.0,392.0
3,2024-04-27 08:00:00+00:00,0.0,0.0,0.0,0.0,0.0,0.0,0.0,586.00006,585.0,580.99994,583.0,580.99994,680.0,647.0,4,spring,0.0,0.0,582.0
3,2024-04-27 09:00:00+00:00,0.0,0.0,0.0,0.0,0.0,0.0,0.0,730.0,730.0,726.0,728.0,726.0,754.0,781.0,4,spring,0.0,0.0,700.0
3,2024-04-27 10:00:00+00:00,0.0,0.0,0.0,0.0,0.0,0.1,0.0,817.0,817.0,814.0,813.0,811.0,755.0,878.0,4,spring,0.01,0.0,745.0
3,2024-04-27 11:00:00+00:00,0.0,0.0,0.0,0.0,0.0,0.1,0.0,850.0,850.0,848.0,846.0,843.0,740.0,926.0,4,spring,0.01,0.0,755.0
3,2024-04-27 12:00:00+00:00,0.0,0.0,0.0,0.0,0.0,0.1,0.0,835.0,837.0,835.0,835.0,831.0,751.0,914.0,4,spring,0.01,0.0,763.0
3,2024-04-27 13:00:00+00:00,0.0,0.0,0.0,0.0,0.0,0.0,0.0,765.0,768.0,766.0,768.0,764.0,751.0,849.0,4,spring,0.0,0.0,737.0
3,2024-04-27 14:00:00+00:00,0.0,0.0,0.0,0.0,0.0,0.0,0.0,641.0,645.0,642.0,642.0,636.0,694.0,738.0,4,spring,0.0,0.0,642.0
3,2024-04-27 15:00:00+00:00,0.0,0.0,0.0,0.0,0.0,0.0,0.0,470.0,472.0,468.0,461.0,449.0,573.0,592.0,4,spring,0.0,0.0,474.0
3,2024-04-27 16:00:00+00:00,0.0,0.0,0.0,0.0,0.0,0.0,0.0,292.0,293.0,289.0,276.0,262.0,412.0,418.0,4,spring,0.0,0.0,293.0
3,2024-04-27 17:00:00+00:00,0.0,0.0,0.0,0.0,0.0,0.0,0.0,144.0,144.0,141.0,131.0,121.0,228.00003,228.00003,4,spring,0.0,0.0,143.0
3,2024-04-27 18:00:00+00:00,0.0,0.0,0.0,0.0,0.0,0.0,0.0,34.999996,34.999996,34.999996,31.999998,28.999998,57.999992,57.999992,4,spring,0.0,0.0,34.999996
3,2024-04-27 19:00:00+00:00,0.0,0.0,0.0,0.0,0.0,0.0,0.0,0.0,0.0,0.0,0.0,0.0,0.0,0.0,4,spring,0.0,0.0,0.0
3,2024-04-27 20:00:00+00:00,0.0,0.0,0.0,0.0,0.0,0.0,0.0,0.0,0.0,0.0,0.0,0.0,0.0,0.0,4,spring,0.0,0.0,0.0
3,2024-04-27 21:00:00+00:00,0.0,0.0,0.0,0.0,0.0,0.0,0.0,0.0,0.0,0.0,0.0,0.0,0.0,0.0,4,spring,0.0,0.0,0.0
3,2024-04-27 22:00:00+00:00,0.0,0.0,0.0,0.0,0.0,0.0,0.0,0.0,0.0,0.0,0.0,0.0,0.0,0.0,4,spring,0.0,0.0,0.0
3,2024-04-27 23:00:00+00:00,0.0,0.0,0.0,0.0,0.0,0.0,0.0,0.0,0.0,0.0,0.0,0.0,0.0,0.0,4,spring,0.0,0.0,0.0
3,2024-04-28 00:00:00+00:00,0.0,0.0,0.0,0.0,0.0,0.0,0.0,0.0,0.0,0.0,0.0,0.0,0.0,0.0,4,spring,0.0,0.0,0.0
3,2024-04-28 01:00:00+00:00,0.0,0.0,0.0,0.0,0.0,0.0,0.0,0.0,0.0,0.0,0.0,0.0,0.0,0.0,4,spring,0.0,0.0,0.0
3,2024-04-28 02:00:00+00:00,0.0,0.0,0.0,0.0,0.0,0.0,0.0,0.0,0.0,0.0,0.0,0.0,0.0,0.0,4,spring,0.0,0.0,0.0
3,2024-04-28 03:00:00+00:00,0.0,0.0,0.0,0.0,0.0,0.0,0.0,0.0,0.0,0.0,0.0,0.0,0.0,0.0,4,spring,0.0,0.0,0.0
3,2024-04-28 04:00:00+00:00,0.0,0.0,0.0,0.0,0.0,0.0,0.0,9.000001,9.000001,9.000001,9.000001,9.000001,19.000004,19.000004,4,spring,0.0,0.0,9.000001
3,2024-04-28 05:00:00+00:00,0.0,0.0,0.0,0.0,0.0,0.0,0.0,78.00001,77.00001,77.00001,77.00001,76.00001,150.00003,150.00003,4,spring,0.0,0.0,78.00001
3,2024-04-28 06:00:00+00:00,0.0,0.0,0.0,0.0,0.0,0.0,0.0,211.00002,210.00003,210.00003,210.00003,208.00002,344.00006,343.00006,4,spring,0.0,0.0,211.00002
3,2024-04-28 07:00:00+00:00,0.0,0.0,0.0,0.0,0.0,0.0,0.0,396.0,394.0,393.0,394.0,393.0,528.0,525.0,4,spring,0.0,0.0,396.0
3,2024-04-28 08:00:00+00:00,0.0,0.0,0.0,0.0,0.0,0.0,0.0,589.0,586.0,585.0,586.0,585.0,684.0,684.0,4,spring,0.0,0.0,589.0
3,2024-04-28 09:00:00+00:00,0.0,0.0,0.0,0.0,0.0,0.0,0.0,733.0,730.0,729.0,730.0,730.0,787.0,809.0,4,spring,0.0,0.0,733.0
3,2024-04-28 10:00:00+00:00,0.0,0.0,0.0,0.0,0.0,0.0,0.0,820.0,816.0,815.0,816.0,817.0,835.0,893.0,4,spring,0.0,0.0,820.0
3,2024-04-28 11:00:00+00:00,0.0,0.0,0.0,0.0,0.0,0.0,0.0,854.0,850.0,848.0,849.0,851.0,850.0,929.0,4,spring,0.0,0.0,854.0
3,2024-04-28 12:00:00+00:00,0.0,0.0,0.0,0.0,0.0,0.0,0.0,841.0,838.0,836.0,836.0,838.0,849.0,914.0,4,spring,0.0,0.0,841.0
3,2024-04-28 13:00:00+00:00,0.0,0.0,0.0,0.0,0.0,0.0,0.0,773.0,771.0,769.0,769.0,771.0,815.0,850.0,4,spring,0.0,0.0,773.0
3,2024-04-28 14:00:00+00:00,0.0,0.0,0.0,0.0,0.0,0.0,0.0,650.0,649.0,647.0,647.0,649.0,729.0,741.0,4,spring,0.0,0.0,650.0
3,2024-04-28 15:00:00+00:00,0.0,0.0,0.0,0.0,0.0,0.0,0.0,478.0,478.0,475.0,476.0,479.0,591.0,595.0,4,spring,0.0,0.0,478.0
3,2024-04-28 16:00:00+00:00,0.0,0.0,0.0,0.0,0.0,0.0,0.0,299.0,299.0,296.0,298.0,300.0,421.00003,422.00003,4,spring,0.0,0.0,299.0
3,2024-04-28 17:00:00+00:00,0.0,0.0,0.0,0.0,0.0,0.0,0.0,149.0,149.0,147.0,148.0,150.00002,232.00003,232.00003,4,spring,0.0,0.0,149.0
3,2024-04-28 18:00:00+00:00,0.0,0.0,0.0,0.0,0.0,0.0,0.0,37.000004,37.000004,37.000004,37.000004,37.000004,60.000004,60.000004,4,spring,0.0,0.0,37.000004
3,2024-04-28 19:00:00+00:00,0.0,0.0,0.0,0.0,0.0,0.0,0.0,0.0,0.0,0.0,0.0,0.0,0.0,0.0,4,spring,0.0,0.0,0.0
3,2024-04-28 20:00:00+00:00,0.0,0.0,0.0,0.0,0.0,0.0,0.0,0.0,0.0,0.0,0.0,0.0,0.0,0.0,4,spring,0.0,0.0,0.0
3,2024-04-28 21:00:00+00:00,0.0,0.0,0.0,0.0,0.0,0.0,0.0,0.0,0.0,0.0,0.0,0.0,0.0,0.0,4,spring,0.0,0.0,0.0
3,2024-04-28 22:00:00+00:00,0.0,0.0,0.0,0.0,0.0,0.0,0.0,0.0,0.0,0.0,0.0,0.0,0.0,0.0,4,spring,0.0,0.0,0.0
3,2024-04-28 23:00:00+00:00,0.0,0.0,0.0,0.0,0.0,0.0,0.0,0.0,0.0,0.0,0.0,0.0,0.0,0.0,4,spring,0.0,0.0,0.0
3,2024-04-29 00:00:00+00:00,0.0,0.0,0.0,0.0,0.0,0.0,0.0,0.0,0.0,0.0,0.0,0.0,0.0,0.0,4,spring,0.0,0.0,0.0
3,2024-04-29 01:00:00+00:00,0.0,0.0,0.0,0.0,0.0,0.0,0.0,0.0,0.0,0.0,0.0,0.0,0.0,0.0,4,spring,0.0,0.0,0.0
3,2024-04-29 02:00:00+00:00,0.0,0.0,0.0,0.0,0.0,0.0,0.0,0.0,0.0,0.0,0.0,0.0,0.0,0.0,4,spring,0.0,0.0,0.0
3,2024-04-29 03:00:00+00:00,0.0,0.0,0.0,0.0,0.0,0.0,0.0,0.0,0.0,0.0,0.0,0.0,0.0,0.0,4,spring,0.0,0.0,0.0
3,2024-04-29 04:00:00+00:00,0.0,0.0,0.0,0.0,0.0,0.0,0.0,10.999998,10.999998,10.999998,10.999998,10.999998,20.999994,20.999994,4,spring,0.0,0.0,10.999998
3,2024-04-29 05:00:00+00:00,0.0,0.0,0.0,0.0,0.0,0.0,0.0,81.0,81.0,81.0,81.0,82.0,155.0,155.0,4,spring,0.0,0.0,82.0
3,2024-04-29 06:00:00+00:00,0.0,0.0,0.0,0.0,0.0,0.0,0.0,217.0,216.0,217.0,216.0,218.00002,348.0,347.0,4,spring,0.0,0.0,219.0
3,2024-04-29 07:00:00+00:00,0.0,0.0,0.0,0.0,0.0,0.0,0.0,404.00003,402.00003,402.00003,401.00003,404.00003,531.00006,528.0,4,spring,0.0,0.0,406.00003
3,2024-04-29 08:00:00+00:00,0.0,0.0,0.0,0.0,0.0,0.0,0.0,598.0,595.0,594.0,593.0,597.0,687.0,687.0,4,spring,0.0,0.0,601.0
3,2024-04-29 09:00:00+00:00,0.0,0.0,0.0,0.0,0.0,0.0,0.0,742.0,739.0,732.0,733.0,739.0,791.0,812.0,4,spring,0.0,0.0,744.0
3,2024-04-29 10:00:00+00:00,0.0,0.0,0.0,0.0,0.0,0.0,0.0,828.0,826.0,811.0,814.0,822.0,841.0,895.0,4,spring,0.0,0.0,829.0
3,2024-04-29 11:00:00+00:00,0.0,0.0,0.0,0.0,0.0,0.0,0.0,861.0,860.0,839.0,845.0,854.0,856.0,931.0,4,spring,0.0,0.0,861.0
3,2024-04-29 12:00:00+00:00,0.0,0.0,0.0,0.0,0.0,0.0,0.0,848.0,849.0,826.0,834.0,841.0,854.0,916.0,4,spring,0.0,0.0,848.0
3,2024-04-29 13:00:00+00:00,0.0,0.0,0.0,0.0,0.0,0.0,0.0,780.0,783.0,761.0,770.0,774.0,819.0,852.0,4,spring,0.0,0.0,781.0
3,2024-04-29 14:00:00+00:00,0.0,0.0,0.0,0.0,0.0,0.0,0.0,658.0,661.0,644.00006,652.0,653.0,732.0,744.0,4,spring,0.0,0.0,659.0
3,2024-04-29 15:00:00+00:00,0.0,0.0,0.0,0.0,0.0,0.0,0.0,487.0,490.0,478.0,483.0,483.0,594.0,598.0,4,spring,0.0,0.0,487.99997
3,2024-04-29 16:00:00+00:00,0.0,0.0,0.0,0.0,0.0,0.0,0.0,306.99997,308.99997,303.99997,305.0,305.0,422.99997,423.99994,4,spring,0.0,0.0,306.99997
3,2024-04-29 17:00:00+00:00,0.0,0.0,0.0,0.0,0.0,0.0,0.0,154.99998,155.99998,154.0,154.0,154.0,235.99997,235.99997,4,spring,0.0,0.0,154.99998
3,2024-04-29 18:00:00+00:00,0.0,0.0,0.0,0.0,0.0,0.0,0.0,39.0,40.0,39.0,39.0,39.0,61.0,61.0,4,spring,0.0,0.0,39.0
3,2024-04-29 19:00:00+00:00,0.0,0.0,0.0,0.0,0.0,0.0,0.0,0.0,0.0,0.0,0.0,0.0,0.0,0.0,4,spring,0.0,0.0,0.0
3,2024-04-29 20:00:00+00:00,0.0,0.0,0.0,0.0,0.0,0.0,0.0,0.0,0.0,0.0,0.0,0.0,0.0,0.0,4,spring,0.0,0.0,0.0
3,2024-04-29 21:00:00+00:00,0.0,0.0,0.0,0.0,0.0,0.0,0.0,0.0,0.0,0.0,0.0,0.0,0.0,0.0,4,spring,0.0,0.0,0.0
3,2024-04-29 22:00:00+00:00,0.0,0.0,0.0,0.0,0.0,0.0,0.0,0.0,0.0,0.0,0.0,0.0,0.0,0.0,4,spring,0.0,0.0,0.0
3,2024-04-29 23:00:00+00:00,0.0,0.0,0.0,0.0,0.0,0.0,0.0,0.0,0.0,0.0,0.0,0.0,0.0,0.0,4,spring,0.0,0.0,0.0
3,2024-04-30 00:00:00+00:00,0.0,0.0,0.0,0.0,0.0,0.0,0.0,0.0,0.0,0.0,0.0,0.0,0.0,0.0,4,spring,0.0,0.0,0.0
3,2024-04-30 01:00:00+00:00,0.0,0.0,0.0,0.0,0.0,0.0,0.0,0.0,0.0,0.0,0.0,0.0,0.0,0.0,4,spring,0.0,0.0,0.0
3,2024-04-30 02:00:00+00:00,0.0,0.0,0.0,0.0,0.0,0.0,0.0,0.0,0.0,0.0,0.0,0.0,0.0,0.0,4,spring,0.0,0.0,0.0
3,2024-04-30 03:00:00+00:00,0.0,0.0,0.0,0.0,0.0,0.0,0.0,0.0,0.0,0.0,0.0,0.0,0.0,0.0,4,spring,0.0,0.0,0.0
3,2024-04-30 04:00:00+00:00,0.0,0.0,0.0,0.0,0.0,0.0,0.0,11.999998,11.999998,11.999998,11.999998,11.999998,22.999996,22.999996,4,spring,0.0,0.0,11.999998
3,2024-04-30 05:00:00+00:00,0.0,0.0,0.0,0.0,0.0,0.0,0.0,85.0,87.0,88.0,86.0,86.0,159.0,159.0,4,spring,0.0,0.0,85.0
3,2024-04-30 06:00:00+00:00,0.0,0.0,0.0,0.0,0.0,0.0,0.0,222.00002,227.00002,227.00002,224.00002,223.00002,352.00006,351.00003,4,spring,0.0,0.0,222.00002
3,2024-04-30 07:00:00+00:00,0.0,0.0,0.0,0.0,0.0,0.0,0.0,407.0,415.0,414.0,411.0,410.0,535.0,532.0,4,spring,0.0,0.0,407.0
3,2024-04-30 08:00:00+00:00,0.0,0.0,0.0,0.0,0.0,0.0,0.0,598.0,610.0,608.0,605.0,604.0,690.0,690.0,4,spring,0.0,0.0,598.0
3,2024-04-30 09:00:00+00:00,0.0,0.0,0.0,0.0,0.0,0.0,0.0,739.0,754.0,754.0,750.0,748.0,795.0,815.0,4,spring,0.0,0.0,736.0
3,2024-04-30 10:00:00+00:00,0.0,0.0,0.0,0.0,0.0,0.0,0.0,823.0,841.0,845.0,838.0,836.0,846.0,898.0,4,spring,0.0,0.0,814.0
3,2024-04-30 11:00:00+00:00,0.0,0.0,0.0,0.0,0.0,0.0,0.0,848.0,875.0,882.0,872.0,871.0,862.0,934.0,4,spring,0.0,0.0,842.0
3,2024-04-30 12:00:00+00:00,0.0,0.0,0.0,0.0,0.0,0.0,0.0,814.0,863.0,868.0,859.0,860.0,860.0,919.0,4,spring,0.0,0.0,827.0
3,2024-04-30 13:00:00+00:00,0.0,0.0,0.0,0.0,0.0,0.0,0.0,724.0,798.0,797.0,790.0,793.0,824.0,855.0,4,spring,0.0,0.0,761.0
3,2024-04-30 14:00:00+00:00,0.0,0.0,0.0,0.0,0.0,0.0,0.0,596.0,672.0,672.0,667.0,671.0,736.0,746.0,4,spring,0.0,0.0,642.0
3,2024-04-30 15:00:00+00:00,0.0,0.0,0.0,0.0,0.0,0.0,0.0,440.0,492.0,499.0,495.0,500.0,598.0,601.0,4,spring,0.0,0.0,475.0
3,2024-04-30 16:00:00+00:00,0.0,0.0,0.0,0.0,0.0,0.0,0.0,281.0,305.0,317.0,314.0,319.0,427.0,428.0,4,spring,0.0,0.0,300.0
3,2024-04-30 17:00:00+00:00,0.0,0.0,0.0,0.0,0.0,0.0,0.0,144.0,152.0,162.0,160.0,163.0,238.99998,238.99998,4,spring,0.0,0.0,152.99998
3,2024-04-30 18:00:00+00:00,0.0,0.0,0.0,0.0,0.0,0.0,0.0,36.999996,38.999992,41.999992,40.999992,41.999992,62.99999,62.99999,4,spring,0.0,0.0,38.999992
3,2024-04-30 19:00:00+00:00,0.0,0.0,0.0,0.0,0.0,0.0,0.0,0.0,0.0,0.0,0.0,0.0,0.0,0.0,4,spring,0.0,0.0,0.0
3,2024-04-30 20:00:00+00:00,0.0,0.0,0.0,0.0,0.0,0.0,0.0,0.0,0.0,0.0,0.0,0.0,0.0,0.0,4,spring,0.0,0.0,0.0
3,2024-04-30 21:00:00+00:00,0.0,0.0,0.0,0.0,0.0,0.0,0.0,0.0,0.0,0.0,0.0,0.0,0.0,0.0,4,spring,0.0,0.0,0.0
3,2024-04-30 22:00:00+00:00,0.0,0.0,0.0,0.0,0.0,0.0,0.0,0.0,0.0,0.0,0.0,0.0,0.0,0.0,4,spring,0.0,0.0,0.0
3,2024-04-30 23:00:00+00:00,0.0,0.0,0.0,0.0,0.0,0.0,0.0,0.0,0.0,0.0,0.0,0.0,0.0,0.0,4,spring,0.0,0.0,0.0
3,2024-05-01 00:00:00+00:00,0.0,0.0,0.0,0.0,0.0,0.0,0.0,0.0,0.0,0.0,0.0,0.0,0.0,0.0,5,spring,0.0,0.0,0.0
3,2024-05-01 01:00:00+00:00,0.0,0.0,0.0,0.0,0.0,0.0,0.0,0.0,0.0,0.0,0.0,0.0,0.0,0.0,5,spring,0.0,0.0,0.0
3,2024-05-01 02:00:00+00:00,0.0,0.0,0.0,0.0,0.0,0.0,0.0,0.0,0.0,0.0,0.0,0.0,0.0,0.0,5,spring,0.0,0.0,0.0
3,2024-05-01 03:00:00+00:00,0.0,0.0,0.0,0.0,0.0,0.0,0.0,0.0,0.0,0.0,0.0,0.0,0.0,0.0,5,spring,0.0,0.0,0.0
3,2024-05-01 04:00:00+00:00,0.0,0.0,0.0,0.0,0.0,0.0,0.0,12.000001,13.000001,13.000001,13.000001,14.000001,21.000002,26.000002,5,spring,0.0,0.0,12.000001
3,2024-05-01 05:00:00+00:00,0.0,0.0,0.0,0.0,0.0,0.0,0.0,81.0,85.0,88.0,90.0,90.0,133.0,163.0,5,spring,0.0,0.0,81.0
3,2024-05-01 06:00:00+00:00,0.0,0.0,0.0,0.0,0.0,0.0,0.0,209.0,218.99998,226.0,228.0,222.0,299.0,353.99997,5,spring,0.0,0.0,211.0
3,2024-05-01 07:00:00+00:00,0.0,0.0,0.0,0.0,0.0,0.0,0.0,381.0,401.0,413.0,414.0,390.0,473.0,535.0,5,spring,0.0,0.0,389.0
3,2024-05-01 08:00:00+00:00,0.0,0.0,0.0,0.0,0.0,0.0,0.0,556.0,586.0,601.0,607.0,558.0,629.0,694.0,5,spring,0.0,0.0,571.0
3,2024-05-01 09:00:00+00:00,0.0,0.0,0.0,0.0,0.0,0.0,0.0,677.0,722.0,727.0,751.0,678.0,730.0,818.0,5,spring,0.0,0.0,699.0
3,2024-05-01 10:00:00+00:00,0.0,0.0,0.0,0.0,0.0,0.0,0.0,738.0,798.0,786.0,840.0,743.0,774.0,901.0,5,spring,0.0,0.0,766.0
3,2024-05-01 11:00:00+00:00,0.0,0.0,0.0,0.0,0.0,0.0,0.0,750.0,803.0,794.0,875.0,749.0,790.0,936.0,5,spring,0.0,0.0,779.0
3,2024-05-01 12:00:00+00:00,0.0,0.0,0.0,0.0,0.0,0.0,0.0,726.0,727.0,764.0,861.0,695.0,798.0,921.0,5,spring,0.0,0.0,748.0
3,2024-05-01 13:00:00+00:00,0.0,0.1,0.3,0.0,0.0,0.0,0.0,656.0,590.0,686.0,791.0,590.0,777.0,857.0,5,spring,0.06,0.0,668.0
3,2024-05-01 14:00:00+00:00,0.0,0.1,0.3,0.0,0.0,0.0,0.0,530.0,442.0,561.0,668.0,465.0,706.0,749.0,5,spring,0.06,0.0,537.0
3,2024-05-01 15:00:00+00:00,0.0,0.1,0.3,0.0,0.0,0.0,0.0,351.0,300.0,394.0,497.0,330.0,583.0,603.0,5,spring,0.06,0.0,360.0
3,2024-05-01 16:00:00+00:00,0.0,0.1,0.0,0.0,0.0,0.0,0.0,181.0,176.0,230.0,318.0,203.0,424.99997,430.99994,5,spring,0.01,0.1,193.0
3,2024-05-01 17:00:00+00:00,0.0,0.1,0.0,0.0,0.0,0.0,0.0,74.0,84.0,108.0,164.0,102.0,243.00002,243.00002,5,spring,0.01,0.1,83.0
3,2024-05-01 18:00:00+00:00,0.0,0.1,0.0,0.0,0.0,0.0,0.0,18.0,21.0,28.0,43.0,26.0,65.0,65.0,5,spring,0.01,0.1,20.0
3,2024-05-01 19:00:00+00:00,0.0,0.1,0.3,0.0,0.0,0.1,0.0,0.0,0.0,0.0,0.0,0.0,0.0,0.0,5,spring,0.07,0.0,0.0
3,2024-05-01 20:00:00+00:00,0.0,0.1,0.3,0.0,0.0,0.1,0.0,0.0,0.0,0.0,0.0,0.0,0.0,0.0,5,spring,0.07,0.0,0.0
3,2024-05-01 21:00:00+00:00,0.0,0.1,0.3,0.0,0.0,0.1,0.0,0.0,0.0,0.0,0.0,0.0,0.0,0.0,5,spring,0.07,0.0,0.0
3,2024-05-01 22:00:00+00:00,0.0,0.5,0.0,0.2,0.0,0.0,0.2,0.0,0.0,0.0,0.0,0.0,0.0,0.0,5,spring,0.13,0.0,0.0
3,2024-05-01 23:00:00+00:00,0.0,0.5,0.0,0.2,0.0,0.0,0.2,0.0,0.0,0.0,0.0,0.0,0.0,0.0,5,spring,0.13,0.0,0.0
3,2024-05-02 00:00:00+00:00,0.0,0.5,0.0,0.2,0.0,0.0,0.2,0.0,0.0,0.0,0.0,0.0,0.0,0.0,5,spring,0.13,0.0,0.0
3,2024-05-02 01:00:00+00:00,0.0,0.0,0.0,1.2,0.0,0.0,0.1,0.0,0.0,0.0,0.0,0.0,0.0,0.0,5,spring,0.19,0.0,0.0
3,2024-05-02 02:00:00+00:00,0.0,0.0,0.0,1.2,0.0,0.0,0.1,0.0,0.0,0.0,0.0,0.0,0.0,0.0,5,spring,0.19,0.0,0.0
3,2024-05-02 03:00:00+00:00,0.0,0.0,0.0,1.2,0.0,0.0,0.1,0.0,0.0,0.0,0.0,0.0,0.0,0.0,5,spring,0.19,0.0,0.0
3,2024-05-02 04:00:00+00:00,0.0,0.0,0.0,0.0,0.0,0.0,0.1,10.0,14.0,12.0,8.0,11.0,23.0,28.0,5,spring,0.01,0.0,13.0
3,2024-05-02 05:00:00+00:00,0.0,0.0,0.0,0.0,0.0,0.0,0.1,64.0,88.00001,74.00001,53.000004,70.00001,141.00003,166.00003,5,spring,0.01,0.0,84.00001
3,2024-05-02 06:00:00+00:00,0.0,0.0,0.0,0.0,0.0,0.0,0.1,170.0,223.0,194.0,140.0,192.0,312.0,355.0,5,spring,0.01,0.0,202.0
3,2024-05-02 07:00:00+00:00,0.0,0.0,0.0,0.0,0.0,0.2,0.1,325.99997,404.99994,365.99997,266.0,375.99994,488.99994,534.99994,5,spring,0.04,0.0,350.99997
3,2024-05-02 08:00:00+00:00,0.0,0.0,0.0,0.0,0.0,0.2,0.1,492.0,588.99994,547.0,416.0,562.0,642.0,693.0,5,spring,0.04,0.0,505.0
3,2024-05-02 09:00:00+00:00,0.0,0.0,0.0,0.0,0.0,0.2,0.1,618.0,718.0,689.0,576.0,671.0,726.0,818.0,5,spring,0.04,0.0,635.0
3,2024-05-02 10:00:00+00:00,0.0,0.0,0.0,0.3,0.7,0.1,0.0,695.0,783.0,777.0,727.0,700.0,744.0,902.0,5,spring,0.16,0.0,730.0
3,2024-05-02 11:00:00+00:00,0.0,0.0,0.0,0.3,0.7,0.1,0.0,721.0,795.0,788.0,801.0,684.0,742.0,938.0,5,spring,0.16,0.0,773.0
3,2024-05-02 12:00:00+00:00,0.0,0.0,0.0,0.3,0.7,0.1,0.0,696.0,762.0,690.0,751.0,646.0,752.0,924.0,5,spring,0.16,0.0,761.0
3,2024-05-02 13:00:00+00:00,0.0,0.0,1.8,0.3,2.1,0.0,0.0,621.0,680.0,525.0,617.0,573.0,745.0,860.0,5,spring,0.6,0.0,691.0
3,2024-05-02 14:00:00+00:00,0.0,0.0,1.8,0.3,2.1,0.0,0.0,500.0,553.0,383.0,467.0,461.0,687.0,751.0,5,spring,0.6,0.0,559.0
3,2024-05-02 15:00:00+00:00,0.0,0.0,1.8,0.3,2.1,0.0,0.0,342.0,387.0,291.0,322.0,313.0,575.0,606.0,5,spring,0.6,0.0,368.0
3,2024-05-02 16:00:00+00:00,0.1,0.7,0.0,0.1,0.1,0.0,0.0,190.0,226.0,210.0,190.0,173.0,424.0,433.0,5,spring,0.14,0.9,186.0
3,2024-05-02 17:00:00+00:00,0.1,0.7,0.0,0.1,0.1,0.0,0.0,85.0,107.0,121.0,92.0,78.0,246.0,246.0,5,spring,0.14,0.9,74.0
3,2024-05-02 18:00:00+00:00,0.1,0.7,0.0,0.1,0.1,0.0,0.0,22.0,28.0,33.0,24.0,20.0,67.00001,66.00001,5,spring,0.14,0.9,18.0
3,2024-05-02 19:00:00+00:00,0.0,2.3,0.0,0.0,0.0,0.0,0.1,0.0,0.0,0.0,0.0,0.0,0.0,0.0,5,spring,0.34,0.4,0.0
3,2024-05-02 20:00:00+00:00,0.0,2.3,0.0,0.0,0.0,0.0,0.1,0.0,0.0,0.0,0.0,0.0,0.0,0.0,5,spring,0.34,0.4,0.0
3,2024-05-02 21:00:00+00:00,0.0,2.3,0.0,0.0,0.0,0.0,0.1,0.0,0.0,0.0,0.0,0.0,0.0,0.0,5,spring,0.34,0.4,0.0
3,2024-05-02 22:00:00+00:00,0.9,1.6,2.5,0.7,0.0,0.0,0.0,0.0,0.0,0.0,0.0,0.0,0.0,0.0,5,spring,0.81,1.0,0.0
3,2024-05-02 23:00:00+00:00,0.9,1.6,2.5,0.7,0.0,0.0,0.0,0.0,0.0,0.0,0.0,0.0,0.0,0.0,5,spring,0.81,1.0,0.0
3,2024-05-03 00:00:00+00:00,0.9,1.6,2.5,0.7,0.0,0.0,0.0,0.0,0.0,0.0,0.0,0.0,0.0,0.0,5,spring,0.81,1.0,0.0
3,2024-05-03 01:00:00+00:00,0.0,0.0,0.0,2.5,0.0,0.0,0.0,0.0,0.0,0.0,0.0,0.0,0.0,0.0,5,spring,0.36,0.4,0.0
3,2024-05-03 02:00:00+00:00,0.0,0.0,0.0,2.5,0.0,0.0,0.0,0.0,0.0,0.0,0.0,0.0,0.0,0.0,5,spring,0.36,0.4,0.0
3,2024-05-03 03:00:00+00:00,0.0,0.0,0.0,2.5,0.0,0.0,0.0,0.0,0.0,0.0,0.0,0.0,0.0,0.0,5,spring,0.36,0.4,0.0
3,2024-05-03 04:00:00+00:00,1.0,0.2,0.6,0.1,3.5,0.0,0.0,3.0,10.0,10.0,6.0,7.0,30.000004,26.000004,5,spring,0.77,0.8,4.0
3,2024-05-03 05:00:00+00:00,1.0,0.2,0.6,0.1,3.5,0.0,0.0,23.0,57.0,62.000004,37.0,48.0,172.00003,150.00002,5,spring,0.77,0.8,23.0
3,2024-05-03 06:00:00+00:00,1.0,0.2,0.6,0.1,3.5,0.0,0.0,81.0,135.0,153.0,90.0,161.0,365.00003,324.00003,5,spring,0.77,0.8,62.0
3,2024-05-03 07:00:00+00:00,0.1,0.0,0.1,0.0,0.0,0.0,0.5,186.0,235.0,272.0,159.0,364.00003,550.00006,501.00006,5,spring,0.1,0.7,121.0
3,2024-05-03 08:00:00+00:00,0.1,0.0,0.1,0.0,0.0,0.0,0.5,287.0,339.0,388.0,232.0,566.0,700.0,665.0,5,spring,0.1,0.7,195.0
3,2024-05-03 09:00:00+00:00,0.1,0.0,0.1,0.0,0.0,0.0,0.5,305.0,436.0,463.0,296.0,634.0,777.0,800.0,5,spring,0.1,0.7,287.0
3,2024-05-03 10:00:00+00:00,0.3,0.0,0.0,0.3,0.0,0.6,0.0,252.0,513.0,492.0,347.0,582.0,784.0,895.0,5,spring,0.17,0.3,382.0
3,2024-05-03 11:00:00+00:00,0.3,0.0,0.0,0.3,0.0,0.6,0.0,204.0,543.0,487.0,373.0,511.0,772.0,940.0,5,spring,0.17,0.3,422.0
3,2024-05-03 12:00:00+00:00,0.3,0.0,0.0,0.3,0.0,0.6,0.0,215.0,505.0,447.0,367.0,490.0,773.0,929.0,5,spring,0.17,0.3,363.0
3,2024-05-03 13:00:00+00:00,0.4,0.0,0.1,0.1,0.0,0.5,0.3,240.0,420.0,379.0,333.0,469.0,760.0,863.0,5,spring,0.2,0.7,250.0
3,2024-05-03 14:00:00+00:00,0.4,0.0,0.1,0.1,0.0,0.5,0.3,221.0,319.0,307.0,282.0,405.0,695.0,754.0,5,spring,0.2,0.7,153.0
3,2024-05-03 15:00:00+00:00,0.4,0.0,0.1,0.1,0.0,0.5,0.3,143.0,213.0,239.0,216.0,288.0,576.0,609.0,5,spring,0.2,0.7,96.0
3,2024-05-03 16:00:00+00:00,0.6,0.3,0.0,0.4,0.1,0.5,0.3,64.0,118.0,169.0,146.0,170.0,422.0,437.0,5,spring,0.31,0.8,56.0
3,2024-05-03 17:00:00+00:00,0.6,0.3,0.0,0.4,0.1,0.5,0.3,20.0,53.0,96.0,79.0,81.0,244.0,249.0,5,spring,0.31,0.8,27.0
3,2024-05-03 18:00:00+00:00,0.6,0.3,0.0,0.4,0.1,0.5,0.3,4.0,14.0,26.0,21.0,21.0,67.0,68.0,5,spring,0.31,0.8,7.0
3,2024-05-03 19:00:00+00:00,0.0,1.0,0.1,0.2,0.2,0.0,0.0,0.0,0.0,0.0,0.0,0.0,0.0,0.0,5,spring,0.21,0.2,0.0
3,2024-05-03 20:00:00+00:00,0.0,1.0,0.1,0.2,0.2,0.0,0.0,0.0,0.0,0.0,0.0,0.0,0.0,0.0,5,spring,0.21,0.2,0.0
3,2024-05-03 21:00:00+00:00,0.0,1.0,0.1,0.2,0.2,0.0,0.0,0.0,0.0,0.0,0.0,0.0,0.0,0.0,5,spring,0.21,0.2,0.0
3,2024-05-03 22:00:00+00:00,0.0,0.1,0.0,0.0,0.0,0.0,0.0,0.0,0.0,0.0,0.0,0.0,0.0,0.0,5,spring,0.01,0.3,0.0
3,2024-05-03 23:00:00+00:00,0.0,0.1,0.0,0.0,0.0,0.0,0.0,0.0,0.0,0.0,0.0,0.0,0.0,0.0,5,spring,0.01,0.3,0.0
3,2024-05-04 00:00:00+00:00,0.0,0.1,0.0,0.0,0.0,0.0,0.0,0.0,0.0,0.0,0.0,0.0,0.0,0.0,5,spring,0.01,0.3,0.0
3,2024-05-04 01:00:00+00:00,0.0,0.0,0.1,0.0,0.0,0.0,0.0,0.0,0.0,0.0,0.0,0.0,0.0,0.0,5,spring,0.01,0.5,0.0
3,2024-05-04 02:00:00+00:00,0.0,0.0,0.1,0.0,0.0,0.0,0.0,0.0,0.0,0.0,0.0,0.0,0.0,0.0,5,spring,0.01,0.5,0.0
3,2024-05-04 03:00:00+00:00,0.0,0.0,0.1,0.0,0.0,0.0,0.0,0.0,0.0,0.0,0.0,0.0,0.0,0.0,5,spring,0.01,0.5,0.0
3,2024-05-04 04:00:00+00:00,0.4,0.3,0.0,0.0,0.4,0.0,0.0,9.0,8.0,12.0,15.0,5.0,32.0,32.0,5,spring,0.16,0.6,14.0
3,2024-05-04 05:00:00+00:00,0.4,0.3,0.0,0.0,0.4,0.0,0.0,52.0,51.0,63.000004,85.0,33.0,176.00003,176.00003,5,spring,0.16,0.6,76.00001
3,2024-05-04 06:00:00+00:00,0.4,0.3,0.0,0.0,0.4,0.0,0.0,158.0,153.0,125.0,203.00002,123.0,375.00006,366.00006,5,spring,0.16,0.6,168.00002
3,2024-05-04 07:00:00+00:00,0.0,0.0,0.1,0.0,0.0,0.0,0.0,334.0,322.0,176.0,357.99997,296.0,573.99994,546.0,5,spring,0.01,0.1,269.0
3,2024-05-04 08:00:00+00:00,0.0,0.0,0.1,0.0,0.0,0.0,0.0,515.0,493.0,239.0,512.0,477.0,703.0,703.0,5,spring,0.01,0.1,374.0
3,2024-05-04 09:00:00+00:00,0.0,0.0,0.1,0.0,0.0,0.0,0.0,600.0,565.0,356.0,623.0,553.0,654.0,830.0,5,spring,0.01,0.1,478.0
3,2024-05-04 10:00:00+00:00,0.0,0.0,0.0,0.1,0.0,0.1,0.0,598.0,546.0,509.0,682.0,535.0,460.0,916.0,5,spring,0.03,0.0,570.0
3,2024-05-04 11:00:00+00:00,0.0,0.0,0.0,0.1,0.0,0.1,0.0,588.0,509.0,622.0,686.0,516.0,288.0,942.0,5,spring,0.03,0.0,618.0
3,2024-05-04 12:00:00+00:00,0.0,0.0,0.0,0.1,0.0,0.1,0.0,629.0,491.0,653.0,631.0,562.0,254.0,897.0,5,spring,0.03,0.0,598.0
3,2024-05-04 13:00:00+00:00,0.0,0.0,0.0,1.2,0.0,0.3,0.5,662.0,466.0,621.0,528.0,606.0,282.0,796.0,5,spring,0.29,0.0,529.0
3,2024-05-04 14:00:00+00:00,0.0,0.0,0.0,1.2,0.0,0.3,0.5,616.0,421.0,539.0,412.0,570.0,285.0,662.0,5,spring,0.29,0.0,447.0
3,2024-05-04 15:00:00+00:00,0.0,0.0,0.0,1.2,0.0,0.3,0.5,477.0,357.0,414.0,293.0,438.0,241.0,507.0,5,spring,0.29,0.0,364.0
3,2024-05-04 16:00:00+00:00,0.0,0.0,0.0,0.7,0.2,0.3,0.5,310.0,272.0,273.0,183.0,280.0,180.0,344.0,5,spring,0.24,0.0,268.0
3,2024-05-04 17:00:00+00:00,0.0,0.0,0.0,0.7,0.2,0.3,0.5,164.0,163.0,146.0,94.0,145.0,106.0,189.0,5,spring,0.24,0.0,157.0
3,2024-05-04 18:00:00+00:00,0.0,0.0,0.0,0.7,0.2,0.3,0.5,44.999996,45.999992,39.999996,25.0,38.999996,29.999998,51.999992,5,spring,0.24,0.0,43.999996
3,2024-05-04 19:00:00+00:00,0.0,0.0,0.0,0.0,0.0,0.5,1.2,0.0,0.0,0.0,0.0,0.0,0.0,0.0,5,spring,0.24,0.0,0.0
3,2024-05-04 20:00:00+00:00,0.0,0.0,0.0,0.0,0.0,0.5,1.2,0.0,0.0,0.0,0.0,0.0,0.0,0.0,5,spring,0.24,0.0,0.0
3,2024-05-04 21:00:00+00:00,0.0,0.0,0.0,0.0,0.0,0.5,1.2,0.0,0.0,0.0,0.0,0.0,0.0,0.0,5,spring,0.24,0.0,0.0
3,2024-05-04 22:00:00+00:00,0.0,0.0,0.0,0.0,0.0,0.0,0.0,0.0,0.0,0.0,0.0,0.0,0.0,0.0,5,spring,0.0,0.0,0.0
3,2024-05-04 23:00:00+00:00,0.0,0.0,0.0,0.0,0.0,0.0,0.0,0.0,0.0,0.0,0.0,0.0,0.0,0.0,5,spring,0.0,0.0,0.0
3,2024-05-05 00:00:00+00:00,0.0,0.0,0.0,0.0,0.0,0.0,0.0,0.0,0.0,0.0,0.0,0.0,0.0,0.0,5,spring,0.0,0.0,0.0
3,2024-05-05 01:00:00+00:00,0.0,0.0,0.0,0.0,0.0,0.0,0.0,0.0,0.0,0.0,0.0,0.0,0.0,0.0,5,spring,0.0,0.0,0.0
3,2024-05-05 02:00:00+00:00,0.0,0.0,0.0,0.0,0.0,0.0,0.0,0.0,0.0,0.0,0.0,0.0,0.0,0.0,5,spring,0.0,0.0,0.0
3,2024-05-05 03:00:00+00:00,0.0,0.0,0.0,0.0,0.0,0.0,0.0,0.0,0.0,0.0,0.0,0.0,0.0,0.0,5,spring,0.0,0.0,0.0
3,2024-05-05 04:00:00+00:00,0.0,0.0,0.0,0.0,0.0,0.0,0.0,18.0,18.0,17.0,18.0,14.0,34.0,34.0,5,spring,0.0,0.0,18.0
3,2024-05-05 05:00:00+00:00,0.0,0.0,0.0,0.0,0.0,0.0,0.0,99.99999,100.99999,95.99999,96.99999,76.99999,178.99997,178.99997,5,spring,0.0,0.0,99.99999
3,2024-05-05 06:00:00+00:00,0.0,0.0,0.0,0.0,0.0,0.0,0.0,238.00002,239.00003,232.00003,230.00002,183.00002,372.00006,369.00003,5,spring,0.0,0.0,238.00002
3,2024-05-05 07:00:00+00:00,0.0,0.0,0.0,0.0,0.0,0.0,0.8,419.99994,423.0,415.99997,401.99997,321.0,556.99994,549.0,5,spring,0.11,0.0,419.99994
3,2024-05-05 08:00:00+00:00,0.0,0.0,0.0,0.0,0.0,0.0,0.8,604.0,607.0,603.0,576.0,467.0,705.0,705.0,5,spring,0.11,0.0,603.0
3,2024-05-05 09:00:00+00:00,0.0,0.0,0.0,0.0,0.0,0.0,0.8,740.0,740.0,736.0,707.0,590.0,775.0,829.0,5,spring,0.11,0.0,737.0
3,2024-05-05 10:00:00+00:00,0.0,0.0,0.0,0.0,0.1,0.0,0.0,819.0,814.0,807.0,786.0,680.0,770.0,911.0,5,spring,0.01,0.0,812.0
3,2024-05-05 11:00:00+00:00,0.0,0.0,0.0,0.0,0.1,0.0,0.0,847.0,836.0,824.0,801.0,728.0,744.0,945.0,5,spring,0.01,0.0,832.0
3,2024-05-05 12:00:00+00:00,0.0,0.0,0.0,0.0,0.1,0.0,0.0,829.0,810.0,793.0,745.0,728.0,734.0,930.0,5,spring,0.01,0.0,800.0
3,2024-05-05 13:00:00+00:00,0.0,0.0,0.0,0.6,0.0,1.3,0.0,760.0,735.0,711.0,632.0,679.0,712.0,866.0,5,spring,0.27,0.0,716.0
3,2024-05-05 14:00:00+00:00,0.0,0.0,0.0,0.6,0.0,1.3,0.0,640.0,614.0,585.0,496.0,578.0,645.0,759.0,5,spring,0.27,0.0,594.0
3,2024-05-05 15:00:00+00:00,0.0,0.0,0.0,0.6,0.0,1.3,0.0,477.0,455.0,425.0,349.0,431.0,531.0,614.0,5,spring,0.27,0.0,442.0
3,2024-05-05 16:00:00+00:00,0.0,0.0,0.0,0.1,0.0,1.3,0.0,306.0,290.0,263.0,212.0,274.0,388.0,442.00003,5,spring,0.2,0.0,286.0
3,2024-05-05 17:00:00+00:00,0.0,0.0,0.0,0.1,0.0,1.3,0.0,161.0,152.0,135.0,106.0,143.0,226.0,255.0,5,spring,0.2,0.0,152.0
3,2024-05-05 18:00:00+00:00,0.0,0.0,0.0,0.1,0.0,1.3,0.0,43.999996,41.999996,36.0,28.0,39.0,62.999992,71.99999,5,spring,0.2,0.0,41.999996
3,2024-05-05 19:00:00+00:00,0.0,0.0,0.0,0.0,0.0,0.0,0.0,0.0,0.0,0.0,0.0,0.0,0.0,0.0,5,spring,0.0,0.0,0.0
3,2024-05-05 20:00:00+00:00,0.0,0.0,0.0,0.0,0.0,0.0,0.0,0.0,0.0,0.0,0.0,0.0,0.0,0.0,5,spring,0.0,0.0,0.0
3,2024-05-05 21:00:00+00:00,0.0,0.0,0.0,0.0,0.0,0.0,0.0,0.0,0.0,0.0,0.0,0.0,0.0,0.0,5,spring,0.0,0.0,0.0
3,2024-05-05 22:00:00+00:00,0.0,0.0,0.0,0.0,0.0,0.0,0.0,0.0,0.0,0.0,0.0,0.0,0.0,0.0,5,spring,0.0,0.0,0.0
3,2024-05-05 23:00:00+00:00,0.0,0.0,0.0,0.0,0.0,0.0,0.0,0.0,0.0,0.0,0.0,0.0,0.0,0.0,5,spring,0.0,0.0,0.0
3,2024-05-06 00:00:00+00:00,0.0,0.0,0.0,0.0,0.0,0.0,0.0,0.0,0.0,0.0,0.0,0.0,0.0,0.0,5,spring,0.0,0.0,0.0
3,2024-05-06 01:00:00+00:00,0.0,0.0,0.0,0.0,0.0,0.0,0.0,0.0,0.0,0.0,0.0,0.0,0.0,0.0,5,spring,0.0,0.0,0.0
3,2024-05-06 02:00:00+00:00,0.0,0.0,0.0,0.0,0.0,0.0,0.0,0.0,0.0,0.0,0.0,0.0,0.0,0.0,5,spring,0.0,0.0,0.0
3,2024-05-06 03:00:00+00:00,0.0,0.0,0.0,0.0,0.0,0.0,0.0,0.0,0.0,0.0,0.0,0.0,0.0,0.0,5,spring,0.0,0.0,0.0
3,2024-05-06 04:00:00+00:00,0.0,0.0,0.0,0.0,0.0,0.0,0.0,20.000004,20.000004,20.000004,19.000002,18.000002,36.000008,36.000008,5,spring,0.0,0.0,20.000004
3,2024-05-06 05:00:00+00:00,0.0,0.0,0.0,0.0,0.0,0.0,0.0,104.0,103.0,104.0,100.0,96.0,184.0,184.0,5,spring,0.0,0.0,104.0
3,2024-05-06 06:00:00+00:00,0.0,0.0,0.0,0.0,0.0,0.0,0.0,245.0,237.0,242.00002,236.00002,229.00002,375.00003,373.00003,5,spring,0.0,0.0,245.0
3,2024-05-06 07:00:00+00:00,0.0,0.0,0.0,0.0,0.0,0.0,0.0,428.0,408.0,424.0,419.0,406.0,557.0,552.0,5,spring,0.0,0.0,431.0
3,2024-05-06 08:00:00+00:00,0.0,0.0,0.0,0.0,0.0,0.0,0.0,610.00006,573.00006,607.99994,601.0,584.00006,708.0,708.0,5,spring,0.0,0.0,604.0
3,2024-05-06 09:00:00+00:00,0.0,0.0,0.0,0.0,0.0,0.0,0.0,744.0,679.0,750.0,731.0,703.0,794.0,831.0,5,spring,0.0,0.0,685.0
3,2024-05-06 10:00:00+00:00,0.0,0.0,0.0,0.0,0.0,0.0,0.7,817.0,722.0,839.0,798.0,761.0,818.0,913.0,5,spring,0.1,0.0,679.0
3,2024-05-06 11:00:00+00:00,0.0,0.0,0.0,0.0,0.0,0.0,0.7,814.0,708.0,861.0,796.0,778.0,816.0,947.0,5,spring,0.1,0.0,643.0
3,2024-05-06 12:00:00+00:00,0.0,0.0,0.0,0.0,0.0,0.0,0.7,711.0,636.0,804.0,706.0,773.0,816.0,932.0,5,spring,0.1,0.0,613.0
3,2024-05-06 13:00:00+00:00,0.0,0.0,0.0,0.0,0.0,0.0,0.1,546.0,521.0,686.0,560.0,727.0,795.0,869.0,5,spring,0.01,0.0,565.0
3,2024-05-06 14:00:00+00:00,0.0,0.0,0.0,0.0,0.0,0.0,0.1,404.0,406.0,550.0,428.0,624.0,723.0,761.0,5,spring,0.01,0.0,486.0
3,2024-05-06 15:00:00+00:00,0.0,0.0,0.0,0.0,0.0,0.0,0.1,311.0,309.0,412.0,333.0,464.0,598.0,615.99994,5,spring,0.01,0.0,376.0
3,2024-05-06 16:00:00+00:00,0.0,0.0,0.0,0.0,0.2,0.0,0.1,229.0,217.0,276.0,243.0,294.0,440.0,445.0,5,spring,0.04,0.0,257.0
3,2024-05-06 17:00:00+00:00,0.0,0.0,0.0,0.0,0.2,0.0,0.1,136.0,124.00001,151.00002,144.0,153.0,258.00003,258.00003,5,spring,0.04,0.0,144.0
3,2024-05-06 18:00:00+00:00,0.0,0.0,0.0,0.0,0.2,0.0,0.1,38.0,35.0,42.0,41.0,42.0,73.0,73.0,5,spring,0.04,0.0,40.0
3,2024-05-06 19:00:00+00:00,0.0,0.0,0.0,0.0,0.4,0.0,0.0,0.0,0.0,0.0,0.0,0.0,0.0,0.0,5,spring,0.06,0.0,0.0
3,2024-05-06 20:00:00+00:00,0.0,0.0,0.0,0.0,0.4,0.0,0.0,0.0,0.0,0.0,0.0,0.0,0.0,0.0,5,spring,0.06,0.0,0.0
3,2024-05-06 21:00:00+00:00,0.0,0.0,0.0,0.0,0.4,0.0,0.0,0.0,0.0,0.0,0.0,0.0,0.0,0.0,5,spring,0.06,0.0,0.0
3,2024-05-06 22:00:00+00:00,0.0,0.0,0.0,0.0,0.0,0.0,0.0,0.0,0.0,0.0,0.0,0.0,0.0,0.0,5,spring,0.0,0.0,0.0
3,2024-05-06 23:00:00+00:00,0.0,0.0,0.0,0.0,0.0,0.0,0.0,0.0,0.0,0.0,0.0,0.0,0.0,0.0,5,spring,0.0,0.0,0.0
3,2024-05-07 00:00:00+00:00,0.0,0.0,0.0,0.0,0.0,0.0,0.0,0.0,0.0,0.0,0.0,0.0,0.0,0.0,5,spring,0.0,0.0,0.0
3,2024-05-07 01:00:00+00:00,0.0,0.0,0.0,0.0,0.0,0.0,0.0,0.0,0.0,0.0,0.0,0.0,0.0,0.0,5,spring,0.0,0.0,0.0
3,2024-05-07 02:00:00+00:00,0.0,0.0,0.0,0.0,0.0,0.0,0.0,0.0,0.0,0.0,0.0,0.0,0.0,0.0,5,spring,0.0,0.0,0.0
3,2024-05-07 03:00:00+00:00,0.0,0.0,0.0,0.0,0.0,0.0,0.0,0.0,0.0,0.0,0.0,0.0,0.0,0.0,5,spring,0.0,0.0,0.0
3,2024-05-07 04:00:00+00:00,0.0,0.0,0.0,0.0,0.0,0.0,0.0,15.0,12.0,20.0,20.0,17.0,38.000004,38.000004,5,spring,0.0,0.0,18.0
3,2024-05-07 05:00:00+00:00,0.0,0.0,0.0,0.0,0.0,0.0,0.0,78.0,64.0,100.00001,102.0,87.0,187.00002,187.00002,5,spring,0.0,0.0,90.0
3,2024-05-07 06:00:00+00:00,0.0,0.0,0.0,0.0,0.0,0.0,0.0,175.0,164.0,213.0,234.0,211.0,381.0,376.00003,5,spring,0.0,0.0,212.0
3,2024-05-07 07:00:00+00:00,0.0,0.0,0.0,0.0,0.0,0.0,0.0,296.0,317.0,340.0,405.0,387.0,569.0,555.0,5,spring,0.0,0.0,374.0
3,2024-05-07 08:00:00+00:00,0.0,0.0,0.0,0.0,0.0,0.0,0.0,431.0,482.0,461.0,574.0,572.0,711.0,711.0,5,spring,0.0,0.0,539.0
3,2024-05-07 09:00:00+00:00,0.0,0.0,0.0,0.0,0.0,0.0,0.0,578.0,619.0,553.0,692.0,721.0,744.0,834.0,5,spring,0.0,0.0,664.0
3,2024-05-07 10:00:00+00:00,0.0,0.1,0.1,0.0,0.0,0.1,0.1,717.0,714.0,611.0,754.0,821.0,683.0,915.0,5,spring,0.06,0.5,739.0
3,2024-05-07 11:00:00+00:00,0.0,0.1,0.1,0.0,0.0,0.1,0.1,776.0,742.0,644.0,765.0,845.0,626.0,949.0,5,spring,0.06,0.5,756.0
3,2024-05-07 12:00:00+00:00,0.0,0.1,0.1,0.0,0.0,0.1,0.1,709.0,684.0,668.0,735.0,767.0,637.0,934.0,5,spring,0.06,0.5,712.0
3,2024-05-07 13:00:00+00:00,0.1,0.1,0.0,0.4,0.0,0.1,0.1,562.0,563.0,659.0,659.0,622.0,664.0,871.0,5,spring,0.11,1.2,614.0
3,2024-05-07 14:00:00+00:00,0.1,0.1,0.0,0.4,0.0,0.1,0.1,405.0,421.0,578.0,536.0,476.0,642.0,763.0,5,spring,0.11,1.2,480.0
3,2024-05-07 15:00:00+00:00,0.1,0.1,0.0,0.4,0.0,0.1,0.1,262.0,273.0,419.0,370.0,352.0,558.0,619.0,5,spring,0.11,1.2,318.0
3,2024-05-07 16:00:00+00:00,0.1,0.0,0.0,0.1,0.1,0.1,0.1,141.0,144.0,248.0,210.0,238.0,429.99997,448.0,5,spring,0.07,0.0,169.0
3,2024-05-07 17:00:00+00:00,0.1,0.0,0.0,0.1,0.1,0.1,0.1,63.0,62.0,122.0,99.0,133.0,262.0,262.0,5,spring,0.07,0.0,74.0
3,2024-05-07 18:00:00+00:00,0.1,0.0,0.0,0.1,0.1,0.1,0.1,16.0,16.0,33.000004,26.000002,37.000004,76.000015,75.000015,5,spring,0.07,0.0,19.0
3,2024-05-07 19:00:00+00:00,0.0,0.4,0.2,0.2,0.2,0.0,0.0,0.0,0.0,0.0,0.0,0.0,0.0,0.0,5,spring,0.14,0.2,0.0
3,2024-05-07 20:00:00+00:00,0.0,0.4,0.2,0.2,0.2,0.0,0.0,0.0,0.0,0.0,0.0,0.0,0.0,0.0,5,spring,0.14,0.2,0.0
3,2024-05-07 21:00:00+00:00,0.0,0.4,0.2,0.2,0.2,0.0,0.0,0.0,0.0,0.0,0.0,0.0,0.0,0.0,5,spring,0.14,0.2,0.0
3,2024-05-07 22:00:00+00:00,0.0,0.3,0.2,1.1,1.3,0.3,0.0,0.0,0.0,0.0,0.0,0.0,0.0,0.0,5,spring,0.46,0.0,0.0
3,2024-05-07 23:00:00+00:00,0.0,0.3,0.2,1.1,1.3,0.3,0.0,0.0,0.0,0.0,0.0,0.0,0.0,0.0,5,spring,0.46,0.0,0.0
3,2024-05-08 00:00:00+00:00,0.0,0.3,0.2,1.1,1.3,0.3,0.0,0.0,0.0,0.0,0.0,0.0,0.0,0.0,5,spring,0.46,0.0,0.0
3,2024-05-08 01:00:00+00:00,0.0,0.0,0.2,0.0,0.1,0.6,0.2,0.0,0.0,0.0,0.0,0.0,0.0,0.0,5,spring,0.16,0.1,0.0
3,2024-05-08 02:00:00+00:00,0.0,0.0,0.2,0.0,0.1,0.6,0.2,0.0,0.0,0.0,0.0,0.0,0.0,0.0,5,spring,0.16,0.1,0.0
3,2024-05-08 03:00:00+00:00,0.0,0.0,0.2,0.0,0.1,0.6,0.2,0.0,0.0,0.0,0.0,0.0,0.0,0.0,5,spring,0.16,0.1,0.0
3,2024-05-08 04:00:00+00:00,0.0,0.0,0.0,0.0,0.0,0.6,0.2,19.000002,16.0,19.000002,21.000002,18.000002,17.0,34.000008,5,spring,0.11,0.2,19.000002
3,2024-05-08 05:00:00+00:00,0.0,0.0,0.0,0.0,0.0,0.6,0.2,94.0,82.0,96.0,106.0,85.0,87.0,166.0,5,spring,0.11,0.2,93.0
3,2024-05-08 06:00:00+00:00,0.0,0.0,0.0,0.0,0.0,0.6,0.2,207.0,197.0,216.0,242.0,166.0,205.0,338.0,5,spring,0.11,0.2,183.0
3,2024-05-08 07:00:00+00:00,0.1,0.1,0.1,0.1,0.1,0.2,0.2,347.0,356.0,371.0,417.99997,244.0,365.0,512.99994,5,spring,0.13,0.1,265.0
3,2024-05-08 08:00:00+00:00,0.1,0.1,0.1,0.1,0.1,0.2,0.2,482.0,516.0,514.0,587.0,335.0,521.0,675.0,5,spring,0.13,0.1,348.0
3,2024-05-08 09:00:00+00:00,0.1,0.1,0.1,0.1,0.1,0.2,0.2,579.0,618.0,585.0,684.0,488.0,603.0,809.0,5,spring,0.13,0.1,452.0
3,2024-05-08 10:00:00+00:00,0.2,0.1,0.4,0.0,0.2,0.2,0.0,630.0,660.0,588.0,709.0,671.0,618.0,905.0,5,spring,0.16,0.0,562.0
3,2024-05-08 11:00:00+00:00,0.2,0.1,0.4,0.0,0.2,0.2,0.0,636.0,660.0,563.0,693.0,767.0,624.0,951.0,5,spring,0.16,0.0,632.0
3,2024-05-08 12:00:00+00:00,0.2,0.1,0.4,0.0,0.2,0.2,0.0,590.0,628.0,531.0,656.0,690.0,656.0,940.0,5,spring,0.16,0.0,636.0
3,2024-05-08 13:00:00+00:00,0.7,0.1,1.4,0.1,1.1,0.6,0.1,505.0,561.0,481.0,588.0,519.0,677.0,874.0,5,spring,0.59,0.1,589.0
3,2024-05-08 14:00:00+00:00,0.7,0.1,1.4,0.1,1.1,0.6,0.1,413.0,472.0,414.0,493.0,367.0,647.0,765.0,5,spring,0.59,0.1,506.0
3,2024-05-08 15:00:00+00:00,0.7,0.1,1.4,0.1,1.1,0.6,0.1,324.0,370.0,332.0,376.0,268.0,562.0,621.0,5,spring,0.59,0.1,396.0
3,2024-05-08 16:00:00+00:00,0.3,0.3,0.2,0.1,0.3,0.6,0.1,232.99998,259.99997,239.99998,253.99998,186.0,432.99994,449.99997,5,spring,0.27,0.1,273.0
3,2024-05-08 17:00:00+00:00,0.3,0.3,0.2,0.1,0.3,0.6,0.1,136.0,149.0,141.0,141.0,106.0,265.00003,265.00003,5,spring,0.27,0.1,154.0
3,2024-05-08 18:00:00+00:00,0.3,0.3,0.2,0.1,0.3,0.6,0.1,39.0,42.999996,41.0,40.0,30.0,77.99999,76.99999,5,spring,0.27,0.1,43.999996
3,2024-05-08 19:00:00+00:00,0.0,0.0,0.2,0.0,1.4,0.0,0.1,0.0,0.0,0.0,0.0,0.0,0.0,0.0,5,spring,0.24,0.0,0.0
3,2024-05-08 20:00:00+00:00,0.0,0.0,0.2,0.0,1.4,0.0,0.1,0.0,0.0,0.0,0.0,0.0,0.0,0.0,5,spring,0.24,0.0,0.0
3,2024-05-08 21:00:00+00:00,0.0,0.0,0.2,0.0,1.4,0.0,0.1,0.0,0.0,0.0,0.0,0.0,0.0,0.0,5,spring,0.24,0.0,0.0
3,2024-05-08 22:00:00+00:00,0.0,0.0,0.0,0.0,0.1,0.0,0.0,0.0,0.0,0.0,0.0,0.0,0.0,0.0,5,spring,0.01,0.0,0.0
3,2024-05-08 23:00:00+00:00,0.0,0.0,0.0,0.0,0.1,0.0,0.0,0.0,0.0,0.0,0.0,0.0,0.0,0.0,5,spring,0.01,0.0,0.0
3,2024-05-09 00:00:00+00:00,0.0,0.0,0.0,0.0,0.1,0.0,0.0,0.0,0.0,0.0,0.0,0.0,0.0,0.0,5,spring,0.01,0.0,0.0
3,2024-05-09 01:00:00+00:00,0.0,0.0,0.0,0.0,1.4,0.0,0.0,0.0,0.0,0.0,0.0,0.0,0.0,0.0,5,spring,0.2,0.0,0.0
3,2024-05-09 02:00:00+00:00,0.0,0.0,0.0,0.0,1.4,0.0,0.0,0.0,0.0,0.0,0.0,0.0,0.0,0.0,5,spring,0.2,0.0,0.0
3,2024-05-09 03:00:00+00:00,0.0,0.0,0.0,0.0,1.4,0.0,0.0,0.0,0.0,0.0,0.0,0.0,0.0,0.0,5,spring,0.2,0.0,0.0
3,2024-05-09 04:00:00+00:00,0.0,0.0,0.0,0.0,0.8,0.0,0.0,20.0,23.000002,17.0,22.0,8.0,37.000004,18.0,5,spring,0.11,0.0,19.0
3,2024-05-09 05:00:00+00:00,0.0,0.0,0.0,0.0,0.8,0.0,0.0,95.0,109.0,83.0,107.0,42.0,171.0,87.0,5,spring,0.11,0.0,92.0
3,2024-05-09 06:00:00+00:00,0.0,0.0,0.0,0.0,0.8,0.0,0.0,208.0,243.0,193.0,244.0,116.0,347.0,180.0,5,spring,0.11,0.0,195.0
3,2024-05-09 07:00:00+00:00,0.0,0.0,0.0,0.0,0.2,0.0,0.2,346.0,411.99997,342.0,425.0,241.0,527.0,285.0,5,spring,0.06,0.0,312.0
3,2024-05-09 08:00:00+00:00,0.0,0.0,0.0,0.0,0.2,0.0,0.2,477.0,578.0,491.0,596.0,389.0,677.0,415.0,5,spring,0.06,0.0,420.0
3,2024-05-09 09:00:00+00:00,0.0,0.0,0.0,0.0,0.2,0.0,0.2,556.0,691.0,591.0,691.0,536.0,750.0,601.0,5,spring,0.06,0.0,484.0
3,2024-05-09 10:00:00+00:00,0.1,0.1,0.1,0.4,0.0,0.0,0.0,583.0,749.0,639.0,710.0,664.0,752.0,813.0,5,spring,0.1,0.1,505.0
3,2024-05-09 11:00:00+00:00,0.1,0.1,0.1,0.4,0.0,0.0,0.0,589.0,767.0,661.0,684.0,719.0,740.0,953.0,5,spring,0.1,0.1,518.0
3,2024-05-09 12:00:00+00:00,0.1,0.1,0.1,0.4,0.0,0.0,0.0,597.0,765.0,682.0,632.0,662.0,754.0,957.0,5,spring,0.1,0.1,551.0
3,2024-05-09 13:00:00+00:00,0.0,0.0,0.1,0.9,0.0,0.0,0.0,584.0,723.0,672.0,549.0,530.0,758.0,864.0,5,spring,0.14,0.0,572.0
3,2024-05-09 14:00:00+00:00,0.0,0.0,0.1,0.9,0.0,0.0,0.0,528.0,611.0,591.0,445.0,396.0,707.0,726.0,5,spring,0.14,0.0,534.0
3,2024-05-09 15:00:00+00:00,0.0,0.0,0.1,0.9,0.0,0.0,0.0,426.0,426.0,433.0,326.0,283.0,594.0,564.0,5,spring,0.14,0.0,430.0
3,2024-05-09 16:00:00+00:00,0.0,0.0,0.1,0.4,0.0,0.0,0.0,303.0,239.0,262.0,209.0,181.0,442.0,388.0,5,spring,0.07,0.0,298.0
3,2024-05-09 17:00:00+00:00,0.0,0.0,0.1,0.4,0.0,0.0,0.0,175.00003,111.00001,132.00002,112.00001,97.00001,266.00006,220.00003,5,spring,0.07,0.0,169.00003
3,2024-05-09 18:00:00+00:00,0.0,0.0,0.1,0.4,0.0,0.0,0.0,51.999992,30.999998,38.0,33.0,28.0,79.99999,64.99999,5,spring,0.07,0.0,49.999996
3,2024-05-09 19:00:00+00:00,0.0,0.0,0.0,0.0,0.0,0.0,0.2,0.0,0.0,0.0,0.0,0.0,0.0,0.0,5,spring,0.03,0.0,0.0
3,2024-05-09 20:00:00+00:00,0.0,0.0,0.0,0.0,0.0,0.0,0.2,0.0,0.0,0.0,0.0,0.0,0.0,0.0,5,spring,0.03,0.0,0.0
3,2024-05-09 21:00:00+00:00,0.0,0.0,0.0,0.0,0.0,0.0,0.2,0.0,0.0,0.0,0.0,0.0,0.0,0.0,5,spring,0.03,0.0,0.0
3,2024-05-09 22:00:00+00:00,0.0,0.0,0.0,0.0,0.0,0.4,0.0,0.0,0.0,0.0,0.0,0.0,0.0,0.0,5,spring,0.06,0.0,0.0
3,2024-05-09 23:00:00+00:00,0.0,0.0,0.0,0.0,0.0,0.4,0.0,0.0,0.0,0.0,0.0,0.0,0.0,0.0,5,spring,0.06,0.0,0.0
3,2024-05-10 00:00:00+00:00,0.0,0.0,0.0,0.0,0.0,0.4,0.0,0.0,0.0,0.0,0.0,0.0,0.0,0.0,5,spring,0.06,0.0,0.0
3,2024-05-10 01:00:00+00:00,0.0,0.0,0.0,0.0,0.0,0.1,0.0,0.0,0.0,0.0,0.0,0.0,0.0,0.0,5,spring,0.01,0.0,0.0
3,2024-05-10 02:00:00+00:00,0.0,0.0,0.0,0.0,0.0,0.1,0.0,0.0,0.0,0.0,0.0,0.0,0.0,0.0,5,spring,0.01,0.0,0.0
3,2024-05-10 03:00:00+00:00,0.0,0.0,0.0,0.0,0.0,0.1,0.0,0.0,0.0,0.0,0.0,0.0,0.0,0.0,5,spring,0.01,0.0,0.0
3,2024-05-10 04:00:00+00:00,0.0,0.0,0.0,0.0,0.0,0.1,0.0,24.0,24.0,21.0,17.0,24.0,28.0,16.0,5,spring,0.01,0.0,23.0
3,2024-05-10 05:00:00+00:00,0.0,0.0,0.0,0.0,0.0,0.1,0.0,112.0,112.0,100.0,77.0,114.0,129.0,79.0,5,spring,0.01,0.0,106.0
3,2024-05-10 06:00:00+00:00,0.0,0.0,0.0,0.0,0.0,0.1,0.0,244.00002,250.00002,227.0,150.0,252.0,273.0,184.0,5,spring,0.01,0.0,223.0
3,2024-05-10 07:00:00+00:00,0.0,0.0,0.0,0.1,0.0,0.0,0.0,406.0,427.0,396.0,220.0,427.0,443.0,331.0,5,spring,0.01,0.1,359.0
3,2024-05-10 08:00:00+00:00,0.0,0.0,0.0,0.1,0.0,0.0,0.0,562.0,597.0,564.99994,289.0,593.0,593.0,503.0,5,spring,0.01,0.1,493.0
3,2024-05-10 09:00:00+00:00,0.0,0.0,0.0,0.1,0.0,0.0,0.0,661.0,694.0,674.00006,362.0,689.0,657.0,681.0,5,spring,0.01,0.1,606.0
3,2024-05-10 10:00:00+00:00,0.0,0.1,0.0,0.0,0.0,0.0,0.0,703.0,721.0,722.0,432.0,715.0,644.0,849.0,5,spring,0.01,0.1,688.0
3,2024-05-10 11:00:00+00:00,0.0,0.1,0.0,0.0,0.0,0.0,0.0,712.0,720.0,729.0,489.0,704.0,627.0,955.0,5,spring,0.01,0.1,732.0
3,2024-05-10 12:00:00+00:00,0.0,0.1,0.0,0.0,0.0,0.0,0.0,706.0,724.0,707.0,539.0,681.0,651.0,961.0,5,spring,0.01,0.1,736.0
3,2024-05-10 13:00:00+00:00,0.0,0.0,0.0,0.0,0.0,0.1,0.0,668.0,702.0,647.0,560.0,628.0,674.0,886.0,5,spring,0.01,0.0,695.0
3,2024-05-10 14:00:00+00:00,0.0,0.0,0.0,0.0,0.0,0.1,0.0,585.0,620.0,552.0,513.0,528.0,648.0,769.0,5,spring,0.01,0.0,604.0
3,2024-05-10 15:00:00+00:00,0.0,0.0,0.0,0.0,0.0,0.1,0.0,459.0,472.0,427.0,390.0,381.0,565.0,626.0,5,spring,0.01,0.0,469.0
3,2024-05-10 16:00:00+00:00,0.0,0.0,0.0,0.0,0.0,0.1,0.0,315.0,309.0,292.0,247.0,232.0,437.0,456.0,5,spring,0.01,0.0,318.0
3,2024-05-10 17:00:00+00:00,0.0,0.0,0.0,0.0,0.0,0.1,0.0,178.99998,167.99998,164.99998,130.0,117.99999,270.99994,270.99994,5,spring,0.01,0.0,177.99998
3,2024-05-10 18:00:00+00:00,0.0,0.0,0.0,0.0,0.0,0.1,0.0,54.999992,50.999996,49.999996,39.0,35.0,84.99999,83.99999,5,spring,0.01,0.0,53.999996
3,2024-05-10 19:00:00+00:00,0.0,0.0,0.0,0.0,0.0,0.0,0.2,0.0,0.0,0.0,0.0,0.0,0.0,0.0,5,spring,0.03,0.0,0.0
3,2024-05-10 20:00:00+00:00,0.0,0.0,0.0,0.0,0.0,0.0,0.2,0.0,0.0,0.0,0.0,0.0,0.0,0.0,5,spring,0.03,0.0,0.0
3,2024-05-10 21:00:00+00:00,0.0,0.0,0.0,0.0,0.0,0.0,0.2,0.0,0.0,0.0,0.0,0.0,0.0,0.0,5,spring,0.03,0.0,0.0
3,2024-05-10 22:00:00+00:00,0.0,0.0,0.0,0.0,0.0,0.0,0.0,0.0,0.0,0.0,0.0,0.0,0.0,0.0,5,spring,0.0,0.0,0.0
3,2024-05-10 23:00:00+00:00,0.0,0.0,0.0,0.0,0.0,0.0,0.0,0.0,0.0,0.0,0.0,0.0,0.0,0.0,5,spring,0.0,0.0,0.0
3,2024-05-11 00:00:00+00:00,0.0,0.0,0.0,0.0,0.0,0.0,0.0,0.0,0.0,0.0,0.0,0.0,0.0,0.0,5,spring,0.0,0.0,0.0
3,2024-05-11 01:00:00+00:00,0.0,0.0,0.0,0.0,0.0,0.0,0.0,0.0,0.0,0.0,0.0,0.0,0.0,0.0,5,spring,0.0,0.0,0.0
3,2024-05-11 02:00:00+00:00,0.0,0.0,0.0,0.0,0.0,0.0,0.0,0.0,0.0,0.0,0.0,0.0,0.0,0.0,5,spring,0.0,0.0,0.0
3,2024-05-11 03:00:00+00:00,0.0,0.0,0.0,0.0,0.0,0.0,0.0,0.0,0.0,0.0,0.0,0.0,0.0,0.0,5,spring,0.0,0.0,0.0
3,2024-05-11 04:00:00+00:00,0.0,0.0,0.0,0.0,0.0,0.0,0.0,23.999998,25.999998,25.999998,25.999998,23.0,44.999996,44.999996,5,spring,0.0,0.0,24.999998
3,2024-05-11 05:00:00+00:00,0.0,0.0,0.0,0.0,0.0,0.0,0.0,109.0,119.0,118.0,120.99999,104.99999,200.99998,200.99998,5,spring,0.0,0.0,115.0
3,2024-05-11 06:00:00+00:00,0.0,0.0,0.0,0.0,0.0,0.0,0.0,245.0,261.0,256.0,266.0,239.0,391.99997,388.99997,5,spring,0.0,0.0,254.0
3,2024-05-11 07:00:00+00:00,0.0,0.0,0.0,0.0,0.0,0.0,0.0,425.0,443.0,430.0,454.0,419.0,576.0,566.0,5,spring,0.0,0.0,433.0
3,2024-05-11 08:00:00+00:00,0.0,0.0,0.0,0.0,0.0,0.0,0.0,601.0,619.00006,596.0,625.0,596.0,721.0,721.0,5,spring,0.0,0.0,610.00006
3,2024-05-11 09:00:00+00:00,0.0,0.0,0.0,0.0,0.0,0.0,0.0,711.0,737.0,704.0,704.0,701.99994,779.0,842.0,5,spring,0.0,0.0,736.0
3,2024-05-11 10:00:00+00:00,0.0,0.0,0.0,0.0,0.0,0.0,0.0,752.0,790.0,749.0,696.0,737.0,761.0,923.0,5,spring,0.0,0.0,803.0
3,2024-05-11 11:00:00+00:00,0.0,0.0,0.0,0.0,0.0,0.0,0.0,754.0,792.0,747.0,661.0,736.0,731.0,956.0,5,spring,0.0,0.0,814.0
3,2024-05-11 12:00:00+00:00,0.0,0.0,0.0,0.0,0.0,0.0,0.0,733.0,751.0,705.0,643.0,724.0,737.0,941.0,5,spring,0.0,0.0,766.0
3,2024-05-11 13:00:00+00:00,0.0,0.0,0.0,0.0,0.0,0.0,0.0,677.0,666.0,624.0,609.0,679.0,739.0,878.0,5,spring,0.0,0.0,668.0
3,2024-05-11 14:00:00+00:00,0.0,0.0,0.0,0.0,0.0,0.0,0.0,577.0,552.0,517.0,526.0,584.0,692.0,771.0,5,spring,0.0,0.0,550.0
3,2024-05-11 15:00:00+00:00,0.0,0.0,0.0,0.0,0.0,0.0,0.0,436.0,416.0,391.0,391.0,437.0,589.0,628.0,5,spring,0.0,0.0,424.0
3,2024-05-11 16:00:00+00:00,0.0,0.0,0.0,0.0,0.0,0.0,0.0,288.0,277.0,263.0,248.0,281.0,445.99997,458.0,5,spring,0.0,0.0,295.0
3,2024-05-11 17:00:00+00:00,0.0,0.0,0.0,0.0,0.0,0.0,0.0,158.00002,154.00002,147.00002,132.0,151.00002,274.00006,274.00006,5,spring,0.0,0.0,170.00003
3,2024-05-11 18:00:00+00:00,0.0,0.0,0.0,0.0,0.0,0.0,0.0,49.000004,48.0,46.0,41.0,47.0,88.00001,87.0,5,spring,0.0,0.0,54.0
3,2024-05-11 19:00:00+00:00,0.0,0.0,0.0,0.0,0.0,0.0,0.0,0.0,0.0,0.0,0.0,0.0,0.0,0.0,5,spring,0.0,0.0,0.0
3,2024-05-11 20:00:00+00:00,0.0,0.0,0.0,0.0,0.0,0.0,0.0,0.0,0.0,0.0,0.0,0.0,0.0,0.0,5,spring,0.0,0.0,0.0
3,2024-05-11 21:00:00+00:00,0.0,0.0,0.0,0.0,0.0,0.0,0.0,0.0,0.0,0.0,0.0,0.0,0.0,0.0,5,spring,0.0,0.0,0.0
3,2024-05-11 22:00:00+00:00,0.0,0.0,0.0,0.0,0.0,0.0,0.0,0.0,0.0,0.0,0.0,0.0,0.0,0.0,5,spring,0.0,0.0,0.0
3,2024-05-11 23:00:00+00:00,0.0,0.0,0.0,0.0,0.0,0.0,0.0,0.0,0.0,0.0,0.0,0.0,0.0,0.0,5,spring,0.0,0.0,0.0
3,2024-05-12 00:00:00+00:00,0.0,0.0,0.0,0.0,0.0,0.0,0.0,0.0,0.0,0.0,0.0,0.0,0.0,0.0,5,spring,0.0,0.0,0.0
3,2024-05-12 01:00:00+00:00,0.0,0.0,0.0,0.0,0.0,0.0,0.0,0.0,0.0,0.0,0.0,0.0,0.0,0.0,5,spring,0.0,0.1,0.0
3,2024-05-12 02:00:00+00:00,0.0,0.0,0.0,0.0,0.0,0.0,0.0,0.0,0.0,0.0,0.0,0.0,0.0,0.0,5,spring,0.0,0.1,0.0
3,2024-05-12 03:00:00+00:00,0.0,0.0,0.0,0.0,0.0,0.0,0.0,0.0,0.0,0.0,0.0,0.0,0.0,0.0,5,spring,0.0,0.1,0.0
3,2024-05-12 04:00:00+00:00,0.1,0.0,0.0,0.0,0.0,0.0,0.0,21.0,21.0,19.0,18.0,21.0,46.999996,46.999996,5,spring,0.01,0.0,0.0
3,2024-05-12 05:00:00+00:00,0.1,0.0,0.0,0.0,0.0,0.0,0.0,95.0,97.0,89.0,79.0,98.0,204.0,204.0,5,spring,0.01,0.0,0.0
3,2024-05-12 06:00:00+00:00,0.1,0.0,0.0,0.0,0.0,0.0,0.0,220.0,222.0,210.0,156.0,227.0,394.0,391.0,5,spring,0.01,0.0,77.0
3,2024-05-12 07:00:00+00:00,0.0,0.0,0.0,0.0,0.0,0.0,0.0,396.99997,396.0,380.99997,237.0,407.0,574.99994,567.99994,5,spring,0.0,0.0,266.0
3,2024-05-12 08:00:00+00:00,0.0,0.0,0.0,0.0,0.0,0.0,0.0,575.0,576.0,551.0,327.0,582.0,723.0,723.0,5,spring,0.0,0.0,493.0
3,2024-05-12 09:00:00+00:00,0.0,0.0,0.0,0.0,0.0,0.0,0.0,696.00006,721.0,651.0,436.0,672.0,800.0,844.0,5,spring,0.0,0.0,670.0
3,2024-05-12 10:00:00+00:00,0.1,0.1,0.0,0.2,0.0,0.0,0.0,752.0,818.0,681.0,551.0,683.0,810.0,925.0,5,spring,0.06,0.1,784.0
3,2024-05-12 11:00:00+00:00,0.1,0.1,0.0,0.2,0.0,0.0,0.0,739.0,832.0,669.0,626.0,672.0,801.0,958.0,5,spring,0.06,0.1,824.0
3,2024-05-12 12:00:00+00:00,0.1,0.1,0.0,0.2,0.0,0.0,0.0,636.0,723.0,630.0,629.0,679.0,804.0,943.0,5,spring,0.06,0.1,767.0
3,2024-05-12 13:00:00+00:00,0.3,0.1,0.0,1.9,0.0,0.0,0.0,482.0,544.0,558.0,579.0,667.0,791.0,880.0,5,spring,0.33,0.0,636.0
3,2024-05-12 14:00:00+00:00,0.3,0.1,0.0,1.9,0.0,0.0,0.0,357.0,399.0,471.0,504.0,595.0,727.0,773.0,5,spring,0.33,0.0,501.0
3,2024-05-12 15:00:00+00:00,0.3,0.1,0.0,1.9,0.0,0.0,0.0,287.0,321.0,377.0,415.0,457.0,609.0,630.0,5,spring,0.33,0.0,384.0
3,2024-05-12 16:00:00+00:00,0.2,0.0,0.0,0.2,0.0,0.0,0.0,227.0,253.0,274.0,308.0,301.0,455.0,461.0,5,spring,0.06,0.0,271.0
3,2024-05-12 17:00:00+00:00,0.2,0.0,0.0,0.2,0.0,0.0,0.0,144.0,160.0,164.0,185.99998,166.0,277.0,277.0,5,spring,0.06,0.0,158.0
3,2024-05-12 18:00:00+00:00,0.2,0.0,0.0,0.2,0.0,0.0,0.0,47.000004,53.000008,53.000008,61.00001,53.000008,91.000015,90.000015,5,spring,0.06,0.0,51.000008
3,2024-05-12 19:00:00+00:00,0.0,0.0,0.0,0.0,0.1,0.0,0.4,0.0,0.0,0.0,0.0,0.0,0.0,0.0,5,spring,0.07,0.0,0.0
3,2024-05-12 20:00:00+00:00,0.0,0.0,0.0,0.0,0.1,0.0,0.4,0.0,0.0,0.0,0.0,0.0,0.0,0.0,5,spring,0.07,0.0,0.0
3,2024-05-12 21:00:00+00:00,0.0,0.0,0.0,0.0,0.1,0.0,0.4,0.0,0.0,0.0,0.0,0.0,0.0,0.0,5,spring,0.07,0.0,0.0
3,2024-05-12 22:00:00+00:00,0.0,0.0,0.0,0.0,0.0,0.2,0.0,0.0,0.0,0.0,0.0,0.0,0.0,0.0,5,spring,0.03,0.0,0.0
3,2024-05-12 23:00:00+00:00,0.0,0.0,0.0,0.0,0.0,0.2,0.0,0.0,0.0,0.0,0.0,0.0,0.0,0.0,5,spring,0.03,0.0,0.0
3,2024-05-13 00:00:00+00:00,0.0,0.0,0.0,0.0,0.0,0.2,0.0,0.0,0.0,0.0,0.0,0.0,0.0,0.0,5,spring,0.03,0.0,0.0
3,2024-05-13 01:00:00+00:00,0.0,0.0,0.0,0.0,0.0,0.0,0.0,0.0,0.0,0.0,0.0,0.0,0.0,0.0,5,spring,0.0,0.0,0.0
3,2024-05-13 02:00:00+00:00,0.0,0.0,0.0,0.0,0.0,0.0,0.0,0.0,0.0,0.0,0.0,0.0,0.0,0.0,5,spring,0.0,0.0,0.0
3,2024-05-13 03:00:00+00:00,0.0,0.0,0.0,0.0,0.0,0.0,0.0,0.0,0.0,0.0,0.0,0.0,0.0,0.0,5,spring,0.0,0.0,0.0
3,2024-05-13 04:00:00+00:00,0.0,0.0,0.0,0.0,0.0,0.0,0.0,28.999996,29.999994,28.999996,24.999996,25.999996,47.99999,47.99999,5,spring,0.0,0.0,26.999996
3,2024-05-13 05:00:00+00:00,0.0,0.0,0.0,0.0,0.0,0.0,0.0,128.0,132.0,130.0,113.0,116.0,207.0,207.0,5,spring,0.0,0.0,120.0
3,2024-05-13 06:00:00+00:00,0.0,0.0,0.0,0.0,0.0,0.0,0.0,273.0,281.0,277.0,250.0,253.99998,397.99997,394.0,5,spring,0.0,0.0,263.0
3,2024-05-13 07:00:00+00:00,0.0,0.0,0.0,0.0,0.0,0.1,0.0,455.0,465.99994,460.0,431.99994,436.0,583.99994,570.0,5,spring,0.01,0.0,447.99997
3,2024-05-13 08:00:00+00:00,0.0,0.0,0.0,0.0,0.0,0.1,0.0,636.0,650.0,643.0,616.0,622.0,725.0,725.0,5,spring,0.01,0.0,636.0
3,2024-05-13 09:00:00+00:00,0.0,0.0,0.0,0.0,0.0,0.1,0.0,773.0,786.0,780.0,751.0,767.0,762.0,846.0,5,spring,0.01,0.0,774.0
3,2024-05-13 10:00:00+00:00,0.0,0.0,0.0,0.0,0.0,0.0,0.0,858.0,868.0,865.0,831.0,863.0,711.0,926.0,5,spring,0.0,0.0,858.0
3,2024-05-13 11:00:00+00:00,0.0,0.0,0.0,0.0,0.0,0.0,0.0,892.0,892.0,897.0,858.0,904.0,661.0,960.0,5,spring,0.0,0.0,889.0
3,2024-05-13 12:00:00+00:00,0.0,0.0,0.0,0.0,0.0,0.0,0.0,880.0,858.0,878.0,842.0,891.0,675.0,945.0,5,spring,0.0,0.0,874.0
3,2024-05-13 13:00:00+00:00,0.0,0.0,0.0,0.0,0.0,0.0,0.0,813.0,769.0,805.0,773.0,820.0,701.0,881.0,5,spring,0.0,0.0,805.0
3,2024-05-13 14:00:00+00:00,0.0,0.0,0.0,0.0,0.0,0.0,0.0,687.0,637.0,680.99994,644.0,699.0,674.0,775.0,5,spring,0.0,0.0,680.99994
3,2024-05-13 15:00:00+00:00,0.0,0.0,0.0,0.0,0.0,0.0,0.0,502.0,472.0,510.0,458.0,535.0,583.0,632.0,5,spring,0.0,0.0,506.0
3,2024-05-13 16:00:00+00:00,0.0,0.0,0.0,0.0,0.0,0.0,0.0,313.0,304.0,331.99997,272.0,358.99997,448.99994,463.99994,5,spring,0.0,0.0,323.99997
3,2024-05-13 17:00:00+00:00,0.0,0.0,0.0,0.0,0.0,0.0,0.0,164.0,165.0,182.0,136.0,202.00002,280.00003,280.00003,5,spring,0.0,0.0,175.0
3,2024-05-13 18:00:00+00:00,0.0,0.0,0.0,0.0,0.0,0.0,0.0,53.000004,54.000004,59.000008,43.000004,66.00001,94.000015,93.000015,5,spring,0.0,0.0,57.000008
3,2024-05-13 19:00:00+00:00,0.0,0.0,0.0,0.1,0.0,0.0,0.0,0.0,0.0,0.0,0.0,0.0,0.0,0.0,5,spring,0.01,0.0,0.0
3,2024-05-13 20:00:00+00:00,0.0,0.0,0.0,0.1,0.0,0.0,0.0,0.0,0.0,0.0,0.0,0.0,0.0,0.0,5,spring,0.01,0.0,0.0
3,2024-05-13 21:00:00+00:00,0.0,0.0,0.0,0.1,0.0,0.0,0.0,0.0,0.0,0.0,0.0,0.0,0.0,0.0,5,spring,0.01,0.0,0.0
3,2024-05-13 22:00:00+00:00,0.0,0.0,0.0,0.0,0.0,0.0,0.0,0.0,0.0,0.0,0.0,0.0,0.0,0.0,5,spring,0.0,0.0,0.0
3,2024-05-13 23:00:00+00:00,0.0,0.0,0.0,0.0,0.0,0.0,0.0,0.0,0.0,0.0,0.0,0.0,0.0,0.0,5,spring,0.0,0.0,0.0
3,2024-05-14 00:00:00+00:00,0.0,0.0,0.0,0.0,0.0,0.0,0.0,0.0,0.0,0.0,0.0,0.0,0.0,0.0,5,spring,0.0,0.0,0.0
3,2024-05-14 01:00:00+00:00,0.0,0.0,0.0,0.0,0.0,0.1,0.0,0.0,0.0,0.0,0.0,0.0,0.0,0.0,5,spring,0.01,0.0,0.0
3,2024-05-14 02:00:00+00:00,0.0,0.0,0.0,0.0,0.0,0.1,0.0,0.0,0.0,0.0,0.0,0.0,0.0,0.0,5,spring,0.01,0.0,0.0
3,2024-05-14 03:00:00+00:00,0.0,0.0,0.0,0.0,0.0,0.1,0.0,0.0,0.0,0.0,0.0,0.0,0.0,0.0,5,spring,0.01,0.0,0.0
3,2024-05-14 04:00:00+00:00,0.0,0.0,0.0,0.2,0.0,0.1,0.0,6.0,17.0,26.0,6.0,27.0,43.999996,47.999996,5,spring,0.04,0.2,6.0
3,2024-05-14 05:00:00+00:00,0.0,0.0,0.0,0.2,0.0,0.1,0.0,28.0,77.0,113.0,30.0,118.99999,185.99998,203.99998,5,spring,0.04,0.2,26.0
3,2024-05-14 06:00:00+00:00,0.0,0.0,0.0,0.2,0.0,0.1,0.0,55.0,190.0,250.0,72.0,259.0,358.0,389.0,5,spring,0.04,0.2,55.0
3,2024-05-14 07:00:00+00:00,0.2,0.0,0.0,0.1,0.0,0.4,0.0,87.0,362.0,437.0,136.0,440.0,531.0,569.0,5,spring,0.1,0.2,93.0
3,2024-05-14 08:00:00+00:00,0.2,0.0,0.0,0.1,0.0,0.4,0.0,136.0,532.0,622.0,247.0,576.0,684.0,717.0,5,spring,0.1,0.2,147.0
3,2024-05-14 09:00:00+00:00,0.2,0.0,0.0,0.1,0.0,0.4,0.0,219.0,610.0,746.0,449.0,534.0,793.0,802.0,5,spring,0.1,0.2,220.0
3,2024-05-14 10:00:00+00:00,0.0,0.0,0.0,0.0,0.3,0.0,0.0,328.0,607.0,803.0,709.0,351.0,852.0,822.0,5,spring,0.04,0.0,308.0
3,2024-05-14 11:00:00+00:00,0.0,0.0,0.0,0.0,0.3,0.0,0.0,434.0,595.0,806.0,893.0,200.0,878.0,793.0,5,spring,0.04,0.0,405.0
3,2024-05-14 12:00:00+00:00,0.0,0.0,0.0,0.0,0.3,0.0,0.0,534.0,628.0,761.0,916.0,203.0,880.0,730.0,5,spring,0.04,0.0,520.0
3,2024-05-14 13:00:00+00:00,0.0,0.0,0.0,0.0,0.0,0.0,0.2,600.0,653.0,669.0,829.0,266.0,847.0,633.0,5,spring,0.03,0.2,612.0
3,2024-05-14 14:00:00+00:00,0.0,0.0,0.0,0.0,0.0,0.0,0.2,581.0,609.0,547.0,693.0,278.0,763.0,510.0,5,spring,0.03,0.2,608.0
3,2024-05-14 15:00:00+00:00,0.0,0.0,0.0,0.0,0.0,0.0,0.2,463.0,484.0,407.0,529.0,211.0,630.0,366.0,5,spring,0.03,0.2,490.0
3,2024-05-14 16:00:00+00:00,0.0,0.0,0.0,0.0,0.7,0.0,0.2,310.0,331.0,266.0,354.0,129.0,465.00006,229.0,5,spring,0.13,0.0,329.0
3,2024-05-14 17:00:00+00:00,0.0,0.0,0.0,0.0,0.7,0.0,0.2,172.99998,188.99998,146.99998,198.99997,66.0,282.99997,120.99999,5,spring,0.13,0.0,183.99998
3,2024-05-14 18:00:00+00:00,0.0,0.0,0.0,0.0,0.7,0.0,0.2,58.000008,64.00001,49.000004,67.00001,22.0,97.000015,40.000004,5,spring,0.13,0.0,62.000008
3,2024-05-14 19:00:00+00:00,0.0,0.0,0.0,0.0,0.2,0.0,1.7,0.0,0.0,0.0,0.0,0.0,0.0,0.0,5,spring,0.27,0.0,0.0
3,2024-05-14 20:00:00+00:00,0.0,0.0,0.0,0.0,0.2,0.0,1.7,0.0,0.0,0.0,0.0,0.0,0.0,0.0,5,spring,0.27,0.0,0.0
3,2024-05-14 21:00:00+00:00,0.0,0.0,0.0,0.0,0.2,0.0,1.7,0.0,0.0,0.0,0.0,0.0,0.0,0.0,5,spring,0.27,0.0,0.0
3,2024-05-14 22:00:00+00:00,0.0,0.0,0.0,0.0,0.0,0.0,0.0,0.0,0.0,0.0,0.0,0.0,0.0,0.0,5,spring,0.0,0.0,0.0
3,2024-05-14 23:00:00+00:00,0.0,0.0,0.0,0.0,0.0,0.0,0.0,0.0,0.0,0.0,0.0,0.0,0.0,0.0,5,spring,0.0,0.0,0.0
3,2024-05-15 00:00:00+00:00,0.0,0.0,0.0,0.0,0.0,0.0,0.0,0.0,0.0,0.0,0.0,0.0,0.0,0.0,5,spring,0.0,0.0,0.0
3,2024-05-15 01:00:00+00:00,0.0,0.0,0.0,0.0,0.0,0.0,0.0,0.0,0.0,0.0,0.0,0.0,0.0,0.0,5,spring,0.0,0.0,0.0
3,2024-05-15 02:00:00+00:00,0.0,0.0,0.0,0.0,0.0,0.0,0.0,0.0,0.0,0.0,0.0,0.0,0.0,0.0,5,spring,0.0,0.0,0.0
3,2024-05-15 03:00:00+00:00,0.0,0.0,0.0,0.0,0.0,0.0,0.0,0.0,0.0,0.0,0.0,0.0,0.0,0.0,5,spring,0.0,0.0,0.0
3,2024-05-15 04:00:00+00:00,0.0,0.0,0.0,0.0,0.0,0.0,0.0,30.000002,31.000002,31.000002,30.000002,26.0,51.000008,49.000004,5,spring,0.0,0.0,31.000002
3,2024-05-15 05:00:00+00:00,0.0,0.0,0.0,0.0,0.0,0.0,0.0,130.0,131.0,131.0,130.0,108.99999,212.99997,204.99998,5,spring,0.0,0.0,130.0
3,2024-05-15 06:00:00+00:00,0.0,0.0,0.0,0.0,0.0,0.0,0.0,271.00003,275.00003,270.0,273.0,226.00002,402.00006,387.00003,5,spring,0.0,0.0,252.00003
3,2024-05-15 07:00:00+00:00,0.0,0.0,0.0,0.0,0.0,0.0,0.0,445.0,456.0,440.0,451.0,369.0,582.0,561.0,5,spring,0.0,0.0,381.0
3,2024-05-15 08:00:00+00:00,0.0,0.0,0.0,0.0,0.0,0.0,0.0,616.0,630.0,606.0,626.0,514.0,729.0,716.0,5,spring,0.0,0.0,501.0
3,2024-05-15 09:00:00+00:00,0.0,0.0,0.0,0.0,0.0,0.0,0.0,742.0,742.0,731.0,756.0,637.0,802.0,840.0,5,spring,0.0,0.0,597.0
3,2024-05-15 10:00:00+00:00,0.0,0.0,0.0,0.0,0.0,0.0,0.0,816.0,790.0,808.0,831.0,728.0,809.0,925.0,5,spring,0.0,0.0,663.0
3,2024-05-15 11:00:00+00:00,0.0,0.0,0.0,0.0,0.0,0.0,0.0,838.0,791.0,834.0,841.0,762.0,798.0,963.0,5,spring,0.0,0.0,698.0
3,2024-05-15 12:00:00+00:00,0.0,0.0,0.0,0.0,0.0,0.0,0.0,810.0,761.0,808.0,781.0,723.0,808.0,949.0,5,spring,0.0,0.0,709.0
3,2024-05-15 13:00:00+00:00,0.0,0.0,0.0,0.0,0.0,1.4,0.0,733.0,691.0,731.0,664.0,628.0,805.0,886.0,5,spring,0.2,0.0,684.0
3,2024-05-15 14:00:00+00:00,0.0,0.0,0.0,0.0,0.0,1.4,0.0,617.0,578.0,614.0,518.0,501.0,745.0,779.0,5,spring,0.2,0.0,605.0
3,2024-05-15 15:00:00+00:00,0.0,0.0,0.0,0.0,0.0,1.4,0.0,472.0,426.0,467.0,356.0,353.0,624.0,637.0,5,spring,0.2,0.0,472.0
3,2024-05-15 16:00:00+00:00,0.0,0.0,0.0,0.0,0.1,1.4,0.0,320.0,271.0,312.0,207.0,212.0,465.0,469.0,5,spring,0.21,0.0,321.0
3,2024-05-15 17:00:00+00:00,0.0,0.0,0.0,0.0,0.1,1.4,0.0,182.0,146.0,176.0,102.0,108.0,285.0,285.0,5,spring,0.21,0.0,183.00002
3,2024-05-15 18:00:00+00:00,0.0,0.0,0.0,0.0,0.1,1.4,0.0,62.999996,48.999996,59.999996,33.0,36.0,99.999985,99.999985,5,spring,0.21,0.0,62.999996
3,2024-05-15 19:00:00+00:00,0.0,0.0,0.0,0.2,0.0,0.4,0.0,0.0,0.0,0.0,0.0,0.0,0.0,0.0,5,spring,0.09,0.0,0.0
3,2024-05-15 20:00:00+00:00,0.0,0.0,0.0,0.2,0.0,0.4,0.0,0.0,0.0,0.0,0.0,0.0,0.0,0.0,5,spring,0.09,0.0,0.0
3,2024-05-15 21:00:00+00:00,0.0,0.0,0.0,0.2,0.0,0.4,0.0,0.0,0.0,0.0,0.0,0.0,0.0,0.0,5,spring,0.09,0.0,0.0
3,2024-05-15 22:00:00+00:00,0.2,0.0,0.3,0.0,0.0,0.0,0.0,0.0,0.0,0.0,0.0,0.0,0.0,0.0,5,spring,0.07,0.0,0.0
3,2024-05-15 23:00:00+00:00,0.2,0.0,0.3,0.0,0.0,0.0,0.0,0.0,0.0,0.0,0.0,0.0,0.0,0.0,5,spring,0.07,0.0,0.0
3,2024-05-16 00:00:00+00:00,0.2,0.0,0.3,0.0,0.0,0.0,0.0,0.0,0.0,0.0,0.0,0.0,0.0,0.0,5,spring,0.07,0.0,0.0
3,2024-05-16 01:00:00+00:00,0.0,0.0,0.1,0.0,0.0,0.5,0.0,0.0,0.0,0.0,0.0,0.0,0.0,0.0,5,spring,0.09,0.0,0.0
3,2024-05-16 02:00:00+00:00,0.0,0.0,0.1,0.0,0.0,0.5,0.0,0.0,0.0,0.0,0.0,0.0,0.0,0.0,5,spring,0.09,0.0,0.0
3,2024-05-16 03:00:00+00:00,0.0,0.0,0.1,0.0,0.0,0.5,0.0,0.0,0.0,0.0,0.0,0.0,0.0,0.0,5,spring,0.09,0.0,0.0
3,2024-05-16 04:00:00+00:00,0.0,0.1,0.0,0.0,0.0,0.5,0.0,28.0,25.0,31.0,29.0,29.0,41.0,41.0,5,spring,0.09,0.0,27.0
3,2024-05-16 05:00:00+00:00,0.0,0.1,0.0,0.0,0.0,0.5,0.0,115.000015,105.00001,129.00002,121.000015,122.000015,171.00003,171.00003,5,spring,0.09,0.0,113.000015
3,2024-05-16 06:00:00+00:00,0.0,0.1,0.0,0.0,0.0,0.5,0.0,228.0,219.0,253.0,254.0,244.00002,335.0,329.0,5,spring,0.09,0.0,229.0
3,2024-05-16 07:00:00+00:00,0.0,0.0,0.0,0.0,0.0,0.0,0.0,356.0,363.0,391.0,422.99997,387.0,513.0,494.99997,5,spring,0.0,0.0,369.99997
3,2024-05-16 08:00:00+00:00,0.0,0.0,0.0,0.0,0.0,0.0,0.0,476.0,502.0,527.0,587.0,533.0,663.99994,655.0,5,spring,0.0,0.0,516.0
3,2024-05-16 09:00:00+00:00,0.0,0.0,0.0,0.0,0.0,0.0,0.0,557.0,592.0,650.0,695.0,671.0,726.0,796.0,5,spring,0.0,0.0,648.0
3,2024-05-16 10:00:00+00:00,0.2,0.0,0.0,0.0,0.0,0.0,0.0,598.0,632.0,748.0,746.0,787.0,709.0,906.0,5,spring,0.03,0.0,755.0
3,2024-05-16 11:00:00+00:00,0.2,0.0,0.0,0.0,0.0,0.0,0.0,606.0,648.0,790.0,762.0,843.0,682.0,964.0,5,spring,0.03,0.0,815.0
3,2024-05-16 12:00:00+00:00,0.2,0.0,0.0,0.0,0.0,0.0,0.0,592.0,666.0,760.0,764.0,824.0,690.0,956.0,5,spring,0.03,0.0,819.0
3,2024-05-16 13:00:00+00:00,0.0,0.0,0.0,0.0,0.0,0.8,0.1,548.0,657.0,673.0,729.0,738.0,693.0,890.0,5,spring,0.13,0.1,766.0
3,2024-05-16 14:00:00+00:00,0.0,0.0,0.0,0.0,0.0,0.8,0.1,468.0,581.0,552.0,630.0,594.0,652.0,781.0,5,spring,0.13,0.1,649.0
3,2024-05-16 15:00:00+00:00,0.0,0.0,0.0,0.0,0.0,0.8,0.1,354.0,430.0,410.0,461.0,397.0,559.0,639.0,5,spring,0.13,0.1,470.0
3,2024-05-16 16:00:00+00:00,0.5,0.0,0.0,0.0,0.0,0.8,0.1,233.0,267.0,267.0,283.0,209.0,430.0,471.00003,5,spring,0.2,0.7,285.0
3,2024-05-16 17:00:00+00:00,0.5,0.0,0.0,0.0,0.0,0.8,0.1,130.0,140.0,148.0,148.0,91.0,271.00003,288.00006,5,spring,0.2,0.7,147.00002
3,2024-05-16 18:00:00+00:00,0.5,0.0,0.0,0.0,0.0,0.8,0.1,44.999996,47.999996,50.999996,50.999996,29.0,96.999985,102.999985,5,spring,0.2,0.7,49.999996
3,2024-05-16 19:00:00+00:00,0.2,1.6,0.0,0.0,0.1,0.1,0.0,0.0,0.0,0.0,0.0,0.0,0.0,0.0,5,spring,0.29,0.0,0.0
3,2024-05-16 20:00:00+00:00,0.2,1.6,0.0,0.0,0.1,0.1,0.0,0.0,0.0,0.0,0.0,0.0,0.0,0.0,5,spring,0.29,0.0,0.0
3,2024-05-16 21:00:00+00:00,0.2,1.6,0.0,0.0,0.1,0.1,0.0,0.0,0.0,0.0,0.0,0.0,0.0,0.0,5,spring,0.29,0.0,0.0
3,2024-05-16 22:00:00+00:00,0.2,0.1,0.0,0.0,0.0,0.3,0.0,0.0,0.0,0.0,0.0,0.0,0.0,0.0,5,spring,0.09,0.0,0.0
3,2024-05-16 23:00:00+00:00,0.2,0.1,0.0,0.0,0.0,0.3,0.0,0.0,0.0,0.0,0.0,0.0,0.0,0.0,5,spring,0.09,0.0,0.0
3,2024-05-17 00:00:00+00:00,0.2,0.1,0.0,0.0,0.0,0.3,0.0,0.0,0.0,0.0,0.0,0.0,0.0,0.0,5,spring,0.09,0.0,0.0
3,2024-05-17 01:00:00+00:00,0.3,0.0,0.1,0.0,0.0,2.4,0.0,0.0,0.0,0.0,0.0,0.0,0.0,0.0,5,spring,0.4,0.2,0.0
3,2024-05-17 02:00:00+00:00,0.3,0.0,0.1,0.0,0.0,2.4,0.0,0.0,0.0,0.0,0.0,0.0,0.0,0.0,5,spring,0.4,0.2,0.0
3,2024-05-17 03:00:00+00:00,0.3,0.0,0.1,0.0,0.0,2.4,0.0,0.0,0.0,0.0,0.0,0.0,0.0,0.0,5,spring,0.4,0.2,0.0
3,2024-05-17 04:00:00+00:00,0.0,0.0,0.1,0.0,0.0,2.4,0.0,28.999996,25.999998,30.999996,20.0,20.0,47.999992,53.999992,5,spring,0.36,0.0,27.999998
3,2024-05-17 05:00:00+00:00,0.0,0.0,0.1,0.0,0.0,2.4,0.0,120.0,110.0,127.0,86.0,85.0,196.0,218.99998,5,spring,0.36,0.0,116.0
3,2024-05-17 06:00:00+00:00,0.0,0.0,0.1,0.0,0.0,2.4,0.0,256.0,226.0,264.0,193.0,188.0,369.0,404.0,5,spring,0.36,0.0,247.0
3,2024-05-17 07:00:00+00:00,0.0,0.0,0.0,0.8,0.0,0.2,0.0,433.0,371.0,432.0,344.0,331.0,543.0,579.0,5,spring,0.14,0.0,417.0
3,2024-05-17 08:00:00+00:00,0.0,0.0,0.0,0.8,0.0,0.2,0.0,609.0,515.0,587.0,499.0,492.0,694.0,732.0,5,spring,0.14,0.0,588.0
3,2024-05-17 09:00:00+00:00,0.0,0.0,0.0,0.8,0.0,0.2,0.0,726.0,625.0,665.0,608.0,656.0,794.0,853.0,5,spring,0.14,0.0,710.0
3,2024-05-17 10:00:00+00:00,0.0,0.0,0.3,0.8,0.0,0.0,0.1,782.0,697.0,670.0,667.0,802.0,840.0,932.0,5,spring,0.17,0.0,779.0
3,2024-05-17 11:00:00+00:00,0.0,0.0,0.3,0.8,0.0,0.0,0.1,797.0,728.0,645.0,688.0,866.0,857.0,966.0,5,spring,0.17,0.0,801.0
3,2024-05-17 12:00:00+00:00,0.0,0.0,0.3,0.8,0.0,0.0,0.1,786.0,718.0,612.0,675.0,804.0,863.0,951.0,5,spring,0.17,0.0,781.0
3,2024-05-17 13:00:00+00:00,0.0,0.1,0.1,0.1,0.0,0.0,0.7,733.0,664.0,559.0,624.0,658.0,839.0,889.0,5,spring,0.14,0.0,714.0
3,2024-05-17 14:00:00+00:00,0.0,0.1,0.1,0.1,0.0,0.0,0.7,632.0,573.0,484.0,543.0,498.0,763.0,783.0,5,spring,0.14,0.0,607.0
3,2024-05-17 15:00:00+00:00,0.0,0.1,0.1,0.1,0.0,0.0,0.7,482.0,448.0,391.0,441.0,346.0,634.0,641.0,5,spring,0.14,0.0,466.0
3,2024-05-17 16:00:00+00:00,0.0,0.0,0.3,0.0,1.2,0.0,0.7,322.0,311.0,286.0,322.0,210.0,471.0,473.0,5,spring,0.31,0.0,316.0
3,2024-05-17 17:00:00+00:00,0.0,0.0,0.3,0.0,1.2,0.0,0.7,181.99998,181.99998,173.99998,195.99998,109.0,290.99997,290.99997,5,spring,0.31,0.0,180.99998
3,2024-05-17 18:00:00+00:00,0.0,0.0,0.3,0.0,1.2,0.0,0.7,65.00001,66.00001,63.000008,71.00001,38.0,106.000015,106.000015,5,spring,0.31,0.0,65.00001
3,2024-05-17 19:00:00+00:00,0.0,0.0,0.0,0.0,0.0,0.0,0.0,0.0,0.0,0.0,0.0,0.0,0.0,0.0,5,spring,0.0,0.1,0.0
3,2024-05-17 20:00:00+00:00,0.0,0.0,0.0,0.0,0.0,0.0,0.0,0.0,0.0,0.0,0.0,0.0,0.0,0.0,5,spring,0.0,0.1,0.0
3,2024-05-17 21:00:00+00:00,0.0,0.0,0.0,0.0,0.0,0.0,0.0,0.0,0.0,0.0,0.0,0.0,0.0,0.0,5,spring,0.0,0.1,0.0
3,2024-05-17 22:00:00+00:00,0.0,0.0,0.0,0.0,0.0,0.0,0.0,0.0,0.0,0.0,0.0,0.0,0.0,0.0,5,spring,0.0,0.0,0.0
3,2024-05-17 23:00:00+00:00,0.0,0.0,0.0,0.0,0.0,0.0,0.0,0.0,0.0,0.0,0.0,0.0,0.0,0.0,5,spring,0.0,0.0,0.0
3,2024-05-18 00:00:00+00:00,0.0,0.0,0.0,0.0,0.0,0.0,0.0,0.0,0.0,0.0,0.0,0.0,0.0,0.0,5,spring,0.0,0.0,0.0
3,2024-05-18 01:00:00+00:00,0.0,0.0,0.0,0.0,0.0,0.0,2.8,0.0,0.0,0.0,0.0,0.0,0.0,0.0,5,spring,0.4,0.0,0.0
3,2024-05-18 02:00:00+00:00,0.0,0.0,0.0,0.0,0.0,0.0,2.8,0.0,0.0,0.0,0.0,0.0,0.0,0.0,5,spring,0.4,0.0,0.0
3,2024-05-18 03:00:00+00:00,0.0,0.0,0.0,0.0,0.0,0.0,2.8,0.0,0.0,0.0,0.0,0.0,0.0,0.0,5,spring,0.4,0.0,0.0
3,2024-05-18 04:00:00+00:00,0.0,0.0,0.0,0.0,0.0,0.0,2.8,31.999996,33.999996,32.999996,24.999998,23.999998,55.999992,46.999992,5,spring,0.4,0.0,32.999996
3,2024-05-18 05:00:00+00:00,0.0,0.0,0.0,0.0,0.0,0.0,2.8,130.0,138.0,136.0,106.0,103.0,221.0,186.0,5,spring,0.4,0.0,137.0
3,2024-05-18 06:00:00+00:00,0.0,0.0,0.0,0.0,0.0,0.0,2.8,272.0,284.0,274.0,238.0,238.0,407.99994,351.0,5,spring,0.4,0.0,280.0
3,2024-05-18 07:00:00+00:00,0.0,0.0,0.0,0.0,0.0,0.0,0.1,454.0,464.0,441.0,425.0,435.0,586.0,518.0,5,spring,0.01,0.0,457.0
3,2024-05-18 08:00:00+00:00,0.0,0.0,0.0,0.0,0.0,0.0,0.1,632.0,636.0,605.0,615.0,629.0,734.0,676.0,5,spring,0.01,0.0,628.0
3,2024-05-18 09:00:00+00:00,0.0,0.0,0.0,0.0,0.0,0.0,0.1,755.0,748.0,731.0,739.0,730.0,820.0,812.0,5,spring,0.01,0.0,741.0
3,2024-05-18 10:00:00+00:00,0.0,0.0,0.0,0.0,0.0,0.0,0.1,818.0,797.0,813.0,796.0,745.0,846.0,914.0,5,spring,0.01,0.0,795.0
3,2024-05-18 11:00:00+00:00,0.0,0.0,0.0,0.0,0.0,0.0,0.1,832.0,804.0,845.0,809.0,731.0,847.0,967.0,5,spring,0.01,0.0,806.0
3,2024-05-18 12:00:00+00:00,0.0,0.0,0.0,0.0,0.0,0.0,0.1,801.0,784.0,828.0,795.0,727.0,846.0,958.0,5,spring,0.01,0.0,795.0
3,2024-05-18 13:00:00+00:00,0.0,0.0,0.0,0.0,0.0,0.0,0.0,724.0,725.0,759.99994,738.0,700.0,823.0,893.0,5,spring,0.0,0.0,744.0
3,2024-05-18 14:00:00+00:00,0.0,0.0,0.0,0.0,0.0,0.0,0.0,611.0,622.0,648.0,634.0,620.0,750.0,785.0,5,spring,0.0,0.0,633.0
3,2024-05-18 15:00:00+00:00,0.0,0.0,0.0,0.0,0.0,0.0,0.0,469.0,480.0,498.0,486.0,485.0,628.0,644.0,5,spring,0.0,0.0,461.0
3,2024-05-18 16:00:00+00:00,0.0,0.0,0.0,0.0,0.0,0.0,0.0,320.0,327.0,339.0,327.0,333.0,470.99994,476.0,5,spring,0.0,0.0,284.0
3,2024-05-18 17:00:00+00:00,0.0,0.0,0.0,0.0,0.0,0.0,0.0,184.99998,188.99998,195.0,187.0,192.99998,293.99997,293.99997,5,spring,0.0,0.0,149.0
3,2024-05-18 18:00:00+00:00,0.0,0.0,0.0,0.0,0.0,0.0,0.0,68.0,69.0,71.0,68.0,71.0,109.0,109.0,5,spring,0.0,0.0,53.0
3,2024-05-18 19:00:00+00:00,0.0,0.0,0.0,0.0,0.0,0.0,0.0,1.0,1.0,1.0,1.0,1.0,2.0,2.0,5,spring,0.0,0.0,1.0
3,2024-05-18 20:00:00+00:00,0.0,0.0,0.0,0.0,0.0,0.0,0.0,0.0,0.0,0.0,0.0,0.0,0.0,0.0,5,spring,0.0,0.0,0.0
3,2024-05-18 21:00:00+00:00,0.0,0.0,0.0,0.0,0.0,0.0,0.0,0.0,0.0,0.0,0.0,0.0,0.0,0.0,5,spring,0.0,0.0,0.0
3,2024-05-18 22:00:00+00:00,0.0,0.0,0.0,0.0,0.0,0.0,0.0,0.0,0.0,0.0,0.0,0.0,0.0,0.0,5,spring,0.0,0.0,0.0
3,2024-05-18 23:00:00+00:00,0.0,0.0,0.0,0.0,0.0,0.0,0.0,0.0,0.0,0.0,0.0,0.0,0.0,0.0,5,spring,0.0,0.0,0.0
3,2024-05-19 00:00:00+00:00,0.0,0.0,0.0,0.0,0.0,0.0,0.0,0.0,0.0,0.0,0.0,0.0,0.0,0.0,5,spring,0.0,0.0,0.0
3,2024-05-19 01:00:00+00:00,0.0,0.0,0.0,0.0,0.0,0.0,0.6,0.0,0.0,0.0,0.0,0.0,0.0,0.0,5,spring,0.09,0.0,0.0
3,2024-05-19 02:00:00+00:00,0.0,0.0,0.0,0.0,0.0,0.0,0.6,0.0,0.0,0.0,0.0,0.0,0.0,0.0,5,spring,0.09,0.0,0.0
3,2024-05-19 03:00:00+00:00,0.0,0.0,0.0,0.0,0.0,0.0,0.6,0.0,0.0,0.0,0.0,0.0,0.0,0.0,5,spring,0.09,0.0,0.0
3,2024-05-19 04:00:00+00:00,0.0,0.0,0.0,0.0,0.0,0.0,0.6,33.0,28.0,27.0,28.0,34.0,57.0,38.0,5,spring,0.09,0.0,33.0
3,2024-05-19 05:00:00+00:00,0.0,0.0,0.0,0.0,0.0,0.0,0.6,134.0,108.0,110.0,114.99999,135.0,223.99998,153.0,5,spring,0.09,0.0,135.0
3,2024-05-19 06:00:00+00:00,0.0,0.0,0.0,0.0,0.0,0.0,0.6,264.0,175.0,241.0,244.0,267.0,411.0,295.0,5,spring,0.09,0.0,277.0
3,2024-05-19 07:00:00+00:00,0.0,0.2,0.0,0.0,0.0,0.0,0.4,418.0,208.0,422.0,412.0,423.0,589.0,456.0,5,spring,0.09,0.0,455.0
3,2024-05-19 08:00:00+00:00,0.0,0.2,0.0,0.0,0.0,0.0,0.4,571.0,253.0,589.0,578.0,564.0,736.0,619.0,5,spring,0.09,0.0,624.0
3,2024-05-19 09:00:00+00:00,0.0,0.2,0.0,0.0,0.0,0.0,0.4,706.0,382.0,652.0,693.99994,646.0,816.0,770.0,5,spring,0.09,0.0,724.99994
3,2024-05-19 10:00:00+00:00,0.0,0.1,0.1,0.0,0.0,0.0,0.0,810.0,568.0,623.0,752.0,668.0,833.0,897.0,5,spring,0.03,0.0,759.0
3,2024-05-19 11:00:00+00:00,0.0,0.1,0.1,0.0,0.0,0.0,0.0,855.0,696.0,569.0,751.0,658.0,827.0,969.0,5,spring,0.03,0.0,757.0
3,2024-05-19 12:00:00+00:00,0.0,0.1,0.1,0.0,0.0,0.0,0.0,822.0,696.0,537.0,690.0,639.0,825.0,965.0,5,spring,0.03,0.0,742.0
3,2024-05-19 13:00:00+00:00,0.0,0.0,0.1,0.0,0.0,0.0,0.0,729.0,617.0,496.0,579.0,594.0,804.0,897.0,5,spring,0.01,0.0,696.0
3,2024-05-19 14:00:00+00:00,0.0,0.0,0.1,0.0,0.0,0.0,0.0,606.0,512.0,419.0,454.0,501.0,735.0,787.0,5,spring,0.01,0.0,600.0
3,2024-05-19 15:00:00+00:00,0.0,0.0,0.1,0.0,0.0,0.0,0.0,468.0,396.0,304.0,328.0,356.0,617.0,646.0,5,spring,0.01,0.0,452.0
3,2024-05-19 16:00:00+00:00,0.0,0.0,0.1,0.0,0.0,0.0,0.0,324.0,274.0,188.0,210.0,210.0,465.00003,478.00003,5,spring,0.01,0.0,296.0
3,2024-05-19 17:00:00+00:00,0.0,0.0,0.1,0.0,0.0,0.0,0.0,190.00002,161.00002,100.0,116.0,106.0,292.00006,296.00006,5,spring,0.01,0.0,165.00002
3,2024-05-19 18:00:00+00:00,0.0,0.0,0.1,0.0,0.0,0.0,0.0,71.0,60.0,36.0,42.0,38.0,111.0,112.0,5,spring,0.01,0.0,61.0
3,2024-05-19 19:00:00+00:00,0.5,0.1,0.0,0.0,1.1,0.0,0.0,1.9999998,1.9999998,1.0,1.0,1.0,2.9999995,2.9999995,5,spring,0.24,0.0,1.9999998
3,2024-05-19 20:00:00+00:00,0.5,0.1,0.0,0.0,1.1,0.0,0.0,0.0,0.0,0.0,0.0,0.0,0.0,0.0,5,spring,0.24,0.0,0.0
3,2024-05-19 21:00:00+00:00,0.5,0.1,0.0,0.0,1.1,0.0,0.0,0.0,0.0,0.0,0.0,0.0,0.0,0.0,5,spring,0.24,0.0,0.0
3,2024-05-19 22:00:00+00:00,1.0,0.0,0.0,0.8,0.0,0.0,1.9,0.0,0.0,0.0,0.0,0.0,0.0,0.0,5,spring,0.53,0.0,0.0
3,2024-05-19 23:00:00+00:00,1.0,0.0,0.0,0.8,0.0,0.0,1.9,0.0,0.0,0.0,0.0,0.0,0.0,0.0,5,spring,0.53,0.0,0.0
3,2024-05-20 00:00:00+00:00,1.0,0.0,0.0,0.8,0.0,0.0,1.9,0.0,0.0,0.0,0.0,0.0,0.0,0.0,5,spring,0.53,0.0,0.0
3,2024-05-20 01:00:00+00:00,0.1,0.0,1.6,0.3,0.0,0.3,0.0,0.0,0.0,0.0,0.0,0.0,0.0,0.0,5,spring,0.33,0.0,0.0
3,2024-05-20 02:00:00+00:00,0.1,0.0,1.6,0.3,0.0,0.3,0.0,0.0,0.0,0.0,0.0,0.0,0.0,0.0,5,spring,0.33,0.0,0.0
3,2024-05-20 03:00:00+00:00,0.1,0.0,1.6,0.3,0.0,0.3,0.0,0.0,0.0,0.0,0.0,0.0,0.0,0.0,5,spring,0.33,0.0,0.0
3,2024-05-20 04:00:00+00:00,0.0,0.0,0.4,0.1,0.0,0.3,0.0,33.000004,35.000004,25.000002,29.000002,35.000004,58.000008,42.000008,5,spring,0.11,0.0,34.000004
3,2024-05-20 05:00:00+00:00,0.0,0.0,0.4,0.1,0.0,0.3,0.0,132.0,140.0,101.0,113.0,139.0,226.0,167.0,5,spring,0.11,0.0,137.0
3,2024-05-20 06:00:00+00:00,0.0,0.0,0.4,0.1,0.0,0.3,0.0,257.0,279.0,214.0,220.0,283.0,416.99997,317.0,5,spring,0.11,0.0,274.0
3,2024-05-20 07:00:00+00:00,0.0,0.0,0.0,0.2,0.0,0.1,0.3,402.0,447.0,365.0,341.0,462.0,605.0,480.0,5,spring,0.09,0.0,440.0
3,2024-05-20 08:00:00+00:00,0.0,0.0,0.0,0.2,0.0,0.1,0.3,548.0,600.0,514.0,461.0,625.99994,737.0,640.0,5,spring,0.09,0.0,605.0
3,2024-05-20 09:00:00+00:00,0.0,0.0,0.0,0.2,0.0,0.1,0.3,682.0,686.0,621.0,563.0,711.0,732.99994,786.0,5,spring,0.09,0.0,731.0
3,2024-05-20 10:00:00+00:00,0.0,0.1,0.3,0.3,0.1,0.0,0.1,790.0,704.0,677.0,639.0,719.0,617.0,905.0,5,spring,0.13,0.0,813.0
3,2024-05-20 11:00:00+00:00,0.0,0.1,0.3,0.3,0.1,0.0,0.1,837.0,677.0,671.0,669.0,687.0,513.0,970.0,5,spring,0.13,0.0,846.0
3,2024-05-20 12:00:00+00:00,0.0,0.1,0.3,0.3,0.1,0.0,0.1,802.0,618.0,584.0,645.0,645.0,507.0,964.0,5,spring,0.13,0.0,831.0
3,2024-05-20 13:00:00+00:00,0.0,0.0,1.1,0.1,1.6,1.3,0.0,703.0,527.0,448.0,575.0,576.0,536.0,898.0,5,spring,0.59,0.0,766.0
3,2024-05-20 14:00:00+00:00,0.0,0.0,1.1,0.1,1.6,1.3,0.0,574.0,424.0,336.0,471.0,463.0,528.0,788.0,5,spring,0.59,0.0,652.0
3,2024-05-20 15:00:00+00:00,0.0,0.0,1.1,0.1,1.6,1.3,0.0,425.0,318.0,271.0,339.0,306.0,468.0,647.0,5,spring,0.59,0.0,493.0
3,2024-05-20 16:00:00+00:00,0.0,0.1,0.0,6.2,0.2,1.3,0.0,277.0,216.0,214.0,208.0,159.0,373.0,480.0,5,spring,1.11,0.0,326.0
3,2024-05-20 17:00:00+00:00,0.0,0.1,0.0,6.2,0.2,1.3,0.0,155.0,125.0,139.0,110.0,68.0,244.00003,299.00003,5,spring,1.11,0.0,184.0
3,2024-05-20 18:00:00+00:00,0.0,0.1,0.0,6.2,0.2,1.3,0.0,57.999996,47.0,53.999996,40.0,23.0,94.999985,114.99999,5,spring,1.11,0.0,68.99999
3,2024-05-20 19:00:00+00:00,0.0,0.0,0.0,0.0,0.0,0.6,0.0,2.0,2.0,2.0,2.0,1.0,4.0,5.0,5,spring,0.09,0.0,3.0
3,2024-05-20 20:00:00+00:00,0.0,0.0,0.0,0.0,0.0,0.6,0.0,0.0,0.0,0.0,0.0,0.0,0.0,0.0,5,spring,0.09,0.0,0.0
3,2024-05-20 21:00:00+00:00,0.0,0.0,0.0,0.0,0.0,0.6,0.0,0.0,0.0,0.0,0.0,0.0,0.0,0.0,5,spring,0.09,0.0,0.0
3,2024-05-20 22:00:00+00:00,0.0,0.0,0.0,0.0,0.0,0.0,0.0,0.0,0.0,0.0,0.0,0.0,0.0,0.0,5,spring,0.0,0.0,0.0
3,2024-05-20 23:00:00+00:00,0.0,0.0,0.0,0.0,0.0,0.0,0.0,0.0,0.0,0.0,0.0,0.0,0.0,0.0,5,spring,0.0,0.0,0.0
3,2024-05-21 00:00:00+00:00,0.0,0.0,0.0,0.0,0.0,0.0,0.0,0.0,0.0,0.0,0.0,0.0,0.0,0.0,5,spring,0.0,0.0,0.0
3,2024-05-21 01:00:00+00:00,0.0,0.0,0.0,0.0,0.0,0.0,0.0,0.0,0.0,0.0,0.0,0.0,0.0,0.0,5,spring,0.0,0.0,0.0
3,2024-05-21 02:00:00+00:00,0.0,0.0,0.0,0.0,0.0,0.0,0.0,0.0,0.0,0.0,0.0,0.0,0.0,0.0,5,spring,0.0,0.0,0.0
3,2024-05-21 03:00:00+00:00,0.0,0.0,0.0,0.0,0.0,0.0,0.0,0.0,0.0,0.0,0.0,0.0,0.0,0.0,5,spring,0.0,0.0,0.0
3,2024-05-21 04:00:00+00:00,0.0,0.0,0.2,0.0,0.0,0.0,0.0,31.999996,35.999996,19.0,31.999996,28.999998,58.999992,58.999992,5,spring,0.03,0.0,35.999996
3,2024-05-21 05:00:00+00:00,0.0,0.0,0.2,0.0,0.0,0.0,0.0,126.0,141.0,82.0,126.0,118.0,227.99997,227.99997,5,spring,0.03,0.0,139.0
3,2024-05-21 06:00:00+00:00,0.0,0.0,0.2,0.0,0.0,0.0,0.0,262.0,284.0,206.0,259.0,254.00002,419.00006,412.00003,5,spring,0.03,0.0,255.0
3,2024-05-21 07:00:00+00:00,0.0,0.0,0.0,0.0,0.0,0.0,0.1,437.0,459.0,404.0,428.0,440.0,605.0,586.0,5,spring,0.01,0.0,373.0
3,2024-05-21 08:00:00+00:00,0.0,0.0,0.0,0.0,0.0,0.0,0.1,606.0,613.0,607.0,591.0,622.0,739.0,739.0,5,spring,0.01,0.0,480.0
3,2024-05-21 09:00:00+00:00,0.0,0.0,0.0,0.0,0.0,0.0,0.1,721.0,675.0,724.0,700.0,740.0,743.0,858.0,5,spring,0.01,0.0,573.0
3,2024-05-21 10:00:00+00:00,0.3,0.4,0.2,0.2,0.0,0.2,0.2,774.0,654.0,757.0,748.0,788.0,642.0,938.0,5,spring,0.21,0.0,642.0
3,2024-05-21 11:00:00+00:00,0.3,0.4,0.2,0.2,0.0,0.2,0.2,752.0,615.0,740.0,725.0,768.0,559.0,971.0,5,spring,0.21,0.0,654.0
3,2024-05-21 12:00:00+00:00,0.3,0.4,0.2,0.2,0.0,0.2,0.2,642.0,606.0,696.0,602.0,674.0,577.0,956.0,5,spring,0.21,0.0,591.0
3,2024-05-21 13:00:00+00:00,3.3,0.2,0.2,1.8,1.5,0.5,0.2,475.0,588.0,612.0,428.0,528.0,628.0,895.0,5,spring,1.1,0.2,479.0
3,2024-05-21 14:00:00+00:00,3.3,0.2,0.2,1.8,1.5,0.5,0.2,321.0,516.0,490.0,310.0,383.0,630.0,790.0,5,spring,1.1,0.2,357.0
3,2024-05-21 15:00:00+00:00,3.3,0.2,0.2,1.8,1.5,0.5,0.2,205.0,389.0,344.0,296.0,264.0,568.0,651.0,5,spring,1.1,0.2,246.0
3,2024-05-21 16:00:00+00:00,0.0,3.0,1.7,1.9,0.0,0.5,0.2,116.0,249.0,202.0,282.0,162.0,458.0,484.99997,5,spring,1.04,2.0,147.0
3,2024-05-21 17:00:00+00:00,0.0,3.0,1.7,1.9,0.0,0.5,0.2,52.0,124.0,93.0,186.0,79.0,302.0,302.0,5,spring,1.04,2.0,69.0
3,2024-05-21 18:00:00+00:00,0.0,3.0,1.7,1.9,0.0,0.5,0.2,12.0,32.0,23.0,53.0,20.0,120.0,116.0,5,spring,1.04,2.0,17.0
3,2024-05-21 19:00:00+00:00,0.0,0.5,0.0,0.0,0.0,0.2,0.0,0.0,1.0000001,1.0000001,1.0000001,0.0,5.999998,5.999998,5,spring,0.1,0.0,0.0
3,2024-05-21 20:00:00+00:00,0.0,0.5,0.0,0.0,0.0,0.2,0.0,0.0,0.0,0.0,0.0,0.0,0.0,0.0,5,spring,0.1,0.0,0.0
3,2024-05-21 21:00:00+00:00,0.0,0.5,0.0,0.0,0.0,0.2,0.0,0.0,0.0,0.0,0.0,0.0,0.0,0.0,5,spring,0.1,0.0,0.0
3,2024-05-21 22:00:00+00:00,0.0,0.0,0.0,0.0,0.0,0.0,0.0,0.0,0.0,0.0,0.0,0.0,0.0,0.0,5,spring,0.0,0.0,0.0
3,2024-05-21 23:00:00+00:00,0.0,0.0,0.0,0.0,0.0,0.0,0.0,0.0,0.0,0.0,0.0,0.0,0.0,0.0,5,spring,0.0,0.0,0.0
3,2024-05-22 00:00:00+00:00,0.0,0.0,0.0,0.0,0.0,0.0,0.0,0.0,0.0,0.0,0.0,0.0,0.0,0.0,5,spring,0.0,0.0,0.0
3,2024-05-22 01:00:00+00:00,0.0,0.0,0.0,0.0,0.0,0.0,0.0,0.0,0.0,0.0,0.0,0.0,0.0,0.0,5,spring,0.0,0.0,0.0
3,2024-05-22 02:00:00+00:00,0.0,0.0,0.0,0.0,0.0,0.0,0.0,0.0,0.0,0.0,0.0,0.0,0.0,0.0,5,spring,0.0,0.0,0.0
3,2024-05-22 03:00:00+00:00,0.0,0.0,0.0,0.0,0.0,0.0,0.0,0.0,0.0,0.0,0.0,0.0,0.0,0.0,5,spring,0.0,0.0,0.0
3,2024-05-22 04:00:00+00:00,0.0,0.0,0.0,0.0,0.0,0.0,0.0,38.000004,39.000008,39.000008,39.000008,37.000008,60.00001,60.00001,5,spring,0.0,0.0,37.000008
3,2024-05-22 05:00:00+00:00,0.0,0.0,0.0,0.0,0.0,0.0,0.0,147.99998,151.99998,150.99998,151.99998,145.99998,230.99997,230.99997,5,spring,0.0,0.0,142.99998
3,2024-05-22 06:00:00+00:00,0.0,0.0,0.0,0.0,0.0,0.0,0.0,293.0,299.0,298.0,299.0,289.0,416.99997,414.0,5,spring,0.0,0.0,277.0
3,2024-05-22 07:00:00+00:00,0.0,0.0,0.0,0.0,0.0,0.0,0.0,468.0,477.0,475.0,476.0,463.0,596.0,588.0,5,spring,0.0,0.0,432.0
3,2024-05-22 08:00:00+00:00,0.0,0.0,0.0,0.0,0.0,0.0,0.0,638.0,650.0,647.0,648.0,636.0,740.0,740.0,5,spring,0.0,0.0,582.0
3,2024-05-22 09:00:00+00:00,0.0,0.0,0.0,0.0,0.0,0.0,0.0,765.0,779.0,779.0,780.0,773.0,809.0,859.0,5,spring,0.0,0.0,700.0
3,2024-05-22 10:00:00+00:00,0.0,0.0,0.0,0.0,0.0,0.2,0.0,841.0,857.0,860.0,862.0,866.0,810.0,938.0,5,spring,0.03,0.0,777.0
3,2024-05-22 11:00:00+00:00,0.0,0.0,0.0,0.0,0.0,0.2,0.0,867.0,885.0,881.0,877.0,904.0,794.0,972.0,5,spring,0.03,0.0,810.0
3,2024-05-22 12:00:00+00:00,0.0,0.0,0.0,0.0,0.0,0.2,0.0,851.0,865.0,834.0,815.0,885.0,796.0,958.0,5,spring,0.03,0.0,800.0
3,2024-05-22 13:00:00+00:00,0.0,0.0,0.0,0.0,0.0,0.0,0.0,785.0,795.0,730.0,693.0,810.0,785.0,896.0,5,spring,0.0,0.0,743.0
3,2024-05-22 14:00:00+00:00,0.0,0.0,0.0,0.0,0.0,0.0,0.0,663.0,674.0,598.0,554.0,684.0,728.0,792.0,5,spring,0.0,0.0,639.0
3,2024-05-22 15:00:00+00:00,0.0,0.0,0.0,0.0,0.0,0.0,0.0,501.0,521.0,464.0,426.0,528.0,619.0,651.0,5,spring,0.0,0.0,504.0
3,2024-05-22 16:00:00+00:00,0.0,0.0,0.0,0.0,0.0,0.0,0.0,327.0,353.0,324.0,297.0,357.0,475.0,485.0,5,spring,0.0,0.0,352.0
3,2024-05-22 17:00:00+00:00,0.0,0.0,0.0,0.0,0.0,0.0,0.0,167.0,186.0,175.0,161.0,188.0,304.0,304.0,5,spring,0.0,0.0,190.0
3,2024-05-22 18:00:00+00:00,0.0,0.0,0.0,0.0,0.0,0.0,0.0,44.0,49.999996,46.999996,44.0,49.999996,120.99998,120.99998,5,spring,0.0,0.0,51.999996
3,2024-05-22 19:00:00+00:00,0.0,0.0,0.1,0.0,0.0,0.0,0.0,1.0,1.0,1.0,1.0,1.0,8.000001,8.000001,5,spring,0.01,0.0,1.0
3,2024-05-22 20:00:00+00:00,0.0,0.0,0.1,0.0,0.0,0.0,0.0,0.0,0.0,0.0,0.0,0.0,0.0,0.0,5,spring,0.01,0.0,0.0
3,2024-05-22 21:00:00+00:00,0.0,0.0,0.1,0.0,0.0,0.0,0.0,0.0,0.0,0.0,0.0,0.0,0.0,0.0,5,spring,0.01,0.0,0.0
3,2024-05-22 22:00:00+00:00,0.0,0.0,0.0,0.0,0.0,0.0,0.0,0.0,0.0,0.0,0.0,0.0,0.0,0.0,5,spring,0.0,0.0,0.0
3,2024-05-22 23:00:00+00:00,0.0,0.0,0.0,0.0,0.0,0.0,0.0,0.0,0.0,0.0,0.0,0.0,0.0,0.0,5,spring,0.0,0.0,0.0
3,2024-05-23 00:00:00+00:00,0.0,0.0,0.0,0.0,0.0,0.0,0.0,0.0,0.0,0.0,0.0,0.0,0.0,0.0,5,spring,0.0,0.0,0.0
3,2024-05-23 01:00:00+00:00,0.1,0.0,0.0,0.0,0.0,0.0,0.0,0.0,0.0,0.0,0.0,0.0,0.0,0.0,5,spring,0.01,0.0,0.0
3,2024-05-23 02:00:00+00:00,0.1,0.0,0.0,0.0,0.0,0.0,0.0,0.0,0.0,0.0,0.0,0.0,0.0,0.0,5,spring,0.01,0.0,0.0
3,2024-05-23 03:00:00+00:00,0.1,0.0,0.0,0.0,0.0,0.0,0.0,0.0,0.0,0.0,0.0,0.0,0.0,0.0,5,spring,0.01,0.0,0.0
3,2024-05-23 04:00:00+00:00,0.1,0.0,0.0,0.0,0.0,0.0,0.0,28.0,28.0,38.0,35.0,38.0,62.0,62.0,5,spring,0.01,0.1,17.0
3,2024-05-23 05:00:00+00:00,0.1,0.0,0.0,0.0,0.0,0.0,0.0,108.99999,110.99999,146.99998,135.99998,146.99998,232.99997,232.99997,5,spring,0.01,0.1,63.0
3,2024-05-23 06:00:00+00:00,0.1,0.0,0.0,0.0,0.0,0.0,0.0,205.0,238.00002,286.00003,272.0,290.0,419.00006,416.0,5,spring,0.01,0.1,83.0
3,2024-05-23 07:00:00+00:00,0.0,0.0,0.0,0.0,0.0,0.0,0.0,313.0,416.0,452.0,439.0,464.0,597.0,590.0,5,spring,0.0,1.4,64.0
3,2024-05-23 08:00:00+00:00,0.0,0.0,0.0,0.0,0.0,0.0,0.0,436.0,598.99994,609.0,601.0,635.0,741.0,741.0,5,spring,0.0,1.4,71.0
3,2024-05-23 09:00:00+00:00,0.0,0.0,0.0,0.0,0.0,0.0,0.0,599.0,734.0,721.0,710.00006,767.0,816.0,861.0,5,spring,0.0,1.4,208.0
3,2024-05-23 10:00:00+00:00,0.0,0.0,0.0,0.0,0.0,0.0,0.0,774.0,816.0,781.0,766.0,850.0,824.0,940.0,5,spring,0.0,0.2,437.0
3,2024-05-23 11:00:00+00:00,0.0,0.0,0.0,0.0,0.0,0.0,0.0,861.0,841.0,790.0,785.0,874.0,812.0,973.0,5,spring,0.0,0.2,607.0
3,2024-05-23 12:00:00+00:00,0.0,0.0,0.0,0.0,0.0,0.0,0.0,786.0,803.0,743.0,787.0,833.0,813.0,959.0,5,spring,0.0,0.2,621.0
3,2024-05-23 13:00:00+00:00,0.1,0.0,0.0,0.0,0.0,0.0,0.1,619.0,711.0,651.0,751.0,736.0,798.0,897.0,5,spring,0.03,1.0,546.0
3,2024-05-23 14:00:00+00:00,0.1,0.0,0.0,0.0,0.0,0.0,0.1,469.0,593.0,540.0,652.99994,603.0,737.0,793.0,5,spring,0.03,1.0,454.0
3,2024-05-23 15:00:00+00:00,0.1,0.0,0.0,0.0,0.0,0.0,0.1,385.0,476.0,437.0,502.0,458.0,625.99994,654.0,5,spring,0.03,1.0,381.0
3,2024-05-23 16:00:00+00:00,0.0,0.0,0.0,0.0,0.0,0.0,0.1,302.0,346.0,323.0,332.0,308.0,480.00003,489.00006,5,spring,0.01,0.0,291.0
3,2024-05-23 17:00:00+00:00,0.0,0.0,0.0,0.0,0.0,0.0,0.1,179.0,194.00002,183.0,172.0,162.0,307.0,307.0,5,spring,0.01,0.0,169.0
3,2024-05-23 18:00:00+00:00,0.0,0.0,0.0,0.0,0.0,0.0,0.1,51.0,54.0,51.0,46.0,44.0,122.99999,122.0,5,spring,0.01,0.0,48.0
3,2024-05-23 19:00:00+00:00,0.0,0.0,0.0,0.0,0.0,0.0,0.0,2.0,2.0,2.0,1.0000001,1.0000001,8.999997,8.999997,5,spring,0.0,0.0,1.0000001
3,2024-05-23 20:00:00+00:00,0.0,0.0,0.0,0.0,0.0,0.0,0.0,0.0,0.0,0.0,0.0,0.0,0.0,0.0,5,spring,0.0,0.0,0.0
3,2024-05-23 21:00:00+00:00,0.0,0.0,0.0,0.0,0.0,0.0,0.0,0.0,0.0,0.0,0.0,0.0,0.0,0.0,5,spring,0.0,0.0,0.0
3,2024-05-23 22:00:00+00:00,0.0,0.0,0.0,0.0,0.0,0.0,0.0,0.0,0.0,0.0,0.0,0.0,0.0,0.0,5,spring,0.0,0.0,0.0
3,2024-05-23 23:00:00+00:00,0.0,0.0,0.0,0.0,0.0,0.0,0.0,0.0,0.0,0.0,0.0,0.0,0.0,0.0,5,spring,0.0,0.0,0.0
3,2024-05-24 00:00:00+00:00,0.0,0.0,0.0,0.0,0.0,0.0,0.0,0.0,0.0,0.0,0.0,0.0,0.0,0.0,5,spring,0.0,0.0,0.0
3,2024-05-24 01:00:00+00:00,0.0,0.0,0.0,0.0,0.0,0.0,0.0,0.0,0.0,0.0,0.0,0.0,0.0,0.0,5,spring,0.0,0.0,0.0
3,2024-05-24 02:00:00+00:00,0.0,0.0,0.0,0.0,0.0,0.0,0.0,0.0,0.0,0.0,0.0,0.0,0.0,0.0,5,spring,0.0,0.0,0.0
3,2024-05-24 03:00:00+00:00,0.0,0.0,0.0,0.0,0.0,0.0,0.0,0.0,0.0,0.0,0.0,0.0,0.0,0.0,5,spring,0.0,0.0,0.0
3,2024-05-24 04:00:00+00:00,0.0,0.1,0.0,0.0,0.0,0.0,0.0,38.000008,30.000004,39.000008,40.000008,40.000008,63.000015,63.000015,5,spring,0.01,0.0,38.000008
3,2024-05-24 05:00:00+00:00,0.0,0.1,0.0,0.0,0.0,0.0,0.0,145.0,117.0,150.0,152.0,153.0,234.0,234.0,5,spring,0.01,0.0,143.0
3,2024-05-24 06:00:00+00:00,0.0,0.1,0.0,0.0,0.0,0.0,0.0,269.0,249.0,296.0,285.0,298.0,421.0,417.0,5,spring,0.01,0.0,273.0
3,2024-05-24 07:00:00+00:00,0.7,0.0,0.0,0.0,0.0,0.0,0.4,404.0,433.0,473.0,433.0,473.0,600.0,591.0,5,spring,0.16,0.1,422.0
3,2024-05-24 08:00:00+00:00,0.7,0.0,0.0,0.0,0.0,0.0,0.4,534.0,619.0,629.0,575.0,640.0,743.0,743.0,5,spring,0.16,0.1,551.0
3,2024-05-24 09:00:00+00:00,0.7,0.0,0.0,0.0,0.0,0.0,0.4,653.0,751.0,690.0,697.0,755.0,802.0,862.0,5,spring,0.16,0.1,604.0
3,2024-05-24 10:00:00+00:00,0.2,0.0,1.3,0.0,0.0,0.0,0.2,746.0,824.0,665.0,785.0,816.0,788.0,941.0,5,spring,0.24,1.4,591.0
3,2024-05-24 11:00:00+00:00,0.2,0.0,1.3,0.0,0.0,0.0,0.2,772.0,844.0,622.0,809.0,836.0,761.0,974.0,5,spring,0.24,1.4,577.0
3,2024-05-24 12:00:00+00:00,0.2,0.0,1.3,0.0,0.0,0.0,0.2,690.0,814.0,603.0,746.0,831.0,765.0,960.0,5,spring,0.24,1.4,614.0
3,2024-05-24 13:00:00+00:00,1.0,0.0,0.0,0.3,0.0,0.0,0.1,546.0,733.0,577.0,623.0,785.0,764.0,899.0,5,spring,0.2,0.0,650.0
3,2024-05-24 14:00:00+00:00,1.0,0.0,0.0,0.3,0.0,0.0,0.1,422.0,618.0,519.0,490.0,682.0,716.0,795.0,5,spring,0.2,0.0,616.0
3,2024-05-24 15:00:00+00:00,1.0,0.0,0.0,0.3,0.0,0.0,0.1,359.0,493.0,440.0,375.0,538.0,615.0,655.0,5,spring,0.2,0.0,514.0
3,2024-05-24 16:00:00+00:00,0.0,0.0,0.0,0.0,0.0,0.0,0.1,293.0,353.0,337.0,262.0,373.0,477.0,489.00006,5,spring,0.01,0.0,373.0
3,2024-05-24 17:00:00+00:00,0.0,0.0,0.0,0.0,0.0,0.0,0.1,179.0,196.0,196.0,143.0,201.0,309.0,309.0,5,spring,0.01,0.0,208.0
3,2024-05-24 18:00:00+00:00,0.0,0.0,0.0,0.0,0.0,0.0,0.1,52.0,54.999996,55.999996,40.0,55.999996,126.999985,125.999985,5,spring,0.01,0.0,58.999996
3,2024-05-24 19:00:00+00:00,0.0,0.0,0.0,0.0,0.0,0.0,0.0,1.9999999,1.9999999,1.9999999,0.99999994,1.9999999,11.000002,11.000002,5,spring,0.0,0.0,1.9999999
3,2024-05-24 20:00:00+00:00,0.0,0.0,0.0,0.0,0.0,0.0,0.0,0.0,0.0,0.0,0.0,0.0,0.0,0.0,5,spring,0.0,0.0,0.0
3,2024-05-24 21:00:00+00:00,0.0,0.0,0.0,0.0,0.0,0.0,0.0,0.0,0.0,0.0,0.0,0.0,0.0,0.0,5,spring,0.0,0.0,0.0
3,2024-05-24 22:00:00+00:00,0.0,0.0,0.0,0.0,0.0,0.0,0.0,0.0,0.0,0.0,0.0,0.0,0.0,0.0,5,spring,0.0,0.0,0.0
3,2024-05-24 23:00:00+00:00,0.0,0.0,0.0,0.0,0.0,0.0,0.0,0.0,0.0,0.0,0.0,0.0,0.0,0.0,5,spring,0.0,0.0,0.0
3,2024-05-25 00:00:00+00:00,0.0,0.0,0.0,0.0,0.0,0.0,0.0,0.0,0.0,0.0,0.0,0.0,0.0,0.0,5,spring,0.0,0.0,0.0
3,2024-05-25 01:00:00+00:00,0.0,0.0,0.0,0.0,0.0,0.0,0.0,0.0,0.0,0.0,0.0,0.0,0.0,0.0,5,spring,0.0,0.0,0.0
3,2024-05-25 02:00:00+00:00,0.0,0.0,0.0,0.0,0.0,0.0,0.0,0.0,0.0,0.0,0.0,0.0,0.0,0.0,5,spring,0.0,0.0,0.0
3,2024-05-25 03:00:00+00:00,0.0,0.0,0.0,0.0,0.0,0.0,0.0,0.0,0.0,0.0,0.0,0.0,0.0,0.0,5,spring,0.0,0.0,0.0
3,2024-05-25 04:00:00+00:00,0.0,0.0,0.0,0.0,0.0,0.0,0.0,39.0,40.0,37.0,41.0,40.0,58.000004,64.0,5,spring,0.0,0.0,41.0
3,2024-05-25 05:00:00+00:00,0.0,0.0,0.0,0.0,0.0,0.0,0.0,148.0,152.0,142.0,154.0,152.0,218.0,236.0,5,spring,0.0,0.0,153.0
3,2024-05-25 06:00:00+00:00,0.0,0.0,0.0,0.0,0.0,0.0,0.0,283.0,293.0,275.0,299.0,297.0,395.0,419.0,5,spring,0.0,0.0,289.0
3,2024-05-25 07:00:00+00:00,0.0,0.0,0.0,0.0,0.0,0.0,0.0,440.0,458.0,436.0,471.0,471.0,573.0,592.0,5,spring,0.0,0.0,441.0
3,2024-05-25 08:00:00+00:00,0.0,0.0,0.0,0.0,0.0,0.0,0.0,590.0,620.0,592.0,634.0,636.0,714.0,744.0,5,spring,0.0,0.0,581.0
3,2024-05-25 09:00:00+00:00,0.0,0.0,0.0,0.0,0.0,0.0,0.0,703.0,748.0,714.0,746.0,749.0,759.0,863.0,5,spring,0.0,0.0,680.0
3,2024-05-25 10:00:00+00:00,0.0,0.0,0.0,0.0,0.0,0.0,0.0,771.0,835.0,791.0,802.0,805.0,723.0,942.0,5,spring,0.0,0.1,732.0
3,2024-05-25 11:00:00+00:00,0.0,0.0,0.0,0.0,0.0,0.0,0.0,795.0,867.0,813.0,819.0,814.0,689.0,975.0,5,spring,0.0,0.1,741.0
3,2024-05-25 12:00:00+00:00,0.0,0.0,0.0,0.0,0.0,0.0,0.0,777.0,839.0,779.0,812.0,784.0,719.0,961.0,5,spring,0.0,0.1,713.0
3,2024-05-25 13:00:00+00:00,0.0,0.0,0.0,0.0,0.0,0.1,0.0,715.0,756.0,691.0,765.0,710.0,757.0,900.0,5,spring,0.01,0.0,645.0
3,2024-05-25 14:00:00+00:00,0.0,0.0,0.0,0.0,0.0,0.1,0.0,610.0,632.0,559.0,662.0,596.0,732.0,796.0,5,spring,0.01,0.0,536.0
3,2024-05-25 15:00:00+00:00,0.0,0.0,0.0,0.0,0.0,0.1,0.0,481.0,489.0,397.0,516.0,460.0,641.99994,671.0,5,spring,0.01,0.0,400.0
3,2024-05-25 16:00:00+00:00,0.0,0.0,0.0,0.1,0.0,0.1,0.0,336.0,335.0,237.0,352.0,314.0,502.00003,513.0,5,spring,0.03,0.0,259.0
3,2024-05-25 17:00:00+00:00,0.0,0.0,0.0,0.1,0.0,0.1,0.0,183.0,182.0,111.0,188.0,168.0,311.0,311.0,5,spring,0.03,0.0,132.0
3,2024-05-25 18:00:00+00:00,0.0,0.0,0.0,0.1,0.0,0.1,0.0,52.000004,54.000004,29.0,53.000004,47.000004,110.00002,106.00002,5,spring,0.03,0.0,36.0
3,2024-05-25 19:00:00+00:00,0.0,0.0,0.0,0.0,0.0,0.0,0.0,2.0,3.0,1.0000001,2.0,2.0,7.999998,6.9999986,5,spring,0.0,0.0,1.0000001
3,2024-05-25 20:00:00+00:00,0.0,0.0,0.0,0.0,0.0,0.0,0.0,0.0,0.0,0.0,0.0,0.0,0.0,0.0,5,spring,0.0,0.0,0.0
3,2024-05-25 21:00:00+00:00,0.0,0.0,0.0,0.0,0.0,0.0,0.0,0.0,0.0,0.0,0.0,0.0,0.0,0.0,5,spring,0.0,0.0,0.0
3,2024-05-25 22:00:00+00:00,0.0,0.0,0.0,0.0,0.2,0.0,0.0,0.0,0.0,0.0,0.0,0.0,0.0,0.0,5,spring,0.03,0.0,0.0
3,2024-05-25 23:00:00+00:00,0.0,0.0,0.0,0.0,0.2,0.0,0.0,0.0,0.0,0.0,0.0,0.0,0.0,0.0,5,spring,0.03,0.0,0.0
3,2024-05-26 00:00:00+00:00,0.0,0.0,0.0,0.0,0.2,0.0,0.0,0.0,0.0,0.0,0.0,0.0,0.0,0.0,5,spring,0.03,0.0,0.0
3,2024-05-26 01:00:00+00:00,0.0,0.0,0.0,0.0,0.0,0.0,0.1,0.0,0.0,0.0,0.0,0.0,0.0,0.0,5,spring,0.01,0.0,0.0
3,2024-05-26 02:00:00+00:00,0.0,0.0,0.0,0.0,0.0,0.0,0.1,0.0,0.0,0.0,0.0,0.0,0.0,0.0,5,spring,0.01,0.0,0.0
3,2024-05-26 03:00:00+00:00,0.0,0.0,0.0,0.0,0.0,0.0,0.1,0.0,0.0,0.0,0.0,0.0,0.0,0.0,5,spring,0.01,0.0,0.0
3,2024-05-26 04:00:00+00:00,0.0,0.0,0.0,0.0,0.0,0.0,0.1,38.0,26.0,30.0,39.0,22.0,65.0,52.0,5,spring,0.01,0.0,35.0
3,2024-05-26 05:00:00+00:00,0.0,0.0,0.0,0.0,0.0,0.0,0.1,143.0,100.0,116.0,146.0,82.0,238.0,194.0,5,spring,0.01,0.0,131.0
3,2024-05-26 06:00:00+00:00,0.0,0.0,0.0,0.0,0.0,0.0,0.1,277.0,195.99998,240.99998,287.0,154.0,422.0,352.99997,5,spring,0.01,0.0,241.99998
3,2024-05-26 07:00:00+00:00,0.0,0.0,0.0,0.0,0.0,0.0,0.2,438.0,317.0,409.0,460.0,236.0,597.0,518.0,5,spring,0.03,0.0,361.0
3,2024-05-26 08:00:00+00:00,0.0,0.0,0.0,0.0,0.0,0.0,0.2,582.0,453.0,581.0,627.0,340.0,745.0,676.0,5,spring,0.03,0.0,470.0
3,2024-05-26 09:00:00+00:00,0.0,0.0,0.0,0.0,0.0,0.0,0.2,646.0,612.0,709.0,738.0,488.0,841.0,813.0,5,spring,0.03,0.0,549.0
3,2024-05-26 10:00:00+00:00,0.0,0.0,0.0,0.0,0.0,0.0,0.2,637.0,769.0,789.0,793.0,660.0,885.0,920.0,5,spring,0.03,0.0,595.0
3,2024-05-26 11:00:00+00:00,0.0,0.0,0.0,0.0,0.0,0.0,0.2,620.0,852.0,824.0,808.0,779.0,900.0,976.0,5,spring,0.03,0.0,607.0
3,2024-05-26 12:00:00+00:00,0.0,0.0,0.0,0.0,0.0,0.0,0.2,643.0,810.0,824.0,800.0,801.0,903.0,969.0,5,spring,0.03,0.0,591.0
3,2024-05-26 13:00:00+00:00,0.0,0.0,0.0,0.0,0.0,0.0,0.1,659.0,685.0,776.0,753.0,749.0,878.0,904.0,5,spring,0.01,1.4,544.0
3,2024-05-26 14:00:00+00:00,0.0,0.0,0.0,0.0,0.0,0.0,0.1,608.0,538.0,672.0,652.0,645.0,798.0,798.0,5,spring,0.01,1.4,458.0
3,2024-05-26 15:00:00+00:00,0.0,0.0,0.0,0.0,0.0,0.0,0.1,488.0,400.0,529.0,507.0,512.0,674.0,672.0,5,spring,0.01,1.4,342.0
3,2024-05-26 16:00:00+00:00,0.0,0.0,0.0,0.0,0.0,0.0,0.1,339.0,264.0,365.0,345.0,359.0,512.0,514.0,5,spring,0.01,0.0,220.0
3,2024-05-26 17:00:00+00:00,0.0,0.0,0.0,0.0,0.0,0.0,0.1,186.0,138.0,197.0,186.0,196.0,314.0,314.0,5,spring,0.01,0.0,114.0
3,2024-05-26 18:00:00+00:00,0.0,0.0,0.0,0.0,0.0,0.0,0.1,56.000004,38.0,56.000004,56.000004,56.000004,113.000015,110.00002,5,spring,0.01,0.0,35.0
3,2024-05-26 19:00:00+00:00,0.0,0.0,0.0,0.0,0.0,0.0,0.0,3.0,1.9999999,1.9999999,3.0,1.9999999,9.000001,8.000001,5,spring,0.0,0.0,1.9999999
3,2024-05-26 20:00:00+00:00,0.0,0.0,0.0,0.0,0.0,0.0,0.0,0.0,0.0,0.0,0.0,0.0,0.0,0.0,5,spring,0.0,0.0,0.0
3,2024-05-26 21:00:00+00:00,0.0,0.0,0.0,0.0,0.0,0.0,0.0,0.0,0.0,0.0,0.0,0.0,0.0,0.0,5,spring,0.0,0.0,0.0
3,2024-05-26 22:00:00+00:00,0.0,0.0,0.0,0.0,0.0,0.0,0.0,0.0,0.0,0.0,0.0,0.0,0.0,0.0,5,spring,0.0,0.0,0.0
3,2024-05-26 23:00:00+00:00,0.0,0.0,0.0,0.0,0.0,0.0,0.0,0.0,0.0,0.0,0.0,0.0,0.0,0.0,5,spring,0.0,0.0,0.0
3,2024-05-27 00:00:00+00:00,0.0,0.0,0.0,0.0,0.0,0.0,0.0,0.0,0.0,0.0,0.0,0.0,0.0,0.0,5,spring,0.0,0.0,0.0
3,2024-05-27 01:00:00+00:00,0.0,0.0,0.0,0.0,0.0,0.0,0.0,0.0,0.0,0.0,0.0,0.0,0.0,0.0,5,spring,0.0,0.0,0.0
3,2024-05-27 02:00:00+00:00,0.0,0.0,0.0,0.0,0.0,0.0,0.0,0.0,0.0,0.0,0.0,0.0,0.0,0.0,5,spring,0.0,0.0,0.0
3,2024-05-27 03:00:00+00:00,0.0,0.0,0.0,0.0,0.0,0.0,0.0,0.0,0.0,0.0,0.0,0.0,0.0,0.0,5,spring,0.0,0.0,0.0
3,2024-05-27 04:00:00+00:00,0.0,0.0,0.0,0.0,0.0,0.0,0.0,31.999998,36.999996,27.999998,38.999996,43.999992,64.99999,64.99999,5,spring,0.0,0.0,24.0
3,2024-05-27 05:00:00+00:00,0.0,0.0,0.0,0.0,0.0,0.0,0.0,119.00001,137.00002,108.00001,146.00002,165.00002,240.00003,240.00003,5,spring,0.0,0.0,92.0
3,2024-05-27 06:00:00+00:00,0.0,0.0,0.0,0.0,0.0,0.0,0.0,226.0,255.0,231.0,275.0,307.0,424.0,422.0,5,spring,0.0,0.0,180.0
3,2024-05-27 07:00:00+00:00,0.0,0.0,0.0,0.0,0.0,0.0,0.0,354.0,387.0,406.0,422.0,467.0,599.0,595.0,5,spring,0.0,0.0,294.0
3,2024-05-27 08:00:00+00:00,0.0,0.0,0.0,0.0,0.0,0.0,0.0,493.0,526.0,587.0,569.0,624.0,746.0,746.0,5,spring,0.0,0.0,429.0
3,2024-05-27 09:00:00+00:00,0.0,0.0,0.0,0.0,0.0,0.0,0.0,641.0,673.0,723.0,701.0,759.0,833.0,865.0,5,spring,0.0,0.0,594.0
3,2024-05-27 10:00:00+00:00,0.0,0.0,0.0,0.0,0.0,0.0,0.0,781.0,810.0,808.0,806.0,862.0,862.0,943.0,5,spring,0.0,0.0,767.0
3,2024-05-27 11:00:00+00:00,0.0,0.0,0.0,0.0,0.0,0.0,0.0,864.0,892.0,849.0,859.0,913.0,869.0,977.0,5,spring,0.0,0.0,876.0
3,2024-05-27 12:00:00+00:00,0.0,0.0,0.0,0.0,0.0,0.0,0.0,860.0,893.0,852.0,844.0,902.0,880.0,963.0,5,spring,0.0,0.0,878.0
3,2024-05-27 13:00:00+00:00,0.0,0.0,0.0,0.0,0.0,0.0,0.0,787.0,825.0,807.0,771.0,833.0,869.0,902.0,5,spring,0.0,0.0,798.0
3,2024-05-27 14:00:00+00:00,0.0,0.0,0.0,0.0,0.0,0.0,0.0,672.0,708.0,705.0,656.0,715.0,799.0,799.0,5,spring,0.0,0.0,677.0
3,2024-05-27 15:00:00+00:00,0.0,0.0,0.0,0.0,0.0,0.0,0.0,542.0,568.0,567.0,521.0,569.0,677.0,675.0,5,spring,0.0,0.0,543.0
3,2024-05-27 16:00:00+00:00,0.0,0.0,0.0,0.0,0.0,0.0,0.0,391.99997,406.0,403.99994,368.99997,402.99994,514.0,516.99994,5,spring,0.0,0.0,389.99997
3,2024-05-27 17:00:00+00:00,0.0,0.0,0.0,0.0,0.0,0.0,0.0,222.99998,229.0,226.99998,205.99998,225.99998,316.0,316.0,5,spring,0.0,0.0,221.0
3,2024-05-27 18:00:00+00:00,0.0,0.0,0.0,0.0,0.0,0.0,0.0,68.0,69.0,69.0,63.0,68.0,116.0,110.00001,5,spring,0.0,0.0,67.0
3,2024-05-27 19:00:00+00:00,0.0,0.0,0.0,0.0,0.0,0.0,0.0,4.0,4.0,4.0,3.0,4.0,10.000002,9.000002,5,spring,0.0,0.0,4.0
3,2024-05-27 20:00:00+00:00,0.0,0.0,0.0,0.0,0.0,0.0,0.0,0.0,0.0,0.0,0.0,0.0,0.0,0.0,5,spring,0.0,0.0,0.0
3,2024-05-27 21:00:00+00:00,0.0,0.0,0.0,0.0,0.0,0.0,0.0,0.0,0.0,0.0,0.0,0.0,0.0,0.0,5,spring,0.0,0.0,0.0
3,2024-05-27 22:00:00+00:00,0.0,0.0,0.0,0.0,0.0,0.0,0.0,0.0,0.0,0.0,0.0,0.0,0.0,0.0,5,spring,0.0,0.0,0.0
3,2024-05-27 23:00:00+00:00,0.0,0.0,0.0,0.0,0.0,0.0,0.0,0.0,0.0,0.0,0.0,0.0,0.0,0.0,5,spring,0.0,0.0,0.0
3,2024-05-28 00:00:00+00:00,0.0,0.0,0.0,0.0,0.0,0.0,0.0,0.0,0.0,0.0,0.0,0.0,0.0,0.0,5,spring,0.0,0.0,0.0
3,2024-05-28 01:00:00+00:00,0.0,0.0,0.0,0.0,0.0,0.0,0.0,0.0,0.0,0.0,0.0,0.0,0.0,0.0,5,spring,0.0,0.0,0.0
3,2024-05-28 02:00:00+00:00,0.0,0.0,0.0,0.0,0.0,0.0,0.0,0.0,0.0,0.0,0.0,0.0,0.0,0.0,5,spring,0.0,0.0,0.0
3,2024-05-28 03:00:00+00:00,0.0,0.0,0.0,0.0,0.0,0.0,0.0,0.0,0.0,0.0,0.0,0.0,0.0,0.0,5,spring,0.0,0.0,0.0
3,2024-05-28 04:00:00+00:00,0.0,0.0,0.0,0.0,0.0,0.0,0.0,42.999996,42.999996,42.999996,43.999996,42.999996,65.99999,65.99999,5,spring,0.0,0.0,42.999996
3,2024-05-28 05:00:00+00:00,0.0,0.0,0.0,0.0,0.0,0.0,0.0,159.0,161.99998,161.99998,164.0,160.0,242.0,242.0,5,spring,0.0,0.0,160.99998
3,2024-05-28 06:00:00+00:00,0.0,0.0,0.0,0.0,0.0,0.0,0.0,303.0,306.0,309.0,312.0,304.0,429.0,424.0,5,spring,0.0,0.0,300.0
3,2024-05-28 07:00:00+00:00,0.0,0.0,0.0,0.0,0.0,0.0,0.0,475.0,474.0,484.0,484.0,476.0,610.0,596.0,5,spring,0.0,0.0,459.0
3,2024-05-28 08:00:00+00:00,0.0,0.0,0.0,0.0,0.0,0.0,0.0,639.0,633.0,648.0,651.00006,644.0,747.0,747.0,5,spring,0.0,0.0,613.0
3,2024-05-28 09:00:00+00:00,0.0,0.0,0.0,0.0,0.0,0.0,0.0,757.0,745.0,756.0,779.0,775.0,776.0,865.0,5,spring,0.0,0.0,735.0
3,2024-05-28 10:00:00+00:00,0.0,0.0,0.0,0.0,0.0,0.4,0.0,824.0,806.0,805.0,860.0,862.0,716.0,944.0,5,spring,0.06,0.0,818.0
3,2024-05-28 11:00:00+00:00,0.0,0.0,0.0,0.0,0.0,0.4,0.0,842.0,826.0,812.0,894.0,900.0,666.0,978.0,5,spring,0.06,0.0,848.0
3,2024-05-28 12:00:00+00:00,0.0,0.0,0.0,0.0,0.0,0.4,0.0,813.0,818.0,792.0,885.0,888.0,695.0,964.0,5,spring,0.06,0.0,818.0
3,2024-05-28 13:00:00+00:00,0.0,0.0,0.0,0.0,0.0,0.1,0.0,739.0,769.0,733.0,825.0,826.0,743.0,904.0,5,spring,0.01,0.0,736.0
3,2024-05-28 14:00:00+00:00,0.0,0.0,0.0,0.0,0.0,0.1,0.0,629.0,664.99994,629.0,713.0,712.0,727.0,800.0,5,spring,0.01,0.0,619.0
3,2024-05-28 15:00:00+00:00,0.0,0.0,0.0,0.0,0.0,0.1,0.0,505.0,518.0,495.0,569.0,570.0,641.0,675.0,5,spring,0.01,0.0,490.0
3,2024-05-28 16:00:00+00:00,0.1,0.0,0.0,0.0,0.0,0.1,0.0,365.0,354.0,344.0,403.0,406.0,504.0,518.0,5,spring,0.03,0.0,349.0
3,2024-05-28 17:00:00+00:00,0.1,0.0,0.0,0.0,0.0,0.1,0.0,207.99997,191.99998,189.99998,225.99997,228.99997,317.99997,317.99997,5,spring,0.03,0.0,195.99998
3,2024-05-28 18:00:00+00:00,0.1,0.0,0.0,0.0,0.0,0.1,0.0,64.0,58.0,58.0,69.0,70.0,120.0,114.0,5,spring,0.03,0.0,60.0
3,2024-05-28 19:00:00+00:00,0.0,0.0,0.0,0.0,0.0,0.0,0.0,4.0,3.0,3.0,4.0,4.0,11.000003,10.000002,5,spring,0.0,0.0,4.0
3,2024-05-28 20:00:00+00:00,0.0,0.0,0.0,0.0,0.0,0.0,0.0,0.0,0.0,0.0,0.0,0.0,0.0,0.0,5,spring,0.0,0.0,0.0
3,2024-05-28 21:00:00+00:00,0.0,0.0,0.0,0.0,0.0,0.0,0.0,0.0,0.0,0.0,0.0,0.0,0.0,0.0,5,spring,0.0,0.0,0.0
3,2024-05-28 22:00:00+00:00,0.0,0.0,0.0,0.0,0.0,0.0,0.2,0.0,0.0,0.0,0.0,0.0,0.0,0.0,5,spring,0.03,0.0,0.0
3,2024-05-28 23:00:00+00:00,0.0,0.0,0.0,0.0,0.0,0.0,0.2,0.0,0.0,0.0,0.0,0.0,0.0,0.0,5,spring,0.03,0.0,0.0
3,2024-05-29 00:00:00+00:00,0.0,0.0,0.0,0.0,0.0,0.0,0.2,0.0,0.0,0.0,0.0,0.0,0.0,0.0,5,spring,0.03,0.0,0.0
3,2024-05-29 01:00:00+00:00,0.0,0.0,0.0,0.0,0.0,0.0,0.0,0.0,0.0,0.0,0.0,0.0,0.0,0.0,5,spring,0.0,0.0,0.0
3,2024-05-29 02:00:00+00:00,0.0,0.0,0.0,0.0,0.0,0.0,0.0,0.0,0.0,0.0,0.0,0.0,0.0,0.0,5,spring,0.0,0.0,0.0
3,2024-05-29 03:00:00+00:00,0.0,0.0,0.0,0.0,0.0,0.0,0.0,0.0,0.0,0.0,0.0,0.0,0.0,0.0,5,spring,0.0,0.0,0.0
3,2024-05-29 04:00:00+00:00,0.0,0.0,0.0,0.0,0.0,0.0,0.0,40.0,41.0,43.0,42.0,44.0,67.0,67.0,5,spring,0.0,0.0,43.0
3,2024-05-29 05:00:00+00:00,0.0,0.0,0.0,0.0,0.0,0.0,0.0,147.0,150.0,160.0,153.0,161.0,241.99998,242.99998,5,spring,0.0,0.0,159.0
3,2024-05-29 06:00:00+00:00,0.0,0.0,0.0,0.0,0.0,0.0,0.0,268.0,279.0,305.0,286.0,293.0,424.99994,424.99994,5,spring,0.0,0.0,291.0
3,2024-05-29 07:00:00+00:00,0.0,0.0,0.0,0.0,0.0,0.8,0.0,398.0,424.0,477.0,437.0,434.0,601.0,597.0,5,spring,0.11,0.0,434.0
3,2024-05-29 08:00:00+00:00,0.0,0.0,0.0,0.0,0.0,0.8,0.0,530.0,566.0,644.0,585.0,571.0,746.0,748.0,5,spring,0.11,0.0,572.0
3,2024-05-29 09:00:00+00:00,0.0,0.0,0.0,0.0,0.0,0.8,0.0,669.0,686.0,770.0,711.99994,702.0,826.0,866.0,5,spring,0.11,0.0,690.0
3,2024-05-29 10:00:00+00:00,0.0,0.0,0.0,0.0,0.0,0.1,0.0,798.0,774.0,847.0,808.0,811.0,847.0,945.0,5,spring,0.01,0.0,777.0
3,2024-05-29 11:00:00+00:00,0.0,0.0,0.0,0.0,0.0,0.1,0.0,870.0,815.0,872.0,853.0,853.0,849.0,979.0,5,spring,0.01,0.0,821.0
3,2024-05-29 12:00:00+00:00,0.0,0.0,0.0,0.0,0.0,0.1,0.0,860.0,800.0,847.0,838.0,798.0,865.0,965.0,5,spring,0.01,0.0,817.0
3,2024-05-29 13:00:00+00:00,0.0,0.0,0.0,0.0,0.5,0.2,0.0,784.0,733.0,770.0,768.0,677.0,865.0,905.0,5,spring,0.1,0.0,764.0
3,2024-05-29 14:00:00+00:00,0.0,0.0,0.0,0.0,0.5,0.2,0.0,665.0,628.0,644.0,655.0,538.0,802.0,802.0,5,spring,0.1,0.0,659.0
3,2024-05-29 15:00:00+00:00,0.0,0.0,0.0,0.0,0.5,0.2,0.0,527.0,507.0,486.0,518.0,409.0,681.0,676.0,5,spring,0.1,0.0,516.0
3,2024-05-29 16:00:00+00:00,0.0,0.0,0.0,0.0,0.3,0.2,0.0,373.0,367.0,319.0,366.0,281.0,519.0,518.0,5,spring,0.07,0.0,356.0
3,2024-05-29 17:00:00+00:00,0.0,0.0,0.0,0.0,0.3,0.2,0.0,210.0,210.0,168.0,204.0,154.0,320.0,320.0,5,spring,0.07,0.0,195.00002
3,2024-05-29 18:00:00+00:00,0.0,0.0,0.0,0.0,0.3,0.2,0.0,64.0,65.0,51.0,63.0,47.0,119.00001,117.0,5,spring,0.07,0.0,60.0
3,2024-05-29 19:00:00+00:00,0.0,0.0,0.0,0.0,0.3,0.0,0.1,4.0,4.0,3.0,4.0,3.0,11.0,11.0,5,spring,0.06,0.0,4.0
3,2024-05-29 20:00:00+00:00,0.0,0.0,0.0,0.0,0.3,0.0,0.1,0.0,0.0,0.0,0.0,0.0,0.0,0.0,5,spring,0.06,0.0,0.0
3,2024-05-29 21:00:00+00:00,0.0,0.0,0.0,0.0,0.3,0.0,0.1,0.0,0.0,0.0,0.0,0.0,0.0,0.0,5,spring,0.06,0.0,0.0
3,2024-05-29 22:00:00+00:00,0.0,0.0,0.0,0.0,0.0,0.0,0.0,0.0,0.0,0.0,0.0,0.0,0.0,0.0,5,spring,0.0,0.0,0.0
3,2024-05-29 23:00:00+00:00,0.0,0.0,0.0,0.0,0.0,0.0,0.0,0.0,0.0,0.0,0.0,0.0,0.0,0.0,5,spring,0.0,0.0,0.0
3,2024-05-30 00:00:00+00:00,0.0,0.0,0.0,0.0,0.0,0.0,0.0,0.0,0.0,0.0,0.0,0.0,0.0,0.0,5,spring,0.0,0.0,0.0
3,2024-05-30 01:00:00+00:00,0.0,0.0,0.0,0.0,0.0,0.0,0.0,0.0,0.0,0.0,0.0,0.0,0.0,0.0,5,spring,0.0,0.0,0.0
3,2024-05-30 02:00:00+00:00,0.0,0.0,0.0,0.0,0.0,0.0,0.0,0.0,0.0,0.0,0.0,0.0,0.0,0.0,5,spring,0.0,0.0,0.0
3,2024-05-30 03:00:00+00:00,0.0,0.0,0.0,0.0,0.0,0.0,0.0,0.0,0.0,0.0,0.0,0.0,0.0,0.0,5,spring,0.0,0.0,0.0
3,2024-05-30 04:00:00+00:00,0.0,0.0,0.0,0.0,0.0,0.0,0.0,43.999996,43.999996,39.0,40.0,42.0,67.99999,61.999996,5,spring,0.0,0.0,40.0
3,2024-05-30 05:00:00+00:00,0.0,0.0,0.0,0.0,0.0,0.0,0.0,163.0,161.0,144.0,149.0,156.0,245.0,223.0,5,spring,0.0,0.0,145.0
3,2024-05-30 06:00:00+00:00,0.0,0.0,0.0,0.0,0.0,0.0,0.0,306.99997,303.99997,275.0,285.99997,297.0,427.99994,386.99994,5,spring,0.0,0.0,269.0
3,2024-05-30 07:00:00+00:00,0.0,0.0,0.0,0.0,0.0,0.0,0.1,476.0,474.0,432.0,454.0,464.0,604.0,542.0,5,spring,0.01,0.1,408.0
3,2024-05-30 08:00:00+00:00,0.0,0.0,0.0,0.0,0.0,0.0,0.1,633.0,635.99994,588.0,616.99994,621.0,748.0,683.0,5,spring,0.01,0.1,549.0
3,2024-05-30 09:00:00+00:00,0.0,0.0,0.0,0.0,0.0,0.0,0.1,734.00006,754.0,717.0,742.0,719.0,830.0,813.0,5,spring,0.01,0.1,679.0
3,2024-05-30 10:00:00+00:00,0.0,0.0,0.0,0.0,0.0,0.0,0.0,776.0,823.0,808.0,818.0,759.0,851.0,921.0,5,spring,0.0,0.0,786.0
3,2024-05-30 11:00:00+00:00,0.0,0.0,0.0,0.0,0.0,0.0,0.0,779.0,846.0,831.0,829.0,763.0,854.0,980.0,5,spring,0.0,0.0,834.0
3,2024-05-30 12:00:00+00:00,0.0,0.0,0.0,0.0,0.0,0.0,0.0,753.0,831.0,765.0,752.0,749.0,869.0,972.0,5,spring,0.0,0.0,801.0
3,2024-05-30 13:00:00+00:00,0.0,0.1,0.3,0.2,0.0,0.0,0.0,692.0,770.0,637.0,618.0,701.0,867.0,909.0,5,spring,0.09,0.3,705.0
3,2024-05-30 14:00:00+00:00,0.0,0.1,0.3,0.2,0.0,0.0,0.0,592.0,658.0,504.0,491.0,610.0,803.0,803.0,5,spring,0.09,0.3,583.0
3,2024-05-30 15:00:00+00:00,0.0,0.1,0.3,0.2,0.0,0.0,0.0,470.0,508.0,399.0,408.0,490.0,684.0,677.0,5,spring,0.09,0.3,459.0
3,2024-05-30 16:00:00+00:00,0.0,0.1,0.0,0.0,0.0,0.0,0.0,333.0,344.0,293.0,322.0,350.0,522.0,519.0,5,spring,0.01,0.0,326.0
3,2024-05-30 17:00:00+00:00,0.0,0.1,0.0,0.0,0.0,0.0,0.0,187.0,186.0,170.0,196.0,198.0,321.99997,321.99997,5,spring,0.01,0.0,184.0
3,2024-05-30 18:00:00+00:00,0.0,0.1,0.0,0.0,0.0,0.0,0.0,58.0,57.0,54.0,63.0,62.0,120.0,120.0,5,spring,0.01,0.0,57.0
3,2024-05-30 19:00:00+00:00,0.0,0.0,0.0,0.0,0.0,0.0,0.0,4.0,4.0,3.0,4.0,4.0,12.0,12.0,5,spring,0.0,0.0,4.0
3,2024-05-30 20:00:00+00:00,0.0,0.0,0.0,0.0,0.0,0.0,0.0,0.0,0.0,0.0,0.0,0.0,0.0,0.0,5,spring,0.0,0.0,0.0
3,2024-05-30 21:00:00+00:00,0.0,0.0,0.0,0.0,0.0,0.0,0.0,0.0,0.0,0.0,0.0,0.0,0.0,0.0,5,spring,0.0,0.0,0.0
3,2024-05-30 22:00:00+00:00,0.0,0.0,0.2,0.0,0.0,0.0,0.0,0.0,0.0,0.0,0.0,0.0,0.0,0.0,5,spring,0.03,0.0,0.0
3,2024-05-30 23:00:00+00:00,0.0,0.0,0.2,0.0,0.0,0.0,0.0,0.0,0.0,0.0,0.0,0.0,0.0,0.0,5,spring,0.03,0.0,0.0
3,2024-05-31 00:00:00+00:00,0.0,0.0,0.2,0.0,0.0,0.0,0.0,0.0,0.0,0.0,0.0,0.0,0.0,0.0,5,spring,0.03,0.0,0.0
3,2024-05-31 01:00:00+00:00,0.0,0.0,0.0,0.0,0.0,0.0,0.0,0.0,0.0,0.0,0.0,0.0,0.0,0.0,5,spring,0.0,0.1,0.0
3,2024-05-31 02:00:00+00:00,0.0,0.0,0.0,0.0,0.0,0.0,0.0,0.0,0.0,0.0,0.0,0.0,0.0,0.0,5,spring,0.0,0.1,0.0
3,2024-05-31 03:00:00+00:00,0.0,0.0,0.0,0.0,0.0,0.0,0.0,0.0,0.0,0.0,0.0,0.0,0.0,0.0,5,spring,0.0,0.1,0.0
3,2024-05-31 04:00:00+00:00,0.0,0.0,0.0,0.0,0.0,0.0,0.0,31.0,26.0,28.0,35.0,39.0,68.0,68.0,5,spring,0.0,0.0,33.0
3,2024-05-31 05:00:00+00:00,0.0,0.0,0.0,0.0,0.0,0.0,0.0,108.0,92.0,100.0,131.0,142.0,245.99998,245.99998,5,spring,0.0,0.0,118.0
3,2024-05-31 06:00:00+00:00,0.0,0.0,0.0,0.0,0.0,0.0,0.0,167.0,133.0,165.0,260.0,246.0,428.99994,426.99994,5,spring,0.0,0.0,192.0
3,2024-05-31 07:00:00+00:00,0.4,0.4,0.4,0.0,0.0,0.0,0.0,199.0,139.0,218.0,427.0,347.0,604.0,599.00006,5,spring,0.17,0.0,247.0
3,2024-05-31 08:00:00+00:00,0.4,0.4,0.4,0.0,0.0,0.0,0.0,250.0,177.0,283.0,594.0,446.0,749.0,749.0,5,spring,0.17,0.0,299.0
3,2024-05-31 09:00:00+00:00,0.4,0.4,0.4,0.0,0.0,0.0,0.0,392.0,360.0,402.0,723.0,555.0,832.0,868.0,5,spring,0.17,0.0,371.0
3,2024-05-31 10:00:00+00:00,0.0,0.0,0.0,0.0,0.1,0.0,0.0,597.0,640.0,553.0,805.0,661.0,855.0,947.0,5,spring,0.01,0.1,456.0
3,2024-05-31 11:00:00+00:00,0.0,0.0,0.0,0.0,0.1,0.0,0.0,748.0,835.0,661.0,823.0,721.0,859.0,980.0,5,spring,0.01,0.1,537.0
3,2024-05-31 12:00:00+00:00,0.0,0.0,0.0,0.0,0.1,0.0,0.0,780.0,830.0,678.0,765.0,719.0,874.0,967.0,5,spring,0.01,0.1,618.0
3,2024-05-31 13:00:00+00:00,0.0,0.0,0.0,0.1,0.0,1.7,0.0,731.0,708.0,632.0,649.0,664.0,869.0,907.0,5,spring,0.26,0.3,673.0
3,2024-05-31 14:00:00+00:00,0.0,0.0,0.0,0.1,0.0,1.7,0.0,630.0,567.0,546.0,520.0,555.0,804.0,804.0,5,spring,0.26,0.3,640.0
3,2024-05-31 15:00:00+00:00,0.0,0.0,0.0,0.1,0.0,1.7,0.0,504.0,452.0,442.0,405.0,404.0,684.0,678.0,5,spring,0.26,0.3,516.99994
3,2024-05-31 16:00:00+00:00,0.0,0.0,0.1,0.0,0.3,1.7,0.0,356.00003,329.00003,318.00003,289.0,248.0,523.00006,520.00006,5,spring,0.3,0.1,355.0
3,2024-05-31 17:00:00+00:00,0.0,0.0,0.1,0.0,0.3,1.7,0.0,199.0,189.0,181.0,164.0,122.0,323.99997,323.99997,5,spring,0.3,0.1,193.0
3,2024-05-31 18:00:00+00:00,0.0,0.0,0.1,0.0,0.3,1.7,0.0,62.000004,60.000004,57.000004,52.000004,37.0,122.000015,122.000015,5,spring,0.3,0.1,60.000004
3,2024-05-31 19:00:00+00:00,0.0,0.4,0.0,0.0,0.0,0.0,0.0,4.0,4.0,4.0,4.0,3.0,12.999998,12.999998,5,spring,0.06,0.0,4.0
3,2024-05-31 20:00:00+00:00,0.0,0.4,0.0,0.0,0.0,0.0,0.0,0.0,0.0,0.0,0.0,0.0,0.0,0.0,5,spring,0.06,0.0,0.0
3,2024-05-31 21:00:00+00:00,0.0,0.4,0.0,0.0,0.0,0.0,0.0,0.0,0.0,0.0,0.0,0.0,0.0,0.0,5,spring,0.06,0.0,0.0
3,2024-05-31 22:00:00+00:00,0.0,0.6,0.0,0.0,0.0,0.0,0.0,0.0,0.0,0.0,0.0,0.0,0.0,0.0,5,spring,0.09,0.0,0.0
3,2024-05-31 23:00:00+00:00,0.0,0.6,0.0,0.0,0.0,0.0,0.0,0.0,0.0,0.0,0.0,0.0,0.0,0.0,5,spring,0.09,0.0,0.0
3,2024-06-01 00:00:00+00:00,0.0,0.6,0.0,0.0,0.0,0.0,0.0,0.0,0.0,0.0,0.0,0.0,0.0,0.0,6,spring,0.09,0.0,0.0
3,2024-06-01 01:00:00+00:00,0.0,0.0,0.0,0.0,0.0,0.0,0.0,0.0,0.0,0.0,0.0,0.0,0.0,0.0,6,spring,0.0,0.0,0.0
3,2024-06-01 02:00:00+00:00,0.0,0.0,0.0,0.0,0.0,0.0,0.0,0.0,0.0,0.0,0.0,0.0,0.0,0.0,6,spring,0.0,0.0,0.0
3,2024-06-01 03:00:00+00:00,0.0,0.0,0.0,0.0,0.0,0.0,0.0,0.0,0.0,0.0,0.0,0.0,0.0,0.0,6,spring,0.0,0.0,0.0
3,2024-06-01 04:00:00+00:00,0.0,0.0,0.0,0.0,0.0,0.0,0.0,45.000008,45.000008,45.000008,43.000008,45.000008,69.000015,69.000015,6,spring,0.0,0.0,42.000008
3,2024-06-01 05:00:00+00:00,0.0,0.0,0.0,0.0,0.0,0.0,0.0,165.0,165.0,164.0,158.0,165.0,247.0,247.0,6,spring,0.0,0.0,152.0
3,2024-06-01 06:00:00+00:00,0.0,0.0,0.0,0.0,0.0,0.0,0.0,307.00003,305.00003,306.00003,293.0,310.00003,433.00003,428.00003,6,spring,0.0,0.0,290.0
3,2024-06-01 07:00:00+00:00,0.0,0.0,0.0,0.0,0.0,0.0,0.0,469.0,462.0,471.99997,449.0,479.0,613.0,600.0,6,spring,0.0,0.0,457.0
3,2024-06-01 08:00:00+00:00,0.0,0.0,0.0,0.0,0.0,0.0,0.0,621.0,609.00006,626.0,601.0,638.0,749.0,749.0,6,spring,0.0,0.0,615.0
3,2024-06-01 09:00:00+00:00,0.0,0.0,0.0,0.0,0.0,0.0,0.0,723.0,709.0,729.00006,728.0,747.0,784.0,868.0,6,spring,0.0,0.0,719.0
3,2024-06-01 10:00:00+00:00,0.0,0.0,0.0,0.0,0.0,0.2,0.0,774.0,760.0,779.0,819.0,802.0,733.0,947.0,6,spring,0.03,0.1,767.0
3,2024-06-01 11:00:00+00:00,0.0,0.0,0.0,0.0,0.0,0.2,0.0,788.0,775.0,789.0,862.0,812.0,688.0,981.0,6,spring,0.03,0.1,772.0
3,2024-06-01 12:00:00+00:00,0.0,0.0,0.0,0.0,0.0,0.2,0.0,775.0,767.0,765.0,850.0,781.0,717.0,967.0,6,spring,0.03,0.1,741.0
3,2024-06-01 13:00:00+00:00,0.0,0.0,0.0,0.0,0.0,0.1,0.0,727.0,722.0,705.0,787.0,709.0,760.0,908.0,6,spring,0.01,0.0,671.0
3,2024-06-01 14:00:00+00:00,0.0,0.0,0.0,0.0,0.0,0.1,0.0,633.99994,632.0,612.0,678.0,603.0,740.0,805.0,6,spring,0.01,0.0,572.0
3,2024-06-01 15:00:00+00:00,0.0,0.0,0.0,0.0,0.0,0.1,0.0,515.0,512.0,508.0,546.0,484.0,653.0,680.0,6,spring,0.01,0.0,465.0
3,2024-06-01 16:00:00+00:00,0.0,0.0,0.0,0.0,0.0,0.1,0.0,375.0,370.0,382.0,393.0,351.0,515.0,523.0,6,spring,0.01,0.0,343.0
3,2024-06-01 17:00:00+00:00,0.0,0.0,0.0,0.0,0.0,0.1,0.0,216.0,212.0,225.99998,224.99998,202.0,325.99997,325.99997,6,spring,0.01,0.0,199.0
3,2024-06-01 18:00:00+00:00,0.0,0.0,0.0,0.0,0.0,0.1,0.0,68.0,67.0,72.0,71.0,63.999996,123.999985,122.999985,6,spring,0.01,0.0,63.999996
3,2024-06-01 19:00:00+00:00,0.0,0.0,0.0,0.0,0.0,0.0,0.0,5.0,5.0,5.0,5.0,4.0,12.999998,12.999998,6,spring,0.0,0.0,4.0
3,2024-06-01 20:00:00+00:00,0.0,0.0,0.0,0.0,0.0,0.0,0.0,0.0,0.0,0.0,0.0,0.0,0.0,0.0,6,spring,0.0,0.0,0.0
3,2024-06-01 21:00:00+00:00,0.0,0.0,0.0,0.0,0.0,0.0,0.0,0.0,0.0,0.0,0.0,0.0,0.0,0.0,6,spring,0.0,0.0,0.0
3,2024-06-01 22:00:00+00:00,0.0,0.0,0.0,0.0,0.0,0.0,0.0,0.0,0.0,0.0,0.0,0.0,0.0,0.0,6,spring,0.0,0.0,0.0
3,2024-06-01 23:00:00+00:00,0.0,0.0,0.0,0.0,0.0,0.0,0.0,0.0,0.0,0.0,0.0,0.0,0.0,0.0,6,spring,0.0,0.0,0.0
3,2024-06-02 00:00:00+00:00,0.0,0.0,0.0,0.0,0.0,0.0,0.0,0.0,0.0,0.0,0.0,0.0,0.0,0.0,6,spring,0.0,0.0,0.0
3,2024-06-02 01:00:00+00:00,0.0,0.0,0.0,0.0,0.0,0.0,0.0,0.0,0.0,0.0,0.0,0.0,0.0,0.0,6,spring,0.0,0.0,0.0
3,2024-06-02 02:00:00+00:00,0.0,0.0,0.0,0.0,0.0,0.0,0.0,0.0,0.0,0.0,0.0,0.0,0.0,0.0,6,spring,0.0,0.0,0.0
3,2024-06-02 03:00:00+00:00,0.0,0.0,0.0,0.0,0.0,0.0,0.0,0.0,0.0,0.0,0.0,0.0,0.0,0.0,6,spring,0.0,0.0,0.0
3,2024-06-02 04:00:00+00:00,0.0,0.0,0.0,0.0,0.0,0.0,0.0,47.000004,47.000004,46.000004,46.000004,47.000004,70.00001,70.00001,6,spring,0.0,0.0,47.000004
3,2024-06-02 05:00:00+00:00,0.0,0.0,0.0,0.0,0.0,0.0,0.0,170.0,171.0,167.0,165.0,168.0,248.0,248.0,6,spring,0.0,0.0,170.0
3,2024-06-02 06:00:00+00:00,0.0,0.0,0.0,0.0,0.0,0.0,0.0,316.0,321.0,307.0,303.0,313.0,431.00006,429.0,6,spring,0.0,0.0,315.0
3,2024-06-02 07:00:00+00:00,0.0,0.0,0.0,0.0,0.0,0.0,0.0,483.0,496.0,465.0,456.0,480.0,605.0,600.0,6,spring,0.0,0.0,480.0
3,2024-06-02 08:00:00+00:00,0.0,0.0,0.0,0.0,0.0,0.0,0.0,644.0,656.0,620.0,603.0,633.0,750.0,750.0,6,spring,0.0,0.0,638.0
3,2024-06-02 09:00:00+00:00,0.0,0.0,0.0,0.0,0.0,0.0,0.0,765.0,749.0,752.0,721.0,736.0,837.0,869.0,6,spring,0.0,0.0,759.0
3,2024-06-02 10:00:00+00:00,0.0,0.0,0.0,0.0,0.0,0.0,0.3,841.0,777.0,852.0,801.0,781.0,868.0,948.0,6,spring,0.04,0.0,837.0
3,2024-06-02 11:00:00+00:00,0.0,0.0,0.0,0.0,0.0,0.0,0.3,872.0,775.0,897.0,836.0,763.0,875.0,982.0,6,spring,0.04,0.0,868.0
3,2024-06-02 12:00:00+00:00,0.0,0.0,0.0,0.0,0.0,0.0,0.3,866.0,775.0,877.0,829.0,667.0,886.0,968.0,6,spring,0.04,0.0,853.0
3,2024-06-02 13:00:00+00:00,0.0,0.0,0.0,0.0,0.1,0.0,0.9,814.0,746.0,799.0,773.0,524.0,876.0,909.0,6,spring,0.14,0.0,790.0
3,2024-06-02 14:00:00+00:00,0.0,0.0,0.0,0.0,0.1,0.0,0.9,699.0,652.0,680.0,661.0,398.0,807.0,807.0,6,spring,0.14,0.0,678.0
3,2024-06-02 15:00:00+00:00,0.0,0.0,0.0,0.0,0.1,0.0,0.9,535.0,498.0,545.0,504.0,322.0,687.0,681.0,6,spring,0.14,0.0,534.0
3,2024-06-02 16:00:00+00:00,0.0,0.0,0.0,0.0,3.6,0.0,0.9,355.0,326.0,393.0,333.0,252.0,526.0,524.0,6,spring,0.64,0.0,372.0
3,2024-06-02 17:00:00+00:00,0.0,0.0,0.0,0.0,3.6,0.0,0.9,188.99998,169.99998,224.99997,176.99998,154.0,327.99997,327.99997,6,spring,0.64,0.0,207.99997
3,2024-06-02 18:00:00+00:00,0.0,0.0,0.0,0.0,3.6,0.0,0.9,58.999996,51.0,71.0,54.999996,51.0,125.999985,125.999985,6,spring,0.64,0.0,65.0
3,2024-06-02 19:00:00+00:00,0.0,1.2,0.0,0.3,0.7,0.0,0.0,4.0,3.0000002,5.0,4.0,4.0,13.999996,13.999996,6,spring,0.31,0.0,5.0
3,2024-06-02 20:00:00+00:00,0.0,1.2,0.0,0.3,0.7,0.0,0.0,0.0,0.0,0.0,0.0,0.0,0.0,0.0,6,spring,0.31,0.0,0.0
3,2024-06-02 21:00:00+00:00,0.0,1.2,0.0,0.3,0.7,0.0,0.0,0.0,0.0,0.0,0.0,0.0,0.0,0.0,6,spring,0.31,0.0,0.0
3,2024-06-02 22:00:00+00:00,0.0,2.2,0.0,0.3,0.0,0.0,0.0,0.0,0.0,0.0,0.0,0.0,0.0,0.0,6,spring,0.36,1.7,0.0
3,2024-06-02 23:00:00+00:00,0.0,2.2,0.0,0.3,0.0,0.0,0.0,0.0,0.0,0.0,0.0,0.0,0.0,0.0,6,spring,0.36,1.7,0.0
3,2024-06-03 00:00:00+00:00,0.0,2.2,0.0,0.3,0.0,0.0,0.0,0.0,0.0,0.0,0.0,0.0,0.0,0.0,6,spring,0.36,1.7,0.0
3,2024-06-03 01:00:00+00:00,0.0,0.0,0.4,0.0,0.0,0.0,0.0,0.0,0.0,0.0,0.0,0.0,0.0,0.0,6,spring,0.06,0.0,0.0
3,2024-06-03 02:00:00+00:00,0.0,0.0,0.4,0.0,0.0,0.0,0.0,0.0,0.0,0.0,0.0,0.0,0.0,0.0,6,spring,0.06,0.0,0.0
3,2024-06-03 03:00:00+00:00,0.0,0.0,0.4,0.0,0.0,0.0,0.0,0.0,0.0,0.0,0.0,0.0,0.0,0.0,6,spring,0.06,0.0,0.0
3,2024-06-03 04:00:00+00:00,0.0,0.0,0.0,0.1,0.5,0.0,0.0,26.0,23.0,31.999998,25.0,35.999996,59.999992,70.99999,6,spring,0.09,0.0,26.999998
3,2024-06-03 05:00:00+00:00,0.0,0.0,0.0,0.1,0.5,0.0,0.0,93.0,87.0,113.0,91.0,130.0,211.0,249.0,6,spring,0.09,0.0,95.0
3,2024-06-03 06:00:00+00:00,0.0,0.0,0.0,0.1,0.5,0.0,0.0,177.0,187.0,190.0,174.0,260.99997,377.99994,429.99997,6,spring,0.09,0.0,144.0
3,2024-06-03 07:00:00+00:00,0.0,0.0,0.0,0.0,0.0,0.4,0.0,282.0,334.0,259.0,278.0,435.0,551.99994,601.0,6,spring,0.06,0.3,169.0
3,2024-06-03 08:00:00+00:00,0.0,0.0,0.0,0.0,0.0,0.4,0.0,403.0,492.0,341.0,388.0,589.0,694.0,750.0,6,spring,0.06,0.3,219.0
3,2024-06-03 09:00:00+00:00,0.0,0.0,0.0,0.0,0.0,0.4,0.0,548.0,622.0,481.0,494.0,637.0,741.0,873.0,6,spring,0.06,0.3,383.0
3,2024-06-03 10:00:00+00:00,0.0,0.1,0.1,0.1,0.9,0.0,0.0,695.0,715.0,650.0,584.0,592.0,708.0,957.0,6,spring,0.17,0.0,620.0
3,2024-06-03 11:00:00+00:00,0.0,0.1,0.1,0.1,0.9,0.0,0.0,759.0,743.0,731.0,630.0,534.0,679.0,982.0,6,spring,0.17,0.0,773.0
3,2024-06-03 12:00:00+00:00,0.0,0.1,0.1,0.1,0.9,0.0,0.0,667.0,673.0,626.0,613.0,514.0,711.0,938.0,6,spring,0.17,0.0,733.0
3,2024-06-03 13:00:00+00:00,2.7,1.3,2.1,0.1,0.4,0.3,0.1,493.0,543.0,432.0,548.0,497.0,751.0,838.0,6,spring,1.0,2.7,587.0
3,2024-06-03 14:00:00+00:00,2.7,1.3,2.1,0.1,0.4,0.3,0.1,360.0,432.0,298.0,459.0,445.0,731.0,700.0,6,spring,1.0,2.7,459.0
3,2024-06-03 15:00:00+00:00,2.7,1.3,2.1,0.1,0.4,0.3,0.1,323.0,383.0,285.0,364.0,365.0,647.0,543.0,6,spring,1.0,2.7,401.0
3,2024-06-03 16:00:00+00:00,0.0,0.0,0.1,1.4,3.7,0.3,0.1,289.0,327.0,277.0,261.0,268.0,513.0,378.0,6,spring,0.8,0.0,335.0
3,2024-06-03 17:00:00+00:00,0.0,0.0,0.1,1.4,3.7,0.3,0.1,191.0,211.0,192.0,149.0,154.0,328.0,219.0,6,spring,0.8,0.0,214.00002
3,2024-06-03 18:00:00+00:00,0.0,0.0,0.1,1.4,3.7,0.3,0.1,64.0,70.00001,66.0,48.0,48.0,129.00002,81.00001,6,spring,0.8,0.0,71.00001
3,2024-06-03 19:00:00+00:00,0.0,0.0,0.0,0.0,1.8,0.1,0.3,5.0,5.0,5.0,4.0,3.0,15.0,9.0,6,spring,0.31,0.0,5.0
3,2024-06-03 20:00:00+00:00,0.0,0.0,0.0,0.0,1.8,0.1,0.3,0.0,0.0,0.0,0.0,0.0,0.0,0.0,6,spring,0.31,0.0,0.0
3,2024-06-03 21:00:00+00:00,0.0,0.0,0.0,0.0,1.8,0.1,0.3,0.0,0.0,0.0,0.0,0.0,0.0,0.0,6,spring,0.31,0.0,0.0
3,2024-06-03 22:00:00+00:00,0.0,0.0,0.0,0.1,0.0,0.8,0.0,0.0,0.0,0.0,0.0,0.0,0.0,0.0,6,spring,0.13,0.0,0.0
3,2024-06-03 23:00:00+00:00,0.0,0.0,0.0,0.1,0.0,0.8,0.0,0.0,0.0,0.0,0.0,0.0,0.0,0.0,6,spring,0.13,0.0,0.0
3,2024-06-04 00:00:00+00:00,0.0,0.0,0.0,0.1,0.0,0.8,0.0,0.0,0.0,0.0,0.0,0.0,0.0,0.0,6,spring,0.13,0.0,0.0
3,2024-06-04 01:00:00+00:00,0.0,0.0,0.0,0.0,0.0,0.1,0.0,0.0,0.0,0.0,0.0,0.0,0.0,0.0,6,spring,0.01,0.0,0.0
3,2024-06-04 02:00:00+00:00,0.0,0.0,0.0,0.0,0.0,0.1,0.0,0.0,0.0,0.0,0.0,0.0,0.0,0.0,6,spring,0.01,0.0,0.0
3,2024-06-04 03:00:00+00:00,0.0,0.0,0.0,0.0,0.0,0.1,0.0,0.0,0.0,0.0,0.0,0.0,0.0,0.0,6,spring,0.01,0.0,0.0
3,2024-06-04 04:00:00+00:00,0.0,0.0,0.0,0.1,0.0,0.1,0.0,46.0,46.0,36.0,19.0,46.0,38.0,72.0,6,spring,0.03,0.0,27.0
3,2024-06-04 05:00:00+00:00,0.0,0.0,0.0,0.1,0.0,0.1,0.0,163.0,161.0,128.0,68.0,164.0,135.0,250.0,6,spring,0.03,0.0,97.0
3,2024-06-04 06:00:00+00:00,0.0,0.0,0.0,0.1,0.0,0.1,0.0,299.0,297.0,229.0,123.0,307.0,265.0,431.0,6,spring,0.03,0.0,186.0
3,2024-06-04 07:00:00+00:00,0.2,0.2,0.0,0.1,0.0,0.0,0.2,451.0,451.0,338.0,187.0,475.0,429.0,602.0,6,spring,0.1,0.1,300.0
3,2024-06-04 08:00:00+00:00,0.2,0.2,0.0,0.1,0.0,0.0,0.2,585.0,594.0,452.0,277.0,626.0,579.0,751.0,6,spring,0.1,0.1,425.0
3,2024-06-04 09:00:00+00:00,0.2,0.2,0.0,0.1,0.0,0.0,0.2,655.0,692.0,573.0,425.0,700.0,640.0,870.0,6,spring,0.1,0.1,555.0
3,2024-06-04 10:00:00+00:00,0.1,0.0,0.0,0.2,0.1,0.0,0.1,665.0,741.0,687.0,607.0,705.0,625.0,949.0,6,spring,0.07,0.1,675.0
3,2024-06-04 11:00:00+00:00,0.1,0.0,0.0,0.2,0.1,0.0,0.1,661.0,756.0,753.0,739.0,695.0,615.0,983.0,6,spring,0.07,0.1,741.0
3,2024-06-04 12:00:00+00:00,0.1,0.0,0.0,0.2,0.1,0.0,0.1,676.0,751.0,747.0,767.0,712.0,662.0,970.0,6,spring,0.07,0.1,720.0
3,2024-06-04 13:00:00+00:00,0.0,0.1,0.0,0.0,0.1,0.0,0.1,677.0,713.0,684.0,718.0,716.0,712.0,910.0,6,spring,0.04,0.1,638.0
3,2024-06-04 14:00:00+00:00,0.0,0.1,0.0,0.0,0.1,0.0,0.1,619.0,625.0,581.0,624.0,659.0,703.0,809.0,6,spring,0.04,0.1,540.0
3,2024-06-04 15:00:00+00:00,0.0,0.1,0.0,0.0,0.1,0.0,0.1,506.0,501.0,459.0,510.0,543.0,635.0,685.0,6,spring,0.04,0.1,457.0
3,2024-06-04 16:00:00+00:00,0.0,0.0,0.1,0.1,0.0,0.0,0.1,364.0,357.0,323.0,371.0,396.0,512.99994,529.0,6,spring,0.04,0.0,356.0
3,2024-06-04 17:00:00+00:00,0.0,0.0,0.1,0.1,0.0,0.0,0.1,208.0,203.0,181.0,215.0,230.0,331.0,331.0,6,spring,0.04,0.0,217.0
3,2024-06-04 18:00:00+00:00,0.0,0.0,0.1,0.1,0.0,0.0,0.1,67.0,65.0,58.0,69.0,76.0,131.00002,127.00001,6,spring,0.04,0.0,71.0
3,2024-06-04 19:00:00+00:00,0.0,0.0,0.0,0.0,0.0,0.0,0.0,5.0,5.0,4.0,5.0,6.0,15.000002,15.000002,6,spring,0.0,0.0,5.0
3,2024-06-04 20:00:00+00:00,0.0,0.0,0.0,0.0,0.0,0.0,0.0,0.0,0.0,0.0,0.0,0.0,0.0,0.0,6,spring,0.0,0.0,0.0
3,2024-06-04 21:00:00+00:00,0.0,0.0,0.0,0.0,0.0,0.0,0.0,0.0,0.0,0.0,0.0,0.0,0.0,0.0,6,spring,0.0,0.0,0.0
3,2024-06-04 22:00:00+00:00,0.0,0.0,0.0,0.0,0.0,0.0,0.0,0.0,0.0,0.0,0.0,0.0,0.0,0.0,6,spring,0.0,0.0,0.0
3,2024-06-04 23:00:00+00:00,0.0,0.0,0.0,0.0,0.0,0.0,0.0,0.0,0.0,0.0,0.0,0.0,0.0,0.0,6,spring,0.0,0.0,0.0
3,2024-06-05 00:00:00+00:00,0.0,0.0,0.0,0.0,0.0,0.0,0.0,0.0,0.0,0.0,0.0,0.0,0.0,0.0,6,spring,0.0,0.0,0.0
3,2024-06-05 01:00:00+00:00,0.0,0.0,0.0,0.0,0.0,0.0,0.0,0.0,0.0,0.0,0.0,0.0,0.0,0.0,6,spring,0.0,0.0,0.0
3,2024-06-05 02:00:00+00:00,0.0,0.0,0.0,0.0,0.0,0.0,0.0,0.0,0.0,0.0,0.0,0.0,0.0,0.0,6,spring,0.0,0.0,0.0
3,2024-06-05 03:00:00+00:00,0.0,0.0,0.0,0.0,0.0,0.0,0.0,0.0,0.0,0.0,0.0,0.0,0.0,0.0,6,spring,0.0,0.0,0.0
3,2024-06-05 04:00:00+00:00,0.0,0.0,0.0,0.0,0.0,0.0,0.0,40.0,36.0,47.000004,47.000004,48.000004,73.00001,73.00001,6,spring,0.0,0.0,37.0
3,2024-06-05 05:00:00+00:00,0.0,0.0,0.0,0.0,0.0,0.0,0.0,139.0,127.0,164.0,163.0,167.0,251.0,251.0,6,spring,0.0,0.0,131.0
3,2024-06-05 06:00:00+00:00,0.0,0.0,0.0,0.0,0.0,0.0,0.0,262.0,241.0,304.0,300.0,312.0,433.0,431.0,6,spring,0.0,0.0,257.0
3,2024-06-05 07:00:00+00:00,0.1,0.1,0.1,0.1,0.0,0.0,0.0,408.0,383.0,466.0,454.0,483.0,606.0,602.0,6,spring,0.06,0.1,416.0
3,2024-06-05 08:00:00+00:00,0.1,0.1,0.1,0.1,0.0,0.0,0.0,544.0,518.0,614.0,600.0,644.0,751.0,751.0,6,spring,0.06,0.1,565.0
3,2024-06-05 09:00:00+00:00,0.1,0.1,0.1,0.1,0.0,0.0,0.0,626.0,605.0,700.0,709.0,749.0,843.0,870.0,6,spring,0.06,0.1,643.0
3,2024-06-05 10:00:00+00:00,0.1,0.1,0.1,0.1,0.0,0.0,0.0,655.0,644.0,728.0,773.0,798.0,881.0,949.0,6,spring,0.06,0.0,656.0
3,2024-06-05 11:00:00+00:00,0.1,0.1,0.1,0.1,0.0,0.0,0.0,656.0,657.0,727.0,794.0,810.0,892.0,983.0,6,spring,0.06,0.0,646.0
3,2024-06-05 12:00:00+00:00,0.1,0.1,0.1,0.1,0.0,0.0,0.0,647.0,665.0,719.0,770.0,799.0,900.0,970.0,6,spring,0.06,0.0,644.0
3,2024-06-05 13:00:00+00:00,0.0,0.0,0.0,0.0,0.0,0.0,0.0,613.0,646.0,686.0,703.0,752.0,883.0,911.0,6,spring,0.0,0.0,624.0
3,2024-06-05 14:00:00+00:00,0.0,0.0,0.0,0.0,0.0,0.0,0.0,543.0,580.0,608.0,603.0,658.0,810.0,810.0,6,spring,0.0,0.0,560.0
3,2024-06-05 15:00:00+00:00,0.0,0.0,0.0,0.0,0.0,0.0,0.0,450.0,479.0,499.0,491.0,532.0,690.0,685.0,6,spring,0.0,0.0,461.0
3,2024-06-05 16:00:00+00:00,0.0,0.0,0.2,0.0,0.0,0.0,0.0,337.0,352.0,367.0,362.0,385.0,531.0,528.0,6,spring,0.03,0.0,339.0
3,2024-06-05 17:00:00+00:00,0.0,0.0,0.2,0.0,0.0,0.0,0.0,199.0,205.0,214.00002,212.0,223.00002,333.0,333.0,6,spring,0.03,0.0,198.0
3,2024-06-05 18:00:00+00:00,0.0,0.0,0.2,0.0,0.0,0.0,0.0,65.0,67.0,70.0,69.0,73.99999,129.99998,131.99998,6,spring,0.03,0.0,65.0
3,2024-06-05 19:00:00+00:00,0.0,0.0,0.0,0.0,0.0,0.0,0.0,5.0,5.0,5.0,5.0,6.0,16.0,16.0,6,spring,0.0,0.0,5.0
3,2024-06-05 20:00:00+00:00,0.0,0.0,0.0,0.0,0.0,0.0,0.0,0.0,0.0,0.0,0.0,0.0,0.0,0.0,6,spring,0.0,0.0,0.0
3,2024-06-05 21:00:00+00:00,0.0,0.0,0.0,0.0,0.0,0.0,0.0,0.0,0.0,0.0,0.0,0.0,0.0,0.0,6,spring,0.0,0.0,0.0
3,2024-06-05 22:00:00+00:00,0.0,0.0,0.0,0.0,0.0,0.0,0.0,0.0,0.0,0.0,0.0,0.0,0.0,0.0,6,spring,0.0,0.0,0.0
3,2024-06-05 23:00:00+00:00,0.0,0.0,0.0,0.0,0.0,0.0,0.0,0.0,0.0,0.0,0.0,0.0,0.0,0.0,6,spring,0.0,0.0,0.0
3,2024-06-06 00:00:00+00:00,0.0,0.0,0.0,0.0,0.0,0.0,0.0,0.0,0.0,0.0,0.0,0.0,0.0,0.0,6,spring,0.0,0.0,0.0
3,2024-06-06 01:00:00+00:00,0.0,0.0,0.0,0.0,0.0,0.0,0.0,0.0,0.0,0.0,0.0,0.0,0.0,0.0,6,spring,0.0,0.0,0.0
3,2024-06-06 02:00:00+00:00,0.0,0.0,0.0,0.0,0.0,0.0,0.0,0.0,0.0,0.0,0.0,0.0,0.0,0.0,6,spring,0.0,0.0,0.0
3,2024-06-06 03:00:00+00:00,0.0,0.0,0.0,0.0,0.0,0.0,0.0,0.0,0.0,0.0,0.0,0.0,0.0,0.0,6,spring,0.0,0.0,0.0
3,2024-06-06 04:00:00+00:00,0.0,0.0,0.0,0.0,0.0,0.0,0.0,47.0,49.0,48.000004,49.0,48.000004,74.0,74.0,6,spring,0.0,0.0,49.0
3,2024-06-06 05:00:00+00:00,0.0,0.0,0.0,0.0,0.0,0.0,0.0,163.0,168.0,166.0,168.0,165.0,251.0,251.0,6,spring,0.0,0.0,168.0
3,2024-06-06 06:00:00+00:00,0.0,0.0,0.0,0.0,0.0,0.0,0.0,307.0,312.0,308.0,312.0,305.0,434.0,431.0,6,spring,0.0,0.0,311.0
3,2024-06-06 07:00:00+00:00,0.0,0.0,0.0,0.0,0.1,0.0,0.0,479.0,480.0,474.0,478.0,465.0,609.0,602.0,6,spring,0.01,0.0,476.0
3,2024-06-06 08:00:00+00:00,0.0,0.0,0.0,0.0,0.1,0.0,0.0,646.0,640.0,633.0,636.0,619.0,751.0,751.0,6,spring,0.01,0.0,630.0
3,2024-06-06 09:00:00+00:00,0.0,0.0,0.0,0.0,0.1,0.0,0.0,769.0,754.0,749.0,745.0,733.00006,824.0,870.0,6,spring,0.01,0.0,734.0
3,2024-06-06 10:00:00+00:00,0.0,0.0,0.0,0.0,0.0,0.0,0.0,843.0,819.0,818.0,802.0,803.0,831.0,949.0,6,spring,0.0,0.0,786.0
3,2024-06-06 11:00:00+00:00,0.0,0.0,0.0,0.0,0.0,0.0,0.0,870.0,840.0,842.0,820.0,829.0,825.0,984.0,6,spring,0.0,0.0,801.0
3,2024-06-06 12:00:00+00:00,0.0,0.0,0.0,0.0,0.0,0.0,0.0,854.0,826.0,826.0,808.0,815.0,844.0,971.0,6,spring,0.0,0.0,789.0
3,2024-06-06 13:00:00+00:00,0.0,0.0,0.0,0.0,0.0,0.0,0.0,790.0,769.0,765.0,756.0,756.0,851.0,912.0,6,spring,0.0,0.0,740.0
3,2024-06-06 14:00:00+00:00,0.0,0.0,0.0,0.0,0.0,0.0,0.0,684.0,668.99994,663.0,661.0,653.0,798.0,811.0,6,spring,0.0,0.0,649.0
3,2024-06-06 15:00:00+00:00,0.0,0.0,0.0,0.0,0.0,0.0,0.0,554.99994,545.0,537.0,539.0,526.0,685.0,687.0,6,spring,0.0,0.0,533.99994
3,2024-06-06 16:00:00+00:00,0.0,0.0,0.0,0.0,0.0,0.0,0.0,406.0,401.00003,392.0,396.0,380.0,529.0,531.00006,6,spring,0.0,0.0,395.0
3,2024-06-06 17:00:00+00:00,0.0,0.0,0.0,0.0,0.0,0.0,0.0,237.0,235.0,229.0,232.0,220.0,335.0,335.0,6,spring,0.0,0.0,233.0
3,2024-06-06 18:00:00+00:00,0.0,0.0,0.0,0.0,0.0,0.0,0.0,79.0,79.0,76.0,78.0,73.0,134.0,132.0,6,spring,0.0,0.0,78.0
3,2024-06-06 19:00:00+00:00,0.0,0.0,0.0,0.0,0.0,0.0,0.0,7.0,7.0,6.0,6.0,6.0,17.0,17.0,6,spring,0.0,0.0,7.0
3,2024-06-06 20:00:00+00:00,0.0,0.0,0.0,0.0,0.0,0.0,0.0,0.0,0.0,0.0,0.0,0.0,0.0,0.0,6,spring,0.0,0.0,0.0
3,2024-06-06 21:00:00+00:00,0.0,0.0,0.0,0.0,0.0,0.0,0.0,0.0,0.0,0.0,0.0,0.0,0.0,0.0,6,spring,0.0,0.0,0.0
3,2024-06-06 22:00:00+00:00,0.0,0.0,0.0,0.0,0.0,0.0,0.0,0.0,0.0,0.0,0.0,0.0,0.0,0.0,6,spring,0.0,0.0,0.0
3,2024-06-06 23:00:00+00:00,0.0,0.0,0.0,0.0,0.0,0.0,0.0,0.0,0.0,0.0,0.0,0.0,0.0,0.0,6,spring,0.0,0.0,0.0
3,2024-06-07 00:00:00+00:00,0.0,0.0,0.0,0.0,0.0,0.0,0.0,0.0,0.0,0.0,0.0,0.0,0.0,0.0,6,spring,0.0,0.0,0.0
3,2024-06-07 01:00:00+00:00,0.0,0.0,0.0,0.0,0.0,0.0,0.0,0.0,0.0,0.0,0.0,0.0,0.0,0.0,6,spring,0.0,0.0,0.0
3,2024-06-07 02:00:00+00:00,0.0,0.0,0.0,0.0,0.0,0.0,0.0,0.0,0.0,0.0,0.0,0.0,0.0,0.0,6,spring,0.0,0.0,0.0
3,2024-06-07 03:00:00+00:00,0.0,0.0,0.0,0.0,0.0,0.0,0.0,0.0,0.0,0.0,0.0,0.0,0.0,0.0,6,spring,0.0,0.0,0.0
3,2024-06-07 04:00:00+00:00,0.0,0.0,0.0,0.0,0.0,0.0,0.0,48.999992,47.999992,46.999992,48.999992,47.999992,74.999985,74.999985,6,spring,0.0,0.0,48.999992
3,2024-06-07 05:00:00+00:00,0.0,0.0,0.0,0.0,0.0,0.0,0.0,168.00002,165.00002,162.00002,169.00002,166.00002,252.00003,252.00003,6,spring,0.0,0.0,169.00002
3,2024-06-07 06:00:00+00:00,0.0,0.0,0.0,0.0,0.0,0.0,0.0,312.0,306.0,305.0,314.0,309.0,434.0,432.0,6,spring,0.0,0.0,311.0
3,2024-06-07 07:00:00+00:00,0.0,0.0,0.0,0.0,0.0,0.0,0.0,481.0,469.0,476.0,484.0,477.0,609.0,603.0,6,spring,0.0,0.0,475.0
3,2024-06-07 08:00:00+00:00,0.0,0.0,0.0,0.0,0.0,0.0,0.0,644.00006,628.0,638.0,643.00006,637.0,752.0,752.0,6,spring,0.0,0.0,631.0
3,2024-06-07 09:00:00+00:00,0.0,0.0,0.0,0.0,0.0,0.0,0.0,768.0,752.0,745.0,753.0,748.0,831.0,870.0,6,spring,0.0,0.0,750.0
3,2024-06-07 10:00:00+00:00,0.0,0.0,0.0,0.0,0.0,0.0,0.0,846.0,834.0,796.0,810.0,808.0,850.0,949.0,6,spring,0.0,0.0,823.0
3,2024-06-07 11:00:00+00:00,0.0,0.0,0.0,0.0,0.0,0.0,0.0,866.0,860.0,803.0,817.0,825.0,852.0,984.0,6,spring,0.0,0.0,842.0
3,2024-06-07 12:00:00+00:00,0.0,0.0,0.0,0.0,0.0,0.0,0.0,820.0,819.0,777.0,778.0,809.0,870.0,971.0,6,spring,0.0,0.0,799.0
3,2024-06-07 13:00:00+00:00,0.0,0.0,0.0,0.0,0.0,0.0,0.0,721.0,724.0,711.0,694.0,751.0,872.0,912.0,6,spring,0.0,0.0,704.0
3,2024-06-07 14:00:00+00:00,0.0,0.0,0.0,0.0,0.0,0.0,0.0,597.0,603.0,607.0,579.0,652.0,812.0,812.0,6,spring,0.0,0.0,586.0
3,2024-06-07 15:00:00+00:00,0.0,0.0,0.0,0.0,0.0,0.0,0.0,471.0,481.0,480.0,451.0,530.0,694.0,687.0,6,spring,0.0,0.0,471.0
3,2024-06-07 16:00:00+00:00,0.0,0.0,0.0,0.0,0.0,0.0,0.0,338.0,350.0,340.0,315.0,388.0,534.0,531.0,6,spring,0.0,0.0,346.0
3,2024-06-07 17:00:00+00:00,0.0,0.0,0.0,0.0,0.0,0.0,0.0,196.00002,205.00002,195.00002,178.0,227.00003,336.00003,336.00003,6,spring,0.0,0.0,204.00002
3,2024-06-07 18:00:00+00:00,0.0,0.0,0.0,0.0,0.0,0.0,0.0,66.0,68.99999,65.0,59.999996,75.99999,134.99998,134.99998,6,spring,0.0,0.0,68.99999
3,2024-06-07 19:00:00+00:00,0.0,0.0,0.0,0.0,0.0,0.0,0.0,6.0,6.0,6.0,5.0,7.0,17.999998,17.999998,6,spring,0.0,0.0,6.0
3,2024-06-07 20:00:00+00:00,0.0,0.0,0.0,0.0,0.0,0.0,0.0,0.0,0.0,0.0,0.0,0.0,0.0,0.0,6,spring,0.0,0.0,0.0
3,2024-06-07 21:00:00+00:00,0.0,0.0,0.0,0.0,0.0,0.0,0.0,0.0,0.0,0.0,0.0,0.0,0.0,0.0,6,spring,0.0,0.0,0.0
3,2024-06-07 22:00:00+00:00,0.0,0.0,0.0,0.0,0.0,0.0,0.0,0.0,0.0,0.0,0.0,0.0,0.0,0.0,6,spring,0.0,0.0,0.0
3,2024-06-07 23:00:00+00:00,0.0,0.0,0.0,0.0,0.0,0.0,0.0,0.0,0.0,0.0,0.0,0.0,0.0,0.0,6,spring,0.0,0.0,0.0
3,2024-06-08 00:00:00+00:00,0.0,0.0,0.0,0.0,0.0,0.0,0.0,0.0,0.0,0.0,0.0,0.0,0.0,0.0,6,spring,0.0,0.0,0.0
3,2024-06-08 01:00:00+00:00,0.0,0.0,0.0,0.0,0.0,0.0,0.0,0.0,0.0,0.0,0.0,0.0,0.0,0.0,6,spring,0.0,0.0,0.0
3,2024-06-08 02:00:00+00:00,0.0,0.0,0.0,0.0,0.0,0.0,0.0,0.0,0.0,0.0,0.0,0.0,0.0,0.0,6,spring,0.0,0.0,0.0
3,2024-06-08 03:00:00+00:00,0.0,0.0,0.0,0.0,0.0,0.0,0.0,0.0,0.0,0.0,0.0,0.0,0.0,0.0,6,spring,0.0,0.0,0.0
3,2024-06-08 04:00:00+00:00,0.0,0.0,0.0,0.0,0.0,0.0,0.0,46.999996,44.999996,47.999996,47.999996,47.999996,74.99999,74.99999,6,spring,0.0,0.0,46.999996
3,2024-06-08 05:00:00+00:00,0.0,0.0,0.0,0.0,0.0,0.0,0.0,160.0,155.0,165.0,163.0,164.0,252.0,252.0,6,spring,0.0,0.0,162.0
3,2024-06-08 06:00:00+00:00,0.0,0.0,0.0,0.0,0.0,0.0,0.0,301.0,294.0,308.0,303.0,306.0,435.0,432.0,6,spring,0.0,0.0,300.0
3,2024-06-08 07:00:00+00:00,0.0,0.0,0.0,0.0,0.0,0.0,0.0,470.99994,463.0,476.0,468.0,473.0,611.0,602.0,6,spring,0.0,0.0,462.0
3,2024-06-08 08:00:00+00:00,0.0,0.0,0.0,0.0,0.0,0.0,0.0,636.0,625.0,636.0,625.0,628.0,752.0,752.0,6,spring,0.0,0.0,619.0
3,2024-06-08 09:00:00+00:00,0.0,0.0,0.0,0.0,0.0,0.0,0.0,758.0,736.0,746.0,737.0,724.0,817.0,871.0,6,spring,0.0,0.0,739.0
3,2024-06-08 10:00:00+00:00,0.0,0.0,0.0,0.0,0.0,0.0,0.0,831.0,793.0,804.0,800.0,762.0,813.0,950.0,6,spring,0.0,0.0,817.0
3,2024-06-08 11:00:00+00:00,0.0,0.0,0.0,0.0,0.0,0.0,0.0,855.0,808.0,822.0,823.0,760.0,800.0,984.0,6,spring,0.0,0.0,845.0
3,2024-06-08 12:00:00+00:00,0.0,0.0,0.0,0.0,0.0,0.0,0.0,833.0,797.0,811.0,816.0,734.0,820.0,972.0,6,spring,0.0,0.0,829.0
3,2024-06-08 13:00:00+00:00,0.0,0.0,0.0,0.0,0.1,0.0,0.0,763.0,746.0,761.0,769.0,674.0,835.0,913.0,6,spring,0.01,0.0,763.0
3,2024-06-08 14:00:00+00:00,0.0,0.0,0.0,0.0,0.1,0.0,0.0,639.0,632.0,662.0,672.0,577.0,788.0,813.0,6,spring,0.01,0.0,642.0
3,2024-06-08 15:00:00+00:00,0.0,0.0,0.0,0.0,0.1,0.0,0.0,475.0,463.0,530.0,540.0,459.0,682.0,689.0,6,spring,0.01,0.0,478.0
3,2024-06-08 16:00:00+00:00,0.0,0.1,0.0,0.0,0.0,0.0,0.0,305.0,286.0,378.0,387.0,327.0,532.0,533.0,6,spring,0.01,0.0,307.0
3,2024-06-08 17:00:00+00:00,0.0,0.1,0.0,0.0,0.0,0.0,0.0,158.0,143.0,216.00002,223.00003,188.00002,338.00003,338.00003,6,spring,0.01,0.0,159.0
3,2024-06-08 18:00:00+00:00,0.0,0.1,0.0,0.0,0.0,0.0,0.0,50.0,45.0,71.0,75.0,63.0,136.0,136.0,6,spring,0.01,0.0,51.0
3,2024-06-08 19:00:00+00:00,0.0,0.0,0.0,0.0,0.0,0.0,0.0,4.0,4.0,6.0,7.0,6.0,17.999998,17.999998,6,spring,0.0,0.0,4.0
3,2024-06-08 20:00:00+00:00,0.0,0.0,0.0,0.0,0.0,0.0,0.0,0.0,0.0,0.0,0.0,0.0,0.0,0.0,6,spring,0.0,0.0,0.0
3,2024-06-08 21:00:00+00:00,0.0,0.0,0.0,0.0,0.0,0.0,0.0,0.0,0.0,0.0,0.0,0.0,0.0,0.0,6,spring,0.0,0.0,0.0
3,2024-06-08 22:00:00+00:00,0.0,0.0,0.0,0.0,0.0,0.0,0.0,0.0,0.0,0.0,0.0,0.0,0.0,0.0,6,spring,0.0,0.0,0.0
3,2024-06-08 23:00:00+00:00,0.0,0.0,0.0,0.0,0.0,0.0,0.0,0.0,0.0,0.0,0.0,0.0,0.0,0.0,6,spring,0.0,0.0,0.0
3,2024-06-09 00:00:00+00:00,0.0,0.0,0.0,0.0,0.0,0.0,0.0,0.0,0.0,0.0,0.0,0.0,0.0,0.0,6,spring,0.0,0.0,0.0
3,2024-06-09 01:00:00+00:00,0.0,0.0,0.0,0.0,0.0,0.0,0.0,0.0,0.0,0.0,0.0,0.0,0.0,0.0,6,spring,0.0,0.1,0.0
3,2024-06-09 02:00:00+00:00,0.0,0.0,0.0,0.0,0.0,0.0,0.0,0.0,0.0,0.0,0.0,0.0,0.0,0.0,6,spring,0.0,0.1,0.0
3,2024-06-09 03:00:00+00:00,0.0,0.0,0.0,0.0,0.0,0.0,0.0,0.0,0.0,0.0,0.0,0.0,0.0,0.0,6,spring,0.0,0.1,0.0
3,2024-06-09 04:00:00+00:00,0.0,0.0,0.0,0.0,0.0,0.0,0.0,47.0,49.0,43.0,49.0,47.0,76.0,76.0,6,spring,0.0,0.0,49.0
3,2024-06-09 05:00:00+00:00,0.0,0.0,0.0,0.0,0.0,0.0,0.0,158.99998,164.99998,147.99998,165.99997,159.99998,252.99997,252.99997,6,spring,0.0,0.0,164.99998
3,2024-06-09 06:00:00+00:00,0.0,0.0,0.0,0.0,0.0,0.0,0.0,300.0,307.0,283.0,306.0,301.0,435.0,431.99997,6,spring,0.0,0.0,307.0
3,2024-06-09 07:00:00+00:00,0.0,0.0,0.0,0.0,0.0,0.0,0.0,470.0,474.0,451.0,468.0,471.0,611.0,603.0,6,spring,0.0,0.0,474.0
3,2024-06-09 08:00:00+00:00,0.0,0.0,0.0,0.0,0.0,0.0,0.0,636.99994,635.0,616.0,626.0,638.0,752.0,752.0,6,spring,0.0,0.0,629.0
3,2024-06-09 09:00:00+00:00,0.0,0.0,0.0,0.0,0.0,0.0,0.0,766.0,754.0,740.0,751.0,766.0,819.0,871.0,6,spring,0.0,0.0,724.0
3,2024-06-09 10:00:00+00:00,0.0,0.0,0.0,0.0,0.0,0.0,0.0,848.0,826.0,817.0,836.0,846.0,819.0,950.0,6,spring,0.0,0.0,760.0
3,2024-06-09 11:00:00+00:00,0.0,0.0,0.0,0.0,0.0,0.0,0.0,868.0,854.0,849.0,874.0,868.0,808.0,985.0,6,spring,0.0,0.0,757.0
3,2024-06-09 12:00:00+00:00,0.0,0.0,0.0,0.0,0.0,0.0,0.0,811.0,843.0,841.0,865.0,818.0,829.0,972.0,6,spring,0.0,0.0,737.0
3,2024-06-09 13:00:00+00:00,0.0,0.0,0.0,0.0,0.0,0.0,0.0,696.0,787.0,785.0,806.0,713.0,842.0,914.0,6,spring,0.0,0.0,682.0
3,2024-06-09 14:00:00+00:00,0.0,0.0,0.0,0.0,0.0,0.0,0.0,567.0,682.0,682.0,697.0,592.0,793.0,814.0,6,spring,0.0,0.0,573.0
3,2024-06-09 15:00:00+00:00,0.0,0.0,0.0,0.0,0.0,0.0,0.0,453.0,544.0,550.0,557.0,484.0,686.0,690.0,6,spring,0.0,0.0,413.0
3,2024-06-09 16:00:00+00:00,0.0,0.0,0.0,0.0,0.0,0.0,0.0,333.0,387.0,398.0,397.0,366.0,533.00006,534.0,6,spring,0.0,0.0,250.0
3,2024-06-09 17:00:00+00:00,0.0,0.0,0.0,0.0,0.0,0.0,0.0,196.0,222.0,231.0,228.0,221.0,340.0,340.0,6,spring,0.0,0.0,123.0
3,2024-06-09 18:00:00+00:00,0.0,0.0,0.0,0.0,0.0,0.0,0.0,65.0,75.0,78.0,77.0,76.0,138.0,138.0,6,spring,0.0,0.0,40.0
3,2024-06-09 19:00:00+00:00,0.0,0.0,0.0,0.0,0.0,0.0,0.0,5.0,7.0,7.0,7.0,7.0,19.0,19.0,6,spring,0.0,0.0,4.0
3,2024-06-09 20:00:00+00:00,0.0,0.0,0.0,0.0,0.0,0.0,0.0,0.0,0.0,0.0,0.0,0.0,0.0,0.0,6,spring,0.0,0.0,0.0
3,2024-06-09 21:00:00+00:00,0.0,0.0,0.0,0.0,0.0,0.0,0.0,0.0,0.0,0.0,0.0,0.0,0.0,0.0,6,spring,0.0,0.0,0.0
3,2024-06-09 22:00:00+00:00,0.0,0.0,0.0,0.0,0.0,0.0,0.0,0.0,0.0,0.0,0.0,0.0,0.0,0.0,6,spring,0.0,0.0,0.0
3,2024-06-09 23:00:00+00:00,0.0,0.0,0.0,0.0,0.0,0.0,0.0,0.0,0.0,0.0,0.0,0.0,0.0,0.0,6,spring,0.0,0.0,0.0
3,2024-06-10 00:00:00+00:00,0.0,0.0,0.0,0.0,0.0,0.0,0.0,0.0,0.0,0.0,0.0,0.0,0.0,0.0,6,spring,0.0,0.0,0.0
3,2024-06-10 01:00:00+00:00,0.0,0.0,0.0,0.0,0.0,0.0,0.0,0.0,0.0,0.0,0.0,0.0,0.0,0.0,6,spring,0.0,0.1,0.0
3,2024-06-10 02:00:00+00:00,0.0,0.0,0.0,0.0,0.0,0.0,0.0,0.0,0.0,0.0,0.0,0.0,0.0,0.0,6,spring,0.0,0.1,0.0
3,2024-06-10 03:00:00+00:00,0.0,0.0,0.0,0.0,0.0,0.0,0.0,0.0,0.0,0.0,0.0,0.0,0.0,0.0,6,spring,0.0,0.1,0.0
3,2024-06-10 04:00:00+00:00,0.0,0.0,0.0,0.0,0.0,0.0,0.0,31.999998,27.0,27.0,19.0,42.999996,67.99999,71.999985,6,spring,0.0,0.0,34.999996
3,2024-06-10 05:00:00+00:00,0.0,0.0,0.0,0.0,0.0,0.0,0.0,114.0,98.0,97.0,73.0,143.0,224.99997,238.99998,6,spring,0.0,0.0,122.0
3,2024-06-10 06:00:00+00:00,0.0,0.0,0.0,0.0,0.0,0.0,0.0,239.0,221.0,205.0,189.0,257.0,393.0,412.0,6,spring,0.0,0.0,249.0
3,2024-06-10 07:00:00+00:00,0.0,0.0,0.1,0.0,0.0,0.2,0.1,419.0,411.0,362.0,386.0,380.0,562.0,580.0,6,spring,0.06,0.2,425.0
3,2024-06-10 08:00:00+00:00,0.0,0.0,0.1,0.0,0.0,0.2,0.1,602.0,606.00006,529.0,592.0,489.0,711.0,732.0,6,spring,0.06,0.2,592.0
3,2024-06-10 09:00:00+00:00,0.0,0.0,0.1,0.0,0.0,0.2,0.1,725.0,732.0,665.0,716.0,547.0,808.0,859.0,6,spring,0.06,0.2,672.0
3,2024-06-10 10:00:00+00:00,0.0,0.4,0.1,0.1,0.3,0.0,0.5,787.0,787.0,761.0,761.0,562.0,854.0,950.0,6,spring,0.2,0.4,672.0
3,2024-06-10 11:00:00+00:00,0.0,0.4,0.1,0.1,0.3,0.0,0.5,801.0,782.0,805.0,761.0,579.0,875.0,985.0,6,spring,0.2,0.4,653.0
3,2024-06-10 12:00:00+00:00,0.0,0.4,0.1,0.1,0.3,0.0,0.5,776.0,713.0,786.0,734.0,642.0,892.0,953.0,6,spring,0.2,0.4,657.0
3,2024-06-10 13:00:00+00:00,0.0,0.0,0.0,0.0,0.0,0.0,0.9,706.0,594.0,712.0,667.0,700.0,882.0,865.0,6,spring,0.13,0.0,646.0
3,2024-06-10 14:00:00+00:00,0.0,0.0,0.0,0.0,0.0,0.0,0.9,600.0,482.0,604.0,573.0,673.0,814.0,733.0,6,spring,0.13,0.0,582.0
3,2024-06-10 15:00:00+00:00,0.0,0.0,0.0,0.0,0.0,0.0,0.9,476.0,410.0,484.0,472.0,554.00006,697.0,572.0,6,spring,0.13,0.0,472.0
3,2024-06-10 16:00:00+00:00,0.0,0.0,0.0,0.0,0.0,0.0,0.9,340.00003,332.00003,351.00003,355.00003,394.00006,538.00006,401.00006,6,spring,0.13,0.0,338.00003
3,2024-06-10 17:00:00+00:00,0.0,0.0,0.0,0.0,0.0,0.0,0.9,196.00002,210.00002,205.00002,213.00002,225.00002,341.00003,237.00003,6,spring,0.13,0.0,195.00002
3,2024-06-10 18:00:00+00:00,0.0,0.0,0.0,0.0,0.0,0.0,0.9,67.0,73.0,70.0,73.0,76.0,139.0,95.0,6,spring,0.13,0.0,66.0
3,2024-06-10 19:00:00+00:00,0.0,0.0,0.0,0.0,0.0,0.0,0.0,6.0,7.0,6.0,7.0,7.0,18.999998,12.999999,6,spring,0.0,0.1,6.0
3,2024-06-10 20:00:00+00:00,0.0,0.0,0.0,0.0,0.0,0.0,0.0,0.0,0.0,0.0,0.0,0.0,0.0,0.0,6,spring,0.0,0.1,0.0
3,2024-06-10 21:00:00+00:00,0.0,0.0,0.0,0.0,0.0,0.0,0.0,0.0,0.0,0.0,0.0,0.0,0.0,0.0,6,spring,0.0,0.1,0.0
3,2024-06-10 22:00:00+00:00,0.0,0.0,0.0,0.0,0.0,0.0,0.0,0.0,0.0,0.0,0.0,0.0,0.0,0.0,6,spring,0.0,0.0,0.0
3,2024-06-10 23:00:00+00:00,0.0,0.0,0.0,0.0,0.0,0.0,0.0,0.0,0.0,0.0,0.0,0.0,0.0,0.0,6,spring,0.0,0.0,0.0
3,2024-06-11 00:00:00+00:00,0.0,0.0,0.0,0.0,0.0,0.0,0.0,0.0,0.0,0.0,0.0,0.0,0.0,0.0,6,spring,0.0,0.0,0.0
3,2024-06-11 01:00:00+00:00,0.0,0.0,0.0,0.0,0.0,0.0,0.0,0.0,0.0,0.0,0.0,0.0,0.0,0.0,6,spring,0.0,0.0,0.0
3,2024-06-11 02:00:00+00:00,0.0,0.0,0.0,0.0,0.0,0.0,0.0,0.0,0.0,0.0,0.0,0.0,0.0,0.0,6,spring,0.0,0.0,0.0
3,2024-06-11 03:00:00+00:00,0.0,0.0,0.0,0.0,0.0,0.0,0.0,0.0,0.0,0.0,0.0,0.0,0.0,0.0,6,spring,0.0,0.0,0.0
3,2024-06-11 04:00:00+00:00,0.1,0.4,0.0,0.0,0.0,0.0,0.0,26.0,31.0,46.0,48.0,39.0,77.0,77.0,6,spring,0.07,0.2,31.0
3,2024-06-11 05:00:00+00:00,0.1,0.4,0.0,0.0,0.0,0.0,0.0,90.0,104.0,153.00002,159.0,134.0,253.00002,253.00002,6,spring,0.07,0.2,99.0
3,2024-06-11 06:00:00+00:00,0.1,0.4,0.0,0.0,0.0,0.0,0.0,166.0,177.0,269.0,291.0,260.0,435.0,432.0,6,spring,0.07,0.2,133.0
3,2024-06-11 07:00:00+00:00,0.4,0.1,0.2,0.0,0.0,0.0,0.0,258.0,248.0,387.0,441.0,419.0,609.0,603.0,6,spring,0.1,1.8,121.0
3,2024-06-11 08:00:00+00:00,0.4,0.1,0.2,0.0,0.0,0.0,0.0,363.0,332.0,479.0,567.0,565.0,752.0,752.0,6,spring,0.1,1.8,135.0
3,2024-06-11 09:00:00+00:00,0.4,0.1,0.2,0.0,0.0,0.0,0.0,480.0,455.0,503.0,616.0,633.0,830.0,871.0,6,spring,0.1,1.8,283.0
3,2024-06-11 10:00:00+00:00,0.1,0.1,0.2,0.2,0.0,0.0,0.0,599.0,598.0,469.0,594.0,633.0,847.0,950.0,6,spring,0.09,0.0,527.0
3,2024-06-11 11:00:00+00:00,0.1,0.1,0.2,0.2,0.0,0.0,0.0,684.0,692.0,431.0,545.0,616.0,847.0,985.0,6,spring,0.09,0.0,720.0
3,2024-06-11 12:00:00+00:00,0.1,0.1,0.2,0.2,0.0,0.0,0.0,720.0,694.0,423.0,489.0,623.0,867.0,973.0,6,spring,0.09,0.0,779.0
3,2024-06-11 13:00:00+00:00,0.0,0.1,0.9,0.2,0.0,0.0,0.0,706.0,630.0,420.0,422.0,619.0,871.0,915.0,6,spring,0.17,0.1,747.0
3,2024-06-11 14:00:00+00:00,0.0,0.1,0.9,0.2,0.0,0.0,0.0,631.0,532.0,395.0,354.0,559.0,814.0,815.0,6,spring,0.17,0.1,658.0
3,2024-06-11 15:00:00+00:00,0.0,0.1,0.9,0.2,0.0,0.0,0.0,508.0,421.0,354.0,302.0,443.0,698.0,692.0,6,spring,0.17,0.1,539.0
3,2024-06-11 16:00:00+00:00,0.2,0.1,0.0,0.4,0.0,0.0,0.0,359.0,298.0,290.0,244.0,306.0,539.0,537.0,6,spring,0.1,0.0,390.0
3,2024-06-11 17:00:00+00:00,0.2,0.1,0.0,0.4,0.0,0.0,0.0,205.0,170.0,185.0,154.0,171.0,341.99997,341.99997,6,spring,0.1,0.0,227.0
3,2024-06-11 18:00:00+00:00,0.2,0.1,0.0,0.4,0.0,0.0,0.0,70.0,59.0,66.0,55.0,58.0,139.0,139.0,6,spring,0.1,0.0,77.0
3,2024-06-11 19:00:00+00:00,0.0,0.0,0.0,0.1,0.0,0.0,0.0,6.0,6.0,6.0,5.0,6.0,18.999996,18.999996,6,spring,0.01,0.1,7.0
3,2024-06-11 20:00:00+00:00,0.0,0.0,0.0,0.1,0.0,0.0,0.0,0.0,0.0,0.0,0.0,0.0,0.0,0.0,6,spring,0.01,0.1,0.0
3,2024-06-11 21:00:00+00:00,0.0,0.0,0.0,0.1,0.0,0.0,0.0,0.0,0.0,0.0,0.0,0.0,0.0,0.0,6,spring,0.01,0.1,0.0
3,2024-06-11 22:00:00+00:00,0.0,0.0,0.0,0.0,0.0,0.0,0.0,0.0,0.0,0.0,0.0,0.0,0.0,0.0,6,spring,0.0,0.0,0.0
3,2024-06-11 23:00:00+00:00,0.0,0.0,0.0,0.0,0.0,0.0,0.0,0.0,0.0,0.0,0.0,0.0,0.0,0.0,6,spring,0.0,0.0,0.0
3,2024-06-12 00:00:00+00:00,0.0,0.0,0.0,0.0,0.0,0.0,0.0,0.0,0.0,0.0,0.0,0.0,0.0,0.0,6,spring,0.0,0.0,0.0
3,2024-06-12 01:00:00+00:00,0.0,1.0,0.0,0.3,0.0,0.0,0.0,0.0,0.0,0.0,0.0,0.0,0.0,0.0,6,spring,0.19,0.3,0.0
3,2024-06-12 02:00:00+00:00,0.0,1.0,0.0,0.3,0.0,0.0,0.0,0.0,0.0,0.0,0.0,0.0,0.0,0.0,6,spring,0.19,0.3,0.0
3,2024-06-12 03:00:00+00:00,0.0,1.0,0.0,0.3,0.0,0.0,0.0,0.0,0.0,0.0,0.0,0.0,0.0,0.0,6,spring,0.19,0.3,0.0
3,2024-06-12 04:00:00+00:00,0.1,1.2,1.2,0.0,0.0,0.0,0.0,33.0,19.0,16.0,44.0,47.0,77.0,77.0,6,spring,0.36,0.0,26.0
3,2024-06-12 05:00:00+00:00,0.1,1.2,1.2,0.0,0.0,0.0,0.0,106.0,63.0,54.0,148.0,158.0,252.99998,252.99998,6,spring,0.36,0.0,84.0
3,2024-06-12 06:00:00+00:00,0.1,1.2,1.2,0.0,0.0,0.0,0.0,153.0,111.0,90.0,279.0,286.0,445.0,432.0,6,spring,0.36,0.0,132.0
3,2024-06-12 07:00:00+00:00,2.1,1.4,2.4,0.0,0.0,0.2,0.0,161.0,163.0,125.0,439.0,430.0,637.0,603.0,6,spring,0.87,1.6,165.0
3,2024-06-12 08:00:00+00:00,2.1,1.4,2.4,0.0,0.0,0.2,0.0,166.0,224.0,189.0,596.0,571.0,752.0,752.0,6,spring,0.87,1.6,192.0
3,2024-06-12 09:00:00+00:00,2.1,1.4,2.4,0.0,0.0,0.2,0.0,221.0,301.0,330.0,717.0,694.0,665.0,871.0,6,spring,0.87,1.6,225.0
3,2024-06-12 10:00:00+00:00,0.8,0.1,0.1,0.0,0.0,1.1,0.0,310.0,387.0,524.0,795.0,787.0,421.0,950.0,6,spring,0.3,4.1,263.0
3,2024-06-12 11:00:00+00:00,0.8,0.1,0.1,0.0,0.0,1.1,0.0,380.0,457.0,671.0,820.0,824.0,231.0,985.0,6,spring,0.3,4.1,307.0
3,2024-06-12 12:00:00+00:00,0.8,0.1,0.1,0.0,0.0,1.1,0.0,405.0,500.0,711.0,784.0,793.0,237.0,973.0,6,spring,0.3,4.1,369.0
3,2024-06-12 13:00:00+00:00,0.0,0.0,0.0,0.1,0.1,0.5,0.0,397.0,512.0,675.0,697.0,704.0,335.0,916.0,6,spring,0.1,0.2,423.0
3,2024-06-12 14:00:00+00:00,0.0,0.0,0.0,0.1,0.1,0.5,0.0,358.0,482.0,592.0,583.0,568.0,393.0,816.0,6,spring,0.1,0.2,415.0
3,2024-06-12 15:00:00+00:00,0.0,0.0,0.0,0.1,0.1,0.5,0.0,298.0,422.0,484.0,466.0,399.0,386.0,694.0,6,spring,0.1,0.2,340.0
3,2024-06-12 16:00:00+00:00,0.0,0.0,0.0,0.1,2.7,0.5,0.0,220.0,330.0,352.0,339.0,233.0,336.0,539.0,6,spring,0.47,0.0,237.0
3,2024-06-12 17:00:00+00:00,0.0,0.0,0.0,0.1,2.7,0.5,0.0,129.0,204.0,206.0,199.0,109.0,232.0,344.00003,6,spring,0.47,0.0,132.0
3,2024-06-12 18:00:00+00:00,0.0,0.0,0.0,0.1,2.7,0.5,0.0,44.0,72.0,70.99999,68.0,32.0,99.999985,139.99998,6,spring,0.47,0.0,45.0
3,2024-06-12 19:00:00+00:00,0.0,0.0,0.0,0.0,1.1,0.0,0.0,4.0,7.0,7.0,6.0,2.0,14.999999,18.999998,6,spring,0.16,0.0,4.0
3,2024-06-12 20:00:00+00:00,0.0,0.0,0.0,0.0,1.1,0.0,0.0,0.0,0.0,0.0,0.0,0.0,0.0,0.0,6,spring,0.16,0.0,0.0
3,2024-06-12 21:00:00+00:00,0.0,0.0,0.0,0.0,1.1,0.0,0.0,0.0,0.0,0.0,0.0,0.0,0.0,0.0,6,spring,0.16,0.0,0.0
3,2024-06-12 22:00:00+00:00,0.0,0.0,0.0,0.0,0.0,0.0,0.0,0.0,0.0,0.0,0.0,0.0,0.0,0.0,6,spring,0.0,0.0,0.0
3,2024-06-12 23:00:00+00:00,0.0,0.0,0.0,0.0,0.0,0.0,0.0,0.0,0.0,0.0,0.0,0.0,0.0,0.0,6,spring,0.0,0.0,0.0
3,2024-06-13 00:00:00+00:00,0.0,0.0,0.0,0.0,0.0,0.0,0.0,0.0,0.0,0.0,0.0,0.0,0.0,0.0,6,spring,0.0,0.0,0.0
3,2024-06-13 01:00:00+00:00,1.3,0.0,1.7,0.3,0.0,0.0,0.0,0.0,0.0,0.0,0.0,0.0,0.0,0.0,6,spring,0.47,0.1,0.0
3,2024-06-13 02:00:00+00:00,1.3,0.0,1.7,0.3,0.0,0.0,0.0,0.0,0.0,0.0,0.0,0.0,0.0,0.0,6,spring,0.47,0.1,0.0
3,2024-06-13 03:00:00+00:00,1.3,0.0,1.7,0.3,0.0,0.0,0.0,0.0,0.0,0.0,0.0,0.0,0.0,0.0,6,spring,0.47,0.1,0.0
3,2024-06-13 04:00:00+00:00,0.0,0.7,2.6,1.1,0.0,0.0,0.0,39.0,27.0,17.0,15.0,46.0,77.0,77.0,6,spring,0.63,0.0,18.0
3,2024-06-13 05:00:00+00:00,0.0,0.7,2.6,1.1,0.0,0.0,0.0,129.0,93.0,63.0,51.0,146.0,253.0,253.0,6,spring,0.63,0.0,64.0
3,2024-06-13 06:00:00+00:00,0.0,0.7,2.6,1.1,0.0,0.0,0.0,224.0,190.0,146.0,91.0,224.0,434.00003,432.00003,6,spring,0.63,0.0,138.0
3,2024-06-13 07:00:00+00:00,0.0,0.1,0.1,0.4,0.5,0.0,0.0,317.0,323.0,279.0,137.0,264.0,609.0,602.0,6,spring,0.16,0.0,248.0
3,2024-06-13 08:00:00+00:00,0.0,0.1,0.1,0.4,0.5,0.0,0.0,406.0,444.0,417.0,194.0,296.0,752.0,752.0,6,spring,0.16,0.0,355.0
3,2024-06-13 09:00:00+00:00,0.0,0.1,0.1,0.4,0.5,0.0,0.0,498.0,479.0,511.0,276.0,368.0,831.0,871.0,6,spring,0.16,0.0,409.0
3,2024-06-13 10:00:00+00:00,0.0,0.0,0.7,2.1,0.2,0.1,0.0,578.0,444.0,557.0,373.0,462.0,848.0,950.0,6,spring,0.44,0.1,414.0
3,2024-06-13 11:00:00+00:00,0.0,0.0,0.7,2.1,0.2,0.1,0.0,603.0,417.0,557.0,440.0,520.0,849.0,985.0,6,spring,0.44,0.1,407.0
3,2024-06-13 12:00:00+00:00,0.0,0.0,0.7,2.1,0.2,0.1,0.0,535.0,461.0,500.0,444.0,500.0,869.0,974.0,6,spring,0.44,0.1,413.0
3,2024-06-13 13:00:00+00:00,0.4,0.1,2.5,0.0,1.0,0.0,0.0,416.0,516.0,404.0,407.0,436.0,874.0,916.0,6,spring,0.57,0.2,408.0
3,2024-06-13 14:00:00+00:00,0.4,0.1,2.5,0.0,1.0,0.0,0.0,304.0,497.0,312.0,369.0,374.0,817.0,817.0,6,spring,0.57,0.2,373.0
3,2024-06-13 15:00:00+00:00,0.4,0.1,2.5,0.0,1.0,0.0,0.0,227.0,390.0,247.0,360.0,346.0,701.0,694.0,6,spring,0.57,0.2,314.0
3,2024-06-13 16:00:00+00:00,0.4,0.1,1.9,0.0,0.0,0.0,0.0,161.0,256.0,185.0,324.0,300.0,542.0,539.0,6,spring,0.34,0.1,236.0
3,2024-06-13 17:00:00+00:00,0.4,0.1,1.9,0.0,0.0,0.0,0.0,94.0,137.0,112.0,219.0,199.0,345.0,345.0,6,spring,0.34,0.1,142.0
3,2024-06-13 18:00:00+00:00,0.4,0.1,1.9,0.0,0.0,0.0,0.0,34.0,47.0,40.0,79.0,72.0,142.0,142.0,6,spring,0.34,0.1,51.0
3,2024-06-13 19:00:00+00:00,0.0,0.0,1.6,0.0,0.0,0.0,0.0,4.0,5.0,4.0,7.0,7.0,19.999996,19.999996,6,spring,0.23,0.0,5.0
3,2024-06-13 20:00:00+00:00,0.0,0.0,1.6,0.0,0.0,0.0,0.0,0.0,0.0,0.0,0.0,0.0,0.0,0.0,6,spring,0.23,0.0,0.0
3,2024-06-13 21:00:00+00:00,0.0,0.0,1.6,0.0,0.0,0.0,0.0,0.0,0.0,0.0,0.0,0.0,0.0,0.0,6,spring,0.23,0.0,0.0
3,2024-06-13 22:00:00+00:00,0.0,0.7,0.0,0.0,0.0,0.0,0.0,0.0,0.0,0.0,0.0,0.0,0.0,0.0,6,spring,0.1,0.0,0.0
3,2024-06-13 23:00:00+00:00,0.0,0.7,0.0,0.0,0.0,0.0,0.0,0.0,0.0,0.0,0.0,0.0,0.0,0.0,6,spring,0.1,0.0,0.0
3,2024-06-14 00:00:00+00:00,0.0,0.7,0.0,0.0,0.0,0.0,0.0,0.0,0.0,0.0,0.0,0.0,0.0,0.0,6,spring,0.1,0.0,0.0
3,2024-06-14 01:00:00+00:00,0.0,0.0,0.0,0.0,0.0,0.0,0.2,0.0,0.0,0.0,0.0,0.0,0.0,0.0,6,spring,0.03,0.0,0.0
3,2024-06-14 02:00:00+00:00,0.0,0.0,0.0,0.0,0.0,0.0,0.2,0.0,0.0,0.0,0.0,0.0,0.0,0.0,6,spring,0.03,0.0,0.0
3,2024-06-14 03:00:00+00:00,0.0,0.0,0.0,0.0,0.0,0.0,0.2,0.0,0.0,0.0,0.0,0.0,0.0,0.0,6,spring,0.03,0.0,0.0
3,2024-06-14 04:00:00+00:00,0.0,0.0,0.0,0.0,0.0,0.0,0.2,52.0,52.0,51.0,51.0,51.0,77.0,75.0,6,spring,0.03,0.0,51.0
3,2024-06-14 05:00:00+00:00,0.0,0.0,0.0,0.0,0.0,0.0,0.2,173.0,173.0,170.0,170.0,170.0,253.0,247.0,6,spring,0.03,0.0,172.0
3,2024-06-14 06:00:00+00:00,0.0,0.0,0.0,0.0,0.0,0.0,0.2,320.00003,320.00003,316.00003,317.0,315.00003,433.00003,423.00006,6,spring,0.03,0.0,319.00003
3,2024-06-14 07:00:00+00:00,0.0,0.0,0.0,0.0,0.0,0.0,0.0,492.0,492.0,489.0,489.99997,484.0,606.0,592.0,6,spring,0.0,0.0,489.99997
3,2024-06-14 08:00:00+00:00,0.0,0.0,0.0,0.0,0.0,0.0,0.0,659.0,659.0,658.0,652.0,651.0,752.0,742.0,6,spring,0.0,0.0,652.0
3,2024-06-14 09:00:00+00:00,0.0,0.0,0.0,0.0,0.0,0.0,0.0,791.0,786.0,790.0,758.0,782.0,847.0,863.0,6,spring,0.0,0.0,765.0
3,2024-06-14 10:00:00+00:00,0.0,0.0,0.0,0.0,0.0,0.0,0.0,879.0,868.0,878.0,805.0,870.0,891.0,947.0,6,spring,0.0,0.0,823.0
3,2024-06-14 11:00:00+00:00,0.0,0.0,0.0,0.0,0.0,0.0,0.0,911.0,902.0,913.0,804.0,910.0,906.0,985.0,6,spring,0.0,0.0,825.0
3,2024-06-14 12:00:00+00:00,0.0,0.0,0.0,0.0,0.0,0.0,0.0,883.0,895.0,893.0,758.0,903.0,913.0,975.0,6,spring,0.0,0.0,766.0
3,2024-06-14 13:00:00+00:00,0.0,0.0,0.0,0.0,0.0,0.0,0.0,799.0,839.0,820.0,672.0,844.0,892.0,917.0,6,spring,0.0,0.0,659.0
3,2024-06-14 14:00:00+00:00,0.0,0.0,0.0,0.0,0.0,0.0,0.0,676.0,726.0,705.0,562.0,730.0,817.0,817.0,6,spring,0.0,0.0,539.0
3,2024-06-14 15:00:00+00:00,0.0,0.0,0.0,0.0,0.0,0.0,0.0,537.0,574.0,573.0,450.0,583.0,699.0,695.0,6,spring,0.0,0.0,431.0
3,2024-06-14 16:00:00+00:00,0.0,0.0,0.0,0.0,0.0,0.0,0.0,385.0,403.0,420.0,329.0,414.0,542.0,541.0,6,spring,0.0,0.0,318.0
3,2024-06-14 17:00:00+00:00,0.0,0.0,0.0,0.0,0.0,0.0,0.0,223.0,229.0,248.0,194.0,238.0,346.0,346.0,6,spring,0.0,0.0,190.0
3,2024-06-14 18:00:00+00:00,0.0,0.0,0.0,0.0,0.0,0.0,0.0,76.0,78.0,85.0,67.0,81.0,142.99998,142.99998,6,spring,0.0,0.0,66.0
3,2024-06-14 19:00:00+00:00,0.0,0.0,0.0,0.0,0.0,0.0,0.0,7.0,7.0,8.0,6.0,8.0,21.000002,21.000002,6,spring,0.0,0.0,6.0
3,2024-06-14 20:00:00+00:00,0.0,0.0,0.0,0.0,0.0,0.0,0.0,0.0,0.0,0.0,0.0,0.0,0.0,0.0,6,spring,0.0,0.0,0.0
3,2024-06-14 21:00:00+00:00,0.0,0.0,0.0,0.0,0.0,0.0,0.0,0.0,0.0,0.0,0.0,0.0,0.0,0.0,6,spring,0.0,0.0,0.0
3,2024-06-14 22:00:00+00:00,0.0,0.0,0.0,0.0,0.0,0.0,0.0,0.0,0.0,0.0,0.0,0.0,0.0,0.0,6,spring,0.0,0.0,0.0
3,2024-06-14 23:00:00+00:00,0.0,0.0,0.0,0.0,0.0,0.0,0.0,0.0,0.0,0.0,0.0,0.0,0.0,0.0,6,spring,0.0,0.0,0.0
3,2024-06-15 00:00:00+00:00,0.0,0.0,0.0,0.0,0.0,0.0,0.0,0.0,0.0,0.0,0.0,0.0,0.0,0.0,6,spring,0.0,0.0,0.0
3,2024-06-15 01:00:00+00:00,0.0,0.0,0.0,0.0,0.0,0.0,0.0,0.0,0.0,0.0,0.0,0.0,0.0,0.0,6,spring,0.0,0.0,0.0
3,2024-06-15 02:00:00+00:00,0.0,0.0,0.0,0.0,0.0,0.0,0.0,0.0,0.0,0.0,0.0,0.0,0.0,0.0,6,spring,0.0,0.0,0.0
3,2024-06-15 03:00:00+00:00,0.0,0.0,0.0,0.0,0.0,0.0,0.0,0.0,0.0,0.0,0.0,0.0,0.0,0.0,6,spring,0.0,0.0,0.0
3,2024-06-15 04:00:00+00:00,0.0,0.0,0.0,0.0,0.0,0.0,0.0,51.999996,51.999996,51.999996,51.999996,51.999996,76.99999,76.99999,6,spring,0.0,0.0,50.999996
3,2024-06-15 05:00:00+00:00,0.0,0.0,0.0,0.0,0.0,0.0,0.0,173.00002,173.00002,173.00002,174.00002,174.00002,253.00003,253.00003,6,spring,0.0,0.0,171.00002
3,2024-06-15 06:00:00+00:00,0.0,0.0,0.0,0.0,0.0,0.0,0.0,319.0,319.0,318.0,321.0,321.0,433.0,432.00003,6,spring,0.0,0.0,316.0
3,2024-06-15 07:00:00+00:00,0.0,0.0,0.0,0.0,0.0,0.0,0.0,489.0,488.0,488.0,493.0,492.0,606.0,602.0,6,spring,0.0,0.0,487.0
3,2024-06-15 08:00:00+00:00,0.0,0.0,0.0,0.0,0.0,0.0,0.0,654.0,652.0,652.0,659.0,658.0,751.0,751.0,6,spring,0.0,0.0,653.0
3,2024-06-15 09:00:00+00:00,0.0,0.0,0.0,0.0,0.0,0.0,0.0,782.0,780.0,781.0,786.0,787.0,845.0,870.0,6,spring,0.0,0.0,785.0
3,2024-06-15 10:00:00+00:00,0.0,0.0,0.0,0.0,0.0,0.0,0.0,867.0,863.0,867.0,868.0,872.0,887.0,950.0,6,spring,0.0,0.0,873.0
3,2024-06-15 11:00:00+00:00,0.0,0.0,0.0,0.0,0.0,0.0,0.0,902.0,896.0,903.0,901.0,908.0,902.0,985.0,6,spring,0.0,0.0,897.0
3,2024-06-15 12:00:00+00:00,0.0,0.0,0.0,0.0,0.0,0.0,0.0,889.0,876.0,889.0,888.0,895.0,910.0,974.0,6,spring,0.0,0.0,838.0
3,2024-06-15 13:00:00+00:00,0.0,0.0,0.0,0.0,0.0,0.0,0.0,825.0,804.0,823.0,825.0,831.0,891.0,917.0,6,spring,0.0,0.0,720.0
3,2024-06-15 14:00:00+00:00,0.0,0.0,0.0,0.0,0.0,0.0,0.0,712.0,690.0,709.0,715.0,720.0,818.0,818.0,6,spring,0.0,0.0,593.0
3,2024-06-15 15:00:00+00:00,0.0,0.0,0.0,0.0,0.0,0.0,0.0,572.0,556.0,569.0,578.0,584.0,699.0,696.0,6,spring,0.0,0.0,491.0
3,2024-06-15 16:00:00+00:00,0.0,0.0,0.0,0.0,0.0,0.0,0.0,411.0,404.0,409.0,420.0,426.00003,541.0,542.0,6,spring,0.0,0.0,381.0
3,2024-06-15 17:00:00+00:00,0.0,0.0,0.0,0.0,0.0,0.0,0.0,238.99998,236.99998,237.99997,245.99997,250.99997,346.99997,346.99997,6,spring,0.0,0.0,234.99998
3,2024-06-15 18:00:00+00:00,0.0,0.0,0.0,0.0,0.0,0.0,0.0,82.0,82.0,82.0,85.0,88.00001,146.00002,143.00002,6,spring,0.0,0.0,82.0
3,2024-06-15 19:00:00+00:00,0.0,0.0,0.0,0.0,0.0,0.0,0.0,8.0,8.0,8.0,8.0,9.0,22.0,21.0,6,spring,0.0,0.0,8.0
3,2024-06-15 20:00:00+00:00,0.0,0.0,0.0,0.0,0.0,0.0,0.0,0.0,0.0,0.0,0.0,0.0,0.0,0.0,6,spring,0.0,0.0,0.0
3,2024-06-15 21:00:00+00:00,0.0,0.0,0.0,0.0,0.0,0.0,0.0,0.0,0.0,0.0,0.0,0.0,0.0,0.0,6,spring,0.0,0.0,0.0
3,2024-06-15 22:00:00+00:00,0.0,0.0,0.0,0.0,0.0,0.0,0.0,0.0,0.0,0.0,0.0,0.0,0.0,0.0,6,spring,0.0,0.0,0.0
3,2024-06-15 23:00:00+00:00,0.0,0.0,0.0,0.0,0.0,0.0,0.0,0.0,0.0,0.0,0.0,0.0,0.0,0.0,6,spring,0.0,0.0,0.0
3,2024-06-16 00:00:00+00:00,0.0,0.0,0.0,0.0,0.0,0.0,0.0,0.0,0.0,0.0,0.0,0.0,0.0,0.0,6,spring,0.0,0.0,0.0
3,2024-06-16 01:00:00+00:00,0.0,0.0,0.0,0.0,0.0,0.0,0.0,0.0,0.0,0.0,0.0,0.0,0.0,0.0,6,spring,0.0,0.0,0.0
3,2024-06-16 02:00:00+00:00,0.0,0.0,0.0,0.0,0.0,0.0,0.0,0.0,0.0,0.0,0.0,0.0,0.0,0.0,6,spring,0.0,0.0,0.0
3,2024-06-16 03:00:00+00:00,0.0,0.0,0.0,0.0,0.0,0.0,0.0,0.0,0.0,0.0,0.0,0.0,0.0,0.0,6,spring,0.0,0.0,0.0
3,2024-06-16 04:00:00+00:00,0.0,0.0,0.0,0.0,0.0,0.0,0.0,49.0,49.0,50.0,43.0,49.0,77.0,77.0,6,spring,0.0,0.0,50.0
3,2024-06-16 05:00:00+00:00,0.0,0.0,0.0,0.0,0.0,0.0,0.0,164.0,165.00002,166.00002,139.0,165.00002,253.00003,253.00003,6,spring,0.0,0.0,167.00002
3,2024-06-16 06:00:00+00:00,0.0,0.0,0.0,0.0,0.0,0.0,0.0,303.0,306.0,308.0,227.0,302.0,435.0,432.0,6,spring,0.0,0.0,304.0
3,2024-06-16 07:00:00+00:00,0.0,0.0,0.0,0.0,0.0,0.0,0.0,466.0,473.0,475.0,298.0,460.0,611.0,602.0,6,spring,0.0,0.0,461.0
3,2024-06-16 08:00:00+00:00,0.0,0.0,0.0,0.0,0.0,0.0,0.0,625.0,635.0,637.99994,385.0,613.0,751.0,751.0,6,spring,0.0,0.0,611.0
3,2024-06-16 09:00:00+00:00,0.0,0.0,0.0,0.0,0.0,0.0,0.0,751.0,760.0,764.0,549.0,734.0,810.0,870.0,6,spring,0.0,0.0,733.0
3,2024-06-16 10:00:00+00:00,0.0,0.0,0.0,0.0,0.0,0.0,0.0,837.0,840.0,846.0,758.0,815.0,797.0,950.0,6,spring,0.0,0.0,816.0
3,2024-06-16 11:00:00+00:00,0.0,0.0,0.0,0.0,0.0,0.0,0.0,869.0,868.0,873.0,893.0,850.0,777.0,985.0,6,spring,0.0,0.0,845.0
3,2024-06-16 12:00:00+00:00,0.0,0.0,0.0,0.0,0.0,0.0,0.0,840.0,840.0,834.0,876.0,840.0,799.0,974.0,6,spring,0.0,0.0,811.0
3,2024-06-16 13:00:00+00:00,0.0,0.0,0.0,0.0,0.0,0.0,0.1,757.0,760.0,743.0,765.0,783.0,820.0,917.0,6,spring,0.01,0.1,723.0
3,2024-06-16 14:00:00+00:00,0.0,0.0,0.0,0.0,0.0,0.0,0.1,637.0,643.0,625.0,632.0,681.0,780.0,818.0,6,spring,0.01,0.1,606.0
3,2024-06-16 15:00:00+00:00,0.0,0.0,0.0,0.0,0.0,0.0,0.1,503.0,510.0,508.0,518.0,554.0,681.0,696.0,6,spring,0.01,0.1,482.0
3,2024-06-16 16:00:00+00:00,0.0,0.0,0.0,0.0,0.0,0.0,0.1,357.0,364.0,379.0,391.0,407.0,537.0,542.0,6,spring,0.01,0.0,348.0
3,2024-06-16 17:00:00+00:00,0.0,0.0,0.0,0.0,0.0,0.0,0.1,206.0,211.0,227.0,236.0,240.0,348.0,348.0,6,spring,0.01,0.0,204.0
3,2024-06-16 18:00:00+00:00,0.0,0.0,0.0,0.0,0.0,0.0,0.1,71.0,73.0,79.00001,82.00001,83.00001,147.00003,145.00003,6,spring,0.01,0.0,71.0
3,2024-06-16 19:00:00+00:00,0.0,0.0,0.0,0.0,0.0,0.0,0.0,7.0,7.0,8.0,8.0,8.0,21.999996,21.999996,6,spring,0.0,0.0,7.0
3,2024-06-16 20:00:00+00:00,0.0,0.0,0.0,0.0,0.0,0.0,0.0,0.0,0.0,0.0,0.0,0.0,0.0,0.0,6,spring,0.0,0.0,0.0
3,2024-06-16 21:00:00+00:00,0.0,0.0,0.0,0.0,0.0,0.0,0.0,0.0,0.0,0.0,0.0,0.0,0.0,0.0,6,spring,0.0,0.0,0.0
3,2024-06-16 22:00:00+00:00,0.0,0.0,0.0,0.0,0.0,0.0,0.0,0.0,0.0,0.0,0.0,0.0,0.0,0.0,6,spring,0.0,0.0,0.0
3,2024-06-16 23:00:00+00:00,0.0,0.0,0.0,0.0,0.0,0.0,0.0,0.0,0.0,0.0,0.0,0.0,0.0,0.0,6,spring,0.0,0.0,0.0
3,2024-06-17 00:00:00+00:00,0.0,0.0,0.0,0.0,0.0,0.0,0.0,0.0,0.0,0.0,0.0,0.0,0.0,0.0,6,spring,0.0,0.0,0.0
3,2024-06-17 01:00:00+00:00,0.0,0.0,0.0,0.0,0.0,0.0,0.0,0.0,0.0,0.0,0.0,0.0,0.0,0.0,6,spring,0.0,0.1,0.0
3,2024-06-17 02:00:00+00:00,0.0,0.0,0.0,0.0,0.0,0.0,0.0,0.0,0.0,0.0,0.0,0.0,0.0,0.0,6,spring,0.0,0.1,0.0
3,2024-06-17 03:00:00+00:00,0.0,0.0,0.0,0.0,0.0,0.0,0.0,0.0,0.0,0.0,0.0,0.0,0.0,0.0,6,spring,0.0,0.1,0.0
3,2024-06-17 04:00:00+00:00,0.0,0.0,0.1,0.0,0.0,0.0,0.0,46.000008,45.000004,30.000002,46.000008,49.000008,77.000015,77.000015,6,spring,0.01,0.2,32.0
3,2024-06-17 05:00:00+00:00,0.0,0.0,0.1,0.0,0.0,0.0,0.0,155.00002,152.00002,104.00001,154.00002,165.0,252.00003,252.00003,6,spring,0.01,0.2,111.0
3,2024-06-17 06:00:00+00:00,0.0,0.0,0.1,0.0,0.0,0.0,0.0,292.0,290.0,205.0,288.0,306.0,434.0,431.0,6,spring,0.01,0.2,225.0
3,2024-06-17 07:00:00+00:00,0.0,0.0,0.0,0.0,0.0,0.0,0.0,459.0,461.0,342.0,448.0,473.0,607.0,601.0,6,spring,0.0,0.0,383.0
3,2024-06-17 08:00:00+00:00,0.0,0.0,0.0,0.0,0.0,0.0,0.0,617.0,625.0,491.0,598.0,633.0,751.0,751.0,6,spring,0.0,0.0,548.0
3,2024-06-17 09:00:00+00:00,0.0,0.0,0.0,0.0,0.0,0.0,0.0,723.0,730.0,632.0,696.0,746.0,830.0,870.0,6,spring,0.0,0.0,680.0
3,2024-06-17 10:00:00+00:00,0.1,0.2,0.0,0.0,0.0,0.0,0.0,775.0,775.0,754.0,741.0,810.0,848.0,950.0,6,spring,0.04,0.1,771.0
3,2024-06-17 11:00:00+00:00,0.1,0.2,0.0,0.0,0.0,0.0,0.0,790.0,781.0,822.0,750.0,830.0,850.0,985.0,6,spring,0.04,0.1,816.0
3,2024-06-17 12:00:00+00:00,0.1,0.2,0.0,0.0,0.0,0.0,0.0,786.0,759.0,815.0,736.0,814.0,871.0,975.0,6,spring,0.04,0.1,812.0
3,2024-06-17 13:00:00+00:00,0.0,0.0,0.0,0.0,0.0,0.0,0.0,747.0,701.0,745.0,689.0,755.0,876.0,918.0,6,spring,0.0,0.0,758.0
3,2024-06-17 14:00:00+00:00,0.0,0.0,0.0,0.0,0.0,0.0,0.0,659.0,611.0,638.0,606.0,654.0,819.0,819.0,6,spring,0.0,0.0,659.0
3,2024-06-17 15:00:00+00:00,0.0,0.0,0.0,0.0,0.0,0.0,0.0,540.0,509.0,520.0,503.0,529.0,704.0,697.0,6,spring,0.0,0.0,537.0
3,2024-06-17 16:00:00+00:00,0.0,0.0,0.0,0.0,0.0,0.0,0.0,396.0,387.0,384.0,380.0,385.0,546.0,543.0,6,spring,0.0,0.0,393.0
3,2024-06-17 17:00:00+00:00,0.0,0.0,0.0,0.0,0.0,0.0,0.0,234.00002,236.0,228.00002,229.0,226.0,349.0,349.0,6,spring,0.0,0.0,232.00002
3,2024-06-17 18:00:00+00:00,0.0,0.0,0.0,0.0,0.0,0.0,0.0,81.0,85.0,80.0,80.0,79.0,146.0,146.0,6,spring,0.0,0.0,81.0
3,2024-06-17 19:00:00+00:00,0.0,0.0,0.0,0.0,0.0,0.0,0.0,8.0,9.0,8.0,8.0,8.0,22.0,22.0,6,spring,0.0,0.0,8.0
3,2024-06-17 20:00:00+00:00,0.0,0.0,0.0,0.0,0.0,0.0,0.0,0.0,0.0,0.0,0.0,0.0,0.0,0.0,6,spring,0.0,0.0,0.0
3,2024-06-17 21:00:00+00:00,0.0,0.0,0.0,0.0,0.0,0.0,0.0,0.0,0.0,0.0,0.0,0.0,0.0,0.0,6,spring,0.0,0.0,0.0
3,2024-06-17 22:00:00+00:00,0.0,0.0,0.0,0.0,0.0,0.0,0.0,0.0,0.0,0.0,0.0,0.0,0.0,0.0,6,spring,0.0,0.0,0.0
3,2024-06-17 23:00:00+00:00,0.0,0.0,0.0,0.0,0.0,0.0,0.0,0.0,0.0,0.0,0.0,0.0,0.0,0.0,6,spring,0.0,0.0,0.0
3,2024-06-18 00:00:00+00:00,0.0,0.0,0.0,0.0,0.0,0.0,0.0,0.0,0.0,0.0,0.0,0.0,0.0,0.0,6,spring,0.0,0.0,0.0
3,2024-06-18 01:00:00+00:00,0.0,0.0,0.0,0.0,0.0,0.0,0.0,0.0,0.0,0.0,0.0,0.0,0.0,0.0,6,spring,0.0,0.0,0.0
3,2024-06-18 02:00:00+00:00,0.0,0.0,0.0,0.0,0.0,0.0,0.0,0.0,0.0,0.0,0.0,0.0,0.0,0.0,6,spring,0.0,0.0,0.0
3,2024-06-18 03:00:00+00:00,0.0,0.0,0.0,0.0,0.0,0.0,0.0,0.0,0.0,0.0,0.0,0.0,0.0,0.0,6,spring,0.0,0.0,0.0
3,2024-06-18 04:00:00+00:00,0.0,0.0,0.0,0.0,0.0,0.0,0.0,50.000008,49.000008,49.000008,49.000008,48.000008,76.000015,76.000015,6,spring,0.0,0.0,50.000008
3,2024-06-18 05:00:00+00:00,0.0,0.0,0.0,0.0,0.0,0.0,0.0,168.00002,166.0,166.0,166.0,161.00002,252.00003,252.00003,6,spring,0.0,0.0,167.00002
3,2024-06-18 06:00:00+00:00,0.0,0.0,0.0,0.0,0.0,0.0,0.0,311.0,308.0,308.0,308.0,302.0,433.0,431.0,6,spring,0.0,0.0,310.0
3,2024-06-18 07:00:00+00:00,0.0,0.0,0.0,0.0,0.0,0.0,0.0,478.0,476.0,476.0,475.0,472.99997,608.0,601.0,6,spring,0.0,0.0,479.0
3,2024-06-18 08:00:00+00:00,0.0,0.0,0.0,0.0,0.0,0.0,0.0,641.0,641.0,638.0,635.0,637.0,750.0,750.0,6,spring,0.0,0.0,640.0
3,2024-06-18 09:00:00+00:00,0.0,0.0,0.0,0.0,0.0,0.0,0.0,768.0,769.0,755.0,749.0,751.0,823.0,869.0,6,spring,0.0,0.0,753.0
3,2024-06-18 10:00:00+00:00,0.0,0.0,0.0,0.0,0.0,0.0,0.0,852.0,854.0,823.0,813.0,813.0,832.0,949.0,6,spring,0.0,0.0,816.0
3,2024-06-18 11:00:00+00:00,0.0,0.0,0.0,0.0,0.0,0.0,0.0,888.0,891.0,851.0,838.0,833.0,827.0,985.0,6,spring,0.0,0.0,838.0
3,2024-06-18 12:00:00+00:00,0.0,0.0,0.0,0.0,0.0,0.0,0.0,877.0,880.0,850.0,832.0,822.0,848.0,975.0,6,spring,0.0,0.0,832.0
3,2024-06-18 13:00:00+00:00,0.0,0.0,0.0,0.0,0.0,0.0,0.0,815.0,819.0,806.0,786.0,769.0,859.0,918.0,6,spring,0.0,0.0,785.0
3,2024-06-18 14:00:00+00:00,0.0,0.0,0.0,0.0,0.0,0.0,0.0,706.0,710.99994,707.0,690.0,673.00006,808.0,819.0,6,spring,0.0,0.0,687.0
3,2024-06-18 15:00:00+00:00,0.0,0.0,0.0,0.0,0.0,0.0,0.0,569.0,576.0,567.0,563.0,550.0,698.0,697.0,6,spring,0.0,0.0,553.0
3,2024-06-18 16:00:00+00:00,0.0,0.0,0.0,0.0,0.0,0.0,0.0,412.0,419.0,405.0,412.0,406.0,545.0,543.0,6,spring,0.0,0.0,397.0
3,2024-06-18 17:00:00+00:00,0.0,0.0,0.0,0.0,0.0,0.0,0.0,240.99997,246.99997,234.99998,242.99997,240.99997,349.99997,349.99997,6,spring,0.0,0.0,231.99997
3,2024-06-18 18:00:00+00:00,0.0,0.0,0.0,0.0,0.0,0.0,0.0,84.00001,87.00001,83.00001,85.00001,84.00001,146.00002,147.00003,6,spring,0.0,0.0,82.00001
3,2024-06-18 19:00:00+00:00,0.0,0.0,0.0,0.0,0.0,0.0,0.0,8.0,9.0,9.0,8.0,8.0,22.000004,23.000004,6,spring,0.0,0.0,8.0
3,2024-06-18 20:00:00+00:00,0.0,0.0,0.0,0.0,0.0,0.0,0.0,0.0,0.0,0.0,0.0,0.0,0.0,0.0,6,spring,0.0,0.0,0.0
3,2024-06-18 21:00:00+00:00,0.0,0.0,0.0,0.0,0.0,0.0,0.0,0.0,0.0,0.0,0.0,0.0,0.0,0.0,6,spring,0.0,0.0,0.0
3,2024-06-18 22:00:00+00:00,0.0,0.0,0.0,0.0,0.0,0.0,0.0,0.0,0.0,0.0,0.0,0.0,0.0,0.0,6,spring,0.0,0.0,0.0
3,2024-06-18 23:00:00+00:00,0.0,0.0,0.0,0.0,0.0,0.0,0.0,0.0,0.0,0.0,0.0,0.0,0.0,0.0,6,spring,0.0,0.0,0.0
3,2024-06-19 00:00:00+00:00,0.0,0.0,0.0,0.0,0.0,0.0,0.0,0.0,0.0,0.0,0.0,0.0,0.0,0.0,6,spring,0.0,0.0,0.0
3,2024-06-19 01:00:00+00:00,0.0,0.0,0.0,0.0,0.0,0.0,0.0,0.0,0.0,0.0,0.0,0.0,0.0,0.0,6,spring,0.0,0.0,0.0
3,2024-06-19 02:00:00+00:00,0.0,0.0,0.0,0.0,0.0,0.0,0.0,0.0,0.0,0.0,0.0,0.0,0.0,0.0,6,spring,0.0,0.0,0.0
3,2024-06-19 03:00:00+00:00,0.0,0.0,0.0,0.0,0.0,0.0,0.0,0.0,0.0,0.0,0.0,0.0,0.0,0.0,6,spring,0.0,0.0,0.0
3,2024-06-19 04:00:00+00:00,0.0,0.0,0.0,0.0,0.0,0.0,0.0,50.0,50.0,50.0,50.0,50.0,76.0,76.0,6,spring,0.0,0.0,50.0
3,2024-06-19 05:00:00+00:00,0.0,0.0,0.0,0.0,0.0,0.0,0.0,169.0,170.00002,170.00002,170.00002,169.0,252.00003,252.00003,6,spring,0.0,0.0,169.0
3,2024-06-19 06:00:00+00:00,0.0,0.0,0.0,0.0,0.0,0.0,0.0,312.0,314.0,314.0,314.0,313.0,432.0,430.0,6,spring,0.0,0.0,313.0
3,2024-06-19 07:00:00+00:00,0.0,0.0,0.0,0.0,0.0,0.0,0.0,480.0,481.0,482.0,483.0,481.0,604.0,600.0,6,spring,0.0,0.0,481.0
3,2024-06-19 08:00:00+00:00,0.0,0.0,0.0,0.0,0.0,0.0,0.0,644.0,645.0,645.0,647.0,645.0,750.0,750.0,6,spring,0.0,0.0,645.0
3,2024-06-19 09:00:00+00:00,0.0,0.0,0.0,0.0,0.0,0.0,0.0,771.0,772.0,772.0,775.0,772.0,843.0,869.0,6,spring,0.0,0.0,772.0
3,2024-06-19 10:00:00+00:00,0.0,0.0,0.0,0.0,0.0,0.0,0.0,856.0,857.0,855.0,859.0,856.0,883.0,949.0,6,spring,0.0,0.0,856.0
3,2024-06-19 11:00:00+00:00,0.0,0.0,0.0,0.0,0.0,0.0,0.0,893.0,895.0,892.0,896.0,893.0,897.0,985.0,6,spring,0.0,0.0,892.0
3,2024-06-19 12:00:00+00:00,0.0,0.0,0.0,0.0,0.0,0.0,0.0,883.0,885.0,882.0,885.0,883.0,907.0,975.0,6,spring,0.0,0.0,881.0
3,2024-06-19 13:00:00+00:00,0.0,0.0,0.0,0.0,0.0,0.0,0.0,823.0,825.0,823.0,823.0,823.0,891.0,918.0,6,spring,0.0,0.0,820.0
3,2024-06-19 14:00:00+00:00,0.0,0.0,0.0,0.0,0.0,0.0,0.0,715.0,717.0,716.0,714.0,715.0,820.0,820.0,6,spring,0.0,0.0,712.0
3,2024-06-19 15:00:00+00:00,0.0,0.0,0.0,0.0,0.0,0.0,0.0,581.0,582.0,582.0,578.0,581.0,702.0,698.0,6,spring,0.0,0.0,578.0
3,2024-06-19 16:00:00+00:00,0.0,0.0,0.0,0.0,0.0,0.0,0.0,426.0,425.00003,426.0,421.0,426.0,545.0,544.0,6,spring,0.0,0.0,423.00006
3,2024-06-19 17:00:00+00:00,0.0,0.0,0.0,0.0,0.0,0.0,0.0,252.00002,251.00003,252.00002,248.0,252.00002,350.00003,350.00003,6,spring,0.0,0.0,250.00002
3,2024-06-19 18:00:00+00:00,0.0,0.0,0.0,0.0,0.0,0.0,0.0,89.0,89.0,89.0,88.0,89.0,148.0,148.0,6,spring,0.0,0.0,89.0
3,2024-06-19 19:00:00+00:00,0.0,0.0,0.0,0.0,0.0,0.0,0.0,9.0,9.0,9.0,9.0,9.0,22.999996,22.999996,6,spring,0.0,0.0,9.0
3,2024-06-19 20:00:00+00:00,0.0,0.0,0.0,0.0,0.0,0.0,0.0,0.0,0.0,0.0,0.0,0.0,0.0,0.0,6,spring,0.0,0.0,0.0
3,2024-06-19 21:00:00+00:00,0.0,0.0,0.0,0.0,0.0,0.0,0.0,0.0,0.0,0.0,0.0,0.0,0.0,0.0,6,spring,0.0,0.0,0.0
3,2024-06-19 22:00:00+00:00,0.0,0.0,0.0,0.0,0.0,0.0,0.0,0.0,0.0,0.0,0.0,0.0,0.0,0.0,6,spring,0.0,0.0,0.0
3,2024-06-19 23:00:00+00:00,0.0,0.0,0.0,0.0,0.0,0.0,0.0,0.0,0.0,0.0,0.0,0.0,0.0,0.0,6,spring,0.0,0.0,0.0
3,2024-06-20 00:00:00+00:00,0.0,0.0,0.0,0.0,0.0,0.0,0.0,0.0,0.0,0.0,0.0,0.0,0.0,0.0,6,spring,0.0,0.0,0.0
3,2024-06-20 01:00:00+00:00,0.0,0.0,0.0,0.0,0.0,0.0,0.0,0.0,0.0,0.0,0.0,0.0,0.0,0.0,6,spring,0.0,0.0,0.0
3,2024-06-20 02:00:00+00:00,0.0,0.0,0.0,0.0,0.0,0.0,0.0,0.0,0.0,0.0,0.0,0.0,0.0,0.0,6,spring,0.0,0.0,0.0
3,2024-06-20 03:00:00+00:00,0.0,0.0,0.0,0.0,0.0,0.0,0.0,0.0,0.0,0.0,0.0,0.0,0.0,0.0,6,spring,0.0,0.0,0.0
3,2024-06-20 04:00:00+00:00,0.0,0.0,0.0,0.0,0.0,0.0,0.0,48.999992,42.999992,48.999992,49.999992,49.999992,75.999985,75.999985,6,spring,0.0,0.0,48.999992
3,2024-06-20 05:00:00+00:00,0.0,0.0,0.0,0.0,0.0,0.0,0.0,167.0,146.0,167.0,169.0,169.0,251.0,251.0,6,spring,0.0,0.0,165.0
3,2024-06-20 06:00:00+00:00,0.0,0.0,0.0,0.0,0.0,0.0,0.0,309.00003,281.0,309.00003,312.00003,312.00003,431.00003,430.00006,6,spring,0.0,0.0,306.00003
3,2024-06-20 07:00:00+00:00,0.0,0.0,0.0,0.0,0.0,0.0,0.0,474.0,452.0,474.0,479.0,479.0,604.0,600.0,6,spring,0.0,0.0,472.0
3,2024-06-20 08:00:00+00:00,0.0,0.0,0.0,0.0,0.0,0.0,0.0,635.0,622.99994,636.0,641.99994,641.99994,749.0,749.0,6,spring,0.0,0.0,634.0
3,2024-06-20 09:00:00+00:00,0.0,0.0,0.0,0.0,0.0,0.0,0.0,760.0,756.0,762.0,769.0,769.0,841.0,868.0,6,spring,0.0,0.0,763.0
3,2024-06-20 10:00:00+00:00,0.0,0.0,0.0,0.0,0.0,0.0,0.0,843.0,844.0,846.0,854.0,855.0,879.0,949.0,6,spring,0.0,0.0,850.0
3,2024-06-20 11:00:00+00:00,0.0,0.0,0.0,0.0,0.0,0.0,0.0,879.0,884.0,883.0,891.0,893.0,892.0,985.0,6,spring,0.0,0.0,875.0
3,2024-06-20 12:00:00+00:00,0.0,0.0,0.0,0.0,0.0,0.0,0.0,865.0,876.0,872.0,881.0,884.0,903.0,975.0,6,spring,0.0,0.0,817.0
3,2024-06-20 13:00:00+00:00,0.0,0.0,0.0,0.0,0.0,0.0,0.0,801.0,816.0,812.0,821.0,825.0,890.0,919.0,6,spring,0.0,0.0,700.0
3,2024-06-20 14:00:00+00:00,0.0,0.0,0.0,0.0,0.0,0.0,0.0,692.99994,708.0,705.0,713.0,717.0,820.0,820.0,6,spring,0.0,0.0,579.0
3,2024-06-20 15:00:00+00:00,0.0,0.0,0.0,0.0,0.0,0.0,0.0,561.0,571.0,572.0,579.0,582.0,703.0,699.0,6,spring,0.0,0.0,489.0
3,2024-06-20 16:00:00+00:00,0.0,0.0,0.0,0.0,0.0,0.0,0.0,408.99994,413.99994,418.0,422.99994,424.99994,546.99994,545.99994,6,spring,0.0,0.0,388.99994
3,2024-06-20 17:00:00+00:00,0.0,0.0,0.0,0.0,0.0,0.0,0.0,242.0,243.0,247.0,250.0,251.0,351.0,351.0,6,spring,0.0,0.0,244.0
3,2024-06-20 18:00:00+00:00,0.0,0.0,0.0,0.0,0.0,0.0,0.0,86.0,86.0,88.0,89.0,89.0,147.99998,147.0,6,spring,0.0,0.0,87.0
3,2024-06-20 19:00:00+00:00,0.0,0.0,0.0,0.0,0.0,0.0,0.0,9.0,9.0,9.0,9.0,9.0,23.000002,22.000002,6,spring,0.0,0.0,8.0
3,2024-06-20 20:00:00+00:00,0.0,0.0,0.0,0.0,0.0,0.0,0.0,0.0,0.0,0.0,0.0,0.0,0.0,0.0,6,spring,0.0,0.0,0.0
3,2024-06-20 21:00:00+00:00,0.0,0.0,0.0,0.0,0.0,0.0,0.0,0.0,0.0,0.0,0.0,0.0,0.0,0.0,6,spring,0.0,0.0,0.0
3,2024-06-20 22:00:00+00:00,0.0,0.0,0.0,0.0,0.0,0.0,0.0,0.0,0.0,0.0,0.0,0.0,0.0,0.0,6,spring,0.0,0.0,0.0
3,2024-06-20 23:00:00+00:00,0.0,0.0,0.0,0.0,0.0,0.0,0.0,0.0,0.0,0.0,0.0,0.0,0.0,0.0,6,spring,0.0,0.0,0.0
3,2024-06-21 00:00:00+00:00,0.0,0.0,0.0,0.0,0.0,0.0,0.0,0.0,0.0,0.0,0.0,0.0,0.0,0.0,6,summer,0.0,0.0,0.0
3,2024-06-21 01:00:00+00:00,0.0,0.0,0.0,0.0,0.0,0.0,0.0,0.0,0.0,0.0,0.0,0.0,0.0,0.0,6,summer,0.0,0.0,0.0
3,2024-06-21 02:00:00+00:00,0.0,0.0,0.0,0.0,0.0,0.0,0.0,0.0,0.0,0.0,0.0,0.0,0.0,0.0,6,summer,0.0,0.0,0.0
3,2024-06-21 03:00:00+00:00,0.0,0.0,0.0,0.0,0.0,0.0,0.0,0.0,0.0,0.0,0.0,0.0,0.0,0.0,6,summer,0.0,0.0,0.0
3,2024-06-21 04:00:00+00:00,0.0,0.0,0.0,0.0,0.0,0.0,0.0,48.000004,43.0,49.000004,49.000004,48.000004,75.00001,75.00001,6,summer,0.0,0.0,48.000004
3,2024-06-21 05:00:00+00:00,0.0,0.0,0.0,0.0,0.0,0.0,0.0,163.99998,145.99998,165.0,165.0,163.99998,249.99997,249.99997,6,summer,0.0,0.0,162.99998
3,2024-06-21 06:00:00+00:00,0.0,0.0,0.0,0.0,0.0,0.0,0.0,305.0,282.0,306.0,306.0,304.0,431.0,429.0,6,summer,0.0,0.0,303.0
3,2024-06-21 07:00:00+00:00,0.0,0.0,0.0,0.0,0.0,0.0,0.0,470.0,453.0,473.0,471.0,469.0,603.0,599.0,6,summer,0.0,0.0,467.0
3,2024-06-21 08:00:00+00:00,0.0,0.0,0.0,0.0,0.0,0.0,0.0,632.0,623.0,635.0,632.0,630.99994,749.0,749.0,6,summer,0.0,0.0,629.0
3,2024-06-21 09:00:00+00:00,0.0,0.0,0.0,0.0,0.0,0.0,0.0,760.0,752.0,760.0,758.0,758.0,841.0,868.0,6,summer,0.0,0.0,756.0
3,2024-06-21 10:00:00+00:00,0.0,0.0,0.0,0.0,0.0,0.0,0.0,848.0,833.0,842.0,842.0,843.0,880.0,948.0,6,summer,0.0,0.0,841.0
3,2024-06-21 11:00:00+00:00,0.0,0.0,0.0,0.0,0.0,0.0,0.0,882.0,869.0,878.0,880.0,883.0,893.0,985.0,6,summer,0.0,0.0,876.0
3,2024-06-21 12:00:00+00:00,0.0,0.0,0.0,0.0,0.0,0.0,0.0,860.0,870.0,870.0,876.0,889.0,904.0,974.0,6,summer,0.0,0.0,857.0
3,2024-06-21 13:00:00+00:00,0.0,0.0,0.0,0.0,0.0,0.0,0.0,783.0,823.0,814.0,822.0,844.0,890.0,919.0,6,summer,0.0,0.0,786.0
3,2024-06-21 14:00:00+00:00,0.0,0.0,0.0,0.0,0.0,0.0,0.0,659.0,710.0,709.0,707.0,713.0,820.0,820.0,6,summer,0.0,0.0,670.0
3,2024-06-21 15:00:00+00:00,0.0,0.0,0.0,0.0,0.0,0.0,0.0,505.0,541.0,575.00006,542.0,496.0,703.0,699.0,6,summer,0.0,0.0,528.0
3,2024-06-21 16:00:00+00:00,0.0,0.0,0.0,0.0,0.0,0.0,0.0,341.0,357.0,419.0,362.0,273.0,546.0,545.0,6,summer,0.0,0.0,373.0
3,2024-06-21 17:00:00+00:00,0.0,0.0,0.0,0.0,0.0,0.0,0.0,189.0,194.0,245.99998,199.0,121.0,350.99997,350.99997,6,summer,0.0,0.0,214.0
3,2024-06-21 18:00:00+00:00,0.0,0.0,0.0,0.0,0.0,0.0,0.0,65.0,67.0,86.00001,69.0,40.0,150.00002,148.00003,6,summer,0.0,0.0,74.0
3,2024-06-21 19:00:00+00:00,0.0,0.0,0.0,0.0,0.0,0.0,0.0,7.0,7.0,8.0,7.0,5.0,23.999994,22.999994,6,summer,0.0,0.0,7.0
3,2024-06-21 20:00:00+00:00,0.0,0.0,0.0,0.0,0.0,0.0,0.0,0.0,0.0,0.0,0.0,0.0,0.0,0.0,6,summer,0.0,0.0,0.0
3,2024-06-21 21:00:00+00:00,0.0,0.0,0.0,0.0,0.0,0.0,0.0,0.0,0.0,0.0,0.0,0.0,0.0,0.0,6,summer,0.0,0.0,0.0
3,2024-06-21 22:00:00+00:00,0.0,0.0,0.0,0.0,0.0,0.0,0.0,0.0,0.0,0.0,0.0,0.0,0.0,0.0,6,summer,0.0,0.0,0.0
3,2024-06-21 23:00:00+00:00,0.0,0.0,0.0,0.0,0.0,0.0,0.0,0.0,0.0,0.0,0.0,0.0,0.0,0.0,6,summer,0.0,0.0,0.0
3,2024-06-22 00:00:00+00:00,0.0,0.0,0.0,0.0,0.0,0.0,0.0,0.0,0.0,0.0,0.0,0.0,0.0,0.0,6,summer,0.0,0.0,0.0
3,2024-06-22 01:00:00+00:00,0.0,0.0,0.0,0.0,0.0,0.0,0.0,0.0,0.0,0.0,0.0,0.0,0.0,0.0,6,summer,0.0,0.0,0.0
3,2024-06-22 02:00:00+00:00,0.0,0.0,0.0,0.0,0.0,0.0,0.0,0.0,0.0,0.0,0.0,0.0,0.0,0.0,6,summer,0.0,0.0,0.0
3,2024-06-22 03:00:00+00:00,0.0,0.0,0.0,0.0,0.0,0.0,0.0,0.0,0.0,0.0,0.0,0.0,0.0,0.0,6,summer,0.0,0.0,0.0
3,2024-06-22 04:00:00+00:00,0.0,0.0,0.0,0.0,0.0,0.0,0.0,41.999996,46.999992,45.999992,47.999992,39.999996,74.999985,74.999985,6,summer,0.0,0.0,47.999992
3,2024-06-22 05:00:00+00:00,0.0,0.0,0.0,0.0,0.0,0.0,0.0,146.0,159.0,157.0,165.0,140.0,250.0,250.0,6,summer,0.0,0.0,164.0
3,2024-06-22 06:00:00+00:00,0.0,0.0,0.0,0.0,0.0,0.0,0.0,279.99997,290.0,287.99997,305.99997,273.99997,429.99994,428.99994,6,summer,0.0,0.0,308.99997
3,2024-06-22 07:00:00+00:00,0.0,0.0,0.0,0.0,0.0,0.0,0.0,444.0,439.0,436.0,469.99994,447.0,603.0,599.0,6,summer,0.0,0.0,483.00003
3,2024-06-22 08:00:00+00:00,0.0,0.0,0.0,0.0,0.0,0.0,0.0,597.0,586.0,578.0,632.0,622.0,748.0,748.0,6,summer,0.0,0.0,634.0
3,2024-06-22 09:00:00+00:00,0.0,0.0,0.0,0.0,0.0,0.0,0.0,689.0,727.0,691.0,766.0,758.0,837.0,867.0,6,summer,0.0,0.0,689.0
3,2024-06-22 10:00:00+00:00,2.7,1.2,0.2,0.0,0.0,0.0,0.0,718.0,841.0,767.0,862.0,846.0,871.0,948.0,6,summer,0.59,1.2,660.0
3,2024-06-22 11:00:00+00:00,2.7,1.2,0.2,0.0,0.0,0.0,0.0,688.0,864.0,783.0,888.0,878.0,882.0,985.0,6,summer,0.59,1.2,620.0
3,2024-06-22 12:00:00+00:00,2.7,1.2,0.2,0.0,0.0,0.0,0.0,584.0,730.0,719.0,818.0,847.0,896.0,975.0,6,summer,0.59,1.2,619.0
3,2024-06-22 13:00:00+00:00,0.0,1.1,0.1,0.1,0.0,0.0,0.0,441.0,517.0,602.0,684.0,760.0,887.0,919.0,6,summer,0.19,0.1,618.0
3,2024-06-22 14:00:00+00:00,0.0,1.1,0.1,0.1,0.0,0.0,0.0,340.0,365.0,490.0,549.0,634.0,821.0,821.0,6,summer,0.19,0.1,564.0
3,2024-06-22 15:00:00+00:00,0.0,1.1,0.1,0.1,0.0,0.0,0.0,323.0,338.0,417.0,447.0,491.0,704.0,699.0,6,summer,0.19,0.1,461.0
3,2024-06-22 16:00:00+00:00,0.0,0.0,0.0,0.0,0.0,0.0,0.0,306.0,321.0,337.00003,343.0,341.0,547.00006,546.0,6,summer,0.0,0.0,333.00003
3,2024-06-22 17:00:00+00:00,0.0,0.0,0.0,0.0,0.0,0.0,0.0,215.0,224.99998,215.99998,212.0,193.0,351.99997,351.99997,6,summer,0.0,0.0,194.0
3,2024-06-22 18:00:00+00:00,0.0,0.0,0.0,0.0,0.0,0.0,0.0,81.0,82.99999,78.99999,77.0,67.0,149.99997,148.99997,6,summer,0.0,0.0,67.0
3,2024-06-22 19:00:00+00:00,0.0,0.0,0.0,0.0,0.1,0.0,0.0,9.0,8.0,8.0,8.0,7.0,24.000004,23.000004,6,summer,0.01,0.1,6.0
3,2024-06-22 20:00:00+00:00,0.0,0.0,0.0,0.0,0.1,0.0,0.0,0.0,0.0,0.0,0.0,0.0,0.0,0.0,6,summer,0.01,0.1,0.0
3,2024-06-22 21:00:00+00:00,0.0,0.0,0.0,0.0,0.1,0.0,0.0,0.0,0.0,0.0,0.0,0.0,0.0,0.0,6,summer,0.01,0.1,0.0
3,2024-06-22 22:00:00+00:00,0.1,0.0,0.0,0.0,0.0,0.0,0.0,0.0,0.0,0.0,0.0,0.0,0.0,0.0,6,summer,0.01,0.0,0.0
3,2024-06-22 23:00:00+00:00,0.1,0.0,0.0,0.0,0.0,0.0,0.0,0.0,0.0,0.0,0.0,0.0,0.0,0.0,6,summer,0.01,0.0,0.0
3,2024-06-23 00:00:00+00:00,0.1,0.0,0.0,0.0,0.0,0.0,0.0,0.0,0.0,0.0,0.0,0.0,0.0,0.0,6,summer,0.01,0.0,0.0
3,2024-06-23 01:00:00+00:00,1.2,0.2,0.0,0.0,0.0,0.0,0.5,0.0,0.0,0.0,0.0,0.0,0.0,0.0,6,summer,0.27,0.0,0.0
3,2024-06-23 02:00:00+00:00,1.2,0.2,0.0,0.0,0.0,0.0,0.5,0.0,0.0,0.0,0.0,0.0,0.0,0.0,6,summer,0.27,0.0,0.0
3,2024-06-23 03:00:00+00:00,1.2,0.2,0.0,0.0,0.0,0.0,0.5,0.0,0.0,0.0,0.0,0.0,0.0,0.0,6,summer,0.27,0.0,0.0
3,2024-06-23 04:00:00+00:00,0.2,0.0,0.1,0.0,0.0,0.0,0.5,27.0,45.000004,40.000004,48.000004,51.000004,74.00001,74.00001,6,summer,0.11,0.0,47.000004
3,2024-06-23 05:00:00+00:00,0.2,0.0,0.1,0.0,0.0,0.0,0.5,97.0,153.99998,141.0,165.0,173.99998,248.99997,248.99997,6,summer,0.11,0.0,153.99998
3,2024-06-23 06:00:00+00:00,0.2,0.0,0.1,0.0,0.0,0.0,0.5,216.00002,290.0,275.0,309.00003,322.00003,433.0,427.0,6,summer,0.11,0.0,246.00002
3,2024-06-23 07:00:00+00:00,0.0,0.0,0.0,0.0,0.0,0.0,0.0,397.0,453.0,447.0,480.0,493.0,614.0,597.0,6,summer,0.0,0.3,305.0
3,2024-06-23 08:00:00+00:00,0.0,0.0,0.0,0.0,0.0,0.0,0.0,560.0,611.0,616.0,632.0,657.0,747.0,747.0,6,summer,0.0,0.3,344.0
3,2024-06-23 09:00:00+00:00,0.0,0.0,0.0,0.0,0.0,0.0,0.0,595.0,726.0,736.0,700.0,780.0,764.0,867.0,6,summer,0.0,0.3,372.0
3,2024-06-23 10:00:00+00:00,0.1,0.0,0.0,0.0,0.0,0.8,0.0,522.0,794.0,801.0,694.0,855.0,683.0,948.0,6,summer,0.13,0.1,390.0
3,2024-06-23 11:00:00+00:00,0.1,0.0,0.0,0.0,0.0,0.8,0.0,449.0,821.0,824.0,667.0,879.0,612.0,985.0,6,summer,0.13,0.1,402.0
3,2024-06-23 12:00:00+00:00,0.1,0.0,0.0,0.0,0.0,0.8,0.0,447.0,818.0,817.0,662.0,850.0,624.0,975.0,6,summer,0.13,0.1,419.0
3,2024-06-23 13:00:00+00:00,0.1,0.0,0.0,0.1,0.0,1.6,0.0,462.0,773.0,766.0,645.0,772.0,660.0,919.0,6,summer,0.26,0.0,429.0
3,2024-06-23 14:00:00+00:00,0.1,0.0,0.0,0.1,0.0,1.6,0.0,437.0,670.0,661.0,572.0,659.0,645.0,821.0,6,summer,0.26,0.0,405.0
3,2024-06-23 15:00:00+00:00,0.1,0.0,0.0,0.1,0.0,1.6,0.0,372.0,520.0,511.0,444.0,535.0,572.0,700.0,6,summer,0.26,0.0,352.0
3,2024-06-23 16:00:00+00:00,0.3,0.7,0.3,0.3,0.0,1.6,0.0,284.0,353.0,346.0,300.0,394.99997,456.99997,547.0,6,summer,0.46,0.0,274.0
3,2024-06-23 17:00:00+00:00,0.3,0.7,0.3,0.3,0.0,1.6,0.0,173.0,195.0,192.0,166.0,236.0,299.0,352.0,6,summer,0.46,0.0,171.0
3,2024-06-23 18:00:00+00:00,0.3,0.7,0.3,0.3,0.0,1.6,0.0,62.0,66.0,66.0,57.0,84.00001,127.000015,147.00002,6,summer,0.46,0.0,63.000004
3,2024-06-23 19:00:00+00:00,0.5,0.0,0.0,0.0,0.0,1.1,0.0,6.0,6.0,7.0,6.0,9.0,19.000002,22.000002,6,summer,0.23,0.3,7.0
3,2024-06-23 20:00:00+00:00,0.5,0.0,0.0,0.0,0.0,1.1,0.0,0.0,0.0,0.0,0.0,0.0,0.0,0.0,6,summer,0.23,0.3,0.0
3,2024-06-23 21:00:00+00:00,0.5,0.0,0.0,0.0,0.0,1.1,0.0,0.0,0.0,0.0,0.0,0.0,0.0,0.0,6,summer,0.23,0.3,0.0
3,2024-06-23 22:00:00+00:00,0.0,0.0,0.0,0.1,0.0,0.0,0.0,0.0,0.0,0.0,0.0,0.0,0.0,0.0,6,summer,0.01,0.0,0.0
3,2024-06-23 23:00:00+00:00,0.0,0.0,0.0,0.1,0.0,0.0,0.0,0.0,0.0,0.0,0.0,0.0,0.0,0.0,6,summer,0.01,0.0,0.0
3,2024-06-24 00:00:00+00:00,0.0,0.0,0.0,0.1,0.0,0.0,0.0,0.0,0.0,0.0,0.0,0.0,0.0,0.0,6,summer,0.01,0.0,0.0
3,2024-06-24 01:00:00+00:00,0.0,0.2,0.0,0.0,0.0,0.0,0.0,0.0,0.0,0.0,0.0,0.0,0.0,0.0,6,summer,0.03,0.0,0.0
3,2024-06-24 02:00:00+00:00,0.0,0.2,0.0,0.0,0.0,0.0,0.0,0.0,0.0,0.0,0.0,0.0,0.0,0.0,6,summer,0.03,0.0,0.0
3,2024-06-24 03:00:00+00:00,0.0,0.2,0.0,0.0,0.0,0.0,0.0,0.0,0.0,0.0,0.0,0.0,0.0,0.0,6,summer,0.03,0.0,0.0
3,2024-06-24 04:00:00+00:00,0.0,0.0,0.0,0.0,0.8,0.0,0.0,36.999996,25.0,40.0,29.999998,20.0,72.99999,72.99999,6,summer,0.11,0.0,46.999996
3,2024-06-24 05:00:00+00:00,0.0,0.0,0.0,0.0,0.8,0.0,0.0,129.0,92.0,140.0,108.0,75.0,248.00002,248.00002,6,summer,0.11,0.0,162.0
3,2024-06-24 06:00:00+00:00,0.0,0.0,0.0,0.0,0.8,0.0,0.0,243.0,209.0,267.0,214.0,168.0,428.99997,428.0,6,summer,0.11,0.0,294.0
3,2024-06-24 07:00:00+00:00,0.0,0.0,0.0,0.0,0.0,0.0,0.0,381.0,393.0,423.0,357.0,313.0,605.0,600.0,6,summer,0.0,0.0,441.0
3,2024-06-24 08:00:00+00:00,0.0,0.0,0.0,0.0,0.0,0.0,0.0,523.0,587.0,582.0,515.0,474.0,747.0,747.0,6,summer,0.0,0.0,586.0
3,2024-06-24 09:00:00+00:00,0.0,0.0,0.0,0.0,0.0,0.0,0.0,657.0,728.0,718.0,671.0,611.0,815.0,846.0,6,summer,0.0,0.0,713.0
3,2024-06-24 10:00:00+00:00,0.1,0.0,0.0,0.0,0.0,0.0,0.2,768.0,811.0,821.0,809.0,716.0,816.0,896.0,6,summer,0.04,0.0,811.0
3,2024-06-24 11:00:00+00:00,0.1,0.0,0.0,0.0,0.0,0.0,0.2,809.0,838.0,871.0,891.0,780.0,808.0,915.0,6,summer,0.04,0.0,860.0
3,2024-06-24 12:00:00+00:00,0.1,0.0,0.0,0.0,0.0,0.0,0.2,744.0,812.0,863.0,892.0,802.0,835.0,922.0,6,summer,0.04,0.0,850.0
3,2024-06-24 13:00:00+00:00,0.0,0.0,0.0,0.0,0.0,0.0,0.1,611.0,731.0,797.0,825.0,771.0,856.0,897.0,6,summer,0.01,0.0,786.0
3,2024-06-24 14:00:00+00:00,0.0,0.0,0.0,0.0,0.0,0.0,0.1,478.0,605.0,672.0,711.0,680.00006,812.0,821.0,6,summer,0.01,0.0,674.0
3,2024-06-24 15:00:00+00:00,0.0,0.0,0.0,0.0,0.0,0.0,0.1,379.0,448.0,500.0,578.00006,540.0,701.0,702.0,6,summer,0.01,0.0,533.0
3,2024-06-24 16:00:00+00:00,0.0,0.0,0.0,0.0,0.0,0.0,0.1,283.0,288.0,320.0,423.00003,378.00003,546.0,546.0,6,summer,0.01,0.0,375.0
3,2024-06-24 17:00:00+00:00,0.0,0.0,0.0,0.0,0.0,0.0,0.1,171.0,153.0,168.0,251.0,216.0,352.00003,352.00003,6,summer,0.01,0.0,215.0
3,2024-06-24 18:00:00+00:00,0.0,0.0,0.0,0.0,0.0,0.0,0.1,61.0,52.0,57.0,89.0,76.0,152.00002,150.00002,6,summer,0.01,0.0,75.0
3,2024-06-24 19:00:00+00:00,0.0,0.0,0.0,0.0,0.0,0.0,0.0,6.0,5.0,6.0,9.0,8.0,24.000002,24.000002,6,summer,0.0,0.0,7.0
3,2024-06-24 20:00:00+00:00,0.0,0.0,0.0,0.0,0.0,0.0,0.0,0.0,0.0,0.0,0.0,0.0,0.0,0.0,6,summer,0.0,0.0,0.0
3,2024-06-24 21:00:00+00:00,0.0,0.0,0.0,0.0,0.0,0.0,0.0,0.0,0.0,0.0,0.0,0.0,0.0,0.0,6,summer,0.0,0.0,0.0
3,2024-06-24 22:00:00+00:00,0.0,0.0,0.0,0.0,0.0,0.0,0.0,0.0,0.0,0.0,0.0,0.0,0.0,0.0,6,summer,0.0,0.1,0.0
3,2024-06-24 23:00:00+00:00,0.0,0.0,0.0,0.0,0.0,0.0,0.0,0.0,0.0,0.0,0.0,0.0,0.0,0.0,6,summer,0.0,0.1,0.0
3,2024-06-25 00:00:00+00:00,0.0,0.0,0.0,0.0,0.0,0.0,0.0,0.0,0.0,0.0,0.0,0.0,0.0,0.0,6,summer,0.0,0.1,0.0
3,2024-06-25 01:00:00+00:00,0.0,0.0,0.0,0.0,0.0,0.0,0.6,0.0,0.0,0.0,0.0,0.0,0.0,0.0,6,summer,0.09,0.0,0.0
3,2024-06-25 02:00:00+00:00,0.0,0.0,0.0,0.0,0.0,0.0,0.6,0.0,0.0,0.0,0.0,0.0,0.0,0.0,6,summer,0.09,0.0,0.0
3,2024-06-25 03:00:00+00:00,0.0,0.0,0.0,0.0,0.0,0.0,0.6,0.0,0.0,0.0,0.0,0.0,0.0,0.0,6,summer,0.09,0.0,0.0
3,2024-06-25 04:00:00+00:00,5.6,0.8,0.0,0.0,0.0,0.0,0.6,17.0,34.0,29.0,38.0,44.999996,71.99999,69.99999,6,summer,1.0,0.0,45.999996
3,2024-06-25 05:00:00+00:00,5.6,0.8,0.0,0.0,0.0,0.0,0.6,67.0,116.0,104.0,132.0,147.0,247.00002,241.00002,6,summer,1.0,0.0,161.0
3,2024-06-25 06:00:00+00:00,5.6,0.8,0.0,0.0,0.0,0.0,0.6,164.0,206.0,216.0,239.0,197.0,427.0,417.0,6,summer,1.0,0.0,301.0
3,2024-06-25 07:00:00+00:00,0.0,0.0,0.1,0.1,0.3,0.0,0.1,323.0,299.0,375.0,356.0,170.0,600.0,586.0,6,summer,0.09,0.0,467.0
3,2024-06-25 08:00:00+00:00,0.0,0.0,0.1,0.1,0.3,0.0,0.1,476.0,401.0,535.0,480.0,165.0,746.0,737.0,6,summer,0.09,0.0,623.0
3,2024-06-25 09:00:00+00:00,0.0,0.0,0.1,0.1,0.3,0.0,0.1,530.0,530.0,641.0,618.0,330.0,838.0,859.0,6,summer,0.09,0.0,738.0
3,2024-06-25 10:00:00+00:00,0.0,0.0,0.0,0.0,0.0,0.0,0.1,499.0,665.0,690.0,751.0,619.0,876.0,944.0,6,summer,0.01,0.0,802.0
3,2024-06-25 11:00:00+00:00,0.0,0.0,0.0,0.0,0.0,0.0,0.1,464.0,744.0,698.0,822.0,840.0,889.0,984.0,6,summer,0.01,0.0,803.0
3,2024-06-25 12:00:00+00:00,0.0,0.0,0.0,0.0,0.0,0.0,0.1,484.0,723.0,666.0,787.0,880.0,901.0,975.0,6,summer,0.01,0.0,728.0
3,2024-06-25 13:00:00+00:00,0.1,0.1,0.1,0.0,0.0,0.0,0.2,506.0,634.0,597.0,681.0,810.0,889.0,919.0,6,summer,0.07,1.8,599.0
3,2024-06-25 14:00:00+00:00,0.1,0.1,0.1,0.0,0.0,0.0,0.2,474.0,528.0,515.0,560.0,693.0,821.0,821.0,6,summer,0.07,1.8,460.0
3,2024-06-25 15:00:00+00:00,0.1,0.1,0.1,0.0,0.0,0.0,0.2,380.0,432.0,448.0,456.0,564.0,704.0,702.0,6,summer,0.07,1.8,332.0
3,2024-06-25 16:00:00+00:00,0.0,0.0,0.0,0.0,0.0,0.0,0.2,264.0,325.0,363.0,344.0,410.99997,547.99994,548.99994,6,summer,0.03,0.3,216.0
3,2024-06-25 17:00:00+00:00,0.0,0.0,0.0,0.0,0.0,0.0,0.2,151.0,197.0,232.0,209.0,243.0,353.0,353.0,6,summer,0.03,0.3,116.0
3,2024-06-25 18:00:00+00:00,0.0,0.0,0.0,0.0,0.0,0.0,0.2,55.0,70.0,84.99999,73.99999,86.99999,150.99997,145.99998,6,summer,0.03,0.3,40.0
3,2024-06-25 19:00:00+00:00,0.0,0.0,0.0,0.0,0.0,0.0,0.1,6.0,7.0,9.0,7.0,9.0,24.000006,22.000004,6,summer,0.01,0.0,5.0
3,2024-06-25 20:00:00+00:00,0.0,0.0,0.0,0.0,0.0,0.0,0.1,0.0,0.0,0.0,0.0,0.0,0.0,0.0,6,summer,0.01,0.0,0.0
3,2024-06-25 21:00:00+00:00,0.0,0.0,0.0,0.0,0.0,0.0,0.1,0.0,0.0,0.0,0.0,0.0,0.0,0.0,6,summer,0.01,0.0,0.0
3,2024-06-25 22:00:00+00:00,0.0,0.0,0.0,0.0,0.0,0.0,0.0,0.0,0.0,0.0,0.0,0.0,0.0,0.0,6,summer,0.0,0.0,0.0
3,2024-06-25 23:00:00+00:00,0.0,0.0,0.0,0.0,0.0,0.0,0.0,0.0,0.0,0.0,0.0,0.0,0.0,0.0,6,summer,0.0,0.0,0.0
3,2024-06-26 00:00:00+00:00,0.0,0.0,0.0,0.0,0.0,0.0,0.0,0.0,0.0,0.0,0.0,0.0,0.0,0.0,6,summer,0.0,0.0,0.0
3,2024-06-26 01:00:00+00:00,0.0,0.0,0.0,0.0,0.1,0.0,0.0,0.0,0.0,0.0,0.0,0.0,0.0,0.0,6,summer,0.01,0.0,0.0
3,2024-06-26 02:00:00+00:00,0.0,0.0,0.0,0.0,0.1,0.0,0.0,0.0,0.0,0.0,0.0,0.0,0.0,0.0,6,summer,0.01,0.0,0.0
3,2024-06-26 03:00:00+00:00,0.0,0.0,0.0,0.0,0.1,0.0,0.0,0.0,0.0,0.0,0.0,0.0,0.0,0.0,6,summer,0.01,0.0,0.0
3,2024-06-26 04:00:00+00:00,0.0,0.0,1.2,0.0,0.6,0.0,0.0,35.0,33.0,41.0,44.999996,13.0,71.0,71.0,6,summer,0.26,0.0,38.0
3,2024-06-26 05:00:00+00:00,0.0,0.0,1.2,0.0,0.6,0.0,0.0,121.0,116.0,143.0,158.0,53.0,245.99997,245.99997,6,summer,0.26,0.0,129.0
3,2024-06-26 06:00:00+00:00,0.0,0.0,1.2,0.0,0.6,0.0,0.0,214.0,208.0,244.0,280.0,145.0,429.00003,425.00006,6,summer,0.26,0.0,214.0
3,2024-06-26 07:00:00+00:00,0.0,0.0,0.0,0.0,0.3,0.1,0.0,310.0,305.0,337.0,403.0,307.0,607.0,595.0,6,summer,0.06,0.1,283.0
3,2024-06-26 08:00:00+00:00,0.0,0.0,0.0,0.0,0.3,0.1,0.0,408.0,406.0,432.0,494.0,492.0,745.0,745.0,6,summer,0.06,0.1,348.0
3,2024-06-26 09:00:00+00:00,0.0,0.0,0.0,0.0,0.3,0.1,0.0,514.0,518.0,560.0,499.0,648.0,790.0,865.0,6,summer,0.06,0.1,430.0
3,2024-06-26 10:00:00+00:00,0.1,0.4,0.3,0.1,0.2,0.0,0.0,616.0,627.0,698.0,433.0,764.0,753.0,946.0,6,summer,0.16,0.0,519.0
3,2024-06-26 11:00:00+00:00,0.1,0.4,0.3,0.1,0.2,0.0,0.0,680.0,687.0,768.0,377.0,809.0,704.0,983.0,6,summer,0.16,0.0,575.0
3,2024-06-26 12:00:00+00:00,0.1,0.4,0.3,0.1,0.2,0.0,0.0,694.0,666.0,711.0,387.0,755.0,695.0,974.0,6,summer,0.16,0.0,576.0
3,2024-06-26 13:00:00+00:00,0.4,0.0,0.2,0.0,0.5,1.0,0.0,658.0,588.0,580.0,419.0,629.0,688.0,919.0,6,summer,0.3,0.0,536.0
3,2024-06-26 14:00:00+00:00,0.4,0.0,0.2,0.0,0.5,1.0,0.0,566.0,489.0,460.0,414.0,495.0,636.0,821.0,6,summer,0.3,0.0,476.0
3,2024-06-26 15:00:00+00:00,0.4,0.0,0.2,0.0,0.5,1.0,0.0,425.0,393.0,392.0,370.0,384.0,539.0,700.0,6,summer,0.3,0.0,418.0
3,2024-06-26 16:00:00+00:00,0.5,0.0,0.0,0.0,0.9,1.0,0.0,272.0,289.0,321.0,296.0,275.0,413.0,547.0,6,summer,0.34,0.0,337.0
3,2024-06-26 17:00:00+00:00,0.5,0.0,0.0,0.0,0.9,1.0,0.0,142.0,172.0,207.0,188.0,161.0,263.0,353.0,6,summer,0.34,0.0,214.0
3,2024-06-26 18:00:00+00:00,0.5,0.0,0.0,0.0,0.9,1.0,0.0,49.0,60.999996,76.99999,69.99999,56.999996,111.999985,148.99997,6,summer,0.34,0.0,76.99999
3,2024-06-26 19:00:00+00:00,0.0,0.0,0.0,0.0,0.0,0.6,0.0,5.0,6.0,8.0,8.0,6.0,18.0,23.0,6,summer,0.09,0.0,8.0
3,2024-06-26 20:00:00+00:00,0.0,0.0,0.0,0.0,0.0,0.6,0.0,0.0,0.0,0.0,0.0,0.0,0.0,0.0,6,summer,0.09,0.0,0.0
3,2024-06-26 21:00:00+00:00,0.0,0.0,0.0,0.0,0.0,0.6,0.0,0.0,0.0,0.0,0.0,0.0,0.0,0.0,6,summer,0.09,0.0,0.0
3,2024-06-26 22:00:00+00:00,0.0,2.8,0.0,0.1,1.6,0.5,0.0,0.0,0.0,0.0,0.0,0.0,0.0,0.0,6,summer,0.71,0.0,0.0
3,2024-06-26 23:00:00+00:00,0.0,2.8,0.0,0.1,1.6,0.5,0.0,0.0,0.0,0.0,0.0,0.0,0.0,0.0,6,summer,0.71,0.0,0.0
3,2024-06-27 00:00:00+00:00,0.0,2.8,0.0,0.1,1.6,0.5,0.0,0.0,0.0,0.0,0.0,0.0,0.0,0.0,6,summer,0.71,0.0,0.0
3,2024-06-27 01:00:00+00:00,0.0,0.0,0.9,0.0,0.0,0.0,0.0,0.0,0.0,0.0,0.0,0.0,0.0,0.0,6,summer,0.13,1.9,0.0
3,2024-06-27 02:00:00+00:00,0.0,0.0,0.9,0.0,0.0,0.0,0.0,0.0,0.0,0.0,0.0,0.0,0.0,0.0,6,summer,0.13,1.9,0.0
3,2024-06-27 03:00:00+00:00,0.0,0.0,0.9,0.0,0.0,0.0,0.0,0.0,0.0,0.0,0.0,0.0,0.0,0.0,6,summer,0.13,1.9,0.0
3,2024-06-27 04:00:00+00:00,0.0,0.0,0.0,0.0,0.0,0.0,0.0,42.000004,35.000004,30.000002,31.000002,41.000004,37.000004,70.00001,6,summer,0.0,0.0,45.000008
3,2024-06-27 05:00:00+00:00,0.0,0.0,0.0,0.0,0.0,0.0,0.0,146.0,123.0,107.0,110.0,144.0,133.0,245.00003,6,summer,0.0,0.0,156.0
3,2024-06-27 06:00:00+00:00,0.0,0.0,0.0,0.0,0.0,0.0,0.0,254.0,218.99998,191.0,205.99998,258.0,244.99998,425.99994,6,summer,0.0,0.0,262.0
3,2024-06-27 07:00:00+00:00,0.1,0.1,0.6,0.1,0.1,0.3,0.1,357.0,316.0,278.0,316.0,377.0,372.0,601.0,6,summer,0.2,0.1,350.0
3,2024-06-27 08:00:00+00:00,0.1,0.1,0.6,0.1,0.1,0.3,0.1,439.0,404.0,359.0,421.0,487.0,503.0,744.0,6,summer,0.2,0.1,411.0
3,2024-06-27 09:00:00+00:00,0.1,0.1,0.6,0.1,0.1,0.3,0.1,480.0,463.0,426.0,494.0,567.0,625.0,826.0,6,summer,0.2,0.1,420.0
3,2024-06-27 10:00:00+00:00,0.4,0.0,1.3,0.2,0.3,0.0,0.2,481.0,494.0,474.0,532.0,616.0,732.0,846.0,6,summer,0.34,0.0,390.0
3,2024-06-27 11:00:00+00:00,0.4,0.0,1.3,0.2,0.3,0.0,0.2,463.0,510.0,501.0,539.0,642.0,811.0,827.0,6,summer,0.34,0.0,392.0
3,2024-06-27 12:00:00+00:00,0.4,0.0,1.3,0.2,0.3,0.0,0.2,448.0,532.0,505.0,514.0,662.0,860.0,790.0,6,summer,0.34,0.0,496.0
3,2024-06-27 13:00:00+00:00,2.7,1.5,0.0,1.8,0.1,0.0,1.9,421.0,536.0,484.0,459.0,655.0,865.0,726.0,6,summer,1.14,0.0,624.0
3,2024-06-27 14:00:00+00:00,2.7,1.5,0.0,1.8,0.1,0.0,1.9,363.0,476.0,440.0,386.0,590.0,809.0,622.0,6,summer,1.14,0.0,644.0
3,2024-06-27 15:00:00+00:00,2.7,1.5,0.0,1.8,0.1,0.0,1.9,275.0,344.0,390.0,304.0,469.0,700.0,487.0,6,summer,1.14,0.0,533.0
3,2024-06-27 16:00:00+00:00,1.7,1.3,0.1,0.1,0.4,0.0,1.9,181.0,201.0,317.0,217.0,325.0,547.0,343.0,6,summer,0.79,0.0,370.0
3,2024-06-27 17:00:00+00:00,1.7,1.3,0.1,0.1,0.4,0.0,1.9,98.0,95.0,203.0,127.0,185.0,353.0,204.0,6,summer,0.79,0.0,209.0
3,2024-06-27 18:00:00+00:00,1.7,1.3,0.1,0.1,0.4,0.0,1.9,35.0,32.0,75.0,47.0,66.0,151.0,83.0,6,summer,0.79,0.0,74.0
3,2024-06-27 19:00:00+00:00,0.1,0.0,0.1,0.0,0.0,0.0,0.0,4.0,4.0,8.0,6.0,7.0,24.0,13.0,6,summer,0.03,0.0,8.0
3,2024-06-27 20:00:00+00:00,0.1,0.0,0.1,0.0,0.0,0.0,0.0,0.0,0.0,0.0,0.0,0.0,0.0,0.0,6,summer,0.03,0.0,0.0
3,2024-06-27 21:00:00+00:00,0.1,0.0,0.1,0.0,0.0,0.0,0.0,0.0,0.0,0.0,0.0,0.0,0.0,0.0,6,summer,0.03,0.0,0.0
3,2024-06-27 22:00:00+00:00,0.0,0.0,0.0,0.0,0.0,0.0,0.0,0.0,0.0,0.0,0.0,0.0,0.0,0.0,6,summer,0.0,0.0,0.0
3,2024-06-27 23:00:00+00:00,0.0,0.0,0.0,0.0,0.0,0.0,0.0,0.0,0.0,0.0,0.0,0.0,0.0,0.0,6,summer,0.0,0.0,0.0
3,2024-06-28 00:00:00+00:00,0.0,0.0,0.0,0.0,0.0,0.0,0.0,0.0,0.0,0.0,0.0,0.0,0.0,0.0,6,summer,0.0,0.0,0.0
3,2024-06-28 01:00:00+00:00,0.0,0.0,0.0,0.0,0.0,0.0,0.0,0.0,0.0,0.0,0.0,0.0,0.0,0.0,6,summer,0.0,1.1,0.0
3,2024-06-28 02:00:00+00:00,0.0,0.0,0.0,0.0,0.0,0.0,0.0,0.0,0.0,0.0,0.0,0.0,0.0,0.0,6,summer,0.0,1.1,0.0
3,2024-06-28 03:00:00+00:00,0.0,0.0,0.0,0.0,0.0,0.0,0.0,0.0,0.0,0.0,0.0,0.0,0.0,0.0,6,summer,0.0,1.1,0.0
3,2024-06-28 04:00:00+00:00,0.0,0.0,0.0,0.0,0.0,0.0,0.0,40.999996,36.999996,40.999996,32.999996,24.0,67.99999,67.99999,6,summer,0.0,0.1,34.999996
3,2024-06-28 05:00:00+00:00,0.0,0.0,0.0,0.0,0.0,0.0,0.0,149.0,133.0,148.0,122.0,89.0,244.00002,244.00002,6,summer,0.0,0.1,128.0
3,2024-06-28 06:00:00+00:00,0.0,0.0,0.0,0.0,0.0,0.0,0.0,280.0,248.99998,281.99997,236.99998,169.0,424.99997,423.0,6,summer,0.0,0.1,240.99998
3,2024-06-28 07:00:00+00:00,0.1,0.1,0.0,0.1,0.2,0.1,0.0,435.0,383.0,443.0,382.0,269.0,599.0,593.0,6,summer,0.09,0.1,374.0
3,2024-06-28 08:00:00+00:00,0.1,0.1,0.0,0.1,0.2,0.1,0.0,584.0,503.0,600.0,533.0,389.0,743.0,743.0,6,summer,0.09,0.1,509.0
3,2024-06-28 09:00:00+00:00,0.1,0.1,0.0,0.1,0.2,0.1,0.0,695.0,564.0,717.0,666.0,539.0,820.0,863.0,6,summer,0.09,0.1,629.0
3,2024-06-28 10:00:00+00:00,0.1,0.0,0.0,0.0,0.1,0.0,0.0,764.0,569.0,788.0,771.0,700.0,835.0,945.0,6,summer,0.03,0.0,724.0
3,2024-06-28 11:00:00+00:00,0.1,0.0,0.0,0.0,0.1,0.0,0.0,794.0,558.0,817.0,827.0,806.0,835.0,983.0,6,summer,0.03,0.0,774.0
3,2024-06-28 12:00:00+00:00,0.1,0.0,0.0,0.0,0.1,0.0,0.0,792.0,552.0,811.0,824.0,816.0,859.0,973.0,6,summer,0.03,0.0,765.0
3,2024-06-28 13:00:00+00:00,0.1,0.0,0.0,0.0,0.1,0.0,0.0,749.0,533.0,761.0,766.0,754.0,871.0,918.0,6,summer,0.03,0.0,613.4303
3,2024-06-28 14:00:00+00:00,0.1,0.0,0.0,0.0,0.1,0.0,0.0,659.0,490.0,663.0,662.0,649.0,819.0,821.0,6,summer,0.03,0.0,344.32492
3,2024-06-28 15:00:00+00:00,0.1,0.0,0.0,0.0,0.1,0.0,0.0,536.0,436.0,531.0,532.0,529.0,706.0,700.0,6,summer,0.03,0.1,277.8416
3,2024-06-28 16:00:00+00:00,0.0,0.0,0.2,0.0,0.0,0.0,0.0,392.0,356.0,381.0,384.0,387.0,549.0,546.0,6,summer,0.03,0.3,294.5594
3,2024-06-28 17:00:00+00:00,0.0,0.0,0.2,0.0,0.0,0.0,0.0,231.0,227.0,221.0,225.0,230.0,353.0,353.0,6,summer,0.03,1.0,85.642914
3,2024-06-28 18:00:00+00:00,0.0,0.0,0.2,0.0,0.0,0.0,0.0,81.0,81.99999,77.0,80.0,81.99999,150.99998,150.99998,6,summer,0.03,0.0,61.887676
3,2024-06-28 19:00:00+00:00,0.0,0.0,0.0,0.0,0.0,0.0,0.0,8.0,8.0,8.0,8.0,9.0,24.000004,24.000004,6,summer,0.0,0.0,10.78281
3,2024-06-28 20:00:00+00:00,0.0,0.0,0.0,0.0,0.0,0.0,0.0,0.0,0.0,0.0,0.0,0.0,0.0,0.0,6,summer,0.0,0.0,0.0
3,2024-06-28 21:00:00+00:00,0.0,0.0,0.0,0.0,0.0,0.0,0.0,0.0,0.0,0.0,0.0,0.0,0.0,0.0,6,summer,0.0,0.0,0.0
3,2024-06-28 22:00:00+00:00,0.0,0.0,0.0,0.0,0.0,0.0,0.0,0.0,0.0,0.0,0.0,0.0,0.0,0.0,6,summer,0.0,0.0,0.0
3,2024-06-28 23:00:00+00:00,0.0,0.0,0.0,0.0,0.0,0.0,0.0,0.0,0.0,0.0,0.0,0.0,0.0,0.0,6,summer,0.0,0.0,0.0
3,2024-06-29 00:00:00+00:00,0.0,0.0,0.0,0.0,0.0,0.0,0.0,0.0,0.0,0.0,0.0,0.0,0.0,0.0,6,summer,0.0,0.0,0.0
3,2024-06-29 01:00:00+00:00,0.0,0.0,0.0,0.0,0.0,0.0,0.0,0.0,0.0,0.0,0.0,0.0,0.0,0.0,6,summer,0.0,0.0,0.0
3,2024-06-29 02:00:00+00:00,0.0,0.0,0.0,0.0,0.0,0.0,0.0,0.0,0.0,0.0,0.0,0.0,0.0,0.0,6,summer,0.0,0.0,0.0
3,2024-06-29 03:00:00+00:00,0.0,0.0,0.0,0.0,0.0,0.0,0.0,0.0,0.0,0.0,0.0,0.0,0.0,0.0,6,summer,0.0,0.0,0.0
3,2024-06-29 04:00:00+00:00,0.0,0.0,0.0,0.0,0.0,0.0,0.0,43.000008,43.000008,43.000008,43.000008,43.000008,67.000015,67.000015,6,summer,0.0,0.0,27.812916
3,2024-06-29 05:00:00+00:00,0.0,0.0,0.0,0.0,0.0,0.0,0.0,158.0,157.0,156.0,157.0,158.0,242.0,242.0,6,summer,0.0,0.0,157.14072
3,2024-06-29 06:00:00+00:00,0.0,0.0,0.0,0.0,0.0,0.0,0.0,296.0,289.00003,292.0,295.0,300.0,424.00003,421.00006,6,summer,0.0,0.0,350.3786
3,2024-06-29 07:00:00+00:00,0.0,0.1,0.1,0.0,0.0,0.0,0.0,456.99997,435.99997,449.99997,457.99997,468.99997,599.99994,591.99994,6,summer,0.03,0.0,525.3632
3,2024-06-29 08:00:00+00:00,0.0,0.1,0.1,0.0,0.0,0.0,0.0,612.0,579.0,603.0,613.0,627.0,742.0,742.0,6,summer,0.03,0.0,688.9839
3,2024-06-29 09:00:00+00:00,0.0,0.1,0.1,0.0,0.0,0.0,0.0,727.0,695.0,719.0,723.0,723.0,812.0,862.0,6,summer,0.03,0.0,842.50116
3,2024-06-29 10:00:00+00:00,0.0,0.0,0.0,0.0,0.1,0.0,0.0,797.0,777.0,792.0,784.0,759.0,815.0,944.0,6,summer,0.01,0.0,953.75757
3,2024-06-29 11:00:00+00:00,0.0,0.0,0.0,0.0,0.1,0.0,0.0,826.0,817.0,823.0,807.0,764.0,807.0,982.0,6,summer,0.01,0.0,1013.1243
3,2024-06-29 12:00:00+00:00,0.0,0.0,0.0,0.0,0.1,0.0,0.0,306.96942,814.0,815.0,800.0,758.0,830.0,973.0,6,summer,0.01,0.0,661.4705
3,2024-06-29 13:00:00+00:00,0.0,0.0,0.0,0.0,0.2,0.0,0.0,745.2778,765.0,763.0,754.0,723.0,845.0,918.0,6,summer,0.03,0.0,451.03882
3,2024-06-29 14:00:00+00:00,0.0,0.0,0.0,0.0,0.2,0.0,0.0,786.2667,671.0,667.0,663.0,644.0,800.0,821.0,6,summer,0.03,0.0,787.7451
3,2024-06-29 15:00:00+00:00,0.0,0.0,0.0,0.0,0.2,0.0,0.0,533.04663,550.0,544.0,544.0,535.0,695.0,701.0,6,summer,0.03,0.0,631.62555
3,2024-06-29 16:00:00+00:00,0.0,0.0,0.0,0.0,0.0,0.0,0.0,459.18372,406.0,400.0,402.0,401.0,545.0,548.0,6,summer,0.0,0.0,460.91968
3,2024-06-29 17:00:00+00:00,0.0,0.0,0.0,0.0,0.0,0.0,0.0,282.68594,242.0,237.99998,239.0,242.0,353.0,353.0,6,summer,0.0,0.0,283.76013
3,2024-06-29 18:00:00+00:00,0.0,0.0,0.0,0.0,0.0,0.0,0.0,114.95145,86.99999,84.99999,83.99999,86.99999,150.99997,147.99997,6,summer,0.0,0.0,114.745834
3,2024-06-29 19:00:00+00:00,0.0,0.0,0.0,0.0,0.0,0.0,0.0,11.778144,9.0,9.0,8.0,9.0,24.0,22.0,6,summer,0.0,0.0,11.778144
3,2024-06-29 20:00:00+00:00,0.0,0.0,0.0,0.0,0.0,0.0,0.0,0.0,0.0,0.0,0.0,0.0,0.0,0.0,6,summer,0.0,0.0,0.0
3,2024-06-29 21:00:00+00:00,0.0,0.0,0.0,0.0,0.0,0.0,0.0,0.0,0.0,0.0,0.0,0.0,0.0,0.0,6,summer,0.0,0.0,0.0
3,2024-06-29 22:00:00+00:00,0.0,0.0,0.0,0.0,0.0,0.0,0.0,0.0,0.0,0.0,0.0,0.0,0.0,0.0,6,summer,0.0,0.0,0.0
3,2024-06-29 23:00:00+00:00,0.0,0.0,0.0,0.0,0.0,0.0,0.0,0.0,0.0,0.0,0.0,0.0,0.0,0.0,6,summer,0.0,0.0,0.0
3,2024-06-30 00:00:00+00:00,0.0,0.0,0.0,0.0,0.0,0.0,0.0,0.0,0.0,0.0,0.0,0.0,0.0,0.0,6,summer,0.0,0.0,0.0
3,2024-06-30 01:00:00+00:00,0.0,0.0,0.0,0.0,0.0,0.0,0.0,0.0,0.0,0.0,0.0,0.0,0.0,0.0,6,summer,0.0,0.0,0.0
3,2024-06-30 02:00:00+00:00,0.0,0.0,0.0,0.0,0.0,0.0,0.0,0.0,0.0,0.0,0.0,0.0,0.0,0.0,6,summer,0.0,0.0,0.0
3,2024-06-30 03:00:00+00:00,0.0,0.0,0.0,0.0,0.0,0.0,0.0,0.0,0.0,0.0,0.0,0.0,0.0,0.0,6,summer,0.0,0.0,0.0
3,2024-06-30 04:00:00+00:00,0.0,0.0,0.0,0.0,0.0,0.0,0.0,32.700726,43.0,44.0,44.0,44.0,67.0,67.0,6,summer,0.0,0.0,32.700726
3,2024-06-30 05:00:00+00:00,0.0,0.0,0.0,0.0,0.0,0.0,0.0,114.92564,159.00002,160.00002,160.00002,160.00002,241.00003,241.00003,6,summer,0.0,0.0,162.60423
3,2024-06-30 06:00:00+00:00,0.0,0.0,0.0,0.0,0.0,0.0,0.0,351.68387,301.0,302.0,302.0,303.0,420.99997,418.99994,6,summer,0.0,0.0,340.76578
3,2024-06-30 07:00:00+00:00,0.0,0.0,0.0,0.0,0.0,0.0,0.0,525.55396,469.0,469.0,470.0,471.0,595.0,590.0,6,summer,0.0,0.0,527.55396
3,2024-06-30 08:00:00+00:00,0.0,0.0,0.0,0.0,0.0,0.0,0.0,691.12976,635.0,633.0,633.99994,636.0,741.0,741.0,6,summer,0.0,0.0,694.4161
3,2024-06-30 09:00:00+00:00,0.0,0.0,0.0,0.0,0.0,0.0,0.0,841.2799,764.0,763.0,763.0,764.0,832.0,862.0,6,summer,0.0,0.0,847.2687
3,2024-06-30 10:00:00+00:00,0.0,0.0,0.0,0.0,0.0,0.0,0.0,955.343,850.0,851.0,850.0,849.0,868.0,944.0,6,summer,0.0,0.0,956.27625
3,2024-06-30 11:00:00+00:00,0.0,0.0,0.0,0.0,0.0,0.0,0.0,1010.7627,889.0,890.0,889.0,886.0,880.0,982.0,6,summer,0.0,0.0,1014.494
3,2024-06-30 12:00:00+00:00,0.0,0.0,0.0,0.0,0.0,0.0,0.0,1001.13257,884.0,877.0,882.0,877.0,894.0,973.0,6,summer,0.0,0.0,1002.13257
3,2024-06-30 13:00:00+00:00,0.0,0.0,0.0,0.0,0.0,0.0,0.1,923.45154,829.0,811.0,823.0,819.0,886.0,918.0,6,summer,0.01,0.0,919.738
3,2024-06-30 14:00:00+00:00,0.0,0.0,0.0,0.0,0.0,0.0,0.1,793.73254,713.0,698.00006,709.0,710.0,821.0,821.0,6,summer,0.01,0.0,793.29846
3,2024-06-30 15:00:00+00:00,0.0,0.0,0.0,0.0,0.0,0.0,0.1,635.209,552.0,559.0,556.0,570.99994,705.0,701.0,6,summer,0.01,0.0,635.42096
3,2024-06-30 16:00:00+00:00,0.0,0.0,0.0,0.0,0.0,0.0,0.1,462.1455,374.0,401.0,386.0,411.0,548.0,548.0,6,summer,0.01,0.0,422.32892
3,2024-06-30 17:00:00+00:00,0.0,0.0,0.0,0.0,0.0,0.0,0.1,283.71616,207.0,234.00002,218.0,240.0,353.0,353.0,6,summer,0.01,0.0,173.04022
3,2024-06-30 18:00:00+00:00,0.0,0.0,0.0,0.0,0.0,0.0,0.1,114.48244,71.0,83.0,75.0,85.0,150.0,147.0,6,summer,0.01,0.0,55.138573
3,2024-06-30 19:00:00+00:00,0.0,0.0,0.0,0.0,0.0,1.3,0.0,9.953578,7.0,9.0,7.0,9.0,24.000004,22.000004,6,summer,0.19,0.0,8.953578
3,2024-06-30 20:00:00+00:00,0.0,0.0,0.0,0.0,0.0,1.3,0.0,0.0,0.0,0.0,0.0,0.0,0.0,0.0,6,summer,0.19,0.0,0.0
3,2024-06-30 21:00:00+00:00,0.0,0.0,0.0,0.0,0.0,1.3,0.0,0.0,0.0,0.0,0.0,0.0,0.0,0.0,6,summer,0.19,0.0,0.0
3,2024-06-30 22:00:00+00:00,0.0,0.0,0.0,0.0,0.0,0.0,0.0,0.0,0.0,0.0,0.0,0.0,0.0,0.0,6,summer,0.0,0.0,0.0
3,2024-06-30 23:00:00+00:00,0.0,0.0,0.0,0.0,0.0,0.0,0.0,0.0,0.0,0.0,0.0,0.0,0.0,0.0,6,summer,0.0,0.0,0.0
3,2024-07-01 00:00:00+00:00,0.0,0.0,0.0,0.0,0.0,0.0,0.0,0.0,0.0,0.0,0.0,0.0,0.0,0.0,7,summer,0.0,0.0,0.0
3,2024-07-01 01:00:00+00:00,0.0,0.0,0.0,0.0,0.0,0.0,0.0,0.0,0.0,0.0,0.0,0.0,0.0,0.0,7,summer,0.0,0.0,0.0
3,2024-07-01 02:00:00+00:00,0.0,0.0,0.0,0.0,0.0,0.0,0.0,0.0,0.0,0.0,0.0,0.0,0.0,0.0,7,summer,0.0,0.0,0.0
3,2024-07-01 03:00:00+00:00,0.0,0.0,0.0,0.0,0.0,0.0,0.0,0.0,0.0,0.0,0.0,0.0,0.0,0.0,7,summer,0.0,0.0,0.0
3,2024-07-01 04:00:00+00:00,0.0,0.0,0.0,0.0,0.0,0.0,0.0,36.398056,43.0,43.0,43.0,43.0,66.0,66.0,7,summer,0.0,0.0,35.142326
3,2024-07-01 05:00:00+00:00,0.0,0.0,0.0,0.0,0.0,0.0,0.0,175.90562,159.99998,159.0,158.0,158.0,239.0,239.0,7,summer,0.0,0.0,172.42435
3,2024-07-01 06:00:00+00:00,0.0,0.0,0.0,0.0,0.0,0.0,0.0,352.90106,302.0,301.0,299.0,300.0,421.0,419.0,7,summer,0.0,0.0,349.13245
3,2024-07-01 07:00:00+00:00,0.0,0.0,0.0,0.0,0.0,0.0,0.0,528.6389,470.0,468.99997,467.0,468.0,595.0,589.0,7,summer,0.0,0.0,524.537
3,2024-07-01 08:00:00+00:00,0.0,0.0,0.0,0.0,0.0,0.0,0.0,694.83923,634.0,635.0,628.0,630.0,740.0,740.0,7,summer,0.0,0.0,692.40955
3,2024-07-01 09:00:00+00:00,0.0,0.0,0.0,0.0,0.0,0.0,0.0,844.5076,759.0,765.0,744.0,747.0,821.0,861.0,7,summer,0.0,0.0,843.4927
3,2024-07-01 10:00:00+00:00,0.0,0.0,0.0,0.0,0.0,0.0,0.0,953.0873,838.0,853.0,811.0,814.0,841.0,943.0,7,summer,0.0,0.0,952.55457
3,2024-07-01 11:00:00+00:00,0.0,0.0,0.0,0.0,0.0,0.0,0.0,1006.729,867.0,889.0,834.0,831.0,844.0,981.0,7,summer,0.0,0.0,1008.9135
3,2024-07-01 12:00:00+00:00,0.0,0.0,0.0,0.0,0.0,0.0,0.0,997.46014,841.0,872.0,823.0,800.0,866.0,972.0,7,summer,0.0,0.0,887.1526
3,2024-07-01 13:00:00+00:00,0.0,0.0,0.0,0.0,0.0,0.0,1.3,918.95905,764.0,802.0,769.0,723.0,874.0,917.0,7,summer,0.19,0.0,913.52795
3,2024-07-01 14:00:00+00:00,0.0,0.0,0.0,0.0,0.0,0.0,1.3,790.911,654.0,685.0,666.0,612.0,819.0,820.0,7,summer,0.19,0.0,788.24146
3,2024-07-01 15:00:00+00:00,0.0,0.0,0.0,0.0,0.0,0.0,1.3,630.54315,533.0,538.0,529.0,487.0,706.0,700.0,7,summer,0.19,0.0,596.24506
3,2024-07-01 16:00:00+00:00,0.0,0.0,0.0,0.0,0.0,0.0,1.3,450.12775,394.99997,376.0,374.0,351.0,548.99994,546.99994,7,summer,0.19,0.0,429.70093
3,2024-07-01 17:00:00+00:00,0.0,0.0,0.0,0.0,0.0,0.0,1.3,244.64857,236.99998,215.0,215.99998,205.0,352.0,352.0,7,summer,0.19,0.0,213.62411
3,2024-07-01 18:00:00+00:00,0.0,0.0,0.0,0.0,0.0,0.0,1.3,60.72187,84.99999,75.99999,76.99999,71.99999,148.99997,146.99997,7,summer,0.19,0.0,75.7104
3,2024-07-01 19:00:00+00:00,9.9,0.0,0.1,0.1,0.0,0.0,0.1,0.0,9.0,8.0,8.0,7.0,23.0,22.0,7,summer,1.46,0.0,8.084997
3,2024-07-01 20:00:00+00:00,0.3,0.0,0.1,0.1,0.0,0.0,0.1,0.0,0.0,0.0,0.0,0.0,0.0,0.0,7,summer,0.09,0.0,0.0
3,2024-07-01 21:00:00+00:00,0.0,0.0,0.1,0.1,0.0,0.0,0.1,0.0,0.0,0.0,0.0,0.0,0.0,0.0,7,summer,0.04,0.0,0.0
3,2024-07-01 22:00:00+00:00,0.0,0.7,0.0,0.0,0.0,3.9,0.0,0.0,0.0,0.0,0.0,0.0,0.0,0.0,7,summer,0.66,0.0,0.0
3,2024-07-01 23:00:00+00:00,0.0,0.7,0.0,0.0,0.0,3.9,0.0,0.0,0.0,0.0,0.0,0.0,0.0,0.0,7,summer,0.66,0.0,0.0
3,2024-07-02 00:00:00+00:00,0.0,0.7,0.0,0.0,0.0,3.9,0.0,0.0,0.0,0.0,0.0,0.0,0.0,0.0,7,summer,0.66,0.0,0.0
3,2024-07-02 01:00:00+00:00,0.0,1.0,0.0,0.3,0.0,0.1,0.0,0.0,0.0,0.0,0.0,0.0,0.0,0.0,7,summer,0.2,0.0,0.0
3,2024-07-02 02:00:00+00:00,0.9,1.0,0.0,0.3,0.0,0.1,0.0,0.0,0.0,0.0,0.0,0.0,0.0,0.0,7,summer,0.33,0.5,0.0
3,2024-07-02 03:00:00+00:00,1.9,1.0,0.0,0.3,0.0,0.1,0.0,0.0,0.0,0.0,0.0,0.0,0.0,0.0,7,summer,0.47,1.5,0.0
3,2024-07-02 04:00:00+00:00,1.3,1.6,1.0,0.0,0.0,0.1,0.0,4.2250786,16.0,16.0,19.0,30.0,59.0,65.0,7,summer,0.57,1.4,0.0
3,2024-07-02 05:00:00+00:00,0.2,1.6,1.0,0.0,0.0,0.1,0.0,17.01199,57.0,59.0,72.0,111.0,214.00002,238.0,7,summer,0.41,8.6,1.0042002
3,2024-07-02 06:00:00+00:00,0.4,1.6,1.0,0.0,0.0,0.1,0.0,43.69454,80.0,114.0,157.0,217.0,385.0,417.0,7,summer,0.44,1.5,6.8796053
3,2024-07-02 07:00:00+00:00,0.0,2.0,0.7,0.0,0.0,0.0,0.1,35.447865,74.0,180.0,278.0,349.0,559.0,588.0,7,summer,0.4,1.0,12.798927
3,2024-07-02 08:00:00+00:00,0.0,2.0,0.7,0.0,0.0,0.0,0.1,27.920532,71.0,234.0,384.0,465.0,703.0,739.0,7,summer,0.4,0.3,117.43378
3,2024-07-02 09:00:00+00:00,0.4,2.0,0.7,0.0,0.0,0.0,0.1,23.999147,117.0,238.0,398.0,517.0,767.0,860.0,7,summer,0.46,0.0,98.74093
3,2024-07-02 10:00:00+00:00,0.2,0.3,1.5,0.5,0.1,0.1,0.1,46.847496,200.0,200.0,333.0,506.0,759.0,942.0,7,summer,0.4,0.0,98.668816
3,2024-07-02 11:00:00+00:00,0.0,0.3,1.5,0.5,0.1,0.1,0.1,59.20728,264.0,174.0,268.0,451.0,747.0,980.0,7,summer,0.37,0.0,160.59258
3,2024-07-02 12:00:00+00:00,0.6,0.3,1.5,0.5,0.1,0.1,0.1,53.390995,267.0,197.0,257.0,357.0,778.0,972.0,7,summer,0.46,0.0,262.74353
3,2024-07-02 13:00:00+00:00,0.2,0.3,0.0,1.1,2.4,0.2,2.5,183.32204,239.0,236.0,261.0,241.0,807.0,917.0,7,summer,0.96,0.0,242.77522
3,2024-07-02 14:00:00+00:00,0.1,0.3,0.0,1.1,2.4,0.2,2.5,156.68478,225.0,242.0,242.0,154.0,775.0,820.0,7,summer,0.94,0.0,214.4129
3,2024-07-02 15:00:00+00:00,0.0,0.3,0.0,1.1,2.4,0.2,2.5,233.16328,252.0,207.0,194.0,119.0,682.0,699.0,7,summer,0.93,0.0,227.32056
3,2024-07-02 16:00:00+00:00,0.0,0.0,0.0,0.2,0.6,0.2,2.5,178.93175,257.0,154.0,138.0,100.0,540.0,546.0,7,summer,0.5,0.0,197.05446
3,2024-07-02 17:00:00+00:00,0.0,0.0,0.0,0.2,0.6,0.2,2.5,124.02597,186.00002,91.0,79.0,66.0,352.00006,352.00006,7,summer,0.5,0.0,119.65868
3,2024-07-02 18:00:00+00:00,0.0,0.0,0.0,0.2,0.6,0.2,2.5,112.926865,70.0,33.0,28.0,24.0,151.00003,149.00003,7,summer,0.5,0.0,63.11271
3,2024-07-02 19:00:00+00:00,0.0,0.0,0.0,0.0,1.1,0.0,0.1,11.749816,7.0,3.0,3.0,3.0,24.0,23.0,7,summer,0.17,0.0,8.078709
3,2024-07-02 20:00:00+00:00,0.0,0.0,0.0,0.0,1.1,0.0,0.1,0.0,0.0,0.0,0.0,0.0,0.0,0.0,7,summer,0.17,0.0,0.0
3,2024-07-02 21:00:00+00:00,0.0,0.0,0.0,0.0,1.1,0.0,0.1,0.0,0.0,0.0,0.0,0.0,0.0,0.0,7,summer,0.17,0.0,0.0
3,2024-07-02 22:00:00+00:00,0.0,0.0,0.0,0.0,0.0,0.0,0.0,0.0,0.0,0.0,0.0,0.0,0.0,0.0,7,summer,0.0,0.0,0.0
3,2024-07-02 23:00:00+00:00,0.0,0.0,0.0,0.0,0.0,0.0,0.0,0.0,0.0,0.0,0.0,0.0,0.0,0.0,7,summer,0.0,0.0,0.0
3,2024-07-03 00:00:00+00:00,0.0,0.0,0.0,0.0,0.0,0.0,0.0,0.0,0.0,0.0,0.0,0.0,0.0,0.0,7,summer,0.0,0.0,0.0
3,2024-07-03 01:00:00+00:00,0.0,0.0,0.0,0.0,0.0,0.0,0.0,0.0,0.0,0.0,0.0,0.0,0.0,0.0,7,summer,0.0,0.0,0.0
3,2024-07-03 02:00:00+00:00,0.0,0.0,0.0,0.0,0.0,0.0,0.0,0.0,0.0,0.0,0.0,0.0,0.0,0.0,7,summer,0.0,0.0,0.0
3,2024-07-03 03:00:00+00:00,0.0,0.0,0.0,0.0,0.0,0.0,0.0,0.0,0.0,0.0,0.0,0.0,0.0,0.0,7,summer,0.0,0.0,0.0
3,2024-07-03 04:00:00+00:00,0.0,0.0,0.0,0.0,0.0,0.0,0.0,35.718178,41.999992,33.999996,18.0,36.999996,63.999992,63.999992,7,summer,0.0,0.0,25.444925
3,2024-07-03 05:00:00+00:00,0.0,0.0,0.0,0.0,0.0,0.0,0.0,174.10565,159.00002,130.0,70.0,140.00002,236.00003,236.00003,7,summer,0.0,0.0,163.88094
3,2024-07-03 06:00:00+00:00,0.0,0.0,0.0,0.0,0.0,0.0,0.0,352.15546,305.0,262.0,156.0,278.0,426.00003,415.00003,7,summer,0.0,0.0,351.9066
3,2024-07-03 07:00:00+00:00,0.0,0.0,0.0,0.0,0.0,0.0,0.0,527.2894,481.0,433.0,284.0,453.0,618.0,586.0,7,summer,0.0,0.0,527.8236
3,2024-07-03 08:00:00+00:00,0.0,0.0,0.0,0.0,0.0,0.0,0.0,692.1741,645.0,603.0,424.0,610.00006,738.0,738.0,7,summer,0.0,0.0,481.77216
3,2024-07-03 09:00:00+00:00,0.0,0.0,0.0,0.0,0.0,0.0,0.0,840.9827,754.0,733.0,547.0,671.0,666.0,859.0,7,summer,0.0,0.0,330.23505
3,2024-07-03 10:00:00+00:00,0.0,0.0,0.0,0.0,0.0,0.4,0.1,676.7919,801.0,809.0,642.0,646.0,441.0,941.0,7,summer,0.07,0.0,654.2616
3,2024-07-03 11:00:00+00:00,0.0,0.0,0.0,0.0,0.0,0.4,0.1,443.76556,778.0,804.0,683.0,615.0,261.0,980.0,7,summer,0.07,0.0,424.30756
3,2024-07-03 12:00:00+00:00,0.0,0.0,0.0,0.0,0.0,0.4,0.1,385.56537,667.0,681.0,646.0,639.0,261.0,971.0,7,summer,0.07,0.0,460.84454
3,2024-07-03 13:00:00+00:00,0.0,0.0,0.0,0.0,0.0,0.2,0.0,344.18225,504.0,491.0,553.0,664.0,345.0,917.0,7,summer,0.03,0.0,345.13837
3,2024-07-03 14:00:00+00:00,0.0,0.0,0.0,0.0,0.0,0.2,0.0,307.52017,365.0,336.0,451.0,618.0,389.0,820.0,7,summer,0.03,0.0,298.91718
3,2024-07-03 15:00:00+00:00,0.0,0.0,0.0,0.0,0.0,0.2,0.0,210.0695,287.0,259.0,365.0,495.0,369.0,699.0,7,summer,0.03,0.0,215.68355
3,2024-07-03 16:00:00+00:00,0.0,0.0,0.0,0.0,0.0,0.2,0.0,172.16751,223.0,203.0,275.0,344.0,311.0,546.00006,7,summer,0.03,0.0,239.29663
3,2024-07-03 17:00:00+00:00,0.0,0.0,0.0,0.0,0.0,0.2,0.0,131.11736,141.0,127.0,167.0,194.0,210.00002,352.0,7,summer,0.03,0.0,273.4195
3,2024-07-03 18:00:00+00:00,0.0,0.0,0.0,0.0,0.0,0.2,0.0,97.30708,52.0,45.0,59.0,67.0,89.0,147.99998,7,summer,0.03,0.0,113.611374
3,2024-07-03 19:00:00+00:00,0.0,0.0,0.0,0.0,0.0,0.0,0.0,10.926705,6.0,3.9999998,6.0,7.0,13.000001,23.000004,7,summer,0.0,0.0,9.926705
3,2024-07-03 20:00:00+00:00,0.0,0.0,0.0,0.0,0.0,0.0,0.0,0.0,0.0,0.0,0.0,0.0,0.0,0.0,7,summer,0.0,0.0,0.0
3,2024-07-03 21:00:00+00:00,0.0,0.0,0.0,0.0,0.0,0.0,0.0,0.0,0.0,0.0,0.0,0.0,0.0,0.0,7,summer,0.0,0.0,0.0
3,2024-07-03 22:00:00+00:00,0.0,0.0,0.0,0.0,0.0,0.0,0.0,0.0,0.0,0.0,0.0,0.0,0.0,0.0,7,summer,0.0,0.0,0.0
3,2024-07-03 23:00:00+00:00,0.0,0.0,0.0,0.0,0.0,0.0,0.0,0.0,0.0,0.0,0.0,0.0,0.0,0.0,7,summer,0.0,0.0,0.0
3,2024-07-04 00:00:00+00:00,0.0,0.0,0.0,0.0,0.0,0.0,0.0,0.0,0.0,0.0,0.0,0.0,0.0,0.0,7,summer,0.0,0.0,0.0
3,2024-07-04 01:00:00+00:00,0.0,0.0,0.0,0.0,0.0,0.0,0.5,0.0,0.0,0.0,0.0,0.0,0.0,0.0,7,summer,0.07,0.0,0.0
3,2024-07-04 02:00:00+00:00,0.0,0.0,0.0,0.0,0.0,0.0,0.5,0.0,0.0,0.0,0.0,0.0,0.0,0.0,7,summer,0.07,0.0,0.0
3,2024-07-04 03:00:00+00:00,0.0,0.0,0.0,0.0,0.0,0.0,0.5,0.0,0.0,0.0,0.0,0.0,0.0,0.0,7,summer,0.07,0.0,0.0
3,2024-07-04 04:00:00+00:00,0.0,0.0,0.0,0.0,0.0,0.0,0.5,24.855267,41.0,32.0,38.0,41.0,28.0,23.0,7,summer,0.07,0.0,30.855263
3,2024-07-04 05:00:00+00:00,0.0,0.0,0.0,0.0,0.0,0.0,0.5,143.54347,153.0,123.0,144.0,156.0,105.0,84.0,7,summer,0.07,0.0,90.03917
3,2024-07-04 06:00:00+00:00,0.0,0.0,0.0,0.0,0.0,0.0,0.5,143.44832,287.0,249.0,280.0,301.0,195.0,137.0,7,summer,0.07,0.0,254.88124
3,2024-07-04 07:00:00+00:00,0.0,0.1,0.0,0.0,0.0,0.0,0.8,216.17412,440.0,414.0,446.0,474.0,296.0,178.0,7,summer,0.13,0.0,492.09375
3,2024-07-04 08:00:00+00:00,0.0,0.1,0.0,0.0,0.0,0.0,0.8,496.93414,586.00006,583.0,602.0,637.0,410.0,258.0,7,summer,0.13,0.0,686.35846
3,2024-07-04 09:00:00+00:00,0.0,0.1,0.0,0.0,0.0,0.0,0.8,833.97363,698.0,714.00006,705.0,734.0,544.0,465.0,7,summer,0.13,0.0,834.9629
3,2024-07-04 10:00:00+00:00,0.0,0.1,0.0,0.1,0.1,0.0,0.1,835.66144,769.0,800.0,751.0,769.0,686.0,759.0,7,summer,0.06,0.0,432.58362
3,2024-07-04 11:00:00+00:00,0.0,0.1,0.0,0.1,0.1,0.0,0.1,391.28217,798.0,840.0,752.0,775.0,794.0,979.0,7,summer,0.06,0.0,334.45676
3,2024-07-04 12:00:00+00:00,0.0,0.1,0.0,0.1,0.1,0.0,0.1,341.49188,786.0,833.0,713.0,781.0,842.0,1017.0,7,summer,0.06,0.0,345.369
3,2024-07-04 13:00:00+00:00,0.0,0.2,0.0,0.0,0.1,0.0,0.0,330.53503,732.0,777.0,636.0,760.0,834.0,938.0,7,summer,0.04,0.0,306.59964
3,2024-07-04 14:00:00+00:00,0.0,0.2,0.0,0.0,0.1,0.0,0.0,303.6041,637.0,677.0,544.0,684.0,770.0,819.0,7,summer,0.04,0.0,252.1893
3,2024-07-04 15:00:00+00:00,0.0,0.2,0.0,0.0,0.1,0.0,0.0,269.11926,523.0,555.0,463.0,564.0,665.0,699.0,7,summer,0.04,0.0,235.73294
3,2024-07-04 16:00:00+00:00,0.0,0.0,0.0,0.0,0.0,0.0,0.0,207.01035,388.0,411.0,366.0,415.0,517.99994,546.0,7,summer,0.0,0.0,168.64438
3,2024-07-04 17:00:00+00:00,0.0,0.0,0.0,0.0,0.0,0.0,0.0,140.47844,231.0,245.00002,229.0,245.00002,334.00003,351.00003,7,summer,0.0,0.0,151.33629
3,2024-07-04 18:00:00+00:00,0.0,0.0,0.0,0.0,0.0,0.0,0.0,113.47104,81.0,87.00001,82.0,86.0,142.00002,147.00002,7,summer,0.0,0.0,114.47104
3,2024-07-04 19:00:00+00:00,0.0,0.0,0.0,0.0,0.0,0.0,0.0,10.717252,8.0,9.0,8.0,8.0,21.999998,21.999998,7,summer,0.0,0.0,9.913453
3,2024-07-04 20:00:00+00:00,0.0,0.0,0.0,0.0,0.0,0.0,0.0,0.0,0.0,0.0,0.0,0.0,0.0,0.0,7,summer,0.0,0.0,0.0
3,2024-07-04 21:00:00+00:00,0.0,0.0,0.0,0.0,0.0,0.0,0.0,0.0,0.0,0.0,0.0,0.0,0.0,0.0,7,summer,0.0,0.0,0.0
3,2024-07-04 22:00:00+00:00,0.0,0.0,0.0,0.0,0.0,0.0,0.0,0.0,0.0,0.0,0.0,0.0,0.0,0.0,7,summer,0.0,0.0,0.0
3,2024-07-04 23:00:00+00:00,0.0,0.0,0.0,0.0,0.0,0.0,0.0,0.0,0.0,0.0,0.0,0.0,0.0,0.0,7,summer,0.0,0.0,0.0
3,2024-07-05 00:00:00+00:00,0.0,0.0,0.0,0.0,0.0,0.0,0.0,0.0,0.0,0.0,0.0,0.0,0.0,0.0,7,summer,0.0,0.0,0.0
3,2024-07-05 01:00:00+00:00,0.0,0.0,0.0,0.0,0.0,0.0,0.0,0.0,0.0,0.0,0.0,0.0,0.0,0.0,7,summer,0.0,0.0,0.0
3,2024-07-05 02:00:00+00:00,0.0,0.0,0.0,0.0,0.0,0.0,0.0,0.0,0.0,0.0,0.0,0.0,0.0,0.0,7,summer,0.0,0.0,0.0
3,2024-07-05 03:00:00+00:00,0.0,0.0,0.0,0.0,0.0,0.0,0.0,0.0,0.0,0.0,0.0,0.0,0.0,0.0,7,summer,0.0,0.0,0.0
3,2024-07-05 04:00:00+00:00,0.0,0.0,0.0,0.0,0.0,0.0,0.0,33.17398,41.0,40.0,41.0,40.0,63.0,63.0,7,summer,0.0,0.0,31.72387
3,2024-07-05 05:00:00+00:00,0.0,0.0,0.0,0.0,0.0,0.0,0.0,168.8627,155.0,152.0,154.0,151.0,232.99997,232.99997,7,summer,0.0,0.0,169.69464
3,2024-07-05 06:00:00+00:00,0.0,0.0,0.0,0.0,0.0,0.0,0.0,343.8545,299.0,293.0,299.0,291.0,415.99994,411.99997,7,summer,0.0,0.0,346.74033
3,2024-07-05 07:00:00+00:00,0.0,0.0,0.0,0.0,0.0,0.0,0.0,516.901,470.0,462.0,472.0,458.0,594.0,584.0,7,summer,0.0,0.0,520.6557
3,2024-07-05 08:00:00+00:00,0.0,0.0,0.0,0.0,0.0,0.0,0.0,680.2501,639.0,629.0,636.0,624.0,735.0,735.0,7,summer,0.0,0.0,680.5299
3,2024-07-05 09:00:00+00:00,0.0,0.0,0.0,0.0,0.0,0.0,0.0,829.20123,770.0,761.0,743.00006,757.0,792.0,856.0,7,summer,0.0,0.0,824.0635
3,2024-07-05 10:00:00+00:00,0.0,0.0,0.0,0.0,0.0,0.2,0.0,941.2597,857.0,852.0,792.0,849.0,775.0,939.0,7,summer,0.03,0.0,930.3656
3,2024-07-05 11:00:00+00:00,0.0,0.0,0.0,0.0,0.0,0.2,0.0,994.448,896.0,894.0,802.0,894.0,753.0,978.0,7,summer,0.03,0.0,1000.4645
3,2024-07-05 12:00:00+00:00,0.0,0.0,0.0,0.0,0.0,0.2,0.0,987.1746,889.0,886.0,787.0,889.0,779.0,970.0,7,summer,0.03,0.0,991.7433
3,2024-07-05 13:00:00+00:00,0.0,0.0,0.0,0.0,0.0,0.1,0.0,906.03,831.0,825.0,736.0,831.0,808.0,916.0,7,summer,0.01,0.0,871.1849
3,2024-07-05 14:00:00+00:00,0.0,0.0,0.0,0.0,0.0,0.1,0.0,779.24506,725.0,718.0,642.0,724.0,775.0,819.0,7,summer,0.01,0.0,704.968
3,2024-07-05 15:00:00+00:00,0.0,0.0,0.0,0.0,0.0,0.1,0.0,624.9213,590.0,586.0,523.0,589.0,682.0,698.0,7,summer,0.01,0.0,606.09546
3,2024-07-05 16:00:00+00:00,0.0,0.0,0.0,0.0,0.0,0.1,0.0,458.2566,431.99997,430.99994,383.0,430.99994,540.0,545.0,7,summer,0.01,0.0,461.06964
3,2024-07-05 17:00:00+00:00,0.0,0.0,0.0,0.0,0.0,0.1,0.0,282.227,254.99998,254.99998,226.0,254.0,350.0,350.0,7,summer,0.01,0.0,283.77798
3,2024-07-05 18:00:00+00:00,0.0,0.0,0.0,0.0,0.0,0.1,0.0,113.87343,90.0,89.0,79.0,88.0,147.0,146.0,7,summer,0.01,0.0,113.306915
3,2024-07-05 19:00:00+00:00,0.0,0.0,0.0,0.0,0.0,0.0,0.0,10.696109,9.0,8.0,8.0,8.0,21.999996,21.999996,7,summer,0.0,0.0,9.897678
3,2024-07-05 20:00:00+00:00,0.0,0.0,0.0,0.0,0.0,0.0,0.0,0.0,0.0,0.0,0.0,0.0,0.0,0.0,7,summer,0.0,0.0,0.0
3,2024-07-05 21:00:00+00:00,0.0,0.0,0.0,0.0,0.0,0.0,0.0,0.0,0.0,0.0,0.0,0.0,0.0,0.0,7,summer,0.0,0.0,0.0
3,2024-07-05 22:00:00+00:00,0.0,0.0,0.0,0.0,0.0,0.0,0.0,0.0,0.0,0.0,0.0,0.0,0.0,0.0,7,summer,0.0,0.0,0.0
3,2024-07-05 23:00:00+00:00,0.0,0.0,0.0,0.0,0.0,0.0,0.0,0.0,0.0,0.0,0.0,0.0,0.0,0.0,7,summer,0.0,0.0,0.0
3,2024-07-06 00:00:00+00:00,0.0,0.0,0.0,0.0,0.0,0.0,0.0,0.0,0.0,0.0,0.0,0.0,0.0,0.0,7,summer,0.0,0.0,0.0
3,2024-07-06 01:00:00+00:00,0.0,0.0,0.0,0.0,0.0,0.0,0.0,0.0,0.0,0.0,0.0,0.0,0.0,0.0,7,summer,0.0,0.0,0.0
3,2024-07-06 02:00:00+00:00,0.0,0.0,0.0,0.0,0.0,0.0,0.0,0.0,0.0,0.0,0.0,0.0,0.0,0.0,7,summer,0.0,0.0,0.0
3,2024-07-06 03:00:00+00:00,0.0,0.0,0.0,0.0,0.0,0.0,0.0,0.0,0.0,0.0,0.0,0.0,0.0,0.0,7,summer,0.0,0.0,0.0
3,2024-07-06 04:00:00+00:00,0.0,0.0,0.0,0.0,0.0,0.0,0.0,32.026054,40.0,41.0,40.0,40.0,62.0,62.0,7,summer,0.0,0.0,26.633299
3,2024-07-06 05:00:00+00:00,0.0,0.0,0.0,0.0,0.0,0.0,0.0,165.64844,154.00002,156.00002,152.00002,154.00002,231.00003,231.00003,7,summer,0.0,0.0,149.46739
3,2024-07-06 06:00:00+00:00,0.0,0.0,0.0,0.0,0.0,0.0,0.0,336.73965,298.0,300.0,293.0,298.0,412.0,411.0,7,summer,0.0,0.0,319.78296
3,2024-07-06 07:00:00+00:00,0.0,0.0,0.0,0.0,0.0,0.0,0.0,506.03528,470.0,473.0,461.0,470.0,586.0,582.0,7,summer,0.0,0.0,516.96
3,2024-07-06 08:00:00+00:00,0.0,0.0,0.0,0.0,0.0,0.0,0.0,678.76636,640.0,643.0,629.0,639.0,734.0,734.0,7,summer,0.0,0.0,655.4907
3,2024-07-06 09:00:00+00:00,0.0,0.0,0.0,0.0,0.0,0.0,0.0,831.34406,772.0,776.0,763.0,767.0,833.0,856.0,7,summer,0.0,0.0,769.01605
3,2024-07-06 10:00:00+00:00,0.0,0.0,0.0,0.0,0.0,0.0,0.0,945.8683,860.0,864.0,856.0,847.0,880.0,939.0,7,summer,0.0,0.0,914.4348
3,2024-07-06 11:00:00+00:00,0.0,0.0,0.0,0.0,0.0,0.0,0.0,1001.41223,898.0,903.0,899.0,876.0,898.0,977.0,7,summer,0.0,0.0,1007.29016
3,2024-07-06 12:00:00+00:00,0.0,0.0,0.0,0.0,0.0,0.0,0.0,986.98254,889.0,895.0,891.0,852.0,908.0,970.0,7,summer,0.0,0.0,995.4412
3,2024-07-06 13:00:00+00:00,0.0,0.0,0.0,0.0,0.0,0.0,0.0,918.37823,829.0,836.0,829.0,776.0,891.0,915.0,7,summer,0.0,0.0,917.2545
3,2024-07-06 14:00:00+00:00,0.0,0.0,0.0,0.0,0.0,0.0,0.0,788.78076,719.0,725.0,721.0,660.0,818.0,818.0,7,summer,0.0,0.0,788.83234
3,2024-07-06 15:00:00+00:00,0.0,0.0,0.0,0.0,0.0,0.0,0.0,629.25336,578.0,582.0,587.0,521.0,701.0,697.0,7,summer,0.0,0.0,631.4252
3,2024-07-06 16:00:00+00:00,0.0,0.0,0.0,0.0,0.0,0.0,0.0,459.3874,416.0,417.99997,430.99994,369.0,544.99994,542.99994,7,summer,0.0,0.0,384.83997
3,2024-07-06 17:00:00+00:00,0.0,0.0,0.0,0.0,0.0,0.0,0.0,280.93585,242.0,242.0,254.0,213.0,350.0,350.0,7,summer,0.0,0.0,261.40552
3,2024-07-06 18:00:00+00:00,0.0,0.0,0.0,0.0,0.0,0.0,0.0,111.296,83.0,83.0,88.0,75.0,146.99998,146.99998,7,summer,0.0,0.0,108.296
3,2024-07-06 19:00:00+00:00,0.0,0.0,0.0,0.0,0.0,0.0,0.0,9.037188,8.0,8.0,8.0,8.0,22.000004,22.000004,7,summer,0.0,0.0,7.1478705
3,2024-07-06 20:00:00+00:00,0.0,0.0,0.0,0.0,0.0,0.0,0.0,0.0,0.0,0.0,0.0,0.0,0.0,0.0,7,summer,0.0,0.0,0.0
3,2024-07-06 21:00:00+00:00,0.0,0.0,0.0,0.0,0.0,0.0,0.0,0.0,0.0,0.0,0.0,0.0,0.0,0.0,7,summer,0.0,0.0,0.0
3,2024-07-06 22:00:00+00:00,0.0,0.0,0.0,0.0,0.0,0.0,0.0,0.0,0.0,0.0,0.0,0.0,0.0,0.0,7,summer,0.0,0.0,0.0
3,2024-07-06 23:00:00+00:00,0.0,0.0,0.0,0.0,0.0,0.0,0.0,0.0,0.0,0.0,0.0,0.0,0.0,0.0,7,summer,0.0,0.0,0.0
3,2024-07-07 00:00:00+00:00,0.0,0.0,0.0,0.0,0.0,0.0,0.0,0.0,0.0,0.0,0.0,0.0,0.0,0.0,7,summer,0.0,0.0,0.0
3,2024-07-07 01:00:00+00:00,0.0,0.0,0.0,0.0,0.0,0.0,0.0,0.0,0.0,0.0,0.0,0.0,0.0,0.0,7,summer,0.0,0.0,0.0
3,2024-07-07 02:00:00+00:00,0.0,0.0,0.0,0.0,0.0,0.0,0.0,0.0,0.0,0.0,0.0,0.0,0.0,0.0,7,summer,0.0,0.0,0.0
3,2024-07-07 03:00:00+00:00,0.0,0.0,0.0,0.0,0.0,0.0,0.0,0.0,0.0,0.0,0.0,0.0,0.0,0.0,7,summer,0.0,0.0,0.0
3,2024-07-07 04:00:00+00:00,0.0,0.0,0.0,0.0,0.0,0.0,0.0,30.982037,40.0,40.0,39.0,38.0,61.000004,61.000004,7,summer,0.0,0.0,30.001465
3,2024-07-07 05:00:00+00:00,0.0,0.0,0.0,0.0,0.0,0.0,0.0,165.42697,153.0,153.0,151.0,148.0,229.0,229.0,7,summer,0.0,0.0,165.33002
3,2024-07-07 06:00:00+00:00,0.0,0.0,0.0,0.0,0.0,0.0,0.0,340.7729,296.0,296.0,294.0,289.0,410.0,409.0,7,summer,0.0,0.0,340.91617
3,2024-07-07 07:00:00+00:00,0.0,0.0,0.0,0.0,0.0,0.0,0.0,514.63574,467.0,467.0,467.0,460.0,586.0,581.0,7,summer,0.0,0.0,515.0169
3,2024-07-07 08:00:00+00:00,0.0,0.0,0.0,0.0,0.0,0.0,0.0,680.6087,635.0,635.0,637.0,629.0,733.0,733.0,7,summer,0.0,0.0,681.4565
3,2024-07-07 09:00:00+00:00,0.0,0.0,0.0,0.0,0.0,0.0,0.0,824.58215,764.0,766.0,768.0,760.0,821.0,855.0,7,summer,0.0,0.0,832.5622
3,2024-07-07 10:00:00+00:00,0.0,0.0,0.0,0.0,0.0,0.0,0.0,944.18445,849.0,853.0,853.0,846.0,851.0,938.0,7,summer,0.0,0.0,944.1218
3,2024-07-07 11:00:00+00:00,0.0,0.0,0.0,0.0,0.0,0.0,0.0,1001.13214,884.0,891.0,890.0,885.0,861.0,977.0,7,summer,0.0,0.0,1003.40137
3,2024-07-07 12:00:00+00:00,0.0,0.0,0.0,0.0,0.0,0.0,0.0,818.5208,872.0,878.0,882.0,882.0,879.0,969.0,7,summer,0.0,0.0,990.01086
3,2024-07-07 13:00:00+00:00,0.0,0.0,0.0,0.0,0.0,0.0,0.0,872.7594,809.0,813.0,823.0,828.0,879.0,915.0,7,summer,0.0,0.0,910.0073
3,2024-07-07 14:00:00+00:00,0.0,0.0,0.0,0.0,0.0,0.0,0.0,783.69183,697.0,702.0,715.0,721.0,818.0,818.0,7,summer,0.0,0.0,472.61826
3,2024-07-07 15:00:00+00:00,0.0,0.0,0.0,0.0,0.0,0.0,0.0,618.4099,557.0,566.0,576.0,576.99994,703.0,697.0,7,summer,0.0,0.0,471.73956
3,2024-07-07 16:00:00+00:00,0.0,0.0,0.0,0.0,0.0,0.0,0.0,453.8803,398.0,410.0,415.99997,411.0,546.0,544.0,7,summer,0.0,0.0,429.74753
3,2024-07-07 17:00:00+00:00,0.0,0.0,0.0,0.0,0.0,0.0,0.0,276.61807,230.0,239.0,242.0,237.0,349.0,349.0,7,summer,0.0,0.0,168.18854
3,2024-07-07 18:00:00+00:00,0.0,0.0,0.0,0.0,0.0,0.0,0.0,106.87344,79.0,82.0,83.0,81.0,146.0,146.0,7,summer,0.0,0.0,70.69897
3,2024-07-07 19:00:00+00:00,0.0,0.0,0.0,0.0,0.0,0.0,0.0,7.13755,7.0,8.0,8.0,8.0,22.0,22.0,7,summer,0.0,0.0,7.13755
3,2024-07-07 20:00:00+00:00,0.0,0.0,0.0,0.0,0.0,0.0,0.0,0.0,0.0,0.0,0.0,0.0,0.0,0.0,7,summer,0.0,0.0,0.0
3,2024-07-07 21:00:00+00:00,0.0,0.0,0.0,0.0,0.0,0.0,0.0,0.0,0.0,0.0,0.0,0.0,0.0,0.0,7,summer,0.0,0.0,0.0
3,2024-07-07 22:00:00+00:00,0.0,0.0,0.0,0.0,0.0,0.0,0.0,0.0,0.0,0.0,0.0,0.0,0.0,0.0,7,summer,0.0,0.0,0.0
3,2024-07-07 23:00:00+00:00,0.0,0.0,0.0,0.0,0.0,0.0,0.0,0.0,0.0,0.0,0.0,0.0,0.0,0.0,7,summer,0.0,0.0,0.0
3,2024-07-08 00:00:00+00:00,0.0,0.0,0.0,0.0,0.0,0.0,0.0,0.0,0.0,0.0,0.0,0.0,0.0,0.0,7,summer,0.0,0.0,0.0
3,2024-07-08 01:00:00+00:00,0.0,0.0,0.0,0.0,0.0,0.0,0.0,0.0,0.0,0.0,0.0,0.0,0.0,0.0,7,summer,0.0,0.0,0.0
3,2024-07-08 02:00:00+00:00,0.0,0.0,0.0,0.0,0.0,0.0,0.0,0.0,0.0,0.0,0.0,0.0,0.0,0.0,7,summer,0.0,0.0,0.0
3,2024-07-08 03:00:00+00:00,0.0,0.0,0.0,0.0,0.0,0.0,0.0,0.0,0.0,0.0,0.0,0.0,0.0,0.0,7,summer,0.0,0.0,0.0
3,2024-07-08 04:00:00+00:00,0.0,0.0,0.0,0.0,0.0,0.0,0.0,22.356087,37.0,38.0,37.0,38.0,60.0,60.0,7,summer,0.0,0.0,13.959408
3,2024-07-08 05:00:00+00:00,0.0,0.0,0.0,0.0,0.0,0.0,0.0,139.2226,145.0,146.0,145.0,145.0,227.0,227.0,7,summer,0.0,0.0,74.140015
3,2024-07-08 06:00:00+00:00,0.0,0.0,0.0,0.0,0.0,0.0,0.0,335.16812,286.0,287.0,285.0,284.0,409.0,407.0,7,summer,0.0,0.0,218.21619
3,2024-07-08 07:00:00+00:00,0.0,0.0,0.0,0.0,0.0,0.1,0.0,510.9824,455.0,458.0,454.0,452.0,584.0,579.0,7,summer,0.01,0.0,511.1282
3,2024-07-08 08:00:00+00:00,0.0,0.0,0.0,0.0,0.0,0.1,0.0,677.79315,620.0,623.0,620.0,617.0,731.0,731.0,7,summer,0.01,0.0,677.0956
3,2024-07-08 09:00:00+00:00,0.0,0.0,0.0,0.0,0.0,0.1,0.0,828.4957,741.0,740.0,746.0,745.0,821.0,853.0,7,summer,0.01,0.0,826.53467
3,2024-07-08 10:00:00+00:00,0.0,0.0,0.0,0.0,0.0,0.0,0.0,943.7385,812.0,804.0,824.0,829.0,854.0,936.0,7,summer,0.0,0.0,290.49075
3,2024-07-08 11:00:00+00:00,0.0,0.0,0.0,0.0,0.0,0.0,0.0,1000.5541,830.0,820.0,851.0,865.0,866.0,976.0,7,summer,0.0,0.0,867.20557
3,2024-07-08 12:00:00+00:00,0.0,0.0,0.0,0.0,0.0,0.0,0.0,989.1797,791.0,790.0,818.0,850.0,883.0,968.0,7,summer,0.0,0.0,986.3893
3,2024-07-08 13:00:00+00:00,0.0,0.0,0.0,0.0,0.0,0.0,0.0,638.3639,704.0,714.0,735.0,784.0,880.0,914.0,7,summer,0.0,0.0,909.4903
3,2024-07-08 14:00:00+00:00,0.0,0.0,0.0,0.0,0.0,0.0,0.0,327.64847,595.0,609.0,624.0,676.0,817.0,817.0,7,summer,0.0,0.0,783.3585
3,2024-07-08 15:00:00+00:00,0.0,0.0,0.0,0.0,0.0,0.0,0.0,424.7376,491.0,496.0,513.0,545.0,703.0,697.0,7,summer,0.0,0.0,626.34534
3,2024-07-08 16:00:00+00:00,0.0,0.0,0.0,0.0,0.0,0.0,0.0,223.18286,374.0,368.0,387.0,395.0,546.0,544.0,7,summer,0.0,0.0,454.59055
3,2024-07-08 17:00:00+00:00,0.0,0.0,0.0,0.0,0.0,0.0,0.0,276.68982,227.0,219.00002,233.00002,232.0,348.0,348.0,7,summer,0.0,0.0,276.75574
3,2024-07-08 18:00:00+00:00,0.0,0.0,0.0,0.0,0.0,0.0,0.0,95.42522,79.0,76.0,81.0,81.0,144.0,144.0,7,summer,0.0,0.0,109.64707
3,2024-07-08 19:00:00+00:00,0.0,0.0,0.0,0.0,0.0,0.0,0.0,9.0037155,7.0,7.0,8.0,8.0,20.999998,20.999998,7,summer,0.0,0.0,9.0037155
3,2024-07-08 20:00:00+00:00,0.0,0.0,0.0,0.0,0.0,0.0,0.0,0.0,0.0,0.0,0.0,0.0,0.0,0.0,7,summer,0.0,0.0,0.0
3,2024-07-08 21:00:00+00:00,0.0,0.0,0.0,0.0,0.0,0.0,0.0,0.0,0.0,0.0,0.0,0.0,0.0,0.0,7,summer,0.0,0.0,0.0
3,2024-07-08 22:00:00+00:00,0.0,0.0,0.0,0.0,0.0,0.0,0.0,0.0,0.0,0.0,0.0,0.0,0.0,0.0,7,summer,0.0,0.0,0.0
3,2024-07-08 23:00:00+00:00,0.0,0.0,0.0,0.0,0.0,0.0,0.0,0.0,0.0,0.0,0.0,0.0,0.0,0.0,7,summer,0.0,0.0,0.0
3,2024-07-09 00:00:00+00:00,0.0,0.0,0.0,0.0,0.0,0.0,0.0,0.0,0.0,0.0,0.0,0.0,0.0,0.0,7,summer,0.0,0.0,0.0
3,2024-07-09 01:00:00+00:00,0.0,0.0,0.0,0.0,0.0,0.0,0.0,0.0,0.0,0.0,0.0,0.0,0.0,0.0,7,summer,0.0,0.0,0.0
3,2024-07-09 02:00:00+00:00,0.0,0.0,0.0,0.0,0.0,0.0,0.0,0.0,0.0,0.0,0.0,0.0,0.0,0.0,7,summer,0.0,0.0,0.0
3,2024-07-09 03:00:00+00:00,0.0,0.0,0.0,0.0,0.0,0.0,0.0,0.0,0.0,0.0,0.0,0.0,0.0,0.0,7,summer,0.0,0.0,0.0
3,2024-07-09 04:00:00+00:00,0.0,0.0,0.0,0.0,0.0,0.0,0.0,29.231401,36.000004,37.000008,37.000008,37.000008,59.000008,59.000008,7,summer,0.0,0.0,27.697071
3,2024-07-09 05:00:00+00:00,0.0,0.0,0.0,0.0,0.0,0.0,0.0,159.86974,142.0,144.0,144.0,144.0,224.99998,224.99998,7,summer,0.0,0.0,159.63931
3,2024-07-09 06:00:00+00:00,0.0,0.0,0.0,0.0,0.0,0.0,0.0,334.70068,280.99997,284.0,283.0,284.0,407.99994,405.99994,7,summer,0.0,0.0,334.70068
3,2024-07-09 07:00:00+00:00,0.0,0.0,0.0,0.0,0.0,0.0,0.0,509.2152,450.0,453.0,452.0,453.0,585.0,578.0,7,summer,0.0,0.0,510.29224
3,2024-07-09 08:00:00+00:00,0.0,0.0,0.0,0.0,0.0,0.0,0.0,676.8633,616.0,617.0,618.0,620.0,730.0,730.0,7,summer,0.0,0.0,677.28687
3,2024-07-09 09:00:00+00:00,0.0,0.0,0.0,0.0,0.0,0.0,0.0,825.97314,735.0,734.0,741.0,744.0,804.0,852.0,7,summer,0.0,0.0,827.9624
3,2024-07-09 10:00:00+00:00,0.0,0.0,0.0,0.0,0.0,0.0,0.0,941.03723,803.0,800.0,815.0,820.0,812.0,935.0,7,summer,0.0,0.0,937.3201
3,2024-07-09 11:00:00+00:00,0.0,0.0,0.0,0.0,0.0,0.0,0.0,999.4155,827.0,816.0,844.0,850.0,808.0,975.0,7,summer,0.0,0.0,999.9592
3,2024-07-09 12:00:00+00:00,0.0,0.0,0.0,0.0,0.0,0.0,0.0,988.333,814.0,781.0,829.0,835.0,832.0,967.0,7,summer,0.0,0.0,989.79236
3,2024-07-09 13:00:00+00:00,0.0,0.0,0.0,0.0,0.0,0.0,0.0,910.9091,758.0,701.0,768.0,773.0,848.0,913.0,7,summer,0.0,0.0,907.7302
3,2024-07-09 14:00:00+00:00,0.0,0.0,0.0,0.0,0.0,0.0,0.0,781.77216,660.0,596.0,664.0,665.0,801.0,817.0,7,summer,0.0,0.0,778.81964
3,2024-07-09 15:00:00+00:00,0.0,0.0,0.0,0.0,0.0,0.0,0.0,624.6586,539.0,491.0,536.0,528.0,694.0,696.0,7,summer,0.0,0.0,625.87524
3,2024-07-09 16:00:00+00:00,0.0,0.0,0.0,0.0,0.0,0.0,0.0,454.73428,398.0,371.0,389.0,375.0,542.0,542.0,7,summer,0.0,0.0,454.95514
3,2024-07-09 17:00:00+00:00,0.0,0.0,0.0,0.0,0.0,0.0,0.0,277.3811,235.0,224.0,227.0,215.00002,347.0,347.0,7,summer,0.0,0.0,277.3811
3,2024-07-09 18:00:00+00:00,0.0,0.0,0.0,0.0,0.0,0.0,0.0,109.39519,81.0,78.0,78.0,73.0,143.00002,143.00002,7,summer,0.0,0.0,109.39519
3,2024-07-09 19:00:00+00:00,0.0,0.0,0.0,0.0,0.0,0.0,0.0,8.98274,7.0,7.0,7.0,7.0,20.000004,20.000004,7,summer,0.0,0.0,8.98274
3,2024-07-09 20:00:00+00:00,0.0,0.0,0.0,0.0,0.0,0.0,0.0,0.0,0.0,0.0,0.0,0.0,0.0,0.0,7,summer,0.0,0.0,0.0
3,2024-07-09 21:00:00+00:00,0.0,0.0,0.0,0.0,0.0,0.0,0.0,0.0,0.0,0.0,0.0,0.0,0.0,0.0,7,summer,0.0,0.0,0.0
3,2024-07-09 22:00:00+00:00,0.0,0.0,0.0,0.0,0.0,0.0,0.0,0.0,0.0,0.0,0.0,0.0,0.0,0.0,7,summer,0.0,0.0,0.0
3,2024-07-09 23:00:00+00:00,0.0,0.0,0.0,0.0,0.0,0.0,0.0,0.0,0.0,0.0,0.0,0.0,0.0,0.0,7,summer,0.0,0.0,0.0
3,2024-07-10 00:00:00+00:00,0.0,0.0,0.0,0.0,0.0,0.0,0.0,0.0,0.0,0.0,0.0,0.0,0.0,0.0,7,summer,0.0,0.0,0.0
3,2024-07-10 01:00:00+00:00,0.0,0.0,0.0,0.0,0.0,0.0,0.0,0.0,0.0,0.0,0.0,0.0,0.0,0.0,7,summer,0.0,0.0,0.0
3,2024-07-10 02:00:00+00:00,0.0,0.0,0.0,0.0,0.0,0.0,0.0,0.0,0.0,0.0,0.0,0.0,0.0,0.0,7,summer,0.0,0.0,0.0
3,2024-07-10 03:00:00+00:00,0.0,0.0,0.0,0.0,0.0,0.0,0.0,0.0,0.0,0.0,0.0,0.0,0.0,0.0,7,summer,0.0,0.0,0.0
3,2024-07-10 04:00:00+00:00,0.0,0.0,0.0,0.0,0.0,0.0,0.0,26.024757,36.000004,36.000004,36.000004,36.000004,58.000008,58.000008,7,summer,0.0,0.0,27.02476
3,2024-07-10 05:00:00+00:00,0.0,0.0,0.0,0.0,0.0,0.0,0.0,154.92369,142.00002,141.00002,141.00002,142.00002,223.00003,223.00003,7,summer,0.0,0.0,159.1643
3,2024-07-10 06:00:00+00:00,0.0,0.0,0.0,0.0,0.0,0.0,0.0,323.62537,282.0,281.0,281.0,282.0,405.0,404.0,7,summer,0.0,0.0,335.08746
3,2024-07-10 07:00:00+00:00,0.0,0.0,0.0,0.0,0.0,0.0,0.0,497.35764,452.0,451.0,451.0,452.0,580.0,576.0,7,summer,0.0,0.0,510.21396
3,2024-07-10 08:00:00+00:00,0.0,0.0,0.0,0.0,0.0,0.0,0.0,668.3409,620.0,617.0,617.0,618.0,729.0,729.0,7,summer,0.0,0.0,678.22986
3,2024-07-10 09:00:00+00:00,0.0,0.0,0.0,0.0,0.0,0.0,0.0,822.9511,747.0,738.0,738.0,738.0,824.0,851.0,7,summer,0.0,0.0,829.4447
3,2024-07-10 10:00:00+00:00,0.0,0.0,0.0,0.0,0.0,0.0,0.0,939.24207,826.0,806.0,809.0,807.0,865.0,934.0,7,summer,0.0,0.0,940.12036
3,2024-07-10 11:00:00+00:00,0.0,0.0,0.0,0.0,0.0,0.0,0.0,995.05457,846.0,818.0,829.0,829.0,881.0,974.0,7,summer,0.0,0.0,991.05457
3,2024-07-10 12:00:00+00:00,0.0,0.0,0.0,0.0,0.0,0.0,0.0,981.6423,790.0,762.0,798.0,808.0,895.0,966.0,7,summer,0.0,0.0,969.6423
3,2024-07-10 13:00:00+00:00,0.0,0.0,0.0,0.0,0.0,0.0,0.0,902.56555,680.0,655.0,719.0,742.0,884.0,912.0,7,summer,0.0,0.0,870.1755
3,2024-07-10 14:00:00+00:00,0.0,0.0,0.0,0.0,0.0,0.0,0.0,781.17444,564.0,542.0,613.0,639.0,816.0,816.0,7,summer,0.0,0.0,781.32275
3,2024-07-10 15:00:00+00:00,0.0,0.0,0.0,0.0,0.0,0.0,0.0,622.9625,476.0,454.0,506.0,522.0,700.0,696.0,7,summer,0.0,0.0,627.79065
3,2024-07-10 16:00:00+00:00,0.0,0.0,0.0,0.0,0.0,0.0,0.0,454.0578,377.0,356.0,383.0,386.0,543.0,542.0,7,summer,0.0,0.0,457.2809
3,2024-07-10 17:00:00+00:00,0.0,0.0,0.0,0.0,0.0,0.0,0.0,276.04034,234.99998,220.99998,231.0,228.99998,346.0,346.0,7,summer,0.0,0.0,278.83627
3,2024-07-10 18:00:00+00:00,0.0,0.0,0.0,0.0,0.0,0.0,0.0,109.11693,82.0,77.0,80.0,79.0,143.0,140.99998,7,summer,0.0,0.0,109.11693
3,2024-07-10 19:00:00+00:00,0.0,0.0,0.0,0.0,0.0,0.0,0.0,8.958335,7.0,7.0,7.0,7.0,19.999998,19.999998,7,summer,0.0,0.0,8.094973
3,2024-07-10 20:00:00+00:00,0.0,0.0,0.0,0.0,0.0,0.0,0.0,0.0,0.0,0.0,0.0,0.0,0.0,0.0,7,summer,0.0,0.0,0.0
3,2024-07-10 21:00:00+00:00,0.0,0.0,0.0,0.0,0.0,0.0,0.0,0.0,0.0,0.0,0.0,0.0,0.0,0.0,7,summer,0.0,0.0,0.0
3,2024-07-10 22:00:00+00:00,0.0,0.0,0.0,0.0,0.0,0.0,0.0,0.0,0.0,0.0,0.0,0.0,0.0,0.0,7,summer,0.0,0.0,0.0
3,2024-07-10 23:00:00+00:00,0.0,0.0,0.0,0.0,0.0,0.0,0.0,0.0,0.0,0.0,0.0,0.0,0.0,0.0,7,summer,0.0,0.0,0.0
3,2024-07-11 00:00:00+00:00,0.0,0.0,0.0,0.0,0.0,0.0,0.0,0.0,0.0,0.0,0.0,0.0,0.0,0.0,7,summer,0.0,0.0,0.0
3,2024-07-11 01:00:00+00:00,0.0,0.0,0.0,0.0,0.0,0.0,0.0,0.0,0.0,0.0,0.0,0.0,0.0,0.0,7,summer,0.0,0.0,0.0
3,2024-07-11 02:00:00+00:00,0.0,0.0,0.0,0.0,0.0,0.0,0.0,0.0,0.0,0.0,0.0,0.0,0.0,0.0,7,summer,0.0,0.0,0.0
3,2024-07-11 03:00:00+00:00,0.0,0.0,0.0,0.0,0.0,0.0,0.0,0.0,0.0,0.0,0.0,0.0,0.0,0.0,7,summer,0.0,0.0,0.0
3,2024-07-11 04:00:00+00:00,0.0,0.0,0.0,0.0,0.0,0.0,0.0,27.447218,36.000008,35.000004,35.000004,36.000008,57.00001,57.00001,7,summer,0.0,0.0,26.907183
3,2024-07-11 05:00:00+00:00,0.0,0.0,0.0,0.0,0.0,0.0,0.0,158.89944,141.99998,140.0,141.0,141.99998,220.99997,220.99997,7,summer,0.0,0.0,157.67831
3,2024-07-11 06:00:00+00:00,0.0,0.0,0.0,0.0,0.0,0.0,0.0,334.19662,283.0,280.0,281.0,283.0,403.0,402.0,7,summer,0.0,0.0,306.6512
3,2024-07-11 07:00:00+00:00,0.0,0.0,0.0,0.0,0.0,0.0,0.0,510.7398,453.0,451.0,452.0,453.0,579.0,574.0,7,summer,0.0,0.0,493.65405
3,2024-07-11 08:00:00+00:00,0.0,0.0,0.0,0.0,0.0,0.0,0.0,676.85565,622.0,621.0,622.0,623.0,727.0,727.0,7,summer,0.0,0.0,677.43567
3,2024-07-11 09:00:00+00:00,0.0,0.0,0.0,0.0,0.0,0.0,0.0,826.3806,752.0,753.0,754.0,757.0,820.0,850.0,7,summer,0.0,0.0,827.88824
3,2024-07-11 10:00:00+00:00,0.0,0.0,0.0,0.0,0.0,0.0,0.0,942.65955,836.0,840.0,842.0,848.0,857.0,933.0,7,summer,0.0,0.0,940.9508
3,2024-07-11 11:00:00+00:00,0.0,0.0,0.0,0.0,0.0,0.0,0.0,998.9989,875.0,881.0,883.0,890.0,870.0,973.0,7,summer,0.0,0.0,1000.8237
3,2024-07-11 12:00:00+00:00,0.0,0.0,0.0,0.0,0.0,0.0,0.0,990.0602,870.0,876.0,877.0,883.0,886.0,965.0,7,summer,0.0,0.0,989.27026
3,2024-07-11 13:00:00+00:00,0.0,0.0,0.0,0.0,0.0,0.1,0.0,911.59717,817.0,820.0,820.0,823.0,880.0,912.0,7,summer,0.01,0.0,906.8331
3,2024-07-11 14:00:00+00:00,0.0,0.0,0.0,0.0,0.0,0.1,0.0,784.14746,715.0,716.0,714.0,716.0,815.0,815.0,7,summer,0.01,0.0,778.3648
3,2024-07-11 15:00:00+00:00,0.0,0.0,0.0,0.0,0.0,0.1,0.0,625.83154,584.0,583.0,578.0,582.0,700.0,694.0,7,summer,0.01,0.0,624.66547
3,2024-07-11 16:00:00+00:00,0.0,0.0,0.0,0.0,0.0,0.1,0.0,454.34235,429.0,427.00003,419.0,425.00006,543.0,541.0,7,summer,0.01,0.0,454.7962
3,2024-07-11 17:00:00+00:00,0.0,0.0,0.0,0.0,0.0,0.1,0.0,275.66754,251.99998,249.99998,243.99998,248.99998,344.99997,344.99997,7,summer,0.01,0.0,276.53323
3,2024-07-11 18:00:00+00:00,0.0,0.0,0.0,0.0,0.0,0.1,0.0,107.59926,86.00001,85.0,83.0,85.0,140.0,140.0,7,summer,0.01,0.0,107.59926
3,2024-07-11 19:00:00+00:00,0.0,0.0,0.0,0.0,0.0,0.0,0.0,8.930033,8.0,8.0,7.0,8.0,19.000002,19.000002,7,summer,0.0,0.0,8.075806
3,2024-07-11 20:00:00+00:00,0.0,0.0,0.0,0.0,0.0,0.0,0.0,0.0,0.0,0.0,0.0,0.0,0.0,0.0,7,summer,0.0,0.0,0.0
3,2024-07-11 21:00:00+00:00,0.0,0.0,0.0,0.0,0.0,0.0,0.0,0.0,0.0,0.0,0.0,0.0,0.0,0.0,7,summer,0.0,0.0,0.0
3,2024-07-11 22:00:00+00:00,0.0,0.0,0.0,0.0,0.0,0.0,0.0,0.0,0.0,0.0,0.0,0.0,0.0,0.0,7,summer,0.0,0.0,0.0
3,2024-07-11 23:00:00+00:00,0.0,0.0,0.0,0.0,0.0,0.0,0.0,0.0,0.0,0.0,0.0,0.0,0.0,0.0,7,summer,0.0,0.0,0.0
3,2024-07-12 00:00:00+00:00,0.0,0.0,0.0,0.0,0.0,0.0,0.0,0.0,0.0,0.0,0.0,0.0,0.0,0.0,7,summer,0.0,0.0,0.0
3,2024-07-12 01:00:00+00:00,0.0,0.0,0.0,0.0,0.0,0.0,0.0,0.0,0.0,0.0,0.0,0.0,0.0,0.0,7,summer,0.0,0.0,0.0
3,2024-07-12 02:00:00+00:00,0.0,0.0,0.0,0.0,0.0,0.0,0.0,0.0,0.0,0.0,0.0,0.0,0.0,0.0,7,summer,0.0,0.0,0.0
3,2024-07-12 03:00:00+00:00,0.0,0.0,0.0,0.0,0.0,0.0,0.0,0.0,0.0,0.0,0.0,0.0,0.0,0.0,7,summer,0.0,0.0,0.0
3,2024-07-12 04:00:00+00:00,0.0,0.0,0.0,0.0,0.0,0.0,0.0,26.223751,35.0,35.0,35.0,35.0,56.0,56.0,7,summer,0.0,0.0,26.223751
3,2024-07-12 05:00:00+00:00,0.0,0.0,0.0,0.0,0.0,0.0,0.0,153.82343,139.0,140.0,139.0,141.0,219.0,219.0,7,summer,0.0,0.0,154.69885
3,2024-07-12 06:00:00+00:00,0.0,0.0,0.0,0.0,0.0,0.0,0.0,329.3614,280.0,281.0,280.0,283.0,402.0,400.0,7,summer,0.0,0.0,170.3614
3,2024-07-12 07:00:00+00:00,0.0,0.0,0.0,0.0,0.0,0.0,0.0,505.0617,449.99997,452.99997,452.0,454.99997,578.0,573.0,7,summer,0.0,0.0,413.54498
3,2024-07-12 08:00:00+00:00,0.0,0.0,0.0,0.0,0.0,0.0,0.0,435.0179,620.0,624.0,622.0,626.0,726.0,726.0,7,summer,0.0,0.0,217.23245
3,2024-07-12 09:00:00+00:00,0.0,0.0,0.0,0.0,0.0,0.0,0.0,409.89584,750.0,755.0,747.0,756.0,815.0,848.0,7,summer,0.0,0.0,250.72159
3,2024-07-12 10:00:00+00:00,0.0,0.0,0.0,0.0,0.0,0.0,0.0,825.7346,835.0,840.0,822.0,838.0,847.0,932.0,7,summer,0.0,0.0,441.67523
3,2024-07-12 11:00:00+00:00,0.0,0.0,0.0,0.0,0.0,0.0,0.0,993.77484,870.0,878.0,854.0,872.0,858.0,972.0,7,summer,0.0,0.0,992.9719
3,2024-07-12 12:00:00+00:00,0.0,0.0,0.0,0.0,0.0,0.0,0.0,981.7455,856.0,871.0,849.0,859.0,877.0,964.0,7,summer,0.0,0.0,983.04004
3,2024-07-12 13:00:00+00:00,0.0,0.0,0.0,0.0,0.0,0.0,0.0,903.78094,790.0,815.0,799.0,796.0,875.0,911.0,7,summer,0.0,0.0,905.73865
3,2024-07-12 14:00:00+00:00,0.0,0.0,0.0,0.0,0.0,0.0,0.0,777.23157,679.0,709.0,699.0,684.0,814.0,814.0,7,summer,0.0,0.0,780.70593
3,2024-07-12 15:00:00+00:00,0.0,0.0,0.0,0.0,0.0,0.0,0.0,621.9367,541.0,573.0,569.0,542.0,699.0,693.0,7,summer,0.0,0.0,623.32635
3,2024-07-12 16:00:00+00:00,0.0,0.0,0.0,0.0,0.0,0.0,0.0,451.8747,386.0,415.0,416.00006,382.0,541.0,539.0,7,summer,0.0,0.0,450.6178
3,2024-07-12 17:00:00+00:00,0.0,0.0,0.0,0.0,0.0,0.0,0.0,272.45627,222.00002,241.0,243.00002,218.0,343.00003,343.00003,7,summer,0.0,0.0,272.5176
3,2024-07-12 18:00:00+00:00,0.0,0.0,0.0,0.0,0.0,0.0,0.0,80.607994,75.0,82.0,83.0,73.0,140.0,140.0,7,summer,0.0,0.0,92.60799
3,2024-07-12 19:00:00+00:00,0.0,0.0,0.0,0.0,0.0,0.0,0.0,7.053379,7.0,7.0,7.0,7.0,19.0,19.0,7,summer,0.0,0.0,8.053379
3,2024-07-12 20:00:00+00:00,0.0,0.0,0.0,0.0,0.0,0.0,0.0,0.0,0.0,0.0,0.0,0.0,0.0,0.0,7,summer,0.0,0.0,0.0
3,2024-07-12 21:00:00+00:00,0.0,0.0,0.0,0.0,0.0,0.0,0.0,0.0,0.0,0.0,0.0,0.0,0.0,0.0,7,summer,0.0,0.0,0.0
3,2024-07-12 22:00:00+00:00,0.0,0.0,0.0,0.0,0.0,0.0,0.0,0.0,0.0,0.0,0.0,0.0,0.0,0.0,7,summer,0.0,0.0,0.0
3,2024-07-12 23:00:00+00:00,0.0,0.0,0.0,0.0,0.0,0.0,0.0,0.0,0.0,0.0,0.0,0.0,0.0,0.0,7,summer,0.0,0.0,0.0
3,2024-07-13 00:00:00+00:00,0.0,0.0,0.0,0.0,0.0,0.0,0.0,0.0,0.0,0.0,0.0,0.0,0.0,0.0,7,summer,0.0,0.0,0.0
3,2024-07-13 01:00:00+00:00,0.0,0.0,0.0,0.0,0.0,0.0,0.0,0.0,0.0,0.0,0.0,0.0,0.0,0.0,7,summer,0.0,0.0,0.0
3,2024-07-13 02:00:00+00:00,0.0,0.0,0.0,0.0,0.0,0.0,0.0,0.0,0.0,0.0,0.0,0.0,0.0,0.0,7,summer,0.0,0.0,0.0
3,2024-07-13 03:00:00+00:00,0.0,0.0,0.0,0.0,0.0,0.0,0.0,0.0,0.0,0.0,0.0,0.0,0.0,0.0,7,summer,0.0,0.0,0.0
3,2024-07-13 04:00:00+00:00,0.0,0.0,0.0,0.0,0.0,0.0,0.0,25.098576,33.999996,33.999996,33.999996,33.999996,54.999992,54.999992,7,summer,0.0,0.0,23.920486
3,2024-07-13 05:00:00+00:00,0.0,0.0,0.0,0.0,0.0,0.0,0.0,153.30553,137.00002,138.00002,138.00002,138.00002,217.00003,217.00003,7,summer,0.0,0.0,150.79495
3,2024-07-13 06:00:00+00:00,0.0,0.0,0.0,0.0,0.0,0.0,0.0,326.70062,277.00003,278.0,277.00003,278.0,400.00006,398.00003,7,summer,0.0,0.0,325.4691
3,2024-07-13 07:00:00+00:00,0.0,0.0,0.0,0.0,0.0,0.0,0.0,503.22452,449.0,448.0,448.0,449.0,576.0,571.0,7,summer,0.0,0.0,501.13037
3,2024-07-13 08:00:00+00:00,0.0,0.0,0.0,0.0,0.0,0.0,0.0,669.36865,620.0,619.0,618.0,619.0,724.0,724.0,7,summer,0.0,0.0,669.7237
3,2024-07-13 09:00:00+00:00,0.0,0.0,0.0,0.0,0.0,0.0,0.0,821.06714,751.0,751.0,749.0,748.0,817.0,847.0,7,summer,0.0,0.0,820.47614
3,2024-07-13 10:00:00+00:00,0.0,0.0,0.0,0.0,0.0,0.0,0.0,936.8688,835.0,839.0,836.0,830.0,854.0,931.0,7,summer,0.0,0.0,931.9271
3,2024-07-13 11:00:00+00:00,0.0,0.0,0.0,0.0,0.0,0.0,0.0,994.3407,871.0,877.0,875.0,864.0,868.0,971.0,7,summer,0.0,0.0,992.0558
3,2024-07-13 12:00:00+00:00,0.0,0.0,0.0,0.0,0.0,0.0,0.0,986.2814,862.0,866.0,870.0,850.0,884.0,964.0,7,summer,0.0,0.0,984.8219
3,2024-07-13 13:00:00+00:00,0.0,0.0,0.0,0.0,0.0,0.0,0.0,908.89905,802.0,802.0,814.0,785.0,878.0,910.0,7,summer,0.0,0.0,907.9823
3,2024-07-13 14:00:00+00:00,0.0,0.0,0.0,0.0,0.0,0.0,0.0,779.4103,694.00006,691.0,705.0,677.0,813.0,813.0,7,summer,0.0,0.0,778.2536
3,2024-07-13 15:00:00+00:00,0.0,0.0,0.0,0.0,0.0,0.0,0.0,622.8754,557.0,552.0,558.0,546.0,697.0,692.0,7,summer,0.0,0.0,621.8192
3,2024-07-13 16:00:00+00:00,0.0,0.0,0.0,0.0,0.0,0.0,0.0,452.82626,399.0,394.0,392.0,396.0,539.0,538.0,7,summer,0.0,0.0,450.84894
3,2024-07-13 17:00:00+00:00,0.0,0.0,0.0,0.0,0.0,0.0,0.0,267.08316,230.0,226.0,222.0,230.0,342.0,342.0,7,summer,0.0,0.0,186.70654
3,2024-07-13 18:00:00+00:00,0.0,0.0,0.0,0.0,0.0,0.0,0.0,87.22811,76.99999,75.99999,73.99999,77.99999,138.99997,136.99998,7,summer,0.0,0.0,97.3059
3,2024-07-13 19:00:00+00:00,0.0,0.0,0.0,0.0,0.0,0.0,0.0,7.13978,7.0,7.0,7.0,7.0,18.999996,17.999998,7,summer,0.0,0.0,6.1397796
3,2024-07-13 20:00:00+00:00,0.0,0.0,0.0,0.0,0.0,0.0,0.0,0.0,0.0,0.0,0.0,0.0,0.0,0.0,7,summer,0.0,0.0,0.0
3,2024-07-13 21:00:00+00:00,0.0,0.0,0.0,0.0,0.0,0.0,0.0,0.0,0.0,0.0,0.0,0.0,0.0,0.0,7,summer,0.0,0.0,0.0
3,2024-07-13 22:00:00+00:00,0.0,0.0,0.0,0.0,0.0,0.0,0.0,0.0,0.0,0.0,0.0,0.0,0.0,0.0,7,summer,0.0,0.0,0.0
3,2024-07-13 23:00:00+00:00,0.0,0.0,0.0,0.0,0.0,0.0,0.0,0.0,0.0,0.0,0.0,0.0,0.0,0.0,7,summer,0.0,0.0,0.0
3,2024-07-14 00:00:00+00:00,0.0,0.0,0.0,0.0,0.0,0.0,0.0,0.0,0.0,0.0,0.0,0.0,0.0,0.0,7,summer,0.0,0.0,0.0
3,2024-07-14 01:00:00+00:00,0.0,0.0,0.0,0.0,0.0,0.0,0.0,0.0,0.0,0.0,0.0,0.0,0.0,0.0,7,summer,0.0,0.0,0.0
3,2024-07-14 02:00:00+00:00,0.0,0.0,0.0,0.0,0.0,0.0,0.0,0.0,0.0,0.0,0.0,0.0,0.0,0.0,7,summer,0.0,0.0,0.0
3,2024-07-14 03:00:00+00:00,0.0,0.0,0.0,0.0,0.0,0.0,0.0,0.0,0.0,0.0,0.0,0.0,0.0,0.0,7,summer,0.0,0.0,0.0
3,2024-07-14 04:00:00+00:00,0.0,0.0,0.0,0.0,0.0,0.0,0.0,24.963,32.999996,31.999996,32.999996,32.999996,53.999992,53.999992,7,summer,0.0,0.0,24.401974
3,2024-07-14 05:00:00+00:00,0.0,0.0,0.0,0.0,0.0,0.0,0.0,149.5252,134.99998,132.99998,134.99998,133.99998,214.99997,214.99997,7,summer,0.0,0.0,145.2683
3,2024-07-14 06:00:00+00:00,0.0,0.0,0.0,0.0,0.0,0.0,0.0,324.78494,273.99997,269.99997,273.99997,271.99997,397.99997,395.99997,7,summer,0.0,0.0,324.6596
3,2024-07-14 07:00:00+00:00,0.0,0.0,0.0,0.0,0.0,0.1,0.0,501.86578,445.0,439.0,445.0,442.0,575.0,569.0,7,summer,0.01,0.0,501.56537
3,2024-07-14 08:00:00+00:00,0.0,0.0,0.0,0.0,0.0,0.1,0.0,669.6588,616.0,609.0,614.0,612.0,723.0,723.0,7,summer,0.01,0.0,668.8219
3,2024-07-14 09:00:00+00:00,0.0,0.0,0.0,0.0,0.0,0.1,0.0,819.2966,755.0,748.0,739.0,745.0,807.0,846.0,7,summer,0.01,0.0,819.2966
3,2024-07-14 10:00:00+00:00,0.0,0.0,0.0,0.0,0.0,0.0,0.0,934.2444,850.0,846.0,813.0,833.0,831.0,930.0,7,summer,0.0,0.0,933.0717
3,2024-07-14 11:00:00+00:00,0.0,0.0,0.0,0.0,0.0,0.0,0.0,992.27826,877.0,876.0,838.0,868.0,837.0,970.0,7,summer,0.0,0.0,992.7352
3,2024-07-14 12:00:00+00:00,0.0,0.0,0.0,0.0,0.0,0.0,0.0,981.0509,811.0,824.0,811.0,847.0,860.0,963.0,7,summer,0.0,0.0,955.37146
3,2024-07-14 13:00:00+00:00,0.0,0.0,0.0,0.0,0.1,0.0,0.0,903.82764,681.0,707.0,735.0,772.0,867.0,909.0,7,summer,0.01,0.0,810.47437
3,2024-07-14 14:00:00+00:00,0.0,0.0,0.0,0.0,0.1,0.0,0.0,700.0418,550.0,561.0,625.0,655.0,812.0,812.0,7,summer,0.01,0.0,609.6688
3,2024-07-14 15:00:00+00:00,0.0,0.0,0.0,0.0,0.1,0.0,0.0,349.7219,458.0,408.0,503.0,515.0,697.0,690.0,7,summer,0.01,0.0,618.931
3,2024-07-14 16:00:00+00:00,0.0,0.0,0.0,0.0,0.0,0.0,0.0,287.25827,359.0,261.0,365.0,361.0,539.0,536.0,7,summer,0.0,0.0,447.2724
3,2024-07-14 17:00:00+00:00,0.0,0.0,0.0,0.0,0.0,0.0,0.0,208.51788,221.99998,137.0,213.0,205.0,340.99997,340.99997,7,summer,0.0,0.0,175.13661
3,2024-07-14 18:00:00+00:00,0.0,0.0,0.0,0.0,0.0,0.0,0.0,81.323074,76.0,45.0,72.0,69.0,136.99998,136.99998,7,summer,0.0,0.0,63.87994
3,2024-07-14 19:00:00+00:00,0.0,0.0,0.0,0.0,0.0,0.0,0.0,7.120348,7.0,4.0,6.0,6.0,17.999996,17.999996,7,summer,0.0,0.0,6.1203475
3,2024-07-14 20:00:00+00:00,0.0,0.0,0.0,0.0,0.0,0.0,0.0,0.0,0.0,0.0,0.0,0.0,0.0,0.0,7,summer,0.0,0.0,0.0
3,2024-07-14 21:00:00+00:00,0.0,0.0,0.0,0.0,0.0,0.0,0.0,0.0,0.0,0.0,0.0,0.0,0.0,0.0,7,summer,0.0,0.0,0.0
3,2024-07-14 22:00:00+00:00,0.0,0.0,0.0,0.0,0.0,0.0,0.0,0.0,0.0,0.0,0.0,0.0,0.0,0.0,7,summer,0.0,0.0,0.0
3,2024-07-14 23:00:00+00:00,0.0,0.0,0.0,0.0,0.0,0.0,0.0,0.0,0.0,0.0,0.0,0.0,0.0,0.0,7,summer,0.0,0.0,0.0
3,2024-07-15 00:00:00+00:00,0.0,0.0,0.0,0.0,0.0,0.0,0.0,0.0,0.0,0.0,0.0,0.0,0.0,0.0,7,summer,0.0,0.0,0.0
3,2024-07-15 01:00:00+00:00,0.0,0.0,0.0,0.0,0.0,0.0,0.0,0.0,0.0,0.0,0.0,0.0,0.0,0.0,7,summer,0.0,0.0,0.0
3,2024-07-15 02:00:00+00:00,0.0,0.0,0.0,0.0,0.0,0.0,0.0,0.0,0.0,0.0,0.0,0.0,0.0,0.0,7,summer,0.0,0.0,0.0
3,2024-07-15 03:00:00+00:00,0.0,0.0,0.0,0.0,0.0,0.0,0.0,0.0,0.0,0.0,0.0,0.0,0.0,0.0,7,summer,0.0,0.0,0.0
3,2024-07-15 04:00:00+00:00,0.0,0.0,0.0,0.0,0.0,0.0,0.0,21.081213,30.999996,31.999996,31.999996,31.999996,52.999992,52.999992,7,summer,0.0,0.0,21.439604
3,2024-07-15 05:00:00+00:00,0.0,0.0,0.0,0.0,0.0,0.0,0.0,147.31522,130.0,130.99998,131.99998,130.99998,212.99997,212.99997,7,summer,0.0,0.0,145.02266
3,2024-07-15 06:00:00+00:00,0.0,0.0,0.0,0.0,0.0,0.0,0.0,321.32916,268.0,269.0,271.0,270.0,396.0,394.0,7,summer,0.0,0.0,319.6916
3,2024-07-15 07:00:00+00:00,0.0,0.0,0.0,0.0,0.0,0.0,0.0,497.57324,438.0,440.0,443.0,441.0,572.0,568.0,7,summer,0.0,0.0,494.1702
3,2024-07-15 08:00:00+00:00,0.0,0.0,0.0,0.0,0.0,0.0,0.0,663.9807,609.0,611.0,614.0,613.0,721.0,721.0,7,summer,0.0,0.0,662.0677
3,2024-07-15 09:00:00+00:00,0.0,0.0,0.0,0.0,0.0,0.0,0.0,810.987,741.0,741.0,741.0,745.0,816.0,844.0,7,summer,0.0,0.0,812.9487
3,2024-07-15 10:00:00+00:00,0.0,0.0,0.0,0.0,0.0,0.0,0.0,925.14905,826.0,823.0,819.0,830.0,855.0,929.0,7,summer,0.0,0.0,924.621
3,2024-07-15 11:00:00+00:00,0.0,0.0,0.0,0.0,0.0,0.0,0.0,969.5687,858.0,855.0,847.0,865.0,870.0,969.0,7,summer,0.0,0.0,912.0901
3,2024-07-15 12:00:00+00:00,0.0,0.0,0.0,0.0,0.0,0.0,0.0,783.6262,830.0,834.0,825.0,846.0,886.0,962.0,7,summer,0.0,0.0,920.21564
3,2024-07-15 13:00:00+00:00,0.0,0.0,0.0,0.0,0.0,0.0,0.0,326.16956,748.0,762.0,754.0,776.0,877.0,908.0,7,summer,0.0,0.0,888.93494
3,2024-07-15 14:00:00+00:00,0.0,0.0,0.0,0.0,0.0,0.0,0.0,311.874,635.0,649.0,647.0,668.0,811.0,811.0,7,summer,0.0,0.0,635.631
3,2024-07-15 15:00:00+00:00,0.0,0.0,0.0,0.0,0.0,0.0,0.0,614.8712,515.0,515.0,526.0,546.0,694.0,690.0,7,summer,0.0,0.0,613.6452
3,2024-07-15 16:00:00+00:00,0.0,0.0,0.0,0.0,0.0,0.0,0.0,444.92392,379.00003,366.0,388.00003,405.00003,536.00006,536.00006,7,summer,0.0,0.0,443.16602
3,2024-07-15 17:00:00+00:00,0.0,0.0,0.0,0.0,0.0,0.0,0.0,266.4107,222.0,208.0,228.0,239.0,339.0,339.0,7,summer,0.0,0.0,265.514
3,2024-07-15 18:00:00+00:00,0.0,0.0,0.0,0.0,0.0,0.0,0.0,99.32872,73.00001,68.0,77.00001,80.00001,136.00002,134.00002,7,summer,0.0,0.0,99.32872
3,2024-07-15 19:00:00+00:00,0.0,0.0,0.0,0.0,0.0,0.0,0.0,7.097365,6.0,5.0,6.0,7.0,18.000002,17.000002,7,summer,0.0,0.0,7.097365
3,2024-07-15 20:00:00+00:00,0.0,0.0,0.0,0.0,0.0,0.0,0.0,0.0,0.0,0.0,0.0,0.0,0.0,0.0,7,summer,0.0,0.0,0.0
3,2024-07-15 21:00:00+00:00,0.0,0.0,0.0,0.0,0.0,0.0,0.0,0.0,0.0,0.0,0.0,0.0,0.0,0.0,7,summer,0.0,0.0,0.0
3,2024-07-15 22:00:00+00:00,0.0,0.0,0.0,0.0,0.0,0.0,0.0,0.0,0.0,0.0,0.0,0.0,0.0,0.0,7,summer,0.0,0.0,0.0
3,2024-07-15 23:00:00+00:00,0.0,0.0,0.0,0.0,0.0,0.0,0.0,0.0,0.0,0.0,0.0,0.0,0.0,0.0,7,summer,0.0,0.0,0.0
3,2024-07-16 00:00:00+00:00,0.0,0.0,0.0,0.0,0.0,0.0,0.0,0.0,0.0,0.0,0.0,0.0,0.0,0.0,7,summer,0.0,0.0,0.0
3,2024-07-16 01:00:00+00:00,0.0,0.0,0.0,0.0,0.0,0.0,0.0,0.0,0.0,0.0,0.0,0.0,0.0,0.0,7,summer,0.0,0.0,0.0
3,2024-07-16 02:00:00+00:00,0.0,0.0,0.0,0.0,0.0,0.0,0.0,0.0,0.0,0.0,0.0,0.0,0.0,0.0,7,summer,0.0,0.0,0.0
3,2024-07-16 03:00:00+00:00,0.0,0.0,0.0,0.0,0.0,0.0,0.0,0.0,0.0,0.0,0.0,0.0,0.0,0.0,7,summer,0.0,0.0,0.0
3,2024-07-16 04:00:00+00:00,0.0,0.0,0.0,0.0,0.0,0.0,0.0,21.965054,31.0,31.0,31.0,31.0,52.0,52.0,7,summer,0.0,0.0,21.337114
3,2024-07-16 05:00:00+00:00,0.0,0.0,0.0,0.0,0.0,0.0,0.0,144.474,129.0,129.0,131.0,131.0,211.0,211.0,7,summer,0.0,0.0,144.474
3,2024-07-16 06:00:00+00:00,0.0,0.0,0.0,0.0,0.0,0.0,0.0,318.08807,266.0,267.0,271.0,271.0,392.99994,391.99997,7,summer,0.0,0.0,319.08807
3,2024-07-16 07:00:00+00:00,0.0,0.0,0.0,0.0,0.0,0.0,0.0,494.14435,437.00006,439.00006,445.00003,444.00003,569.00006,566.00006,7,summer,0.0,0.0,494.6601
3,2024-07-16 08:00:00+00:00,0.0,0.0,0.0,0.0,0.0,0.0,0.0,661.3523,608.0,609.0,616.0,616.0,719.0,719.0,7,summer,0.0,0.0,661.5201
3,2024-07-16 09:00:00+00:00,0.0,0.0,0.0,0.0,0.0,0.0,0.0,812.1399,740.0,736.0,744.0,746.0,818.0,843.0,7,summer,0.0,0.0,812.6501
3,2024-07-16 10:00:00+00:00,0.0,0.0,0.0,0.0,0.0,0.0,0.0,926.9393,824.0,813.0,820.0,829.0,863.0,927.0,7,summer,0.0,0.0,925.8306
3,2024-07-16 11:00:00+00:00,0.0,0.0,0.0,0.0,0.0,0.0,0.0,986.2966,845.0,828.0,837.0,861.0,881.0,968.0,7,summer,0.0,0.0,983.7566
3,2024-07-16 12:00:00+00:00,0.0,0.0,0.0,0.0,0.0,0.0,0.0,975.2661,784.0,765.0,783.0,844.0,894.0,961.0,7,summer,0.0,0.0,973.7285
3,2024-07-16 13:00:00+00:00,0.0,0.1,0.0,0.0,0.0,0.0,0.0,898.4099,665.0,647.0,674.0,776.0,880.0,907.0,7,summer,0.01,0.0,894.77655
3,2024-07-16 14:00:00+00:00,0.0,0.1,0.0,0.0,0.0,0.0,0.0,400.69498,540.0,527.0,553.0,667.0,810.0,810.0,7,summer,0.01,0.0,770.68396
3,2024-07-16 15:00:00+00:00,0.0,0.1,0.0,0.0,0.0,0.0,0.0,419.1698,441.0,439.0,449.0,538.0,694.0,688.0,7,summer,0.01,0.0,613.979
3,2024-07-16 16:00:00+00:00,0.0,0.0,0.0,0.0,0.0,0.0,0.0,442.77136,337.00003,344.00003,337.00003,390.00003,537.00006,533.00006,7,summer,0.0,0.0,439.52194
3,2024-07-16 17:00:00+00:00,0.0,0.0,0.0,0.0,0.0,0.0,0.0,264.135,204.0,212.0,202.0,226.0,338.0,338.0,7,summer,0.0,0.0,264.135
3,2024-07-16 18:00:00+00:00,0.0,0.0,0.0,0.0,0.0,0.0,0.0,97.42478,69.0,72.00001,68.0,75.00001,132.00002,134.00002,7,summer,0.0,0.0,84.8913
3,2024-07-16 19:00:00+00:00,0.0,0.0,0.0,0.0,0.0,0.0,0.0,6.1614866,6.0,6.0,6.0,6.0,16.000002,17.000002,7,summer,0.0,0.0,5.1614866
3,2024-07-16 20:00:00+00:00,0.0,0.0,0.0,0.0,0.0,0.0,0.0,0.0,0.0,0.0,0.0,0.0,0.0,0.0,7,summer,0.0,0.0,0.0
3,2024-07-16 21:00:00+00:00,0.0,0.0,0.0,0.0,0.0,0.0,0.0,0.0,0.0,0.0,0.0,0.0,0.0,0.0,7,summer,0.0,0.0,0.0
3,2024-07-16 22:00:00+00:00,0.0,0.0,0.0,0.0,0.0,0.0,0.0,0.0,0.0,0.0,0.0,0.0,0.0,0.0,7,summer,0.0,0.0,0.0
3,2024-07-16 23:00:00+00:00,0.0,0.0,0.0,0.0,0.0,0.0,0.0,0.0,0.0,0.0,0.0,0.0,0.0,0.0,7,summer,0.0,0.0,0.0
3,2024-07-17 00:00:00+00:00,0.0,0.0,0.0,0.0,0.0,0.0,0.0,0.0,0.0,0.0,0.0,0.0,0.0,0.0,7,summer,0.0,0.0,0.0
3,2024-07-17 01:00:00+00:00,0.0,0.0,0.0,0.0,0.0,0.0,0.0,0.0,0.0,0.0,0.0,0.0,0.0,0.0,7,summer,0.0,0.0,0.0
3,2024-07-17 02:00:00+00:00,0.0,0.0,0.0,0.0,0.0,0.0,0.0,0.0,0.0,0.0,0.0,0.0,0.0,0.0,7,summer,0.0,0.0,0.0
3,2024-07-17 03:00:00+00:00,0.0,0.0,0.0,0.0,0.0,0.0,0.0,0.0,0.0,0.0,0.0,0.0,0.0,0.0,7,summer,0.0,0.0,0.0
3,2024-07-17 04:00:00+00:00,0.0,0.0,0.0,0.0,0.0,0.0,0.0,21.225086,30.0,30.0,30.0,30.0,50.0,50.0,7,summer,0.0,0.0,20.57814
3,2024-07-17 05:00:00+00:00,0.0,0.0,0.0,0.0,0.0,0.0,0.0,63.501915,126.0,126.0,128.0,125.0,208.0,208.0,7,summer,0.0,0.0,142.45702
3,2024-07-17 06:00:00+00:00,0.0,0.0,0.0,0.0,0.0,0.0,0.0,207.48874,261.0,262.0,267.0,254.0,391.0,390.0,7,summer,0.0,0.0,316.5821
3,2024-07-17 07:00:00+00:00,0.0,0.0,0.0,0.0,0.0,0.0,0.1,492.4993,425.99997,430.99997,442.99997,405.99997,567.99994,564.0,7,summer,0.01,0.0,493.20438
3,2024-07-17 08:00:00+00:00,0.0,0.0,0.0,0.0,0.0,0.0,0.1,660.02325,586.0,594.0,611.0,554.0,718.0,718.0,7,summer,0.01,0.0,660.02325
3,2024-07-17 09:00:00+00:00,0.0,0.0,0.0,0.0,0.0,0.0,0.1,810.80347,700.0,709.0,718.0,668.0,816.0,841.0,7,summer,0.01,0.0,810.7811
3,2024-07-17 10:00:00+00:00,0.0,0.1,0.0,0.6,0.0,0.0,0.0,926.04297,761.0,769.0,761.0,740.0,861.0,926.0,7,summer,0.1,0.0,501.98972
3,2024-07-17 11:00:00+00:00,0.0,0.1,0.0,0.6,0.0,0.0,0.0,985.42786,766.0,771.0,756.0,757.0,879.0,966.0,7,summer,0.1,0.0,671.1231
3,2024-07-17 12:00:00+00:00,0.0,0.1,0.0,0.6,0.0,0.0,0.0,548.5471,704.0,705.0,712.0,705.0,892.0,959.0,7,summer,0.1,0.0,975.46484
3,2024-07-17 13:00:00+00:00,0.0,0.0,0.1,0.2,0.1,0.0,0.0,897.18713,595.0,592.0,630.0,604.0,878.0,906.0,7,summer,0.06,0.0,894.0753
3,2024-07-17 14:00:00+00:00,0.0,0.0,0.1,0.2,0.1,0.0,0.0,768.625,487.0,481.0,525.0,499.0,808.0,808.0,7,summer,0.06,0.0,769.0965
3,2024-07-17 15:00:00+00:00,0.0,0.0,0.1,0.2,0.1,0.0,0.0,611.7208,412.0,405.0,419.0,421.0,691.0,686.0,7,summer,0.06,0.0,612.7208
3,2024-07-17 16:00:00+00:00,0.0,0.0,0.0,0.0,0.0,0.0,0.0,442.32922,329.0,322.0,305.0,334.0,534.0,530.99994,7,summer,0.0,0.0,441.32922
3,2024-07-17 17:00:00+00:00,0.0,0.0,0.0,0.0,0.0,0.0,0.0,260.58572,205.0,199.0,178.0,207.0,336.0,336.0,7,summer,0.0,0.0,262.58572
3,2024-07-17 18:00:00+00:00,0.0,0.0,0.0,0.0,0.0,0.0,0.0,86.93608,70.0,66.0,60.000004,70.0,131.00002,133.00002,7,summer,0.0,0.0,89.48793
3,2024-07-17 19:00:00+00:00,0.0,0.0,0.0,0.0,0.0,0.0,0.0,4.1892796,6.0,5.0,5.0,6.0,15.999996,15.999996,7,summer,0.0,0.0,6.142641
3,2024-07-17 20:00:00+00:00,0.0,0.0,0.0,0.0,0.0,0.0,0.0,0.0,0.0,0.0,0.0,0.0,0.0,0.0,7,summer,0.0,0.0,0.0
3,2024-07-17 21:00:00+00:00,0.0,0.0,0.0,0.0,0.0,0.0,0.0,0.0,0.0,0.0,0.0,0.0,0.0,0.0,7,summer,0.0,5.8,0.0
3,2024-07-17 22:00:00+00:00,0.0,0.0,0.0,0.0,0.0,0.0,0.0,0.0,0.0,0.0,0.0,0.0,0.0,0.0,7,summer,0.0,1.8,0.0
3,2024-07-17 23:00:00+00:00,0.0,0.0,0.0,0.0,0.0,0.0,0.0,0.0,0.0,0.0,0.0,0.0,0.0,0.0,7,summer,0.0,0.0,0.0
3,2024-07-18 00:00:00+00:00,0.0,0.0,0.0,0.0,0.0,0.0,0.0,0.0,0.0,0.0,0.0,0.0,0.0,0.0,7,summer,0.0,0.0,0.0
3,2024-07-18 01:00:00+00:00,0.0,0.0,0.0,0.0,0.0,0.0,0.0,0.0,0.0,0.0,0.0,0.0,0.0,0.0,7,summer,0.0,0.0,0.0
3,2024-07-18 02:00:00+00:00,0.0,0.0,0.0,0.0,0.0,0.0,0.0,0.0,0.0,0.0,0.0,0.0,0.0,0.0,7,summer,0.0,0.0,0.0
3,2024-07-18 03:00:00+00:00,0.0,0.0,0.0,0.0,0.0,0.0,0.0,0.0,0.0,0.0,0.0,0.0,0.0,0.0,7,summer,0.0,0.0,0.0
3,2024-07-18 04:00:00+00:00,0.0,0.0,0.0,0.0,0.0,0.0,0.0,20.470968,28.0,28.0,28.0,28.0,49.0,49.0,7,summer,0.0,0.0,16.804409
3,2024-07-18 05:00:00+00:00,0.0,0.0,0.0,0.0,0.0,0.0,0.0,139.88194,121.0,123.0,122.0,121.0,206.0,206.0,7,summer,0.0,0.0,132.23483
3,2024-07-18 06:00:00+00:00,0.0,0.0,0.0,0.0,0.0,0.0,0.0,314.82867,256.0,260.0,258.0,255.00002,389.00003,388.0,7,summer,0.0,0.0,257.70737
3,2024-07-18 07:00:00+00:00,0.0,0.0,0.0,0.0,0.0,0.0,0.0,490.83447,426.0,432.0,429.0,423.0,566.0,562.0,7,summer,0.0,0.0,401.71356
3,2024-07-18 08:00:00+00:00,0.0,0.0,0.0,0.0,0.0,0.0,0.0,657.83624,593.99994,601.0,598.0,591.0,716.0,716.0,7,summer,0.0,0.0,291.96973
3,2024-07-18 09:00:00+00:00,0.0,0.0,0.0,0.0,0.0,0.0,0.0,807.89594,716.0,716.0,716.0,720.0,808.0,840.0,7,summer,0.0,0.0,712.82166
3,2024-07-18 10:00:00+00:00,0.0,0.0,0.0,0.0,0.0,0.0,0.0,923.52136,786.0,774.0,779.0,800.0,843.0,925.0,7,summer,0.0,0.0,919.52136
3,2024-07-18 11:00:00+00:00,0.0,0.0,0.0,0.0,0.0,0.0,0.0,981.8037,812.0,793.0,800.0,827.0,856.0,965.0,7,summer,0.0,0.0,981.1206
3,2024-07-18 12:00:00+00:00,0.0,0.0,0.0,0.0,0.0,0.0,0.0,972.3782,804.0,786.0,789.0,791.0,874.0,958.0,7,summer,0.0,0.0,971.1395
3,2024-07-18 13:00:00+00:00,0.0,0.0,0.0,0.0,0.0,0.0,0.1,895.8678,752.0,740.0,736.0,704.0,870.0,904.0,7,summer,0.01,0.0,891.3857
3,2024-07-18 14:00:00+00:00,0.0,0.0,0.0,0.0,0.0,0.0,0.1,766.51135,651.0,645.0,637.0,593.0,807.0,807.0,7,summer,0.01,0.0,765.864
3,2024-07-18 15:00:00+00:00,0.0,0.0,0.0,0.0,0.0,0.0,0.1,611.0354,518.0,515.0,508.0,487.0,692.0,685.0,7,summer,0.01,0.0,609.72174
3,2024-07-18 16:00:00+00:00,0.0,0.5,0.1,0.0,0.0,0.0,0.1,440.60162,366.00003,365.00003,360.0,367.0,533.00006,529.00006,7,summer,0.1,0.0,368.34476
3,2024-07-18 17:00:00+00:00,0.0,0.5,0.1,0.0,0.0,0.0,0.1,261.96155,206.00002,206.00002,204.0,218.0,334.00003,334.00003,7,summer,0.1,0.0,261.09607
3,2024-07-18 18:00:00+00:00,0.0,0.5,0.1,0.0,0.0,0.0,0.1,95.313034,66.0,66.0,65.0,71.0,127.99999,130.0,7,summer,0.1,0.0,95.056206
3,2024-07-18 19:00:00+00:00,0.0,0.1,0.0,0.0,0.0,0.0,0.0,5.119722,5.0,5.0,5.0,5.0,14.999998,14.999998,7,summer,0.01,0.0,6.119722
3,2024-07-18 20:00:00+00:00,0.0,0.1,0.0,0.0,0.0,0.0,0.0,0.0,0.0,0.0,0.0,0.0,0.0,0.0,7,summer,0.01,0.0,0.0
3,2024-07-18 21:00:00+00:00,0.0,0.1,0.0,0.0,0.0,0.0,0.0,0.0,0.0,0.0,0.0,0.0,0.0,0.0,7,summer,0.01,0.0,0.0
3,2024-07-18 22:00:00+00:00,0.0,0.0,0.0,0.0,0.0,0.0,0.0,0.0,0.0,0.0,0.0,0.0,0.0,0.0,7,summer,0.0,0.0,0.0
3,2024-07-18 23:00:00+00:00,0.0,0.0,0.0,0.0,0.0,0.0,0.0,0.0,0.0,0.0,0.0,0.0,0.0,0.0,7,summer,0.0,0.0,0.0
3,2024-07-19 00:00:00+00:00,0.0,0.0,0.0,0.0,0.0,0.0,0.0,0.0,0.0,0.0,0.0,0.0,0.0,0.0,7,summer,0.0,0.0,0.0
3,2024-07-19 01:00:00+00:00,0.0,0.0,0.0,0.0,0.0,0.0,0.0,0.0,0.0,0.0,0.0,0.0,0.0,0.0,7,summer,0.0,0.0,0.0
3,2024-07-19 02:00:00+00:00,0.0,0.0,0.0,0.0,0.0,0.0,0.0,0.0,0.0,0.0,0.0,0.0,0.0,0.0,7,summer,0.0,0.0,0.0
3,2024-07-19 03:00:00+00:00,0.0,0.0,0.0,0.0,0.0,0.0,0.0,0.0,0.0,0.0,0.0,0.0,0.0,0.0,7,summer,0.0,0.0,0.0
3,2024-07-19 04:00:00+00:00,0.0,0.0,0.0,0.0,0.0,0.0,0.0,18.702608,27.0,27.0,28.0,28.0,48.0,48.0,7,summer,0.0,0.0,15.015786
3,2024-07-19 05:00:00+00:00,0.0,0.0,0.0,0.0,0.0,0.0,0.0,96.66001,118.000015,118.000015,122.00001,120.000015,203.00003,203.00003,7,summer,0.0,0.0,74.457726
3,2024-07-19 06:00:00+00:00,0.0,0.0,0.0,0.0,0.0,0.0,0.0,185.61908,243.0,231.0,261.0,235.0,389.0,385.0,7,summer,0.0,0.0,109.987885
3,2024-07-19 07:00:00+00:00,0.0,0.0,0.0,0.0,0.3,0.3,0.0,434.02444,393.0,352.0,436.0,354.0,571.00006,560.0,7,summer,0.09,0.0,189.5428
3,2024-07-19 08:00:00+00:00,0.0,0.0,0.0,0.0,0.3,0.3,0.0,493.6883,535.0,477.0,603.0,472.0,714.0,714.0,7,summer,0.09,0.0,246.22491
3,2024-07-19 09:00:00+00:00,0.0,0.0,0.0,0.0,0.3,0.3,0.0,488.94977,619.0,607.0,701.0,585.0,762.0,838.0,7,summer,0.09,0.0,330.64825
3,2024-07-19 10:00:00+00:00,0.0,0.0,0.0,0.0,0.2,0.2,0.0,456.11124,649.0,728.0,731.0,681.0,727.0,923.0,7,summer,0.06,0.0,353.13025
3,2024-07-19 11:00:00+00:00,0.0,0.0,0.0,0.0,0.2,0.2,0.0,978.9065,666.0,804.0,731.0,731.0,693.0,964.0,7,summer,0.06,0.0,980.98535
3,2024-07-19 12:00:00+00:00,0.0,0.0,0.0,0.0,0.2,0.2,0.0,519.6802,708.0,815.0,726.0,712.0,724.0,957.0,7,summer,0.06,0.0,972.0698
3,2024-07-19 13:00:00+00:00,0.0,0.0,0.0,0.0,0.1,0.1,0.0,893.0777,735.0,768.0,695.0,641.0,766.0,903.0,7,summer,0.03,0.0,890.97186
3,2024-07-19 14:00:00+00:00,0.0,0.0,0.0,0.0,0.1,0.1,0.0,764.81354,684.0,665.0,619.0,550.0,745.0,806.0,7,summer,0.03,0.0,766.753
3,2024-07-19 15:00:00+00:00,0.0,0.0,0.0,0.0,0.1,0.1,0.0,609.84106,559.0,525.0,515.0,467.0,659.0,684.0,7,summer,0.03,0.0,609.989
3,2024-07-19 16:00:00+00:00,0.0,0.0,0.0,0.0,0.0,0.1,0.0,440.0874,396.0,364.0,384.0,364.0,520.99994,527.99994,7,summer,0.01,0.0,437.8407
3,2024-07-19 17:00:00+00:00,0.0,0.0,0.0,0.0,0.0,0.1,0.0,261.3565,223.0,202.0,225.0,222.0,332.0,332.0,7,summer,0.01,0.0,260.44815
3,2024-07-19 18:00:00+00:00,0.0,0.0,0.0,0.0,0.0,0.1,0.0,93.59532,71.0,64.0,72.0,74.0,128.00002,127.000015,7,summer,0.01,0.0,93.338135
3,2024-07-19 19:00:00+00:00,0.0,0.0,0.0,0.0,0.0,0.0,0.0,4.164013,5.0,4.0,5.0,6.0,13.999997,13.999997,7,summer,0.0,0.0,4.164013
3,2024-07-19 20:00:00+00:00,0.0,0.0,0.0,0.0,0.0,0.0,0.0,0.0,0.0,0.0,0.0,0.0,0.0,0.0,7,summer,0.0,0.0,0.0
3,2024-07-19 21:00:00+00:00,0.0,0.0,0.0,0.0,0.0,0.0,0.0,0.0,0.0,0.0,0.0,0.0,0.0,0.0,7,summer,0.0,0.0,0.0
3,2024-07-19 22:00:00+00:00,0.0,0.0,0.0,0.0,0.0,0.3,0.0,0.0,0.0,0.0,0.0,0.0,0.0,0.0,7,summer,0.04,0.0,0.0
3,2024-07-19 23:00:00+00:00,0.0,0.0,0.0,0.0,0.0,0.3,0.0,0.0,0.0,0.0,0.0,0.0,0.0,0.0,7,summer,0.04,0.0,0.0
3,2024-07-20 00:00:00+00:00,0.0,0.0,0.0,0.0,0.0,0.3,0.0,0.0,0.0,0.0,0.0,0.0,0.0,0.0,7,summer,0.04,0.0,0.0
3,2024-07-20 01:00:00+00:00,0.0,0.0,0.0,0.0,0.0,0.0,0.0,0.0,0.0,0.0,0.0,0.0,0.0,0.0,7,summer,0.0,0.0,0.0
3,2024-07-20 02:00:00+00:00,0.0,0.0,0.0,0.0,0.0,0.0,0.0,0.0,0.0,0.0,0.0,0.0,0.0,0.0,7,summer,0.0,0.0,0.0
3,2024-07-20 03:00:00+00:00,0.0,0.0,0.0,0.0,0.0,0.0,0.0,0.0,0.0,0.0,0.0,0.0,0.0,0.0,7,summer,0.0,0.0,0.0
3,2024-07-20 04:00:00+00:00,0.0,0.3,0.0,0.0,0.9,0.0,0.0,11.869265,18.0,26.000002,25.0,18.0,44.000004,46.000004,7,summer,0.17,0.0,9.21571
3,2024-07-20 05:00:00+00:00,0.0,0.3,0.0,0.0,0.9,0.0,0.0,66.02992,78.0,117.00001,110.00001,78.0,189.00003,201.00003,7,summer,0.17,0.0,42.84533
3,2024-07-20 06:00:00+00:00,0.0,0.3,0.0,0.0,0.9,0.0,0.0,129.73466,149.0,243.99998,240.0,145.0,365.99997,383.0,7,summer,0.17,0.0,85.14503
3,2024-07-20 07:00:00+00:00,0.0,0.5,0.0,0.0,2.0,0.1,0.0,184.2711,221.0,398.0,406.99997,208.0,541.99994,557.99994,7,summer,0.37,0.0,83.26076
3,2024-07-20 08:00:00+00:00,0.0,0.5,0.0,0.0,2.0,0.1,0.0,263.62238,310.0,548.0,576.0,297.0,692.0,712.0,7,summer,0.37,0.0,248.39899
3,2024-07-20 09:00:00+00:00,0.0,0.5,0.0,0.0,2.0,0.1,0.0,505.3335,456.0,657.0,705.0,473.0,782.0,836.0,7,summer,0.37,0.0,299.01636
3,2024-07-20 10:00:00+00:00,0.0,0.0,0.1,0.0,0.0,0.0,0.0,469.6739,634.0,719.0,785.0,703.0,814.0,922.0,7,summer,0.01,0.0,259.82596
3,2024-07-20 11:00:00+00:00,0.0,0.0,0.1,0.0,0.0,0.0,0.0,508.358,752.0,729.0,808.0,865.0,827.0,963.0,7,summer,0.01,0.0,341.17688
3,2024-07-20 12:00:00+00:00,0.1,0.0,0.1,0.0,0.0,0.0,0.0,376.22754,754.0,685.0,774.0,878.0,853.0,956.0,7,summer,0.03,0.0,969.6393
3,2024-07-20 13:00:00+00:00,1.9,0.0,0.1,0.0,0.0,0.0,0.0,636.56323,674.0,593.0,686.0,791.0,860.0,902.0,7,summer,0.29,0.0,841.7737
3,2024-07-20 14:00:00+00:00,0.0,0.0,0.1,0.0,0.0,0.0,0.0,620.61035,559.0,473.0,559.0,662.99994,804.0,804.0,7,summer,0.01,0.0,351.34503
3,2024-07-20 15:00:00+00:00,0.0,0.0,0.1,0.0,0.0,0.0,0.0,175.9754,434.0,339.0,407.0,531.0,690.0,683.0,7,summer,0.01,0.0,517.12585
3,2024-07-20 16:00:00+00:00,0.0,0.0,0.3,0.0,0.0,0.0,0.0,101.78106,300.0,210.0,255.0,381.0,530.0,527.0,7,summer,0.04,0.0,364.16516
3,2024-07-20 17:00:00+00:00,0.0,0.0,0.3,0.0,0.0,0.0,0.0,51.602146,166.0,106.0,130.0,217.0,330.0,330.0,7,summer,0.04,0.0,137.40434
3,2024-07-20 18:00:00+00:00,0.0,0.0,0.3,0.0,0.0,0.0,0.0,43.07747,51.999996,32.0,39.0,67.99999,124.99998,124.99998,7,summer,0.04,0.0,45.59722
3,2024-07-20 19:00:00+00:00,0.0,0.2,0.0,0.0,0.0,0.0,0.0,3.1702201,4.0,2.0,3.0,5.0,13.000001,13.000001,7,summer,0.03,0.0,4.1463585
3,2024-07-20 20:00:00+00:00,0.0,0.2,0.0,0.0,0.0,0.0,0.0,0.0,0.0,0.0,0.0,0.0,0.0,0.0,7,summer,0.03,0.0,0.0
3,2024-07-20 21:00:00+00:00,0.0,0.2,0.0,0.0,0.0,0.0,0.0,0.0,0.0,0.0,0.0,0.0,0.0,0.0,7,summer,0.03,0.0,0.0
3,2024-07-20 22:00:00+00:00,0.0,0.2,0.0,0.0,0.0,0.0,0.0,0.0,0.0,0.0,0.0,0.0,0.0,0.0,7,summer,0.03,0.0,0.0
3,2024-07-20 23:00:00+00:00,0.0,0.2,0.0,0.0,0.0,0.0,0.0,0.0,0.0,0.0,0.0,0.0,0.0,0.0,7,summer,0.03,0.0,0.0
3,2024-07-21 00:00:00+00:00,0.0,0.2,0.0,0.0,0.0,0.0,0.0,0.0,0.0,0.0,0.0,0.0,0.0,0.0,7,summer,0.03,0.0,0.0
3,2024-07-21 01:00:00+00:00,0.0,0.1,0.0,0.0,0.0,0.0,0.0,0.0,0.0,0.0,0.0,0.0,0.0,0.0,7,summer,0.01,0.0,0.0
3,2024-07-21 02:00:00+00:00,0.0,0.1,0.0,0.0,0.0,0.0,0.0,0.0,0.0,0.0,0.0,0.0,0.0,0.0,7,summer,0.01,0.0,0.0
3,2024-07-21 03:00:00+00:00,0.0,0.1,0.0,0.0,0.0,0.0,0.0,0.0,0.0,0.0,0.0,0.0,0.0,0.0,7,summer,0.01,0.0,0.0
3,2024-07-21 04:00:00+00:00,0.0,0.3,0.0,0.0,0.0,0.0,0.0,5.2786627,22.0,17.0,24.0,27.0,45.0,45.0,7,summer,0.04,0.0,4.243597
3,2024-07-21 05:00:00+00:00,0.0,0.3,0.0,0.0,0.0,0.0,0.0,40.979603,102.0,80.0,108.0,120.99999,197.99998,197.99998,7,summer,0.04,0.0,41.802406
3,2024-07-21 06:00:00+00:00,0.0,0.3,0.0,0.0,0.0,0.0,0.0,24.557293,220.0,194.0,240.99998,262.0,382.0,380.99997,7,summer,0.04,0.0,80.009056
3,2024-07-21 07:00:00+00:00,0.0,0.0,0.0,0.0,0.0,0.0,0.0,56.545937,371.00003,365.0,418.00003,443.00003,559.00006,555.00006,7,summer,0.0,0.0,168.74503
3,2024-07-21 08:00:00+00:00,0.0,0.0,0.0,0.0,0.0,0.0,0.0,99.170586,528.0,547.0,594.0,620.0,710.0,710.0,7,summer,0.0,0.0,277.1753
3,2024-07-21 09:00:00+00:00,0.1,0.0,0.0,0.0,0.0,0.0,0.0,318.8947,659.0,685.0,703.0,738.0,810.0,835.0,7,summer,0.01,0.0,343.26868
3,2024-07-21 10:00:00+00:00,0.0,0.0,0.0,0.1,0.0,0.0,0.0,442.32523,755.0,771.0,747.0,794.0,856.0,920.0,7,summer,0.01,0.0,352.76447
3,2024-07-21 11:00:00+00:00,0.0,0.0,0.0,0.1,0.0,0.0,0.0,433.32367,806.0,800.0,759.0,809.0,874.0,961.0,7,summer,0.01,0.0,317.21402
3,2024-07-21 12:00:00+00:00,0.0,0.0,0.0,0.1,0.0,0.0,0.0,392.55554,807.0,762.0,766.0,797.0,887.0,954.0,7,summer,0.01,0.0,412.50006
3,2024-07-21 13:00:00+00:00,0.0,0.0,0.0,0.0,0.0,0.0,0.2,414.85977,756.0,669.0,742.0,746.0,873.0,900.0,7,summer,0.03,0.0,271.15057
3,2024-07-21 14:00:00+00:00,0.0,0.0,0.0,0.0,0.0,0.0,0.2,336.70047,658.0,557.0,662.0,651.0,803.0,803.0,7,summer,0.03,0.0,321.6785
3,2024-07-21 15:00:00+00:00,0.0,0.0,0.0,0.0,0.0,0.0,0.2,331.1471,535.0,455.0,537.0,530.0,685.0,680.0,7,summer,0.03,0.0,298.4447
3,2024-07-21 16:00:00+00:00,0.0,0.0,0.0,0.0,0.0,0.0,0.2,223.4118,388.99997,341.99997,384.99997,385.99997,525.99994,524.0,7,summer,0.03,0.0,158.92354
3,2024-07-21 17:00:00+00:00,0.0,0.0,0.0,0.0,0.0,0.0,0.2,126.18553,223.0,202.0,218.00002,222.0,328.0,328.0,7,summer,0.03,0.0,127.56686
3,2024-07-21 18:00:00+00:00,0.0,0.0,0.0,0.0,0.0,0.0,0.2,70.834335,70.0,64.0,68.0,70.0,124.0,124.0,7,summer,0.03,0.0,90.56979
3,2024-07-21 19:00:00+00:00,0.0,0.0,0.0,0.0,0.0,0.0,0.8,4.1239395,4.0,4.0,4.0,4.0,13.000001,13.000001,7,summer,0.11,0.0,3.1614425
3,2024-07-21 20:00:00+00:00,0.0,0.0,0.0,0.0,0.0,0.0,0.8,0.0,0.0,0.0,0.0,0.0,0.0,0.0,7,summer,0.11,0.0,0.0
3,2024-07-21 21:00:00+00:00,0.0,0.0,0.0,0.0,0.0,0.0,0.8,0.0,0.0,0.0,0.0,0.0,0.0,0.0,7,summer,0.11,0.0,0.0
3,2024-07-21 22:00:00+00:00,0.0,0.0,0.0,0.0,0.4,0.0,0.0,0.0,0.0,0.0,0.0,0.0,0.0,0.0,7,summer,0.06,0.0,0.0
3,2024-07-21 23:00:00+00:00,0.0,0.0,0.0,0.0,0.4,0.0,0.0,0.0,0.0,0.0,0.0,0.0,0.0,0.0,7,summer,0.06,0.0,0.0
3,2024-07-22 00:00:00+00:00,0.0,0.0,0.0,0.0,0.4,0.0,0.0,0.0,0.0,0.0,0.0,0.0,0.0,0.0,7,summer,0.06,0.0,0.0
3,2024-07-22 01:00:00+00:00,0.0,0.0,0.0,0.0,0.0,0.0,0.0,0.0,0.0,0.0,0.0,0.0,0.0,0.0,7,summer,0.0,0.0,0.0
3,2024-07-22 02:00:00+00:00,0.0,0.0,0.0,0.0,0.0,0.0,0.0,0.0,0.0,0.0,0.0,0.0,0.0,0.0,7,summer,0.0,0.0,0.0
3,2024-07-22 03:00:00+00:00,0.0,0.0,0.0,0.0,0.0,0.0,0.0,0.0,0.0,0.0,0.0,0.0,0.0,0.0,7,summer,0.0,0.0,0.0
3,2024-07-22 04:00:00+00:00,0.0,0.0,0.0,0.0,0.0,0.0,0.0,15.024153,23.999998,22.999998,23.999998,18.999998,43.999992,43.999992,7,summer,0.0,0.0,16.31094
3,2024-07-22 05:00:00+00:00,0.0,0.0,0.0,0.0,0.0,0.0,0.0,52.45559,109.00001,106.0,112.00001,88.0,195.00003,195.00003,7,summer,0.0,0.0,129.00562
3,2024-07-22 06:00:00+00:00,0.0,0.0,0.0,0.0,0.0,0.0,0.0,305.56244,239.0,228.0,243.0,190.0,384.00003,378.00003,7,summer,0.0,0.0,229.93204
3,2024-07-22 07:00:00+00:00,0.0,0.0,0.0,0.1,0.1,0.5,0.0,306.14575,401.99997,377.99997,406.99997,318.0,571.0,552.99994,7,summer,0.1,0.0,270.7325
3,2024-07-22 08:00:00+00:00,0.0,0.0,0.0,0.1,0.1,0.5,0.0,205.46616,565.0,523.0,568.0,450.0,708.0,708.0,7,summer,0.1,0.0,480.023
3,2024-07-22 09:00:00+00:00,0.0,0.0,0.0,0.1,0.1,0.5,0.0,715.98926,680.0,616.0,682.0,569.0,715.0,833.0,7,summer,0.1,0.0,371.67285
3,2024-07-22 10:00:00+00:00,0.0,0.0,0.0,0.2,0.2,0.9,0.0,306.93192,743.0,656.0,742.0,661.0,614.0,919.0,7,summer,0.19,0.0,339.51987
3,2024-07-22 11:00:00+00:00,0.0,0.0,0.0,0.2,0.2,0.9,0.0,398.47073,766.0,665.0,755.0,679.0,536.0,960.0,7,summer,0.19,0.0,378.38885
3,2024-07-22 12:00:00+00:00,0.0,0.0,0.0,0.2,0.2,0.9,0.0,480.32098,760.0,661.0,724.0,580.0,573.0,953.0,7,summer,0.19,0.0,570.11914
3,2024-07-22 13:00:00+00:00,0.0,0.0,0.0,0.4,1.8,0.0,0.0,309.7255,715.0,629.0,651.0,416.0,651.0,899.0,7,summer,0.31,0.0,746.06775
3,2024-07-22 14:00:00+00:00,0.0,0.0,0.0,0.4,1.8,0.0,0.0,362.9236,623.0,549.0,545.0,286.0,668.0,801.0,7,summer,0.31,0.0,261.46036
3,2024-07-22 15:00:00+00:00,0.0,0.0,0.0,0.4,1.8,0.0,0.0,204.68423,497.0,433.0,427.0,231.0,614.99994,679.0,7,summer,0.31,0.0,227.5434
3,2024-07-22 16:00:00+00:00,0.0,0.0,0.0,0.1,0.1,0.0,0.0,279.05713,350.99997,299.0,299.0,189.0,502.99994,522.99994,7,summer,0.03,0.0,166.94742
3,2024-07-22 17:00:00+00:00,0.0,0.0,0.0,0.1,0.1,0.0,0.0,254.64108,197.0,165.0,167.0,120.0,325.0,325.0,7,summer,0.03,0.0,135.96817
3,2024-07-22 18:00:00+00:00,0.1,0.0,0.0,0.1,0.1,0.0,0.0,8.225544,61.0,51.0,52.0,39.0,123.000015,121.000015,7,summer,0.04,0.0,35.74404
3,2024-07-22 19:00:00+00:00,0.2,0.0,0.0,1.1,0.0,0.0,0.0,0.0,4.0,3.0,3.0,3.0,11.999999,11.999999,7,summer,0.19,0.0,3.1497624
3,2024-07-22 20:00:00+00:00,0.0,0.0,0.0,1.1,0.0,0.0,0.0,0.0,0.0,0.0,0.0,0.0,0.0,0.0,7,summer,0.16,0.0,0.0
3,2024-07-22 21:00:00+00:00,0.0,0.0,0.0,1.1,0.0,0.0,0.0,0.0,0.0,0.0,0.0,0.0,0.0,0.0,7,summer,0.16,0.0,0.0
3,2024-07-22 22:00:00+00:00,0.0,0.0,0.0,0.0,0.0,0.0,0.0,0.0,0.0,0.0,0.0,0.0,0.0,0.0,7,summer,0.0,0.0,0.0
3,2024-07-22 23:00:00+00:00,0.0,0.0,0.0,0.0,0.0,0.0,0.0,0.0,0.0,0.0,0.0,0.0,0.0,0.0,7,summer,0.0,0.0,0.0
3,2024-07-23 00:00:00+00:00,0.0,0.0,0.0,0.0,0.0,0.0,0.0,0.0,0.0,0.0,0.0,0.0,0.0,0.0,7,summer,0.0,0.0,0.0
3,2024-07-23 01:00:00+00:00,0.0,0.0,0.0,0.0,0.0,0.0,0.1,0.0,0.0,0.0,0.0,0.0,0.0,0.0,7,summer,0.01,0.0,0.0
3,2024-07-23 02:00:00+00:00,0.0,0.0,0.0,0.0,0.0,0.0,0.1,0.0,0.0,0.0,0.0,0.0,0.0,0.0,7,summer,0.01,0.0,0.0
3,2024-07-23 03:00:00+00:00,0.0,0.0,0.0,0.0,0.0,0.0,0.1,0.0,0.0,0.0,0.0,0.0,0.0,0.0,7,summer,0.01,0.0,0.0
3,2024-07-23 04:00:00+00:00,0.0,0.0,0.0,0.0,0.0,0.0,0.1,14.48373,23.000002,24.000002,23.000002,24.000002,42.000008,42.000008,7,summer,0.01,0.0,14.48373
3,2024-07-23 05:00:00+00:00,0.0,0.0,0.0,0.0,0.0,0.0,0.1,91.03286,110.00001,111.00001,109.00001,111.00001,193.00003,193.00003,7,summer,0.01,0.0,129.03285
3,2024-07-23 06:00:00+00:00,0.0,0.0,0.0,0.0,0.0,0.0,0.1,139.4448,244.0,246.00002,243.0,250.0,377.0,376.00003,7,summer,0.01,0.0,302.15643
3,2024-07-23 07:00:00+00:00,0.0,0.0,0.0,0.0,0.0,0.0,0.0,283.9986,417.0,421.0,417.0,433.0,556.0,551.0,7,summer,0.0,0.0,477.3952
3,2024-07-23 08:00:00+00:00,0.0,0.0,0.0,0.0,0.0,0.0,0.0,645.43604,592.0,594.0,592.0,589.0,706.0,706.0,7,summer,0.0,0.0,619.31744
3,2024-07-23 09:00:00+00:00,0.0,0.0,0.0,0.0,0.0,0.0,0.0,795.0105,724.0,712.0,717.0,612.0,798.0,832.0,7,summer,0.0,0.0,627.97705
3,2024-07-23 10:00:00+00:00,0.0,0.0,0.0,0.0,0.0,0.0,0.0,806.165,806.0,772.0,787.0,522.0,833.0,920.0,7,summer,0.0,0.0,613.3042
3,2024-07-23 11:00:00+00:00,0.0,0.0,0.0,0.0,0.0,0.0,0.0,640.9365,839.0,792.0,814.0,437.0,845.0,958.0,7,summer,0.0,0.0,330.04263
3,2024-07-23 12:00:00+00:00,0.0,0.0,0.0,0.0,0.0,0.0,0.0,396.64746,826.0,788.0,806.0,436.0,864.0,945.0,7,summer,0.0,0.0,386.44595
3,2024-07-23 13:00:00+00:00,0.0,0.1,0.0,0.0,0.0,0.0,0.0,393.4788,762.0,744.0,755.0,460.0,862.0,882.0,7,summer,0.01,0.0,242.10901
3,2024-07-23 14:00:00+00:00,0.0,0.1,0.0,0.0,0.0,0.0,0.0,347.84814,647.0,649.0,656.0,451.0,799.0,769.0,7,summer,0.01,0.0,439.409
3,2024-07-23 15:00:00+00:00,0.0,0.1,0.0,0.0,0.0,0.0,0.0,258.88513,497.0,517.0,528.0,408.0,681.0,622.0,7,summer,0.01,0.0,283.19522
3,2024-07-23 16:00:00+00:00,0.0,0.0,0.0,0.0,0.1,0.0,0.0,175.656,334.0,365.0,378.0,332.0,521.0,451.99997,7,summer,0.01,0.0,257.85043
3,2024-07-23 17:00:00+00:00,0.1,0.0,0.0,0.0,0.1,0.0,0.0,49.913765,180.0,204.0,214.0,204.99998,323.0,269.0,7,summer,0.03,0.0,243.13425
3,2024-07-23 18:00:00+00:00,0.0,0.0,0.0,0.0,0.1,0.0,0.0,79.84386,54.000004,63.000004,66.00001,65.0,120.000015,98.000015,7,summer,0.01,0.0,76.84386
3,2024-07-23 19:00:00+00:00,0.0,0.0,0.0,0.0,0.0,0.0,0.0,3.134039,3.0,4.0,4.0,4.0,11.0,9.0,7,summer,0.0,0.0,2.133648
3,2024-07-23 20:00:00+00:00,0.0,0.0,0.0,0.0,0.0,0.0,0.0,0.0,0.0,0.0,0.0,0.0,0.0,0.0,7,summer,0.0,0.0,0.0
3,2024-07-23 21:00:00+00:00,0.5,0.0,0.0,0.0,0.0,0.0,0.0,0.0,0.0,0.0,0.0,0.0,0.0,0.0,7,summer,0.07,0.0,0.0
3,2024-07-23 22:00:00+00:00,0.0,0.0,0.0,0.0,0.0,0.0,0.0,0.0,0.0,0.0,0.0,0.0,0.0,0.0,7,summer,0.0,0.0,0.0
3,2024-07-23 23:00:00+00:00,0.0,0.0,0.0,0.0,0.0,0.0,0.0,0.0,0.0,0.0,0.0,0.0,0.0,0.0,7,summer,0.0,0.0,0.0
3,2024-07-24 00:00:00+00:00,0.0,0.0,0.0,0.0,0.0,0.0,0.0,0.0,0.0,0.0,0.0,0.0,0.0,0.0,7,summer,0.0,0.0,0.0
3,2024-07-24 01:00:00+00:00,0.0,1.0,3.9,2.1,2.6,0.0,0.0,0.0,0.0,0.0,0.0,0.0,0.0,0.0,7,summer,1.37,0.0,0.0
3,2024-07-24 02:00:00+00:00,0.0,1.0,3.9,2.1,2.6,0.0,0.0,0.0,0.0,0.0,0.0,0.0,0.0,0.0,7,summer,1.37,0.0,0.0
3,2024-07-24 03:00:00+00:00,0.0,1.0,3.9,2.1,2.6,0.0,0.0,0.0,0.0,0.0,0.0,0.0,0.0,0.0,7,summer,1.37,0.0,0.0
3,2024-07-24 04:00:00+00:00,0.0,3.5,0.7,0.8,0.4,0.0,0.0,9.999937,9.0,8.0,8.0,12.0,40.999992,40.999992,7,summer,0.77,0.0,5.27248
3,2024-07-24 05:00:00+00:00,0.0,3.5,0.7,0.8,0.4,0.0,0.0,64.74261,44.0,37.0,36.0,58.0,190.0,190.0,7,summer,0.77,0.0,18.130241
3,2024-07-24 06:00:00+00:00,0.0,3.5,0.7,0.8,0.4,0.0,0.0,118.81172,91.0,71.0,66.0,125.0,375.0,373.0,7,summer,0.77,0.0,8.872238
3,2024-07-24 07:00:00+00:00,0.0,0.3,1.1,1.4,1.7,0.7,0.0,180.47131,144.0,106.0,92.0,205.0,554.99994,548.99994,7,summer,0.74,0.0,44.07253
3,2024-07-24 08:00:00+00:00,0.0,0.3,1.1,1.4,1.7,0.7,0.0,150.27515,224.0,174.0,157.0,283.0,704.0,704.0,7,summer,0.74,0.1,122.53325
3,2024-07-24 09:00:00+00:00,0.0,0.3,1.1,1.4,1.7,0.7,0.0,181.69414,375.0,329.0,341.0,336.0,790.0,829.0,7,summer,0.74,0.0,305.69617
3,2024-07-24 10:00:00+00:00,0.0,0.0,0.1,0.0,3.3,0.0,0.0,342.16763,570.0,545.0,606.0,363.0,815.0,916.0,7,summer,0.49,0.0,345.9302
3,2024-07-24 11:00:00+00:00,0.0,0.0,0.1,0.0,3.3,0.0,0.0,153.3543,706.0,710.0,801.0,376.0,822.0,957.0,7,summer,0.49,0.0,345.59277
3,2024-07-24 12:00:00+00:00,0.0,0.0,0.1,0.0,3.3,0.0,0.0,296.36725,713.0,757.0,823.0,375.0,846.0,950.0,7,summer,0.49,0.0,353.75537
3,2024-07-24 13:00:00+00:00,0.0,0.0,0.0,0.0,0.1,0.0,0.0,792.8059,635.0,716.0,734.0,359.0,853.0,896.0,7,summer,0.01,0.0,296.6617
3,2024-07-24 14:00:00+00:00,3.3,0.0,0.0,0.0,0.1,0.0,0.0,204.61536,528.0,608.0,613.0,342.0,798.0,798.0,7,summer,0.49,0.0,250.4007
3,2024-07-24 15:00:00+00:00,0.0,0.0,0.0,0.0,0.1,0.0,0.0,162.21886,425.0,451.0,496.0,347.0,681.0,676.0,7,summer,0.01,0.0,107.91678
3,2024-07-24 16:00:00+00:00,0.0,0.1,0.1,0.1,0.0,0.0,0.0,163.30222,308.0,279.0,362.00003,320.00003,520.00006,520.00006,7,summer,0.04,0.0,221.78317
3,2024-07-24 17:00:00+00:00,0.0,0.1,0.1,0.1,0.0,0.0,0.0,106.265144,176.0,139.0,208.0,213.0,321.0,321.0,7,summer,0.04,0.0,142.30067
3,2024-07-24 18:00:00+00:00,0.0,0.1,0.1,0.1,0.0,0.0,0.0,58.40256,54.0,41.0,64.0,69.0,118.0,115.0,7,summer,0.04,0.0,47.872997
3,2024-07-24 19:00:00+00:00,0.0,0.0,0.0,0.0,0.0,0.0,0.4,3.1124876,3.0,2.0,4.0,4.0,9.999998,8.999998,7,summer,0.06,0.0,2.1281123
3,2024-07-24 20:00:00+00:00,0.0,0.0,0.0,0.0,0.0,0.0,0.4,0.0,0.0,0.0,0.0,0.0,0.0,0.0,7,summer,0.06,0.0,0.0
3,2024-07-24 21:00:00+00:00,0.0,0.0,0.0,0.0,0.0,0.0,0.4,0.0,0.0,0.0,0.0,0.0,0.0,0.0,7,summer,0.06,0.0,0.0
3,2024-07-24 22:00:00+00:00,0.0,0.0,0.0,0.0,0.0,0.0,0.0,0.0,0.0,0.0,0.0,0.0,0.0,0.0,7,summer,0.0,0.0,0.0
3,2024-07-24 23:00:00+00:00,0.0,0.0,0.0,0.0,0.0,0.0,0.0,0.0,0.0,0.0,0.0,0.0,0.0,0.0,7,summer,0.0,0.0,0.0
3,2024-07-25 00:00:00+00:00,0.0,0.0,0.0,0.0,0.0,0.0,0.0,0.0,0.0,0.0,0.0,0.0,0.0,0.0,7,summer,0.0,0.0,0.0
3,2024-07-25 01:00:00+00:00,0.0,0.0,0.0,0.0,0.0,0.0,0.0,0.0,0.0,0.0,0.0,0.0,0.0,0.0,7,summer,0.0,0.0,0.0
3,2024-07-25 02:00:00+00:00,0.0,0.0,0.0,0.0,0.0,0.0,0.0,0.0,0.0,0.0,0.0,0.0,0.0,0.0,7,summer,0.0,0.0,0.0
3,2024-07-25 03:00:00+00:00,0.0,0.0,0.0,0.0,0.0,0.0,0.0,0.0,0.0,0.0,0.0,0.0,0.0,0.0,7,summer,0.0,0.0,0.0
3,2024-07-25 04:00:00+00:00,0.0,0.0,0.0,0.0,0.0,0.0,0.0,13.565501,21.999998,21.999998,22.999998,21.999998,39.999996,39.999996,7,summer,0.0,0.0,10.781328
3,2024-07-25 05:00:00+00:00,0.0,0.0,0.0,0.0,0.0,0.0,0.0,80.231224,109.99999,109.99999,110.999985,109.99999,186.99998,186.99998,7,summer,0.0,0.0,121.76464
3,2024-07-25 06:00:00+00:00,0.0,0.0,0.0,0.0,0.0,0.0,0.0,301.91675,247.99998,246.99998,249.0,246.0,373.0,370.99997,7,summer,0.0,0.0,210.21742
3,2024-07-25 07:00:00+00:00,0.0,0.0,0.0,0.0,0.0,0.0,0.0,262.18573,425.99997,424.0,426.99997,418.99997,553.0,546.99994,7,summer,0.0,0.0,328.79553
3,2024-07-25 08:00:00+00:00,0.0,0.0,0.0,0.0,0.0,0.0,0.0,281.3891,600.0,598.0,606.0,590.0,702.0,702.0,7,summer,0.0,0.0,203.38908
3,2024-07-25 09:00:00+00:00,0.0,0.0,0.0,0.0,0.0,0.0,0.0,691.0921,708.0,710.0,732.0,713.0,785.0,828.0,7,summer,0.0,0.0,285.99707
3,2024-07-25 10:00:00+00:00,0.0,0.0,0.0,0.0,0.0,0.0,0.1,911.89,749.0,760.0,802.0,777.0,804.0,914.0,7,summer,0.01,0.0,783.2971
3,2024-07-25 11:00:00+00:00,0.0,0.0,0.0,0.0,0.0,0.0,0.1,709.0536,757.0,773.0,829.0,768.0,807.0,955.0,7,summer,0.01,0.0,972.15326
3,2024-07-25 12:00:00+00:00,0.0,0.0,0.0,0.0,0.0,0.0,0.1,405.04248,754.0,769.0,825.0,659.0,831.0,948.0,7,summer,0.01,0.0,825.37524
3,2024-07-25 13:00:00+00:00,0.0,0.0,0.0,0.0,0.0,0.0,0.1,389.07855,721.0,730.0,777.0,492.0,843.0,894.0,7,summer,0.01,0.0,303.17587
3,2024-07-25 14:00:00+00:00,0.0,0.0,0.0,0.0,0.0,0.0,0.1,315.44437,637.0,644.99994,677.0,355.0,790.0,796.0,7,summer,0.01,0.0,297.4779
3,2024-07-25 15:00:00+00:00,0.0,0.0,0.0,0.0,0.0,0.0,0.1,253.69626,516.0,530.0,538.0,287.0,676.0,674.0,7,summer,0.01,0.0,249.53728
3,2024-07-25 16:00:00+00:00,0.0,0.0,0.0,0.0,0.0,0.0,0.1,204.71046,371.0,388.00003,378.00003,231.0,517.0,518.0,7,summer,0.01,0.0,167.00183
3,2024-07-25 17:00:00+00:00,0.0,0.0,0.0,0.0,0.0,0.0,0.1,142.5195,210.00002,223.00003,210.00002,144.0,318.00003,318.00003,7,summer,0.01,0.0,112.71795
3,2024-07-25 18:00:00+00:00,0.0,0.0,0.0,0.0,0.0,0.0,0.1,72.29365,64.0,68.0,63.0,46.0,115.0,112.0,7,summer,0.01,0.0,84.02597
3,2024-07-25 19:00:00+00:00,0.0,0.0,0.0,0.0,0.0,0.0,0.0,2.119842,3.0,3.0,3.0,3.0,9.000002,8.000002,7,summer,0.0,0.0,2.119842
3,2024-07-25 20:00:00+00:00,0.0,0.0,0.0,0.0,0.0,0.0,0.0,0.0,0.0,0.0,0.0,0.0,0.0,0.0,7,summer,0.0,0.0,0.0
3,2024-07-25 21:00:00+00:00,0.0,0.0,0.0,0.0,0.0,0.0,0.0,0.0,0.0,0.0,0.0,0.0,0.0,0.0,7,summer,0.0,0.0,0.0
3,2024-07-25 22:00:00+00:00,0.0,0.0,0.0,0.0,0.0,0.0,0.0,0.0,0.0,0.0,0.0,0.0,0.0,0.0,7,summer,0.0,0.0,0.0
3,2024-07-25 23:00:00+00:00,0.0,0.0,0.0,0.0,0.0,0.0,0.0,0.0,0.0,0.0,0.0,0.0,0.0,0.0,7,summer,0.0,0.0,0.0
3,2024-07-26 00:00:00+00:00,0.0,0.0,0.0,0.0,0.0,0.0,0.0,0.0,0.0,0.0,0.0,0.0,0.0,0.0,7,summer,0.0,0.0,0.0
3,2024-07-26 01:00:00+00:00,0.0,0.0,0.0,0.0,0.0,0.1,0.0,0.0,0.0,0.0,0.0,0.0,0.0,0.0,7,summer,0.01,0.0,0.0
3,2024-07-26 02:00:00+00:00,0.0,0.0,0.0,0.0,0.0,0.1,0.0,0.0,0.0,0.0,0.0,0.0,0.0,0.0,7,summer,0.01,0.0,0.0
3,2024-07-26 03:00:00+00:00,0.0,0.0,0.0,0.0,0.0,0.1,0.0,0.0,0.0,0.0,0.0,0.0,0.0,0.0,7,summer,0.01,0.0,0.0
3,2024-07-26 04:00:00+00:00,0.0,0.0,0.0,0.0,0.0,0.1,0.0,13.480921,22.000004,22.000004,22.000004,22.000004,23.000004,38.000008,7,summer,0.01,0.0,12.714712
3,2024-07-26 05:00:00+00:00,0.0,0.0,0.0,0.0,0.0,0.1,0.0,127.58773,109.0,111.0,109.0,112.0,112.0,184.0,7,summer,0.01,0.0,126.10807
3,2024-07-26 06:00:00+00:00,0.0,0.0,0.0,0.0,0.0,0.1,0.0,302.60773,247.99998,252.0,246.99998,253.99998,244.0,368.0,7,summer,0.01,0.0,303.19836
3,2024-07-26 07:00:00+00:00,0.0,0.0,0.0,0.0,0.0,0.1,0.1,479.87097,428.00003,435.00006,426.0,436.00003,403.0,545.00006,7,summer,0.03,0.0,482.22375
3,2024-07-26 08:00:00+00:00,0.0,0.0,0.0,0.0,0.0,0.1,0.1,645.5325,610.0,620.0,609.0,621.0,563.0,701.0,7,summer,0.03,0.0,650.1019
3,2024-07-26 09:00:00+00:00,0.0,0.0,0.0,0.0,0.0,0.1,0.1,791.0307,742.0,759.0,749.0,761.0,690.0,826.0,7,summer,0.03,0.0,801.14124
3,2024-07-26 10:00:00+00:00,0.0,0.0,0.0,0.0,0.0,0.0,0.9,903.89453,817.0,846.0,839.0,847.0,778.0,912.0,7,summer,0.13,0.0,911.96826
3,2024-07-26 11:00:00+00:00,0.0,0.0,0.0,0.0,0.0,0.0,0.9,963.9865,847.0,883.0,880.0,885.0,835.0,953.0,7,summer,0.13,0.0,973.1116
3,2024-07-26 12:00:00+00:00,0.0,0.0,0.0,0.0,0.0,0.0,0.9,954.79114,841.0,875.0,873.0,878.0,869.0,946.0,7,summer,0.13,0.0,961.4294
3,2024-07-26 13:00:00+00:00,0.0,0.0,0.0,0.0,0.0,0.0,1.0,877.3316,788.0,816.0,814.0,819.0,862.0,892.0,7,summer,0.14,0.0,878.35156
3,2024-07-26 14:00:00+00:00,0.0,0.0,0.0,0.0,0.0,0.0,1.0,662.05255,687.0,708.0,707.0,711.0,794.0,794.0,7,summer,0.14,0.0,735.98096
3,2024-07-26 15:00:00+00:00,0.0,0.0,0.0,0.0,0.0,0.0,1.0,573.6695,557.0,573.0,576.0,577.0,677.0,672.0,7,summer,0.14,0.0,577.33734
3,2024-07-26 16:00:00+00:00,0.0,0.0,0.0,0.0,0.0,0.0,1.0,344.14706,403.0,414.0,420.0,418.00003,516.0,515.0,7,summer,0.14,0.0,403.46967
3,2024-07-26 17:00:00+00:00,0.0,0.0,0.0,0.0,0.0,0.0,1.0,235.67398,229.00003,232.00003,237.00003,235.00003,315.00006,314.00003,7,summer,0.14,0.0,250.70885
3,2024-07-26 18:00:00+00:00,0.0,0.0,0.0,0.0,0.0,0.0,1.0,80.417206,69.0,66.0,68.0,67.0,111.000015,108.000015,7,summer,0.14,0.0,82.15149
3,2024-07-26 19:00:00+00:00,0.0,0.0,0.0,0.0,0.0,0.0,0.0,2.1071844,3.0,3.0,3.0,3.0,8.000002,7.000001,7,summer,0.0,0.0,2.1071844
3,2024-07-26 20:00:00+00:00,0.0,0.0,0.0,0.0,0.0,0.0,0.0,0.0,0.0,0.0,0.0,0.0,0.0,0.0,7,summer,0.0,0.0,0.0
3,2024-07-26 21:00:00+00:00,0.0,0.0,0.0,0.0,0.0,0.0,0.0,0.0,0.0,0.0,0.0,0.0,0.0,0.0,7,summer,0.0,0.0,0.0
3,2024-07-26 22:00:00+00:00,0.0,0.0,0.0,0.0,0.0,0.0,0.0,0.0,0.0,0.0,0.0,0.0,0.0,0.0,7,summer,0.0,0.0,0.0
3,2024-07-26 23:00:00+00:00,0.0,0.0,0.0,0.0,0.0,0.0,0.0,0.0,0.0,0.0,0.0,0.0,0.0,0.0,7,summer,0.0,0.0,0.0
3,2024-07-27 00:00:00+00:00,0.0,0.0,0.0,0.0,0.0,0.0,0.0,0.0,0.0,0.0,0.0,0.0,0.0,0.0,7,summer,0.0,0.0,0.0
3,2024-07-27 01:00:00+00:00,0.0,0.0,0.0,0.0,0.0,0.0,0.0,0.0,0.0,0.0,0.0,0.0,0.0,0.0,7,summer,0.0,0.0,0.0
3,2024-07-27 02:00:00+00:00,0.0,0.0,0.0,0.0,0.0,0.0,0.0,0.0,0.0,0.0,0.0,0.0,0.0,0.0,7,summer,0.0,0.0,0.0
3,2024-07-27 03:00:00+00:00,0.0,0.0,0.0,0.0,0.0,0.0,0.0,0.0,0.0,0.0,0.0,0.0,0.0,0.0,7,summer,0.0,0.0,0.0
3,2024-07-27 04:00:00+00:00,0.0,0.0,0.0,0.0,0.0,0.0,0.0,12.639391,19.999998,20.999998,20.999998,20.999998,36.999992,36.999992,7,summer,0.0,0.0,11.846914
3,2024-07-27 05:00:00+00:00,0.0,0.0,0.0,0.0,0.0,0.0,0.0,121.7578,104.000015,107.000015,107.000015,106.000015,181.00003,181.00003,7,summer,0.0,0.0,118.38922
3,2024-07-27 06:00:00+00:00,0.0,0.0,0.0,0.0,0.0,0.0,0.0,295.85614,240.0,244.0,245.0,243.0,366.0,365.0,7,summer,0.0,0.0,297.04364
3,2024-07-27 07:00:00+00:00,0.0,0.0,0.0,0.0,0.0,0.0,0.0,474.9241,418.0,422.0,425.0,423.0,544.0,542.0,7,summer,0.0,0.0,474.9241
3,2024-07-27 08:00:00+00:00,0.0,0.0,0.0,0.0,0.0,0.0,0.0,641.5416,600.0,604.0,609.0,606.00006,698.0,698.0,7,summer,0.0,0.0,642.5416
3,2024-07-27 09:00:00+00:00,0.0,0.0,0.0,0.0,0.0,0.0,0.0,789.35034,739.0,743.0,751.0,746.0,807.0,824.0,7,summer,0.0,0.0,791.7787
3,2024-07-27 10:00:00+00:00,0.0,0.0,0.0,0.0,0.0,0.0,0.0,904.4424,826.0,830.0,842.0,836.0,865.0,911.0,7,summer,0.0,0.0,869.6766
3,2024-07-27 11:00:00+00:00,0.0,0.0,0.0,0.0,0.0,0.0,0.0,963.69934,866.0,870.0,884.0,877.0,890.0,952.0,7,summer,0.0,0.0,895.2315
3,2024-07-27 12:00:00+00:00,0.0,0.0,0.0,0.0,0.0,0.0,0.0,953.4482,859.0,863.0,878.0,871.0,894.0,945.0,7,summer,0.0,0.0,941.77515
3,2024-07-27 13:00:00+00:00,0.0,0.0,0.0,0.0,0.0,0.0,0.0,877.67084,802.0,805.0,818.0,813.0,864.0,890.0,7,summer,0.0,0.0,876.6881
3,2024-07-27 14:00:00+00:00,0.0,0.0,0.0,0.0,0.0,0.0,0.0,751.3448,695.0,697.0,709.0,704.0,783.0,792.0,7,summer,0.0,0.0,754.09265
3,2024-07-27 15:00:00+00:00,0.0,0.0,0.0,0.0,0.0,0.0,0.0,596.6985,559.0,560.0,573.0,567.99994,654.0,658.0,7,summer,0.0,0.0,598.9037
3,2024-07-27 16:00:00+00:00,0.0,0.0,0.0,0.0,0.0,0.0,0.0,427.0805,400.0,401.0,412.0,408.0,492.0,495.0,7,summer,0.0,0.0,426.7675
3,2024-07-27 17:00:00+00:00,0.0,0.0,0.0,0.0,0.0,0.0,0.0,245.97816,224.99998,224.99998,229.99998,227.0,312.99997,312.99997,7,summer,0.0,0.0,246.0957
3,2024-07-27 18:00:00+00:00,0.0,0.0,0.0,0.0,0.0,0.0,0.0,80.253525,67.0,67.0,65.0,63.999996,127.999985,125.999985,7,summer,0.0,0.0,79.98241
3,2024-07-27 19:00:00+00:00,0.0,0.0,0.0,0.0,0.0,0.0,0.0,2.0871606,3.0,3.0,2.0,2.0,11.000002,10.000002,7,summer,0.0,0.0,2.0871606
3,2024-07-27 20:00:00+00:00,0.0,0.0,0.0,0.0,0.0,0.0,0.0,0.0,0.0,0.0,0.0,0.0,0.0,0.0,7,summer,0.0,0.0,0.0
3,2024-07-27 21:00:00+00:00,0.0,0.0,0.0,0.0,0.0,0.0,0.0,0.0,0.0,0.0,0.0,0.0,0.0,0.0,7,summer,0.0,0.0,0.0
3,2024-07-27 22:00:00+00:00,0.0,0.0,0.0,0.0,0.0,0.0,0.0,0.0,0.0,0.0,0.0,0.0,0.0,0.0,7,summer,0.0,0.0,0.0
3,2024-07-27 23:00:00+00:00,0.0,0.0,0.0,0.0,0.0,0.0,0.0,0.0,0.0,0.0,0.0,0.0,0.0,0.0,7,summer,0.0,0.0,0.0
3,2024-07-28 00:00:00+00:00,0.0,0.0,0.0,0.0,0.0,0.0,0.0,0.0,0.0,0.0,0.0,0.0,0.0,0.0,7,summer,0.0,0.0,0.0
3,2024-07-28 01:00:00+00:00,0.0,0.0,0.0,0.0,0.0,0.0,0.0,0.0,0.0,0.0,0.0,0.0,0.0,0.0,7,summer,0.0,0.0,0.0
3,2024-07-28 02:00:00+00:00,0.0,0.0,0.0,0.0,0.0,0.0,0.0,0.0,0.0,0.0,0.0,0.0,0.0,0.0,7,summer,0.0,0.0,0.0
3,2024-07-28 03:00:00+00:00,0.0,0.0,0.0,0.0,0.0,0.0,0.0,0.0,0.0,0.0,0.0,0.0,0.0,0.0,7,summer,0.0,0.0,0.0
3,2024-07-28 04:00:00+00:00,0.0,0.0,0.0,0.0,0.0,0.0,0.0,11.78123,19.0,20.0,20.0,20.0,34.999996,34.999996,7,summer,0.0,0.0,10.961012
3,2024-07-28 05:00:00+00:00,0.0,0.0,0.0,0.0,0.0,0.0,0.0,121.094315,101.999985,102.999985,103.999985,102.999985,177.99997,177.99997,7,summer,0.0,0.0,120.736435
3,2024-07-28 06:00:00+00:00,0.0,0.0,0.0,0.0,0.0,0.0,0.0,296.3028,238.0,240.0,242.0,239.0,364.0,363.0,7,summer,0.0,0.0,295.39334
3,2024-07-28 07:00:00+00:00,0.0,0.0,0.0,0.0,0.0,0.0,0.0,474.96332,415.0,419.0,422.0,417.0,543.0,540.0,7,summer,0.0,0.0,474.41882
3,2024-07-28 08:00:00+00:00,0.0,0.0,0.0,0.0,0.0,0.0,0.0,643.1895,597.0,602.99994,607.0,600.0,696.0,696.0,7,summer,0.0,0.0,642.5873
3,2024-07-28 09:00:00+00:00,0.0,0.0,0.0,0.0,0.0,0.0,0.0,794.06256,736.0,741.0,746.0,741.0,799.0,822.0,7,summer,0.0,0.0,793.4918
3,2024-07-28 10:00:00+00:00,0.0,0.0,0.0,0.0,0.0,0.0,0.0,908.72217,825.0,827.0,832.0,832.0,848.0,909.0,7,summer,0.0,0.0,904.1328
3,2024-07-28 11:00:00+00:00,0.0,0.0,0.0,0.0,0.0,0.0,0.0,968.5081,865.0,865.0,870.0,874.0,867.0,950.0,7,summer,0.0,0.0,966.9731
3,2024-07-28 12:00:00+00:00,0.0,0.0,0.0,0.0,0.0,0.0,0.0,957.8315,858.0,858.0,863.0,868.0,872.0,943.0,7,summer,0.0,0.0,958.3643
3,2024-07-28 13:00:00+00:00,0.0,0.0,0.0,0.0,0.0,0.0,0.0,880.4426,799.0,800.0,805.0,810.0,847.0,889.0,7,summer,0.0,0.0,874.3572
3,2024-07-28 14:00:00+00:00,0.0,0.0,0.0,0.0,0.0,0.0,0.0,752.7732,692.0,693.0,698.0,701.0,772.0,790.0,7,summer,0.0,0.0,749.48413
3,2024-07-28 15:00:00+00:00,0.0,0.0,0.0,0.0,0.0,0.0,0.0,595.4208,558.0,559.0,563.0,565.0,647.00006,654.0,7,summer,0.0,0.0,593.68555
3,2024-07-28 16:00:00+00:00,0.0,0.0,0.0,0.0,0.0,0.0,0.0,424.1026,400.0,400.0,404.0,406.00006,488.00003,490.00003,7,summer,0.0,0.0,422.42084
3,2024-07-28 17:00:00+00:00,0.0,0.0,0.0,0.0,0.0,0.0,0.0,242.34787,222.0,222.0,224.0,225.0,310.0,310.0,7,summer,0.0,0.0,242.39053
3,2024-07-28 18:00:00+00:00,0.0,0.0,0.0,0.0,0.0,0.0,0.0,76.78695,61.0,61.0,62.0,62.0,125.00001,125.00001,7,summer,0.0,0.0,75.209076
3,2024-07-28 19:00:00+00:00,0.0,0.0,0.0,0.0,0.0,0.0,0.0,1.0728917,2.0,2.0,2.0,2.0,9.000002,9.000002,7,summer,0.0,0.0,0.0
3,2024-07-28 20:00:00+00:00,0.0,0.0,0.0,0.0,0.0,0.0,0.0,0.0,0.0,0.0,0.0,0.0,0.0,0.0,7,summer,0.0,0.0,0.0
3,2024-07-28 21:00:00+00:00,0.0,0.0,0.0,0.0,0.0,0.0,0.0,0.0,0.0,0.0,0.0,0.0,0.0,0.0,7,summer,0.0,0.0,0.0
3,2024-07-28 22:00:00+00:00,0.0,0.0,0.0,0.0,0.0,0.0,0.0,0.0,0.0,0.0,0.0,0.0,0.0,0.0,7,summer,0.0,0.0,0.0
3,2024-07-28 23:00:00+00:00,0.0,0.0,0.0,0.0,0.0,0.0,0.0,0.0,0.0,0.0,0.0,0.0,0.0,0.0,7,summer,0.0,0.0,0.0
3,2024-07-29 00:00:00+00:00,0.0,0.0,0.0,0.0,0.0,0.0,0.0,0.0,0.0,0.0,0.0,0.0,0.0,0.0,7,summer,0.0,0.0,0.0
3,2024-07-29 01:00:00+00:00,0.0,0.0,0.0,0.0,0.0,0.0,0.0,0.0,0.0,0.0,0.0,0.0,0.0,0.0,7,summer,0.0,0.0,0.0
3,2024-07-29 02:00:00+00:00,0.0,0.0,0.0,0.0,0.0,0.0,0.0,0.0,0.0,0.0,0.0,0.0,0.0,0.0,7,summer,0.0,0.0,0.0
3,2024-07-29 03:00:00+00:00,0.0,0.0,0.0,0.0,0.0,0.0,0.0,0.0,0.0,0.0,0.0,0.0,0.0,0.0,7,summer,0.0,0.0,0.0
3,2024-07-29 04:00:00+00:00,0.0,0.0,0.0,0.0,0.0,0.0,0.0,4.235444,11.0,14.0,11.0,17.0,34.000004,22.000002,7,summer,0.0,0.0,1.0723395
3,2024-07-29 05:00:00+00:00,0.0,0.0,0.0,0.0,0.0,0.0,0.0,63.561268,63.0,78.0,62.0,94.0,175.0,115.0,7,summer,0.0,0.0,46.52634
3,2024-07-29 06:00:00+00:00,0.0,0.0,0.0,0.0,0.0,0.0,0.0,126.64459,168.0,193.0,160.0,222.0,362.0,252.0,7,summer,0.0,0.0,126.839195
3,2024-07-29 07:00:00+00:00,0.0,0.0,0.0,0.0,0.0,0.0,0.0,196.0991,329.0,353.00003,304.0,391.00003,543.0,410.00003,7,summer,0.0,0.0,346.50507
3,2024-07-29 08:00:00+00:00,0.0,0.0,0.0,0.0,0.0,0.0,0.0,633.8282,512.0,529.0,467.0,561.0,694.0,575.0,7,summer,0.0,0.0,409.35382
3,2024-07-29 09:00:00+00:00,0.0,0.0,0.0,0.0,0.0,0.0,0.0,779.8292,669.0,681.0,613.0,680.0,783.0,731.0,7,summer,0.0,0.0,295.84717
3,2024-07-29 10:00:00+00:00,0.0,0.0,0.0,0.0,0.0,0.0,0.0,890.5924,790.0,798.0,731.0,744.0,810.0,866.0,7,summer,0.0,0.0,901.8958
3,2024-07-29 11:00:00+00:00,0.0,0.0,0.0,0.0,0.0,0.0,0.0,945.61395,858.0,865.0,797.0,772.0,813.0,948.0,7,summer,0.0,0.0,960.53015
3,2024-07-29 12:00:00+00:00,0.0,0.0,0.0,0.0,0.0,0.0,0.0,940.0879,861.0,872.0,791.0,782.0,820.0,953.0,7,summer,0.0,0.0,953.3728
3,2024-07-29 13:00:00+00:00,0.0,0.0,0.0,0.0,0.0,0.0,0.0,866.4744,800.0,818.0,724.0,754.0,808.0,892.0,7,summer,0.0,0.0,877.0488
3,2024-07-29 14:00:00+00:00,0.0,0.0,0.0,0.0,0.0,0.0,0.0,743.0759,691.00006,711.0,623.0,671.0,746.0,788.0,7,summer,0.0,0.0,750.6561
3,2024-07-29 15:00:00+00:00,0.0,0.0,0.0,0.0,0.0,0.0,0.0,591.9946,558.0,575.0,517.0,547.0,632.0,652.0,7,summer,0.0,0.0,595.9646
3,2024-07-29 16:00:00+00:00,0.0,0.0,0.0,0.0,0.0,0.0,0.0,423.2509,401.0,411.0,386.99997,395.0,481.99997,487.99997,7,summer,0.0,0.0,425.25092
3,2024-07-29 17:00:00+00:00,0.0,0.0,0.0,0.0,0.0,0.0,0.0,243.40915,222.0,227.0,221.0,219.0,307.0,307.0,7,summer,0.0,0.0,244.45856
3,2024-07-29 18:00:00+00:00,0.0,0.0,0.0,0.0,0.0,0.0,0.0,77.38606,60.999996,61.999996,60.999996,59.999996,120.999985,120.999985,7,summer,0.0,0.0,77.120094
3,2024-07-29 19:00:00+00:00,0.0,0.0,0.0,0.0,0.0,0.0,0.0,1.0657384,2.0,2.0,2.0,2.0,7.000002,7.000002,7,summer,0.0,0.0,1.0657384
3,2024-07-29 20:00:00+00:00,0.0,0.0,0.0,0.0,0.0,0.0,0.0,0.0,0.0,0.0,0.0,0.0,0.0,0.0,7,summer,0.0,0.0,0.0
3,2024-07-29 21:00:00+00:00,0.0,0.0,0.0,0.0,0.0,0.0,0.0,0.0,0.0,0.0,0.0,0.0,0.0,0.0,7,summer,0.0,0.0,0.0
3,2024-07-29 22:00:00+00:00,0.0,0.0,0.0,0.0,0.0,0.0,0.0,0.0,0.0,0.0,0.0,0.0,0.0,0.0,7,summer,0.0,0.0,0.0
3,2024-07-29 23:00:00+00:00,0.0,0.0,0.0,0.0,0.0,0.0,0.0,0.0,0.0,0.0,0.0,0.0,0.0,0.0,7,summer,0.0,0.0,0.0
3,2024-07-30 00:00:00+00:00,0.0,0.0,0.0,0.0,0.0,0.0,0.0,0.0,0.0,0.0,0.0,0.0,0.0,0.0,7,summer,0.0,0.0,0.0
3,2024-07-30 01:00:00+00:00,0.0,0.0,0.0,0.0,0.0,0.0,0.0,0.0,0.0,0.0,0.0,0.0,0.0,0.0,7,summer,0.0,0.0,0.0
3,2024-07-30 02:00:00+00:00,0.0,0.0,0.0,0.0,0.0,0.0,0.0,0.0,0.0,0.0,0.0,0.0,0.0,0.0,7,summer,0.0,0.0,0.0
3,2024-07-30 03:00:00+00:00,0.0,0.0,0.0,0.0,0.0,0.0,0.0,0.0,0.0,0.0,0.0,0.0,0.0,0.0,7,summer,0.0,0.0,0.0
3,2024-07-30 04:00:00+00:00,0.0,0.0,0.0,0.0,0.0,0.0,0.0,9.841158,17.999998,17.999998,17.999998,17.999998,31.999996,31.999996,7,summer,0.0,0.0,9.01012
3,2024-07-30 05:00:00+00:00,0.0,0.0,0.0,0.0,0.0,0.0,0.0,118.56616,100.0,100.0,99.0,101.0,173.0,173.0,7,summer,0.0,0.0,118.217255
3,2024-07-30 06:00:00+00:00,0.0,0.0,0.0,0.0,0.0,0.0,0.0,295.21158,238.0,238.0,235.99998,239.99998,359.0,358.0,7,summer,0.0,0.0,295.4705
3,2024-07-30 07:00:00+00:00,0.0,0.0,0.0,0.0,0.0,0.0,0.0,474.22064,421.0,420.0,417.0,423.0,538.0,535.0,7,summer,0.0,0.0,475.48032
3,2024-07-30 08:00:00+00:00,0.0,0.0,0.0,0.0,0.0,0.0,0.0,641.44214,608.0,607.0,604.0,611.0,692.0,692.0,7,summer,0.0,0.0,642.82605
3,2024-07-30 09:00:00+00:00,0.0,0.0,0.0,0.0,0.0,0.0,0.0,790.28577,751.0,750.0,748.0,752.0,800.0,818.0,7,summer,0.0,0.0,792.67816
3,2024-07-30 10:00:00+00:00,0.0,0.0,0.0,0.0,0.0,0.0,0.0,904.7595,841.0,840.0,840.0,839.0,857.0,905.0,7,summer,0.0,0.0,902.7342
3,2024-07-30 11:00:00+00:00,0.0,0.0,0.0,0.0,0.0,0.0,0.0,962.9208,881.0,880.0,882.0,877.0,880.0,946.0,7,summer,0.0,0.0,964.55475
3,2024-07-30 12:00:00+00:00,0.0,0.0,0.0,0.0,0.0,0.0,0.0,952.3124,875.0,874.0,877.0,871.0,884.0,939.0,7,summer,0.0,0.0,954.9373
3,2024-07-30 13:00:00+00:00,0.0,0.0,0.0,0.0,0.0,0.0,0.0,876.56744,817.0,814.0,818.0,814.0,855.0,884.0,7,summer,0.0,0.0,875.56744
3,2024-07-30 14:00:00+00:00,0.0,0.0,0.0,0.0,0.0,0.0,0.0,749.8741,707.0,705.0,708.0,706.0,775.0,786.0,7,summer,0.0,0.0,751.99347
3,2024-07-30 15:00:00+00:00,0.0,0.0,0.0,0.0,0.0,0.0,0.0,596.0047,553.0,551.0,554.0,551.0,646.0,649.0,7,summer,0.0,0.0,596.42676
3,2024-07-30 16:00:00+00:00,0.0,0.0,0.0,0.0,0.0,0.0,0.0,423.98047,382.00003,381.00003,383.00003,381.00003,484.0,485.00006,7,summer,0.0,0.0,423.19714
3,2024-07-30 17:00:00+00:00,0.0,0.0,0.0,0.0,0.0,0.0,0.0,241.57816,225.0,225.0,226.0,224.0,304.0,304.0,7,summer,0.0,0.0,241.62196
3,2024-07-30 18:00:00+00:00,0.0,0.0,0.0,0.0,0.0,0.0,0.0,74.1526,85.999985,85.999985,86.999985,85.999985,117.999985,117.999985,7,summer,0.0,0.0,74.1526
3,2024-07-30 19:00:00+00:00,0.0,0.0,0.0,0.0,0.0,0.0,0.0,1.0490963,4.0000005,4.0000005,4.0000005,4.0000005,6.0000005,6.0000005,7,summer,0.0,0.0,1.0490963
3,2024-07-30 20:00:00+00:00,0.0,0.0,0.0,0.0,0.0,0.0,0.0,0.0,0.0,0.0,0.0,0.0,0.0,0.0,7,summer,0.0,0.0,0.0
3,2024-07-30 21:00:00+00:00,0.0,0.0,0.0,0.0,0.0,0.0,0.0,0.0,0.0,0.0,0.0,0.0,0.0,0.0,7,summer,0.0,0.0,0.0
3,2024-07-30 22:00:00+00:00,0.0,0.0,0.0,0.0,0.0,0.0,0.0,0.0,0.0,0.0,0.0,0.0,0.0,0.0,7,summer,0.0,0.0,0.0
3,2024-07-30 23:00:00+00:00,0.0,0.0,0.0,0.0,0.0,0.0,0.0,0.0,0.0,0.0,0.0,0.0,0.0,0.0,7,summer,0.0,0.0,0.0
3,2024-07-31 00:00:00+00:00,0.0,0.0,0.0,0.0,0.0,0.0,0.0,0.0,0.0,0.0,0.0,0.0,0.0,0.0,7,summer,0.0,0.0,0.0
3,2024-07-31 01:00:00+00:00,0.0,0.0,0.0,0.0,0.0,0.0,0.0,0.0,0.0,0.0,0.0,0.0,0.0,0.0,7,summer,0.0,0.0,0.0
3,2024-07-31 02:00:00+00:00,0.0,0.0,0.0,0.0,0.0,0.0,0.0,0.0,0.0,0.0,0.0,0.0,0.0,0.0,7,summer,0.0,0.0,0.0
3,2024-07-31 03:00:00+00:00,0.0,0.0,0.0,0.0,0.0,0.0,0.0,0.0,0.0,0.0,0.0,0.0,0.0,0.0,7,summer,0.0,0.0,0.0
3,2024-07-31 04:00:00+00:00,0.0,0.0,0.0,0.0,0.0,0.0,0.0,8.95702,17.000002,17.000002,17.000002,17.000002,31.000006,31.000006,7,summer,0.0,0.0,8.094085
3,2024-07-31 05:00:00+00:00,0.0,0.0,0.0,0.0,0.0,0.0,0.0,115.178276,98.00001,98.00001,98.00001,99.00001,170.00003,170.00003,7,summer,0.0,0.0,116.178276
3,2024-07-31 06:00:00+00:00,0.0,0.0,0.0,0.0,0.0,0.0,0.0,291.90454,236.0,236.0,236.0,238.00002,356.0,355.0,7,summer,0.0,0.0,293.73798
3,2024-07-31 07:00:00+00:00,0.0,0.0,0.0,0.0,0.0,0.0,0.0,472.76007,419.0,419.0,420.0,422.0,536.00006,533.00006,7,summer,0.0,0.0,475.4699
3,2024-07-31 08:00:00+00:00,0.0,0.0,0.0,0.0,0.0,0.0,0.0,639.6601,607.0,607.0,608.0,611.0,690.0,690.0,7,summer,0.0,0.0,642.7555
3,2024-07-31 09:00:00+00:00,0.0,0.0,0.0,0.0,0.0,0.0,0.0,790.9062,750.0,749.0,751.0,753.0,799.0,817.0,7,summer,0.0,0.0,793.5138
3,2024-07-31 10:00:00+00:00,0.0,0.0,0.0,0.0,0.0,0.0,0.0,904.9481,840.0,838.0,840.0,841.0,857.0,903.0,7,summer,0.0,0.0,903.8723
3,2024-07-31 11:00:00+00:00,0.0,0.0,0.0,0.0,0.0,0.0,0.0,962.63446,879.0,877.0,880.0,879.0,881.0,945.0,7,summer,0.0,0.0,962.426
3,2024-07-31 12:00:00+00:00,0.0,0.0,0.0,0.0,0.0,0.0,0.0,950.92535,872.0,869.0,874.0,872.0,885.0,938.0,7,summer,0.0,0.0,954.78357
3,2024-07-31 13:00:00+00:00,0.0,0.0,0.0,0.0,0.0,0.0,0.0,876.11475,812.0,809.0,815.0,814.0,855.0,883.0,7,summer,0.0,0.0,877.1742
3,2024-07-31 14:00:00+00:00,0.0,0.0,0.0,0.0,0.0,0.0,0.0,748.7299,701.0,699.0,705.0,704.0,774.0,784.0,7,summer,0.0,0.0,752.3964
3,2024-07-31 15:00:00+00:00,0.0,0.0,0.0,0.0,0.0,0.0,0.0,592.33215,546.0,545.0,549.0,549.0,644.0,647.0,7,summer,0.0,0.0,596.03656
3,2024-07-31 16:00:00+00:00,0.0,0.0,0.0,0.0,0.0,0.0,0.0,420.76703,376.0,375.0,378.0,379.0,481.0,482.00006,7,summer,0.0,0.0,422.5531
3,2024-07-31 17:00:00+00:00,0.0,0.0,0.0,0.0,0.0,0.0,0.0,237.76332,220.00003,220.00003,221.00003,222.00003,301.00003,301.00003,7,summer,0.0,0.0,239.79886
3,2024-07-31 18:00:00+00:00,0.0,0.0,0.0,0.0,0.0,0.0,0.0,71.61626,83.0,83.0,83.0,83.0,115.0,115.0,7,summer,0.0,0.0,71.33404
3,2024-07-31 19:00:00+00:00,0.0,0.0,0.0,0.0,0.0,0.0,0.0,1.0016804,3.0,3.0,3.0,3.0,4.0,4.0,7,summer,0.0,0.0,1.0016804
3,2024-07-31 20:00:00+00:00,0.0,0.0,0.0,0.0,0.0,0.0,0.0,0.0,0.0,0.0,0.0,0.0,0.0,0.0,7,summer,0.0,0.0,0.0
3,2024-07-31 21:00:00+00:00,0.0,0.0,0.0,0.0,0.0,0.0,0.0,0.0,0.0,0.0,0.0,0.0,0.0,0.0,7,summer,0.0,0.0,0.0
3,2024-07-31 22:00:00+00:00,0.0,0.0,0.0,0.0,0.0,0.0,0.0,0.0,0.0,0.0,0.0,0.0,0.0,0.0,7,summer,0.0,0.0,0.0
3,2024-07-31 23:00:00+00:00,0.0,0.0,0.0,0.0,0.0,0.0,0.0,0.0,0.0,0.0,0.0,0.0,0.0,0.0,7,summer,0.0,0.0,0.0
3,2024-08-01 00:00:00+00:00,0.0,0.0,0.0,0.0,0.0,0.0,0.0,0.0,0.0,0.0,0.0,0.0,0.0,0.0,8,summer,0.0,0.0,0.0
3,2024-08-01 01:00:00+00:00,0.0,0.0,0.0,0.0,0.0,0.0,0.0,0.0,0.0,0.0,0.0,0.0,0.0,0.0,8,summer,0.0,0.0,0.0
3,2024-08-01 02:00:00+00:00,0.0,0.0,0.0,0.0,0.0,0.0,0.0,0.0,0.0,0.0,0.0,0.0,0.0,0.0,8,summer,0.0,0.0,0.0
3,2024-08-01 03:00:00+00:00,0.0,0.0,0.0,0.0,0.0,0.0,0.0,0.0,0.0,0.0,0.0,0.0,0.0,0.0,8,summer,0.0,0.0,0.0
3,2024-08-01 04:00:00+00:00,0.0,0.0,0.0,0.0,0.0,0.0,0.0,8.051613,16.0,15.0,16.0,16.0,29.0,29.0,8,summer,0.0,0.0,7.0516133
3,2024-08-01 05:00:00+00:00,0.0,0.0,0.0,0.0,0.0,0.0,0.0,112.12424,94.0,91.0,94.0,94.0,167.0,167.0,8,summer,0.0,0.0,106.33824
3,2024-08-01 06:00:00+00:00,0.0,0.0,0.0,0.0,0.0,0.0,0.0,271.71695,231.0,222.0,231.0,231.0,354.0,353.0,8,summer,0.0,0.0,270.94904
3,2024-08-01 07:00:00+00:00,0.0,0.0,0.0,0.0,0.0,0.0,0.0,431.37518,412.0,398.0,414.0,413.0,533.99994,531.0,8,summer,0.0,0.0,461.2771
3,2024-08-01 08:00:00+00:00,0.0,0.0,0.0,0.0,0.0,0.0,0.0,582.23303,599.0,582.0,601.0,601.0,688.0,688.0,8,summer,0.0,0.0,631.62067
3,2024-08-01 09:00:00+00:00,0.0,0.0,0.0,0.0,0.0,0.0,0.0,691.95294,739.0,726.0,741.0,744.0,794.0,815.0,8,summer,0.0,0.0,783.7075
3,2024-08-01 10:00:00+00:00,0.0,0.0,0.0,0.0,0.0,0.0,0.0,584.4319,826.0,822.0,825.0,833.0,849.0,902.0,8,summer,0.0,0.0,862.68524
3,2024-08-01 11:00:00+00:00,0.0,0.0,0.0,0.0,0.0,0.0,0.0,673.29956,863.0,868.0,861.0,873.0,871.0,943.0,8,summer,0.0,0.0,934.41614
3,2024-08-01 12:00:00+00:00,0.0,0.0,0.0,0.0,0.0,0.0,0.0,749.87524,854.0,863.0,853.0,867.0,875.0,936.0,8,summer,0.0,0.0,929.05164
3,2024-08-01 13:00:00+00:00,0.0,0.0,0.0,0.0,0.0,0.0,0.0,810.2478,794.0,803.0,794.0,808.0,848.0,881.0,8,summer,0.0,0.0,865.0919
3,2024-08-01 14:00:00+00:00,0.0,0.0,0.0,0.0,0.0,0.0,0.0,710.65173,685.99994,693.0,685.0,698.0,769.0,781.0,8,summer,0.0,0.0,741.3214
3,2024-08-01 15:00:00+00:00,0.0,0.0,0.0,0.0,0.0,0.0,0.0,579.6394,535.0,539.0,530.0,543.0,640.0,644.0,8,summer,0.0,0.0,583.5638
3,2024-08-01 16:00:00+00:00,0.0,0.0,0.0,0.0,0.0,0.0,0.0,381.66522,369.0,369.0,361.0,373.0,478.0,479.0,8,summer,0.0,0.0,411.78857
3,2024-08-01 17:00:00+00:00,0.0,0.0,0.0,0.0,0.0,0.0,0.0,128.01724,216.0,215.0,209.0,217.0,297.99997,297.99997,8,summer,0.0,0.0,229.98471
3,2024-08-01 18:00:00+00:00,0.0,0.0,0.0,0.0,0.0,0.0,0.0,37.865166,80.000015,79.000015,77.000015,80.000015,111.000015,111.000015,8,summer,0.0,0.0,67.119675
3,2024-08-01 19:00:00+00:00,0.0,0.0,0.0,0.0,0.0,0.0,0.0,0.0,1.0000001,1.0000001,1.0000001,1.0000001,2.0000005,2.0000005,8,summer,0.0,0.0,0.0
3,2024-08-01 20:00:00+00:00,0.0,0.0,0.0,0.0,0.0,0.0,0.0,0.0,0.0,0.0,0.0,0.0,0.0,0.0,8,summer,0.0,0.0,0.0
3,2024-08-01 21:00:00+00:00,0.0,0.0,0.0,0.0,0.0,0.0,0.0,0.0,0.0,0.0,0.0,0.0,0.0,0.0,8,summer,0.0,0.0,0.0
3,2024-08-01 22:00:00+00:00,0.0,0.0,0.0,0.0,0.0,0.0,0.0,0.0,0.0,0.0,0.0,0.0,0.0,0.0,8,summer,0.0,0.0,0.0
3,2024-08-01 23:00:00+00:00,0.0,0.0,0.0,0.0,0.0,0.0,0.0,0.0,0.0,0.0,0.0,0.0,0.0,0.0,8,summer,0.0,0.0,0.0
3,2024-08-02 00:00:00+00:00,0.0,0.0,0.0,0.0,0.0,0.0,0.0,0.0,0.0,0.0,0.0,0.0,0.0,0.0,8,summer,0.0,0.0,0.0
3,2024-08-02 01:00:00+00:00,0.0,0.0,0.0,0.0,0.0,0.0,0.0,0.0,0.0,0.0,0.0,0.0,0.0,0.0,8,summer,0.0,0.0,0.0
3,2024-08-02 02:00:00+00:00,0.0,0.0,0.0,0.0,0.0,0.0,0.0,0.0,0.0,0.0,0.0,0.0,0.0,0.0,8,summer,0.0,0.0,0.0
3,2024-08-02 03:00:00+00:00,0.0,0.0,0.0,0.0,0.0,0.0,0.0,0.0,0.0,0.0,0.0,0.0,0.0,0.0,8,summer,0.0,0.0,0.0
3,2024-08-02 04:00:00+00:00,0.0,0.0,0.0,0.0,0.0,0.0,0.0,7.1229405,13.0,14.0,14.0,14.0,27.0,27.0,8,summer,0.0,0.0,7.1229405
3,2024-08-02 05:00:00+00:00,0.0,0.0,0.0,0.0,0.0,0.0,0.0,85.11479,83.99999,83.99999,86.99999,88.99999,162.99997,162.99997,8,summer,0.0,0.0,99.86739
3,2024-08-02 06:00:00+00:00,0.0,0.0,0.0,0.0,0.0,0.0,0.0,114.85319,215.00002,188.0,219.00002,225.00002,351.00006,349.00006,8,summer,0.0,0.0,124.676926
3,2024-08-02 07:00:00+00:00,0.0,0.0,0.3,0.0,0.0,0.0,0.0,222.27908,398.0,301.0,398.0,410.0,531.0,528.0,8,summer,0.04,0.0,440.46948
3,2024-08-02 08:00:00+00:00,0.0,0.0,0.3,0.0,0.0,0.0,0.0,348.6098,570.0,412.0,577.0,582.0,685.0,685.0,8,summer,0.04,0.0,276.44067
3,2024-08-02 09:00:00+00:00,0.6,0.0,0.3,0.0,0.0,0.0,0.0,45.192646,636.0,513.0,695.0,647.0,787.0,812.0,8,summer,0.13,0.0,333.10043
3,2024-08-02 10:00:00+00:00,0.0,0.0,0.0,0.0,0.5,0.0,0.0,109.95671,607.0,594.0,746.0,613.0,835.0,899.0,8,summer,0.07,0.0,154.80774
3,2024-08-02 11:00:00+00:00,0.0,0.0,0.0,0.0,0.5,0.0,0.0,467.86053,567.0,639.0,742.0,562.0,852.0,941.0,8,summer,0.07,0.0,83.50457
3,2024-08-02 12:00:00+00:00,0.0,0.0,0.0,0.0,0.5,0.0,0.0,354.42593,578.0,638.0,692.0,550.0,857.0,934.0,8,summer,0.07,0.0,355.68735
3,2024-08-02 13:00:00+00:00,0.0,0.1,0.2,0.0,0.3,0.0,0.0,405.2477,590.0,595.0,597.0,537.0,834.0,878.0,8,summer,0.09,0.0,441.05603
3,2024-08-02 14:00:00+00:00,0.0,0.1,0.2,0.0,0.3,0.0,0.0,581.5518,540.0,514.0,473.0,482.0,759.0,779.0,8,summer,0.09,0.0,723.29193
3,2024-08-02 15:00:00+00:00,0.0,0.1,0.2,0.0,0.3,0.0,0.0,559.12146,413.0,402.0,327.0,377.0,634.0,642.0,8,summer,0.09,0.0,506.12146
3,2024-08-02 16:00:00+00:00,0.0,0.0,0.0,0.0,0.0,0.0,0.0,402.9541,268.0,277.0,191.0,257.0,474.0,476.99994,8,summer,0.0,0.0,337.5927
3,2024-08-02 17:00:00+00:00,0.0,0.0,0.0,0.0,0.0,0.0,0.0,223.05524,148.00002,162.00002,96.0,149.00002,294.00003,294.00003,8,summer,0.0,0.0,223.04611
3,2024-08-02 18:00:00+00:00,0.0,0.0,0.0,0.0,0.0,0.0,0.0,63.773346,53.0,58.0,33.0,54.0,108.0,108.0,8,summer,0.0,0.0,63.10682
3,2024-08-02 19:00:00+00:00,0.0,0.0,0.0,0.0,0.0,0.0,0.0,0.0,0.0,0.0,0.0,0.0,0.0,0.0,8,summer,0.0,0.0,0.0
3,2024-08-02 20:00:00+00:00,0.0,0.0,0.0,0.0,0.0,0.0,0.0,0.0,0.0,0.0,0.0,0.0,0.0,0.0,8,summer,0.0,0.1,0.0
3,2024-08-02 21:00:00+00:00,0.0,0.0,0.0,0.0,0.0,0.0,0.0,0.0,0.0,0.0,0.0,0.0,0.0,0.0,8,summer,0.0,0.0,0.0
3,2024-08-02 22:00:00+00:00,0.0,0.0,0.0,2.0,0.0,0.0,0.0,0.0,0.0,0.0,0.0,0.0,0.0,0.0,8,summer,0.29,0.0,0.0
3,2024-08-02 23:00:00+00:00,0.1,0.0,0.0,2.0,0.0,0.0,0.0,0.0,0.0,0.0,0.0,0.0,0.0,0.0,8,summer,0.3,0.0,0.0
3,2024-08-03 00:00:00+00:00,0.0,0.0,0.0,2.0,0.0,0.0,0.0,0.0,0.0,0.0,0.0,0.0,0.0,0.0,8,summer,0.29,0.0,0.0
3,2024-08-03 01:00:00+00:00,0.0,0.5,0.7,2.5,1.3,0.0,0.0,0.0,0.0,0.0,0.0,0.0,0.0,0.0,8,summer,0.71,0.0,0.0
3,2024-08-03 02:00:00+00:00,0.0,0.5,0.7,2.5,1.3,0.0,0.0,0.0,0.0,0.0,0.0,0.0,0.0,0.0,8,summer,0.71,0.0,0.0
3,2024-08-03 03:00:00+00:00,0.0,0.5,0.7,2.5,1.3,0.0,0.0,0.0,0.0,0.0,0.0,0.0,0.0,0.0,8,summer,0.71,0.0,0.0
3,2024-08-03 04:00:00+00:00,0.0,0.4,5.1,0.6,0.0,0.0,0.0,2.1440558,6.0,1.0,6.0,11.999999,23.999994,23.999994,8,summer,0.87,0.0,4.202055
3,2024-08-03 05:00:00+00:00,0.0,0.4,5.1,0.6,0.0,0.0,0.0,41.607502,37.0,11.0,46.0,78.0,151.0,149.0,8,summer,0.87,0.0,54.865482
3,2024-08-03 06:00:00+00:00,0.0,0.4,5.1,0.6,0.0,0.0,0.0,273.79205,93.0,61.0,146.0,183.0,335.0,326.0,8,summer,0.87,0.0,98.62194
3,2024-08-03 07:00:00+00:00,0.0,1.1,0.1,0.0,0.1,0.1,0.0,344.00342,168.0,169.0,322.0,308.0,523.0,500.0,8,summer,0.2,0.0,167.56003
3,2024-08-03 08:00:00+00:00,0.0,1.1,0.1,0.0,0.1,0.1,0.0,620.15607,275.0,310.0,521.0,430.0,662.0,659.0,8,summer,0.2,0.0,205.44441
3,2024-08-03 09:00:00+00:00,0.0,1.1,0.1,0.0,0.1,0.1,0.0,766.90955,438.0,445.0,671.99994,516.0,667.0,792.0,8,summer,0.2,0.0,662.8537
3,2024-08-03 10:00:00+00:00,0.0,0.0,0.1,0.0,0.4,0.0,0.1,878.0582,634.0,565.0,766.0,565.0,557.0,889.0,8,summer,0.09,0.0,880.7114
3,2024-08-03 11:00:00+00:00,0.0,0.0,0.1,0.0,0.4,0.0,0.1,917.97485,780.0,649.0,814.0,593.0,470.0,939.0,8,summer,0.09,0.0,941.6696
3,2024-08-03 12:00:00+00:00,0.0,0.0,0.1,0.0,0.4,0.0,0.1,925.09985,822.0,687.0,821.0,617.0,500.0,934.0,8,summer,0.09,0.0,862.43805
3,2024-08-03 13:00:00+00:00,0.0,0.0,0.0,0.0,0.0,0.0,0.0,851.3311,781.0,670.0,775.0,615.0,573.0,877.0,8,summer,0.0,0.0,853.3311
3,2024-08-03 14:00:00+00:00,0.0,0.0,0.0,0.0,0.0,0.0,0.0,726.9033,681.0,594.0,675.0,563.0,596.0,776.0,8,summer,0.0,0.0,729.2407
3,2024-08-03 15:00:00+00:00,0.0,0.0,0.0,0.0,0.0,0.0,0.0,573.90076,532.0,458.0,524.0,456.0,547.0,639.0,8,summer,0.0,0.0,243.83737
3,2024-08-03 16:00:00+00:00,0.0,0.0,0.0,0.0,0.0,0.0,0.0,403.08685,362.0,303.0,356.0,325.0,444.99997,473.0,8,summer,0.0,0.0,378.5569
3,2024-08-03 17:00:00+00:00,0.0,0.0,0.0,0.0,0.0,0.0,0.0,223.08765,208.00002,170.00002,204.00002,193.00003,291.00006,291.00006,8,summer,0.0,0.0,223.08583
3,2024-08-03 18:00:00+00:00,0.0,0.0,0.0,0.0,0.0,0.0,0.0,63.02835,73.0,59.0,72.0,68.0,106.0,103.99999,8,summer,0.0,0.0,62.717743
3,2024-08-03 19:00:00+00:00,0.0,0.0,0.0,0.0,0.0,0.0,0.0,0.0,0.0,0.0,0.0,0.0,0.0,0.0,8,summer,0.0,0.0,0.0
3,2024-08-03 20:00:00+00:00,0.0,0.0,0.0,0.0,0.0,0.0,0.0,0.0,0.0,0.0,0.0,0.0,0.0,0.0,8,summer,0.0,0.0,0.0
3,2024-08-03 21:00:00+00:00,0.0,0.0,0.0,0.0,0.0,0.0,0.0,0.0,0.0,0.0,0.0,0.0,0.0,0.0,8,summer,0.0,0.0,0.0
3,2024-08-03 22:00:00+00:00,0.0,0.0,0.0,0.0,0.0,0.0,0.0,0.0,0.0,0.0,0.0,0.0,0.0,0.0,8,summer,0.0,0.0,0.0
3,2024-08-03 23:00:00+00:00,0.0,0.0,0.0,0.0,0.0,0.0,0.0,0.0,0.0,0.0,0.0,0.0,0.0,0.0,8,summer,0.0,0.0,0.0
3,2024-08-04 00:00:00+00:00,0.0,0.0,0.0,0.0,0.0,0.0,0.0,0.0,0.0,0.0,0.0,0.0,0.0,0.0,8,summer,0.0,0.0,0.0
3,2024-08-04 01:00:00+00:00,0.0,0.0,0.0,0.0,0.0,0.0,0.0,0.0,0.0,0.0,0.0,0.0,0.0,0.0,8,summer,0.0,0.0,0.0
3,2024-08-04 02:00:00+00:00,0.0,0.0,0.0,0.0,0.0,0.0,0.0,0.0,0.0,0.0,0.0,0.0,0.0,0.0,8,summer,0.0,0.0,0.0
3,2024-08-04 03:00:00+00:00,0.0,0.0,0.0,0.0,0.0,0.0,0.0,0.0,0.0,0.0,0.0,0.0,0.0,0.0,8,summer,0.0,0.0,0.0
3,2024-08-04 04:00:00+00:00,0.0,0.0,0.0,0.0,0.0,0.0,0.0,5.141343,12.0,13.0,12.0,12.0,23.999998,23.999998,8,summer,0.0,0.0,6.141344
3,2024-08-04 05:00:00+00:00,0.0,0.0,0.0,0.0,0.0,0.0,0.0,67.84254,83.0,85.0,83.0,84.0,158.0,158.0,8,summer,0.0,0.0,70.335686
3,2024-08-04 06:00:00+00:00,0.0,0.0,0.0,0.0,0.0,0.0,0.0,273.84958,213.99998,216.99997,214.99998,214.99998,345.99997,343.99997,8,summer,0.0,0.0,143.504
3,2024-08-04 07:00:00+00:00,0.0,0.0,0.0,0.0,0.0,0.0,0.1,452.6278,393.0,397.0,394.0,390.0,528.0,523.0,8,summer,0.01,0.0,165.39731
3,2024-08-04 08:00:00+00:00,0.0,0.0,0.0,0.0,0.0,0.0,0.1,618.9457,579.0,583.00006,578.0,574.0,681.0,681.0,8,summer,0.01,0.0,193.68639
3,2024-08-04 09:00:00+00:00,0.0,0.0,0.0,0.0,0.0,0.0,0.1,765.1781,723.0,723.0,710.0,716.0,778.0,808.0,8,summer,0.01,0.0,640.7114
3,2024-08-04 10:00:00+00:00,0.0,0.0,0.0,0.0,0.0,0.0,0.0,603.175,815.0,809.0,784.0,808.0,817.0,896.0,8,summer,0.0,0.0,444.66357
3,2024-08-04 11:00:00+00:00,0.0,0.0,0.0,0.0,0.0,0.0,0.0,385.85196,848.0,847.0,809.0,845.0,828.0,937.0,8,summer,0.0,0.0,294.88574
3,2024-08-04 12:00:00+00:00,0.0,0.0,0.0,0.0,0.0,0.0,0.0,304.00668,819.0,841.0,790.0,826.0,835.0,929.0,8,summer,0.0,0.0,330.42285
3,2024-08-04 13:00:00+00:00,0.0,0.0,0.0,0.0,0.0,0.0,0.0,296.0406,732.0,784.0,723.0,750.0,816.0,874.0,8,summer,0.0,0.0,292.65482
3,2024-08-04 14:00:00+00:00,0.0,0.0,0.0,0.0,0.0,0.0,0.0,254.10374,604.0,675.0,620.0,623.0,746.0,774.0,8,summer,0.0,0.0,268.48615
3,2024-08-04 15:00:00+00:00,0.0,0.0,0.0,0.0,0.0,0.0,0.0,216.57063,444.0,518.0,490.0,450.0,624.0,636.0,8,summer,0.0,0.0,202.21153
3,2024-08-04 16:00:00+00:00,0.0,0.0,0.0,0.0,0.0,0.0,0.0,159.24202,284.0,347.0,345.99997,276.0,466.99994,469.99994,8,summer,0.0,0.0,140.1516
3,2024-08-04 17:00:00+00:00,0.0,0.0,0.0,0.0,0.0,0.0,0.0,109.9119,154.00002,196.00002,204.00003,144.0,287.00003,287.00003,8,summer,0.0,0.0,83.1535
3,2024-08-04 18:00:00+00:00,0.0,0.0,0.0,0.0,0.0,0.0,0.0,35.20608,52.0,67.0,70.0,48.0,100.0,100.0,8,summer,0.0,0.0,27.35294
3,2024-08-04 19:00:00+00:00,0.0,0.0,0.0,0.0,0.0,0.0,0.0,0.0,0.0,0.0,0.0,0.0,0.0,0.0,8,summer,0.0,0.0,0.0
3,2024-08-04 20:00:00+00:00,0.0,0.0,0.0,0.0,0.0,0.0,0.0,0.0,0.0,0.0,0.0,0.0,0.0,0.0,8,summer,0.0,0.0,0.0
3,2024-08-04 21:00:00+00:00,0.0,0.0,0.0,0.0,0.0,0.0,0.0,0.0,0.0,0.0,0.0,0.0,0.0,0.0,8,summer,0.0,0.0,0.0
3,2024-08-04 22:00:00+00:00,0.0,0.0,0.0,0.0,0.0,0.0,0.0,0.0,0.0,0.0,0.0,0.0,0.0,0.0,8,summer,0.0,0.0,0.0
3,2024-08-04 23:00:00+00:00,0.0,0.0,0.0,0.0,0.0,0.0,0.0,0.0,0.0,0.0,0.0,0.0,0.0,0.0,8,summer,0.0,0.0,0.0
3,2024-08-05 00:00:00+00:00,0.0,0.0,0.0,0.0,0.0,0.0,0.0,0.0,0.0,0.0,0.0,0.0,0.0,0.0,8,summer,0.0,0.0,0.0
3,2024-08-05 01:00:00+00:00,0.0,0.0,0.0,0.0,0.0,0.0,0.0,0.0,0.0,0.0,0.0,0.0,0.0,0.0,8,summer,0.0,0.0,0.0
3,2024-08-05 02:00:00+00:00,0.0,0.0,0.0,0.0,0.0,0.0,0.0,0.0,0.0,0.0,0.0,0.0,0.0,0.0,8,summer,0.0,0.0,0.0
3,2024-08-05 03:00:00+00:00,0.0,0.0,0.0,0.0,0.0,0.0,0.0,0.0,0.0,0.0,0.0,0.0,0.0,0.0,8,summer,0.0,0.0,0.0
3,2024-08-05 04:00:00+00:00,0.0,0.0,0.0,0.0,0.0,0.0,0.0,3.179577,10.999999,10.999999,9.999999,9.999999,22.999996,22.999996,8,summer,0.0,0.0,4.171253
3,2024-08-05 05:00:00+00:00,0.0,0.0,0.0,0.0,0.0,0.0,0.0,44.109196,79.00001,78.00001,65.0,70.00001,154.00002,154.00002,8,summer,0.0,0.0,97.18608
3,2024-08-05 06:00:00+00:00,0.0,0.0,0.0,0.0,0.0,0.0,0.0,105.26973,193.00002,203.00002,140.0,173.0,343.00003,342.00003,8,summer,0.0,0.0,268.282
3,2024-08-05 07:00:00+00:00,0.0,0.0,0.0,0.0,0.0,0.0,0.0,173.3393,331.0,373.0,207.0,301.0,525.99994,521.0,8,summer,0.0,0.0,424.06586
3,2024-08-05 08:00:00+00:00,0.0,0.0,0.0,0.0,0.0,0.0,0.0,432.60083,467.0,547.0,289.0,443.0,679.0,679.0,8,summer,0.0,0.0,600.3279
3,2024-08-05 09:00:00+00:00,0.0,0.0,0.0,0.0,0.0,0.0,0.0,503.16846,566.0,667.99994,431.0,589.0,771.0,806.0,8,summer,0.0,0.0,759.2863
3,2024-08-05 10:00:00+00:00,0.0,0.0,0.0,0.0,0.0,0.0,0.0,269.0258,623.0,730.0,609.0,725.0,802.0,893.0,8,summer,0.0,0.0,871.50726
3,2024-08-05 11:00:00+00:00,0.0,0.0,0.0,0.0,0.0,0.0,0.0,324.40408,653.0,749.0,735.0,810.0,807.0,934.0,8,summer,0.0,0.0,372.7299
3,2024-08-05 12:00:00+00:00,0.0,0.0,0.0,0.0,0.0,0.0,0.0,354.94183,671.0,738.0,753.0,821.0,815.0,927.0,8,summer,0.0,0.0,310.66025
3,2024-08-05 13:00:00+00:00,0.0,0.0,0.0,0.0,0.0,0.0,0.0,320.59424,656.0,684.0,694.0,765.0,802.0,871.0,8,summer,0.0,0.0,302.90662
3,2024-08-05 14:00:00+00:00,0.0,0.0,0.0,0.0,0.0,0.0,0.0,274.8006,588.0,586.0,589.0,655.0,737.0,771.0,8,summer,0.0,0.0,272.91296
3,2024-08-05 15:00:00+00:00,0.0,0.0,0.0,0.0,0.0,0.0,0.0,216.17563,462.0,444.0,449.0,497.0,618.0,633.0,8,summer,0.0,0.0,193.37405
3,2024-08-05 16:00:00+00:00,0.0,0.0,0.0,0.0,0.0,0.0,0.0,158.25737,315.0,293.0,299.0,327.0,461.99997,467.0,8,summer,0.0,0.0,157.67271
3,2024-08-05 17:00:00+00:00,0.0,0.0,0.0,0.0,0.0,0.0,0.0,114.29656,180.00003,163.00002,167.00002,181.00003,284.00006,284.00006,8,summer,0.0,0.0,100.484436
3,2024-08-05 18:00:00+00:00,0.0,0.0,0.0,0.0,0.0,0.0,0.0,54.508717,60.000008,54.000004,55.000004,60.000008,96.000015,96.000015,8,summer,0.0,0.0,33.53869
3,2024-08-05 19:00:00+00:00,0.0,0.0,0.0,0.0,0.0,0.0,0.0,0.0,0.0,0.0,0.0,0.0,0.0,0.0,8,summer,0.0,0.0,0.0
3,2024-08-05 20:00:00+00:00,0.0,0.0,0.0,0.0,0.0,0.0,0.0,0.0,0.0,0.0,0.0,0.0,0.0,0.0,8,summer,0.0,0.0,0.0
3,2024-08-05 21:00:00+00:00,0.0,0.0,0.0,0.0,0.0,0.0,0.0,0.0,0.0,0.0,0.0,0.0,0.0,0.0,8,summer,0.0,0.2,0.0
3,2024-08-05 22:00:00+00:00,0.0,0.0,0.0,0.0,0.0,0.0,0.0,0.0,0.0,0.0,0.0,0.0,0.0,0.0,8,summer,0.0,0.0,0.0
3,2024-08-05 23:00:00+00:00,0.0,0.0,0.0,0.0,0.0,0.0,0.0,0.0,0.0,0.0,0.0,0.0,0.0,0.0,8,summer,0.0,0.0,0.0
3,2024-08-06 00:00:00+00:00,0.0,0.0,0.0,0.0,0.0,0.0,0.0,0.0,0.0,0.0,0.0,0.0,0.0,0.0,8,summer,0.0,0.0,0.0
3,2024-08-06 01:00:00+00:00,0.0,0.1,0.3,0.0,0.0,0.0,0.0,0.0,0.0,0.0,0.0,0.0,0.0,0.0,8,summer,0.06,0.0,0.0
3,2024-08-06 02:00:00+00:00,0.0,0.1,0.3,0.0,0.0,0.0,0.0,0.0,0.0,0.0,0.0,0.0,0.0,0.0,8,summer,0.06,0.0,0.0
3,2024-08-06 03:00:00+00:00,0.0,0.1,0.3,0.0,0.0,0.0,0.0,0.0,0.0,0.0,0.0,0.0,0.0,0.0,8,summer,0.06,0.0,0.0
3,2024-08-06 04:00:00+00:00,0.0,0.0,0.1,0.0,0.0,0.0,0.0,4.1484823,9.0,7.0,9.999999,9.999999,20.999996,20.999996,8,summer,0.01,0.0,4.1484823
3,2024-08-06 05:00:00+00:00,0.0,0.0,0.1,0.0,0.0,0.0,0.0,95.96312,71.0,52.0,76.0,77.0,151.0,151.0,8,summer,0.01,0.0,57.792435
3,2024-08-06 06:00:00+00:00,0.0,0.0,0.1,0.0,0.0,0.0,0.0,270.0863,198.0,133.0,202.0,205.99998,339.99997,337.99997,8,summer,0.01,0.0,119.068565
3,2024-08-06 07:00:00+00:00,0.0,0.0,0.0,0.0,0.0,0.0,0.0,449.64398,382.99997,240.0,377.99997,384.0,521.99994,518.0,8,summer,0.0,0.0,448.88712
3,2024-08-06 08:00:00+00:00,0.0,0.0,0.0,0.0,0.0,0.0,0.0,615.3983,579.0,375.0,563.0,571.00006,677.0,677.0,8,summer,0.0,0.0,531.5461
3,2024-08-06 09:00:00+00:00,0.0,0.0,0.0,0.0,0.0,0.0,0.0,762.2082,720.0,547.0,712.0,717.0,776.0,804.0,8,summer,0.0,0.0,766.3645
3,2024-08-06 10:00:00+00:00,0.0,0.0,0.0,0.0,0.0,0.0,0.0,875.7979,798.0,736.0,812.0,809.0,819.0,891.0,8,summer,0.0,0.0,875.3236
3,2024-08-06 11:00:00+00:00,0.0,0.0,0.0,0.0,0.0,0.0,0.0,933.06537,831.0,863.0,839.0,840.0,833.0,932.0,8,summer,0.0,0.0,936.40137
3,2024-08-06 12:00:00+00:00,0.0,0.0,0.0,0.0,0.0,0.0,0.0,923.9897,829.0,880.0,765.0,799.0,839.0,925.0,8,summer,0.0,0.0,925.80225
3,2024-08-06 13:00:00+00:00,0.0,0.0,0.0,0.0,0.0,0.0,0.0,847.9992,778.0,810.0,623.0,698.0,818.0,869.0,8,summer,0.0,0.0,846.4414
3,2024-08-06 14:00:00+00:00,0.0,0.0,0.0,0.0,0.0,0.0,0.0,721.6265,675.0,689.0,485.0,566.0,745.0,768.0,8,summer,0.0,0.0,642.5012
3,2024-08-06 15:00:00+00:00,0.0,0.0,0.0,0.0,0.0,0.0,0.0,566.7097,523.0,533.0,375.0,418.0,620.0,630.0,8,summer,0.0,0.0,469.14743
3,2024-08-06 16:00:00+00:00,0.0,0.0,0.0,0.0,0.0,0.0,0.0,397.33884,354.0,361.0,271.0,272.0,460.0,463.00003,8,summer,0.0,0.0,395.28036
3,2024-08-06 17:00:00+00:00,0.0,0.0,0.0,0.0,0.0,0.0,0.0,216.04428,200.0,204.0,162.0,149.0,279.99997,279.99997,8,summer,0.0,0.0,213.94952
3,2024-08-06 18:00:00+00:00,0.0,0.0,0.0,0.0,0.0,0.0,0.0,55.092598,64.99999,65.99999,52.999996,47.999996,91.999985,91.999985,8,summer,0.0,0.0,53.75362
3,2024-08-06 19:00:00+00:00,0.0,0.0,0.0,0.0,0.0,0.0,0.0,0.0,0.0,0.0,0.0,0.0,0.0,0.0,8,summer,0.0,0.0,0.0
3,2024-08-06 20:00:00+00:00,0.0,0.0,0.0,0.0,0.0,0.0,0.0,0.0,0.0,0.0,0.0,0.0,0.0,0.0,8,summer,0.0,0.0,0.0
3,2024-08-06 21:00:00+00:00,0.0,0.0,0.0,0.0,0.0,0.0,0.0,0.0,0.0,0.0,0.0,0.0,0.0,0.0,8,summer,0.0,0.0,0.0
3,2024-08-06 22:00:00+00:00,0.0,0.0,0.0,0.0,0.0,0.0,0.0,0.0,0.0,0.0,0.0,0.0,0.0,0.0,8,summer,0.0,0.0,0.0
3,2024-08-06 23:00:00+00:00,0.0,0.0,0.0,0.0,0.0,0.0,0.0,0.0,0.0,0.0,0.0,0.0,0.0,0.0,8,summer,0.0,0.0,0.0
3,2024-08-07 00:00:00+00:00,0.0,0.0,0.0,0.0,0.0,0.0,0.0,0.0,0.0,0.0,0.0,0.0,0.0,0.0,8,summer,0.0,0.0,0.0
3,2024-08-07 01:00:00+00:00,0.0,0.0,0.0,0.0,0.0,0.0,0.0,0.0,0.0,0.0,0.0,0.0,0.0,0.0,8,summer,0.0,0.0,0.0
3,2024-08-07 02:00:00+00:00,0.0,0.0,0.0,0.0,0.0,0.0,0.0,0.0,0.0,0.0,0.0,0.0,0.0,0.0,8,summer,0.0,0.0,0.0
3,2024-08-07 03:00:00+00:00,0.0,0.0,0.0,0.0,0.0,0.0,0.0,0.0,0.0,0.0,0.0,0.0,0.0,0.0,8,summer,0.0,0.0,0.0
3,2024-08-07 04:00:00+00:00,0.0,0.0,0.0,0.0,0.0,0.0,0.0,3.1592438,9.999999,9.999999,9.999999,9.0,18.999998,18.999998,8,summer,0.0,0.0,3.1592438
3,2024-08-07 05:00:00+00:00,0.0,0.0,0.0,0.0,0.0,0.0,0.0,89.84328,78.0,78.0,78.0,76.0,148.00002,148.00002,8,summer,0.0,0.0,94.09299
3,2024-08-07 06:00:00+00:00,0.0,0.0,0.0,0.0,0.0,0.0,0.0,267.5547,208.0,208.0,211.0,205.0,337.0,336.0,8,summer,0.0,0.0,267.49747
3,2024-08-07 07:00:00+00:00,0.0,0.0,0.0,0.0,0.0,0.0,0.0,446.7478,387.99994,387.99994,392.99994,383.99997,518.9999,514.99994,8,summer,0.0,0.0,447.49994
3,2024-08-07 08:00:00+00:00,0.0,0.0,0.0,0.0,0.0,0.0,0.0,613.8172,575.99994,575.99994,584.0,572.0,674.0,674.0,8,summer,0.0,0.0,615.57416
3,2024-08-07 09:00:00+00:00,0.0,0.0,0.0,0.0,0.0,0.0,0.0,754.4899,718.0,719.0,727.0,714.0,779.0,802.0,8,summer,0.0,0.0,757.95154
3,2024-08-07 10:00:00+00:00,0.0,0.0,0.0,0.0,0.0,0.0,0.0,872.6615,805.0,809.0,814.0,801.0,829.0,889.0,8,summer,0.0,0.0,866.6615
3,2024-08-07 11:00:00+00:00,0.0,0.0,0.0,0.0,0.0,0.0,0.0,930.48303,843.0,849.0,851.0,839.0,848.0,930.0,8,summer,0.0,0.0,931.5844
3,2024-08-07 12:00:00+00:00,0.0,0.0,0.0,0.0,0.0,0.0,0.0,918.2792,835.0,842.0,843.0,832.0,853.0,923.0,8,summer,0.0,0.0,919.41296
3,2024-08-07 13:00:00+00:00,0.0,0.0,0.0,0.0,0.0,0.0,0.0,842.9998,776.0,782.0,783.0,774.0,828.0,866.0,8,summer,0.0,0.0,840.0078
3,2024-08-07 14:00:00+00:00,0.0,0.0,0.0,0.0,0.0,0.0,0.0,717.1387,666.0,672.0,673.0,665.0,750.0,766.0,8,summer,0.0,0.0,713.46344
3,2024-08-07 15:00:00+00:00,0.0,0.0,0.0,0.0,0.0,0.0,0.0,561.79694,511.0,517.0,518.0,511.0,621.0,627.0,8,summer,0.0,0.0,561.8312
3,2024-08-07 16:00:00+00:00,0.0,0.0,0.0,0.0,0.0,0.0,0.0,390.92593,343.0,348.00003,349.00003,343.0,459.00003,460.00003,8,summer,0.0,0.0,389.12198
3,2024-08-07 17:00:00+00:00,0.0,0.0,0.0,0.0,0.0,0.0,0.0,196.78459,192.0,195.0,195.99998,192.0,276.0,276.0,8,summer,0.0,0.0,208.72903
3,2024-08-07 18:00:00+00:00,0.0,0.0,0.0,0.0,0.0,0.0,0.0,31.538204,60.000008,61.000008,61.000008,60.000008,88.000015,88.000015,8,summer,0.0,0.0,50.90751
3,2024-08-07 19:00:00+00:00,0.0,0.0,0.0,0.0,0.0,0.0,0.0,0.0,0.0,0.0,0.0,0.0,0.0,0.0,8,summer,0.0,0.0,0.0
3,2024-08-07 20:00:00+00:00,0.0,0.0,0.0,0.0,0.0,0.0,0.0,0.0,0.0,0.0,0.0,0.0,0.0,0.0,8,summer,0.0,0.0,0.0
3,2024-08-07 21:00:00+00:00,0.0,0.0,0.0,0.0,0.0,0.0,0.0,0.0,0.0,0.0,0.0,0.0,0.0,0.0,8,summer,0.0,0.0,0.0
3,2024-08-07 22:00:00+00:00,0.0,0.0,0.0,0.0,0.0,0.0,0.0,0.0,0.0,0.0,0.0,0.0,0.0,0.0,8,summer,0.0,0.0,0.0
3,2024-08-07 23:00:00+00:00,0.0,0.0,0.0,0.0,0.0,0.0,0.0,0.0,0.0,0.0,0.0,0.0,0.0,0.0,8,summer,0.0,0.0,0.0
3,2024-08-08 00:00:00+00:00,0.0,0.0,0.0,0.0,0.0,0.0,0.0,0.0,0.0,0.0,0.0,0.0,0.0,0.0,8,summer,0.0,0.0,0.0
3,2024-08-08 01:00:00+00:00,0.0,0.0,0.0,0.0,0.0,0.0,0.0,0.0,0.0,0.0,0.0,0.0,0.0,0.0,8,summer,0.0,0.0,0.0
3,2024-08-08 02:00:00+00:00,0.0,0.0,0.0,0.0,0.0,0.0,0.0,0.0,0.0,0.0,0.0,0.0,0.0,0.0,8,summer,0.0,0.0,0.0
3,2024-08-08 03:00:00+00:00,0.0,0.0,0.0,0.0,0.0,0.0,0.0,0.0,0.0,0.0,0.0,0.0,0.0,0.0,8,summer,0.0,0.0,0.0
3,2024-08-08 04:00:00+00:00,0.0,0.0,0.0,0.0,0.0,0.0,0.0,1.0787046,6.9999995,7.9999995,7.9999995,7.9999995,17.999998,17.999998,8,summer,0.0,0.0,3.142798
3,2024-08-08 05:00:00+00:00,0.0,0.0,0.0,0.0,0.0,0.0,0.0,56.842213,59.0,72.0,73.0,73.0,145.0,145.0,8,summer,0.0,0.0,70.11977
3,2024-08-08 06:00:00+00:00,0.0,0.0,0.0,0.0,0.0,0.0,0.0,65.09361,170.0,199.0,201.0,202.0,334.00003,333.00003,8,summer,0.0,0.0,116.263756
3,2024-08-08 07:00:00+00:00,0.0,0.0,0.0,0.0,0.0,0.0,0.0,166.64455,333.0,377.0,378.0,380.0,516.99994,513.0,8,summer,0.0,0.0,174.98454
3,2024-08-08 08:00:00+00:00,0.0,0.0,0.0,0.0,0.0,0.0,0.0,208.95792,506.0,558.0,565.0,567.0,672.0,672.0,8,summer,0.0,0.0,196.31528
3,2024-08-08 09:00:00+00:00,0.0,0.0,0.0,0.0,0.0,0.0,0.0,281.70334,630.0,672.0,707.0,709.0,768.0,799.0,8,summer,0.0,0.1,60.245533
3,2024-08-08 10:00:00+00:00,0.0,0.0,0.0,0.0,0.0,0.0,0.0,290.93576,700.0,716.0,795.0,797.0,806.0,887.0,8,summer,0.0,0.0,336.43097
3,2024-08-08 11:00:00+00:00,0.0,0.0,0.0,0.0,0.0,0.0,0.0,289.69632,734.0,729.0,834.0,835.0,815.0,928.0,8,summer,0.0,0.0,319.24704
3,2024-08-08 12:00:00+00:00,0.0,0.0,0.0,0.0,0.0,0.0,0.0,422.0005,747.0,738.0,827.0,826.0,822.0,920.0,8,summer,0.0,0.0,745.23645
3,2024-08-08 13:00:00+00:00,0.0,0.0,0.0,0.0,0.0,0.0,0.0,219.32246,720.0,715.0,768.0,765.0,804.0,864.0,8,summer,0.0,0.0,802.46576
3,2024-08-08 14:00:00+00:00,0.0,0.0,0.0,0.0,0.0,0.0,0.0,236.49796,636.0,632.0,659.0,656.0,734.0,763.0,8,summer,0.0,0.0,709.4825
3,2024-08-08 15:00:00+00:00,0.0,0.0,0.0,0.0,0.0,0.0,0.0,207.73479,494.0,483.0,506.0,504.99997,611.0,624.0,8,summer,0.0,0.0,516.9219
3,2024-08-08 16:00:00+00:00,0.0,0.0,0.0,0.0,0.0,0.0,0.0,122.96986,333.00003,317.00003,339.00003,340.00003,453.00003,456.00006,8,summer,0.0,0.0,282.29492
3,2024-08-08 17:00:00+00:00,0.0,0.0,0.0,0.0,0.0,0.0,0.0,60.68659,186.0,173.0,189.0,190.0,272.0,272.0,8,summer,0.0,0.0,198.4422
3,2024-08-08 18:00:00+00:00,0.0,0.0,0.0,0.0,0.0,0.0,0.0,7.316618,55.999996,51.999996,56.999996,56.999996,83.99999,83.99999,8,summer,0.0,0.0,46.24127
3,2024-08-08 19:00:00+00:00,0.0,0.0,0.0,0.0,0.0,0.0,0.0,0.0,0.0,0.0,0.0,0.0,0.0,0.0,8,summer,0.0,0.0,0.0
3,2024-08-08 20:00:00+00:00,0.0,0.0,0.0,0.0,0.0,0.0,0.0,0.0,0.0,0.0,0.0,0.0,0.0,0.0,8,summer,0.0,0.0,0.0
3,2024-08-08 21:00:00+00:00,0.0,0.0,0.0,0.0,0.0,0.0,0.0,0.0,0.0,0.0,0.0,0.0,0.0,0.0,8,summer,0.0,0.0,0.0
3,2024-08-08 22:00:00+00:00,0.0,0.0,0.0,0.0,0.0,0.0,0.0,0.0,0.0,0.0,0.0,0.0,0.0,0.0,8,summer,0.0,0.0,0.0
3,2024-08-08 23:00:00+00:00,0.0,0.0,0.0,0.0,0.0,0.0,0.0,0.0,0.0,0.0,0.0,0.0,0.0,0.0,8,summer,0.0,0.0,0.0
3,2024-08-09 00:00:00+00:00,0.0,0.0,0.0,0.0,0.0,0.0,0.0,0.0,0.0,0.0,0.0,0.0,0.0,0.0,8,summer,0.0,0.0,0.0
3,2024-08-09 01:00:00+00:00,0.0,0.0,0.0,0.0,0.0,0.0,0.0,0.0,0.0,0.0,0.0,0.0,0.0,0.0,8,summer,0.0,0.0,0.0
3,2024-08-09 02:00:00+00:00,0.0,0.0,0.0,0.0,0.0,0.0,0.0,0.0,0.0,0.0,0.0,0.0,0.0,0.0,8,summer,0.0,0.0,0.0
3,2024-08-09 03:00:00+00:00,0.0,0.0,0.0,0.0,0.0,0.0,0.0,0.0,0.0,0.0,0.0,0.0,0.0,0.0,8,summer,0.0,0.0,0.0
3,2024-08-09 04:00:00+00:00,0.0,0.0,0.0,0.0,0.0,0.0,0.0,2.1299715,7.0000005,7.0000005,8.000001,7.0000005,15.000004,16.000004,8,summer,0.0,0.0,2.1299715
3,2024-08-09 05:00:00+00:00,0.0,0.0,0.0,0.0,0.0,0.0,0.0,88.44493,66.0,69.0,71.0,70.0,138.0,139.0,8,summer,0.0,0.0,88.44493
3,2024-08-09 06:00:00+00:00,0.0,0.0,0.0,0.0,0.0,0.0,0.0,260.0664,188.0,193.0,198.0,197.0,323.99997,325.0,8,summer,0.0,0.0,232.58484
3,2024-08-09 07:00:00+00:00,0.0,0.0,0.0,0.0,0.0,0.0,0.0,438.9178,361.0,367.0,376.0,374.0,506.0,504.0,8,summer,0.0,0.0,424.1117
3,2024-08-09 08:00:00+00:00,0.0,0.0,0.0,0.0,0.0,0.0,0.0,604.3074,547.0,553.0,563.0,560.0,661.0,664.0,8,summer,0.0,0.0,521.3101
3,2024-08-09 09:00:00+00:00,0.0,0.0,0.0,0.0,0.0,0.0,0.0,705.8044,685.99994,695.0,701.0,697.00006,757.0,793.0,8,summer,0.0,0.0,668.07214
3,2024-08-09 10:00:00+00:00,0.0,0.0,0.0,0.0,0.0,0.0,0.0,862.6526,772.0,786.0,783.0,776.0,794.0,882.0,8,summer,0.0,0.0,841.23035
3,2024-08-09 11:00:00+00:00,0.0,0.0,0.0,0.0,0.0,0.0,0.0,895.3087,810.0,825.0,816.0,808.0,804.0,925.0,8,summer,0.0,0.0,723.17615
3,2024-08-09 12:00:00+00:00,0.0,0.0,0.0,0.0,0.0,0.0,0.0,802.83276,810.0,813.0,804.0,800.0,812.0,918.0,8,summer,0.0,0.0,694.44543
3,2024-08-09 13:00:00+00:00,0.0,0.0,0.0,0.0,0.0,0.0,0.0,756.3438,759.0,747.0,741.0,742.0,795.0,861.0,8,summer,0.0,0.0,423.8992
3,2024-08-09 14:00:00+00:00,0.0,0.0,0.0,0.0,0.0,0.0,0.0,649.0462,653.0,637.0,633.0,639.0,727.0,760.0,8,summer,0.0,0.0,213.00063
3,2024-08-09 15:00:00+00:00,0.0,0.0,0.0,0.0,0.0,0.0,0.0,554.26886,493.99997,490.0,484.0,495.0,606.0,620.0,8,summer,0.0,0.0,188.07294
3,2024-08-09 16:00:00+00:00,0.0,0.0,0.0,0.0,0.0,0.0,0.0,383.31638,322.00003,330.00003,324.00003,336.00003,449.00003,453.0,8,summer,0.0,0.0,175.75522
3,2024-08-09 17:00:00+00:00,0.0,0.0,0.0,0.0,0.0,0.0,0.0,171.88408,174.0,184.00002,179.0,188.0,268.0,268.0,8,summer,0.0,0.0,135.17429
3,2024-08-09 18:00:00+00:00,0.0,0.0,0.0,0.0,0.0,0.0,0.0,44.087463,50.0,53.0,52.0,55.0,79.0,79.0,8,summer,0.0,0.0,34.844795
3,2024-08-09 19:00:00+00:00,0.0,0.0,0.0,0.0,0.0,0.0,0.0,0.0,0.0,0.0,0.0,0.0,0.0,0.0,8,summer,0.0,0.0,0.0
3,2024-08-09 20:00:00+00:00,0.0,0.0,0.0,0.0,0.0,0.0,0.0,0.0,0.0,0.0,0.0,0.0,0.0,0.0,8,summer,0.0,0.0,0.0
3,2024-08-09 21:00:00+00:00,0.0,0.0,0.0,0.0,0.0,0.0,0.0,0.0,0.0,0.0,0.0,0.0,0.0,0.0,8,summer,0.0,0.0,0.0
3,2024-08-09 22:00:00+00:00,0.0,0.0,0.0,0.0,0.0,0.0,0.0,0.0,0.0,0.0,0.0,0.0,0.0,0.0,8,summer,0.0,0.0,0.0
3,2024-08-09 23:00:00+00:00,0.0,0.0,0.0,0.0,0.0,0.0,0.0,0.0,0.0,0.0,0.0,0.0,0.0,0.0,8,summer,0.0,0.0,0.0
3,2024-08-10 00:00:00+00:00,0.0,0.0,0.0,0.0,0.0,0.0,0.0,0.0,0.0,0.0,0.0,0.0,0.0,0.0,8,summer,0.0,0.0,0.0
3,2024-08-10 01:00:00+00:00,0.0,0.0,0.0,0.0,0.0,0.0,0.0,0.0,0.0,0.0,0.0,0.0,0.0,0.0,8,summer,0.0,0.0,0.0
3,2024-08-10 02:00:00+00:00,0.0,0.0,0.0,0.0,0.0,0.0,0.0,0.0,0.0,0.0,0.0,0.0,0.0,0.0,8,summer,0.0,0.0,0.0
3,2024-08-10 03:00:00+00:00,0.0,0.0,0.0,0.0,0.0,0.0,0.0,0.0,0.0,0.0,0.0,0.0,0.0,0.0,8,summer,0.0,0.0,0.0
3,2024-08-10 04:00:00+00:00,0.0,0.0,0.0,0.0,0.0,0.0,0.0,2.1208854,6.999999,6.999999,5.9999995,6.999999,13.999997,13.999997,8,summer,0.0,0.0,2.1208854
3,2024-08-10 05:00:00+00:00,0.0,0.0,0.0,0.0,0.0,0.0,0.0,84.95557,67.99999,69.99999,65.99999,67.99999,137.99997,137.99997,8,summer,0.0,0.0,84.95557
3,2024-08-10 06:00:00+00:00,0.0,0.0,0.0,0.0,0.0,0.0,0.0,253.46506,193.0,199.0,189.0,193.0,328.0,327.00003,8,summer,0.0,0.0,210.50403
3,2024-08-10 07:00:00+00:00,0.0,0.0,0.0,0.0,0.0,0.0,0.0,433.40677,371.0,381.0,363.0,371.0,511.0,507.0,8,summer,0.0,0.0,433.16534
3,2024-08-10 08:00:00+00:00,0.0,0.0,0.0,0.0,0.0,0.0,0.0,600.0127,557.0,565.0,541.0,555.0,667.0,667.0,8,summer,0.0,0.0,601.14044
3,2024-08-10 09:00:00+00:00,0.0,0.0,0.0,0.0,0.0,0.0,0.0,747.9038,689.0,684.0,660.0,681.0,766.0,795.0,8,summer,0.0,0.0,744.9038
3,2024-08-10 10:00:00+00:00,0.0,0.0,0.0,0.0,0.0,0.0,0.0,859.9104,761.0,731.0,715.0,744.0,808.0,882.0,8,summer,0.0,0.0,749.4908
3,2024-08-10 11:00:00+00:00,0.0,0.0,0.0,0.0,0.0,0.0,0.0,916.8995,781.0,727.0,716.0,766.0,821.0,923.0,8,summer,0.0,0.0,605.3726
3,2024-08-10 12:00:00+00:00,0.0,0.0,0.0,0.0,0.0,0.0,0.0,904.30853,752.0,681.0,661.0,763.0,827.0,915.0,8,summer,0.0,0.0,284.4532
3,2024-08-10 13:00:00+00:00,0.0,0.0,0.0,0.0,0.0,0.0,0.0,669.8001,674.0,593.0,562.0,719.99994,806.0,858.0,8,summer,0.0,0.0,291.60953
3,2024-08-10 14:00:00+00:00,0.0,0.0,0.0,0.0,0.0,0.0,0.0,401.48834,565.0,491.0,459.0,626.0,733.0,757.0,8,summer,0.0,0.0,287.97092
3,2024-08-10 15:00:00+00:00,0.0,0.0,0.0,0.0,0.0,0.0,0.0,281.21606,432.0,387.0,368.0,481.99994,607.0,617.0,8,summer,0.0,0.0,225.5708
3,2024-08-10 16:00:00+00:00,0.0,0.0,0.0,0.0,0.0,0.0,0.0,280.9395,293.0,276.0,272.0,323.0,445.99997,448.99997,8,summer,0.0,0.0,313.75574
3,2024-08-10 17:00:00+00:00,0.0,0.0,0.0,0.0,0.0,0.0,0.0,195.07349,163.0,160.0,162.0,178.0,264.0,264.0,8,summer,0.0,0.0,195.02457
3,2024-08-10 18:00:00+00:00,0.0,0.0,0.0,0.0,0.0,0.0,0.0,43.17247,46.0,46.0,47.0,50.0,76.0,76.0,8,summer,0.0,0.0,43.17247
3,2024-08-10 19:00:00+00:00,0.0,0.0,0.0,0.0,0.0,0.0,0.0,0.0,0.0,0.0,0.0,0.0,0.0,0.0,8,summer,0.0,0.0,0.0
3,2024-08-10 20:00:00+00:00,0.0,0.0,0.0,0.0,0.0,0.0,0.0,0.0,0.0,0.0,0.0,0.0,0.0,0.0,8,summer,0.0,0.0,0.0
3,2024-08-10 21:00:00+00:00,0.0,0.0,0.0,0.0,0.0,0.0,0.0,0.0,0.0,0.0,0.0,0.0,0.0,0.0,8,summer,0.0,0.0,0.0
3,2024-08-10 22:00:00+00:00,0.0,0.0,0.0,0.0,0.0,0.0,0.0,0.0,0.0,0.0,0.0,0.0,0.0,0.0,8,summer,0.0,0.0,0.0
3,2024-08-10 23:00:00+00:00,0.0,0.0,0.0,0.0,0.0,0.0,0.0,0.0,0.0,0.0,0.0,0.0,0.0,0.0,8,summer,0.0,0.0,0.0
3,2024-08-11 00:00:00+00:00,0.0,0.0,0.0,0.0,0.0,0.0,0.0,0.0,0.0,0.0,0.0,0.0,0.0,0.0,8,summer,0.0,0.0,0.0
3,2024-08-11 01:00:00+00:00,0.0,0.0,0.0,0.0,0.0,0.0,0.0,0.0,0.0,0.0,0.0,0.0,0.0,0.0,8,summer,0.0,0.0,0.0
3,2024-08-11 02:00:00+00:00,0.0,0.0,0.0,0.0,0.0,0.0,0.0,0.0,0.0,0.0,0.0,0.0,0.0,0.0,8,summer,0.0,0.0,0.0
3,2024-08-11 03:00:00+00:00,0.0,0.0,0.0,0.0,0.0,0.0,0.0,0.0,0.0,0.0,0.0,0.0,0.0,0.0,8,summer,0.0,0.0,0.0
3,2024-08-11 04:00:00+00:00,0.0,0.0,0.0,0.0,0.0,0.0,0.0,2.1064167,6.0,6.0,6.0,6.0,12.000001,12.000001,8,summer,0.0,0.0,2.1064167
3,2024-08-11 05:00:00+00:00,0.0,0.0,0.0,0.0,0.0,0.0,0.0,64.43633,65.00001,66.00001,66.00001,64.00001,130.00003,134.00003,8,summer,0.0,0.0,48.536903
3,2024-08-11 06:00:00+00:00,0.0,0.0,0.0,0.0,0.0,0.0,0.0,212.66037,192.00002,191.00002,191.00002,186.00002,316.00003,323.00003,8,summer,0.0,0.0,84.991714
3,2024-08-11 07:00:00+00:00,0.0,0.0,0.0,0.0,0.0,0.0,0.0,312.40726,374.00003,368.0,369.00003,357.0,497.00006,504.00006,8,summer,0.0,0.0,169.77396
3,2024-08-11 08:00:00+00:00,0.0,0.0,0.0,0.0,0.0,0.0,0.0,401.95905,554.99994,556.0,556.0,538.0,654.0,664.0,8,summer,0.0,0.0,187.66644
3,2024-08-11 09:00:00+00:00,0.0,0.0,0.0,0.0,0.0,0.0,0.0,431.58228,655.0,698.0,693.0,677.0,756.0,792.0,8,summer,0.0,0.0,314.5244
3,2024-08-11 10:00:00+00:00,0.0,0.0,0.0,0.0,0.0,0.0,0.0,495.11096,673.0,786.0,772.0,764.0,801.0,879.0,8,summer,0.0,0.0,586.50104
3,2024-08-11 11:00:00+00:00,0.0,0.0,0.0,0.0,0.0,0.0,0.0,483.47394,650.0,825.0,793.0,790.0,818.0,921.0,8,summer,0.0,0.0,330.5253
3,2024-08-11 12:00:00+00:00,0.0,0.0,0.0,0.0,0.0,0.0,0.0,417.7845,606.0,818.0,754.0,743.0,825.0,912.0,8,summer,0.0,0.0,280.6149
3,2024-08-11 13:00:00+00:00,0.0,0.0,0.0,0.0,0.0,0.0,0.0,419.7037,535.0,758.0,662.0,639.0,804.0,855.0,8,summer,0.0,0.0,259.08102
3,2024-08-11 14:00:00+00:00,0.0,0.0,0.0,0.0,0.0,0.0,0.0,556.39404,452.0,649.0,543.0,521.0,730.0,753.0,8,summer,0.0,0.0,579.7795
3,2024-08-11 15:00:00+00:00,0.0,0.0,0.0,0.0,0.0,0.0,0.0,500.2929,364.0,494.99997,411.0,406.0,604.0,614.0,8,summer,0.0,0.0,545.62305
3,2024-08-11 16:00:00+00:00,0.0,0.0,0.0,0.0,0.0,0.0,0.0,372.02704,267.0,328.0,276.0,287.0,443.0,445.0,8,summer,0.0,0.0,372.48676
3,2024-08-11 17:00:00+00:00,0.0,0.0,0.0,0.0,0.0,0.0,0.0,190.80368,157.99998,178.99998,151.99998,164.99998,259.99997,259.99997,8,summer,0.0,0.0,191.7496
3,2024-08-11 18:00:00+00:00,0.0,0.0,0.0,0.0,0.0,0.0,0.0,41.00167,44.999996,49.999992,41.999996,45.999992,73.999985,73.999985,8,summer,0.0,0.0,40.592136
3,2024-08-11 19:00:00+00:00,0.0,0.0,0.0,0.0,0.0,0.0,0.0,0.0,0.0,0.0,0.0,0.0,0.0,0.0,8,summer,0.0,0.0,0.0
3,2024-08-11 20:00:00+00:00,0.0,0.0,0.0,0.0,0.0,0.0,0.0,0.0,0.0,0.0,0.0,0.0,0.0,0.0,8,summer,0.0,0.0,0.0
3,2024-08-11 21:00:00+00:00,0.0,0.0,0.0,0.0,0.0,0.0,0.0,0.0,0.0,0.0,0.0,0.0,0.0,0.0,8,summer,0.0,0.0,0.0
3,2024-08-11 22:00:00+00:00,0.0,0.0,0.0,0.0,0.0,0.0,0.0,0.0,0.0,0.0,0.0,0.0,0.0,0.0,8,summer,0.0,0.0,0.0
3,2024-08-11 23:00:00+00:00,0.0,0.0,0.0,0.0,0.0,0.0,0.0,0.0,0.0,0.0,0.0,0.0,0.0,0.0,8,summer,0.0,0.0,0.0
3,2024-08-12 00:00:00+00:00,0.0,0.0,0.0,0.0,0.0,0.0,0.0,0.0,0.0,0.0,0.0,0.0,0.0,0.0,8,summer,0.0,0.0,0.0
3,2024-08-12 01:00:00+00:00,0.0,0.0,0.0,0.0,0.0,0.0,0.0,0.0,0.0,0.0,0.0,0.0,0.0,0.0,8,summer,0.0,0.0,0.0
3,2024-08-12 02:00:00+00:00,0.0,0.0,0.0,0.0,0.0,0.0,0.0,0.0,0.0,0.0,0.0,0.0,0.0,0.0,8,summer,0.0,0.0,0.0
3,2024-08-12 03:00:00+00:00,0.0,0.0,0.0,0.0,0.0,0.0,0.0,0.0,0.0,0.0,0.0,0.0,0.0,0.0,8,summer,0.0,0.0,0.0
3,2024-08-12 04:00:00+00:00,0.0,0.0,0.0,0.0,0.0,0.0,0.0,1.0758593,5.0,5.0,5.0,5.0,10.0,10.0,8,summer,0.0,0.0,1.0758593
3,2024-08-12 05:00:00+00:00,0.0,0.0,0.0,0.0,0.0,0.0,0.0,80.4719,63.000004,64.0,65.00001,64.0,129.00002,128.00002,8,summer,0.0,0.0,78.8871
3,2024-08-12 06:00:00+00:00,0.0,0.0,0.0,0.0,0.0,0.0,0.0,248.8076,187.0,189.0,191.0,189.0,318.0,312.99997,8,summer,0.0,0.0,247.86893
3,2024-08-12 07:00:00+00:00,0.0,0.0,0.0,0.0,0.0,0.0,0.0,427.9681,364.0,366.0,370.0,367.0,500.0,492.0,8,summer,0.0,0.0,427.20386
3,2024-08-12 08:00:00+00:00,0.0,0.0,0.0,0.0,0.0,0.0,0.0,594.61383,553.0,555.0,559.0,557.0,657.0,653.0,8,summer,0.0,0.0,594.0984
3,2024-08-12 09:00:00+00:00,0.0,0.0,0.0,0.0,0.0,0.0,0.0,741.7289,695.0,697.0,701.0,700.0,759.0,783.0,8,summer,0.0,0.0,739.7289
3,2024-08-12 10:00:00+00:00,0.0,0.0,0.0,0.0,0.0,0.0,0.0,852.1365,783.0,783.0,787.0,788.0,806.0,874.0,8,summer,0.0,0.0,848.6268
3,2024-08-12 11:00:00+00:00,0.0,0.0,0.0,0.0,0.0,0.0,0.0,908.12555,821.0,821.0,823.0,826.0,822.0,918.0,8,summer,0.0,0.0,907.6041
3,2024-08-12 12:00:00+00:00,0.0,0.0,0.0,0.0,0.0,0.0,0.0,897.3625,814.0,814.0,816.0,819.0,828.0,911.0,8,summer,0.0,0.0,897.8804
3,2024-08-12 13:00:00+00:00,0.0,0.0,0.0,0.0,0.0,0.0,0.0,821.4804,756.0,756.0,757.0,760.0,805.0,853.0,8,summer,0.0,0.0,819.00964
3,2024-08-12 14:00:00+00:00,0.0,0.0,0.0,0.0,0.0,0.0,0.0,696.9946,646.0,646.0,647.0,650.0,730.0,750.0,8,summer,0.0,0.0,696.4269
3,2024-08-12 15:00:00+00:00,0.0,0.0,0.0,0.0,0.0,0.0,0.0,541.7208,491.0,490.0,492.0,494.0,602.0,610.0,8,summer,0.0,0.0,540.0519
3,2024-08-12 16:00:00+00:00,0.0,0.0,0.0,0.0,0.0,0.0,0.0,370.55838,323.0,322.0,324.0,325.0,439.0,441.0,8,summer,0.0,0.0,368.73456
3,2024-08-12 17:00:00+00:00,0.0,0.0,0.0,0.0,0.0,0.0,0.0,188.56161,174.00002,173.00002,174.00002,175.00002,256.0,256.0,8,summer,0.0,0.0,187.38397
3,2024-08-12 18:00:00+00:00,0.0,0.0,0.0,0.0,0.0,0.0,0.0,38.375355,47.999996,47.999996,47.999996,47.999996,71.99999,71.99999,8,summer,0.0,0.0,37.927845
3,2024-08-12 19:00:00+00:00,0.0,0.0,0.0,0.0,0.0,0.0,0.0,0.0,0.0,0.0,0.0,0.0,0.0,0.0,8,summer,0.0,0.0,0.0
3,2024-08-12 20:00:00+00:00,0.0,0.0,0.0,0.0,0.0,0.0,0.0,0.0,0.0,0.0,0.0,0.0,0.0,0.0,8,summer,0.0,0.0,0.0
3,2024-08-12 21:00:00+00:00,0.0,0.0,0.0,0.0,0.0,0.0,0.0,0.0,0.0,0.0,0.0,0.0,0.0,0.0,8,summer,0.0,0.0,0.0
3,2024-08-12 22:00:00+00:00,0.0,0.0,0.0,0.0,0.0,0.0,0.0,0.0,0.0,0.0,0.0,0.0,0.0,0.0,8,summer,0.0,0.0,0.0
3,2024-08-12 23:00:00+00:00,0.0,0.0,0.0,0.0,0.0,0.0,0.0,0.0,0.0,0.0,0.0,0.0,0.0,0.0,8,summer,0.0,0.0,0.0
3,2024-08-13 00:00:00+00:00,0.0,0.0,0.0,0.0,0.0,0.0,0.0,0.0,0.0,0.0,0.0,0.0,0.0,0.0,8,summer,0.0,0.0,0.0
3,2024-08-13 01:00:00+00:00,0.0,0.0,0.0,0.0,0.0,0.0,0.0,0.0,0.0,0.0,0.0,0.0,0.0,0.0,8,summer,0.0,0.0,0.0
3,2024-08-13 02:00:00+00:00,0.0,0.0,0.0,0.0,0.0,0.0,0.0,0.0,0.0,0.0,0.0,0.0,0.0,0.0,8,summer,0.0,0.0,0.0
3,2024-08-13 03:00:00+00:00,0.0,0.0,0.0,0.0,0.0,0.0,0.0,0.0,0.0,0.0,0.0,0.0,0.0,0.0,8,summer,0.0,0.0,0.0
3,2024-08-13 04:00:00+00:00,0.0,0.0,0.0,0.0,0.0,0.0,0.0,1.07149,4.0000005,4.0000005,4.0000005,4.0000005,9.000002,9.000002,8,summer,0.0,0.0,1.07149
3,2024-08-13 05:00:00+00:00,0.0,0.0,0.0,0.0,0.0,0.0,0.0,78.49615,62.000004,61.0,61.0,62.000004,124.000015,125.000015,8,summer,0.0,0.0,77.919815
3,2024-08-13 06:00:00+00:00,0.0,0.0,0.0,0.0,0.0,0.0,0.0,245.94669,187.0,185.0,184.0,187.0,311.0,312.0,8,summer,0.0,0.0,246.975
3,2024-08-13 07:00:00+00:00,0.0,0.0,0.0,0.0,0.0,0.0,0.0,426.4686,365.0,362.0,359.0,363.0,493.0,492.0,8,summer,0.0,0.0,426.53732
3,2024-08-13 08:00:00+00:00,0.0,0.0,0.0,0.0,0.0,0.0,0.0,592.8764,554.0,551.0,547.0,551.0,650.0,653.0,8,summer,0.0,0.0,593.77075
3,2024-08-13 09:00:00+00:00,0.0,0.0,0.0,0.0,0.0,0.0,0.0,739.60913,701.0,701.0,692.0,699.0,755.0,782.0,8,summer,0.0,0.0,740.2454
3,2024-08-13 10:00:00+00:00,0.0,0.0,0.0,0.0,0.0,0.0,0.0,850.7011,794.0,799.0,783.0,793.0,805.0,873.0,8,summer,0.0,0.0,849.1927
3,2024-08-13 11:00:00+00:00,0.0,0.0,0.0,0.0,0.0,0.0,0.0,906.9593,822.0,823.0,816.0,816.0,824.0,916.0,8,summer,0.0,0.0,907.43915
3,2024-08-13 12:00:00+00:00,0.0,0.0,0.0,0.0,0.0,0.0,0.0,895.11145,771.0,751.0,790.0,747.0,830.0,908.0,8,summer,0.0,0.0,897.11145
3,2024-08-13 13:00:00+00:00,0.0,0.0,0.0,0.0,0.0,0.0,0.0,819.70337,659.0,613.0,706.0,614.0,806.0,850.0,8,summer,0.0,0.0,817.77075
3,2024-08-13 14:00:00+00:00,0.0,0.0,0.0,0.0,0.0,0.0,0.0,623.2019,531.0,474.0,574.0,476.0,730.0,747.0,8,summer,0.0,0.0,694.3421
3,2024-08-13 15:00:00+00:00,0.0,0.0,0.0,0.0,0.0,0.0,0.0,280.60132,405.0,358.0,403.0,356.0,600.0,606.0,8,summer,0.0,0.0,540.12
3,2024-08-13 16:00:00+00:00,0.0,0.0,0.0,0.0,0.0,0.0,0.0,199.62888,277.0,247.0,236.0,242.0,434.99997,437.0,8,summer,0.0,0.0,367.60458
3,2024-08-13 17:00:00+00:00,0.0,0.0,0.0,0.0,0.0,0.0,0.0,159.04736,154.0,138.0,113.0,133.0,250.99997,250.99997,8,summer,0.0,0.0,185.17862
3,2024-08-13 18:00:00+00:00,0.0,0.0,0.0,0.0,0.0,0.0,0.0,36.129032,41.999996,37.999996,29.999998,36.0,69.99999,68.99999,8,summer,0.0,0.0,36.577232
3,2024-08-13 19:00:00+00:00,0.0,0.0,0.0,0.0,0.0,0.0,0.0,0.0,0.0,0.0,0.0,0.0,0.0,0.0,8,summer,0.0,0.0,0.0
3,2024-08-13 20:00:00+00:00,0.0,0.0,0.0,0.0,0.0,0.0,0.0,0.0,0.0,0.0,0.0,0.0,0.0,0.0,8,summer,0.0,0.0,0.0
3,2024-08-13 21:00:00+00:00,0.0,0.0,0.0,0.0,0.0,0.0,0.0,0.0,0.0,0.0,0.0,0.0,0.0,0.0,8,summer,0.0,0.0,0.0
3,2024-08-13 22:00:00+00:00,0.0,0.0,0.0,0.0,0.0,0.0,0.0,0.0,0.0,0.0,0.0,0.0,0.0,0.0,8,summer,0.0,0.0,0.0
3,2024-08-13 23:00:00+00:00,0.0,0.0,0.0,0.0,0.0,0.0,0.0,0.0,0.0,0.0,0.0,0.0,0.0,0.0,8,summer,0.0,0.0,0.0
3,2024-08-14 00:00:00+00:00,0.0,0.0,0.0,0.0,0.0,0.0,0.0,0.0,0.0,0.0,0.0,0.0,0.0,0.0,8,summer,0.0,0.0,0.0
3,2024-08-14 01:00:00+00:00,0.0,0.0,0.0,0.0,0.0,0.0,0.0,0.0,0.0,0.0,0.0,0.0,0.0,0.0,8,summer,0.0,0.0,0.0
3,2024-08-14 02:00:00+00:00,0.0,0.0,0.0,0.0,0.0,0.0,0.0,0.0,0.0,0.0,0.0,0.0,0.0,0.0,8,summer,0.0,0.0,0.0
3,2024-08-14 03:00:00+00:00,0.0,0.0,0.0,0.0,0.0,0.0,0.0,0.0,0.0,0.0,0.0,0.0,0.0,0.0,8,summer,0.0,0.0,0.0
3,2024-08-14 04:00:00+00:00,0.0,0.0,0.0,0.0,0.0,0.0,0.0,1.0617332,3.0000002,3.0000002,3.0000002,3.0000002,7.0000014,7.0000014,8,summer,0.0,0.0,0.0
3,2024-08-14 05:00:00+00:00,0.0,0.0,0.0,0.0,0.0,0.0,0.0,42.86257,59.000004,59.000004,59.000004,59.000004,119.000015,122.000015,8,summer,0.0,0.0,21.036955
3,2024-08-14 06:00:00+00:00,0.0,0.0,0.0,0.0,0.0,0.0,0.0,171.14886,182.0,182.0,182.0,182.0,304.0,308.0,8,summer,0.0,0.0,92.744484
3,2024-08-14 07:00:00+00:00,0.0,0.0,0.0,0.0,0.0,0.0,0.0,154.80573,358.0,358.0,358.0,361.0,486.0,488.0,8,summer,0.0,0.0,161.78278
3,2024-08-14 08:00:00+00:00,0.0,0.0,0.0,0.0,0.0,0.0,0.0,228.69392,545.0,546.0,545.0,551.0,643.0,649.0,8,summer,0.0,0.0,263.07404
3,2024-08-14 09:00:00+00:00,0.0,0.0,0.0,0.0,0.0,0.0,0.0,734.82935,686.0,687.0,684.0,694.0,746.0,779.0,8,summer,0.0,0.0,639.37585
3,2024-08-14 10:00:00+00:00,0.0,0.0,0.0,0.0,0.0,0.0,0.0,845.73804,771.0,772.0,767.0,781.0,795.0,869.0,8,summer,0.0,0.0,841.73676
3,2024-08-14 11:00:00+00:00,0.0,0.0,0.0,0.0,0.0,0.0,0.0,902.2329,800.0,801.0,792.0,819.0,813.0,913.0,8,summer,0.0,0.0,900.67694
3,2024-08-14 12:00:00+00:00,0.0,0.0,0.0,0.0,0.0,0.0,0.0,891.2346,773.0,772.0,763.0,813.0,820.0,905.0,8,summer,0.0,0.0,890.177
3,2024-08-14 13:00:00+00:00,0.0,0.0,0.0,0.0,0.0,0.0,0.0,815.9767,691.0,689.0,680.0,754.0,798.0,847.0,8,summer,0.0,0.0,812.5493
3,2024-08-14 14:00:00+00:00,0.0,0.0,0.0,0.0,0.0,0.0,0.0,691.09094,572.0,565.0,557.0,643.0,722.0,744.0,8,summer,0.0,0.0,689.36816
3,2024-08-14 15:00:00+00:00,0.0,0.0,0.0,0.0,0.0,0.0,0.0,535.18896,424.0,410.0,403.0,484.0,594.0,602.0,8,summer,0.0,0.0,535.8362
3,2024-08-14 16:00:00+00:00,0.0,0.0,0.0,0.0,0.0,0.0,0.0,362.7946,272.0,255.0,250.0,314.0,430.0,433.0,8,summer,0.0,0.0,362.627
3,2024-08-14 17:00:00+00:00,0.0,0.0,0.0,0.0,0.0,0.0,0.0,180.89272,142.0,129.0,126.0,165.0,247.00003,247.00003,8,summer,0.0,0.0,180.75623
3,2024-08-14 18:00:00+00:00,0.0,0.0,0.0,0.0,0.0,0.0,0.0,22.899336,38.0,34.0,33.0,44.0,67.0,67.0,8,summer,0.0,0.0,21.54157
3,2024-08-14 19:00:00+00:00,0.0,0.0,0.0,0.0,0.0,0.0,0.0,0.0,0.0,0.0,0.0,0.0,0.0,0.0,8,summer,0.0,0.0,0.0
3,2024-08-14 20:00:00+00:00,0.3,0.0,0.0,0.0,0.0,0.0,0.0,0.0,0.0,0.0,0.0,0.0,0.0,0.0,8,summer,0.04,0.0,0.0
3,2024-08-14 21:00:00+00:00,0.0,0.0,0.0,0.0,0.0,0.0,0.0,0.0,0.0,0.0,0.0,0.0,0.0,0.0,8,summer,0.0,0.0,0.0
3,2024-08-14 22:00:00+00:00,0.0,0.0,0.0,0.0,0.0,0.0,0.0,0.0,0.0,0.0,0.0,0.0,0.0,0.0,8,summer,0.0,0.0,0.0
3,2024-08-14 23:00:00+00:00,0.0,0.0,0.0,0.0,0.0,0.0,0.0,0.0,0.0,0.0,0.0,0.0,0.0,0.0,8,summer,0.0,0.0,0.0
3,2024-08-15 00:00:00+00:00,0.0,0.0,0.0,0.0,0.0,0.0,0.0,0.0,0.0,0.0,0.0,0.0,0.0,0.0,8,summer,0.0,0.0,0.0
3,2024-08-15 01:00:00+00:00,0.0,0.0,0.0,0.0,0.0,0.0,0.0,0.0,0.0,0.0,0.0,0.0,0.0,0.0,8,summer,0.0,0.0,0.0
3,2024-08-15 02:00:00+00:00,0.0,0.0,0.0,0.0,0.0,0.0,0.0,0.0,0.0,0.0,0.0,0.0,0.0,0.0,8,summer,0.0,0.0,0.0
3,2024-08-15 03:00:00+00:00,0.0,0.0,0.0,0.0,0.0,0.0,0.0,0.0,0.0,0.0,0.0,0.0,0.0,0.0,8,summer,0.0,0.0,0.0
3,2024-08-15 04:00:00+00:00,0.0,0.0,0.0,0.0,0.0,0.0,0.0,1.0372162,2.0,2.0,2.0,2.0,5.000001,5.000001,8,summer,0.0,0.0,0.0
3,2024-08-15 05:00:00+00:00,0.0,0.0,0.0,0.0,0.0,0.0,0.0,55.332108,55.999996,55.999996,55.999996,53.999996,107.999985,111.999985,8,summer,0.0,0.0,37.42896
3,2024-08-15 06:00:00+00:00,0.0,0.0,0.0,0.0,0.0,0.0,0.0,183.27522,177.99998,177.99998,177.99998,172.99998,282.99994,290.99997,8,summer,0.0,0.0,176.88818
3,2024-08-15 07:00:00+00:00,0.0,0.0,0.0,0.0,0.0,0.0,0.0,169.91435,354.0,354.0,354.0,349.0,461.0,467.0,8,summer,0.0,0.0,339.39935
3,2024-08-15 08:00:00+00:00,0.0,0.0,0.0,0.0,0.0,0.0,0.0,330.4961,543.0,543.0,542.00006,538.0,618.0,628.0,8,summer,0.0,0.0,582.5997
3,2024-08-15 09:00:00+00:00,0.0,0.0,0.0,0.0,0.0,0.0,0.0,650.5648,685.0,686.0,685.0,681.0,727.0,763.0,8,summer,0.0,0.0,728.2143
3,2024-08-15 10:00:00+00:00,0.0,0.0,0.0,0.0,0.0,0.0,0.0,826.73895,771.0,773.0,774.0,768.0,784.0,861.0,8,summer,0.0,0.0,833.25226
3,2024-08-15 11:00:00+00:00,0.0,0.0,0.0,0.0,0.0,0.0,0.0,892.5062,805.0,808.0,809.0,797.0,809.0,910.0,8,summer,0.0,0.0,893.5416
3,2024-08-15 12:00:00+00:00,0.0,0.0,0.0,0.0,0.0,0.0,0.0,777.91614,791.0,794.0,796.0,763.0,818.0,904.0,8,summer,0.0,0.0,854.5796
3,2024-08-15 13:00:00+00:00,0.0,0.0,0.0,0.0,0.0,0.0,0.0,729.15466,722.0,725.0,729.0,672.0,795.0,845.0,8,summer,0.0,0.0,745.7612
3,2024-08-15 14:00:00+00:00,0.0,0.0,0.0,0.0,0.0,0.0,0.0,664.9009,600.00006,603.00006,603.00006,547.0,718.0,740.0,8,summer,0.0,0.0,638.72723
3,2024-08-15 15:00:00+00:00,0.0,0.0,0.0,0.0,0.0,0.0,0.0,391.46155,430.0,435.0,425.0,400.0,590.0,599.0,8,summer,0.0,0.0,436.07294
3,2024-08-15 16:00:00+00:00,0.0,0.0,0.0,0.0,0.0,0.0,0.0,207.95947,257.0,264.0,247.0,252.0,426.0,429.0,8,summer,0.0,0.0,354.60492
3,2024-08-15 17:00:00+00:00,0.0,0.0,0.0,0.0,0.0,0.0,0.0,45.718056,125.0,130.0,116.0,129.0,242.0,242.0,8,summer,0.0,0.0,100.53186
3,2024-08-15 18:00:00+00:00,0.0,0.0,0.0,0.0,0.0,0.0,0.0,24.918201,31.999998,32.999996,29.999998,32.999996,64.99999,64.99999,8,summer,0.0,0.0,19.687847
3,2024-08-15 19:00:00+00:00,0.0,0.0,0.0,0.0,0.0,0.0,0.0,0.0,0.0,0.0,0.0,0.0,0.0,0.0,8,summer,0.0,0.0,0.0
3,2024-08-15 20:00:00+00:00,0.0,0.0,0.0,0.0,0.0,0.0,0.0,0.0,0.0,0.0,0.0,0.0,0.0,0.0,8,summer,0.0,0.0,0.0
3,2024-08-15 21:00:00+00:00,0.0,0.0,0.0,0.0,0.0,0.0,0.0,0.0,0.0,0.0,0.0,0.0,0.0,0.0,8,summer,0.0,0.0,0.0
3,2024-08-15 22:00:00+00:00,0.0,0.0,0.0,0.0,0.0,0.0,0.0,0.0,0.0,0.0,0.0,0.0,0.0,0.0,8,summer,0.0,0.0,0.0
3,2024-08-15 23:00:00+00:00,0.0,0.0,0.0,0.0,0.0,0.0,0.0,0.0,0.0,0.0,0.0,0.0,0.0,0.0,8,summer,0.0,0.0,0.0
3,2024-08-16 00:00:00+00:00,0.0,0.0,0.0,0.0,0.0,0.0,0.0,0.0,0.0,0.0,0.0,0.0,0.0,0.0,8,summer,0.0,0.0,0.0
3,2024-08-16 01:00:00+00:00,0.0,0.0,0.0,0.0,0.0,0.0,0.0,0.0,0.0,0.0,0.0,0.0,0.0,0.0,8,summer,0.0,0.0,0.0
3,2024-08-16 02:00:00+00:00,0.0,0.0,0.0,0.0,0.0,0.0,0.0,0.0,0.0,0.0,0.0,0.0,0.0,0.0,8,summer,0.0,0.0,0.0
3,2024-08-16 03:00:00+00:00,0.0,0.0,0.0,0.0,0.0,0.0,0.0,0.0,0.0,0.0,0.0,0.0,0.0,0.0,8,summer,0.0,0.0,0.0
3,2024-08-16 04:00:00+00:00,0.0,0.0,0.0,0.0,0.0,0.0,0.0,0.0,1.0,1.0,1.0,1.0,2.999999,2.999999,8,summer,0.0,0.0,0.0
3,2024-08-16 05:00:00+00:00,0.0,0.0,0.0,0.0,0.0,0.0,0.0,70.06089,53.000004,53.000004,53.000004,53.000004,103.000015,108.000015,8,summer,0.0,0.0,71.36691
3,2024-08-16 06:00:00+00:00,0.0,0.0,0.0,0.0,0.0,0.0,0.0,236.37189,173.0,173.0,173.0,173.0,276.99997,287.0,8,summer,0.0,0.0,237.33868
3,2024-08-16 07:00:00+00:00,0.0,0.0,0.0,0.0,0.0,0.0,0.0,416.6701,348.0,349.0,348.0,349.0,455.0,463.00003,8,summer,0.0,0.0,418.2218
3,2024-08-16 08:00:00+00:00,0.0,0.0,0.0,0.0,0.0,0.0,0.0,561.16,537.0,536.0,536.0,537.0,611.0,624.0,8,summer,0.0,0.0,584.6208
3,2024-08-16 09:00:00+00:00,0.0,0.0,0.0,0.0,0.0,0.0,0.0,713.38574,681.0,675.0,676.00006,679.0,712.0,759.0,8,summer,0.0,0.0,730.5863
3,2024-08-16 10:00:00+00:00,0.0,0.0,0.0,0.0,0.0,0.0,0.0,821.21484,770.0,755.0,760.0,765.0,755.0,858.0,8,summer,0.0,0.0,838.7429
3,2024-08-16 11:00:00+00:00,0.0,0.0,0.0,0.0,0.0,0.0,0.0,879.22424,805.0,781.0,786.0,797.0,771.0,908.0,8,summer,0.0,0.0,874.7404
3,2024-08-16 12:00:00+00:00,0.0,0.0,0.0,0.0,0.0,0.0,0.0,880.48254,789.0,757.0,761.0,779.0,782.0,901.0,8,summer,0.0,0.0,838.6107
3,2024-08-16 13:00:00+00:00,0.0,0.0,0.0,0.0,0.0,0.0,0.0,803.7155,716.0,679.0,681.0,707.0,767.0,842.0,8,summer,0.0,0.0,728.3522
3,2024-08-16 14:00:00+00:00,0.0,0.0,0.0,0.0,0.0,0.0,0.0,678.00073,592.0,557.0,553.0,585.00006,699.0,737.0,8,summer,0.0,0.0,563.15845
3,2024-08-16 15:00:00+00:00,0.0,0.0,0.0,0.0,0.0,0.0,0.0,446.07733,423.0,398.0,384.0,421.0,578.0,595.0,8,summer,0.0,0.0,422.3263
3,2024-08-16 16:00:00+00:00,0.0,0.0,0.0,0.0,0.0,0.0,0.0,352.40082,252.99998,239.0,221.0,255.0,419.99997,423.99994,8,summer,0.0,0.0,203.8562
3,2024-08-16 17:00:00+00:00,0.0,0.0,0.0,0.0,0.0,0.0,0.0,170.70883,122.0,116.0,102.0,124.0,237.00003,237.00003,8,summer,0.0,0.0,153.21738
3,2024-08-16 18:00:00+00:00,0.0,0.0,0.0,0.0,0.0,0.0,0.0,30.20206,31.000004,29.000004,25.000002,31.000004,63.00001,62.000015,8,summer,0.0,0.0,27.658178
3,2024-08-16 19:00:00+00:00,0.0,0.0,0.0,0.0,0.0,0.0,0.0,0.0,0.0,0.0,0.0,0.0,0.0,0.0,8,summer,0.0,0.0,0.0
3,2024-08-16 20:00:00+00:00,0.0,0.0,0.0,0.0,0.0,0.0,0.0,0.0,0.0,0.0,0.0,0.0,0.0,0.0,8,summer,0.0,0.0,0.0
3,2024-08-16 21:00:00+00:00,0.0,0.0,0.0,0.0,0.0,0.0,0.0,0.0,0.0,0.0,0.0,0.0,0.0,0.0,8,summer,0.0,0.0,0.0
3,2024-08-16 22:00:00+00:00,0.0,0.0,0.0,0.0,0.0,0.0,0.0,0.0,0.0,0.0,0.0,0.0,0.0,0.0,8,summer,0.0,0.0,0.0
3,2024-08-16 23:00:00+00:00,0.0,0.0,0.0,0.0,0.0,0.0,0.0,0.0,0.0,0.0,0.0,0.0,0.0,0.0,8,summer,0.0,0.0,0.0
3,2024-08-17 00:00:00+00:00,0.0,0.0,0.0,0.0,0.0,0.0,0.0,0.0,0.0,0.0,0.0,0.0,0.0,0.0,8,summer,0.0,0.0,0.0
3,2024-08-17 01:00:00+00:00,0.0,0.0,0.0,0.0,0.0,0.0,0.0,0.0,0.0,0.0,0.0,0.0,0.0,0.0,8,summer,0.0,0.0,0.0
3,2024-08-17 02:00:00+00:00,0.0,0.0,0.0,0.0,0.0,0.0,0.0,0.0,0.0,0.0,0.0,0.0,0.0,0.0,8,summer,0.0,0.0,0.0
3,2024-08-17 03:00:00+00:00,0.0,0.0,0.0,0.0,0.0,0.0,0.0,0.0,0.0,0.0,0.0,0.0,0.0,0.0,8,summer,0.0,0.0,0.0
3,2024-08-17 04:00:00+00:00,0.0,0.0,0.0,0.0,0.0,0.0,0.0,0.0,1.0000001,1.0000001,1.0000001,1.0000001,1.0000001,1.0000001,8,summer,0.0,0.0,0.0
3,2024-08-17 05:00:00+00:00,0.0,0.0,0.0,0.0,0.0,0.0,0.0,45.448112,52.0,52.0,52.0,50.0,103.0,103.0,8,summer,0.0,0.0,52.040005
3,2024-08-17 06:00:00+00:00,0.0,0.0,0.0,0.0,0.0,0.0,0.0,126.681526,171.0,169.0,172.0,168.0,283.0,280.0,8,summer,0.0,0.0,166.94864
3,2024-08-17 07:00:00+00:00,0.0,0.0,0.0,0.0,0.0,0.0,0.0,233.3002,347.0,338.0,348.0,342.0,464.0,456.0,8,summer,0.0,0.0,350.30692
3,2024-08-17 08:00:00+00:00,0.0,0.0,0.0,0.0,0.0,0.0,0.0,318.50037,536.00006,516.0,529.0,526.0,617.0,617.0,8,summer,0.0,0.0,553.33295
3,2024-08-17 09:00:00+00:00,0.0,0.0,0.0,0.0,0.0,0.0,0.0,507.1314,681.0,643.0,641.0,658.0,696.0,753.0,8,summer,0.0,0.0,671.92334
3,2024-08-17 10:00:00+00:00,0.0,0.0,0.0,0.0,0.0,0.0,0.0,568.7716,769.0,711.0,679.0,729.0,704.0,854.0,8,summer,0.0,0.0,754.5891
3,2024-08-17 11:00:00+00:00,0.0,0.0,0.0,0.0,0.0,0.0,0.0,705.078,791.0,734.0,668.0,744.0,695.0,905.0,8,summer,0.0,0.0,842.1264
3,2024-08-17 12:00:00+00:00,0.0,0.0,0.0,0.0,0.0,0.0,0.0,656.3186,737.0,722.0,626.0,707.0,708.0,899.0,8,summer,0.0,0.0,804.3275
3,2024-08-17 13:00:00+00:00,0.0,0.0,0.0,0.0,0.0,0.0,0.0,648.4946,623.0,664.0,547.0,619.0,711.0,838.0,8,summer,0.0,0.0,784.8721
3,2024-08-17 14:00:00+00:00,0.0,0.0,0.0,0.0,0.0,0.0,0.0,599.82404,487.0,557.0,441.0,500.0,663.0,733.0,8,summer,0.0,0.0,665.93854
3,2024-08-17 15:00:00+00:00,0.0,0.0,0.0,0.0,0.0,0.0,0.0,518.34283,343.0,403.0,316.0,360.0,557.0,591.0,8,summer,0.0,0.0,509.34283
3,2024-08-17 16:00:00+00:00,0.0,0.0,0.0,0.0,0.0,0.0,0.0,297.14508,208.0,245.0,195.0,222.0,410.0,419.99997,8,summer,0.0,0.0,217.40234
3,2024-08-17 17:00:00+00:00,1.9,0.0,0.0,0.0,0.0,0.0,0.0,43.356995,101.0,119.0,96.0,110.0,232.99998,232.99998,8,summer,0.27,0.0,131.55042
3,2024-08-17 18:00:00+00:00,0.0,0.0,0.0,0.0,0.0,0.0,0.0,14.816701,25.0,30.0,24.0,27.0,60.999992,59.999996,8,summer,0.0,0.0,13.081872
3,2024-08-17 19:00:00+00:00,0.0,0.0,0.0,0.0,0.0,0.0,0.0,0.0,0.0,0.0,0.0,0.0,0.0,0.0,8,summer,0.0,0.0,0.0
3,2024-08-17 20:00:00+00:00,0.0,0.0,0.0,0.0,0.0,0.0,0.0,0.0,0.0,0.0,0.0,0.0,0.0,0.0,8,summer,0.0,0.0,0.0
3,2024-08-17 21:00:00+00:00,0.0,0.0,0.0,0.0,0.0,0.0,0.0,0.0,0.0,0.0,0.0,0.0,0.0,0.0,8,summer,0.0,0.0,0.0
3,2024-08-17 22:00:00+00:00,0.0,0.0,0.0,0.0,0.0,0.0,0.0,0.0,0.0,0.0,0.0,0.0,0.0,0.0,8,summer,0.0,0.0,0.0
3,2024-08-17 23:00:00+00:00,0.0,0.0,0.0,0.0,0.0,0.0,0.0,0.0,0.0,0.0,0.0,0.0,0.0,0.0,8,summer,0.0,0.0,0.0
3,2024-08-18 00:00:00+00:00,0.0,0.0,0.0,0.0,0.0,0.0,0.0,0.0,0.0,0.0,0.0,0.0,0.0,0.0,8,summer,0.0,0.0,0.0
3,2024-08-18 01:00:00+00:00,0.0,0.0,0.0,0.0,0.0,0.0,0.1,0.0,0.0,0.0,0.0,0.0,0.0,0.0,8,summer,0.01,0.0,0.0
3,2024-08-18 02:00:00+00:00,0.0,0.0,0.0,0.0,0.0,0.0,0.1,0.0,0.0,0.0,0.0,0.0,0.0,0.0,8,summer,0.01,0.0,0.0
3,2024-08-18 03:00:00+00:00,0.0,0.0,0.0,0.0,0.0,0.0,0.1,0.0,0.0,0.0,0.0,0.0,0.0,0.0,8,summer,0.01,0.0,0.0
3,2024-08-18 04:00:00+00:00,0.0,0.0,0.0,0.0,0.0,0.0,0.1,0.0,0.0,0.0,0.0,0.0,0.0,0.0,8,summer,0.01,0.0,0.0
3,2024-08-18 05:00:00+00:00,0.0,0.0,0.0,0.0,0.0,0.0,0.1,44.427307,48.999996,48.999996,45.999996,47.999996,98.999985,66.99999,8,summer,0.01,0.0,61.77501
3,2024-08-18 06:00:00+00:00,0.0,0.0,0.0,0.0,0.0,0.0,0.1,109.56427,165.99998,163.99998,136.0,161.99998,275.99994,198.99997,8,summer,0.01,0.0,129.81308
3,2024-08-18 07:00:00+00:00,0.0,0.0,0.0,0.0,0.0,0.0,0.0,233.4402,340.0,332.0,242.0,326.0,457.99997,354.0,8,summer,0.0,0.0,399.09357
3,2024-08-18 08:00:00+00:00,0.0,0.0,0.0,0.0,0.0,0.0,0.0,492.42148,528.0,514.0,364.0,496.0,610.0,518.99994,8,summer,0.0,0.0,569.4082
3,2024-08-18 09:00:00+00:00,0.0,0.0,0.0,0.0,0.0,0.0,0.0,697.99664,673.0,658.0,510.0,610.0,684.0,678.0,8,summer,0.0,0.0,717.75977
3,2024-08-18 10:00:00+00:00,0.0,0.0,0.0,0.0,0.0,0.2,0.0,825.0963,762.0,751.0,661.0,659.0,683.0,818.0,8,summer,0.03,0.0,818.0665
3,2024-08-18 11:00:00+00:00,0.0,0.0,0.0,0.0,0.0,0.2,0.0,879.075,783.0,779.0,744.0,662.0,668.0,902.0,8,summer,0.03,0.0,881.6167
3,2024-08-18 12:00:00+00:00,0.0,0.0,0.0,0.0,0.0,0.2,0.0,861.5561,722.0,733.0,712.0,629.0,684.0,905.0,8,summer,0.03,0.0,866.59357
3,2024-08-18 13:00:00+00:00,0.0,0.1,0.0,0.1,0.0,0.1,0.0,790.4072,600.0,624.0,600.0,555.0,692.0,840.0,8,summer,0.04,0.0,749.5458
3,2024-08-18 14:00:00+00:00,0.0,0.1,0.0,0.1,0.0,0.1,0.0,666.28174,461.0,490.0,465.0,456.0,649.0,730.0,8,summer,0.04,0.0,543.03174
3,2024-08-18 15:00:00+00:00,0.0,0.1,0.0,0.1,0.0,0.1,0.0,498.58307,323.0,344.0,325.0,339.0,548.0,587.0,8,summer,0.04,0.0,464.7192
3,2024-08-18 16:00:00+00:00,0.0,0.5,0.0,0.0,0.0,0.1,0.0,343.56012,196.0,206.0,194.00002,219.00002,405.0,416.00006,8,summer,0.09,0.0,202.43985
3,2024-08-18 17:00:00+00:00,0.0,0.5,0.0,0.0,0.0,0.1,0.0,160.58588,95.0,98.0,92.0,112.0,228.00003,228.00003,8,summer,0.09,0.1,11.066252
3,2024-08-18 18:00:00+00:00,4.0,0.5,0.0,0.0,0.0,0.1,0.0,1.061228,23.000002,24.000002,22.000002,28.000004,58.00001,58.00001,8,summer,0.66,19.2,0.0
3,2024-08-18 19:00:00+00:00,0.0,0.0,0.0,0.0,0.0,0.0,0.0,0.0,0.0,0.0,0.0,0.0,0.0,0.0,8,summer,0.0,0.3,0.0
3,2024-08-18 20:00:00+00:00,0.0,0.0,0.0,0.0,0.0,0.0,0.0,0.0,0.0,0.0,0.0,0.0,0.0,0.0,8,summer,0.0,0.0,0.0
3,2024-08-18 21:00:00+00:00,0.0,0.0,0.0,0.0,0.0,0.0,0.0,0.0,0.0,0.0,0.0,0.0,0.0,0.0,8,summer,0.0,0.0,0.0
3,2024-08-18 22:00:00+00:00,0.0,0.0,0.0,0.0,0.0,0.0,0.0,0.0,0.0,0.0,0.0,0.0,0.0,0.0,8,summer,0.0,0.0,0.0
3,2024-08-18 23:00:00+00:00,0.0,0.0,0.0,0.0,0.0,0.0,0.0,0.0,0.0,0.0,0.0,0.0,0.0,0.0,8,summer,0.0,0.0,0.0
3,2024-08-19 00:00:00+00:00,0.0,0.0,0.0,0.0,0.0,0.0,0.0,0.0,0.0,0.0,0.0,0.0,0.0,0.0,8,summer,0.0,0.0,0.0
3,2024-08-19 01:00:00+00:00,0.0,0.0,0.0,0.0,0.0,0.9,0.4,0.0,0.0,0.0,0.0,0.0,0.0,0.0,8,summer,0.19,0.0,0.0
3,2024-08-19 02:00:00+00:00,0.0,0.0,0.0,0.0,0.0,0.9,0.4,0.0,0.0,0.0,0.0,0.0,0.0,0.0,8,summer,0.19,0.0,0.0
3,2024-08-19 03:00:00+00:00,0.0,0.0,0.0,0.0,0.0,0.9,0.4,0.0,0.0,0.0,0.0,0.0,0.0,0.0,8,summer,0.19,0.0,0.0
3,2024-08-19 04:00:00+00:00,0.0,0.0,0.3,0.0,0.0,0.9,0.4,0.0,0.0,0.0,0.0,0.0,0.0,0.0,8,summer,0.23,0.0,0.0
3,2024-08-19 05:00:00+00:00,0.0,0.0,0.3,0.0,0.0,0.9,0.4,61.438507,47.000004,38.0,45.000004,47.000004,52.000004,43.0,8,summer,0.23,0.0,60.08532
3,2024-08-19 06:00:00+00:00,0.0,0.0,0.3,0.0,0.0,0.9,0.4,150.66974,163.00002,144.0,160.00002,166.00002,166.00002,146.0,8,summer,0.23,0.0,215.6258
3,2024-08-19 07:00:00+00:00,0.0,0.0,0.0,0.0,0.0,2.9,0.8,404.65106,333.0,312.0,334.0,345.0,315.0,295.0,8,summer,0.53,0.0,284.03247
3,2024-08-19 08:00:00+00:00,0.0,0.0,0.0,0.0,0.0,2.9,0.8,525.1679,514.0,497.0,519.0,524.0,466.0,466.0,8,summer,0.53,0.0,440.09332
3,2024-08-19 09:00:00+00:00,0.0,0.0,0.0,0.0,0.0,2.9,0.8,450.65463,648.0,634.99994,651.0,608.0,578.0,625.0,8,summer,0.53,0.0,581.01807
3,2024-08-19 10:00:00+00:00,0.0,0.1,0.0,0.1,0.0,0.6,0.1,821.97284,724.0,714.0,718.0,601.0,642.0,759.0,8,summer,0.13,0.0,743.6725
3,2024-08-19 11:00:00+00:00,0.0,0.1,0.0,0.1,0.0,0.6,0.1,872.774,732.0,731.0,719.0,572.0,661.0,845.0,8,summer,0.13,0.0,872.339
3,2024-08-19 12:00:00+00:00,0.0,0.1,0.0,0.1,0.0,0.6,0.1,864.1101,661.0,684.0,655.0,582.0,639.0,866.0,8,summer,0.13,0.0,858.63586
3,2024-08-19 13:00:00+00:00,0.0,0.1,0.5,1.8,0.7,1.0,0.0,786.7364,532.0,581.0,536.0,580.0,575.0,822.0,8,summer,0.59,0.0,754.5729
3,2024-08-19 14:00:00+00:00,0.0,0.1,0.5,1.8,0.7,1.0,0.0,662.1757,391.0,444.0,393.0,494.0,479.0,726.0,8,summer,0.59,0.0,626.42456
3,2024-08-19 15:00:00+00:00,0.0,0.1,0.5,1.8,0.7,1.0,0.0,277.094,255.0,285.0,240.0,311.0,358.0,586.0,8,summer,0.59,0.0,505.7246
3,2024-08-19 16:00:00+00:00,4.4,0.0,1.2,0.8,5.5,1.0,0.0,82.65337,138.0,143.0,112.0,133.0,232.0,413.0,8,summer,1.84,0.0,318.87415
3,2024-08-19 17:00:00+00:00,0.1,0.0,1.2,0.8,5.5,1.0,0.0,18.040216,59.0,55.0,38.0,38.0,117.99999,222.99997,8,summer,1.23,0.0,70.883545
3,2024-08-19 18:00:00+00:00,0.1,0.0,1.2,0.8,5.5,1.0,0.0,3.183918,13.0,12.0,8.0,7.0,28.999996,54.99999,8,summer,1.23,0.0,16.212414
3,2024-08-19 19:00:00+00:00,0.0,0.0,0.0,1.9,0.2,0.2,0.0,0.0,0.0,0.0,0.0,0.0,0.0,0.0,8,summer,0.33,0.0,0.0
3,2024-08-19 20:00:00+00:00,0.0,0.0,0.0,1.9,0.2,0.2,0.0,0.0,0.0,0.0,0.0,0.0,0.0,0.0,8,summer,0.33,0.0,0.0
3,2024-08-19 21:00:00+00:00,0.0,0.0,0.0,1.9,0.2,0.2,0.0,0.0,0.0,0.0,0.0,0.0,0.0,0.0,8,summer,0.33,0.0,0.0
3,2024-08-19 22:00:00+00:00,0.0,0.0,0.0,0.0,0.0,0.0,2.6,0.0,0.0,0.0,0.0,0.0,0.0,0.0,8,summer,0.37,0.0,0.0
3,2024-08-19 23:00:00+00:00,0.0,0.0,0.0,0.0,0.0,0.0,2.6,0.0,0.0,0.0,0.0,0.0,0.0,0.0,8,summer,0.37,0.0,0.0
3,2024-08-20 00:00:00+00:00,0.0,0.0,0.0,0.0,0.0,0.0,2.6,0.0,0.0,0.0,0.0,0.0,0.0,0.0,8,summer,0.37,0.0,0.0
3,2024-08-20 01:00:00+00:00,0.0,0.0,0.0,0.0,1.5,0.0,1.8,0.0,0.0,0.0,0.0,0.0,0.0,0.0,8,summer,0.47,0.0,0.0
3,2024-08-20 02:00:00+00:00,0.0,0.0,0.0,0.0,1.5,0.0,1.8,0.0,0.0,0.0,0.0,0.0,0.0,0.0,8,summer,0.47,0.0,0.0
3,2024-08-20 03:00:00+00:00,0.3,0.0,0.0,0.0,1.5,0.0,1.8,0.0,0.0,0.0,0.0,0.0,0.0,0.0,8,summer,0.51,0.0,0.0
3,2024-08-20 04:00:00+00:00,0.1,0.0,0.0,0.0,0.0,0.0,1.8,0.0,0.0,0.0,0.0,0.0,0.0,0.0,8,summer,0.27,0.0,0.0
3,2024-08-20 05:00:00+00:00,0.0,0.0,0.0,0.0,0.0,0.0,1.8,9.33297,23.0,20.0,45.0,36.0,86.00001,18.0,8,summer,0.26,0.0,27.450785
3,2024-08-20 06:00:00+00:00,0.5,0.0,0.0,0.0,0.0,0.0,1.8,8.954331,97.0,92.0,162.0,124.0,254.0,74.0,8,summer,0.33,0.0,54.694946
3,2024-08-20 07:00:00+00:00,0.0,0.0,0.2,0.0,0.0,0.0,0.3,20.61119,232.0,227.0,338.0,245.0,428.0,174.0,8,summer,0.07,0.0,147.72354
3,2024-08-20 08:00:00+00:00,0.1,0.0,0.2,0.0,0.0,0.0,0.3,143.23257,395.0,396.0,518.0,389.0,586.0,297.0,8,summer,0.09,0.0,217.05142
3,2024-08-20 09:00:00+00:00,0.0,0.0,0.2,0.0,0.0,0.0,0.3,254.68979,542.0,560.0,612.0,540.0,696.0,413.0,8,summer,0.07,0.0,265.61243
3,2024-08-20 10:00:00+00:00,0.0,0.0,0.0,0.2,0.0,0.0,0.0,294.8543,659.0,703.0,622.0,683.0,754.0,513.0,8,summer,0.03,0.0,341.28473
3,2024-08-20 11:00:00+00:00,0.0,0.0,0.0,0.2,0.0,0.0,0.0,394.6961,731.0,785.0,614.0,769.0,781.0,579.0,8,summer,0.03,0.0,533.81177
3,2024-08-20 12:00:00+00:00,0.0,0.0,0.0,0.2,0.0,0.0,0.0,311.6067,752.0,782.0,639.0,772.0,792.0,597.0,8,summer,0.03,0.0,835.61127
3,2024-08-20 13:00:00+00:00,0.0,0.0,0.0,0.0,0.0,0.0,0.0,276.51114,713.0,704.0,648.0,702.0,770.0,569.0,8,summer,0.0,0.0,757.14044
3,2024-08-20 14:00:00+00:00,0.0,0.0,0.0,0.0,0.0,0.0,0.0,582.78204,600.0,575.0,579.00006,577.0,695.0,507.0,8,summer,0.0,0.0,615.3119
3,2024-08-20 15:00:00+00:00,0.0,0.0,0.0,0.0,0.0,0.0,0.0,449.06018,415.00003,408.00003,422.00003,407.00003,568.00006,418.00003,8,summer,0.0,0.0,440.73267
3,2024-08-20 16:00:00+00:00,0.0,0.0,0.0,0.0,0.2,0.0,0.0,307.23642,227.0,241.0,249.0,235.0,404.0,302.0,8,summer,0.03,0.0,243.2604
3,2024-08-20 17:00:00+00:00,0.0,0.0,0.0,0.0,0.2,0.0,0.0,83.49549,97.0,111.00001,115.00001,107.00001,219.00003,165.00002,8,summer,0.03,0.0,137.4951
3,2024-08-20 18:00:00+00:00,0.0,0.0,0.0,0.0,0.2,0.0,0.0,20.778042,22.0,26.000002,27.000002,25.0,53.000004,40.000004,8,summer,0.03,0.0,19.778042
3,2024-08-20 19:00:00+00:00,0.0,0.0,0.0,0.0,0.0,0.0,0.0,0.0,0.0,0.0,0.0,0.0,0.0,0.0,8,summer,0.0,0.0,0.0
3,2024-08-20 20:00:00+00:00,0.0,0.0,0.0,0.0,0.0,0.0,0.0,0.0,0.0,0.0,0.0,0.0,0.0,0.0,8,summer,0.0,0.0,0.0
3,2024-08-20 21:00:00+00:00,0.0,0.0,0.0,0.0,0.0,0.0,0.0,0.0,0.0,0.0,0.0,0.0,0.0,0.0,8,summer,0.0,0.0,0.0
3,2024-08-20 22:00:00+00:00,0.0,0.0,0.0,0.0,0.0,0.0,0.0,0.0,0.0,0.0,0.0,0.0,0.0,0.0,8,summer,0.0,0.0,0.0
3,2024-08-20 23:00:00+00:00,0.0,0.0,0.0,0.0,0.0,0.0,0.0,0.0,0.0,0.0,0.0,0.0,0.0,0.0,8,summer,0.0,0.0,0.0
3,2024-08-21 00:00:00+00:00,0.0,0.0,0.0,0.0,0.0,0.0,0.0,0.0,0.0,0.0,0.0,0.0,0.0,0.0,8,summer,0.0,0.0,0.0
3,2024-08-21 01:00:00+00:00,0.0,0.0,0.0,0.0,0.0,0.0,0.0,0.0,0.0,0.0,0.0,0.0,0.0,0.0,8,summer,0.0,0.0,0.0
3,2024-08-21 02:00:00+00:00,0.0,0.0,0.0,0.0,0.0,0.0,0.0,0.0,0.0,0.0,0.0,0.0,0.0,0.0,8,summer,0.0,0.0,0.0
3,2024-08-21 03:00:00+00:00,0.0,0.0,0.0,0.0,0.0,0.0,0.0,0.0,0.0,0.0,0.0,0.0,0.0,0.0,8,summer,0.0,0.0,0.0
3,2024-08-21 04:00:00+00:00,0.0,0.0,0.0,0.0,0.0,0.0,0.0,0.0,0.0,0.0,0.0,0.0,0.0,0.0,8,summer,0.0,0.0,0.0
3,2024-08-21 05:00:00+00:00,0.0,0.0,0.0,0.0,0.0,0.0,0.0,57.08677,43.0,36.0,40.0,42.0,74.99999,84.99999,8,summer,0.0,0.0,55.370594
3,2024-08-21 06:00:00+00:00,0.0,0.0,0.0,0.0,0.0,0.0,0.0,218.79482,163.0,144.0,153.0,156.0,230.99998,253.99997,8,summer,0.0,0.0,217.78235
3,2024-08-21 07:00:00+00:00,0.0,0.0,0.0,0.0,0.0,0.1,0.0,398.47217,345.99997,322.0,326.99997,330.0,400.99994,425.99997,8,summer,0.01,0.0,398.6377
3,2024-08-21 08:00:00+00:00,0.0,0.0,0.0,0.0,0.0,0.1,0.0,564.592,524.0,505.99997,508.0,515.0,561.0,589.0,8,summer,0.01,0.0,565.188
3,2024-08-21 09:00:00+00:00,0.0,0.0,0.0,0.0,0.0,0.1,0.0,708.45544,584.0,600.0,608.0,651.0,675.0,730.0,8,summer,0.01,0.0,705.57385
3,2024-08-21 10:00:00+00:00,0.0,3.5,0.6,0.8,2.2,0.0,0.0,817.68304,534.0,603.0,628.0,723.0,741.0,837.0,8,summer,1.01,0.0,523.7674
3,2024-08-21 11:00:00+00:00,0.0,3.5,0.6,0.8,2.2,0.0,0.0,869.855,467.0,573.0,612.0,720.0,774.0,893.0,8,summer,1.01,0.0,265.46423
3,2024-08-21 12:00:00+00:00,0.0,3.5,0.6,0.8,2.2,0.0,0.0,849.94354,448.0,549.0,594.0,615.0,787.0,888.0,8,summer,1.01,0.0,740.901
3,2024-08-21 13:00:00+00:00,0.0,0.9,0.2,0.0,0.0,0.0,0.0,266.85233,433.0,505.0,550.0,452.0,765.0,826.0,8,summer,0.16,0.0,778.0489
3,2024-08-21 14:00:00+00:00,0.0,0.9,0.2,0.0,0.0,0.0,0.0,220.998,382.0,420.0,463.0,325.0,690.0,718.0,8,summer,0.16,0.0,655.6394
3,2024-08-21 15:00:00+00:00,1.7,0.9,0.2,0.0,0.0,0.0,0.0,53.787502,287.0,292.0,333.0,264.0,562.99994,574.99994,8,summer,0.4,0.0,503.23297
3,2024-08-21 16:00:00+00:00,0.0,0.0,0.0,0.0,0.0,0.0,0.0,67.80827,183.0,166.0,199.0,209.0,400.0,403.0,8,summer,0.0,0.0,274.98492
3,2024-08-21 17:00:00+00:00,0.0,0.0,0.0,0.0,0.0,0.0,0.0,28.660147,90.0,73.0,93.0,121.00001,214.00002,214.00002,8,summer,0.0,0.0,147.61511
3,2024-08-21 18:00:00+00:00,0.0,0.0,0.0,0.0,0.0,0.0,0.0,16.186768,21.0,16.0,21.0,29.000004,51.000008,50.000008,8,summer,0.0,0.0,18.186768
3,2024-08-21 19:00:00+00:00,0.0,0.0,0.0,0.0,0.0,0.0,0.0,0.0,0.0,0.0,0.0,0.0,0.0,0.0,8,summer,0.0,0.0,0.0
3,2024-08-21 20:00:00+00:00,0.0,0.0,0.0,0.0,0.0,0.0,0.0,0.0,0.0,0.0,0.0,0.0,0.0,0.0,8,summer,0.0,0.0,0.0
3,2024-08-21 21:00:00+00:00,0.0,0.0,0.0,0.0,0.0,0.0,0.0,0.0,0.0,0.0,0.0,0.0,0.0,0.0,8,summer,0.0,0.0,0.0
3,2024-08-21 22:00:00+00:00,0.0,0.0,0.0,0.0,0.0,0.0,0.0,0.0,0.0,0.0,0.0,0.0,0.0,0.0,8,summer,0.0,0.0,0.0
3,2024-08-21 23:00:00+00:00,0.0,0.0,0.0,0.0,0.0,0.0,0.0,0.0,0.0,0.0,0.0,0.0,0.0,0.0,8,summer,0.0,0.0,0.0
3,2024-08-22 00:00:00+00:00,0.0,0.0,0.0,0.0,0.0,0.0,0.0,0.0,0.0,0.0,0.0,0.0,0.0,0.0,8,summer,0.0,0.0,0.0
3,2024-08-22 01:00:00+00:00,0.0,0.0,0.0,0.0,0.0,0.0,0.0,0.0,0.0,0.0,0.0,0.0,0.0,0.0,8,summer,0.0,0.0,0.0
3,2024-08-22 02:00:00+00:00,0.0,0.0,0.0,0.0,0.0,0.0,0.0,0.0,0.0,0.0,0.0,0.0,0.0,0.0,8,summer,0.0,0.0,0.0
3,2024-08-22 03:00:00+00:00,0.0,0.0,0.0,0.0,0.0,0.0,0.0,0.0,0.0,0.0,0.0,0.0,0.0,0.0,8,summer,0.0,0.0,0.0
3,2024-08-22 04:00:00+00:00,0.0,0.0,0.0,0.0,0.0,0.0,0.0,0.0,0.0,0.0,0.0,0.0,0.0,0.0,8,summer,0.0,0.0,0.0
3,2024-08-22 05:00:00+00:00,0.0,0.0,0.0,0.0,0.0,0.0,0.0,56.065956,42.999996,39.999996,39.0,40.999996,82.999985,81.999985,8,summer,0.0,0.0,41.799644
3,2024-08-22 06:00:00+00:00,0.0,0.0,0.0,0.0,0.0,0.0,0.0,217.89513,161.0,128.0,153.0,156.0,257.0,253.00002,8,summer,0.0,0.0,161.99435
3,2024-08-22 07:00:00+00:00,0.0,0.0,0.0,0.0,0.0,0.0,0.0,388.62735,337.0,231.0,331.0,331.0,433.0,426.0,8,summer,0.0,0.0,351.48636
3,2024-08-22 08:00:00+00:00,0.0,0.0,0.0,0.0,0.0,0.0,0.0,208.46808,527.0,350.0,526.0,519.0,592.0,588.0,8,summer,0.0,0.0,547.3263
3,2024-08-22 09:00:00+00:00,0.0,0.0,0.0,0.0,0.0,0.0,0.0,237.2042,670.0,497.0,667.0,650.0,706.0,728.0,8,summer,0.0,0.0,705.4092
3,2024-08-22 10:00:00+00:00,0.0,0.0,0.0,0.0,0.0,0.0,0.0,367.69565,754.0,654.0,746.0,716.00006,770.0,834.0,8,summer,0.0,0.0,814.63354
3,2024-08-22 11:00:00+00:00,0.0,0.0,0.0,0.0,0.0,0.0,0.0,549.26184,789.0,760.0,778.0,739.0,800.0,890.0,8,summer,0.0,0.0,868.78467
3,2024-08-22 12:00:00+00:00,0.0,0.0,0.0,0.0,0.0,0.0,0.0,608.4734,784.0,781.0,777.0,740.0,808.0,884.0,8,summer,0.0,0.0,776.84906
3,2024-08-22 13:00:00+00:00,0.0,0.0,0.0,0.0,0.0,0.0,0.0,546.5709,726.0,729.0,726.0,697.0,780.0,822.0,8,summer,0.0,0.0,571.27454
3,2024-08-22 14:00:00+00:00,0.0,0.0,0.0,0.0,0.0,0.0,0.0,345.79425,611.0,614.0,614.0,591.0,699.0,714.0,8,summer,0.0,0.0,364.67157
3,2024-08-22 15:00:00+00:00,0.0,0.0,0.0,0.0,0.0,0.0,0.0,439.1546,443.0,445.99997,443.99997,420.99997,565.0,571.0,8,summer,0.0,0.0,302.49823
3,2024-08-22 16:00:00+00:00,0.0,0.0,0.0,0.0,0.0,0.0,0.0,318.2586,268.00003,269.00003,266.0,246.00003,397.00003,398.00006,8,summer,0.0,0.0,197.20029
3,2024-08-22 17:00:00+00:00,0.0,0.0,0.0,0.0,0.0,0.0,0.0,95.919266,124.999985,124.999985,122.999985,110.99999,208.99997,208.99997,8,summer,0.0,0.0,76.455696
3,2024-08-22 18:00:00+00:00,0.0,0.0,0.0,0.0,0.0,0.0,0.0,13.5376005,27.999996,27.999996,26.999996,23.999998,47.999992,47.999992,8,summer,0.0,0.0,11.914171
3,2024-08-22 19:00:00+00:00,0.0,0.0,0.0,0.0,0.0,0.0,0.0,0.0,0.0,0.0,0.0,0.0,0.0,0.0,8,summer,0.0,0.0,0.0
3,2024-08-22 20:00:00+00:00,0.0,0.0,0.0,0.0,0.0,0.0,0.0,0.0,0.0,0.0,0.0,0.0,0.0,0.0,8,summer,0.0,0.0,0.0
3,2024-08-22 21:00:00+00:00,0.0,0.0,0.0,0.0,0.0,0.0,0.0,0.0,0.0,0.0,0.0,0.0,0.0,0.0,8,summer,0.0,0.0,0.0
3,2024-08-22 22:00:00+00:00,0.0,0.0,0.0,0.0,0.0,0.0,0.0,0.0,0.0,0.0,0.0,0.0,0.0,0.0,8,summer,0.0,0.0,0.0
3,2024-08-22 23:00:00+00:00,0.0,0.0,0.0,0.0,0.0,0.0,0.0,0.0,0.0,0.0,0.0,0.0,0.0,0.0,8,summer,0.0,0.0,0.0
3,2024-08-23 00:00:00+00:00,0.0,0.0,0.0,0.0,0.0,0.0,0.0,0.0,0.0,0.0,0.0,0.0,0.0,0.0,8,summer,0.0,0.0,0.0
3,2024-08-23 01:00:00+00:00,0.0,0.0,0.0,0.0,0.0,0.0,0.0,0.0,0.0,0.0,0.0,0.0,0.0,0.0,8,summer,0.0,0.0,0.0
3,2024-08-23 02:00:00+00:00,0.0,0.0,0.0,0.0,0.0,0.0,0.0,0.0,0.0,0.0,0.0,0.0,0.0,0.0,8,summer,0.0,0.0,0.0
3,2024-08-23 03:00:00+00:00,0.0,0.0,0.0,0.0,0.0,0.0,0.0,0.0,0.0,0.0,0.0,0.0,0.0,0.0,8,summer,0.0,0.0,0.0
3,2024-08-23 04:00:00+00:00,0.0,0.0,0.0,0.0,0.0,0.0,0.0,0.0,0.0,0.0,0.0,0.0,0.0,0.0,8,summer,0.0,0.0,0.0
3,2024-08-23 05:00:00+00:00,0.0,0.0,0.0,0.0,0.0,0.0,0.0,52.980827,40.0,40.0,37.0,39.0,79.0,81.0,8,summer,0.0,0.0,47.605198
3,2024-08-23 06:00:00+00:00,0.0,0.0,0.0,0.0,0.0,0.0,0.0,214.91905,156.0,157.0,142.0,156.0,250.0,254.0,8,summer,0.0,0.0,200.80023
3,2024-08-23 07:00:00+00:00,0.0,0.0,0.0,0.0,0.0,0.0,0.0,391.61548,333.0,333.0,296.0,333.0,425.00003,429.00003,8,summer,0.0,0.0,374.43515
3,2024-08-23 08:00:00+00:00,0.0,0.0,0.0,0.0,0.0,0.0,0.0,553.8933,525.0,526.0,470.0,527.0,584.0,591.0,8,summer,0.0,0.0,556.58057
3,2024-08-23 09:00:00+00:00,0.0,0.0,0.0,0.0,0.0,0.0,0.0,700.3661,670.0,672.0,621.0,671.0,698.0,730.0,8,summer,0.0,0.0,682.9727
3,2024-08-23 10:00:00+00:00,0.0,0.0,0.0,0.0,0.0,0.0,0.0,808.41223,758.0,760.0,734.0,755.0,763.0,833.0,8,summer,0.0,0.0,787.83246
3,2024-08-23 11:00:00+00:00,0.0,0.0,0.0,0.0,0.0,0.0,0.0,861.2358,794.0,796.0,793.0,788.0,793.0,887.0,8,summer,0.0,0.0,813.3175
3,2024-08-23 12:00:00+00:00,0.0,0.0,0.0,0.0,0.0,0.0,0.0,847.06165,788.0,789.0,791.0,780.0,802.0,880.0,8,summer,0.0,0.0,848.07806
3,2024-08-23 13:00:00+00:00,0.0,0.0,0.0,0.0,0.0,0.0,0.0,770.77637,727.0,728.0,727.0,719.0,775.0,818.0,8,summer,0.0,0.0,771.45355
3,2024-08-23 14:00:00+00:00,0.0,0.0,0.0,0.0,0.0,0.0,0.0,646.6383,610.0,610.0,607.0,603.0,694.0,710.0,8,summer,0.0,0.0,649.239
3,2024-08-23 15:00:00+00:00,0.0,0.0,0.0,0.0,0.0,0.0,0.0,494.67688,440.99997,440.99997,437.99997,437.99997,560.0,566.0,8,summer,0.0,0.0,496.9663
3,2024-08-23 16:00:00+00:00,0.0,0.0,0.0,0.0,0.0,0.0,0.0,320.79028,265.0,265.0,263.0,265.0,391.0,393.0,8,summer,0.0,0.0,323.03775
3,2024-08-23 17:00:00+00:00,0.0,0.0,0.0,0.0,0.0,0.0,0.0,140.90466,122.000015,122.000015,121.000015,123.000015,203.00003,203.00003,8,summer,0.0,0.0,141.64058
3,2024-08-23 18:00:00+00:00,0.0,0.0,0.0,0.0,0.0,0.0,0.0,16.399971,25.999996,25.999996,25.999996,25.999996,44.999992,44.999992,8,summer,0.0,0.0,16.399971
3,2024-08-23 19:00:00+00:00,0.0,0.0,0.0,0.0,0.0,0.0,0.0,0.0,0.0,0.0,0.0,0.0,0.0,0.0,8,summer,0.0,0.0,0.0
3,2024-08-23 20:00:00+00:00,0.0,0.0,0.0,0.0,0.0,0.0,0.0,0.0,0.0,0.0,0.0,0.0,0.0,0.0,8,summer,0.0,0.0,0.0
3,2024-08-23 21:00:00+00:00,0.0,0.0,0.0,0.0,0.0,0.0,0.0,0.0,0.0,0.0,0.0,0.0,0.0,0.0,8,summer,0.0,0.0,0.0
3,2024-08-23 22:00:00+00:00,0.0,0.0,0.0,0.0,0.0,0.0,0.0,0.0,0.0,0.0,0.0,0.0,0.0,0.0,8,summer,0.0,0.0,0.0
3,2024-08-23 23:00:00+00:00,0.0,0.0,0.0,0.0,0.0,0.0,0.0,0.0,0.0,0.0,0.0,0.0,0.0,0.0,8,summer,0.0,0.0,0.0
3,2024-08-24 00:00:00+00:00,0.0,0.0,0.0,0.0,0.0,0.0,0.0,0.0,0.0,0.0,0.0,0.0,0.0,0.0,8,summer,0.0,0.0,0.0
3,2024-08-24 01:00:00+00:00,0.0,0.0,0.0,0.0,0.0,0.0,0.0,0.0,0.0,0.0,0.0,0.0,0.0,0.0,8,summer,0.0,0.0,0.0
3,2024-08-24 02:00:00+00:00,0.0,0.0,0.0,0.0,0.0,0.0,0.0,0.0,0.0,0.0,0.0,0.0,0.0,0.0,8,summer,0.0,0.0,0.0
3,2024-08-24 03:00:00+00:00,0.0,0.0,0.0,0.0,0.0,0.0,0.0,0.0,0.0,0.0,0.0,0.0,0.0,0.0,8,summer,0.0,0.0,0.0
3,2024-08-24 04:00:00+00:00,0.0,0.0,0.0,0.0,0.0,0.0,0.0,0.0,0.0,0.0,0.0,0.0,0.0,0.0,8,summer,0.0,0.0,0.0
3,2024-08-24 05:00:00+00:00,0.0,0.0,0.0,0.0,0.0,0.0,0.0,47.58448,35.999996,37.999996,37.999996,37.0,76.999985,75.999985,8,summer,0.0,0.0,50.58448
3,2024-08-24 06:00:00+00:00,0.0,0.0,0.0,0.0,0.0,0.0,0.0,212.94058,151.0,155.0,154.0,150.0,249.00002,245.0,8,summer,0.0,0.0,208.89908
3,2024-08-24 07:00:00+00:00,0.0,0.0,0.0,0.0,0.0,0.0,0.0,393.1986,329.0,334.0,333.0,323.0,425.0,417.99997,8,summer,0.0,0.0,352.16666
3,2024-08-24 08:00:00+00:00,0.0,0.0,0.0,0.0,0.0,0.0,0.0,550.9489,525.0,528.0,525.0,515.0,584.0,580.0,8,summer,0.0,0.0,535.6913
3,2024-08-24 09:00:00+00:00,0.0,0.0,0.0,0.0,0.0,0.0,0.0,657.6786,668.0,674.0,658.0,662.0,700.0,721.0,8,summer,0.0,0.0,697.91003
3,2024-08-24 10:00:00+00:00,0.0,0.0,0.0,0.0,0.0,0.0,0.0,752.40845,746.0,758.0,724.0,754.0,768.0,828.0,8,summer,0.0,0.0,782.5646
3,2024-08-24 11:00:00+00:00,0.0,0.0,0.0,0.0,0.0,0.0,0.0,817.6686,774.0,780.0,745.0,792.0,799.0,884.0,8,summer,0.0,0.0,809.2181
3,2024-08-24 12:00:00+00:00,0.0,0.0,0.0,0.0,0.0,0.0,0.0,632.5676,762.0,737.0,742.0,783.0,807.0,878.0,8,summer,0.0,0.0,702.1269
3,2024-08-24 13:00:00+00:00,0.0,0.0,0.0,0.0,0.0,0.0,0.0,679.9957,698.00006,636.0,694.0,718.0,777.0,815.0,8,summer,0.0,0.0,590.2403
3,2024-08-24 14:00:00+00:00,0.0,0.0,0.0,0.0,0.0,0.0,0.0,600.5858,581.0,506.0,585.00006,595.0,693.0,706.0,8,summer,0.0,0.0,555.62427
3,2024-08-24 15:00:00+00:00,0.0,0.0,0.0,0.0,0.0,0.0,0.0,477.45782,415.0,362.0,417.0,419.0,557.0,562.0,8,summer,0.0,0.0,439.07532
3,2024-08-24 16:00:00+00:00,0.0,0.0,0.0,0.0,0.0,0.0,0.0,315.14648,246.0,221.0,243.0,242.0,387.0,388.0,8,summer,0.0,0.0,285.30212
3,2024-08-24 17:00:00+00:00,0.0,0.0,0.0,0.0,0.0,0.0,0.0,133.68759,110.99999,101.99999,106.99999,105.99999,198.99997,198.99997,8,summer,0.0,0.0,125.224335
3,2024-08-24 18:00:00+00:00,0.0,0.0,0.0,0.0,0.0,0.0,0.0,12.717915,22.999996,20.999998,21.999998,21.999998,42.999992,41.999992,8,summer,0.0,0.0,10.9004965
3,2024-08-24 19:00:00+00:00,0.0,0.0,0.0,0.0,0.0,0.0,0.0,0.0,0.0,0.0,0.0,0.0,0.0,0.0,8,summer,0.0,0.0,0.0
3,2024-08-24 20:00:00+00:00,0.0,0.0,0.0,0.0,0.0,0.0,0.0,0.0,0.0,0.0,0.0,0.0,0.0,0.0,8,summer,0.0,0.0,0.0
3,2024-08-24 21:00:00+00:00,0.0,0.0,0.0,0.0,0.0,0.0,0.0,0.0,0.0,0.0,0.0,0.0,0.0,0.0,8,summer,0.0,0.0,0.0
3,2024-08-24 22:00:00+00:00,0.0,0.0,0.0,0.0,0.0,0.0,0.0,0.0,0.0,0.0,0.0,0.0,0.0,0.0,8,summer,0.0,0.0,0.0
3,2024-08-24 23:00:00+00:00,0.0,0.0,0.0,0.0,0.0,0.0,0.0,0.0,0.0,0.0,0.0,0.0,0.0,0.0,8,summer,0.0,0.0,0.0
3,2024-08-25 00:00:00+00:00,0.0,0.0,0.0,0.0,0.0,0.0,0.0,0.0,0.0,0.0,0.0,0.0,0.0,0.0,8,summer,0.0,0.0,0.0
3,2024-08-25 01:00:00+00:00,0.0,0.0,0.0,0.0,0.0,0.0,0.0,0.0,0.0,0.0,0.0,0.0,0.0,0.0,8,summer,0.0,0.0,0.0
3,2024-08-25 02:00:00+00:00,0.0,0.0,0.0,0.0,0.0,0.0,0.0,0.0,0.0,0.0,0.0,0.0,0.0,0.0,8,summer,0.0,0.0,0.0
3,2024-08-25 03:00:00+00:00,0.0,0.0,0.0,0.0,0.0,0.0,0.0,0.0,0.0,0.0,0.0,0.0,0.0,0.0,8,summer,0.0,0.0,0.0
3,2024-08-25 04:00:00+00:00,0.0,0.0,0.0,0.0,0.0,0.0,0.0,0.0,0.0,0.0,0.0,0.0,0.0,0.0,8,summer,0.0,0.0,0.0
3,2024-08-25 05:00:00+00:00,0.0,0.0,0.0,0.0,0.0,0.0,0.0,35.967617,35.0,34.0,34.0,31.999998,69.999985,72.999985,8,summer,0.0,0.0,42.788506
3,2024-08-25 06:00:00+00:00,0.0,0.0,0.0,0.0,0.0,0.0,0.0,149.83336,146.0,146.0,146.0,138.0,238.0,244.0,8,summer,0.0,0.0,169.36694
3,2024-08-25 07:00:00+00:00,0.0,0.0,0.0,0.0,0.0,0.0,0.0,229.98633,318.0,324.0,320.0,306.0,415.0,416.99997,8,summer,0.0,0.0,227.03922
3,2024-08-25 08:00:00+00:00,0.0,0.0,0.0,0.0,0.0,0.0,0.0,371.1375,508.0,521.0,513.0,496.0,570.0,580.0,8,summer,0.0,0.0,377.6268
3,2024-08-25 09:00:00+00:00,0.0,0.0,0.0,0.0,0.0,0.0,0.0,542.2732,655.0,669.0,661.99994,644.0,657.0,720.0,8,summer,0.0,0.0,646.6422
3,2024-08-25 10:00:00+00:00,0.0,0.0,0.0,0.0,0.0,0.3,0.0,756.506,748.0,757.0,754.0,740.0,677.00006,826.0,8,summer,0.04,0.0,787.7429
3,2024-08-25 11:00:00+00:00,0.0,0.0,0.0,0.0,0.0,0.3,0.0,848.022,786.0,792.0,793.0,784.0,678.0,881.0,8,summer,0.04,0.0,838.52686
3,2024-08-25 12:00:00+00:00,0.0,0.0,0.0,0.0,0.0,0.3,0.0,703.7716,773.0,786.0,786.0,782.0,693.0,874.0,8,summer,0.04,0.0,830.9961
3,2024-08-25 13:00:00+00:00,0.0,0.0,0.0,0.0,0.0,0.0,0.0,749.1525,703.0,724.0,721.0,723.0,693.0,811.0,8,summer,0.0,0.0,761.4672
3,2024-08-25 14:00:00+00:00,0.0,0.0,0.0,0.0,0.0,0.0,0.0,638.8976,581.0,604.0,601.0,604.0,639.0,702.0,8,summer,0.0,0.0,639.8976
3,2024-08-25 15:00:00+00:00,0.0,0.0,0.0,0.0,0.0,0.0,0.0,488.6143,414.0,431.0,431.0,430.0,528.0,557.0,8,summer,0.0,0.0,487.33264
3,2024-08-25 16:00:00+00:00,0.0,0.0,0.0,0.0,0.0,0.0,0.0,313.97382,244.0,253.0,256.0,251.0,375.0,383.0,8,summer,0.0,0.0,313.6363
3,2024-08-25 17:00:00+00:00,0.0,0.0,0.0,0.0,0.0,0.0,0.0,132.8282,107.999985,110.999985,113.999985,109.999985,192.99997,192.99997,8,summer,0.0,0.0,109.21753
3,2024-08-25 18:00:00+00:00,0.0,0.0,0.0,0.0,0.0,0.0,0.0,12.797428,21.0,22.0,23.0,22.0,40.0,40.0,8,summer,0.0,0.0,9.097718
3,2024-08-25 19:00:00+00:00,0.0,0.0,0.0,0.0,0.0,0.0,0.0,0.0,0.0,0.0,0.0,0.0,0.0,0.0,8,summer,0.0,0.0,0.0
3,2024-08-25 20:00:00+00:00,0.0,0.0,0.0,0.0,0.0,0.0,0.0,0.0,0.0,0.0,0.0,0.0,0.0,0.0,8,summer,0.0,0.0,0.0
3,2024-08-25 21:00:00+00:00,0.0,0.0,0.0,0.0,0.0,0.0,0.0,0.0,0.0,0.0,0.0,0.0,0.0,0.0,8,summer,0.0,0.0,0.0
3,2024-08-25 22:00:00+00:00,0.0,0.0,0.0,0.0,0.0,0.0,0.0,0.0,0.0,0.0,0.0,0.0,0.0,0.0,8,summer,0.0,0.0,0.0
3,2024-08-25 23:00:00+00:00,0.0,0.0,0.0,0.0,0.0,0.0,0.0,0.0,0.0,0.0,0.0,0.0,0.0,0.0,8,summer,0.0,0.0,0.0
3,2024-08-26 00:00:00+00:00,0.0,0.0,0.0,0.0,0.0,0.0,0.0,0.0,0.0,0.0,0.0,0.0,0.0,0.0,8,summer,0.0,0.0,0.0
3,2024-08-26 01:00:00+00:00,0.0,0.0,0.0,0.0,0.0,0.0,0.0,0.0,0.0,0.0,0.0,0.0,0.0,0.0,8,summer,0.0,0.0,0.0
3,2024-08-26 02:00:00+00:00,0.0,0.0,0.0,0.0,0.0,0.0,0.0,0.0,0.0,0.0,0.0,0.0,0.0,0.0,8,summer,0.0,0.0,0.0
3,2024-08-26 03:00:00+00:00,0.0,0.0,0.0,0.0,0.0,0.0,0.0,0.0,0.0,0.0,0.0,0.0,0.0,0.0,8,summer,0.0,0.0,0.0
3,2024-08-26 04:00:00+00:00,0.0,0.0,0.0,0.0,0.0,0.0,0.0,0.0,0.0,0.0,0.0,0.0,0.0,0.0,8,summer,0.0,0.0,0.0
3,2024-08-26 05:00:00+00:00,0.0,0.0,0.0,0.0,0.0,0.0,0.0,36.98567,33.0,33.0,34.0,30.999998,65.999985,65.999985,8,summer,0.0,0.0,42.789757
3,2024-08-26 06:00:00+00:00,0.0,0.0,0.0,0.0,0.0,0.0,0.0,176.46571,147.00002,144.00002,148.00002,141.00002,231.00003,229.00003,8,summer,0.0,0.0,194.79976
3,2024-08-26 07:00:00+00:00,0.0,0.0,0.0,0.0,0.0,0.1,0.0,355.5969,323.00003,318.0,323.00003,318.0,404.0,399.00006,8,summer,0.01,0.0,293.95825
3,2024-08-26 08:00:00+00:00,0.0,0.0,0.0,0.0,0.0,0.1,0.0,510.72156,514.0,508.0,514.0,513.0,562.0,562.0,8,summer,0.01,0.0,496.41132
3,2024-08-26 09:00:00+00:00,0.0,0.0,0.0,0.0,0.0,0.1,0.0,650.65857,649.0,649.0,649.0,655.0,671.0,706.0,8,summer,0.01,0.0,652.79517
3,2024-08-26 10:00:00+00:00,0.0,0.0,0.0,0.0,0.0,0.0,0.0,789.84424,717.0,730.0,719.0,731.0,727.0,817.0,8,summer,0.0,0.0,731.0
3,2024-08-26 11:00:00+00:00,0.0,0.0,0.0,0.0,0.0,0.0,0.0,810.3548,737.0,759.0,740.0,755.0,753.0,878.0,8,summer,0.0,0.0,787.3706
3,2024-08-26 12:00:00+00:00,0.0,0.0,0.0,0.0,0.0,0.0,0.0,810.5767,724.0,742.0,730.00006,734.0,764.0,872.0,8,summer,0.0,0.0,676.4878
3,2024-08-26 13:00:00+00:00,0.0,0.0,0.0,0.0,0.0,0.0,0.1,740.923,663.0,671.0,672.0,662.0,742.0,808.0,8,summer,0.01,0.0,518.6725
3,2024-08-26 14:00:00+00:00,0.0,0.0,0.0,0.0,0.0,0.0,0.1,597.8398,548.0,550.0,556.0,541.0,667.0,698.0,8,summer,0.01,0.0,422.25995
3,2024-08-26 15:00:00+00:00,0.0,0.0,0.0,0.0,0.0,0.0,0.1,454.35547,383.0,385.0,388.0,379.0,539.0,552.0,8,summer,0.01,0.0,348.6185
3,2024-08-26 16:00:00+00:00,0.0,0.0,0.0,0.0,0.0,0.0,0.1,229.06314,216.99998,219.99998,217.99998,217.99998,374.99994,377.99997,8,summer,0.01,0.0,175.92075
3,2024-08-26 17:00:00+00:00,0.0,0.0,0.0,0.0,0.0,0.0,0.1,88.550545,90.99999,93.99999,90.99999,92.99999,187.99997,187.99997,8,summer,0.01,0.0,81.72008
3,2024-08-26 18:00:00+00:00,0.0,0.0,0.0,0.0,0.0,0.0,0.1,9.026346,16.999998,17.999998,16.999998,17.999998,36.999992,36.999992,8,summer,0.01,0.0,10.026347
3,2024-08-26 19:00:00+00:00,0.0,0.0,0.0,0.0,0.0,0.0,0.0,0.0,0.0,0.0,0.0,0.0,0.0,0.0,8,summer,0.0,0.0,0.0
3,2024-08-26 20:00:00+00:00,0.0,0.0,0.0,0.0,0.0,0.0,0.0,0.0,0.0,0.0,0.0,0.0,0.0,0.0,8,summer,0.0,0.0,0.0
3,2024-08-26 21:00:00+00:00,0.0,0.0,0.0,0.0,0.0,0.0,0.0,0.0,0.0,0.0,0.0,0.0,0.0,0.0,8,summer,0.0,0.0,0.0
3,2024-08-26 22:00:00+00:00,0.0,0.0,0.0,0.0,0.0,0.0,0.0,0.0,0.0,0.0,0.0,0.0,0.0,0.0,8,summer,0.0,0.0,0.0
3,2024-08-26 23:00:00+00:00,0.0,0.0,0.0,0.0,0.0,0.0,0.0,0.0,0.0,0.0,0.0,0.0,0.0,0.0,8,summer,0.0,0.0,0.0
3,2024-08-27 00:00:00+00:00,0.0,0.0,0.0,0.0,0.0,0.0,0.0,0.0,0.0,0.0,0.0,0.0,0.0,0.0,8,summer,0.0,0.0,0.0
3,2024-08-27 01:00:00+00:00,0.0,0.0,0.0,0.0,0.0,0.0,0.0,0.0,0.0,0.0,0.0,0.0,0.0,0.0,8,summer,0.0,0.0,0.0
3,2024-08-27 02:00:00+00:00,0.0,0.0,0.0,0.0,0.0,0.0,0.0,0.0,0.0,0.0,0.0,0.0,0.0,0.0,8,summer,0.0,0.0,0.0
3,2024-08-27 03:00:00+00:00,0.0,0.0,0.0,0.0,0.0,0.0,0.0,0.0,0.0,0.0,0.0,0.0,0.0,0.0,8,summer,0.0,0.0,0.0
3,2024-08-27 04:00:00+00:00,0.0,0.0,0.1,0.0,0.0,0.0,0.0,0.0,0.0,0.0,0.0,0.0,0.0,0.0,8,summer,0.01,0.0,0.0
3,2024-08-27 05:00:00+00:00,0.0,0.0,0.1,0.0,0.0,0.0,0.0,30.439014,30.999998,27.0,28.999998,30.999998,60.999992,61.999992,8,summer,0.01,0.0,30.395887
3,2024-08-27 06:00:00+00:00,0.0,0.0,0.1,0.0,0.0,0.0,0.0,193.65704,137.0,123.0,132.0,138.0,219.0,220.0,8,summer,0.01,0.0,82.17023
3,2024-08-27 07:00:00+00:00,0.0,0.0,0.0,0.0,0.0,0.0,0.0,159.33018,302.0,279.0,298.0,310.0,389.0,388.0,8,summer,0.0,0.0,156.7127
3,2024-08-27 08:00:00+00:00,0.0,0.0,0.0,0.0,0.0,0.0,0.0,210.33546,481.0,451.0,482.0,497.0,548.0,551.0,8,summer,0.0,0.0,453.20972
3,2024-08-27 09:00:00+00:00,0.0,0.0,0.0,0.0,0.0,0.0,0.0,431.11966,609.0,582.0,621.0,630.0,665.0,696.0,8,summer,0.0,0.0,658.6518
3,2024-08-27 10:00:00+00:00,0.0,0.3,0.0,0.3,0.0,0.0,0.0,250.58748,674.00006,657.0,700.0,699.0,734.0,811.0,8,summer,0.09,0.0,763.2227
3,2024-08-27 11:00:00+00:00,0.0,0.3,0.0,0.3,0.0,0.0,0.0,271.34195,676.0,667.0,711.0,713.0,769.0,874.0,8,summer,0.09,0.0,807.6067
3,2024-08-27 12:00:00+00:00,0.0,0.3,0.0,0.3,0.0,0.0,0.0,811.651,613.0,600.0,636.0,687.0,780.0,869.0,8,summer,0.09,0.0,745.4846
3,2024-08-27 13:00:00+00:00,0.0,0.3,0.3,0.0,3.0,0.0,0.3,694.2356,497.0,478.0,502.0,609.0,753.0,804.0,8,summer,0.56,0.0,679.696
3,2024-08-27 14:00:00+00:00,0.0,0.3,0.3,0.0,3.0,0.0,0.3,551.1925,363.0,350.0,372.0,472.0,673.0,693.0,8,summer,0.56,0.0,603.8175
3,2024-08-27 15:00:00+00:00,0.0,0.3,0.3,0.0,3.0,0.0,0.3,471.30685,226.0,234.0,266.0,280.0,540.0,548.0,8,summer,0.56,0.0,387.24628
3,2024-08-27 16:00:00+00:00,0.0,0.1,0.0,0.0,0.1,0.0,0.3,299.42786,110.0,133.0,170.0,111.0,371.00003,373.0,8,summer,0.07,0.0,269.33182
3,2024-08-27 17:00:00+00:00,0.0,0.1,0.0,0.0,0.1,0.0,0.3,120.24306,38.0,56.000004,79.00001,26.0,182.00003,182.00003,8,summer,0.07,0.0,116.044785
3,2024-08-27 18:00:00+00:00,0.0,0.1,0.0,0.0,0.1,0.0,0.3,9.076668,6.0,10.0,14.999999,4.0,33.999996,33.999996,8,summer,0.07,0.0,9.076668
3,2024-08-27 19:00:00+00:00,0.0,0.0,0.0,0.0,0.0,0.0,0.0,0.0,0.0,0.0,0.0,0.0,0.0,0.0,8,summer,0.0,0.0,0.0
3,2024-08-27 20:00:00+00:00,0.0,0.0,0.0,0.0,0.0,0.0,0.0,0.0,0.0,0.0,0.0,0.0,0.0,0.0,8,summer,0.0,0.0,0.0
3,2024-08-27 21:00:00+00:00,0.0,0.0,0.0,0.0,0.0,0.0,0.0,0.0,0.0,0.0,0.0,0.0,0.0,0.0,8,summer,0.0,0.0,0.0
3,2024-08-27 22:00:00+00:00,0.0,0.0,0.0,0.0,0.0,0.0,0.0,0.0,0.0,0.0,0.0,0.0,0.0,0.0,8,summer,0.0,0.0,0.0
3,2024-08-27 23:00:00+00:00,0.0,0.0,0.0,0.0,0.0,0.0,0.0,0.0,0.0,0.0,0.0,0.0,0.0,0.0,8,summer,0.0,0.0,0.0
3,2024-08-28 00:00:00+00:00,0.0,0.0,0.0,0.0,0.0,0.0,0.0,0.0,0.0,0.0,0.0,0.0,0.0,0.0,8,summer,0.0,0.0,0.0
3,2024-08-28 01:00:00+00:00,0.0,0.0,0.0,0.0,0.0,0.0,0.0,0.0,0.0,0.0,0.0,0.0,0.0,0.0,8,summer,0.0,0.0,0.0
3,2024-08-28 02:00:00+00:00,0.0,0.0,0.0,0.0,0.0,0.0,0.0,0.0,0.0,0.0,0.0,0.0,0.0,0.0,8,summer,0.0,0.0,0.0
3,2024-08-28 03:00:00+00:00,0.0,0.0,0.0,0.0,0.0,0.0,0.0,0.0,0.0,0.0,0.0,0.0,0.0,0.0,8,summer,0.0,0.0,0.0
3,2024-08-28 04:00:00+00:00,0.0,0.0,0.0,0.0,0.5,0.0,0.0,0.0,0.0,0.0,0.0,0.0,0.0,0.0,8,summer,0.07,0.0,0.0
3,2024-08-28 05:00:00+00:00,0.0,0.0,0.0,0.0,0.5,0.0,0.0,41.563923,30.0,30.0,30.0,27.0,63.0,62.0,8,summer,0.07,0.0,29.67374
3,2024-08-28 06:00:00+00:00,0.0,0.0,0.0,0.0,0.5,0.0,0.0,188.57858,134.0,137.0,138.0,122.0,225.99998,221.99998,8,summer,0.07,0.0,195.68213
3,2024-08-28 07:00:00+00:00,0.0,0.0,0.1,0.0,0.0,0.0,0.0,375.88126,298.0,310.0,311.0,271.0,398.0,391.0,8,summer,0.01,0.0,363.4344
3,2024-08-28 08:00:00+00:00,0.0,0.0,0.1,0.0,0.0,0.0,0.0,527.9102,480.0,494.0,496.0,437.0,557.0,554.0,8,summer,0.01,0.0,531.5769
3,2024-08-28 09:00:00+00:00,0.0,0.0,0.1,0.0,0.0,0.0,0.0,681.3544,614.0,606.0,613.0,567.0,671.0,698.0,8,summer,0.01,0.0,682.0786
3,2024-08-28 10:00:00+00:00,0.0,0.0,0.0,0.0,0.0,0.0,0.0,785.9697,691.0,640.0,656.0,650.0,735.0,810.0,8,summer,0.0,0.0,784.1132
3,2024-08-28 11:00:00+00:00,0.0,0.0,0.0,0.0,0.0,0.0,0.0,836.33624,721.0,634.0,661.0,684.0,766.0,871.0,8,summer,0.0,0.0,836.83356
3,2024-08-28 12:00:00+00:00,0.0,0.0,0.0,0.0,0.0,0.0,0.0,821.76404,718.0,614.0,658.0,671.0,776.0,865.0,8,summer,0.0,0.0,819.23694
3,2024-08-28 13:00:00+00:00,0.0,0.0,0.0,0.0,0.0,0.0,0.0,745.84283,666.0,562.0,619.0,605.0,749.0,800.0,8,summer,0.0,0.0,739.4744
3,2024-08-28 14:00:00+00:00,0.0,0.0,0.0,0.0,0.0,0.0,0.0,623.2827,554.0,466.0,516.0,495.0,669.0,689.0,8,summer,0.0,0.0,621.8959
3,2024-08-28 15:00:00+00:00,0.0,0.0,0.0,0.0,0.0,0.0,0.0,470.65396,387.0,330.0,348.0,348.0,535.0,543.0,8,summer,0.0,0.0,469.65393
3,2024-08-28 16:00:00+00:00,0.0,0.1,0.0,0.6,0.0,0.0,0.0,295.74615,216.99998,192.99998,182.0,200.99998,365.99994,367.99997,8,summer,0.1,0.0,295.74615
3,2024-08-28 17:00:00+00:00,0.0,0.1,0.0,0.6,0.0,0.0,0.0,117.811935,88.99999,82.0,68.0,84.0,176.99998,176.99998,8,summer,0.1,0.0,117.998474
3,2024-08-28 18:00:00+00:00,0.0,0.1,0.0,0.6,0.0,0.0,0.0,8.117903,15.000001,14.0,11.0,14.0,31.000004,31.000004,8,summer,0.1,0.0,8.117903
3,2024-08-28 19:00:00+00:00,0.0,0.0,0.0,0.0,0.0,0.0,0.0,0.0,0.0,0.0,0.0,0.0,0.0,0.0,8,summer,0.0,0.0,0.0
3,2024-08-28 20:00:00+00:00,0.0,0.0,0.0,0.0,0.0,0.0,0.0,0.0,0.0,0.0,0.0,0.0,0.0,0.0,8,summer,0.0,0.0,0.0
3,2024-08-28 21:00:00+00:00,0.0,0.0,0.0,0.0,0.0,0.0,0.0,0.0,0.0,0.0,0.0,0.0,0.0,0.0,8,summer,0.0,0.0,0.0
3,2024-08-28 22:00:00+00:00,0.0,0.0,0.0,0.0,0.0,0.0,0.0,0.0,0.0,0.0,0.0,0.0,0.0,0.0,8,summer,0.0,0.0,0.0
3,2024-08-28 23:00:00+00:00,0.0,0.0,0.0,0.0,0.0,0.0,0.0,0.0,0.0,0.0,0.0,0.0,0.0,0.0,8,summer,0.0,0.0,0.0
3,2024-08-29 00:00:00+00:00,0.0,0.0,0.0,0.0,0.0,0.0,0.0,0.0,0.0,0.0,0.0,0.0,0.0,0.0,8,summer,0.0,0.0,0.0
3,2024-08-29 01:00:00+00:00,0.0,0.0,0.0,0.0,0.0,0.0,0.0,0.0,0.0,0.0,0.0,0.0,0.0,0.0,8,summer,0.0,0.0,0.0
3,2024-08-29 02:00:00+00:00,0.0,0.0,0.0,0.0,0.0,0.0,0.0,0.0,0.0,0.0,0.0,0.0,0.0,0.0,8,summer,0.0,0.0,0.0
3,2024-08-29 03:00:00+00:00,0.0,0.0,0.0,0.0,0.0,0.0,0.0,0.0,0.0,0.0,0.0,0.0,0.0,0.0,8,summer,0.0,0.0,0.0
3,2024-08-29 04:00:00+00:00,0.0,0.0,0.0,0.0,0.0,0.0,0.0,0.0,0.0,0.0,0.0,0.0,0.0,0.0,8,summer,0.0,0.0,0.0
3,2024-08-29 05:00:00+00:00,0.0,0.0,0.0,0.0,0.0,0.0,0.0,39.846447,29.0,30.0,30.0,30.0,57.999996,57.999996,8,summer,0.0,0.0,35.846447
3,2024-08-29 06:00:00+00:00,0.0,0.0,0.0,0.0,0.0,0.0,0.0,153.35596,135.0,138.0,137.0,139.0,211.0,210.0,8,summer,0.0,0.0,100.651634
3,2024-08-29 07:00:00+00:00,0.0,0.0,0.0,0.0,0.0,0.0,0.0,375.62476,309.0,312.0,305.0,315.0,381.0,376.0,8,summer,0.0,0.0,355.71225
3,2024-08-29 08:00:00+00:00,0.0,0.0,0.0,0.0,0.0,0.0,0.0,477.51633,500.0,502.0,490.0,508.0,539.0,539.0,8,summer,0.0,0.0,540.5291
3,2024-08-29 09:00:00+00:00,0.0,0.0,0.0,0.0,0.0,0.0,0.0,381.79602,632.0,634.0,626.0,649.0,653.0,685.0,8,summer,0.0,0.0,682.2152
3,2024-08-29 10:00:00+00:00,0.0,0.0,0.0,0.0,0.0,0.0,0.0,547.1769,694.0,699.0,704.0,725.0,718.0,803.0,8,summer,0.0,0.0,784.2702
3,2024-08-29 11:00:00+00:00,0.0,0.0,0.0,0.0,0.0,0.0,0.0,520.5141,710.0,714.0,732.0,747.0,751.0,867.0,8,summer,0.0,0.0,835.5699
3,2024-08-29 12:00:00+00:00,0.0,0.0,0.0,0.0,0.0,0.0,0.0,750.8471,694.99994,694.99994,723.0,721.00006,763.0,862.0,8,summer,0.0,0.0,614.82117
3,2024-08-29 13:00:00+00:00,0.0,0.0,0.0,0.0,0.0,0.0,0.0,746.6953,635.0,629.0,662.0,643.0,738.0,796.0,8,summer,0.0,0.0,366.35504
3,2024-08-29 14:00:00+00:00,0.0,0.0,0.0,0.0,0.0,0.0,0.0,623.7446,525.0,515.0,546.0,522.0,660.0,684.0,8,summer,0.0,0.0,257.18842
3,2024-08-29 15:00:00+00:00,0.0,0.0,0.0,0.0,0.0,0.0,0.0,469.20486,371.0,358.0,381.0,366.0,528.0,538.0,8,summer,0.0,0.0,337.26422
3,2024-08-29 16:00:00+00:00,0.0,0.0,0.0,0.0,0.0,0.0,0.0,293.2539,215.0,201.0,214.0,210.0,360.00003,363.0,8,summer,0.0,0.0,292.3419
3,2024-08-29 17:00:00+00:00,0.0,0.0,0.0,0.0,0.0,0.0,0.0,114.165985,89.0,82.0,86.0,87.0,171.0,171.0,8,summer,0.0,0.0,113.97508
3,2024-08-29 18:00:00+00:00,0.0,0.0,0.0,0.0,0.0,0.0,0.0,7.1490393,13.999998,12.999998,13.999998,13.999998,28.999992,27.999992,8,summer,0.0,0.0,7.1490393
3,2024-08-29 19:00:00+00:00,0.0,0.0,0.0,0.0,0.0,0.0,0.0,0.0,0.0,0.0,0.0,0.0,0.0,0.0,8,summer,0.0,0.0,0.0
3,2024-08-29 20:00:00+00:00,0.0,0.0,0.0,0.0,0.0,0.0,0.0,0.0,0.0,0.0,0.0,0.0,0.0,0.0,8,summer,0.0,0.0,0.0
3,2024-08-29 21:00:00+00:00,0.0,0.0,0.0,0.0,0.0,0.0,0.0,0.0,0.0,0.0,0.0,0.0,0.0,0.0,8,summer,0.0,0.0,0.0
3,2024-08-29 22:00:00+00:00,0.0,0.0,0.0,0.0,0.0,0.0,0.0,0.0,0.0,0.0,0.0,0.0,0.0,0.0,8,summer,0.0,0.0,0.0
3,2024-08-29 23:00:00+00:00,0.0,0.0,0.0,0.0,0.0,0.0,0.0,0.0,0.0,0.0,0.0,0.0,0.0,0.0,8,summer,0.0,0.0,0.0
3,2024-08-30 00:00:00+00:00,0.0,0.0,0.0,0.0,0.0,0.0,0.0,0.0,0.0,0.0,0.0,0.0,0.0,0.0,8,summer,0.0,0.0,0.0
3,2024-08-30 01:00:00+00:00,0.0,0.0,0.0,0.0,0.0,0.0,0.0,0.0,0.0,0.0,0.0,0.0,0.0,0.0,8,summer,0.0,0.0,0.0
3,2024-08-30 02:00:00+00:00,0.0,0.0,0.0,0.0,0.0,0.0,0.0,0.0,0.0,0.0,0.0,0.0,0.0,0.0,8,summer,0.0,0.0,0.0
3,2024-08-30 03:00:00+00:00,0.0,0.0,0.0,0.0,0.0,0.0,0.0,0.0,0.0,0.0,0.0,0.0,0.0,0.0,8,summer,0.0,0.0,0.0
3,2024-08-30 04:00:00+00:00,0.0,0.0,0.0,0.0,0.0,0.0,0.0,0.0,0.0,0.0,0.0,0.0,0.0,0.0,8,summer,0.0,0.0,0.0
3,2024-08-30 05:00:00+00:00,0.0,0.0,0.0,0.0,0.0,0.0,0.0,38.68028,28.999998,28.999998,28.999998,27.999998,58.999992,55.999992,8,summer,0.0,0.0,39.12466
3,2024-08-30 06:00:00+00:00,0.0,0.0,0.0,0.0,0.0,0.0,0.0,190.66693,135.0,135.0,135.0,132.0,215.99997,205.99997,8,summer,0.0,0.0,191.71819
3,2024-08-30 07:00:00+00:00,0.0,0.0,0.0,0.0,0.0,0.1,0.0,371.91095,308.0,308.0,310.00003,305.0,389.00006,372.00006,8,summer,0.01,0.0,373.19745
3,2024-08-30 08:00:00+00:00,0.0,0.0,0.0,0.0,0.0,0.1,0.0,537.44653,500.0,500.0,501.0,496.99994,546.0,535.0,8,summer,0.01,0.0,530.46924
3,2024-08-30 09:00:00+00:00,0.0,0.0,0.0,0.0,0.0,0.1,0.0,676.18195,642.0,643.0,636.00006,640.0,650.0,682.0,8,summer,0.01,0.0,676.3452
3,2024-08-30 10:00:00+00:00,0.0,0.0,0.0,0.0,0.0,0.1,0.0,778.7044,722.0,725.0,704.0,721.0,698.0,799.0,8,summer,0.01,0.0,777.2947
3,2024-08-30 11:00:00+00:00,0.0,0.0,0.0,0.0,0.0,0.1,0.0,827.2422,748.0,753.0,726.0,744.0,718.0,864.0,8,summer,0.01,0.0,827.22437
3,2024-08-30 12:00:00+00:00,0.0,0.0,0.0,0.0,0.0,0.1,0.0,599.31616,730.0,735.0,721.0,711.0,730.0,859.0,8,summer,0.01,0.0,811.31616
3,2024-08-30 13:00:00+00:00,0.0,0.0,0.0,0.0,0.0,0.0,0.0,311.4026,659.0,663.0,670.0,624.0,712.0,792.0,8,summer,0.0,0.0,733.2543
3,2024-08-30 14:00:00+00:00,0.0,0.0,0.0,0.0,0.0,0.0,0.0,248.1012,535.0,541.0,558.0,500.0,641.0,680.0,8,summer,0.0,0.0,613.01086
3,2024-08-30 15:00:00+00:00,0.0,0.0,0.0,0.0,0.0,0.0,0.0,206.84767,367.0,377.0,389.0,350.0,515.99994,533.0,8,summer,0.0,0.0,460.1267
3,2024-08-30 16:00:00+00:00,0.0,0.0,0.0,0.0,0.0,0.0,0.0,142.39252,201.0,213.0,217.00002,202.0,353.00003,357.00003,8,summer,0.0,0.0,286.16998
3,2024-08-30 17:00:00+00:00,0.0,0.0,0.0,0.0,0.0,0.0,0.0,99.49648,78.0,85.0,86.0,83.0,165.0,165.0,8,summer,0.0,0.0,108.70769
3,2024-08-30 18:00:00+00:00,0.0,0.0,0.0,0.0,0.0,0.0,0.0,5.1687384,11.0,12.999999,12.999999,11.999999,25.999996,25.999996,8,summer,0.0,0.0,6.1687384
3,2024-08-30 19:00:00+00:00,0.0,0.0,0.0,0.0,0.0,0.0,0.0,0.0,0.0,0.0,0.0,0.0,0.0,0.0,8,summer,0.0,0.0,0.0
3,2024-08-30 20:00:00+00:00,0.0,0.0,0.0,0.0,0.0,0.0,0.0,0.0,0.0,0.0,0.0,0.0,0.0,0.0,8,summer,0.0,0.0,0.0
3,2024-08-30 21:00:00+00:00,0.0,0.0,0.0,0.0,0.0,0.0,0.0,0.0,0.0,0.0,0.0,0.0,0.0,0.0,8,summer,0.0,0.0,0.0
3,2024-08-30 22:00:00+00:00,0.0,0.0,0.0,0.0,0.0,0.0,0.0,0.0,0.0,0.0,0.0,0.0,0.0,0.0,8,summer,0.0,0.0,0.0
3,2024-08-30 23:00:00+00:00,0.0,0.0,0.0,0.0,0.0,0.0,0.0,0.0,0.0,0.0,0.0,0.0,0.0,0.0,8,summer,0.0,0.0,0.0
3,2024-08-31 00:00:00+00:00,0.0,0.0,0.0,0.0,0.0,0.0,0.0,0.0,0.0,0.0,0.0,0.0,0.0,0.0,8,summer,0.0,0.0,0.0
3,2024-08-31 01:00:00+00:00,0.0,0.0,0.0,0.0,0.0,0.0,0.0,0.0,0.0,0.0,0.0,0.0,0.0,0.0,8,summer,0.0,0.0,0.0
3,2024-08-31 02:00:00+00:00,0.0,0.0,0.0,0.0,0.0,0.0,0.0,0.0,0.0,0.0,0.0,0.0,0.0,0.0,8,summer,0.0,0.0,0.0
3,2024-08-31 03:00:00+00:00,0.0,0.0,0.0,0.0,0.0,0.0,0.0,0.0,0.0,0.0,0.0,0.0,0.0,0.0,8,summer,0.0,0.0,0.0
3,2024-08-31 04:00:00+00:00,0.0,0.0,0.0,0.0,0.0,0.0,0.0,0.0,0.0,0.0,0.0,0.0,0.0,0.0,8,summer,0.0,0.0,0.0
3,2024-08-31 05:00:00+00:00,0.0,0.0,0.0,0.0,0.0,0.0,0.0,37.94991,28.0,28.0,28.0,28.0,54.999992,53.999992,8,summer,0.0,0.0,37.48082
3,2024-08-31 06:00:00+00:00,0.0,0.0,0.0,0.0,0.0,0.0,0.0,188.67845,132.0,132.0,133.0,133.0,207.0,200.0,8,summer,0.0,0.0,188.56717
3,2024-08-31 07:00:00+00:00,0.0,0.0,0.0,0.0,0.0,0.0,0.0,369.3114,304.0,305.0,307.0,306.0,380.0,365.0,8,summer,0.0,0.0,369.01007
3,2024-08-31 08:00:00+00:00,0.0,0.0,0.0,0.0,0.0,0.0,0.0,533.4406,497.0,497.0,499.0,498.0,535.0,528.0,8,summer,0.0,0.0,533.7249
3,2024-08-31 09:00:00+00:00,0.0,0.0,0.0,0.0,0.0,0.0,0.0,672.4709,642.0,641.0,641.0,643.0,627.00006,676.0,8,summer,0.0,0.0,673.13086
3,2024-08-31 10:00:00+00:00,0.0,0.0,0.0,0.0,0.0,0.0,0.0,774.4279,727.0,724.0,720.0,728.0,655.0,794.0,8,summer,0.0,0.0,773.3588
3,2024-08-31 11:00:00+00:00,0.0,0.0,0.0,0.0,0.0,0.0,0.0,822.47534,760.0,750.0,747.0,759.0,662.0,860.0,8,summer,0.0,0.0,825.88446
3,2024-08-31 12:00:00+00:00,0.0,0.0,0.0,0.0,0.0,0.0,0.0,807.3751,751.0,726.00006,734.0,743.0,677.0,855.0,8,summer,0.0,0.0,809.782
3,2024-08-31 13:00:00+00:00,0.0,0.0,0.0,0.0,0.0,0.0,0.0,730.90173,688.0,647.0,668.0,671.0,672.0,788.0,8,summer,0.0,0.0,729.90173
3,2024-08-31 14:00:00+00:00,0.0,0.0,0.0,0.0,0.0,0.0,0.0,609.49756,565.0,521.0,548.0,546.0,614.0,675.0,8,summer,0.0,0.0,609.6126
3,2024-08-31 15:00:00+00:00,0.0,0.0,0.0,0.0,0.0,0.0,0.0,459.19818,389.0,356.0,378.0,374.0,499.0,528.0,8,summer,0.0,0.0,258.4846
3,2024-08-31 16:00:00+00:00,0.0,0.0,0.0,0.0,0.0,0.0,0.0,282.49863,213.0,195.0,209.0,205.0,344.00003,352.00003,8,summer,0.0,0.0,275.87537
3,2024-08-31 17:00:00+00:00,0.0,0.0,0.0,0.0,0.0,0.0,0.0,105.22792,82.0,75.0,81.0,79.0,158.99998,158.99998,8,summer,0.0,0.0,103.598526
3,2024-08-31 18:00:00+00:00,0.0,0.0,0.0,0.0,0.0,0.0,0.0,5.1749916,11.0,10.0,11.0,11.0,23.0,23.0,8,summer,0.0,0.0,4.1749916
3,2024-08-31 19:00:00+00:00,0.0,0.0,0.0,0.0,0.0,0.1,0.0,0.0,0.0,0.0,0.0,0.0,0.0,0.0,8,summer,0.01,0.0,0.0
3,2024-08-31 20:00:00+00:00,0.0,0.0,0.0,0.0,0.0,0.1,0.0,0.0,0.0,0.0,0.0,0.0,0.0,0.0,8,summer,0.01,0.0,0.0
3,2024-08-31 21:00:00+00:00,0.0,0.0,0.0,0.0,0.0,0.1,0.0,0.0,0.0,0.0,0.0,0.0,0.0,0.0,8,summer,0.01,0.0,0.0
3,2024-08-31 22:00:00+00:00,0.0,0.0,0.0,0.0,0.0,0.0,0.0,0.0,0.0,0.0,0.0,0.0,0.0,0.0,8,summer,0.0,0.0,0.0
3,2024-08-31 23:00:00+00:00,0.0,0.0,0.0,0.0,0.0,0.0,0.0,0.0,0.0,0.0,0.0,0.0,0.0,0.0,8,summer,0.0,0.0,0.0
3,2024-09-01 00:00:00+00:00,0.0,0.0,0.0,0.0,0.0,0.0,0.0,0.0,0.0,0.0,0.0,0.0,0.0,0.0,9,summer,0.0,0.0,0.0
3,2024-09-01 01:00:00+00:00,0.0,0.0,0.0,0.0,0.0,0.0,0.0,0.0,0.0,0.0,0.0,0.0,0.0,0.0,9,summer,0.0,0.0,0.0
3,2024-09-01 02:00:00+00:00,0.0,0.0,0.0,0.0,0.0,0.0,0.0,0.0,0.0,0.0,0.0,0.0,0.0,0.0,9,summer,0.0,0.0,0.0
3,2024-09-01 03:00:00+00:00,0.0,0.0,0.0,0.0,0.0,0.0,0.0,0.0,0.0,0.0,0.0,0.0,0.0,0.0,9,summer,0.0,0.0,0.0
3,2024-09-01 04:00:00+00:00,0.0,0.0,0.0,0.0,0.0,0.0,0.0,0.0,0.0,0.0,0.0,0.0,0.0,0.0,9,summer,0.0,0.0,0.0
3,2024-09-01 05:00:00+00:00,0.0,0.0,0.0,0.0,0.0,0.0,0.0,21.425789,27.000002,28.000002,27.000002,27.000002,40.000004,51.000008,9,summer,0.0,0.0,34.2453
3,2024-09-01 06:00:00+00:00,0.0,0.0,0.0,0.0,0.0,0.0,0.0,91.584785,131.0,133.0,130.0,130.0,161.0,194.0,9,summer,0.0,0.0,181.38606
3,2024-09-01 07:00:00+00:00,0.0,0.0,0.0,0.0,0.0,0.0,0.0,166.66112,304.0,308.0,303.0,303.0,316.0,360.0,9,summer,0.0,0.0,361.44647
3,2024-09-01 08:00:00+00:00,0.0,0.0,0.0,0.0,0.0,0.0,0.0,463.33093,497.0,502.0,496.0,497.0,473.00003,520.0,9,summer,0.0,0.0,524.28687
3,2024-09-01 09:00:00+00:00,0.0,0.0,0.0,0.0,0.0,0.0,0.0,464.13898,643.0,645.0,642.0,643.0,592.0,645.0,9,summer,0.0,0.0,664.0635
3,2024-09-01 10:00:00+00:00,0.0,0.0,0.0,0.0,0.0,0.0,0.3,748.595,730.0,724.0,727.0,727.0,667.0,728.0,9,summer,0.04,0.0,762.87225
3,2024-09-01 11:00:00+00:00,0.0,0.0,0.0,0.0,0.0,0.0,0.3,802.52814,764.0,754.0,757.0,758.0,710.00006,774.0,9,summer,0.04,0.0,810.50006
3,2024-09-01 12:00:00+00:00,0.0,0.0,0.0,0.0,0.0,0.0,0.3,799.4487,758.0,749.0,744.0,747.0,729.0,784.0,9,summer,0.04,0.0,792.7437
3,2024-09-01 13:00:00+00:00,0.0,0.0,0.0,0.0,0.0,0.0,0.0,401.9857,697.0,692.0,674.0,681.0,707.0,750.0,9,summer,0.0,0.0,714.19147
3,2024-09-01 14:00:00+00:00,0.0,0.0,0.0,0.0,0.0,0.0,0.0,603.5017,572.0,572.0,545.0,558.0,632.0,661.0,9,summer,0.0,0.0,586.81256
3,2024-09-01 15:00:00+00:00,0.0,0.0,0.0,0.0,0.0,0.0,0.0,452.31586,390.0,394.0,361.0,385.0,506.0,521.0,9,summer,0.0,0.0,412.079
3,2024-09-01 16:00:00+00:00,0.0,0.0,0.0,0.0,0.0,0.0,0.0,277.13403,209.99998,215.99998,185.0,212.0,342.0,346.0,9,summer,0.0,0.0,230.43301
3,2024-09-01 17:00:00+00:00,0.0,0.0,0.0,0.0,0.0,0.0,0.0,101.110855,77.0,81.0,65.0,80.0,154.0,154.0,9,summer,0.0,0.0,58.412437
3,2024-09-01 18:00:00+00:00,0.0,0.0,0.0,0.0,0.0,0.0,0.0,3.164893,8.999999,9.999998,7.9999995,9.999998,19.999996,19.999996,9,summer,0.0,0.0,3.164893
3,2024-09-01 19:00:00+00:00,0.0,0.0,0.0,0.0,0.0,0.0,0.1,0.0,0.0,0.0,0.0,0.0,0.0,0.0,9,summer,0.01,0.0,0.0
3,2024-09-01 20:00:00+00:00,0.0,0.0,0.0,0.0,0.0,0.0,0.1,0.0,0.0,0.0,0.0,0.0,0.0,0.0,9,summer,0.01,0.0,0.0
3,2024-09-01 21:00:00+00:00,0.0,0.0,0.0,0.0,0.0,0.0,0.1,0.0,0.0,0.0,0.0,0.0,0.0,0.0,9,summer,0.01,0.0,0.0
3,2024-09-01 22:00:00+00:00,0.0,0.0,0.0,0.0,0.0,0.0,0.5,0.0,0.0,0.0,0.0,0.0,0.0,0.0,9,summer,0.07,0.0,0.0
3,2024-09-01 23:00:00+00:00,0.0,0.0,0.0,0.0,0.0,0.0,0.5,0.0,0.0,0.0,0.0,0.0,0.0,0.0,9,summer,0.07,0.0,0.0
3,2024-09-02 00:00:00+00:00,0.0,0.0,0.0,0.0,0.0,0.0,0.5,0.0,0.0,0.0,0.0,0.0,0.0,0.0,9,summer,0.07,0.0,0.0
3,2024-09-02 01:00:00+00:00,0.0,0.0,0.0,0.0,0.0,0.0,0.0,0.0,0.0,0.0,0.0,0.0,0.0,0.0,9,summer,0.0,0.0,0.0
3,2024-09-02 02:00:00+00:00,0.0,0.0,0.0,0.0,0.0,0.0,0.0,0.0,0.0,0.0,0.0,0.0,0.0,0.0,9,summer,0.0,0.0,0.0
3,2024-09-02 03:00:00+00:00,0.0,0.0,0.0,0.0,0.0,0.0,0.0,0.0,0.0,0.0,0.0,0.0,0.0,0.0,9,summer,0.0,0.0,0.0
3,2024-09-02 04:00:00+00:00,0.0,0.0,0.0,0.0,0.0,0.0,0.0,0.0,0.0,0.0,0.0,0.0,0.0,0.0,9,summer,0.0,0.0,0.0
3,2024-09-02 05:00:00+00:00,0.0,0.0,0.0,0.0,0.0,0.0,0.0,34.47648,25.999998,25.999998,25.999998,25.999998,52.999992,46.999992,9,summer,0.0,0.0,32.495644
3,2024-09-02 06:00:00+00:00,0.0,0.0,0.0,0.0,0.0,0.0,0.0,174.5763,122.00001,129.0,129.0,128.0,201.00003,182.00003,9,summer,0.0,0.0,164.09805
3,2024-09-02 07:00:00+00:00,0.0,0.0,0.0,0.0,0.0,0.0,0.2,338.52905,280.0,304.0,305.0,301.0,371.0,344.0,9,summer,0.03,0.0,337.36465
3,2024-09-02 08:00:00+00:00,0.0,0.0,0.0,0.0,0.0,0.0,0.2,516.6931,461.0,500.0,502.0,495.99997,530.0,509.0,9,summer,0.03,0.0,520.6278
3,2024-09-02 09:00:00+00:00,0.0,0.0,0.0,0.0,0.0,0.0,0.2,638.50696,610.0,646.0,648.0,642.0,647.0,660.00006,9,summer,0.03,0.0,615.5211
3,2024-09-02 10:00:00+00:00,0.0,0.0,0.0,0.0,0.0,0.0,0.0,751.5411,715.0,731.0,732.0,727.0,715.0,783.0,9,summer,0.0,0.0,543.2031
3,2024-09-02 11:00:00+00:00,0.0,0.0,0.0,0.0,0.0,0.0,0.0,802.1139,764.0,763.0,763.0,759.0,748.0,852.0,9,summer,0.0,0.0,503.5483
3,2024-09-02 12:00:00+00:00,0.0,0.0,0.0,0.0,0.0,0.0,0.0,783.28687,757.0,755.0,755.0,751.0,758.0,848.0,9,summer,0.0,0.0,566.04065
3,2024-09-02 13:00:00+00:00,0.0,0.0,0.0,0.0,0.0,0.0,0.0,692.47266,688.0,692.0,693.0,688.0,729.0,780.0,9,summer,0.0,0.0,619.2267
3,2024-09-02 14:00:00+00:00,0.0,0.0,0.0,0.0,0.0,0.0,0.0,539.99036,562.0,568.0,569.0,563.0,645.99994,666.0,9,summer,0.0,0.0,461.01306
3,2024-09-02 15:00:00+00:00,0.0,0.0,0.0,0.0,0.0,0.0,0.0,439.4552,387.0,390.0,390.0,382.0,510.0,518.0,9,summer,0.0,0.0,391.5596
3,2024-09-02 16:00:00+00:00,0.0,0.0,0.0,0.0,0.0,0.0,0.0,263.8773,211.0,211.0,212.0,204.0,338.99997,341.0,9,summer,0.0,0.0,235.74179
3,2024-09-02 17:00:00+00:00,0.0,0.0,0.0,0.0,0.0,0.0,0.0,92.73483,78.0,78.0,78.0,73.0,148.0,148.0,9,summer,0.0,0.0,93.270355
3,2024-09-02 18:00:00+00:00,0.0,0.0,0.0,0.0,0.0,0.0,0.0,3.1368077,8.000001,8.000001,8.000001,8.000001,17.000004,17.000004,9,summer,0.0,0.0,3.1368077
3,2024-09-02 19:00:00+00:00,0.0,0.0,0.0,0.0,0.0,0.0,0.0,0.0,0.0,0.0,0.0,0.0,0.0,0.0,9,summer,0.0,0.0,0.0
3,2024-09-02 20:00:00+00:00,0.0,0.0,0.0,0.0,0.0,0.0,0.0,0.0,0.0,0.0,0.0,0.0,0.0,0.0,9,summer,0.0,0.0,0.0
3,2024-09-02 21:00:00+00:00,0.0,0.0,0.0,0.0,0.0,0.0,0.0,0.0,0.0,0.0,0.0,0.0,0.0,0.0,9,summer,0.0,0.0,0.0
3,2024-09-02 22:00:00+00:00,0.0,0.0,0.0,0.0,0.0,0.0,0.0,0.0,0.0,0.0,0.0,0.0,0.0,0.0,9,summer,0.0,0.0,0.0
3,2024-09-02 23:00:00+00:00,0.0,0.0,0.0,0.0,0.0,0.0,0.0,0.0,0.0,0.0,0.0,0.0,0.0,0.0,9,summer,0.0,0.0,0.0
3,2024-09-03 00:00:00+00:00,0.0,0.0,0.0,0.0,0.0,0.0,0.0,0.0,0.0,0.0,0.0,0.0,0.0,0.0,9,summer,0.0,0.0,0.0
3,2024-09-03 01:00:00+00:00,0.0,0.0,0.0,0.0,0.0,0.0,0.0,0.0,0.0,0.0,0.0,0.0,0.0,0.0,9,summer,0.0,0.0,0.0
3,2024-09-03 02:00:00+00:00,0.0,0.0,0.0,0.0,0.0,0.0,0.0,0.0,0.0,0.0,0.0,0.0,0.0,0.0,9,summer,0.0,0.0,0.0
3,2024-09-03 03:00:00+00:00,0.0,0.0,0.0,0.0,0.0,0.0,0.0,0.0,0.0,0.0,0.0,0.0,0.0,0.0,9,summer,0.0,0.0,0.0
3,2024-09-03 04:00:00+00:00,0.0,0.0,0.0,0.0,0.0,0.0,0.0,0.0,0.0,0.0,0.0,0.0,0.0,0.0,9,summer,0.0,0.0,0.0
3,2024-09-03 05:00:00+00:00,0.0,0.0,0.0,0.0,0.0,0.0,0.0,31.741577,25.999998,25.999998,24.999998,25.999998,49.999992,47.999992,9,summer,0.0,0.0,31.210138
3,2024-09-03 06:00:00+00:00,0.0,0.0,0.0,0.0,0.0,0.0,0.0,173.24443,127.00001,127.00001,126.0,128.0,195.00002,186.0,9,summer,0.0,0.0,176.24443
3,2024-09-03 07:00:00+00:00,0.0,0.0,0.0,0.0,0.0,0.0,0.0,350.7718,302.0,300.0,300.0,303.0,362.99997,348.0,9,summer,0.0,0.0,355.4445
3,2024-09-03 08:00:00+00:00,0.0,0.0,0.0,0.0,0.0,0.0,0.0,511.4197,499.0,495.0,496.0,501.0,522.0,511.0,9,summer,0.0,0.0,506.35925
3,2024-09-03 09:00:00+00:00,0.0,0.0,0.0,0.0,0.0,0.0,0.0,655.07324,645.0,641.0,642.0,647.0,639.0,660.0,9,summer,0.0,0.0,605.8692
3,2024-09-03 10:00:00+00:00,0.0,0.0,0.0,0.0,0.0,0.0,0.0,754.30664,729.0,726.0,728.0,730.0,709.0,781.0,9,summer,0.0,0.0,748.9354
3,2024-09-03 11:00:00+00:00,0.0,0.0,0.0,0.0,0.0,0.0,0.0,800.7802,761.0,759.0,761.0,760.0,744.0,849.0,9,summer,0.0,0.0,800.87067
3,2024-09-03 12:00:00+00:00,0.0,0.0,0.0,0.0,0.0,0.0,0.0,786.15106,753.0,752.0,753.0,752.0,754.0,844.0,9,summer,0.0,0.0,783.85864
3,2024-09-03 13:00:00+00:00,0.0,0.0,0.0,0.0,0.0,0.0,0.0,708.73413,689.0,689.0,690.0,690.0,724.0,775.0,9,summer,0.0,0.0,707.4321
3,2024-09-03 14:00:00+00:00,0.0,0.0,0.0,0.0,0.0,0.0,0.0,587.1098,564.0,564.0,564.99994,564.99994,641.0,661.0,9,summer,0.0,0.0,585.46985
3,2024-09-03 15:00:00+00:00,0.0,0.0,0.0,0.0,0.0,0.0,0.0,434.6825,384.0,384.0,385.0,385.0,504.99997,511.99997,9,summer,0.0,0.0,434.6825
3,2024-09-03 16:00:00+00:00,0.0,0.0,0.0,0.0,0.0,0.0,0.0,261.74258,206.0,205.0,206.0,206.0,333.0,335.0,9,summer,0.0,0.0,261.74258
3,2024-09-03 17:00:00+00:00,0.0,0.0,0.0,0.0,0.0,0.0,0.0,89.052536,73.0,73.0,73.0,73.0,142.0,142.0,9,summer,0.0,0.0,89.052536
3,2024-09-03 18:00:00+00:00,0.0,0.0,0.0,0.0,0.0,0.0,0.0,2.1208215,7.0000005,7.0000005,7.0000005,7.0000005,14.000001,14.000001,9,summer,0.0,0.0,2.1208215
3,2024-09-03 19:00:00+00:00,0.0,0.0,0.0,0.0,0.0,0.0,0.0,0.0,0.0,0.0,0.0,0.0,0.0,0.0,9,summer,0.0,0.0,0.0
3,2024-09-03 20:00:00+00:00,0.0,0.0,0.0,0.0,0.0,0.0,0.0,0.0,0.0,0.0,0.0,0.0,0.0,0.0,9,summer,0.0,0.0,0.0
3,2024-09-03 21:00:00+00:00,0.0,0.0,0.0,0.0,0.0,0.0,0.0,0.0,0.0,0.0,0.0,0.0,0.0,0.0,9,summer,0.0,0.0,0.0
3,2024-09-03 22:00:00+00:00,0.0,0.0,0.0,0.0,0.0,0.0,0.0,0.0,0.0,0.0,0.0,0.0,0.0,0.0,9,summer,0.0,0.0,0.0
3,2024-09-03 23:00:00+00:00,0.0,0.0,0.0,0.0,0.0,0.0,0.0,0.0,0.0,0.0,0.0,0.0,0.0,0.0,9,summer,0.0,0.0,0.0
3,2024-09-04 00:00:00+00:00,0.0,0.0,0.0,0.0,0.0,0.0,0.0,0.0,0.0,0.0,0.0,0.0,0.0,0.0,9,summer,0.0,0.0,0.0
3,2024-09-04 01:00:00+00:00,0.0,0.0,0.0,0.0,0.0,0.0,0.0,0.0,0.0,0.0,0.0,0.0,0.0,0.0,9,summer,0.0,0.0,0.0
3,2024-09-04 02:00:00+00:00,0.0,0.0,0.0,0.0,0.0,0.0,0.0,0.0,0.0,0.0,0.0,0.0,0.0,0.0,9,summer,0.0,0.0,0.0
3,2024-09-04 03:00:00+00:00,0.0,0.0,0.0,0.0,0.0,0.0,0.0,0.0,0.0,0.0,0.0,0.0,0.0,0.0,9,summer,0.0,0.0,0.0
3,2024-09-04 04:00:00+00:00,0.0,0.0,0.0,0.0,0.0,0.0,0.0,0.0,0.0,0.0,0.0,0.0,0.0,0.0,9,summer,0.0,0.0,0.0
3,2024-09-04 05:00:00+00:00,0.0,0.0,0.0,0.0,0.0,0.0,0.0,30.983225,24.0,23.0,24.0,24.0,49.000008,48.000008,9,summer,0.0,0.0,30.983225
3,2024-09-04 06:00:00+00:00,0.0,0.0,0.0,0.0,0.0,0.0,0.0,172.16287,124.00001,121.00001,124.00001,121.00001,191.00002,188.00003,9,summer,0.0,0.0,172.08617
3,2024-09-04 07:00:00+00:00,0.0,0.0,0.0,0.0,0.0,0.0,0.0,351.00342,298.0,294.99997,296.99997,290.99997,358.99994,351.99994,9,summer,0.0,0.0,350.84354
3,2024-09-04 08:00:00+00:00,0.0,0.0,0.0,0.0,0.0,0.0,0.0,514.93945,494.0,494.0,494.0,483.0,518.0,514.0,9,summer,0.0,0.0,513.3214
3,2024-09-04 09:00:00+00:00,0.0,0.0,0.0,0.0,0.0,0.0,0.0,647.57056,637.0,639.0,641.0,631.0,637.0,661.0,9,summer,0.0,0.0,650.97314
3,2024-09-04 10:00:00+00:00,0.0,0.0,0.0,0.0,0.0,0.0,0.0,744.22687,718.0,720.0,727.0,720.0,710.0,780.0,9,summer,0.0,0.0,749.22687
3,2024-09-04 11:00:00+00:00,0.0,0.0,0.0,0.0,0.0,0.0,0.0,786.8717,746.0,747.0,760.0,755.0,746.0,845.0,9,summer,0.0,0.0,796.30054
3,2024-09-04 12:00:00+00:00,0.0,0.0,0.0,0.0,0.0,0.0,0.0,778.0814,736.0,734.0,750.0,746.0,756.0,839.0,9,summer,0.0,0.0,756.8492
3,2024-09-04 13:00:00+00:00,0.0,0.0,0.0,0.0,0.0,0.0,0.0,702.21295,674.0,667.00006,685.0,681.0,725.0,770.0,9,summer,0.0,0.0,698.21295
3,2024-09-04 14:00:00+00:00,0.0,0.0,0.0,0.0,0.0,0.0,0.0,501.51758,549.0,543.0,558.0,555.0,639.0,656.0,9,summer,0.0,0.0,580.16174
3,2024-09-04 15:00:00+00:00,0.0,0.0,0.0,0.0,0.0,0.0,0.0,430.25256,369.0,369.0,376.0,376.0,501.00006,507.00006,9,summer,0.0,0.0,431.48608
3,2024-09-04 16:00:00+00:00,0.0,0.0,0.0,0.0,0.0,0.0,0.0,256.23352,193.0,197.0,197.0,199.0,328.0,329.0,9,summer,0.0,0.0,256.2818
3,2024-09-04 17:00:00+00:00,0.0,0.0,0.0,0.0,0.0,0.0,0.0,85.30582,65.00001,69.00001,67.00001,69.00001,136.00003,136.00003,9,summer,0.0,0.0,85.056274
3,2024-09-04 18:00:00+00:00,0.0,0.0,0.0,0.0,0.0,0.0,0.0,2.0911312,5.0000005,5.0000005,5.0000005,5.0000005,11.000003,11.000003,9,summer,0.0,0.0,2.0911312
3,2024-09-04 19:00:00+00:00,0.0,0.0,0.0,0.0,0.0,0.0,0.0,0.0,0.0,0.0,0.0,0.0,0.0,0.0,9,summer,0.0,0.0,0.0
3,2024-09-04 20:00:00+00:00,0.0,0.0,0.0,0.0,0.0,0.0,0.0,0.0,0.0,0.0,0.0,0.0,0.0,0.0,9,summer,0.0,0.0,0.0
3,2024-09-04 21:00:00+00:00,0.0,0.0,0.0,0.0,0.0,0.0,0.0,0.0,0.0,0.0,0.0,0.0,0.0,0.0,9,summer,0.0,0.0,0.0
3,2024-09-04 22:00:00+00:00,0.0,0.0,0.0,0.0,0.0,0.0,0.0,0.0,0.0,0.0,0.0,0.0,0.0,0.0,9,summer,0.0,0.0,0.0
3,2024-09-04 23:00:00+00:00,0.0,0.0,0.0,0.0,0.0,0.0,0.0,0.0,0.0,0.0,0.0,0.0,0.0,0.0,9,summer,0.0,0.0,0.0
3,2024-09-05 00:00:00+00:00,0.0,0.0,0.0,0.0,0.0,0.0,0.0,0.0,0.0,0.0,0.0,0.0,0.0,0.0,9,summer,0.0,0.0,0.0
3,2024-09-05 01:00:00+00:00,0.0,0.0,0.0,0.0,0.0,0.0,0.0,0.0,0.0,0.0,0.0,0.0,0.0,0.0,9,summer,0.0,0.0,0.0
3,2024-09-05 02:00:00+00:00,0.0,0.0,0.0,0.0,0.0,0.0,0.0,0.0,0.0,0.0,0.0,0.0,0.0,0.0,9,summer,0.0,0.0,0.0
3,2024-09-05 03:00:00+00:00,0.0,0.0,0.0,0.0,0.0,0.0,0.0,0.0,0.0,0.0,0.0,0.0,0.0,0.0,9,summer,0.0,0.0,0.0
3,2024-09-05 04:00:00+00:00,0.0,0.0,0.0,0.0,0.0,0.0,0.0,0.0,0.0,0.0,0.0,0.0,0.0,0.0,9,summer,0.0,0.0,0.0
3,2024-09-05 05:00:00+00:00,0.0,0.0,0.0,0.0,0.0,0.0,0.0,21.50526,23.0,23.0,23.0,24.0,46.0,47.0,9,summer,0.0,0.0,28.103657
3,2024-09-05 06:00:00+00:00,0.0,0.0,0.0,0.0,0.0,0.0,0.0,168.99484,121.0,121.0,120.0,121.0,185.0,186.0,9,summer,0.0,0.0,169.91226
3,2024-09-05 07:00:00+00:00,0.0,0.0,0.0,0.0,0.0,0.0,0.0,347.22455,295.0,295.0,295.0,292.0,351.0,351.0,9,summer,0.0,0.0,268.31317
3,2024-09-05 08:00:00+00:00,0.0,0.0,0.0,0.0,0.0,0.0,0.0,510.1373,489.0,491.0,487.0,486.0,510.0,513.0,9,summer,0.0,0.0,503.1373
3,2024-09-05 09:00:00+00:00,0.0,0.0,0.0,0.0,0.0,0.0,0.0,645.4673,621.0,631.0,605.0,632.0,630.0,660.0,9,summer,0.0,0.0,377.86975
3,2024-09-05 10:00:00+00:00,0.0,0.0,0.0,0.0,0.0,0.0,0.0,742.9483,683.0,704.0,644.0,717.0,706.00006,777.0,9,summer,0.0,0.0,743.6788
3,2024-09-05 11:00:00+00:00,0.0,0.0,0.0,0.0,0.0,0.0,0.0,788.32275,701.0,724.0,643.0,738.0,744.0,841.0,9,summer,0.0,0.0,790.2738
3,2024-09-05 12:00:00+00:00,0.0,0.0,0.0,0.0,0.0,0.0,0.0,770.2787,702.0,705.0,634.0,692.0,754.0,835.0,9,summer,0.0,0.0,770.8739
3,2024-09-05 13:00:00+00:00,0.0,0.0,0.0,0.0,0.0,0.0,0.0,693.26306,659.0,636.0,589.00006,588.0,722.0,766.0,9,summer,0.0,0.0,695.688
3,2024-09-05 14:00:00+00:00,0.0,0.0,0.0,0.0,0.0,0.0,0.0,400.03766,543.0,512.0,489.0,456.0,635.0,651.0,9,summer,0.0,0.0,573.2621
3,2024-09-05 15:00:00+00:00,0.0,0.0,0.0,0.0,0.0,0.0,0.0,369.8944,357.0,342.0,335.0,311.0,495.99997,501.99997,9,summer,0.0,0.0,423.89438
3,2024-09-05 16:00:00+00:00,0.0,0.0,0.0,0.0,0.0,0.0,0.0,89.57382,176.0,178.0,179.0,173.0,323.00003,324.00003,9,summer,0.0,0.0,245.00534
3,2024-09-05 17:00:00+00:00,0.0,0.0,0.0,0.0,0.0,0.0,0.0,55.021606,55.0,59.0,61.0,61.0,130.0,130.0,9,summer,0.0,0.0,51.0489
3,2024-09-05 18:00:00+00:00,0.0,0.0,0.0,0.0,0.0,0.0,0.0,0.0,2.9999998,2.9999998,2.9999998,2.9999998,7.999998,7.999998,9,summer,0.0,0.0,1.0687175
3,2024-09-05 19:00:00+00:00,0.1,0.0,0.0,0.0,0.0,0.0,0.0,0.0,0.0,0.0,0.0,0.0,0.0,0.0,9,summer,0.01,0.0,0.0
3,2024-09-05 20:00:00+00:00,0.0,0.0,0.0,0.0,0.0,0.0,0.0,0.0,0.0,0.0,0.0,0.0,0.0,0.0,9,summer,0.0,0.0,0.0
3,2024-09-05 21:00:00+00:00,0.0,0.0,0.0,0.0,0.0,0.0,0.0,0.0,0.0,0.0,0.0,0.0,0.0,0.0,9,summer,0.0,0.0,0.0
3,2024-09-05 22:00:00+00:00,0.0,0.0,0.0,0.0,0.0,0.0,0.0,0.0,0.0,0.0,0.0,0.0,0.0,0.0,9,summer,0.0,0.0,0.0
3,2024-09-05 23:00:00+00:00,0.0,0.0,0.0,0.0,0.0,0.0,0.0,0.0,0.0,0.0,0.0,0.0,0.0,0.0,9,summer,0.0,0.1,0.0
3,2024-09-06 00:00:00+00:00,0.0,0.0,0.0,0.0,0.0,0.0,0.0,0.0,0.0,0.0,0.0,0.0,0.0,0.0,9,summer,0.0,0.0,0.0
3,2024-09-06 01:00:00+00:00,0.0,0.0,0.0,0.0,0.0,0.0,0.0,0.0,0.0,0.0,0.0,0.0,0.0,0.0,9,summer,0.0,0.0,0.0
3,2024-09-06 02:00:00+00:00,0.0,0.0,0.0,0.0,0.0,0.0,0.0,0.0,0.0,0.0,0.0,0.0,0.0,0.0,9,summer,0.0,0.0,0.0
3,2024-09-06 03:00:00+00:00,0.0,0.0,0.0,0.0,0.0,0.0,0.0,0.0,0.0,0.0,0.0,0.0,0.0,0.0,9,summer,0.0,0.0,0.0
3,2024-09-06 04:00:00+00:00,0.0,0.0,0.0,0.0,0.0,0.0,0.0,0.0,0.0,0.0,0.0,0.0,0.0,0.0,9,summer,0.0,0.0,0.0
3,2024-09-06 05:00:00+00:00,0.0,0.0,0.0,0.0,0.0,0.0,0.0,14.835694,22.0,18.0,10.0,22.0,45.0,44.0,9,summer,0.0,0.0,20.413836
3,2024-09-06 06:00:00+00:00,0.0,0.0,0.0,0.0,0.0,0.0,0.0,105.33852,114.0,96.0,45.0,116.0,184.0,178.0,9,summer,0.0,0.0,142.3874
3,2024-09-06 07:00:00+00:00,0.0,0.0,0.0,0.0,0.0,0.0,0.0,173.70975,276.0,237.99998,98.0,286.99997,355.99994,339.99994,9,summer,0.0,0.0,221.24368
3,2024-09-06 08:00:00+00:00,0.0,0.0,0.0,0.0,0.0,0.0,0.0,381.06934,457.0,401.0,173.0,478.0,506.00006,501.99997,9,summer,0.0,0.0,181.87807
3,2024-09-06 09:00:00+00:00,0.0,0.0,0.0,0.0,0.0,0.0,0.0,267.58527,589.0,522.0,289.0,614.99994,566.0,650.0,9,summer,0.0,0.0,605.82733
3,2024-09-06 10:00:00+00:00,0.0,0.0,0.0,0.0,0.0,0.0,0.0,333.66962,658.0,592.0,428.0,686.0,542.0,771.0,9,summer,0.0,0.0,693.55707
3,2024-09-06 11:00:00+00:00,0.0,0.0,0.0,0.0,0.0,0.0,0.0,369.08038,669.0,625.0,535.0,706.0,515.0,837.0,9,summer,0.0,0.0,764.34424
3,2024-09-06 12:00:00+00:00,0.0,0.0,0.0,0.0,0.0,0.0,0.0,255.67328,629.0,641.0,583.0,691.0,539.0,831.0,9,summer,0.0,0.0,756.739
3,2024-09-06 13:00:00+00:00,0.0,1.3,0.0,0.0,0.0,0.0,0.0,257.77466,537.0,613.0,569.0,626.0,567.0,761.0,9,summer,0.19,0.0,358.30634
3,2024-09-06 14:00:00+00:00,0.0,1.3,0.0,0.0,0.0,0.0,0.0,224.13422,400.0,508.99997,480.0,500.0,540.0,646.0,9,summer,0.19,0.0,207.23032
3,2024-09-06 15:00:00+00:00,0.0,1.3,0.0,0.0,0.0,0.0,0.0,353.2375,229.0,330.0,320.0,318.0,446.99994,497.0,9,summer,0.19,2.1,129.3941
3,2024-09-06 16:00:00+00:00,2.0,0.0,0.2,0.9,0.0,0.0,0.0,98.700134,85.0,156.0,158.0,149.0,306.0,319.0,9,summer,0.44,5.3,7.9358106
3,2024-09-06 17:00:00+00:00,8.8,0.0,0.2,0.9,0.0,0.0,0.0,2.0721426,16.0,45.0,48.000004,43.0,124.000015,124.000015,9,summer,1.41,0.0,19.16398
3,2024-09-06 18:00:00+00:00,1.8,0.0,0.2,0.9,0.0,0.0,0.0,0.0,0.0,1.9999998,1.9999998,1.0,4.999999,4.999999,9,summer,0.41,0.0,0.0
3,2024-09-06 19:00:00+00:00,0.0,0.0,0.0,0.0,0.0,0.0,0.0,0.0,0.0,0.0,0.0,0.0,0.0,0.0,9,summer,0.0,0.0,0.0
3,2024-09-06 20:00:00+00:00,0.0,0.0,0.0,0.0,0.0,0.0,0.0,0.0,0.0,0.0,0.0,0.0,0.0,0.0,9,summer,0.0,0.0,0.0
3,2024-09-06 21:00:00+00:00,0.0,0.0,0.0,0.0,0.0,0.0,0.0,0.0,0.0,0.0,0.0,0.0,0.0,0.0,9,summer,0.0,0.0,0.0
3,2024-09-06 22:00:00+00:00,0.0,0.0,0.0,0.0,0.0,0.0,0.0,0.0,0.0,0.0,0.0,0.0,0.0,0.0,9,summer,0.0,0.0,0.0
3,2024-09-06 23:00:00+00:00,0.0,0.0,0.0,0.0,0.0,0.0,0.0,0.0,0.0,0.0,0.0,0.0,0.0,0.0,9,summer,0.0,0.0,0.0
3,2024-09-07 00:00:00+00:00,0.0,0.0,0.0,0.0,0.0,0.0,0.0,0.0,0.0,0.0,0.0,0.0,0.0,0.0,9,summer,0.0,0.0,0.0
3,2024-09-07 01:00:00+00:00,0.0,0.0,0.0,0.0,0.0,0.0,0.0,0.0,0.0,0.0,0.0,0.0,0.0,0.0,9,summer,0.0,0.0,0.0
3,2024-09-07 02:00:00+00:00,0.0,0.0,0.0,0.0,0.0,0.0,0.0,0.0,0.0,0.0,0.0,0.0,0.0,0.0,9,summer,0.0,1.5,0.0
3,2024-09-07 03:00:00+00:00,0.0,0.0,0.0,0.0,0.0,0.0,0.0,0.0,0.0,0.0,0.0,0.0,0.0,0.0,9,summer,0.0,0.0,0.0
3,2024-09-07 04:00:00+00:00,0.0,0.1,0.0,0.0,0.0,0.0,0.0,0.0,0.0,0.0,0.0,0.0,0.0,0.0,9,summer,0.01,0.0,0.0
3,2024-09-07 05:00:00+00:00,0.0,0.1,0.0,0.0,0.0,0.0,0.0,19.270397,12.0,18.0,19.0,21.0,41.000008,34.000004,9,summer,0.01,0.0,13.932979
3,2024-09-07 06:00:00+00:00,0.0,0.1,0.0,0.0,0.0,0.0,0.0,92.758606,78.0,102.0,107.0,112.0,174.0,146.0,9,summer,0.01,0.0,66.96047
3,2024-09-07 07:00:00+00:00,0.0,0.0,0.0,0.0,0.0,0.0,0.0,305.6718,223.0,262.0,274.0,278.0,347.0,296.0,9,summer,0.0,0.0,91.82495
3,2024-09-07 08:00:00+00:00,0.0,0.0,0.0,0.0,0.0,0.0,0.0,497.6159,400.0,446.0,465.0,463.99997,490.0,457.0,9,summer,0.0,0.0,119.58924
3,2024-09-07 09:00:00+00:00,0.0,0.0,0.0,0.0,0.0,0.0,0.0,634.98083,545.0,581.0,609.0,591.0,504.0,615.0,9,summer,0.0,0.0,238.19974
3,2024-09-07 10:00:00+00:00,0.0,0.0,0.0,0.0,0.1,0.1,0.0,731.9545,642.00006,656.0,692.0,650.0,405.0,752.0,9,summer,0.03,0.0,279.81403
3,2024-09-07 11:00:00+00:00,0.0,0.0,0.0,0.0,0.1,0.1,0.0,772.2074,683.0,681.00006,718.0,667.0,315.0,833.0,9,summer,0.03,0.0,295.44183
3,2024-09-07 12:00:00+00:00,0.0,0.0,0.0,0.0,0.1,0.1,0.0,756.66187,663.0,667.00006,692.0,664.0,316.0,831.0,9,summer,0.03,0.0,244.8139
3,2024-09-07 13:00:00+00:00,0.0,0.0,0.0,0.0,0.0,1.1,0.0,680.4268,584.0,603.0,610.0,618.0,350.0,759.0,9,summer,0.16,0.0,250.01108
3,2024-09-07 14:00:00+00:00,0.0,0.0,0.0,0.0,0.0,1.1,0.0,559.4346,461.0,485.0,481.0,508.99997,347.0,641.0,9,summer,0.16,0.0,552.88965
3,2024-09-07 15:00:00+00:00,0.0,0.0,0.0,0.0,0.0,1.1,0.0,407.73737,308.0,320.99997,316.0,341.0,293.0,490.99994,9,summer,0.16,0.0,407.62213
3,2024-09-07 16:00:00+00:00,0.0,0.0,0.0,0.0,0.0,1.1,0.0,235.04272,160.00002,163.00002,160.00002,175.00002,203.00003,313.00003,9,summer,0.16,0.0,115.12091
3,2024-09-07 17:00:00+00:00,0.0,0.0,0.0,0.0,0.0,1.1,0.0,61.61029,51.0,50.0,50.0,54.0,81.0,118.0,9,summer,0.16,0.0,65.90646
3,2024-09-07 18:00:00+00:00,0.0,0.0,0.0,0.0,0.0,1.1,0.0,0.0,1.0,1.0,1.0,1.0,1.0,2.0,9,summer,0.16,0.0,0.0
3,2024-09-07 19:00:00+00:00,0.0,0.0,0.0,0.0,0.0,0.6,0.0,0.0,0.0,0.0,0.0,0.0,0.0,0.0,9,summer,0.09,0.0,0.0
3,2024-09-07 20:00:00+00:00,0.0,0.0,0.0,0.0,0.0,0.6,0.0,0.0,0.0,0.0,0.0,0.0,0.0,0.0,9,summer,0.09,0.0,0.0
3,2024-09-07 21:00:00+00:00,0.0,0.0,0.0,0.0,0.0,0.6,0.0,0.0,0.0,0.0,0.0,0.0,0.0,0.0,9,summer,0.09,0.0,0.0
3,2024-09-07 22:00:00+00:00,0.0,0.0,0.0,0.0,0.0,0.0,0.0,0.0,0.0,0.0,0.0,0.0,0.0,0.0,9,summer,0.0,0.0,0.0
3,2024-09-07 23:00:00+00:00,0.0,0.0,0.0,0.0,0.0,0.0,0.0,0.0,0.0,0.0,0.0,0.0,0.0,0.0,9,summer,0.0,0.0,0.0
3,2024-09-08 00:00:00+00:00,0.0,0.0,0.0,0.0,0.0,0.0,0.0,0.0,0.0,0.0,0.0,0.0,0.0,0.0,9,summer,0.0,0.0,0.0
3,2024-09-08 01:00:00+00:00,0.0,0.0,0.0,0.0,0.0,0.0,0.0,0.0,0.0,0.0,0.0,0.0,0.0,0.0,9,summer,0.0,0.0,0.0
3,2024-09-08 02:00:00+00:00,0.0,0.0,0.0,0.0,0.0,0.0,0.0,0.0,0.0,0.0,0.0,0.0,0.0,0.0,9,summer,0.0,0.0,0.0
3,2024-09-08 03:00:00+00:00,0.0,0.0,0.0,0.0,0.0,0.0,0.0,0.0,0.0,0.0,0.0,0.0,0.0,0.0,9,summer,0.0,0.0,0.0
3,2024-09-08 04:00:00+00:00,0.0,0.0,0.0,0.0,0.0,0.0,0.0,0.0,0.0,0.0,0.0,0.0,0.0,0.0,9,summer,0.0,0.0,0.0
3,2024-09-08 05:00:00+00:00,0.0,0.0,0.0,0.0,0.0,0.0,0.0,24.741064,20.0,20.0,20.0,13.0,25.0,40.0,9,summer,0.0,0.0,23.114004
3,2024-09-08 06:00:00+00:00,0.0,0.0,0.0,0.0,0.0,0.0,0.0,142.19383,110.0,111.0,109.0,77.0,112.0,168.00002,9,summer,0.0,0.0,156.977
3,2024-09-08 07:00:00+00:00,0.0,0.0,0.0,0.0,0.0,0.1,0.0,333.5496,275.0,281.0,276.0,208.0,235.0,328.0,9,summer,0.01,0.0,325.2624
3,2024-09-08 08:00:00+00:00,0.0,0.0,0.0,0.0,0.0,0.1,0.0,497.76642,465.0,476.0,467.0,374.0,371.0,490.0,9,summer,0.01,0.0,494.26395
3,2024-09-08 09:00:00+00:00,0.0,0.0,0.0,0.0,0.0,0.1,0.0,630.6077,611.0,618.0,614.0,531.0,505.0,639.0,9,summer,0.01,0.0,425.97253
3,2024-09-08 10:00:00+00:00,0.0,0.0,0.0,0.0,0.0,0.0,0.1,728.6041,698.0,696.0,701.0,662.0,623.0,761.0,9,summer,0.01,0.0,393.277
3,2024-09-08 11:00:00+00:00,0.0,0.0,0.0,0.0,0.0,0.0,0.1,772.5365,730.0,720.0,730.0,735.0,703.0,829.0,9,summer,0.01,0.0,278.57883
3,2024-09-08 12:00:00+00:00,0.0,0.0,0.0,0.0,0.0,0.0,0.1,752.6045,714.0,704.0,710.0,737.0,727.0,823.0,9,summer,0.01,0.0,301.12717
3,2024-09-08 13:00:00+00:00,0.0,0.0,0.0,0.0,0.0,0.0,0.0,663.84827,640.99994,634.0,631.0,668.0,694.0,752.0,9,summer,0.0,0.0,206.23126
3,2024-09-08 14:00:00+00:00,0.0,0.0,0.0,0.0,0.0,0.0,0.0,529.5351,511.0,503.0,495.0,531.0,607.0,636.0,9,summer,0.0,0.0,189.57736
3,2024-09-08 15:00:00+00:00,0.0,0.0,0.0,0.0,0.0,0.0,0.0,398.32895,334.0,320.0,311.0,339.0,474.0,486.0,9,summer,0.0,0.0,152.62012
3,2024-09-08 16:00:00+00:00,0.0,0.0,0.0,0.0,0.0,0.0,0.0,228.49802,164.99998,150.0,142.99998,158.0,303.99994,306.99997,9,summer,0.0,0.0,182.22862
3,2024-09-08 17:00:00+00:00,0.0,0.0,0.0,0.0,0.0,0.0,0.0,64.80927,47.999996,41.0,38.0,43.0,111.999985,111.999985,9,summer,0.0,0.0,45.213505
3,2024-09-08 18:00:00+00:00,0.0,0.0,0.0,0.0,0.0,0.0,0.0,0.0,0.0,0.0,0.0,0.0,0.0,0.0,9,summer,0.0,0.0,0.0
3,2024-09-08 19:00:00+00:00,0.0,0.0,0.0,0.0,0.0,0.0,0.0,0.0,0.0,0.0,0.0,0.0,0.0,0.0,9,summer,0.0,0.0,0.0
3,2024-09-08 20:00:00+00:00,0.0,0.0,0.0,0.0,0.0,0.0,0.0,0.0,0.0,0.0,0.0,0.0,0.0,0.0,9,summer,0.0,0.0,0.0
3,2024-09-08 21:00:00+00:00,0.0,0.0,0.0,0.0,0.0,0.0,0.0,0.0,0.0,0.0,0.0,0.0,0.0,0.0,9,summer,0.0,0.0,0.0
3,2024-09-08 22:00:00+00:00,0.0,0.0,0.0,0.1,0.0,0.0,0.8,0.0,0.0,0.0,0.0,0.0,0.0,0.0,9,summer,0.13,0.0,0.0
3,2024-09-08 23:00:00+00:00,0.0,0.0,0.0,0.1,0.0,0.0,0.8,0.0,0.0,0.0,0.0,0.0,0.0,0.0,9,summer,0.13,0.0,0.0
3,2024-09-09 00:00:00+00:00,0.0,0.0,0.0,0.1,0.0,0.0,0.8,0.0,0.0,0.0,0.0,0.0,0.0,0.0,9,summer,0.13,0.0,0.0
3,2024-09-09 01:00:00+00:00,0.0,0.0,0.0,0.7,0.0,0.1,0.1,0.0,0.0,0.0,0.0,0.0,0.0,0.0,9,summer,0.13,0.0,0.0
3,2024-09-09 02:00:00+00:00,0.0,0.0,0.0,0.7,0.0,0.1,0.1,0.0,0.0,0.0,0.0,0.0,0.0,0.0,9,summer,0.13,0.0,0.0
3,2024-09-09 03:00:00+00:00,0.0,0.0,0.0,0.7,0.0,0.1,0.1,0.0,0.0,0.0,0.0,0.0,0.0,0.0,9,summer,0.13,0.0,0.0
3,2024-09-09 04:00:00+00:00,0.0,0.0,0.0,0.4,0.0,0.1,0.1,0.0,0.0,0.0,0.0,0.0,0.0,0.0,9,summer,0.09,0.0,0.0
3,2024-09-09 05:00:00+00:00,0.0,0.0,0.0,0.4,0.0,0.1,0.1,8.323151,8.0,8.0,2.0,14.0,10.0,22.0,9,summer,0.09,0.0,7.3254232
3,2024-09-09 06:00:00+00:00,0.0,0.0,0.0,0.4,0.0,0.1,0.1,16.064575,43.0,31.0,12.0,72.0,39.0,114.0,9,summer,0.09,0.0,25.81224
3,2024-09-09 07:00:00+00:00,0.0,0.0,0.1,1.0,0.0,1.4,0.0,57.407207,102.0,58.0,33.0,171.0,68.0,264.0,9,summer,0.36,0.0,59.187378
3,2024-09-09 08:00:00+00:00,0.0,0.0,0.1,1.0,0.0,1.4,0.0,104.07697,160.0,84.0,66.0,266.0,111.0,404.0,9,summer,0.36,0.0,99.90222
3,2024-09-09 09:00:00+00:00,0.0,0.0,0.1,1.0,0.0,1.4,0.0,116.810585,177.0,110.0,116.0,291.0,207.0,435.0,9,summer,0.36,0.0,116.810585
3,2024-09-09 10:00:00+00:00,0.0,0.4,1.2,0.1,0.0,0.0,0.3,68.103676,156.0,133.0,177.0,249.0,341.0,363.0,9,summer,0.29,0.0,78.01585
3,2024-09-09 11:00:00+00:00,0.0,0.4,1.2,0.1,0.0,0.0,0.3,96.18089,139.0,142.0,237.0,204.0,435.0,289.0,9,summer,0.29,0.0,69.36622
3,2024-09-09 12:00:00+00:00,0.0,0.4,1.2,0.1,0.0,0.0,0.3,79.21743,159.0,130.0,300.0,205.0,439.0,278.0,9,summer,0.29,0.0,57.232216
3,2024-09-09 13:00:00+00:00,0.0,0.1,2.8,0.5,0.2,0.1,0.0,69.67192,185.0,103.0,340.0,216.0,384.0,285.0,9,summer,0.53,0.3,59.812836
3,2024-09-09 14:00:00+00:00,0.1,0.1,2.8,0.5,0.2,0.1,0.0,29.629671,179.0,75.0,310.0,192.0,307.0,267.0,9,summer,0.54,0.3,41.44047
3,2024-09-09 15:00:00+00:00,0.0,0.1,2.8,0.5,0.2,0.1,0.0,51.370014,133.0,47.0,206.0,128.0,222.0,215.0,9,summer,0.53,1.3,13.74485
3,2024-09-09 16:00:00+00:00,0.9,4.3,1.6,0.0,0.9,0.1,0.0,10.934833,76.0,23.0,95.0,62.0,131.0,142.0,9,summer,1.11,1.2,8.948863
3,2024-09-09 17:00:00+00:00,1.1,4.3,1.6,0.0,0.9,0.1,0.0,1.0420172,25.0,7.0,24.0,17.0,44.0,51.999996,9,summer,1.14,0.1,3.1275387
3,2024-09-09 18:00:00+00:00,0.0,4.3,1.6,0.0,0.9,0.1,0.0,0.0,0.0,0.0,0.0,0.0,0.0,0.0,9,summer,0.99,0.0,0.0
3,2024-09-09 19:00:00+00:00,0.0,0.1,0.0,0.0,0.1,0.0,0.0,0.0,0.0,0.0,0.0,0.0,0.0,0.0,9,summer,0.03,0.0,0.0
3,2024-09-09 20:00:00+00:00,0.0,0.1,0.0,0.0,0.1,0.0,0.0,0.0,0.0,0.0,0.0,0.0,0.0,0.0,9,summer,0.03,0.0,0.0
3,2024-09-09 21:00:00+00:00,0.0,0.1,0.0,0.0,0.1,0.0,0.0,0.0,0.0,0.0,0.0,0.0,0.0,0.0,9,summer,0.03,0.0,0.0
3,2024-09-09 22:00:00+00:00,0.0,0.0,0.0,0.0,0.6,0.0,0.0,0.0,0.0,0.0,0.0,0.0,0.0,0.0,9,summer,0.09,0.0,0.0
3,2024-09-09 23:00:00+00:00,0.0,0.0,0.0,0.0,0.6,0.0,0.0,0.0,0.0,0.0,0.0,0.0,0.0,0.0,9,summer,0.09,0.0,0.0
3,2024-09-10 00:00:00+00:00,0.0,0.0,0.0,0.0,0.6,0.0,0.0,0.0,0.0,0.0,0.0,0.0,0.0,0.0,9,summer,0.09,0.2,0.0
3,2024-09-10 01:00:00+00:00,0.3,0.2,0.0,0.0,0.0,0.0,0.0,0.0,0.0,0.0,0.0,0.0,0.0,0.0,9,summer,0.07,1.3,0.0
3,2024-09-10 02:00:00+00:00,0.2,0.2,0.0,0.0,0.0,0.0,0.0,0.0,0.0,0.0,0.0,0.0,0.0,0.0,9,summer,0.06,0.0,0.0
3,2024-09-10 03:00:00+00:00,0.0,0.2,0.0,0.0,0.0,0.0,0.0,0.0,0.0,0.0,0.0,0.0,0.0,0.0,9,summer,0.03,0.0,0.0
3,2024-09-10 04:00:00+00:00,0.0,0.0,0.0,0.0,0.0,0.0,0.0,0.0,0.0,0.0,0.0,0.0,0.0,0.0,9,summer,0.0,0.0,0.0
3,2024-09-10 05:00:00+00:00,0.0,0.0,0.0,0.0,0.0,0.0,0.0,12.926641,12.0,18.0,17.0,5.0,23.999998,32.999996,9,summer,0.0,0.0,6.3090835
3,2024-09-10 06:00:00+00:00,0.0,0.0,0.0,0.0,0.0,0.0,0.0,85.10656,65.0,105.0,96.0,57.0,116.0,146.0,9,summer,0.0,0.0,56.048992
3,2024-09-10 07:00:00+00:00,0.0,0.0,0.0,0.0,0.0,0.0,1.4,252.49368,164.0,271.0,239.0,193.0,259.0,300.0,9,summer,0.2,0.0,135.64133
3,2024-09-10 08:00:00+00:00,0.0,0.0,0.0,0.0,0.0,0.0,1.4,387.4171,287.0,459.0,405.0,360.0,413.0,463.0,9,summer,0.2,0.0,187.61548
3,2024-09-10 09:00:00+00:00,0.0,0.0,0.0,0.0,0.0,0.0,1.4,199.76201,414.0,591.0,544.0,474.0,540.0,618.0,9,summer,0.2,0.0,238.25475
3,2024-09-10 10:00:00+00:00,0.0,0.0,0.0,0.0,0.0,0.0,0.0,245.91835,529.0,653.0,640.0,523.0,629.0,748.0,9,summer,0.0,0.0,276.4015
3,2024-09-10 11:00:00+00:00,0.0,0.0,0.0,0.0,0.0,0.0,0.0,275.42535,588.0,663.0,687.0,529.0,682.0,821.0,9,summer,0.0,0.0,293.49774
3,2024-09-10 12:00:00+00:00,0.0,0.0,0.0,0.0,0.0,0.0,0.0,267.57898,564.0,633.0,685.0,510.0,702.0,814.0,9,summer,0.0,0.0,266.87674
3,2024-09-10 13:00:00+00:00,0.0,0.0,0.0,0.0,0.3,0.1,1.1,250.99612,476.0,555.0,627.0,452.0,675.0,739.0,9,summer,0.21,0.0,208.96916
3,2024-09-10 14:00:00+00:00,0.0,0.0,0.0,0.0,0.3,0.1,1.1,209.79184,359.0,436.0,507.0,357.0,593.0,616.0,9,summer,0.21,0.0,190.33304
3,2024-09-10 15:00:00+00:00,0.0,0.0,0.0,0.0,0.3,0.1,1.1,152.28674,230.0,285.99997,330.99997,233.99998,460.99997,457.99994,9,summer,0.21,0.0,116.59773
3,2024-09-10 16:00:00+00:00,0.0,0.0,0.0,0.0,0.2,0.1,1.1,91.999344,112.0,144.0,162.0,116.0,292.00003,278.0,9,summer,0.2,0.0,76.21481
3,2024-09-10 17:00:00+00:00,0.0,0.0,0.0,0.0,0.2,0.1,1.1,36.010975,31.0,41.0,44.000004,32.0,100.000015,93.000015,9,summer,0.2,0.0,26.571701
3,2024-09-10 18:00:00+00:00,0.0,0.0,0.0,0.0,0.2,0.1,1.1,0.0,0.0,0.0,0.0,0.0,0.0,0.0,9,summer,0.2,0.0,0.0
3,2024-09-10 19:00:00+00:00,0.0,0.0,0.0,0.0,2.0,0.0,0.0,0.0,0.0,0.0,0.0,0.0,0.0,0.0,9,summer,0.29,0.0,0.0
3,2024-09-10 20:00:00+00:00,0.0,0.0,0.0,0.0,2.0,0.0,0.0,0.0,0.0,0.0,0.0,0.0,0.0,0.0,9,summer,0.29,0.0,0.0
3,2024-09-10 21:00:00+00:00,0.0,0.0,0.0,0.0,2.0,0.0,0.0,0.0,0.0,0.0,0.0,0.0,0.0,0.0,9,summer,0.29,0.0,0.0
3,2024-09-10 22:00:00+00:00,0.0,0.0,0.0,0.0,0.0,0.0,0.0,0.0,0.0,0.0,0.0,0.0,0.0,0.0,9,summer,0.0,0.0,0.0
3,2024-09-10 23:00:00+00:00,0.0,0.0,0.0,0.0,0.0,0.0,0.0,0.0,0.0,0.0,0.0,0.0,0.0,0.0,9,summer,0.0,0.0,0.0
3,2024-09-11 00:00:00+00:00,0.0,0.0,0.0,0.0,0.0,0.0,0.0,0.0,0.0,0.0,0.0,0.0,0.0,0.0,9,summer,0.0,0.0,0.0
3,2024-09-11 01:00:00+00:00,0.0,0.0,0.0,0.0,0.0,0.0,0.0,0.0,0.0,0.0,0.0,0.0,0.0,0.0,9,summer,0.0,0.0,0.0
3,2024-09-11 02:00:00+00:00,0.0,0.0,0.0,0.0,0.0,0.0,0.0,0.0,0.0,0.0,0.0,0.0,0.0,0.0,9,summer,0.0,0.0,0.0
3,2024-09-11 03:00:00+00:00,0.0,0.0,0.0,0.0,0.0,0.0,0.0,0.0,0.0,0.0,0.0,0.0,0.0,0.0,9,summer,0.0,0.0,0.0
3,2024-09-11 04:00:00+00:00,0.0,0.0,0.0,0.0,0.0,0.0,0.0,0.0,0.0,0.0,0.0,0.0,0.0,0.0,9,summer,0.0,0.0,0.0
3,2024-09-11 05:00:00+00:00,0.0,0.0,0.0,0.0,0.0,0.0,0.0,12.014425,18.0,18.0,18.0,17.0,34.999996,30.999998,9,summer,0.0,0.0,15.976917
3,2024-09-11 06:00:00+00:00,0.0,0.0,0.0,0.0,0.0,0.0,0.0,142.53741,105.00001,105.00001,105.00001,104.00001,158.00003,142.00002,9,summer,0.0,0.0,148.41522
3,2024-09-11 07:00:00+00:00,0.0,0.0,0.0,0.0,0.0,0.0,0.0,325.60724,275.0,276.0,276.0,273.0,320.0,293.0,9,summer,0.0,0.0,325.73926
3,2024-09-11 08:00:00+00:00,0.0,0.0,0.0,0.0,0.0,0.0,0.0,487.73273,472.00003,473.00003,474.00006,469.0,476.0,453.00003,9,summer,0.0,0.0,369.87878
3,2024-09-11 09:00:00+00:00,0.0,0.0,0.0,0.0,0.0,0.0,0.0,622.3341,620.0,620.0,621.0,616.0,590.0,608.0,9,summer,0.0,0.0,332.64252
3,2024-09-11 10:00:00+00:00,0.0,0.0,0.0,0.0,0.0,0.0,0.0,717.2826,705.0,704.0,705.0,701.0,655.0,740.0,9,summer,0.0,0.0,609.71893
3,2024-09-11 11:00:00+00:00,0.0,0.0,0.0,0.0,0.0,0.0,0.0,758.53723,734.0,731.0,735.0,733.0,687.99994,816.0,9,summer,0.0,0.0,760.81854
3,2024-09-11 12:00:00+00:00,0.0,0.0,0.0,0.0,0.0,0.0,0.0,626.14856,714.0,710.0,724.0,723.0,699.0,812.0,9,summer,0.0,0.0,741.04126
3,2024-09-11 13:00:00+00:00,0.0,0.0,0.0,0.0,0.0,0.0,0.0,326.3589,637.0,633.99994,657.0,656.0,673.0,739.0,9,summer,0.0,0.0,665.3332
3,2024-09-11 14:00:00+00:00,0.0,0.0,0.0,0.0,0.0,0.0,0.0,388.97815,505.0,503.0,525.99994,525.99994,591.0,621.0,9,summer,0.0,0.0,546.3022
3,2024-09-11 15:00:00+00:00,0.0,0.0,0.0,0.0,0.0,0.0,0.0,331.20856,327.0,326.0,339.0,340.0,457.99994,468.99997,9,summer,0.0,0.0,392.99127
3,2024-09-11 16:00:00+00:00,0.0,0.0,0.0,0.0,0.0,0.0,0.0,216.6504,160.0,159.0,162.0,163.0,287.00003,290.0,9,summer,0.0,0.0,215.63326
3,2024-09-11 17:00:00+00:00,0.0,0.0,0.0,0.0,0.0,0.0,0.0,55.33232,42.000004,42.000004,41.000004,42.000004,94.000015,94.000015,9,summer,0.0,0.0,54.014145
3,2024-09-11 18:00:00+00:00,0.0,0.0,0.0,0.0,0.0,0.0,0.0,0.0,0.0,0.0,0.0,0.0,0.0,0.0,9,summer,0.0,0.0,0.0
3,2024-09-11 19:00:00+00:00,0.0,0.0,0.0,0.0,0.0,0.0,0.1,0.0,0.0,0.0,0.0,0.0,0.0,0.0,9,summer,0.01,0.0,0.0
3,2024-09-11 20:00:00+00:00,0.0,0.0,0.0,0.0,0.0,0.0,0.1,0.0,0.0,0.0,0.0,0.0,0.0,0.0,9,summer,0.01,0.0,0.0
3,2024-09-11 21:00:00+00:00,0.0,0.0,0.0,0.0,0.0,0.0,0.1,0.0,0.0,0.0,0.0,0.0,0.0,0.0,9,summer,0.01,0.0,0.0
3,2024-09-11 22:00:00+00:00,0.0,0.0,0.0,0.0,0.0,0.0,0.0,0.0,0.0,0.0,0.0,0.0,0.0,0.0,9,summer,0.0,0.0,0.0
3,2024-09-11 23:00:00+00:00,0.0,0.0,0.0,0.0,0.0,0.0,0.0,0.0,0.0,0.0,0.0,0.0,0.0,0.0,9,summer,0.0,0.0,0.0
3,2024-09-12 00:00:00+00:00,0.0,0.0,0.0,0.0,0.0,0.0,0.0,0.0,0.0,0.0,0.0,0.0,0.0,0.0,9,summer,0.0,0.0,0.0
3,2024-09-12 01:00:00+00:00,0.0,0.0,0.0,0.0,0.0,0.0,0.0,0.0,0.0,0.0,0.0,0.0,0.0,0.0,9,summer,0.0,0.0,0.0
3,2024-09-12 02:00:00+00:00,0.0,0.0,0.0,0.0,0.0,0.0,0.0,0.0,0.0,0.0,0.0,0.0,0.0,0.0,9,summer,0.0,0.0,0.0
3,2024-09-12 03:00:00+00:00,0.0,0.0,0.0,0.0,0.0,0.0,0.0,0.0,0.0,0.0,0.0,0.0,0.0,0.0,9,summer,0.0,0.0,0.0
3,2024-09-12 04:00:00+00:00,0.0,0.0,0.0,0.0,0.0,0.0,0.0,0.0,0.0,0.0,0.0,0.0,0.0,0.0,9,summer,0.0,0.0,0.0
3,2024-09-12 05:00:00+00:00,0.0,0.0,0.0,0.0,0.0,0.0,0.0,18.135715,17.0,17.0,17.0,17.0,25.999998,32.999996,9,summer,0.0,0.0,17.135715
3,2024-09-12 06:00:00+00:00,0.0,0.0,0.0,0.0,0.0,0.0,0.0,141.24884,103.0,103.0,103.0,104.0,124.0,150.0,9,summer,0.0,0.0,127.41543
3,2024-09-12 07:00:00+00:00,0.0,0.0,0.0,0.0,0.0,0.0,0.0,309.12924,274.0,274.0,274.99997,278.0,270.0,306.99997,9,summer,0.0,0.0,286.61975
3,2024-09-12 08:00:00+00:00,0.0,0.0,0.0,0.0,0.0,0.0,0.0,371.9464,472.00006,472.00006,473.0,471.00003,426.00003,468.00006,9,summer,0.0,0.0,318.67133
3,2024-09-12 09:00:00+00:00,0.0,0.0,0.0,0.0,0.0,0.0,0.0,608.8977,622.0,622.0,622.0,587.0,558.0,618.0,9,summer,0.0,0.0,484.11652
3,2024-09-12 10:00:00+00:00,0.0,0.0,0.0,0.0,0.0,0.0,0.0,662.29224,709.0,708.0,707.0,618.0,655.0,743.0,9,summer,0.0,0.0,538.5598
3,2024-09-12 11:00:00+00:00,0.0,0.0,0.0,0.0,0.0,0.0,0.0,751.3425,733.0,733.0,732.0,607.0,712.0,812.0,9,summer,0.0,0.0,626.8735
3,2024-09-12 12:00:00+00:00,0.0,0.0,0.0,0.0,0.0,0.0,0.0,598.88306,697.0,700.99994,705.0,588.0,727.0,806.0,9,summer,0.0,0.0,510.0984
3,2024-09-12 13:00:00+00:00,0.0,0.0,0.0,0.0,0.0,0.0,0.0,216.16325,601.0,610.0,620.0,535.0,690.0,733.0,9,summer,0.0,0.0,309.18814
3,2024-09-12 14:00:00+00:00,0.0,0.0,0.0,0.0,0.0,0.0,0.0,198.92001,461.0,472.0,482.0,428.0,599.0,615.0,9,summer,0.0,0.0,203.58609
3,2024-09-12 15:00:00+00:00,0.0,0.0,0.0,0.0,0.0,0.0,0.0,97.153076,288.0,300.0,303.00003,272.0,458.00003,464.00003,9,summer,0.0,1.4,114.96277
3,2024-09-12 16:00:00+00:00,0.0,0.1,0.1,0.1,0.0,0.0,0.0,63.877346,133.0,142.0,140.00002,125.00001,282.00003,284.00003,9,summer,0.04,2.8,86.076584
3,2024-09-12 17:00:00+00:00,0.0,0.1,0.1,0.1,0.0,0.0,0.0,26.668873,32.0,35.0,33.0,30.0,87.99999,87.99999,9,summer,0.04,0.0,32.46915
3,2024-09-12 18:00:00+00:00,0.0,0.1,0.1,0.1,0.0,0.0,0.0,0.0,0.0,0.0,0.0,0.0,0.0,0.0,9,summer,0.04,0.0,0.0
3,2024-09-12 19:00:00+00:00,0.0,0.0,0.0,0.0,0.0,0.0,0.0,0.0,0.0,0.0,0.0,0.0,0.0,0.0,9,summer,0.0,0.0,0.0
3,2024-09-12 20:00:00+00:00,0.0,0.0,0.0,0.0,0.0,0.0,0.0,0.0,0.0,0.0,0.0,0.0,0.0,0.0,9,summer,0.0,0.0,0.0
3,2024-09-12 21:00:00+00:00,0.0,0.0,0.0,0.0,0.0,0.0,0.0,0.0,0.0,0.0,0.0,0.0,0.0,0.0,9,summer,0.0,0.0,0.0
3,2024-09-12 22:00:00+00:00,0.0,0.0,0.0,0.0,0.0,0.0,0.0,0.0,0.0,0.0,0.0,0.0,0.0,0.0,9,summer,0.0,0.0,0.0
3,2024-09-12 23:00:00+00:00,0.0,0.0,0.0,0.0,0.0,0.0,0.0,0.0,0.0,0.0,0.0,0.0,0.0,0.0,9,summer,0.0,0.0,0.0
3,2024-09-13 00:00:00+00:00,0.0,0.0,0.0,0.0,0.0,0.0,0.0,0.0,0.0,0.0,0.0,0.0,0.0,0.0,9,summer,0.0,0.2,0.0
3,2024-09-13 01:00:00+00:00,0.0,0.1,0.0,0.0,0.0,0.0,1.6,0.0,0.0,0.0,0.0,0.0,0.0,0.0,9,summer,0.24,0.2,0.0
3,2024-09-13 02:00:00+00:00,0.0,0.1,0.0,0.0,0.0,0.0,1.6,0.0,0.0,0.0,0.0,0.0,0.0,0.0,9,summer,0.24,0.0,0.0
3,2024-09-13 03:00:00+00:00,0.0,0.1,0.0,0.0,0.0,0.0,1.6,0.0,0.0,0.0,0.0,0.0,0.0,0.0,9,summer,0.24,0.0,0.0
3,2024-09-13 04:00:00+00:00,0.3,0.5,0.0,0.0,0.5,0.0,1.6,0.0,0.0,0.0,0.0,0.0,0.0,0.0,9,summer,0.41,0.1,0.0
3,2024-09-13 05:00:00+00:00,0.7,0.5,0.0,0.0,0.5,0.0,1.6,0.0,3.0,13.0,13.0,12.0,19.0,9.0,9,summer,0.47,0.7,1.0657866
3,2024-09-13 06:00:00+00:00,2.0,0.5,0.0,0.0,0.5,0.0,1.6,2.023009,18.0,79.0,79.0,80.0,106.0,51.0,9,summer,0.66,0.6,5.059457
3,2024-09-13 07:00:00+00:00,0.1,1.5,0.0,0.0,0.0,0.0,0.0,20.64683,43.0,207.0,207.0,225.00002,258.00003,135.0,9,summer,0.23,2.5,4.9206924
3,2024-09-13 08:00:00+00:00,0.0,1.5,0.0,0.0,0.0,0.0,0.0,29.48511,80.0,340.0,340.0,371.0,390.0,260.0,9,summer,0.21,0.5,12.777871
3,2024-09-13 09:00:00+00:00,0.0,1.5,0.0,0.0,0.0,0.0,0.0,64.25017,137.0,401.0,401.0,399.0,376.0,445.0,9,summer,0.21,0.0,28.771326
3,2024-09-13 10:00:00+00:00,0.0,0.1,0.1,0.1,1.6,2.8,0.3,140.55751,206.0,383.0,383.0,316.0,232.0,662.0,9,summer,0.71,0.0,60.011402
3,2024-09-13 11:00:00+00:00,0.0,0.1,0.1,0.1,1.6,2.8,0.3,163.06238,259.0,326.0,326.0,235.0,105.0,808.0,9,summer,0.71,0.0,222.48027
3,2024-09-13 12:00:00+00:00,0.0,0.1,0.1,0.1,1.6,2.8,0.3,102.392685,281.0,248.0,248.0,237.0,95.0,813.0,9,summer,0.71,0.0,85.89595
3,2024-09-13 13:00:00+00:00,0.0,0.0,1.6,1.6,0.1,1.4,0.9,84.92696,273.0,157.0,157.0,260.0,134.0,715.0,9,summer,0.8,0.0,31.849438
3,2024-09-13 14:00:00+00:00,0.0,0.0,1.6,1.6,0.1,1.4,0.9,99.114784,227.0,85.0,85.0,237.0,154.0,575.0,9,summer,0.8,0.2,47.198612
3,2024-09-13 15:00:00+00:00,0.1,0.0,1.6,1.6,0.1,1.4,0.9,62.230694,146.0,43.0,43.0,157.0,139.0,415.00006,9,summer,0.81,0.3,55.881058
3,2024-09-13 16:00:00+00:00,0.0,0.0,0.9,0.9,0.0,1.4,0.9,37.030293,67.0,18.0,18.0,74.0,99.0,238.99997,9,summer,0.59,0.0,38.86084
3,2024-09-13 17:00:00+00:00,0.0,0.0,0.9,0.9,0.0,1.4,0.9,11.355801,15.0,4.0,4.0,17.0,33.0,68.99999,9,summer,0.59,0.0,7.318681
3,2024-09-13 18:00:00+00:00,0.0,0.0,0.9,0.9,0.0,1.4,0.9,0.0,0.0,0.0,0.0,0.0,0.0,0.0,9,summer,0.59,0.0,0.0
3,2024-09-13 19:00:00+00:00,0.0,0.0,0.0,0.0,0.0,2.0,0.1,0.0,0.0,0.0,0.0,0.0,0.0,0.0,9,summer,0.3,0.0,0.0
3,2024-09-13 20:00:00+00:00,0.0,0.0,0.0,0.0,0.0,2.0,0.1,0.0,0.0,0.0,0.0,0.0,0.0,0.0,9,summer,0.3,0.0,0.0
3,2024-09-13 21:00:00+00:00,0.1,0.0,0.0,0.0,0.0,2.0,0.1,0.0,0.0,0.0,0.0,0.0,0.0,0.0,9,summer,0.31,0.0,0.0
3,2024-09-13 22:00:00+00:00,0.0,0.0,0.0,0.0,0.0,0.2,0.9,0.0,0.0,0.0,0.0,0.0,0.0,0.0,9,summer,0.16,0.1,0.0
3,2024-09-13 23:00:00+00:00,0.0,0.0,0.0,0.0,0.0,0.2,0.9,0.0,0.0,0.0,0.0,0.0,0.0,0.0,9,summer,0.16,0.1,0.0
3,2024-09-14 00:00:00+00:00,0.0,0.0,0.0,0.0,0.0,0.2,0.9,0.0,0.0,0.0,0.0,0.0,0.0,0.0,9,summer,0.16,0.0,0.0
3,2024-09-14 01:00:00+00:00,0.2,0.0,0.0,0.0,0.0,0.1,0.1,0.0,0.0,0.0,0.0,0.0,0.0,0.0,9,summer,0.06,0.1,0.0
3,2024-09-14 02:00:00+00:00,0.4,0.0,0.0,0.0,0.0,0.1,0.1,0.0,0.0,0.0,0.0,0.0,0.0,0.0,9,summer,0.09,0.0,0.0
3,2024-09-14 03:00:00+00:00,0.5,0.0,0.0,0.0,0.0,0.1,0.1,0.0,0.0,0.0,0.0,0.0,0.0,0.0,9,summer,0.1,0.0,0.0
3,2024-09-14 04:00:00+00:00,0.5,0.0,0.0,0.0,0.0,0.1,0.1,0.0,0.0,0.0,0.0,0.0,0.0,0.0,9,summer,0.1,0.0,0.0
3,2024-09-14 05:00:00+00:00,0.4,0.0,0.0,0.0,0.0,0.1,0.1,2.1327033,6.0,7.0,4.0,4.0,6.0,9.0,9,summer,0.09,0.0,2.1327033
3,2024-09-14 06:00:00+00:00,0.0,0.0,0.0,0.0,0.0,0.1,0.1,25.837065,41.0,45.0,22.0,22.0,29.0,61.0,9,summer,0.03,0.0,36.788464
3,2024-09-14 07:00:00+00:00,0.0,0.0,0.0,0.0,0.0,0.5,0.0,29.395748,113.0,125.0,58.0,58.0,67.0,169.0,9,summer,0.07,0.0,78.15611
3,2024-09-14 08:00:00+00:00,0.0,0.0,0.0,0.0,0.0,0.5,0.0,40.195995,191.0,213.0,109.0,109.0,124.0,290.0,9,summer,0.07,0.0,119.03297
3,2024-09-14 09:00:00+00:00,0.0,0.0,0.0,0.0,0.0,0.5,0.0,41.65347,226.0,260.0,178.0,178.0,211.0,357.0,9,summer,0.07,0.1,38.683956
3,2024-09-14 10:00:00+00:00,0.0,0.0,0.1,0.0,0.0,0.0,0.1,31.962696,218.0,263.0,252.0,252.0,321.0,366.0,9,summer,0.03,0.1,16.928888
3,2024-09-14 11:00:00+00:00,0.1,0.0,0.1,0.0,0.0,0.0,0.1,27.001326,193.0,241.0,289.0,289.0,413.0,349.0,9,summer,0.04,0.3,32.034138
3,2024-09-14 12:00:00+00:00,0.1,0.0,0.1,0.0,0.0,0.0,0.1,28.98631,172.0,207.0,260.0,260.0,462.0,325.0,9,summer,0.04,0.2,50.087112
3,2024-09-14 13:00:00+00:00,0.0,0.4,0.2,0.0,0.0,0.0,0.2,28.84241,146.0,160.0,191.0,191.0,466.0,285.0,9,summer,0.11,0.2,66.477646
3,2024-09-14 14:00:00+00:00,0.0,0.4,0.2,0.0,0.0,0.0,0.2,23.657257,108.0,110.0,124.0,124.0,426.0,229.0,9,summer,0.11,0.2,48.140335
3,2024-09-14 15:00:00+00:00,0.7,0.4,0.2,0.0,0.0,0.0,0.2,10.803335,63.0,65.0,70.0,70.0,344.0,159.0,9,summer,0.21,0.0,56.759182
3,2024-09-14 16:00:00+00:00,0.8,0.1,0.1,0.1,0.1,0.0,0.2,4.99594,25.0,29.0,29.0,29.0,219.99997,88.0,9,summer,0.2,0.1,22.81749
3,2024-09-14 17:00:00+00:00,0.6,0.1,0.1,0.1,0.1,0.0,0.2,3.1573384,4.0,6.0,6.0,6.0,67.0,24.0,9,summer,0.17,0.4,2.1053085
3,2024-09-14 18:00:00+00:00,0.2,0.1,0.1,0.1,0.1,0.0,0.2,0.0,0.0,0.0,0.0,0.0,0.0,0.0,9,summer,0.11,0.2,0.0
3,2024-09-14 19:00:00+00:00,0.1,0.5,0.2,0.1,0.1,0.0,0.1,0.0,0.0,0.0,0.0,0.0,0.0,0.0,9,summer,0.16,0.7,0.0
3,2024-09-14 20:00:00+00:00,0.8,0.5,0.2,0.1,0.1,0.0,0.1,0.0,0.0,0.0,0.0,0.0,0.0,0.0,9,summer,0.26,0.9,0.0
3,2024-09-14 21:00:00+00:00,0.7,0.5,0.2,0.1,0.1,0.0,0.1,0.0,0.0,0.0,0.0,0.0,0.0,0.0,9,summer,0.24,0.5,0.0
3,2024-09-14 22:00:00+00:00,1.0,1.1,0.9,0.7,0.7,0.7,1.1,0.0,0.0,0.0,0.0,0.0,0.0,0.0,9,summer,0.89,0.4,0.0
3,2024-09-14 23:00:00+00:00,1.3,1.1,0.9,0.7,0.7,0.7,1.1,0.0,0.0,0.0,0.0,0.0,0.0,0.0,9,summer,0.93,0.7,0.0
3,2024-09-15 00:00:00+00:00,0.3,1.1,0.9,0.7,0.7,0.7,1.1,0.0,0.0,0.0,0.0,0.0,0.0,0.0,9,summer,0.79,0.8,0.0
3,2024-09-15 01:00:00+00:00,0.6,2.7,1.3,1.3,0.6,0.6,0.0,0.0,0.0,0.0,0.0,0.0,0.0,0.0,9,summer,1.01,1.5,0.0
3,2024-09-15 02:00:00+00:00,0.8,2.7,1.3,1.3,0.6,0.6,0.0,0.0,0.0,0.0,0.0,0.0,0.0,0.0,9,summer,1.04,1.9,0.0
3,2024-09-15 03:00:00+00:00,1.2,2.7,1.3,1.3,0.6,0.6,0.0,0.0,0.0,0.0,0.0,0.0,0.0,0.0,9,summer,1.1,2.1,0.0
3,2024-09-15 04:00:00+00:00,1.4,2.5,2.8,1.3,0.6,0.6,0.0,0.0,0.0,0.0,0.0,0.0,0.0,0.0,9,summer,1.31,3.0,0.0
3,2024-09-15 05:00:00+00:00,1.7,2.5,2.8,1.3,0.6,0.6,0.0,0.0,0.99999994,0.99999994,1.9999999,3.9999998,3.9999998,17.0,9,summer,1.36,1.0,0.0
3,2024-09-15 06:00:00+00:00,0.8,2.5,2.8,1.3,0.6,0.6,0.0,2.026843,9.0,7.0,11.0,23.0,23.0,94.0,9,summer,1.23,1.7,2.026843
3,2024-09-15 07:00:00+00:00,1.0,0.8,1.5,0.8,0.9,0.9,0.1,4.9235396,28.0,20.0,30.0,52.0,52.0,220.0,9,summer,0.86,0.9,4.9235396
3,2024-09-15 08:00:00+00:00,1.2,0.8,1.5,0.8,0.9,0.9,0.1,5.8891993,53.0,38.0,54.0,85.0,85.0,371.0,9,summer,0.89,0.5,4.9065666
3,2024-09-15 09:00:00+00:00,1.3,0.8,1.5,0.8,0.9,0.9,0.1,7.904172,77.0,53.0,82.0,118.0,118.0,540.0,9,summer,0.9,0.2,7.904172
3,2024-09-15 10:00:00+00:00,0.7,0.7,0.3,0.4,0.9,0.9,0.0,9.935456,99.0,67.0,109.0,148.0,148.0,705.0,9,summer,0.56,0.8,11.929964
3,2024-09-15 11:00:00+00:00,0.2,0.7,0.3,0.4,0.9,0.9,0.0,15.95137,127.0,92.0,126.0,166.0,166.0,799.0,9,summer,0.49,0.8,9.950086
3,2024-09-15 12:00:00+00:00,0.2,0.7,0.3,0.4,0.9,0.9,0.0,16.940111,176.0,148.0,125.0,165.0,165.0,779.0,9,summer,0.49,0.7,12.939022
3,2024-09-15 13:00:00+00:00,0.1,0.4,0.1,0.5,0.5,0.5,0.0,23.844496,217.0,201.0,110.0,148.0,148.0,672.0,9,summer,0.3,1.6,7.9203043
3,2024-09-15 14:00:00+00:00,0.3,0.4,0.1,0.5,0.5,0.5,0.0,12.798496,206.0,195.0,84.0,122.0,122.0,530.0,9,summer,0.33,0.2,14.7715645
3,2024-09-15 15:00:00+00:00,0.3,0.4,0.1,0.5,0.5,0.5,0.0,6.873562,137.0,124.0,50.0,88.0,88.0,368.99997,9,summer,0.33,0.2,9.822355
3,2024-09-15 16:00:00+00:00,0.2,0.4,0.1,0.2,0.5,0.5,0.0,5.0015354,61.0,48.0,20.0,50.0,50.0,203.0,9,summer,0.27,0.1,9.999535
3,2024-09-15 17:00:00+00:00,0.8,0.4,0.1,0.2,0.5,0.5,0.0,1.0535576,13.0,8.0,4.0,14.0,14.0,55.000008,9,summer,0.36,0.2,3.1609368
3,2024-09-15 18:00:00+00:00,0.2,0.4,0.1,0.2,0.5,0.5,0.0,0.0,0.0,0.0,0.0,0.0,0.0,0.0,9,summer,0.27,0.3,0.0
3,2024-09-15 19:00:00+00:00,0.5,1.1,0.5,0.0,0.1,0.1,0.0,0.0,0.0,0.0,0.0,0.0,0.0,0.0,9,summer,0.33,0.3,0.0
3,2024-09-15 20:00:00+00:00,0.8,1.1,0.5,0.0,0.1,0.1,0.0,0.0,0.0,0.0,0.0,0.0,0.0,0.0,9,summer,0.37,0.8,0.0
3,2024-09-15 21:00:00+00:00,1.3,1.1,0.5,0.0,0.1,0.1,0.0,0.0,0.0,0.0,0.0,0.0,0.0,0.0,9,summer,0.44,1.0,0.0
3,2024-09-15 22:00:00+00:00,1.4,0.1,0.9,0.1,0.0,0.1,0.1,0.0,0.0,0.0,0.0,0.0,0.0,0.0,9,summer,0.39,1.0,0.0
3,2024-09-15 23:00:00+00:00,1.7,0.1,0.9,0.1,0.0,0.1,0.1,0.0,0.0,0.0,0.0,0.0,0.0,0.0,9,summer,0.43,0.4,0.0
3,2024-09-16 00:00:00+00:00,1.0,0.1,0.9,0.1,0.0,0.1,0.1,0.0,0.0,0.0,0.0,0.0,0.0,0.0,9,summer,0.33,1.4,0.0
3,2024-09-16 01:00:00+00:00,0.5,0.1,0.6,0.0,0.3,0.0,0.0,0.0,0.0,0.0,0.0,0.0,0.0,0.0,9,summer,0.21,0.6,0.0
3,2024-09-16 02:00:00+00:00,1.3,0.1,0.6,0.0,0.3,0.0,0.0,0.0,0.0,0.0,0.0,0.0,0.0,0.0,9,summer,0.33,0.9,0.0
3,2024-09-16 03:00:00+00:00,0.7,0.1,0.6,0.0,0.3,0.0,0.0,0.0,0.0,0.0,0.0,0.0,0.0,0.0,9,summer,0.24,0.0,0.0
3,2024-09-16 04:00:00+00:00,0.3,1.3,0.4,0.1,0.1,0.0,0.0,0.0,0.0,0.0,0.0,0.0,0.0,0.0,9,summer,0.31,0.2,0.0
3,2024-09-16 05:00:00+00:00,0.5,1.3,0.4,0.1,0.1,0.0,0.0,0.0,1.0,1.0,3.0,6.0,7.0,7.0,9,summer,0.34,0.5,1.0684566
3,2024-09-16 06:00:00+00:00,1.4,1.3,0.4,0.1,0.1,0.0,0.0,2.0288262,14.0,10.0,36.0,26.0,55.0,55.0,9,summer,0.47,0.6,6.088114
3,2024-09-16 07:00:00+00:00,1.0,0.3,1.1,0.0,0.9,0.0,0.0,5.910884,47.0,33.0,123.0,50.0,166.0,166.0,9,summer,0.47,1.1,5.910884
3,2024-09-16 08:00:00+00:00,0.7,0.3,1.1,0.0,0.9,0.0,0.0,10.80522,85.0,73.0,224.0,100.0,321.0,321.0,9,summer,0.43,1.6,8.837947
3,2024-09-16 09:00:00+00:00,0.6,0.3,1.1,0.0,0.9,0.0,0.0,22.783236,101.0,135.0,267.0,245.0,500.0,500.0,9,summer,0.41,1.4,20.797005
3,2024-09-16 10:00:00+00:00,0.4,2.1,0.0,0.1,0.0,0.0,0.0,33.945393,95.0,213.0,253.0,456.0,678.0,678.0,9,summer,0.37,1.5,24.926292
3,2024-09-16 11:00:00+00:00,0.1,2.1,0.0,0.1,0.0,0.0,0.0,128.76361,86.0,269.0,241.0,593.0,795.0,795.0,9,summer,0.33,1.0,34.028416
3,2024-09-16 12:00:00+00:00,0.3,2.1,0.0,0.1,0.0,0.0,0.0,59.03326,88.0,286.0,283.0,560.0,801.0,801.0,9,summer,0.36,0.7,21.944109
3,2024-09-16 13:00:00+00:00,0.4,2.3,0.0,0.0,0.0,0.0,0.0,38.770126,90.0,267.0,324.0,427.0,719.0,719.0,9,summer,0.39,1.8,8.9098625
3,2024-09-16 14:00:00+00:00,0.6,2.3,0.0,0.0,0.0,0.0,0.0,29.54441,76.0,215.0,293.0,290.0,594.0,594.0,9,summer,0.41,2.5,6.881888
3,2024-09-16 15:00:00+00:00,0.5,2.3,0.0,0.0,0.0,0.0,0.0,12.772768,45.0,134.0,183.0,177.0,440.00006,440.00006,9,summer,0.4,1.0,13.75506
3,2024-09-16 16:00:00+00:00,0.6,2.0,0.0,0.1,0.0,0.0,0.0,7.010374,16.0,58.0,73.0,82.0,259.00003,259.00003,9,summer,0.39,0.2,10.010544
3,2024-09-16 17:00:00+00:00,0.4,2.0,0.0,0.1,0.0,0.0,0.0,2.110396,3.0,12.0,13.0,19.0,73.0,73.0,9,summer,0.36,0.1,4.2153807
3,2024-09-16 18:00:00+00:00,0.5,2.0,0.0,0.1,0.0,0.0,0.0,0.0,0.0,0.0,0.0,0.0,0.0,0.0,9,summer,0.37,0.2,0.0
3,2024-09-16 19:00:00+00:00,0.5,1.4,0.0,0.0,0.0,0.0,0.0,0.0,0.0,0.0,0.0,0.0,0.0,0.0,9,summer,0.27,0.1,0.0
3,2024-09-16 20:00:00+00:00,0.3,1.4,0.0,0.0,0.0,0.0,0.0,0.0,0.0,0.0,0.0,0.0,0.0,0.0,9,summer,0.24,0.0,0.0
3,2024-09-16 21:00:00+00:00,0.0,1.4,0.0,0.0,0.0,0.0,0.0,0.0,0.0,0.0,0.0,0.0,0.0,0.0,9,summer,0.2,0.0,0.0
3,2024-09-16 22:00:00+00:00,0.0,0.7,0.0,0.1,0.1,0.1,0.0,0.0,0.0,0.0,0.0,0.0,0.0,0.0,9,summer,0.14,0.3,0.0
3,2024-09-16 23:00:00+00:00,0.0,0.7,0.0,0.1,0.1,0.1,0.0,0.0,0.0,0.0,0.0,0.0,0.0,0.0,9,summer,0.14,0.8,0.0
3,2024-09-17 00:00:00+00:00,0.0,0.7,0.0,0.1,0.1,0.1,0.0,0.0,0.0,0.0,0.0,0.0,0.0,0.0,9,summer,0.14,0.0,0.0
3,2024-09-17 01:00:00+00:00,0.0,0.0,0.0,0.0,0.1,0.0,0.0,0.0,0.0,0.0,0.0,0.0,0.0,0.0,9,summer,0.01,0.0,0.0
3,2024-09-17 02:00:00+00:00,0.0,0.0,0.0,0.0,0.1,0.0,0.0,0.0,0.0,0.0,0.0,0.0,0.0,0.0,9,summer,0.01,0.0,0.0
3,2024-09-17 03:00:00+00:00,0.0,0.0,0.0,0.0,0.1,0.0,0.0,0.0,0.0,0.0,0.0,0.0,0.0,0.0,9,summer,0.01,0.0,0.0
3,2024-09-17 04:00:00+00:00,0.0,0.0,0.0,0.0,0.0,0.0,0.0,0.0,0.0,0.0,0.0,0.0,0.0,0.0,9,summer,0.0,0.0,0.0
3,2024-09-17 05:00:00+00:00,0.0,0.0,0.0,0.0,0.0,0.0,0.0,8.191366,12.0,12.0,10.0,3.0,23.0,26.0,9,summer,0.0,0.0,9.099426
3,2024-09-17 06:00:00+00:00,0.0,0.0,0.0,0.0,0.0,0.0,0.0,74.292885,78.0,88.0,74.0,45.0,124.99999,133.99998,9,summer,0.0,0.0,65.852974
3,2024-09-17 07:00:00+00:00,0.0,0.0,0.1,0.0,0.0,0.0,0.0,131.76201,204.0,248.00002,222.00002,168.0,281.00003,294.00003,9,summer,0.01,0.0,127.7526
3,2024-09-17 08:00:00+00:00,0.0,0.0,0.1,0.0,0.0,0.0,0.0,160.94872,353.0,425.0,392.0,318.0,429.0,460.0,9,summer,0.01,0.0,132.94736
3,2024-09-17 09:00:00+00:00,0.0,0.0,0.1,0.0,0.0,0.0,0.0,224.74937,486.0,518.0,492.0,403.0,513.0,615.0,9,summer,0.01,0.0,138.07036
3,2024-09-17 10:00:00+00:00,0.0,0.0,0.0,0.1,0.0,0.1,0.0,224.18271,586.0,520.0,516.0,415.0,529.0,739.0,9,summer,0.03,0.0,259.44287
3,2024-09-17 11:00:00+00:00,0.0,0.0,0.0,0.1,0.0,0.1,0.0,641.7272,625.0,491.0,511.0,400.0,517.0,790.0,9,summer,0.03,0.0,215.15936
3,2024-09-17 12:00:00+00:00,0.0,0.0,0.0,0.1,0.0,0.1,0.0,217.48015,583.0,471.0,520.0,390.0,506.0,742.0,9,summer,0.03,0.0,224.63188
3,2024-09-17 13:00:00+00:00,0.0,0.0,0.0,0.0,0.0,0.0,0.0,185.60135,481.0,432.0,501.0,359.0,474.0,620.0,9,summer,0.0,0.0,196.01532
3,2024-09-17 14:00:00+00:00,0.0,0.0,0.0,0.0,0.0,0.0,0.0,326.53094,356.0,350.0,413.0,286.0,405.0,468.0,9,summer,0.0,0.0,178.86884
3,2024-09-17 15:00:00+00:00,0.0,0.0,0.0,0.0,0.0,0.0,0.0,357.5676,225.0,226.0,256.0,176.0,299.0,307.0,9,summer,0.0,0.0,182.18918
3,2024-09-17 16:00:00+00:00,0.0,0.0,0.0,0.0,0.0,0.0,0.0,124.87799,107.0,107.0,107.0,74.0,172.99998,154.99998,9,summer,0.0,0.0,138.81898
3,2024-09-17 17:00:00+00:00,0.0,0.0,0.0,0.0,0.0,0.0,0.0,35.166576,25.0,25.0,21.0,15.0,47.999992,37.999996,9,summer,0.0,0.0,25.117434
3,2024-09-17 18:00:00+00:00,0.0,0.0,0.0,0.0,0.0,0.0,0.0,0.0,0.0,0.0,0.0,0.0,0.0,0.0,9,summer,0.0,0.0,0.0
3,2024-09-17 19:00:00+00:00,0.0,0.0,0.0,0.0,0.0,0.0,0.0,0.0,0.0,0.0,0.0,0.0,0.0,0.0,9,summer,0.0,0.0,0.0
3,2024-09-17 20:00:00+00:00,0.0,0.0,0.0,0.0,0.0,0.0,0.0,0.0,0.0,0.0,0.0,0.0,0.0,0.0,9,summer,0.0,0.0,0.0
3,2024-09-17 21:00:00+00:00,0.0,0.0,0.0,0.0,0.0,0.0,0.0,0.0,0.0,0.0,0.0,0.0,0.0,0.0,9,summer,0.0,0.0,0.0
3,2024-09-17 22:00:00+00:00,0.0,0.0,0.0,0.0,0.0,0.0,0.0,0.0,0.0,0.0,0.0,0.0,0.0,0.0,9,summer,0.0,0.0,0.0
3,2024-09-17 23:00:00+00:00,0.0,0.0,0.0,0.0,0.0,0.0,0.0,0.0,0.0,0.0,0.0,0.0,0.0,0.0,9,summer,0.0,0.0,0.0
3,2024-09-18 00:00:00+00:00,0.0,0.0,0.0,0.0,0.0,0.0,0.0,0.0,0.0,0.0,0.0,0.0,0.0,0.0,9,summer,0.0,0.0,0.0
3,2024-09-18 01:00:00+00:00,0.0,0.0,0.0,0.0,0.0,0.0,0.0,0.0,0.0,0.0,0.0,0.0,0.0,0.0,9,summer,0.0,0.0,0.0
3,2024-09-18 02:00:00+00:00,0.0,0.0,0.0,0.0,0.0,0.0,0.0,0.0,0.0,0.0,0.0,0.0,0.0,0.0,9,summer,0.0,0.0,0.0
3,2024-09-18 03:00:00+00:00,0.0,0.0,0.0,0.0,0.0,0.0,0.0,0.0,0.0,0.0,0.0,0.0,0.0,0.0,9,summer,0.0,0.0,0.0
3,2024-09-18 04:00:00+00:00,0.0,0.0,0.0,0.0,0.0,0.0,0.0,0.0,0.0,0.0,0.0,0.0,0.0,0.0,9,summer,0.0,0.0,0.0
3,2024-09-18 05:00:00+00:00,0.0,0.0,0.0,0.0,0.0,0.0,0.0,9.902907,11.0,11.0,5.0,11.0,22.999998,19.999998,9,summer,0.0,0.0,9.902907
3,2024-09-18 06:00:00+00:00,0.0,0.0,0.0,0.0,0.0,0.0,0.0,85.13794,85.0,83.0,34.0,85.0,129.0,109.0,9,summer,0.0,0.0,86.30313
3,2024-09-18 07:00:00+00:00,0.0,0.0,0.0,0.0,0.0,0.0,0.0,128.045,246.0,242.0,93.0,249.0,292.0,251.0,9,summer,0.0,0.0,159.74176
3,2024-09-18 08:00:00+00:00,0.0,0.0,0.0,0.0,0.0,0.0,0.0,164.88962,434.0,429.0,188.0,436.0,432.0,408.0,9,summer,0.0,0.0,163.52098
3,2024-09-18 09:00:00+00:00,0.0,0.0,0.0,0.0,0.0,0.0,0.0,199.74425,567.0,573.0,346.0,547.0,442.0,565.0,9,summer,0.0,0.0,201.80557
3,2024-09-18 10:00:00+00:00,0.0,0.0,0.0,0.0,0.0,0.0,0.1,226.27193,632.0,657.0,542.0,576.0,339.0,704.0,9,summer,0.01,0.0,215.11748
3,2024-09-18 11:00:00+00:00,0.0,0.0,0.0,0.0,0.0,0.0,0.1,211.3091,639.0,688.0,673.0,568.0,259.0,786.0,9,summer,0.01,0.0,236.86182
3,2024-09-18 12:00:00+00:00,0.0,0.0,0.0,0.0,0.0,0.0,0.1,217.47566,597.0,678.0,677.0,561.0,294.0,781.0,9,summer,0.01,0.0,277.5878
3,2024-09-18 13:00:00+00:00,0.0,0.0,0.0,0.0,0.0,0.0,0.0,197.06569,504.0,612.0,587.0,522.0,368.0,704.0,9,summer,0.0,0.0,425.77124
3,2024-09-18 14:00:00+00:00,0.0,0.0,0.0,0.0,0.0,0.0,0.0,285.53265,376.0,481.0,443.0,420.0,390.0,582.0,9,summer,0.0,0.0,500.95966
3,2024-09-18 15:00:00+00:00,0.0,0.0,0.0,0.0,0.0,0.0,0.0,277.54572,228.0,294.0,265.0,260.0,339.0,428.0,9,summer,0.0,0.0,348.92163
3,2024-09-18 16:00:00+00:00,0.0,0.0,0.0,0.0,0.0,0.0,0.0,133.5118,98.0,123.99999,107.0,111.0,225.99997,247.0,9,summer,0.0,0.0,149.81888
3,2024-09-18 17:00:00+00:00,0.0,0.0,0.0,0.0,0.0,0.0,0.0,26.643808,20.0,25.0,20.0,22.0,66.99999,66.99999,9,summer,0.0,0.0,24.19895
3,2024-09-18 18:00:00+00:00,0.0,0.0,0.0,0.0,0.0,0.0,0.0,0.0,0.0,0.0,0.0,0.0,0.0,0.0,9,summer,0.0,0.0,0.0
3,2024-09-18 19:00:00+00:00,0.0,0.0,0.0,0.0,0.0,0.0,0.1,0.0,0.0,0.0,0.0,0.0,0.0,0.0,9,summer,0.01,0.0,0.0
3,2024-09-18 20:00:00+00:00,0.0,0.0,0.0,0.0,0.0,0.0,0.1,0.0,0.0,0.0,0.0,0.0,0.0,0.0,9,summer,0.01,0.0,0.0
3,2024-09-18 21:00:00+00:00,0.0,0.0,0.0,0.0,0.0,0.0,0.1,0.0,0.0,0.0,0.0,0.0,0.0,0.0,9,summer,0.01,0.0,0.0
3,2024-09-18 22:00:00+00:00,0.0,0.0,0.0,0.0,0.8,0.0,0.0,0.0,0.0,0.0,0.0,0.0,0.0,0.0,9,summer,0.11,0.0,0.0
3,2024-09-18 23:00:00+00:00,0.0,0.0,0.0,0.0,0.8,0.0,0.0,0.0,0.0,0.0,0.0,0.0,0.0,0.0,9,summer,0.11,0.0,0.0
3,2024-09-19 00:00:00+00:00,0.0,0.0,0.0,0.0,0.8,0.0,0.0,0.0,0.0,0.0,0.0,0.0,0.0,0.0,9,summer,0.11,0.0,0.0
3,2024-09-19 01:00:00+00:00,0.0,0.0,0.0,0.0,0.0,0.0,0.2,0.0,0.0,0.0,0.0,0.0,0.0,0.0,9,summer,0.03,0.0,0.0
3,2024-09-19 02:00:00+00:00,0.0,0.0,0.0,0.0,0.0,0.0,0.2,0.0,0.0,0.0,0.0,0.0,0.0,0.0,9,summer,0.03,0.0,0.0
3,2024-09-19 03:00:00+00:00,0.0,0.0,0.0,0.0,0.0,0.0,0.2,0.0,0.0,0.0,0.0,0.0,0.0,0.0,9,summer,0.03,0.0,0.0
3,2024-09-19 04:00:00+00:00,0.0,0.3,0.0,0.0,0.0,0.0,0.2,0.0,0.0,0.0,0.0,0.0,0.0,0.0,9,summer,0.07,0.0,0.0
3,2024-09-19 05:00:00+00:00,0.0,0.3,0.0,0.0,0.0,0.0,0.2,3.1984878,3.0,10.0,10.0,7.0,18.0,5.0,9,summer,0.07,0.0,9.992868
3,2024-09-19 06:00:00+00:00,0.0,0.3,0.0,0.0,0.0,0.0,0.2,8.137161,29.0,77.0,75.0,49.0,107.0,40.0,9,summer,0.07,0.0,120.545166
3,2024-09-19 07:00:00+00:00,0.0,0.0,0.0,0.0,0.0,0.0,0.1,105.881744,89.0,220.0,218.0,136.0,251.00002,116.0,9,summer,0.01,0.0,290.16937
3,2024-09-19 08:00:00+00:00,0.0,0.0,0.0,0.0,0.0,0.0,0.1,177.02663,186.0,376.99997,390.99994,244.0,402.99997,234.99998,9,summer,0.01,0.0,409.27704
3,2024-09-19 09:00:00+00:00,0.0,0.0,0.0,0.0,0.0,0.0,0.1,506.5296,341.0,470.0,537.0,344.0,527.0,416.0,9,summer,0.01,0.0,558.7606
3,2024-09-19 10:00:00+00:00,0.0,0.0,0.1,0.0,0.0,0.0,0.0,533.939,526.0,487.0,635.0,423.0,612.0,631.0,9,summer,0.01,0.0,641.62244
3,2024-09-19 11:00:00+00:00,0.0,0.0,0.1,0.0,0.0,0.0,0.0,421.88574,640.0,454.0,656.00006,471.0,661.0,781.0,9,summer,0.01,0.0,650.7752
3,2024-09-19 12:00:00+00:00,0.0,0.0,0.1,0.0,0.0,0.0,0.0,230.45694,618.0,388.0,574.0,487.0,674.0,794.0,9,summer,0.01,0.0,657.1368
3,2024-09-19 13:00:00+00:00,0.0,1.2,0.6,0.0,0.0,0.0,0.4,214.42508,504.0,293.0,427.0,460.0,641.0,707.0,9,summer,0.31,0.0,234.89815
3,2024-09-19 14:00:00+00:00,0.0,1.2,0.6,0.0,0.0,0.0,0.4,179.09926,362.0,197.0,280.0,371.0,552.0,577.0,9,summer,0.31,0.0,166.8441
3,2024-09-19 15:00:00+00:00,0.0,1.2,0.6,0.0,0.0,0.0,0.4,132.08421,216.0,113.0,159.0,228.0,413.0,422.00003,9,summer,0.31,0.0,156.4673
3,2024-09-19 16:00:00+00:00,0.0,0.2,0.6,0.0,0.0,0.0,0.4,57.422855,91.0,47.0,66.0,94.0,238.0,240.0,9,summer,0.17,0.0,88.33096
3,2024-09-19 17:00:00+00:00,0.0,0.2,0.6,0.0,0.0,0.0,0.4,6.3087687,18.0,9.0,13.0,18.0,63.999985,63.999985,9,summer,0.17,0.0,11.275557
3,2024-09-19 18:00:00+00:00,0.0,0.2,0.6,0.0,0.0,0.0,0.4,0.0,0.0,0.0,0.0,0.0,0.0,0.0,9,summer,0.17,0.0,0.0
3,2024-09-19 19:00:00+00:00,0.0,0.1,0.3,0.0,0.0,0.0,0.0,0.0,0.0,0.0,0.0,0.0,0.0,0.0,9,summer,0.06,0.0,0.0
3,2024-09-19 20:00:00+00:00,0.0,0.1,0.3,0.0,0.0,0.0,0.0,0.0,0.0,0.0,0.0,0.0,0.0,0.0,9,summer,0.06,0.0,0.0
3,2024-09-19 21:00:00+00:00,0.0,0.1,0.3,0.0,0.0,0.0,0.0,0.0,0.0,0.0,0.0,0.0,0.0,0.0,9,summer,0.06,0.0,0.0
3,2024-09-19 22:00:00+00:00,0.0,0.0,0.0,0.0,0.0,0.0,0.0,0.0,0.0,0.0,0.0,0.0,0.0,0.0,9,summer,0.0,0.0,0.0
3,2024-09-19 23:00:00+00:00,0.0,0.0,0.0,0.0,0.0,0.0,0.0,0.0,0.0,0.0,0.0,0.0,0.0,0.0,9,summer,0.0,0.0,0.0
3,2024-09-20 00:00:00+00:00,0.0,0.0,0.0,0.0,0.0,0.0,0.0,0.0,0.0,0.0,0.0,0.0,0.0,0.0,9,summer,0.0,0.0,0.0
3,2024-09-20 01:00:00+00:00,0.0,0.0,0.9,0.0,0.0,0.0,0.0,0.0,0.0,0.0,0.0,0.0,0.0,0.0,9,summer,0.13,0.0,0.0
3,2024-09-20 02:00:00+00:00,0.0,0.0,0.9,0.0,0.0,0.0,0.0,0.0,0.0,0.0,0.0,0.0,0.0,0.0,9,summer,0.13,0.0,0.0
3,2024-09-20 03:00:00+00:00,0.0,0.0,0.9,0.0,0.0,0.0,0.0,0.0,0.0,0.0,0.0,0.0,0.0,0.0,9,summer,0.13,0.0,0.0
3,2024-09-20 04:00:00+00:00,0.0,0.0,0.1,0.1,0.0,0.0,0.0,0.0,0.0,0.0,0.0,0.0,0.0,0.0,9,summer,0.03,0.0,0.0
3,2024-09-20 05:00:00+00:00,0.0,0.0,0.1,0.1,0.0,0.0,0.0,6.2272997,10.0,4.0,3.0,10.0,18.000002,18.000002,9,summer,0.03,0.0,4.2364655
3,2024-09-20 06:00:00+00:00,0.0,0.0,0.1,0.1,0.0,0.0,0.0,64.46073,80.0,43.0,33.0,74.0,106.0,105.0,9,summer,0.03,0.0,53.96973
3,2024-09-20 07:00:00+00:00,0.0,0.0,0.0,0.0,0.0,0.0,0.0,131.71854,240.99997,147.0,118.0,210.99998,249.99997,245.99998,9,summer,0.0,0.0,136.24834
3,2024-09-20 08:00:00+00:00,0.0,0.0,0.0,0.0,0.0,0.0,0.0,444.86145,427.99994,292.0,238.0,375.0,402.0,402.0,9,summer,0.0,0.0,312.6818
3,2024-09-20 09:00:00+00:00,0.0,0.0,0.0,0.0,0.0,0.0,0.0,303.3383,547.99994,444.0,375.0,513.0,524.0,558.0,9,summer,0.0,0.0,303.48828
3,2024-09-20 10:00:00+00:00,0.0,0.0,0.0,0.0,0.0,0.0,0.0,663.34326,590.0,583.0,505.0,607.0,605.0,696.0,9,summer,0.0,0.0,451.2697
3,2024-09-20 11:00:00+00:00,0.0,0.0,0.0,0.0,0.0,0.0,0.0,696.23395,577.0,658.00006,568.0,648.0,651.99994,776.0,9,summer,0.0,0.0,479.88528
3,2024-09-20 12:00:00+00:00,0.0,0.0,0.0,0.0,0.0,0.0,0.0,219.5868,523.0,640.0,518.0,636.0,667.0,771.0,9,summer,0.0,0.0,526.56915
3,2024-09-20 13:00:00+00:00,0.0,0.0,0.0,0.0,0.0,0.0,0.0,214.4867,428.0,547.0,395.0,565.0,638.0,693.0,9,summer,0.0,0.0,305.6511
3,2024-09-20 14:00:00+00:00,0.0,0.0,0.0,0.0,0.0,0.0,0.0,185.45761,316.0,410.00003,270.0,436.00003,551.0,571.00006,9,summer,0.0,0.0,181.08794
3,2024-09-20 15:00:00+00:00,0.0,0.0,0.0,0.0,0.0,0.0,0.0,139.1271,199.0,249.00003,164.0,260.0,410.00006,416.00006,9,summer,0.0,0.0,138.98967
3,2024-09-20 16:00:00+00:00,0.0,0.0,0.0,0.0,0.0,0.0,0.0,88.453514,94.0,105.99999,75.0,104.0,232.99997,233.99997,9,summer,0.0,0.0,129.74698
3,2024-09-20 17:00:00+00:00,0.0,0.0,0.0,0.0,0.0,0.0,0.0,14.810193,21.0,21.0,16.0,19.0,60.99999,60.99999,9,summer,0.0,0.0,22.002943
3,2024-09-20 18:00:00+00:00,0.0,0.0,0.0,0.0,0.0,0.0,0.0,0.0,0.0,0.0,0.0,0.0,0.0,0.0,9,summer,0.0,0.0,0.0
3,2024-09-20 19:00:00+00:00,0.0,0.0,0.0,0.0,0.0,0.0,0.0,0.0,0.0,0.0,0.0,0.0,0.0,0.0,9,summer,0.0,0.0,0.0
3,2024-09-20 20:00:00+00:00,0.0,0.0,0.0,0.0,0.0,0.0,0.0,0.0,0.0,0.0,0.0,0.0,0.0,0.0,9,summer,0.0,0.0,0.0
3,2024-09-20 21:00:00+00:00,0.0,0.0,0.0,0.0,0.0,0.0,0.0,0.0,0.0,0.0,0.0,0.0,0.0,0.0,9,summer,0.0,0.0,0.0
3,2024-09-20 22:00:00+00:00,0.0,0.0,0.0,0.0,0.0,0.0,0.8,0.0,0.0,0.0,0.0,0.0,0.0,0.0,9,summer,0.11,0.0,0.0
3,2024-09-20 23:00:00+00:00,0.0,0.0,0.0,0.0,0.0,0.0,0.8,0.0,0.0,0.0,0.0,0.0,0.0,0.0,9,summer,0.11,0.0,0.0
3,2024-09-21 00:00:00+00:00,0.0,0.0,0.0,0.0,0.0,0.0,0.8,0.0,0.0,0.0,0.0,0.0,0.0,0.0,9,summer,0.11,0.0,0.0
3,2024-09-21 01:00:00+00:00,0.0,0.0,0.0,0.0,0.0,0.0,0.6,0.0,0.0,0.0,0.0,0.0,0.0,0.0,9,summer,0.09,0.0,0.0
3,2024-09-21 02:00:00+00:00,0.0,0.0,0.0,0.0,0.0,0.0,0.6,0.0,0.0,0.0,0.0,0.0,0.0,0.0,9,summer,0.09,0.0,0.0
3,2024-09-21 03:00:00+00:00,0.0,0.0,0.0,0.0,0.0,0.0,0.6,0.0,0.0,0.0,0.0,0.0,0.0,0.0,9,summer,0.09,0.0,0.0
3,2024-09-21 04:00:00+00:00,0.0,0.0,0.0,0.0,0.0,0.0,0.6,0.0,0.0,0.0,0.0,0.0,0.0,0.0,9,summer,0.09,0.0,0.0
3,2024-09-21 05:00:00+00:00,0.0,0.0,0.0,0.0,0.0,0.0,0.6,9.010862,9.0,9.0,8.0,9.0,18.999998,11.0,9,summer,0.09,0.0,8.1303005
3,2024-09-21 06:00:00+00:00,0.0,0.0,0.0,0.0,0.0,0.0,0.6,117.55333,79.99999,79.99999,70.0,78.99999,115.999985,77.99999,9,summer,0.09,0.0,118.55333
3,2024-09-21 07:00:00+00:00,0.0,0.0,0.0,0.0,0.0,0.0,0.0,290.74756,242.0,242.0,219.0,240.0,267.0,203.0,9,summer,0.0,0.0,290.65982
3,2024-09-21 08:00:00+00:00,0.0,0.0,0.0,0.0,0.0,0.0,0.0,452.1283,437.0,437.0,403.0,433.0,422.0,357.0,9,summer,0.0,0.0,450.638
3,2024-09-21 09:00:00+00:00,0.0,0.0,0.0,0.0,0.0,0.0,0.0,581.80054,583.0,583.0,552.0,578.0,551.0,522.0,9,summer,0.0,0.0,579.4267
3,2024-09-21 10:00:00+00:00,0.0,0.0,0.0,0.0,0.0,0.0,0.0,670.74646,664.0,664.0,649.0,659.99994,644.0,677.0,9,summer,0.0,0.0,669.3522
3,2024-09-21 11:00:00+00:00,0.0,0.0,0.0,0.0,0.0,0.0,0.0,708.12366,691.0,691.0,690.0,688.0,696.0,772.0,9,summer,0.0,0.0,708.5999
3,2024-09-21 12:00:00+00:00,0.0,0.0,0.0,0.0,0.0,0.0,0.0,686.7858,678.0,678.0,680.0,676.0,703.0,770.0,9,summer,0.0,0.0,687.34515
3,2024-09-21 13:00:00+00:00,0.0,0.0,0.0,0.0,0.0,0.0,0.0,610.4698,609.0,609.0,610.0,608.0,659.0,690.0,9,summer,0.0,0.0,608.97327
3,2024-09-21 14:00:00+00:00,0.0,0.0,0.0,0.0,0.0,0.0,0.0,490.3477,474.00003,474.00003,474.00003,474.00003,559.0,565.00006,9,summer,0.0,0.0,489.53363
3,2024-09-21 15:00:00+00:00,0.0,0.0,0.0,0.0,0.0,0.0,0.0,336.42535,285.0,285.0,285.0,285.0,410.0,410.0,9,summer,0.0,0.0,337.02533
3,2024-09-21 16:00:00+00:00,0.0,0.0,0.0,0.0,0.0,0.0,0.0,162.17831,115.0,115.0,115.0,115.0,227.99998,227.99998,9,summer,0.0,0.0,162.26733
3,2024-09-21 17:00:00+00:00,0.0,0.0,0.0,0.0,0.0,0.0,0.0,24.709475,21.0,21.0,21.0,21.0,57.0,57.0,9,summer,0.0,0.0,24.709475
3,2024-09-21 18:00:00+00:00,0.0,0.0,0.0,0.0,0.0,0.0,0.0,0.0,0.0,0.0,0.0,0.0,0.0,0.0,9,summer,0.0,0.0,0.0
3,2024-09-21 19:00:00+00:00,0.0,0.0,0.0,0.0,0.0,0.0,0.0,0.0,0.0,0.0,0.0,0.0,0.0,0.0,9,summer,0.0,0.0,0.0
3,2024-09-21 20:00:00+00:00,0.0,0.0,0.0,0.0,0.0,0.0,0.0,0.0,0.0,0.0,0.0,0.0,0.0,0.0,9,summer,0.0,0.0,0.0
3,2024-09-21 21:00:00+00:00,0.0,0.0,0.0,0.0,0.0,0.0,0.0,0.0,0.0,0.0,0.0,0.0,0.0,0.0,9,summer,0.0,0.0,0.0
3,2024-09-21 22:00:00+00:00,0.0,0.0,0.0,0.0,0.0,0.0,0.0,0.0,0.0,0.0,0.0,0.0,0.0,0.0,9,summer,0.0,0.0,0.0
3,2024-09-21 23:00:00+00:00,0.0,0.0,0.0,0.0,0.0,0.0,0.0,0.0,0.0,0.0,0.0,0.0,0.0,0.0,9,summer,0.0,0.0,0.0
3,2024-09-22 00:00:00+00:00,0.0,0.0,0.0,0.0,0.0,0.0,0.0,0.0,0.0,0.0,0.0,0.0,0.0,0.0,9,summer,0.0,0.0,0.0
3,2024-09-22 01:00:00+00:00,0.0,0.0,0.0,0.0,0.0,0.0,0.0,0.0,0.0,0.0,0.0,0.0,0.0,0.0,9,summer,0.0,0.0,0.0
3,2024-09-22 02:00:00+00:00,0.0,0.0,0.0,0.0,0.0,0.0,0.0,0.0,0.0,0.0,0.0,0.0,0.0,0.0,9,summer,0.0,0.0,0.0
3,2024-09-22 03:00:00+00:00,0.0,0.0,0.0,0.0,0.0,0.0,0.0,0.0,0.0,0.0,0.0,0.0,0.0,0.0,9,summer,0.0,0.0,0.0
3,2024-09-22 04:00:00+00:00,0.0,0.0,0.0,0.0,0.0,0.0,0.0,0.0,0.0,0.0,0.0,0.0,0.0,0.0,9,summer,0.0,0.0,0.0
3,2024-09-22 05:00:00+00:00,0.0,0.0,0.0,0.0,0.0,0.0,0.0,8.082674,9.0,9.0,9.0,9.0,18.000004,18.000004,9,summer,0.0,0.0,8.082674
3,2024-09-22 06:00:00+00:00,0.0,0.0,0.0,0.0,0.0,0.0,0.0,117.79115,81.0,79.0,80.0,79.0,112.99999,114.99999,9,summer,0.0,0.0,117.626
3,2024-09-22 07:00:00+00:00,0.0,0.0,0.0,0.0,0.0,0.0,0.0,292.18872,248.0,244.0,246.0,244.0,263.0,264.0,9,summer,0.0,0.0,293.10904
3,2024-09-22 08:00:00+00:00,0.0,0.0,0.0,0.0,0.0,0.0,0.0,453.80768,447.00006,442.00003,444.0,440.00003,417.00006,421.0,9,summer,0.0,0.0,455.35217
3,2024-09-22 09:00:00+00:00,0.0,0.0,0.0,0.0,0.0,0.0,0.0,584.52734,596.0,591.0,592.0,586.0,544.0,570.0,9,summer,0.0,0.0,586.55804
3,2024-09-22 10:00:00+00:00,0.0,0.0,0.0,0.0,0.0,0.0,0.0,673.5862,679.0,674.0,672.0,664.0,634.0,696.0,9,summer,0.0,0.0,673.7056
3,2024-09-22 11:00:00+00:00,0.0,0.0,0.0,0.0,0.0,0.0,0.0,710.5054,705.0,701.0,697.0,689.0,684.0,767.0,9,summer,0.0,0.0,711.314
3,2024-09-22 12:00:00+00:00,0.0,0.0,0.0,0.0,0.0,0.0,0.0,687.7135,693.0,689.0,684.0,676.0,691.0,758.0,9,summer,0.0,0.0,688.9472
3,2024-09-22 13:00:00+00:00,0.0,0.0,0.0,0.0,0.0,0.0,0.0,610.7085,623.0,619.0,615.0,607.0,648.0,681.0,9,summer,0.0,0.0,611.0354
3,2024-09-22 14:00:00+00:00,0.0,0.0,0.0,0.0,0.0,0.0,0.0,490.3515,483.99994,480.99994,477.99994,471.99997,549.99994,559.0,9,summer,0.0,0.0,485.60403
3,2024-09-22 15:00:00+00:00,0.0,0.0,0.0,0.0,0.0,0.0,0.0,335.00418,289.0,287.00003,285.00003,282.0,402.00003,404.00006,9,summer,0.0,0.0,335.12317
3,2024-09-22 16:00:00+00:00,0.0,0.0,0.0,0.0,0.0,0.0,0.0,159.61856,114.0,113.0,112.0,111.0,221.0,222.0,9,summer,0.0,0.0,159.61856
3,2024-09-22 17:00:00+00:00,0.0,0.0,0.0,0.0,0.0,0.0,0.0,23.784737,20.0,20.0,20.0,20.0,53.999992,53.999992,9,summer,0.0,0.0,23.164936
3,2024-09-22 18:00:00+00:00,0.0,0.0,0.0,0.0,0.0,0.0,0.0,0.0,0.0,0.0,0.0,0.0,0.0,0.0,9,summer,0.0,0.0,0.0
3,2024-09-22 19:00:00+00:00,0.0,0.0,0.0,0.0,0.0,0.0,0.0,0.0,0.0,0.0,0.0,0.0,0.0,0.0,9,summer,0.0,0.0,0.0
3,2024-09-22 20:00:00+00:00,0.0,0.0,0.0,0.0,0.0,0.0,0.0,0.0,0.0,0.0,0.0,0.0,0.0,0.0,9,summer,0.0,0.0,0.0
3,2024-09-22 21:00:00+00:00,0.0,0.0,0.0,0.0,0.0,0.0,0.0,0.0,0.0,0.0,0.0,0.0,0.0,0.0,9,summer,0.0,0.0,0.0
3,2024-09-22 22:00:00+00:00,0.0,0.0,0.0,0.0,0.0,0.0,0.0,0.0,0.0,0.0,0.0,0.0,0.0,0.0,9,summer,0.0,0.0,0.0
3,2024-09-22 23:00:00+00:00,0.0,0.0,0.0,0.0,0.0,0.0,0.0,0.0,0.0,0.0,0.0,0.0,0.0,0.0,9,summer,0.0,0.0,0.0
3,2024-09-23 00:00:00+00:00,0.0,0.0,0.0,0.0,0.0,0.0,0.0,0.0,0.0,0.0,0.0,0.0,0.0,0.0,9,autumn,0.0,0.0,0.0
3,2024-09-23 01:00:00+00:00,0.0,0.0,0.0,0.0,0.0,0.0,0.0,0.0,0.0,0.0,0.0,0.0,0.0,0.0,9,autumn,0.0,0.0,0.0
3,2024-09-23 02:00:00+00:00,0.0,0.0,0.0,0.0,0.0,0.0,0.0,0.0,0.0,0.0,0.0,0.0,0.0,0.0,9,autumn,0.0,0.0,0.0
3,2024-09-23 03:00:00+00:00,0.0,0.0,0.0,0.0,0.0,0.0,0.0,0.0,0.0,0.0,0.0,0.0,0.0,0.0,9,autumn,0.0,0.0,0.0
3,2024-09-23 04:00:00+00:00,0.0,0.0,0.0,0.0,0.0,0.0,0.0,0.0,0.0,0.0,0.0,0.0,0.0,0.0,9,autumn,0.0,0.0,0.0
3,2024-09-23 05:00:00+00:00,0.0,0.0,0.0,0.0,0.0,0.0,0.0,7.137646,8.0,8.0,8.0,8.0,16.0,16.0,9,autumn,0.0,0.0,6.1376467
3,2024-09-23 06:00:00+00:00,0.0,0.0,0.0,0.0,0.0,0.0,0.0,90.23088,71.00001,76.00001,75.00001,76.00001,110.000015,109.000015,9,autumn,0.0,0.0,77.77025
3,2024-09-23 07:00:00+00:00,0.0,0.0,0.0,0.0,0.0,0.0,0.0,173.9335,223.0,237.00002,234.0,239.0,259.0,255.00002,9,autumn,0.0,0.0,189.03296
3,2024-09-23 08:00:00+00:00,0.0,0.0,0.0,0.0,0.0,0.0,0.0,305.31982,408.0,431.0,426.0,432.0,412.0,412.0,9,autumn,0.0,0.0,261.31
3,2024-09-23 09:00:00+00:00,0.0,0.0,0.0,0.0,0.0,0.0,0.0,429.77832,554.0,573.0,572.0,568.0,532.0,562.0,9,autumn,0.0,0.0,426.0969
3,2024-09-23 10:00:00+00:00,0.0,0.0,0.0,0.0,0.0,0.0,0.0,459.05017,643.0,647.0,654.0,633.0,611.0,690.0,9,autumn,0.0,0.0,593.4101
3,2024-09-23 11:00:00+00:00,0.0,0.0,0.0,0.0,0.0,0.0,0.0,563.76636,677.0,664.0,674.0,644.0,653.0,762.0,9,autumn,0.0,0.0,690.65784
3,2024-09-23 12:00:00+00:00,0.0,0.0,0.0,0.0,0.0,0.0,0.0,601.72015,664.0,640.0,633.0,621.0,662.0,753.0,9,autumn,0.0,0.0,671.1083
3,2024-09-23 13:00:00+00:00,0.0,0.0,0.0,0.0,0.0,0.0,0.0,591.04285,593.0,561.0,534.0,550.0,625.0,676.0,9,autumn,0.0,0.0,592.98785
3,2024-09-23 14:00:00+00:00,0.0,0.0,0.0,0.0,0.0,0.0,0.0,433.45526,456.99994,426.99994,396.0,422.0,532.99994,552.99994,9,autumn,0.0,0.0,474.3926
3,2024-09-23 15:00:00+00:00,0.0,0.0,0.0,0.0,0.0,0.0,0.0,321.04083,270.0,251.0,235.00002,250.00002,391.00006,398.00006,9,autumn,0.0,0.0,321.1626
3,2024-09-23 16:00:00+00:00,0.0,0.0,0.0,0.0,0.0,0.0,0.0,149.08133,104.0,97.0,95.0,98.0,213.0,215.0,9,autumn,0.0,0.0,148.85811
3,2024-09-23 17:00:00+00:00,0.0,0.0,0.0,0.0,0.0,0.0,0.0,19.591618,17.0,16.0,17.0,17.0,51.000004,51.000004,9,autumn,0.0,0.0,18.90877
3,2024-09-23 18:00:00+00:00,0.0,0.0,0.0,0.0,0.0,0.0,0.0,0.0,0.0,0.0,0.0,0.0,0.0,0.0,9,autumn,0.0,0.0,0.0
3,2024-09-23 19:00:00+00:00,0.0,0.0,0.0,0.0,0.0,0.0,0.0,0.0,0.0,0.0,0.0,0.0,0.0,0.0,9,autumn,0.0,0.0,0.0
3,2024-09-23 20:00:00+00:00,0.0,0.0,0.0,0.0,0.0,0.0,0.0,0.0,0.0,0.0,0.0,0.0,0.0,0.0,9,autumn,0.0,0.0,0.0
3,2024-09-23 21:00:00+00:00,0.0,0.0,0.0,0.0,0.0,0.0,0.0,0.0,0.0,0.0,0.0,0.0,0.0,0.0,9,autumn,0.0,0.0,0.0
3,2024-09-23 22:00:00+00:00,0.0,0.0,0.0,0.0,0.0,0.0,0.0,0.0,0.0,0.0,0.0,0.0,0.0,0.0,9,autumn,0.0,0.0,0.0
3,2024-09-23 23:00:00+00:00,0.0,0.0,0.0,0.0,0.0,0.0,0.0,0.0,0.0,0.0,0.0,0.0,0.0,0.0,9,autumn,0.0,0.0,0.0
